{"type":"FeatureCollection","features":[{"type":"Feature","properties":{"id":"1200013","nome":"Acrel\u00e2ndia"},"geometry":{"type":"Polygon","coordinates":[[[-67.133,-9.676],[-67.06,-9.708],[-66.847,-9.801],[-66.81,-9.818],[-66.806,-9.814],[-66.644,-9.883],[-66.619,-9.894],[-66.626,-9.899],[-66.624,-9.907],[-66.635,-9.913],[-66.626,-9.921],[-66.632,-9.922],[-66.635,-9.926],[-66.627,-9.932],[-66.627,-9.935],[-66.633,-9.937],[-66.635,-9.941],[-66.638,-9.952],[-66.65,-9.945],[-66.651,-9.936],[-66.655,-9.942],[-66.657,-9.936],[-66.663,-9.939],[-66.667,-9.946],[-66.664,-9.949],[-66.67,-9.96],[-66.676,-9.957],[-66.676,-9.968],[-66.695,-9.967],[-66.694,-9.971],[-66.715,-9.978],[-66.717,-9.974],[-66.722,-9.979],[-66.72,-9.983],[-66.731,-9.98],[-66.734,-9.983],[-66.734,-9.988],[-66.741,-9.996],[-66.75,-9.995],[-66.756,-10.0],[-66.764,-10.0],[-66.764,-10.006],[-66.772,-10.011],[-66.772,-10.021],[-66.779,-10.017],[-66.79,-10.022],[-66.792,-10.027],[-66.806,-10.037],[-66.802,-10.043],[-66.807,-10.048],[-66.817,-10.051],[-66.823,-10.059],[-66.836,-10.063],[-66.835,-10.067],[-66.84,-10.071],[-66.838,-10.083],[-66.851,-10.087],[-66.852,-10.081],[-66.866,-10.084],[-66.873,-10.081],[-66.875,-10.083],[-66.871,-10.095],[-66.873,-10.101],[-66.88,-10.097],[-66.883,-10.108],[-66.887,-10.099],[-66.889,-10.114],[-66.895,-10.11],[-66.898,-10.112],[-66.897,-10.118],[-66.902,-10.126],[-66.91,-10.126],[-66.91,-10.132],[-66.914,-10.129],[-66.918,-10.131],[-66.918,-10.135],[-66.911,-10.139],[-66.911,-10.147],[-66.924,-10.143],[-66.933,-10.148],[-66.933,-10.156],[-66.939,-10.154],[-66.945,-10.157],[-66.954,-10.189],[-66.958,-10.191],[-66.956,-10.188],[-66.96,-10.183],[-66.968,-10.192],[-66.972,-10.192],[-66.975,-10.19],[-66.972,-10.187],[-66.975,-10.186],[-66.981,-10.19],[-66.975,-10.196],[-66.981,-10.196],[-66.992,-10.204],[-66.992,-10.199],[-66.996,-10.199],[-66.993,-10.21],[-66.999,-10.217],[-66.99,-10.217],[-66.988,-10.221],[-66.994,-10.224],[-66.998,-10.232],[-67.001,-10.23],[-67.002,-10.217],[-67.071,-10.202],[-67.076,-10.196],[-67.076,-10.11],[-67.077,-10.091],[-67.099,-10.103],[-67.125,-9.971],[-67.091,-9.957],[-67.167,-9.76],[-67.186,-9.71],[-67.193,-9.704],[-67.184,-9.695],[-67.168,-9.688],[-67.158,-9.69],[-67.139,-9.683],[-67.133,-9.676]]]}},{"type":"Feature","properties":{"id":"1200054","nome":"Assis Brasil"},"geometry":{"type":"Polygon","coordinates":[[[-69.588,-10.371],[-69.582,-10.38],[-69.579,-10.378],[-69.567,-10.389],[-69.563,-10.389],[-69.554,-10.399],[-69.549,-10.415],[-69.542,-10.418],[-69.54,-10.429],[-69.545,-10.449],[-69.536,-10.458],[-69.538,-10.469],[-69.534,-10.475],[-69.534,-10.483],[-69.508,-10.505],[-69.511,-10.557],[-69.55,-10.614],[-69.588,-10.643],[-69.652,-10.69],[-69.661,-10.71],[-69.671,-10.731],[-69.757,-10.743],[-69.778,-10.782],[-69.766,-10.792],[-69.744,-10.808],[-69.741,-10.817],[-69.732,-10.822],[-69.728,-10.829],[-69.716,-10.824],[-69.692,-10.831],[-69.685,-10.827],[-69.675,-10.836],[-69.667,-10.837],[-69.667,-10.841],[-69.661,-10.846],[-69.664,-10.859],[-69.657,-10.863],[-69.648,-10.853],[-69.642,-10.851],[-69.643,-10.847],[-69.635,-10.845],[-69.625,-10.853],[-69.612,-10.856],[-69.606,-10.86],[-69.599,-10.858],[-69.592,-10.863],[-69.586,-10.863],[-69.581,-10.858],[-69.576,-10.86],[-69.567,-10.857],[-69.562,-10.864],[-69.555,-10.865],[-69.552,-10.873],[-69.521,-10.848],[-69.5,-10.822],[-69.485,-10.794],[-69.486,-10.783],[-69.498,-10.749],[-69.498,-10.7],[-69.492,-10.697],[-69.485,-10.702],[-69.477,-10.701],[-69.474,-10.71],[-69.466,-10.71],[-69.44,-10.701],[-69.43,-10.702],[-69.422,-10.691],[-69.424,-10.713],[-69.393,-10.732],[-69.392,-10.801],[-69.39,-10.826],[-69.421,-10.927],[-69.428,-10.937],[-69.45,-10.936],[-69.454,-10.95],[-69.46,-10.944],[-69.462,-10.95],[-69.473,-10.945],[-69.477,-10.946],[-69.476,-10.953],[-69.48,-10.955],[-69.483,-10.951],[-69.496,-10.949],[-69.5,-10.937],[-69.507,-10.942],[-69.517,-10.936],[-69.539,-10.936],[-69.543,-10.938],[-69.541,-10.95],[-69.546,-10.952],[-69.551,-10.951],[-69.554,-10.946],[-69.565,-10.944],[-69.575,-10.942],[-69.589,-10.94],[-69.584,-10.946],[-69.586,-10.948],[-69.602,-10.942],[-69.612,-10.947],[-69.612,-10.956],[-69.62,-10.95],[-69.635,-10.957],[-69.659,-10.952],[-69.669,-10.962],[-69.678,-10.96],[-69.688,-10.965],[-69.691,-10.963],[-69.698,-10.972],[-69.701,-10.965],[-69.716,-10.974],[-69.723,-10.965],[-69.737,-10.974],[-69.741,-10.972],[-69.74,-10.964],[-69.746,-10.962],[-69.748,-10.954],[-69.76,-10.94],[-69.764,-10.939],[-69.761,-10.945],[-69.773,-10.939],[-69.769,-10.93],[-69.781,-10.934],[-69.789,-10.931],[-69.796,-10.932],[-69.8,-10.926],[-69.81,-10.925],[-69.814,-10.93],[-69.831,-10.934],[-69.834,-10.933],[-69.832,-10.928],[-69.839,-10.929],[-69.852,-10.924],[-69.858,-10.934],[-69.863,-10.926],[-69.875,-10.929],[-69.879,-10.924],[-69.9,-10.92],[-69.914,-10.923],[-69.917,-10.931],[-69.922,-10.932],[-69.926,-10.924],[-69.934,-10.922],[-69.953,-10.927],[-69.955,-10.935],[-69.962,-10.935],[-69.959,-10.94],[-69.964,-10.94],[-69.973,-10.948],[-69.982,-10.942],[-69.985,-10.954],[-69.994,-10.951],[-69.998,-10.963],[-70.004,-10.96],[-70.006,-10.964],[-70.008,-10.962],[-70.013,-10.967],[-70.026,-10.971],[-70.028,-10.977],[-70.036,-10.97],[-70.037,-10.978],[-70.047,-10.978],[-70.044,-10.983],[-70.05,-10.98],[-70.052,-10.985],[-70.065,-10.987],[-70.064,-10.991],[-70.067,-10.993],[-70.077,-10.989],[-70.079,-10.991],[-70.08,-10.984],[-70.086,-10.989],[-70.092,-10.986],[-70.098,-10.998],[-70.105,-10.997],[-70.098,-10.992],[-70.108,-10.995],[-70.107,-11.007],[-70.111,-11.003],[-70.116,-11.005],[-70.114,-11.009],[-70.123,-11.01],[-70.132,-11.021],[-70.139,-11.021],[-70.142,-11.03],[-70.156,-11.034],[-70.159,-11.041],[-70.165,-11.038],[-70.167,-11.042],[-70.17,-11.04],[-70.172,-11.042],[-70.177,-11.039],[-70.18,-11.043],[-70.19,-11.045],[-70.19,-11.048],[-70.2,-11.054],[-70.212,-11.049],[-70.215,-11.052],[-70.228,-11.049],[-70.23,-11.052],[-70.241,-11.046],[-70.259,-11.052],[-70.264,-11.051],[-70.272,-11.06],[-70.28,-11.056],[-70.286,-11.058],[-70.293,-11.065],[-70.307,-11.07],[-70.327,-11.065],[-70.336,-11.068],[-70.35,-11.065],[-70.353,-11.059],[-70.374,-11.06],[-70.385,-11.047],[-70.399,-11.045],[-70.406,-11.047],[-70.41,-11.042],[-70.424,-11.038],[-70.431,-11.04],[-70.437,-11.039],[-70.441,-11.033],[-70.437,-11.027],[-70.45,-11.001],[-70.469,-10.989],[-70.48,-10.971],[-70.486,-10.964],[-70.494,-10.963],[-70.504,-10.952],[-70.515,-10.948],[-70.519,-10.941],[-70.53,-10.935],[-70.621,-11.0],[-70.623,-10.711],[-70.619,-10.714],[-70.613,-10.706],[-70.605,-10.703],[-70.602,-10.697],[-70.578,-10.703],[-70.571,-10.691],[-70.562,-10.694],[-70.555,-10.688],[-70.537,-10.692],[-70.533,-10.7],[-70.524,-10.703],[-70.536,-10.706],[-70.535,-10.713],[-70.525,-10.721],[-70.515,-10.72],[-70.51,-10.727],[-70.503,-10.723],[-70.503,-10.714],[-70.497,-10.72],[-70.485,-10.724],[-70.481,-10.723],[-70.482,-10.717],[-70.471,-10.716],[-70.466,-10.718],[-70.465,-10.702],[-70.462,-10.701],[-70.456,-10.703],[-70.458,-10.713],[-70.446,-10.712],[-70.444,-10.723],[-70.435,-10.715],[-70.423,-10.724],[-70.425,-10.716],[-70.42,-10.708],[-70.42,-10.715],[-70.413,-10.716],[-70.407,-10.715],[-70.404,-10.722],[-70.396,-10.727],[-70.384,-10.719],[-70.381,-10.73],[-70.368,-10.73],[-70.364,-10.712],[-70.35,-10.711],[-70.348,-10.717],[-70.343,-10.717],[-70.344,-10.705],[-70.334,-10.707],[-70.33,-10.716],[-70.325,-10.713],[-70.315,-10.714],[-70.312,-10.701],[-70.301,-10.7],[-70.299,-10.695],[-70.292,-10.699],[-70.282,-10.691],[-70.28,-10.706],[-70.276,-10.707],[-70.273,-10.695],[-70.265,-10.713],[-70.26,-10.706],[-70.255,-10.713],[-70.252,-10.698],[-70.227,-10.69],[-70.235,-10.685],[-70.223,-10.685],[-70.224,-10.676],[-70.219,-10.683],[-70.213,-10.681],[-70.219,-10.686],[-70.214,-10.697],[-70.207,-10.695],[-70.207,-10.703],[-70.2,-10.69],[-70.19,-10.692],[-70.185,-10.689],[-70.18,-10.69],[-70.176,-10.69],[-70.179,-10.684],[-70.174,-10.683],[-70.179,-10.678],[-70.171,-10.673],[-70.172,-10.667],[-70.166,-10.668],[-70.164,-10.663],[-70.162,-10.664],[-70.157,-10.676],[-70.151,-10.665],[-70.145,-10.669],[-70.144,-10.66],[-70.14,-10.662],[-70.132,-10.658],[-70.131,-10.652],[-70.123,-10.655],[-70.125,-10.642],[-70.123,-10.638],[-70.111,-10.644],[-70.1,-10.641],[-70.099,-10.647],[-70.09,-10.649],[-70.079,-10.633],[-70.07,-10.633],[-70.07,-10.614],[-70.066,-10.612],[-70.057,-10.616],[-70.053,-10.607],[-70.043,-10.612],[-70.044,-10.604],[-70.037,-10.611],[-70.037,-10.601],[-70.031,-10.591],[-70.02,-10.594],[-70.017,-10.592],[-70.017,-10.585],[-70.011,-10.591],[-70.008,-10.582],[-69.996,-10.583],[-69.998,-10.576],[-69.992,-10.57],[-69.981,-10.583],[-69.975,-10.583],[-69.969,-10.574],[-69.961,-10.578],[-69.941,-10.566],[-69.929,-10.548],[-69.924,-10.549],[-69.925,-10.557],[-69.921,-10.559],[-69.906,-10.543],[-69.901,-10.547],[-69.897,-10.557],[-69.889,-10.552],[-69.878,-10.558],[-69.862,-10.538],[-69.849,-10.54],[-69.832,-10.538],[-69.827,-10.513],[-69.831,-10.507],[-69.819,-10.509],[-69.807,-10.504],[-69.8,-10.509],[-69.799,-10.503],[-69.804,-10.492],[-69.805,-10.48],[-69.798,-10.481],[-69.787,-10.471],[-69.785,-10.461],[-69.775,-10.455],[-69.767,-10.46],[-69.758,-10.459],[-69.754,-10.451],[-69.746,-10.452],[-69.744,-10.447],[-69.727,-10.453],[-69.711,-10.446],[-69.71,-10.438],[-69.704,-10.433],[-69.695,-10.431],[-69.691,-10.436],[-69.687,-10.435],[-69.684,-10.433],[-69.682,-10.41],[-69.677,-10.424],[-69.67,-10.419],[-69.664,-10.425],[-69.657,-10.42],[-69.648,-10.428],[-69.648,-10.417],[-69.637,-10.408],[-69.645,-10.403],[-69.642,-10.401],[-69.629,-10.403],[-69.63,-10.395],[-69.624,-10.391],[-69.613,-10.394],[-69.615,-10.385],[-69.607,-10.379],[-69.6,-10.38],[-69.592,-10.37],[-69.588,-10.371]]]}},{"type":"Feature","properties":{"id":"1200104","nome":"Brasil\u00e9ia"},"geometry":{"type":"Polygon","coordinates":[[[-69.129,-10.402],[-69.137,-10.422],[-69.141,-10.425],[-69.14,-10.435],[-69.148,-10.444],[-69.157,-10.467],[-69.168,-10.477],[-69.169,-10.481],[-69.163,-10.492],[-69.165,-10.502],[-69.162,-10.51],[-69.133,-10.514],[-69.118,-10.525],[-69.106,-10.537],[-69.101,-10.554],[-69.085,-10.56],[-69.081,-10.576],[-69.081,-10.579],[-69.072,-10.582],[-69.071,-10.586],[-69.06,-10.59],[-69.054,-10.584],[-69.036,-10.583],[-69.034,-10.588],[-69.025,-10.59],[-69.022,-10.585],[-69.001,-10.587],[-68.997,-10.58],[-68.981,-10.578],[-68.979,-10.575],[-68.971,-10.584],[-68.964,-10.579],[-68.959,-10.581],[-68.958,-10.585],[-68.956,-10.58],[-68.951,-10.582],[-68.945,-10.579],[-68.945,-10.582],[-68.943,-10.578],[-68.933,-10.58],[-68.929,-10.576],[-68.928,-10.579],[-68.922,-10.578],[-68.919,-10.581],[-68.918,-10.578],[-68.914,-10.577],[-68.917,-10.579],[-68.908,-10.583],[-68.904,-10.58],[-68.902,-10.584],[-68.911,-10.598],[-68.908,-10.603],[-68.91,-10.606],[-68.914,-10.605],[-68.916,-10.614],[-68.921,-10.612],[-68.926,-10.616],[-68.924,-10.626],[-68.915,-10.636],[-68.919,-10.644],[-68.932,-10.676],[-68.942,-10.679],[-68.945,-10.674],[-68.948,-10.677],[-68.945,-10.692],[-68.949,-10.703],[-68.948,-10.711],[-68.956,-10.72],[-68.956,-10.729],[-68.966,-10.739],[-68.976,-10.741],[-68.98,-10.752],[-68.975,-10.771],[-68.941,-10.778],[-68.928,-10.776],[-68.922,-10.78],[-68.914,-10.776],[-68.907,-10.777],[-68.898,-10.775],[-68.895,-10.77],[-68.881,-10.767],[-68.878,-10.758],[-68.854,-10.758],[-68.835,-10.74],[-68.811,-10.783],[-68.812,-10.789],[-68.805,-10.795],[-68.805,-10.804],[-68.8,-10.807],[-68.786,-10.833],[-68.784,-10.869],[-68.776,-10.875],[-68.772,-10.877],[-68.734,-10.897],[-68.73,-10.906],[-68.723,-10.908],[-68.714,-10.918],[-68.704,-10.921],[-68.687,-10.937],[-68.684,-10.955],[-68.687,-10.968],[-68.716,-10.977],[-68.725,-10.972],[-68.724,-10.976],[-68.727,-10.982],[-68.717,-10.991],[-68.723,-10.993],[-68.727,-11.002],[-68.733,-10.994],[-68.734,-10.987],[-68.737,-10.992],[-68.741,-10.991],[-68.743,-10.996],[-68.739,-11.001],[-68.739,-11.008],[-68.737,-11.012],[-68.743,-11.016],[-68.75,-11.02],[-68.748,-11.011],[-68.755,-11.012],[-68.762,-11.019],[-68.763,-11.013],[-68.757,-11.01],[-68.758,-11.001],[-68.77,-11.008],[-68.779,-11.005],[-68.778,-11.0],[-68.781,-10.999],[-68.787,-11.006],[-68.788,-11.015],[-68.789,-11.001],[-68.798,-10.999],[-68.792,-10.991],[-68.799,-10.991],[-68.802,-10.996],[-68.812,-10.995],[-68.804,-11.002],[-68.812,-11.002],[-68.816,-11.006],[-68.823,-11.004],[-68.828,-11.008],[-68.831,-11.002],[-68.827,-10.997],[-68.834,-10.994],[-68.841,-11.003],[-68.844,-10.999],[-68.841,-10.997],[-68.842,-10.994],[-68.848,-10.993],[-68.86,-11.005],[-68.86,-11.018],[-68.87,-11.015],[-68.874,-11.01],[-68.882,-11.01],[-68.885,-11.016],[-68.88,-11.017],[-68.88,-11.013],[-68.876,-11.02],[-68.881,-11.022],[-68.895,-11.007],[-68.908,-11.022],[-68.912,-11.022],[-68.921,-11.015],[-68.925,-11.018],[-68.934,-11.005],[-68.947,-11.013],[-68.947,-11.005],[-68.956,-11.002],[-68.953,-10.989],[-68.961,-10.993],[-68.968,-10.988],[-68.973,-10.989],[-68.981,-10.997],[-68.988,-10.998],[-68.984,-11.009],[-68.995,-11.011],[-68.995,-11.004],[-69.0,-11.007],[-69.013,-11.005],[-69.015,-11.002],[-69.011,-10.996],[-69.012,-10.992],[-69.025,-10.991],[-69.026,-10.983],[-69.033,-10.985],[-69.039,-10.977],[-69.047,-10.981],[-69.05,-10.975],[-69.061,-10.984],[-69.072,-10.966],[-69.078,-10.975],[-69.086,-10.97],[-69.101,-10.98],[-69.111,-10.971],[-69.121,-10.98],[-69.122,-10.967],[-69.137,-10.973],[-69.138,-10.965],[-69.142,-10.97],[-69.149,-10.971],[-69.15,-10.969],[-69.144,-10.963],[-69.154,-10.964],[-69.152,-10.955],[-69.164,-10.965],[-69.181,-10.956],[-69.186,-10.948],[-69.199,-10.948],[-69.215,-10.957],[-69.219,-10.949],[-69.232,-10.94],[-69.241,-10.951],[-69.256,-10.947],[-69.257,-10.944],[-69.251,-10.943],[-69.251,-10.94],[-69.271,-10.942],[-69.274,-10.946],[-69.271,-10.953],[-69.274,-10.954],[-69.283,-10.943],[-69.288,-10.95],[-69.298,-10.947],[-69.304,-10.948],[-69.319,-10.944],[-69.324,-10.936],[-69.327,-10.949],[-69.334,-10.947],[-69.336,-10.941],[-69.343,-10.952],[-69.346,-10.947],[-69.346,-10.938],[-69.356,-10.937],[-69.357,-10.944],[-69.372,-10.939],[-69.374,-10.954],[-69.377,-10.952],[-69.379,-10.941],[-69.385,-10.942],[-69.388,-10.934],[-69.394,-10.935],[-69.392,-10.943],[-69.395,-10.944],[-69.402,-10.93],[-69.406,-10.929],[-69.413,-10.938],[-69.416,-10.927],[-69.421,-10.927],[-69.39,-10.826],[-69.392,-10.801],[-69.393,-10.732],[-69.424,-10.713],[-69.422,-10.691],[-69.43,-10.702],[-69.44,-10.701],[-69.466,-10.71],[-69.474,-10.71],[-69.477,-10.701],[-69.485,-10.702],[-69.492,-10.697],[-69.498,-10.7],[-69.498,-10.749],[-69.486,-10.783],[-69.485,-10.794],[-69.5,-10.822],[-69.521,-10.848],[-69.552,-10.873],[-69.555,-10.865],[-69.562,-10.864],[-69.567,-10.857],[-69.576,-10.86],[-69.581,-10.858],[-69.586,-10.863],[-69.592,-10.863],[-69.599,-10.858],[-69.606,-10.86],[-69.612,-10.856],[-69.625,-10.853],[-69.635,-10.845],[-69.643,-10.847],[-69.642,-10.851],[-69.648,-10.853],[-69.657,-10.863],[-69.664,-10.859],[-69.661,-10.846],[-69.667,-10.841],[-69.667,-10.837],[-69.675,-10.836],[-69.685,-10.827],[-69.692,-10.831],[-69.716,-10.824],[-69.728,-10.829],[-69.732,-10.822],[-69.741,-10.817],[-69.744,-10.808],[-69.766,-10.792],[-69.778,-10.782],[-69.757,-10.743],[-69.671,-10.731],[-69.661,-10.71],[-69.652,-10.69],[-69.588,-10.643],[-69.55,-10.614],[-69.511,-10.557],[-69.508,-10.505],[-69.342,-10.485],[-69.323,-10.472],[-69.313,-10.474],[-69.308,-10.47],[-69.289,-10.471],[-69.269,-10.459],[-69.249,-10.455],[-69.246,-10.436],[-69.226,-10.424],[-69.221,-10.415],[-69.213,-10.418],[-69.211,-10.415],[-69.196,-10.413],[-69.194,-10.407],[-69.188,-10.407],[-69.183,-10.399],[-69.17,-10.402],[-69.152,-10.399],[-69.149,-10.385],[-69.132,-10.385],[-69.129,-10.402]]]}},{"type":"Feature","properties":{"id":"1200138","nome":"Bujari"},"geometry":{"type":"Polygon","coordinates":[[[-68.22,-9.242],[-67.977,-9.352],[-67.974,-9.353],[-67.983,-9.356],[-67.989,-9.353],[-67.998,-9.358],[-68.008,-9.352],[-68.02,-9.357],[-68.023,-9.354],[-68.021,-9.349],[-68.032,-9.344],[-68.033,-9.35],[-68.036,-9.347],[-68.038,-9.35],[-68.039,-9.347],[-68.042,-9.351],[-68.048,-9.352],[-68.05,-9.36],[-68.052,-9.371],[-68.062,-9.39],[-68.059,-9.417],[-68.038,-9.435],[-68.033,-9.443],[-68.027,-9.444],[-68.019,-9.47],[-68.022,-9.481],[-68.033,-9.495],[-68.046,-9.501],[-68.066,-9.519],[-68.075,-9.522],[-68.089,-9.554],[-68.013,-9.606],[-67.991,-9.627],[-67.981,-9.637],[-67.909,-9.709],[-67.88,-9.718],[-67.873,-9.731],[-67.868,-9.733],[-67.834,-9.75],[-67.804,-9.747],[-67.796,-9.762],[-67.815,-9.768],[-67.827,-9.782],[-67.822,-9.794],[-67.831,-9.807],[-67.835,-9.826],[-67.825,-9.848],[-67.83,-9.87],[-67.844,-9.86],[-67.853,-9.858],[-67.86,-9.845],[-67.867,-9.841],[-67.902,-9.842],[-67.906,-9.846],[-67.919,-9.846],[-67.923,-9.851],[-67.926,-9.854],[-67.933,-9.849],[-67.949,-9.854],[-67.965,-9.854],[-67.976,-9.847],[-67.995,-9.861],[-68.039,-9.883],[-68.047,-9.891],[-68.054,-9.888],[-68.069,-9.896],[-68.074,-9.903],[-68.086,-9.91],[-68.089,-9.921],[-68.101,-9.93],[-68.123,-9.939],[-68.135,-9.934],[-68.151,-9.953],[-68.152,-9.96],[-68.169,-9.941],[-68.27,-9.83],[-68.275,-9.825],[-68.291,-9.808],[-68.3,-9.794],[-68.325,-9.789],[-68.332,-9.783],[-68.343,-9.783],[-68.349,-9.786],[-68.367,-9.78],[-68.38,-9.782],[-68.392,-9.789],[-68.392,-9.798],[-68.396,-9.804],[-68.415,-9.811],[-68.424,-9.818],[-68.428,-9.826],[-68.442,-9.827],[-68.428,-9.719],[-68.427,-9.711],[-68.431,-9.675],[-68.434,-9.666],[-68.442,-9.656],[-68.441,-9.639],[-68.451,-9.632],[-68.455,-9.624],[-68.444,-9.609],[-68.428,-9.599],[-68.429,-9.586],[-68.422,-9.568],[-68.425,-9.559],[-68.418,-9.545],[-68.411,-9.541],[-68.41,-9.537],[-68.414,-9.533],[-68.411,-9.521],[-68.406,-9.519],[-68.396,-9.5],[-68.389,-9.499],[-68.386,-9.502],[-68.382,-9.496],[-68.368,-9.497],[-68.354,-9.489],[-68.353,-9.483],[-68.343,-9.474],[-68.344,-9.465],[-68.338,-9.466],[-68.336,-9.459],[-68.332,-9.457],[-68.335,-9.45],[-68.33,-9.44],[-68.401,-9.324],[-68.366,-9.298],[-68.353,-9.296],[-68.344,-9.29],[-68.316,-9.292],[-68.295,-9.284],[-68.288,-9.285],[-68.276,-9.276],[-68.27,-9.265],[-68.252,-9.264],[-68.242,-9.252],[-68.227,-9.248],[-68.22,-9.242]]]}},{"type":"Feature","properties":{"id":"1200179","nome":"Capixaba"},"geometry":{"type":"Polygon","coordinates":[[[-67.773,-10.242],[-67.77,-10.249],[-67.765,-10.251],[-67.763,-10.262],[-67.756,-10.271],[-67.745,-10.274],[-67.716,-10.292],[-67.695,-10.325],[-67.695,-10.341],[-67.689,-10.354],[-67.684,-10.356],[-67.637,-10.363],[-67.646,-10.39],[-67.658,-10.398],[-67.667,-10.391],[-67.68,-10.391],[-67.687,-10.412],[-67.696,-10.417],[-67.706,-10.433],[-67.696,-10.44],[-67.696,-10.453],[-67.688,-10.453],[-67.68,-10.462],[-67.663,-10.473],[-67.659,-10.48],[-67.624,-10.48],[-67.613,-10.49],[-67.606,-10.504],[-67.597,-10.51],[-67.587,-10.51],[-67.607,-10.545],[-67.612,-10.564],[-67.634,-10.579],[-67.64,-10.598],[-67.66,-10.616],[-67.676,-10.605],[-67.705,-10.698],[-67.707,-10.71],[-67.714,-10.708],[-67.721,-10.712],[-67.726,-10.707],[-67.729,-10.713],[-67.733,-10.713],[-67.744,-10.708],[-67.744,-10.697],[-67.753,-10.696],[-67.762,-10.685],[-67.768,-10.688],[-67.776,-10.684],[-67.776,-10.68],[-67.787,-10.678],[-67.787,-10.675],[-67.792,-10.678],[-67.798,-10.67],[-67.803,-10.669],[-67.808,-10.668],[-67.81,-10.661],[-67.815,-10.665],[-67.818,-10.664],[-67.823,-10.652],[-67.825,-10.654],[-67.837,-10.649],[-67.842,-10.653],[-67.852,-10.648],[-67.855,-10.65],[-67.858,-10.646],[-67.864,-10.641],[-67.877,-10.644],[-67.876,-10.64],[-67.879,-10.639],[-67.892,-10.641],[-67.89,-10.644],[-67.895,-10.647],[-67.899,-10.643],[-67.908,-10.641],[-67.917,-10.652],[-67.923,-10.651],[-67.929,-10.656],[-67.941,-10.656],[-67.947,-10.65],[-67.947,-10.653],[-67.961,-10.65],[-67.976,-10.663],[-68.002,-10.648],[-68.003,-10.641],[-68.009,-10.634],[-68.01,-10.612],[-68.016,-10.602],[-68.008,-10.6],[-67.983,-10.593],[-68.017,-10.565],[-68.018,-10.551],[-68.031,-10.536],[-68.033,-10.525],[-68.03,-10.515],[-68.037,-10.489],[-68.042,-10.484],[-68.043,-10.473],[-68.064,-10.425],[-68.054,-10.421],[-68.056,-10.412],[-68.047,-10.405],[-68.046,-10.394],[-68.041,-10.389],[-68.031,-10.379],[-68.026,-10.379],[-68.025,-10.372],[-68.035,-10.364],[-68.038,-10.351],[-68.028,-10.344],[-68.029,-10.341],[-68.015,-10.335],[-68.009,-10.323],[-67.999,-10.316],[-67.982,-10.317],[-67.971,-10.315],[-67.969,-10.312],[-67.96,-10.314],[-67.954,-10.307],[-67.951,-10.307],[-67.953,-10.303],[-67.948,-10.3],[-67.946,-10.288],[-67.856,-10.288],[-67.847,-10.287],[-67.843,-10.283],[-67.844,-10.28],[-67.856,-10.284],[-67.846,-10.27],[-67.842,-10.269],[-67.833,-10.274],[-67.818,-10.267],[-67.819,-10.262],[-67.83,-10.259],[-67.833,-10.248],[-67.83,-10.243],[-67.824,-10.244],[-67.821,-10.237],[-67.815,-10.233],[-67.817,-10.225],[-67.812,-10.225],[-67.817,-10.216],[-67.826,-10.213],[-67.827,-10.21],[-67.824,-10.207],[-67.804,-10.204],[-67.804,-10.198],[-67.801,-10.199],[-67.8,-10.208],[-67.784,-10.213],[-67.784,-10.231],[-67.779,-10.24],[-67.773,-10.242]]]}},{"type":"Feature","properties":{"id":"1200203","nome":"Cruzeiro do Sul"},"geometry":{"type":"Polygon","coordinates":[[[-71.989,-7.673],[-71.989,-7.678],[-71.984,-7.678],[-71.978,-7.682],[-71.984,-7.684],[-71.985,-7.698],[-71.989,-7.696],[-71.99,-7.702],[-71.996,-7.706],[-71.998,-7.712],[-72.004,-7.714],[-72.0,-7.716],[-72.001,-7.721],[-71.992,-7.731],[-71.995,-7.736],[-71.993,-7.747],[-71.998,-7.75],[-71.996,-7.759],[-72.007,-7.767],[-72.012,-7.78],[-72.017,-7.779],[-72.021,-7.783],[-72.018,-7.785],[-72.024,-7.793],[-72.017,-7.798],[-72.024,-7.797],[-72.024,-7.804],[-72.027,-7.799],[-72.031,-7.8],[-72.028,-7.805],[-72.031,-7.805],[-72.029,-7.812],[-72.035,-7.813],[-72.035,-7.82],[-72.045,-7.823],[-72.052,-7.831],[-72.047,-7.833],[-72.059,-7.849],[-72.069,-7.85],[-72.09,-7.862],[-72.098,-7.877],[-72.107,-7.882],[-72.133,-7.917],[-72.151,-7.924],[-72.161,-7.938],[-72.179,-7.938],[-72.185,-7.941],[-72.198,-7.949],[-72.206,-7.962],[-72.214,-7.965],[-72.219,-7.974],[-72.224,-8.015],[-72.232,-8.022],[-72.235,-8.031],[-72.233,-8.051],[-72.237,-8.068],[-72.248,-8.074],[-72.258,-8.085],[-72.265,-8.222],[-72.278,-8.223],[-72.287,-8.21],[-72.302,-8.208],[-72.322,-8.23],[-72.33,-8.23],[-72.333,-8.234],[-72.358,-8.24],[-72.364,-8.248],[-72.38,-8.242],[-72.397,-8.255],[-72.408,-8.258],[-72.422,-8.248],[-72.429,-8.247],[-72.432,-8.25],[-72.456,-8.23],[-72.463,-8.231],[-72.469,-8.236],[-72.503,-8.232],[-72.516,-8.223],[-72.519,-8.215],[-72.525,-8.217],[-72.527,-8.213],[-72.533,-8.209],[-72.534,-8.214],[-72.537,-8.214],[-72.536,-8.208],[-72.546,-8.201],[-72.542,-8.197],[-72.556,-8.187],[-72.57,-8.188],[-72.634,-8.185],[-72.675,-8.224],[-72.68,-8.226],[-72.687,-8.224],[-72.692,-8.216],[-72.702,-8.21],[-72.709,-8.212],[-72.712,-8.209],[-72.719,-8.21],[-72.729,-8.201],[-72.739,-8.202],[-72.749,-8.208],[-72.749,-8.213],[-72.754,-8.211],[-72.752,-8.203],[-72.76,-8.196],[-72.794,-8.2],[-72.796,-8.182],[-72.793,-8.178],[-72.796,-8.175],[-72.793,-8.163],[-72.807,-8.161],[-72.804,-8.137],[-72.808,-8.122],[-72.825,-8.13],[-72.826,-8.133],[-72.828,-8.13],[-72.832,-8.132],[-72.831,-8.136],[-72.846,-8.146],[-72.857,-8.146],[-72.857,-8.156],[-72.855,-8.159],[-72.861,-8.157],[-72.861,-8.154],[-72.866,-8.156],[-72.864,-8.161],[-72.868,-8.162],[-72.866,-8.164],[-72.878,-8.171],[-72.893,-8.184],[-72.908,-8.188],[-72.921,-8.198],[-72.922,-8.195],[-72.928,-8.198],[-72.925,-8.202],[-72.937,-8.198],[-72.944,-8.201],[-72.944,-8.21],[-72.949,-8.212],[-72.958,-8.21],[-72.964,-8.216],[-72.967,-8.213],[-72.971,-8.218],[-72.974,-8.215],[-72.977,-8.22],[-72.981,-8.217],[-72.984,-8.222],[-72.993,-8.22],[-72.999,-8.223],[-73.001,-8.227],[-73.0,-8.241],[-73.01,-8.243],[-73.011,-8.254],[-73.022,-8.263],[-73.038,-8.283],[-73.067,-8.289],[-73.086,-8.3],[-73.101,-8.341],[-73.132,-8.351],[-73.176,-8.377],[-73.2,-8.377],[-73.22,-8.396],[-73.24,-8.403],[-73.331,-8.474],[-73.336,-8.468],[-73.348,-8.471],[-73.366,-8.464],[-73.375,-8.467],[-73.377,-8.463],[-73.382,-8.469],[-73.39,-8.469],[-73.402,-8.448],[-73.407,-8.42],[-73.413,-8.411],[-73.422,-8.407],[-73.429,-8.41],[-73.443,-8.408],[-73.459,-8.399],[-73.482,-8.392],[-73.487,-8.386],[-73.486,-8.378],[-73.505,-8.379],[-73.517,-8.37],[-73.537,-8.346],[-73.53,-8.313],[-73.541,-8.295],[-73.537,-8.27],[-73.551,-8.251],[-73.559,-8.246],[-73.561,-8.236],[-73.572,-8.23],[-73.578,-8.215],[-73.58,-8.209],[-73.594,-8.206],[-73.587,-8.187],[-73.586,-8.173],[-73.592,-8.143],[-73.583,-8.128],[-73.594,-8.098],[-73.608,-8.087],[-73.616,-8.07],[-73.632,-8.062],[-73.63,-8.051],[-73.424,-8.033],[-73.397,-8.029],[-73.399,-8.023],[-73.39,-8.01],[-73.387,-7.998],[-73.374,-7.987],[-73.368,-7.989],[-73.358,-7.984],[-73.342,-7.982],[-73.331,-7.988],[-73.328,-7.984],[-73.321,-7.992],[-73.292,-7.979],[-73.265,-7.95],[-73.258,-7.949],[-73.249,-7.935],[-73.238,-7.939],[-73.233,-7.927],[-73.212,-7.909],[-73.204,-7.91],[-73.2,-7.902],[-73.184,-7.902],[-73.169,-7.893],[-73.164,-7.898],[-73.154,-7.899],[-73.134,-7.896],[-73.131,-7.899],[-73.107,-7.886],[-73.104,-7.888],[-73.092,-7.884],[-73.105,-7.898],[-73.106,-7.906],[-73.116,-7.923],[-73.115,-7.931],[-73.097,-7.941],[-73.089,-7.934],[-73.075,-7.944],[-73.053,-7.941],[-73.044,-7.934],[-73.032,-7.931],[-72.997,-7.938],[-72.993,-7.941],[-72.967,-7.933],[-72.963,-7.944],[-72.948,-7.943],[-72.927,-7.93],[-72.923,-7.923],[-72.894,-7.927],[-72.878,-7.916],[-72.875,-7.918],[-72.865,-7.915],[-72.853,-7.908],[-72.85,-7.911],[-72.84,-7.908],[-72.837,-7.912],[-72.833,-7.911],[-72.821,-7.901],[-72.81,-7.901],[-72.806,-7.898],[-72.804,-7.903],[-72.803,-7.906],[-72.797,-7.904],[-72.795,-7.897],[-72.782,-7.895],[-72.778,-7.882],[-72.768,-7.876],[-72.765,-7.88],[-72.76,-7.88],[-72.756,-7.871],[-72.749,-7.868],[-72.746,-7.871],[-72.749,-7.881],[-72.743,-7.883],[-72.741,-7.87],[-72.728,-7.87],[-72.726,-7.862],[-72.735,-7.859],[-72.726,-7.851],[-72.721,-7.852],[-72.715,-7.863],[-72.71,-7.864],[-72.702,-7.855],[-72.717,-7.855],[-72.717,-7.844],[-72.701,-7.843],[-72.693,-7.849],[-72.691,-7.843],[-72.685,-7.839],[-72.689,-7.834],[-72.68,-7.825],[-72.661,-7.833],[-72.659,-7.826],[-72.646,-7.823],[-72.641,-7.816],[-72.616,-7.813],[-72.616,-7.808],[-72.625,-7.799],[-72.628,-7.809],[-72.633,-7.811],[-72.639,-7.79],[-72.646,-7.786],[-72.637,-7.785],[-72.621,-7.776],[-72.613,-7.783],[-72.609,-7.78],[-72.612,-7.771],[-72.642,-7.772],[-72.625,-7.762],[-72.625,-7.756],[-72.645,-7.734],[-72.644,-7.725],[-72.644,-7.723],[-72.64,-7.692],[-72.644,-7.676],[-72.651,-7.678],[-72.653,-7.694],[-72.724,-7.721],[-72.731,-7.724],[-72.734,-7.722],[-72.748,-7.713],[-72.78,-7.693],[-72.806,-7.687],[-72.807,-7.687],[-72.86,-7.675],[-72.854,-7.659],[-72.847,-7.656],[-72.842,-7.661],[-72.811,-7.661],[-72.806,-7.664],[-72.792,-7.659],[-72.783,-7.661],[-72.841,-7.609],[-72.844,-7.605],[-72.84,-7.605],[-72.841,-7.602],[-72.847,-7.599],[-72.846,-7.597],[-72.851,-7.594],[-72.862,-7.58],[-72.859,-7.578],[-72.865,-7.574],[-72.865,-7.566],[-72.872,-7.559],[-72.87,-7.552],[-72.877,-7.527],[-72.888,-7.485],[-72.901,-7.437],[-72.6,-7.546],[-72.592,-7.549],[-72.588,-7.55],[-72.584,-7.552],[-72.364,-7.577],[-72.169,-7.6],[-72.077,-7.611],[-71.957,-7.625],[-71.962,-7.631],[-71.955,-7.633],[-71.96,-7.642],[-71.975,-7.653],[-71.974,-7.658],[-71.985,-7.67],[-71.989,-7.673]]]}},{"type":"Feature","properties":{"id":"1200252","nome":"Epitaciol\u00e2ndia"},"geometry":{"type":"Polygon","coordinates":[[[-68.648,-10.614],[-68.643,-10.619],[-68.641,-10.617],[-68.637,-10.619],[-68.638,-10.623],[-68.642,-10.626],[-68.644,-10.654],[-68.607,-10.658],[-68.552,-10.717],[-68.542,-10.721],[-68.535,-10.718],[-68.532,-10.721],[-68.531,-10.727],[-68.542,-10.727],[-68.544,-10.73],[-68.544,-10.736],[-68.532,-10.745],[-68.533,-10.752],[-68.538,-10.75],[-68.54,-10.753],[-68.541,-10.767],[-68.548,-10.757],[-68.553,-10.757],[-68.561,-10.766],[-68.56,-10.773],[-68.558,-10.778],[-68.55,-10.782],[-68.543,-10.792],[-68.534,-10.793],[-68.521,-10.804],[-68.506,-10.808],[-68.503,-10.816],[-68.479,-10.834],[-68.477,-10.834],[-68.459,-10.815],[-68.438,-10.825],[-68.427,-10.825],[-68.426,-10.839],[-68.408,-10.856],[-68.403,-10.857],[-68.406,-10.865],[-68.403,-10.873],[-68.407,-10.874],[-68.408,-10.879],[-68.409,-10.881],[-68.401,-10.886],[-68.402,-10.894],[-68.41,-10.907],[-68.414,-10.905],[-68.421,-10.91],[-68.421,-10.913],[-68.413,-10.918],[-68.422,-10.921],[-68.419,-10.927],[-68.423,-10.934],[-68.414,-10.934],[-68.419,-10.937],[-68.405,-10.957],[-68.404,-10.983],[-68.406,-10.988],[-68.411,-10.989],[-68.4,-11.001],[-68.403,-11.015],[-68.399,-11.036],[-68.389,-11.041],[-68.396,-11.051],[-68.405,-11.053],[-68.416,-11.04],[-68.423,-11.042],[-68.432,-11.031],[-68.445,-11.046],[-68.487,-11.051],[-68.504,-11.063],[-68.507,-11.072],[-68.519,-11.088],[-68.539,-11.096],[-68.542,-11.099],[-68.543,-11.11],[-68.612,-11.124],[-68.716,-11.145],[-68.711,-11.129],[-68.722,-11.114],[-68.721,-11.104],[-68.735,-11.093],[-68.741,-11.097],[-68.745,-11.095],[-68.751,-11.086],[-68.757,-11.084],[-68.756,-11.076],[-68.765,-11.066],[-68.759,-11.056],[-68.766,-11.049],[-68.759,-11.039],[-68.751,-11.037],[-68.75,-11.027],[-68.75,-11.02],[-68.743,-11.016],[-68.737,-11.012],[-68.739,-11.008],[-68.739,-11.001],[-68.743,-10.996],[-68.741,-10.991],[-68.737,-10.992],[-68.734,-10.987],[-68.733,-10.994],[-68.727,-11.002],[-68.723,-10.993],[-68.717,-10.991],[-68.727,-10.982],[-68.724,-10.976],[-68.725,-10.972],[-68.716,-10.977],[-68.687,-10.968],[-68.684,-10.955],[-68.687,-10.937],[-68.704,-10.921],[-68.714,-10.918],[-68.723,-10.908],[-68.73,-10.906],[-68.734,-10.897],[-68.772,-10.877],[-68.776,-10.875],[-68.784,-10.869],[-68.786,-10.833],[-68.8,-10.807],[-68.805,-10.804],[-68.805,-10.795],[-68.812,-10.789],[-68.811,-10.783],[-68.835,-10.74],[-68.823,-10.723],[-68.806,-10.716],[-68.805,-10.709],[-68.808,-10.707],[-68.809,-10.697],[-68.814,-10.691],[-68.813,-10.687],[-68.805,-10.684],[-68.802,-10.677],[-68.808,-10.677],[-68.808,-10.671],[-68.792,-10.669],[-68.784,-10.663],[-68.773,-10.668],[-68.768,-10.666],[-68.761,-10.674],[-68.753,-10.669],[-68.75,-10.658],[-68.738,-10.656],[-68.737,-10.652],[-68.732,-10.645],[-68.731,-10.648],[-68.722,-10.649],[-68.716,-10.644],[-68.712,-10.646],[-68.71,-10.637],[-68.697,-10.631],[-68.683,-10.63],[-68.672,-10.619],[-68.671,-10.622],[-68.668,-10.62],[-68.664,-10.622],[-68.656,-10.619],[-68.654,-10.621],[-68.648,-10.614]]]}},{"type":"Feature","properties":{"id":"1200302","nome":"Feij\u00f3"},"geometry":{"type":"Polygon","coordinates":[[[-69.989,-7.901],[-69.801,-8.061],[-69.586,-8.244],[-69.444,-8.366],[-69.449,-8.388],[-69.456,-8.398],[-69.477,-8.411],[-69.48,-8.422],[-69.495,-8.431],[-69.498,-8.444],[-69.509,-8.458],[-69.515,-8.494],[-69.528,-8.524],[-69.534,-8.528],[-69.542,-8.546],[-69.551,-8.558],[-69.552,-8.58],[-69.559,-8.593],[-69.558,-8.598],[-69.568,-8.612],[-69.575,-8.636],[-69.583,-8.644],[-69.608,-8.645],[-69.62,-8.65],[-69.633,-8.665],[-69.64,-8.673],[-69.661,-8.681],[-69.68,-8.707],[-69.731,-8.767],[-69.758,-8.782],[-69.795,-8.84],[-69.834,-8.934],[-69.847,-8.948],[-69.865,-8.957],[-70.09,-8.974],[-70.194,-8.967],[-70.319,-8.964],[-70.365,-8.982],[-70.395,-9.024],[-70.439,-9.088],[-70.54,-9.16],[-70.56,-9.192],[-70.607,-9.267],[-70.677,-9.373],[-70.702,-9.381],[-70.735,-9.416],[-70.791,-9.449],[-70.849,-9.456],[-70.863,-9.457],[-70.904,-9.494],[-70.951,-9.536],[-70.978,-9.598],[-71.045,-9.642],[-71.075,-9.695],[-71.1,-9.749],[-71.077,-9.828],[-71.104,-9.852],[-71.145,-9.863],[-71.163,-9.876],[-71.167,-9.884],[-71.172,-9.888],[-71.182,-9.918],[-71.19,-9.924],[-71.194,-9.939],[-71.206,-9.948],[-71.211,-9.967],[-71.228,-9.97],[-71.247,-9.962],[-71.254,-9.964],[-71.26,-9.978],[-71.272,-9.979],[-71.308,-9.992],[-71.318,-9.992],[-71.339,-9.972],[-71.349,-9.974],[-71.353,-9.977],[-71.355,-9.988],[-71.358,-9.99],[-71.365,-9.985],[-71.376,-10.001],[-71.657,-10.001],[-72.199,-10.0],[-72.198,-9.988],[-72.18,-9.98],[-72.17,-9.966],[-72.176,-9.953],[-72.175,-9.943],[-72.19,-9.937],[-72.192,-9.929],[-72.185,-9.916],[-72.172,-9.908],[-72.165,-9.892],[-72.154,-9.884],[-72.155,-9.88],[-72.171,-9.862],[-72.171,-9.839],[-72.173,-9.835],[-72.18,-9.834],[-72.181,-9.829],[-72.178,-9.822],[-72.162,-9.806],[-72.149,-9.799],[-72.153,-9.797],[-72.111,-9.763],[-72.09,-9.758],[-72.035,-9.743],[-72.039,-9.767],[-72.036,-9.766],[-72.008,-9.754],[-71.992,-9.717],[-71.953,-9.714],[-71.929,-9.722],[-71.92,-9.686],[-71.884,-9.667],[-71.885,-9.653],[-71.87,-9.637],[-71.836,-9.622],[-71.839,-9.601],[-71.835,-9.594],[-71.827,-9.592],[-71.821,-9.579],[-71.808,-9.566],[-71.809,-9.558],[-71.811,-9.554],[-71.806,-9.539],[-71.809,-9.531],[-71.8,-9.528],[-71.794,-9.522],[-71.802,-9.505],[-71.793,-9.497],[-71.792,-9.486],[-71.788,-9.483],[-71.779,-9.483],[-71.776,-9.48],[-71.759,-9.471],[-71.751,-9.46],[-71.751,-9.453],[-71.747,-9.447],[-71.737,-9.45],[-71.738,-9.443],[-71.731,-9.441],[-71.73,-9.429],[-71.724,-9.426],[-71.726,-9.412],[-71.722,-9.401],[-71.724,-9.385],[-71.733,-9.368],[-71.729,-9.367],[-71.726,-9.358],[-71.731,-9.355],[-71.724,-9.344],[-71.718,-9.344],[-71.715,-9.329],[-71.719,-9.327],[-71.715,-9.321],[-71.718,-9.32],[-71.714,-9.316],[-71.715,-9.313],[-71.712,-9.308],[-71.704,-9.307],[-71.705,-9.303],[-71.699,-9.299],[-71.694,-9.28],[-71.703,-9.274],[-71.698,-9.27],[-71.7,-9.267],[-71.692,-9.268],[-71.684,-9.259],[-71.678,-9.261],[-71.681,-9.257],[-71.673,-9.258],[-71.67,-9.251],[-71.657,-9.246],[-71.658,-9.239],[-71.656,-9.237],[-71.649,-9.24],[-71.645,-9.218],[-71.641,-9.218],[-71.639,-9.21],[-71.644,-9.206],[-71.639,-9.205],[-71.637,-9.199],[-71.633,-9.202],[-71.63,-9.205],[-71.63,-9.197],[-71.615,-9.188],[-71.625,-9.182],[-71.618,-9.165],[-71.621,-9.159],[-71.619,-9.154],[-71.623,-9.153],[-71.627,-9.144],[-71.611,-9.129],[-71.605,-9.128],[-71.615,-9.118],[-71.606,-9.114],[-71.603,-9.099],[-71.61,-9.095],[-71.609,-9.092],[-71.605,-9.094],[-71.604,-9.092],[-71.612,-9.088],[-71.605,-9.087],[-71.61,-9.08],[-71.603,-9.073],[-71.597,-9.073],[-71.591,-9.063],[-71.597,-9.062],[-71.594,-9.06],[-71.598,-9.057],[-71.597,-9.053],[-71.602,-9.043],[-71.596,-9.03],[-71.598,-9.024],[-71.592,-9.022],[-71.594,-9.014],[-71.586,-9.007],[-71.586,-8.999],[-71.581,-8.994],[-71.585,-8.987],[-71.578,-8.984],[-71.575,-8.978],[-71.569,-8.98],[-71.567,-8.968],[-71.574,-8.962],[-71.564,-8.947],[-71.557,-8.946],[-71.555,-8.943],[-71.549,-8.944],[-71.548,-8.934],[-71.544,-8.938],[-71.543,-8.932],[-71.54,-8.938],[-71.538,-8.937],[-71.534,-8.929],[-71.536,-8.925],[-71.528,-8.914],[-71.527,-8.909],[-71.519,-8.909],[-71.515,-8.903],[-71.509,-8.906],[-71.506,-8.9],[-71.501,-8.904],[-71.5,-8.897],[-71.495,-8.891],[-71.485,-8.894],[-71.482,-8.883],[-71.476,-8.877],[-71.471,-8.876],[-71.468,-8.869],[-71.459,-8.867],[-71.455,-8.875],[-71.45,-8.872],[-71.447,-8.874],[-71.44,-8.869],[-71.432,-8.878],[-71.43,-8.874],[-71.421,-8.886],[-71.417,-8.877],[-71.411,-8.881],[-71.406,-8.877],[-71.395,-8.877],[-71.389,-8.889],[-71.38,-8.884],[-71.383,-8.895],[-71.372,-8.891],[-71.373,-8.895],[-71.362,-8.886],[-71.364,-8.88],[-71.358,-8.881],[-71.356,-8.875],[-71.349,-8.878],[-71.343,-8.867],[-71.338,-8.868],[-71.337,-8.873],[-71.329,-8.872],[-71.333,-8.865],[-71.322,-8.863],[-71.325,-8.868],[-71.316,-8.864],[-71.315,-8.854],[-71.31,-8.863],[-71.3,-8.855],[-71.3,-8.849],[-71.294,-8.849],[-71.294,-8.842],[-71.29,-8.84],[-71.289,-8.845],[-71.282,-8.841],[-71.275,-8.851],[-71.272,-8.844],[-71.264,-8.838],[-71.27,-8.851],[-71.262,-8.848],[-71.259,-8.851],[-71.254,-8.845],[-71.242,-8.855],[-71.237,-8.85],[-71.24,-8.842],[-71.235,-8.834],[-71.226,-8.839],[-71.224,-8.821],[-71.22,-8.825],[-71.215,-8.815],[-71.201,-8.811],[-71.196,-8.805],[-71.186,-8.814],[-71.184,-8.801],[-71.176,-8.788],[-71.172,-8.788],[-71.161,-8.797],[-71.154,-8.792],[-71.149,-8.793],[-71.147,-8.784],[-71.138,-8.778],[-71.128,-8.783],[-71.132,-8.777],[-71.122,-8.764],[-71.121,-8.771],[-71.118,-8.772],[-71.11,-8.765],[-71.104,-8.765],[-71.103,-8.775],[-71.095,-8.763],[-71.09,-8.761],[-71.082,-8.766],[-71.081,-8.777],[-71.078,-8.778],[-71.079,-8.771],[-71.074,-8.766],[-71.083,-8.758],[-71.081,-8.755],[-71.078,-8.752],[-71.075,-8.757],[-71.065,-8.753],[-71.061,-8.757],[-71.056,-8.756],[-71.054,-8.752],[-71.06,-8.747],[-71.058,-8.74],[-71.052,-8.739],[-71.049,-8.735],[-71.043,-8.735],[-71.04,-8.728],[-71.031,-8.732],[-71.026,-8.717],[-71.014,-8.726],[-71.017,-8.715],[-71.007,-8.714],[-71.009,-8.694],[-71.015,-8.686],[-71.011,-8.685],[-71.004,-8.691],[-71.001,-8.685],[-70.995,-8.683],[-70.995,-8.679],[-70.99,-8.677],[-70.99,-8.672],[-70.979,-8.668],[-70.98,-8.653],[-70.973,-8.647],[-70.969,-8.648],[-70.968,-8.643],[-70.963,-8.652],[-70.96,-8.644],[-70.962,-8.635],[-70.95,-8.624],[-70.942,-8.627],[-70.945,-8.621],[-70.942,-8.615],[-70.934,-8.613],[-70.931,-8.604],[-70.921,-8.6],[-70.899,-8.626],[-70.892,-8.639],[-70.872,-8.641],[-70.868,-8.658],[-70.858,-8.67],[-70.836,-8.646],[-70.784,-8.64],[-70.768,-8.611],[-70.742,-8.609],[-70.727,-8.57],[-70.688,-8.523],[-70.702,-8.477],[-70.653,-8.466],[-70.67,-8.446],[-70.676,-8.438],[-70.68,-8.383],[-70.633,-8.347],[-70.625,-8.341],[-70.633,-8.311],[-70.619,-8.287],[-70.582,-8.229],[-70.568,-8.223],[-70.564,-8.215],[-70.563,-8.211],[-70.573,-8.205],[-70.579,-8.197],[-70.574,-8.189],[-70.565,-8.171],[-70.555,-8.161],[-70.576,-8.116],[-70.577,-8.063],[-70.567,-8.043],[-70.572,-8.035],[-70.573,-8.022],[-70.583,-8.008],[-70.586,-8.008],[-70.586,-7.997],[-70.592,-7.992],[-70.604,-7.995],[-70.618,-7.992],[-70.624,-7.983],[-70.63,-7.984],[-70.636,-7.976],[-70.632,-7.974],[-70.632,-7.965],[-70.645,-7.952],[-70.643,-7.948],[-70.646,-7.949],[-70.642,-7.944],[-70.637,-7.944],[-70.634,-7.943],[-70.633,-7.937],[-70.639,-7.931],[-70.631,-7.927],[-70.639,-7.923],[-70.645,-7.911],[-70.64,-7.909],[-70.634,-7.919],[-70.632,-7.915],[-70.62,-7.912],[-70.617,-7.906],[-70.62,-7.893],[-70.6,-7.894],[-70.608,-7.875],[-70.603,-7.872],[-70.583,-7.873],[-70.58,-7.856],[-70.57,-7.853],[-70.578,-7.841],[-70.568,-7.833],[-70.546,-7.821],[-70.547,-7.809],[-70.536,-7.802],[-70.519,-7.798],[-70.515,-7.792],[-70.333,-7.813],[-70.235,-7.824],[-70.052,-7.847],[-70.051,-7.848],[-69.989,-7.901]]]}},{"type":"Feature","properties":{"id":"1200328","nome":"Jord\u00e3o"},"geometry":{"type":"Polygon","coordinates":[[[-71.559,-8.656],[-71.557,-8.669],[-71.559,-8.68],[-71.554,-8.692],[-71.554,-8.703],[-71.545,-8.709],[-71.542,-8.738],[-71.555,-8.742],[-71.567,-8.754],[-71.574,-8.757],[-71.581,-8.772],[-71.581,-8.779],[-71.591,-8.788],[-71.597,-8.804],[-71.614,-8.819],[-71.618,-8.825],[-71.62,-8.839],[-71.616,-8.858],[-71.553,-8.851],[-71.538,-8.86],[-71.526,-8.873],[-71.501,-8.87],[-71.489,-8.881],[-71.482,-8.883],[-71.485,-8.894],[-71.495,-8.891],[-71.5,-8.897],[-71.501,-8.904],[-71.506,-8.9],[-71.509,-8.906],[-71.515,-8.903],[-71.519,-8.909],[-71.527,-8.909],[-71.528,-8.914],[-71.536,-8.925],[-71.534,-8.929],[-71.538,-8.937],[-71.54,-8.938],[-71.543,-8.932],[-71.544,-8.938],[-71.548,-8.934],[-71.549,-8.944],[-71.555,-8.943],[-71.557,-8.946],[-71.564,-8.947],[-71.574,-8.962],[-71.567,-8.968],[-71.569,-8.98],[-71.575,-8.978],[-71.578,-8.984],[-71.585,-8.987],[-71.581,-8.994],[-71.586,-8.999],[-71.586,-9.007],[-71.594,-9.014],[-71.592,-9.022],[-71.598,-9.024],[-71.596,-9.03],[-71.602,-9.043],[-71.597,-9.053],[-71.598,-9.057],[-71.594,-9.06],[-71.597,-9.062],[-71.591,-9.063],[-71.597,-9.073],[-71.603,-9.073],[-71.61,-9.08],[-71.605,-9.087],[-71.612,-9.088],[-71.604,-9.092],[-71.605,-9.094],[-71.609,-9.092],[-71.61,-9.095],[-71.603,-9.099],[-71.606,-9.114],[-71.615,-9.118],[-71.605,-9.128],[-71.611,-9.129],[-71.627,-9.144],[-71.623,-9.153],[-71.619,-9.154],[-71.621,-9.159],[-71.618,-9.165],[-71.625,-9.182],[-71.615,-9.188],[-71.63,-9.197],[-71.63,-9.205],[-71.633,-9.202],[-71.637,-9.199],[-71.639,-9.205],[-71.644,-9.206],[-71.639,-9.21],[-71.641,-9.218],[-71.645,-9.218],[-71.649,-9.24],[-71.656,-9.237],[-71.658,-9.239],[-71.657,-9.246],[-71.67,-9.251],[-71.673,-9.258],[-71.681,-9.257],[-71.678,-9.261],[-71.684,-9.259],[-71.692,-9.268],[-71.7,-9.267],[-71.698,-9.27],[-71.703,-9.274],[-71.694,-9.28],[-71.699,-9.299],[-71.705,-9.303],[-71.704,-9.307],[-71.712,-9.308],[-71.715,-9.313],[-71.714,-9.316],[-71.718,-9.32],[-71.715,-9.321],[-71.719,-9.327],[-71.715,-9.329],[-71.718,-9.344],[-71.724,-9.344],[-71.731,-9.355],[-71.726,-9.358],[-71.729,-9.367],[-71.733,-9.368],[-71.724,-9.385],[-71.722,-9.401],[-71.726,-9.412],[-71.724,-9.426],[-71.73,-9.429],[-71.731,-9.441],[-71.738,-9.443],[-71.737,-9.45],[-71.747,-9.447],[-71.751,-9.453],[-71.751,-9.46],[-71.759,-9.471],[-71.776,-9.48],[-71.779,-9.483],[-71.788,-9.483],[-71.792,-9.486],[-71.793,-9.497],[-71.802,-9.505],[-71.794,-9.522],[-71.8,-9.528],[-71.809,-9.531],[-71.806,-9.539],[-71.811,-9.554],[-71.809,-9.558],[-71.808,-9.566],[-71.821,-9.579],[-71.827,-9.592],[-71.835,-9.594],[-71.839,-9.601],[-71.836,-9.622],[-71.87,-9.637],[-71.885,-9.653],[-71.884,-9.667],[-71.92,-9.686],[-71.929,-9.722],[-71.953,-9.714],[-71.992,-9.717],[-72.008,-9.754],[-72.036,-9.766],[-72.039,-9.767],[-72.035,-9.743],[-72.09,-9.758],[-72.111,-9.763],[-72.153,-9.797],[-72.176,-9.782],[-72.202,-9.774],[-72.215,-9.774],[-72.228,-9.762],[-72.237,-9.762],[-72.244,-9.766],[-72.252,-9.754],[-72.269,-9.75],[-72.271,-9.743],[-72.262,-9.726],[-72.264,-9.714],[-72.251,-9.691],[-72.252,-9.676],[-72.247,-9.663],[-72.246,-9.654],[-72.253,-9.651],[-72.259,-9.641],[-72.252,-9.617],[-72.254,-9.612],[-72.258,-9.611],[-72.271,-9.615],[-72.288,-9.601],[-72.283,-9.54],[-72.299,-9.534],[-72.313,-9.544],[-72.32,-9.542],[-72.33,-9.534],[-72.345,-9.545],[-72.354,-9.54],[-72.362,-9.531],[-72.366,-9.521],[-72.373,-9.52],[-72.368,-9.514],[-72.371,-9.514],[-72.371,-9.509],[-72.299,-9.504],[-72.276,-9.487],[-72.257,-9.463],[-72.252,-9.45],[-72.208,-9.406],[-72.156,-9.383],[-72.082,-9.264],[-72.07,-9.243],[-72.054,-9.218],[-72.045,-9.203],[-72.063,-9.179],[-72.043,-9.048],[-72.028,-8.973],[-72.036,-8.945],[-72.054,-8.934],[-72.044,-8.9],[-72.079,-8.867],[-72.081,-8.854],[-72.073,-8.841],[-72.053,-8.839],[-72.05,-8.832],[-72.044,-8.83],[-72.034,-8.823],[-72.019,-8.805],[-72.009,-8.8],[-72.004,-8.801],[-71.993,-8.794],[-71.99,-8.796],[-71.983,-8.785],[-71.968,-8.778],[-71.957,-8.785],[-71.927,-8.79],[-71.925,-8.794],[-71.918,-8.788],[-71.914,-8.799],[-71.909,-8.799],[-71.908,-8.807],[-71.897,-8.804],[-71.893,-8.812],[-71.887,-8.808],[-71.879,-8.81],[-71.872,-8.817],[-71.861,-8.821],[-71.852,-8.815],[-71.848,-8.826],[-71.841,-8.822],[-71.831,-8.828],[-71.828,-8.823],[-71.817,-8.825],[-71.811,-8.83],[-71.813,-8.822],[-71.794,-8.817],[-71.796,-8.806],[-71.787,-8.805],[-71.785,-8.813],[-71.782,-8.814],[-71.765,-8.799],[-71.764,-8.784],[-71.75,-8.776],[-71.752,-8.77],[-71.75,-8.764],[-71.741,-8.763],[-71.74,-8.755],[-71.729,-8.756],[-71.727,-8.749],[-71.719,-8.748],[-71.718,-8.741],[-71.712,-8.742],[-71.718,-8.736],[-71.718,-8.726],[-71.713,-8.722],[-71.709,-8.73],[-71.7,-8.728],[-71.693,-8.729],[-71.692,-8.719],[-71.674,-8.717],[-71.682,-8.708],[-71.682,-8.701],[-71.67,-8.699],[-71.659,-8.706],[-71.651,-8.696],[-71.647,-8.695],[-71.642,-8.698],[-71.636,-8.688],[-71.628,-8.688],[-71.623,-8.691],[-71.619,-8.69],[-71.626,-8.677],[-71.614,-8.665],[-71.609,-8.668],[-71.61,-8.677],[-71.607,-8.677],[-71.601,-8.674],[-71.604,-8.664],[-71.601,-8.66],[-71.584,-8.654],[-71.574,-8.657],[-71.566,-8.648],[-71.555,-8.647],[-71.559,-8.656]]]}},{"type":"Feature","properties":{"id":"1200336","nome":"M\u00e2ncio Lima"},"geometry":{"type":"Polygon","coordinates":[[[-73.12,-7.358],[-72.901,-7.437],[-72.888,-7.485],[-72.877,-7.527],[-72.87,-7.552],[-72.872,-7.559],[-72.865,-7.566],[-72.865,-7.574],[-72.859,-7.578],[-72.862,-7.58],[-72.851,-7.594],[-72.846,-7.597],[-72.847,-7.599],[-72.841,-7.602],[-72.84,-7.605],[-72.844,-7.605],[-72.841,-7.609],[-72.783,-7.661],[-72.792,-7.659],[-72.806,-7.664],[-72.811,-7.661],[-72.842,-7.661],[-72.847,-7.656],[-72.854,-7.659],[-72.86,-7.675],[-72.915,-7.664],[-72.93,-7.679],[-72.946,-7.689],[-72.953,-7.681],[-72.961,-7.683],[-72.978,-7.674],[-72.991,-7.671],[-73.0,-7.673],[-73.005,-7.67],[-73.018,-7.672],[-73.033,-7.67],[-73.039,-7.665],[-73.183,-7.725],[-73.217,-7.756],[-73.256,-7.791],[-73.307,-7.778],[-73.307,-7.773],[-73.301,-7.765],[-73.303,-7.752],[-73.318,-7.742],[-73.338,-7.731],[-73.331,-7.711],[-73.341,-7.711],[-73.354,-7.723],[-73.361,-7.723],[-73.367,-7.732],[-73.367,-7.737],[-73.374,-7.744],[-73.385,-7.744],[-73.386,-7.74],[-73.398,-7.747],[-73.403,-7.744],[-73.412,-7.751],[-73.422,-7.767],[-73.435,-7.766],[-73.443,-7.772],[-73.451,-7.773],[-73.455,-7.767],[-73.461,-7.768],[-73.462,-7.765],[-73.476,-7.758],[-73.486,-7.759],[-73.49,-7.752],[-73.497,-7.748],[-73.498,-7.739],[-73.503,-7.732],[-73.518,-7.725],[-73.535,-7.728],[-73.544,-7.715],[-73.675,-7.74],[-73.692,-7.768],[-73.714,-7.756],[-73.741,-7.734],[-73.787,-7.723],[-73.81,-7.723],[-73.822,-7.718],[-73.845,-7.676],[-73.858,-7.678],[-73.869,-7.672],[-73.886,-7.656],[-73.889,-7.632],[-73.909,-7.625],[-73.921,-7.617],[-73.943,-7.599],[-73.95,-7.588],[-73.969,-7.568],[-73.984,-7.567],[-73.991,-7.536],[-73.986,-7.531],[-73.969,-7.532],[-73.948,-7.527],[-73.933,-7.495],[-73.93,-7.478],[-73.92,-7.466],[-73.928,-7.452],[-73.932,-7.423],[-73.945,-7.406],[-73.968,-7.36],[-73.967,-7.352],[-73.959,-7.346],[-73.951,-7.347],[-73.944,-7.361],[-73.934,-7.352],[-73.91,-7.378],[-73.87,-7.379],[-73.86,-7.369],[-73.853,-7.347],[-73.83,-7.337],[-73.818,-7.335],[-73.793,-7.342],[-73.766,-7.332],[-73.76,-7.335],[-73.764,-7.348],[-73.756,-7.347],[-73.718,-7.328],[-73.7,-7.304],[-73.7,-7.293],[-73.716,-7.268],[-73.714,-7.234],[-73.724,-7.221],[-73.745,-7.21],[-73.754,-7.201],[-73.759,-7.171],[-73.776,-7.157],[-73.778,-7.146],[-73.794,-7.133],[-73.793,-7.124],[-73.801,-7.111],[-73.738,-7.134],[-73.726,-7.138],[-73.182,-7.335],[-73.12,-7.358]]]}},{"type":"Feature","properties":{"id":"1200344","nome":"Manoel Urbano"},"geometry":{"type":"Polygon","coordinates":[[[-68.941,-8.836],[-68.958,-8.842],[-68.964,-8.84],[-68.972,-8.843],[-68.985,-8.862],[-68.994,-8.87],[-69.009,-8.87],[-69.025,-8.887],[-69.039,-8.894],[-69.049,-8.891],[-69.071,-8.898],[-69.082,-8.905],[-69.085,-8.931],[-69.111,-8.955],[-69.176,-8.942],[-69.201,-8.956],[-69.223,-8.995],[-69.234,-9.04],[-69.256,-9.053],[-69.349,-9.046],[-69.387,-9.093],[-69.423,-9.113],[-69.432,-9.118],[-69.458,-9.145],[-69.559,-9.179],[-69.588,-9.179],[-69.615,-9.191],[-69.612,-9.209],[-69.668,-9.236],[-69.691,-9.23],[-69.706,-9.251],[-69.77,-9.339],[-69.785,-9.33],[-69.797,-9.334],[-69.791,-9.355],[-69.784,-9.38],[-69.81,-9.412],[-69.818,-9.424],[-69.847,-9.424],[-69.855,-9.429],[-69.861,-9.439],[-69.868,-9.467],[-69.869,-9.521],[-69.879,-9.542],[-69.931,-9.611],[-69.927,-9.629],[-69.946,-9.675],[-69.972,-9.707],[-69.978,-9.725],[-69.977,-9.782],[-70.021,-9.832],[-70.039,-9.866],[-70.032,-9.893],[-70.044,-9.931],[-70.038,-9.952],[-70.043,-9.99],[-70.112,-10.151],[-70.115,-10.152],[-70.136,-10.194],[-70.152,-10.205],[-70.162,-10.229],[-70.187,-10.256],[-70.212,-10.274],[-70.227,-10.292],[-70.219,-10.312],[-70.24,-10.342],[-70.25,-10.373],[-70.255,-10.395],[-70.254,-10.402],[-70.256,-10.425],[-70.625,-10.425],[-70.624,-10.075],[-70.577,-10.022],[-70.559,-10.023],[-70.545,-10.01],[-70.535,-10.007],[-70.519,-9.984],[-70.509,-9.978],[-70.507,-9.97],[-70.499,-9.962],[-70.478,-9.951],[-70.475,-9.953],[-70.445,-9.942],[-70.439,-9.911],[-70.402,-9.883],[-70.377,-9.857],[-70.367,-9.842],[-70.356,-9.832],[-70.355,-9.826],[-70.341,-9.81],[-70.325,-9.8],[-70.328,-9.785],[-70.323,-9.773],[-70.325,-9.77],[-70.321,-9.768],[-70.319,-9.754],[-70.311,-9.752],[-70.301,-9.742],[-70.296,-9.744],[-70.291,-9.735],[-70.293,-9.729],[-70.285,-9.723],[-70.288,-9.719],[-70.285,-9.716],[-70.281,-9.717],[-70.271,-9.713],[-70.273,-9.708],[-70.268,-9.707],[-70.269,-9.704],[-70.272,-9.704],[-70.263,-9.695],[-70.264,-9.693],[-70.261,-9.693],[-70.256,-9.681],[-70.24,-9.675],[-70.242,-9.665],[-70.24,-9.669],[-70.235,-9.668],[-70.233,-9.663],[-70.225,-9.661],[-70.226,-9.658],[-70.221,-9.658],[-70.225,-9.652],[-70.213,-9.643],[-70.212,-9.634],[-70.204,-9.624],[-70.203,-9.627],[-70.193,-9.622],[-70.189,-9.624],[-70.19,-9.616],[-70.183,-9.611],[-70.188,-9.6],[-70.179,-9.593],[-70.181,-9.59],[-70.176,-9.587],[-70.175,-9.581],[-70.164,-9.582],[-70.163,-9.573],[-70.158,-9.569],[-70.159,-9.565],[-70.153,-9.558],[-70.146,-9.553],[-70.142,-9.556],[-70.143,-9.559],[-70.141,-9.559],[-70.138,-9.553],[-70.133,-9.552],[-70.135,-9.549],[-70.132,-9.541],[-70.124,-9.539],[-70.123,-9.534],[-70.119,-9.539],[-70.109,-9.541],[-70.112,-9.536],[-70.108,-9.533],[-70.102,-9.538],[-70.1,-9.532],[-70.091,-9.536],[-70.087,-9.534],[-70.083,-9.538],[-70.076,-9.538],[-70.075,-9.53],[-70.062,-9.523],[-70.058,-9.529],[-70.043,-9.523],[-70.042,-9.527],[-70.038,-9.526],[-70.037,-9.531],[-70.028,-9.523],[-70.035,-9.522],[-70.038,-9.518],[-70.034,-9.513],[-70.036,-9.505],[-70.155,-9.472],[-70.204,-9.438],[-70.271,-9.42],[-70.331,-9.396],[-70.327,-9.391],[-70.319,-9.388],[-70.31,-9.367],[-70.301,-9.356],[-70.299,-9.338],[-70.285,-9.336],[-70.27,-9.34],[-70.267,-9.309],[-70.259,-9.311],[-70.258,-9.307],[-70.247,-9.312],[-70.239,-9.299],[-70.225,-9.294],[-70.21,-9.276],[-70.185,-9.269],[-70.153,-9.267],[-70.144,-9.283],[-70.129,-9.282],[-70.116,-9.288],[-70.102,-9.278],[-70.09,-9.28],[-70.087,-9.278],[-70.08,-9.28],[-70.081,-9.284],[-70.069,-9.283],[-70.062,-9.288],[-70.06,-9.286],[-70.051,-9.289],[-70.041,-9.284],[-70.039,-9.286],[-70.032,-9.276],[-70.027,-9.278],[-70.019,-9.266],[-70.021,-9.262],[-70.01,-9.255],[-70.012,-9.252],[-70.001,-9.251],[-69.999,-9.256],[-69.985,-9.259],[-69.977,-9.252],[-69.98,-9.248],[-69.973,-9.25],[-69.973,-9.246],[-69.965,-9.239],[-69.968,-9.236],[-69.957,-9.23],[-69.951,-9.239],[-69.938,-9.238],[-69.937,-9.241],[-69.927,-9.237],[-69.92,-9.243],[-69.913,-9.242],[-69.91,-9.246],[-69.907,-9.242],[-69.911,-9.238],[-69.908,-9.228],[-69.895,-9.234],[-69.892,-9.232],[-69.894,-9.227],[-69.907,-9.222],[-69.904,-9.213],[-69.901,-9.213],[-69.894,-9.221],[-69.887,-9.214],[-69.884,-9.219],[-69.88,-9.219],[-69.877,-9.203],[-69.869,-9.204],[-69.862,-9.196],[-69.85,-9.196],[-69.848,-9.183],[-69.854,-9.179],[-69.84,-9.173],[-69.846,-9.161],[-69.833,-9.162],[-69.829,-9.155],[-69.831,-9.151],[-69.845,-9.15],[-69.848,-9.147],[-69.848,-9.14],[-69.842,-9.138],[-69.837,-9.14],[-69.831,-9.149],[-69.82,-9.145],[-69.801,-9.129],[-69.799,-9.117],[-69.796,-9.112],[-69.806,-9.104],[-69.814,-9.101],[-69.816,-9.084],[-69.826,-9.077],[-69.83,-9.062],[-69.827,-9.051],[-69.832,-9.043],[-69.832,-9.035],[-69.852,-8.991],[-69.865,-8.957],[-69.847,-8.948],[-69.834,-8.934],[-69.795,-8.84],[-69.758,-8.782],[-69.731,-8.767],[-69.68,-8.707],[-69.661,-8.681],[-69.64,-8.673],[-69.633,-8.665],[-69.62,-8.65],[-69.608,-8.645],[-69.583,-8.644],[-69.575,-8.636],[-69.568,-8.612],[-69.558,-8.598],[-69.559,-8.593],[-69.552,-8.58],[-69.551,-8.558],[-69.542,-8.546],[-69.534,-8.528],[-69.528,-8.524],[-69.515,-8.494],[-69.509,-8.458],[-69.498,-8.444],[-69.495,-8.431],[-69.48,-8.422],[-69.477,-8.411],[-69.456,-8.398],[-69.449,-8.388],[-69.444,-8.366],[-69.286,-8.501],[-69.212,-8.564],[-69.062,-8.693],[-68.995,-8.75],[-68.968,-8.773],[-68.922,-8.813],[-68.923,-8.818],[-68.941,-8.836]]]}},{"type":"Feature","properties":{"id":"1200351","nome":"Marechal Thaumaturgo"},"geometry":{"type":"Polygon","coordinates":[[[-72.693,-8.696],[-72.683,-8.749],[-72.655,-8.756],[-72.647,-8.766],[-72.637,-8.773],[-72.605,-8.773],[-72.561,-8.765],[-72.526,-8.774],[-72.504,-8.773],[-72.495,-8.778],[-72.482,-8.773],[-72.476,-8.766],[-72.476,-8.76],[-72.466,-8.754],[-72.445,-8.76],[-72.431,-8.762],[-72.425,-8.76],[-72.407,-8.766],[-72.403,-8.768],[-72.379,-8.767],[-72.374,-8.778],[-72.36,-8.782],[-72.303,-8.762],[-72.257,-8.724],[-72.214,-8.701],[-72.197,-8.701],[-72.144,-8.712],[-72.125,-8.828],[-72.079,-8.867],[-72.044,-8.9],[-72.054,-8.934],[-72.036,-8.945],[-72.028,-8.973],[-72.043,-9.048],[-72.063,-9.179],[-72.045,-9.203],[-72.054,-9.218],[-72.07,-9.243],[-72.082,-9.264],[-72.156,-9.383],[-72.208,-9.406],[-72.252,-9.45],[-72.257,-9.463],[-72.276,-9.487],[-72.299,-9.504],[-72.371,-9.509],[-72.37,-9.505],[-72.379,-9.503],[-72.383,-9.496],[-72.387,-9.494],[-72.392,-9.497],[-72.395,-9.489],[-72.399,-9.489],[-72.402,-9.494],[-72.407,-9.494],[-72.411,-9.49],[-72.416,-9.491],[-72.419,-9.486],[-72.426,-9.487],[-72.437,-9.476],[-72.441,-9.481],[-72.447,-9.482],[-72.45,-9.479],[-72.455,-9.483],[-72.457,-9.48],[-72.463,-9.479],[-72.464,-9.483],[-72.469,-9.48],[-72.47,-9.475],[-72.472,-9.481],[-72.477,-9.479],[-72.481,-9.481],[-72.482,-9.487],[-72.486,-9.488],[-72.503,-9.482],[-72.508,-9.486],[-72.515,-9.48],[-72.517,-9.483],[-72.516,-9.48],[-72.524,-9.483],[-72.53,-9.482],[-72.532,-9.486],[-72.542,-9.485],[-72.546,-9.491],[-72.55,-9.489],[-72.549,-9.485],[-72.557,-9.483],[-72.554,-9.48],[-72.557,-9.481],[-72.56,-9.475],[-72.564,-9.476],[-72.566,-9.47],[-72.568,-9.473],[-72.572,-9.466],[-72.575,-9.469],[-72.58,-9.467],[-72.582,-9.47],[-72.584,-9.467],[-72.588,-9.474],[-72.588,-9.465],[-72.594,-9.466],[-72.594,-9.461],[-72.603,-9.466],[-72.604,-9.457],[-72.611,-9.461],[-72.62,-9.456],[-72.624,-9.458],[-72.637,-9.454],[-72.639,-9.45],[-72.648,-9.454],[-72.651,-9.447],[-72.655,-9.447],[-72.657,-9.444],[-72.663,-9.447],[-72.672,-9.443],[-72.67,-9.445],[-72.674,-9.448],[-72.681,-9.447],[-72.684,-9.452],[-72.685,-9.447],[-72.69,-9.449],[-72.697,-9.443],[-72.696,-9.439],[-72.706,-9.44],[-72.711,-9.434],[-72.715,-9.435],[-72.715,-9.439],[-72.719,-9.436],[-72.724,-9.44],[-72.723,-9.434],[-72.729,-9.436],[-72.727,-9.43],[-72.732,-9.434],[-72.741,-9.43],[-72.747,-9.42],[-72.745,-9.413],[-72.75,-9.41],[-72.819,-9.411],[-72.943,-9.411],[-73.208,-9.412],[-73.212,-9.411],[-73.213,-9.408],[-73.195,-9.395],[-73.193,-9.371],[-73.188,-9.361],[-73.179,-9.356],[-73.159,-9.352],[-73.151,-9.337],[-73.14,-9.329],[-73.13,-9.314],[-73.102,-9.306],[-73.102,-9.301],[-73.113,-9.287],[-73.113,-9.28],[-73.098,-9.269],[-73.078,-9.237],[-73.058,-9.226],[-73.048,-9.237],[-73.042,-9.237],[-73.024,-9.228],[-73.021,-9.221],[-73.008,-9.215],[-73.004,-9.203],[-72.996,-9.199],[-72.995,-9.194],[-73.016,-9.184],[-73.018,-9.177],[-73.004,-9.165],[-72.974,-9.153],[-72.953,-9.129],[-72.948,-9.11],[-72.944,-9.097],[-72.948,-9.083],[-72.941,-9.064],[-72.946,-9.049],[-72.946,-9.036],[-72.957,-9.016],[-72.955,-9.009],[-72.946,-9.004],[-72.942,-8.987],[-72.967,-8.979],[-72.976,-8.952],[-72.992,-8.919],[-73.01,-8.913],[-73.022,-8.913],[-73.022,-8.893],[-73.027,-8.909],[-73.034,-8.916],[-73.045,-8.903],[-73.055,-8.877],[-73.057,-8.864],[-73.063,-8.854],[-73.064,-8.84],[-73.073,-8.839],[-73.09,-8.818],[-73.092,-8.789],[-73.108,-8.77],[-73.111,-8.758],[-73.1,-8.756],[-73.078,-8.758],[-73.06,-8.765],[-73.052,-8.761],[-73.029,-8.76],[-73.015,-8.754],[-72.997,-8.756],[-72.964,-8.741],[-72.944,-8.745],[-72.927,-8.756],[-72.924,-8.762],[-72.914,-8.758],[-72.907,-8.752],[-72.885,-8.747],[-72.865,-8.748],[-72.854,-8.738],[-72.85,-8.728],[-72.839,-8.73],[-72.835,-8.727],[-72.829,-8.733],[-72.827,-8.728],[-72.817,-8.726],[-72.773,-8.727],[-72.771,-8.723],[-72.75,-8.717],[-72.737,-8.702],[-72.735,-8.684],[-72.728,-8.672],[-72.716,-8.688],[-72.7,-8.689],[-72.693,-8.696]]]}},{"type":"Feature","properties":{"id":"1200385","nome":"Pl\u00e1cido de Castro"},"geometry":{"type":"Polygon","coordinates":[[[-67.125,-9.971],[-67.099,-10.103],[-67.077,-10.091],[-67.076,-10.11],[-67.076,-10.196],[-67.071,-10.202],[-67.002,-10.217],[-67.001,-10.23],[-67.005,-10.231],[-67.005,-10.244],[-67.011,-10.254],[-67.016,-10.258],[-67.022,-10.255],[-67.024,-10.258],[-67.03,-10.257],[-67.036,-10.264],[-67.04,-10.262],[-67.043,-10.266],[-67.048,-10.265],[-67.052,-10.271],[-67.048,-10.276],[-67.055,-10.279],[-67.076,-10.285],[-67.079,-10.289],[-67.088,-10.29],[-67.088,-10.286],[-67.098,-10.282],[-67.1,-10.286],[-67.105,-10.286],[-67.114,-10.292],[-67.131,-10.293],[-67.136,-10.298],[-67.139,-10.309],[-67.128,-10.316],[-67.136,-10.319],[-67.139,-10.316],[-67.143,-10.326],[-67.147,-10.324],[-67.151,-10.327],[-67.163,-10.33],[-67.169,-10.337],[-67.187,-10.34],[-67.195,-10.325],[-67.201,-10.323],[-67.219,-10.324],[-67.224,-10.316],[-67.235,-10.317],[-67.248,-10.326],[-67.266,-10.333],[-67.27,-10.326],[-67.278,-10.322],[-67.286,-10.32],[-67.294,-10.325],[-67.296,-10.322],[-67.302,-10.324],[-67.315,-10.319],[-67.321,-10.322],[-67.327,-10.335],[-67.315,-10.347],[-67.318,-10.36],[-67.311,-10.376],[-67.328,-10.383],[-67.338,-10.376],[-67.343,-10.376],[-67.351,-10.38],[-67.354,-10.387],[-67.35,-10.392],[-67.356,-10.393],[-67.367,-10.377],[-67.378,-10.383],[-67.393,-10.375],[-67.396,-10.378],[-67.398,-10.372],[-67.407,-10.374],[-67.423,-10.394],[-67.413,-10.401],[-67.413,-10.427],[-67.419,-10.43],[-67.43,-10.43],[-67.436,-10.439],[-67.435,-10.447],[-67.444,-10.455],[-67.468,-10.461],[-67.475,-10.467],[-67.491,-10.473],[-67.502,-10.471],[-67.514,-10.478],[-67.518,-10.491],[-67.547,-10.49],[-67.557,-10.497],[-67.579,-10.503],[-67.587,-10.51],[-67.597,-10.51],[-67.606,-10.504],[-67.613,-10.49],[-67.624,-10.48],[-67.659,-10.48],[-67.663,-10.473],[-67.68,-10.462],[-67.688,-10.453],[-67.696,-10.453],[-67.696,-10.44],[-67.706,-10.433],[-67.696,-10.417],[-67.687,-10.412],[-67.68,-10.391],[-67.667,-10.391],[-67.658,-10.398],[-67.646,-10.39],[-67.637,-10.363],[-67.638,-10.352],[-67.626,-10.343],[-67.627,-10.334],[-67.621,-10.328],[-67.624,-10.32],[-67.613,-10.315],[-67.612,-10.302],[-67.612,-10.298],[-67.598,-10.306],[-67.539,-10.28],[-67.533,-10.275],[-67.51,-10.268],[-67.502,-10.26],[-67.501,-10.25],[-67.502,-10.242],[-67.498,-10.234],[-67.491,-10.226],[-67.483,-10.223],[-67.464,-10.194],[-67.46,-10.178],[-67.441,-10.159],[-67.429,-10.127],[-67.425,-10.096],[-67.416,-10.092],[-67.346,-10.062],[-67.306,-10.062],[-67.296,-10.061],[-67.274,-10.045],[-67.27,-10.042],[-67.246,-10.026],[-67.161,-9.982],[-67.137,-9.975],[-67.125,-9.971]]]}},{"type":"Feature","properties":{"id":"1200393","nome":"Porto Walter"},"geometry":{"type":"Polygon","coordinates":[[[-72.808,-8.122],[-72.804,-8.137],[-72.807,-8.161],[-72.793,-8.163],[-72.796,-8.175],[-72.793,-8.178],[-72.796,-8.182],[-72.794,-8.2],[-72.76,-8.196],[-72.752,-8.203],[-72.754,-8.211],[-72.749,-8.213],[-72.749,-8.208],[-72.739,-8.202],[-72.729,-8.201],[-72.719,-8.21],[-72.712,-8.209],[-72.709,-8.212],[-72.702,-8.21],[-72.692,-8.216],[-72.687,-8.224],[-72.68,-8.226],[-72.675,-8.224],[-72.634,-8.185],[-72.57,-8.188],[-72.556,-8.187],[-72.542,-8.197],[-72.546,-8.201],[-72.536,-8.208],[-72.537,-8.214],[-72.534,-8.214],[-72.533,-8.209],[-72.527,-8.213],[-72.525,-8.217],[-72.519,-8.215],[-72.516,-8.223],[-72.503,-8.232],[-72.469,-8.236],[-72.463,-8.231],[-72.456,-8.23],[-72.432,-8.25],[-72.429,-8.247],[-72.422,-8.248],[-72.408,-8.258],[-72.397,-8.255],[-72.38,-8.242],[-72.364,-8.248],[-72.358,-8.24],[-72.333,-8.234],[-72.33,-8.23],[-72.322,-8.23],[-72.302,-8.208],[-72.287,-8.21],[-72.278,-8.223],[-72.265,-8.222],[-72.266,-8.261],[-72.226,-8.281],[-72.233,-8.3],[-72.266,-8.391],[-72.232,-8.41],[-72.228,-8.517],[-72.201,-8.552],[-72.208,-8.562],[-72.23,-8.599],[-72.214,-8.701],[-72.257,-8.724],[-72.303,-8.762],[-72.36,-8.782],[-72.374,-8.778],[-72.379,-8.767],[-72.403,-8.768],[-72.407,-8.766],[-72.425,-8.76],[-72.431,-8.762],[-72.445,-8.76],[-72.466,-8.754],[-72.476,-8.76],[-72.476,-8.766],[-72.482,-8.773],[-72.495,-8.778],[-72.504,-8.773],[-72.526,-8.774],[-72.561,-8.765],[-72.605,-8.773],[-72.637,-8.773],[-72.647,-8.766],[-72.655,-8.756],[-72.683,-8.749],[-72.693,-8.696],[-72.7,-8.689],[-72.716,-8.688],[-72.728,-8.672],[-72.735,-8.684],[-72.737,-8.702],[-72.75,-8.717],[-72.771,-8.723],[-72.773,-8.727],[-72.817,-8.726],[-72.827,-8.728],[-72.829,-8.733],[-72.835,-8.727],[-72.839,-8.73],[-72.85,-8.728],[-72.854,-8.738],[-72.865,-8.748],[-72.885,-8.747],[-72.907,-8.752],[-72.914,-8.758],[-72.924,-8.762],[-72.927,-8.756],[-72.944,-8.745],[-72.964,-8.741],[-72.997,-8.756],[-73.015,-8.754],[-73.029,-8.76],[-73.052,-8.761],[-73.06,-8.765],[-73.078,-8.758],[-73.1,-8.756],[-73.111,-8.758],[-73.115,-8.729],[-73.125,-8.711],[-73.136,-8.702],[-73.15,-8.684],[-73.162,-8.688],[-73.181,-8.679],[-73.198,-8.687],[-73.209,-8.686],[-73.217,-8.678],[-73.223,-8.678],[-73.231,-8.666],[-73.24,-8.666],[-73.252,-8.654],[-73.251,-8.633],[-73.256,-8.628],[-73.264,-8.633],[-73.263,-8.62],[-73.272,-8.615],[-73.287,-8.619],[-73.292,-8.596],[-73.285,-8.578],[-73.282,-8.561],[-73.293,-8.509],[-73.306,-8.472],[-73.329,-8.477],[-73.331,-8.474],[-73.24,-8.403],[-73.22,-8.396],[-73.2,-8.377],[-73.176,-8.377],[-73.132,-8.351],[-73.101,-8.341],[-73.086,-8.3],[-73.067,-8.289],[-73.038,-8.283],[-73.022,-8.263],[-73.011,-8.254],[-73.01,-8.243],[-73.0,-8.241],[-73.001,-8.227],[-72.999,-8.223],[-72.993,-8.22],[-72.984,-8.222],[-72.981,-8.217],[-72.977,-8.22],[-72.974,-8.215],[-72.971,-8.218],[-72.967,-8.213],[-72.964,-8.216],[-72.958,-8.21],[-72.949,-8.212],[-72.944,-8.21],[-72.944,-8.201],[-72.937,-8.198],[-72.925,-8.202],[-72.928,-8.198],[-72.922,-8.195],[-72.921,-8.198],[-72.908,-8.188],[-72.893,-8.184],[-72.878,-8.171],[-72.866,-8.164],[-72.868,-8.162],[-72.864,-8.161],[-72.866,-8.156],[-72.861,-8.154],[-72.861,-8.157],[-72.855,-8.159],[-72.857,-8.156],[-72.857,-8.146],[-72.846,-8.146],[-72.831,-8.136],[-72.832,-8.132],[-72.828,-8.13],[-72.826,-8.133],[-72.825,-8.13],[-72.808,-8.122]]]}},{"type":"Feature","properties":{"id":"1200401","nome":"Rio Branco"},"geometry":{"type":"Polygon","coordinates":[[[-68.584,-9.539],[-68.514,-9.589],[-68.511,-9.576],[-68.505,-9.572],[-68.496,-9.575],[-68.487,-9.57],[-68.485,-9.561],[-68.473,-9.552],[-68.472,-9.547],[-68.466,-9.546],[-68.463,-9.549],[-68.462,-9.546],[-68.454,-9.551],[-68.447,-9.546],[-68.44,-9.546],[-68.439,-9.541],[-68.435,-9.54],[-68.428,-9.541],[-68.425,-9.545],[-68.418,-9.545],[-68.425,-9.559],[-68.422,-9.568],[-68.429,-9.586],[-68.428,-9.599],[-68.444,-9.609],[-68.455,-9.624],[-68.451,-9.632],[-68.441,-9.639],[-68.442,-9.656],[-68.434,-9.666],[-68.431,-9.675],[-68.427,-9.711],[-68.428,-9.719],[-68.442,-9.827],[-68.428,-9.826],[-68.424,-9.818],[-68.415,-9.811],[-68.396,-9.804],[-68.392,-9.798],[-68.392,-9.789],[-68.38,-9.782],[-68.367,-9.78],[-68.349,-9.786],[-68.343,-9.783],[-68.332,-9.783],[-68.325,-9.789],[-68.3,-9.794],[-68.291,-9.808],[-68.275,-9.825],[-68.27,-9.83],[-68.169,-9.941],[-68.152,-9.96],[-68.151,-9.953],[-68.135,-9.934],[-68.123,-9.939],[-68.101,-9.93],[-68.089,-9.921],[-68.086,-9.91],[-68.074,-9.903],[-68.069,-9.896],[-68.054,-9.888],[-68.047,-9.891],[-68.039,-9.883],[-67.995,-9.861],[-67.976,-9.847],[-67.965,-9.854],[-67.949,-9.854],[-67.933,-9.849],[-67.926,-9.854],[-67.923,-9.851],[-67.919,-9.846],[-67.906,-9.846],[-67.902,-9.842],[-67.867,-9.841],[-67.86,-9.845],[-67.853,-9.858],[-67.844,-9.86],[-67.83,-9.87],[-67.825,-9.848],[-67.835,-9.826],[-67.831,-9.807],[-67.822,-9.794],[-67.827,-9.782],[-67.815,-9.768],[-67.796,-9.762],[-67.796,-9.779],[-67.744,-9.74],[-67.703,-9.787],[-67.716,-9.804],[-67.707,-9.817],[-67.71,-9.836],[-67.685,-9.834],[-67.669,-9.854],[-67.653,-9.863],[-67.642,-9.862],[-67.625,-9.856],[-67.601,-9.865],[-67.608,-9.851],[-67.599,-9.851],[-67.592,-9.843],[-67.594,-9.828],[-67.592,-9.824],[-67.581,-9.824],[-67.578,-9.826],[-67.581,-9.839],[-67.576,-9.845],[-67.571,-9.845],[-67.566,-9.852],[-67.557,-9.854],[-67.546,-9.85],[-67.53,-9.855],[-67.513,-9.885],[-67.511,-9.896],[-67.517,-9.906],[-67.482,-9.927],[-67.497,-9.967],[-67.496,-9.978],[-67.489,-9.987],[-67.49,-9.997],[-67.499,-10.004],[-67.501,-10.02],[-67.51,-10.025],[-67.529,-10.022],[-67.534,-10.034],[-67.552,-10.044],[-67.56,-10.058],[-67.581,-10.069],[-67.61,-10.048],[-67.62,-10.048],[-67.636,-10.058],[-67.647,-10.081],[-67.671,-10.102],[-67.757,-10.11],[-67.759,-10.109],[-67.771,-10.109],[-67.778,-10.104],[-67.79,-10.095],[-67.812,-10.087],[-67.82,-10.089],[-67.816,-10.099],[-67.82,-10.1],[-67.821,-10.107],[-67.829,-10.109],[-67.828,-10.113],[-67.821,-10.113],[-67.828,-10.123],[-67.822,-10.124],[-67.813,-10.132],[-67.813,-10.137],[-67.821,-10.144],[-67.813,-10.148],[-67.818,-10.158],[-67.817,-10.162],[-67.809,-10.16],[-67.806,-10.163],[-67.811,-10.169],[-67.81,-10.18],[-67.809,-10.182],[-67.803,-10.179],[-67.802,-10.185],[-67.811,-10.195],[-67.81,-10.199],[-67.804,-10.198],[-67.804,-10.204],[-67.824,-10.207],[-67.827,-10.21],[-67.826,-10.213],[-67.817,-10.216],[-67.812,-10.225],[-67.817,-10.225],[-67.815,-10.233],[-67.821,-10.237],[-67.824,-10.244],[-67.83,-10.243],[-67.833,-10.248],[-67.83,-10.259],[-67.819,-10.262],[-67.818,-10.267],[-67.833,-10.274],[-67.842,-10.269],[-67.846,-10.27],[-67.856,-10.284],[-67.844,-10.28],[-67.843,-10.283],[-67.847,-10.287],[-67.856,-10.288],[-67.946,-10.288],[-67.948,-10.3],[-67.953,-10.303],[-67.951,-10.307],[-67.954,-10.307],[-67.96,-10.314],[-67.969,-10.312],[-67.971,-10.315],[-67.982,-10.317],[-67.999,-10.316],[-68.009,-10.323],[-68.015,-10.335],[-68.029,-10.341],[-68.028,-10.344],[-68.038,-10.351],[-68.035,-10.364],[-68.025,-10.372],[-68.026,-10.379],[-68.031,-10.379],[-68.041,-10.389],[-68.045,-10.389],[-68.048,-10.383],[-68.054,-10.385],[-68.057,-10.38],[-68.061,-10.382],[-68.063,-10.379],[-68.07,-10.383],[-68.088,-10.369],[-68.088,-10.365],[-68.097,-10.364],[-68.103,-10.369],[-68.112,-10.366],[-68.117,-10.367],[-68.123,-10.375],[-68.139,-10.375],[-68.144,-10.371],[-68.151,-10.37],[-68.162,-10.376],[-68.165,-10.374],[-68.18,-10.377],[-68.186,-10.382],[-68.201,-10.374],[-68.207,-10.375],[-68.21,-10.38],[-68.219,-10.381],[-68.229,-10.39],[-68.232,-10.385],[-68.24,-10.389],[-68.242,-10.386],[-68.251,-10.387],[-68.256,-10.391],[-68.272,-10.388],[-68.277,-10.393],[-68.282,-10.404],[-68.294,-10.406],[-68.314,-10.418],[-68.328,-10.409],[-68.325,-10.394],[-68.388,-10.38],[-68.39,-10.373],[-68.354,-10.358],[-68.351,-10.332],[-68.375,-10.312],[-68.416,-10.307],[-68.412,-10.292],[-68.416,-10.277],[-68.412,-10.268],[-68.428,-10.264],[-68.437,-10.267],[-68.452,-10.248],[-68.456,-10.211],[-68.444,-10.191],[-68.453,-10.183],[-68.466,-10.186],[-68.472,-10.195],[-68.47,-10.216],[-68.489,-10.228],[-68.491,-10.246],[-68.496,-10.254],[-68.507,-10.26],[-68.527,-10.257],[-68.53,-10.263],[-68.528,-10.269],[-68.535,-10.276],[-68.543,-10.274],[-68.553,-10.28],[-68.566,-10.273],[-68.57,-10.276],[-68.569,-10.28],[-68.579,-10.284],[-68.582,-10.295],[-68.592,-10.294],[-68.596,-10.3],[-68.605,-10.299],[-68.617,-10.307],[-68.633,-10.305],[-68.642,-10.306],[-68.647,-10.314],[-68.657,-10.319],[-68.661,-10.328],[-68.681,-10.331],[-68.685,-10.34],[-68.682,-10.344],[-68.683,-10.354],[-68.688,-10.359],[-68.695,-10.356],[-68.698,-10.362],[-68.707,-10.365],[-68.713,-10.384],[-68.869,-10.385],[-69.132,-10.385],[-69.149,-10.385],[-69.152,-10.399],[-69.17,-10.402],[-69.183,-10.399],[-69.188,-10.407],[-69.194,-10.407],[-69.196,-10.413],[-69.211,-10.415],[-69.213,-10.418],[-69.221,-10.415],[-69.226,-10.424],[-69.246,-10.436],[-69.249,-10.455],[-69.269,-10.459],[-69.289,-10.471],[-69.308,-10.47],[-69.313,-10.474],[-69.323,-10.472],[-69.342,-10.485],[-69.364,-10.463],[-69.342,-10.403],[-69.311,-10.364],[-69.172,-10.287],[-69.135,-10.274],[-69.121,-10.269],[-69.037,-10.164],[-68.885,-10.063],[-68.801,-9.962],[-68.735,-9.916],[-68.702,-9.892],[-68.694,-9.887],[-68.667,-9.841],[-68.693,-9.75],[-68.7,-9.679],[-68.694,-9.651],[-68.673,-9.56],[-68.633,-9.516],[-68.608,-9.505],[-68.601,-9.538],[-68.584,-9.539]]]}},{"type":"Feature","properties":{"id":"1200427","nome":"Rodrigues Alves"},"geometry":{"type":"Polygon","coordinates":[[[-72.78,-7.693],[-72.748,-7.713],[-72.734,-7.722],[-72.731,-7.724],[-72.724,-7.721],[-72.653,-7.694],[-72.651,-7.678],[-72.644,-7.676],[-72.64,-7.692],[-72.644,-7.723],[-72.644,-7.725],[-72.645,-7.734],[-72.625,-7.756],[-72.625,-7.762],[-72.642,-7.772],[-72.612,-7.771],[-72.609,-7.78],[-72.613,-7.783],[-72.621,-7.776],[-72.637,-7.785],[-72.646,-7.786],[-72.639,-7.79],[-72.633,-7.811],[-72.628,-7.809],[-72.625,-7.799],[-72.616,-7.808],[-72.616,-7.813],[-72.641,-7.816],[-72.646,-7.823],[-72.659,-7.826],[-72.661,-7.833],[-72.68,-7.825],[-72.689,-7.834],[-72.685,-7.839],[-72.691,-7.843],[-72.693,-7.849],[-72.701,-7.843],[-72.717,-7.844],[-72.717,-7.855],[-72.702,-7.855],[-72.71,-7.864],[-72.715,-7.863],[-72.721,-7.852],[-72.726,-7.851],[-72.735,-7.859],[-72.726,-7.862],[-72.728,-7.87],[-72.741,-7.87],[-72.743,-7.883],[-72.749,-7.881],[-72.746,-7.871],[-72.749,-7.868],[-72.756,-7.871],[-72.76,-7.88],[-72.765,-7.88],[-72.768,-7.876],[-72.778,-7.882],[-72.782,-7.895],[-72.795,-7.897],[-72.797,-7.904],[-72.803,-7.906],[-72.804,-7.903],[-72.806,-7.898],[-72.81,-7.901],[-72.821,-7.901],[-72.833,-7.911],[-72.837,-7.912],[-72.84,-7.908],[-72.85,-7.911],[-72.853,-7.908],[-72.865,-7.915],[-72.875,-7.918],[-72.878,-7.916],[-72.894,-7.927],[-72.923,-7.923],[-72.927,-7.93],[-72.948,-7.943],[-72.963,-7.944],[-72.967,-7.933],[-72.993,-7.941],[-72.997,-7.938],[-73.032,-7.931],[-73.044,-7.934],[-73.053,-7.941],[-73.075,-7.944],[-73.089,-7.934],[-73.097,-7.941],[-73.115,-7.931],[-73.116,-7.923],[-73.106,-7.906],[-73.105,-7.898],[-73.092,-7.884],[-73.104,-7.888],[-73.107,-7.886],[-73.131,-7.899],[-73.134,-7.896],[-73.154,-7.899],[-73.164,-7.898],[-73.169,-7.893],[-73.184,-7.902],[-73.2,-7.902],[-73.204,-7.91],[-73.212,-7.909],[-73.233,-7.927],[-73.238,-7.939],[-73.249,-7.935],[-73.258,-7.949],[-73.265,-7.95],[-73.292,-7.979],[-73.321,-7.992],[-73.328,-7.984],[-73.331,-7.988],[-73.342,-7.982],[-73.358,-7.984],[-73.368,-7.989],[-73.374,-7.987],[-73.387,-7.998],[-73.39,-8.01],[-73.399,-8.023],[-73.397,-8.029],[-73.424,-8.033],[-73.63,-8.051],[-73.624,-8.04],[-73.624,-8.029],[-73.64,-8.008],[-73.65,-8.003],[-73.664,-8.009],[-73.678,-8.005],[-73.689,-7.972],[-73.698,-7.961],[-73.718,-7.96],[-73.729,-7.969],[-73.732,-7.968],[-73.735,-7.962],[-73.747,-7.953],[-73.747,-7.936],[-73.751,-7.924],[-73.772,-7.902],[-73.771,-7.897],[-73.753,-7.892],[-73.767,-7.871],[-73.762,-7.858],[-73.757,-7.859],[-73.743,-7.873],[-73.713,-7.876],[-73.7,-7.869],[-73.69,-7.854],[-73.684,-7.845],[-73.687,-7.821],[-73.682,-7.79],[-73.684,-7.776],[-73.692,-7.768],[-73.675,-7.74],[-73.544,-7.715],[-73.535,-7.728],[-73.518,-7.725],[-73.503,-7.732],[-73.498,-7.739],[-73.497,-7.748],[-73.49,-7.752],[-73.486,-7.759],[-73.476,-7.758],[-73.462,-7.765],[-73.461,-7.768],[-73.455,-7.767],[-73.451,-7.773],[-73.443,-7.772],[-73.435,-7.766],[-73.422,-7.767],[-73.412,-7.751],[-73.403,-7.744],[-73.398,-7.747],[-73.386,-7.74],[-73.385,-7.744],[-73.374,-7.744],[-73.367,-7.737],[-73.367,-7.732],[-73.361,-7.723],[-73.354,-7.723],[-73.341,-7.711],[-73.331,-7.711],[-73.338,-7.731],[-73.318,-7.742],[-73.303,-7.752],[-73.301,-7.765],[-73.307,-7.773],[-73.307,-7.778],[-73.256,-7.791],[-73.217,-7.756],[-73.183,-7.725],[-73.039,-7.665],[-73.033,-7.67],[-73.018,-7.672],[-73.005,-7.67],[-73.0,-7.673],[-72.991,-7.671],[-72.978,-7.674],[-72.961,-7.683],[-72.953,-7.681],[-72.946,-7.689],[-72.93,-7.679],[-72.915,-7.664],[-72.86,-7.675],[-72.807,-7.687],[-72.806,-7.687],[-72.78,-7.693]]]}},{"type":"Feature","properties":{"id":"1200435","nome":"Santa Rosa do Purus"},"geometry":{"type":"Polygon","coordinates":[[[-69.865,-8.957],[-69.852,-8.991],[-69.832,-9.035],[-69.832,-9.043],[-69.827,-9.051],[-69.83,-9.062],[-69.826,-9.077],[-69.816,-9.084],[-69.814,-9.101],[-69.806,-9.104],[-69.796,-9.112],[-69.799,-9.117],[-69.801,-9.129],[-69.82,-9.145],[-69.831,-9.149],[-69.837,-9.14],[-69.842,-9.138],[-69.848,-9.14],[-69.848,-9.147],[-69.845,-9.15],[-69.831,-9.151],[-69.829,-9.155],[-69.833,-9.162],[-69.846,-9.161],[-69.84,-9.173],[-69.854,-9.179],[-69.848,-9.183],[-69.85,-9.196],[-69.862,-9.196],[-69.869,-9.204],[-69.877,-9.203],[-69.88,-9.219],[-69.884,-9.219],[-69.887,-9.214],[-69.894,-9.221],[-69.901,-9.213],[-69.904,-9.213],[-69.907,-9.222],[-69.894,-9.227],[-69.892,-9.232],[-69.895,-9.234],[-69.908,-9.228],[-69.911,-9.238],[-69.907,-9.242],[-69.91,-9.246],[-69.913,-9.242],[-69.92,-9.243],[-69.927,-9.237],[-69.937,-9.241],[-69.938,-9.238],[-69.951,-9.239],[-69.957,-9.23],[-69.968,-9.236],[-69.965,-9.239],[-69.973,-9.246],[-69.973,-9.25],[-69.98,-9.248],[-69.977,-9.252],[-69.985,-9.259],[-69.999,-9.256],[-70.001,-9.251],[-70.012,-9.252],[-70.01,-9.255],[-70.021,-9.262],[-70.019,-9.266],[-70.027,-9.278],[-70.032,-9.276],[-70.039,-9.286],[-70.041,-9.284],[-70.051,-9.289],[-70.06,-9.286],[-70.062,-9.288],[-70.069,-9.283],[-70.081,-9.284],[-70.08,-9.28],[-70.087,-9.278],[-70.09,-9.28],[-70.102,-9.278],[-70.116,-9.288],[-70.129,-9.282],[-70.144,-9.283],[-70.153,-9.267],[-70.185,-9.269],[-70.21,-9.276],[-70.225,-9.294],[-70.239,-9.299],[-70.247,-9.312],[-70.258,-9.307],[-70.259,-9.311],[-70.267,-9.309],[-70.27,-9.34],[-70.285,-9.336],[-70.299,-9.338],[-70.301,-9.356],[-70.31,-9.367],[-70.319,-9.388],[-70.327,-9.391],[-70.331,-9.396],[-70.271,-9.42],[-70.204,-9.438],[-70.155,-9.472],[-70.036,-9.505],[-70.034,-9.513],[-70.038,-9.518],[-70.035,-9.522],[-70.028,-9.523],[-70.037,-9.531],[-70.038,-9.526],[-70.042,-9.527],[-70.043,-9.523],[-70.058,-9.529],[-70.062,-9.523],[-70.075,-9.53],[-70.076,-9.538],[-70.083,-9.538],[-70.087,-9.534],[-70.091,-9.536],[-70.1,-9.532],[-70.102,-9.538],[-70.108,-9.533],[-70.112,-9.536],[-70.109,-9.541],[-70.119,-9.539],[-70.123,-9.534],[-70.124,-9.539],[-70.132,-9.541],[-70.135,-9.549],[-70.133,-9.552],[-70.138,-9.553],[-70.141,-9.559],[-70.143,-9.559],[-70.142,-9.556],[-70.146,-9.553],[-70.153,-9.558],[-70.159,-9.565],[-70.158,-9.569],[-70.163,-9.573],[-70.164,-9.582],[-70.175,-9.581],[-70.176,-9.587],[-70.181,-9.59],[-70.179,-9.593],[-70.188,-9.6],[-70.183,-9.611],[-70.19,-9.616],[-70.189,-9.624],[-70.193,-9.622],[-70.203,-9.627],[-70.204,-9.624],[-70.212,-9.634],[-70.213,-9.643],[-70.225,-9.652],[-70.221,-9.658],[-70.226,-9.658],[-70.225,-9.661],[-70.233,-9.663],[-70.235,-9.668],[-70.24,-9.669],[-70.242,-9.665],[-70.24,-9.675],[-70.256,-9.681],[-70.261,-9.693],[-70.264,-9.693],[-70.263,-9.695],[-70.272,-9.704],[-70.269,-9.704],[-70.268,-9.707],[-70.273,-9.708],[-70.271,-9.713],[-70.281,-9.717],[-70.285,-9.716],[-70.288,-9.719],[-70.285,-9.723],[-70.293,-9.729],[-70.291,-9.735],[-70.296,-9.744],[-70.301,-9.742],[-70.311,-9.752],[-70.319,-9.754],[-70.321,-9.768],[-70.325,-9.77],[-70.323,-9.773],[-70.328,-9.785],[-70.325,-9.8],[-70.341,-9.81],[-70.355,-9.826],[-70.356,-9.832],[-70.367,-9.842],[-70.377,-9.857],[-70.402,-9.883],[-70.439,-9.911],[-70.445,-9.942],[-70.475,-9.953],[-70.478,-9.951],[-70.499,-9.962],[-70.507,-9.97],[-70.509,-9.978],[-70.519,-9.984],[-70.535,-10.007],[-70.545,-10.01],[-70.559,-10.023],[-70.577,-10.022],[-70.624,-10.075],[-70.621,-9.961],[-70.622,-9.822],[-70.615,-9.816],[-70.609,-9.801],[-70.598,-9.799],[-70.591,-9.803],[-70.585,-9.783],[-70.579,-9.777],[-70.56,-9.788],[-70.546,-9.777],[-70.535,-9.763],[-70.538,-9.747],[-70.532,-9.744],[-70.533,-9.732],[-70.526,-9.723],[-70.528,-9.718],[-70.525,-9.714],[-70.53,-9.712],[-70.541,-9.681],[-70.548,-9.676],[-70.551,-9.669],[-70.56,-9.664],[-70.564,-9.667],[-70.57,-9.661],[-70.575,-9.648],[-70.584,-9.638],[-70.597,-9.604],[-70.59,-9.6],[-70.585,-9.589],[-70.585,-9.585],[-70.591,-9.585],[-70.587,-9.583],[-70.585,-9.571],[-70.6,-9.563],[-70.598,-9.552],[-70.588,-9.547],[-70.584,-9.551],[-70.59,-9.565],[-70.584,-9.566],[-70.575,-9.561],[-70.562,-9.574],[-70.556,-9.571],[-70.554,-9.567],[-70.557,-9.557],[-70.568,-9.555],[-70.569,-9.549],[-70.564,-9.538],[-70.57,-9.53],[-70.564,-9.528],[-70.557,-9.535],[-70.542,-9.536],[-70.538,-9.532],[-70.538,-9.528],[-70.546,-9.525],[-70.545,-9.511],[-70.531,-9.514],[-70.531,-9.501],[-70.521,-9.503],[-70.511,-9.49],[-70.505,-9.504],[-70.502,-9.494],[-70.518,-9.476],[-70.523,-9.46],[-70.516,-9.455],[-70.511,-9.464],[-70.503,-9.461],[-70.51,-9.446],[-70.502,-9.444],[-70.495,-9.439],[-70.493,-9.426],[-70.5,-9.426],[-70.502,-9.422],[-70.507,-9.422],[-70.518,-9.427],[-70.519,-9.433],[-70.525,-9.436],[-70.524,-9.426],[-70.537,-9.436],[-70.537,-9.431],[-70.544,-9.426],[-70.546,-9.426],[-70.548,-9.433],[-70.557,-9.433],[-70.56,-9.427],[-70.564,-9.432],[-70.564,-9.43],[-70.569,-9.432],[-70.569,-9.438],[-70.574,-9.434],[-70.587,-9.445],[-70.587,-9.441],[-70.594,-9.441],[-70.595,-9.458],[-70.606,-9.459],[-70.608,-9.455],[-70.611,-9.456],[-70.611,-9.466],[-70.615,-9.468],[-70.615,-9.474],[-70.622,-9.469],[-70.624,-9.477],[-70.63,-9.479],[-70.632,-9.484],[-70.635,-9.485],[-70.63,-9.492],[-70.634,-9.493],[-70.635,-9.499],[-70.644,-9.495],[-70.64,-9.499],[-70.652,-9.499],[-70.651,-9.512],[-70.653,-9.513],[-70.655,-9.51],[-70.657,-9.513],[-70.654,-9.516],[-70.658,-9.516],[-70.663,-9.524],[-70.665,-9.518],[-70.672,-9.527],[-70.679,-9.528],[-70.679,-9.533],[-70.687,-9.531],[-70.695,-9.538],[-70.701,-9.544],[-70.704,-9.542],[-70.714,-9.545],[-70.717,-9.553],[-70.726,-9.555],[-70.722,-9.561],[-70.729,-9.568],[-70.738,-9.558],[-70.742,-9.557],[-70.745,-9.562],[-70.75,-9.559],[-70.755,-9.567],[-70.749,-9.567],[-70.755,-9.575],[-70.753,-9.578],[-70.758,-9.577],[-70.756,-9.581],[-70.76,-9.583],[-70.755,-9.59],[-70.757,-9.602],[-70.759,-9.604],[-70.767,-9.599],[-70.767,-9.604],[-70.774,-9.608],[-70.787,-9.613],[-70.788,-9.618],[-70.784,-9.622],[-70.791,-9.625],[-70.793,-9.636],[-70.797,-9.636],[-70.799,-9.641],[-70.802,-9.639],[-70.804,-9.642],[-70.813,-9.638],[-70.824,-9.644],[-70.828,-9.642],[-70.83,-9.645],[-70.835,-9.641],[-70.839,-9.655],[-70.846,-9.657],[-70.852,-9.654],[-70.869,-9.664],[-70.871,-9.668],[-70.868,-9.669],[-70.88,-9.68],[-70.881,-9.688],[-70.888,-9.689],[-70.898,-9.713],[-70.902,-9.713],[-70.911,-9.726],[-70.914,-9.726],[-70.925,-9.741],[-70.949,-9.742],[-70.95,-9.744],[-70.952,-9.741],[-70.96,-9.751],[-70.963,-9.748],[-70.965,-9.754],[-70.974,-9.758],[-70.985,-9.789],[-70.991,-9.788],[-70.993,-9.803],[-70.991,-9.809],[-70.995,-9.817],[-71.019,-9.815],[-71.021,-9.818],[-71.032,-9.814],[-71.037,-9.818],[-71.049,-9.816],[-71.06,-9.824],[-71.077,-9.828],[-71.1,-9.749],[-71.075,-9.695],[-71.045,-9.642],[-70.978,-9.598],[-70.951,-9.536],[-70.904,-9.494],[-70.863,-9.457],[-70.849,-9.456],[-70.791,-9.449],[-70.735,-9.416],[-70.702,-9.381],[-70.677,-9.373],[-70.607,-9.267],[-70.56,-9.192],[-70.54,-9.16],[-70.439,-9.088],[-70.395,-9.024],[-70.365,-8.982],[-70.319,-8.964],[-70.194,-8.967],[-70.09,-8.974],[-69.865,-8.957]]]}},{"type":"Feature","properties":{"id":"1200450","nome":"Senador Guiomard"},"geometry":{"type":"Polygon","coordinates":[[[-67.139,-9.683],[-67.158,-9.69],[-67.168,-9.688],[-67.184,-9.695],[-67.193,-9.704],[-67.186,-9.71],[-67.167,-9.76],[-67.091,-9.957],[-67.125,-9.971],[-67.137,-9.975],[-67.161,-9.982],[-67.246,-10.026],[-67.27,-10.042],[-67.274,-10.045],[-67.296,-10.061],[-67.306,-10.062],[-67.346,-10.062],[-67.416,-10.092],[-67.425,-10.096],[-67.429,-10.127],[-67.441,-10.159],[-67.46,-10.178],[-67.464,-10.194],[-67.483,-10.223],[-67.491,-10.226],[-67.498,-10.234],[-67.502,-10.242],[-67.501,-10.25],[-67.502,-10.26],[-67.51,-10.268],[-67.533,-10.275],[-67.539,-10.28],[-67.598,-10.306],[-67.612,-10.298],[-67.612,-10.302],[-67.613,-10.315],[-67.624,-10.32],[-67.621,-10.328],[-67.627,-10.334],[-67.626,-10.343],[-67.638,-10.352],[-67.637,-10.363],[-67.684,-10.356],[-67.689,-10.354],[-67.695,-10.341],[-67.695,-10.325],[-67.716,-10.292],[-67.745,-10.274],[-67.756,-10.271],[-67.763,-10.262],[-67.765,-10.251],[-67.77,-10.249],[-67.773,-10.242],[-67.779,-10.24],[-67.784,-10.231],[-67.784,-10.213],[-67.8,-10.208],[-67.801,-10.199],[-67.804,-10.198],[-67.81,-10.199],[-67.811,-10.195],[-67.802,-10.185],[-67.803,-10.179],[-67.809,-10.182],[-67.81,-10.18],[-67.811,-10.169],[-67.806,-10.163],[-67.809,-10.16],[-67.817,-10.162],[-67.818,-10.158],[-67.813,-10.148],[-67.821,-10.144],[-67.813,-10.137],[-67.813,-10.132],[-67.822,-10.124],[-67.828,-10.123],[-67.821,-10.113],[-67.828,-10.113],[-67.829,-10.109],[-67.821,-10.107],[-67.82,-10.1],[-67.816,-10.099],[-67.82,-10.089],[-67.812,-10.087],[-67.79,-10.095],[-67.778,-10.104],[-67.771,-10.109],[-67.759,-10.109],[-67.757,-10.11],[-67.671,-10.102],[-67.647,-10.081],[-67.636,-10.058],[-67.62,-10.048],[-67.61,-10.048],[-67.581,-10.069],[-67.56,-10.058],[-67.552,-10.044],[-67.534,-10.034],[-67.529,-10.022],[-67.51,-10.025],[-67.501,-10.02],[-67.499,-10.004],[-67.49,-9.997],[-67.489,-9.987],[-67.496,-9.978],[-67.497,-9.967],[-67.482,-9.927],[-67.47,-9.915],[-67.455,-9.917],[-67.447,-9.914],[-67.447,-9.897],[-67.439,-9.88],[-67.443,-9.862],[-67.441,-9.846],[-67.436,-9.837],[-67.416,-9.82],[-67.406,-9.805],[-67.368,-9.782],[-67.361,-9.765],[-67.351,-9.753],[-67.335,-9.724],[-67.336,-9.699],[-67.337,-9.683],[-67.327,-9.665],[-67.327,-9.65],[-67.34,-9.623],[-67.324,-9.592],[-67.223,-9.637],[-67.222,-9.637],[-67.133,-9.676],[-67.139,-9.683]]]}},{"type":"Feature","properties":{"id":"1200500","nome":"Sena Madureira"},"geometry":{"type":"Polygon","coordinates":[[[-68.922,-8.813],[-68.706,-8.998],[-68.647,-9.049],[-68.637,-9.053],[-68.22,-9.242],[-68.227,-9.248],[-68.242,-9.252],[-68.252,-9.264],[-68.27,-9.265],[-68.276,-9.276],[-68.288,-9.285],[-68.295,-9.284],[-68.316,-9.292],[-68.344,-9.29],[-68.353,-9.296],[-68.366,-9.298],[-68.401,-9.324],[-68.33,-9.44],[-68.335,-9.45],[-68.332,-9.457],[-68.336,-9.459],[-68.338,-9.466],[-68.344,-9.465],[-68.343,-9.474],[-68.353,-9.483],[-68.354,-9.489],[-68.368,-9.497],[-68.382,-9.496],[-68.386,-9.502],[-68.389,-9.499],[-68.396,-9.5],[-68.406,-9.519],[-68.411,-9.521],[-68.414,-9.533],[-68.41,-9.537],[-68.411,-9.541],[-68.418,-9.545],[-68.425,-9.545],[-68.428,-9.541],[-68.435,-9.54],[-68.439,-9.541],[-68.44,-9.546],[-68.447,-9.546],[-68.454,-9.551],[-68.462,-9.546],[-68.463,-9.549],[-68.466,-9.546],[-68.472,-9.547],[-68.473,-9.552],[-68.485,-9.561],[-68.487,-9.57],[-68.496,-9.575],[-68.505,-9.572],[-68.511,-9.576],[-68.514,-9.589],[-68.584,-9.539],[-68.601,-9.538],[-68.608,-9.505],[-68.633,-9.516],[-68.673,-9.56],[-68.694,-9.651],[-68.7,-9.679],[-68.693,-9.75],[-68.667,-9.841],[-68.694,-9.887],[-68.702,-9.892],[-68.735,-9.916],[-68.801,-9.962],[-68.885,-10.063],[-69.037,-10.164],[-69.121,-10.269],[-69.135,-10.274],[-69.172,-10.287],[-69.311,-10.364],[-69.342,-10.403],[-69.364,-10.463],[-69.342,-10.485],[-69.508,-10.505],[-69.534,-10.483],[-69.534,-10.475],[-69.538,-10.469],[-69.536,-10.458],[-69.545,-10.449],[-69.54,-10.429],[-69.542,-10.418],[-69.549,-10.415],[-69.554,-10.399],[-69.563,-10.389],[-69.567,-10.389],[-69.579,-10.378],[-69.582,-10.38],[-69.588,-10.371],[-69.592,-10.37],[-69.6,-10.38],[-69.607,-10.379],[-69.615,-10.385],[-69.613,-10.394],[-69.624,-10.391],[-69.63,-10.395],[-69.629,-10.403],[-69.642,-10.401],[-69.645,-10.403],[-69.637,-10.408],[-69.648,-10.417],[-69.648,-10.428],[-69.657,-10.42],[-69.664,-10.425],[-69.67,-10.419],[-69.677,-10.424],[-69.682,-10.41],[-69.684,-10.433],[-69.687,-10.435],[-69.691,-10.436],[-69.695,-10.431],[-69.704,-10.433],[-69.71,-10.438],[-69.711,-10.446],[-69.727,-10.453],[-69.744,-10.447],[-69.746,-10.452],[-69.754,-10.451],[-69.758,-10.459],[-69.767,-10.46],[-69.775,-10.455],[-69.785,-10.461],[-69.787,-10.471],[-69.798,-10.481],[-69.805,-10.48],[-69.804,-10.492],[-69.799,-10.503],[-69.8,-10.509],[-69.807,-10.504],[-69.819,-10.509],[-69.831,-10.507],[-69.827,-10.513],[-69.832,-10.538],[-69.849,-10.54],[-69.862,-10.538],[-69.878,-10.558],[-69.889,-10.552],[-69.897,-10.557],[-69.901,-10.547],[-69.906,-10.543],[-69.921,-10.559],[-69.925,-10.557],[-69.924,-10.549],[-69.929,-10.548],[-69.941,-10.566],[-69.961,-10.578],[-69.969,-10.574],[-69.975,-10.583],[-69.981,-10.583],[-69.992,-10.57],[-69.998,-10.576],[-69.996,-10.583],[-70.008,-10.582],[-70.011,-10.591],[-70.017,-10.585],[-70.017,-10.592],[-70.02,-10.594],[-70.031,-10.591],[-70.037,-10.601],[-70.037,-10.611],[-70.044,-10.604],[-70.043,-10.612],[-70.053,-10.607],[-70.057,-10.616],[-70.066,-10.612],[-70.07,-10.614],[-70.07,-10.633],[-70.079,-10.633],[-70.09,-10.649],[-70.099,-10.647],[-70.1,-10.641],[-70.111,-10.644],[-70.123,-10.638],[-70.125,-10.642],[-70.123,-10.655],[-70.131,-10.652],[-70.132,-10.658],[-70.14,-10.662],[-70.144,-10.66],[-70.145,-10.669],[-70.151,-10.665],[-70.157,-10.676],[-70.162,-10.664],[-70.164,-10.663],[-70.166,-10.668],[-70.172,-10.667],[-70.171,-10.673],[-70.179,-10.678],[-70.174,-10.683],[-70.179,-10.684],[-70.176,-10.69],[-70.18,-10.69],[-70.185,-10.689],[-70.19,-10.692],[-70.2,-10.69],[-70.207,-10.703],[-70.207,-10.695],[-70.214,-10.697],[-70.219,-10.686],[-70.213,-10.681],[-70.219,-10.683],[-70.224,-10.676],[-70.223,-10.685],[-70.235,-10.685],[-70.227,-10.69],[-70.252,-10.698],[-70.255,-10.713],[-70.26,-10.706],[-70.265,-10.713],[-70.273,-10.695],[-70.276,-10.707],[-70.28,-10.706],[-70.282,-10.691],[-70.292,-10.699],[-70.299,-10.695],[-70.301,-10.7],[-70.312,-10.701],[-70.315,-10.714],[-70.325,-10.713],[-70.33,-10.716],[-70.334,-10.707],[-70.344,-10.705],[-70.343,-10.717],[-70.348,-10.717],[-70.35,-10.711],[-70.364,-10.712],[-70.368,-10.73],[-70.381,-10.73],[-70.384,-10.719],[-70.396,-10.727],[-70.404,-10.722],[-70.407,-10.715],[-70.413,-10.716],[-70.42,-10.715],[-70.42,-10.708],[-70.425,-10.716],[-70.423,-10.724],[-70.435,-10.715],[-70.444,-10.723],[-70.446,-10.712],[-70.458,-10.713],[-70.456,-10.703],[-70.462,-10.701],[-70.465,-10.702],[-70.466,-10.718],[-70.471,-10.716],[-70.482,-10.717],[-70.481,-10.723],[-70.485,-10.724],[-70.497,-10.72],[-70.503,-10.714],[-70.503,-10.723],[-70.51,-10.727],[-70.515,-10.72],[-70.525,-10.721],[-70.535,-10.713],[-70.536,-10.706],[-70.524,-10.703],[-70.533,-10.7],[-70.537,-10.692],[-70.555,-10.688],[-70.562,-10.694],[-70.571,-10.691],[-70.578,-10.703],[-70.602,-10.697],[-70.605,-10.703],[-70.613,-10.706],[-70.619,-10.714],[-70.623,-10.711],[-70.625,-10.499],[-70.625,-10.425],[-70.256,-10.425],[-70.254,-10.402],[-70.255,-10.395],[-70.25,-10.373],[-70.24,-10.342],[-70.219,-10.312],[-70.227,-10.292],[-70.212,-10.274],[-70.187,-10.256],[-70.162,-10.229],[-70.152,-10.205],[-70.136,-10.194],[-70.115,-10.152],[-70.112,-10.151],[-70.043,-9.99],[-70.038,-9.952],[-70.044,-9.931],[-70.032,-9.893],[-70.039,-9.866],[-70.021,-9.832],[-69.977,-9.782],[-69.978,-9.725],[-69.972,-9.707],[-69.946,-9.675],[-69.927,-9.629],[-69.931,-9.611],[-69.879,-9.542],[-69.869,-9.521],[-69.868,-9.467],[-69.861,-9.439],[-69.855,-9.429],[-69.847,-9.424],[-69.818,-9.424],[-69.81,-9.412],[-69.784,-9.38],[-69.791,-9.355],[-69.797,-9.334],[-69.785,-9.33],[-69.77,-9.339],[-69.706,-9.251],[-69.691,-9.23],[-69.668,-9.236],[-69.612,-9.209],[-69.615,-9.191],[-69.588,-9.179],[-69.559,-9.179],[-69.458,-9.145],[-69.432,-9.118],[-69.423,-9.113],[-69.387,-9.093],[-69.349,-9.046],[-69.256,-9.053],[-69.234,-9.04],[-69.223,-8.995],[-69.201,-8.956],[-69.176,-8.942],[-69.111,-8.955],[-69.085,-8.931],[-69.082,-8.905],[-69.071,-8.898],[-69.049,-8.891],[-69.039,-8.894],[-69.025,-8.887],[-69.009,-8.87],[-68.994,-8.87],[-68.985,-8.862],[-68.972,-8.843],[-68.964,-8.84],[-68.958,-8.842],[-68.941,-8.836],[-68.923,-8.818],[-68.922,-8.813]]]}},{"type":"Feature","properties":{"id":"1200609","nome":"Tarauac\u00e1"},"geometry":{"type":"Polygon","coordinates":[[[-71.381,-7.692],[-71.088,-7.726],[-70.792,-7.76],[-70.774,-7.762],[-70.772,-7.762],[-70.724,-7.768],[-70.707,-7.77],[-70.678,-7.773],[-70.659,-7.775],[-70.518,-7.792],[-70.515,-7.792],[-70.519,-7.798],[-70.536,-7.802],[-70.547,-7.809],[-70.546,-7.821],[-70.568,-7.833],[-70.578,-7.841],[-70.57,-7.853],[-70.58,-7.856],[-70.583,-7.873],[-70.603,-7.872],[-70.608,-7.875],[-70.6,-7.894],[-70.62,-7.893],[-70.617,-7.906],[-70.62,-7.912],[-70.632,-7.915],[-70.634,-7.919],[-70.64,-7.909],[-70.645,-7.911],[-70.639,-7.923],[-70.631,-7.927],[-70.639,-7.931],[-70.633,-7.937],[-70.634,-7.943],[-70.637,-7.944],[-70.642,-7.944],[-70.646,-7.949],[-70.643,-7.948],[-70.645,-7.952],[-70.632,-7.965],[-70.632,-7.974],[-70.636,-7.976],[-70.63,-7.984],[-70.624,-7.983],[-70.618,-7.992],[-70.604,-7.995],[-70.592,-7.992],[-70.586,-7.997],[-70.586,-8.008],[-70.583,-8.008],[-70.573,-8.022],[-70.572,-8.035],[-70.567,-8.043],[-70.577,-8.063],[-70.576,-8.116],[-70.555,-8.161],[-70.565,-8.171],[-70.574,-8.189],[-70.579,-8.197],[-70.573,-8.205],[-70.563,-8.211],[-70.564,-8.215],[-70.568,-8.223],[-70.582,-8.229],[-70.619,-8.287],[-70.633,-8.311],[-70.625,-8.341],[-70.633,-8.347],[-70.68,-8.383],[-70.676,-8.438],[-70.67,-8.446],[-70.653,-8.466],[-70.702,-8.477],[-70.688,-8.523],[-70.727,-8.57],[-70.742,-8.609],[-70.768,-8.611],[-70.784,-8.64],[-70.836,-8.646],[-70.858,-8.67],[-70.868,-8.658],[-70.872,-8.641],[-70.892,-8.639],[-70.899,-8.626],[-70.921,-8.6],[-70.931,-8.604],[-70.934,-8.613],[-70.942,-8.615],[-70.945,-8.621],[-70.942,-8.627],[-70.95,-8.624],[-70.962,-8.635],[-70.96,-8.644],[-70.963,-8.652],[-70.968,-8.643],[-70.969,-8.648],[-70.973,-8.647],[-70.98,-8.653],[-70.979,-8.668],[-70.99,-8.672],[-70.99,-8.677],[-70.995,-8.679],[-70.995,-8.683],[-71.001,-8.685],[-71.004,-8.691],[-71.011,-8.685],[-71.015,-8.686],[-71.009,-8.694],[-71.007,-8.714],[-71.017,-8.715],[-71.014,-8.726],[-71.026,-8.717],[-71.031,-8.732],[-71.04,-8.728],[-71.043,-8.735],[-71.049,-8.735],[-71.052,-8.739],[-71.058,-8.74],[-71.06,-8.747],[-71.054,-8.752],[-71.056,-8.756],[-71.061,-8.757],[-71.065,-8.753],[-71.075,-8.757],[-71.078,-8.752],[-71.081,-8.755],[-71.083,-8.758],[-71.074,-8.766],[-71.079,-8.771],[-71.078,-8.778],[-71.081,-8.777],[-71.082,-8.766],[-71.09,-8.761],[-71.095,-8.763],[-71.103,-8.775],[-71.104,-8.765],[-71.11,-8.765],[-71.118,-8.772],[-71.121,-8.771],[-71.122,-8.764],[-71.132,-8.777],[-71.128,-8.783],[-71.138,-8.778],[-71.147,-8.784],[-71.149,-8.793],[-71.154,-8.792],[-71.161,-8.797],[-71.172,-8.788],[-71.176,-8.788],[-71.184,-8.801],[-71.186,-8.814],[-71.196,-8.805],[-71.201,-8.811],[-71.215,-8.815],[-71.22,-8.825],[-71.224,-8.821],[-71.226,-8.839],[-71.235,-8.834],[-71.24,-8.842],[-71.237,-8.85],[-71.242,-8.855],[-71.254,-8.845],[-71.259,-8.851],[-71.262,-8.848],[-71.27,-8.851],[-71.264,-8.838],[-71.272,-8.844],[-71.275,-8.851],[-71.282,-8.841],[-71.289,-8.845],[-71.29,-8.84],[-71.294,-8.842],[-71.294,-8.849],[-71.3,-8.849],[-71.3,-8.855],[-71.31,-8.863],[-71.315,-8.854],[-71.316,-8.864],[-71.325,-8.868],[-71.322,-8.863],[-71.333,-8.865],[-71.329,-8.872],[-71.337,-8.873],[-71.338,-8.868],[-71.343,-8.867],[-71.349,-8.878],[-71.356,-8.875],[-71.358,-8.881],[-71.364,-8.88],[-71.362,-8.886],[-71.373,-8.895],[-71.372,-8.891],[-71.383,-8.895],[-71.38,-8.884],[-71.389,-8.889],[-71.395,-8.877],[-71.406,-8.877],[-71.411,-8.881],[-71.417,-8.877],[-71.421,-8.886],[-71.43,-8.874],[-71.432,-8.878],[-71.44,-8.869],[-71.447,-8.874],[-71.45,-8.872],[-71.455,-8.875],[-71.459,-8.867],[-71.468,-8.869],[-71.471,-8.876],[-71.476,-8.877],[-71.482,-8.883],[-71.489,-8.881],[-71.501,-8.87],[-71.526,-8.873],[-71.538,-8.86],[-71.553,-8.851],[-71.616,-8.858],[-71.62,-8.839],[-71.618,-8.825],[-71.614,-8.819],[-71.597,-8.804],[-71.591,-8.788],[-71.581,-8.779],[-71.581,-8.772],[-71.574,-8.757],[-71.567,-8.754],[-71.555,-8.742],[-71.542,-8.738],[-71.545,-8.709],[-71.554,-8.703],[-71.554,-8.692],[-71.559,-8.68],[-71.557,-8.669],[-71.559,-8.656],[-71.555,-8.647],[-71.566,-8.648],[-71.574,-8.657],[-71.584,-8.654],[-71.601,-8.66],[-71.604,-8.664],[-71.601,-8.674],[-71.607,-8.677],[-71.61,-8.677],[-71.609,-8.668],[-71.614,-8.665],[-71.626,-8.677],[-71.619,-8.69],[-71.623,-8.691],[-71.628,-8.688],[-71.636,-8.688],[-71.642,-8.698],[-71.647,-8.695],[-71.651,-8.696],[-71.659,-8.706],[-71.67,-8.699],[-71.682,-8.701],[-71.682,-8.708],[-71.674,-8.717],[-71.692,-8.719],[-71.693,-8.729],[-71.7,-8.728],[-71.709,-8.73],[-71.713,-8.722],[-71.718,-8.726],[-71.718,-8.736],[-71.712,-8.742],[-71.718,-8.741],[-71.719,-8.748],[-71.727,-8.749],[-71.729,-8.756],[-71.74,-8.755],[-71.741,-8.763],[-71.75,-8.764],[-71.752,-8.77],[-71.75,-8.776],[-71.764,-8.784],[-71.765,-8.799],[-71.782,-8.814],[-71.785,-8.813],[-71.787,-8.805],[-71.796,-8.806],[-71.794,-8.817],[-71.813,-8.822],[-71.811,-8.83],[-71.817,-8.825],[-71.828,-8.823],[-71.831,-8.828],[-71.841,-8.822],[-71.848,-8.826],[-71.852,-8.815],[-71.861,-8.821],[-71.872,-8.817],[-71.879,-8.81],[-71.887,-8.808],[-71.893,-8.812],[-71.897,-8.804],[-71.908,-8.807],[-71.909,-8.799],[-71.914,-8.799],[-71.918,-8.788],[-71.925,-8.794],[-71.927,-8.79],[-71.957,-8.785],[-71.968,-8.778],[-71.983,-8.785],[-71.99,-8.796],[-71.993,-8.794],[-72.004,-8.801],[-72.009,-8.8],[-72.019,-8.805],[-72.034,-8.823],[-72.044,-8.83],[-72.05,-8.832],[-72.053,-8.839],[-72.073,-8.841],[-72.081,-8.854],[-72.079,-8.867],[-72.125,-8.828],[-72.144,-8.712],[-72.197,-8.701],[-72.214,-8.701],[-72.23,-8.599],[-72.208,-8.562],[-72.201,-8.552],[-72.228,-8.517],[-72.232,-8.41],[-72.266,-8.391],[-72.233,-8.3],[-72.226,-8.281],[-72.266,-8.261],[-72.265,-8.222],[-72.258,-8.085],[-72.248,-8.074],[-72.237,-8.068],[-72.233,-8.051],[-72.235,-8.031],[-72.232,-8.022],[-72.224,-8.015],[-72.219,-7.974],[-72.214,-7.965],[-72.206,-7.962],[-72.198,-7.949],[-72.185,-7.941],[-72.179,-7.938],[-72.161,-7.938],[-72.151,-7.924],[-72.133,-7.917],[-72.107,-7.882],[-72.098,-7.877],[-72.09,-7.862],[-72.069,-7.85],[-72.059,-7.849],[-72.047,-7.833],[-72.052,-7.831],[-72.045,-7.823],[-72.035,-7.82],[-72.035,-7.813],[-72.029,-7.812],[-72.031,-7.805],[-72.028,-7.805],[-72.031,-7.8],[-72.027,-7.799],[-72.024,-7.804],[-72.024,-7.797],[-72.017,-7.798],[-72.024,-7.793],[-72.018,-7.785],[-72.021,-7.783],[-72.017,-7.779],[-72.012,-7.78],[-72.007,-7.767],[-71.996,-7.759],[-71.998,-7.75],[-71.993,-7.747],[-71.995,-7.736],[-71.992,-7.731],[-72.001,-7.721],[-72.0,-7.716],[-72.004,-7.714],[-71.998,-7.712],[-71.996,-7.706],[-71.99,-7.702],[-71.989,-7.696],[-71.985,-7.698],[-71.984,-7.684],[-71.978,-7.682],[-71.984,-7.678],[-71.989,-7.678],[-71.989,-7.673],[-71.985,-7.67],[-71.974,-7.658],[-71.975,-7.653],[-71.96,-7.642],[-71.955,-7.633],[-71.962,-7.631],[-71.957,-7.625],[-71.792,-7.644],[-71.722,-7.652],[-71.645,-7.661],[-71.395,-7.69],[-71.381,-7.692]]]}},{"type":"Feature","properties":{"id":"1200708","nome":"Xapuri"},"geometry":{"type":"Polygon","coordinates":[[[-68.452,-10.248],[-68.437,-10.267],[-68.428,-10.264],[-68.412,-10.268],[-68.416,-10.277],[-68.412,-10.292],[-68.416,-10.307],[-68.375,-10.312],[-68.351,-10.332],[-68.354,-10.358],[-68.39,-10.373],[-68.388,-10.38],[-68.325,-10.394],[-68.328,-10.409],[-68.314,-10.418],[-68.294,-10.406],[-68.282,-10.404],[-68.277,-10.393],[-68.272,-10.388],[-68.256,-10.391],[-68.251,-10.387],[-68.242,-10.386],[-68.24,-10.389],[-68.232,-10.385],[-68.229,-10.39],[-68.219,-10.381],[-68.21,-10.38],[-68.207,-10.375],[-68.201,-10.374],[-68.186,-10.382],[-68.18,-10.377],[-68.165,-10.374],[-68.162,-10.376],[-68.151,-10.37],[-68.144,-10.371],[-68.139,-10.375],[-68.123,-10.375],[-68.117,-10.367],[-68.112,-10.366],[-68.103,-10.369],[-68.097,-10.364],[-68.088,-10.365],[-68.088,-10.369],[-68.07,-10.383],[-68.063,-10.379],[-68.061,-10.382],[-68.057,-10.38],[-68.054,-10.385],[-68.048,-10.383],[-68.045,-10.389],[-68.041,-10.389],[-68.046,-10.394],[-68.047,-10.405],[-68.056,-10.412],[-68.054,-10.421],[-68.064,-10.425],[-68.043,-10.473],[-68.042,-10.484],[-68.037,-10.489],[-68.03,-10.515],[-68.033,-10.525],[-68.031,-10.536],[-68.018,-10.551],[-68.017,-10.565],[-67.983,-10.593],[-68.008,-10.6],[-68.016,-10.602],[-68.01,-10.612],[-68.009,-10.634],[-68.003,-10.641],[-68.002,-10.648],[-68.005,-10.651],[-68.012,-10.648],[-68.015,-10.652],[-68.016,-10.649],[-68.021,-10.65],[-68.027,-10.657],[-68.033,-10.655],[-68.031,-10.665],[-68.041,-10.67],[-68.055,-10.67],[-68.063,-10.677],[-68.064,-10.682],[-68.07,-10.685],[-68.075,-10.684],[-68.079,-10.693],[-68.088,-10.697],[-68.092,-10.704],[-68.096,-10.704],[-68.095,-10.709],[-68.1,-10.709],[-68.105,-10.717],[-68.105,-10.722],[-68.108,-10.725],[-68.104,-10.727],[-68.107,-10.729],[-68.105,-10.741],[-68.102,-10.741],[-68.097,-10.749],[-68.098,-10.752],[-68.102,-10.752],[-68.102,-10.761],[-68.107,-10.764],[-68.103,-10.775],[-68.106,-10.779],[-68.118,-10.783],[-68.125,-10.796],[-68.14,-10.808],[-68.143,-10.815],[-68.154,-10.82],[-68.167,-10.838],[-68.173,-10.838],[-68.182,-10.856],[-68.196,-10.859],[-68.2,-10.877],[-68.206,-10.879],[-68.203,-10.887],[-68.206,-10.898],[-68.209,-10.904],[-68.216,-10.905],[-68.224,-10.912],[-68.231,-10.929],[-68.231,-10.943],[-68.237,-10.956],[-68.249,-10.962],[-68.257,-10.973],[-68.271,-10.979],[-68.278,-10.989],[-68.285,-10.991],[-68.289,-10.988],[-68.308,-10.992],[-68.32,-10.999],[-68.326,-11.009],[-68.332,-11.013],[-68.342,-11.005],[-68.354,-11.004],[-68.385,-11.018],[-68.391,-11.029],[-68.389,-11.041],[-68.399,-11.036],[-68.403,-11.015],[-68.4,-11.001],[-68.411,-10.989],[-68.406,-10.988],[-68.404,-10.983],[-68.405,-10.957],[-68.419,-10.937],[-68.414,-10.934],[-68.423,-10.934],[-68.419,-10.927],[-68.422,-10.921],[-68.413,-10.918],[-68.421,-10.913],[-68.421,-10.91],[-68.414,-10.905],[-68.41,-10.907],[-68.402,-10.894],[-68.401,-10.886],[-68.409,-10.881],[-68.408,-10.879],[-68.407,-10.874],[-68.403,-10.873],[-68.406,-10.865],[-68.403,-10.857],[-68.408,-10.856],[-68.426,-10.839],[-68.427,-10.825],[-68.438,-10.825],[-68.459,-10.815],[-68.477,-10.834],[-68.479,-10.834],[-68.503,-10.816],[-68.506,-10.808],[-68.521,-10.804],[-68.534,-10.793],[-68.543,-10.792],[-68.55,-10.782],[-68.558,-10.778],[-68.56,-10.773],[-68.561,-10.766],[-68.553,-10.757],[-68.548,-10.757],[-68.541,-10.767],[-68.54,-10.753],[-68.538,-10.75],[-68.533,-10.752],[-68.532,-10.745],[-68.544,-10.736],[-68.544,-10.73],[-68.542,-10.727],[-68.531,-10.727],[-68.532,-10.721],[-68.535,-10.718],[-68.542,-10.721],[-68.552,-10.717],[-68.607,-10.658],[-68.644,-10.654],[-68.642,-10.626],[-68.638,-10.623],[-68.637,-10.619],[-68.641,-10.617],[-68.643,-10.619],[-68.648,-10.614],[-68.654,-10.621],[-68.656,-10.619],[-68.664,-10.622],[-68.668,-10.62],[-68.671,-10.622],[-68.672,-10.619],[-68.683,-10.63],[-68.697,-10.631],[-68.71,-10.637],[-68.712,-10.646],[-68.716,-10.644],[-68.722,-10.649],[-68.731,-10.648],[-68.732,-10.645],[-68.737,-10.652],[-68.738,-10.656],[-68.75,-10.658],[-68.753,-10.669],[-68.761,-10.674],[-68.768,-10.666],[-68.773,-10.668],[-68.784,-10.663],[-68.792,-10.669],[-68.808,-10.671],[-68.808,-10.677],[-68.802,-10.677],[-68.805,-10.684],[-68.813,-10.687],[-68.814,-10.691],[-68.809,-10.697],[-68.808,-10.707],[-68.805,-10.709],[-68.806,-10.716],[-68.823,-10.723],[-68.835,-10.74],[-68.854,-10.758],[-68.878,-10.758],[-68.881,-10.767],[-68.895,-10.77],[-68.898,-10.775],[-68.907,-10.777],[-68.914,-10.776],[-68.922,-10.78],[-68.928,-10.776],[-68.941,-10.778],[-68.975,-10.771],[-68.98,-10.752],[-68.976,-10.741],[-68.966,-10.739],[-68.956,-10.729],[-68.956,-10.72],[-68.948,-10.711],[-68.949,-10.703],[-68.945,-10.692],[-68.948,-10.677],[-68.945,-10.674],[-68.942,-10.679],[-68.932,-10.676],[-68.919,-10.644],[-68.915,-10.636],[-68.924,-10.626],[-68.926,-10.616],[-68.921,-10.612],[-68.916,-10.614],[-68.914,-10.605],[-68.91,-10.606],[-68.908,-10.603],[-68.911,-10.598],[-68.902,-10.584],[-68.904,-10.58],[-68.908,-10.583],[-68.917,-10.579],[-68.914,-10.577],[-68.918,-10.578],[-68.919,-10.581],[-68.922,-10.578],[-68.928,-10.579],[-68.929,-10.576],[-68.933,-10.58],[-68.943,-10.578],[-68.945,-10.582],[-68.945,-10.579],[-68.951,-10.582],[-68.956,-10.58],[-68.958,-10.585],[-68.959,-10.581],[-68.964,-10.579],[-68.971,-10.584],[-68.979,-10.575],[-68.981,-10.578],[-68.997,-10.58],[-69.001,-10.587],[-69.022,-10.585],[-69.025,-10.59],[-69.034,-10.588],[-69.036,-10.583],[-69.054,-10.584],[-69.06,-10.59],[-69.071,-10.586],[-69.072,-10.582],[-69.081,-10.579],[-69.081,-10.576],[-69.085,-10.56],[-69.101,-10.554],[-69.106,-10.537],[-69.118,-10.525],[-69.133,-10.514],[-69.162,-10.51],[-69.165,-10.502],[-69.163,-10.492],[-69.169,-10.481],[-69.168,-10.477],[-69.157,-10.467],[-69.148,-10.444],[-69.14,-10.435],[-69.141,-10.425],[-69.137,-10.422],[-69.129,-10.402],[-69.132,-10.385],[-68.869,-10.385],[-68.713,-10.384],[-68.707,-10.365],[-68.698,-10.362],[-68.695,-10.356],[-68.688,-10.359],[-68.683,-10.354],[-68.682,-10.344],[-68.685,-10.34],[-68.681,-10.331],[-68.661,-10.328],[-68.657,-10.319],[-68.647,-10.314],[-68.642,-10.306],[-68.633,-10.305],[-68.617,-10.307],[-68.605,-10.299],[-68.596,-10.3],[-68.592,-10.294],[-68.582,-10.295],[-68.579,-10.284],[-68.569,-10.28],[-68.57,-10.276],[-68.566,-10.273],[-68.553,-10.28],[-68.543,-10.274],[-68.535,-10.276],[-68.528,-10.269],[-68.53,-10.263],[-68.527,-10.257],[-68.507,-10.26],[-68.496,-10.254],[-68.491,-10.246],[-68.489,-10.228],[-68.47,-10.216],[-68.472,-10.195],[-68.466,-10.186],[-68.453,-10.183],[-68.444,-10.191],[-68.456,-10.211],[-68.452,-10.248]]]}},{"type":"Feature","properties":{"id":"1200807","nome":"Porto Acre"},"geometry":{"type":"Polygon","coordinates":[[[-68.021,-9.349],[-68.023,-9.354],[-68.02,-9.357],[-68.008,-9.352],[-67.998,-9.358],[-67.989,-9.353],[-67.983,-9.356],[-67.974,-9.353],[-67.651,-9.5],[-67.517,-9.56],[-67.325,-9.592],[-67.324,-9.592],[-67.34,-9.623],[-67.327,-9.65],[-67.327,-9.665],[-67.337,-9.683],[-67.336,-9.699],[-67.335,-9.724],[-67.351,-9.753],[-67.361,-9.765],[-67.368,-9.782],[-67.406,-9.805],[-67.416,-9.82],[-67.436,-9.837],[-67.441,-9.846],[-67.443,-9.862],[-67.439,-9.88],[-67.447,-9.897],[-67.447,-9.914],[-67.455,-9.917],[-67.47,-9.915],[-67.482,-9.927],[-67.517,-9.906],[-67.511,-9.896],[-67.513,-9.885],[-67.53,-9.855],[-67.546,-9.85],[-67.557,-9.854],[-67.566,-9.852],[-67.571,-9.845],[-67.576,-9.845],[-67.581,-9.839],[-67.578,-9.826],[-67.581,-9.824],[-67.592,-9.824],[-67.594,-9.828],[-67.592,-9.843],[-67.599,-9.851],[-67.608,-9.851],[-67.601,-9.865],[-67.625,-9.856],[-67.642,-9.862],[-67.653,-9.863],[-67.669,-9.854],[-67.685,-9.834],[-67.71,-9.836],[-67.707,-9.817],[-67.716,-9.804],[-67.703,-9.787],[-67.744,-9.74],[-67.796,-9.779],[-67.796,-9.762],[-67.804,-9.747],[-67.834,-9.75],[-67.868,-9.733],[-67.873,-9.731],[-67.88,-9.718],[-67.909,-9.709],[-67.981,-9.637],[-67.991,-9.627],[-68.013,-9.606],[-68.089,-9.554],[-68.075,-9.522],[-68.066,-9.519],[-68.046,-9.501],[-68.033,-9.495],[-68.022,-9.481],[-68.019,-9.47],[-68.027,-9.444],[-68.033,-9.443],[-68.038,-9.435],[-68.059,-9.417],[-68.062,-9.39],[-68.052,-9.371],[-68.05,-9.36],[-68.048,-9.352],[-68.042,-9.351],[-68.039,-9.347],[-68.038,-9.35],[-68.036,-9.347],[-68.033,-9.35],[-68.032,-9.344],[-68.021,-9.349]]]}}]}