{"type":"FeatureCollection","features":[{"type":"Feature","properties":{"id":"3200102","nome":"Afonso Cl\u00e1udio"},"geometry":{"type":"Polygon","coordinates":[[[-41.187,-19.891],[-41.175,-19.907],[-41.155,-19.891],[-41.145,-19.891],[-41.131,-19.909],[-41.127,-19.915],[-41.125,-19.936],[-41.115,-19.941],[-41.112,-19.949],[-41.11,-19.954],[-41.116,-19.959],[-41.115,-19.963],[-41.121,-19.966],[-41.112,-19.973],[-41.103,-19.964],[-41.095,-19.97],[-41.087,-19.971],[-41.075,-19.978],[-41.065,-19.987],[-41.055,-19.986],[-41.046,-19.977],[-41.037,-19.977],[-41.019,-19.971],[-41.014,-19.97],[-41.008,-19.961],[-41.004,-19.961],[-40.995,-19.96],[-40.995,-19.968],[-40.985,-19.972],[-40.984,-19.973],[-40.979,-19.978],[-40.969,-19.976],[-40.97,-19.989],[-40.97,-20.001],[-40.97,-20.023],[-40.966,-20.025],[-40.963,-20.029],[-40.966,-20.029],[-40.965,-20.035],[-40.968,-20.037],[-40.967,-20.046],[-40.957,-20.058],[-40.956,-20.063],[-40.96,-20.064],[-40.953,-20.069],[-40.955,-20.071],[-40.948,-20.074],[-40.947,-20.088],[-40.95,-20.086],[-40.954,-20.09],[-40.963,-20.091],[-40.966,-20.102],[-40.973,-20.104],[-40.973,-20.111],[-40.982,-20.111],[-40.986,-20.121],[-40.996,-20.126],[-41.0,-20.122],[-41.001,-20.11],[-41.008,-20.113],[-41.012,-20.11],[-41.011,-20.113],[-41.015,-20.114],[-41.016,-20.118],[-41.025,-20.119],[-41.036,-20.133],[-41.037,-20.137],[-41.03,-20.142],[-41.023,-20.142],[-41.022,-20.148],[-41.018,-20.15],[-41.019,-20.165],[-41.022,-20.172],[-41.014,-20.175],[-41.015,-20.188],[-41.02,-20.193],[-41.01,-20.194],[-41.005,-20.199],[-41.008,-20.202],[-40.999,-20.207],[-41.002,-20.214],[-41.025,-20.212],[-41.025,-20.23],[-41.029,-20.231],[-41.037,-20.227],[-41.05,-20.236],[-41.056,-20.232],[-41.059,-20.221],[-41.068,-20.221],[-41.066,-20.228],[-41.071,-20.229],[-41.066,-20.235],[-41.07,-20.245],[-41.072,-20.251],[-41.079,-20.254],[-41.079,-20.259],[-41.091,-20.269],[-41.101,-20.266],[-41.101,-20.275],[-41.114,-20.267],[-41.122,-20.269],[-41.125,-20.265],[-41.129,-20.269],[-41.132,-20.283],[-41.137,-20.288],[-41.149,-20.282],[-41.158,-20.282],[-41.169,-20.267],[-41.186,-20.26],[-41.193,-20.265],[-41.193,-20.27],[-41.205,-20.268],[-41.213,-20.275],[-41.216,-20.274],[-41.223,-20.283],[-41.237,-20.276],[-41.242,-20.264],[-41.232,-20.258],[-41.236,-20.241],[-41.235,-20.228],[-41.244,-20.217],[-41.257,-20.213],[-41.254,-20.207],[-41.241,-20.208],[-41.242,-20.199],[-41.251,-20.184],[-41.246,-20.176],[-41.245,-20.161],[-41.241,-20.157],[-41.231,-20.163],[-41.23,-20.161],[-41.229,-20.142],[-41.231,-20.136],[-41.23,-20.131],[-41.225,-20.129],[-41.226,-20.122],[-41.238,-20.113],[-41.252,-20.081],[-41.241,-20.07],[-41.233,-20.052],[-41.24,-20.047],[-41.245,-20.034],[-41.252,-20.028],[-41.252,-20.022],[-41.269,-20.016],[-41.27,-20.006],[-41.275,-20.0],[-41.262,-19.963],[-41.264,-19.957],[-41.274,-19.956],[-41.275,-19.949],[-41.271,-19.942],[-41.254,-19.932],[-41.249,-19.937],[-41.243,-19.936],[-41.232,-19.919],[-41.228,-19.905],[-41.211,-19.901],[-41.205,-19.903],[-41.187,-19.891]]]}},{"type":"Feature","properties":{"id":"3200136","nome":"\u00c1guia Branca"},"geometry":{"type":"Polygon","coordinates":[[[-40.804,-18.845],[-40.79,-18.859],[-40.776,-18.859],[-40.763,-18.85],[-40.753,-18.843],[-40.749,-18.845],[-40.744,-18.843],[-40.738,-18.855],[-40.733,-18.854],[-40.728,-18.859],[-40.718,-18.857],[-40.712,-18.869],[-40.714,-18.874],[-40.723,-18.875],[-40.726,-18.88],[-40.737,-18.879],[-40.739,-18.897],[-40.739,-18.907],[-40.737,-18.913],[-40.742,-18.919],[-40.739,-18.925],[-40.741,-18.929],[-40.74,-18.935],[-40.734,-18.937],[-40.719,-18.934],[-40.711,-18.94],[-40.702,-18.941],[-40.699,-18.93],[-40.677,-18.934],[-40.673,-18.937],[-40.674,-18.945],[-40.668,-18.948],[-40.656,-18.946],[-40.644,-18.965],[-40.652,-18.983],[-40.641,-18.981],[-40.641,-18.986],[-40.634,-18.987],[-40.645,-19.012],[-40.638,-19.016],[-40.635,-19.028],[-40.632,-19.022],[-40.622,-19.021],[-40.619,-19.032],[-40.616,-19.041],[-40.609,-19.04],[-40.602,-19.048],[-40.584,-19.048],[-40.573,-19.053],[-40.562,-19.041],[-40.556,-19.045],[-40.561,-19.047],[-40.578,-19.068],[-40.597,-19.062],[-40.616,-19.081],[-40.639,-19.086],[-40.644,-19.084],[-40.648,-19.088],[-40.654,-19.091],[-40.659,-19.099],[-40.672,-19.097],[-40.684,-19.104],[-40.679,-19.125],[-40.689,-19.131],[-40.69,-19.149],[-40.691,-19.138],[-40.7,-19.136],[-40.689,-19.127],[-40.684,-19.109],[-40.709,-19.108],[-40.717,-19.097],[-40.715,-19.08],[-40.707,-19.073],[-40.701,-19.079],[-40.701,-19.067],[-40.701,-19.064],[-40.709,-19.058],[-40.718,-19.057],[-40.725,-19.051],[-40.728,-19.04],[-40.728,-19.039],[-40.734,-19.031],[-40.741,-19.03],[-40.74,-19.024],[-40.751,-19.012],[-40.756,-18.999],[-40.762,-18.996],[-40.771,-18.995],[-40.783,-19.01],[-40.784,-19.021],[-40.789,-19.026],[-40.795,-19.026],[-40.816,-19.017],[-40.827,-19.017],[-40.835,-19.024],[-40.852,-19.022],[-40.858,-19.019],[-40.857,-18.961],[-40.857,-18.96],[-40.857,-18.94],[-40.891,-18.939],[-40.905,-18.939],[-40.898,-18.9],[-40.897,-18.895],[-40.893,-18.9],[-40.884,-18.895],[-40.88,-18.893],[-40.86,-18.896],[-40.856,-18.875],[-40.861,-18.862],[-40.856,-18.859],[-40.833,-18.857],[-40.824,-18.847],[-40.813,-18.842],[-40.804,-18.845]]]}},{"type":"Feature","properties":{"id":"3200169","nome":"\u00c1gua Doce do Norte"},"geometry":{"type":"Polygon","coordinates":[[[-41.053,-18.343],[-41.041,-18.361],[-41.033,-18.365],[-41.039,-18.373],[-41.036,-18.38],[-41.04,-18.382],[-41.034,-18.389],[-41.027,-18.386],[-41.025,-18.39],[-41.021,-18.39],[-41.01,-18.379],[-41.004,-18.396],[-40.998,-18.392],[-40.985,-18.411],[-40.976,-18.398],[-40.983,-18.392],[-40.966,-18.391],[-40.957,-18.383],[-40.952,-18.386],[-40.943,-18.391],[-40.951,-18.395],[-40.95,-18.401],[-40.942,-18.405],[-40.933,-18.396],[-40.928,-18.407],[-40.924,-18.416],[-40.934,-18.419],[-40.935,-18.423],[-40.927,-18.429],[-40.93,-18.432],[-40.925,-18.439],[-40.919,-18.455],[-40.925,-18.466],[-40.923,-18.482],[-40.916,-18.492],[-40.915,-18.506],[-40.919,-18.514],[-40.917,-18.522],[-40.903,-18.523],[-40.901,-18.53],[-40.905,-18.533],[-40.905,-18.538],[-40.896,-18.538],[-40.9,-18.551],[-40.909,-18.547],[-40.914,-18.555],[-40.92,-18.558],[-40.919,-18.562],[-40.919,-18.563],[-40.93,-18.579],[-40.926,-18.592],[-40.912,-18.598],[-40.905,-18.61],[-40.909,-18.667],[-40.903,-18.67],[-40.906,-18.675],[-40.903,-18.677],[-40.899,-18.689],[-40.906,-18.689],[-40.915,-18.684],[-40.924,-18.691],[-40.927,-18.717],[-40.933,-18.722],[-40.938,-18.733],[-40.94,-18.735],[-40.941,-18.689],[-40.952,-18.68],[-40.987,-18.678],[-40.988,-18.673],[-40.994,-18.671],[-41.005,-18.667],[-41.02,-18.654],[-41.032,-18.652],[-41.028,-18.646],[-41.032,-18.644],[-41.044,-18.648],[-41.041,-18.639],[-41.051,-18.634],[-41.053,-18.628],[-41.044,-18.626],[-41.039,-18.619],[-41.033,-18.618],[-41.033,-18.615],[-41.033,-18.606],[-41.042,-18.605],[-41.03,-18.549],[-41.03,-18.547],[-41.026,-18.528],[-41.017,-18.484],[-41.015,-18.476],[-41.015,-18.474],[-41.015,-18.472],[-41.02,-18.459],[-41.024,-18.457],[-41.063,-18.453],[-41.089,-18.45],[-41.174,-18.444],[-41.182,-18.439],[-41.18,-18.435],[-41.166,-18.415],[-41.154,-18.414],[-41.147,-18.411],[-41.144,-18.405],[-41.141,-18.401],[-41.122,-18.408],[-41.116,-18.408],[-41.114,-18.402],[-41.099,-18.4],[-41.095,-18.389],[-41.089,-18.388],[-41.086,-18.381],[-41.086,-18.374],[-41.078,-18.373],[-41.068,-18.365],[-41.068,-18.356],[-41.062,-18.352],[-41.056,-18.353],[-41.053,-18.343]]]}},{"type":"Feature","properties":{"id":"3200201","nome":"Alegre"},"geometry":{"type":"Polygon","coordinates":[[[-41.585,-20.56],[-41.581,-20.569],[-41.572,-20.575],[-41.563,-20.575],[-41.549,-20.565],[-41.533,-20.562],[-41.526,-20.549],[-41.519,-20.546],[-41.498,-20.548],[-41.495,-20.551],[-41.502,-20.554],[-41.499,-20.57],[-41.503,-20.573],[-41.496,-20.595],[-41.492,-20.598],[-41.488,-20.599],[-41.488,-20.606],[-41.475,-20.606],[-41.473,-20.599],[-41.477,-20.598],[-41.47,-20.583],[-41.462,-20.58],[-41.458,-20.584],[-41.45,-20.58],[-41.449,-20.572],[-41.438,-20.561],[-41.423,-20.566],[-41.415,-20.573],[-41.405,-20.576],[-41.406,-20.582],[-41.398,-20.591],[-41.399,-20.604],[-41.395,-20.608],[-41.391,-20.61],[-41.395,-20.614],[-41.391,-20.624],[-41.38,-20.623],[-41.374,-20.629],[-41.38,-20.635],[-41.372,-20.648],[-41.384,-20.659],[-41.388,-20.672],[-41.383,-20.686],[-41.37,-20.694],[-41.36,-20.695],[-41.362,-20.701],[-41.35,-20.706],[-41.353,-20.709],[-41.355,-20.719],[-41.361,-20.721],[-41.362,-20.721],[-41.37,-20.721],[-41.375,-20.73],[-41.382,-20.725],[-41.384,-20.737],[-41.398,-20.734],[-41.399,-20.734],[-41.416,-20.78],[-41.427,-20.784],[-41.429,-20.79],[-41.443,-20.796],[-41.445,-20.801],[-41.453,-20.805],[-41.455,-20.812],[-41.451,-20.819],[-41.455,-20.82],[-41.451,-20.828],[-41.454,-20.834],[-41.459,-20.837],[-41.457,-20.846],[-41.461,-20.851],[-41.458,-20.856],[-41.463,-20.866],[-41.457,-20.871],[-41.459,-20.881],[-41.453,-20.891],[-41.455,-20.893],[-41.462,-20.894],[-41.461,-20.901],[-41.47,-20.897],[-41.474,-20.883],[-41.486,-20.885],[-41.49,-20.895],[-41.498,-20.896],[-41.501,-20.908],[-41.515,-20.898],[-41.514,-20.889],[-41.521,-20.884],[-41.525,-20.886],[-41.531,-20.884],[-41.539,-20.883],[-41.547,-20.89],[-41.56,-20.891],[-41.571,-20.902],[-41.575,-20.91],[-41.581,-20.911],[-41.587,-20.898],[-41.599,-20.89],[-41.602,-20.9],[-41.611,-20.901],[-41.616,-20.897],[-41.611,-20.888],[-41.628,-20.862],[-41.624,-20.858],[-41.625,-20.851],[-41.618,-20.843],[-41.624,-20.821],[-41.622,-20.813],[-41.615,-20.807],[-41.616,-20.802],[-41.626,-20.802],[-41.623,-20.791],[-41.628,-20.782],[-41.63,-20.776],[-41.622,-20.767],[-41.618,-20.763],[-41.618,-20.753],[-41.61,-20.75],[-41.611,-20.746],[-41.604,-20.729],[-41.595,-20.727],[-41.596,-20.72],[-41.604,-20.707],[-41.612,-20.705],[-41.609,-20.687],[-41.599,-20.683],[-41.596,-20.677],[-41.601,-20.673],[-41.6,-20.664],[-41.597,-20.663],[-41.601,-20.653],[-41.61,-20.646],[-41.611,-20.633],[-41.607,-20.632],[-41.603,-20.631],[-41.607,-20.623],[-41.614,-20.62],[-41.618,-20.625],[-41.626,-20.621],[-41.624,-20.616],[-41.62,-20.616],[-41.624,-20.608],[-41.619,-20.6],[-41.63,-20.597],[-41.638,-20.588],[-41.634,-20.58],[-41.64,-20.572],[-41.633,-20.564],[-41.619,-20.565],[-41.608,-20.556],[-41.607,-20.548],[-41.602,-20.546],[-41.597,-20.549],[-41.599,-20.553],[-41.591,-20.555],[-41.592,-20.561],[-41.585,-20.56]]]}},{"type":"Feature","properties":{"id":"3200300","nome":"Alfredo Chaves"},"geometry":{"type":"Polygon","coordinates":[[[-40.962,-20.43],[-40.945,-20.44],[-40.938,-20.437],[-40.929,-20.437],[-40.926,-20.442],[-40.919,-20.443],[-40.919,-20.447],[-40.912,-20.449],[-40.904,-20.458],[-40.905,-20.462],[-40.87,-20.465],[-40.866,-20.48],[-40.861,-20.488],[-40.855,-20.492],[-40.842,-20.485],[-40.836,-20.488],[-40.831,-20.484],[-40.818,-20.489],[-40.814,-20.482],[-40.807,-20.492],[-40.81,-20.502],[-40.822,-20.517],[-40.816,-20.523],[-40.798,-20.514],[-40.793,-20.507],[-40.787,-20.51],[-40.775,-20.496],[-40.77,-20.497],[-40.764,-20.497],[-40.761,-20.504],[-40.748,-20.493],[-40.752,-20.488],[-40.741,-20.481],[-40.744,-20.475],[-40.737,-20.474],[-40.736,-20.467],[-40.729,-20.462],[-40.727,-20.462],[-40.724,-20.458],[-40.72,-20.46],[-40.71,-20.459],[-40.711,-20.45],[-40.708,-20.447],[-40.715,-20.441],[-40.703,-20.432],[-40.689,-20.434],[-40.684,-20.441],[-40.674,-20.449],[-40.661,-20.449],[-40.658,-20.46],[-40.659,-20.465],[-40.664,-20.462],[-40.669,-20.466],[-40.675,-20.465],[-40.68,-20.474],[-40.674,-20.48],[-40.678,-20.482],[-40.677,-20.485],[-40.677,-20.489],[-40.682,-20.487],[-40.685,-20.5],[-40.691,-20.499],[-40.695,-20.504],[-40.692,-20.511],[-40.696,-20.52],[-40.691,-20.524],[-40.701,-20.525],[-40.702,-20.536],[-40.673,-20.544],[-40.671,-20.551],[-40.673,-20.557],[-40.676,-20.554],[-40.681,-20.557],[-40.684,-20.566],[-40.682,-20.578],[-40.672,-20.575],[-40.669,-20.594],[-40.678,-20.596],[-40.689,-20.605],[-40.696,-20.607],[-40.704,-20.613],[-40.708,-20.612],[-40.714,-20.622],[-40.727,-20.632],[-40.726,-20.646],[-40.734,-20.645],[-40.739,-20.648],[-40.741,-20.645],[-40.747,-20.652],[-40.746,-20.657],[-40.747,-20.658],[-40.758,-20.657],[-40.77,-20.677],[-40.768,-20.7],[-40.771,-20.705],[-40.784,-20.703],[-40.839,-20.678],[-40.843,-20.679],[-40.843,-20.682],[-40.839,-20.688],[-40.844,-20.687],[-40.857,-20.685],[-40.881,-20.671],[-40.897,-20.678],[-40.907,-20.687],[-40.93,-20.678],[-40.934,-20.674],[-40.931,-20.67],[-40.934,-20.664],[-40.925,-20.648],[-40.916,-20.644],[-40.914,-20.637],[-40.911,-20.63],[-40.909,-20.622],[-40.914,-20.614],[-40.933,-20.601],[-40.936,-20.6],[-40.944,-20.606],[-40.952,-20.601],[-40.958,-20.604],[-40.962,-20.602],[-40.957,-20.591],[-40.968,-20.576],[-40.965,-20.563],[-40.958,-20.562],[-40.956,-20.558],[-40.959,-20.555],[-40.957,-20.552],[-40.964,-20.544],[-40.959,-20.528],[-40.962,-20.512],[-40.958,-20.51],[-40.959,-20.498],[-40.967,-20.493],[-40.966,-20.484],[-40.973,-20.479],[-40.974,-20.474],[-40.97,-20.474],[-40.967,-20.462],[-40.978,-20.456],[-40.985,-20.458],[-40.986,-20.447],[-40.995,-20.441],[-40.988,-20.437],[-40.981,-20.434],[-40.961,-20.436],[-40.962,-20.43]]]}},{"type":"Feature","properties":{"id":"3200359","nome":"Alto Rio Novo"},"geometry":{"type":"Polygon","coordinates":[[[-40.905,-18.939],[-40.928,-18.944],[-40.947,-18.944],[-40.949,-18.946],[-40.945,-18.959],[-40.95,-18.99],[-40.951,-19.006],[-40.939,-18.998],[-40.928,-18.998],[-40.918,-19.01],[-40.907,-19.006],[-40.901,-19.008],[-40.895,-19.004],[-40.9,-19.05],[-40.903,-19.052],[-40.906,-19.056],[-40.911,-19.063],[-40.921,-19.065],[-40.948,-19.079],[-40.946,-19.088],[-40.938,-19.087],[-40.938,-19.092],[-40.952,-19.102],[-40.96,-19.1],[-40.964,-19.11],[-40.962,-19.121],[-40.969,-19.122],[-40.973,-19.115],[-40.984,-19.107],[-40.984,-19.1],[-40.999,-19.101],[-41.009,-19.097],[-41.004,-19.083],[-41.015,-19.091],[-41.012,-19.075],[-41.019,-19.075],[-41.025,-19.079],[-41.035,-19.071],[-41.053,-19.068],[-41.053,-19.059],[-41.061,-19.056],[-41.065,-19.051],[-41.063,-19.039],[-41.071,-19.023],[-41.066,-19.016],[-41.066,-19.006],[-41.053,-19.0],[-41.032,-18.99],[-41.022,-18.982],[-41.017,-18.979],[-41.018,-18.973],[-41.031,-18.974],[-41.034,-18.979],[-41.04,-18.98],[-41.051,-18.974],[-41.051,-18.966],[-41.061,-18.967],[-41.064,-18.951],[-41.064,-18.945],[-41.058,-18.944],[-40.999,-18.942],[-40.925,-18.94],[-40.905,-18.939]]]}},{"type":"Feature","properties":{"id":"3200409","nome":"Anchieta"},"geometry":{"type":"Polygon","coordinates":[[[-40.643,-20.559],[-40.644,-20.585],[-40.645,-20.586],[-40.647,-20.617],[-40.648,-20.628],[-40.636,-20.651],[-40.585,-20.742],[-40.576,-20.757],[-40.571,-20.766],[-40.577,-20.778],[-40.577,-20.79],[-40.583,-20.799],[-40.581,-20.803],[-40.586,-20.806],[-40.59,-20.802],[-40.607,-20.805],[-40.62,-20.832],[-40.628,-20.841],[-40.631,-20.841],[-40.633,-20.829],[-40.629,-20.819],[-40.635,-20.812],[-40.649,-20.807],[-40.666,-20.812],[-40.666,-20.816],[-40.671,-20.817],[-40.672,-20.821],[-40.683,-20.823],[-40.683,-20.826],[-40.69,-20.828],[-40.693,-20.834],[-40.701,-20.834],[-40.707,-20.831],[-40.709,-20.828],[-40.71,-20.82],[-40.721,-20.818],[-40.73,-20.806],[-40.735,-20.807],[-40.742,-20.803],[-40.748,-20.799],[-40.751,-20.787],[-40.77,-20.788],[-40.775,-20.773],[-40.771,-20.769],[-40.774,-20.764],[-40.78,-20.763],[-40.776,-20.756],[-40.784,-20.748],[-40.804,-20.755],[-40.81,-20.75],[-40.807,-20.741],[-40.807,-20.736],[-40.795,-20.725],[-40.793,-20.715],[-40.797,-20.713],[-40.806,-20.716],[-40.828,-20.691],[-40.833,-20.691],[-40.839,-20.688],[-40.843,-20.682],[-40.843,-20.679],[-40.839,-20.678],[-40.784,-20.703],[-40.771,-20.705],[-40.768,-20.7],[-40.77,-20.677],[-40.758,-20.657],[-40.747,-20.658],[-40.746,-20.657],[-40.747,-20.652],[-40.741,-20.645],[-40.739,-20.648],[-40.734,-20.645],[-40.726,-20.646],[-40.727,-20.632],[-40.714,-20.622],[-40.708,-20.612],[-40.704,-20.613],[-40.696,-20.607],[-40.689,-20.605],[-40.678,-20.596],[-40.669,-20.594],[-40.672,-20.575],[-40.682,-20.578],[-40.673,-20.574],[-40.677,-20.566],[-40.667,-20.558],[-40.647,-20.546],[-40.639,-20.547],[-40.638,-20.551],[-40.643,-20.559]]]}},{"type":"Feature","properties":{"id":"3200508","nome":"Apiac\u00e1"},"geometry":{"type":"Polygon","coordinates":[[[-41.572,-20.957],[-41.545,-20.967],[-41.541,-20.965],[-41.523,-20.963],[-41.521,-20.97],[-41.522,-20.982],[-41.513,-20.986],[-41.509,-20.985],[-41.507,-20.991],[-41.5,-20.989],[-41.497,-20.997],[-41.504,-21.004],[-41.505,-21.017],[-41.511,-21.023],[-41.508,-21.048],[-41.515,-21.057],[-41.515,-21.064],[-41.506,-21.07],[-41.503,-21.078],[-41.512,-21.088],[-41.507,-21.094],[-41.513,-21.106],[-41.507,-21.109],[-41.495,-21.109],[-41.495,-21.126],[-41.506,-21.141],[-41.501,-21.145],[-41.505,-21.148],[-41.522,-21.146],[-41.545,-21.148],[-41.549,-21.155],[-41.554,-21.156],[-41.561,-21.163],[-41.558,-21.172],[-41.565,-21.182],[-41.57,-21.179],[-41.57,-21.171],[-41.582,-21.166],[-41.587,-21.149],[-41.592,-21.149],[-41.606,-21.154],[-41.608,-21.155],[-41.613,-21.155],[-41.616,-21.151],[-41.629,-21.144],[-41.639,-21.146],[-41.646,-21.143],[-41.625,-21.117],[-41.611,-21.107],[-41.603,-21.108],[-41.591,-21.093],[-41.589,-21.087],[-41.572,-21.076],[-41.574,-21.07],[-41.585,-21.065],[-41.583,-21.061],[-41.587,-21.056],[-41.574,-21.04],[-41.572,-21.023],[-41.585,-21.015],[-41.588,-21.008],[-41.592,-21.008],[-41.582,-20.99],[-41.582,-20.978],[-41.584,-20.969],[-41.58,-20.961],[-41.572,-20.957]]]}},{"type":"Feature","properties":{"id":"3200607","nome":"Aracruz"},"geometry":{"type":"Polygon","coordinates":[[[-40.166,-19.553],[-40.145,-19.556],[-40.141,-19.555],[-40.138,-19.551],[-40.124,-19.551],[-40.111,-19.553],[-40.086,-19.564],[-40.075,-19.578],[-40.065,-19.585],[-40.049,-19.584],[-40.031,-19.606],[-39.935,-19.671],[-39.916,-19.684],[-39.911,-19.687],[-39.93,-19.699],[-39.973,-19.731],[-40.004,-19.757],[-40.046,-19.802],[-40.056,-19.817],[-40.057,-19.833],[-40.063,-19.852],[-40.079,-19.873],[-40.086,-19.883],[-40.087,-19.893],[-40.092,-19.894],[-40.09,-19.9],[-40.097,-19.904],[-40.099,-19.918],[-40.118,-19.931],[-40.131,-19.936],[-40.139,-19.949],[-40.139,-19.956],[-40.13,-19.969],[-40.136,-19.97],[-40.141,-19.985],[-40.147,-19.99],[-40.147,-20.006],[-40.154,-20.013],[-40.164,-20.009],[-40.17,-20.015],[-40.178,-20.013],[-40.188,-20.012],[-40.219,-20.003],[-40.238,-20.009],[-40.251,-20.001],[-40.259,-20.01],[-40.266,-20.01],[-40.266,-20.004],[-40.269,-20.003],[-40.268,-19.994],[-40.271,-19.99],[-40.277,-19.99],[-40.281,-19.977],[-40.303,-19.971],[-40.304,-19.962],[-40.309,-19.959],[-40.309,-19.951],[-40.315,-19.948],[-40.312,-19.943],[-40.321,-19.943],[-40.331,-19.933],[-40.332,-19.906],[-40.337,-19.903],[-40.346,-19.907],[-40.346,-19.852],[-40.347,-19.82],[-40.347,-19.815],[-40.347,-19.802],[-40.347,-19.783],[-40.347,-19.779],[-40.348,-19.756],[-40.348,-19.731],[-40.348,-19.718],[-40.348,-19.706],[-40.341,-19.705],[-40.348,-19.701],[-40.352,-19.694],[-40.35,-19.675],[-40.349,-19.666],[-40.344,-19.652],[-40.333,-19.642],[-40.304,-19.661],[-40.309,-19.648],[-40.288,-19.635],[-40.289,-19.624],[-40.272,-19.623],[-40.267,-19.61],[-40.258,-19.606],[-40.255,-19.598],[-40.239,-19.594],[-40.227,-19.584],[-40.215,-19.584],[-40.209,-19.585],[-40.2,-19.577],[-40.199,-19.571],[-40.192,-19.57],[-40.191,-19.566],[-40.184,-19.562],[-40.176,-19.56],[-40.169,-19.558],[-40.166,-19.553]]]}},{"type":"Feature","properties":{"id":"3200706","nome":"Atilio Vivacqua"},"geometry":{"type":"Polygon","coordinates":[[[-41.241,-20.879],[-41.233,-20.884],[-41.222,-20.881],[-41.221,-20.888],[-41.214,-20.89],[-41.203,-20.883],[-41.201,-20.88],[-41.196,-20.883],[-41.193,-20.896],[-41.189,-20.891],[-41.183,-20.896],[-41.176,-20.896],[-41.165,-20.9],[-41.158,-20.893],[-41.158,-20.892],[-41.15,-20.893],[-41.144,-20.899],[-41.145,-20.905],[-41.137,-20.908],[-41.133,-20.93],[-41.121,-20.932],[-41.124,-20.939],[-41.118,-20.944],[-41.125,-20.955],[-41.118,-20.962],[-41.119,-20.967],[-41.111,-20.969],[-41.112,-20.975],[-41.107,-20.974],[-41.103,-20.979],[-41.108,-20.983],[-41.111,-20.994],[-41.1,-21.005],[-41.102,-21.013],[-41.113,-21.015],[-41.117,-21.013],[-41.126,-21.013],[-41.131,-21.03],[-41.141,-21.033],[-41.143,-21.038],[-41.15,-21.039],[-41.153,-21.045],[-41.149,-21.05],[-41.155,-21.051],[-41.153,-21.055],[-41.159,-21.06],[-41.176,-21.063],[-41.186,-21.069],[-41.194,-21.061],[-41.197,-21.051],[-41.203,-21.048],[-41.223,-21.019],[-41.228,-21.006],[-41.22,-20.987],[-41.224,-20.985],[-41.223,-20.975],[-41.228,-20.967],[-41.252,-20.959],[-41.257,-20.953],[-41.269,-20.952],[-41.277,-20.958],[-41.286,-20.95],[-41.277,-20.943],[-41.278,-20.932],[-41.278,-20.928],[-41.272,-20.925],[-41.265,-20.903],[-41.258,-20.898],[-41.264,-20.892],[-41.264,-20.887],[-41.259,-20.877],[-41.245,-20.868],[-41.241,-20.879]]]}},{"type":"Feature","properties":{"id":"3200805","nome":"Baixo Guandu"},"geometry":{"type":"Polygon","coordinates":[[[-40.935,-19.222],[-40.91,-19.236],[-40.876,-19.233],[-40.875,-19.239],[-40.881,-19.243],[-40.889,-19.241],[-40.891,-19.25],[-40.872,-19.261],[-40.862,-19.273],[-40.858,-19.285],[-40.866,-19.293],[-40.862,-19.306],[-40.872,-19.311],[-40.881,-19.329],[-40.882,-19.332],[-40.876,-19.334],[-40.864,-19.33],[-40.857,-19.322],[-40.85,-19.334],[-40.83,-19.337],[-40.826,-19.354],[-40.819,-19.357],[-40.821,-19.372],[-40.847,-19.378],[-40.851,-19.395],[-40.858,-19.398],[-40.856,-19.409],[-40.86,-19.421],[-40.871,-19.425],[-40.868,-19.433],[-40.885,-19.448],[-40.877,-19.457],[-40.878,-19.463],[-40.874,-19.464],[-40.877,-19.466],[-40.876,-19.476],[-40.87,-19.478],[-40.863,-19.476],[-40.843,-19.476],[-40.839,-19.479],[-40.836,-19.492],[-40.842,-19.5],[-40.855,-19.508],[-40.854,-19.51],[-40.825,-19.523],[-40.819,-19.531],[-40.826,-19.533],[-40.83,-19.547],[-40.828,-19.561],[-40.833,-19.567],[-40.844,-19.567],[-40.846,-19.565],[-40.841,-19.561],[-40.85,-19.558],[-40.866,-19.571],[-40.876,-19.574],[-40.883,-19.591],[-40.892,-19.593],[-40.898,-19.599],[-40.912,-19.599],[-40.921,-19.603],[-40.921,-19.607],[-40.929,-19.611],[-40.93,-19.617],[-40.938,-19.617],[-40.932,-19.622],[-40.934,-19.626],[-40.928,-19.631],[-40.936,-19.641],[-40.935,-19.653],[-40.929,-19.672],[-40.925,-19.676],[-40.927,-19.688],[-40.921,-19.695],[-40.929,-19.695],[-40.936,-19.707],[-40.943,-19.71],[-40.946,-19.728],[-40.96,-19.729],[-40.969,-19.725],[-40.974,-19.727],[-40.98,-19.735],[-40.98,-19.744],[-40.982,-19.756],[-40.991,-19.759],[-40.993,-19.786],[-40.997,-19.79],[-40.992,-19.803],[-41.011,-19.804],[-41.017,-19.785],[-41.022,-19.781],[-41.036,-19.791],[-41.046,-19.777],[-41.054,-19.776],[-41.052,-19.769],[-41.047,-19.769],[-41.042,-19.763],[-41.054,-19.762],[-41.069,-19.776],[-41.074,-19.773],[-41.096,-19.787],[-41.101,-19.783],[-41.11,-19.785],[-41.111,-19.793],[-41.115,-19.794],[-41.125,-19.788],[-41.122,-19.78],[-41.126,-19.771],[-41.134,-19.773],[-41.148,-19.766],[-41.154,-19.759],[-41.159,-19.764],[-41.167,-19.762],[-41.174,-19.762],[-41.174,-19.767],[-41.187,-19.758],[-41.19,-19.746],[-41.179,-19.74],[-41.182,-19.732],[-41.179,-19.72],[-41.174,-19.715],[-41.177,-19.703],[-41.171,-19.692],[-41.174,-19.688],[-41.168,-19.672],[-41.159,-19.661],[-41.149,-19.663],[-41.138,-19.658],[-41.129,-19.642],[-41.124,-19.64],[-41.119,-19.639],[-41.114,-19.641],[-41.108,-19.639],[-41.099,-19.604],[-41.092,-19.601],[-41.09,-19.596],[-41.079,-19.598],[-41.073,-19.597],[-41.072,-19.584],[-41.056,-19.584],[-41.057,-19.578],[-41.036,-19.568],[-41.036,-19.556],[-41.045,-19.538],[-41.041,-19.524],[-41.041,-19.515],[-41.049,-19.503],[-41.045,-19.487],[-41.028,-19.498],[-41.02,-19.504],[-41.009,-19.507],[-41.005,-19.507],[-40.988,-19.507],[-40.971,-19.503],[-40.971,-19.494],[-40.963,-19.483],[-40.953,-19.473],[-40.949,-19.473],[-40.951,-19.465],[-40.944,-19.46],[-40.957,-19.449],[-40.958,-19.439],[-40.968,-19.425],[-40.96,-19.419],[-40.962,-19.408],[-40.957,-19.398],[-40.928,-19.381],[-40.931,-19.373],[-40.928,-19.368],[-40.939,-19.358],[-40.938,-19.348],[-40.928,-19.329],[-40.922,-19.328],[-40.92,-19.319],[-40.914,-19.318],[-40.908,-19.306],[-40.914,-19.3],[-40.924,-19.302],[-40.931,-19.299],[-40.932,-19.296],[-40.928,-19.286],[-40.938,-19.286],[-40.944,-19.279],[-40.935,-19.271],[-40.92,-19.271],[-40.917,-19.256],[-40.92,-19.251],[-40.931,-19.251],[-40.938,-19.249],[-40.933,-19.242],[-40.942,-19.233],[-40.941,-19.23],[-40.935,-19.222]]]}},{"type":"Feature","properties":{"id":"3200904","nome":"Barra de S\u00e3o Francisco"},"geometry":{"type":"Polygon","coordinates":[[[-40.885,-18.432],[-40.877,-18.432],[-40.873,-18.428],[-40.862,-18.432],[-40.855,-18.434],[-40.849,-18.434],[-40.853,-18.447],[-40.848,-18.45],[-40.848,-18.455],[-40.854,-18.459],[-40.846,-18.482],[-40.847,-18.494],[-40.843,-18.493],[-40.842,-18.497],[-40.831,-18.5],[-40.813,-18.497],[-40.804,-18.494],[-40.788,-18.492],[-40.791,-18.482],[-40.789,-18.48],[-40.769,-18.485],[-40.766,-18.487],[-40.757,-18.493],[-40.751,-18.468],[-40.73,-18.465],[-40.723,-18.468],[-40.721,-18.477],[-40.714,-18.481],[-40.71,-18.491],[-40.699,-18.506],[-40.692,-18.503],[-40.679,-18.512],[-40.673,-18.508],[-40.668,-18.512],[-40.652,-18.511],[-40.652,-18.513],[-40.654,-18.517],[-40.66,-18.518],[-40.673,-18.524],[-40.669,-18.529],[-40.68,-18.532],[-40.69,-18.547],[-40.704,-18.557],[-40.705,-18.562],[-40.714,-18.566],[-40.719,-18.563],[-40.728,-18.569],[-40.738,-18.569],[-40.75,-18.576],[-40.76,-18.577],[-40.765,-18.581],[-40.77,-18.594],[-40.78,-18.597],[-40.787,-18.596],[-40.797,-18.587],[-40.801,-18.583],[-40.804,-18.586],[-40.803,-18.591],[-40.794,-18.597],[-40.797,-18.605],[-40.789,-18.62],[-40.78,-18.62],[-40.775,-18.613],[-40.766,-18.613],[-40.761,-18.608],[-40.765,-18.605],[-40.764,-18.593],[-40.746,-18.601],[-40.747,-18.595],[-40.738,-18.588],[-40.731,-18.589],[-40.727,-18.601],[-40.722,-18.602],[-40.722,-18.609],[-40.722,-18.626],[-40.729,-18.659],[-40.723,-18.677],[-40.715,-18.678],[-40.715,-18.682],[-40.708,-18.684],[-40.702,-18.681],[-40.686,-18.683],[-40.684,-18.687],[-40.707,-18.689],[-40.71,-18.695],[-40.706,-18.703],[-40.72,-18.702],[-40.724,-18.705],[-40.708,-18.715],[-40.719,-18.723],[-40.714,-18.736],[-40.718,-18.74],[-40.719,-18.757],[-40.732,-18.771],[-40.739,-18.768],[-40.748,-18.77],[-40.754,-18.775],[-40.758,-18.793],[-40.772,-18.795],[-40.774,-18.802],[-40.766,-18.818],[-40.769,-18.821],[-40.775,-18.817],[-40.776,-18.829],[-40.773,-18.832],[-40.768,-18.835],[-40.757,-18.832],[-40.763,-18.85],[-40.776,-18.859],[-40.79,-18.859],[-40.804,-18.845],[-40.813,-18.842],[-40.824,-18.847],[-40.833,-18.857],[-40.856,-18.859],[-40.861,-18.862],[-40.856,-18.875],[-40.86,-18.896],[-40.88,-18.893],[-40.884,-18.895],[-40.893,-18.9],[-40.897,-18.895],[-40.898,-18.9],[-40.955,-18.871],[-40.989,-18.855],[-41.025,-18.837],[-41.019,-18.837],[-40.964,-18.841],[-40.963,-18.836],[-40.951,-18.834],[-40.947,-18.826],[-40.941,-18.826],[-40.938,-18.831],[-40.93,-18.824],[-40.928,-18.819],[-40.916,-18.815],[-40.916,-18.809],[-40.922,-18.797],[-40.928,-18.792],[-40.926,-18.788],[-40.938,-18.772],[-40.94,-18.77],[-40.94,-18.735],[-40.938,-18.733],[-40.933,-18.722],[-40.927,-18.717],[-40.924,-18.691],[-40.915,-18.684],[-40.906,-18.689],[-40.899,-18.689],[-40.903,-18.677],[-40.906,-18.675],[-40.903,-18.67],[-40.909,-18.667],[-40.905,-18.61],[-40.912,-18.598],[-40.926,-18.592],[-40.93,-18.579],[-40.919,-18.563],[-40.919,-18.562],[-40.92,-18.558],[-40.914,-18.555],[-40.909,-18.547],[-40.9,-18.551],[-40.896,-18.538],[-40.905,-18.538],[-40.905,-18.533],[-40.901,-18.53],[-40.903,-18.523],[-40.917,-18.522],[-40.919,-18.514],[-40.915,-18.506],[-40.916,-18.492],[-40.923,-18.482],[-40.925,-18.466],[-40.919,-18.455],[-40.925,-18.439],[-40.904,-18.425],[-40.899,-18.432],[-40.885,-18.432]]]}},{"type":"Feature","properties":{"id":"3201001","nome":"Boa Esperan\u00e7a"},"geometry":{"type":"Polygon","coordinates":[[[-40.486,-18.366],[-40.473,-18.375],[-40.464,-18.373],[-40.456,-18.375],[-40.443,-18.362],[-40.431,-18.362],[-40.43,-18.362],[-40.401,-18.386],[-40.395,-18.381],[-40.381,-18.382],[-40.369,-18.377],[-40.354,-18.379],[-40.332,-18.398],[-40.321,-18.424],[-40.319,-18.436],[-40.306,-18.446],[-40.307,-18.456],[-40.295,-18.471],[-40.29,-18.483],[-40.283,-18.484],[-40.269,-18.494],[-40.258,-18.495],[-40.251,-18.495],[-40.235,-18.495],[-40.218,-18.49],[-40.201,-18.485],[-40.185,-18.472],[-40.174,-18.47],[-40.159,-18.473],[-40.137,-18.484],[-40.123,-18.487],[-40.15,-18.508],[-40.158,-18.51],[-40.165,-18.518],[-40.162,-18.535],[-40.165,-18.544],[-40.21,-18.572],[-40.211,-18.582],[-40.218,-18.577],[-40.221,-18.585],[-40.225,-18.579],[-40.232,-18.582],[-40.24,-18.58],[-40.239,-18.576],[-40.246,-18.568],[-40.255,-18.566],[-40.265,-18.57],[-40.263,-18.576],[-40.274,-18.577],[-40.277,-18.574],[-40.284,-18.577],[-40.291,-18.573],[-40.298,-18.575],[-40.301,-18.572],[-40.307,-18.577],[-40.316,-18.574],[-40.331,-18.581],[-40.338,-18.569],[-40.332,-18.56],[-40.335,-18.559],[-40.339,-18.556],[-40.348,-18.548],[-40.352,-18.549],[-40.357,-18.545],[-40.369,-18.551],[-40.37,-18.545],[-40.383,-18.539],[-40.39,-18.544],[-40.42,-18.541],[-40.426,-18.525],[-40.415,-18.516],[-40.427,-18.504],[-40.432,-18.499],[-40.441,-18.501],[-40.449,-18.494],[-40.449,-18.489],[-40.456,-18.485],[-40.453,-18.475],[-40.453,-18.466],[-40.461,-18.46],[-40.458,-18.456],[-40.45,-18.454],[-40.465,-18.434],[-40.448,-18.42],[-40.451,-18.413],[-40.451,-18.405],[-40.498,-18.355],[-40.489,-18.353],[-40.486,-18.366]]]}},{"type":"Feature","properties":{"id":"3201100","nome":"Bom Jesus do Norte"},"geometry":{"type":"Polygon","coordinates":[[[-41.585,-21.015],[-41.572,-21.023],[-41.574,-21.04],[-41.587,-21.056],[-41.583,-21.061],[-41.585,-21.065],[-41.574,-21.07],[-41.572,-21.076],[-41.589,-21.087],[-41.591,-21.093],[-41.603,-21.108],[-41.611,-21.107],[-41.625,-21.117],[-41.646,-21.143],[-41.654,-21.142],[-41.653,-21.137],[-41.665,-21.132],[-41.662,-21.125],[-41.671,-21.127],[-41.676,-21.133],[-41.679,-21.131],[-41.678,-21.125],[-41.682,-21.121],[-41.688,-21.121],[-41.691,-21.116],[-41.695,-21.115],[-41.705,-21.12],[-41.704,-21.127],[-41.718,-21.123],[-41.718,-21.116],[-41.705,-21.111],[-41.707,-21.107],[-41.717,-21.105],[-41.709,-21.091],[-41.702,-21.093],[-41.692,-21.086],[-41.682,-21.091],[-41.67,-21.07],[-41.653,-21.085],[-41.638,-21.074],[-41.633,-21.073],[-41.629,-21.057],[-41.622,-21.055],[-41.616,-21.039],[-41.618,-21.036],[-41.613,-21.033],[-41.608,-21.024],[-41.607,-21.019],[-41.597,-21.02],[-41.592,-21.008],[-41.588,-21.008],[-41.585,-21.015]]]}},{"type":"Feature","properties":{"id":"3201159","nome":"Brejetuba"},"geometry":{"type":"Polygon","coordinates":[[[-41.229,-20.142],[-41.23,-20.161],[-41.231,-20.163],[-41.241,-20.157],[-41.245,-20.161],[-41.246,-20.176],[-41.251,-20.184],[-41.242,-20.199],[-41.241,-20.208],[-41.254,-20.207],[-41.257,-20.213],[-41.244,-20.217],[-41.235,-20.228],[-41.236,-20.241],[-41.232,-20.258],[-41.242,-20.264],[-41.237,-20.276],[-41.239,-20.278],[-41.249,-20.279],[-41.252,-20.273],[-41.256,-20.274],[-41.264,-20.269],[-41.266,-20.264],[-41.257,-20.264],[-41.257,-20.255],[-41.267,-20.25],[-41.268,-20.241],[-41.273,-20.234],[-41.28,-20.234],[-41.281,-20.241],[-41.286,-20.243],[-41.292,-20.239],[-41.289,-20.234],[-41.301,-20.229],[-41.309,-20.242],[-41.295,-20.252],[-41.298,-20.255],[-41.295,-20.258],[-41.301,-20.262],[-41.305,-20.27],[-41.312,-20.267],[-41.324,-20.25],[-41.33,-20.247],[-41.334,-20.243],[-41.348,-20.243],[-41.351,-20.235],[-41.345,-20.228],[-41.338,-20.225],[-41.344,-20.221],[-41.34,-20.215],[-41.348,-20.205],[-41.344,-20.2],[-41.349,-20.199],[-41.354,-20.198],[-41.376,-20.204],[-41.376,-20.217],[-41.381,-20.223],[-41.396,-20.221],[-41.393,-20.226],[-41.399,-20.234],[-41.41,-20.23],[-41.416,-20.217],[-41.415,-20.208],[-41.411,-20.207],[-41.411,-20.2],[-41.407,-20.197],[-41.401,-20.199],[-41.382,-20.188],[-41.377,-20.175],[-41.374,-20.168],[-41.376,-20.161],[-41.367,-20.156],[-41.361,-20.142],[-41.355,-20.139],[-41.356,-20.133],[-41.347,-20.123],[-41.35,-20.119],[-41.349,-20.113],[-41.344,-20.1],[-41.345,-20.09],[-41.337,-20.086],[-41.335,-20.065],[-41.331,-20.063],[-41.333,-20.058],[-41.324,-20.052],[-41.32,-20.044],[-41.317,-20.026],[-41.309,-20.016],[-41.307,-20.008],[-41.308,-19.997],[-41.313,-19.989],[-41.32,-19.978],[-41.311,-19.971],[-41.308,-19.948],[-41.299,-19.937],[-41.271,-19.942],[-41.275,-19.949],[-41.274,-19.956],[-41.264,-19.957],[-41.262,-19.963],[-41.275,-20.0],[-41.27,-20.006],[-41.269,-20.016],[-41.252,-20.022],[-41.252,-20.028],[-41.245,-20.034],[-41.24,-20.047],[-41.233,-20.052],[-41.241,-20.07],[-41.252,-20.081],[-41.238,-20.113],[-41.226,-20.122],[-41.225,-20.129],[-41.23,-20.131],[-41.231,-20.136],[-41.229,-20.142]]]}},{"type":"Feature","properties":{"id":"3201209","nome":"Cachoeiro de Itapemirim"},"geometry":{"type":"Polygon","coordinates":[[[-41.323,-20.619],[-41.32,-20.636],[-41.305,-20.651],[-41.296,-20.65],[-41.291,-20.642],[-41.284,-20.649],[-41.279,-20.65],[-41.276,-20.654],[-41.266,-20.655],[-41.254,-20.662],[-41.25,-20.663],[-41.205,-20.671],[-41.196,-20.673],[-41.185,-20.669],[-41.181,-20.666],[-41.179,-20.657],[-41.176,-20.652],[-41.171,-20.652],[-41.166,-20.644],[-41.15,-20.642],[-41.146,-20.637],[-41.134,-20.629],[-41.132,-20.615],[-41.124,-20.615],[-41.115,-20.617],[-41.096,-20.609],[-41.085,-20.616],[-41.069,-20.624],[-41.055,-20.629],[-41.055,-20.631],[-41.061,-20.64],[-41.065,-20.641],[-41.066,-20.648],[-41.068,-20.658],[-41.083,-20.681],[-41.088,-20.696],[-41.084,-20.704],[-41.084,-20.708],[-41.081,-20.715],[-41.067,-20.712],[-41.065,-20.72],[-41.069,-20.724],[-41.072,-20.726],[-41.062,-20.733],[-41.051,-20.752],[-41.037,-20.754],[-41.032,-20.758],[-41.036,-20.767],[-41.039,-20.767],[-41.046,-20.787],[-41.043,-20.796],[-41.038,-20.788],[-41.019,-20.789],[-41.017,-20.795],[-41.023,-20.816],[-41.016,-20.823],[-41.033,-20.852],[-41.026,-20.858],[-41.017,-20.859],[-41.012,-20.865],[-40.991,-20.869],[-41.023,-20.869],[-41.025,-20.869],[-41.029,-20.869],[-41.04,-20.869],[-41.051,-20.875],[-41.058,-20.892],[-41.055,-20.898],[-41.053,-20.902],[-41.064,-20.906],[-41.072,-20.919],[-41.078,-20.918],[-41.078,-20.926],[-41.08,-20.931],[-41.081,-20.936],[-41.086,-20.941],[-41.091,-20.952],[-41.098,-20.957],[-41.118,-20.962],[-41.125,-20.955],[-41.118,-20.944],[-41.124,-20.939],[-41.121,-20.932],[-41.133,-20.93],[-41.137,-20.908],[-41.145,-20.905],[-41.144,-20.899],[-41.15,-20.893],[-41.158,-20.892],[-41.158,-20.893],[-41.165,-20.9],[-41.176,-20.896],[-41.183,-20.896],[-41.189,-20.891],[-41.193,-20.896],[-41.196,-20.883],[-41.201,-20.88],[-41.203,-20.883],[-41.214,-20.89],[-41.221,-20.888],[-41.222,-20.881],[-41.233,-20.884],[-41.241,-20.879],[-41.245,-20.868],[-41.242,-20.86],[-41.232,-20.853],[-41.238,-20.852],[-41.238,-20.848],[-41.249,-20.846],[-41.255,-20.847],[-41.255,-20.85],[-41.259,-20.853],[-41.269,-20.849],[-41.279,-20.855],[-41.287,-20.856],[-41.287,-20.849],[-41.295,-20.84],[-41.3,-20.857],[-41.307,-20.858],[-41.316,-20.85],[-41.321,-20.852],[-41.323,-20.858],[-41.329,-20.858],[-41.33,-20.861],[-41.337,-20.863],[-41.334,-20.855],[-41.343,-20.849],[-41.341,-20.833],[-41.344,-20.824],[-41.342,-20.818],[-41.348,-20.81],[-41.346,-20.798],[-41.345,-20.795],[-41.348,-20.787],[-41.354,-20.782],[-41.341,-20.776],[-41.345,-20.768],[-41.337,-20.761],[-41.338,-20.757],[-41.332,-20.755],[-41.34,-20.747],[-41.321,-20.733],[-41.328,-20.729],[-41.34,-20.724],[-41.352,-20.73],[-41.362,-20.721],[-41.361,-20.721],[-41.355,-20.719],[-41.353,-20.709],[-41.35,-20.706],[-41.362,-20.701],[-41.36,-20.695],[-41.37,-20.694],[-41.383,-20.686],[-41.388,-20.672],[-41.384,-20.659],[-41.372,-20.648],[-41.38,-20.635],[-41.374,-20.629],[-41.369,-20.627],[-41.366,-20.62],[-41.359,-20.626],[-41.35,-20.623],[-41.352,-20.613],[-41.339,-20.607],[-41.33,-20.611],[-41.323,-20.619]]]}},{"type":"Feature","properties":{"id":"3201308","nome":"Cariacica"},"geometry":{"type":"Polygon","coordinates":[[[-40.441,-20.225],[-40.435,-20.229],[-40.43,-20.227],[-40.413,-20.229],[-40.409,-20.231],[-40.385,-20.223],[-40.374,-20.214],[-40.37,-20.216],[-40.358,-20.237],[-40.34,-20.249],[-40.34,-20.26],[-40.328,-20.257],[-40.331,-20.263],[-40.344,-20.28],[-40.35,-20.285],[-40.355,-20.296],[-40.363,-20.305],[-40.363,-20.315],[-40.355,-20.326],[-40.358,-20.349],[-40.365,-20.37],[-40.366,-20.395],[-40.371,-20.399],[-40.385,-20.394],[-40.394,-20.396],[-40.395,-20.391],[-40.406,-20.379],[-40.404,-20.358],[-40.42,-20.341],[-40.429,-20.34],[-40.435,-20.335],[-40.439,-20.332],[-40.453,-20.34],[-40.458,-20.332],[-40.48,-20.344],[-40.486,-20.347],[-40.515,-20.347],[-40.521,-20.325],[-40.521,-20.291],[-40.532,-20.292],[-40.533,-20.291],[-40.549,-20.302],[-40.56,-20.301],[-40.564,-20.304],[-40.568,-20.299],[-40.567,-20.291],[-40.573,-20.286],[-40.572,-20.28],[-40.576,-20.279],[-40.582,-20.292],[-40.585,-20.293],[-40.6,-20.278],[-40.604,-20.267],[-40.606,-20.252],[-40.595,-20.245],[-40.592,-20.252],[-40.596,-20.262],[-40.593,-20.271],[-40.584,-20.268],[-40.559,-20.27],[-40.531,-20.253],[-40.526,-20.245],[-40.5,-20.228],[-40.497,-20.236],[-40.495,-20.238],[-40.492,-20.239],[-40.489,-20.233],[-40.481,-20.234],[-40.465,-20.219],[-40.462,-20.222],[-40.441,-20.225]]]}},{"type":"Feature","properties":{"id":"3201407","nome":"Castelo"},"geometry":{"type":"Polygon","coordinates":[[[-41.103,-20.422],[-41.1,-20.426],[-41.102,-20.43],[-41.089,-20.441],[-41.076,-20.444],[-41.076,-20.45],[-41.071,-20.451],[-41.067,-20.46],[-41.052,-20.46],[-41.056,-20.468],[-41.051,-20.481],[-41.045,-20.476],[-41.039,-20.484],[-41.041,-20.487],[-41.034,-20.491],[-41.036,-20.496],[-41.028,-20.496],[-41.026,-20.515],[-41.032,-20.518],[-41.038,-20.514],[-41.044,-20.523],[-41.049,-20.516],[-41.054,-20.518],[-41.055,-20.529],[-41.044,-20.537],[-41.032,-20.537],[-41.023,-20.532],[-41.018,-20.534],[-41.018,-20.545],[-41.029,-20.553],[-41.034,-20.566],[-41.04,-20.572],[-41.047,-20.566],[-41.057,-20.567],[-41.063,-20.581],[-41.074,-20.58],[-41.076,-20.584],[-41.08,-20.595],[-41.066,-20.595],[-41.064,-20.6],[-41.07,-20.613],[-41.085,-20.616],[-41.096,-20.609],[-41.115,-20.617],[-41.124,-20.615],[-41.132,-20.615],[-41.134,-20.629],[-41.146,-20.637],[-41.15,-20.642],[-41.166,-20.644],[-41.171,-20.652],[-41.176,-20.652],[-41.179,-20.657],[-41.181,-20.666],[-41.185,-20.669],[-41.196,-20.673],[-41.205,-20.671],[-41.25,-20.663],[-41.254,-20.662],[-41.266,-20.655],[-41.276,-20.654],[-41.279,-20.65],[-41.284,-20.649],[-41.291,-20.642],[-41.296,-20.65],[-41.305,-20.651],[-41.32,-20.636],[-41.323,-20.619],[-41.33,-20.611],[-41.339,-20.607],[-41.352,-20.613],[-41.35,-20.623],[-41.359,-20.626],[-41.366,-20.62],[-41.369,-20.627],[-41.374,-20.629],[-41.38,-20.623],[-41.391,-20.624],[-41.395,-20.614],[-41.391,-20.61],[-41.395,-20.608],[-41.399,-20.604],[-41.398,-20.591],[-41.406,-20.582],[-41.405,-20.576],[-41.415,-20.573],[-41.406,-20.561],[-41.407,-20.553],[-41.404,-20.547],[-41.395,-20.549],[-41.393,-20.557],[-41.389,-20.553],[-41.386,-20.554],[-41.389,-20.548],[-41.387,-20.541],[-41.371,-20.536],[-41.374,-20.529],[-41.379,-20.527],[-41.377,-20.509],[-41.359,-20.511],[-41.355,-20.507],[-41.345,-20.513],[-41.328,-20.514],[-41.32,-20.506],[-41.323,-20.5],[-41.329,-20.497],[-41.32,-20.497],[-41.311,-20.514],[-41.3,-20.521],[-41.287,-20.512],[-41.286,-20.506],[-41.28,-20.508],[-41.283,-20.488],[-41.276,-20.486],[-41.271,-20.492],[-41.263,-20.486],[-41.259,-20.49],[-41.254,-20.488],[-41.249,-20.491],[-41.248,-20.498],[-41.242,-20.5],[-41.236,-20.488],[-41.226,-20.49],[-41.22,-20.487],[-41.209,-20.487],[-41.207,-20.481],[-41.224,-20.461],[-41.222,-20.451],[-41.218,-20.443],[-41.213,-20.443],[-41.208,-20.447],[-41.206,-20.456],[-41.202,-20.456],[-41.192,-20.445],[-41.172,-20.447],[-41.171,-20.447],[-41.165,-20.444],[-41.166,-20.429],[-41.162,-20.423],[-41.141,-20.431],[-41.128,-20.425],[-41.119,-20.425],[-41.12,-20.422],[-41.11,-20.409],[-41.111,-20.405],[-41.105,-20.403],[-41.098,-20.41],[-41.103,-20.422]]]}},{"type":"Feature","properties":{"id":"3201506","nome":"Colatina"},"geometry":{"type":"Polygon","coordinates":[[[-40.653,-19.233],[-40.649,-19.242],[-40.64,-19.237],[-40.635,-19.24],[-40.634,-19.24],[-40.622,-19.266],[-40.619,-19.267],[-40.618,-19.279],[-40.612,-19.275],[-40.599,-19.266],[-40.585,-19.281],[-40.563,-19.277],[-40.562,-19.272],[-40.557,-19.272],[-40.548,-19.281],[-40.542,-19.282],[-40.533,-19.285],[-40.534,-19.296],[-40.54,-19.301],[-40.544,-19.314],[-40.527,-19.323],[-40.531,-19.33],[-40.548,-19.342],[-40.55,-19.348],[-40.567,-19.366],[-40.586,-19.357],[-40.606,-19.354],[-40.625,-19.348],[-40.633,-19.367],[-40.642,-19.374],[-40.635,-19.379],[-40.637,-19.383],[-40.643,-19.383],[-40.642,-19.405],[-40.633,-19.436],[-40.629,-19.438],[-40.626,-19.448],[-40.624,-19.447],[-40.619,-19.446],[-40.614,-19.439],[-40.6,-19.439],[-40.597,-19.431],[-40.585,-19.433],[-40.576,-19.429],[-40.574,-19.436],[-40.567,-19.44],[-40.567,-19.454],[-40.56,-19.473],[-40.552,-19.483],[-40.533,-19.491],[-40.534,-19.5],[-40.519,-19.503],[-40.509,-19.512],[-40.506,-19.515],[-40.498,-19.518],[-40.482,-19.535],[-40.473,-19.536],[-40.433,-19.533],[-40.39,-19.543],[-40.373,-19.535],[-40.372,-19.546],[-40.368,-19.55],[-40.371,-19.555],[-40.389,-19.564],[-40.387,-19.577],[-40.372,-19.594],[-40.375,-19.598],[-40.37,-19.617],[-40.375,-19.618],[-40.376,-19.622],[-40.421,-19.641],[-40.463,-19.631],[-40.47,-19.632],[-40.475,-19.641],[-40.486,-19.64],[-40.489,-19.645],[-40.489,-19.65],[-40.497,-19.653],[-40.498,-19.659],[-40.502,-19.658],[-40.511,-19.669],[-40.527,-19.715],[-40.538,-19.709],[-40.547,-19.713],[-40.552,-19.712],[-40.557,-19.706],[-40.558,-19.695],[-40.568,-19.684],[-40.579,-19.686],[-40.582,-19.684],[-40.587,-19.664],[-40.597,-19.664],[-40.597,-19.669],[-40.603,-19.673],[-40.653,-19.643],[-40.655,-19.641],[-40.671,-19.63],[-40.672,-19.622],[-40.679,-19.626],[-40.691,-19.623],[-40.706,-19.628],[-40.712,-19.624],[-40.722,-19.624],[-40.725,-19.642],[-40.739,-19.643],[-40.756,-19.652],[-40.77,-19.65],[-40.768,-19.635],[-40.78,-19.634],[-40.774,-19.614],[-40.787,-19.595],[-40.784,-19.586],[-40.778,-19.583],[-40.783,-19.579],[-40.789,-19.58],[-40.807,-19.598],[-40.816,-19.594],[-40.825,-19.597],[-40.825,-19.605],[-40.835,-19.616],[-40.851,-19.616],[-40.855,-19.61],[-40.86,-19.603],[-40.852,-19.597],[-40.856,-19.587],[-40.852,-19.578],[-40.833,-19.567],[-40.828,-19.561],[-40.83,-19.547],[-40.826,-19.533],[-40.819,-19.531],[-40.825,-19.523],[-40.854,-19.51],[-40.855,-19.508],[-40.842,-19.5],[-40.836,-19.492],[-40.839,-19.479],[-40.843,-19.476],[-40.863,-19.476],[-40.87,-19.478],[-40.876,-19.476],[-40.877,-19.466],[-40.874,-19.464],[-40.878,-19.463],[-40.877,-19.457],[-40.885,-19.448],[-40.868,-19.433],[-40.871,-19.425],[-40.86,-19.421],[-40.856,-19.409],[-40.858,-19.398],[-40.851,-19.395],[-40.847,-19.378],[-40.821,-19.372],[-40.819,-19.357],[-40.813,-19.334],[-40.817,-19.325],[-40.81,-19.316],[-40.808,-19.303],[-40.793,-19.3],[-40.78,-19.293],[-40.778,-19.294],[-40.753,-19.296],[-40.728,-19.288],[-40.734,-19.264],[-40.721,-19.258],[-40.719,-19.265],[-40.709,-19.265],[-40.704,-19.256],[-40.695,-19.256],[-40.699,-19.245],[-40.703,-19.243],[-40.701,-19.24],[-40.686,-19.236],[-40.683,-19.239],[-40.674,-19.24],[-40.67,-19.229],[-40.664,-19.23],[-40.653,-19.233]]]}},{"type":"Feature","properties":{"id":"3201605","nome":"Concei\u00e7\u00e3o da Barra"},"geometry":{"type":"Polygon","coordinates":[[[-39.783,-18.261],[-39.689,-18.32],[-39.674,-18.324],[-39.669,-18.331],[-39.666,-18.333],[-39.671,-18.348],[-39.669,-18.35],[-39.7,-18.415],[-39.702,-18.427],[-39.728,-18.5],[-39.728,-18.551],[-39.732,-18.555],[-39.728,-18.559],[-39.728,-18.586],[-39.724,-18.599],[-39.736,-18.644],[-39.747,-18.706],[-39.776,-18.706],[-39.783,-18.704],[-39.795,-18.712],[-39.802,-18.721],[-39.808,-18.721],[-39.813,-18.719],[-39.811,-18.71],[-39.818,-18.705],[-39.808,-18.701],[-39.807,-18.696],[-39.816,-18.693],[-39.813,-18.688],[-39.815,-18.682],[-39.807,-18.675],[-39.831,-18.672],[-39.837,-18.68],[-39.847,-18.668],[-39.908,-18.594],[-39.941,-18.553],[-39.995,-18.487],[-40.03,-18.444],[-40.015,-18.434],[-40.002,-18.432],[-39.99,-18.437],[-39.975,-18.438],[-39.964,-18.434],[-39.95,-18.427],[-39.938,-18.413],[-39.939,-18.406],[-39.942,-18.392],[-39.945,-18.384],[-39.958,-18.347],[-39.959,-18.324],[-39.951,-18.315],[-39.956,-18.311],[-39.93,-18.314],[-39.917,-18.312],[-39.935,-18.296],[-39.937,-18.284],[-39.928,-18.258],[-39.942,-18.243],[-39.939,-18.238],[-39.928,-18.235],[-39.913,-18.213],[-39.905,-18.21],[-39.901,-18.202],[-39.903,-18.191],[-39.915,-18.182],[-39.912,-18.178],[-39.865,-18.208],[-39.833,-18.228],[-39.783,-18.261]]]}},{"type":"Feature","properties":{"id":"3201704","nome":"Concei\u00e7\u00e3o do Castelo"},"geometry":{"type":"Polygon","coordinates":[[[-41.292,-20.239],[-41.286,-20.243],[-41.281,-20.241],[-41.28,-20.234],[-41.273,-20.234],[-41.268,-20.241],[-41.267,-20.25],[-41.257,-20.255],[-41.257,-20.264],[-41.266,-20.264],[-41.264,-20.269],[-41.256,-20.274],[-41.252,-20.273],[-41.249,-20.279],[-41.239,-20.278],[-41.237,-20.276],[-41.223,-20.283],[-41.216,-20.274],[-41.213,-20.275],[-41.205,-20.268],[-41.193,-20.27],[-41.193,-20.265],[-41.186,-20.26],[-41.169,-20.267],[-41.158,-20.282],[-41.165,-20.3],[-41.172,-20.305],[-41.171,-20.31],[-41.177,-20.311],[-41.18,-20.312],[-41.19,-20.307],[-41.201,-20.315],[-41.207,-20.316],[-41.215,-20.326],[-41.215,-20.33],[-41.21,-20.336],[-41.21,-20.342],[-41.217,-20.349],[-41.218,-20.356],[-41.203,-20.364],[-41.201,-20.384],[-41.192,-20.391],[-41.178,-20.392],[-41.177,-20.401],[-41.181,-20.408],[-41.193,-20.416],[-41.199,-20.416],[-41.199,-20.422],[-41.194,-20.429],[-41.197,-20.44],[-41.192,-20.445],[-41.202,-20.456],[-41.206,-20.456],[-41.208,-20.447],[-41.213,-20.443],[-41.218,-20.443],[-41.222,-20.451],[-41.224,-20.461],[-41.207,-20.481],[-41.209,-20.487],[-41.22,-20.487],[-41.226,-20.49],[-41.236,-20.488],[-41.242,-20.5],[-41.248,-20.498],[-41.249,-20.491],[-41.254,-20.488],[-41.259,-20.49],[-41.263,-20.486],[-41.271,-20.492],[-41.276,-20.486],[-41.283,-20.488],[-41.28,-20.508],[-41.286,-20.506],[-41.287,-20.512],[-41.3,-20.521],[-41.311,-20.514],[-41.32,-20.497],[-41.329,-20.497],[-41.317,-20.49],[-41.323,-20.478],[-41.32,-20.474],[-41.316,-20.458],[-41.319,-20.452],[-41.314,-20.44],[-41.316,-20.429],[-41.311,-20.425],[-41.32,-20.418],[-41.32,-20.411],[-41.317,-20.409],[-41.32,-20.4],[-41.337,-20.385],[-41.344,-20.391],[-41.346,-20.376],[-41.35,-20.374],[-41.35,-20.363],[-41.353,-20.361],[-41.354,-20.35],[-41.357,-20.349],[-41.357,-20.333],[-41.359,-20.326],[-41.363,-20.326],[-41.361,-20.321],[-41.356,-20.315],[-41.354,-20.305],[-41.34,-20.297],[-41.332,-20.302],[-41.324,-20.301],[-41.318,-20.3],[-41.314,-20.296],[-41.316,-20.288],[-41.32,-20.287],[-41.317,-20.282],[-41.32,-20.273],[-41.305,-20.27],[-41.301,-20.262],[-41.295,-20.258],[-41.298,-20.255],[-41.295,-20.252],[-41.309,-20.242],[-41.301,-20.229],[-41.289,-20.234],[-41.292,-20.239]]]}},{"type":"Feature","properties":{"id":"3201803","nome":"Divino de S\u00e3o Louren\u00e7o"},"geometry":{"type":"Polygon","coordinates":[[[-41.741,-20.515],[-41.738,-20.517],[-41.724,-20.513],[-41.714,-20.518],[-41.715,-20.522],[-41.713,-20.527],[-41.694,-20.529],[-41.69,-20.543],[-41.681,-20.552],[-41.676,-20.555],[-41.669,-20.569],[-41.669,-20.577],[-41.663,-20.587],[-41.667,-20.592],[-41.669,-20.609],[-41.659,-20.61],[-41.662,-20.63],[-41.659,-20.637],[-41.666,-20.648],[-41.661,-20.654],[-41.656,-20.65],[-41.653,-20.651],[-41.658,-20.662],[-41.671,-20.668],[-41.683,-20.664],[-41.684,-20.669],[-41.692,-20.668],[-41.698,-20.664],[-41.707,-20.671],[-41.714,-20.659],[-41.729,-20.658],[-41.73,-20.649],[-41.738,-20.639],[-41.753,-20.638],[-41.754,-20.629],[-41.761,-20.625],[-41.769,-20.626],[-41.773,-20.618],[-41.77,-20.614],[-41.767,-20.615],[-41.766,-20.608],[-41.773,-20.604],[-41.778,-20.605],[-41.79,-20.594],[-41.791,-20.594],[-41.795,-20.597],[-41.802,-20.587],[-41.801,-20.583],[-41.784,-20.559],[-41.775,-20.524],[-41.782,-20.517],[-41.783,-20.504],[-41.751,-20.503],[-41.746,-20.505],[-41.743,-20.511],[-41.741,-20.515]]]}},{"type":"Feature","properties":{"id":"3201902","nome":"Domingos Martins"},"geometry":{"type":"Polygon","coordinates":[[[-40.763,-20.156],[-40.767,-20.167],[-40.76,-20.168],[-40.753,-20.176],[-40.751,-20.18],[-40.742,-20.189],[-40.723,-20.183],[-40.692,-20.188],[-40.681,-20.189],[-40.671,-20.202],[-40.66,-20.207],[-40.664,-20.211],[-40.663,-20.219],[-40.658,-20.216],[-40.656,-20.22],[-40.652,-20.215],[-40.637,-20.219],[-40.634,-20.217],[-40.634,-20.223],[-40.624,-20.229],[-40.627,-20.236],[-40.616,-20.242],[-40.616,-20.246],[-40.61,-20.253],[-40.596,-20.243],[-40.595,-20.245],[-40.606,-20.252],[-40.604,-20.267],[-40.6,-20.278],[-40.585,-20.293],[-40.582,-20.292],[-40.583,-20.305],[-40.579,-20.322],[-40.585,-20.334],[-40.585,-20.341],[-40.582,-20.343],[-40.588,-20.349],[-40.595,-20.362],[-40.593,-20.367],[-40.586,-20.367],[-40.58,-20.362],[-40.58,-20.369],[-40.572,-20.372],[-40.57,-20.378],[-40.559,-20.372],[-40.563,-20.386],[-40.561,-20.388],[-40.553,-20.389],[-40.544,-20.384],[-40.534,-20.389],[-40.548,-20.399],[-40.543,-20.402],[-40.55,-20.404],[-40.558,-20.409],[-40.588,-20.415],[-40.615,-20.413],[-40.616,-20.421],[-40.625,-20.424],[-40.635,-20.418],[-40.641,-20.405],[-40.647,-20.399],[-40.643,-20.391],[-40.646,-20.386],[-40.665,-20.384],[-40.668,-20.387],[-40.687,-20.387],[-40.69,-20.391],[-40.696,-20.391],[-40.706,-20.386],[-40.709,-20.378],[-40.714,-20.377],[-40.721,-20.388],[-40.724,-20.386],[-40.732,-20.389],[-40.735,-20.384],[-40.741,-20.385],[-40.741,-20.378],[-40.735,-20.369],[-40.739,-20.365],[-40.735,-20.358],[-40.731,-20.346],[-40.734,-20.346],[-40.747,-20.344],[-40.76,-20.347],[-40.768,-20.36],[-40.778,-20.365],[-40.782,-20.373],[-40.78,-20.379],[-40.787,-20.383],[-40.786,-20.396],[-40.789,-20.406],[-40.803,-20.397],[-40.821,-20.393],[-40.833,-20.378],[-40.833,-20.374],[-40.856,-20.385],[-40.859,-20.381],[-40.869,-20.382],[-40.887,-20.397],[-40.895,-20.398],[-40.887,-20.407],[-40.888,-20.419],[-40.899,-20.423],[-40.898,-20.434],[-40.904,-20.438],[-40.9,-20.448],[-40.909,-20.446],[-40.912,-20.449],[-40.919,-20.447],[-40.919,-20.443],[-40.926,-20.442],[-40.929,-20.437],[-40.938,-20.437],[-40.945,-20.44],[-40.962,-20.43],[-40.961,-20.436],[-40.981,-20.434],[-40.988,-20.437],[-40.993,-20.429],[-40.996,-20.427],[-41.0,-20.426],[-41.009,-20.433],[-41.009,-20.439],[-41.007,-20.45],[-41.01,-20.457],[-41.006,-20.465],[-41.006,-20.47],[-41.019,-20.478],[-41.018,-20.483],[-41.039,-20.484],[-41.045,-20.476],[-41.051,-20.481],[-41.056,-20.468],[-41.052,-20.46],[-41.046,-20.458],[-41.051,-20.453],[-41.053,-20.439],[-41.06,-20.422],[-41.065,-20.422],[-41.068,-20.422],[-41.064,-20.41],[-41.074,-20.404],[-41.072,-20.393],[-41.068,-20.391],[-41.07,-20.384],[-41.073,-20.375],[-41.09,-20.369],[-41.091,-20.367],[-41.088,-20.355],[-41.087,-20.353],[-41.099,-20.343],[-41.092,-20.335],[-41.098,-20.325],[-41.105,-20.322],[-41.104,-20.308],[-41.107,-20.302],[-41.113,-20.297],[-41.129,-20.295],[-41.137,-20.288],[-41.132,-20.283],[-41.129,-20.269],[-41.125,-20.265],[-41.122,-20.269],[-41.114,-20.267],[-41.101,-20.275],[-41.101,-20.266],[-41.091,-20.269],[-41.079,-20.259],[-41.079,-20.254],[-41.072,-20.251],[-41.07,-20.245],[-41.066,-20.235],[-41.071,-20.229],[-41.066,-20.228],[-41.068,-20.221],[-41.059,-20.221],[-41.056,-20.232],[-41.05,-20.236],[-41.037,-20.227],[-41.029,-20.231],[-41.025,-20.23],[-41.025,-20.212],[-41.002,-20.214],[-40.992,-20.221],[-40.988,-20.216],[-40.981,-20.227],[-40.974,-20.22],[-40.968,-20.212],[-40.97,-20.203],[-40.974,-20.2],[-40.97,-20.192],[-40.969,-20.192],[-40.959,-20.188],[-40.94,-20.199],[-40.927,-20.196],[-40.921,-20.204],[-40.903,-20.197],[-40.897,-20.203],[-40.894,-20.197],[-40.886,-20.195],[-40.885,-20.192],[-40.874,-20.193],[-40.872,-20.188],[-40.862,-20.192],[-40.853,-20.184],[-40.834,-20.177],[-40.836,-20.171],[-40.821,-20.164],[-40.812,-20.174],[-40.805,-20.172],[-40.801,-20.164],[-40.789,-20.164],[-40.787,-20.16],[-40.783,-20.162],[-40.77,-20.16],[-40.766,-20.152],[-40.763,-20.156]]]}},{"type":"Feature","properties":{"id":"3202009","nome":"Dores do Rio Preto"},"geometry":{"type":"Polygon","coordinates":[[[-41.802,-20.587],[-41.795,-20.597],[-41.791,-20.594],[-41.79,-20.594],[-41.778,-20.605],[-41.773,-20.604],[-41.766,-20.608],[-41.767,-20.615],[-41.77,-20.614],[-41.773,-20.618],[-41.769,-20.626],[-41.761,-20.625],[-41.754,-20.629],[-41.753,-20.638],[-41.761,-20.641],[-41.766,-20.648],[-41.777,-20.647],[-41.779,-20.652],[-41.771,-20.657],[-41.78,-20.665],[-41.785,-20.674],[-41.793,-20.679],[-41.79,-20.687],[-41.785,-20.7],[-41.786,-20.704],[-41.78,-20.707],[-41.779,-20.717],[-41.795,-20.722],[-41.796,-20.732],[-41.803,-20.742],[-41.81,-20.739],[-41.815,-20.733],[-41.824,-20.737],[-41.826,-20.743],[-41.833,-20.746],[-41.838,-20.739],[-41.849,-20.737],[-41.849,-20.757],[-41.837,-20.78],[-41.848,-20.775],[-41.853,-20.764],[-41.861,-20.764],[-41.875,-20.766],[-41.879,-20.759],[-41.874,-20.744],[-41.863,-20.741],[-41.859,-20.748],[-41.856,-20.747],[-41.86,-20.729],[-41.865,-20.722],[-41.861,-20.722],[-41.856,-20.714],[-41.862,-20.712],[-41.861,-20.706],[-41.854,-20.705],[-41.851,-20.697],[-41.85,-20.695],[-41.846,-20.686],[-41.839,-20.683],[-41.833,-20.67],[-41.824,-20.663],[-41.827,-20.656],[-41.819,-20.657],[-41.813,-20.653],[-41.816,-20.647],[-41.808,-20.644],[-41.811,-20.637],[-41.814,-20.64],[-41.821,-20.637],[-41.817,-20.624],[-41.829,-20.624],[-41.839,-20.624],[-41.853,-20.618],[-41.856,-20.617],[-41.853,-20.607],[-41.845,-20.606],[-41.841,-20.6],[-41.84,-20.586],[-41.835,-20.57],[-41.828,-20.557],[-41.819,-20.554],[-41.816,-20.552],[-41.808,-20.55],[-41.805,-20.544],[-41.804,-20.538],[-41.812,-20.519],[-41.809,-20.512],[-41.809,-20.511],[-41.807,-20.494],[-41.799,-20.477],[-41.794,-20.479],[-41.79,-20.498],[-41.783,-20.504],[-41.782,-20.517],[-41.775,-20.524],[-41.784,-20.559],[-41.801,-20.583],[-41.802,-20.587]]]}},{"type":"Feature","properties":{"id":"3202108","nome":"Ecoporanga"},"geometry":{"type":"Polygon","coordinates":[[[-40.809,-17.952],[-40.802,-17.958],[-40.798,-17.956],[-40.791,-17.971],[-40.795,-17.981],[-40.782,-17.975],[-40.778,-17.976],[-40.777,-17.982],[-40.771,-17.981],[-40.774,-17.996],[-40.771,-18.003],[-40.76,-18.003],[-40.75,-18.009],[-40.735,-18.004],[-40.725,-18.001],[-40.721,-18.002],[-40.716,-18.004],[-40.709,-18.021],[-40.703,-18.023],[-40.684,-18.01],[-40.677,-18.013],[-40.673,-18.011],[-40.661,-18.012],[-40.659,-18.025],[-40.648,-18.033],[-40.639,-18.035],[-40.63,-18.053],[-40.628,-18.072],[-40.613,-18.092],[-40.612,-18.107],[-40.605,-18.1],[-40.601,-18.099],[-40.596,-18.101],[-40.591,-18.108],[-40.579,-18.097],[-40.571,-18.1],[-40.558,-18.114],[-40.562,-18.131],[-40.559,-18.139],[-40.563,-18.155],[-40.557,-18.158],[-40.557,-18.164],[-40.553,-18.165],[-40.555,-18.178],[-40.551,-18.188],[-40.545,-18.204],[-40.553,-18.221],[-40.551,-18.229],[-40.558,-18.231],[-40.589,-18.259],[-40.619,-18.287],[-40.609,-18.302],[-40.612,-18.318],[-40.601,-18.343],[-40.596,-18.339],[-40.584,-18.339],[-40.575,-18.344],[-40.575,-18.348],[-40.582,-18.352],[-40.583,-18.367],[-40.607,-18.416],[-40.597,-18.424],[-40.593,-18.434],[-40.58,-18.44],[-40.572,-18.435],[-40.556,-18.451],[-40.548,-18.455],[-40.543,-18.454],[-40.543,-18.459],[-40.523,-18.473],[-40.523,-18.48],[-40.515,-18.48],[-40.515,-18.485],[-40.516,-18.485],[-40.522,-18.486],[-40.529,-18.485],[-40.534,-18.49],[-40.55,-18.493],[-40.563,-18.486],[-40.593,-18.49],[-40.619,-18.498],[-40.621,-18.505],[-40.633,-18.509],[-40.638,-18.516],[-40.65,-18.516],[-40.652,-18.513],[-40.652,-18.511],[-40.668,-18.512],[-40.673,-18.508],[-40.679,-18.512],[-40.692,-18.503],[-40.699,-18.506],[-40.71,-18.491],[-40.714,-18.481],[-40.721,-18.477],[-40.723,-18.468],[-40.73,-18.465],[-40.751,-18.468],[-40.757,-18.493],[-40.766,-18.487],[-40.769,-18.485],[-40.789,-18.48],[-40.791,-18.482],[-40.788,-18.492],[-40.804,-18.494],[-40.813,-18.497],[-40.831,-18.5],[-40.842,-18.497],[-40.843,-18.493],[-40.847,-18.494],[-40.846,-18.482],[-40.854,-18.459],[-40.848,-18.455],[-40.848,-18.45],[-40.853,-18.447],[-40.849,-18.434],[-40.855,-18.434],[-40.862,-18.432],[-40.873,-18.428],[-40.877,-18.432],[-40.885,-18.432],[-40.899,-18.432],[-40.904,-18.425],[-40.925,-18.439],[-40.93,-18.432],[-40.927,-18.429],[-40.935,-18.423],[-40.934,-18.419],[-40.924,-18.416],[-40.928,-18.407],[-40.933,-18.396],[-40.942,-18.405],[-40.95,-18.401],[-40.951,-18.395],[-40.943,-18.391],[-40.952,-18.386],[-40.957,-18.383],[-40.966,-18.391],[-40.983,-18.392],[-40.976,-18.398],[-40.985,-18.411],[-40.998,-18.392],[-41.004,-18.396],[-41.01,-18.379],[-41.021,-18.39],[-41.025,-18.39],[-41.027,-18.386],[-41.034,-18.389],[-41.04,-18.382],[-41.036,-18.38],[-41.039,-18.373],[-41.033,-18.365],[-41.041,-18.361],[-41.053,-18.343],[-41.056,-18.353],[-41.062,-18.352],[-41.068,-18.356],[-41.068,-18.365],[-41.078,-18.373],[-41.086,-18.374],[-41.086,-18.381],[-41.089,-18.388],[-41.095,-18.389],[-41.099,-18.4],[-41.114,-18.402],[-41.116,-18.408],[-41.122,-18.408],[-41.141,-18.401],[-41.144,-18.405],[-41.16,-18.402],[-41.162,-18.39],[-41.159,-18.381],[-41.148,-18.379],[-41.145,-18.373],[-41.149,-18.36],[-41.15,-18.336],[-41.154,-18.334],[-41.158,-18.308],[-41.146,-18.299],[-41.143,-18.298],[-41.141,-18.293],[-41.127,-18.276],[-41.096,-18.255],[-41.1,-18.243],[-41.099,-18.239],[-41.102,-18.236],[-41.099,-18.232],[-41.092,-18.231],[-41.091,-18.228],[-41.102,-18.219],[-41.104,-18.213],[-41.094,-18.208],[-41.092,-18.195],[-41.067,-18.181],[-41.056,-18.178],[-41.053,-18.172],[-41.056,-18.166],[-41.052,-18.165],[-41.035,-18.162],[-41.038,-18.171],[-41.033,-18.172],[-41.028,-18.157],[-41.014,-18.157],[-41.01,-18.167],[-41.005,-18.167],[-40.993,-18.166],[-40.988,-18.169],[-40.988,-18.152],[-40.987,-18.146],[-40.981,-18.144],[-40.98,-18.141],[-40.976,-18.141],[-40.967,-18.145],[-40.962,-18.154],[-40.954,-18.154],[-40.948,-18.145],[-40.951,-18.142],[-40.95,-18.129],[-40.944,-18.13],[-40.94,-18.136],[-40.932,-18.136],[-40.917,-18.12],[-40.909,-18.114],[-40.904,-18.115],[-40.904,-18.11],[-40.899,-18.112],[-40.893,-18.107],[-40.894,-18.118],[-40.889,-18.124],[-40.88,-18.124],[-40.877,-18.119],[-40.866,-18.129],[-40.863,-18.139],[-40.856,-18.139],[-40.852,-18.146],[-40.849,-18.146],[-40.845,-18.149],[-40.844,-18.146],[-40.832,-18.151],[-40.824,-18.149],[-40.805,-18.152],[-40.793,-18.16],[-40.786,-18.158],[-40.771,-18.155],[-40.773,-18.107],[-40.902,-17.987],[-40.897,-17.981],[-40.891,-17.983],[-40.882,-17.97],[-40.877,-17.981],[-40.873,-17.98],[-40.87,-17.986],[-40.863,-17.988],[-40.859,-17.979],[-40.853,-17.977],[-40.837,-17.957],[-40.83,-17.954],[-40.829,-17.957],[-40.825,-17.963],[-40.814,-17.958],[-40.809,-17.952]]]}},{"type":"Feature","properties":{"id":"3202207","nome":"Fund\u00e3o"},"geometry":{"type":"Polygon","coordinates":[[[-40.467,-19.868],[-40.454,-19.881],[-40.453,-19.865],[-40.448,-19.863],[-40.447,-19.859],[-40.442,-19.859],[-40.435,-19.883],[-40.425,-19.893],[-40.425,-19.907],[-40.413,-19.907],[-40.403,-19.906],[-40.373,-19.906],[-40.357,-19.912],[-40.349,-19.905],[-40.346,-19.907],[-40.337,-19.903],[-40.332,-19.906],[-40.331,-19.933],[-40.321,-19.943],[-40.312,-19.943],[-40.315,-19.948],[-40.309,-19.951],[-40.309,-19.959],[-40.304,-19.962],[-40.303,-19.971],[-40.281,-19.977],[-40.277,-19.99],[-40.271,-19.99],[-40.268,-19.994],[-40.269,-20.003],[-40.266,-20.004],[-40.266,-20.01],[-40.259,-20.01],[-40.251,-20.001],[-40.238,-20.009],[-40.219,-20.003],[-40.188,-20.012],[-40.178,-20.013],[-40.17,-20.015],[-40.164,-20.009],[-40.154,-20.013],[-40.159,-20.038],[-40.182,-20.041],[-40.19,-20.056],[-40.195,-20.054],[-40.19,-20.045],[-40.195,-20.036],[-40.2,-20.036],[-40.204,-20.031],[-40.217,-20.027],[-40.248,-20.037],[-40.253,-20.032],[-40.257,-20.041],[-40.264,-20.031],[-40.272,-20.037],[-40.275,-20.035],[-40.272,-20.03],[-40.277,-20.029],[-40.281,-20.031],[-40.29,-20.023],[-40.293,-20.025],[-40.303,-20.021],[-40.302,-20.025],[-40.318,-20.03],[-40.326,-20.029],[-40.334,-20.034],[-40.344,-20.036],[-40.349,-20.047],[-40.356,-20.049],[-40.361,-20.042],[-40.367,-20.039],[-40.374,-20.023],[-40.379,-20.024],[-40.385,-20.014],[-40.398,-20.015],[-40.409,-20.017],[-40.416,-20.016],[-40.417,-20.013],[-40.425,-20.009],[-40.447,-19.994],[-40.451,-19.971],[-40.449,-19.954],[-40.452,-19.945],[-40.453,-19.936],[-40.456,-19.936],[-40.468,-19.933],[-40.475,-19.937],[-40.475,-19.905],[-40.489,-19.892],[-40.491,-19.89],[-40.499,-19.88],[-40.505,-19.88],[-40.505,-19.854],[-40.493,-19.851],[-40.485,-19.854],[-40.482,-19.855],[-40.481,-19.865],[-40.478,-19.868],[-40.467,-19.868]]]}},{"type":"Feature","properties":{"id":"3202256","nome":"Governador Lindenberg"},"geometry":{"type":"Polygon","coordinates":[[[-40.364,-19.095],[-40.387,-19.114],[-40.401,-19.135],[-40.413,-19.14],[-40.409,-19.149],[-40.396,-19.149],[-40.395,-19.158],[-40.405,-19.162],[-40.405,-19.17],[-40.412,-19.18],[-40.412,-19.188],[-40.404,-19.194],[-40.409,-19.208],[-40.415,-19.213],[-40.419,-19.211],[-40.423,-19.216],[-40.419,-19.218],[-40.422,-19.228],[-40.421,-19.238],[-40.428,-19.248],[-40.435,-19.253],[-40.431,-19.259],[-40.439,-19.271],[-40.434,-19.281],[-40.442,-19.291],[-40.45,-19.291],[-40.454,-19.28],[-40.461,-19.278],[-40.465,-19.287],[-40.479,-19.292],[-40.483,-19.287],[-40.489,-19.286],[-40.49,-19.297],[-40.507,-19.307],[-40.508,-19.31],[-40.527,-19.323],[-40.544,-19.314],[-40.54,-19.301],[-40.534,-19.296],[-40.533,-19.285],[-40.542,-19.282],[-40.548,-19.281],[-40.557,-19.272],[-40.562,-19.272],[-40.563,-19.277],[-40.585,-19.281],[-40.599,-19.266],[-40.612,-19.275],[-40.612,-19.262],[-40.618,-19.256],[-40.62,-19.246],[-40.615,-19.235],[-40.619,-19.212],[-40.612,-19.203],[-40.602,-19.197],[-40.606,-19.191],[-40.583,-19.18],[-40.58,-19.173],[-40.568,-19.168],[-40.574,-19.155],[-40.564,-19.144],[-40.551,-19.139],[-40.514,-19.153],[-40.509,-19.16],[-40.504,-19.145],[-40.506,-19.122],[-40.499,-19.118],[-40.495,-19.113],[-40.474,-19.109],[-40.463,-19.11],[-40.454,-19.107],[-40.448,-19.099],[-40.43,-19.107],[-40.413,-19.108],[-40.404,-19.107],[-40.392,-19.099],[-40.387,-19.103],[-40.38,-19.093],[-40.373,-19.091],[-40.371,-19.085],[-40.375,-19.081],[-40.367,-19.084],[-40.364,-19.095]]]}},{"type":"Feature","properties":{"id":"3202306","nome":"Gua\u00e7u\u00ed"},"geometry":{"type":"Polygon","coordinates":[[[-41.738,-20.639],[-41.73,-20.649],[-41.729,-20.658],[-41.714,-20.659],[-41.707,-20.671],[-41.698,-20.664],[-41.692,-20.668],[-41.684,-20.669],[-41.683,-20.664],[-41.671,-20.668],[-41.658,-20.662],[-41.653,-20.651],[-41.656,-20.65],[-41.661,-20.654],[-41.666,-20.648],[-41.659,-20.637],[-41.652,-20.642],[-41.647,-20.638],[-41.64,-20.64],[-41.645,-20.653],[-41.639,-20.655],[-41.635,-20.652],[-41.62,-20.646],[-41.603,-20.656],[-41.6,-20.664],[-41.601,-20.673],[-41.596,-20.677],[-41.599,-20.683],[-41.609,-20.687],[-41.612,-20.705],[-41.604,-20.707],[-41.596,-20.72],[-41.595,-20.727],[-41.604,-20.729],[-41.611,-20.746],[-41.61,-20.75],[-41.618,-20.753],[-41.618,-20.763],[-41.622,-20.767],[-41.63,-20.776],[-41.628,-20.782],[-41.623,-20.791],[-41.626,-20.802],[-41.616,-20.802],[-41.615,-20.807],[-41.622,-20.813],[-41.624,-20.821],[-41.618,-20.843],[-41.625,-20.851],[-41.624,-20.858],[-41.628,-20.862],[-41.637,-20.844],[-41.638,-20.85],[-41.644,-20.852],[-41.644,-20.87],[-41.65,-20.877],[-41.652,-20.892],[-41.659,-20.895],[-41.663,-20.888],[-41.669,-20.889],[-41.674,-20.901],[-41.682,-20.91],[-41.688,-20.93],[-41.691,-20.928],[-41.692,-20.922],[-41.696,-20.92],[-41.7,-20.924],[-41.705,-20.921],[-41.713,-20.931],[-41.715,-20.929],[-41.723,-20.935],[-41.723,-20.942],[-41.73,-20.94],[-41.733,-20.943],[-41.737,-20.93],[-41.737,-20.927],[-41.723,-20.922],[-41.719,-20.897],[-41.725,-20.897],[-41.727,-20.892],[-41.719,-20.875],[-41.712,-20.871],[-41.727,-20.864],[-41.729,-20.87],[-41.741,-20.872],[-41.74,-20.866],[-41.743,-20.859],[-41.745,-20.853],[-41.737,-20.836],[-41.741,-20.83],[-41.739,-20.827],[-41.743,-20.825],[-41.741,-20.818],[-41.748,-20.813],[-41.75,-20.818],[-41.755,-20.807],[-41.764,-20.807],[-41.767,-20.802],[-41.775,-20.799],[-41.782,-20.798],[-41.794,-20.798],[-41.801,-20.805],[-41.814,-20.805],[-41.807,-20.797],[-41.816,-20.8],[-41.828,-20.796],[-41.825,-20.788],[-41.837,-20.78],[-41.849,-20.757],[-41.849,-20.737],[-41.838,-20.739],[-41.833,-20.746],[-41.826,-20.743],[-41.824,-20.737],[-41.815,-20.733],[-41.81,-20.739],[-41.803,-20.742],[-41.796,-20.732],[-41.795,-20.722],[-41.779,-20.717],[-41.78,-20.707],[-41.786,-20.704],[-41.785,-20.7],[-41.79,-20.687],[-41.793,-20.679],[-41.785,-20.674],[-41.78,-20.665],[-41.771,-20.657],[-41.779,-20.652],[-41.777,-20.647],[-41.766,-20.648],[-41.761,-20.641],[-41.753,-20.638],[-41.738,-20.639]]]}},{"type":"Feature","properties":{"id":"3202405","nome":"Guarapari"},"geometry":{"type":"Polygon","coordinates":[[[-40.395,-20.621],[-40.395,-20.622],[-40.396,-20.622],[-40.396,-20.621],[-40.395,-20.621]],[[-40.379,-20.614],[-40.383,-20.615],[-40.382,-20.613],[-40.38,-20.613],[-40.379,-20.614]],[[-40.375,-20.614],[-40.378,-20.614],[-40.378,-20.612],[-40.375,-20.612],[-40.375,-20.614]],[[-40.372,-20.613],[-40.374,-20.613],[-40.375,-20.612],[-40.373,-20.611],[-40.372,-20.613]],[[-40.38,-20.612],[-40.382,-20.613],[-40.382,-20.611],[-40.381,-20.611],[-40.38,-20.612]],[[-40.387,-20.61],[-40.388,-20.61],[-40.388,-20.61],[-40.387,-20.61],[-40.387,-20.61]],[[-40.374,-20.608],[-40.373,-20.611],[-40.376,-20.611],[-40.374,-20.608]],[[-40.39,-20.597],[-40.39,-20.598],[-40.392,-20.598],[-40.392,-20.597],[-40.39,-20.597]],[[-40.651,-20.458],[-40.644,-20.467],[-40.635,-20.468],[-40.634,-20.471],[-40.626,-20.468],[-40.605,-20.487],[-40.599,-20.482],[-40.591,-20.483],[-40.581,-20.477],[-40.575,-20.479],[-40.552,-20.474],[-40.547,-20.476],[-40.538,-20.472],[-40.484,-20.505],[-40.475,-20.507],[-40.455,-20.509],[-40.39,-20.517],[-40.38,-20.519],[-40.379,-20.525],[-40.375,-20.529],[-40.376,-20.536],[-40.4,-20.576],[-40.403,-20.599],[-40.42,-20.621],[-40.426,-20.633],[-40.423,-20.635],[-40.424,-20.637],[-40.428,-20.635],[-40.433,-20.642],[-40.437,-20.634],[-40.45,-20.638],[-40.445,-20.631],[-40.448,-20.626],[-40.464,-20.624],[-40.464,-20.63],[-40.47,-20.634],[-40.466,-20.636],[-40.47,-20.639],[-40.464,-20.646],[-40.468,-20.646],[-40.472,-20.65],[-40.471,-20.653],[-40.465,-20.652],[-40.468,-20.66],[-40.475,-20.661],[-40.473,-20.655],[-40.483,-20.653],[-40.494,-20.66],[-40.497,-20.666],[-40.503,-20.667],[-40.505,-20.668],[-40.505,-20.667],[-40.504,-20.666],[-40.52,-20.662],[-40.525,-20.664],[-40.527,-20.655],[-40.529,-20.677],[-40.536,-20.674],[-40.54,-20.676],[-40.541,-20.673],[-40.544,-20.673],[-40.539,-20.678],[-40.535,-20.676],[-40.529,-20.678],[-40.537,-20.685],[-40.522,-20.691],[-40.516,-20.685],[-40.531,-20.684],[-40.527,-20.679],[-40.527,-20.668],[-40.523,-20.667],[-40.526,-20.667],[-40.517,-20.665],[-40.505,-20.671],[-40.493,-20.664],[-40.491,-20.667],[-40.496,-20.671],[-40.496,-20.677],[-40.501,-20.676],[-40.511,-20.693],[-40.524,-20.723],[-40.521,-20.73],[-40.526,-20.729],[-40.526,-20.734],[-40.534,-20.736],[-40.533,-20.74],[-40.537,-20.745],[-40.537,-20.739],[-40.549,-20.741],[-40.571,-20.766],[-40.576,-20.757],[-40.585,-20.742],[-40.636,-20.651],[-40.648,-20.628],[-40.647,-20.617],[-40.645,-20.586],[-40.644,-20.585],[-40.643,-20.559],[-40.638,-20.551],[-40.639,-20.547],[-40.647,-20.546],[-40.667,-20.558],[-40.677,-20.566],[-40.673,-20.574],[-40.682,-20.578],[-40.684,-20.566],[-40.681,-20.557],[-40.676,-20.554],[-40.673,-20.557],[-40.671,-20.551],[-40.673,-20.544],[-40.702,-20.536],[-40.701,-20.525],[-40.691,-20.524],[-40.696,-20.52],[-40.692,-20.511],[-40.695,-20.504],[-40.691,-20.499],[-40.685,-20.5],[-40.682,-20.487],[-40.677,-20.489],[-40.677,-20.485],[-40.678,-20.482],[-40.674,-20.48],[-40.68,-20.474],[-40.675,-20.465],[-40.669,-20.466],[-40.664,-20.462],[-40.659,-20.465],[-40.658,-20.46],[-40.651,-20.458]]]}},{"type":"Feature","properties":{"id":"3202454","nome":"Ibatiba"},"geometry":{"type":"Polygon","coordinates":[[[-41.413,-20.232],[-41.416,-20.239],[-41.422,-20.239],[-41.425,-20.247],[-41.431,-20.25],[-41.444,-20.265],[-41.449,-20.276],[-41.439,-20.282],[-41.44,-20.285],[-41.443,-20.296],[-41.453,-20.306],[-41.458,-20.308],[-41.475,-20.327],[-41.482,-20.323],[-41.478,-20.314],[-41.49,-20.301],[-41.49,-20.289],[-41.496,-20.279],[-41.503,-20.278],[-41.514,-20.284],[-41.523,-20.294],[-41.528,-20.287],[-41.537,-20.286],[-41.539,-20.29],[-41.553,-20.299],[-41.559,-20.281],[-41.565,-20.275],[-41.565,-20.273],[-41.569,-20.264],[-41.594,-20.267],[-41.597,-20.264],[-41.608,-20.27],[-41.616,-20.268],[-41.621,-20.271],[-41.629,-20.289],[-41.637,-20.293],[-41.659,-20.315],[-41.68,-20.322],[-41.687,-20.337],[-41.687,-20.328],[-41.691,-20.325],[-41.681,-20.32],[-41.677,-20.308],[-41.68,-20.301],[-41.685,-20.301],[-41.686,-20.297],[-41.684,-20.289],[-41.674,-20.285],[-41.678,-20.28],[-41.666,-20.258],[-41.677,-20.264],[-41.684,-20.264],[-41.682,-20.256],[-41.675,-20.252],[-41.675,-20.242],[-41.668,-20.228],[-41.671,-20.218],[-41.666,-20.206],[-41.66,-20.206],[-41.602,-20.206],[-41.597,-20.206],[-41.596,-20.206],[-41.577,-20.206],[-41.532,-20.207],[-41.472,-20.207],[-41.451,-20.207],[-41.411,-20.207],[-41.415,-20.208],[-41.416,-20.217],[-41.41,-20.23],[-41.413,-20.232]]]}},{"type":"Feature","properties":{"id":"3202504","nome":"Ibira\u00e7u"},"geometry":{"type":"Polygon","coordinates":[[[-40.373,-19.76],[-40.373,-19.76],[-40.373,-19.76],[-40.373,-19.76],[-40.373,-19.76]],[[-40.431,-19.786],[-40.429,-19.795],[-40.416,-19.793],[-40.412,-19.785],[-40.406,-19.782],[-40.388,-19.788],[-40.379,-19.785],[-40.37,-19.786],[-40.369,-19.769],[-40.377,-19.759],[-40.37,-19.763],[-40.362,-19.764],[-40.363,-19.769],[-40.361,-19.768],[-40.359,-19.776],[-40.347,-19.779],[-40.347,-19.783],[-40.347,-19.802],[-40.347,-19.815],[-40.347,-19.82],[-40.346,-19.852],[-40.346,-19.907],[-40.349,-19.905],[-40.357,-19.912],[-40.373,-19.906],[-40.403,-19.906],[-40.413,-19.907],[-40.425,-19.907],[-40.425,-19.893],[-40.435,-19.883],[-40.442,-19.859],[-40.447,-19.859],[-40.448,-19.863],[-40.453,-19.865],[-40.454,-19.881],[-40.467,-19.868],[-40.478,-19.868],[-40.481,-19.865],[-40.482,-19.855],[-40.485,-19.854],[-40.493,-19.851],[-40.505,-19.854],[-40.512,-19.838],[-40.513,-19.826],[-40.504,-19.802],[-40.491,-19.796],[-40.485,-19.788],[-40.486,-19.777],[-40.476,-19.773],[-40.453,-19.745],[-40.448,-19.763],[-40.441,-19.775],[-40.439,-19.785],[-40.431,-19.786]]]}},{"type":"Feature","properties":{"id":"3202553","nome":"Ibitirama"},"geometry":{"type":"Polygon","coordinates":[[[-41.683,-20.424],[-41.679,-20.422],[-41.678,-20.415],[-41.674,-20.414],[-41.673,-20.397],[-41.663,-20.396],[-41.659,-20.391],[-41.66,-20.381],[-41.654,-20.382],[-41.649,-20.388],[-41.652,-20.395],[-41.646,-20.405],[-41.641,-20.407],[-41.636,-20.402],[-41.632,-20.411],[-41.642,-20.426],[-41.641,-20.437],[-41.622,-20.444],[-41.622,-20.449],[-41.632,-20.46],[-41.619,-20.464],[-41.62,-20.469],[-41.615,-20.474],[-41.604,-20.479],[-41.599,-20.476],[-41.592,-20.484],[-41.598,-20.5],[-41.597,-20.504],[-41.603,-20.512],[-41.604,-20.524],[-41.602,-20.53],[-41.605,-20.534],[-41.601,-20.538],[-41.602,-20.546],[-41.607,-20.548],[-41.608,-20.556],[-41.619,-20.565],[-41.633,-20.564],[-41.64,-20.572],[-41.634,-20.58],[-41.638,-20.588],[-41.63,-20.597],[-41.619,-20.6],[-41.624,-20.608],[-41.62,-20.616],[-41.624,-20.616],[-41.626,-20.621],[-41.618,-20.625],[-41.614,-20.62],[-41.607,-20.623],[-41.603,-20.631],[-41.607,-20.632],[-41.611,-20.633],[-41.61,-20.646],[-41.601,-20.653],[-41.597,-20.663],[-41.6,-20.664],[-41.603,-20.656],[-41.62,-20.646],[-41.635,-20.652],[-41.639,-20.655],[-41.645,-20.653],[-41.64,-20.64],[-41.647,-20.638],[-41.652,-20.642],[-41.659,-20.637],[-41.662,-20.63],[-41.659,-20.61],[-41.669,-20.609],[-41.667,-20.592],[-41.663,-20.587],[-41.669,-20.577],[-41.669,-20.569],[-41.676,-20.555],[-41.681,-20.552],[-41.69,-20.543],[-41.694,-20.529],[-41.713,-20.527],[-41.715,-20.522],[-41.714,-20.518],[-41.724,-20.513],[-41.738,-20.517],[-41.741,-20.515],[-41.743,-20.511],[-41.746,-20.505],[-41.751,-20.503],[-41.783,-20.504],[-41.79,-20.498],[-41.794,-20.479],[-41.799,-20.477],[-41.802,-20.442],[-41.798,-20.435],[-41.803,-20.429],[-41.803,-20.422],[-41.804,-20.416],[-41.791,-20.396],[-41.793,-20.391],[-41.789,-20.384],[-41.792,-20.375],[-41.768,-20.373],[-41.75,-20.381],[-41.739,-20.381],[-41.733,-20.386],[-41.729,-20.39],[-41.716,-20.398],[-41.704,-20.413],[-41.69,-20.416],[-41.683,-20.424]]]}},{"type":"Feature","properties":{"id":"3202603","nome":"Iconha"},"geometry":{"type":"Polygon","coordinates":[[[-40.839,-20.688],[-40.833,-20.691],[-40.828,-20.691],[-40.806,-20.716],[-40.797,-20.713],[-40.793,-20.715],[-40.795,-20.725],[-40.807,-20.736],[-40.807,-20.741],[-40.81,-20.75],[-40.804,-20.755],[-40.784,-20.748],[-40.776,-20.756],[-40.78,-20.763],[-40.774,-20.764],[-40.771,-20.769],[-40.775,-20.773],[-40.77,-20.788],[-40.798,-20.819],[-40.828,-20.852],[-40.828,-20.808],[-40.832,-20.807],[-40.84,-20.814],[-40.842,-20.809],[-40.852,-20.81],[-40.856,-20.814],[-40.865,-20.806],[-40.878,-20.815],[-40.889,-20.818],[-40.896,-20.815],[-40.896,-20.812],[-40.907,-20.806],[-40.923,-20.787],[-40.935,-20.776],[-40.938,-20.777],[-40.947,-20.772],[-40.944,-20.765],[-40.932,-20.753],[-40.931,-20.747],[-40.927,-20.745],[-40.923,-20.749],[-40.919,-20.748],[-40.922,-20.747],[-40.932,-20.731],[-40.927,-20.724],[-40.926,-20.716],[-40.919,-20.709],[-40.915,-20.694],[-40.907,-20.687],[-40.897,-20.678],[-40.881,-20.671],[-40.857,-20.685],[-40.844,-20.687],[-40.839,-20.688]]]}},{"type":"Feature","properties":{"id":"3202652","nome":"Irupi"},"geometry":{"type":"Polygon","coordinates":[[[-41.666,-20.258],[-41.678,-20.28],[-41.674,-20.285],[-41.684,-20.289],[-41.686,-20.297],[-41.685,-20.301],[-41.68,-20.301],[-41.677,-20.308],[-41.681,-20.32],[-41.691,-20.325],[-41.687,-20.328],[-41.687,-20.337],[-41.68,-20.322],[-41.659,-20.315],[-41.637,-20.293],[-41.629,-20.289],[-41.621,-20.271],[-41.616,-20.268],[-41.608,-20.27],[-41.597,-20.264],[-41.594,-20.267],[-41.569,-20.264],[-41.565,-20.273],[-41.565,-20.275],[-41.559,-20.281],[-41.553,-20.299],[-41.547,-20.304],[-41.544,-20.315],[-41.539,-20.316],[-41.539,-20.323],[-41.546,-20.326],[-41.56,-20.337],[-41.558,-20.343],[-41.564,-20.347],[-41.574,-20.347],[-41.6,-20.36],[-41.594,-20.364],[-41.585,-20.384],[-41.595,-20.388],[-41.602,-20.4],[-41.604,-20.403],[-41.611,-20.403],[-41.613,-20.415],[-41.615,-20.415],[-41.627,-20.411],[-41.633,-20.395],[-41.636,-20.393],[-41.642,-20.396],[-41.655,-20.372],[-41.659,-20.375],[-41.664,-20.37],[-41.669,-20.378],[-41.672,-20.377],[-41.683,-20.376],[-41.688,-20.385],[-41.698,-20.386],[-41.699,-20.369],[-41.712,-20.353],[-41.717,-20.34],[-41.728,-20.332],[-41.736,-20.322],[-41.745,-20.321],[-41.753,-20.331],[-41.777,-20.341],[-41.787,-20.353],[-41.796,-20.349],[-41.796,-20.341],[-41.771,-20.332],[-41.766,-20.331],[-41.746,-20.315],[-41.734,-20.317],[-41.73,-20.322],[-41.721,-20.318],[-41.716,-20.325],[-41.715,-20.32],[-41.718,-20.317],[-41.709,-20.312],[-41.717,-20.305],[-41.704,-20.299],[-41.709,-20.293],[-41.695,-20.279],[-41.697,-20.271],[-41.684,-20.264],[-41.677,-20.264],[-41.666,-20.258]]]}},{"type":"Feature","properties":{"id":"3202702","nome":"Itagua\u00e7u"},"geometry":{"type":"Polygon","coordinates":[[[-40.856,-19.587],[-40.852,-19.597],[-40.86,-19.603],[-40.855,-19.61],[-40.851,-19.616],[-40.835,-19.616],[-40.825,-19.605],[-40.825,-19.597],[-40.816,-19.594],[-40.807,-19.598],[-40.789,-19.58],[-40.783,-19.579],[-40.778,-19.583],[-40.784,-19.586],[-40.787,-19.595],[-40.774,-19.614],[-40.78,-19.634],[-40.768,-19.635],[-40.77,-19.65],[-40.756,-19.652],[-40.759,-19.669],[-40.766,-19.68],[-40.773,-19.697],[-40.771,-19.708],[-40.776,-19.712],[-40.773,-19.739],[-40.781,-19.76],[-40.776,-19.772],[-40.778,-19.78],[-40.773,-19.787],[-40.776,-19.797],[-40.771,-19.804],[-40.774,-19.813],[-40.783,-19.818],[-40.781,-19.83],[-40.793,-19.834],[-40.797,-19.838],[-40.802,-19.837],[-40.814,-19.845],[-40.828,-19.868],[-40.825,-19.877],[-40.817,-19.885],[-40.824,-19.889],[-40.839,-19.875],[-40.881,-19.836],[-40.882,-19.835],[-40.884,-19.833],[-40.894,-19.841],[-40.902,-19.839],[-40.91,-19.847],[-40.917,-19.844],[-40.935,-19.856],[-40.949,-19.861],[-40.954,-19.86],[-40.959,-19.852],[-40.949,-19.842],[-40.957,-19.832],[-40.965,-19.831],[-40.938,-19.821],[-40.943,-19.806],[-40.959,-19.804],[-40.974,-19.798],[-40.987,-19.806],[-40.992,-19.803],[-40.997,-19.79],[-40.993,-19.786],[-40.991,-19.759],[-40.982,-19.756],[-40.98,-19.744],[-40.98,-19.735],[-40.974,-19.727],[-40.969,-19.725],[-40.96,-19.729],[-40.946,-19.728],[-40.943,-19.71],[-40.936,-19.707],[-40.929,-19.695],[-40.921,-19.695],[-40.927,-19.688],[-40.925,-19.676],[-40.929,-19.672],[-40.935,-19.653],[-40.936,-19.641],[-40.928,-19.631],[-40.934,-19.626],[-40.932,-19.622],[-40.938,-19.617],[-40.93,-19.617],[-40.929,-19.611],[-40.921,-19.607],[-40.921,-19.603],[-40.912,-19.599],[-40.898,-19.599],[-40.892,-19.593],[-40.883,-19.591],[-40.876,-19.574],[-40.866,-19.571],[-40.85,-19.558],[-40.841,-19.561],[-40.846,-19.565],[-40.844,-19.567],[-40.833,-19.567],[-40.852,-19.578],[-40.856,-19.587]]]}},{"type":"Feature","properties":{"id":"3202801","nome":"Itapemirim"},"geometry":{"type":"Polygon","coordinates":[[[-40.872,-20.892],[-40.865,-20.893],[-40.851,-20.886],[-40.828,-20.89],[-40.781,-20.873],[-40.777,-20.871],[-40.775,-20.87],[-40.759,-20.864],[-40.762,-20.876],[-40.758,-20.879],[-40.765,-20.889],[-40.772,-20.891],[-40.776,-20.905],[-40.795,-20.926],[-40.804,-20.943],[-40.81,-20.967],[-40.81,-20.995],[-40.828,-21.018],[-40.848,-21.045],[-40.849,-21.046],[-40.874,-21.058],[-40.883,-21.053],[-40.892,-21.054],[-40.902,-21.049],[-40.911,-21.039],[-40.918,-21.045],[-40.929,-21.047],[-40.939,-21.058],[-40.934,-21.065],[-40.935,-21.07],[-40.934,-21.082],[-40.946,-21.114],[-40.96,-21.077],[-40.972,-21.077],[-40.976,-21.072],[-40.982,-21.067],[-40.984,-21.06],[-40.993,-21.057],[-41.0,-21.065],[-41.018,-21.063],[-41.025,-21.056],[-41.023,-21.05],[-41.034,-21.051],[-41.041,-21.045],[-41.044,-21.046],[-41.042,-21.042],[-41.037,-21.036],[-41.043,-21.018],[-41.053,-21.025],[-41.063,-21.026],[-41.069,-21.023],[-41.078,-21.024],[-41.092,-21.018],[-41.093,-21.014],[-41.097,-21.011],[-41.102,-21.013],[-41.1,-21.005],[-41.111,-20.994],[-41.108,-20.983],[-41.103,-20.979],[-41.107,-20.974],[-41.112,-20.975],[-41.111,-20.969],[-41.119,-20.967],[-41.118,-20.962],[-41.098,-20.957],[-41.091,-20.952],[-41.086,-20.941],[-41.081,-20.936],[-41.08,-20.931],[-41.078,-20.926],[-41.078,-20.918],[-41.072,-20.919],[-41.064,-20.906],[-41.053,-20.902],[-41.055,-20.898],[-41.058,-20.892],[-41.051,-20.875],[-41.04,-20.869],[-41.029,-20.869],[-41.025,-20.869],[-41.023,-20.869],[-40.991,-20.869],[-40.98,-20.869],[-40.963,-20.876],[-40.945,-20.886],[-40.925,-20.891],[-40.901,-20.89],[-40.9,-20.89],[-40.872,-20.892]]]}},{"type":"Feature","properties":{"id":"3202900","nome":"Itarana"},"geometry":{"type":"Polygon","coordinates":[[[-40.881,-19.836],[-40.839,-19.875],[-40.824,-19.889],[-40.817,-19.885],[-40.813,-19.891],[-40.816,-19.908],[-40.795,-19.911],[-40.786,-19.927],[-40.774,-19.934],[-40.776,-19.942],[-40.785,-19.962],[-40.796,-19.966],[-40.804,-19.976],[-40.813,-19.979],[-40.826,-19.986],[-40.832,-19.986],[-40.839,-19.98],[-40.85,-19.985],[-40.859,-19.993],[-40.862,-20.003],[-40.869,-20.014],[-40.868,-20.022],[-40.872,-20.025],[-40.88,-20.032],[-40.887,-20.029],[-40.893,-20.042],[-40.903,-20.045],[-40.911,-20.056],[-40.921,-20.055],[-40.936,-20.063],[-40.944,-20.062],[-40.948,-20.074],[-40.955,-20.071],[-40.953,-20.069],[-40.96,-20.064],[-40.956,-20.063],[-40.957,-20.058],[-40.967,-20.046],[-40.968,-20.037],[-40.965,-20.035],[-40.966,-20.029],[-40.963,-20.029],[-40.966,-20.025],[-40.97,-20.023],[-40.97,-20.001],[-40.97,-19.989],[-40.969,-19.976],[-40.956,-19.964],[-40.958,-19.953],[-40.945,-19.933],[-40.947,-19.929],[-40.948,-19.916],[-40.945,-19.907],[-40.944,-19.903],[-40.924,-19.902],[-40.933,-19.895],[-40.933,-19.874],[-40.941,-19.871],[-40.948,-19.862],[-40.949,-19.861],[-40.935,-19.856],[-40.917,-19.844],[-40.91,-19.847],[-40.902,-19.839],[-40.894,-19.841],[-40.884,-19.833],[-40.882,-19.835],[-40.881,-19.836]]]}},{"type":"Feature","properties":{"id":"3203007","nome":"I\u00fana"},"geometry":{"type":"Polygon","coordinates":[[[-41.666,-20.206],[-41.671,-20.218],[-41.668,-20.228],[-41.675,-20.242],[-41.675,-20.252],[-41.682,-20.256],[-41.684,-20.264],[-41.697,-20.271],[-41.695,-20.279],[-41.709,-20.293],[-41.704,-20.299],[-41.717,-20.305],[-41.709,-20.312],[-41.718,-20.317],[-41.715,-20.32],[-41.716,-20.325],[-41.721,-20.318],[-41.73,-20.322],[-41.734,-20.317],[-41.746,-20.315],[-41.766,-20.331],[-41.771,-20.332],[-41.796,-20.341],[-41.796,-20.349],[-41.787,-20.353],[-41.777,-20.341],[-41.753,-20.331],[-41.745,-20.321],[-41.736,-20.322],[-41.728,-20.332],[-41.717,-20.34],[-41.712,-20.353],[-41.699,-20.369],[-41.698,-20.386],[-41.688,-20.385],[-41.683,-20.376],[-41.672,-20.377],[-41.669,-20.378],[-41.664,-20.37],[-41.659,-20.375],[-41.655,-20.372],[-41.642,-20.396],[-41.636,-20.393],[-41.633,-20.395],[-41.627,-20.411],[-41.615,-20.415],[-41.613,-20.415],[-41.611,-20.403],[-41.604,-20.403],[-41.602,-20.4],[-41.595,-20.388],[-41.585,-20.384],[-41.594,-20.364],[-41.6,-20.36],[-41.574,-20.347],[-41.564,-20.347],[-41.558,-20.343],[-41.56,-20.337],[-41.546,-20.326],[-41.539,-20.323],[-41.539,-20.316],[-41.544,-20.315],[-41.547,-20.304],[-41.553,-20.299],[-41.539,-20.29],[-41.537,-20.286],[-41.528,-20.287],[-41.523,-20.294],[-41.514,-20.284],[-41.503,-20.278],[-41.496,-20.279],[-41.49,-20.289],[-41.49,-20.301],[-41.478,-20.314],[-41.482,-20.323],[-41.475,-20.327],[-41.474,-20.331],[-41.464,-20.334],[-41.468,-20.344],[-41.465,-20.346],[-41.462,-20.35],[-41.471,-20.362],[-41.467,-20.386],[-41.471,-20.392],[-41.474,-20.406],[-41.48,-20.414],[-41.503,-20.432],[-41.522,-20.439],[-41.535,-20.439],[-41.54,-20.431],[-41.555,-20.434],[-41.562,-20.433],[-41.564,-20.427],[-41.578,-20.429],[-41.572,-20.446],[-41.584,-20.461],[-41.584,-20.465],[-41.577,-20.467],[-41.578,-20.478],[-41.574,-20.494],[-41.578,-20.499],[-41.597,-20.504],[-41.598,-20.5],[-41.592,-20.484],[-41.599,-20.476],[-41.604,-20.479],[-41.615,-20.474],[-41.62,-20.469],[-41.619,-20.464],[-41.632,-20.46],[-41.622,-20.449],[-41.622,-20.444],[-41.641,-20.437],[-41.642,-20.426],[-41.632,-20.411],[-41.636,-20.402],[-41.641,-20.407],[-41.646,-20.405],[-41.652,-20.395],[-41.649,-20.388],[-41.654,-20.382],[-41.66,-20.381],[-41.659,-20.391],[-41.663,-20.396],[-41.673,-20.397],[-41.674,-20.414],[-41.678,-20.415],[-41.679,-20.422],[-41.683,-20.424],[-41.69,-20.416],[-41.704,-20.413],[-41.716,-20.398],[-41.729,-20.39],[-41.733,-20.386],[-41.739,-20.381],[-41.75,-20.381],[-41.768,-20.373],[-41.792,-20.375],[-41.789,-20.384],[-41.793,-20.391],[-41.791,-20.396],[-41.804,-20.416],[-41.803,-20.422],[-41.836,-20.409],[-41.845,-20.381],[-41.847,-20.375],[-41.859,-20.373],[-41.852,-20.356],[-41.852,-20.348],[-41.844,-20.34],[-41.844,-20.334],[-41.848,-20.33],[-41.841,-20.326],[-41.836,-20.33],[-41.834,-20.325],[-41.825,-20.319],[-41.822,-20.311],[-41.818,-20.31],[-41.807,-20.307],[-41.803,-20.299],[-41.797,-20.296],[-41.782,-20.294],[-41.777,-20.288],[-41.779,-20.278],[-41.777,-20.271],[-41.775,-20.263],[-41.774,-20.259],[-41.771,-20.257],[-41.767,-20.229],[-41.764,-20.227],[-41.765,-20.223],[-41.759,-20.213],[-41.757,-20.213],[-41.756,-20.206],[-41.666,-20.206]]]}},{"type":"Feature","properties":{"id":"3203056","nome":"Jaguar\u00e9"},"geometry":{"type":"Polygon","coordinates":[[[-40.1,-18.792],[-40.085,-18.803],[-40.074,-18.801],[-40.06,-18.804],[-40.053,-18.81],[-40.027,-18.807],[-40.017,-18.814],[-40.007,-18.813],[-40.008,-18.897],[-40.007,-18.893],[-39.988,-18.877],[-39.965,-18.882],[-39.958,-18.899],[-39.954,-18.903],[-39.93,-18.929],[-39.918,-18.933],[-39.901,-18.958],[-39.875,-18.978],[-39.835,-19.029],[-39.742,-19.149],[-39.752,-19.158],[-39.774,-19.16],[-39.777,-19.151],[-39.803,-19.149],[-39.826,-19.139],[-39.835,-19.139],[-39.835,-19.13],[-39.839,-19.129],[-39.842,-19.12],[-39.849,-19.125],[-39.873,-19.111],[-39.876,-19.104],[-39.871,-19.099],[-39.883,-19.097],[-39.885,-19.089],[-39.883,-19.083],[-39.877,-19.086],[-39.87,-19.08],[-39.872,-19.068],[-39.881,-19.062],[-39.877,-19.049],[-39.882,-19.046],[-39.894,-19.055],[-39.9,-19.051],[-39.912,-19.056],[-39.926,-19.06],[-39.93,-19.058],[-39.93,-19.052],[-39.947,-19.046],[-39.964,-19.026],[-39.971,-19.023],[-39.982,-19.007],[-39.999,-18.996],[-40.0,-18.995],[-40.003,-18.995],[-40.021,-18.989],[-40.024,-18.988],[-40.038,-18.986],[-40.064,-18.98],[-40.071,-18.983],[-40.084,-18.981],[-40.105,-18.97],[-40.127,-18.964],[-40.136,-18.964],[-40.149,-18.955],[-40.155,-18.956],[-40.174,-18.948],[-40.179,-18.949],[-40.178,-18.943],[-40.185,-18.937],[-40.183,-18.93],[-40.19,-18.923],[-40.195,-18.923],[-40.194,-18.916],[-40.198,-18.911],[-40.203,-18.911],[-40.207,-18.905],[-40.205,-18.898],[-40.207,-18.883],[-40.208,-18.881],[-40.182,-18.85],[-40.17,-18.837],[-40.149,-18.811],[-40.118,-18.774],[-40.1,-18.792]]]}},{"type":"Feature","properties":{"id":"3203106","nome":"Jer\u00f4nimo Monteiro"},"geometry":{"type":"Polygon","coordinates":[[[-41.362,-20.721],[-41.352,-20.73],[-41.34,-20.724],[-41.328,-20.729],[-41.321,-20.733],[-41.34,-20.747],[-41.332,-20.755],[-41.338,-20.757],[-41.337,-20.761],[-41.345,-20.768],[-41.341,-20.776],[-41.354,-20.782],[-41.348,-20.787],[-41.345,-20.795],[-41.346,-20.798],[-41.348,-20.81],[-41.342,-20.818],[-41.344,-20.824],[-41.341,-20.833],[-41.343,-20.849],[-41.334,-20.855],[-41.337,-20.863],[-41.34,-20.874],[-41.371,-20.874],[-41.388,-20.863],[-41.4,-20.856],[-41.415,-20.852],[-41.415,-20.853],[-41.42,-20.861],[-41.416,-20.865],[-41.423,-20.867],[-41.425,-20.872],[-41.423,-20.878],[-41.429,-20.902],[-41.435,-20.907],[-41.445,-20.909],[-41.455,-20.893],[-41.453,-20.891],[-41.459,-20.881],[-41.457,-20.871],[-41.463,-20.866],[-41.458,-20.856],[-41.461,-20.851],[-41.457,-20.846],[-41.459,-20.837],[-41.454,-20.834],[-41.451,-20.828],[-41.455,-20.82],[-41.451,-20.819],[-41.455,-20.812],[-41.453,-20.805],[-41.445,-20.801],[-41.443,-20.796],[-41.429,-20.79],[-41.427,-20.784],[-41.416,-20.78],[-41.399,-20.734],[-41.398,-20.734],[-41.384,-20.737],[-41.382,-20.725],[-41.375,-20.73],[-41.37,-20.721],[-41.362,-20.721]]]}},{"type":"Feature","properties":{"id":"3203130","nome":"Jo\u00e3o Neiva"},"geometry":{"type":"Polygon","coordinates":[[[-40.37,-19.624],[-40.373,-19.642],[-40.37,-19.653],[-40.364,-19.656],[-40.357,-19.671],[-40.349,-19.666],[-40.35,-19.675],[-40.352,-19.694],[-40.348,-19.701],[-40.341,-19.705],[-40.348,-19.706],[-40.348,-19.718],[-40.348,-19.731],[-40.348,-19.756],[-40.347,-19.779],[-40.359,-19.776],[-40.361,-19.768],[-40.363,-19.769],[-40.362,-19.764],[-40.37,-19.763],[-40.377,-19.759],[-40.369,-19.769],[-40.37,-19.786],[-40.379,-19.785],[-40.388,-19.788],[-40.406,-19.782],[-40.412,-19.785],[-40.416,-19.793],[-40.429,-19.795],[-40.431,-19.786],[-40.439,-19.785],[-40.441,-19.775],[-40.448,-19.763],[-40.453,-19.745],[-40.476,-19.773],[-40.486,-19.777],[-40.485,-19.788],[-40.491,-19.796],[-40.504,-19.802],[-40.511,-19.782],[-40.522,-19.772],[-40.518,-19.745],[-40.52,-19.727],[-40.527,-19.715],[-40.511,-19.669],[-40.502,-19.658],[-40.498,-19.659],[-40.497,-19.653],[-40.489,-19.65],[-40.489,-19.645],[-40.486,-19.64],[-40.475,-19.641],[-40.47,-19.632],[-40.463,-19.631],[-40.421,-19.641],[-40.376,-19.622],[-40.37,-19.624]],[[-40.373,-19.76],[-40.373,-19.76],[-40.373,-19.76],[-40.373,-19.76],[-40.373,-19.76]]]}},{"type":"Feature","properties":{"id":"3203163","nome":"Laranja da Terra"},"geometry":{"type":"Polygon","coordinates":[[[-41.154,-19.759],[-41.148,-19.766],[-41.134,-19.773],[-41.126,-19.771],[-41.122,-19.78],[-41.125,-19.788],[-41.115,-19.794],[-41.111,-19.793],[-41.11,-19.785],[-41.101,-19.783],[-41.096,-19.787],[-41.074,-19.773],[-41.069,-19.776],[-41.054,-19.762],[-41.042,-19.763],[-41.047,-19.769],[-41.052,-19.769],[-41.054,-19.776],[-41.046,-19.777],[-41.036,-19.791],[-41.022,-19.781],[-41.017,-19.785],[-41.011,-19.804],[-40.992,-19.803],[-40.987,-19.806],[-40.974,-19.798],[-40.959,-19.804],[-40.943,-19.806],[-40.938,-19.821],[-40.965,-19.831],[-40.957,-19.832],[-40.949,-19.842],[-40.959,-19.852],[-40.954,-19.86],[-40.949,-19.861],[-40.948,-19.862],[-40.941,-19.871],[-40.933,-19.874],[-40.933,-19.895],[-40.924,-19.902],[-40.944,-19.903],[-40.945,-19.907],[-40.948,-19.916],[-40.947,-19.929],[-40.945,-19.933],[-40.958,-19.953],[-40.956,-19.964],[-40.969,-19.976],[-40.979,-19.978],[-40.984,-19.973],[-40.985,-19.972],[-40.995,-19.968],[-40.995,-19.96],[-41.004,-19.961],[-41.008,-19.961],[-41.014,-19.97],[-41.019,-19.971],[-41.037,-19.977],[-41.046,-19.977],[-41.055,-19.986],[-41.065,-19.987],[-41.075,-19.978],[-41.087,-19.971],[-41.095,-19.97],[-41.103,-19.964],[-41.112,-19.973],[-41.121,-19.966],[-41.115,-19.963],[-41.116,-19.959],[-41.11,-19.954],[-41.112,-19.949],[-41.115,-19.941],[-41.125,-19.936],[-41.127,-19.915],[-41.131,-19.909],[-41.145,-19.891],[-41.155,-19.891],[-41.175,-19.907],[-41.187,-19.891],[-41.184,-19.888],[-41.184,-19.848],[-41.179,-19.847],[-41.175,-19.839],[-41.186,-19.827],[-41.175,-19.825],[-41.166,-19.81],[-41.166,-19.792],[-41.174,-19.784],[-41.171,-19.778],[-41.174,-19.767],[-41.174,-19.762],[-41.167,-19.762],[-41.159,-19.764],[-41.154,-19.759]]]}},{"type":"Feature","properties":{"id":"3203205","nome":"Linhares"},"geometry":{"type":"Polygon","coordinates":[[[-39.964,-19.026],[-39.947,-19.046],[-39.93,-19.052],[-39.93,-19.058],[-39.926,-19.06],[-39.912,-19.056],[-39.9,-19.051],[-39.894,-19.055],[-39.882,-19.046],[-39.877,-19.049],[-39.881,-19.062],[-39.872,-19.068],[-39.87,-19.08],[-39.877,-19.086],[-39.883,-19.083],[-39.885,-19.089],[-39.883,-19.097],[-39.871,-19.099],[-39.876,-19.104],[-39.873,-19.111],[-39.849,-19.125],[-39.842,-19.12],[-39.839,-19.129],[-39.835,-19.13],[-39.835,-19.139],[-39.826,-19.139],[-39.803,-19.149],[-39.777,-19.151],[-39.774,-19.16],[-39.752,-19.158],[-39.742,-19.149],[-39.736,-19.141],[-39.732,-19.125],[-39.738,-19.103],[-39.732,-19.097],[-39.719,-19.097],[-39.708,-19.18],[-39.703,-19.211],[-39.697,-19.243],[-39.689,-19.296],[-39.696,-19.367],[-39.729,-19.465],[-39.771,-19.56],[-39.806,-19.631],[-39.807,-19.648],[-39.812,-19.652],[-39.816,-19.655],[-39.825,-19.653],[-39.836,-19.656],[-39.841,-19.658],[-39.873,-19.668],[-39.911,-19.687],[-39.916,-19.684],[-39.935,-19.671],[-40.031,-19.606],[-40.049,-19.584],[-40.065,-19.585],[-40.075,-19.578],[-40.086,-19.564],[-40.111,-19.553],[-40.124,-19.551],[-40.138,-19.551],[-40.141,-19.555],[-40.145,-19.556],[-40.166,-19.553],[-40.169,-19.558],[-40.176,-19.56],[-40.184,-19.562],[-40.191,-19.566],[-40.192,-19.57],[-40.199,-19.571],[-40.2,-19.577],[-40.209,-19.585],[-40.215,-19.584],[-40.227,-19.584],[-40.239,-19.594],[-40.255,-19.598],[-40.258,-19.606],[-40.267,-19.61],[-40.272,-19.623],[-40.289,-19.624],[-40.288,-19.635],[-40.309,-19.648],[-40.304,-19.661],[-40.333,-19.642],[-40.344,-19.652],[-40.349,-19.666],[-40.357,-19.671],[-40.364,-19.656],[-40.37,-19.653],[-40.373,-19.642],[-40.37,-19.624],[-40.376,-19.622],[-40.375,-19.618],[-40.37,-19.617],[-40.375,-19.598],[-40.372,-19.594],[-40.387,-19.577],[-40.389,-19.564],[-40.371,-19.555],[-40.368,-19.55],[-40.372,-19.546],[-40.373,-19.535],[-40.392,-19.51],[-40.407,-19.51],[-40.42,-19.502],[-40.432,-19.491],[-40.436,-19.464],[-40.439,-19.46],[-40.448,-19.461],[-40.443,-19.452],[-40.446,-19.45],[-40.441,-19.439],[-40.433,-19.435],[-40.443,-19.426],[-40.447,-19.426],[-40.457,-19.416],[-40.453,-19.401],[-40.477,-19.383],[-40.479,-19.365],[-40.493,-19.371],[-40.496,-19.366],[-40.494,-19.363],[-40.5,-19.357],[-40.514,-19.343],[-40.524,-19.346],[-40.53,-19.342],[-40.525,-19.331],[-40.514,-19.324],[-40.508,-19.31],[-40.507,-19.307],[-40.49,-19.297],[-40.489,-19.286],[-40.483,-19.287],[-40.479,-19.292],[-40.465,-19.287],[-40.461,-19.278],[-40.454,-19.28],[-40.45,-19.291],[-40.442,-19.291],[-40.434,-19.281],[-40.439,-19.271],[-40.431,-19.259],[-40.428,-19.258],[-40.428,-19.271],[-40.42,-19.266],[-40.409,-19.265],[-40.417,-19.272],[-40.414,-19.278],[-40.421,-19.299],[-40.431,-19.308],[-40.434,-19.316],[-40.431,-19.322],[-40.416,-19.325],[-40.404,-19.348],[-40.401,-19.346],[-40.398,-19.347],[-40.398,-19.365],[-40.394,-19.368],[-40.381,-19.37],[-40.378,-19.364],[-40.381,-19.361],[-40.372,-19.361],[-40.366,-19.352],[-40.353,-19.357],[-40.35,-19.353],[-40.337,-19.356],[-40.335,-19.361],[-40.337,-19.366],[-40.325,-19.376],[-40.311,-19.341],[-40.302,-19.318],[-40.298,-19.355],[-40.285,-19.364],[-40.274,-19.362],[-40.273,-19.368],[-40.237,-19.355],[-40.203,-19.342],[-40.192,-19.29],[-40.182,-19.234],[-40.189,-19.226],[-40.191,-19.216],[-40.192,-19.192],[-40.157,-19.193],[-40.148,-19.217],[-40.118,-19.229],[-40.115,-19.221],[-40.121,-19.211],[-40.104,-19.208],[-40.097,-19.222],[-40.084,-19.225],[-40.084,-19.235],[-40.037,-19.185],[-40.04,-19.186],[-40.053,-19.175],[-40.07,-19.169],[-40.088,-19.169],[-40.085,-19.162],[-40.076,-19.144],[-40.075,-19.143],[-40.073,-19.139],[-40.072,-19.137],[-40.045,-19.083],[-40.035,-19.061],[-40.032,-19.059],[-40.02,-19.051],[-40.014,-19.053],[-40.005,-19.048],[-39.989,-19.047],[-39.998,-19.041],[-40.008,-19.045],[-40.023,-19.037],[-40.003,-18.995],[-40.0,-18.995],[-39.999,-18.996],[-39.982,-19.007],[-39.971,-19.023],[-39.964,-19.026]]]}},{"type":"Feature","properties":{"id":"3203304","nome":"Manten\u00f3polis"},"geometry":{"type":"Polygon","coordinates":[[[-41.157,-18.797],[-41.149,-18.797],[-41.134,-18.796],[-41.13,-18.807],[-41.119,-18.81],[-41.12,-18.817],[-41.11,-18.838],[-41.097,-18.842],[-41.083,-18.836],[-41.07,-18.836],[-41.049,-18.836],[-41.047,-18.836],[-41.025,-18.837],[-40.989,-18.855],[-40.955,-18.871],[-40.898,-18.9],[-40.905,-18.939],[-40.925,-18.94],[-40.999,-18.942],[-41.058,-18.944],[-41.064,-18.945],[-41.07,-18.941],[-41.078,-18.947],[-41.079,-18.938],[-41.092,-18.934],[-41.103,-18.934],[-41.103,-18.93],[-41.109,-18.928],[-41.112,-18.922],[-41.118,-18.921],[-41.114,-18.912],[-41.12,-18.908],[-41.119,-18.903],[-41.126,-18.894],[-41.131,-18.894],[-41.143,-18.884],[-41.149,-18.885],[-41.153,-18.886],[-41.155,-18.876],[-41.159,-18.864],[-41.166,-18.858],[-41.189,-18.864],[-41.199,-18.863],[-41.208,-18.855],[-41.212,-18.868],[-41.209,-18.874],[-41.214,-18.877],[-41.23,-18.858],[-41.239,-18.858],[-41.243,-18.854],[-41.239,-18.846],[-41.243,-18.843],[-41.237,-18.834],[-41.245,-18.821],[-41.232,-18.797],[-41.167,-18.797],[-41.157,-18.797]]]}},{"type":"Feature","properties":{"id":"3203320","nome":"Marata\u00edzes"},"geometry":{"type":"Polygon","coordinates":[[[-40.81,-20.995],[-40.805,-21.004],[-40.8,-21.003],[-40.806,-21.007],[-40.81,-21.021],[-40.813,-21.036],[-40.828,-21.046],[-40.856,-21.128],[-40.88,-21.143],[-40.891,-21.157],[-40.908,-21.167],[-40.926,-21.191],[-40.928,-21.187],[-40.937,-21.185],[-40.946,-21.175],[-40.949,-21.164],[-40.95,-21.13],[-40.946,-21.114],[-40.934,-21.082],[-40.935,-21.07],[-40.934,-21.065],[-40.939,-21.058],[-40.929,-21.047],[-40.918,-21.045],[-40.911,-21.039],[-40.902,-21.049],[-40.892,-21.054],[-40.883,-21.053],[-40.874,-21.058],[-40.849,-21.046],[-40.848,-21.045],[-40.828,-21.018],[-40.81,-20.995]]]}},{"type":"Feature","properties":{"id":"3203346","nome":"Marechal Floriano"},"geometry":{"type":"Polygon","coordinates":[[[-40.741,-20.378],[-40.741,-20.385],[-40.735,-20.384],[-40.732,-20.389],[-40.724,-20.386],[-40.721,-20.388],[-40.714,-20.377],[-40.709,-20.378],[-40.706,-20.386],[-40.696,-20.391],[-40.69,-20.391],[-40.687,-20.387],[-40.668,-20.387],[-40.665,-20.384],[-40.646,-20.386],[-40.643,-20.391],[-40.647,-20.399],[-40.641,-20.405],[-40.635,-20.418],[-40.625,-20.424],[-40.622,-20.435],[-40.632,-20.462],[-40.626,-20.468],[-40.634,-20.471],[-40.635,-20.468],[-40.644,-20.467],[-40.651,-20.458],[-40.658,-20.46],[-40.661,-20.449],[-40.674,-20.449],[-40.684,-20.441],[-40.689,-20.434],[-40.703,-20.432],[-40.715,-20.441],[-40.708,-20.447],[-40.711,-20.45],[-40.71,-20.459],[-40.72,-20.46],[-40.724,-20.458],[-40.727,-20.462],[-40.729,-20.462],[-40.736,-20.467],[-40.737,-20.474],[-40.744,-20.475],[-40.741,-20.481],[-40.752,-20.488],[-40.748,-20.493],[-40.761,-20.504],[-40.764,-20.497],[-40.77,-20.497],[-40.775,-20.496],[-40.787,-20.51],[-40.793,-20.507],[-40.798,-20.514],[-40.816,-20.523],[-40.822,-20.517],[-40.81,-20.502],[-40.807,-20.492],[-40.814,-20.482],[-40.818,-20.489],[-40.831,-20.484],[-40.836,-20.488],[-40.842,-20.485],[-40.855,-20.492],[-40.861,-20.488],[-40.866,-20.48],[-40.87,-20.465],[-40.905,-20.462],[-40.904,-20.458],[-40.912,-20.449],[-40.909,-20.446],[-40.9,-20.448],[-40.904,-20.438],[-40.898,-20.434],[-40.899,-20.423],[-40.888,-20.419],[-40.887,-20.407],[-40.895,-20.398],[-40.887,-20.397],[-40.869,-20.382],[-40.859,-20.381],[-40.856,-20.385],[-40.833,-20.374],[-40.833,-20.378],[-40.821,-20.393],[-40.803,-20.397],[-40.789,-20.406],[-40.786,-20.396],[-40.787,-20.383],[-40.78,-20.379],[-40.782,-20.373],[-40.778,-20.365],[-40.768,-20.36],[-40.76,-20.347],[-40.747,-20.344],[-40.734,-20.346],[-40.731,-20.346],[-40.735,-20.358],[-40.739,-20.365],[-40.735,-20.369],[-40.741,-20.378]]]}},{"type":"Feature","properties":{"id":"3203353","nome":"Maril\u00e2ndia"},"geometry":{"type":"Polygon","coordinates":[[[-40.53,-19.342],[-40.524,-19.346],[-40.514,-19.343],[-40.5,-19.357],[-40.494,-19.363],[-40.496,-19.366],[-40.493,-19.371],[-40.479,-19.365],[-40.477,-19.383],[-40.453,-19.401],[-40.457,-19.416],[-40.447,-19.426],[-40.443,-19.426],[-40.433,-19.435],[-40.441,-19.439],[-40.446,-19.45],[-40.443,-19.452],[-40.448,-19.461],[-40.439,-19.46],[-40.436,-19.464],[-40.432,-19.491],[-40.42,-19.502],[-40.407,-19.51],[-40.392,-19.51],[-40.373,-19.535],[-40.39,-19.543],[-40.433,-19.533],[-40.473,-19.536],[-40.482,-19.535],[-40.498,-19.518],[-40.506,-19.515],[-40.509,-19.512],[-40.519,-19.503],[-40.534,-19.5],[-40.533,-19.491],[-40.552,-19.483],[-40.56,-19.473],[-40.567,-19.454],[-40.567,-19.44],[-40.574,-19.436],[-40.576,-19.429],[-40.585,-19.433],[-40.597,-19.431],[-40.6,-19.439],[-40.614,-19.439],[-40.619,-19.446],[-40.624,-19.447],[-40.626,-19.448],[-40.629,-19.438],[-40.633,-19.436],[-40.642,-19.405],[-40.643,-19.383],[-40.637,-19.383],[-40.635,-19.379],[-40.642,-19.374],[-40.633,-19.367],[-40.625,-19.348],[-40.606,-19.354],[-40.586,-19.357],[-40.567,-19.366],[-40.55,-19.348],[-40.548,-19.342],[-40.531,-19.33],[-40.527,-19.323],[-40.508,-19.31],[-40.514,-19.324],[-40.525,-19.331],[-40.53,-19.342]]]}},{"type":"Feature","properties":{"id":"3203403","nome":"Mimoso do Sul"},"geometry":{"type":"Polygon","coordinates":[[[-41.531,-20.884],[-41.525,-20.886],[-41.521,-20.884],[-41.514,-20.889],[-41.515,-20.898],[-41.501,-20.908],[-41.498,-20.896],[-41.49,-20.895],[-41.486,-20.885],[-41.474,-20.883],[-41.47,-20.897],[-41.461,-20.901],[-41.462,-20.894],[-41.455,-20.893],[-41.445,-20.909],[-41.441,-20.923],[-41.458,-20.959],[-41.472,-20.991],[-41.416,-21.007],[-41.376,-21.01],[-41.366,-21.005],[-41.359,-20.996],[-41.35,-20.996],[-41.346,-20.99],[-41.343,-20.991],[-41.319,-21.005],[-41.311,-21.005],[-41.304,-20.998],[-41.291,-21.004],[-41.278,-21.002],[-41.258,-21.026],[-41.246,-21.025],[-41.24,-21.013],[-41.228,-21.006],[-41.223,-21.019],[-41.203,-21.048],[-41.197,-21.051],[-41.194,-21.061],[-41.209,-21.068],[-41.214,-21.065],[-41.229,-21.074],[-41.233,-21.078],[-41.231,-21.084],[-41.22,-21.094],[-41.223,-21.111],[-41.206,-21.143],[-41.205,-21.146],[-41.191,-21.176],[-41.192,-21.194],[-41.188,-21.219],[-41.182,-21.229],[-41.158,-21.231],[-41.137,-21.228],[-41.141,-21.238],[-41.156,-21.24],[-41.155,-21.245],[-41.158,-21.241],[-41.161,-21.246],[-41.164,-21.243],[-41.176,-21.244],[-41.174,-21.241],[-41.181,-21.241],[-41.178,-21.239],[-41.181,-21.239],[-41.182,-21.236],[-41.186,-21.241],[-41.183,-21.244],[-41.188,-21.243],[-41.191,-21.248],[-41.193,-21.241],[-41.193,-21.244],[-41.199,-21.244],[-41.204,-21.239],[-41.205,-21.243],[-41.212,-21.235],[-41.221,-21.233],[-41.22,-21.229],[-41.225,-21.23],[-41.224,-21.227],[-41.227,-21.231],[-41.228,-21.226],[-41.241,-21.221],[-41.247,-21.221],[-41.249,-21.222],[-41.257,-21.225],[-41.262,-21.236],[-41.265,-21.233],[-41.272,-21.233],[-41.271,-21.237],[-41.275,-21.236],[-41.277,-21.24],[-41.283,-21.234],[-41.286,-21.237],[-41.288,-21.234],[-41.297,-21.234],[-41.311,-21.219],[-41.317,-21.221],[-41.317,-21.213],[-41.326,-21.213],[-41.326,-21.218],[-41.332,-21.214],[-41.334,-21.209],[-41.338,-21.207],[-41.343,-21.209],[-41.363,-21.202],[-41.371,-21.204],[-41.377,-21.201],[-41.377,-21.195],[-41.381,-21.196],[-41.382,-21.2],[-41.388,-21.199],[-41.393,-21.202],[-41.395,-21.201],[-41.403,-21.198],[-41.406,-21.202],[-41.41,-21.199],[-41.413,-21.201],[-41.417,-21.199],[-41.435,-21.216],[-41.448,-21.214],[-41.454,-21.208],[-41.46,-21.207],[-41.467,-21.204],[-41.47,-21.202],[-41.479,-21.193],[-41.479,-21.182],[-41.482,-21.183],[-41.488,-21.18],[-41.498,-21.185],[-41.505,-21.176],[-41.512,-21.175],[-41.517,-21.187],[-41.521,-21.187],[-41.531,-21.179],[-41.538,-21.181],[-41.548,-21.182],[-41.552,-21.176],[-41.558,-21.172],[-41.561,-21.163],[-41.554,-21.156],[-41.549,-21.155],[-41.545,-21.148],[-41.522,-21.146],[-41.505,-21.148],[-41.501,-21.145],[-41.506,-21.141],[-41.495,-21.126],[-41.495,-21.109],[-41.507,-21.109],[-41.513,-21.106],[-41.507,-21.094],[-41.512,-21.088],[-41.503,-21.078],[-41.506,-21.07],[-41.515,-21.064],[-41.515,-21.057],[-41.508,-21.048],[-41.511,-21.023],[-41.505,-21.017],[-41.504,-21.004],[-41.497,-20.997],[-41.5,-20.989],[-41.507,-20.991],[-41.509,-20.985],[-41.513,-20.986],[-41.522,-20.982],[-41.521,-20.97],[-41.523,-20.963],[-41.541,-20.965],[-41.545,-20.967],[-41.572,-20.957],[-41.573,-20.949],[-41.583,-20.947],[-41.583,-20.94],[-41.587,-20.937],[-41.59,-20.925],[-41.584,-20.926],[-41.584,-20.921],[-41.578,-20.922],[-41.581,-20.911],[-41.575,-20.91],[-41.571,-20.902],[-41.56,-20.891],[-41.547,-20.89],[-41.539,-20.883],[-41.531,-20.884]]]}},{"type":"Feature","properties":{"id":"3203502","nome":"Montanha"},"geometry":{"type":"Polygon","coordinates":[[[-40.367,-17.922],[-40.355,-17.93],[-40.347,-17.923],[-40.334,-17.927],[-40.323,-17.938],[-40.312,-17.939],[-40.306,-17.947],[-40.291,-17.946],[-40.291,-17.951],[-40.275,-17.962],[-40.266,-17.962],[-40.255,-17.971],[-40.222,-17.98],[-40.21,-18.02],[-40.204,-18.026],[-40.182,-18.035],[-40.176,-18.052],[-40.167,-18.06],[-40.161,-18.066],[-40.153,-18.066],[-40.148,-18.073],[-40.129,-18.083],[-40.128,-18.088],[-40.112,-18.092],[-40.106,-18.095],[-40.096,-18.106],[-40.1,-18.13],[-40.108,-18.138],[-40.107,-18.148],[-40.091,-18.166],[-40.092,-18.17],[-40.091,-18.18],[-40.102,-18.209],[-40.129,-18.274],[-40.132,-18.276],[-40.148,-18.285],[-40.157,-18.286],[-40.171,-18.293],[-40.176,-18.291],[-40.179,-18.295],[-40.197,-18.296],[-40.206,-18.29],[-40.214,-18.291],[-40.222,-18.298],[-40.222,-18.308],[-40.225,-18.313],[-40.241,-18.31],[-40.25,-18.319],[-40.264,-18.315],[-40.277,-18.306],[-40.294,-18.311],[-40.309,-18.309],[-40.338,-18.296],[-40.343,-18.282],[-40.346,-18.279],[-40.362,-18.278],[-40.369,-18.272],[-40.39,-18.273],[-40.399,-18.255],[-40.426,-18.256],[-40.423,-18.224],[-40.424,-18.217],[-40.421,-18.21],[-40.425,-18.193],[-40.421,-18.179],[-40.43,-18.169],[-40.429,-18.165],[-40.444,-18.153],[-40.446,-18.138],[-40.44,-18.128],[-40.443,-18.123],[-40.422,-18.108],[-40.422,-18.088],[-40.393,-18.036],[-40.391,-18.03],[-40.4,-18.005],[-40.396,-17.982],[-40.394,-17.969],[-40.39,-17.962],[-40.382,-17.955],[-40.378,-17.932],[-40.373,-17.927],[-40.367,-17.922]]]}},{"type":"Feature","properties":{"id":"3203601","nome":"Mucurici"},"geometry":{"type":"Polygon","coordinates":[[[-40.518,-17.893],[-40.503,-17.91],[-40.484,-17.908],[-40.464,-17.928],[-40.459,-17.92],[-40.453,-17.918],[-40.432,-17.921],[-40.417,-17.927],[-40.403,-17.923],[-40.392,-17.924],[-40.386,-17.928],[-40.373,-17.927],[-40.378,-17.932],[-40.382,-17.955],[-40.39,-17.962],[-40.394,-17.969],[-40.396,-17.982],[-40.4,-18.005],[-40.391,-18.03],[-40.393,-18.036],[-40.422,-18.088],[-40.422,-18.108],[-40.443,-18.123],[-40.461,-18.121],[-40.48,-18.132],[-40.508,-18.133],[-40.527,-18.115],[-40.537,-18.113],[-40.541,-18.101],[-40.543,-18.118],[-40.546,-18.125],[-40.554,-18.129],[-40.555,-18.138],[-40.559,-18.139],[-40.562,-18.131],[-40.558,-18.114],[-40.571,-18.1],[-40.579,-18.097],[-40.591,-18.108],[-40.596,-18.101],[-40.601,-18.099],[-40.605,-18.1],[-40.612,-18.107],[-40.613,-18.092],[-40.628,-18.072],[-40.63,-18.053],[-40.639,-18.035],[-40.648,-18.033],[-40.659,-18.025],[-40.661,-18.012],[-40.651,-18.006],[-40.646,-17.993],[-40.624,-17.989],[-40.624,-17.975],[-40.614,-17.967],[-40.621,-17.96],[-40.617,-17.955],[-40.612,-17.949],[-40.613,-17.939],[-40.597,-17.936],[-40.587,-17.939],[-40.584,-17.935],[-40.584,-17.918],[-40.568,-17.916],[-40.547,-17.907],[-40.539,-17.9],[-40.527,-17.891],[-40.518,-17.893]]]}},{"type":"Feature","properties":{"id":"3203700","nome":"Muniz Freire"},"geometry":{"type":"Polygon","coordinates":[[[-41.34,-20.215],[-41.344,-20.221],[-41.338,-20.225],[-41.345,-20.228],[-41.351,-20.235],[-41.348,-20.243],[-41.334,-20.243],[-41.33,-20.247],[-41.324,-20.25],[-41.312,-20.267],[-41.305,-20.27],[-41.32,-20.273],[-41.317,-20.282],[-41.32,-20.287],[-41.316,-20.288],[-41.314,-20.296],[-41.318,-20.3],[-41.324,-20.301],[-41.332,-20.302],[-41.34,-20.297],[-41.354,-20.305],[-41.356,-20.315],[-41.361,-20.321],[-41.363,-20.326],[-41.359,-20.326],[-41.357,-20.333],[-41.357,-20.349],[-41.354,-20.35],[-41.353,-20.361],[-41.35,-20.363],[-41.35,-20.374],[-41.346,-20.376],[-41.344,-20.391],[-41.337,-20.385],[-41.32,-20.4],[-41.317,-20.409],[-41.32,-20.411],[-41.32,-20.418],[-41.311,-20.425],[-41.316,-20.429],[-41.314,-20.44],[-41.319,-20.452],[-41.316,-20.458],[-41.32,-20.474],[-41.323,-20.478],[-41.317,-20.49],[-41.329,-20.497],[-41.323,-20.5],[-41.32,-20.506],[-41.328,-20.514],[-41.345,-20.513],[-41.355,-20.507],[-41.359,-20.511],[-41.377,-20.509],[-41.379,-20.527],[-41.374,-20.529],[-41.371,-20.536],[-41.387,-20.541],[-41.389,-20.548],[-41.386,-20.554],[-41.389,-20.553],[-41.393,-20.557],[-41.395,-20.549],[-41.404,-20.547],[-41.407,-20.553],[-41.406,-20.561],[-41.415,-20.573],[-41.423,-20.566],[-41.438,-20.561],[-41.449,-20.572],[-41.45,-20.58],[-41.458,-20.584],[-41.462,-20.58],[-41.47,-20.583],[-41.477,-20.598],[-41.473,-20.599],[-41.475,-20.606],[-41.488,-20.606],[-41.488,-20.599],[-41.492,-20.598],[-41.496,-20.595],[-41.503,-20.573],[-41.499,-20.57],[-41.502,-20.554],[-41.495,-20.551],[-41.498,-20.548],[-41.519,-20.546],[-41.526,-20.549],[-41.533,-20.562],[-41.549,-20.565],[-41.563,-20.575],[-41.572,-20.575],[-41.581,-20.569],[-41.585,-20.56],[-41.592,-20.561],[-41.591,-20.555],[-41.599,-20.553],[-41.597,-20.549],[-41.602,-20.546],[-41.601,-20.538],[-41.605,-20.534],[-41.602,-20.53],[-41.604,-20.524],[-41.603,-20.512],[-41.597,-20.504],[-41.578,-20.499],[-41.574,-20.494],[-41.578,-20.478],[-41.577,-20.467],[-41.584,-20.465],[-41.584,-20.461],[-41.572,-20.446],[-41.578,-20.429],[-41.564,-20.427],[-41.562,-20.433],[-41.555,-20.434],[-41.54,-20.431],[-41.535,-20.439],[-41.522,-20.439],[-41.503,-20.432],[-41.48,-20.414],[-41.474,-20.406],[-41.471,-20.392],[-41.467,-20.386],[-41.471,-20.362],[-41.462,-20.35],[-41.465,-20.346],[-41.468,-20.344],[-41.464,-20.334],[-41.474,-20.331],[-41.475,-20.327],[-41.458,-20.308],[-41.453,-20.306],[-41.443,-20.296],[-41.44,-20.285],[-41.439,-20.282],[-41.449,-20.276],[-41.444,-20.265],[-41.431,-20.25],[-41.425,-20.247],[-41.422,-20.239],[-41.416,-20.239],[-41.413,-20.232],[-41.41,-20.23],[-41.399,-20.234],[-41.393,-20.226],[-41.396,-20.221],[-41.381,-20.223],[-41.376,-20.217],[-41.376,-20.204],[-41.354,-20.198],[-41.349,-20.199],[-41.344,-20.2],[-41.348,-20.205],[-41.34,-20.215]]]}},{"type":"Feature","properties":{"id":"3203809","nome":"Muqui"},"geometry":{"type":"Polygon","coordinates":[[[-41.287,-20.849],[-41.287,-20.856],[-41.279,-20.855],[-41.269,-20.849],[-41.259,-20.853],[-41.255,-20.85],[-41.255,-20.847],[-41.249,-20.846],[-41.238,-20.848],[-41.238,-20.852],[-41.232,-20.853],[-41.242,-20.86],[-41.245,-20.868],[-41.259,-20.877],[-41.264,-20.887],[-41.264,-20.892],[-41.258,-20.898],[-41.265,-20.903],[-41.272,-20.925],[-41.278,-20.928],[-41.278,-20.932],[-41.277,-20.943],[-41.286,-20.95],[-41.277,-20.958],[-41.269,-20.952],[-41.257,-20.953],[-41.252,-20.959],[-41.228,-20.967],[-41.223,-20.975],[-41.224,-20.985],[-41.22,-20.987],[-41.228,-21.006],[-41.24,-21.013],[-41.246,-21.025],[-41.258,-21.026],[-41.278,-21.002],[-41.291,-21.004],[-41.304,-20.998],[-41.311,-21.005],[-41.319,-21.005],[-41.343,-20.991],[-41.346,-20.99],[-41.35,-20.996],[-41.359,-20.996],[-41.366,-21.005],[-41.376,-21.01],[-41.416,-21.007],[-41.472,-20.991],[-41.458,-20.959],[-41.441,-20.923],[-41.445,-20.909],[-41.435,-20.907],[-41.429,-20.902],[-41.423,-20.878],[-41.425,-20.872],[-41.423,-20.867],[-41.416,-20.865],[-41.42,-20.861],[-41.415,-20.853],[-41.415,-20.852],[-41.4,-20.856],[-41.388,-20.863],[-41.371,-20.874],[-41.34,-20.874],[-41.337,-20.863],[-41.33,-20.861],[-41.329,-20.858],[-41.323,-20.858],[-41.321,-20.852],[-41.316,-20.85],[-41.307,-20.858],[-41.3,-20.857],[-41.295,-20.84],[-41.287,-20.849]]]}},{"type":"Feature","properties":{"id":"3203908","nome":"Nova Ven\u00e9cia"},"geometry":{"type":"Polygon","coordinates":[[[-40.571,-18.359],[-40.561,-18.363],[-40.554,-18.359],[-40.549,-18.362],[-40.548,-18.359],[-40.537,-18.359],[-40.541,-18.363],[-40.538,-18.368],[-40.527,-18.365],[-40.509,-18.39],[-40.496,-18.393],[-40.49,-18.41],[-40.484,-18.413],[-40.47,-18.411],[-40.451,-18.413],[-40.448,-18.42],[-40.465,-18.434],[-40.45,-18.454],[-40.458,-18.456],[-40.461,-18.46],[-40.453,-18.466],[-40.453,-18.475],[-40.456,-18.485],[-40.449,-18.489],[-40.449,-18.494],[-40.441,-18.501],[-40.432,-18.499],[-40.427,-18.504],[-40.415,-18.516],[-40.426,-18.525],[-40.42,-18.541],[-40.39,-18.544],[-40.383,-18.539],[-40.37,-18.545],[-40.369,-18.551],[-40.357,-18.545],[-40.352,-18.549],[-40.348,-18.548],[-40.339,-18.556],[-40.335,-18.559],[-40.332,-18.56],[-40.338,-18.569],[-40.331,-18.581],[-40.316,-18.574],[-40.307,-18.577],[-40.301,-18.572],[-40.298,-18.575],[-40.291,-18.573],[-40.284,-18.577],[-40.336,-18.726],[-40.335,-18.728],[-40.344,-18.732],[-40.351,-18.747],[-40.354,-18.749],[-40.393,-18.781],[-40.392,-18.818],[-40.402,-18.826],[-40.404,-18.833],[-40.401,-18.85],[-40.422,-18.854],[-40.441,-18.852],[-40.458,-18.855],[-40.48,-18.854],[-40.486,-18.856],[-40.501,-18.86],[-40.504,-18.866],[-40.512,-18.87],[-40.516,-18.876],[-40.519,-18.873],[-40.526,-18.87],[-40.535,-18.871],[-40.558,-18.887],[-40.567,-18.888],[-40.579,-18.903],[-40.592,-18.927],[-40.595,-18.936],[-40.599,-18.937],[-40.604,-18.946],[-40.615,-18.954],[-40.632,-18.946],[-40.631,-18.935],[-40.644,-18.943],[-40.65,-18.939],[-40.656,-18.946],[-40.668,-18.948],[-40.674,-18.945],[-40.673,-18.937],[-40.677,-18.934],[-40.699,-18.93],[-40.702,-18.941],[-40.711,-18.94],[-40.719,-18.934],[-40.734,-18.937],[-40.74,-18.935],[-40.741,-18.929],[-40.739,-18.925],[-40.742,-18.919],[-40.737,-18.913],[-40.739,-18.907],[-40.739,-18.897],[-40.737,-18.879],[-40.726,-18.88],[-40.723,-18.875],[-40.714,-18.874],[-40.712,-18.869],[-40.718,-18.857],[-40.728,-18.859],[-40.733,-18.854],[-40.738,-18.855],[-40.744,-18.843],[-40.749,-18.845],[-40.753,-18.843],[-40.763,-18.85],[-40.757,-18.832],[-40.768,-18.835],[-40.773,-18.832],[-40.776,-18.829],[-40.775,-18.817],[-40.769,-18.821],[-40.766,-18.818],[-40.774,-18.802],[-40.772,-18.795],[-40.758,-18.793],[-40.754,-18.775],[-40.748,-18.77],[-40.739,-18.768],[-40.732,-18.771],[-40.719,-18.757],[-40.718,-18.74],[-40.714,-18.736],[-40.719,-18.723],[-40.708,-18.715],[-40.724,-18.705],[-40.72,-18.702],[-40.706,-18.703],[-40.71,-18.695],[-40.707,-18.689],[-40.684,-18.687],[-40.682,-18.691],[-40.686,-18.695],[-40.7,-18.695],[-40.696,-18.705],[-40.681,-18.703],[-40.677,-18.706],[-40.669,-18.702],[-40.652,-18.707],[-40.641,-18.725],[-40.627,-18.724],[-40.626,-18.726],[-40.621,-18.725],[-40.61,-18.72],[-40.594,-18.719],[-40.57,-18.7],[-40.542,-18.686],[-40.518,-18.665],[-40.512,-18.663],[-40.504,-18.666],[-40.496,-18.66],[-40.483,-18.657],[-40.496,-18.65],[-40.492,-18.634],[-40.5,-18.621],[-40.518,-18.623],[-40.533,-18.609],[-40.537,-18.599],[-40.536,-18.589],[-40.55,-18.582],[-40.555,-18.571],[-40.564,-18.565],[-40.566,-18.551],[-40.562,-18.531],[-40.564,-18.523],[-40.565,-18.512],[-40.55,-18.493],[-40.534,-18.49],[-40.529,-18.485],[-40.522,-18.486],[-40.516,-18.485],[-40.515,-18.485],[-40.515,-18.48],[-40.523,-18.48],[-40.523,-18.473],[-40.543,-18.459],[-40.543,-18.454],[-40.548,-18.455],[-40.556,-18.451],[-40.572,-18.435],[-40.58,-18.44],[-40.593,-18.434],[-40.597,-18.424],[-40.607,-18.416],[-40.583,-18.367],[-40.581,-18.37],[-40.571,-18.359]]]}},{"type":"Feature","properties":{"id":"3204005","nome":"Pancas"},"geometry":{"type":"Polygon","coordinates":[[[-40.891,-18.939],[-40.857,-18.94],[-40.857,-18.96],[-40.857,-18.961],[-40.858,-19.019],[-40.852,-19.022],[-40.835,-19.024],[-40.827,-19.017],[-40.816,-19.017],[-40.795,-19.026],[-40.789,-19.026],[-40.784,-19.021],[-40.783,-19.01],[-40.771,-18.995],[-40.762,-18.996],[-40.756,-18.999],[-40.751,-19.012],[-40.74,-19.024],[-40.741,-19.03],[-40.734,-19.031],[-40.728,-19.039],[-40.728,-19.04],[-40.725,-19.051],[-40.718,-19.057],[-40.709,-19.058],[-40.701,-19.064],[-40.701,-19.067],[-40.701,-19.079],[-40.707,-19.073],[-40.715,-19.08],[-40.717,-19.097],[-40.709,-19.108],[-40.684,-19.109],[-40.689,-19.127],[-40.7,-19.136],[-40.691,-19.138],[-40.69,-19.149],[-40.688,-19.151],[-40.685,-19.144],[-40.679,-19.144],[-40.678,-19.157],[-40.673,-19.159],[-40.666,-19.156],[-40.666,-19.166],[-40.656,-19.168],[-40.658,-19.174],[-40.656,-19.18],[-40.67,-19.201],[-40.659,-19.202],[-40.664,-19.23],[-40.67,-19.229],[-40.674,-19.24],[-40.683,-19.239],[-40.686,-19.236],[-40.701,-19.24],[-40.703,-19.243],[-40.699,-19.245],[-40.695,-19.256],[-40.704,-19.256],[-40.709,-19.265],[-40.719,-19.265],[-40.721,-19.258],[-40.734,-19.264],[-40.728,-19.288],[-40.753,-19.296],[-40.778,-19.294],[-40.78,-19.293],[-40.793,-19.3],[-40.808,-19.303],[-40.81,-19.316],[-40.817,-19.325],[-40.813,-19.334],[-40.819,-19.357],[-40.826,-19.354],[-40.83,-19.337],[-40.85,-19.334],[-40.857,-19.322],[-40.864,-19.33],[-40.876,-19.334],[-40.882,-19.332],[-40.881,-19.329],[-40.872,-19.311],[-40.862,-19.306],[-40.866,-19.293],[-40.858,-19.285],[-40.862,-19.273],[-40.872,-19.261],[-40.891,-19.25],[-40.889,-19.241],[-40.881,-19.243],[-40.875,-19.239],[-40.876,-19.233],[-40.91,-19.236],[-40.935,-19.222],[-40.931,-19.222],[-40.927,-19.208],[-40.922,-19.204],[-40.929,-19.197],[-40.926,-19.188],[-40.932,-19.186],[-40.933,-19.18],[-40.938,-19.183],[-40.941,-19.18],[-40.941,-19.168],[-40.943,-19.158],[-40.948,-19.153],[-40.944,-19.144],[-40.948,-19.141],[-40.958,-19.145],[-40.962,-19.144],[-40.956,-19.129],[-40.962,-19.121],[-40.964,-19.11],[-40.96,-19.1],[-40.952,-19.102],[-40.938,-19.092],[-40.938,-19.087],[-40.946,-19.088],[-40.948,-19.079],[-40.921,-19.065],[-40.911,-19.063],[-40.906,-19.056],[-40.903,-19.052],[-40.9,-19.05],[-40.895,-19.004],[-40.901,-19.008],[-40.907,-19.006],[-40.918,-19.01],[-40.928,-18.998],[-40.939,-18.998],[-40.951,-19.006],[-40.95,-18.99],[-40.945,-18.959],[-40.949,-18.946],[-40.947,-18.944],[-40.928,-18.944],[-40.905,-18.939],[-40.891,-18.939]]]}},{"type":"Feature","properties":{"id":"3204054","nome":"Pedro Can\u00e1rio"},"geometry":{"type":"Polygon","coordinates":[[[-39.928,-18.258],[-39.937,-18.284],[-39.935,-18.296],[-39.917,-18.312],[-39.93,-18.314],[-39.956,-18.311],[-39.961,-18.299],[-39.978,-18.293],[-39.983,-18.293],[-39.988,-18.285],[-39.995,-18.287],[-40.021,-18.287],[-40.036,-18.294],[-40.038,-18.29],[-40.047,-18.289],[-40.07,-18.279],[-40.092,-18.278],[-40.096,-18.281],[-40.109,-18.277],[-40.124,-18.277],[-40.129,-18.274],[-40.102,-18.209],[-40.091,-18.18],[-40.092,-18.17],[-40.091,-18.166],[-40.107,-18.148],[-40.108,-18.138],[-40.1,-18.13],[-40.096,-18.106],[-40.106,-18.095],[-40.112,-18.092],[-40.128,-18.088],[-40.129,-18.083],[-40.148,-18.073],[-40.153,-18.066],[-40.161,-18.066],[-40.167,-18.06],[-40.176,-18.052],[-40.182,-18.035],[-40.204,-18.026],[-40.21,-18.02],[-40.222,-17.98],[-40.069,-18.078],[-40.061,-18.083],[-40.02,-18.109],[-39.947,-18.156],[-39.919,-18.174],[-39.912,-18.178],[-39.915,-18.182],[-39.903,-18.191],[-39.901,-18.202],[-39.905,-18.21],[-39.913,-18.213],[-39.928,-18.235],[-39.939,-18.238],[-39.942,-18.243],[-39.928,-18.258]]]}},{"type":"Feature","properties":{"id":"3204104","nome":"Pinheiros"},"geometry":{"type":"Polygon","coordinates":[[[-40.46,-18.247],[-40.447,-18.253],[-40.441,-18.25],[-40.426,-18.256],[-40.399,-18.255],[-40.39,-18.273],[-40.369,-18.272],[-40.362,-18.278],[-40.346,-18.279],[-40.343,-18.282],[-40.338,-18.296],[-40.309,-18.309],[-40.294,-18.311],[-40.277,-18.306],[-40.264,-18.315],[-40.25,-18.319],[-40.241,-18.31],[-40.225,-18.313],[-40.222,-18.308],[-40.222,-18.298],[-40.214,-18.291],[-40.206,-18.29],[-40.197,-18.296],[-40.179,-18.295],[-40.176,-18.291],[-40.171,-18.293],[-40.157,-18.286],[-40.148,-18.285],[-40.132,-18.276],[-40.129,-18.274],[-40.124,-18.277],[-40.109,-18.277],[-40.096,-18.281],[-40.092,-18.278],[-40.07,-18.279],[-40.047,-18.289],[-40.038,-18.29],[-40.036,-18.294],[-40.021,-18.287],[-39.995,-18.287],[-39.988,-18.285],[-39.983,-18.293],[-39.978,-18.293],[-39.961,-18.299],[-39.956,-18.311],[-39.951,-18.315],[-39.959,-18.324],[-39.958,-18.347],[-39.945,-18.384],[-39.942,-18.392],[-39.939,-18.406],[-39.938,-18.413],[-39.95,-18.427],[-39.964,-18.434],[-39.975,-18.438],[-39.99,-18.437],[-40.002,-18.432],[-40.015,-18.434],[-40.03,-18.444],[-40.045,-18.446],[-40.06,-18.463],[-40.08,-18.479],[-40.088,-18.485],[-40.095,-18.486],[-40.1,-18.486],[-40.123,-18.487],[-40.137,-18.484],[-40.159,-18.473],[-40.174,-18.47],[-40.185,-18.472],[-40.201,-18.485],[-40.218,-18.49],[-40.235,-18.495],[-40.251,-18.495],[-40.258,-18.495],[-40.269,-18.494],[-40.283,-18.484],[-40.29,-18.483],[-40.295,-18.471],[-40.307,-18.456],[-40.306,-18.446],[-40.319,-18.436],[-40.321,-18.424],[-40.332,-18.398],[-40.354,-18.379],[-40.369,-18.377],[-40.381,-18.382],[-40.395,-18.381],[-40.401,-18.386],[-40.43,-18.362],[-40.431,-18.362],[-40.443,-18.362],[-40.456,-18.375],[-40.464,-18.373],[-40.473,-18.375],[-40.486,-18.366],[-40.489,-18.353],[-40.498,-18.355],[-40.477,-18.255],[-40.468,-18.248],[-40.46,-18.247]]]}},{"type":"Feature","properties":{"id":"3204203","nome":"Pi\u00fama"},"geometry":{"type":"Polygon","coordinates":[[[-40.742,-20.803],[-40.735,-20.807],[-40.73,-20.806],[-40.721,-20.818],[-40.71,-20.82],[-40.709,-20.828],[-40.707,-20.831],[-40.701,-20.834],[-40.715,-20.843],[-40.72,-20.842],[-40.72,-20.837],[-40.728,-20.836],[-40.729,-20.838],[-40.72,-20.839],[-40.723,-20.842],[-40.719,-20.846],[-40.725,-20.847],[-40.724,-20.843],[-40.729,-20.842],[-40.744,-20.848],[-40.749,-20.853],[-40.758,-20.864],[-40.759,-20.864],[-40.775,-20.87],[-40.777,-20.871],[-40.781,-20.873],[-40.828,-20.89],[-40.828,-20.852],[-40.798,-20.819],[-40.77,-20.788],[-40.751,-20.787],[-40.748,-20.799],[-40.742,-20.803]]]}},{"type":"Feature","properties":{"id":"3204252","nome":"Ponto Belo"},"geometry":{"type":"Polygon","coordinates":[[[-40.508,-18.133],[-40.48,-18.132],[-40.461,-18.121],[-40.443,-18.123],[-40.44,-18.128],[-40.446,-18.138],[-40.444,-18.153],[-40.429,-18.165],[-40.43,-18.169],[-40.421,-18.179],[-40.425,-18.193],[-40.421,-18.21],[-40.424,-18.217],[-40.423,-18.224],[-40.426,-18.256],[-40.441,-18.25],[-40.447,-18.253],[-40.46,-18.247],[-40.468,-18.248],[-40.477,-18.255],[-40.498,-18.355],[-40.451,-18.405],[-40.451,-18.413],[-40.47,-18.411],[-40.484,-18.413],[-40.49,-18.41],[-40.496,-18.393],[-40.509,-18.39],[-40.527,-18.365],[-40.538,-18.368],[-40.541,-18.363],[-40.537,-18.359],[-40.548,-18.359],[-40.549,-18.362],[-40.554,-18.359],[-40.561,-18.363],[-40.571,-18.359],[-40.581,-18.37],[-40.583,-18.367],[-40.582,-18.352],[-40.575,-18.348],[-40.575,-18.344],[-40.584,-18.339],[-40.596,-18.339],[-40.601,-18.343],[-40.612,-18.318],[-40.609,-18.302],[-40.619,-18.287],[-40.589,-18.259],[-40.558,-18.231],[-40.551,-18.229],[-40.553,-18.221],[-40.545,-18.204],[-40.551,-18.188],[-40.555,-18.178],[-40.553,-18.165],[-40.557,-18.164],[-40.557,-18.158],[-40.563,-18.155],[-40.559,-18.139],[-40.555,-18.138],[-40.554,-18.129],[-40.546,-18.125],[-40.543,-18.118],[-40.541,-18.101],[-40.537,-18.113],[-40.527,-18.115],[-40.508,-18.133]]]}},{"type":"Feature","properties":{"id":"3204302","nome":"Presidente Kennedy"},"geometry":{"type":"Polygon","coordinates":[[[-41.097,-21.011],[-41.093,-21.014],[-41.092,-21.018],[-41.078,-21.024],[-41.069,-21.023],[-41.063,-21.026],[-41.053,-21.025],[-41.043,-21.018],[-41.037,-21.036],[-41.042,-21.042],[-41.044,-21.046],[-41.041,-21.045],[-41.034,-21.051],[-41.023,-21.05],[-41.025,-21.056],[-41.018,-21.063],[-41.0,-21.065],[-40.993,-21.057],[-40.984,-21.06],[-40.982,-21.067],[-40.976,-21.072],[-40.972,-21.077],[-40.96,-21.077],[-40.946,-21.114],[-40.95,-21.13],[-40.949,-21.164],[-40.946,-21.175],[-40.937,-21.185],[-40.928,-21.187],[-40.926,-21.191],[-40.934,-21.204],[-40.953,-21.237],[-40.96,-21.257],[-40.962,-21.27],[-40.962,-21.279],[-40.958,-21.301],[-40.965,-21.299],[-40.965,-21.295],[-40.972,-21.294],[-40.975,-21.289],[-40.98,-21.288],[-40.976,-21.286],[-40.978,-21.281],[-40.985,-21.286],[-40.994,-21.286],[-40.999,-21.278],[-40.998,-21.266],[-41.006,-21.252],[-41.012,-21.251],[-41.025,-21.246],[-41.041,-21.255],[-41.055,-21.238],[-41.07,-21.228],[-41.073,-21.23],[-41.081,-21.222],[-41.088,-21.22],[-41.091,-21.221],[-41.092,-21.218],[-41.102,-21.222],[-41.104,-21.219],[-41.119,-21.23],[-41.134,-21.226],[-41.137,-21.228],[-41.158,-21.231],[-41.182,-21.229],[-41.188,-21.219],[-41.192,-21.194],[-41.191,-21.176],[-41.205,-21.146],[-41.206,-21.143],[-41.223,-21.111],[-41.22,-21.094],[-41.231,-21.084],[-41.233,-21.078],[-41.229,-21.074],[-41.214,-21.065],[-41.209,-21.068],[-41.194,-21.061],[-41.186,-21.069],[-41.176,-21.063],[-41.159,-21.06],[-41.153,-21.055],[-41.155,-21.051],[-41.149,-21.05],[-41.153,-21.045],[-41.15,-21.039],[-41.143,-21.038],[-41.141,-21.033],[-41.131,-21.03],[-41.126,-21.013],[-41.117,-21.013],[-41.113,-21.015],[-41.102,-21.013],[-41.097,-21.011]]]}},{"type":"Feature","properties":{"id":"3204351","nome":"Rio Bananal"},"geometry":{"type":"Polygon","coordinates":[[[-40.352,-19.081],[-40.349,-19.084],[-40.343,-19.078],[-40.337,-19.079],[-40.325,-19.076],[-40.321,-19.081],[-40.305,-19.083],[-40.289,-19.075],[-40.286,-19.075],[-40.286,-19.079],[-40.267,-19.086],[-40.263,-19.09],[-40.262,-19.099],[-40.251,-19.1],[-40.253,-19.104],[-40.243,-19.118],[-40.238,-19.119],[-40.241,-19.125],[-40.244,-19.133],[-40.237,-19.135],[-40.239,-19.14],[-40.235,-19.144],[-40.24,-19.148],[-40.237,-19.149],[-40.234,-19.15],[-40.235,-19.155],[-40.226,-19.154],[-40.224,-19.162],[-40.218,-19.157],[-40.213,-19.16],[-40.21,-19.168],[-40.209,-19.164],[-40.204,-19.167],[-40.198,-19.164],[-40.196,-19.17],[-40.192,-19.192],[-40.191,-19.216],[-40.189,-19.226],[-40.182,-19.234],[-40.192,-19.29],[-40.203,-19.342],[-40.237,-19.355],[-40.273,-19.368],[-40.274,-19.362],[-40.285,-19.364],[-40.298,-19.355],[-40.302,-19.318],[-40.311,-19.341],[-40.325,-19.376],[-40.337,-19.366],[-40.335,-19.361],[-40.337,-19.356],[-40.35,-19.353],[-40.353,-19.357],[-40.366,-19.352],[-40.372,-19.361],[-40.381,-19.361],[-40.378,-19.364],[-40.381,-19.37],[-40.394,-19.368],[-40.398,-19.365],[-40.398,-19.347],[-40.401,-19.346],[-40.404,-19.348],[-40.416,-19.325],[-40.431,-19.322],[-40.434,-19.316],[-40.431,-19.308],[-40.421,-19.299],[-40.414,-19.278],[-40.417,-19.272],[-40.409,-19.265],[-40.42,-19.266],[-40.428,-19.271],[-40.428,-19.258],[-40.431,-19.259],[-40.435,-19.253],[-40.428,-19.248],[-40.421,-19.238],[-40.422,-19.228],[-40.419,-19.218],[-40.423,-19.216],[-40.419,-19.211],[-40.415,-19.213],[-40.409,-19.208],[-40.404,-19.194],[-40.412,-19.188],[-40.412,-19.18],[-40.405,-19.17],[-40.405,-19.162],[-40.395,-19.158],[-40.396,-19.149],[-40.409,-19.149],[-40.413,-19.14],[-40.401,-19.135],[-40.387,-19.114],[-40.364,-19.095],[-40.367,-19.084],[-40.375,-19.081],[-40.375,-19.08],[-40.364,-19.066],[-40.352,-19.074],[-40.352,-19.081]]]}},{"type":"Feature","properties":{"id":"3204401","nome":"Rio Novo do Sul"},"geometry":{"type":"Polygon","coordinates":[[[-40.907,-20.687],[-40.915,-20.694],[-40.919,-20.709],[-40.926,-20.716],[-40.927,-20.724],[-40.932,-20.731],[-40.922,-20.747],[-40.919,-20.748],[-40.923,-20.749],[-40.927,-20.745],[-40.931,-20.747],[-40.932,-20.753],[-40.944,-20.765],[-40.947,-20.772],[-40.938,-20.777],[-40.935,-20.776],[-40.923,-20.787],[-40.907,-20.806],[-40.896,-20.812],[-40.896,-20.815],[-40.889,-20.818],[-40.878,-20.815],[-40.865,-20.806],[-40.856,-20.814],[-40.852,-20.81],[-40.842,-20.809],[-40.84,-20.814],[-40.832,-20.807],[-40.828,-20.808],[-40.828,-20.852],[-40.828,-20.89],[-40.851,-20.886],[-40.865,-20.893],[-40.872,-20.892],[-40.9,-20.89],[-40.901,-20.89],[-40.925,-20.891],[-40.945,-20.886],[-40.963,-20.876],[-40.98,-20.869],[-40.978,-20.865],[-40.987,-20.861],[-40.985,-20.845],[-40.991,-20.837],[-40.987,-20.831],[-40.98,-20.829],[-40.977,-20.823],[-40.987,-20.808],[-40.985,-20.801],[-40.995,-20.792],[-40.99,-20.788],[-40.991,-20.785],[-40.994,-20.779],[-40.979,-20.767],[-40.981,-20.765],[-40.976,-20.764],[-40.966,-20.748],[-40.964,-20.73],[-40.956,-20.719],[-40.956,-20.714],[-40.963,-20.71],[-40.956,-20.691],[-40.951,-20.696],[-40.947,-20.694],[-40.945,-20.688],[-40.932,-20.685],[-40.93,-20.678],[-40.907,-20.687]]]}},{"type":"Feature","properties":{"id":"3204500","nome":"Santa Leopoldina"},"geometry":{"type":"Polygon","coordinates":[[[-40.449,-19.954],[-40.451,-19.971],[-40.447,-19.994],[-40.425,-20.009],[-40.417,-20.013],[-40.416,-20.016],[-40.422,-20.043],[-40.435,-20.097],[-40.436,-20.136],[-40.429,-20.151],[-40.423,-20.155],[-40.424,-20.16],[-40.415,-20.162],[-40.411,-20.17],[-40.402,-20.167],[-40.399,-20.172],[-40.393,-20.172],[-40.382,-20.191],[-40.384,-20.199],[-40.379,-20.21],[-40.374,-20.214],[-40.385,-20.223],[-40.409,-20.231],[-40.413,-20.229],[-40.43,-20.227],[-40.435,-20.229],[-40.441,-20.225],[-40.462,-20.222],[-40.465,-20.219],[-40.481,-20.234],[-40.489,-20.233],[-40.492,-20.239],[-40.495,-20.238],[-40.497,-20.236],[-40.5,-20.228],[-40.526,-20.245],[-40.531,-20.253],[-40.559,-20.27],[-40.584,-20.268],[-40.593,-20.271],[-40.596,-20.262],[-40.592,-20.252],[-40.595,-20.245],[-40.596,-20.243],[-40.61,-20.253],[-40.616,-20.246],[-40.616,-20.242],[-40.627,-20.236],[-40.624,-20.229],[-40.634,-20.223],[-40.634,-20.217],[-40.637,-20.219],[-40.652,-20.215],[-40.656,-20.22],[-40.658,-20.216],[-40.663,-20.219],[-40.664,-20.211],[-40.66,-20.207],[-40.671,-20.202],[-40.681,-20.189],[-40.692,-20.188],[-40.723,-20.183],[-40.742,-20.189],[-40.751,-20.18],[-40.753,-20.176],[-40.745,-20.178],[-40.728,-20.161],[-40.717,-20.156],[-40.713,-20.145],[-40.71,-20.146],[-40.708,-20.143],[-40.695,-20.145],[-40.683,-20.138],[-40.683,-20.131],[-40.679,-20.126],[-40.68,-20.119],[-40.675,-20.118],[-40.678,-20.107],[-40.674,-20.102],[-40.675,-20.098],[-40.674,-20.093],[-40.663,-20.086],[-40.657,-20.091],[-40.649,-20.09],[-40.643,-20.092],[-40.638,-20.109],[-40.632,-20.109],[-40.631,-20.101],[-40.624,-20.107],[-40.616,-20.101],[-40.61,-20.092],[-40.606,-20.094],[-40.595,-20.084],[-40.604,-20.081],[-40.604,-20.071],[-40.615,-20.067],[-40.62,-20.05],[-40.626,-20.048],[-40.622,-20.042],[-40.618,-20.034],[-40.61,-20.029],[-40.6,-20.009],[-40.605,-20.003],[-40.597,-19.992],[-40.606,-19.966],[-40.598,-19.96],[-40.598,-19.969],[-40.587,-19.982],[-40.58,-19.987],[-40.574,-19.989],[-40.568,-19.986],[-40.559,-19.991],[-40.555,-19.987],[-40.545,-19.99],[-40.538,-19.997],[-40.534,-19.997],[-40.537,-19.992],[-40.532,-19.986],[-40.532,-19.98],[-40.515,-19.988],[-40.511,-19.961],[-40.49,-19.955],[-40.486,-19.962],[-40.481,-19.961],[-40.465,-19.952],[-40.465,-19.944],[-40.452,-19.945],[-40.449,-19.954]]]}},{"type":"Feature","properties":{"id":"3204559","nome":"Santa Maria de Jetib\u00e1"},"geometry":{"type":"Polygon","coordinates":[[[-40.646,-19.969],[-40.644,-19.977],[-40.638,-19.976],[-40.632,-19.965],[-40.625,-19.964],[-40.625,-19.97],[-40.606,-19.959],[-40.598,-19.96],[-40.606,-19.966],[-40.597,-19.992],[-40.605,-20.003],[-40.6,-20.009],[-40.61,-20.029],[-40.618,-20.034],[-40.622,-20.042],[-40.626,-20.048],[-40.62,-20.05],[-40.615,-20.067],[-40.604,-20.071],[-40.604,-20.081],[-40.595,-20.084],[-40.606,-20.094],[-40.61,-20.092],[-40.616,-20.101],[-40.624,-20.107],[-40.631,-20.101],[-40.632,-20.109],[-40.638,-20.109],[-40.643,-20.092],[-40.649,-20.09],[-40.657,-20.091],[-40.663,-20.086],[-40.674,-20.093],[-40.675,-20.098],[-40.674,-20.102],[-40.678,-20.107],[-40.675,-20.118],[-40.68,-20.119],[-40.679,-20.126],[-40.683,-20.131],[-40.683,-20.138],[-40.695,-20.145],[-40.708,-20.143],[-40.71,-20.146],[-40.713,-20.145],[-40.717,-20.156],[-40.728,-20.161],[-40.745,-20.178],[-40.753,-20.176],[-40.76,-20.168],[-40.767,-20.167],[-40.763,-20.156],[-40.766,-20.152],[-40.77,-20.16],[-40.783,-20.162],[-40.787,-20.16],[-40.789,-20.164],[-40.801,-20.164],[-40.805,-20.172],[-40.812,-20.174],[-40.821,-20.164],[-40.836,-20.171],[-40.834,-20.177],[-40.853,-20.184],[-40.862,-20.192],[-40.872,-20.188],[-40.874,-20.193],[-40.885,-20.192],[-40.886,-20.195],[-40.894,-20.197],[-40.897,-20.203],[-40.903,-20.197],[-40.921,-20.204],[-40.927,-20.196],[-40.94,-20.199],[-40.959,-20.188],[-40.969,-20.192],[-40.97,-20.192],[-40.974,-20.2],[-40.97,-20.203],[-40.968,-20.212],[-40.974,-20.22],[-40.981,-20.227],[-40.988,-20.216],[-40.992,-20.221],[-41.002,-20.214],[-40.999,-20.207],[-41.008,-20.202],[-41.005,-20.199],[-41.01,-20.194],[-41.02,-20.193],[-41.015,-20.188],[-41.014,-20.175],[-41.022,-20.172],[-41.019,-20.165],[-41.018,-20.15],[-41.022,-20.148],[-41.023,-20.142],[-41.03,-20.142],[-41.037,-20.137],[-41.036,-20.133],[-41.025,-20.119],[-41.016,-20.118],[-41.015,-20.114],[-41.011,-20.113],[-41.012,-20.11],[-41.008,-20.113],[-41.001,-20.11],[-41.0,-20.122],[-40.996,-20.126],[-40.986,-20.121],[-40.982,-20.111],[-40.973,-20.111],[-40.973,-20.104],[-40.966,-20.102],[-40.963,-20.091],[-40.954,-20.09],[-40.95,-20.086],[-40.947,-20.088],[-40.948,-20.074],[-40.944,-20.062],[-40.936,-20.063],[-40.921,-20.055],[-40.911,-20.056],[-40.903,-20.045],[-40.893,-20.042],[-40.887,-20.029],[-40.88,-20.032],[-40.872,-20.025],[-40.868,-20.022],[-40.869,-20.014],[-40.862,-20.003],[-40.859,-19.993],[-40.85,-19.985],[-40.839,-19.98],[-40.832,-19.986],[-40.826,-19.986],[-40.813,-19.979],[-40.804,-19.976],[-40.796,-19.966],[-40.785,-19.962],[-40.781,-19.964],[-40.776,-19.961],[-40.768,-19.966],[-40.782,-19.975],[-40.781,-19.979],[-40.774,-19.981],[-40.78,-19.992],[-40.746,-19.983],[-40.738,-19.985],[-40.73,-19.979],[-40.722,-19.978],[-40.717,-19.982],[-40.716,-19.984],[-40.704,-19.974],[-40.692,-19.98],[-40.684,-19.974],[-40.685,-19.97],[-40.682,-19.967],[-40.673,-19.963],[-40.665,-19.971],[-40.659,-19.957],[-40.644,-19.946],[-40.642,-19.946],[-40.64,-19.947],[-40.644,-19.952],[-40.642,-19.961],[-40.646,-19.969]]]}},{"type":"Feature","properties":{"id":"3204609","nome":"Santa Teresa"},"geometry":{"type":"Polygon","coordinates":[[[-40.551,-19.733],[-40.545,-19.741],[-40.535,-19.739],[-40.527,-19.745],[-40.518,-19.745],[-40.522,-19.772],[-40.511,-19.782],[-40.504,-19.802],[-40.513,-19.826],[-40.512,-19.838],[-40.505,-19.854],[-40.505,-19.88],[-40.499,-19.88],[-40.491,-19.89],[-40.489,-19.892],[-40.475,-19.905],[-40.475,-19.937],[-40.468,-19.933],[-40.456,-19.936],[-40.453,-19.936],[-40.452,-19.945],[-40.465,-19.944],[-40.465,-19.952],[-40.481,-19.961],[-40.486,-19.962],[-40.49,-19.955],[-40.511,-19.961],[-40.515,-19.988],[-40.532,-19.98],[-40.532,-19.986],[-40.537,-19.992],[-40.534,-19.997],[-40.538,-19.997],[-40.545,-19.99],[-40.555,-19.987],[-40.559,-19.991],[-40.568,-19.986],[-40.574,-19.989],[-40.58,-19.987],[-40.587,-19.982],[-40.598,-19.969],[-40.598,-19.96],[-40.606,-19.959],[-40.625,-19.97],[-40.625,-19.964],[-40.632,-19.965],[-40.638,-19.976],[-40.644,-19.977],[-40.646,-19.969],[-40.642,-19.961],[-40.644,-19.952],[-40.64,-19.947],[-40.642,-19.946],[-40.644,-19.946],[-40.659,-19.957],[-40.665,-19.971],[-40.673,-19.963],[-40.682,-19.967],[-40.685,-19.97],[-40.684,-19.974],[-40.692,-19.98],[-40.704,-19.974],[-40.716,-19.984],[-40.717,-19.982],[-40.722,-19.978],[-40.73,-19.979],[-40.738,-19.985],[-40.746,-19.983],[-40.78,-19.992],[-40.774,-19.981],[-40.781,-19.979],[-40.782,-19.975],[-40.768,-19.966],[-40.776,-19.961],[-40.781,-19.964],[-40.785,-19.962],[-40.776,-19.942],[-40.774,-19.934],[-40.786,-19.927],[-40.795,-19.911],[-40.816,-19.908],[-40.813,-19.891],[-40.817,-19.885],[-40.825,-19.877],[-40.828,-19.868],[-40.814,-19.845],[-40.802,-19.837],[-40.797,-19.838],[-40.793,-19.834],[-40.781,-19.83],[-40.783,-19.818],[-40.774,-19.813],[-40.764,-19.83],[-40.757,-19.824],[-40.747,-19.83],[-40.74,-19.827],[-40.731,-19.829],[-40.727,-19.826],[-40.707,-19.815],[-40.71,-19.789],[-40.695,-19.783],[-40.694,-19.773],[-40.689,-19.771],[-40.682,-19.77],[-40.677,-19.776],[-40.658,-19.772],[-40.633,-19.774],[-40.632,-19.774],[-40.61,-19.759],[-40.584,-19.75],[-40.572,-19.741],[-40.56,-19.742],[-40.556,-19.734],[-40.551,-19.733]]]}},{"type":"Feature","properties":{"id":"3204658","nome":"S\u00e3o Domingos do Norte"},"geometry":{"type":"Polygon","coordinates":[[[-40.549,-19.043],[-40.548,-19.049],[-40.543,-19.047],[-40.54,-19.044],[-40.537,-19.047],[-40.536,-19.051],[-40.531,-19.047],[-40.532,-19.051],[-40.514,-19.06],[-40.5,-19.054],[-40.496,-19.055],[-40.486,-19.046],[-40.483,-19.05],[-40.466,-19.044],[-40.457,-19.046],[-40.455,-19.053],[-40.45,-19.05],[-40.444,-19.052],[-40.425,-19.076],[-40.402,-19.076],[-40.395,-19.08],[-40.395,-19.085],[-40.391,-19.083],[-40.378,-19.085],[-40.375,-19.08],[-40.375,-19.081],[-40.371,-19.085],[-40.373,-19.091],[-40.38,-19.093],[-40.387,-19.103],[-40.392,-19.099],[-40.404,-19.107],[-40.413,-19.108],[-40.43,-19.107],[-40.448,-19.099],[-40.454,-19.107],[-40.463,-19.11],[-40.474,-19.109],[-40.495,-19.113],[-40.499,-19.118],[-40.506,-19.122],[-40.504,-19.145],[-40.509,-19.16],[-40.514,-19.153],[-40.551,-19.139],[-40.564,-19.144],[-40.574,-19.155],[-40.568,-19.168],[-40.58,-19.173],[-40.583,-19.18],[-40.606,-19.191],[-40.602,-19.197],[-40.612,-19.203],[-40.619,-19.212],[-40.615,-19.235],[-40.62,-19.246],[-40.618,-19.256],[-40.612,-19.262],[-40.612,-19.275],[-40.618,-19.279],[-40.619,-19.267],[-40.622,-19.266],[-40.634,-19.24],[-40.635,-19.24],[-40.64,-19.237],[-40.649,-19.242],[-40.653,-19.233],[-40.664,-19.23],[-40.659,-19.202],[-40.67,-19.201],[-40.656,-19.18],[-40.658,-19.174],[-40.656,-19.168],[-40.666,-19.166],[-40.666,-19.156],[-40.673,-19.159],[-40.678,-19.157],[-40.679,-19.144],[-40.685,-19.144],[-40.688,-19.151],[-40.69,-19.149],[-40.689,-19.131],[-40.679,-19.125],[-40.684,-19.104],[-40.672,-19.097],[-40.659,-19.099],[-40.654,-19.091],[-40.648,-19.088],[-40.644,-19.084],[-40.639,-19.086],[-40.616,-19.081],[-40.597,-19.062],[-40.578,-19.068],[-40.561,-19.047],[-40.556,-19.045],[-40.552,-19.047],[-40.549,-19.043]]]}},{"type":"Feature","properties":{"id":"3204708","nome":"S\u00e3o Gabriel da Palha"},"geometry":{"type":"Polygon","coordinates":[[[-40.48,-18.854],[-40.458,-18.855],[-40.441,-18.852],[-40.422,-18.854],[-40.401,-18.85],[-40.372,-18.848],[-40.373,-18.877],[-40.373,-18.889],[-40.374,-18.934],[-40.374,-18.947],[-40.383,-18.942],[-40.394,-18.946],[-40.405,-18.946],[-40.407,-18.953],[-40.418,-18.96],[-40.42,-18.957],[-40.416,-18.95],[-40.42,-18.946],[-40.43,-18.946],[-40.449,-18.956],[-40.465,-18.964],[-40.459,-18.983],[-40.464,-18.993],[-40.446,-18.989],[-40.447,-19.007],[-40.435,-19.014],[-40.434,-19.019],[-40.451,-19.043],[-40.457,-19.046],[-40.466,-19.044],[-40.483,-19.05],[-40.486,-19.046],[-40.496,-19.055],[-40.5,-19.054],[-40.514,-19.06],[-40.532,-19.051],[-40.531,-19.047],[-40.536,-19.051],[-40.537,-19.047],[-40.54,-19.044],[-40.543,-19.047],[-40.548,-19.049],[-40.549,-19.043],[-40.552,-19.047],[-40.556,-19.045],[-40.562,-19.041],[-40.573,-19.053],[-40.584,-19.048],[-40.602,-19.048],[-40.609,-19.04],[-40.616,-19.041],[-40.619,-19.032],[-40.622,-19.021],[-40.632,-19.022],[-40.635,-19.028],[-40.638,-19.016],[-40.645,-19.012],[-40.634,-18.987],[-40.641,-18.986],[-40.641,-18.981],[-40.652,-18.983],[-40.644,-18.965],[-40.656,-18.946],[-40.65,-18.939],[-40.644,-18.943],[-40.631,-18.935],[-40.632,-18.946],[-40.615,-18.954],[-40.604,-18.946],[-40.599,-18.937],[-40.595,-18.936],[-40.592,-18.927],[-40.579,-18.903],[-40.567,-18.888],[-40.558,-18.887],[-40.535,-18.871],[-40.526,-18.87],[-40.519,-18.873],[-40.516,-18.876],[-40.512,-18.87],[-40.504,-18.866],[-40.501,-18.86],[-40.486,-18.856],[-40.48,-18.854]]]}},{"type":"Feature","properties":{"id":"3204807","nome":"S\u00e3o Jos\u00e9 do Cal\u00e7ado"},"geometry":{"type":"Polygon","coordinates":[[[-41.611,-20.888],[-41.616,-20.897],[-41.611,-20.901],[-41.602,-20.9],[-41.599,-20.89],[-41.587,-20.898],[-41.581,-20.911],[-41.578,-20.922],[-41.584,-20.921],[-41.584,-20.926],[-41.59,-20.925],[-41.587,-20.937],[-41.583,-20.94],[-41.583,-20.947],[-41.573,-20.949],[-41.572,-20.957],[-41.58,-20.961],[-41.584,-20.969],[-41.582,-20.978],[-41.582,-20.99],[-41.592,-21.008],[-41.597,-21.02],[-41.607,-21.019],[-41.608,-21.024],[-41.613,-21.033],[-41.618,-21.036],[-41.616,-21.039],[-41.622,-21.055],[-41.629,-21.057],[-41.633,-21.073],[-41.638,-21.074],[-41.653,-21.085],[-41.67,-21.07],[-41.682,-21.091],[-41.692,-21.086],[-41.702,-21.093],[-41.709,-21.091],[-41.717,-21.105],[-41.722,-21.103],[-41.729,-21.106],[-41.735,-21.103],[-41.735,-21.099],[-41.731,-21.087],[-41.721,-21.073],[-41.723,-21.067],[-41.732,-21.066],[-41.729,-21.05],[-41.724,-21.056],[-41.72,-21.055],[-41.716,-21.047],[-41.721,-21.045],[-41.726,-21.032],[-41.723,-21.025],[-41.716,-21.022],[-41.715,-21.016],[-41.722,-21.011],[-41.716,-20.992],[-41.71,-20.989],[-41.712,-20.981],[-41.716,-20.976],[-41.717,-20.955],[-41.733,-20.943],[-41.73,-20.94],[-41.723,-20.942],[-41.723,-20.935],[-41.715,-20.929],[-41.713,-20.931],[-41.705,-20.921],[-41.7,-20.924],[-41.696,-20.92],[-41.692,-20.922],[-41.691,-20.928],[-41.688,-20.93],[-41.682,-20.91],[-41.674,-20.901],[-41.669,-20.889],[-41.663,-20.888],[-41.659,-20.895],[-41.652,-20.892],[-41.65,-20.877],[-41.644,-20.87],[-41.644,-20.852],[-41.638,-20.85],[-41.637,-20.844],[-41.628,-20.862],[-41.611,-20.888]]]}},{"type":"Feature","properties":{"id":"3204906","nome":"S\u00e3o Mateus"},"geometry":{"type":"Polygon","coordinates":[[[-40.03,-18.444],[-39.995,-18.487],[-39.941,-18.553],[-39.908,-18.594],[-39.847,-18.668],[-39.837,-18.68],[-39.831,-18.672],[-39.807,-18.675],[-39.815,-18.682],[-39.813,-18.688],[-39.816,-18.693],[-39.807,-18.696],[-39.808,-18.701],[-39.818,-18.705],[-39.811,-18.71],[-39.813,-18.719],[-39.808,-18.721],[-39.802,-18.721],[-39.795,-18.712],[-39.783,-18.704],[-39.776,-18.706],[-39.747,-18.706],[-39.748,-18.786],[-39.75,-18.841],[-39.739,-18.952],[-39.737,-18.968],[-39.719,-19.097],[-39.732,-19.097],[-39.738,-19.103],[-39.732,-19.125],[-39.736,-19.141],[-39.742,-19.149],[-39.835,-19.029],[-39.875,-18.978],[-39.901,-18.958],[-39.918,-18.933],[-39.93,-18.929],[-39.954,-18.903],[-39.958,-18.899],[-39.965,-18.882],[-39.988,-18.877],[-40.007,-18.893],[-40.008,-18.897],[-40.007,-18.813],[-40.017,-18.814],[-40.027,-18.807],[-40.053,-18.81],[-40.06,-18.804],[-40.074,-18.801],[-40.085,-18.803],[-40.1,-18.792],[-40.118,-18.774],[-40.149,-18.811],[-40.17,-18.837],[-40.182,-18.85],[-40.208,-18.881],[-40.216,-18.877],[-40.226,-18.877],[-40.244,-18.862],[-40.249,-18.864],[-40.259,-18.842],[-40.267,-18.84],[-40.279,-18.842],[-40.294,-18.842],[-40.302,-18.847],[-40.311,-18.847],[-40.319,-18.85],[-40.331,-18.848],[-40.337,-18.851],[-40.339,-18.848],[-40.341,-18.849],[-40.354,-18.845],[-40.361,-18.849],[-40.372,-18.848],[-40.401,-18.85],[-40.404,-18.833],[-40.402,-18.826],[-40.392,-18.818],[-40.393,-18.781],[-40.354,-18.749],[-40.351,-18.747],[-40.344,-18.732],[-40.335,-18.728],[-40.336,-18.726],[-40.284,-18.577],[-40.277,-18.574],[-40.274,-18.577],[-40.263,-18.576],[-40.265,-18.57],[-40.255,-18.566],[-40.246,-18.568],[-40.239,-18.576],[-40.24,-18.58],[-40.232,-18.582],[-40.225,-18.579],[-40.221,-18.585],[-40.218,-18.577],[-40.211,-18.582],[-40.21,-18.572],[-40.165,-18.544],[-40.162,-18.535],[-40.165,-18.518],[-40.158,-18.51],[-40.15,-18.508],[-40.123,-18.487],[-40.1,-18.486],[-40.095,-18.486],[-40.088,-18.485],[-40.08,-18.479],[-40.06,-18.463],[-40.045,-18.446],[-40.03,-18.444]]]}},{"type":"Feature","properties":{"id":"3204955","nome":"S\u00e3o Roque do Cana\u00e3"},"geometry":{"type":"Polygon","coordinates":[[[-40.712,-19.624],[-40.706,-19.628],[-40.691,-19.623],[-40.679,-19.626],[-40.672,-19.622],[-40.671,-19.63],[-40.655,-19.641],[-40.653,-19.643],[-40.603,-19.673],[-40.597,-19.669],[-40.597,-19.664],[-40.587,-19.664],[-40.582,-19.684],[-40.579,-19.686],[-40.568,-19.684],[-40.558,-19.695],[-40.557,-19.706],[-40.552,-19.712],[-40.547,-19.713],[-40.538,-19.709],[-40.527,-19.715],[-40.52,-19.727],[-40.518,-19.745],[-40.527,-19.745],[-40.535,-19.739],[-40.545,-19.741],[-40.551,-19.733],[-40.556,-19.734],[-40.56,-19.742],[-40.572,-19.741],[-40.584,-19.75],[-40.61,-19.759],[-40.632,-19.774],[-40.633,-19.774],[-40.658,-19.772],[-40.677,-19.776],[-40.682,-19.77],[-40.689,-19.771],[-40.694,-19.773],[-40.695,-19.783],[-40.71,-19.789],[-40.707,-19.815],[-40.727,-19.826],[-40.731,-19.829],[-40.74,-19.827],[-40.747,-19.83],[-40.757,-19.824],[-40.764,-19.83],[-40.774,-19.813],[-40.771,-19.804],[-40.776,-19.797],[-40.773,-19.787],[-40.778,-19.78],[-40.776,-19.772],[-40.781,-19.76],[-40.773,-19.739],[-40.776,-19.712],[-40.771,-19.708],[-40.773,-19.697],[-40.766,-19.68],[-40.759,-19.669],[-40.756,-19.652],[-40.739,-19.643],[-40.725,-19.642],[-40.722,-19.624],[-40.712,-19.624]]]}},{"type":"Feature","properties":{"id":"3205002","nome":"Serra"},"geometry":{"type":"Polygon","coordinates":[[[-40.385,-20.014],[-40.379,-20.024],[-40.374,-20.023],[-40.367,-20.039],[-40.361,-20.042],[-40.356,-20.049],[-40.349,-20.047],[-40.344,-20.036],[-40.334,-20.034],[-40.326,-20.029],[-40.318,-20.03],[-40.302,-20.025],[-40.303,-20.021],[-40.293,-20.025],[-40.29,-20.023],[-40.281,-20.031],[-40.277,-20.029],[-40.272,-20.03],[-40.275,-20.035],[-40.272,-20.037],[-40.264,-20.031],[-40.257,-20.041],[-40.253,-20.032],[-40.248,-20.037],[-40.217,-20.027],[-40.204,-20.031],[-40.2,-20.036],[-40.195,-20.036],[-40.19,-20.045],[-40.195,-20.054],[-40.19,-20.056],[-40.179,-20.066],[-40.172,-20.074],[-40.172,-20.103],[-40.171,-20.11],[-40.184,-20.154],[-40.184,-20.174],[-40.19,-20.184],[-40.192,-20.202],[-40.197,-20.216],[-40.213,-20.239],[-40.222,-20.239],[-40.261,-20.24],[-40.292,-20.24],[-40.294,-20.24],[-40.329,-20.239],[-40.327,-20.249],[-40.328,-20.257],[-40.34,-20.26],[-40.34,-20.249],[-40.358,-20.237],[-40.37,-20.216],[-40.374,-20.214],[-40.379,-20.21],[-40.384,-20.199],[-40.382,-20.191],[-40.393,-20.172],[-40.399,-20.172],[-40.402,-20.167],[-40.411,-20.17],[-40.415,-20.162],[-40.424,-20.16],[-40.423,-20.155],[-40.429,-20.151],[-40.436,-20.136],[-40.435,-20.097],[-40.422,-20.043],[-40.416,-20.016],[-40.409,-20.017],[-40.398,-20.015],[-40.385,-20.014]]]}},{"type":"Feature","properties":{"id":"3205010","nome":"Sooretama"},"geometry":{"type":"Polygon","coordinates":[[[-40.178,-18.943],[-40.179,-18.949],[-40.174,-18.948],[-40.155,-18.956],[-40.149,-18.955],[-40.136,-18.964],[-40.127,-18.964],[-40.105,-18.97],[-40.084,-18.981],[-40.071,-18.983],[-40.064,-18.98],[-40.038,-18.986],[-40.024,-18.988],[-40.021,-18.989],[-40.003,-18.995],[-40.023,-19.037],[-40.008,-19.045],[-39.998,-19.041],[-39.989,-19.047],[-40.005,-19.048],[-40.014,-19.053],[-40.02,-19.051],[-40.032,-19.059],[-40.035,-19.061],[-40.045,-19.083],[-40.072,-19.137],[-40.073,-19.139],[-40.075,-19.143],[-40.076,-19.144],[-40.085,-19.162],[-40.088,-19.169],[-40.07,-19.169],[-40.053,-19.175],[-40.04,-19.186],[-40.037,-19.185],[-40.084,-19.235],[-40.084,-19.225],[-40.097,-19.222],[-40.104,-19.208],[-40.121,-19.211],[-40.115,-19.221],[-40.118,-19.229],[-40.148,-19.217],[-40.157,-19.193],[-40.192,-19.192],[-40.196,-19.17],[-40.198,-19.164],[-40.204,-19.167],[-40.209,-19.164],[-40.21,-19.168],[-40.213,-19.16],[-40.218,-19.157],[-40.224,-19.162],[-40.226,-19.154],[-40.235,-19.155],[-40.234,-19.15],[-40.237,-19.149],[-40.24,-19.148],[-40.235,-19.144],[-40.239,-19.14],[-40.237,-19.135],[-40.244,-19.133],[-40.241,-19.125],[-40.238,-19.119],[-40.243,-19.118],[-40.253,-19.104],[-40.251,-19.1],[-40.262,-19.099],[-40.263,-19.09],[-40.267,-19.086],[-40.286,-19.079],[-40.286,-19.075],[-40.289,-19.075],[-40.269,-19.034],[-40.246,-18.985],[-40.221,-18.934],[-40.215,-18.92],[-40.214,-18.92],[-40.207,-18.905],[-40.203,-18.911],[-40.198,-18.911],[-40.194,-18.916],[-40.195,-18.923],[-40.19,-18.923],[-40.183,-18.93],[-40.185,-18.937],[-40.178,-18.943]]]}},{"type":"Feature","properties":{"id":"3205036","nome":"Vargem Alta"},"geometry":{"type":"Polygon","coordinates":[[[-40.986,-20.447],[-40.985,-20.458],[-40.978,-20.456],[-40.967,-20.462],[-40.97,-20.474],[-40.974,-20.474],[-40.973,-20.479],[-40.966,-20.484],[-40.967,-20.493],[-40.959,-20.498],[-40.958,-20.51],[-40.962,-20.512],[-40.959,-20.528],[-40.964,-20.544],[-40.957,-20.552],[-40.959,-20.555],[-40.956,-20.558],[-40.958,-20.562],[-40.965,-20.563],[-40.968,-20.576],[-40.957,-20.591],[-40.962,-20.602],[-40.958,-20.604],[-40.952,-20.601],[-40.944,-20.606],[-40.936,-20.6],[-40.933,-20.601],[-40.914,-20.614],[-40.909,-20.622],[-40.911,-20.63],[-40.914,-20.637],[-40.916,-20.644],[-40.925,-20.648],[-40.934,-20.664],[-40.931,-20.67],[-40.934,-20.674],[-40.93,-20.678],[-40.932,-20.685],[-40.945,-20.688],[-40.947,-20.694],[-40.951,-20.696],[-40.956,-20.691],[-40.963,-20.71],[-40.956,-20.714],[-40.956,-20.719],[-40.964,-20.73],[-40.966,-20.748],[-40.976,-20.764],[-40.981,-20.765],[-40.979,-20.767],[-40.994,-20.779],[-40.991,-20.785],[-40.99,-20.788],[-40.995,-20.792],[-40.985,-20.801],[-40.987,-20.808],[-40.977,-20.823],[-40.98,-20.829],[-40.987,-20.831],[-40.991,-20.837],[-40.985,-20.845],[-40.987,-20.861],[-40.978,-20.865],[-40.98,-20.869],[-40.991,-20.869],[-41.012,-20.865],[-41.017,-20.859],[-41.026,-20.858],[-41.033,-20.852],[-41.016,-20.823],[-41.023,-20.816],[-41.017,-20.795],[-41.019,-20.789],[-41.038,-20.788],[-41.043,-20.796],[-41.046,-20.787],[-41.039,-20.767],[-41.036,-20.767],[-41.032,-20.758],[-41.037,-20.754],[-41.051,-20.752],[-41.062,-20.733],[-41.072,-20.726],[-41.069,-20.724],[-41.065,-20.72],[-41.067,-20.712],[-41.081,-20.715],[-41.084,-20.708],[-41.084,-20.704],[-41.088,-20.696],[-41.083,-20.681],[-41.068,-20.658],[-41.066,-20.648],[-41.065,-20.641],[-41.061,-20.64],[-41.055,-20.631],[-41.055,-20.629],[-41.069,-20.624],[-41.085,-20.616],[-41.07,-20.613],[-41.064,-20.6],[-41.066,-20.595],[-41.08,-20.595],[-41.076,-20.584],[-41.074,-20.58],[-41.063,-20.581],[-41.057,-20.567],[-41.047,-20.566],[-41.04,-20.572],[-41.034,-20.566],[-41.029,-20.553],[-41.018,-20.545],[-41.018,-20.534],[-41.023,-20.532],[-41.032,-20.537],[-41.044,-20.537],[-41.055,-20.529],[-41.054,-20.518],[-41.049,-20.516],[-41.044,-20.523],[-41.038,-20.514],[-41.032,-20.518],[-41.026,-20.515],[-41.028,-20.496],[-41.036,-20.496],[-41.034,-20.491],[-41.041,-20.487],[-41.039,-20.484],[-41.018,-20.483],[-41.019,-20.478],[-41.006,-20.47],[-41.006,-20.465],[-41.01,-20.457],[-41.007,-20.45],[-41.009,-20.439],[-41.009,-20.433],[-41.0,-20.426],[-40.996,-20.427],[-40.993,-20.429],[-40.988,-20.437],[-40.995,-20.441],[-40.986,-20.447]]]}},{"type":"Feature","properties":{"id":"3205069","nome":"Venda Nova do Imigrante"},"geometry":{"type":"Polygon","coordinates":[[[-41.107,-20.302],[-41.104,-20.308],[-41.105,-20.322],[-41.098,-20.325],[-41.092,-20.335],[-41.099,-20.343],[-41.087,-20.353],[-41.088,-20.355],[-41.091,-20.367],[-41.09,-20.369],[-41.073,-20.375],[-41.07,-20.384],[-41.068,-20.391],[-41.072,-20.393],[-41.074,-20.404],[-41.064,-20.41],[-41.068,-20.422],[-41.065,-20.422],[-41.06,-20.422],[-41.053,-20.439],[-41.051,-20.453],[-41.046,-20.458],[-41.052,-20.46],[-41.067,-20.46],[-41.071,-20.451],[-41.076,-20.45],[-41.076,-20.444],[-41.089,-20.441],[-41.102,-20.43],[-41.1,-20.426],[-41.103,-20.422],[-41.098,-20.41],[-41.105,-20.403],[-41.111,-20.405],[-41.11,-20.409],[-41.12,-20.422],[-41.119,-20.425],[-41.128,-20.425],[-41.141,-20.431],[-41.162,-20.423],[-41.166,-20.429],[-41.165,-20.444],[-41.171,-20.447],[-41.172,-20.447],[-41.192,-20.445],[-41.197,-20.44],[-41.194,-20.429],[-41.199,-20.422],[-41.199,-20.416],[-41.193,-20.416],[-41.181,-20.408],[-41.177,-20.401],[-41.178,-20.392],[-41.192,-20.391],[-41.201,-20.384],[-41.203,-20.364],[-41.218,-20.356],[-41.217,-20.349],[-41.21,-20.342],[-41.21,-20.336],[-41.215,-20.33],[-41.215,-20.326],[-41.207,-20.316],[-41.201,-20.315],[-41.19,-20.307],[-41.18,-20.312],[-41.177,-20.311],[-41.171,-20.31],[-41.172,-20.305],[-41.165,-20.3],[-41.158,-20.282],[-41.149,-20.282],[-41.137,-20.288],[-41.129,-20.295],[-41.113,-20.297],[-41.107,-20.302]]]}},{"type":"Feature","properties":{"id":"3205101","nome":"Viana"},"geometry":{"type":"Polygon","coordinates":[[[-40.568,-20.299],[-40.564,-20.304],[-40.56,-20.301],[-40.549,-20.302],[-40.533,-20.291],[-40.532,-20.292],[-40.521,-20.291],[-40.521,-20.325],[-40.515,-20.347],[-40.486,-20.347],[-40.48,-20.344],[-40.458,-20.332],[-40.453,-20.34],[-40.439,-20.332],[-40.435,-20.335],[-40.429,-20.34],[-40.42,-20.341],[-40.404,-20.358],[-40.406,-20.379],[-40.395,-20.391],[-40.394,-20.396],[-40.385,-20.394],[-40.371,-20.399],[-40.374,-20.402],[-40.39,-20.409],[-40.391,-20.413],[-40.391,-20.419],[-40.396,-20.423],[-40.427,-20.425],[-40.437,-20.433],[-40.459,-20.432],[-40.464,-20.432],[-40.472,-20.462],[-40.484,-20.505],[-40.538,-20.472],[-40.547,-20.476],[-40.552,-20.474],[-40.575,-20.479],[-40.581,-20.477],[-40.591,-20.483],[-40.599,-20.482],[-40.605,-20.487],[-40.626,-20.468],[-40.632,-20.462],[-40.622,-20.435],[-40.625,-20.424],[-40.616,-20.421],[-40.615,-20.413],[-40.588,-20.415],[-40.558,-20.409],[-40.55,-20.404],[-40.543,-20.402],[-40.548,-20.399],[-40.534,-20.389],[-40.544,-20.384],[-40.553,-20.389],[-40.561,-20.388],[-40.563,-20.386],[-40.559,-20.372],[-40.57,-20.378],[-40.572,-20.372],[-40.58,-20.369],[-40.58,-20.362],[-40.586,-20.367],[-40.593,-20.367],[-40.595,-20.362],[-40.588,-20.349],[-40.582,-20.343],[-40.585,-20.341],[-40.585,-20.334],[-40.579,-20.322],[-40.583,-20.305],[-40.582,-20.292],[-40.576,-20.279],[-40.572,-20.28],[-40.573,-20.286],[-40.567,-20.291],[-40.568,-20.299]]]}},{"type":"Feature","properties":{"id":"3205150","nome":"Vila Pav\u00e3o"},"geometry":{"type":"Polygon","coordinates":[[[-40.55,-18.493],[-40.565,-18.512],[-40.564,-18.523],[-40.562,-18.531],[-40.566,-18.551],[-40.564,-18.565],[-40.555,-18.571],[-40.55,-18.582],[-40.536,-18.589],[-40.537,-18.599],[-40.533,-18.609],[-40.518,-18.623],[-40.5,-18.621],[-40.492,-18.634],[-40.496,-18.65],[-40.483,-18.657],[-40.496,-18.66],[-40.504,-18.666],[-40.512,-18.663],[-40.518,-18.665],[-40.542,-18.686],[-40.57,-18.7],[-40.594,-18.719],[-40.61,-18.72],[-40.621,-18.725],[-40.626,-18.726],[-40.627,-18.724],[-40.641,-18.725],[-40.652,-18.707],[-40.669,-18.702],[-40.677,-18.706],[-40.681,-18.703],[-40.696,-18.705],[-40.7,-18.695],[-40.686,-18.695],[-40.682,-18.691],[-40.684,-18.687],[-40.686,-18.683],[-40.702,-18.681],[-40.708,-18.684],[-40.715,-18.682],[-40.715,-18.678],[-40.723,-18.677],[-40.729,-18.659],[-40.722,-18.626],[-40.722,-18.609],[-40.722,-18.602],[-40.727,-18.601],[-40.731,-18.589],[-40.738,-18.588],[-40.747,-18.595],[-40.746,-18.601],[-40.764,-18.593],[-40.765,-18.605],[-40.761,-18.608],[-40.766,-18.613],[-40.775,-18.613],[-40.78,-18.62],[-40.789,-18.62],[-40.797,-18.605],[-40.794,-18.597],[-40.803,-18.591],[-40.804,-18.586],[-40.801,-18.583],[-40.797,-18.587],[-40.787,-18.596],[-40.78,-18.597],[-40.77,-18.594],[-40.765,-18.581],[-40.76,-18.577],[-40.75,-18.576],[-40.738,-18.569],[-40.728,-18.569],[-40.719,-18.563],[-40.714,-18.566],[-40.705,-18.562],[-40.704,-18.557],[-40.69,-18.547],[-40.68,-18.532],[-40.669,-18.529],[-40.673,-18.524],[-40.66,-18.518],[-40.654,-18.517],[-40.652,-18.513],[-40.65,-18.516],[-40.638,-18.516],[-40.633,-18.509],[-40.621,-18.505],[-40.619,-18.498],[-40.593,-18.49],[-40.563,-18.486],[-40.55,-18.493]]]}},{"type":"Feature","properties":{"id":"3205176","nome":"Vila Val\u00e9rio"},"geometry":{"type":"Polygon","coordinates":[[[-40.354,-18.845],[-40.341,-18.849],[-40.339,-18.848],[-40.337,-18.851],[-40.331,-18.848],[-40.319,-18.85],[-40.311,-18.847],[-40.302,-18.847],[-40.294,-18.842],[-40.279,-18.842],[-40.267,-18.84],[-40.259,-18.842],[-40.249,-18.864],[-40.244,-18.862],[-40.226,-18.877],[-40.216,-18.877],[-40.208,-18.881],[-40.207,-18.883],[-40.205,-18.898],[-40.207,-18.905],[-40.214,-18.92],[-40.215,-18.92],[-40.221,-18.934],[-40.246,-18.985],[-40.269,-19.034],[-40.289,-19.075],[-40.305,-19.083],[-40.321,-19.081],[-40.325,-19.076],[-40.337,-19.079],[-40.343,-19.078],[-40.349,-19.084],[-40.352,-19.081],[-40.352,-19.074],[-40.364,-19.066],[-40.375,-19.08],[-40.378,-19.085],[-40.391,-19.083],[-40.395,-19.085],[-40.395,-19.08],[-40.402,-19.076],[-40.425,-19.076],[-40.444,-19.052],[-40.45,-19.05],[-40.455,-19.053],[-40.457,-19.046],[-40.451,-19.043],[-40.434,-19.019],[-40.435,-19.014],[-40.447,-19.007],[-40.446,-18.989],[-40.464,-18.993],[-40.459,-18.983],[-40.465,-18.964],[-40.449,-18.956],[-40.43,-18.946],[-40.42,-18.946],[-40.416,-18.95],[-40.42,-18.957],[-40.418,-18.96],[-40.407,-18.953],[-40.405,-18.946],[-40.394,-18.946],[-40.383,-18.942],[-40.374,-18.947],[-40.374,-18.934],[-40.373,-18.889],[-40.373,-18.877],[-40.372,-18.848],[-40.361,-18.849],[-40.354,-18.845]]]}},{"type":"Feature","properties":{"id":"3205200","nome":"Vila Velha"},"geometry":{"type":"Polygon","coordinates":[[[-40.356,-20.524],[-40.357,-20.524],[-40.358,-20.524],[-40.356,-20.524]],[[-40.31,-20.421],[-40.312,-20.421],[-40.312,-20.42],[-40.31,-20.42],[-40.31,-20.421]],[[-40.295,-20.381],[-40.298,-20.381],[-40.297,-20.379],[-40.295,-20.38],[-40.295,-20.381]],[[-40.277,-20.365],[-40.279,-20.365],[-40.279,-20.364],[-40.278,-20.364],[-40.277,-20.365]],[[-40.279,-20.363],[-40.28,-20.363],[-40.281,-20.362],[-40.279,-20.362],[-40.279,-20.363]],[[-40.252,-20.353],[-40.254,-20.354],[-40.254,-20.352],[-40.253,-20.352],[-40.252,-20.353]],[[-40.28,-20.354],[-40.282,-20.354],[-40.282,-20.353],[-40.28,-20.353],[-40.28,-20.354]],[[-40.271,-20.334],[-40.272,-20.335],[-40.272,-20.334],[-40.271,-20.333],[-40.271,-20.334]],[[-40.27,-20.333],[-40.271,-20.333],[-40.272,-20.332],[-40.271,-20.332],[-40.27,-20.333]],[[-40.267,-20.332],[-40.269,-20.332],[-40.269,-20.331],[-40.268,-20.33],[-40.267,-20.332]],[[-40.271,-20.322],[-40.272,-20.322],[-40.273,-20.32],[-40.271,-20.32],[-40.271,-20.322]],[[-40.268,-20.32],[-40.269,-20.321],[-40.27,-20.32],[-40.269,-20.319],[-40.268,-20.32]],[[-40.325,-20.322],[-40.322,-20.325],[-40.321,-20.325],[-40.318,-20.324],[-40.312,-20.33],[-40.303,-20.323],[-40.293,-20.326],[-40.294,-20.329],[-40.289,-20.323],[-40.284,-20.325],[-40.276,-20.32],[-40.274,-20.325],[-40.269,-20.324],[-40.27,-20.33],[-40.275,-20.33],[-40.275,-20.334],[-40.277,-20.332],[-40.282,-20.336],[-40.285,-20.352],[-40.296,-20.361],[-40.309,-20.381],[-40.322,-20.41],[-40.323,-20.422],[-40.32,-20.426],[-40.349,-20.477],[-40.356,-20.498],[-40.358,-20.519],[-40.366,-20.52],[-40.376,-20.536],[-40.375,-20.529],[-40.379,-20.525],[-40.38,-20.519],[-40.39,-20.517],[-40.455,-20.509],[-40.475,-20.507],[-40.484,-20.505],[-40.472,-20.462],[-40.464,-20.432],[-40.459,-20.432],[-40.437,-20.433],[-40.427,-20.425],[-40.396,-20.423],[-40.391,-20.419],[-40.391,-20.413],[-40.39,-20.409],[-40.374,-20.402],[-40.371,-20.399],[-40.366,-20.395],[-40.365,-20.37],[-40.358,-20.349],[-40.355,-20.326],[-40.351,-20.327],[-40.345,-20.326],[-40.325,-20.322]]]}},{"type":"Feature","properties":{"id":"3205309","nome":"Vit\u00f3ria"},"geometry":{"type":"Polygon","coordinates":[[[-40.25,-20.352],[-40.252,-20.352],[-40.252,-20.351],[-40.25,-20.351],[-40.25,-20.352]],[[-40.242,-20.294],[-40.242,-20.295],[-40.243,-20.295],[-40.243,-20.294],[-40.242,-20.294]],[[-40.229,-20.258],[-40.238,-20.28],[-40.237,-20.289],[-40.25,-20.295],[-40.254,-20.289],[-40.25,-20.28],[-40.256,-20.268],[-40.261,-20.266],[-40.286,-20.277],[-40.292,-20.285],[-40.289,-20.293],[-40.284,-20.294],[-40.291,-20.301],[-40.279,-20.298],[-40.277,-20.3],[-40.283,-20.305],[-40.292,-20.305],[-40.291,-20.308],[-40.28,-20.307],[-40.277,-20.311],[-40.288,-20.314],[-40.289,-20.323],[-40.294,-20.329],[-40.293,-20.326],[-40.303,-20.323],[-40.312,-20.33],[-40.318,-20.324],[-40.321,-20.325],[-40.322,-20.325],[-40.325,-20.322],[-40.345,-20.326],[-40.351,-20.327],[-40.355,-20.326],[-40.363,-20.315],[-40.363,-20.305],[-40.355,-20.296],[-40.35,-20.285],[-40.344,-20.28],[-40.331,-20.263],[-40.328,-20.257],[-40.327,-20.249],[-40.329,-20.239],[-40.294,-20.24],[-40.292,-20.24],[-40.261,-20.24],[-40.222,-20.239],[-40.213,-20.239],[-40.229,-20.258]]]}}]}