{"type":"FeatureCollection","features":[{"type":"Feature","properties":{"id":"2100055","nome":"A\u00e7ail\u00e2ndia"},"geometry":{"type":"Polygon","coordinates":[[[-47.017,-4.42],[-46.999,-4.427],[-46.983,-4.422],[-46.979,-4.426],[-46.966,-4.424],[-46.949,-4.434],[-46.937,-4.432],[-46.933,-4.444],[-46.915,-4.437],[-46.906,-4.428],[-46.893,-4.429],[-46.886,-4.425],[-46.873,-4.431],[-46.843,-4.396],[-46.841,-4.4],[-46.843,-4.403],[-46.843,-4.429],[-46.856,-4.435],[-46.859,-4.441],[-46.858,-4.455],[-46.865,-4.457],[-46.866,-4.467],[-46.876,-4.472],[-46.893,-4.483],[-46.902,-4.501],[-46.906,-4.502],[-46.911,-4.518],[-46.909,-4.524],[-46.919,-4.535],[-46.914,-4.546],[-46.916,-4.556],[-46.927,-4.567],[-46.927,-4.575],[-46.939,-4.585],[-46.935,-4.593],[-46.938,-4.606],[-46.936,-4.61],[-46.942,-4.632],[-46.935,-4.65],[-46.934,-4.675],[-46.925,-4.684],[-46.927,-4.691],[-46.934,-4.694],[-46.934,-4.704],[-46.933,-4.719],[-46.939,-4.729],[-46.939,-4.737],[-46.937,-4.75],[-46.926,-4.769],[-46.929,-4.787],[-46.918,-4.808],[-46.921,-4.827],[-46.921,-4.835],[-46.916,-4.841],[-46.923,-4.842],[-46.923,-4.848],[-46.927,-4.847],[-46.93,-4.85],[-46.919,-4.85],[-46.926,-4.879],[-46.924,-4.883],[-46.929,-4.889],[-46.928,-4.903],[-46.918,-4.911],[-46.926,-4.912],[-46.928,-4.92],[-46.913,-4.939],[-46.92,-4.953],[-46.911,-4.969],[-46.911,-4.986],[-46.906,-4.997],[-46.915,-5.008],[-46.948,-5.032],[-46.995,-5.049],[-47.0,-5.048],[-47.025,-5.049],[-47.042,-5.06],[-47.06,-5.056],[-47.079,-5.057],[-47.1,-5.069],[-47.098,-5.078],[-47.102,-5.084],[-47.109,-5.089],[-47.112,-5.086],[-47.117,-5.087],[-47.113,-5.1],[-47.119,-5.1],[-47.124,-5.105],[-47.128,-5.123],[-47.137,-5.133],[-47.135,-5.143],[-47.215,-5.168],[-47.23,-5.151],[-47.249,-5.102],[-47.258,-5.092],[-47.26,-5.085],[-47.263,-5.085],[-47.269,-5.088],[-47.271,-5.081],[-47.28,-5.081],[-47.29,-5.086],[-47.291,-5.079],[-47.301,-5.082],[-47.312,-5.076],[-47.314,-5.064],[-47.321,-5.058],[-47.315,-5.044],[-47.321,-5.046],[-47.33,-5.043],[-47.341,-5.036],[-47.344,-5.028],[-47.35,-5.026],[-47.366,-5.028],[-47.402,-5.034],[-47.476,-5.046],[-47.476,-5.063],[-47.481,-5.073],[-47.494,-5.077],[-47.502,-5.065],[-47.512,-5.062],[-47.537,-5.082],[-47.542,-5.089],[-47.554,-5.095],[-47.679,-5.042],[-47.685,-5.036],[-47.697,-5.029],[-47.713,-5.008],[-47.717,-4.986],[-47.751,-4.963],[-47.776,-4.957],[-47.778,-4.945],[-47.792,-4.935],[-47.801,-4.934],[-47.803,-4.928],[-47.806,-4.929],[-47.804,-4.922],[-47.809,-4.918],[-47.813,-4.921],[-47.821,-4.903],[-47.828,-4.9],[-47.83,-4.888],[-47.837,-4.878],[-47.849,-4.87],[-47.855,-4.871],[-47.856,-4.861],[-47.861,-4.854],[-47.867,-4.855],[-47.87,-4.852],[-47.895,-4.836],[-47.916,-4.83],[-47.932,-4.816],[-47.939,-4.815],[-47.968,-4.791],[-47.977,-4.788],[-47.98,-4.784],[-47.996,-4.78],[-48.006,-4.785],[-48.016,-4.778],[-48.025,-4.778],[-47.816,-4.614],[-47.805,-4.597],[-47.792,-4.586],[-47.786,-4.586],[-47.77,-4.593],[-47.754,-4.59],[-47.75,-4.6],[-47.742,-4.598],[-47.724,-4.606],[-47.715,-4.603],[-47.711,-4.603],[-47.711,-4.606],[-47.701,-4.604],[-47.68,-4.608],[-47.681,-4.623],[-47.686,-4.628],[-47.682,-4.639],[-47.687,-4.641],[-47.688,-4.646],[-47.693,-4.65],[-47.688,-4.685],[-47.686,-4.69],[-47.688,-4.692],[-47.699,-4.701],[-47.699,-4.711],[-47.701,-4.717],[-47.694,-4.724],[-47.69,-4.723],[-47.688,-4.721],[-47.681,-4.712],[-47.674,-4.712],[-47.655,-4.715],[-47.646,-4.727],[-47.615,-4.702],[-47.604,-4.706],[-47.593,-4.705],[-47.513,-4.704],[-47.495,-4.7],[-47.495,-4.652],[-47.487,-4.648],[-47.47,-4.649],[-47.444,-4.635],[-47.426,-4.637],[-47.393,-4.652],[-47.388,-4.651],[-47.389,-4.656],[-47.386,-4.658],[-47.367,-4.669],[-47.335,-4.676],[-47.339,-4.69],[-47.306,-4.698],[-47.286,-4.696],[-47.275,-4.685],[-47.235,-4.647],[-47.23,-4.636],[-47.226,-4.629],[-47.226,-4.592],[-47.235,-4.55],[-47.248,-4.531],[-47.253,-4.528],[-47.248,-4.522],[-47.254,-4.509],[-47.254,-4.5],[-47.248,-4.492],[-47.249,-4.469],[-47.241,-4.437],[-47.244,-4.432],[-47.222,-4.425],[-47.21,-4.406],[-47.187,-4.388],[-47.138,-4.318],[-47.126,-4.284],[-47.101,-4.265],[-47.095,-4.247],[-47.09,-4.241],[-47.078,-4.236],[-47.072,-4.236],[-47.069,-4.263],[-47.072,-4.274],[-47.083,-4.284],[-47.082,-4.294],[-47.088,-4.303],[-47.088,-4.308],[-47.073,-4.323],[-47.07,-4.34],[-47.063,-4.344],[-47.059,-4.366],[-47.043,-4.376],[-47.039,-4.383],[-47.031,-4.388],[-47.028,-4.399],[-47.02,-4.406],[-47.017,-4.42]]]}},{"type":"Feature","properties":{"id":"2100105","nome":"Afonso Cunha"},"geometry":{"type":"Polygon","coordinates":[[[-43.252,-4.091],[-43.244,-4.116],[-43.233,-4.115],[-43.227,-4.123],[-43.225,-4.135],[-43.222,-4.146],[-43.227,-4.159],[-43.224,-4.172],[-43.234,-4.186],[-43.236,-4.202],[-43.235,-4.216],[-43.229,-4.225],[-43.23,-4.239],[-43.231,-4.24],[-43.23,-4.272],[-43.234,-4.278],[-43.228,-4.294],[-43.219,-4.305],[-43.219,-4.32],[-43.214,-4.33],[-43.215,-4.349],[-43.21,-4.365],[-43.214,-4.362],[-43.281,-4.319],[-43.429,-4.223],[-43.401,-4.197],[-43.331,-4.133],[-43.328,-4.13],[-43.325,-4.127],[-43.271,-4.078],[-43.266,-4.074],[-43.262,-4.083],[-43.252,-4.091]]]}},{"type":"Feature","properties":{"id":"2100154","nome":"\u00c1gua Doce do Maranh\u00e3o"},"geometry":{"type":"Polygon","coordinates":[[[-42.081,-2.8],[-42.071,-2.813],[-42.073,-2.817],[-42.08,-2.82],[-42.081,-2.835],[-42.088,-2.836],[-42.093,-2.843],[-42.091,-2.852],[-42.095,-2.864],[-42.095,-2.873],[-42.095,-2.874],[-42.096,-2.876],[-42.086,-2.892],[-42.083,-2.913],[-42.078,-2.918],[-42.101,-2.922],[-42.115,-2.929],[-42.126,-2.939],[-42.135,-2.941],[-42.129,-2.947],[-42.124,-2.966],[-42.128,-2.971],[-42.127,-2.987],[-42.111,-2.99],[-42.095,-2.988],[-42.079,-2.992],[-42.052,-2.985],[-42.044,-2.986],[-42.065,-3.014],[-42.084,-3.023],[-42.12,-3.038],[-42.13,-3.041],[-42.151,-3.057],[-42.167,-3.06],[-42.183,-3.064],[-42.191,-3.069],[-42.205,-3.068],[-42.225,-3.077],[-42.234,-3.077],[-42.247,-3.078],[-42.269,-3.077],[-42.309,-3.092],[-42.265,-3.01],[-42.245,-2.974],[-42.22,-2.926],[-42.217,-2.921],[-42.209,-2.905],[-42.174,-2.84],[-42.173,-2.836],[-42.179,-2.831],[-42.176,-2.824],[-42.172,-2.824],[-42.174,-2.816],[-42.169,-2.811],[-42.145,-2.801],[-42.127,-2.801],[-42.128,-2.792],[-42.122,-2.777],[-42.126,-2.772],[-42.126,-2.765],[-42.116,-2.756],[-42.101,-2.756],[-42.092,-2.765],[-42.085,-2.779],[-42.081,-2.8]]]}},{"type":"Feature","properties":{"id":"2100204","nome":"Alc\u00e2ntara"},"geometry":{"type":"Polygon","coordinates":[[[-44.449,-2.131],[-44.451,-2.134],[-44.458,-2.134],[-44.456,-2.131],[-44.449,-2.131]],[[-44.5,-2.1],[-44.499,-2.141],[-44.491,-2.137],[-44.471,-2.14],[-44.449,-2.152],[-44.434,-2.167],[-44.429,-2.178],[-44.432,-2.177],[-44.436,-2.181],[-44.439,-2.19],[-44.444,-2.193],[-44.438,-2.191],[-44.435,-2.184],[-44.431,-2.183],[-44.418,-2.19],[-44.407,-2.205],[-44.396,-2.213],[-44.41,-2.22],[-44.41,-2.229],[-44.413,-2.228],[-44.415,-2.221],[-44.416,-2.228],[-44.412,-2.232],[-44.402,-2.228],[-44.403,-2.22],[-44.399,-2.218],[-44.393,-2.223],[-44.391,-2.244],[-44.378,-2.275],[-44.39,-2.274],[-44.392,-2.283],[-44.389,-2.275],[-44.376,-2.279],[-44.356,-2.326],[-44.359,-2.328],[-44.355,-2.337],[-44.362,-2.347],[-44.37,-2.352],[-44.371,-2.36],[-44.375,-2.359],[-44.377,-2.354],[-44.398,-2.354],[-44.378,-2.356],[-44.371,-2.366],[-44.37,-2.376],[-44.374,-2.391],[-44.386,-2.408],[-44.399,-2.415],[-44.403,-2.413],[-44.399,-2.408],[-44.407,-2.408],[-44.412,-2.414],[-44.374,-2.454],[-44.387,-2.478],[-44.399,-2.5],[-44.423,-2.58],[-44.426,-2.591],[-44.551,-2.603],[-44.555,-2.603],[-44.557,-2.592],[-44.577,-2.585],[-44.585,-2.578],[-44.611,-2.582],[-44.625,-2.597],[-44.639,-2.598],[-44.651,-2.606],[-44.649,-2.62],[-44.651,-2.623],[-44.662,-2.62],[-44.673,-2.628],[-44.679,-2.62],[-44.686,-2.625],[-44.692,-2.624],[-44.697,-2.638],[-44.706,-2.638],[-44.711,-2.628],[-44.712,-2.619],[-44.714,-2.577],[-44.715,-2.566],[-44.717,-2.54],[-44.719,-2.508],[-44.72,-2.489],[-44.707,-2.477],[-44.701,-2.46],[-44.689,-2.458],[-44.688,-2.458],[-44.659,-2.436],[-44.659,-2.433],[-44.666,-2.426],[-44.667,-2.421],[-44.654,-2.403],[-44.65,-2.389],[-44.647,-2.377],[-44.65,-2.367],[-44.664,-2.348],[-44.667,-2.34],[-44.665,-2.324],[-44.642,-2.293],[-44.638,-2.279],[-44.637,-2.267],[-44.632,-2.252],[-44.619,-2.234],[-44.615,-2.231],[-44.595,-2.211],[-44.555,-2.163],[-44.515,-2.116],[-44.5,-2.1]],[[-44.476,-2.096],[-44.469,-2.101],[-44.463,-2.101],[-44.468,-2.107],[-44.467,-2.121],[-44.471,-2.125],[-44.473,-2.125],[-44.472,-2.118],[-44.486,-2.112],[-44.474,-2.111],[-44.48,-2.106],[-44.476,-2.103],[-44.476,-2.096]]]}},{"type":"Feature","properties":{"id":"2100303","nome":"Aldeias Altas"},"geometry":{"type":"Polygon","coordinates":[[[-43.106,-4.482],[-43.116,-4.501],[-43.122,-4.509],[-43.125,-4.537],[-43.129,-4.539],[-43.134,-4.562],[-43.159,-4.591],[-43.204,-4.629],[-43.207,-4.636],[-43.205,-4.643],[-43.208,-4.657],[-43.211,-4.674],[-43.24,-4.696],[-43.253,-4.717],[-43.281,-4.694],[-43.298,-4.692],[-43.301,-4.684],[-43.305,-4.68],[-43.312,-4.681],[-43.341,-4.666],[-43.345,-4.659],[-43.355,-4.655],[-43.356,-4.65],[-43.365,-4.646],[-43.389,-4.637],[-43.403,-4.63],[-43.407,-4.633],[-43.421,-4.629],[-43.427,-4.638],[-43.443,-4.638],[-43.446,-4.64],[-43.451,-4.64],[-43.452,-4.645],[-43.457,-4.647],[-43.463,-4.642],[-43.478,-4.647],[-43.484,-4.661],[-43.491,-4.676],[-43.498,-4.678],[-43.499,-4.682],[-43.509,-4.683],[-43.522,-4.678],[-43.535,-4.68],[-43.553,-4.676],[-43.577,-4.663],[-43.584,-4.658],[-43.596,-4.642],[-43.614,-4.633],[-43.62,-4.617],[-43.62,-4.612],[-43.642,-4.582],[-43.659,-4.569],[-43.663,-4.56],[-43.676,-4.552],[-43.682,-4.539],[-43.69,-4.534],[-43.733,-4.491],[-43.742,-4.475],[-43.752,-4.472],[-43.75,-4.468],[-43.745,-4.467],[-43.74,-4.471],[-43.737,-4.466],[-43.734,-4.473],[-43.72,-4.468],[-43.716,-4.481],[-43.701,-4.479],[-43.702,-4.49],[-43.696,-4.492],[-43.626,-4.451],[-43.602,-4.437],[-43.546,-4.404],[-43.516,-4.387],[-43.427,-4.336],[-43.427,-4.335],[-43.417,-4.33],[-43.368,-4.302],[-43.429,-4.223],[-43.281,-4.319],[-43.214,-4.362],[-43.21,-4.365],[-43.185,-4.381],[-43.082,-4.446],[-43.091,-4.464],[-43.106,-4.482]]]}},{"type":"Feature","properties":{"id":"2100402","nome":"Altamira do Maranh\u00e3o"},"geometry":{"type":"Polygon","coordinates":[[[-45.55,-3.987],[-45.487,-4.06],[-45.473,-4.072],[-45.47,-4.069],[-45.453,-4.07],[-45.447,-4.075],[-45.44,-4.069],[-45.433,-4.071],[-45.427,-4.067],[-45.422,-4.067],[-45.426,-4.079],[-45.426,-4.088],[-45.44,-4.101],[-45.447,-4.118],[-45.445,-4.138],[-45.431,-4.141],[-45.427,-4.133],[-45.419,-4.128],[-45.408,-4.126],[-45.405,-4.116],[-45.402,-4.115],[-45.391,-4.115],[-45.385,-4.12],[-45.374,-4.117],[-45.362,-4.129],[-45.356,-4.131],[-45.364,-4.168],[-45.364,-4.169],[-45.367,-4.172],[-45.374,-4.168],[-45.387,-4.171],[-45.393,-4.18],[-45.402,-4.186],[-45.401,-4.199],[-45.408,-4.206],[-45.418,-4.251],[-45.426,-4.265],[-45.427,-4.251],[-45.438,-4.264],[-45.453,-4.277],[-45.455,-4.276],[-45.457,-4.281],[-45.467,-4.276],[-45.487,-4.279],[-45.498,-4.286],[-45.515,-4.286],[-45.521,-4.291],[-45.525,-4.292],[-45.53,-4.289],[-45.535,-4.293],[-45.537,-4.298],[-45.541,-4.297],[-45.542,-4.302],[-45.552,-4.297],[-45.558,-4.297],[-45.569,-4.291],[-45.571,-4.282],[-45.576,-4.28],[-45.58,-4.284],[-45.587,-4.28],[-45.594,-4.284],[-45.598,-4.283],[-45.607,-4.288],[-45.621,-4.276],[-45.626,-4.262],[-45.622,-4.256],[-45.624,-4.249],[-45.622,-4.242],[-45.612,-4.242],[-45.619,-4.235],[-45.605,-4.224],[-45.6,-4.226],[-45.596,-4.222],[-45.592,-4.205],[-45.595,-4.195],[-45.591,-4.181],[-45.586,-4.179],[-45.591,-4.158],[-45.578,-4.15],[-45.572,-4.142],[-45.581,-4.141],[-45.58,-4.13],[-45.585,-4.126],[-45.578,-4.12],[-45.581,-4.117],[-45.576,-4.114],[-45.581,-4.109],[-45.569,-4.1],[-45.572,-4.096],[-45.57,-4.089],[-45.565,-4.08],[-45.562,-4.08],[-45.56,-4.066],[-45.551,-4.065],[-45.551,-4.061],[-45.551,-4.057],[-45.558,-4.06],[-45.561,-4.045],[-45.567,-4.042],[-45.573,-4.02],[-45.568,-4.015],[-45.564,-3.99],[-45.561,-3.987],[-45.55,-3.987]]]}},{"type":"Feature","properties":{"id":"2100436","nome":"Alto Alegre do Maranh\u00e3o"},"geometry":{"type":"Polygon","coordinates":[[[-44.342,-4.1],[-44.316,-4.162],[-44.279,-4.251],[-44.267,-4.277],[-44.271,-4.279],[-44.284,-4.28],[-44.3,-4.269],[-44.32,-4.268],[-44.325,-4.272],[-44.334,-4.269],[-44.356,-4.268],[-44.372,-4.28],[-44.38,-4.282],[-44.385,-4.291],[-44.398,-4.295],[-44.406,-4.321],[-44.473,-4.304],[-44.477,-4.279],[-44.479,-4.246],[-44.482,-4.192],[-44.486,-4.129],[-44.471,-4.129],[-44.446,-4.129],[-44.342,-4.1]]]}},{"type":"Feature","properties":{"id":"2100477","nome":"Alto Alegre do Pindar\u00e9"},"geometry":{"type":"Polygon","coordinates":[[[-45.641,-3.625],[-45.648,-3.67],[-45.66,-3.745],[-45.67,-3.746],[-45.678,-3.758],[-45.685,-3.788],[-45.704,-3.802],[-45.717,-3.807],[-45.725,-3.811],[-45.745,-3.812],[-45.75,-3.817],[-45.749,-3.796],[-45.757,-3.792],[-45.764,-3.792],[-45.77,-3.798],[-45.768,-3.815],[-45.772,-3.823],[-45.785,-3.833],[-45.803,-3.821],[-45.807,-3.825],[-45.809,-3.819],[-45.845,-3.817],[-45.841,-3.827],[-45.846,-3.835],[-45.841,-3.846],[-45.846,-3.857],[-45.844,-3.86],[-45.847,-3.868],[-45.845,-3.873],[-45.848,-3.883],[-45.853,-3.887],[-45.871,-3.888],[-45.875,-3.892],[-45.882,-3.891],[-45.898,-3.899],[-45.904,-3.911],[-45.903,-3.918],[-45.908,-3.926],[-45.909,-3.931],[-45.905,-3.938],[-45.908,-3.938],[-45.923,-3.945],[-45.944,-3.963],[-45.962,-3.969],[-45.986,-3.985],[-46.016,-3.995],[-46.05,-4.0],[-46.083,-4.022],[-46.088,-4.023],[-46.086,-4.032],[-46.093,-4.034],[-46.093,-4.035],[-46.142,-4.123],[-46.192,-4.213],[-46.25,-4.317],[-46.254,-4.312],[-46.279,-4.297],[-46.295,-4.27],[-46.299,-4.243],[-46.283,-4.225],[-46.282,-4.215],[-46.288,-4.206],[-46.283,-4.174],[-46.281,-4.168],[-46.275,-4.163],[-46.276,-4.157],[-46.266,-4.135],[-46.267,-4.129],[-46.261,-4.128],[-46.262,-4.123],[-46.253,-4.114],[-46.25,-4.107],[-46.238,-4.089],[-46.233,-4.087],[-46.228,-4.073],[-46.212,-4.049],[-46.212,-4.04],[-46.217,-4.025],[-46.221,-4.019],[-46.225,-4.018],[-46.225,-4.01],[-46.243,-4.001],[-46.244,-3.992],[-46.248,-3.988],[-46.257,-3.992],[-46.262,-3.989],[-46.269,-3.989],[-46.258,-3.973],[-46.255,-3.96],[-46.25,-3.956],[-46.251,-3.951],[-46.224,-3.943],[-46.214,-3.934],[-46.204,-3.925],[-46.204,-3.907],[-46.203,-3.875],[-46.197,-3.87],[-46.196,-3.858],[-46.189,-3.846],[-46.182,-3.845],[-46.179,-3.818],[-46.178,-3.814],[-46.171,-3.812],[-46.163,-3.795],[-46.166,-3.788],[-46.165,-3.785],[-46.149,-3.767],[-46.139,-3.764],[-46.136,-3.756],[-46.123,-3.746],[-46.119,-3.738],[-46.11,-3.736],[-46.105,-3.728],[-46.103,-3.73],[-46.103,-3.72],[-46.1,-3.717],[-46.086,-3.72],[-46.081,-3.714],[-46.068,-3.717],[-46.061,-3.703],[-46.055,-3.701],[-46.043,-3.701],[-46.031,-3.704],[-46.026,-3.701],[-46.02,-3.703],[-46.02,-3.707],[-46.015,-3.707],[-46.005,-3.697],[-45.994,-3.693],[-45.995,-3.686],[-45.991,-3.683],[-45.978,-3.684],[-45.971,-3.69],[-45.971,-3.695],[-45.962,-3.698],[-45.954,-3.698],[-45.95,-3.705],[-45.946,-3.707],[-45.938,-3.705],[-45.94,-3.701],[-45.935,-3.7],[-45.925,-3.692],[-45.92,-3.692],[-45.912,-3.69],[-45.903,-3.68],[-45.905,-3.677],[-45.898,-3.673],[-45.887,-3.659],[-45.882,-3.658],[-45.858,-3.663],[-45.846,-3.658],[-45.84,-3.664],[-45.836,-3.659],[-45.835,-3.65],[-45.828,-3.643],[-45.808,-3.635],[-45.797,-3.638],[-45.79,-3.636],[-45.783,-3.641],[-45.769,-3.64],[-45.766,-3.645],[-45.746,-3.64],[-45.743,-3.643],[-45.74,-3.638],[-45.731,-3.635],[-45.704,-3.641],[-45.703,-3.638],[-45.693,-3.633],[-45.683,-3.639],[-45.674,-3.633],[-45.662,-3.632],[-45.659,-3.63],[-45.661,-3.626],[-45.656,-3.625],[-45.649,-3.627],[-45.643,-3.621],[-45.641,-3.625]]]}},{"type":"Feature","properties":{"id":"2100501","nome":"Alto Parna\u00edba"},"geometry":{"type":"Polygon","coordinates":[[[-46.256,-8.804],[-46.238,-8.809],[-46.2,-8.806],[-46.131,-8.837],[-46.117,-8.832],[-46.097,-8.83],[-46.097,-8.826],[-46.078,-8.813],[-46.072,-8.814],[-46.07,-8.81],[-46.063,-8.816],[-46.059,-8.813],[-46.056,-8.816],[-46.053,-8.813],[-46.054,-8.81],[-46.032,-8.807],[-46.017,-8.799],[-46.012,-8.803],[-46.009,-8.799],[-45.995,-8.799],[-45.988,-8.796],[-45.987,-8.798],[-45.981,-8.791],[-45.97,-8.79],[-45.953,-8.782],[-45.942,-8.787],[-45.938,-8.785],[-45.939,-8.795],[-45.953,-8.807],[-45.96,-8.818],[-45.958,-8.826],[-45.945,-8.831],[-45.945,-8.84],[-45.949,-8.845],[-45.957,-8.84],[-45.959,-8.851],[-45.971,-8.862],[-45.972,-8.869],[-45.967,-8.875],[-45.98,-8.884],[-45.983,-8.89],[-45.979,-8.902],[-45.986,-8.91],[-45.985,-8.918],[-45.994,-8.926],[-45.99,-8.95],[-45.98,-8.966],[-45.967,-8.979],[-45.959,-9.001],[-45.943,-9.015],[-45.945,-9.025],[-45.935,-9.039],[-45.94,-9.056],[-45.937,-9.063],[-45.929,-9.069],[-45.927,-9.08],[-45.932,-9.085],[-45.931,-9.088],[-45.923,-9.09],[-45.923,-9.1],[-45.927,-9.102],[-45.924,-9.112],[-45.927,-9.116],[-45.928,-9.134],[-45.913,-9.167],[-45.905,-9.175],[-45.897,-9.186],[-45.899,-9.191],[-45.905,-9.191],[-45.898,-9.209],[-45.903,-9.231],[-45.896,-9.235],[-45.901,-9.252],[-45.898,-9.263],[-45.903,-9.268],[-45.896,-9.281],[-45.897,-9.29],[-45.905,-9.292],[-45.907,-9.298],[-45.9,-9.313],[-45.902,-9.317],[-45.897,-9.319],[-45.896,-9.328],[-45.891,-9.331],[-45.893,-9.342],[-45.887,-9.348],[-45.879,-9.346],[-45.875,-9.353],[-45.863,-9.359],[-45.847,-9.356],[-45.824,-9.375],[-45.818,-9.389],[-45.797,-9.417],[-45.802,-9.425],[-45.801,-9.435],[-45.794,-9.438],[-45.797,-9.442],[-45.793,-9.445],[-45.794,-9.45],[-45.788,-9.458],[-45.795,-9.46],[-45.789,-9.464],[-45.789,-9.47],[-45.783,-9.479],[-45.788,-9.482],[-45.796,-9.487],[-45.798,-9.495],[-45.81,-9.503],[-45.821,-9.519],[-45.82,-9.526],[-45.832,-9.536],[-45.827,-9.546],[-45.841,-9.562],[-45.842,-9.576],[-45.833,-9.587],[-45.833,-9.59],[-45.837,-9.591],[-45.836,-9.602],[-45.825,-9.607],[-45.82,-9.618],[-45.819,-9.625],[-45.825,-9.626],[-45.825,-9.636],[-45.832,-9.653],[-45.829,-9.68],[-45.838,-9.696],[-45.828,-9.703],[-45.831,-9.713],[-45.825,-9.717],[-45.828,-9.724],[-45.82,-9.74],[-45.827,-9.746],[-45.82,-9.756],[-45.823,-9.763],[-45.821,-9.773],[-45.828,-9.791],[-45.838,-9.796],[-45.845,-9.808],[-45.851,-9.838],[-45.856,-9.842],[-45.855,-9.848],[-45.86,-9.852],[-45.866,-9.871],[-45.861,-9.874],[-45.863,-9.881],[-45.86,-9.888],[-45.858,-9.907],[-45.852,-9.919],[-45.846,-9.924],[-45.842,-9.941],[-45.849,-9.956],[-45.847,-9.962],[-45.852,-9.982],[-45.857,-9.984],[-45.854,-9.996],[-45.865,-10.007],[-45.877,-10.051],[-45.874,-10.055],[-45.88,-10.058],[-45.877,-10.063],[-45.87,-10.069],[-45.87,-10.08],[-45.874,-10.085],[-45.878,-10.11],[-45.886,-10.114],[-45.897,-10.136],[-45.9,-10.152],[-45.913,-10.158],[-45.915,-10.164],[-45.924,-10.171],[-45.931,-10.19],[-45.938,-10.19],[-45.945,-10.196],[-45.945,-10.206],[-45.955,-10.218],[-45.946,-10.258],[-45.974,-10.248],[-45.995,-10.25],[-46.004,-10.261],[-46.017,-10.24],[-46.023,-10.183],[-46.028,-10.176],[-46.039,-10.176],[-46.05,-10.181],[-46.099,-10.212],[-46.127,-10.207],[-46.14,-10.206],[-46.165,-10.213],[-46.194,-10.183],[-46.202,-10.174],[-46.21,-10.169],[-46.22,-10.17],[-46.24,-10.171],[-46.273,-10.181],[-46.301,-10.178],[-46.313,-10.172],[-46.327,-10.183],[-46.348,-10.173],[-46.367,-10.168],[-46.384,-10.12],[-46.42,-10.08],[-46.443,-10.078],[-46.457,-10.047],[-46.457,-10.018],[-46.477,-9.988],[-46.471,-9.973],[-46.477,-9.952],[-46.465,-9.937],[-46.478,-9.923],[-46.475,-9.906],[-46.47,-9.898],[-46.472,-9.877],[-46.491,-9.87],[-46.49,-9.861],[-46.48,-9.855],[-46.493,-9.849],[-46.497,-9.843],[-46.493,-9.827],[-46.508,-9.809],[-46.509,-9.801],[-46.512,-9.797],[-46.542,-9.81],[-46.562,-9.81],[-46.577,-9.805],[-46.579,-9.796],[-46.57,-9.781],[-46.569,-9.769],[-46.575,-9.758],[-46.596,-9.747],[-46.632,-9.748],[-46.642,-9.742],[-46.646,-9.733],[-46.645,-9.716],[-46.65,-9.704],[-46.653,-9.693],[-46.613,-9.665],[-46.606,-9.651],[-46.606,-9.63],[-46.592,-9.607],[-46.592,-9.587],[-46.579,-9.584],[-46.536,-9.557],[-46.54,-9.55],[-46.557,-9.539],[-46.558,-9.534],[-46.575,-9.517],[-46.575,-9.508],[-46.559,-9.493],[-46.561,-9.484],[-46.573,-9.477],[-46.594,-9.482],[-46.6,-9.47],[-46.613,-9.465],[-46.627,-9.465],[-46.64,-9.457],[-46.649,-9.444],[-46.648,-9.427],[-46.643,-9.419],[-46.632,-9.411],[-46.64,-9.399],[-46.633,-9.381],[-46.61,-9.367],[-46.613,-9.36],[-46.622,-9.353],[-46.656,-9.334],[-46.667,-9.306],[-46.668,-9.281],[-46.665,-9.275],[-46.643,-9.262],[-46.646,-9.208],[-46.637,-9.199],[-46.633,-9.182],[-46.62,-9.185],[-46.622,-9.171],[-46.617,-9.168],[-46.609,-9.158],[-46.61,-9.151],[-46.606,-9.15],[-46.605,-9.138],[-46.61,-9.119],[-46.622,-9.114],[-46.626,-9.099],[-46.61,-9.086],[-46.587,-9.084],[-46.576,-9.081],[-46.568,-9.068],[-46.554,-9.071],[-46.54,-9.057],[-46.534,-9.007],[-46.524,-8.983],[-46.523,-8.955],[-46.518,-8.942],[-46.507,-8.932],[-46.469,-8.926],[-46.43,-8.915],[-46.401,-8.897],[-46.368,-8.86],[-46.353,-8.848],[-46.349,-8.839],[-46.338,-8.828],[-46.335,-8.811],[-46.286,-8.758],[-46.261,-8.801],[-46.256,-8.804]]]}},{"type":"Feature","properties":{"id":"2100550","nome":"Amap\u00e1 do Maranh\u00e3o"},"geometry":{"type":"Polygon","coordinates":[[[-45.828,-1.608],[-45.825,-1.611],[-45.82,-1.611],[-45.822,-1.615],[-45.818,-1.617],[-45.823,-1.622],[-45.821,-1.631],[-45.825,-1.635],[-45.821,-1.647],[-45.827,-1.646],[-45.828,-1.651],[-45.842,-1.656],[-45.849,-1.663],[-45.849,-1.666],[-45.846,-1.665],[-45.847,-1.67],[-45.86,-1.681],[-45.861,-1.696],[-45.851,-1.698],[-45.855,-1.707],[-45.849,-1.715],[-45.852,-1.72],[-45.859,-1.722],[-45.861,-1.728],[-45.872,-1.749],[-45.868,-1.751],[-45.875,-1.756],[-45.867,-1.765],[-45.872,-1.784],[-45.933,-1.788],[-45.947,-1.795],[-45.995,-1.789],[-46.049,-1.747],[-46.056,-1.741],[-46.034,-1.667],[-46.024,-1.518],[-46.016,-1.523],[-46.01,-1.527],[-45.935,-1.576],[-45.828,-1.608]]]}},{"type":"Feature","properties":{"id":"2100600","nome":"Amarante do Maranh\u00e3o"},"geometry":{"type":"Polygon","coordinates":[[[-46.465,-4.851],[-46.089,-4.854],[-46.017,-4.853],[-46.01,-4.866],[-46.012,-4.886],[-46.019,-4.904],[-46.026,-4.915],[-46.026,-4.933],[-46.034,-4.938],[-46.04,-4.946],[-46.043,-4.959],[-46.052,-4.966],[-46.062,-4.981],[-46.069,-5.0],[-46.09,-5.017],[-46.114,-5.046],[-46.137,-5.055],[-46.167,-5.054],[-46.186,-5.067],[-46.19,-5.071],[-46.196,-5.091],[-46.22,-5.135],[-46.236,-5.142],[-46.278,-5.178],[-46.284,-5.185],[-46.286,-5.2],[-46.3,-5.207],[-46.313,-5.221],[-46.321,-5.264],[-46.338,-5.278],[-46.344,-5.295],[-46.348,-5.296],[-46.317,-5.361],[-46.309,-5.376],[-46.228,-5.561],[-46.215,-5.59],[-46.218,-5.591],[-46.224,-5.587],[-46.241,-5.594],[-46.243,-5.599],[-46.239,-5.612],[-46.242,-5.623],[-46.257,-5.619],[-46.266,-5.617],[-46.267,-5.62],[-46.275,-5.62],[-46.289,-5.635],[-46.302,-5.64],[-46.307,-5.648],[-46.319,-5.654],[-46.33,-5.655],[-46.334,-5.668],[-46.343,-5.668],[-46.349,-5.678],[-46.364,-5.673],[-46.375,-5.677],[-46.381,-5.696],[-46.389,-5.702],[-46.391,-5.707],[-46.392,-5.708],[-46.397,-5.716],[-46.406,-5.719],[-46.406,-5.724],[-46.437,-5.724],[-46.447,-5.733],[-46.45,-5.741],[-46.457,-5.738],[-46.462,-5.749],[-46.469,-5.751],[-46.484,-5.748],[-46.494,-5.753],[-46.5,-5.743],[-46.527,-5.738],[-46.538,-5.742],[-46.542,-5.736],[-46.549,-5.734],[-46.558,-5.734],[-46.559,-5.737],[-46.568,-5.739],[-46.587,-5.732],[-46.587,-5.739],[-46.606,-5.741],[-46.611,-5.751],[-46.621,-5.755],[-46.627,-5.756],[-46.637,-5.75],[-46.656,-5.759],[-46.657,-5.76],[-46.664,-5.762],[-46.671,-5.768],[-46.679,-5.764],[-46.682,-5.757],[-46.694,-5.743],[-46.704,-5.744],[-46.715,-5.75],[-46.722,-5.745],[-46.734,-5.75],[-46.741,-5.771],[-46.739,-5.779],[-46.756,-5.792],[-46.755,-5.798],[-46.761,-5.806],[-46.763,-5.819],[-46.774,-5.825],[-46.781,-5.827],[-46.786,-5.838],[-46.783,-5.847],[-46.786,-5.86],[-46.794,-5.871],[-46.792,-5.892],[-46.782,-5.898],[-46.791,-5.898],[-46.803,-5.891],[-46.83,-5.892],[-46.846,-5.905],[-46.859,-5.904],[-46.874,-5.911],[-46.892,-5.888],[-46.885,-5.868],[-46.889,-5.851],[-46.877,-5.828],[-46.881,-5.822],[-46.887,-5.823],[-46.895,-5.806],[-46.894,-5.791],[-46.903,-5.787],[-46.907,-5.779],[-46.9,-5.773],[-46.903,-5.767],[-46.902,-5.759],[-46.907,-5.762],[-46.917,-5.759],[-46.916,-5.756],[-46.919,-5.753],[-46.916,-5.753],[-46.915,-5.75],[-46.919,-5.745],[-46.913,-5.737],[-46.92,-5.731],[-46.918,-5.723],[-46.923,-5.717],[-46.914,-5.709],[-46.911,-5.696],[-46.92,-5.698],[-46.923,-5.692],[-46.922,-5.684],[-46.927,-5.682],[-46.927,-5.675],[-46.934,-5.67],[-46.936,-5.659],[-46.926,-5.656],[-46.933,-5.649],[-46.934,-5.634],[-46.946,-5.637],[-46.945,-5.631],[-46.948,-5.63],[-46.946,-5.625],[-46.946,-5.614],[-46.938,-5.611],[-46.947,-5.61],[-46.943,-5.599],[-46.956,-5.586],[-46.955,-5.582],[-46.95,-5.582],[-46.953,-5.577],[-46.948,-5.573],[-46.952,-5.562],[-46.946,-5.553],[-46.949,-5.536],[-46.947,-5.521],[-46.943,-5.517],[-46.944,-5.509],[-46.939,-5.51],[-46.932,-5.502],[-46.934,-5.496],[-46.931,-5.492],[-46.936,-5.485],[-46.928,-5.479],[-46.926,-5.473],[-46.932,-5.461],[-46.93,-5.454],[-46.927,-5.449],[-46.925,-5.453],[-46.919,-5.451],[-46.925,-5.445],[-46.918,-5.441],[-46.916,-5.432],[-46.91,-5.431],[-46.907,-5.423],[-46.909,-5.418],[-46.905,-5.419],[-46.901,-5.415],[-46.899,-5.386],[-46.905,-5.372],[-46.905,-5.355],[-46.901,-5.35],[-46.899,-5.34],[-46.904,-5.325],[-46.904,-5.316],[-46.912,-5.285],[-46.91,-5.28],[-46.899,-5.263],[-46.902,-5.257],[-46.895,-5.241],[-46.896,-5.233],[-46.893,-5.233],[-46.89,-5.225],[-46.885,-5.223],[-46.887,-5.205],[-46.891,-5.19],[-46.888,-5.188],[-46.889,-5.182],[-46.876,-5.17],[-46.876,-5.155],[-46.87,-5.139],[-46.874,-5.131],[-46.88,-5.127],[-46.877,-5.122],[-46.879,-5.114],[-46.875,-5.111],[-46.87,-5.097],[-46.874,-5.079],[-46.885,-5.076],[-46.887,-5.069],[-46.894,-5.06],[-46.89,-5.05],[-46.9,-5.04],[-46.898,-5.022],[-46.895,-5.018],[-46.9,-5.011],[-46.901,-4.998],[-46.906,-4.997],[-46.911,-4.986],[-46.911,-4.969],[-46.92,-4.953],[-46.913,-4.939],[-46.928,-4.92],[-46.926,-4.912],[-46.918,-4.911],[-46.928,-4.903],[-46.929,-4.889],[-46.924,-4.883],[-46.926,-4.879],[-46.919,-4.85],[-46.707,-4.85],[-46.665,-4.85],[-46.615,-4.85],[-46.524,-4.851],[-46.465,-4.851]]]}},{"type":"Feature","properties":{"id":"2100709","nome":"Anajatuba"},"geometry":{"type":"Polygon","coordinates":[[[-44.555,-3.05],[-44.541,-3.064],[-44.54,-3.073],[-44.531,-3.083],[-44.526,-3.082],[-44.523,-3.097],[-44.514,-3.097],[-44.502,-3.115],[-44.402,-3.187],[-44.399,-3.19],[-44.399,-3.209],[-44.404,-3.207],[-44.411,-3.213],[-44.422,-3.205],[-44.423,-3.211],[-44.428,-3.21],[-44.441,-3.22],[-44.443,-3.223],[-44.432,-3.241],[-44.424,-3.239],[-44.418,-3.242],[-44.426,-3.253],[-44.429,-3.256],[-44.442,-3.273],[-44.452,-3.265],[-44.466,-3.264],[-44.468,-3.267],[-44.463,-3.268],[-44.458,-3.275],[-44.459,-3.294],[-44.456,-3.297],[-44.469,-3.315],[-44.471,-3.318],[-44.488,-3.307],[-44.492,-3.315],[-44.497,-3.325],[-44.496,-3.327],[-44.49,-3.345],[-44.518,-3.383],[-44.531,-3.397],[-44.584,-3.45],[-44.594,-3.445],[-44.595,-3.445],[-44.633,-3.425],[-44.692,-3.379],[-44.718,-3.341],[-44.748,-3.298],[-44.749,-3.281],[-44.763,-3.267],[-44.779,-3.226],[-44.776,-3.213],[-44.766,-3.206],[-44.699,-3.184],[-44.689,-3.175],[-44.674,-3.152],[-44.661,-3.143],[-44.657,-3.138],[-44.61,-3.086],[-44.598,-3.073],[-44.58,-3.051],[-44.569,-3.053],[-44.555,-3.05]]]}},{"type":"Feature","properties":{"id":"2100808","nome":"Anapurus"},"geometry":{"type":"Polygon","coordinates":[[[-43.179,-3.446],[-43.17,-3.449],[-43.156,-3.447],[-43.151,-3.462],[-43.144,-3.466],[-43.136,-3.466],[-43.13,-3.472],[-43.129,-3.477],[-43.092,-3.465],[-43.052,-3.452],[-42.965,-3.422],[-42.974,-3.428],[-42.973,-3.437],[-42.98,-3.448],[-42.979,-3.461],[-42.988,-3.471],[-42.97,-3.486],[-42.984,-3.499],[-42.996,-3.503],[-42.995,-3.504],[-42.984,-3.511],[-42.98,-3.521],[-42.981,-3.53],[-42.975,-3.536],[-42.976,-3.543],[-42.978,-3.548],[-42.983,-3.546],[-42.988,-3.553],[-42.994,-3.563],[-43.004,-3.569],[-42.997,-3.576],[-43.001,-3.587],[-42.996,-3.592],[-43.001,-3.598],[-42.995,-3.599],[-42.994,-3.604],[-42.983,-3.614],[-42.986,-3.636],[-42.993,-3.642],[-42.996,-3.654],[-43.007,-3.678],[-43.015,-3.685],[-43.012,-3.689],[-43.015,-3.693],[-43.008,-3.727],[-43.017,-3.738],[-43.123,-3.69],[-43.123,-3.681],[-43.121,-3.67],[-43.115,-3.657],[-43.113,-3.637],[-43.109,-3.63],[-43.106,-3.623],[-43.087,-3.584],[-43.089,-3.573],[-43.092,-3.571],[-43.092,-3.548],[-43.096,-3.537],[-43.103,-3.53],[-43.11,-3.523],[-43.114,-3.527],[-43.124,-3.524],[-43.131,-3.531],[-43.13,-3.54],[-43.135,-3.551],[-43.14,-3.55],[-43.147,-3.558],[-43.149,-3.553],[-43.171,-3.553],[-43.184,-3.542],[-43.187,-3.539],[-43.182,-3.533],[-43.193,-3.517],[-43.212,-3.526],[-43.222,-3.52],[-43.239,-3.541],[-43.259,-3.543],[-43.267,-3.551],[-43.275,-3.551],[-43.279,-3.555],[-43.284,-3.551],[-43.295,-3.55],[-43.298,-3.546],[-43.306,-3.544],[-43.311,-3.537],[-43.269,-3.452],[-43.235,-3.385],[-43.215,-3.394],[-43.207,-3.41],[-43.179,-3.446]]]}},{"type":"Feature","properties":{"id":"2100832","nome":"Apicum-A\u00e7u"},"geometry":{"type":"Polygon","coordinates":[[[-45.132,-1.488],[-45.135,-1.494],[-45.136,-1.489],[-45.133,-1.485],[-45.132,-1.488]],[[-45.134,-1.469],[-45.137,-1.476],[-45.138,-1.466],[-45.134,-1.469]],[[-45.07,-1.466],[-45.074,-1.475],[-45.095,-1.471],[-45.091,-1.451],[-45.072,-1.458],[-45.07,-1.466]],[[-45.079,-1.419],[-45.082,-1.441],[-45.088,-1.438],[-45.089,-1.432],[-45.087,-1.422],[-45.079,-1.419]],[[-45.104,-1.402],[-45.106,-1.406],[-45.109,-1.401],[-45.104,-1.402]],[[-45.107,-1.392],[-45.108,-1.397],[-45.112,-1.392],[-45.107,-1.392]],[[-45.11,-1.385],[-45.114,-1.385],[-45.112,-1.382],[-45.11,-1.385]],[[-45.079,-1.392],[-45.093,-1.432],[-45.097,-1.419],[-45.087,-1.403],[-45.078,-1.376],[-45.078,-1.37],[-45.068,-1.367],[-45.065,-1.371],[-45.069,-1.375],[-45.068,-1.385],[-45.079,-1.392]],[[-45.104,-1.491],[-45.109,-1.496],[-45.102,-1.492],[-45.094,-1.497],[-45.093,-1.503],[-45.097,-1.513],[-45.092,-1.504],[-45.086,-1.504],[-45.09,-1.502],[-45.09,-1.496],[-45.1,-1.49],[-45.1,-1.479],[-45.093,-1.476],[-45.079,-1.48],[-45.073,-1.477],[-45.08,-1.483],[-45.093,-1.486],[-45.08,-1.485],[-45.078,-1.487],[-45.069,-1.476],[-45.068,-1.458],[-45.079,-1.44],[-45.07,-1.424],[-45.065,-1.427],[-45.061,-1.44],[-45.072,-1.44],[-45.063,-1.444],[-45.072,-1.445],[-45.069,-1.452],[-45.066,-1.449],[-45.067,-1.455],[-45.064,-1.455],[-45.063,-1.466],[-45.065,-1.502],[-45.076,-1.517],[-45.074,-1.515],[-45.064,-1.504],[-45.063,-1.481],[-45.054,-1.478],[-45.042,-1.489],[-45.039,-1.5],[-45.039,-1.49],[-45.02,-1.49],[-45.015,-1.483],[-45.004,-1.481],[-44.996,-1.487],[-44.987,-1.502],[-44.971,-1.504],[-44.956,-1.526],[-44.941,-1.55],[-44.944,-1.562],[-44.95,-1.567],[-44.973,-1.578],[-44.989,-1.581],[-45.0,-1.574],[-45.006,-1.576],[-45.015,-1.59],[-45.025,-1.593],[-45.031,-1.598],[-45.04,-1.597],[-45.049,-1.605],[-45.053,-1.599],[-45.073,-1.606],[-45.079,-1.615],[-45.078,-1.624],[-45.11,-1.642],[-45.121,-1.644],[-45.13,-1.628],[-45.138,-1.627],[-45.154,-1.617],[-45.167,-1.599],[-45.169,-1.591],[-45.148,-1.586],[-45.148,-1.574],[-45.157,-1.562],[-45.159,-1.544],[-45.165,-1.54],[-45.169,-1.531],[-45.173,-1.542],[-45.179,-1.538],[-45.18,-1.523],[-45.175,-1.509],[-45.17,-1.508],[-45.173,-1.498],[-45.168,-1.49],[-45.161,-1.487],[-45.162,-1.479],[-45.157,-1.471],[-45.151,-1.468],[-45.151,-1.461],[-45.151,-1.465],[-45.147,-1.466],[-45.143,-1.463],[-45.142,-1.475],[-45.136,-1.483],[-45.143,-1.491],[-45.138,-1.491],[-45.136,-1.502],[-45.127,-1.507],[-45.145,-1.523],[-45.139,-1.521],[-45.126,-1.511],[-45.13,-1.529],[-45.127,-1.544],[-45.123,-1.547],[-45.113,-1.545],[-45.107,-1.548],[-45.115,-1.542],[-45.122,-1.545],[-45.127,-1.54],[-45.128,-1.529],[-45.122,-1.514],[-45.126,-1.496],[-45.125,-1.475],[-45.13,-1.459],[-45.122,-1.452],[-45.119,-1.439],[-45.113,-1.436],[-45.114,-1.433],[-45.105,-1.415],[-45.104,-1.415],[-45.102,-1.406],[-45.111,-1.38],[-45.106,-1.372],[-45.105,-1.363],[-45.101,-1.36],[-45.093,-1.369],[-45.097,-1.384],[-45.093,-1.39],[-45.097,-1.396],[-45.104,-1.426],[-45.095,-1.457],[-45.098,-1.471],[-45.104,-1.479],[-45.104,-1.491]]]}},{"type":"Feature","properties":{"id":"2100873","nome":"Araguan\u00e3"},"geometry":{"type":"Polygon","coordinates":[[[-45.638,-2.902],[-45.624,-3.053],[-45.639,-3.083],[-45.642,-3.119],[-45.711,-3.101],[-45.757,-3.179],[-45.78,-3.216],[-45.782,-3.238],[-45.805,-3.232],[-45.926,-3.236],[-45.931,-3.221],[-45.95,-3.187],[-45.95,-3.174],[-45.937,-3.161],[-45.92,-3.13],[-45.921,-3.107],[-45.93,-3.095],[-45.915,-3.057],[-45.911,-3.053],[-45.91,-3.037],[-45.902,-3.027],[-45.899,-3.014],[-45.891,-3.009],[-45.89,-3.003],[-45.881,-3.003],[-45.88,-3.005],[-45.87,-3.0],[-45.868,-2.997],[-45.872,-2.992],[-45.847,-2.988],[-45.849,-2.977],[-45.839,-2.974],[-45.838,-2.981],[-45.835,-2.981],[-45.831,-2.973],[-45.836,-2.962],[-45.832,-2.956],[-45.828,-2.957],[-45.824,-2.958],[-45.82,-2.964],[-45.82,-2.971],[-45.813,-2.966],[-45.809,-2.967],[-45.804,-2.984],[-45.799,-2.986],[-45.794,-2.967],[-45.789,-2.972],[-45.782,-2.959],[-45.791,-2.956],[-45.791,-2.948],[-45.771,-2.948],[-45.757,-2.96],[-45.747,-2.952],[-45.744,-2.964],[-45.74,-2.967],[-45.739,-2.963],[-45.743,-2.955],[-45.738,-2.951],[-45.746,-2.938],[-45.74,-2.926],[-45.736,-2.926],[-45.733,-2.937],[-45.717,-2.942],[-45.715,-2.948],[-45.709,-2.949],[-45.703,-2.942],[-45.694,-2.947],[-45.69,-2.94],[-45.674,-2.931],[-45.669,-2.936],[-45.667,-2.949],[-45.658,-2.938],[-45.658,-2.934],[-45.668,-2.922],[-45.669,-2.908],[-45.655,-2.917],[-45.643,-2.91],[-45.653,-2.899],[-45.657,-2.886],[-45.651,-2.884],[-45.638,-2.902]]]}},{"type":"Feature","properties":{"id":"2100907","nome":"Araioses"},"geometry":{"type":"Polygon","coordinates":[[[-42.212,-2.684],[-42.157,-2.695],[-42.111,-2.693],[-42.083,-2.687],[-42.064,-2.686],[-42.05,-2.689],[-42.05,-2.692],[-42.059,-2.693],[-42.057,-2.703],[-42.03,-2.744],[-42.025,-2.758],[-42.023,-2.757],[-42.016,-2.744],[-42.012,-2.732],[-42.016,-2.723],[-42.016,-2.716],[-42.004,-2.715],[-41.974,-2.723],[-41.962,-2.722],[-41.954,-2.718],[-41.914,-2.721],[-41.911,-2.718],[-41.894,-2.717],[-41.859,-2.723],[-41.823,-2.719],[-41.82,-2.724],[-41.829,-2.722],[-41.814,-2.739],[-41.824,-2.756],[-41.849,-2.773],[-41.846,-2.805],[-41.841,-2.818],[-41.842,-2.823],[-41.862,-2.831],[-41.86,-2.854],[-41.865,-2.878],[-41.835,-2.915],[-41.807,-2.938],[-41.8,-2.949],[-41.799,-2.951],[-41.796,-2.959],[-41.796,-2.968],[-41.81,-2.98],[-41.817,-2.992],[-41.82,-3.013],[-41.824,-3.024],[-41.83,-3.031],[-41.861,-3.047],[-41.867,-3.055],[-41.869,-3.06],[-41.88,-3.079],[-41.897,-3.096],[-41.899,-3.097],[-41.913,-3.099],[-41.922,-3.108],[-41.926,-3.115],[-41.924,-3.137],[-41.936,-3.151],[-41.937,-3.156],[-41.939,-3.187],[-41.943,-3.189],[-41.956,-3.178],[-41.964,-3.179],[-41.971,-3.192],[-41.974,-3.213],[-41.979,-3.218],[-41.983,-3.223],[-42.106,-3.212],[-42.148,-3.208],[-42.156,-3.207],[-42.197,-3.203],[-42.245,-3.199],[-42.264,-3.166],[-42.265,-3.165],[-42.271,-3.155],[-42.309,-3.092],[-42.269,-3.077],[-42.247,-3.078],[-42.234,-3.077],[-42.225,-3.077],[-42.205,-3.068],[-42.191,-3.069],[-42.183,-3.064],[-42.167,-3.06],[-42.151,-3.057],[-42.13,-3.041],[-42.12,-3.038],[-42.084,-3.023],[-42.065,-3.014],[-42.044,-2.986],[-42.052,-2.985],[-42.079,-2.992],[-42.095,-2.988],[-42.111,-2.99],[-42.127,-2.987],[-42.128,-2.971],[-42.124,-2.966],[-42.129,-2.947],[-42.135,-2.941],[-42.126,-2.939],[-42.115,-2.929],[-42.101,-2.922],[-42.078,-2.918],[-42.083,-2.913],[-42.086,-2.892],[-42.096,-2.876],[-42.095,-2.874],[-42.095,-2.873],[-42.095,-2.864],[-42.091,-2.852],[-42.093,-2.843],[-42.088,-2.836],[-42.081,-2.835],[-42.08,-2.82],[-42.073,-2.817],[-42.071,-2.813],[-42.081,-2.8],[-42.085,-2.779],[-42.092,-2.765],[-42.101,-2.756],[-42.116,-2.756],[-42.118,-2.745],[-42.13,-2.74],[-42.136,-2.73],[-42.149,-2.721],[-42.199,-2.708],[-42.212,-2.701],[-42.213,-2.691],[-42.221,-2.69],[-42.212,-2.684]]]}},{"type":"Feature","properties":{"id":"2100956","nome":"Arame"},"geometry":{"type":"Polygon","coordinates":[[[-45.925,-4.7],[-45.916,-4.715],[-45.909,-4.714],[-45.906,-4.719],[-45.899,-4.72],[-45.866,-4.745],[-45.854,-4.75],[-45.845,-4.757],[-45.844,-4.767],[-45.825,-4.772],[-45.808,-4.789],[-45.796,-4.788],[-45.783,-4.795],[-45.775,-4.809],[-45.782,-4.826],[-45.778,-4.835],[-45.798,-4.834],[-45.798,-4.842],[-45.792,-4.853],[-45.715,-4.855],[-45.711,-4.856],[-45.516,-4.861],[-45.479,-4.862],[-45.472,-4.869],[-45.478,-4.869],[-45.478,-4.876],[-45.48,-4.873],[-45.49,-4.872],[-45.493,-4.867],[-45.495,-4.871],[-45.496,-4.868],[-45.509,-4.867],[-45.519,-4.889],[-45.529,-4.89],[-45.531,-4.894],[-45.543,-4.894],[-45.547,-4.898],[-45.546,-4.902],[-45.55,-4.903],[-45.557,-4.915],[-45.554,-4.92],[-45.565,-4.924],[-45.565,-4.932],[-45.561,-4.933],[-45.566,-4.946],[-45.578,-4.959],[-45.58,-4.97],[-45.583,-4.969],[-45.584,-4.973],[-45.596,-4.976],[-45.599,-4.982],[-45.597,-4.986],[-45.604,-4.992],[-45.62,-4.987],[-45.629,-4.994],[-45.63,-5.002],[-45.647,-5.004],[-45.649,-5.009],[-45.655,-5.013],[-45.654,-5.018],[-45.658,-5.025],[-45.67,-5.03],[-45.674,-5.029],[-45.684,-5.039],[-45.708,-5.042],[-45.709,-5.047],[-45.711,-5.044],[-45.714,-5.047],[-45.715,-5.041],[-45.719,-5.042],[-45.724,-5.047],[-45.722,-5.05],[-45.725,-5.051],[-45.726,-5.059],[-45.732,-5.063],[-45.739,-5.078],[-45.739,-5.075],[-45.744,-5.075],[-45.743,-5.078],[-45.749,-5.072],[-45.755,-5.084],[-45.753,-5.085],[-45.754,-5.092],[-45.76,-5.096],[-45.768,-5.113],[-45.774,-5.112],[-45.777,-5.119],[-45.782,-5.118],[-45.781,-5.119],[-45.785,-5.123],[-45.791,-5.118],[-45.797,-5.124],[-45.799,-5.128],[-45.796,-5.131],[-45.797,-5.138],[-45.795,-5.138],[-45.797,-5.141],[-45.793,-5.146],[-45.794,-5.151],[-45.801,-5.161],[-45.806,-5.159],[-45.813,-5.163],[-45.813,-5.174],[-45.819,-5.174],[-45.817,-5.178],[-45.82,-5.184],[-45.823,-5.184],[-45.822,-5.189],[-45.831,-5.19],[-45.836,-5.2],[-45.842,-5.201],[-45.839,-5.206],[-45.848,-5.207],[-45.849,-5.211],[-45.855,-5.205],[-45.865,-5.234],[-45.87,-5.232],[-45.871,-5.235],[-45.873,-5.23],[-45.878,-5.238],[-45.881,-5.236],[-45.88,-5.239],[-45.888,-5.241],[-45.889,-5.248],[-45.897,-5.249],[-45.905,-5.254],[-45.907,-5.263],[-45.911,-5.264],[-45.907,-5.269],[-45.916,-5.282],[-45.923,-5.283],[-45.924,-5.287],[-45.932,-5.287],[-45.928,-5.299],[-45.93,-5.306],[-45.933,-5.313],[-45.937,-5.313],[-45.943,-5.323],[-45.956,-5.33],[-45.959,-5.328],[-45.973,-5.338],[-45.986,-5.332],[-45.987,-5.355],[-45.994,-5.358],[-46.003,-5.364],[-46.007,-5.373],[-46.007,-5.382],[-46.012,-5.381],[-46.023,-5.388],[-46.026,-5.398],[-46.031,-5.4],[-46.051,-5.381],[-46.055,-5.371],[-46.064,-5.369],[-46.069,-5.361],[-46.084,-5.359],[-46.096,-5.352],[-46.101,-5.343],[-46.141,-5.332],[-46.157,-5.346],[-46.164,-5.324],[-46.177,-5.315],[-46.19,-5.314],[-46.195,-5.323],[-46.204,-5.325],[-46.236,-5.346],[-46.249,-5.351],[-46.276,-5.351],[-46.281,-5.359],[-46.309,-5.376],[-46.317,-5.361],[-46.348,-5.296],[-46.344,-5.295],[-46.338,-5.278],[-46.321,-5.264],[-46.313,-5.221],[-46.3,-5.207],[-46.286,-5.2],[-46.284,-5.185],[-46.278,-5.178],[-46.236,-5.142],[-46.22,-5.135],[-46.196,-5.091],[-46.19,-5.071],[-46.186,-5.067],[-46.167,-5.054],[-46.137,-5.055],[-46.114,-5.046],[-46.09,-5.017],[-46.069,-5.0],[-46.062,-4.981],[-46.052,-4.966],[-46.043,-4.959],[-46.04,-4.946],[-46.034,-4.938],[-46.026,-4.933],[-46.026,-4.915],[-46.019,-4.904],[-46.012,-4.886],[-46.01,-4.866],[-46.017,-4.853],[-46.027,-4.836],[-46.028,-4.804],[-46.032,-4.796],[-46.03,-4.779],[-46.036,-4.765],[-46.034,-4.752],[-46.029,-4.737],[-46.008,-4.707],[-46.0,-4.708],[-45.992,-4.714],[-45.988,-4.73],[-45.979,-4.73],[-45.967,-4.719],[-45.958,-4.694],[-45.959,-4.681],[-45.955,-4.675],[-45.939,-4.693],[-45.936,-4.7],[-45.925,-4.7]]]}},{"type":"Feature","properties":{"id":"2101004","nome":"Arari"},"geometry":{"type":"Polygon","coordinates":[[[-44.853,-3.29],[-44.851,-3.296],[-44.844,-3.29],[-44.828,-3.289],[-44.81,-3.269],[-44.801,-3.273],[-44.791,-3.295],[-44.766,-3.305],[-44.748,-3.298],[-44.718,-3.341],[-44.692,-3.379],[-44.633,-3.425],[-44.595,-3.445],[-44.594,-3.445],[-44.599,-3.457],[-44.607,-3.475],[-44.611,-3.482],[-44.622,-3.487],[-44.625,-3.492],[-44.619,-3.577],[-44.619,-3.578],[-44.61,-3.659],[-44.61,-3.669],[-44.61,-3.736],[-44.61,-3.755],[-44.61,-3.828],[-44.61,-3.839],[-44.613,-3.835],[-44.634,-3.833],[-44.638,-3.818],[-44.642,-3.816],[-44.649,-3.819],[-44.649,-3.822],[-44.657,-3.82],[-44.652,-3.811],[-44.66,-3.809],[-44.662,-3.806],[-44.65,-3.8],[-44.657,-3.792],[-44.657,-3.785],[-44.666,-3.786],[-44.668,-3.781],[-44.671,-3.781],[-44.669,-3.777],[-44.674,-3.779],[-44.68,-3.765],[-44.684,-3.764],[-44.689,-3.771],[-44.69,-3.768],[-44.702,-3.768],[-44.702,-3.761],[-44.702,-3.756],[-44.712,-3.747],[-44.713,-3.744],[-44.708,-3.741],[-44.719,-3.734],[-44.724,-3.737],[-44.724,-3.725],[-44.739,-3.732],[-44.741,-3.723],[-44.745,-3.729],[-44.751,-3.73],[-44.748,-3.723],[-44.754,-3.719],[-44.746,-3.716],[-44.744,-3.71],[-44.738,-3.71],[-44.743,-3.705],[-44.742,-3.698],[-44.728,-3.697],[-44.735,-3.691],[-44.758,-3.686],[-44.751,-3.682],[-44.754,-3.676],[-44.761,-3.675],[-44.769,-3.679],[-44.775,-3.677],[-44.777,-3.692],[-44.774,-3.697],[-44.781,-3.704],[-44.786,-3.703],[-44.787,-3.703],[-44.792,-3.7],[-44.789,-3.694],[-44.793,-3.69],[-44.799,-3.695],[-44.794,-3.701],[-44.806,-3.705],[-44.812,-3.694],[-44.807,-3.688],[-44.813,-3.688],[-44.817,-3.678],[-44.818,-3.673],[-44.815,-3.672],[-44.806,-3.681],[-44.805,-3.68],[-44.805,-3.672],[-44.81,-3.665],[-44.795,-3.671],[-44.793,-3.656],[-44.805,-3.65],[-44.814,-3.639],[-44.815,-3.626],[-44.805,-3.617],[-44.803,-3.61],[-44.808,-3.594],[-44.813,-3.592],[-44.817,-3.595],[-44.829,-3.584],[-44.833,-3.584],[-44.841,-3.587],[-44.851,-3.572],[-44.853,-3.567],[-44.839,-3.573],[-44.832,-3.548],[-44.823,-3.539],[-44.823,-3.534],[-44.828,-3.531],[-44.839,-3.539],[-44.836,-3.526],[-44.843,-3.528],[-44.847,-3.524],[-44.854,-3.498],[-44.844,-3.484],[-44.831,-3.482],[-44.83,-3.466],[-44.819,-3.473],[-44.827,-3.454],[-44.837,-3.424],[-44.863,-3.346],[-44.862,-3.328],[-44.878,-3.298],[-44.871,-3.292],[-44.872,-3.283],[-44.868,-3.279],[-44.873,-3.276],[-44.871,-3.272],[-44.875,-3.266],[-44.873,-3.262],[-44.86,-3.266],[-44.855,-3.276],[-44.839,-3.277],[-44.853,-3.29]]]}},{"type":"Feature","properties":{"id":"2101103","nome":"Axix\u00e1"},"geometry":{"type":"Polygon","coordinates":[[[-44.068,-2.778],[-44.074,-2.795],[-44.072,-2.805],[-44.065,-2.808],[-44.05,-2.808],[-44.051,-2.836],[-44.051,-2.841],[-44.053,-2.848],[-44.05,-2.861],[-44.05,-2.866],[-44.044,-2.867],[-44.047,-2.871],[-44.062,-2.878],[-44.068,-2.891],[-44.062,-2.899],[-44.062,-2.906],[-44.068,-2.913],[-44.088,-2.92],[-44.106,-2.934],[-44.115,-2.935],[-44.136,-2.947],[-44.148,-2.943],[-44.141,-2.937],[-44.146,-2.921],[-44.136,-2.912],[-44.127,-2.9],[-44.129,-2.89],[-44.14,-2.873],[-44.139,-2.864],[-44.134,-2.861],[-44.127,-2.86],[-44.127,-2.856],[-44.134,-2.85],[-44.13,-2.849],[-44.129,-2.845],[-44.13,-2.83],[-44.135,-2.823],[-44.125,-2.817],[-44.125,-2.813],[-44.125,-2.8],[-44.129,-2.8],[-44.124,-2.796],[-44.128,-2.792],[-44.138,-2.793],[-44.149,-2.763],[-44.163,-2.73],[-44.136,-2.717],[-44.096,-2.688],[-44.075,-2.753],[-44.073,-2.762],[-44.071,-2.766],[-44.068,-2.778]]]}},{"type":"Feature","properties":{"id":"2101202","nome":"Bacabal"},"geometry":{"type":"Polygon","coordinates":[[[-44.614,-3.881],[-44.61,-3.9],[-44.627,-3.908],[-44.623,-3.909],[-44.621,-3.92],[-44.621,-3.924],[-44.627,-3.927],[-44.622,-3.927],[-44.622,-3.93],[-44.632,-3.934],[-44.639,-3.942],[-44.631,-3.963],[-44.63,-3.977],[-44.629,-3.981],[-44.635,-3.981],[-44.639,-3.985],[-44.634,-3.992],[-44.636,-3.998],[-44.631,-4.004],[-44.636,-4.009],[-44.63,-4.019],[-44.623,-4.021],[-44.617,-4.022],[-44.617,-4.025],[-44.626,-4.031],[-44.626,-4.028],[-44.634,-4.027],[-44.637,-4.023],[-44.643,-4.025],[-44.641,-4.02],[-44.651,-4.015],[-44.678,-4.017],[-44.7,-4.027],[-44.705,-4.026],[-44.707,-4.03],[-44.714,-4.027],[-44.724,-4.04],[-44.736,-4.025],[-44.741,-4.037],[-44.733,-4.047],[-44.733,-4.054],[-44.738,-4.055],[-44.746,-4.062],[-44.741,-4.068],[-44.737,-4.068],[-44.745,-4.077],[-44.75,-4.072],[-44.756,-4.073],[-44.752,-4.086],[-44.758,-4.09],[-44.754,-4.095],[-44.718,-4.094],[-44.667,-4.094],[-44.629,-4.093],[-44.601,-4.093],[-44.512,-4.091],[-44.472,-4.091],[-44.471,-4.129],[-44.486,-4.129],[-44.482,-4.192],[-44.479,-4.246],[-44.477,-4.279],[-44.573,-4.279],[-44.622,-4.28],[-44.656,-4.28],[-44.74,-4.28],[-44.749,-4.287],[-44.75,-4.289],[-44.776,-4.309],[-44.802,-4.329],[-44.873,-4.384],[-44.872,-4.375],[-44.88,-4.352],[-44.944,-4.335],[-44.973,-4.327],[-45.017,-4.315],[-45.021,-4.314],[-45.081,-4.298],[-45.083,-4.287],[-45.077,-4.272],[-45.077,-4.25],[-45.063,-4.244],[-45.03,-4.22],[-44.961,-4.171],[-44.986,-4.151],[-45.002,-4.116],[-45.011,-4.114],[-44.946,-4.113],[-44.846,-4.113],[-44.842,-4.113],[-44.839,-4.106],[-44.844,-4.096],[-44.854,-4.092],[-44.851,-4.08],[-44.839,-4.068],[-44.833,-4.066],[-44.829,-4.076],[-44.825,-4.078],[-44.823,-4.079],[-44.823,-4.071],[-44.819,-4.067],[-44.808,-4.065],[-44.808,-4.057],[-44.801,-4.049],[-44.809,-4.036],[-44.802,-4.029],[-44.803,-4.003],[-44.791,-3.995],[-44.793,-3.979],[-44.78,-3.97],[-44.771,-3.972],[-44.768,-3.966],[-44.757,-3.949],[-44.744,-3.938],[-44.71,-3.93],[-44.708,-3.925],[-44.712,-3.924],[-44.717,-3.911],[-44.71,-3.911],[-44.702,-3.905],[-44.699,-3.888],[-44.692,-3.892],[-44.686,-3.891],[-44.68,-3.887],[-44.681,-3.883],[-44.675,-3.878],[-44.663,-3.891],[-44.658,-3.891],[-44.661,-3.885],[-44.651,-3.88],[-44.654,-3.887],[-44.649,-3.888],[-44.651,-3.877],[-44.643,-3.874],[-44.641,-3.87],[-44.645,-3.866],[-44.641,-3.856],[-44.63,-3.855],[-44.624,-3.859],[-44.625,-3.866],[-44.618,-3.866],[-44.614,-3.873],[-44.614,-3.881]]]}},{"type":"Feature","properties":{"id":"2101251","nome":"Bacabeira"},"geometry":{"type":"Polygon","coordinates":[[[-44.345,-2.765],[-44.328,-2.782],[-44.307,-2.779],[-44.281,-2.766],[-44.278,-2.778],[-44.28,-2.794],[-44.287,-2.809],[-44.306,-2.824],[-44.303,-2.828],[-44.293,-2.832],[-44.296,-2.843],[-44.294,-2.85],[-44.278,-2.843],[-44.273,-2.85],[-44.273,-2.856],[-44.276,-2.86],[-44.273,-2.872],[-44.286,-2.928],[-44.287,-2.935],[-44.292,-2.954],[-44.256,-2.967],[-44.271,-3.009],[-44.279,-3.019],[-44.284,-3.044],[-44.301,-3.03],[-44.316,-3.032],[-44.317,-3.045],[-44.323,-3.071],[-44.321,-3.079],[-44.322,-3.105],[-44.353,-3.091],[-44.38,-3.079],[-44.426,-3.058],[-44.472,-3.037],[-44.481,-3.039],[-44.494,-3.035],[-44.497,-3.03],[-44.493,-3.02],[-44.5,-3.0],[-44.473,-2.978],[-44.456,-2.959],[-44.447,-2.942],[-44.441,-2.909],[-44.439,-2.901],[-44.434,-2.8],[-44.401,-2.796],[-44.389,-2.797],[-44.388,-2.765],[-44.366,-2.756],[-44.36,-2.758],[-44.359,-2.763],[-44.345,-2.765]]]}},{"type":"Feature","properties":{"id":"2101301","nome":"Bacuri"},"geometry":{"type":"Polygon","coordinates":[[[-45.188,-1.513],[-45.184,-1.523],[-45.18,-1.523],[-45.179,-1.538],[-45.173,-1.542],[-45.169,-1.531],[-45.165,-1.54],[-45.159,-1.544],[-45.157,-1.562],[-45.148,-1.574],[-45.148,-1.586],[-45.169,-1.591],[-45.167,-1.599],[-45.154,-1.617],[-45.138,-1.627],[-45.13,-1.628],[-45.121,-1.644],[-45.11,-1.642],[-45.078,-1.624],[-45.079,-1.615],[-45.073,-1.606],[-45.053,-1.599],[-45.049,-1.605],[-45.04,-1.597],[-45.031,-1.598],[-45.025,-1.593],[-45.015,-1.59],[-45.006,-1.576],[-45.0,-1.574],[-44.989,-1.581],[-44.973,-1.578],[-44.95,-1.567],[-44.936,-1.579],[-44.938,-1.603],[-44.925,-1.605],[-44.924,-1.613],[-44.92,-1.615],[-44.915,-1.619],[-44.913,-1.628],[-44.906,-1.637],[-44.895,-1.644],[-44.897,-1.649],[-44.908,-1.658],[-44.921,-1.659],[-44.929,-1.654],[-44.955,-1.662],[-44.967,-1.661],[-44.971,-1.653],[-44.981,-1.653],[-44.985,-1.643],[-44.99,-1.64],[-45.008,-1.665],[-45.065,-1.664],[-45.091,-1.672],[-45.105,-1.68],[-45.114,-1.684],[-45.1,-1.715],[-45.089,-1.713],[-45.087,-1.723],[-45.1,-1.748],[-45.129,-1.772],[-45.128,-1.778],[-45.118,-1.785],[-45.091,-1.791],[-45.081,-1.799],[-45.083,-1.813],[-45.097,-1.822],[-45.128,-1.84],[-45.141,-1.841],[-45.153,-1.847],[-45.163,-1.845],[-45.178,-1.856],[-45.209,-1.866],[-45.221,-1.861],[-45.222,-1.856],[-45.242,-1.841],[-45.247,-1.832],[-45.248,-1.819],[-45.237,-1.794],[-45.246,-1.776],[-45.271,-1.735],[-45.291,-1.736],[-45.321,-1.745],[-45.329,-1.746],[-45.348,-1.735],[-45.338,-1.732],[-45.341,-1.712],[-45.335,-1.685],[-45.33,-1.677],[-45.32,-1.643],[-45.314,-1.608],[-45.309,-1.6],[-45.292,-1.593],[-45.286,-1.595],[-45.275,-1.611],[-45.278,-1.619],[-45.271,-1.616],[-45.263,-1.627],[-45.251,-1.623],[-45.248,-1.622],[-45.252,-1.615],[-45.253,-1.595],[-45.25,-1.585],[-45.247,-1.584],[-45.248,-1.575],[-45.235,-1.556],[-45.234,-1.549],[-45.207,-1.53],[-45.196,-1.514],[-45.194,-1.516],[-45.188,-1.513]]]}},{"type":"Feature","properties":{"id":"2101350","nome":"Bacurituba"},"geometry":{"type":"Polygon","coordinates":[[[-44.557,-2.592],[-44.555,-2.603],[-44.551,-2.603],[-44.426,-2.591],[-44.431,-2.621],[-44.43,-2.644],[-44.425,-2.685],[-44.431,-2.735],[-44.432,-2.705],[-44.439,-2.696],[-44.459,-2.685],[-44.498,-2.683],[-44.537,-2.706],[-44.548,-2.729],[-44.586,-2.767],[-44.606,-2.789],[-44.637,-2.804],[-44.639,-2.805],[-44.644,-2.803],[-44.65,-2.805],[-44.652,-2.802],[-44.656,-2.804],[-44.672,-2.79],[-44.68,-2.79],[-44.691,-2.795],[-44.714,-2.79],[-44.735,-2.791],[-44.807,-2.793],[-44.818,-2.798],[-44.826,-2.788],[-44.819,-2.777],[-44.811,-2.776],[-44.81,-2.768],[-44.811,-2.753],[-44.81,-2.744],[-44.804,-2.735],[-44.809,-2.7],[-44.796,-2.678],[-44.786,-2.669],[-44.778,-2.656],[-44.764,-2.652],[-44.737,-2.631],[-44.711,-2.628],[-44.706,-2.638],[-44.697,-2.638],[-44.692,-2.624],[-44.686,-2.625],[-44.679,-2.62],[-44.673,-2.628],[-44.662,-2.62],[-44.651,-2.623],[-44.649,-2.62],[-44.651,-2.606],[-44.639,-2.598],[-44.625,-2.597],[-44.611,-2.582],[-44.585,-2.578],[-44.577,-2.585],[-44.557,-2.592]]]}},{"type":"Feature","properties":{"id":"2101400","nome":"Balsas"},"geometry":{"type":"Polygon","coordinates":[[[-45.698,-7.43],[-45.705,-7.444],[-45.718,-7.447],[-45.741,-7.436],[-45.754,-7.45],[-45.762,-7.443],[-45.778,-7.441],[-45.783,-7.45],[-45.789,-7.452],[-45.799,-7.455],[-45.806,-7.45],[-45.813,-7.451],[-45.82,-7.46],[-45.822,-7.471],[-45.831,-7.478],[-45.829,-7.486],[-45.832,-7.488],[-45.831,-7.495],[-45.822,-7.495],[-45.816,-7.502],[-45.821,-7.511],[-45.817,-7.518],[-45.812,-7.519],[-45.818,-7.539],[-45.814,-7.546],[-45.819,-7.553],[-45.818,-7.565],[-45.814,-7.565],[-45.792,-7.583],[-45.793,-7.596],[-45.799,-7.608],[-45.798,-7.624],[-45.803,-7.636],[-45.799,-7.643],[-45.8,-7.658],[-45.794,-7.673],[-45.793,-7.72],[-45.818,-7.743],[-45.825,-7.755],[-45.844,-7.767],[-45.848,-7.781],[-45.84,-7.797],[-45.844,-7.804],[-45.859,-7.817],[-45.861,-7.827],[-45.85,-7.84],[-45.842,-7.876],[-45.845,-7.92],[-45.828,-7.948],[-45.83,-7.959],[-45.841,-7.966],[-45.845,-7.975],[-45.841,-7.979],[-45.828,-7.983],[-45.819,-7.992],[-45.817,-8.002],[-45.808,-8.003],[-45.804,-8.014],[-45.794,-8.021],[-45.788,-8.022],[-45.766,-8.047],[-45.761,-8.057],[-45.761,-8.07],[-45.771,-8.089],[-45.778,-8.102],[-45.786,-8.105],[-45.852,-8.108],[-45.867,-8.114],[-45.887,-8.13],[-45.912,-8.132],[-45.915,-8.14],[-45.913,-8.185],[-45.926,-8.197],[-45.955,-8.182],[-45.965,-8.182],[-46.002,-8.162],[-46.007,-8.152],[-46.002,-8.134],[-46.012,-8.128],[-46.02,-8.102],[-46.023,-8.092],[-46.034,-8.08],[-46.033,-8.068],[-46.045,-8.07],[-46.057,-8.065],[-46.061,-8.044],[-46.089,-8.025],[-46.097,-8.024],[-46.099,-8.026],[-46.099,-8.053],[-46.115,-8.064],[-46.144,-8.077],[-46.143,-8.093],[-46.149,-8.107],[-46.148,-8.114],[-46.132,-8.149],[-46.126,-8.202],[-46.119,-8.212],[-46.12,-8.226],[-46.107,-8.23],[-46.102,-8.235],[-46.104,-8.25],[-46.102,-8.254],[-46.106,-8.262],[-46.106,-8.296],[-46.098,-8.308],[-46.086,-8.318],[-46.082,-8.335],[-46.096,-8.359],[-46.099,-8.407],[-46.096,-8.421],[-46.096,-8.477],[-46.114,-8.518],[-46.113,-8.53],[-46.109,-8.541],[-46.115,-8.55],[-46.112,-8.578],[-46.132,-8.598],[-46.146,-8.629],[-46.175,-8.639],[-46.181,-8.65],[-46.204,-8.653],[-46.218,-8.662],[-46.238,-8.678],[-46.249,-8.714],[-46.264,-8.717],[-46.273,-8.726],[-46.286,-8.758],[-46.335,-8.811],[-46.338,-8.828],[-46.349,-8.839],[-46.353,-8.848],[-46.368,-8.86],[-46.401,-8.897],[-46.43,-8.915],[-46.469,-8.926],[-46.507,-8.932],[-46.518,-8.942],[-46.523,-8.955],[-46.524,-8.983],[-46.534,-9.007],[-46.54,-9.057],[-46.554,-9.071],[-46.568,-9.068],[-46.576,-9.081],[-46.587,-9.084],[-46.61,-9.086],[-46.626,-9.099],[-46.622,-9.114],[-46.61,-9.119],[-46.605,-9.138],[-46.606,-9.15],[-46.61,-9.151],[-46.609,-9.158],[-46.617,-9.168],[-46.622,-9.171],[-46.62,-9.185],[-46.633,-9.182],[-46.637,-9.199],[-46.646,-9.208],[-46.643,-9.262],[-46.665,-9.275],[-46.668,-9.281],[-46.667,-9.306],[-46.656,-9.334],[-46.622,-9.353],[-46.613,-9.36],[-46.61,-9.367],[-46.633,-9.381],[-46.64,-9.399],[-46.632,-9.411],[-46.651,-9.406],[-46.666,-9.392],[-46.675,-9.39],[-46.696,-9.398],[-46.723,-9.396],[-46.738,-9.404],[-46.741,-9.412],[-46.746,-9.414],[-46.761,-9.41],[-46.766,-9.401],[-46.758,-9.381],[-46.768,-9.365],[-46.779,-9.358],[-46.783,-9.351],[-46.799,-9.338],[-46.808,-9.321],[-46.813,-9.304],[-46.818,-9.303],[-46.835,-9.308],[-46.842,-9.304],[-46.847,-9.292],[-46.844,-9.284],[-46.832,-9.279],[-46.831,-9.268],[-46.822,-9.266],[-46.819,-9.26],[-46.828,-9.24],[-46.826,-9.223],[-46.819,-9.209],[-46.827,-9.194],[-46.839,-9.197],[-46.85,-9.191],[-46.852,-9.186],[-46.847,-9.168],[-46.852,-9.154],[-46.861,-9.146],[-46.891,-9.14],[-46.888,-9.128],[-46.893,-9.122],[-46.898,-9.125],[-46.906,-9.135],[-46.917,-9.132],[-46.926,-9.135],[-46.931,-9.128],[-46.931,-9.12],[-46.926,-9.117],[-46.93,-9.106],[-46.923,-9.097],[-46.93,-9.095],[-46.928,-9.092],[-46.931,-9.085],[-46.929,-9.083],[-46.919,-9.087],[-46.912,-9.082],[-46.923,-9.065],[-46.94,-9.063],[-46.976,-9.081],[-46.985,-9.076],[-46.998,-9.076],[-47.0,-9.081],[-47.007,-9.082],[-47.013,-9.078],[-47.01,-9.07],[-47.023,-9.076],[-47.034,-9.069],[-47.045,-9.068],[-47.048,-9.071],[-47.068,-9.063],[-47.068,-9.056],[-47.057,-9.053],[-47.061,-9.048],[-47.054,-9.048],[-47.054,-9.033],[-47.043,-9.026],[-47.044,-9.023],[-47.048,-9.021],[-47.048,-9.015],[-47.056,-9.018],[-47.068,-9.012],[-47.062,-9.007],[-47.044,-9.006],[-47.038,-9.001],[-47.032,-8.986],[-47.035,-8.979],[-47.031,-8.98],[-47.031,-8.988],[-47.021,-8.988],[-47.021,-8.98],[-47.015,-8.976],[-47.013,-8.966],[-47.018,-8.953],[-47.013,-8.952],[-47.011,-8.946],[-46.994,-8.945],[-46.997,-8.932],[-46.983,-8.931],[-46.982,-8.92],[-46.97,-8.914],[-46.975,-8.903],[-46.982,-8.903],[-46.986,-8.898],[-46.984,-8.894],[-46.989,-8.892],[-46.986,-8.888],[-46.993,-8.88],[-46.978,-8.867],[-46.965,-8.867],[-46.959,-8.875],[-46.956,-8.874],[-46.941,-8.859],[-46.918,-8.857],[-46.913,-8.847],[-46.918,-8.843],[-46.918,-8.839],[-46.914,-8.835],[-46.909,-8.835],[-46.907,-8.828],[-46.913,-8.822],[-46.902,-8.814],[-46.906,-8.796],[-46.903,-8.792],[-46.904,-8.778],[-46.907,-8.771],[-46.911,-8.768],[-46.909,-8.764],[-46.917,-8.762],[-46.918,-8.751],[-46.924,-8.744],[-46.931,-8.726],[-46.928,-8.723],[-46.922,-8.727],[-46.917,-8.726],[-46.914,-8.722],[-46.914,-8.708],[-46.9,-8.694],[-46.89,-8.691],[-46.887,-8.686],[-46.889,-8.669],[-46.896,-8.665],[-46.895,-8.659],[-46.903,-8.661],[-46.902,-8.653],[-46.906,-8.654],[-46.916,-8.648],[-46.911,-8.639],[-46.917,-8.633],[-46.911,-8.626],[-46.911,-8.619],[-46.907,-8.619],[-46.907,-8.614],[-46.905,-8.616],[-46.901,-8.613],[-46.905,-8.608],[-46.897,-8.606],[-46.903,-8.604],[-46.897,-8.601],[-46.901,-8.597],[-46.906,-8.595],[-46.909,-8.598],[-46.91,-8.595],[-46.916,-8.595],[-46.912,-8.591],[-46.914,-8.587],[-46.906,-8.592],[-46.9,-8.592],[-46.899,-8.588],[-46.902,-8.586],[-46.897,-8.583],[-46.897,-8.576],[-46.893,-8.578],[-46.893,-8.57],[-46.889,-8.577],[-46.883,-8.566],[-46.878,-8.572],[-46.878,-8.565],[-46.874,-8.567],[-46.876,-8.563],[-46.872,-8.562],[-46.875,-8.555],[-46.862,-8.559],[-46.858,-8.551],[-46.86,-8.545],[-46.854,-8.545],[-46.852,-8.537],[-46.846,-8.533],[-46.846,-8.532],[-46.85,-8.525],[-46.843,-8.522],[-46.852,-8.516],[-46.847,-8.511],[-46.851,-8.503],[-46.846,-8.501],[-46.847,-8.493],[-46.851,-8.489],[-46.848,-8.488],[-46.851,-8.476],[-46.841,-8.473],[-46.841,-8.465],[-46.835,-8.469],[-46.832,-8.465],[-46.828,-8.472],[-46.823,-8.474],[-46.82,-8.465],[-46.815,-8.47],[-46.796,-8.446],[-46.802,-8.444],[-46.795,-8.43],[-46.799,-8.422],[-46.798,-8.412],[-46.806,-8.399],[-46.795,-8.404],[-46.787,-8.399],[-46.785,-8.395],[-46.791,-8.386],[-46.786,-8.382],[-46.786,-8.374],[-46.782,-8.368],[-46.776,-8.368],[-46.761,-8.378],[-46.752,-8.374],[-46.74,-8.377],[-46.734,-8.385],[-46.726,-8.383],[-46.706,-8.411],[-46.699,-8.415],[-46.673,-8.414],[-46.66,-8.406],[-46.638,-8.404],[-46.626,-8.409],[-46.617,-8.421],[-46.608,-8.424],[-46.596,-8.409],[-46.578,-8.414],[-46.566,-8.402],[-46.542,-8.403],[-46.517,-8.413],[-46.514,-8.427],[-46.5,-8.428],[-46.47,-8.42],[-46.446,-8.402],[-46.438,-8.392],[-46.426,-8.377],[-46.413,-8.345],[-46.412,-8.325],[-46.421,-8.298],[-46.413,-8.285],[-46.409,-8.25],[-46.4,-8.225],[-46.402,-8.187],[-46.407,-8.176],[-46.404,-8.159],[-46.395,-8.148],[-46.402,-8.134],[-46.401,-8.112],[-46.42,-8.086],[-46.42,-8.077],[-46.404,-8.062],[-46.402,-8.055],[-46.406,-8.041],[-46.41,-8.001],[-46.405,-7.985],[-46.415,-7.973],[-46.418,-7.951],[-46.422,-7.947],[-46.442,-7.94],[-46.443,-7.932],[-46.439,-7.922],[-46.422,-7.902],[-46.424,-7.891],[-46.436,-7.872],[-46.439,-7.842],[-46.446,-7.838],[-46.457,-7.833],[-46.451,-7.818],[-46.439,-7.804],[-46.441,-7.796],[-46.468,-7.77],[-46.449,-7.745],[-46.448,-7.728],[-46.446,-7.712],[-46.418,-7.695],[-46.406,-7.605],[-46.397,-7.545],[-46.387,-7.465],[-46.333,-7.44],[-46.166,-7.365],[-46.198,-7.258],[-46.177,-7.241],[-46.077,-7.161],[-46.071,-7.159],[-46.068,-7.161],[-45.916,-7.259],[-45.87,-7.288],[-45.847,-7.304],[-45.838,-7.304],[-45.808,-7.325],[-45.773,-7.334],[-45.764,-7.342],[-45.721,-7.366],[-45.715,-7.378],[-45.702,-7.389],[-45.679,-7.392],[-45.672,-7.404],[-45.68,-7.406],[-45.687,-7.412],[-45.684,-7.422],[-45.686,-7.428],[-45.698,-7.43]]]}},{"type":"Feature","properties":{"id":"2101509","nome":"Bar\u00e3o de Graja\u00fa"},"geometry":{"type":"Polygon","coordinates":[[[-42.991,-6.745],[-43.001,-6.754],[-43.017,-6.761],[-43.033,-6.762],[-43.046,-6.761],[-43.065,-6.749],[-43.082,-6.748],[-43.105,-6.77],[-43.13,-6.781],[-43.146,-6.783],[-43.152,-6.782],[-43.168,-6.769],[-43.178,-6.766],[-43.215,-6.763],[-43.244,-6.766],[-43.251,-6.77],[-43.263,-6.786],[-43.278,-6.796],[-43.302,-6.801],[-43.349,-6.798],[-43.364,-6.819],[-43.387,-6.817],[-43.391,-6.834],[-43.399,-6.833],[-43.409,-6.841],[-43.42,-6.843],[-43.444,-6.838],[-43.454,-6.846],[-43.425,-6.712],[-43.402,-6.61],[-43.396,-6.602],[-43.381,-6.591],[-43.383,-6.563],[-43.379,-6.535],[-43.369,-6.526],[-43.375,-6.51],[-43.386,-6.494],[-43.387,-6.485],[-43.401,-6.459],[-43.412,-6.455],[-43.406,-6.45],[-43.405,-6.431],[-43.41,-6.426],[-43.407,-6.415],[-43.422,-6.4],[-43.426,-6.383],[-43.43,-6.376],[-43.41,-6.355],[-43.338,-6.347],[-43.301,-6.343],[-43.296,-6.342],[-43.241,-6.365],[-43.217,-6.375],[-43.205,-6.38],[-43.133,-6.41],[-43.129,-6.412],[-43.049,-6.445],[-42.909,-6.5],[-42.886,-6.505],[-42.885,-6.509],[-42.871,-6.512],[-42.889,-6.538],[-42.884,-6.56],[-42.884,-6.568],[-42.891,-6.582],[-42.904,-6.597],[-42.917,-6.637],[-42.915,-6.646],[-42.914,-6.653],[-42.919,-6.67],[-42.949,-6.704],[-42.962,-6.709],[-42.974,-6.714],[-42.982,-6.722],[-42.991,-6.745]]]}},{"type":"Feature","properties":{"id":"2101608","nome":"Barra do Corda"},"geometry":{"type":"Polygon","coordinates":[[[-44.951,-5.023],[-44.942,-5.025],[-44.935,-5.023],[-44.923,-5.036],[-44.892,-5.034],[-44.875,-5.042],[-44.87,-5.047],[-44.87,-5.058],[-44.857,-5.065],[-44.862,-5.077],[-44.862,-5.095],[-44.855,-5.111],[-44.857,-5.125],[-44.849,-5.125],[-44.836,-5.114],[-44.827,-5.118],[-44.821,-5.127],[-44.77,-5.16],[-44.761,-5.166],[-44.765,-5.171],[-44.758,-5.178],[-44.766,-5.184],[-44.77,-5.194],[-44.767,-5.2],[-44.768,-5.204],[-44.776,-5.201],[-44.772,-5.211],[-44.782,-5.21],[-44.79,-5.216],[-44.792,-5.214],[-44.789,-5.211],[-44.791,-5.208],[-44.799,-5.21],[-44.797,-5.215],[-44.809,-5.219],[-44.807,-5.224],[-44.813,-5.22],[-44.819,-5.228],[-44.81,-5.23],[-44.815,-5.239],[-44.812,-5.242],[-44.806,-5.24],[-44.803,-5.253],[-44.806,-5.259],[-44.8,-5.265],[-44.804,-5.267],[-44.809,-5.263],[-44.807,-5.258],[-44.815,-5.254],[-44.819,-5.256],[-44.815,-5.259],[-44.818,-5.267],[-44.821,-5.268],[-44.82,-5.271],[-44.831,-5.276],[-44.83,-5.282],[-44.837,-5.289],[-44.838,-5.301],[-44.84,-5.298],[-44.845,-5.301],[-44.85,-5.304],[-44.852,-5.316],[-44.867,-5.323],[-44.868,-5.328],[-44.863,-5.332],[-44.87,-5.343],[-44.895,-5.355],[-44.89,-5.364],[-44.893,-5.37],[-44.906,-5.368],[-44.91,-5.375],[-44.918,-5.371],[-44.92,-5.381],[-44.926,-5.387],[-44.92,-5.394],[-44.92,-5.407],[-44.923,-5.41],[-44.925,-5.405],[-44.928,-5.406],[-44.93,-5.412],[-44.928,-5.419],[-44.932,-5.422],[-44.93,-5.427],[-44.94,-5.442],[-44.933,-5.444],[-44.934,-5.45],[-44.94,-5.45],[-44.936,-5.46],[-44.942,-5.465],[-44.944,-5.481],[-44.948,-5.481],[-44.951,-5.485],[-44.952,-5.494],[-44.958,-5.494],[-44.961,-5.501],[-44.967,-5.502],[-44.966,-5.511],[-44.96,-5.516],[-44.965,-5.528],[-44.958,-5.542],[-44.959,-5.58],[-44.963,-5.602],[-44.968,-5.611],[-44.968,-5.626],[-44.958,-5.641],[-44.945,-5.647],[-44.924,-5.673],[-44.92,-5.688],[-44.924,-5.763],[-44.922,-5.77],[-44.925,-5.791],[-44.913,-5.805],[-44.912,-5.828],[-44.896,-5.841],[-44.897,-5.845],[-44.876,-5.873],[-44.874,-5.881],[-44.85,-5.9],[-44.834,-5.944],[-44.841,-5.953],[-44.843,-5.968],[-44.845,-5.977],[-44.847,-5.981],[-44.889,-6.0],[-44.936,-6.008],[-44.939,-6.009],[-45.244,-6.063],[-45.387,-6.088],[-45.388,-6.088],[-45.483,-6.105],[-45.484,-6.105],[-45.728,-6.213],[-45.745,-6.22],[-45.751,-6.223],[-45.755,-6.234],[-45.762,-6.237],[-45.782,-6.232],[-45.795,-6.237],[-45.789,-6.244],[-45.792,-6.249],[-45.814,-6.273],[-45.829,-6.276],[-45.839,-6.301],[-45.841,-6.322],[-45.847,-6.331],[-45.859,-6.332],[-45.875,-6.345],[-45.886,-6.343],[-45.881,-6.268],[-45.878,-6.261],[-45.869,-6.253],[-45.865,-6.238],[-45.869,-6.231],[-45.868,-6.212],[-45.865,-6.201],[-45.853,-6.193],[-45.848,-6.181],[-45.837,-6.177],[-45.828,-6.167],[-45.83,-6.159],[-45.817,-6.146],[-45.819,-6.135],[-45.823,-6.128],[-45.818,-6.115],[-45.819,-6.108],[-45.812,-6.103],[-45.814,-6.098],[-45.809,-6.096],[-45.807,-6.085],[-45.795,-6.083],[-45.783,-6.071],[-45.787,-6.061],[-45.781,-6.048],[-45.78,-6.038],[-45.775,-6.015],[-45.751,-5.98],[-45.68,-5.964],[-45.665,-5.966],[-45.655,-5.963],[-45.652,-5.966],[-45.643,-5.961],[-45.635,-5.962],[-45.611,-5.933],[-45.611,-5.926],[-45.606,-5.925],[-45.603,-5.919],[-45.597,-5.92],[-45.593,-5.917],[-45.589,-5.902],[-45.589,-5.887],[-45.596,-5.882],[-45.591,-5.882],[-45.593,-5.877],[-45.591,-5.876],[-45.581,-5.879],[-45.579,-5.869],[-45.584,-5.864],[-45.589,-5.869],[-45.591,-5.867],[-45.585,-5.845],[-45.594,-5.832],[-45.594,-5.827],[-45.6,-5.815],[-45.598,-5.807],[-45.604,-5.802],[-45.604,-5.796],[-45.601,-5.793],[-45.607,-5.787],[-45.608,-5.776],[-45.607,-5.776],[-45.598,-5.77],[-45.592,-5.746],[-45.587,-5.746],[-45.585,-5.737],[-45.575,-5.734],[-45.575,-5.733],[-45.573,-5.713],[-45.551,-5.711],[-45.554,-5.705],[-45.551,-5.697],[-45.553,-5.692],[-45.546,-5.69],[-45.542,-5.683],[-45.526,-5.677],[-45.52,-5.668],[-45.523,-5.662],[-45.518,-5.663],[-45.517,-5.657],[-45.511,-5.661],[-45.503,-5.656],[-45.507,-5.651],[-45.507,-5.646],[-45.498,-5.642],[-45.495,-5.635],[-45.49,-5.636],[-45.491,-5.633],[-45.488,-5.633],[-45.482,-5.621],[-45.463,-5.62],[-45.459,-5.617],[-45.454,-5.618],[-45.445,-5.613],[-45.446,-5.609],[-45.441,-5.608],[-45.44,-5.604],[-45.431,-5.609],[-45.427,-5.603],[-45.523,-5.508],[-45.462,-5.471],[-45.421,-5.446],[-45.429,-5.439],[-45.438,-5.423],[-45.442,-5.401],[-45.457,-5.387],[-45.451,-5.379],[-45.466,-5.34],[-45.467,-5.338],[-45.482,-5.303],[-45.481,-5.295],[-45.467,-5.274],[-45.459,-5.269],[-45.447,-5.276],[-45.443,-5.287],[-45.433,-5.291],[-45.426,-5.29],[-45.423,-5.285],[-45.423,-5.278],[-45.402,-5.283],[-45.382,-5.283],[-45.37,-5.279],[-45.362,-5.266],[-45.351,-5.264],[-45.347,-5.256],[-45.341,-5.253],[-45.339,-5.246],[-45.344,-5.235],[-45.36,-5.222],[-45.348,-5.206],[-45.339,-5.206],[-45.327,-5.199],[-45.326,-5.177],[-45.314,-5.163],[-45.315,-5.134],[-45.33,-5.125],[-45.325,-5.103],[-45.332,-5.104],[-45.328,-5.1],[-45.329,-5.095],[-45.345,-5.096],[-45.349,-5.083],[-45.344,-5.079],[-45.312,-5.078],[-45.304,-5.072],[-45.29,-5.068],[-45.279,-5.055],[-45.263,-5.033],[-45.26,-5.028],[-45.256,-5.03],[-45.153,-5.095],[-45.123,-5.121],[-45.122,-5.121],[-45.02,-5.209],[-45.02,-5.208],[-45.018,-5.199],[-45.012,-5.194],[-45.014,-5.192],[-45.007,-5.188],[-45.01,-5.187],[-45.007,-5.185],[-45.009,-5.18],[-45.007,-5.182],[-45.003,-5.177],[-45.006,-5.169],[-45.0,-5.163],[-44.996,-5.164],[-45.0,-5.159],[-44.997,-5.154],[-44.999,-5.151],[-44.992,-5.143],[-44.993,-5.138],[-44.99,-5.138],[-44.99,-5.131],[-44.981,-5.127],[-44.975,-5.131],[-44.97,-5.13],[-44.968,-5.117],[-44.972,-5.115],[-44.969,-5.109],[-44.964,-5.109],[-44.965,-5.104],[-44.96,-5.102],[-44.963,-5.098],[-44.966,-5.096],[-44.962,-5.092],[-44.96,-5.089],[-44.97,-5.08],[-44.963,-5.075],[-44.965,-5.069],[-44.96,-5.071],[-44.957,-5.066],[-44.959,-5.06],[-44.954,-5.058],[-44.956,-5.052],[-44.948,-5.047],[-44.943,-5.038],[-44.952,-5.037],[-44.954,-5.033],[-44.95,-5.029],[-44.951,-5.023]]]}},{"type":"Feature","properties":{"id":"2101707","nome":"Barreirinhas"},"geometry":{"type":"Polygon","coordinates":[[[-42.793,-2.56],[-42.758,-2.564],[-42.77,-2.566],[-42.761,-2.567],[-42.753,-2.566],[-42.746,-2.563],[-42.747,-2.552],[-42.751,-2.549],[-42.758,-2.558],[-42.76,-2.556],[-42.755,-2.546],[-42.75,-2.544],[-42.738,-2.567],[-42.739,-2.574],[-42.735,-2.58],[-42.721,-2.589],[-42.698,-2.591],[-42.691,-2.613],[-42.698,-2.623],[-42.704,-2.64],[-42.693,-2.65],[-42.699,-2.638],[-42.685,-2.619],[-42.693,-2.586],[-42.702,-2.577],[-42.716,-2.58],[-42.724,-2.578],[-42.725,-2.571],[-42.712,-2.566],[-42.711,-2.562],[-42.718,-2.561],[-42.724,-2.555],[-42.739,-2.559],[-42.741,-2.555],[-42.738,-2.55],[-42.71,-2.557],[-42.642,-2.626],[-42.663,-2.701],[-42.67,-2.729],[-42.677,-2.75],[-42.69,-2.799],[-42.699,-2.829],[-42.717,-2.889],[-42.725,-2.899],[-42.734,-2.9],[-42.738,-2.908],[-42.738,-2.903],[-42.75,-2.903],[-42.755,-2.915],[-42.753,-2.921],[-42.759,-2.93],[-42.76,-2.939],[-42.763,-2.957],[-42.769,-2.97],[-42.777,-3.001],[-42.763,-3.02],[-42.761,-3.03],[-42.755,-3.039],[-42.757,-3.055],[-42.764,-3.074],[-42.761,-3.079],[-42.763,-3.123],[-42.771,-3.136],[-42.798,-3.148],[-42.823,-3.213],[-42.827,-3.22],[-42.855,-3.233],[-42.974,-3.158],[-43.047,-3.112],[-43.048,-3.111],[-43.063,-3.106],[-43.093,-3.096],[-43.143,-3.08],[-43.172,-3.07],[-43.241,-3.047],[-43.319,-3.022],[-43.304,-3.018],[-43.297,-3.021],[-43.286,-3.012],[-43.263,-3.006],[-43.228,-2.984],[-43.211,-2.968],[-43.186,-2.959],[-43.156,-2.944],[-43.146,-2.943],[-43.128,-2.929],[-43.098,-2.915],[-43.093,-2.905],[-43.082,-2.897],[-43.078,-2.89],[-43.07,-2.886],[-43.089,-2.868],[-43.098,-2.854],[-43.103,-2.841],[-43.099,-2.821],[-43.105,-2.817],[-43.106,-2.809],[-43.116,-2.795],[-43.122,-2.775],[-43.095,-2.772],[-43.087,-2.764],[-43.085,-2.762],[-43.081,-2.759],[-43.066,-2.76],[-43.063,-2.754],[-43.055,-2.749],[-43.053,-2.739],[-43.045,-2.737],[-43.045,-2.73],[-43.037,-2.727],[-43.041,-2.721],[-43.035,-2.712],[-43.036,-2.704],[-43.045,-2.701],[-43.039,-2.693],[-43.03,-2.68],[-43.035,-2.672],[-43.046,-2.671],[-43.044,-2.665],[-43.036,-2.662],[-43.037,-2.653],[-43.049,-2.641],[-43.057,-2.642],[-43.067,-2.635],[-43.068,-2.626],[-43.062,-2.613],[-43.071,-2.608],[-43.057,-2.601],[-43.05,-2.585],[-43.054,-2.57],[-43.05,-2.567],[-43.049,-2.56],[-43.044,-2.562],[-43.052,-2.539],[-43.047,-2.514],[-43.043,-2.51],[-43.025,-2.509],[-43.017,-2.498],[-43.02,-2.493],[-43.019,-2.483],[-43.011,-2.466],[-43.015,-2.456],[-43.016,-2.454],[-42.988,-2.468],[-42.948,-2.482],[-42.871,-2.52],[-42.793,-2.56]]]}},{"type":"Feature","properties":{"id":"2101731","nome":"Bel\u00e1gua"},"geometry":{"type":"Polygon","coordinates":[[[-43.418,-2.996],[-43.319,-3.022],[-43.241,-3.047],[-43.257,-3.053],[-43.259,-3.066],[-43.281,-3.098],[-43.289,-3.091],[-43.314,-3.084],[-43.332,-3.075],[-43.356,-3.088],[-43.375,-3.118],[-43.387,-3.126],[-43.395,-3.127],[-43.421,-3.121],[-43.428,-3.124],[-43.444,-3.136],[-43.455,-3.15],[-43.455,-3.156],[-43.454,-3.16],[-43.475,-3.165],[-43.479,-3.169],[-43.516,-3.189],[-43.52,-3.211],[-43.543,-3.218],[-43.545,-3.218],[-43.564,-3.22],[-43.576,-3.226],[-43.581,-3.224],[-43.583,-3.217],[-43.585,-3.222],[-43.612,-3.233],[-43.606,-3.172],[-43.551,-3.136],[-43.542,-3.129],[-43.547,-3.113],[-43.571,-3.038],[-43.551,-3.021],[-43.546,-3.004],[-43.534,-3.007],[-43.523,-3.016],[-43.501,-3.017],[-43.486,-2.99],[-43.474,-2.981],[-43.463,-2.983],[-43.456,-2.984],[-43.458,-2.985],[-43.418,-2.996]]]}},{"type":"Feature","properties":{"id":"2101772","nome":"Bela Vista do Maranh\u00e3o"},"geometry":{"type":"Polygon","coordinates":[[[-45.174,-3.727],[-45.145,-3.73],[-45.146,-3.731],[-45.154,-3.73],[-45.157,-3.74],[-45.17,-3.752],[-45.181,-3.757],[-45.178,-3.762],[-45.19,-3.774],[-45.188,-3.777],[-45.197,-3.773],[-45.201,-3.775],[-45.2,-3.781],[-45.207,-3.785],[-45.218,-3.773],[-45.229,-3.776],[-45.235,-3.785],[-45.241,-3.783],[-45.256,-3.799],[-45.262,-3.8],[-45.266,-3.795],[-45.276,-3.797],[-45.284,-3.799],[-45.285,-3.804],[-45.29,-3.799],[-45.299,-3.799],[-45.309,-3.812],[-45.308,-3.819],[-45.318,-3.834],[-45.328,-3.841],[-45.325,-3.845],[-45.339,-3.849],[-45.343,-3.844],[-45.337,-3.822],[-45.326,-3.814],[-45.326,-3.794],[-45.318,-3.781],[-45.324,-3.754],[-45.322,-3.747],[-45.328,-3.73],[-45.333,-3.715],[-45.334,-3.703],[-45.329,-3.693],[-45.328,-3.692],[-45.288,-3.718],[-45.174,-3.727]]]}},{"type":"Feature","properties":{"id":"2101806","nome":"Benedito Leite"},"geometry":{"type":"Polygon","coordinates":[[[-44.378,-6.876],[-44.372,-6.882],[-44.368,-6.881],[-44.365,-6.89],[-44.352,-6.898],[-44.348,-6.906],[-44.341,-6.907],[-44.339,-6.914],[-44.329,-6.919],[-44.331,-6.923],[-44.327,-6.935],[-44.328,-6.935],[-44.328,-6.938],[-44.322,-6.937],[-44.322,-6.943],[-44.311,-6.945],[-44.305,-6.942],[-44.289,-6.957],[-44.273,-6.956],[-44.273,-6.962],[-44.267,-6.964],[-44.263,-6.972],[-44.253,-6.976],[-44.254,-6.986],[-44.248,-6.998],[-44.262,-6.998],[-44.264,-7.021],[-44.274,-7.031],[-44.279,-7.046],[-44.274,-7.071],[-44.285,-7.084],[-44.306,-7.117],[-44.315,-7.118],[-44.333,-7.108],[-44.363,-7.121],[-44.38,-7.119],[-44.391,-7.124],[-44.406,-7.131],[-44.437,-7.155],[-44.464,-7.161],[-44.486,-7.176],[-44.49,-7.182],[-44.5,-7.184],[-44.514,-7.196],[-44.522,-7.219],[-44.541,-7.226],[-44.548,-7.226],[-44.564,-7.227],[-44.568,-7.231],[-44.573,-7.248],[-44.579,-7.257],[-44.595,-7.269],[-44.596,-7.277],[-44.618,-7.309],[-44.64,-7.314],[-44.646,-7.325],[-44.656,-7.327],[-44.663,-7.331],[-44.672,-7.352],[-44.679,-7.359],[-44.688,-7.394],[-44.7,-7.395],[-44.704,-7.392],[-44.712,-7.397],[-44.729,-7.391],[-44.743,-7.361],[-44.781,-7.378],[-44.786,-7.371],[-44.816,-7.361],[-44.822,-7.377],[-44.848,-7.386],[-44.854,-7.396],[-44.852,-7.402],[-44.863,-7.411],[-44.869,-7.422],[-44.882,-7.427],[-44.896,-7.424],[-44.901,-7.426],[-44.909,-7.443],[-44.92,-7.454],[-44.924,-7.47],[-44.932,-7.472],[-44.937,-7.47],[-44.957,-7.475],[-44.969,-7.483],[-44.983,-7.482],[-44.988,-7.482],[-44.903,-7.382],[-44.808,-7.272],[-44.787,-7.248],[-44.697,-7.255],[-44.705,-7.236],[-44.693,-7.217],[-44.691,-7.199],[-44.685,-7.188],[-44.689,-7.182],[-44.698,-7.179],[-44.709,-7.189],[-44.719,-7.185],[-44.72,-7.169],[-44.717,-7.166],[-44.707,-7.168],[-44.705,-7.163],[-44.717,-7.156],[-44.717,-7.15],[-44.736,-7.149],[-44.747,-7.134],[-44.772,-7.124],[-44.782,-7.113],[-44.784,-7.102],[-44.783,-7.099],[-44.775,-7.097],[-44.772,-7.092],[-44.767,-7.093],[-44.763,-7.088],[-44.76,-7.09],[-44.754,-7.086],[-44.753,-7.075],[-44.742,-7.067],[-44.74,-7.063],[-44.727,-7.06],[-44.73,-7.055],[-44.722,-7.053],[-44.722,-7.048],[-44.71,-7.044],[-44.699,-7.011],[-44.697,-6.974],[-44.635,-6.965],[-44.625,-6.965],[-44.622,-6.961],[-44.607,-6.965],[-44.596,-6.977],[-44.586,-6.979],[-44.589,-6.983],[-44.583,-6.989],[-44.576,-6.987],[-44.578,-6.99],[-44.571,-6.993],[-44.572,-6.996],[-44.568,-6.996],[-44.567,-6.993],[-44.562,-6.997],[-44.556,-6.997],[-44.535,-7.016],[-44.518,-6.945],[-44.501,-6.895],[-44.494,-6.884],[-44.489,-6.889],[-44.471,-6.89],[-44.453,-6.897],[-44.458,-6.889],[-44.449,-6.881],[-44.44,-6.859],[-44.422,-6.846],[-44.414,-6.845],[-44.407,-6.836],[-44.394,-6.844],[-44.388,-6.844],[-44.378,-6.876]]]}},{"type":"Feature","properties":{"id":"2101905","nome":"Bequim\u00e3o"},"geometry":{"type":"Polygon","coordinates":[[[-44.697,-2.285],[-44.688,-2.287],[-44.683,-2.284],[-44.671,-2.276],[-44.642,-2.271],[-44.637,-2.267],[-44.638,-2.279],[-44.642,-2.293],[-44.665,-2.324],[-44.667,-2.34],[-44.664,-2.348],[-44.65,-2.367],[-44.647,-2.377],[-44.65,-2.389],[-44.654,-2.403],[-44.667,-2.421],[-44.666,-2.426],[-44.659,-2.433],[-44.659,-2.436],[-44.688,-2.458],[-44.689,-2.458],[-44.701,-2.46],[-44.707,-2.477],[-44.72,-2.489],[-44.719,-2.508],[-44.717,-2.54],[-44.715,-2.566],[-44.714,-2.577],[-44.712,-2.619],[-44.716,-2.615],[-44.735,-2.61],[-44.748,-2.597],[-44.746,-2.589],[-44.749,-2.585],[-44.786,-2.586],[-44.812,-2.586],[-44.813,-2.541],[-44.813,-2.537],[-44.818,-2.527],[-44.835,-2.528],[-44.833,-2.515],[-44.864,-2.518],[-44.873,-2.519],[-44.875,-2.523],[-44.905,-2.52],[-44.906,-2.52],[-44.922,-2.519],[-44.938,-2.508],[-44.955,-2.469],[-44.958,-2.462],[-44.959,-2.459],[-44.959,-2.435],[-44.955,-2.427],[-44.948,-2.424],[-44.941,-2.416],[-44.927,-2.412],[-44.925,-2.408],[-44.928,-2.403],[-44.916,-2.391],[-44.898,-2.384],[-44.889,-2.375],[-44.88,-2.377],[-44.876,-2.365],[-44.862,-2.355],[-44.867,-2.343],[-44.869,-2.337],[-44.866,-2.333],[-44.846,-2.328],[-44.845,-2.315],[-44.838,-2.313],[-44.817,-2.298],[-44.801,-2.304],[-44.773,-2.288],[-44.761,-2.27],[-44.754,-2.267],[-44.719,-2.272],[-44.697,-2.285]]]}},{"type":"Feature","properties":{"id":"2101939","nome":"Bernardo do Mearim"},"geometry":{"type":"Polygon","coordinates":[[[-44.741,-4.563],[-44.728,-4.573],[-44.728,-4.586],[-44.728,-4.614],[-44.725,-4.65],[-44.691,-4.658],[-44.664,-4.657],[-44.644,-4.648],[-44.593,-4.659],[-44.596,-4.662],[-44.592,-4.665],[-44.594,-4.672],[-44.583,-4.677],[-44.578,-4.682],[-44.585,-4.681],[-44.591,-4.693],[-44.588,-4.699],[-44.579,-4.702],[-44.575,-4.709],[-44.586,-4.718],[-44.582,-4.723],[-44.588,-4.728],[-44.574,-4.739],[-44.571,-4.75],[-44.575,-4.754],[-44.57,-4.767],[-44.573,-4.77],[-44.576,-4.766],[-44.627,-4.752],[-44.664,-4.742],[-44.735,-4.723],[-44.756,-4.717],[-44.755,-4.711],[-44.782,-4.646],[-44.798,-4.607],[-44.795,-4.593],[-44.801,-4.568],[-44.774,-4.57],[-44.766,-4.566],[-44.759,-4.565],[-44.755,-4.569],[-44.741,-4.563]]]}},{"type":"Feature","properties":{"id":"2101970","nome":"Boa Vista do Gurupi"},"geometry":{"type":"Polygon","coordinates":[[[-46.062,-1.694],[-46.068,-1.727],[-46.113,-1.819],[-46.119,-1.824],[-46.22,-1.914],[-46.227,-1.886],[-46.23,-1.883],[-46.238,-1.886],[-46.242,-1.883],[-46.243,-1.878],[-46.227,-1.855],[-46.215,-1.844],[-46.208,-1.831],[-46.215,-1.817],[-46.229,-1.8],[-46.251,-1.794],[-46.269,-1.794],[-46.283,-1.799],[-46.298,-1.794],[-46.307,-1.804],[-46.311,-1.804],[-46.315,-1.8],[-46.315,-1.798],[-46.319,-1.79],[-46.324,-1.765],[-46.314,-1.741],[-46.311,-1.733],[-46.305,-1.727],[-46.291,-1.723],[-46.261,-1.728],[-46.242,-1.717],[-46.221,-1.728],[-46.204,-1.719],[-46.2,-1.703],[-46.191,-1.704],[-46.17,-1.696],[-46.153,-1.677],[-46.153,-1.661],[-46.158,-1.653],[-46.161,-1.63],[-46.161,-1.628],[-46.16,-1.624],[-46.108,-1.645],[-46.1,-1.666],[-46.092,-1.676],[-46.068,-1.677],[-46.062,-1.694]]]}},{"type":"Feature","properties":{"id":"2102002","nome":"Bom Jardim"},"geometry":{"type":"Polygon","coordinates":[[[-45.533,-3.515],[-45.534,-3.527],[-45.529,-3.528],[-45.524,-3.54],[-45.52,-3.538],[-45.519,-3.544],[-45.519,-3.553],[-45.522,-3.551],[-45.523,-3.561],[-45.528,-3.563],[-45.516,-3.578],[-45.51,-3.579],[-45.508,-3.57],[-45.507,-3.587],[-45.503,-3.589],[-45.5,-3.601],[-45.487,-3.609],[-45.472,-3.605],[-45.463,-3.594],[-45.446,-3.596],[-45.429,-3.581],[-45.403,-3.574],[-45.399,-3.584],[-45.401,-3.595],[-45.399,-3.596],[-45.408,-3.6],[-45.394,-3.606],[-45.402,-3.612],[-45.407,-3.608],[-45.416,-3.613],[-45.42,-3.624],[-45.431,-3.626],[-45.425,-3.624],[-45.43,-3.622],[-45.425,-3.619],[-45.429,-3.615],[-45.449,-3.629],[-45.457,-3.631],[-45.463,-3.636],[-45.462,-3.644],[-45.466,-3.646],[-45.463,-3.654],[-45.466,-3.66],[-45.469,-3.661],[-45.481,-3.67],[-45.472,-3.676],[-45.485,-3.685],[-45.492,-3.687],[-45.495,-3.695],[-45.499,-3.698],[-45.505,-3.682],[-45.503,-3.674],[-45.51,-3.673],[-45.509,-3.669],[-45.517,-3.671],[-45.521,-3.661],[-45.53,-3.658],[-45.537,-3.662],[-45.546,-3.658],[-45.555,-3.658],[-45.57,-3.67],[-45.58,-3.672],[-45.588,-3.68],[-45.597,-3.677],[-45.599,-3.681],[-45.61,-3.681],[-45.617,-3.677],[-45.618,-3.674],[-45.617,-3.668],[-45.622,-3.663],[-45.617,-3.656],[-45.621,-3.652],[-45.618,-3.65],[-45.622,-3.638],[-45.628,-3.63],[-45.641,-3.625],[-45.643,-3.621],[-45.649,-3.627],[-45.656,-3.625],[-45.661,-3.626],[-45.659,-3.63],[-45.662,-3.632],[-45.674,-3.633],[-45.683,-3.639],[-45.693,-3.633],[-45.703,-3.638],[-45.704,-3.641],[-45.731,-3.635],[-45.74,-3.638],[-45.743,-3.643],[-45.746,-3.64],[-45.766,-3.645],[-45.769,-3.64],[-45.783,-3.641],[-45.79,-3.636],[-45.797,-3.638],[-45.808,-3.635],[-45.828,-3.643],[-45.835,-3.65],[-45.836,-3.659],[-45.84,-3.664],[-45.846,-3.658],[-45.858,-3.663],[-45.882,-3.658],[-45.887,-3.659],[-45.898,-3.673],[-45.905,-3.677],[-45.903,-3.68],[-45.912,-3.69],[-45.92,-3.692],[-45.925,-3.692],[-45.935,-3.7],[-45.94,-3.701],[-45.938,-3.705],[-45.946,-3.707],[-45.95,-3.705],[-45.954,-3.698],[-45.962,-3.698],[-45.971,-3.695],[-45.971,-3.69],[-45.978,-3.684],[-45.991,-3.683],[-45.995,-3.686],[-45.994,-3.693],[-46.005,-3.697],[-46.015,-3.707],[-46.02,-3.707],[-46.02,-3.703],[-46.026,-3.701],[-46.031,-3.704],[-46.043,-3.701],[-46.055,-3.701],[-46.061,-3.703],[-46.068,-3.717],[-46.081,-3.714],[-46.086,-3.72],[-46.1,-3.717],[-46.103,-3.72],[-46.103,-3.73],[-46.105,-3.728],[-46.11,-3.736],[-46.119,-3.738],[-46.123,-3.746],[-46.136,-3.756],[-46.139,-3.764],[-46.149,-3.767],[-46.165,-3.785],[-46.166,-3.788],[-46.163,-3.795],[-46.171,-3.812],[-46.178,-3.814],[-46.179,-3.818],[-46.182,-3.845],[-46.189,-3.846],[-46.196,-3.858],[-46.197,-3.87],[-46.203,-3.875],[-46.204,-3.907],[-46.204,-3.925],[-46.214,-3.934],[-46.224,-3.943],[-46.251,-3.951],[-46.25,-3.956],[-46.255,-3.96],[-46.258,-3.973],[-46.269,-3.989],[-46.273,-3.993],[-46.277,-4.004],[-46.295,-4.022],[-46.319,-4.04],[-46.342,-4.05],[-46.358,-4.063],[-46.374,-4.078],[-46.385,-4.101],[-46.414,-4.119],[-46.435,-4.132],[-46.447,-4.163],[-46.481,-4.195],[-46.489,-4.206],[-46.5,-4.211],[-46.501,-4.219],[-46.515,-4.228],[-46.523,-4.231],[-46.532,-4.24],[-46.531,-4.254],[-46.539,-4.269],[-46.551,-4.276],[-46.554,-4.273],[-46.557,-4.275],[-46.56,-4.283],[-46.569,-4.284],[-46.588,-4.298],[-46.592,-4.309],[-46.61,-4.316],[-46.632,-4.334],[-46.642,-4.334],[-46.65,-4.341],[-46.679,-4.342],[-46.683,-4.353],[-46.687,-4.352],[-46.688,-4.356],[-46.701,-4.357],[-46.714,-4.368],[-46.721,-4.374],[-46.732,-4.373],[-46.732,-4.377],[-46.738,-4.381],[-46.749,-4.377],[-46.756,-4.379],[-46.767,-4.372],[-46.78,-4.374],[-46.784,-4.377],[-46.802,-4.374],[-46.806,-4.377],[-46.807,-4.375],[-46.828,-4.379],[-46.833,-4.377],[-46.837,-4.379],[-46.843,-4.396],[-46.873,-4.431],[-46.886,-4.425],[-46.893,-4.429],[-46.906,-4.428],[-46.915,-4.437],[-46.933,-4.444],[-46.937,-4.432],[-46.949,-4.434],[-46.966,-4.424],[-46.979,-4.426],[-46.983,-4.422],[-46.999,-4.427],[-47.017,-4.42],[-47.02,-4.406],[-47.028,-4.399],[-47.031,-4.388],[-47.039,-4.383],[-47.043,-4.376],[-47.059,-4.366],[-47.063,-4.344],[-47.07,-4.34],[-47.073,-4.323],[-47.088,-4.308],[-47.088,-4.303],[-47.082,-4.294],[-47.083,-4.284],[-47.072,-4.274],[-47.069,-4.263],[-47.072,-4.236],[-47.029,-4.22],[-47.02,-4.201],[-47.012,-4.193],[-47.01,-4.174],[-46.989,-4.147],[-46.964,-4.112],[-46.961,-4.103],[-46.963,-4.093],[-46.957,-4.087],[-46.948,-4.08],[-46.927,-4.086],[-46.915,-4.087],[-46.905,-4.083],[-46.9,-4.076],[-46.891,-4.044],[-46.885,-4.037],[-46.869,-4.032],[-46.843,-4.003],[-46.821,-4.002],[-46.804,-3.998],[-46.795,-3.99],[-46.78,-3.986],[-46.777,-3.982],[-46.761,-3.975],[-46.758,-3.967],[-46.761,-3.954],[-46.758,-3.944],[-46.757,-3.905],[-46.709,-3.878],[-46.698,-3.861],[-46.697,-3.855],[-46.724,-3.839],[-46.729,-3.828],[-46.726,-3.807],[-46.734,-3.801],[-46.735,-3.791],[-46.738,-3.788],[-46.737,-3.776],[-46.727,-3.767],[-46.716,-3.75],[-46.706,-3.735],[-46.701,-3.711],[-46.696,-3.705],[-46.659,-3.696],[-46.651,-3.699],[-46.643,-3.709],[-46.641,-3.705],[-46.627,-3.701],[-46.621,-3.695],[-46.617,-3.679],[-46.61,-3.674],[-46.599,-3.674],[-46.6,-3.668],[-46.592,-3.666],[-46.575,-3.649],[-46.568,-3.649],[-46.563,-3.644],[-46.563,-3.637],[-46.557,-3.639],[-46.548,-3.631],[-46.543,-3.635],[-46.544,-3.628],[-46.53,-3.625],[-46.529,-3.632],[-46.522,-3.632],[-46.522,-3.627],[-46.507,-3.625],[-46.504,-3.618],[-46.501,-3.621],[-46.489,-3.618],[-46.486,-3.614],[-46.488,-3.609],[-46.48,-3.604],[-46.477,-3.609],[-46.471,-3.609],[-46.468,-3.6],[-46.473,-3.595],[-46.465,-3.59],[-46.46,-3.594],[-46.456,-3.593],[-46.45,-3.585],[-46.451,-3.582],[-46.451,-3.576],[-46.438,-3.575],[-46.434,-3.585],[-46.439,-3.588],[-46.435,-3.591],[-46.424,-3.576],[-46.42,-3.592],[-46.417,-3.592],[-46.414,-3.588],[-46.403,-3.591],[-46.407,-3.581],[-46.403,-3.569],[-46.396,-3.57],[-46.397,-3.579],[-46.381,-3.582],[-46.377,-3.572],[-46.365,-3.57],[-46.368,-3.567],[-46.367,-3.555],[-46.357,-3.557],[-46.36,-3.563],[-46.357,-3.567],[-46.351,-3.561],[-46.354,-3.555],[-46.348,-3.552],[-46.335,-3.552],[-46.332,-3.544],[-46.325,-3.548],[-46.328,-3.538],[-46.326,-3.541],[-46.312,-3.545],[-46.297,-3.539],[-46.3,-3.546],[-46.296,-3.55],[-46.303,-3.556],[-46.299,-3.56],[-46.296,-3.554],[-46.29,-3.554],[-46.291,-3.55],[-46.288,-3.547],[-46.281,-3.549],[-46.279,-3.561],[-46.274,-3.561],[-46.27,-3.555],[-46.266,-3.56],[-46.259,-3.557],[-46.257,-3.56],[-46.258,-3.567],[-46.25,-3.574],[-46.243,-3.57],[-46.24,-3.577],[-46.246,-3.578],[-46.243,-3.584],[-46.239,-3.582],[-46.237,-3.586],[-46.231,-3.584],[-46.223,-3.589],[-46.214,-3.582],[-46.211,-3.585],[-46.211,-3.592],[-46.205,-3.595],[-46.203,-3.593],[-46.203,-3.584],[-46.194,-3.579],[-46.19,-3.572],[-46.186,-3.576],[-46.166,-3.582],[-46.16,-3.579],[-46.157,-3.588],[-46.143,-3.585],[-46.137,-3.603],[-46.131,-3.607],[-46.128,-3.603],[-46.123,-3.604],[-46.121,-3.598],[-46.115,-3.605],[-46.111,-3.605],[-46.102,-3.595],[-46.115,-3.59],[-46.12,-3.573],[-46.128,-3.563],[-46.126,-3.554],[-46.121,-3.549],[-46.126,-3.544],[-46.118,-3.519],[-46.114,-3.518],[-46.109,-3.521],[-46.105,-3.519],[-46.104,-3.514],[-46.109,-3.5],[-46.111,-3.485],[-46.098,-3.485],[-45.991,-3.486],[-45.941,-3.486],[-45.761,-3.487],[-45.67,-3.487],[-45.541,-3.49],[-45.543,-3.501],[-45.533,-3.515]]]}},{"type":"Feature","properties":{"id":"2102036","nome":"Bom Jesus das Selvas"},"geometry":{"type":"Polygon","coordinates":[[[-46.48,-4.258],[-46.475,-4.277],[-46.491,-4.286],[-46.493,-4.298],[-46.492,-4.299],[-46.488,-4.308],[-46.488,-4.318],[-46.498,-4.338],[-46.494,-4.355],[-46.505,-4.378],[-46.5,-4.398],[-46.501,-4.408],[-46.494,-4.414],[-46.493,-4.426],[-46.5,-4.428],[-46.5,-4.439],[-46.506,-4.444],[-46.5,-4.451],[-46.5,-4.465],[-46.49,-4.474],[-46.497,-4.485],[-46.498,-4.495],[-46.493,-4.507],[-46.491,-4.528],[-46.486,-4.533],[-46.481,-4.545],[-46.481,-4.553],[-46.493,-4.555],[-46.496,-4.563],[-46.489,-4.597],[-46.489,-4.62],[-46.476,-4.65],[-46.492,-4.669],[-46.487,-4.688],[-46.48,-4.692],[-46.481,-4.699],[-46.479,-4.709],[-46.486,-4.722],[-46.467,-4.737],[-46.468,-4.749],[-46.46,-4.759],[-46.471,-4.777],[-46.479,-4.784],[-46.482,-4.795],[-46.483,-4.797],[-46.484,-4.808],[-46.48,-4.818],[-46.474,-4.82],[-46.475,-4.826],[-46.47,-4.832],[-46.472,-4.842],[-46.462,-4.842],[-46.465,-4.851],[-46.524,-4.851],[-46.615,-4.85],[-46.665,-4.85],[-46.707,-4.85],[-46.919,-4.85],[-46.93,-4.85],[-46.927,-4.847],[-46.923,-4.848],[-46.923,-4.842],[-46.916,-4.841],[-46.921,-4.835],[-46.921,-4.827],[-46.918,-4.808],[-46.929,-4.787],[-46.926,-4.769],[-46.937,-4.75],[-46.939,-4.737],[-46.939,-4.729],[-46.933,-4.719],[-46.934,-4.704],[-46.934,-4.694],[-46.927,-4.691],[-46.925,-4.684],[-46.934,-4.675],[-46.935,-4.65],[-46.942,-4.632],[-46.936,-4.61],[-46.938,-4.606],[-46.935,-4.593],[-46.939,-4.585],[-46.927,-4.575],[-46.927,-4.567],[-46.916,-4.556],[-46.914,-4.546],[-46.919,-4.535],[-46.909,-4.524],[-46.911,-4.518],[-46.906,-4.502],[-46.902,-4.501],[-46.893,-4.483],[-46.876,-4.472],[-46.866,-4.467],[-46.865,-4.457],[-46.858,-4.455],[-46.859,-4.441],[-46.856,-4.435],[-46.843,-4.429],[-46.843,-4.403],[-46.841,-4.4],[-46.843,-4.396],[-46.837,-4.379],[-46.833,-4.377],[-46.828,-4.379],[-46.807,-4.375],[-46.806,-4.377],[-46.802,-4.374],[-46.784,-4.377],[-46.78,-4.374],[-46.767,-4.372],[-46.756,-4.379],[-46.749,-4.377],[-46.738,-4.381],[-46.732,-4.377],[-46.732,-4.373],[-46.721,-4.374],[-46.714,-4.368],[-46.701,-4.357],[-46.688,-4.356],[-46.687,-4.352],[-46.683,-4.353],[-46.679,-4.342],[-46.65,-4.341],[-46.642,-4.334],[-46.632,-4.334],[-46.61,-4.316],[-46.592,-4.309],[-46.588,-4.298],[-46.569,-4.284],[-46.56,-4.283],[-46.557,-4.275],[-46.554,-4.273],[-46.551,-4.276],[-46.539,-4.269],[-46.531,-4.254],[-46.532,-4.24],[-46.523,-4.231],[-46.515,-4.228],[-46.501,-4.219],[-46.5,-4.211],[-46.489,-4.206],[-46.481,-4.195],[-46.477,-4.204],[-46.48,-4.211],[-46.478,-4.231],[-46.485,-4.254],[-46.48,-4.258]]]}},{"type":"Feature","properties":{"id":"2102077","nome":"Bom Lugar"},"geometry":{"type":"Polygon","coordinates":[[[-45.002,-4.116],[-44.986,-4.151],[-44.961,-4.171],[-45.03,-4.22],[-45.063,-4.244],[-45.077,-4.25],[-45.077,-4.272],[-45.083,-4.287],[-45.081,-4.298],[-45.021,-4.314],[-45.017,-4.315],[-44.973,-4.327],[-44.944,-4.335],[-44.88,-4.352],[-44.872,-4.375],[-44.873,-4.384],[-44.944,-4.43],[-44.988,-4.458],[-45.042,-4.484],[-45.048,-4.475],[-45.061,-4.455],[-45.071,-4.456],[-45.079,-4.452],[-45.087,-4.454],[-45.088,-4.434],[-45.093,-4.423],[-45.105,-4.419],[-45.118,-4.419],[-45.127,-4.413],[-45.13,-4.411],[-45.133,-4.395],[-45.121,-4.378],[-45.126,-4.372],[-45.127,-4.366],[-45.119,-4.359],[-45.121,-4.351],[-45.111,-4.333],[-45.106,-4.328],[-45.107,-4.307],[-45.114,-4.294],[-45.109,-4.287],[-45.098,-4.284],[-45.089,-4.271],[-45.087,-4.255],[-45.098,-4.24],[-45.095,-4.229],[-45.091,-4.229],[-45.085,-4.222],[-45.087,-4.203],[-45.081,-4.196],[-45.077,-4.198],[-45.067,-4.193],[-45.058,-4.193],[-45.04,-4.18],[-45.034,-4.183],[-45.033,-4.171],[-45.036,-4.167],[-45.025,-4.156],[-45.026,-4.146],[-45.016,-4.139],[-45.017,-4.136],[-45.013,-4.135],[-45.012,-4.128],[-45.004,-4.131],[-45.014,-4.117],[-45.011,-4.114],[-45.002,-4.116]]]}},{"type":"Feature","properties":{"id":"2102101","nome":"Brejo"},"geometry":{"type":"Polygon","coordinates":[[[-42.721,-3.875],[-42.722,-3.882],[-42.738,-3.875],[-42.804,-3.842],[-42.85,-3.82],[-42.852,-3.819],[-42.89,-3.8],[-42.987,-3.753],[-43.017,-3.738],[-43.008,-3.727],[-43.015,-3.693],[-43.012,-3.689],[-43.015,-3.685],[-43.007,-3.678],[-42.996,-3.654],[-42.993,-3.642],[-42.986,-3.636],[-42.983,-3.614],[-42.994,-3.604],[-42.995,-3.599],[-43.001,-3.598],[-42.996,-3.592],[-43.001,-3.587],[-42.997,-3.576],[-43.004,-3.569],[-42.994,-3.563],[-42.988,-3.553],[-42.886,-3.541],[-42.86,-3.537],[-42.797,-3.53],[-42.725,-3.575],[-42.711,-3.584],[-42.678,-3.605],[-42.658,-3.617],[-42.635,-3.632],[-42.642,-3.635],[-42.675,-3.675],[-42.683,-3.694],[-42.683,-3.701],[-42.668,-3.729],[-42.671,-3.746],[-42.678,-3.754],[-42.683,-3.762],[-42.683,-3.769],[-42.668,-3.791],[-42.67,-3.793],[-42.685,-3.807],[-42.721,-3.875]]]}},{"type":"Feature","properties":{"id":"2102150","nome":"Brejo de Areia"},"geometry":{"type":"Polygon","coordinates":[[[-45.426,-4.265],[-45.448,-4.291],[-45.449,-4.299],[-45.443,-4.311],[-45.418,-4.327],[-45.431,-4.331],[-45.433,-4.336],[-45.437,-4.33],[-45.454,-4.346],[-45.459,-4.343],[-45.464,-4.347],[-45.469,-4.346],[-45.476,-4.354],[-45.479,-4.369],[-45.485,-4.37],[-45.495,-4.383],[-45.502,-4.382],[-45.504,-4.39],[-45.511,-4.396],[-45.469,-4.428],[-45.422,-4.417],[-45.422,-4.44],[-45.443,-4.439],[-45.506,-4.435],[-45.512,-4.431],[-45.591,-4.472],[-45.593,-4.531],[-45.634,-4.488],[-45.626,-4.464],[-45.616,-4.46],[-45.615,-4.457],[-45.625,-4.451],[-45.625,-4.446],[-45.616,-4.429],[-45.618,-4.422],[-45.615,-4.416],[-45.618,-4.414],[-45.62,-4.403],[-45.626,-4.4],[-45.623,-4.395],[-45.633,-4.391],[-45.632,-4.382],[-45.626,-4.383],[-45.621,-4.375],[-45.615,-4.374],[-45.632,-4.355],[-45.62,-4.346],[-45.636,-4.334],[-45.635,-4.303],[-45.64,-4.287],[-45.636,-4.283],[-45.64,-4.278],[-45.638,-4.273],[-45.641,-4.264],[-45.626,-4.262],[-45.621,-4.276],[-45.607,-4.288],[-45.598,-4.283],[-45.594,-4.284],[-45.587,-4.28],[-45.58,-4.284],[-45.576,-4.28],[-45.571,-4.282],[-45.569,-4.291],[-45.558,-4.297],[-45.552,-4.297],[-45.542,-4.302],[-45.541,-4.297],[-45.537,-4.298],[-45.535,-4.293],[-45.53,-4.289],[-45.525,-4.292],[-45.521,-4.291],[-45.515,-4.286],[-45.498,-4.286],[-45.487,-4.279],[-45.467,-4.276],[-45.457,-4.281],[-45.455,-4.276],[-45.453,-4.277],[-45.438,-4.264],[-45.427,-4.251],[-45.426,-4.265]]]}},{"type":"Feature","properties":{"id":"2102200","nome":"Buriti"},"geometry":{"type":"Polygon","coordinates":[[[-42.79,-3.979],[-42.798,-3.996],[-42.805,-3.997],[-42.815,-3.987],[-42.821,-3.99],[-42.838,-4.028],[-42.842,-4.036],[-42.855,-4.077],[-42.953,-4.059],[-43.029,-4.046],[-43.06,-4.041],[-43.132,-4.032],[-43.18,-4.026],[-43.208,-4.018],[-43.205,-3.957],[-43.2,-3.849],[-43.199,-3.822],[-43.197,-3.784],[-43.197,-3.783],[-43.162,-3.738],[-43.123,-3.69],[-43.017,-3.738],[-42.987,-3.753],[-42.89,-3.8],[-42.852,-3.819],[-42.85,-3.82],[-42.804,-3.842],[-42.738,-3.875],[-42.722,-3.882],[-42.722,-3.887],[-42.723,-3.894],[-42.723,-3.895],[-42.726,-3.91],[-42.737,-3.924],[-42.783,-3.955],[-42.784,-3.957],[-42.788,-3.963],[-42.79,-3.979]]]}},{"type":"Feature","properties":{"id":"2102309","nome":"Buriti Bravo"},"geometry":{"type":"Polygon","coordinates":[[[-43.822,-5.548],[-43.81,-5.554],[-43.804,-5.552],[-43.8,-5.559],[-43.789,-5.563],[-43.785,-5.561],[-43.781,-5.566],[-43.767,-5.576],[-43.768,-5.581],[-43.759,-5.59],[-43.748,-5.589],[-43.739,-5.582],[-43.731,-5.591],[-43.724,-5.592],[-43.72,-5.593],[-43.713,-5.587],[-43.708,-5.59],[-43.708,-5.595],[-43.694,-5.597],[-43.684,-5.594],[-43.674,-5.6],[-43.674,-5.596],[-43.669,-5.597],[-43.663,-5.614],[-43.67,-5.618],[-43.666,-5.631],[-43.657,-5.636],[-43.65,-5.636],[-43.639,-5.654],[-43.614,-5.662],[-43.609,-5.673],[-43.602,-5.675],[-43.606,-5.689],[-43.595,-5.689],[-43.586,-5.706],[-43.587,-5.714],[-43.599,-5.723],[-43.606,-5.737],[-43.612,-5.737],[-43.632,-5.748],[-43.642,-5.754],[-43.646,-5.761],[-43.651,-5.76],[-43.655,-5.765],[-43.661,-5.763],[-43.672,-5.77],[-43.677,-5.767],[-43.687,-5.778],[-43.69,-5.776],[-43.694,-5.778],[-43.696,-5.782],[-43.701,-5.779],[-43.705,-5.782],[-43.706,-5.796],[-43.715,-5.8],[-43.715,-5.809],[-43.713,-5.818],[-43.725,-5.835],[-43.728,-5.848],[-43.709,-5.844],[-43.708,-5.85],[-43.698,-5.86],[-43.693,-5.861],[-43.686,-5.868],[-43.68,-5.863],[-43.673,-5.866],[-43.676,-5.875],[-43.674,-5.883],[-43.67,-5.887],[-43.67,-5.89],[-43.676,-5.89],[-43.674,-5.896],[-43.683,-5.909],[-43.695,-5.915],[-43.691,-5.919],[-43.696,-5.927],[-43.695,-5.933],[-43.708,-5.947],[-43.703,-5.953],[-43.711,-5.955],[-43.711,-5.961],[-43.716,-5.966],[-43.721,-5.972],[-43.729,-5.97],[-43.732,-5.976],[-43.733,-5.976],[-43.739,-5.982],[-43.749,-5.977],[-43.78,-5.988],[-43.803,-5.99],[-43.809,-5.999],[-43.825,-6.005],[-43.827,-5.995],[-43.843,-5.995],[-43.844,-6.003],[-43.904,-6.004],[-43.996,-5.928],[-44.033,-5.896],[-44.045,-5.877],[-44.057,-5.875],[-44.063,-5.869],[-44.062,-5.865],[-44.068,-5.86],[-44.066,-5.857],[-44.074,-5.85],[-44.071,-5.844],[-44.076,-5.836],[-44.071,-5.83],[-44.075,-5.816],[-44.052,-5.797],[-44.033,-5.791],[-44.028,-5.77],[-44.015,-5.76],[-44.01,-5.761],[-43.999,-5.756],[-43.999,-5.748],[-43.993,-5.747],[-43.989,-5.742],[-43.978,-5.741],[-43.969,-5.722],[-43.964,-5.721],[-43.949,-5.706],[-43.947,-5.698],[-43.934,-5.686],[-43.93,-5.674],[-43.921,-5.667],[-43.921,-5.664],[-43.916,-5.664],[-43.91,-5.651],[-43.897,-5.648],[-43.896,-5.638],[-43.892,-5.636],[-43.895,-5.625],[-43.894,-5.61],[-43.883,-5.587],[-43.871,-5.585],[-43.869,-5.581],[-43.867,-5.584],[-43.865,-5.578],[-43.858,-5.578],[-43.854,-5.574],[-43.847,-5.573],[-43.841,-5.565],[-43.838,-5.566],[-43.826,-5.557],[-43.822,-5.548]]]}},{"type":"Feature","properties":{"id":"2102325","nome":"Buriticupu"},"geometry":{"type":"Polygon","coordinates":[[[-46.244,-3.992],[-46.243,-4.001],[-46.225,-4.01],[-46.225,-4.018],[-46.221,-4.019],[-46.217,-4.025],[-46.212,-4.04],[-46.212,-4.049],[-46.228,-4.073],[-46.233,-4.087],[-46.238,-4.089],[-46.25,-4.107],[-46.253,-4.114],[-46.262,-4.123],[-46.261,-4.128],[-46.267,-4.129],[-46.266,-4.135],[-46.276,-4.157],[-46.275,-4.163],[-46.281,-4.168],[-46.283,-4.174],[-46.288,-4.206],[-46.282,-4.215],[-46.283,-4.225],[-46.299,-4.243],[-46.295,-4.27],[-46.279,-4.297],[-46.254,-4.312],[-46.25,-4.317],[-46.262,-4.312],[-46.246,-4.359],[-46.241,-4.373],[-46.227,-4.385],[-46.223,-4.39],[-46.23,-4.402],[-46.227,-4.419],[-46.233,-4.445],[-46.217,-4.469],[-46.203,-4.471],[-46.193,-4.511],[-46.165,-4.55],[-46.159,-4.56],[-46.178,-4.6],[-46.209,-4.623],[-46.228,-4.623],[-46.228,-4.626],[-46.214,-4.696],[-46.201,-4.752],[-46.151,-4.78],[-46.132,-4.79],[-46.13,-4.798],[-46.115,-4.8],[-46.11,-4.809],[-46.105,-4.811],[-46.102,-4.832],[-46.092,-4.84],[-46.089,-4.854],[-46.465,-4.851],[-46.462,-4.842],[-46.472,-4.842],[-46.47,-4.832],[-46.475,-4.826],[-46.474,-4.82],[-46.48,-4.818],[-46.484,-4.808],[-46.483,-4.797],[-46.482,-4.795],[-46.479,-4.784],[-46.471,-4.777],[-46.46,-4.759],[-46.468,-4.749],[-46.467,-4.737],[-46.486,-4.722],[-46.479,-4.709],[-46.481,-4.699],[-46.48,-4.692],[-46.487,-4.688],[-46.492,-4.669],[-46.476,-4.65],[-46.489,-4.62],[-46.489,-4.597],[-46.496,-4.563],[-46.493,-4.555],[-46.481,-4.553],[-46.481,-4.545],[-46.486,-4.533],[-46.491,-4.528],[-46.493,-4.507],[-46.498,-4.495],[-46.497,-4.485],[-46.49,-4.474],[-46.5,-4.465],[-46.5,-4.451],[-46.506,-4.444],[-46.5,-4.439],[-46.5,-4.428],[-46.493,-4.426],[-46.494,-4.414],[-46.501,-4.408],[-46.5,-4.398],[-46.505,-4.378],[-46.494,-4.355],[-46.498,-4.338],[-46.488,-4.318],[-46.488,-4.308],[-46.492,-4.299],[-46.493,-4.298],[-46.491,-4.286],[-46.475,-4.277],[-46.48,-4.258],[-46.485,-4.254],[-46.478,-4.231],[-46.48,-4.211],[-46.477,-4.204],[-46.481,-4.195],[-46.447,-4.163],[-46.435,-4.132],[-46.414,-4.119],[-46.385,-4.101],[-46.374,-4.078],[-46.358,-4.063],[-46.342,-4.05],[-46.319,-4.04],[-46.295,-4.022],[-46.277,-4.004],[-46.273,-3.993],[-46.269,-3.989],[-46.262,-3.989],[-46.257,-3.992],[-46.248,-3.988],[-46.244,-3.992]]]}},{"type":"Feature","properties":{"id":"2102358","nome":"Buritirana"},"geometry":{"type":"Polygon","coordinates":[[[-46.919,-5.352],[-46.911,-5.357],[-46.905,-5.355],[-46.905,-5.372],[-46.899,-5.386],[-46.901,-5.415],[-46.905,-5.419],[-46.909,-5.418],[-46.907,-5.423],[-46.91,-5.431],[-46.916,-5.432],[-46.918,-5.441],[-46.925,-5.445],[-46.919,-5.451],[-46.925,-5.453],[-46.927,-5.449],[-46.93,-5.454],[-46.932,-5.461],[-46.926,-5.473],[-46.928,-5.479],[-46.936,-5.485],[-46.931,-5.492],[-46.934,-5.496],[-46.932,-5.502],[-46.939,-5.51],[-46.944,-5.509],[-46.943,-5.517],[-46.947,-5.521],[-46.949,-5.536],[-46.946,-5.553],[-46.952,-5.562],[-46.948,-5.573],[-46.953,-5.577],[-46.95,-5.582],[-46.955,-5.582],[-46.956,-5.586],[-46.943,-5.599],[-46.947,-5.61],[-46.938,-5.611],[-46.946,-5.614],[-46.946,-5.625],[-46.962,-5.637],[-47.038,-5.658],[-47.086,-5.672],[-47.119,-5.654],[-47.134,-5.647],[-47.158,-5.598],[-47.173,-5.59],[-47.181,-5.582],[-47.189,-5.589],[-47.198,-5.577],[-47.207,-5.581],[-47.214,-5.58],[-47.225,-5.567],[-47.235,-5.567],[-47.244,-5.552],[-47.249,-5.551],[-47.251,-5.544],[-47.262,-5.543],[-47.266,-5.549],[-47.271,-5.54],[-47.28,-5.54],[-47.275,-5.531],[-47.259,-5.521],[-47.253,-5.51],[-47.241,-5.513],[-47.239,-5.5],[-47.226,-5.489],[-47.221,-5.489],[-47.211,-5.477],[-47.198,-5.474],[-47.19,-5.463],[-47.174,-5.451],[-47.157,-5.445],[-47.119,-5.43],[-47.045,-5.403],[-47.036,-5.395],[-47.028,-5.394],[-47.023,-5.387],[-46.996,-5.379],[-46.979,-5.368],[-46.961,-5.368],[-46.954,-5.364],[-46.947,-5.365],[-46.926,-5.353],[-46.919,-5.352]]]}},{"type":"Feature","properties":{"id":"2102374","nome":"Cachoeira Grande"},"geometry":{"type":"Polygon","coordinates":[[[-43.948,-3.015],[-43.931,-3.018],[-43.9,-3.033],[-43.896,-3.038],[-43.893,-3.043],[-43.885,-3.05],[-43.857,-3.063],[-43.839,-3.068],[-43.814,-3.079],[-43.782,-3.084],[-43.775,-3.094],[-43.769,-3.095],[-43.763,-3.103],[-43.763,-3.114],[-43.757,-3.121],[-43.752,-3.135],[-43.755,-3.155],[-43.759,-3.161],[-43.755,-3.173],[-43.759,-3.182],[-43.933,-3.252],[-44.028,-3.29],[-44.031,-3.284],[-44.026,-3.279],[-44.032,-3.265],[-44.031,-3.254],[-44.041,-3.239],[-44.039,-3.229],[-44.034,-3.227],[-44.034,-3.222],[-44.037,-3.22],[-44.034,-3.215],[-44.041,-3.215],[-44.043,-3.211],[-44.033,-3.19],[-44.019,-3.19],[-44.013,-3.184],[-44.008,-3.185],[-44.01,-3.178],[-44.008,-3.175],[-44.014,-3.171],[-44.008,-3.161],[-44.002,-3.16],[-44.001,-3.165],[-43.999,-3.165],[-43.995,-3.143],[-44.002,-3.142],[-43.995,-3.118],[-44.0,-3.112],[-44.011,-3.108],[-44.01,-3.1],[-44.013,-3.098],[-44.006,-3.089],[-43.988,-3.08],[-43.991,-3.078],[-43.989,-3.074],[-43.995,-3.07],[-43.995,-3.063],[-44.007,-3.061],[-44.021,-3.071],[-44.028,-3.067],[-44.033,-3.071],[-44.038,-3.063],[-44.04,-3.052],[-44.05,-3.049],[-44.045,-3.048],[-44.044,-3.042],[-44.053,-3.04],[-44.052,-3.035],[-44.056,-3.03],[-44.077,-3.033],[-44.08,-3.026],[-44.078,-3.019],[-44.085,-3.024],[-44.087,-3.017],[-44.072,-3.0],[-44.073,-2.997],[-44.067,-2.996],[-44.072,-2.991],[-44.069,-2.984],[-44.062,-2.983],[-44.061,-2.973],[-44.073,-2.967],[-44.069,-2.954],[-44.071,-2.952],[-44.073,-2.949],[-44.071,-2.943],[-44.06,-2.933],[-44.065,-2.931],[-44.059,-2.922],[-44.059,-2.921],[-44.063,-2.915],[-44.058,-2.911],[-44.062,-2.906],[-44.062,-2.899],[-44.05,-2.893],[-44.034,-2.898],[-44.036,-2.903],[-44.029,-2.904],[-44.021,-2.923],[-44.028,-2.947],[-44.02,-2.957],[-44.008,-2.962],[-44.003,-2.98],[-43.996,-2.988],[-43.96,-3.01],[-43.948,-3.015]]]}},{"type":"Feature","properties":{"id":"2102408","nome":"Cajapi\u00f3"},"geometry":{"type":"Polygon","coordinates":[[[-44.434,-2.8],[-44.439,-2.901],[-44.441,-2.909],[-44.447,-2.942],[-44.456,-2.959],[-44.473,-2.978],[-44.5,-3.0],[-44.555,-3.05],[-44.569,-3.053],[-44.58,-3.051],[-44.587,-3.047],[-44.603,-3.027],[-44.637,-2.996],[-44.658,-2.972],[-44.67,-2.945],[-44.668,-2.923],[-44.641,-2.897],[-44.655,-2.891],[-44.655,-2.886],[-44.66,-2.89],[-44.67,-2.887],[-44.676,-2.89],[-44.681,-2.885],[-44.703,-2.891],[-44.733,-2.886],[-44.738,-2.875],[-44.754,-2.888],[-44.782,-2.896],[-44.786,-2.894],[-44.791,-2.888],[-44.793,-2.874],[-44.791,-2.864],[-44.786,-2.86],[-44.781,-2.855],[-44.78,-2.842],[-44.786,-2.82],[-44.791,-2.815],[-44.802,-2.812],[-44.819,-2.799],[-44.818,-2.798],[-44.807,-2.793],[-44.735,-2.791],[-44.714,-2.79],[-44.691,-2.795],[-44.68,-2.79],[-44.672,-2.79],[-44.656,-2.804],[-44.652,-2.802],[-44.65,-2.805],[-44.644,-2.803],[-44.639,-2.805],[-44.637,-2.804],[-44.606,-2.789],[-44.586,-2.767],[-44.548,-2.729],[-44.537,-2.706],[-44.498,-2.683],[-44.459,-2.685],[-44.439,-2.696],[-44.432,-2.705],[-44.431,-2.735],[-44.432,-2.766],[-44.434,-2.8]]]}},{"type":"Feature","properties":{"id":"2102507","nome":"Cajari"},"geometry":{"type":"Polygon","coordinates":[[[-45.003,-3.324],[-44.992,-3.335],[-44.982,-3.335],[-44.97,-3.33],[-44.953,-3.34],[-44.95,-3.334],[-44.945,-3.336],[-44.937,-3.33],[-44.935,-3.326],[-44.942,-3.325],[-44.946,-3.315],[-44.944,-3.313],[-44.941,-3.317],[-44.938,-3.314],[-44.945,-3.292],[-44.942,-3.286],[-44.939,-3.287],[-44.939,-3.294],[-44.928,-3.292],[-44.932,-3.301],[-44.92,-3.307],[-44.904,-3.3],[-44.896,-3.301],[-44.896,-3.294],[-44.891,-3.293],[-44.883,-3.283],[-44.889,-3.281],[-44.89,-3.277],[-44.872,-3.283],[-44.871,-3.292],[-44.878,-3.298],[-44.862,-3.328],[-44.863,-3.346],[-44.882,-3.355],[-44.892,-3.352],[-44.893,-3.374],[-44.878,-3.379],[-44.877,-3.383],[-44.899,-3.4],[-44.903,-3.413],[-44.899,-3.423],[-44.916,-3.43],[-44.926,-3.44],[-44.928,-3.446],[-44.924,-3.452],[-44.93,-3.462],[-44.944,-3.46],[-44.956,-3.451],[-44.973,-3.428],[-44.986,-3.428],[-45.011,-3.43],[-45.012,-3.458],[-45.015,-3.461],[-45.03,-3.459],[-45.032,-3.481],[-45.044,-3.49],[-45.045,-3.496],[-45.041,-3.5],[-45.049,-3.512],[-45.061,-3.538],[-45.07,-3.541],[-45.084,-3.542],[-45.089,-3.548],[-45.122,-3.567],[-45.122,-3.56],[-45.122,-3.542],[-45.118,-3.528],[-45.123,-3.525],[-45.127,-3.516],[-45.124,-3.513],[-45.129,-3.508],[-45.117,-3.494],[-45.104,-3.485],[-45.107,-3.475],[-45.102,-3.478],[-45.1,-3.473],[-45.094,-3.472],[-45.097,-3.46],[-45.093,-3.462],[-45.093,-3.468],[-45.089,-3.468],[-45.086,-3.459],[-45.088,-3.45],[-45.084,-3.451],[-45.081,-3.459],[-45.074,-3.452],[-45.084,-3.437],[-45.078,-3.43],[-45.082,-3.421],[-45.1,-3.41],[-45.103,-3.404],[-45.113,-3.401],[-45.14,-3.386],[-45.212,-3.345],[-45.254,-3.321],[-45.243,-3.321],[-45.231,-3.33],[-45.211,-3.332],[-45.2,-3.33],[-45.153,-3.332],[-45.145,-3.326],[-45.139,-3.326],[-45.13,-3.326],[-45.122,-3.321],[-45.114,-3.304],[-45.106,-3.301],[-45.087,-3.274],[-45.072,-3.264],[-45.033,-3.239],[-45.019,-3.279],[-45.023,-3.283],[-45.022,-3.291],[-45.019,-3.291],[-45.021,-3.293],[-45.018,-3.294],[-45.016,-3.298],[-45.023,-3.311],[-45.015,-3.317],[-45.008,-3.319],[-45.003,-3.324]]]}},{"type":"Feature","properties":{"id":"2102556","nome":"Campestre do Maranh\u00e3o"},"geometry":{"type":"Polygon","coordinates":[[[-47.43,-6.068],[-47.421,-6.084],[-47.409,-6.083],[-47.397,-6.076],[-47.388,-6.085],[-47.382,-6.081],[-47.381,-6.081],[-47.374,-6.083],[-47.358,-6.079],[-47.35,-6.085],[-47.339,-6.085],[-47.333,-6.075],[-47.311,-6.071],[-47.304,-6.084],[-47.3,-6.082],[-47.295,-6.086],[-47.284,-6.1],[-47.278,-6.095],[-47.264,-6.102],[-47.25,-6.101],[-47.237,-6.114],[-47.219,-6.114],[-47.204,-6.118],[-47.195,-6.111],[-47.19,-6.106],[-47.183,-6.105],[-47.168,-6.112],[-47.157,-6.111],[-47.151,-6.122],[-47.143,-6.123],[-47.144,-6.13],[-47.138,-6.132],[-47.134,-6.128],[-47.134,-6.137],[-47.123,-6.15],[-47.115,-6.148],[-47.109,-6.156],[-47.092,-6.156],[-47.088,-6.153],[-47.079,-6.169],[-47.07,-6.17],[-47.062,-6.174],[-47.068,-6.181],[-47.066,-6.184],[-47.044,-6.197],[-47.056,-6.205],[-47.093,-6.213],[-47.112,-6.233],[-47.179,-6.26],[-47.212,-6.266],[-47.213,-6.266],[-47.224,-6.268],[-47.239,-6.277],[-47.268,-6.286],[-47.283,-6.274],[-47.291,-6.26],[-47.301,-6.251],[-47.323,-6.255],[-47.344,-6.243],[-47.352,-6.243],[-47.359,-6.249],[-47.367,-6.245],[-47.38,-6.25],[-47.385,-6.23],[-47.394,-6.219],[-47.423,-6.16],[-47.433,-6.112],[-47.434,-6.093],[-47.43,-6.068]]]}},{"type":"Feature","properties":{"id":"2102606","nome":"C\u00e2ndido Mendes"},"geometry":{"type":"Polygon","coordinates":[[[-45.514,-1.401],[-45.517,-1.403],[-45.518,-1.4],[-45.509,-1.39],[-45.514,-1.401]],[[-45.492,-1.386],[-45.497,-1.389],[-45.497,-1.387],[-45.486,-1.36],[-45.48,-1.359],[-45.483,-1.371],[-45.491,-1.379],[-45.492,-1.386]],[[-45.47,-1.35],[-45.486,-1.36],[-45.486,-1.349],[-45.476,-1.337],[-45.472,-1.337],[-45.468,-1.344],[-45.47,-1.35]],[[-45.54,-1.299],[-45.551,-1.307],[-45.551,-1.301],[-45.551,-1.291],[-45.545,-1.288],[-45.539,-1.294],[-45.54,-1.299]],[[-45.527,-1.267],[-45.536,-1.288],[-45.546,-1.286],[-45.553,-1.291],[-45.559,-1.283],[-45.535,-1.265],[-45.527,-1.267]],[[-45.581,-1.271],[-45.577,-1.276],[-45.587,-1.294],[-45.599,-1.295],[-45.601,-1.303],[-45.608,-1.303],[-45.6,-1.304],[-45.597,-1.297],[-45.59,-1.3],[-45.589,-1.328],[-45.595,-1.338],[-45.603,-1.335],[-45.608,-1.342],[-45.603,-1.344],[-45.605,-1.341],[-45.603,-1.338],[-45.595,-1.34],[-45.588,-1.333],[-45.581,-1.34],[-45.582,-1.346],[-45.576,-1.352],[-45.58,-1.339],[-45.587,-1.331],[-45.585,-1.325],[-45.588,-1.312],[-45.581,-1.295],[-45.564,-1.278],[-45.552,-1.274],[-45.562,-1.283],[-45.561,-1.287],[-45.554,-1.293],[-45.554,-1.318],[-45.563,-1.329],[-45.574,-1.331],[-45.574,-1.34],[-45.571,-1.332],[-45.557,-1.328],[-45.547,-1.308],[-45.535,-1.303],[-45.531,-1.31],[-45.533,-1.318],[-45.529,-1.316],[-45.536,-1.328],[-45.55,-1.326],[-45.558,-1.33],[-45.56,-1.341],[-45.552,-1.351],[-45.563,-1.36],[-45.569,-1.375],[-45.561,-1.361],[-45.55,-1.351],[-45.554,-1.338],[-45.552,-1.333],[-45.548,-1.331],[-45.541,-1.338],[-45.537,-1.338],[-45.523,-1.322],[-45.517,-1.301],[-45.509,-1.292],[-45.501,-1.292],[-45.509,-1.305],[-45.51,-1.312],[-45.505,-1.32],[-45.511,-1.334],[-45.523,-1.341],[-45.526,-1.349],[-45.522,-1.343],[-45.512,-1.339],[-45.511,-1.352],[-45.522,-1.358],[-45.523,-1.366],[-45.541,-1.368],[-45.544,-1.373],[-45.539,-1.369],[-45.521,-1.367],[-45.516,-1.36],[-45.511,-1.361],[-45.507,-1.378],[-45.527,-1.404],[-45.519,-1.412],[-45.505,-1.395],[-45.492,-1.389],[-45.49,-1.38],[-45.48,-1.373],[-45.476,-1.362],[-45.466,-1.35],[-45.468,-1.325],[-45.465,-1.319],[-45.454,-1.317],[-45.447,-1.319],[-45.444,-1.312],[-45.438,-1.309],[-45.44,-1.305],[-45.447,-1.302],[-45.443,-1.296],[-45.41,-1.289],[-45.404,-1.297],[-45.406,-1.3],[-45.402,-1.307],[-45.405,-1.329],[-45.408,-1.339],[-45.418,-1.352],[-45.424,-1.349],[-45.432,-1.332],[-45.428,-1.351],[-45.433,-1.353],[-45.432,-1.358],[-45.445,-1.365],[-45.445,-1.351],[-45.448,-1.363],[-45.453,-1.36],[-45.467,-1.373],[-45.47,-1.392],[-45.477,-1.413],[-45.473,-1.419],[-45.476,-1.434],[-45.479,-1.436],[-45.488,-1.431],[-45.473,-1.446],[-45.473,-1.456],[-45.484,-1.475],[-45.474,-1.477],[-45.48,-1.491],[-45.495,-1.498],[-45.506,-1.497],[-45.517,-1.508],[-45.523,-1.513],[-45.538,-1.519],[-45.549,-1.53],[-45.558,-1.529],[-45.565,-1.536],[-45.576,-1.537],[-45.589,-1.548],[-45.603,-1.561],[-45.639,-1.631],[-45.689,-1.727],[-45.702,-1.751],[-45.712,-1.77],[-45.652,-1.889],[-45.622,-1.95],[-45.639,-1.965],[-45.649,-1.984],[-45.651,-2.001],[-45.631,-2.106],[-45.627,-2.139],[-45.63,-2.168],[-45.638,-2.197],[-45.639,-2.197],[-45.649,-2.173],[-45.647,-2.166],[-45.653,-2.159],[-45.657,-2.149],[-45.656,-2.135],[-45.664,-2.119],[-45.66,-2.103],[-45.676,-2.06],[-45.672,-2.026],[-45.694,-1.972],[-45.713,-1.949],[-45.741,-1.929],[-45.787,-1.909],[-45.797,-1.896],[-45.806,-1.866],[-45.808,-1.863],[-45.821,-1.837],[-45.835,-1.832],[-45.872,-1.805],[-45.876,-1.795],[-45.884,-1.792],[-45.872,-1.784],[-45.867,-1.765],[-45.875,-1.756],[-45.868,-1.751],[-45.872,-1.749],[-45.861,-1.728],[-45.859,-1.722],[-45.852,-1.72],[-45.849,-1.715],[-45.855,-1.707],[-45.851,-1.698],[-45.861,-1.696],[-45.86,-1.681],[-45.847,-1.67],[-45.846,-1.665],[-45.849,-1.666],[-45.849,-1.663],[-45.842,-1.656],[-45.828,-1.651],[-45.827,-1.646],[-45.821,-1.647],[-45.825,-1.635],[-45.821,-1.631],[-45.823,-1.622],[-45.818,-1.617],[-45.822,-1.615],[-45.82,-1.611],[-45.825,-1.611],[-45.828,-1.608],[-45.825,-1.597],[-45.813,-1.581],[-45.806,-1.584],[-45.808,-1.579],[-45.812,-1.579],[-45.81,-1.575],[-45.811,-1.569],[-45.804,-1.569],[-45.796,-1.579],[-45.784,-1.58],[-45.763,-1.56],[-45.77,-1.532],[-45.775,-1.53],[-45.775,-1.521],[-45.742,-1.452],[-45.725,-1.417],[-45.718,-1.404],[-45.703,-1.394],[-45.699,-1.392],[-45.688,-1.397],[-45.686,-1.396],[-45.689,-1.391],[-45.697,-1.386],[-45.698,-1.376],[-45.694,-1.371],[-45.679,-1.367],[-45.667,-1.368],[-45.677,-1.378],[-45.663,-1.369],[-45.638,-1.372],[-45.627,-1.364],[-45.615,-1.341],[-45.614,-1.323],[-45.621,-1.308],[-45.614,-1.278],[-45.609,-1.272],[-45.591,-1.265],[-45.59,-1.273],[-45.588,-1.264],[-45.58,-1.257],[-45.577,-1.265],[-45.581,-1.271]],[[-45.561,-1.27],[-45.568,-1.273],[-45.564,-1.262],[-45.557,-1.257],[-45.555,-1.26],[-45.559,-1.261],[-45.557,-1.264],[-45.561,-1.27]],[[-45.528,-1.205],[-45.523,-1.223],[-45.529,-1.221],[-45.531,-1.231],[-45.557,-1.227],[-45.576,-1.234],[-45.59,-1.247],[-45.593,-1.246],[-45.577,-1.225],[-45.57,-1.209],[-45.562,-1.213],[-45.559,-1.212],[-45.57,-1.204],[-45.566,-1.201],[-45.571,-1.193],[-45.57,-1.19],[-45.554,-1.188],[-45.542,-1.195],[-45.54,-1.201],[-45.528,-1.205]]]}},{"type":"Feature","properties":{"id":"2102705","nome":"Cantanhede"},"geometry":{"type":"Polygon","coordinates":[[[-44.175,-3.536],[-44.087,-3.536],[-44.086,-3.532],[-44.082,-3.533],[-44.069,-3.556],[-44.056,-3.563],[-44.05,-3.561],[-44.05,-3.567],[-44.05,-3.571],[-44.051,-3.574],[-44.047,-3.605],[-44.042,-3.616],[-44.039,-3.633],[-44.041,-3.641],[-44.036,-3.649],[-44.041,-3.652],[-44.034,-3.656],[-44.03,-3.676],[-44.031,-3.687],[-44.048,-3.703],[-44.048,-3.704],[-44.049,-3.702],[-44.097,-3.623],[-44.121,-3.632],[-44.132,-3.63],[-44.138,-3.632],[-44.136,-3.638],[-44.139,-3.648],[-44.154,-3.652],[-44.168,-3.676],[-44.181,-3.691],[-44.184,-3.696],[-44.203,-3.709],[-44.204,-3.714],[-44.205,-3.709],[-44.211,-3.706],[-44.242,-3.703],[-44.261,-3.694],[-44.268,-3.701],[-44.276,-3.7],[-44.277,-3.706],[-44.282,-3.707],[-44.292,-3.701],[-44.293,-3.708],[-44.287,-3.708],[-44.289,-3.716],[-44.286,-3.721],[-44.278,-3.728],[-44.263,-3.725],[-44.262,-3.73],[-44.269,-3.73],[-44.271,-3.738],[-44.26,-3.756],[-44.266,-3.756],[-44.267,-3.762],[-44.272,-3.761],[-44.273,-3.768],[-44.277,-3.77],[-44.285,-3.764],[-44.297,-3.755],[-44.319,-3.737],[-44.33,-3.729],[-44.345,-3.717],[-44.378,-3.691],[-44.388,-3.694],[-44.403,-3.693],[-44.404,-3.694],[-44.409,-3.706],[-44.423,-3.713],[-44.436,-3.706],[-44.439,-3.695],[-44.439,-3.687],[-44.444,-3.682],[-44.453,-3.68],[-44.458,-3.668],[-44.455,-3.642],[-44.452,-3.634],[-44.445,-3.629],[-44.449,-3.622],[-44.444,-3.602],[-44.448,-3.6],[-44.447,-3.573],[-44.452,-3.561],[-44.4,-3.53],[-44.4,-3.531],[-44.398,-3.538],[-44.303,-3.537],[-44.202,-3.537],[-44.175,-3.536]]]}},{"type":"Feature","properties":{"id":"2102754","nome":"Capinzal do Norte"},"geometry":{"type":"Polygon","coordinates":[[[-44.219,-4.568],[-44.222,-4.577],[-44.23,-4.582],[-44.23,-4.593],[-44.23,-4.595],[-44.222,-4.598],[-44.22,-4.605],[-44.234,-4.621],[-44.233,-4.627],[-44.226,-4.645],[-44.204,-4.657],[-44.206,-4.671],[-44.208,-4.674],[-44.199,-4.691],[-44.199,-4.701],[-44.203,-4.713],[-44.197,-4.729],[-44.22,-4.759],[-44.232,-4.787],[-44.236,-4.792],[-44.243,-4.793],[-44.253,-4.816],[-44.263,-4.816],[-44.274,-4.826],[-44.284,-4.824],[-44.286,-4.83],[-44.299,-4.837],[-44.301,-4.845],[-44.311,-4.843],[-44.322,-4.834],[-44.322,-4.832],[-44.352,-4.807],[-44.349,-4.799],[-44.354,-4.779],[-44.365,-4.773],[-44.368,-4.767],[-44.375,-4.766],[-44.377,-4.761],[-44.385,-4.759],[-44.391,-4.75],[-44.406,-4.744],[-44.415,-4.726],[-44.418,-4.721],[-44.435,-4.712],[-44.45,-4.697],[-44.398,-4.666],[-44.397,-4.665],[-44.406,-4.657],[-44.405,-4.649],[-44.411,-4.638],[-44.41,-4.628],[-44.415,-4.616],[-44.399,-4.606],[-44.394,-4.604],[-44.392,-4.608],[-44.387,-4.606],[-44.387,-4.597],[-44.38,-4.583],[-44.369,-4.577],[-44.36,-4.579],[-44.353,-4.574],[-44.348,-4.561],[-44.347,-4.558],[-44.304,-4.549],[-44.196,-4.527],[-44.208,-4.545],[-44.216,-4.547],[-44.219,-4.568]]]}},{"type":"Feature","properties":{"id":"2102804","nome":"Carolina"},"geometry":{"type":"Polygon","coordinates":[[[-47.491,-6.841],[-47.492,-6.847],[-47.486,-6.842],[-47.483,-6.847],[-47.488,-6.852],[-47.477,-6.85],[-47.478,-6.855],[-47.469,-6.863],[-47.461,-6.864],[-47.454,-6.876],[-47.439,-6.881],[-47.43,-6.89],[-47.42,-6.894],[-47.417,-6.899],[-47.397,-6.907],[-47.387,-6.924],[-47.388,-6.929],[-47.381,-6.931],[-47.377,-6.929],[-47.364,-6.931],[-47.35,-6.936],[-47.342,-6.94],[-47.34,-6.946],[-47.323,-6.953],[-47.312,-6.95],[-47.298,-6.966],[-47.291,-6.966],[-47.289,-6.971],[-47.282,-6.974],[-47.281,-6.979],[-47.274,-6.984],[-47.246,-6.986],[-47.238,-6.982],[-47.229,-6.988],[-47.219,-6.989],[-47.204,-6.982],[-47.188,-6.98],[-47.182,-6.988],[-47.167,-6.991],[-47.164,-6.997],[-47.151,-7.004],[-47.142,-6.994],[-47.135,-6.993],[-47.13,-6.998],[-47.133,-7.001],[-47.132,-7.004],[-47.126,-7.004],[-47.125,-7.008],[-47.107,-7.008],[-47.103,-7.014],[-47.093,-7.021],[-47.082,-7.017],[-47.063,-7.02],[-47.058,-7.027],[-47.052,-7.026],[-47.048,-7.021],[-47.042,-7.022],[-47.034,-7.017],[-47.028,-7.02],[-47.017,-7.019],[-47.014,-7.022],[-46.997,-7.015],[-46.993,-7.025],[-46.983,-7.022],[-46.983,-7.012],[-46.975,-7.012],[-46.977,-7.017],[-46.969,-7.023],[-46.962,-7.024],[-46.961,-7.03],[-46.957,-7.031],[-46.951,-7.031],[-46.951,-7.021],[-46.941,-7.019],[-46.931,-7.029],[-46.922,-7.03],[-46.91,-7.019],[-46.889,-7.022],[-46.887,-7.017],[-46.883,-7.026],[-46.874,-7.026],[-46.868,-7.032],[-46.864,-7.046],[-46.86,-7.049],[-46.84,-7.062],[-46.822,-7.063],[-46.815,-7.07],[-46.801,-7.071],[-46.779,-7.079],[-46.779,-7.084],[-46.767,-7.097],[-46.769,-7.106],[-46.766,-7.111],[-46.773,-7.119],[-46.775,-7.129],[-46.756,-7.136],[-46.752,-7.145],[-46.73,-7.16],[-46.727,-7.188],[-46.722,-7.197],[-46.724,-7.201],[-46.744,-7.21],[-46.746,-7.215],[-46.745,-7.227],[-46.742,-7.231],[-46.761,-7.243],[-46.762,-7.252],[-46.812,-7.279],[-46.818,-7.29],[-46.837,-7.296],[-46.852,-7.29],[-46.867,-7.296],[-46.884,-7.295],[-46.909,-7.307],[-46.923,-7.321],[-46.946,-7.323],[-46.961,-7.327],[-46.975,-7.347],[-46.983,-7.354],[-47.007,-7.357],[-47.018,-7.365],[-47.023,-7.365],[-47.026,-7.382],[-47.042,-7.39],[-47.053,-7.388],[-47.059,-7.395],[-47.074,-7.404],[-47.087,-7.406],[-47.092,-7.415],[-47.093,-7.415],[-47.107,-7.429],[-47.109,-7.449],[-47.119,-7.466],[-47.118,-7.492],[-47.126,-7.51],[-47.125,-7.52],[-47.144,-7.543],[-47.155,-7.545],[-47.163,-7.557],[-47.195,-7.577],[-47.204,-7.591],[-47.203,-7.606],[-47.207,-7.608],[-47.208,-7.615],[-47.213,-7.616],[-47.211,-7.622],[-47.219,-7.633],[-47.215,-7.638],[-47.209,-7.636],[-47.203,-7.642],[-47.202,-7.635],[-47.199,-7.633],[-47.197,-7.637],[-47.2,-7.644],[-47.192,-7.645],[-47.185,-7.652],[-47.183,-7.648],[-47.189,-7.645],[-47.185,-7.638],[-47.181,-7.643],[-47.169,-7.644],[-47.166,-7.649],[-47.15,-7.654],[-47.15,-7.663],[-47.141,-7.657],[-47.127,-7.656],[-47.109,-7.649],[-47.1,-7.664],[-47.094,-7.667],[-47.093,-7.656],[-47.085,-7.649],[-47.081,-7.652],[-47.071,-7.65],[-47.066,-7.655],[-47.059,-7.653],[-47.055,-7.657],[-47.047,-7.654],[-47.048,-7.668],[-47.041,-7.676],[-47.032,-7.685],[-47.037,-7.692],[-47.033,-7.697],[-47.022,-7.696],[-47.009,-7.704],[-46.999,-7.703],[-46.988,-7.697],[-46.979,-7.705],[-46.977,-7.699],[-46.972,-7.697],[-46.971,-7.705],[-46.961,-7.705],[-46.955,-7.709],[-46.956,-7.701],[-46.952,-7.699],[-46.948,-7.701],[-46.952,-7.706],[-46.95,-7.712],[-46.939,-7.711],[-46.933,-7.717],[-46.926,-7.711],[-46.919,-7.712],[-46.912,-7.725],[-46.9,-7.728],[-46.895,-7.747],[-46.885,-7.741],[-46.876,-7.742],[-46.872,-7.743],[-46.867,-7.735],[-46.851,-7.739],[-46.843,-7.732],[-46.837,-7.732],[-46.83,-7.745],[-46.822,-7.741],[-46.808,-7.748],[-46.804,-7.745],[-46.804,-7.755],[-46.799,-7.76],[-46.798,-7.767],[-46.795,-7.767],[-46.794,-7.788],[-46.802,-7.803],[-46.81,-7.807],[-46.818,-7.807],[-46.835,-7.825],[-46.83,-7.839],[-46.837,-7.866],[-46.846,-7.88],[-46.806,-7.951],[-46.809,-7.952],[-46.824,-7.959],[-46.831,-7.963],[-46.838,-7.959],[-46.84,-7.965],[-46.844,-7.965],[-46.85,-7.957],[-46.861,-7.961],[-46.866,-7.969],[-46.871,-7.961],[-46.869,-7.956],[-46.872,-7.955],[-46.882,-7.964],[-46.882,-7.973],[-46.889,-7.975],[-46.896,-7.987],[-46.905,-7.987],[-46.909,-7.98],[-46.918,-7.981],[-46.922,-7.985],[-46.921,-7.995],[-46.923,-7.992],[-46.941,-7.996],[-46.945,-8.005],[-46.949,-8.008],[-46.953,-8.006],[-46.956,-8.016],[-46.954,-8.026],[-46.966,-8.034],[-46.962,-8.039],[-46.98,-8.045],[-46.982,-8.05],[-46.989,-8.047],[-46.997,-8.067],[-47.001,-8.066],[-47.002,-8.057],[-47.008,-8.062],[-47.014,-8.057],[-47.02,-8.06],[-47.024,-8.056],[-47.043,-8.053],[-47.044,-8.046],[-47.053,-8.041],[-47.051,-8.035],[-47.059,-8.027],[-47.06,-8.01],[-47.065,-8.002],[-47.072,-8.0],[-47.072,-7.996],[-47.083,-7.988],[-47.106,-7.99],[-47.097,-7.98],[-47.106,-7.969],[-47.101,-7.966],[-47.104,-7.961],[-47.102,-7.954],[-47.105,-7.953],[-47.112,-7.959],[-47.116,-7.952],[-47.107,-7.937],[-47.116,-7.939],[-47.121,-7.922],[-47.125,-7.925],[-47.131,-7.922],[-47.141,-7.925],[-47.145,-7.912],[-47.142,-7.894],[-47.152,-7.895],[-47.16,-7.887],[-47.163,-7.879],[-47.175,-7.871],[-47.18,-7.861],[-47.174,-7.857],[-47.179,-7.855],[-47.182,-7.858],[-47.187,-7.857],[-47.187,-7.843],[-47.196,-7.849],[-47.201,-7.845],[-47.2,-7.84],[-47.207,-7.839],[-47.206,-7.834],[-47.215,-7.835],[-47.223,-7.826],[-47.234,-7.824],[-47.229,-7.816],[-47.234,-7.819],[-47.239,-7.813],[-47.245,-7.815],[-47.247,-7.809],[-47.235,-7.804],[-47.247,-7.801],[-47.24,-7.794],[-47.247,-7.785],[-47.245,-7.781],[-47.255,-7.765],[-47.246,-7.758],[-47.255,-7.759],[-47.259,-7.756],[-47.266,-7.761],[-47.261,-7.751],[-47.261,-7.741],[-47.273,-7.745],[-47.27,-7.734],[-47.273,-7.731],[-47.282,-7.735],[-47.293,-7.728],[-47.301,-7.734],[-47.312,-7.731],[-47.315,-7.717],[-47.305,-7.713],[-47.314,-7.706],[-47.316,-7.701],[-47.31,-7.698],[-47.306,-7.703],[-47.302,-7.702],[-47.302,-7.689],[-47.331,-7.685],[-47.333,-7.678],[-47.331,-7.674],[-47.337,-7.667],[-47.329,-7.663],[-47.32,-7.664],[-47.314,-7.66],[-47.323,-7.655],[-47.335,-7.637],[-47.348,-7.631],[-47.351,-7.621],[-47.359,-7.616],[-47.372,-7.621],[-47.372,-7.625],[-47.364,-7.635],[-47.353,-7.64],[-47.352,-7.646],[-47.365,-7.655],[-47.381,-7.654],[-47.387,-7.635],[-47.382,-7.619],[-47.382,-7.6],[-47.404,-7.587],[-47.397,-7.572],[-47.405,-7.563],[-47.422,-7.562],[-47.439,-7.556],[-47.429,-7.547],[-47.425,-7.541],[-47.424,-7.531],[-47.427,-7.525],[-47.438,-7.521],[-47.461,-7.519],[-47.468,-7.531],[-47.475,-7.533],[-47.48,-7.526],[-47.48,-7.492],[-47.498,-7.479],[-47.499,-7.453],[-47.504,-7.436],[-47.52,-7.432],[-47.55,-7.439],[-47.563,-7.45],[-47.591,-7.439],[-47.577,-7.416],[-47.563,-7.406],[-47.509,-7.385],[-47.498,-7.378],[-47.483,-7.361],[-47.48,-7.353],[-47.478,-7.346],[-47.478,-7.336],[-47.482,-7.322],[-47.485,-7.317],[-47.503,-7.29],[-47.531,-7.269],[-47.542,-7.265],[-47.587,-7.263],[-47.6,-7.266],[-47.607,-7.272],[-47.623,-7.296],[-47.634,-7.304],[-47.639,-7.305],[-47.647,-7.304],[-47.654,-7.298],[-47.674,-7.259],[-47.691,-7.238],[-47.735,-7.219],[-47.736,-7.218],[-47.743,-7.208],[-47.75,-7.189],[-47.747,-7.167],[-47.738,-7.156],[-47.704,-7.135],[-47.694,-7.137],[-47.675,-7.147],[-47.66,-7.151],[-47.644,-7.143],[-47.626,-7.118],[-47.618,-7.091],[-47.594,-7.062],[-47.574,-7.05],[-47.557,-7.031],[-47.545,-7.012],[-47.535,-6.987],[-47.528,-6.973],[-47.529,-6.946],[-47.507,-6.907],[-47.505,-6.893],[-47.507,-6.872],[-47.52,-6.84],[-47.512,-6.839],[-47.511,-6.845],[-47.494,-6.839],[-47.491,-6.841]]]}},{"type":"Feature","properties":{"id":"2102903","nome":"Carutapera"},"geometry":{"type":"Polygon","coordinates":[[[-45.952,-1.103],[-45.954,-1.106],[-45.958,-1.105],[-45.956,-1.101],[-45.952,-1.103]],[[-45.841,-1.044],[-45.841,-1.047],[-45.844,-1.047],[-45.838,-1.052],[-45.834,-1.088],[-45.839,-1.101],[-45.843,-1.093],[-45.842,-1.101],[-45.854,-1.115],[-45.852,-1.125],[-45.88,-1.134],[-45.882,-1.139],[-45.905,-1.163],[-45.908,-1.175],[-45.914,-1.182],[-45.908,-1.177],[-45.904,-1.178],[-45.905,-1.19],[-45.908,-1.194],[-45.914,-1.195],[-45.915,-1.2],[-45.913,-1.196],[-45.908,-1.194],[-45.902,-1.192],[-45.9,-1.176],[-45.884,-1.155],[-45.873,-1.146],[-45.865,-1.147],[-45.861,-1.151],[-45.863,-1.157],[-45.869,-1.164],[-45.872,-1.163],[-45.877,-1.172],[-45.875,-1.178],[-45.888,-1.18],[-45.885,-1.183],[-45.877,-1.182],[-45.869,-1.171],[-45.865,-1.172],[-45.862,-1.167],[-45.86,-1.168],[-45.859,-1.173],[-45.871,-1.192],[-45.861,-1.188],[-45.865,-1.202],[-45.875,-1.207],[-45.879,-1.213],[-45.897,-1.222],[-45.894,-1.227],[-45.904,-1.224],[-45.896,-1.23],[-45.895,-1.235],[-45.9,-1.239],[-45.912,-1.235],[-45.908,-1.24],[-45.902,-1.241],[-45.907,-1.25],[-45.903,-1.26],[-45.901,-1.258],[-45.904,-1.25],[-45.901,-1.244],[-45.894,-1.239],[-45.893,-1.231],[-45.886,-1.223],[-45.867,-1.222],[-45.85,-1.209],[-45.846,-1.21],[-45.85,-1.219],[-45.865,-1.233],[-45.871,-1.248],[-45.863,-1.235],[-45.843,-1.22],[-45.846,-1.23],[-45.88,-1.26],[-45.88,-1.264],[-45.875,-1.279],[-45.88,-1.285],[-45.905,-1.292],[-45.92,-1.327],[-45.974,-1.437],[-46.016,-1.523],[-46.024,-1.518],[-46.034,-1.667],[-46.056,-1.741],[-46.068,-1.727],[-46.062,-1.694],[-46.068,-1.677],[-46.092,-1.676],[-46.1,-1.666],[-46.108,-1.645],[-46.16,-1.624],[-46.144,-1.609],[-46.144,-1.601],[-46.15,-1.595],[-46.15,-1.594],[-46.149,-1.588],[-46.131,-1.578],[-46.133,-1.553],[-46.137,-1.545],[-46.139,-1.514],[-46.149,-1.498],[-46.156,-1.492],[-46.159,-1.48],[-46.169,-1.47],[-46.133,-1.437],[-46.129,-1.429],[-46.146,-1.419],[-46.147,-1.415],[-46.131,-1.4],[-46.124,-1.377],[-46.121,-1.369],[-46.107,-1.356],[-46.104,-1.339],[-46.098,-1.334],[-46.095,-1.327],[-46.099,-1.323],[-46.115,-1.326],[-46.121,-1.324],[-46.123,-1.319],[-46.119,-1.304],[-46.126,-1.299],[-46.14,-1.299],[-46.154,-1.269],[-46.14,-1.253],[-46.137,-1.243],[-46.146,-1.227],[-46.142,-1.219],[-46.13,-1.206],[-46.112,-1.196],[-46.104,-1.202],[-46.103,-1.202],[-46.077,-1.196],[-46.075,-1.161],[-46.068,-1.15],[-46.068,-1.164],[-46.066,-1.162],[-46.064,-1.144],[-46.056,-1.131],[-46.053,-1.131],[-46.049,-1.142],[-46.049,-1.151],[-46.04,-1.174],[-46.037,-1.167],[-46.044,-1.153],[-46.042,-1.133],[-46.046,-1.121],[-46.035,-1.105],[-46.03,-1.106],[-46.019,-1.082],[-46.016,-1.083],[-46.018,-1.089],[-46.014,-1.085],[-46.018,-1.075],[-46.015,-1.065],[-46.011,-1.065],[-46.002,-1.075],[-46.002,-1.085],[-45.999,-1.089],[-45.997,-1.061],[-45.994,-1.056],[-45.989,-1.059],[-45.988,-1.047],[-45.984,-1.045],[-45.977,-1.048],[-45.965,-1.046],[-45.965,-1.057],[-45.976,-1.061],[-45.979,-1.067],[-45.97,-1.062],[-45.965,-1.067],[-45.962,-1.077],[-45.957,-1.08],[-45.958,-1.085],[-45.967,-1.094],[-45.971,-1.084],[-45.986,-1.086],[-45.988,-1.09],[-45.971,-1.087],[-45.971,-1.106],[-45.976,-1.105],[-45.974,-1.109],[-45.982,-1.122],[-45.976,-1.116],[-45.959,-1.107],[-45.953,-1.108],[-45.953,-1.126],[-45.957,-1.131],[-45.974,-1.132],[-45.99,-1.138],[-45.985,-1.147],[-45.991,-1.152],[-45.994,-1.162],[-45.986,-1.155],[-45.982,-1.159],[-45.985,-1.167],[-45.981,-1.166],[-45.977,-1.161],[-45.982,-1.153],[-45.975,-1.143],[-45.965,-1.141],[-45.963,-1.146],[-45.958,-1.139],[-45.942,-1.138],[-45.949,-1.152],[-45.95,-1.157],[-45.945,-1.161],[-45.95,-1.175],[-45.949,-1.19],[-45.952,-1.194],[-45.949,-1.208],[-45.953,-1.23],[-45.956,-1.233],[-45.948,-1.238],[-45.942,-1.229],[-45.933,-1.202],[-45.937,-1.197],[-45.937,-1.191],[-45.909,-1.142],[-45.903,-1.148],[-45.907,-1.139],[-45.897,-1.125],[-45.895,-1.116],[-45.887,-1.114],[-45.89,-1.107],[-45.875,-1.097],[-45.884,-1.099],[-45.886,-1.092],[-45.869,-1.073],[-45.861,-1.076],[-45.862,-1.071],[-45.858,-1.07],[-45.866,-1.068],[-45.871,-1.061],[-45.864,-1.054],[-45.847,-1.049],[-45.851,-1.048],[-45.846,-1.044],[-45.841,-1.044]]]}},{"type":"Feature","properties":{"id":"2103000","nome":"Caxias"},"geometry":{"type":"Polygon","coordinates":[[[-42.942,-4.708],[-42.923,-4.721],[-42.92,-4.737],[-42.921,-4.741],[-42.925,-4.749],[-42.948,-4.766],[-42.95,-4.789],[-42.947,-4.798],[-42.935,-4.813],[-42.897,-4.842],[-42.893,-4.858],[-42.894,-4.886],[-42.89,-4.894],[-42.909,-4.899],[-43.002,-4.919],[-43.039,-4.927],[-43.041,-4.998],[-43.043,-5.075],[-43.052,-5.081],[-43.07,-5.078],[-43.198,-5.153],[-43.206,-5.158],[-43.258,-5.179],[-43.269,-5.184],[-43.393,-5.233],[-43.442,-5.252],[-43.436,-5.273],[-43.446,-5.282],[-43.448,-5.288],[-43.485,-5.266],[-43.507,-5.273],[-43.526,-5.268],[-43.534,-5.247],[-43.545,-5.237],[-43.568,-5.231],[-43.602,-5.229],[-43.605,-5.236],[-43.615,-5.239],[-43.625,-5.249],[-43.642,-5.252],[-43.666,-5.247],[-43.688,-5.259],[-43.72,-5.304],[-43.726,-5.301],[-43.746,-5.301],[-43.76,-5.286],[-43.777,-5.281],[-43.784,-5.273],[-43.775,-5.258],[-43.772,-5.232],[-43.766,-5.218],[-43.761,-5.202],[-43.748,-5.198],[-43.74,-5.199],[-43.729,-5.198],[-43.724,-5.191],[-43.724,-5.183],[-43.71,-5.179],[-43.706,-5.17],[-43.692,-5.163],[-43.681,-5.162],[-43.666,-5.152],[-43.648,-5.124],[-43.639,-5.113],[-43.632,-5.113],[-43.621,-5.12],[-43.598,-5.11],[-43.593,-5.112],[-43.593,-5.104],[-43.599,-5.094],[-43.608,-5.089],[-43.61,-5.077],[-43.579,-5.032],[-43.572,-5.016],[-43.547,-4.985],[-43.551,-4.981],[-43.546,-4.968],[-43.552,-4.952],[-43.55,-4.929],[-43.558,-4.914],[-43.565,-4.878],[-43.584,-4.878],[-43.595,-4.883],[-43.602,-4.881],[-43.618,-4.875],[-43.627,-4.864],[-43.641,-4.858],[-43.644,-4.86],[-43.667,-4.849],[-43.683,-4.855],[-43.691,-4.855],[-43.703,-4.862],[-43.713,-4.863],[-43.744,-4.844],[-43.75,-4.846],[-43.756,-4.855],[-43.757,-4.852],[-43.768,-4.851],[-43.77,-4.842],[-43.785,-4.839],[-43.795,-4.832],[-43.794,-4.825],[-43.786,-4.827],[-43.781,-4.825],[-43.802,-4.819],[-43.808,-4.804],[-43.824,-4.796],[-43.827,-4.79],[-43.841,-4.763],[-43.835,-4.756],[-43.721,-4.739],[-43.705,-4.732],[-43.7,-4.731],[-43.677,-4.738],[-43.67,-4.749],[-43.656,-4.754],[-43.642,-4.75],[-43.64,-4.744],[-43.632,-4.739],[-43.633,-4.732],[-43.629,-4.72],[-43.621,-4.716],[-43.611,-4.687],[-43.607,-4.684],[-43.605,-4.678],[-43.591,-4.669],[-43.59,-4.663],[-43.584,-4.658],[-43.577,-4.663],[-43.553,-4.676],[-43.535,-4.68],[-43.522,-4.678],[-43.509,-4.683],[-43.499,-4.682],[-43.498,-4.678],[-43.491,-4.676],[-43.484,-4.661],[-43.478,-4.647],[-43.463,-4.642],[-43.457,-4.647],[-43.452,-4.645],[-43.451,-4.64],[-43.446,-4.64],[-43.443,-4.638],[-43.427,-4.638],[-43.421,-4.629],[-43.407,-4.633],[-43.403,-4.63],[-43.389,-4.637],[-43.365,-4.646],[-43.356,-4.65],[-43.355,-4.655],[-43.345,-4.659],[-43.341,-4.666],[-43.312,-4.681],[-43.305,-4.68],[-43.301,-4.684],[-43.298,-4.692],[-43.281,-4.694],[-43.253,-4.717],[-43.24,-4.696],[-43.211,-4.674],[-43.208,-4.657],[-43.205,-4.643],[-43.207,-4.636],[-43.204,-4.629],[-43.159,-4.591],[-43.134,-4.562],[-43.129,-4.539],[-43.125,-4.537],[-43.122,-4.509],[-43.116,-4.501],[-43.106,-4.482],[-43.091,-4.464],[-43.082,-4.446],[-42.95,-4.386],[-42.931,-4.381],[-42.903,-4.398],[-42.892,-4.406],[-42.872,-4.428],[-42.878,-4.451],[-42.876,-4.464],[-42.852,-4.477],[-42.849,-4.482],[-42.852,-4.494],[-42.859,-4.5],[-42.86,-4.515],[-42.874,-4.535],[-42.868,-4.559],[-42.867,-4.566],[-42.876,-4.586],[-42.883,-4.596],[-42.913,-4.647],[-42.92,-4.654],[-42.932,-4.663],[-42.951,-4.68],[-42.953,-4.695],[-42.942,-4.708]]]}},{"type":"Feature","properties":{"id":"2103109","nome":"Cedral"},"geometry":{"type":"Polygon","coordinates":[[[-44.568,-1.916],[-44.567,-1.918],[-44.569,-1.917],[-44.568,-1.916]],[[-44.517,-1.893],[-44.502,-1.927],[-44.493,-1.933],[-44.488,-1.943],[-44.487,-1.967],[-44.505,-1.96],[-44.504,-1.949],[-44.511,-1.954],[-44.515,-1.947],[-44.515,-1.951],[-44.522,-1.958],[-44.521,-1.96],[-44.518,-1.955],[-44.509,-1.964],[-44.487,-1.975],[-44.496,-1.988],[-44.495,-1.99],[-44.489,-1.982],[-44.484,-1.981],[-44.485,-2.003],[-44.496,-2.007],[-44.507,-2.015],[-44.532,-2.023],[-44.567,-2.02],[-44.588,-2.037],[-44.603,-2.036],[-44.614,-2.035],[-44.62,-2.042],[-44.627,-2.037],[-44.628,-2.045],[-44.634,-2.042],[-44.638,-2.044],[-44.642,-2.056],[-44.649,-2.056],[-44.653,-2.063],[-44.691,-2.067],[-44.721,-2.075],[-44.721,-2.068],[-44.712,-2.059],[-44.683,-2.052],[-44.694,-2.039],[-44.712,-2.027],[-44.712,-2.009],[-44.719,-2.001],[-44.72,-1.974],[-44.707,-1.971],[-44.704,-1.967],[-44.697,-1.968],[-44.697,-1.977],[-44.696,-1.99],[-44.643,-1.971],[-44.616,-1.968],[-44.627,-1.952],[-44.638,-1.944],[-44.631,-1.943],[-44.623,-1.934],[-44.62,-1.92],[-44.613,-1.918],[-44.609,-1.916],[-44.605,-1.906],[-44.598,-1.898],[-44.59,-1.904],[-44.581,-1.894],[-44.574,-1.894],[-44.57,-1.898],[-44.573,-1.907],[-44.567,-1.911],[-44.569,-1.918],[-44.561,-1.923],[-44.561,-1.921],[-44.567,-1.917],[-44.566,-1.912],[-44.57,-1.906],[-44.567,-1.899],[-44.546,-1.89],[-44.541,-1.893],[-44.545,-1.904],[-44.538,-1.894],[-44.533,-1.902],[-44.528,-1.909],[-44.53,-1.9],[-44.528,-1.881],[-44.523,-1.882],[-44.517,-1.893]]]}},{"type":"Feature","properties":{"id":"2103125","nome":"Central do Maranh\u00e3o"},"geometry":{"type":"Polygon","coordinates":[[[-44.835,-2.149],[-44.827,-2.152],[-44.812,-2.149],[-44.795,-2.152],[-44.798,-2.174],[-44.796,-2.178],[-44.784,-2.186],[-44.787,-2.207],[-44.8,-2.222],[-44.795,-2.232],[-44.786,-2.238],[-44.782,-2.249],[-44.756,-2.245],[-44.748,-2.252],[-44.733,-2.252],[-44.739,-2.261],[-44.754,-2.259],[-44.761,-2.27],[-44.773,-2.288],[-44.801,-2.304],[-44.817,-2.298],[-44.838,-2.313],[-44.845,-2.315],[-44.846,-2.328],[-44.866,-2.333],[-44.869,-2.337],[-44.867,-2.343],[-44.862,-2.355],[-44.876,-2.365],[-44.88,-2.377],[-44.889,-2.375],[-44.898,-2.384],[-44.938,-2.361],[-44.951,-2.356],[-44.957,-2.357],[-44.964,-2.351],[-44.964,-2.341],[-44.965,-2.275],[-44.965,-2.263],[-44.965,-2.251],[-44.96,-2.244],[-44.95,-2.241],[-44.939,-2.238],[-44.916,-2.218],[-44.904,-2.194],[-44.884,-2.175],[-44.882,-2.173],[-44.867,-2.163],[-44.871,-2.145],[-44.868,-2.135],[-44.858,-2.125],[-44.849,-2.14],[-44.835,-2.149]]]}},{"type":"Feature","properties":{"id":"2103158","nome":"Centro do Guilherme"},"geometry":{"type":"Polygon","coordinates":[[[-46.017,-2.159],[-46.003,-2.159],[-45.986,-2.152],[-45.992,-2.162],[-45.992,-2.167],[-45.986,-2.169],[-45.985,-2.174],[-45.994,-2.205],[-45.988,-2.224],[-45.99,-2.246],[-45.984,-2.251],[-45.989,-2.27],[-45.988,-2.277],[-45.995,-2.289],[-45.997,-2.306],[-45.997,-2.341],[-45.99,-2.363],[-45.993,-2.383],[-46.004,-2.404],[-46.004,-2.419],[-46.01,-2.43],[-46.019,-2.435],[-46.023,-2.443],[-46.023,-2.447],[-46.026,-2.455],[-46.029,-2.466],[-46.042,-2.471],[-46.046,-2.49],[-46.043,-2.5],[-46.043,-2.521],[-46.043,-2.539],[-46.074,-2.539],[-46.268,-2.539],[-46.278,-2.521],[-46.304,-2.475],[-46.31,-2.452],[-46.31,-2.438],[-46.299,-2.416],[-46.221,-2.332],[-46.216,-2.314],[-46.22,-2.296],[-46.225,-2.282],[-46.223,-2.268],[-46.211,-2.253],[-46.202,-2.248],[-46.185,-2.232],[-46.151,-2.194],[-46.132,-2.198],[-46.124,-2.209],[-46.118,-2.21],[-46.103,-2.192],[-46.094,-2.186],[-46.077,-2.156],[-46.051,-2.144],[-46.039,-2.146],[-46.017,-2.159]]]}},{"type":"Feature","properties":{"id":"2103174","nome":"Centro Novo do Maranh\u00e3o"},"geometry":{"type":"Polygon","coordinates":[[[-46.202,-2.248],[-46.211,-2.253],[-46.223,-2.268],[-46.225,-2.282],[-46.22,-2.296],[-46.216,-2.314],[-46.221,-2.332],[-46.299,-2.416],[-46.31,-2.438],[-46.31,-2.452],[-46.304,-2.475],[-46.278,-2.521],[-46.268,-2.539],[-46.206,-2.599],[-46.169,-2.629],[-46.132,-2.652],[-46.064,-2.686],[-46.072,-2.697],[-46.08,-2.718],[-46.069,-2.741],[-46.076,-2.75],[-46.085,-2.778],[-46.09,-2.783],[-46.09,-2.804],[-46.098,-2.82],[-46.123,-2.847],[-46.13,-2.86],[-46.132,-2.872],[-46.122,-2.895],[-46.122,-2.907],[-46.17,-2.946],[-46.179,-2.958],[-46.186,-2.972],[-46.192,-3.015],[-46.206,-3.03],[-46.22,-3.04],[-46.26,-3.057],[-46.29,-3.075],[-46.352,-3.139],[-46.379,-3.166],[-46.397,-3.195],[-46.4,-3.228],[-46.391,-3.273],[-46.396,-3.298],[-46.398,-3.346],[-46.413,-3.401],[-46.459,-3.485],[-46.475,-3.486],[-46.491,-3.494],[-46.568,-3.564],[-46.593,-3.591],[-46.63,-3.613],[-46.693,-3.676],[-46.698,-3.685],[-46.696,-3.705],[-46.701,-3.711],[-46.706,-3.735],[-46.716,-3.75],[-46.727,-3.767],[-46.737,-3.776],[-46.738,-3.788],[-46.735,-3.791],[-46.734,-3.801],[-46.726,-3.807],[-46.729,-3.828],[-46.724,-3.839],[-46.697,-3.855],[-46.698,-3.861],[-46.709,-3.878],[-46.757,-3.905],[-46.758,-3.944],[-46.761,-3.954],[-46.758,-3.967],[-46.761,-3.975],[-46.777,-3.982],[-46.78,-3.986],[-46.795,-3.99],[-46.804,-3.998],[-46.821,-4.002],[-46.843,-4.003],[-46.869,-4.032],[-46.885,-4.037],[-46.891,-4.044],[-46.9,-4.076],[-46.905,-4.083],[-46.915,-4.087],[-46.927,-4.086],[-46.915,-4.076],[-46.917,-4.066],[-46.912,-4.059],[-46.912,-4.039],[-46.916,-4.027],[-46.915,-4.022],[-46.919,-4.016],[-46.918,-3.998],[-46.936,-3.961],[-46.934,-3.949],[-46.945,-3.923],[-46.943,-3.916],[-46.946,-3.915],[-46.94,-3.901],[-46.942,-3.898],[-46.936,-3.882],[-46.937,-3.873],[-46.955,-3.811],[-46.952,-3.81],[-46.955,-3.807],[-46.952,-3.797],[-46.956,-3.795],[-46.96,-3.785],[-46.962,-3.785],[-46.963,-3.776],[-46.971,-3.768],[-46.973,-3.75],[-46.98,-3.742],[-46.976,-3.739],[-46.977,-3.735],[-46.983,-3.735],[-46.985,-3.726],[-46.995,-3.717],[-47.0,-3.704],[-47.022,-3.69],[-47.029,-3.681],[-47.029,-3.675],[-47.025,-3.672],[-47.029,-3.663],[-47.025,-3.66],[-47.033,-3.643],[-47.025,-3.639],[-47.027,-3.629],[-47.023,-3.626],[-47.028,-3.621],[-47.024,-3.619],[-47.025,-3.614],[-47.03,-3.611],[-47.026,-3.607],[-47.03,-3.604],[-47.032,-3.6],[-47.027,-3.598],[-47.041,-3.589],[-47.032,-3.588],[-47.034,-3.585],[-47.027,-3.581],[-47.028,-3.578],[-47.03,-3.58],[-47.035,-3.573],[-47.039,-3.573],[-47.034,-3.568],[-47.038,-3.564],[-47.037,-3.561],[-47.03,-3.56],[-47.018,-3.565],[-47.016,-3.563],[-47.018,-3.548],[-47.013,-3.546],[-47.01,-3.548],[-47.004,-3.542],[-47.003,-3.534],[-46.996,-3.539],[-46.989,-3.531],[-46.977,-3.53],[-46.98,-3.519],[-46.97,-3.515],[-46.977,-3.504],[-46.977,-3.499],[-46.982,-3.495],[-46.966,-3.491],[-46.967,-3.493],[-46.964,-3.491],[-46.962,-3.497],[-46.96,-3.495],[-46.96,-3.489],[-46.969,-3.473],[-46.957,-3.472],[-46.954,-3.476],[-46.948,-3.476],[-46.949,-3.466],[-46.956,-3.461],[-46.95,-3.456],[-46.947,-3.459],[-46.951,-3.448],[-46.947,-3.448],[-46.946,-3.452],[-46.942,-3.447],[-46.948,-3.438],[-46.956,-3.437],[-46.953,-3.432],[-46.956,-3.426],[-46.954,-3.423],[-46.947,-3.423],[-46.948,-3.42],[-46.94,-3.42],[-46.942,-3.417],[-46.94,-3.414],[-46.948,-3.407],[-46.944,-3.397],[-46.949,-3.392],[-46.945,-3.39],[-46.942,-3.394],[-46.939,-3.396],[-46.938,-3.394],[-46.937,-3.382],[-46.944,-3.378],[-46.938,-3.372],[-46.938,-3.375],[-46.93,-3.373],[-46.927,-3.377],[-46.923,-3.374],[-46.921,-3.369],[-46.924,-3.364],[-46.916,-3.365],[-46.917,-3.361],[-46.912,-3.362],[-46.91,-3.369],[-46.905,-3.367],[-46.903,-3.362],[-46.907,-3.359],[-46.9,-3.355],[-46.897,-3.358],[-46.899,-3.35],[-46.902,-3.349],[-46.89,-3.342],[-46.889,-3.335],[-46.877,-3.341],[-46.879,-3.345],[-46.875,-3.346],[-46.872,-3.341],[-46.868,-3.34],[-46.866,-3.334],[-46.87,-3.328],[-46.873,-3.328],[-46.87,-3.326],[-46.865,-3.329],[-46.857,-3.342],[-46.848,-3.335],[-46.851,-3.329],[-46.849,-3.318],[-46.84,-3.324],[-46.83,-3.311],[-46.822,-3.313],[-46.813,-3.309],[-46.812,-3.3],[-46.826,-3.297],[-46.81,-3.29],[-46.808,-3.283],[-46.819,-3.275],[-46.819,-3.271],[-46.814,-3.267],[-46.81,-3.272],[-46.802,-3.266],[-46.806,-3.244],[-46.796,-3.239],[-46.785,-3.246],[-46.778,-3.241],[-46.777,-3.23],[-46.781,-3.222],[-46.778,-3.216],[-46.762,-3.212],[-46.758,-3.218],[-46.754,-3.215],[-46.757,-3.208],[-46.771,-3.202],[-46.77,-3.199],[-46.757,-3.194],[-46.759,-3.186],[-46.771,-3.177],[-46.761,-3.178],[-46.752,-3.189],[-46.744,-3.179],[-46.748,-3.165],[-46.73,-3.161],[-46.727,-3.161],[-46.719,-3.154],[-46.729,-3.144],[-46.727,-3.13],[-46.73,-3.126],[-46.736,-3.134],[-46.744,-3.136],[-46.749,-3.123],[-46.747,-3.121],[-46.74,-3.122],[-46.735,-3.12],[-46.73,-3.123],[-46.721,-3.108],[-46.712,-3.114],[-46.716,-3.125],[-46.708,-3.127],[-46.702,-3.118],[-46.706,-3.1],[-46.688,-3.093],[-46.681,-3.095],[-46.675,-3.093],[-46.682,-3.075],[-46.672,-3.065],[-46.677,-3.052],[-46.676,-3.033],[-46.667,-3.032],[-46.671,-3.014],[-46.66,-3.011],[-46.659,-3.009],[-46.671,-3.004],[-46.673,-3.0],[-46.669,-2.993],[-46.652,-2.996],[-46.649,-2.994],[-46.649,-2.983],[-46.652,-2.979],[-46.662,-2.976],[-46.661,-2.973],[-46.648,-2.971],[-46.648,-2.961],[-46.655,-2.955],[-46.666,-2.954],[-46.671,-2.947],[-46.667,-2.936],[-46.653,-2.931],[-46.656,-2.923],[-46.663,-2.916],[-46.665,-2.905],[-46.662,-2.904],[-46.672,-2.892],[-46.68,-2.892],[-46.679,-2.881],[-46.674,-2.878],[-46.668,-2.875],[-46.652,-2.878],[-46.645,-2.884],[-46.637,-2.883],[-46.642,-2.878],[-46.636,-2.876],[-46.634,-2.87],[-46.639,-2.87],[-46.641,-2.864],[-46.636,-2.861],[-46.635,-2.868],[-46.629,-2.865],[-46.631,-2.862],[-46.629,-2.858],[-46.64,-2.856],[-46.64,-2.852],[-46.636,-2.851],[-46.622,-2.858],[-46.618,-2.859],[-46.615,-2.855],[-46.612,-2.857],[-46.61,-2.845],[-46.614,-2.837],[-46.618,-2.836],[-46.614,-2.829],[-46.6,-2.834],[-46.587,-2.845],[-46.581,-2.84],[-46.575,-2.841],[-46.584,-2.834],[-46.581,-2.83],[-46.583,-2.827],[-46.59,-2.831],[-46.594,-2.825],[-46.589,-2.823],[-46.59,-2.818],[-46.593,-2.815],[-46.597,-2.817],[-46.6,-2.813],[-46.599,-2.795],[-46.602,-2.789],[-46.607,-2.788],[-46.611,-2.799],[-46.622,-2.805],[-46.627,-2.804],[-46.636,-2.793],[-46.637,-2.781],[-46.632,-2.767],[-46.635,-2.754],[-46.64,-2.75],[-46.645,-2.757],[-46.65,-2.757],[-46.657,-2.739],[-46.653,-2.736],[-46.652,-2.729],[-46.668,-2.734],[-46.67,-2.73],[-46.666,-2.724],[-46.671,-2.711],[-46.664,-2.694],[-46.647,-2.689],[-46.65,-2.682],[-46.649,-2.679],[-46.636,-2.686],[-46.633,-2.682],[-46.633,-2.673],[-46.621,-2.668],[-46.618,-2.658],[-46.622,-2.644],[-46.611,-2.643],[-46.606,-2.639],[-46.593,-2.665],[-46.589,-2.66],[-46.584,-2.637],[-46.574,-2.628],[-46.563,-2.627],[-46.555,-2.63],[-46.54,-2.622],[-46.508,-2.617],[-46.505,-2.615],[-46.509,-2.589],[-46.5,-2.578],[-46.49,-2.581],[-46.487,-2.569],[-46.489,-2.562],[-46.501,-2.556],[-46.5,-2.548],[-46.494,-2.536],[-46.488,-2.532],[-46.484,-2.533],[-46.481,-2.542],[-46.473,-2.545],[-46.418,-2.528],[-46.418,-2.524],[-46.436,-2.512],[-46.436,-2.506],[-46.428,-2.493],[-46.439,-2.478],[-46.436,-2.47],[-46.431,-2.46],[-46.436,-2.459],[-46.439,-2.448],[-46.437,-2.441],[-46.44,-2.412],[-46.427,-2.399],[-46.419,-2.383],[-46.407,-2.368],[-46.411,-2.361],[-46.426,-2.36],[-46.444,-2.38],[-46.456,-2.384],[-46.465,-2.373],[-46.465,-2.369],[-46.461,-2.36],[-46.429,-2.331],[-46.43,-2.303],[-46.419,-2.291],[-46.414,-2.28],[-46.414,-2.265],[-46.416,-2.258],[-46.426,-2.25],[-46.428,-2.239],[-46.407,-2.232],[-46.39,-2.252],[-46.377,-2.253],[-46.371,-2.248],[-46.361,-2.234],[-46.342,-2.227],[-46.336,-2.211],[-46.329,-2.198],[-46.312,-2.18],[-46.288,-2.169],[-46.275,-2.158],[-46.275,-2.156],[-46.285,-2.154],[-46.292,-2.148],[-46.263,-2.121],[-46.259,-2.101],[-46.26,-2.093],[-46.267,-2.081],[-46.263,-2.07],[-46.262,-2.056],[-46.249,-2.05],[-46.058,-2.051],[-46.065,-2.061],[-46.098,-2.092],[-46.104,-2.116],[-46.105,-2.124],[-46.113,-2.143],[-46.145,-2.186],[-46.151,-2.194],[-46.185,-2.232],[-46.202,-2.248]]]}},{"type":"Feature","properties":{"id":"2103208","nome":"Chapadinha"},"geometry":{"type":"Polygon","coordinates":[[[-43.448,-3.432],[-43.442,-3.436],[-43.427,-3.435],[-43.418,-3.439],[-43.413,-3.437],[-43.405,-3.443],[-43.407,-3.452],[-43.402,-3.464],[-43.409,-3.472],[-43.405,-3.482],[-43.407,-3.495],[-43.399,-3.501],[-43.395,-3.501],[-43.39,-3.512],[-43.392,-3.518],[-43.401,-3.519],[-43.401,-3.529],[-43.393,-3.543],[-43.393,-3.548],[-43.387,-3.55],[-43.388,-3.568],[-43.383,-3.583],[-43.394,-3.587],[-43.394,-3.593],[-43.375,-3.609],[-43.366,-3.623],[-43.364,-3.63],[-43.367,-3.649],[-43.34,-3.661],[-43.34,-3.669],[-43.334,-3.683],[-43.292,-3.692],[-43.231,-3.706],[-43.227,-3.712],[-43.229,-3.72],[-43.216,-3.739],[-43.214,-3.761],[-43.2,-3.766],[-43.197,-3.783],[-43.197,-3.784],[-43.199,-3.822],[-43.2,-3.849],[-43.205,-3.957],[-43.208,-4.018],[-43.266,-4.074],[-43.271,-4.078],[-43.325,-4.127],[-43.328,-4.13],[-43.331,-4.133],[-43.401,-4.197],[-43.429,-4.223],[-43.442,-4.217],[-43.485,-4.197],[-43.514,-4.187],[-43.579,-4.22],[-43.594,-4.228],[-43.602,-4.219],[-43.602,-4.215],[-43.593,-4.201],[-43.596,-4.197],[-43.595,-4.187],[-43.598,-4.183],[-43.588,-4.158],[-43.588,-4.146],[-43.605,-4.126],[-43.603,-4.12],[-43.594,-4.105],[-43.601,-4.093],[-43.598,-4.081],[-43.601,-4.074],[-43.599,-4.058],[-43.602,-4.044],[-43.61,-4.041],[-43.614,-4.03],[-43.623,-4.031],[-43.633,-4.016],[-43.637,-4.015],[-43.646,-4.006],[-43.655,-4.007],[-43.67,-3.994],[-43.672,-3.986],[-43.678,-3.986],[-43.681,-3.978],[-43.692,-3.971],[-43.703,-3.969],[-43.706,-3.959],[-43.717,-3.948],[-43.723,-3.946],[-43.729,-3.935],[-43.698,-3.856],[-43.685,-3.824],[-43.666,-3.772],[-43.644,-3.715],[-43.639,-3.703],[-43.611,-3.631],[-43.611,-3.63],[-43.606,-3.619],[-43.606,-3.618],[-43.578,-3.564],[-43.577,-3.564],[-43.542,-3.496],[-43.507,-3.431],[-43.488,-3.395],[-43.447,-3.316],[-43.434,-3.329],[-43.436,-3.337],[-43.429,-3.342],[-43.433,-3.347],[-43.431,-3.357],[-43.423,-3.365],[-43.425,-3.378],[-43.432,-3.386],[-43.43,-3.394],[-43.438,-3.406],[-43.433,-3.422],[-43.443,-3.424],[-43.448,-3.432]]]}},{"type":"Feature","properties":{"id":"2103257","nome":"Cidel\u00e2ndia"},"geometry":{"type":"Polygon","coordinates":[[[-48.016,-4.778],[-48.006,-4.785],[-47.996,-4.78],[-47.98,-4.784],[-47.977,-4.788],[-47.968,-4.791],[-47.939,-4.815],[-47.932,-4.816],[-47.916,-4.83],[-47.895,-4.836],[-47.87,-4.852],[-47.867,-4.855],[-47.861,-4.854],[-47.856,-4.861],[-47.855,-4.871],[-47.849,-4.87],[-47.837,-4.878],[-47.83,-4.888],[-47.828,-4.9],[-47.821,-4.903],[-47.813,-4.921],[-47.809,-4.918],[-47.804,-4.922],[-47.806,-4.929],[-47.803,-4.928],[-47.801,-4.934],[-47.792,-4.935],[-47.778,-4.945],[-47.776,-4.957],[-47.751,-4.963],[-47.717,-4.986],[-47.713,-5.008],[-47.697,-5.029],[-47.685,-5.036],[-47.679,-5.042],[-47.554,-5.095],[-47.538,-5.156],[-47.551,-5.154],[-47.57,-5.158],[-47.592,-5.158],[-47.606,-5.164],[-47.624,-5.159],[-47.644,-5.16],[-47.653,-5.167],[-47.661,-5.168],[-47.686,-5.156],[-47.695,-5.179],[-47.704,-5.234],[-47.726,-5.229],[-47.739,-5.246],[-47.742,-5.247],[-47.743,-5.248],[-47.752,-5.249],[-47.761,-5.259],[-47.777,-5.282],[-47.792,-5.296],[-47.797,-5.296],[-47.798,-5.303],[-47.804,-5.306],[-47.81,-5.315],[-47.814,-5.323],[-47.818,-5.322],[-47.819,-5.326],[-47.83,-5.324],[-47.84,-5.333],[-47.86,-5.323],[-47.859,-5.312],[-47.866,-5.305],[-47.87,-5.28],[-47.872,-5.272],[-47.885,-5.26],[-47.937,-5.239],[-47.932,-5.23],[-47.924,-5.228],[-47.912,-5.215],[-47.91,-5.207],[-47.915,-5.202],[-47.914,-5.199],[-47.901,-5.194],[-47.894,-5.187],[-47.893,-5.181],[-47.894,-5.175],[-47.886,-5.174],[-47.891,-5.171],[-47.899,-5.158],[-47.911,-5.149],[-47.924,-5.122],[-47.94,-5.103],[-47.951,-5.082],[-47.959,-5.075],[-47.965,-5.062],[-47.976,-5.053],[-47.98,-5.054],[-47.984,-5.046],[-47.979,-5.008],[-47.994,-4.996],[-47.996,-4.978],[-48.017,-4.949],[-48.019,-4.938],[-48.014,-4.924],[-48.016,-4.911],[-48.013,-4.898],[-48.017,-4.891],[-48.012,-4.88],[-48.016,-4.869],[-48.014,-4.865],[-48.02,-4.858],[-48.02,-4.851],[-48.032,-4.838],[-48.032,-4.832],[-48.058,-4.804],[-48.025,-4.778],[-48.016,-4.778]]]}},{"type":"Feature","properties":{"id":"2103307","nome":"Cod\u00f3"},"geometry":{"type":"Polygon","coordinates":[[[-43.427,-4.336],[-43.516,-4.387],[-43.546,-4.404],[-43.602,-4.437],[-43.626,-4.451],[-43.696,-4.492],[-43.702,-4.49],[-43.701,-4.479],[-43.716,-4.481],[-43.72,-4.468],[-43.734,-4.473],[-43.737,-4.466],[-43.74,-4.471],[-43.745,-4.467],[-43.75,-4.468],[-43.752,-4.472],[-43.742,-4.475],[-43.733,-4.491],[-43.69,-4.534],[-43.682,-4.539],[-43.676,-4.552],[-43.663,-4.56],[-43.659,-4.569],[-43.642,-4.582],[-43.62,-4.612],[-43.62,-4.617],[-43.614,-4.633],[-43.596,-4.642],[-43.584,-4.658],[-43.59,-4.663],[-43.591,-4.669],[-43.605,-4.678],[-43.607,-4.684],[-43.611,-4.687],[-43.621,-4.716],[-43.629,-4.72],[-43.633,-4.732],[-43.632,-4.739],[-43.64,-4.744],[-43.642,-4.75],[-43.656,-4.754],[-43.67,-4.749],[-43.677,-4.738],[-43.7,-4.731],[-43.705,-4.732],[-43.721,-4.739],[-43.835,-4.756],[-43.841,-4.763],[-43.827,-4.79],[-43.832,-4.797],[-43.841,-4.81],[-43.839,-4.819],[-43.842,-4.826],[-43.846,-4.842],[-43.843,-4.861],[-43.852,-4.872],[-43.852,-4.882],[-43.833,-4.893],[-43.834,-4.919],[-43.831,-4.931],[-43.835,-4.938],[-43.841,-4.937],[-43.848,-4.944],[-43.858,-4.98],[-43.865,-4.986],[-43.871,-5.0],[-43.898,-5.018],[-43.905,-5.027],[-43.91,-5.022],[-43.916,-5.026],[-43.926,-5.026],[-43.945,-5.044],[-43.96,-5.05],[-43.965,-5.042],[-43.974,-5.041],[-43.984,-5.028],[-43.987,-5.01],[-44.008,-4.997],[-44.013,-4.988],[-44.02,-4.98],[-44.034,-4.977],[-44.047,-4.99],[-44.056,-4.991],[-44.063,-4.997],[-44.066,-4.994],[-44.077,-4.985],[-44.084,-4.989],[-44.095,-4.986],[-44.108,-4.988],[-44.111,-4.971],[-44.122,-4.97],[-44.132,-4.963],[-44.142,-4.964],[-44.144,-4.96],[-44.142,-4.951],[-44.13,-4.943],[-44.126,-4.933],[-44.118,-4.936],[-44.12,-4.926],[-44.114,-4.921],[-44.119,-4.919],[-44.113,-4.909],[-44.12,-4.902],[-44.137,-4.912],[-44.146,-4.905],[-44.165,-4.91],[-44.17,-4.912],[-44.166,-4.9],[-44.176,-4.89],[-44.183,-4.888],[-44.186,-4.879],[-44.204,-4.881],[-44.212,-4.889],[-44.211,-4.893],[-44.217,-4.907],[-44.222,-4.909],[-44.243,-4.906],[-44.253,-4.914],[-44.258,-4.925],[-44.264,-4.926],[-44.269,-4.913],[-44.295,-4.914],[-44.306,-4.911],[-44.358,-4.895],[-44.36,-4.878],[-44.355,-4.865],[-44.344,-4.847],[-44.325,-4.846],[-44.322,-4.834],[-44.311,-4.843],[-44.301,-4.845],[-44.299,-4.837],[-44.286,-4.83],[-44.284,-4.824],[-44.274,-4.826],[-44.263,-4.816],[-44.253,-4.816],[-44.243,-4.793],[-44.236,-4.792],[-44.232,-4.787],[-44.22,-4.759],[-44.197,-4.729],[-44.203,-4.713],[-44.199,-4.701],[-44.199,-4.691],[-44.208,-4.674],[-44.206,-4.671],[-44.204,-4.657],[-44.226,-4.645],[-44.233,-4.627],[-44.234,-4.621],[-44.22,-4.605],[-44.222,-4.598],[-44.23,-4.595],[-44.23,-4.593],[-44.23,-4.582],[-44.222,-4.577],[-44.219,-4.568],[-44.216,-4.547],[-44.208,-4.545],[-44.196,-4.527],[-44.181,-4.524],[-44.163,-4.521],[-44.087,-4.505],[-44.093,-4.494],[-44.022,-4.418],[-43.937,-4.335],[-43.924,-4.306],[-43.913,-4.314],[-43.907,-4.326],[-43.897,-4.326],[-43.882,-4.345],[-43.882,-4.349],[-43.873,-4.356],[-43.848,-4.345],[-43.835,-4.346],[-43.833,-4.342],[-43.822,-4.328],[-43.808,-4.324],[-43.754,-4.245],[-43.752,-4.242],[-43.739,-4.241],[-43.682,-4.236],[-43.621,-4.23],[-43.594,-4.228],[-43.579,-4.22],[-43.514,-4.187],[-43.485,-4.197],[-43.442,-4.217],[-43.429,-4.223],[-43.368,-4.302],[-43.417,-4.33],[-43.427,-4.335],[-43.427,-4.336]]]}},{"type":"Feature","properties":{"id":"2103406","nome":"Coelho Neto"},"geometry":{"type":"Polygon","coordinates":[[[-43.129,-4.114],[-43.12,-4.115],[-43.116,-4.119],[-43.086,-4.104],[-43.08,-4.087],[-43.069,-4.089],[-43.065,-4.083],[-43.06,-4.085],[-43.055,-4.091],[-43.059,-4.119],[-43.043,-4.171],[-43.027,-4.181],[-42.989,-4.173],[-42.942,-4.167],[-42.982,-4.214],[-42.989,-4.234],[-42.988,-4.247],[-42.987,-4.257],[-42.986,-4.273],[-42.98,-4.305],[-42.967,-4.324],[-42.962,-4.334],[-42.963,-4.351],[-42.963,-4.376],[-42.958,-4.383],[-42.95,-4.386],[-43.082,-4.446],[-43.185,-4.381],[-43.21,-4.365],[-43.215,-4.349],[-43.214,-4.33],[-43.219,-4.32],[-43.219,-4.305],[-43.228,-4.294],[-43.234,-4.278],[-43.23,-4.272],[-43.231,-4.24],[-43.23,-4.239],[-43.229,-4.225],[-43.235,-4.216],[-43.236,-4.202],[-43.234,-4.186],[-43.224,-4.172],[-43.227,-4.159],[-43.222,-4.146],[-43.225,-4.135],[-43.227,-4.123],[-43.233,-4.115],[-43.244,-4.116],[-43.252,-4.091],[-43.262,-4.083],[-43.266,-4.074],[-43.208,-4.018],[-43.18,-4.026],[-43.168,-4.041],[-43.162,-4.06],[-43.139,-4.078],[-43.135,-4.104],[-43.129,-4.114]]]}},{"type":"Feature","properties":{"id":"2103505","nome":"Colinas"},"geometry":{"type":"Polygon","coordinates":[[[-44.5,-5.861],[-44.497,-5.875],[-44.472,-5.863],[-44.477,-5.877],[-44.469,-5.896],[-44.457,-5.913],[-44.439,-5.92],[-44.429,-5.911],[-44.406,-5.91],[-44.392,-5.905],[-44.365,-5.913],[-44.347,-5.912],[-44.314,-5.923],[-44.295,-5.924],[-44.293,-5.93],[-44.285,-5.936],[-44.271,-5.942],[-44.266,-5.954],[-44.229,-5.94],[-44.183,-5.922],[-44.158,-5.912],[-44.159,-5.909],[-44.151,-5.9],[-44.137,-5.893],[-44.137,-5.889],[-44.134,-5.886],[-44.132,-5.888],[-44.128,-5.881],[-44.123,-5.865],[-44.12,-5.864],[-44.11,-5.873],[-44.102,-5.869],[-44.101,-5.853],[-44.091,-5.846],[-44.09,-5.84],[-44.095,-5.827],[-44.094,-5.82],[-44.075,-5.816],[-44.071,-5.83],[-44.076,-5.836],[-44.071,-5.844],[-44.074,-5.85],[-44.066,-5.857],[-44.068,-5.86],[-44.062,-5.865],[-44.063,-5.869],[-44.057,-5.875],[-44.045,-5.877],[-44.033,-5.896],[-43.996,-5.928],[-43.904,-6.004],[-43.909,-6.019],[-43.919,-6.025],[-43.93,-6.038],[-43.926,-6.049],[-43.928,-6.074],[-43.922,-6.077],[-43.922,-6.087],[-43.93,-6.097],[-43.933,-6.11],[-43.931,-6.116],[-43.934,-6.119],[-43.937,-6.136],[-43.934,-6.142],[-43.94,-6.15],[-43.94,-6.158],[-43.944,-6.165],[-43.944,-6.179],[-43.953,-6.177],[-43.951,-6.186],[-43.959,-6.192],[-43.955,-6.196],[-43.957,-6.206],[-43.954,-6.223],[-43.956,-6.239],[-43.96,-6.24],[-43.963,-6.248],[-43.957,-6.258],[-43.96,-6.262],[-43.966,-6.259],[-43.968,-6.263],[-43.972,-6.275],[-43.98,-6.284],[-43.964,-6.291],[-43.966,-6.295],[-43.976,-6.299],[-43.978,-6.3],[-44.063,-6.336],[-44.099,-6.351],[-44.103,-6.346],[-44.127,-6.315],[-44.141,-6.295],[-44.164,-6.265],[-44.171,-6.256],[-44.215,-6.197],[-44.234,-6.172],[-44.263,-6.121],[-44.309,-6.034],[-44.311,-6.029],[-44.315,-6.024],[-44.33,-6.023],[-44.336,-6.016],[-44.358,-6.01],[-44.363,-6.003],[-44.37,-6.006],[-44.375,-6.006],[-44.376,-6.002],[-44.38,-6.004],[-44.388,-6.004],[-44.396,-6.013],[-44.41,-6.006],[-44.42,-6.013],[-44.427,-6.015],[-44.432,-6.008],[-44.46,-5.992],[-44.472,-5.992],[-44.494,-5.986],[-44.52,-5.989],[-44.525,-5.994],[-44.531,-5.99],[-44.535,-5.995],[-44.542,-5.994],[-44.545,-5.997],[-44.564,-5.993],[-44.577,-6.005],[-44.596,-6.01],[-44.601,-6.017],[-44.601,-5.937],[-44.602,-5.86],[-44.602,-5.828],[-44.554,-5.827],[-44.544,-5.819],[-44.541,-5.82],[-44.541,-5.829],[-44.534,-5.836],[-44.532,-5.844],[-44.524,-5.847],[-44.519,-5.854],[-44.506,-5.854],[-44.5,-5.861]]]}},{"type":"Feature","properties":{"id":"2103554","nome":"Concei\u00e7\u00e3o do Lago-A\u00e7u"},"geometry":{"type":"Polygon","coordinates":[[[-44.812,-3.694],[-44.806,-3.705],[-44.794,-3.701],[-44.799,-3.695],[-44.793,-3.69],[-44.789,-3.694],[-44.792,-3.7],[-44.787,-3.703],[-44.786,-3.703],[-44.781,-3.704],[-44.774,-3.697],[-44.777,-3.692],[-44.775,-3.677],[-44.769,-3.679],[-44.761,-3.675],[-44.754,-3.676],[-44.751,-3.682],[-44.758,-3.686],[-44.735,-3.691],[-44.728,-3.697],[-44.742,-3.698],[-44.743,-3.705],[-44.738,-3.71],[-44.744,-3.71],[-44.746,-3.716],[-44.754,-3.719],[-44.748,-3.723],[-44.751,-3.73],[-44.745,-3.729],[-44.741,-3.723],[-44.739,-3.732],[-44.724,-3.725],[-44.724,-3.737],[-44.719,-3.734],[-44.708,-3.741],[-44.713,-3.744],[-44.712,-3.747],[-44.702,-3.756],[-44.702,-3.761],[-44.702,-3.768],[-44.69,-3.768],[-44.689,-3.771],[-44.684,-3.764],[-44.68,-3.765],[-44.674,-3.779],[-44.669,-3.777],[-44.671,-3.781],[-44.668,-3.781],[-44.666,-3.786],[-44.657,-3.785],[-44.657,-3.792],[-44.65,-3.8],[-44.662,-3.806],[-44.66,-3.809],[-44.652,-3.811],[-44.657,-3.82],[-44.649,-3.822],[-44.649,-3.819],[-44.642,-3.816],[-44.638,-3.818],[-44.634,-3.833],[-44.613,-3.835],[-44.61,-3.839],[-44.61,-3.847],[-44.613,-3.843],[-44.618,-3.844],[-44.622,-3.851],[-44.774,-3.885],[-44.86,-3.904],[-44.932,-3.918],[-44.956,-3.873],[-44.967,-3.854],[-45.021,-3.759],[-45.042,-3.723],[-45.039,-3.719],[-45.032,-3.718],[-45.03,-3.713],[-45.028,-3.717],[-45.01,-3.714],[-45.01,-3.708],[-45.004,-3.704],[-44.998,-3.712],[-44.994,-3.708],[-44.984,-3.708],[-44.979,-3.703],[-44.965,-3.703],[-44.959,-3.694],[-44.946,-3.695],[-44.938,-3.706],[-44.93,-3.706],[-44.923,-3.711],[-44.922,-3.734],[-44.918,-3.739],[-44.926,-3.747],[-44.93,-3.746],[-44.93,-3.749],[-44.926,-3.753],[-44.916,-3.753],[-44.909,-3.747],[-44.904,-3.751],[-44.897,-3.74],[-44.89,-3.744],[-44.885,-3.74],[-44.884,-3.745],[-44.879,-3.746],[-44.868,-3.728],[-44.867,-3.719],[-44.86,-3.716],[-44.863,-3.711],[-44.862,-3.7],[-44.866,-3.694],[-44.86,-3.696],[-44.847,-3.687],[-44.846,-3.669],[-44.841,-3.667],[-44.831,-3.676],[-44.817,-3.678],[-44.813,-3.688],[-44.807,-3.688],[-44.812,-3.694]]]}},{"type":"Feature","properties":{"id":"2103604","nome":"Coroat\u00e1"},"geometry":{"type":"Polygon","coordinates":[[[-43.969,-3.911],[-43.954,-3.953],[-43.938,-4.0],[-43.926,-3.995],[-43.912,-3.979],[-43.903,-3.978],[-43.895,-3.968],[-43.912,-4.016],[-43.927,-4.055],[-43.937,-4.083],[-43.949,-4.116],[-43.986,-4.219],[-43.996,-4.247],[-44.0,-4.253],[-44.006,-4.259],[-44.005,-4.263],[-44.014,-4.267],[-44.016,-4.271],[-44.024,-4.265],[-44.034,-4.279],[-44.039,-4.279],[-44.042,-4.273],[-44.059,-4.284],[-44.067,-4.304],[-44.064,-4.313],[-44.065,-4.317],[-44.06,-4.33],[-44.065,-4.354],[-44.062,-4.369],[-44.057,-4.371],[-44.051,-4.384],[-44.074,-4.397],[-44.07,-4.403],[-44.064,-4.406],[-44.055,-4.397],[-44.055,-4.388],[-43.937,-4.335],[-44.022,-4.418],[-44.093,-4.494],[-44.134,-4.421],[-44.152,-4.386],[-44.18,-4.336],[-44.203,-4.321],[-44.22,-4.309],[-44.267,-4.277],[-44.279,-4.251],[-44.316,-4.162],[-44.342,-4.1],[-44.446,-4.129],[-44.444,-4.126],[-44.451,-4.122],[-44.452,-4.115],[-44.459,-4.112],[-44.456,-4.107],[-44.458,-4.1],[-44.455,-4.098],[-44.46,-4.092],[-44.458,-4.087],[-44.463,-4.086],[-44.452,-4.086],[-44.402,-4.086],[-44.399,-4.066],[-44.408,-4.055],[-44.408,-4.048],[-44.401,-4.038],[-44.398,-4.036],[-44.387,-4.027],[-44.385,-4.022],[-44.388,-4.007],[-44.381,-4.001],[-44.384,-3.998],[-44.375,-3.988],[-44.358,-3.981],[-44.354,-3.974],[-44.356,-3.965],[-44.364,-3.959],[-44.36,-3.945],[-44.368,-3.934],[-44.365,-3.928],[-44.359,-3.926],[-44.351,-3.924],[-44.343,-3.911],[-44.338,-3.909],[-44.343,-3.899],[-44.341,-3.894],[-44.33,-3.896],[-44.327,-3.889],[-44.319,-3.881],[-44.324,-3.868],[-44.323,-3.864],[-44.297,-3.877],[-44.212,-3.92],[-44.198,-3.927],[-44.188,-3.927],[-44.179,-3.917],[-44.166,-3.91],[-44.162,-3.889],[-44.16,-3.878],[-44.16,-3.858],[-44.155,-3.836],[-44.112,-3.838],[-44.03,-3.841],[-43.992,-3.842],[-43.987,-3.858],[-43.969,-3.911]]]}},{"type":"Feature","properties":{"id":"2103703","nome":"Cururupu"},"geometry":{"type":"Polygon","coordinates":[[[-44.622,-1.798],[-44.623,-1.818],[-44.633,-1.796],[-44.63,-1.788],[-44.622,-1.798]],[[-44.726,-1.692],[-44.741,-1.701],[-44.752,-1.694],[-44.735,-1.682],[-44.726,-1.692]],[[-44.741,-1.679],[-44.741,-1.684],[-44.745,-1.683],[-44.741,-1.679]],[[-44.718,-1.67],[-44.724,-1.677],[-44.738,-1.674],[-44.738,-1.67],[-44.723,-1.662],[-44.718,-1.67]],[[-44.751,-1.591],[-44.758,-1.593],[-44.756,-1.587],[-44.751,-1.591]],[[-44.692,-1.584],[-44.693,-1.595],[-44.697,-1.589],[-44.692,-1.584]],[[-44.774,-1.576],[-44.777,-1.58],[-44.778,-1.577],[-44.774,-1.576]],[[-44.772,-1.562],[-44.781,-1.572],[-44.783,-1.569],[-44.772,-1.562]],[[-44.816,-1.57],[-44.824,-1.57],[-44.829,-1.565],[-44.831,-1.56],[-44.82,-1.562],[-44.816,-1.57]],[[-44.696,-1.555],[-44.702,-1.581],[-44.722,-1.603],[-44.72,-1.612],[-44.723,-1.62],[-44.733,-1.622],[-44.723,-1.623],[-44.717,-1.617],[-44.715,-1.604],[-44.702,-1.59],[-44.692,-1.599],[-44.687,-1.572],[-44.681,-1.565],[-44.673,-1.566],[-44.665,-1.579],[-44.667,-1.587],[-44.658,-1.595],[-44.651,-1.612],[-44.642,-1.624],[-44.647,-1.647],[-44.657,-1.666],[-44.666,-1.661],[-44.671,-1.644],[-44.677,-1.651],[-44.683,-1.646],[-44.686,-1.651],[-44.697,-1.652],[-44.7,-1.641],[-44.703,-1.652],[-44.737,-1.655],[-44.745,-1.645],[-44.753,-1.645],[-44.753,-1.648],[-44.745,-1.648],[-44.742,-1.658],[-44.747,-1.671],[-44.755,-1.679],[-44.761,-1.677],[-44.76,-1.681],[-44.769,-1.684],[-44.784,-1.671],[-44.793,-1.684],[-44.78,-1.676],[-44.779,-1.685],[-44.772,-1.69],[-44.782,-1.695],[-44.791,-1.704],[-44.799,-1.707],[-44.804,-1.704],[-44.801,-1.709],[-44.796,-1.709],[-44.791,-1.709],[-44.784,-1.71],[-44.781,-1.717],[-44.787,-1.721],[-44.793,-1.719],[-44.791,-1.721],[-44.78,-1.72],[-44.773,-1.727],[-44.758,-1.729],[-44.755,-1.735],[-44.767,-1.745],[-44.788,-1.743],[-44.789,-1.749],[-44.784,-1.746],[-44.766,-1.749],[-44.755,-1.743],[-44.751,-1.732],[-44.756,-1.727],[-44.77,-1.722],[-44.774,-1.716],[-44.772,-1.711],[-44.756,-1.711],[-44.749,-1.72],[-44.732,-1.725],[-44.713,-1.724],[-44.708,-1.716],[-44.701,-1.719],[-44.697,-1.738],[-44.705,-1.738],[-44.714,-1.755],[-44.723,-1.751],[-44.732,-1.752],[-44.724,-1.753],[-44.719,-1.758],[-44.747,-1.779],[-44.751,-1.786],[-44.782,-1.791],[-44.788,-1.794],[-44.794,-1.804],[-44.798,-1.804],[-44.807,-1.806],[-44.81,-1.802],[-44.813,-1.802],[-44.807,-1.808],[-44.799,-1.806],[-44.8,-1.813],[-44.816,-1.814],[-44.82,-1.821],[-44.834,-1.823],[-44.846,-1.828],[-44.821,-1.823],[-44.813,-1.815],[-44.801,-1.818],[-44.784,-1.795],[-44.763,-1.798],[-44.716,-1.782],[-44.717,-1.789],[-44.727,-1.801],[-44.737,-1.808],[-44.756,-1.814],[-44.759,-1.818],[-44.749,-1.814],[-44.738,-1.81],[-44.714,-1.793],[-44.711,-1.803],[-44.699,-1.804],[-44.71,-1.801],[-44.709,-1.789],[-44.696,-1.772],[-44.685,-1.773],[-44.664,-1.767],[-44.66,-1.743],[-44.654,-1.752],[-44.653,-1.766],[-44.66,-1.773],[-44.668,-1.797],[-44.674,-1.8],[-44.683,-1.799],[-44.689,-1.807],[-44.692,-1.808],[-44.696,-1.822],[-44.682,-1.801],[-44.67,-1.802],[-44.664,-1.797],[-44.658,-1.78],[-44.648,-1.765],[-44.646,-1.77],[-44.652,-1.787],[-44.648,-1.791],[-44.649,-1.784],[-44.644,-1.768],[-44.651,-1.747],[-44.649,-1.742],[-44.647,-1.739],[-44.647,-1.735],[-44.638,-1.735],[-44.649,-1.732],[-44.655,-1.722],[-44.653,-1.72],[-44.64,-1.725],[-44.621,-1.727],[-44.593,-1.745],[-44.594,-1.749],[-44.602,-1.747],[-44.634,-1.784],[-44.636,-1.795],[-44.627,-1.822],[-44.633,-1.829],[-44.631,-1.831],[-44.64,-1.837],[-44.656,-1.84],[-44.661,-1.861],[-44.689,-1.873],[-44.707,-1.879],[-44.707,-1.883],[-44.708,-1.887],[-44.716,-1.888],[-44.717,-1.886],[-44.712,-1.883],[-44.712,-1.878],[-44.718,-1.876],[-44.728,-1.884],[-44.728,-1.891],[-44.733,-1.891],[-44.742,-1.9],[-44.749,-1.917],[-44.779,-1.944],[-44.78,-1.944],[-44.842,-1.944],[-44.925,-1.945],[-44.914,-1.919],[-44.914,-1.909],[-44.914,-1.9],[-44.915,-1.879],[-44.928,-1.878],[-44.933,-1.874],[-44.962,-1.851],[-44.971,-1.844],[-44.974,-1.833],[-44.971,-1.827],[-44.947,-1.824],[-44.928,-1.816],[-44.904,-1.817],[-44.889,-1.766],[-44.908,-1.732],[-44.924,-1.718],[-44.894,-1.707],[-44.884,-1.706],[-44.879,-1.708],[-44.859,-1.698],[-44.859,-1.69],[-44.852,-1.69],[-44.847,-1.686],[-44.846,-1.68],[-44.83,-1.683],[-44.828,-1.69],[-44.822,-1.692],[-44.81,-1.685],[-44.807,-1.669],[-44.809,-1.665],[-44.815,-1.664],[-44.827,-1.671],[-44.828,-1.668],[-44.824,-1.658],[-44.813,-1.649],[-44.814,-1.645],[-44.823,-1.637],[-44.831,-1.639],[-44.839,-1.636],[-44.85,-1.625],[-44.845,-1.624],[-44.846,-1.62],[-44.83,-1.594],[-44.828,-1.576],[-44.822,-1.574],[-44.801,-1.591],[-44.803,-1.607],[-44.792,-1.618],[-44.801,-1.626],[-44.794,-1.626],[-44.79,-1.619],[-44.8,-1.604],[-44.798,-1.598],[-44.793,-1.6],[-44.777,-1.625],[-44.779,-1.639],[-44.799,-1.66],[-44.784,-1.652],[-44.773,-1.634],[-44.774,-1.621],[-44.783,-1.612],[-44.79,-1.588],[-44.784,-1.582],[-44.774,-1.582],[-44.767,-1.577],[-44.769,-1.574],[-44.762,-1.561],[-44.759,-1.562],[-44.76,-1.59],[-44.77,-1.611],[-44.754,-1.614],[-44.765,-1.609],[-44.755,-1.597],[-44.738,-1.612],[-44.75,-1.597],[-44.747,-1.588],[-44.723,-1.57],[-44.714,-1.559],[-44.708,-1.56],[-44.701,-1.57],[-44.702,-1.562],[-44.698,-1.553],[-44.696,-1.555]],[[-44.729,-1.562],[-44.756,-1.583],[-44.756,-1.577],[-44.754,-1.555],[-44.745,-1.548],[-44.743,-1.538],[-44.736,-1.538],[-44.722,-1.547],[-44.72,-1.551],[-44.729,-1.562]],[[-44.809,-1.531],[-44.809,-1.534],[-44.79,-1.53],[-44.789,-1.536],[-44.784,-1.537],[-44.787,-1.542],[-44.786,-1.549],[-44.791,-1.558],[-44.796,-1.563],[-44.804,-1.565],[-44.818,-1.558],[-44.828,-1.541],[-44.824,-1.535],[-44.799,-1.519],[-44.797,-1.505],[-44.797,-1.501],[-44.793,-1.495],[-44.775,-1.484],[-44.763,-1.484],[-44.792,-1.526],[-44.809,-1.531]],[[-44.769,-1.523],[-44.778,-1.53],[-44.785,-1.528],[-44.785,-1.525],[-44.761,-1.489],[-44.761,-1.48],[-44.772,-1.466],[-44.772,-1.462],[-44.753,-1.458],[-44.742,-1.47],[-44.737,-1.512],[-44.745,-1.519],[-44.769,-1.523]],[[-44.817,-1.417],[-44.81,-1.429],[-44.823,-1.438],[-44.824,-1.43],[-44.835,-1.449],[-44.828,-1.488],[-44.831,-1.491],[-44.843,-1.484],[-44.84,-1.458],[-44.846,-1.471],[-44.846,-1.489],[-44.872,-1.48],[-44.886,-1.481],[-44.873,-1.483],[-44.856,-1.493],[-44.852,-1.492],[-44.856,-1.497],[-44.87,-1.494],[-44.876,-1.498],[-44.863,-1.498],[-44.866,-1.509],[-44.873,-1.517],[-44.892,-1.519],[-44.876,-1.523],[-44.883,-1.534],[-44.88,-1.54],[-44.898,-1.548],[-44.907,-1.548],[-44.902,-1.562],[-44.908,-1.576],[-44.901,-1.588],[-44.903,-1.604],[-44.898,-1.613],[-44.9,-1.616],[-44.912,-1.609],[-44.92,-1.615],[-44.924,-1.613],[-44.925,-1.605],[-44.938,-1.603],[-44.936,-1.579],[-44.95,-1.567],[-44.944,-1.562],[-44.941,-1.55],[-44.956,-1.526],[-44.971,-1.504],[-44.964,-1.514],[-44.958,-1.515],[-44.962,-1.501],[-44.961,-1.493],[-44.956,-1.483],[-44.945,-1.476],[-44.935,-1.487],[-44.95,-1.491],[-44.953,-1.498],[-44.951,-1.505],[-44.943,-1.517],[-44.941,-1.513],[-44.95,-1.499],[-44.946,-1.493],[-44.935,-1.509],[-44.926,-1.511],[-44.934,-1.506],[-44.942,-1.495],[-44.904,-1.49],[-44.912,-1.486],[-44.921,-1.489],[-44.92,-1.479],[-44.914,-1.477],[-44.895,-1.454],[-44.881,-1.443],[-44.869,-1.458],[-44.874,-1.445],[-44.873,-1.438],[-44.861,-1.446],[-44.87,-1.437],[-44.871,-1.431],[-44.858,-1.432],[-44.856,-1.427],[-44.859,-1.43],[-44.871,-1.425],[-44.854,-1.416],[-44.841,-1.42],[-44.84,-1.416],[-44.846,-1.414],[-44.825,-1.413],[-44.834,-1.416],[-44.817,-1.417]],[[-44.998,-1.41],[-45.004,-1.411],[-45.016,-1.396],[-45.015,-1.394],[-45.0,-1.402],[-44.998,-1.41]],[[-45.049,-1.343],[-45.048,-1.347],[-45.052,-1.346],[-45.049,-1.343]],[[-45.043,-1.343],[-45.033,-1.386],[-45.04,-1.398],[-45.041,-1.393],[-45.037,-1.39],[-45.042,-1.387],[-45.045,-1.363],[-45.048,-1.349],[-45.05,-1.351],[-45.043,-1.343]],[[-44.876,-1.339],[-44.877,-1.345],[-44.881,-1.338],[-44.876,-1.339]],[[-45.043,-1.339],[-45.052,-1.342],[-45.055,-1.332],[-45.048,-1.327],[-45.044,-1.332],[-45.043,-1.339]],[[-44.972,-1.335],[-44.979,-1.354],[-44.998,-1.346],[-45.001,-1.341],[-45.016,-1.345],[-45.028,-1.339],[-45.017,-1.322],[-45.005,-1.32],[-44.996,-1.322],[-44.99,-1.33],[-44.972,-1.335]],[[-44.858,-1.298],[-44.846,-1.318],[-44.848,-1.329],[-44.842,-1.333],[-44.852,-1.339],[-44.863,-1.343],[-44.875,-1.355],[-44.87,-1.326],[-44.878,-1.336],[-44.891,-1.329],[-44.902,-1.33],[-44.908,-1.327],[-44.909,-1.324],[-44.899,-1.316],[-44.899,-1.312],[-44.907,-1.313],[-44.905,-1.304],[-44.918,-1.303],[-44.925,-1.288],[-44.926,-1.278],[-44.902,-1.278],[-44.882,-1.285],[-44.858,-1.298]],[[-44.955,-1.276],[-44.943,-1.286],[-44.93,-1.285],[-44.921,-1.298],[-44.923,-1.304],[-44.909,-1.306],[-44.908,-1.315],[-44.901,-1.313],[-44.912,-1.323],[-44.91,-1.329],[-44.889,-1.336],[-44.918,-1.35],[-44.924,-1.348],[-44.922,-1.343],[-44.924,-1.339],[-44.925,-1.35],[-44.911,-1.351],[-44.893,-1.342],[-44.887,-1.346],[-44.893,-1.35],[-44.897,-1.349],[-44.919,-1.373],[-44.921,-1.368],[-44.924,-1.374],[-44.931,-1.379],[-44.942,-1.379],[-44.943,-1.372],[-44.944,-1.39],[-44.96,-1.402],[-44.963,-1.402],[-44.965,-1.396],[-44.966,-1.403],[-44.97,-1.408],[-44.983,-1.409],[-45.012,-1.387],[-45.02,-1.358],[-45.016,-1.36],[-45.018,-1.355],[-45.002,-1.345],[-44.982,-1.356],[-44.972,-1.386],[-44.965,-1.387],[-44.971,-1.385],[-44.979,-1.359],[-44.971,-1.344],[-44.971,-1.332],[-44.964,-1.327],[-44.94,-1.343],[-44.942,-1.349],[-44.95,-1.355],[-44.942,-1.349],[-44.94,-1.343],[-44.961,-1.324],[-44.955,-1.32],[-44.958,-1.309],[-44.958,-1.32],[-44.971,-1.314],[-44.966,-1.307],[-44.974,-1.311],[-44.985,-1.303],[-44.972,-1.283],[-44.955,-1.276]]]}},{"type":"Feature","properties":{"id":"2103752","nome":"Davin\u00f3polis"},"geometry":{"type":"Polygon","coordinates":[[[-47.398,-5.518],[-47.39,-5.52],[-47.387,-5.515],[-47.381,-5.514],[-47.382,-5.52],[-47.379,-5.524],[-47.376,-5.527],[-47.377,-5.533],[-47.372,-5.538],[-47.362,-5.537],[-47.357,-5.544],[-47.35,-5.54],[-47.342,-5.553],[-47.326,-5.547],[-47.319,-5.557],[-47.312,-5.551],[-47.31,-5.539],[-47.306,-5.536],[-47.294,-5.544],[-47.283,-5.539],[-47.28,-5.54],[-47.271,-5.54],[-47.266,-5.549],[-47.262,-5.543],[-47.251,-5.544],[-47.249,-5.551],[-47.244,-5.552],[-47.235,-5.567],[-47.225,-5.567],[-47.214,-5.58],[-47.207,-5.581],[-47.198,-5.577],[-47.189,-5.589],[-47.181,-5.582],[-47.173,-5.59],[-47.158,-5.598],[-47.134,-5.647],[-47.119,-5.654],[-47.302,-5.658],[-47.307,-5.65],[-47.324,-5.64],[-47.335,-5.641],[-47.344,-5.647],[-47.354,-5.644],[-47.357,-5.647],[-47.369,-5.64],[-47.383,-5.645],[-47.394,-5.641],[-47.395,-5.645],[-47.396,-5.645],[-47.434,-5.587],[-47.439,-5.579],[-47.441,-5.567],[-47.427,-5.544],[-47.425,-5.522],[-47.419,-5.518],[-47.411,-5.509],[-47.406,-5.509],[-47.398,-5.518]]]}},{"type":"Feature","properties":{"id":"2103802","nome":"Dom Pedro"},"geometry":{"type":"Polygon","coordinates":[[[-44.306,-4.911],[-44.31,-4.976],[-44.312,-5.019],[-44.337,-5.12],[-44.362,-5.132],[-44.354,-5.125],[-44.35,-5.11],[-44.357,-5.109],[-44.367,-5.112],[-44.391,-5.103],[-44.414,-5.118],[-44.417,-5.123],[-44.423,-5.123],[-44.434,-5.11],[-44.435,-5.103],[-44.443,-5.097],[-44.445,-5.105],[-44.451,-5.105],[-44.448,-5.083],[-44.455,-5.08],[-44.46,-5.121],[-44.455,-5.149],[-44.488,-5.127],[-44.485,-5.093],[-44.497,-5.04],[-44.495,-5.032],[-44.485,-5.022],[-44.485,-5.016],[-44.489,-5.01],[-44.49,-5.005],[-44.496,-4.991],[-44.496,-4.976],[-44.463,-4.975],[-44.411,-4.975],[-44.413,-4.95],[-44.401,-4.943],[-44.4,-4.943],[-44.38,-4.928],[-44.375,-4.915],[-44.359,-4.906],[-44.358,-4.895],[-44.306,-4.911]]]}},{"type":"Feature","properties":{"id":"2103901","nome":"Duque Bacelar"},"geometry":{"type":"Polygon","coordinates":[[[-42.855,-4.077],[-42.863,-4.092],[-42.876,-4.11],[-42.896,-4.117],[-42.903,-4.124],[-42.904,-4.132],[-42.887,-4.147],[-42.888,-4.155],[-42.911,-4.156],[-42.926,-4.156],[-42.935,-4.161],[-42.936,-4.161],[-42.942,-4.167],[-42.989,-4.173],[-43.027,-4.181],[-43.043,-4.171],[-43.059,-4.119],[-43.055,-4.091],[-43.06,-4.085],[-43.065,-4.083],[-43.069,-4.089],[-43.08,-4.087],[-43.086,-4.104],[-43.116,-4.119],[-43.12,-4.115],[-43.129,-4.114],[-43.135,-4.104],[-43.139,-4.078],[-43.162,-4.06],[-43.168,-4.041],[-43.18,-4.026],[-43.132,-4.032],[-43.06,-4.041],[-43.029,-4.046],[-42.953,-4.059],[-42.855,-4.077]]]}},{"type":"Feature","properties":{"id":"2104008","nome":"Esperantin\u00f3polis"},"geometry":{"type":"Polygon","coordinates":[[[-44.651,-4.861],[-44.656,-4.876],[-44.659,-4.874],[-44.664,-4.879],[-44.669,-4.877],[-44.669,-4.88],[-44.676,-4.875],[-44.676,-4.88],[-44.681,-4.882],[-44.679,-4.885],[-44.695,-4.887],[-44.702,-4.905],[-44.704,-4.902],[-44.705,-4.904],[-44.716,-4.902],[-44.721,-4.906],[-44.732,-4.912],[-44.737,-4.909],[-44.737,-4.912],[-44.743,-4.911],[-44.74,-4.916],[-44.746,-4.914],[-44.754,-4.918],[-44.755,-4.913],[-44.759,-4.918],[-44.767,-4.913],[-44.775,-4.921],[-44.78,-4.92],[-44.78,-4.928],[-44.786,-4.928],[-44.79,-4.924],[-44.794,-4.928],[-44.803,-4.923],[-44.811,-4.931],[-44.816,-4.928],[-44.82,-4.929],[-44.822,-4.932],[-44.836,-4.934],[-44.837,-4.931],[-44.85,-4.939],[-44.865,-4.937],[-44.873,-4.944],[-44.88,-4.946],[-44.882,-4.951],[-44.885,-4.949],[-44.889,-4.96],[-44.893,-4.96],[-44.892,-4.965],[-44.905,-4.97],[-44.91,-4.979],[-44.912,-4.976],[-44.918,-4.981],[-44.916,-4.984],[-44.92,-4.984],[-44.924,-4.991],[-44.928,-4.992],[-44.932,-4.998],[-44.932,-5.014],[-44.997,-4.971],[-44.998,-4.971],[-45.013,-4.962],[-45.028,-4.961],[-45.033,-4.956],[-45.036,-4.951],[-45.034,-4.935],[-45.038,-4.931],[-45.04,-4.929],[-45.041,-4.922],[-45.04,-4.909],[-45.031,-4.896],[-45.037,-4.876],[-45.031,-4.842],[-45.035,-4.821],[-44.959,-4.828],[-44.945,-4.829],[-44.911,-4.832],[-44.854,-4.837],[-44.793,-4.843],[-44.758,-4.846],[-44.712,-4.85],[-44.683,-4.853],[-44.645,-4.856],[-44.646,-4.86],[-44.651,-4.861]]]}},{"type":"Feature","properties":{"id":"2104057","nome":"Estreito"},"geometry":{"type":"Polygon","coordinates":[[[-47.406,-6.497],[-47.405,-6.502],[-47.399,-6.502],[-47.384,-6.518],[-47.371,-6.514],[-47.357,-6.519],[-47.354,-6.512],[-47.34,-6.513],[-47.339,-6.521],[-47.332,-6.523],[-47.331,-6.527],[-47.325,-6.531],[-47.322,-6.53],[-47.322,-6.536],[-47.315,-6.542],[-47.299,-6.534],[-47.286,-6.541],[-47.285,-6.547],[-47.282,-6.547],[-47.279,-6.552],[-47.278,-6.553],[-47.273,-6.556],[-47.274,-6.559],[-47.271,-6.563],[-47.256,-6.564],[-47.249,-6.56],[-47.243,-6.564],[-47.234,-6.579],[-47.227,-6.571],[-47.218,-6.578],[-47.212,-6.576],[-47.212,-6.573],[-47.207,-6.577],[-47.207,-6.593],[-47.202,-6.594],[-47.198,-6.602],[-47.187,-6.602],[-47.183,-6.609],[-47.174,-6.608],[-47.17,-6.612],[-47.173,-6.613],[-47.166,-6.619],[-47.168,-6.628],[-47.168,-6.634],[-47.165,-6.634],[-47.164,-6.636],[-47.162,-6.634],[-47.16,-6.64],[-47.152,-6.648],[-47.135,-6.657],[-47.13,-6.656],[-47.121,-6.662],[-47.108,-6.657],[-47.097,-6.66],[-47.086,-6.657],[-47.081,-6.664],[-47.056,-6.67],[-47.032,-6.669],[-47.008,-6.657],[-46.995,-6.662],[-46.986,-6.657],[-46.968,-6.662],[-46.961,-6.682],[-46.933,-6.685],[-46.919,-6.678],[-46.899,-6.683],[-46.875,-6.679],[-46.862,-6.694],[-46.856,-6.704],[-46.837,-6.705],[-46.835,-6.712],[-46.841,-6.717],[-46.84,-6.722],[-46.829,-6.724],[-46.821,-6.72],[-46.816,-6.723],[-46.811,-6.74],[-46.815,-6.743],[-46.825,-6.741],[-46.854,-6.745],[-46.866,-6.756],[-46.866,-6.766],[-46.878,-6.769],[-46.892,-6.807],[-46.907,-6.805],[-46.912,-6.809],[-46.92,-6.824],[-46.929,-6.873],[-46.929,-6.9],[-46.928,-6.913],[-46.929,-6.918],[-46.92,-6.924],[-46.929,-6.938],[-46.91,-6.949],[-46.91,-6.964],[-46.919,-6.981],[-46.924,-7.001],[-46.941,-7.019],[-46.951,-7.021],[-46.951,-7.031],[-46.957,-7.031],[-46.961,-7.03],[-46.962,-7.024],[-46.969,-7.023],[-46.977,-7.017],[-46.975,-7.012],[-46.983,-7.012],[-46.983,-7.022],[-46.993,-7.025],[-46.997,-7.015],[-47.014,-7.022],[-47.017,-7.019],[-47.028,-7.02],[-47.034,-7.017],[-47.042,-7.022],[-47.048,-7.021],[-47.052,-7.026],[-47.058,-7.027],[-47.063,-7.02],[-47.082,-7.017],[-47.093,-7.021],[-47.103,-7.014],[-47.107,-7.008],[-47.125,-7.008],[-47.126,-7.004],[-47.132,-7.004],[-47.133,-7.001],[-47.13,-6.998],[-47.135,-6.993],[-47.142,-6.994],[-47.151,-7.004],[-47.164,-6.997],[-47.167,-6.991],[-47.182,-6.988],[-47.188,-6.98],[-47.204,-6.982],[-47.219,-6.989],[-47.229,-6.988],[-47.238,-6.982],[-47.246,-6.986],[-47.274,-6.984],[-47.281,-6.979],[-47.282,-6.974],[-47.289,-6.971],[-47.291,-6.966],[-47.298,-6.966],[-47.312,-6.95],[-47.323,-6.953],[-47.34,-6.946],[-47.342,-6.94],[-47.35,-6.936],[-47.364,-6.931],[-47.377,-6.929],[-47.381,-6.931],[-47.388,-6.929],[-47.387,-6.924],[-47.397,-6.907],[-47.417,-6.899],[-47.42,-6.894],[-47.43,-6.89],[-47.439,-6.881],[-47.454,-6.876],[-47.461,-6.864],[-47.469,-6.863],[-47.478,-6.855],[-47.477,-6.85],[-47.488,-6.852],[-47.483,-6.847],[-47.486,-6.842],[-47.492,-6.847],[-47.491,-6.841],[-47.494,-6.839],[-47.511,-6.845],[-47.512,-6.839],[-47.52,-6.84],[-47.527,-6.837],[-47.529,-6.831],[-47.516,-6.79],[-47.493,-6.751],[-47.497,-6.721],[-47.496,-6.697],[-47.493,-6.689],[-47.498,-6.671],[-47.463,-6.607],[-47.464,-6.585],[-47.461,-6.562],[-47.46,-6.559],[-47.458,-6.549],[-47.456,-6.538],[-47.434,-6.504],[-47.425,-6.497],[-47.424,-6.504],[-47.411,-6.496],[-47.406,-6.497]]]}},{"type":"Feature","properties":{"id":"2104073","nome":"Feira Nova do Maranh\u00e3o"},"geometry":{"type":"Polygon","coordinates":[[[-46.526,-6.834],[-46.512,-6.848],[-46.506,-6.852],[-46.507,-6.858],[-46.499,-6.862],[-46.479,-6.86],[-46.47,-6.867],[-46.458,-6.862],[-46.451,-6.863],[-46.45,-6.866],[-46.425,-6.864],[-46.416,-6.892],[-46.425,-6.903],[-46.423,-6.917],[-46.418,-6.923],[-46.417,-6.931],[-46.392,-6.93],[-46.373,-6.92],[-46.362,-6.928],[-46.351,-6.93],[-46.34,-6.939],[-46.404,-6.998],[-46.406,-7.0],[-46.417,-7.017],[-46.451,-7.066],[-46.486,-7.087],[-46.53,-7.099],[-46.529,-7.101],[-46.521,-7.106],[-46.519,-7.115],[-46.538,-7.126],[-46.55,-7.144],[-46.558,-7.17],[-46.553,-7.182],[-46.559,-7.182],[-46.607,-7.177],[-46.722,-7.197],[-46.727,-7.188],[-46.73,-7.16],[-46.752,-7.145],[-46.756,-7.136],[-46.775,-7.129],[-46.773,-7.119],[-46.766,-7.111],[-46.769,-7.106],[-46.767,-7.097],[-46.779,-7.084],[-46.779,-7.079],[-46.801,-7.071],[-46.815,-7.07],[-46.822,-7.063],[-46.84,-7.062],[-46.86,-7.049],[-46.864,-7.046],[-46.868,-7.032],[-46.874,-7.026],[-46.883,-7.026],[-46.887,-7.017],[-46.885,-6.99],[-46.871,-6.984],[-46.869,-6.986],[-46.866,-6.98],[-46.857,-6.983],[-46.855,-6.982],[-46.857,-6.978],[-46.858,-6.973],[-46.862,-6.971],[-46.86,-6.965],[-46.864,-6.959],[-46.859,-6.952],[-46.853,-6.953],[-46.849,-6.939],[-46.843,-6.94],[-46.838,-6.93],[-46.825,-6.925],[-46.824,-6.921],[-46.817,-6.922],[-46.809,-6.919],[-46.806,-6.924],[-46.799,-6.919],[-46.794,-6.921],[-46.791,-6.915],[-46.781,-6.916],[-46.774,-6.912],[-46.773,-6.907],[-46.76,-6.906],[-46.759,-6.897],[-46.752,-6.888],[-46.742,-6.89],[-46.74,-6.886],[-46.739,-6.876],[-46.732,-6.88],[-46.727,-6.878],[-46.732,-6.872],[-46.723,-6.866],[-46.722,-6.861],[-46.713,-6.857],[-46.697,-6.857],[-46.683,-6.84],[-46.678,-6.84],[-46.661,-6.847],[-46.648,-6.831],[-46.621,-6.82],[-46.579,-6.814],[-46.56,-6.825],[-46.545,-6.827],[-46.539,-6.833],[-46.532,-6.834],[-46.526,-6.834]]]}},{"type":"Feature","properties":{"id":"2104081","nome":"Fernando Falc\u00e3o"},"geometry":{"type":"Polygon","coordinates":[[[-44.85,-6.152],[-44.859,-6.164],[-44.866,-6.162],[-44.867,-6.156],[-44.869,-6.157],[-44.874,-6.164],[-44.868,-6.173],[-44.868,-6.181],[-44.872,-6.181],[-44.875,-6.195],[-44.887,-6.211],[-44.893,-6.209],[-44.893,-6.226],[-44.902,-6.241],[-44.901,-6.246],[-44.911,-6.257],[-44.911,-6.268],[-44.918,-6.276],[-44.919,-6.293],[-44.931,-6.301],[-44.937,-6.315],[-44.949,-6.324],[-44.95,-6.335],[-44.956,-6.333],[-44.965,-6.34],[-44.976,-6.342],[-44.985,-6.351],[-44.992,-6.349],[-45.005,-6.351],[-45.023,-6.35],[-45.044,-6.344],[-45.05,-6.349],[-45.062,-6.351],[-45.067,-6.348],[-45.075,-6.351],[-45.074,-6.339],[-45.078,-6.339],[-45.072,-6.332],[-45.074,-6.324],[-45.087,-6.324],[-45.087,-6.318],[-45.092,-6.315],[-45.104,-6.323],[-45.129,-6.306],[-45.137,-6.307],[-45.137,-6.303],[-45.142,-6.3],[-45.141,-6.308],[-45.154,-6.301],[-45.164,-6.302],[-45.174,-6.313],[-45.19,-6.314],[-45.199,-6.32],[-45.201,-6.325],[-45.198,-6.327],[-45.207,-6.33],[-45.211,-6.323],[-45.208,-6.32],[-45.215,-6.317],[-45.222,-6.323],[-45.219,-6.327],[-45.226,-6.328],[-45.236,-6.338],[-45.242,-6.339],[-45.251,-6.341],[-45.259,-6.347],[-45.264,-6.343],[-45.279,-6.342],[-45.27,-6.353],[-45.272,-6.359],[-45.267,-6.362],[-45.273,-6.364],[-45.284,-6.364],[-45.289,-6.374],[-45.3,-6.374],[-45.305,-6.389],[-45.302,-6.389],[-45.302,-6.392],[-45.327,-6.395],[-45.327,-6.398],[-45.333,-6.4],[-45.334,-6.407],[-45.344,-6.406],[-45.349,-6.41],[-45.355,-6.407],[-45.364,-6.412],[-45.376,-6.414],[-45.379,-6.421],[-45.384,-6.42],[-45.391,-6.422],[-45.395,-6.431],[-45.405,-6.426],[-45.421,-6.43],[-45.429,-6.422],[-45.441,-6.424],[-45.444,-6.422],[-45.447,-6.425],[-45.452,-6.422],[-45.456,-6.426],[-45.467,-6.421],[-45.479,-6.428],[-45.484,-6.423],[-45.488,-6.426],[-45.49,-6.422],[-45.497,-6.418],[-45.502,-6.425],[-45.511,-6.428],[-45.516,-6.436],[-45.543,-6.439],[-45.554,-6.452],[-45.579,-6.451],[-45.587,-6.447],[-45.593,-6.46],[-45.606,-6.465],[-45.626,-6.47],[-45.628,-6.477],[-45.644,-6.471],[-45.661,-6.477],[-45.672,-6.47],[-45.682,-6.475],[-45.714,-6.468],[-45.732,-6.463],[-45.74,-6.459],[-45.755,-6.46],[-45.763,-6.457],[-45.767,-6.462],[-45.775,-6.463],[-45.777,-6.471],[-45.781,-6.469],[-45.797,-6.475],[-45.81,-6.474],[-45.812,-6.48],[-45.816,-6.478],[-45.824,-6.488],[-45.835,-6.492],[-45.822,-6.379],[-45.839,-6.301],[-45.829,-6.276],[-45.814,-6.273],[-45.792,-6.249],[-45.789,-6.244],[-45.795,-6.237],[-45.782,-6.232],[-45.762,-6.237],[-45.755,-6.234],[-45.751,-6.223],[-45.745,-6.22],[-45.728,-6.213],[-45.484,-6.105],[-45.483,-6.105],[-45.388,-6.088],[-45.387,-6.088],[-45.244,-6.063],[-44.939,-6.009],[-44.936,-6.008],[-44.889,-6.0],[-44.847,-5.981],[-44.845,-5.977],[-44.846,-5.983],[-44.839,-5.997],[-44.799,-6.117],[-44.806,-6.12],[-44.808,-6.124],[-44.814,-6.125],[-44.824,-6.143],[-44.836,-6.145],[-44.85,-6.152]]]}},{"type":"Feature","properties":{"id":"2104099","nome":"Formosa da Serra Negra"},"geometry":{"type":"Polygon","coordinates":[[[-46.046,-6.256],[-46.023,-6.264],[-46.01,-6.263],[-46.0,-6.256],[-45.97,-6.259],[-45.954,-6.265],[-45.932,-6.279],[-45.914,-6.284],[-45.903,-6.295],[-45.886,-6.343],[-45.875,-6.345],[-45.859,-6.332],[-45.847,-6.331],[-45.841,-6.322],[-45.839,-6.301],[-45.822,-6.379],[-45.835,-6.492],[-45.85,-6.6],[-45.851,-6.72],[-45.85,-6.721],[-45.912,-6.726],[-45.92,-6.711],[-45.941,-6.7],[-45.95,-6.699],[-45.963,-6.713],[-45.968,-6.713],[-45.981,-6.692],[-46.013,-6.687],[-46.039,-6.698],[-46.061,-6.701],[-46.06,-6.719],[-46.066,-6.726],[-46.089,-6.726],[-46.099,-6.722],[-46.101,-6.731],[-46.112,-6.735],[-46.126,-6.749],[-46.129,-6.765],[-46.143,-6.763],[-46.151,-6.767],[-46.171,-6.765],[-46.177,-6.772],[-46.179,-6.807],[-46.175,-6.814],[-46.174,-6.825],[-46.185,-6.838],[-46.217,-6.85],[-46.236,-6.851],[-46.265,-6.842],[-46.276,-6.853],[-46.29,-6.851],[-46.296,-6.856],[-46.291,-6.876],[-46.302,-6.887],[-46.306,-6.887],[-46.301,-6.897],[-46.302,-6.905],[-46.306,-6.907],[-46.325,-6.911],[-46.334,-6.908],[-46.344,-6.912],[-46.358,-6.904],[-46.362,-6.9],[-46.371,-6.878],[-46.363,-6.871],[-46.371,-6.858],[-46.369,-6.843],[-46.388,-6.84],[-46.392,-6.837],[-46.392,-6.827],[-46.396,-6.826],[-46.406,-6.832],[-46.42,-6.813],[-46.451,-6.796],[-46.452,-6.799],[-46.457,-6.798],[-46.466,-6.811],[-46.466,-6.749],[-46.465,-6.622],[-46.464,-6.281],[-46.456,-6.283],[-46.458,-6.271],[-46.451,-6.267],[-46.39,-6.264],[-46.191,-6.253],[-46.07,-6.246],[-46.069,-6.246],[-46.056,-6.246],[-46.046,-6.256]]]}},{"type":"Feature","properties":{"id":"2104107","nome":"Fortaleza dos Nogueiras"},"geometry":{"type":"Polygon","coordinates":[[[-45.968,-6.713],[-45.963,-6.713],[-45.95,-6.699],[-45.941,-6.7],[-45.92,-6.711],[-45.912,-6.726],[-45.92,-6.72],[-45.931,-6.718],[-45.947,-6.725],[-45.955,-6.742],[-45.968,-6.755],[-45.979,-6.759],[-45.995,-6.779],[-46.003,-6.803],[-46.016,-6.807],[-46.022,-6.814],[-46.02,-6.816],[-46.026,-6.82],[-46.025,-6.823],[-46.019,-6.823],[-46.011,-6.834],[-46.015,-6.836],[-46.014,-6.839],[-46.002,-6.846],[-46.003,-6.852],[-45.999,-6.861],[-46.003,-6.864],[-45.991,-6.881],[-45.99,-6.889],[-45.996,-6.893],[-45.992,-6.893],[-45.988,-6.9],[-45.987,-6.905],[-45.991,-6.908],[-45.986,-6.91],[-45.987,-6.917],[-45.984,-6.92],[-45.989,-6.922],[-45.984,-6.926],[-45.979,-6.934],[-45.969,-6.934],[-45.971,-6.942],[-45.966,-6.94],[-45.958,-6.943],[-45.949,-6.951],[-45.944,-6.949],[-45.941,-6.955],[-45.936,-6.955],[-45.931,-6.96],[-45.919,-6.948],[-45.916,-6.951],[-45.912,-6.948],[-45.906,-6.955],[-45.877,-6.942],[-45.852,-6.943],[-45.849,-6.953],[-45.84,-6.956],[-45.838,-6.951],[-45.83,-6.955],[-45.819,-6.974],[-45.829,-6.979],[-45.835,-6.991],[-45.855,-7.014],[-45.863,-7.015],[-45.869,-7.02],[-45.874,-7.031],[-45.899,-7.045],[-45.907,-7.056],[-45.919,-7.057],[-45.934,-7.046],[-45.959,-7.05],[-45.917,-7.161],[-45.893,-7.227],[-45.89,-7.234],[-45.87,-7.288],[-45.916,-7.259],[-46.068,-7.161],[-46.071,-7.159],[-46.072,-7.159],[-46.225,-7.036],[-46.226,-7.036],[-46.341,-6.998],[-46.404,-6.998],[-46.34,-6.939],[-46.306,-6.907],[-46.302,-6.905],[-46.301,-6.897],[-46.306,-6.887],[-46.302,-6.887],[-46.291,-6.876],[-46.296,-6.856],[-46.29,-6.851],[-46.276,-6.853],[-46.265,-6.842],[-46.236,-6.851],[-46.217,-6.85],[-46.185,-6.838],[-46.174,-6.825],[-46.175,-6.814],[-46.179,-6.807],[-46.177,-6.772],[-46.171,-6.765],[-46.151,-6.767],[-46.143,-6.763],[-46.129,-6.765],[-46.126,-6.749],[-46.112,-6.735],[-46.101,-6.731],[-46.099,-6.722],[-46.089,-6.726],[-46.066,-6.726],[-46.06,-6.719],[-46.061,-6.701],[-46.039,-6.698],[-46.013,-6.687],[-45.981,-6.692],[-45.968,-6.713]]]}},{"type":"Feature","properties":{"id":"2104206","nome":"Fortuna"},"geometry":{"type":"Polygon","coordinates":[[[-43.958,-5.489],[-43.823,-5.548],[-43.822,-5.548],[-43.826,-5.557],[-43.838,-5.566],[-43.841,-5.565],[-43.847,-5.573],[-43.854,-5.574],[-43.858,-5.578],[-43.865,-5.578],[-43.867,-5.584],[-43.869,-5.581],[-43.871,-5.585],[-43.883,-5.587],[-43.894,-5.61],[-43.895,-5.625],[-43.892,-5.636],[-43.896,-5.638],[-43.897,-5.648],[-43.91,-5.651],[-43.916,-5.664],[-43.921,-5.664],[-43.921,-5.667],[-43.93,-5.674],[-43.934,-5.686],[-43.947,-5.698],[-43.949,-5.706],[-43.964,-5.721],[-43.969,-5.722],[-43.978,-5.741],[-43.989,-5.742],[-43.993,-5.747],[-43.999,-5.748],[-43.999,-5.756],[-44.01,-5.761],[-44.015,-5.76],[-44.028,-5.77],[-44.033,-5.791],[-44.052,-5.797],[-44.075,-5.816],[-44.094,-5.82],[-44.095,-5.827],[-44.09,-5.84],[-44.22,-5.77],[-44.232,-5.764],[-44.229,-5.759],[-44.229,-5.747],[-44.223,-5.743],[-44.222,-5.733],[-44.204,-5.717],[-44.198,-5.715],[-44.185,-5.717],[-44.172,-5.71],[-44.164,-5.707],[-44.154,-5.697],[-44.144,-5.671],[-44.114,-5.642],[-44.077,-5.629],[-44.059,-5.608],[-44.043,-5.609],[-44.037,-5.601],[-44.035,-5.582],[-44.019,-5.553],[-44.02,-5.542],[-44.023,-5.533],[-44.02,-5.52],[-44.008,-5.523],[-44.001,-5.512],[-43.992,-5.508],[-43.979,-5.516],[-43.971,-5.54],[-43.945,-5.545],[-43.942,-5.534],[-43.952,-5.52],[-43.951,-5.499],[-43.958,-5.489]]]}},{"type":"Feature","properties":{"id":"2104305","nome":"Godofredo Viana"},"geometry":{"type":"Polygon","coordinates":[[[-45.638,-1.361],[-45.647,-1.364],[-45.653,-1.362],[-45.643,-1.358],[-45.638,-1.361]],[[-45.624,-1.327],[-45.628,-1.339],[-45.632,-1.321],[-45.631,-1.314],[-45.624,-1.327]],[[-45.636,-1.3],[-45.636,-1.32],[-45.639,-1.308],[-45.636,-1.3]],[[-45.677,-1.315],[-45.683,-1.317],[-45.685,-1.31],[-45.694,-1.304],[-45.693,-1.299],[-45.691,-1.288],[-45.685,-1.297],[-45.678,-1.3],[-45.677,-1.315]],[[-45.648,-1.267],[-45.646,-1.271],[-45.649,-1.269],[-45.649,-1.267],[-45.648,-1.267]],[[-45.639,-1.245],[-45.646,-1.25],[-45.649,-1.245],[-45.646,-1.242],[-45.639,-1.245]],[[-45.658,-1.222],[-45.662,-1.235],[-45.659,-1.243],[-45.666,-1.251],[-45.683,-1.262],[-45.697,-1.242],[-45.693,-1.244],[-45.7,-1.234],[-45.699,-1.22],[-45.697,-1.217],[-45.69,-1.217],[-45.696,-1.213],[-45.688,-1.201],[-45.683,-1.215],[-45.676,-1.216],[-45.672,-1.23],[-45.674,-1.216],[-45.681,-1.212],[-45.685,-1.196],[-45.68,-1.187],[-45.666,-1.215],[-45.658,-1.222]],[[-45.762,-1.186],[-45.761,-1.189],[-45.764,-1.187],[-45.762,-1.186]],[[-45.678,-1.142],[-45.679,-1.148],[-45.682,-1.146],[-45.687,-1.158],[-45.69,-1.156],[-45.691,-1.16],[-45.695,-1.158],[-45.696,-1.166],[-45.708,-1.179],[-45.711,-1.179],[-45.72,-1.192],[-45.721,-1.199],[-45.725,-1.2],[-45.725,-1.213],[-45.73,-1.215],[-45.725,-1.222],[-45.739,-1.236],[-45.746,-1.237],[-45.744,-1.241],[-45.737,-1.238],[-45.737,-1.241],[-45.729,-1.231],[-45.719,-1.231],[-45.712,-1.248],[-45.694,-1.269],[-45.695,-1.283],[-45.702,-1.299],[-45.699,-1.308],[-45.719,-1.313],[-45.724,-1.321],[-45.721,-1.327],[-45.728,-1.342],[-45.73,-1.346],[-45.721,-1.35],[-45.727,-1.342],[-45.718,-1.329],[-45.718,-1.319],[-45.713,-1.314],[-45.704,-1.316],[-45.698,-1.313],[-45.689,-1.318],[-45.692,-1.329],[-45.69,-1.337],[-45.678,-1.344],[-45.703,-1.354],[-45.709,-1.362],[-45.717,-1.366],[-45.72,-1.375],[-45.73,-1.375],[-45.739,-1.381],[-45.749,-1.368],[-45.747,-1.373],[-45.754,-1.378],[-45.745,-1.375],[-45.74,-1.383],[-45.731,-1.378],[-45.718,-1.377],[-45.714,-1.367],[-45.7,-1.358],[-45.702,-1.389],[-45.719,-1.403],[-45.725,-1.417],[-45.742,-1.452],[-45.775,-1.521],[-45.775,-1.53],[-45.77,-1.532],[-45.763,-1.56],[-45.784,-1.58],[-45.796,-1.579],[-45.804,-1.569],[-45.811,-1.569],[-45.81,-1.575],[-45.812,-1.579],[-45.808,-1.579],[-45.806,-1.584],[-45.813,-1.581],[-45.825,-1.597],[-45.828,-1.608],[-45.935,-1.576],[-45.923,-1.565],[-45.913,-1.53],[-45.901,-1.517],[-45.89,-1.524],[-45.89,-1.51],[-45.875,-1.482],[-45.871,-1.471],[-45.871,-1.456],[-45.849,-1.433],[-45.827,-1.417],[-45.812,-1.399],[-45.812,-1.398],[-45.805,-1.386],[-45.805,-1.378],[-45.791,-1.359],[-45.792,-1.352],[-45.801,-1.344],[-45.798,-1.334],[-45.795,-1.322],[-45.805,-1.311],[-45.812,-1.315],[-45.82,-1.311],[-45.818,-1.297],[-45.829,-1.294],[-45.838,-1.283],[-45.831,-1.275],[-45.806,-1.259],[-45.803,-1.25],[-45.786,-1.249],[-45.78,-1.265],[-45.797,-1.276],[-45.81,-1.271],[-45.815,-1.276],[-45.808,-1.274],[-45.794,-1.279],[-45.782,-1.27],[-45.777,-1.275],[-45.775,-1.27],[-45.778,-1.269],[-45.784,-1.244],[-45.769,-1.217],[-45.768,-1.192],[-45.765,-1.19],[-45.759,-1.195],[-45.759,-1.202],[-45.756,-1.199],[-45.752,-1.192],[-45.753,-1.187],[-45.741,-1.171],[-45.743,-1.16],[-45.738,-1.158],[-45.74,-1.151],[-45.736,-1.151],[-45.733,-1.147],[-45.729,-1.149],[-45.731,-1.143],[-45.727,-1.14],[-45.731,-1.139],[-45.735,-1.136],[-45.735,-1.132],[-45.714,-1.127],[-45.693,-1.127],[-45.686,-1.135],[-45.681,-1.136],[-45.678,-1.142]],[[-45.603,-1.127],[-45.605,-1.142],[-45.602,-1.164],[-45.605,-1.175],[-45.61,-1.178],[-45.611,-1.172],[-45.612,-1.177],[-45.618,-1.182],[-45.63,-1.21],[-45.632,-1.234],[-45.624,-1.234],[-45.622,-1.241],[-45.625,-1.251],[-45.623,-1.253],[-45.624,-1.259],[-45.632,-1.269],[-45.634,-1.29],[-45.641,-1.31],[-45.636,-1.333],[-45.632,-1.333],[-45.632,-1.348],[-45.641,-1.356],[-45.696,-1.362],[-45.696,-1.357],[-45.679,-1.352],[-45.673,-1.345],[-45.675,-1.34],[-45.687,-1.331],[-45.682,-1.321],[-45.675,-1.319],[-45.673,-1.311],[-45.677,-1.299],[-45.686,-1.29],[-45.684,-1.269],[-45.658,-1.253],[-45.654,-1.257],[-45.652,-1.269],[-45.65,-1.272],[-45.644,-1.272],[-45.642,-1.277],[-45.646,-1.285],[-45.66,-1.292],[-45.658,-1.302],[-45.651,-1.31],[-45.657,-1.292],[-45.644,-1.286],[-45.64,-1.28],[-45.638,-1.274],[-45.648,-1.262],[-45.637,-1.248],[-45.636,-1.24],[-45.639,-1.203],[-45.636,-1.178],[-45.63,-1.16],[-45.631,-1.147],[-45.621,-1.132],[-45.616,-1.136],[-45.615,-1.133],[-45.617,-1.129],[-45.629,-1.127],[-45.622,-1.116],[-45.615,-1.116],[-45.603,-1.127]]]}},{"type":"Feature","properties":{"id":"2104404","nome":"Gon\u00e7alves Dias"},"geometry":{"type":"Polygon","coordinates":[[[-44.013,-4.988],[-44.008,-4.997],[-43.987,-5.01],[-43.984,-5.028],[-43.974,-5.041],[-43.965,-5.042],[-43.96,-5.05],[-43.996,-5.147],[-44.002,-5.164],[-44.016,-5.166],[-44.034,-5.175],[-44.053,-5.186],[-44.081,-5.202],[-44.13,-5.229],[-44.161,-5.247],[-44.183,-5.26],[-44.214,-5.277],[-44.252,-5.3],[-44.306,-5.33],[-44.306,-5.331],[-44.346,-5.277],[-44.357,-5.276],[-44.355,-5.267],[-44.352,-5.257],[-44.362,-5.25],[-44.368,-5.23],[-44.369,-5.223],[-44.361,-5.22],[-44.36,-5.211],[-44.341,-5.196],[-44.339,-5.179],[-44.343,-5.164],[-44.348,-5.138],[-44.354,-5.135],[-44.359,-5.141],[-44.367,-5.141],[-44.368,-5.137],[-44.362,-5.132],[-44.337,-5.12],[-44.276,-5.092],[-44.208,-5.094],[-44.097,-5.015],[-44.066,-4.994],[-44.063,-4.997],[-44.056,-4.991],[-44.047,-4.99],[-44.034,-4.977],[-44.02,-4.98],[-44.013,-4.988]]]}},{"type":"Feature","properties":{"id":"2104503","nome":"Governador Archer"},"geometry":{"type":"Polygon","coordinates":[[[-44.166,-4.9],[-44.17,-4.912],[-44.165,-4.91],[-44.146,-4.905],[-44.137,-4.912],[-44.12,-4.902],[-44.113,-4.909],[-44.119,-4.919],[-44.114,-4.921],[-44.12,-4.926],[-44.118,-4.936],[-44.126,-4.933],[-44.13,-4.943],[-44.142,-4.951],[-44.144,-4.96],[-44.142,-4.964],[-44.132,-4.963],[-44.122,-4.97],[-44.111,-4.971],[-44.108,-4.988],[-44.095,-4.986],[-44.084,-4.989],[-44.077,-4.985],[-44.066,-4.994],[-44.097,-5.015],[-44.208,-5.094],[-44.276,-5.092],[-44.337,-5.12],[-44.312,-5.019],[-44.31,-4.976],[-44.306,-4.911],[-44.295,-4.914],[-44.269,-4.913],[-44.264,-4.926],[-44.258,-4.925],[-44.253,-4.914],[-44.243,-4.906],[-44.222,-4.909],[-44.217,-4.907],[-44.211,-4.893],[-44.212,-4.889],[-44.204,-4.881],[-44.186,-4.879],[-44.183,-4.888],[-44.176,-4.89],[-44.166,-4.9]]]}},{"type":"Feature","properties":{"id":"2104552","nome":"Governador Edison Lob\u00e3o"},"geometry":{"type":"Polygon","coordinates":[[[-47.468,-5.621],[-47.452,-5.632],[-47.447,-5.627],[-47.446,-5.631],[-47.438,-5.628],[-47.434,-5.643],[-47.429,-5.638],[-47.421,-5.637],[-47.396,-5.645],[-47.395,-5.645],[-47.394,-5.641],[-47.383,-5.645],[-47.369,-5.64],[-47.357,-5.647],[-47.354,-5.644],[-47.344,-5.647],[-47.335,-5.641],[-47.324,-5.64],[-47.307,-5.65],[-47.302,-5.658],[-47.119,-5.654],[-47.086,-5.672],[-47.109,-5.695],[-47.113,-5.708],[-47.12,-5.709],[-47.124,-5.718],[-47.134,-5.729],[-47.169,-5.738],[-47.176,-5.748],[-47.183,-5.75],[-47.184,-5.756],[-47.191,-5.758],[-47.191,-5.764],[-47.197,-5.767],[-47.2,-5.774],[-47.207,-5.77],[-47.211,-5.773],[-47.223,-5.771],[-47.228,-5.775],[-47.235,-5.771],[-47.231,-5.767],[-47.249,-5.763],[-47.25,-5.766],[-47.243,-5.767],[-47.242,-5.77],[-47.249,-5.773],[-47.259,-5.775],[-47.272,-5.769],[-47.279,-5.773],[-47.28,-5.765],[-47.284,-5.771],[-47.292,-5.766],[-47.294,-5.775],[-47.304,-5.778],[-47.309,-5.783],[-47.312,-5.777],[-47.317,-5.776],[-47.314,-5.783],[-47.327,-5.785],[-47.316,-5.801],[-47.322,-5.801],[-47.33,-5.808],[-47.337,-5.806],[-47.336,-5.811],[-47.344,-5.813],[-47.342,-5.816],[-47.352,-5.815],[-47.352,-5.822],[-47.358,-5.825],[-47.364,-5.819],[-47.366,-5.821],[-47.363,-5.826],[-47.375,-5.829],[-47.383,-5.809],[-47.387,-5.818],[-47.395,-5.826],[-47.399,-5.824],[-47.399,-5.812],[-47.408,-5.814],[-47.411,-5.826],[-47.42,-5.818],[-47.429,-5.833],[-47.442,-5.83],[-47.47,-5.772],[-47.483,-5.756],[-47.493,-5.73],[-47.493,-5.71],[-47.481,-5.678],[-47.473,-5.662],[-47.477,-5.635],[-47.479,-5.621],[-47.468,-5.621]]]}},{"type":"Feature","properties":{"id":"2104602","nome":"Governador Eug\u00eanio Barros"},"geometry":{"type":"Polygon","coordinates":[[[-44.102,-5.323],[-44.095,-5.349],[-44.051,-5.33],[-44.045,-5.318],[-44.04,-5.315],[-44.009,-5.312],[-43.962,-5.328],[-43.95,-5.332],[-43.926,-5.326],[-43.914,-5.324],[-43.909,-5.319],[-43.871,-5.321],[-43.883,-5.339],[-43.879,-5.345],[-43.88,-5.35],[-43.883,-5.35],[-43.882,-5.361],[-43.876,-5.371],[-43.881,-5.381],[-43.879,-5.383],[-43.883,-5.385],[-43.88,-5.389],[-43.88,-5.395],[-43.87,-5.406],[-43.87,-5.414],[-43.859,-5.431],[-43.865,-5.445],[-43.873,-5.453],[-43.866,-5.467],[-43.867,-5.472],[-43.862,-5.483],[-43.867,-5.494],[-43.865,-5.5],[-43.858,-5.507],[-43.852,-5.52],[-43.84,-5.527],[-43.828,-5.529],[-43.817,-5.538],[-43.822,-5.548],[-43.823,-5.548],[-43.958,-5.489],[-43.963,-5.486],[-44.072,-5.436],[-44.073,-5.446],[-44.067,-5.455],[-44.071,-5.462],[-44.078,-5.468],[-44.081,-5.462],[-44.092,-5.462],[-44.097,-5.457],[-44.109,-5.46],[-44.117,-5.457],[-44.122,-5.461],[-44.132,-5.453],[-44.148,-5.457],[-44.156,-5.461],[-44.163,-5.46],[-44.166,-5.456],[-44.159,-5.45],[-44.16,-5.446],[-44.165,-5.444],[-44.176,-5.453],[-44.18,-5.445],[-44.188,-5.452],[-44.185,-5.463],[-44.191,-5.46],[-44.207,-5.464],[-44.263,-5.388],[-44.306,-5.331],[-44.306,-5.33],[-44.252,-5.3],[-44.214,-5.277],[-44.183,-5.26],[-44.161,-5.247],[-44.13,-5.229],[-44.123,-5.256],[-44.102,-5.323]]]}},{"type":"Feature","properties":{"id":"2104628","nome":"Governador Luiz Rocha"},"geometry":{"type":"Polygon","coordinates":[[[-44.072,-5.436],[-43.963,-5.486],[-43.958,-5.489],[-43.951,-5.499],[-43.952,-5.52],[-43.942,-5.534],[-43.945,-5.545],[-43.971,-5.54],[-43.979,-5.516],[-43.992,-5.508],[-44.001,-5.512],[-44.008,-5.523],[-44.02,-5.52],[-44.023,-5.533],[-44.02,-5.542],[-44.019,-5.553],[-44.035,-5.582],[-44.037,-5.601],[-44.043,-5.609],[-44.059,-5.608],[-44.077,-5.629],[-44.114,-5.642],[-44.144,-5.671],[-44.154,-5.697],[-44.164,-5.707],[-44.171,-5.689],[-44.182,-5.676],[-44.182,-5.661],[-44.177,-5.649],[-44.137,-5.615],[-44.121,-5.59],[-44.144,-5.552],[-44.144,-5.518],[-44.159,-5.521],[-44.197,-5.555],[-44.196,-5.545],[-44.202,-5.505],[-44.213,-5.477],[-44.209,-5.464],[-44.207,-5.464],[-44.191,-5.46],[-44.185,-5.463],[-44.188,-5.452],[-44.18,-5.445],[-44.176,-5.453],[-44.165,-5.444],[-44.16,-5.446],[-44.159,-5.45],[-44.166,-5.456],[-44.163,-5.46],[-44.156,-5.461],[-44.148,-5.457],[-44.132,-5.453],[-44.122,-5.461],[-44.117,-5.457],[-44.109,-5.46],[-44.097,-5.457],[-44.092,-5.462],[-44.081,-5.462],[-44.078,-5.468],[-44.071,-5.462],[-44.067,-5.455],[-44.073,-5.446],[-44.072,-5.436]]]}},{"type":"Feature","properties":{"id":"2104651","nome":"Governador Newton Bello"},"geometry":{"type":"Polygon","coordinates":[[[-45.542,-3.485],[-45.541,-3.49],[-45.67,-3.487],[-45.761,-3.487],[-45.941,-3.486],[-45.991,-3.486],[-46.098,-3.485],[-46.111,-3.485],[-46.259,-3.485],[-46.382,-3.485],[-46.459,-3.485],[-46.327,-3.446],[-46.061,-3.363],[-46.031,-3.354],[-45.896,-3.311],[-45.798,-3.335],[-45.691,-3.338],[-45.66,-3.338],[-45.66,-3.345],[-45.632,-3.369],[-45.601,-3.411],[-45.589,-3.43],[-45.545,-3.47],[-45.542,-3.485]]]}},{"type":"Feature","properties":{"id":"2104677","nome":"Governador Nunes Freire"},"geometry":{"type":"Polygon","coordinates":[[[-45.872,-1.805],[-45.835,-1.832],[-45.821,-1.837],[-45.808,-1.863],[-45.806,-1.866],[-45.797,-1.896],[-45.787,-1.909],[-45.741,-1.929],[-45.713,-1.949],[-45.694,-1.972],[-45.672,-2.026],[-45.676,-2.06],[-45.66,-2.103],[-45.664,-2.119],[-45.656,-2.135],[-45.657,-2.149],[-45.653,-2.159],[-45.647,-2.166],[-45.649,-2.173],[-45.639,-2.197],[-45.684,-2.226],[-45.709,-2.243],[-45.733,-2.201],[-45.741,-2.191],[-45.747,-2.189],[-45.8,-2.153],[-45.869,-2.183],[-45.871,-2.184],[-45.946,-2.204],[-45.935,-2.251],[-45.989,-2.27],[-45.984,-2.251],[-45.99,-2.246],[-45.988,-2.224],[-45.994,-2.205],[-45.985,-2.174],[-45.986,-2.169],[-45.992,-2.167],[-45.992,-2.162],[-45.986,-2.152],[-45.979,-2.134],[-45.984,-2.119],[-45.979,-2.11],[-45.98,-2.106],[-45.971,-2.1],[-45.97,-2.088],[-45.96,-2.084],[-45.947,-2.064],[-45.947,-2.063],[-45.943,-2.057],[-45.925,-2.043],[-45.923,-2.026],[-45.919,-2.024],[-45.917,-2.027],[-45.914,-2.016],[-45.91,-2.014],[-45.911,-2.008],[-45.923,-1.998],[-45.924,-1.991],[-45.919,-1.982],[-45.91,-1.977],[-45.914,-1.963],[-45.907,-1.96],[-45.906,-1.952],[-45.907,-1.934],[-45.904,-1.931],[-45.896,-1.936],[-45.894,-1.927],[-45.897,-1.921],[-45.89,-1.916],[-45.894,-1.896],[-45.887,-1.889],[-45.89,-1.879],[-45.88,-1.869],[-45.883,-1.862],[-45.876,-1.847],[-45.88,-1.84],[-45.877,-1.836],[-45.878,-1.824],[-45.874,-1.813],[-45.875,-1.809],[-45.871,-1.811],[-45.872,-1.805]]]}},{"type":"Feature","properties":{"id":"2104701","nome":"Gra\u00e7a Aranha"},"geometry":{"type":"Polygon","coordinates":[[[-44.306,-5.331],[-44.263,-5.388],[-44.207,-5.464],[-44.209,-5.464],[-44.216,-5.466],[-44.222,-5.462],[-44.223,-5.469],[-44.236,-5.474],[-44.241,-5.485],[-44.248,-5.489],[-44.249,-5.5],[-44.265,-5.504],[-44.294,-5.504],[-44.298,-5.494],[-44.306,-5.49],[-44.308,-5.476],[-44.322,-5.47],[-44.331,-5.462],[-44.342,-5.474],[-44.353,-5.458],[-44.378,-5.47],[-44.389,-5.464],[-44.396,-5.468],[-44.401,-5.465],[-44.411,-5.465],[-44.421,-5.471],[-44.427,-5.47],[-44.424,-5.455],[-44.429,-5.449],[-44.409,-5.45],[-44.4,-5.445],[-44.401,-5.427],[-44.407,-5.418],[-44.4,-5.411],[-44.402,-5.402],[-44.398,-5.387],[-44.375,-5.374],[-44.369,-5.376],[-44.371,-5.367],[-44.382,-5.369],[-44.383,-5.366],[-44.379,-5.362],[-44.362,-5.354],[-44.364,-5.349],[-44.356,-5.339],[-44.358,-5.325],[-44.355,-5.322],[-44.345,-5.311],[-44.348,-5.308],[-44.346,-5.305],[-44.347,-5.296],[-44.35,-5.284],[-44.357,-5.28],[-44.357,-5.276],[-44.346,-5.277],[-44.306,-5.331]]]}},{"type":"Feature","properties":{"id":"2104800","nome":"Graja\u00fa"},"geometry":{"type":"Polygon","coordinates":[[[-46.164,-5.324],[-46.157,-5.346],[-46.141,-5.332],[-46.101,-5.343],[-46.096,-5.352],[-46.084,-5.359],[-46.069,-5.361],[-46.064,-5.369],[-46.055,-5.371],[-46.051,-5.381],[-46.031,-5.4],[-46.026,-5.398],[-46.023,-5.388],[-46.012,-5.381],[-46.007,-5.382],[-46.007,-5.373],[-46.003,-5.364],[-45.994,-5.358],[-45.987,-5.355],[-45.986,-5.332],[-45.973,-5.338],[-45.959,-5.328],[-45.956,-5.33],[-45.943,-5.323],[-45.937,-5.313],[-45.933,-5.313],[-45.931,-5.32],[-45.916,-5.334],[-45.918,-5.339],[-45.902,-5.336],[-45.886,-5.334],[-45.876,-5.339],[-45.868,-5.361],[-45.837,-5.383],[-45.824,-5.388],[-45.81,-5.377],[-45.797,-5.328],[-45.741,-5.399],[-45.74,-5.399],[-45.728,-5.487],[-45.706,-5.588],[-45.704,-5.596],[-45.607,-5.776],[-45.608,-5.776],[-45.607,-5.787],[-45.601,-5.793],[-45.604,-5.796],[-45.604,-5.802],[-45.598,-5.807],[-45.6,-5.815],[-45.594,-5.827],[-45.594,-5.832],[-45.585,-5.845],[-45.591,-5.867],[-45.589,-5.869],[-45.584,-5.864],[-45.579,-5.869],[-45.581,-5.879],[-45.591,-5.876],[-45.593,-5.877],[-45.591,-5.882],[-45.596,-5.882],[-45.589,-5.887],[-45.589,-5.902],[-45.593,-5.917],[-45.597,-5.92],[-45.603,-5.919],[-45.606,-5.925],[-45.611,-5.926],[-45.611,-5.933],[-45.635,-5.962],[-45.643,-5.961],[-45.652,-5.966],[-45.655,-5.963],[-45.665,-5.966],[-45.68,-5.964],[-45.751,-5.98],[-45.775,-6.015],[-45.78,-6.038],[-45.781,-6.048],[-45.787,-6.061],[-45.783,-6.071],[-45.795,-6.083],[-45.807,-6.085],[-45.809,-6.096],[-45.814,-6.098],[-45.812,-6.103],[-45.819,-6.108],[-45.818,-6.115],[-45.823,-6.128],[-45.819,-6.135],[-45.817,-6.146],[-45.83,-6.159],[-45.828,-6.167],[-45.837,-6.177],[-45.848,-6.181],[-45.853,-6.193],[-45.865,-6.201],[-45.868,-6.212],[-45.869,-6.231],[-45.865,-6.238],[-45.869,-6.253],[-45.878,-6.261],[-45.881,-6.268],[-45.886,-6.343],[-45.903,-6.295],[-45.914,-6.284],[-45.932,-6.279],[-45.954,-6.265],[-45.97,-6.259],[-46.0,-6.256],[-46.01,-6.263],[-46.023,-6.264],[-46.046,-6.256],[-46.056,-6.246],[-46.069,-6.246],[-46.07,-6.246],[-46.191,-6.253],[-46.39,-6.264],[-46.451,-6.267],[-46.458,-6.271],[-46.456,-6.283],[-46.464,-6.281],[-46.464,-6.236],[-46.464,-5.993],[-46.466,-5.883],[-46.469,-5.751],[-46.462,-5.749],[-46.457,-5.738],[-46.45,-5.741],[-46.447,-5.733],[-46.437,-5.724],[-46.406,-5.724],[-46.406,-5.719],[-46.397,-5.716],[-46.392,-5.708],[-46.391,-5.707],[-46.389,-5.702],[-46.381,-5.696],[-46.375,-5.677],[-46.364,-5.673],[-46.349,-5.678],[-46.343,-5.668],[-46.334,-5.668],[-46.33,-5.655],[-46.319,-5.654],[-46.307,-5.648],[-46.302,-5.64],[-46.289,-5.635],[-46.275,-5.62],[-46.267,-5.62],[-46.266,-5.617],[-46.257,-5.619],[-46.242,-5.623],[-46.239,-5.612],[-46.243,-5.599],[-46.241,-5.594],[-46.224,-5.587],[-46.218,-5.591],[-46.215,-5.59],[-46.228,-5.561],[-46.309,-5.376],[-46.281,-5.359],[-46.276,-5.351],[-46.249,-5.351],[-46.236,-5.346],[-46.204,-5.325],[-46.195,-5.323],[-46.19,-5.314],[-46.177,-5.315],[-46.164,-5.324]]]}},{"type":"Feature","properties":{"id":"2104909","nome":"Guimar\u00e3es"},"geometry":{"type":"Polygon","coordinates":[[[-44.451,-2.07],[-44.471,-2.077],[-44.48,-2.077],[-44.482,-2.073],[-44.444,-2.057],[-44.451,-2.07]],[[-44.445,-2.025],[-44.457,-2.03],[-44.446,-2.008],[-44.438,-2.018],[-44.445,-2.025]],[[-44.483,-2.019],[-44.477,-2.022],[-44.466,-2.016],[-44.47,-2.022],[-44.474,-2.04],[-44.498,-2.05],[-44.5,-2.053],[-44.5,-2.1],[-44.515,-2.116],[-44.555,-2.163],[-44.595,-2.211],[-44.615,-2.231],[-44.619,-2.234],[-44.632,-2.252],[-44.637,-2.267],[-44.642,-2.271],[-44.671,-2.276],[-44.683,-2.284],[-44.688,-2.287],[-44.697,-2.285],[-44.719,-2.272],[-44.754,-2.267],[-44.761,-2.27],[-44.754,-2.259],[-44.739,-2.261],[-44.733,-2.252],[-44.748,-2.252],[-44.756,-2.245],[-44.782,-2.249],[-44.786,-2.238],[-44.795,-2.232],[-44.8,-2.222],[-44.787,-2.207],[-44.784,-2.186],[-44.783,-2.185],[-44.782,-2.167],[-44.77,-2.149],[-44.751,-2.135],[-44.754,-2.121],[-44.74,-2.106],[-44.739,-2.096],[-44.735,-2.094],[-44.721,-2.084],[-44.721,-2.075],[-44.691,-2.067],[-44.653,-2.063],[-44.649,-2.056],[-44.642,-2.056],[-44.638,-2.044],[-44.634,-2.042],[-44.628,-2.045],[-44.627,-2.037],[-44.62,-2.042],[-44.614,-2.035],[-44.603,-2.036],[-44.588,-2.037],[-44.567,-2.02],[-44.532,-2.023],[-44.507,-2.015],[-44.496,-2.007],[-44.483,-2.019]]]}},{"type":"Feature","properties":{"id":"2105005","nome":"Humberto de Campos"},"geometry":{"type":"Polygon","coordinates":[[[-43.449,-2.559],[-43.442,-2.567],[-43.457,-2.582],[-43.462,-2.593],[-43.459,-2.597],[-43.454,-2.599],[-43.449,-2.605],[-43.445,-2.606],[-43.446,-2.618],[-43.451,-2.618],[-43.452,-2.625],[-43.44,-2.626],[-43.44,-2.631],[-43.439,-2.629],[-43.434,-2.632],[-43.438,-2.637],[-43.435,-2.646],[-43.438,-2.65],[-43.437,-2.666],[-43.444,-2.691],[-43.439,-2.727],[-43.446,-2.745],[-43.443,-2.757],[-43.442,-2.76],[-43.438,-2.778],[-43.454,-2.804],[-43.461,-2.832],[-43.459,-2.881],[-43.455,-2.896],[-43.442,-2.898],[-43.44,-2.901],[-43.422,-2.9],[-43.417,-2.916],[-43.422,-2.932],[-43.421,-2.939],[-43.426,-2.943],[-43.428,-2.953],[-43.448,-2.971],[-43.45,-2.979],[-43.456,-2.984],[-43.463,-2.983],[-43.474,-2.981],[-43.486,-2.99],[-43.501,-3.017],[-43.523,-3.016],[-43.534,-3.007],[-43.546,-3.004],[-43.551,-3.021],[-43.571,-3.038],[-43.598,-2.963],[-43.599,-2.963],[-43.614,-2.928],[-43.621,-2.914],[-43.633,-2.886],[-43.641,-2.87],[-43.712,-2.711],[-43.745,-2.637],[-43.731,-2.633],[-43.718,-2.619],[-43.71,-2.618],[-43.692,-2.605],[-43.686,-2.593],[-43.688,-2.588],[-43.683,-2.584],[-43.683,-2.574],[-43.694,-2.565],[-43.7,-2.567],[-43.701,-2.561],[-43.706,-2.565],[-43.706,-2.56],[-43.7,-2.551],[-43.708,-2.538],[-43.704,-2.529],[-43.712,-2.527],[-43.712,-2.522],[-43.708,-2.519],[-43.698,-2.517],[-43.694,-2.504],[-43.686,-2.496],[-43.686,-2.481],[-43.692,-2.468],[-43.716,-2.447],[-43.761,-2.423],[-43.761,-2.407],[-43.748,-2.381],[-43.747,-2.373],[-43.748,-2.368],[-43.761,-2.355],[-43.728,-2.288],[-43.717,-2.278],[-43.667,-2.257],[-43.632,-2.228],[-43.615,-2.219],[-43.587,-2.229],[-43.565,-2.247],[-43.518,-2.342],[-43.501,-2.366],[-43.492,-2.373],[-43.488,-2.402],[-43.483,-2.415],[-43.473,-2.429],[-43.469,-2.446],[-43.449,-2.545],[-43.449,-2.559]]]}},{"type":"Feature","properties":{"id":"2105104","nome":"Icatu"},"geometry":{"type":"Polygon","coordinates":[[[-43.706,-2.56],[-43.706,-2.565],[-43.701,-2.561],[-43.7,-2.567],[-43.694,-2.565],[-43.683,-2.574],[-43.683,-2.584],[-43.688,-2.588],[-43.686,-2.593],[-43.692,-2.605],[-43.71,-2.618],[-43.718,-2.619],[-43.731,-2.633],[-43.745,-2.637],[-43.745,-2.679],[-43.745,-2.807],[-43.755,-2.807],[-43.811,-2.808],[-43.818,-2.808],[-44.019,-2.808],[-44.05,-2.808],[-44.065,-2.808],[-44.072,-2.805],[-44.074,-2.795],[-44.068,-2.778],[-44.071,-2.766],[-44.073,-2.762],[-44.075,-2.753],[-44.096,-2.688],[-44.067,-2.65],[-44.051,-2.632],[-44.043,-2.623],[-44.028,-2.605],[-44.0,-2.578],[-43.98,-2.573],[-43.96,-2.542],[-43.925,-2.511],[-43.9,-2.462],[-43.89,-2.431],[-43.867,-2.407],[-43.857,-2.389],[-43.831,-2.364],[-43.785,-2.34],[-43.78,-2.348],[-43.757,-2.363],[-43.747,-2.373],[-43.748,-2.381],[-43.761,-2.407],[-43.761,-2.423],[-43.716,-2.447],[-43.692,-2.468],[-43.686,-2.481],[-43.686,-2.496],[-43.694,-2.504],[-43.698,-2.517],[-43.708,-2.519],[-43.712,-2.522],[-43.712,-2.527],[-43.704,-2.529],[-43.708,-2.538],[-43.7,-2.551],[-43.706,-2.56]]]}},{"type":"Feature","properties":{"id":"2105153","nome":"Igarap\u00e9 do Meio"},"geometry":{"type":"Polygon","coordinates":[[[-45.0,-3.596],[-45.048,-3.717],[-45.049,-3.722],[-45.051,-3.723],[-45.051,-3.717],[-45.059,-3.71],[-45.065,-3.717],[-45.082,-3.714],[-45.078,-3.72],[-45.086,-3.722],[-45.087,-3.722],[-45.088,-3.733],[-45.091,-3.73],[-45.094,-3.735],[-45.098,-3.728],[-45.1,-3.729],[-45.102,-3.735],[-45.106,-3.735],[-45.103,-3.74],[-45.108,-3.738],[-45.108,-3.743],[-45.113,-3.743],[-45.108,-3.746],[-45.11,-3.748],[-45.119,-3.746],[-45.14,-3.726],[-45.145,-3.73],[-45.174,-3.727],[-45.288,-3.718],[-45.283,-3.7],[-45.277,-3.696],[-45.262,-3.689],[-45.255,-3.695],[-45.251,-3.694],[-45.25,-3.687],[-45.242,-3.68],[-45.235,-3.667],[-45.235,-3.654],[-45.228,-3.652],[-45.226,-3.644],[-45.213,-3.638],[-45.203,-3.627],[-45.194,-3.625],[-45.183,-3.625],[-45.176,-3.615],[-45.17,-3.618],[-45.168,-3.614],[-45.163,-3.614],[-45.161,-3.604],[-45.131,-3.588],[-45.13,-3.584],[-45.126,-3.581],[-45.126,-3.572],[-45.122,-3.567],[-45.089,-3.548],[-45.084,-3.542],[-45.07,-3.541],[-45.061,-3.538],[-45.049,-3.512],[-45.046,-3.527],[-45.041,-3.531],[-45.042,-3.54],[-45.033,-3.547],[-45.035,-3.559],[-45.033,-3.569],[-45.001,-3.582],[-44.997,-3.587],[-45.0,-3.596]]]}},{"type":"Feature","properties":{"id":"2105203","nome":"Igarap\u00e9 Grande"},"geometry":{"type":"Polygon","coordinates":[[[-44.727,-4.532],[-44.728,-4.573],[-44.741,-4.563],[-44.755,-4.569],[-44.759,-4.565],[-44.766,-4.566],[-44.774,-4.57],[-44.801,-4.568],[-44.795,-4.593],[-44.798,-4.607],[-44.782,-4.646],[-44.755,-4.711],[-44.856,-4.701],[-44.929,-4.695],[-44.95,-4.693],[-44.939,-4.681],[-44.932,-4.666],[-44.921,-4.655],[-44.908,-4.654],[-44.902,-4.645],[-44.903,-4.626],[-44.894,-4.625],[-44.891,-4.619],[-44.898,-4.599],[-44.896,-4.597],[-44.897,-4.592],[-44.891,-4.59],[-44.891,-4.583],[-44.872,-4.578],[-44.871,-4.57],[-44.86,-4.566],[-44.86,-4.556],[-44.851,-4.547],[-44.847,-4.52],[-44.843,-4.505],[-44.838,-4.505],[-44.836,-4.501],[-44.846,-4.482],[-44.857,-4.477],[-44.848,-4.474],[-44.853,-4.465],[-44.848,-4.456],[-44.798,-4.455],[-44.784,-4.455],[-44.726,-4.454],[-44.727,-4.532]]]}},{"type":"Feature","properties":{"id":"2105302","nome":"Imperatriz"},"geometry":{"type":"Polygon","coordinates":[[[-47.489,-5.172],[-47.484,-5.176],[-47.467,-5.181],[-47.465,-5.189],[-47.457,-5.197],[-47.431,-5.221],[-47.409,-5.216],[-47.415,-5.234],[-47.403,-5.252],[-47.381,-5.272],[-47.377,-5.272],[-47.374,-5.264],[-47.364,-5.258],[-47.365,-5.27],[-47.371,-5.28],[-47.376,-5.284],[-47.39,-5.286],[-47.398,-5.293],[-47.4,-5.3],[-47.412,-5.31],[-47.41,-5.318],[-47.413,-5.32],[-47.431,-5.333],[-47.426,-5.385],[-47.417,-5.465],[-47.412,-5.476],[-47.398,-5.483],[-47.395,-5.492],[-47.404,-5.499],[-47.406,-5.509],[-47.411,-5.509],[-47.419,-5.518],[-47.425,-5.522],[-47.427,-5.544],[-47.441,-5.567],[-47.439,-5.579],[-47.434,-5.587],[-47.396,-5.645],[-47.421,-5.637],[-47.429,-5.638],[-47.434,-5.643],[-47.438,-5.628],[-47.446,-5.631],[-47.447,-5.627],[-47.452,-5.632],[-47.468,-5.621],[-47.479,-5.621],[-47.484,-5.595],[-47.483,-5.565],[-47.494,-5.539],[-47.5,-5.525],[-47.523,-5.5],[-47.555,-5.465],[-47.564,-5.463],[-47.58,-5.47],[-47.602,-5.465],[-47.618,-5.459],[-47.666,-5.421],[-47.685,-5.412],[-47.736,-5.383],[-47.744,-5.38],[-47.768,-5.378],[-47.793,-5.384],[-47.827,-5.386],[-47.843,-5.376],[-47.867,-5.342],[-47.866,-5.305],[-47.859,-5.312],[-47.86,-5.323],[-47.84,-5.333],[-47.83,-5.324],[-47.819,-5.326],[-47.818,-5.322],[-47.814,-5.323],[-47.81,-5.315],[-47.804,-5.306],[-47.798,-5.303],[-47.797,-5.296],[-47.792,-5.296],[-47.777,-5.282],[-47.761,-5.259],[-47.752,-5.249],[-47.743,-5.248],[-47.742,-5.247],[-47.739,-5.246],[-47.726,-5.229],[-47.704,-5.234],[-47.695,-5.179],[-47.686,-5.156],[-47.661,-5.168],[-47.653,-5.167],[-47.644,-5.16],[-47.624,-5.159],[-47.606,-5.164],[-47.592,-5.158],[-47.57,-5.158],[-47.551,-5.154],[-47.538,-5.156],[-47.526,-5.177],[-47.515,-5.155],[-47.519,-5.146],[-47.515,-5.14],[-47.515,-5.128],[-47.499,-5.142],[-47.489,-5.172]]]}},{"type":"Feature","properties":{"id":"2105351","nome":"Itaipava do Graja\u00fa"},"geometry":{"type":"Polygon","coordinates":[[[-45.508,-5.01],[-45.39,-5.033],[-45.279,-5.055],[-45.29,-5.068],[-45.304,-5.072],[-45.312,-5.078],[-45.344,-5.079],[-45.349,-5.083],[-45.345,-5.096],[-45.329,-5.095],[-45.328,-5.1],[-45.332,-5.104],[-45.325,-5.103],[-45.33,-5.125],[-45.315,-5.134],[-45.314,-5.163],[-45.326,-5.177],[-45.327,-5.199],[-45.339,-5.206],[-45.331,-5.193],[-45.341,-5.175],[-45.343,-5.156],[-45.354,-5.154],[-45.372,-5.14],[-45.386,-5.14],[-45.408,-5.133],[-45.419,-5.125],[-45.432,-5.123],[-45.439,-5.119],[-45.44,-5.111],[-45.452,-5.106],[-45.455,-5.099],[-45.465,-5.093],[-45.467,-5.081],[-45.474,-5.08],[-45.482,-5.069],[-45.486,-5.055],[-45.513,-5.13],[-45.537,-5.183],[-45.619,-5.153],[-45.683,-5.18],[-45.721,-5.241],[-45.734,-5.259],[-45.735,-5.262],[-45.735,-5.27],[-45.739,-5.271],[-45.745,-5.284],[-45.778,-5.281],[-45.81,-5.31],[-45.797,-5.328],[-45.81,-5.377],[-45.824,-5.388],[-45.837,-5.383],[-45.868,-5.361],[-45.876,-5.339],[-45.886,-5.334],[-45.902,-5.336],[-45.918,-5.339],[-45.916,-5.334],[-45.931,-5.32],[-45.933,-5.313],[-45.93,-5.306],[-45.928,-5.299],[-45.932,-5.287],[-45.924,-5.287],[-45.923,-5.283],[-45.916,-5.282],[-45.907,-5.269],[-45.911,-5.264],[-45.907,-5.263],[-45.905,-5.254],[-45.897,-5.249],[-45.889,-5.248],[-45.888,-5.241],[-45.88,-5.239],[-45.881,-5.236],[-45.878,-5.238],[-45.873,-5.23],[-45.871,-5.235],[-45.87,-5.232],[-45.865,-5.234],[-45.855,-5.205],[-45.849,-5.211],[-45.848,-5.207],[-45.839,-5.206],[-45.842,-5.201],[-45.836,-5.2],[-45.831,-5.19],[-45.822,-5.189],[-45.823,-5.184],[-45.82,-5.184],[-45.817,-5.178],[-45.819,-5.174],[-45.813,-5.174],[-45.813,-5.163],[-45.806,-5.159],[-45.801,-5.161],[-45.794,-5.151],[-45.793,-5.146],[-45.797,-5.141],[-45.795,-5.138],[-45.797,-5.138],[-45.796,-5.131],[-45.799,-5.128],[-45.797,-5.124],[-45.791,-5.118],[-45.785,-5.123],[-45.781,-5.119],[-45.782,-5.118],[-45.777,-5.119],[-45.774,-5.112],[-45.768,-5.113],[-45.76,-5.096],[-45.754,-5.092],[-45.753,-5.085],[-45.755,-5.084],[-45.749,-5.072],[-45.743,-5.078],[-45.744,-5.075],[-45.739,-5.075],[-45.739,-5.078],[-45.732,-5.063],[-45.726,-5.059],[-45.725,-5.051],[-45.722,-5.05],[-45.724,-5.047],[-45.719,-5.042],[-45.715,-5.041],[-45.714,-5.047],[-45.711,-5.044],[-45.709,-5.047],[-45.708,-5.042],[-45.684,-5.039],[-45.674,-5.029],[-45.67,-5.03],[-45.658,-5.025],[-45.654,-5.018],[-45.655,-5.013],[-45.649,-5.009],[-45.647,-5.004],[-45.63,-5.002],[-45.629,-4.994],[-45.62,-4.987],[-45.604,-4.992],[-45.599,-4.993],[-45.508,-5.01]]]}},{"type":"Feature","properties":{"id":"2105401","nome":"Itapecuru Mirim"},"geometry":{"type":"Polygon","coordinates":[[[-44.052,-3.261],[-44.047,-3.29],[-44.041,-3.322],[-44.038,-3.335],[-44.047,-3.346],[-44.054,-3.361],[-44.055,-3.361],[-44.057,-3.364],[-44.055,-3.375],[-44.065,-3.397],[-44.063,-3.41],[-44.066,-3.429],[-44.062,-3.438],[-44.068,-3.457],[-44.079,-3.469],[-44.08,-3.47],[-44.086,-3.481],[-44.081,-3.479],[-44.088,-3.511],[-44.094,-3.522],[-44.092,-3.533],[-44.087,-3.536],[-44.175,-3.536],[-44.202,-3.537],[-44.303,-3.537],[-44.398,-3.538],[-44.4,-3.531],[-44.4,-3.53],[-44.406,-3.511],[-44.385,-3.474],[-44.386,-3.454],[-44.39,-3.441],[-44.392,-3.444],[-44.4,-3.459],[-44.402,-3.457],[-44.404,-3.46],[-44.412,-3.463],[-44.422,-3.463],[-44.455,-3.483],[-44.472,-3.485],[-44.49,-3.476],[-44.5,-3.466],[-44.511,-3.469],[-44.512,-3.471],[-44.521,-3.471],[-44.529,-3.465],[-44.529,-3.464],[-44.545,-3.462],[-44.556,-3.454],[-44.571,-3.456],[-44.584,-3.45],[-44.531,-3.397],[-44.518,-3.383],[-44.49,-3.345],[-44.496,-3.327],[-44.497,-3.325],[-44.492,-3.315],[-44.488,-3.307],[-44.471,-3.318],[-44.469,-3.315],[-44.456,-3.297],[-44.459,-3.294],[-44.458,-3.275],[-44.463,-3.268],[-44.468,-3.267],[-44.466,-3.264],[-44.452,-3.265],[-44.442,-3.273],[-44.429,-3.256],[-44.426,-3.253],[-44.418,-3.242],[-44.424,-3.239],[-44.432,-3.241],[-44.443,-3.223],[-44.441,-3.22],[-44.428,-3.21],[-44.423,-3.211],[-44.422,-3.205],[-44.411,-3.213],[-44.404,-3.207],[-44.399,-3.209],[-44.384,-3.222],[-44.376,-3.224],[-44.371,-3.221],[-44.369,-3.228],[-44.364,-3.229],[-44.367,-3.233],[-44.364,-3.239],[-44.355,-3.236],[-44.358,-3.245],[-44.356,-3.25],[-44.345,-3.255],[-44.337,-3.254],[-44.335,-3.258],[-44.333,-3.264],[-44.33,-3.263],[-44.323,-3.266],[-44.303,-3.264],[-44.293,-3.269],[-44.29,-3.278],[-44.293,-3.287],[-44.262,-3.289],[-44.251,-3.296],[-44.243,-3.308],[-44.215,-3.263],[-44.209,-3.253],[-44.17,-3.267],[-44.153,-3.263],[-44.149,-3.263],[-44.129,-3.259],[-44.102,-3.253],[-44.102,-3.243],[-44.117,-3.229],[-44.102,-3.218],[-44.064,-3.187],[-44.064,-3.191],[-44.052,-3.261]]]}},{"type":"Feature","properties":{"id":"2105427","nome":"Itinga do Maranh\u00e3o"},"geometry":{"type":"Polygon","coordinates":[[[-47.027,-3.629],[-47.025,-3.639],[-47.033,-3.643],[-47.025,-3.66],[-47.029,-3.663],[-47.025,-3.672],[-47.029,-3.675],[-47.029,-3.681],[-47.022,-3.69],[-47.0,-3.704],[-46.995,-3.717],[-46.985,-3.726],[-46.983,-3.735],[-46.977,-3.735],[-46.976,-3.739],[-46.98,-3.742],[-46.973,-3.75],[-46.971,-3.768],[-46.963,-3.776],[-46.962,-3.785],[-46.96,-3.785],[-46.956,-3.795],[-46.952,-3.797],[-46.955,-3.807],[-46.952,-3.81],[-46.955,-3.811],[-46.937,-3.873],[-46.936,-3.882],[-46.942,-3.898],[-46.94,-3.901],[-46.946,-3.915],[-46.943,-3.916],[-46.945,-3.923],[-46.934,-3.949],[-46.936,-3.961],[-46.918,-3.998],[-46.919,-4.016],[-46.915,-4.022],[-46.916,-4.027],[-46.912,-4.039],[-46.912,-4.059],[-46.917,-4.066],[-46.915,-4.076],[-46.927,-4.086],[-46.948,-4.08],[-46.957,-4.087],[-46.963,-4.093],[-46.961,-4.103],[-46.964,-4.112],[-46.989,-4.147],[-47.01,-4.174],[-47.012,-4.193],[-47.02,-4.201],[-47.029,-4.22],[-47.072,-4.236],[-47.078,-4.236],[-47.09,-4.241],[-47.095,-4.247],[-47.101,-4.265],[-47.126,-4.284],[-47.138,-4.318],[-47.187,-4.388],[-47.21,-4.406],[-47.222,-4.425],[-47.244,-4.432],[-47.241,-4.437],[-47.249,-4.469],[-47.248,-4.492],[-47.254,-4.5],[-47.254,-4.509],[-47.248,-4.522],[-47.253,-4.528],[-47.248,-4.531],[-47.235,-4.55],[-47.226,-4.592],[-47.226,-4.629],[-47.23,-4.636],[-47.235,-4.647],[-47.275,-4.685],[-47.286,-4.696],[-47.306,-4.698],[-47.339,-4.69],[-47.335,-4.676],[-47.367,-4.669],[-47.386,-4.658],[-47.389,-4.656],[-47.388,-4.651],[-47.393,-4.652],[-47.426,-4.637],[-47.444,-4.635],[-47.47,-4.649],[-47.487,-4.648],[-47.495,-4.652],[-47.495,-4.7],[-47.513,-4.704],[-47.593,-4.705],[-47.604,-4.706],[-47.615,-4.702],[-47.646,-4.727],[-47.655,-4.715],[-47.674,-4.712],[-47.681,-4.712],[-47.688,-4.721],[-47.69,-4.723],[-47.694,-4.724],[-47.701,-4.717],[-47.699,-4.711],[-47.699,-4.701],[-47.688,-4.692],[-47.686,-4.69],[-47.688,-4.685],[-47.693,-4.65],[-47.688,-4.646],[-47.687,-4.641],[-47.682,-4.639],[-47.686,-4.628],[-47.681,-4.623],[-47.68,-4.608],[-47.663,-4.597],[-47.637,-4.571],[-47.612,-4.557],[-47.608,-4.548],[-47.581,-4.52],[-47.563,-4.474],[-47.534,-4.448],[-47.531,-4.443],[-47.518,-4.427],[-47.502,-4.403],[-47.498,-4.388],[-47.488,-4.376],[-47.488,-4.367],[-47.476,-4.356],[-47.482,-4.348],[-47.476,-4.341],[-47.479,-4.328],[-47.471,-4.32],[-47.474,-4.315],[-47.455,-4.305],[-47.442,-4.287],[-47.433,-4.284],[-47.429,-4.286],[-47.429,-4.276],[-47.417,-4.278],[-47.411,-4.27],[-47.401,-4.267],[-47.388,-4.25],[-47.379,-4.245],[-47.371,-4.245],[-47.374,-4.234],[-47.371,-4.232],[-47.376,-4.23],[-47.379,-4.221],[-47.374,-4.217],[-47.37,-4.219],[-47.373,-4.214],[-47.368,-4.209],[-47.369,-4.206],[-47.365,-4.205],[-47.367,-4.194],[-47.36,-4.191],[-47.365,-4.18],[-47.353,-4.176],[-47.347,-4.183],[-47.34,-4.177],[-47.343,-4.168],[-47.347,-4.157],[-47.342,-4.148],[-47.349,-4.141],[-47.343,-4.127],[-47.35,-4.115],[-47.347,-4.108],[-47.343,-4.097],[-47.331,-4.091],[-47.333,-4.075],[-47.331,-4.069],[-47.325,-4.068],[-47.324,-4.062],[-47.319,-4.047],[-47.31,-4.052],[-47.31,-4.056],[-47.306,-4.059],[-47.303,-4.053],[-47.293,-4.052],[-47.293,-4.043],[-47.286,-4.045],[-47.285,-4.036],[-47.277,-4.034],[-47.277,-4.03],[-47.267,-4.033],[-47.267,-4.026],[-47.244,-4.012],[-47.239,-3.998],[-47.222,-4.001],[-47.22,-3.988],[-47.204,-3.988],[-47.201,-3.973],[-47.196,-3.976],[-47.199,-3.98],[-47.197,-3.985],[-47.19,-3.983],[-47.187,-3.979],[-47.193,-3.975],[-47.192,-3.968],[-47.181,-3.967],[-47.178,-3.961],[-47.18,-3.956],[-47.181,-3.959],[-47.183,-3.957],[-47.183,-3.947],[-47.179,-3.941],[-47.175,-3.945],[-47.169,-3.943],[-47.169,-3.938],[-47.175,-3.93],[-47.17,-3.929],[-47.173,-3.923],[-47.148,-3.914],[-47.148,-3.897],[-47.138,-3.899],[-47.139,-3.904],[-47.132,-3.899],[-47.133,-3.887],[-47.137,-3.885],[-47.132,-3.878],[-47.129,-3.881],[-47.128,-3.876],[-47.122,-3.878],[-47.124,-3.881],[-47.122,-3.883],[-47.113,-3.877],[-47.106,-3.881],[-47.101,-3.861],[-47.092,-3.86],[-47.088,-3.861],[-47.084,-3.847],[-47.079,-3.846],[-47.084,-3.84],[-47.08,-3.836],[-47.086,-3.825],[-47.079,-3.827],[-47.078,-3.821],[-47.072,-3.817],[-47.075,-3.814],[-47.078,-3.811],[-47.074,-3.807],[-47.075,-3.804],[-47.068,-3.803],[-47.063,-3.799],[-47.064,-3.79],[-47.059,-3.784],[-47.064,-3.777],[-47.056,-3.774],[-47.059,-3.769],[-47.055,-3.768],[-47.065,-3.759],[-47.053,-3.746],[-47.059,-3.743],[-47.053,-3.738],[-47.06,-3.729],[-47.057,-3.721],[-47.048,-3.719],[-47.05,-3.716],[-47.046,-3.705],[-47.05,-3.699],[-47.048,-3.689],[-47.054,-3.685],[-47.049,-3.677],[-47.04,-3.674],[-47.037,-3.668],[-47.048,-3.668],[-47.052,-3.663],[-47.045,-3.657],[-47.05,-3.653],[-47.057,-3.654],[-47.053,-3.648],[-47.055,-3.646],[-47.047,-3.647],[-47.04,-3.644],[-47.046,-3.638],[-47.044,-3.633],[-47.052,-3.635],[-47.045,-3.625],[-47.048,-3.619],[-47.04,-3.615],[-47.038,-3.605],[-47.03,-3.604],[-47.026,-3.607],[-47.03,-3.611],[-47.025,-3.614],[-47.024,-3.619],[-47.028,-3.621],[-47.023,-3.626],[-47.027,-3.629]]]}},{"type":"Feature","properties":{"id":"2105450","nome":"Jatob\u00e1"},"geometry":{"type":"Polygon","coordinates":[[[-44.101,-5.853],[-44.102,-5.869],[-44.11,-5.873],[-44.12,-5.864],[-44.123,-5.865],[-44.128,-5.881],[-44.132,-5.888],[-44.134,-5.886],[-44.137,-5.889],[-44.137,-5.893],[-44.151,-5.9],[-44.159,-5.909],[-44.158,-5.912],[-44.183,-5.922],[-44.229,-5.94],[-44.266,-5.954],[-44.271,-5.942],[-44.285,-5.936],[-44.293,-5.93],[-44.295,-5.924],[-44.314,-5.923],[-44.347,-5.912],[-44.365,-5.913],[-44.392,-5.905],[-44.406,-5.91],[-44.429,-5.911],[-44.439,-5.92],[-44.457,-5.913],[-44.469,-5.896],[-44.477,-5.877],[-44.472,-5.863],[-44.473,-5.851],[-44.469,-5.849],[-44.462,-5.833],[-44.456,-5.828],[-44.467,-5.823],[-44.472,-5.814],[-44.484,-5.813],[-44.498,-5.801],[-44.377,-5.784],[-44.327,-5.777],[-44.269,-5.769],[-44.232,-5.764],[-44.22,-5.77],[-44.09,-5.84],[-44.091,-5.846],[-44.101,-5.853]]]}},{"type":"Feature","properties":{"id":"2105476","nome":"Jenipapo dos Vieiras"},"geometry":{"type":"Polygon","coordinates":[[[-45.341,-5.175],[-45.331,-5.193],[-45.339,-5.206],[-45.348,-5.206],[-45.36,-5.222],[-45.344,-5.235],[-45.339,-5.246],[-45.341,-5.253],[-45.347,-5.256],[-45.351,-5.264],[-45.362,-5.266],[-45.37,-5.279],[-45.382,-5.283],[-45.402,-5.283],[-45.423,-5.278],[-45.423,-5.285],[-45.426,-5.29],[-45.433,-5.291],[-45.443,-5.287],[-45.447,-5.276],[-45.459,-5.269],[-45.467,-5.274],[-45.481,-5.295],[-45.482,-5.303],[-45.467,-5.338],[-45.466,-5.34],[-45.451,-5.379],[-45.457,-5.387],[-45.442,-5.401],[-45.438,-5.423],[-45.429,-5.439],[-45.421,-5.446],[-45.462,-5.471],[-45.523,-5.508],[-45.427,-5.603],[-45.431,-5.609],[-45.44,-5.604],[-45.441,-5.608],[-45.446,-5.609],[-45.445,-5.613],[-45.454,-5.618],[-45.459,-5.617],[-45.463,-5.62],[-45.482,-5.621],[-45.488,-5.633],[-45.491,-5.633],[-45.49,-5.636],[-45.495,-5.635],[-45.498,-5.642],[-45.507,-5.646],[-45.507,-5.651],[-45.503,-5.656],[-45.511,-5.661],[-45.517,-5.657],[-45.518,-5.663],[-45.523,-5.662],[-45.52,-5.668],[-45.526,-5.677],[-45.542,-5.683],[-45.546,-5.69],[-45.553,-5.692],[-45.551,-5.697],[-45.554,-5.705],[-45.551,-5.711],[-45.573,-5.713],[-45.575,-5.733],[-45.575,-5.734],[-45.585,-5.737],[-45.587,-5.746],[-45.592,-5.746],[-45.598,-5.77],[-45.607,-5.776],[-45.704,-5.596],[-45.706,-5.588],[-45.728,-5.487],[-45.74,-5.399],[-45.741,-5.399],[-45.797,-5.328],[-45.81,-5.31],[-45.778,-5.281],[-45.745,-5.284],[-45.739,-5.271],[-45.735,-5.27],[-45.735,-5.262],[-45.734,-5.259],[-45.721,-5.241],[-45.683,-5.18],[-45.619,-5.153],[-45.537,-5.183],[-45.513,-5.13],[-45.486,-5.055],[-45.482,-5.069],[-45.474,-5.08],[-45.467,-5.081],[-45.465,-5.093],[-45.455,-5.099],[-45.452,-5.106],[-45.44,-5.111],[-45.439,-5.119],[-45.432,-5.123],[-45.419,-5.125],[-45.408,-5.133],[-45.386,-5.14],[-45.372,-5.14],[-45.354,-5.154],[-45.343,-5.156],[-45.341,-5.175]]]}},{"type":"Feature","properties":{"id":"2105500","nome":"Jo\u00e3o Lisboa"},"geometry":{"type":"Polygon","coordinates":[[[-46.9,-5.04],[-46.89,-5.05],[-46.894,-5.06],[-46.887,-5.069],[-46.912,-5.09],[-46.918,-5.106],[-46.923,-5.105],[-46.925,-5.099],[-46.932,-5.095],[-46.936,-5.096],[-46.943,-5.092],[-46.948,-5.096],[-46.949,-5.101],[-46.965,-5.099],[-46.972,-5.104],[-46.975,-5.101],[-46.984,-5.113],[-46.985,-5.136],[-47.021,-5.16],[-47.031,-5.167],[-47.071,-5.193],[-47.165,-5.255],[-47.233,-5.301],[-47.239,-5.305],[-47.31,-5.352],[-47.306,-5.358],[-47.308,-5.368],[-47.305,-5.385],[-47.307,-5.385],[-47.319,-5.395],[-47.33,-5.431],[-47.339,-5.441],[-47.344,-5.446],[-47.353,-5.457],[-47.36,-5.451],[-47.379,-5.463],[-47.398,-5.483],[-47.412,-5.476],[-47.417,-5.465],[-47.426,-5.385],[-47.431,-5.333],[-47.413,-5.32],[-47.41,-5.318],[-47.412,-5.31],[-47.4,-5.3],[-47.398,-5.293],[-47.39,-5.286],[-47.376,-5.284],[-47.371,-5.28],[-47.365,-5.27],[-47.364,-5.258],[-47.355,-5.25],[-47.346,-5.258],[-47.339,-5.257],[-47.344,-5.263],[-47.337,-5.262],[-47.335,-5.268],[-47.331,-5.266],[-47.323,-5.283],[-47.319,-5.286],[-47.312,-5.307],[-47.302,-5.307],[-47.301,-5.302],[-47.284,-5.304],[-47.276,-5.314],[-47.268,-5.306],[-47.243,-5.282],[-47.238,-5.278],[-47.225,-5.266],[-47.22,-5.251],[-47.206,-5.243],[-47.202,-5.231],[-47.185,-5.221],[-47.178,-5.194],[-47.169,-5.189],[-47.167,-5.182],[-47.164,-5.186],[-47.156,-5.178],[-47.156,-5.169],[-47.149,-5.163],[-47.15,-5.153],[-47.137,-5.146],[-47.135,-5.143],[-47.137,-5.133],[-47.128,-5.123],[-47.124,-5.105],[-47.119,-5.1],[-47.113,-5.1],[-47.117,-5.087],[-47.112,-5.086],[-47.109,-5.089],[-47.102,-5.084],[-47.098,-5.078],[-47.1,-5.069],[-47.079,-5.057],[-47.06,-5.056],[-47.042,-5.06],[-47.025,-5.049],[-47.0,-5.048],[-46.995,-5.049],[-46.948,-5.032],[-46.915,-5.008],[-46.906,-4.997],[-46.901,-4.998],[-46.9,-5.011],[-46.895,-5.018],[-46.898,-5.022],[-46.9,-5.04]]]}},{"type":"Feature","properties":{"id":"2105609","nome":"Josel\u00e2ndia"},"geometry":{"type":"Polygon","coordinates":[[[-44.643,-4.875],[-44.638,-4.881],[-44.634,-4.878],[-44.63,-4.887],[-44.627,-4.886],[-44.627,-4.883],[-44.615,-4.89],[-44.618,-4.892],[-44.614,-4.894],[-44.618,-4.9],[-44.622,-4.9],[-44.622,-4.904],[-44.628,-4.904],[-44.627,-4.909],[-44.632,-4.91],[-44.63,-4.915],[-44.625,-4.918],[-44.626,-4.92],[-44.615,-4.926],[-44.617,-4.931],[-44.612,-4.932],[-44.618,-4.936],[-44.613,-4.94],[-44.611,-4.95],[-44.618,-4.959],[-44.62,-4.972],[-44.627,-4.977],[-44.63,-4.986],[-44.636,-4.986],[-44.64,-4.99],[-44.636,-5.001],[-44.624,-5.002],[-44.619,-5.006],[-44.617,-5.014],[-44.623,-5.021],[-44.628,-5.019],[-44.634,-5.035],[-44.638,-5.037],[-44.634,-5.049],[-44.64,-5.05],[-44.639,-5.059],[-44.648,-5.058],[-44.651,-5.051],[-44.662,-5.051],[-44.665,-5.056],[-44.662,-5.062],[-44.666,-5.065],[-44.656,-5.073],[-44.658,-5.084],[-44.66,-5.087],[-44.655,-5.089],[-44.659,-5.093],[-44.674,-5.089],[-44.675,-5.095],[-44.682,-5.098],[-44.683,-5.105],[-44.689,-5.103],[-44.692,-5.11],[-44.696,-5.109],[-44.696,-5.125],[-44.705,-5.127],[-44.711,-5.135],[-44.711,-5.141],[-44.716,-5.143],[-44.717,-5.149],[-44.72,-5.147],[-44.723,-5.15],[-44.725,-5.143],[-44.731,-5.142],[-44.732,-5.146],[-44.735,-5.144],[-44.74,-5.157],[-44.751,-5.159],[-44.756,-5.166],[-44.761,-5.166],[-44.77,-5.16],[-44.821,-5.127],[-44.827,-5.118],[-44.836,-5.114],[-44.849,-5.125],[-44.857,-5.125],[-44.855,-5.111],[-44.862,-5.095],[-44.862,-5.077],[-44.857,-5.065],[-44.87,-5.058],[-44.87,-5.047],[-44.875,-5.042],[-44.892,-5.034],[-44.923,-5.036],[-44.935,-5.023],[-44.932,-5.014],[-44.932,-4.998],[-44.928,-4.992],[-44.924,-4.991],[-44.92,-4.984],[-44.916,-4.984],[-44.918,-4.981],[-44.912,-4.976],[-44.91,-4.979],[-44.905,-4.97],[-44.892,-4.965],[-44.893,-4.96],[-44.889,-4.96],[-44.885,-4.949],[-44.882,-4.951],[-44.88,-4.946],[-44.873,-4.944],[-44.865,-4.937],[-44.85,-4.939],[-44.837,-4.931],[-44.836,-4.934],[-44.822,-4.932],[-44.82,-4.929],[-44.816,-4.928],[-44.811,-4.931],[-44.803,-4.923],[-44.794,-4.928],[-44.79,-4.924],[-44.786,-4.928],[-44.78,-4.928],[-44.78,-4.92],[-44.775,-4.921],[-44.767,-4.913],[-44.759,-4.918],[-44.755,-4.913],[-44.754,-4.918],[-44.746,-4.914],[-44.74,-4.916],[-44.743,-4.911],[-44.737,-4.912],[-44.737,-4.909],[-44.732,-4.912],[-44.721,-4.906],[-44.716,-4.902],[-44.705,-4.904],[-44.704,-4.902],[-44.702,-4.905],[-44.695,-4.887],[-44.679,-4.885],[-44.681,-4.882],[-44.676,-4.88],[-44.676,-4.875],[-44.669,-4.88],[-44.669,-4.877],[-44.664,-4.879],[-44.659,-4.874],[-44.656,-4.876],[-44.651,-4.861],[-44.646,-4.86],[-44.645,-4.856],[-44.643,-4.857],[-44.639,-4.868],[-44.643,-4.875]]]}},{"type":"Feature","properties":{"id":"2105658","nome":"Junco do Maranh\u00e3o"},"geometry":{"type":"Polygon","coordinates":[[[-45.982,-1.823],[-46.049,-1.907],[-46.059,-1.896],[-46.059,-1.898],[-46.062,-1.906],[-46.076,-1.921],[-46.082,-1.943],[-46.078,-1.956],[-46.049,-2.001],[-46.049,-2.025],[-46.058,-2.051],[-46.249,-2.05],[-46.249,-2.039],[-46.239,-2.011],[-46.24,-2.002],[-46.247,-1.992],[-46.236,-1.971],[-46.23,-1.933],[-46.22,-1.914],[-46.119,-1.824],[-46.113,-1.819],[-46.068,-1.727],[-46.056,-1.741],[-46.049,-1.747],[-45.995,-1.789],[-45.947,-1.795],[-45.982,-1.823]]]}},{"type":"Feature","properties":{"id":"2105708","nome":"Lago da Pedra"},"geometry":{"type":"Polygon","coordinates":[[[-45.088,-4.434],[-45.087,-4.454],[-45.079,-4.452],[-45.071,-4.456],[-45.061,-4.455],[-45.048,-4.475],[-45.042,-4.484],[-45.054,-4.53],[-45.056,-4.556],[-45.06,-4.57],[-45.087,-4.605],[-45.089,-4.613],[-45.087,-4.618],[-45.083,-4.625],[-45.045,-4.668],[-45.041,-4.685],[-45.032,-4.715],[-45.027,-4.727],[-45.027,-4.738],[-45.034,-4.762],[-45.026,-4.777],[-45.024,-4.784],[-45.032,-4.803],[-45.035,-4.821],[-45.031,-4.842],[-45.037,-4.876],[-45.031,-4.896],[-45.04,-4.909],[-45.041,-4.922],[-45.04,-4.929],[-45.044,-4.937],[-45.057,-4.947],[-45.104,-4.968],[-45.117,-4.992],[-45.133,-4.997],[-45.192,-4.998],[-45.207,-4.999],[-45.227,-5.012],[-45.238,-5.015],[-45.232,-4.992],[-45.238,-4.979],[-45.262,-4.966],[-45.276,-4.957],[-45.271,-4.944],[-45.275,-4.932],[-45.283,-4.927],[-45.285,-4.92],[-45.279,-4.914],[-45.278,-4.902],[-45.281,-4.895],[-45.275,-4.885],[-45.279,-4.875],[-45.287,-4.876],[-45.288,-4.871],[-45.291,-4.853],[-45.295,-4.853],[-45.303,-4.845],[-45.307,-4.828],[-45.305,-4.824],[-45.309,-4.819],[-45.316,-4.805],[-45.327,-4.801],[-45.335,-4.803],[-45.348,-4.793],[-45.408,-4.796],[-45.416,-4.785],[-45.426,-4.77],[-45.425,-4.759],[-45.42,-4.754],[-45.42,-4.726],[-45.415,-4.726],[-45.417,-4.715],[-45.421,-4.708],[-45.421,-4.7],[-45.416,-4.699],[-45.418,-4.689],[-45.399,-4.687],[-45.345,-4.648],[-45.313,-4.666],[-45.302,-4.666],[-45.272,-4.657],[-45.266,-4.654],[-45.259,-4.649],[-45.242,-4.626],[-45.226,-4.619],[-45.217,-4.606],[-45.205,-4.603],[-45.202,-4.596],[-45.202,-4.58],[-45.196,-4.565],[-45.208,-4.553],[-45.213,-4.552],[-45.16,-4.518],[-45.147,-4.5],[-45.122,-4.467],[-45.093,-4.423],[-45.088,-4.434]]]}},{"type":"Feature","properties":{"id":"2105807","nome":"Lago do Junco"},"geometry":{"type":"Polygon","coordinates":[[[-44.843,-4.505],[-44.847,-4.52],[-44.885,-4.533],[-44.89,-4.53],[-44.927,-4.521],[-44.933,-4.527],[-44.96,-4.554],[-44.983,-4.578],[-44.998,-4.593],[-44.998,-4.609],[-44.997,-4.654],[-45.023,-4.666],[-45.024,-4.687],[-45.041,-4.685],[-45.045,-4.668],[-45.083,-4.625],[-45.087,-4.618],[-45.089,-4.613],[-45.087,-4.605],[-45.06,-4.57],[-45.056,-4.556],[-45.054,-4.53],[-45.042,-4.484],[-44.988,-4.458],[-44.983,-4.458],[-44.944,-4.458],[-44.906,-4.457],[-44.905,-4.457],[-44.848,-4.456],[-44.853,-4.465],[-44.848,-4.474],[-44.857,-4.477],[-44.846,-4.482],[-44.836,-4.501],[-44.838,-4.505],[-44.843,-4.505]]]}},{"type":"Feature","properties":{"id":"2105906","nome":"Lago Verde"},"geometry":{"type":"Polygon","coordinates":[[[-44.62,-3.855],[-44.624,-3.859],[-44.63,-3.855],[-44.641,-3.856],[-44.645,-3.866],[-44.641,-3.87],[-44.643,-3.874],[-44.651,-3.877],[-44.649,-3.888],[-44.654,-3.887],[-44.651,-3.88],[-44.661,-3.885],[-44.658,-3.891],[-44.663,-3.891],[-44.675,-3.878],[-44.681,-3.883],[-44.68,-3.887],[-44.686,-3.891],[-44.692,-3.892],[-44.699,-3.888],[-44.702,-3.905],[-44.71,-3.911],[-44.717,-3.911],[-44.712,-3.924],[-44.708,-3.925],[-44.71,-3.93],[-44.744,-3.938],[-44.757,-3.949],[-44.768,-3.966],[-44.771,-3.972],[-44.78,-3.97],[-44.793,-3.979],[-44.791,-3.995],[-44.803,-4.003],[-44.802,-4.029],[-44.809,-4.036],[-44.801,-4.049],[-44.808,-4.057],[-44.808,-4.065],[-44.819,-4.067],[-44.823,-4.071],[-44.823,-4.079],[-44.825,-4.078],[-44.829,-4.076],[-44.833,-4.066],[-44.839,-4.068],[-44.851,-4.08],[-44.854,-4.092],[-44.844,-4.096],[-44.839,-4.106],[-44.842,-4.113],[-44.846,-4.113],[-44.946,-4.113],[-45.011,-4.114],[-45.012,-4.113],[-45.013,-4.101],[-45.018,-4.098],[-45.018,-4.074],[-45.023,-4.07],[-45.02,-4.068],[-45.02,-4.054],[-45.022,-4.048],[-45.029,-4.041],[-45.027,-4.037],[-45.015,-3.988],[-45.008,-3.982],[-45.012,-3.972],[-45.01,-3.964],[-45.004,-3.942],[-44.992,-3.933],[-44.956,-3.873],[-44.932,-3.918],[-44.86,-3.904],[-44.774,-3.885],[-44.622,-3.851],[-44.62,-3.855]]]}},{"type":"Feature","properties":{"id":"2105922","nome":"Lagoa do Mato"},"geometry":{"type":"Polygon","coordinates":[[[-43.6,-5.758],[-43.597,-5.773],[-43.58,-5.776],[-43.568,-5.768],[-43.56,-5.772],[-43.557,-5.778],[-43.561,-5.782],[-43.562,-5.797],[-43.56,-5.804],[-43.552,-5.808],[-43.55,-5.823],[-43.544,-5.825],[-43.535,-5.835],[-43.542,-5.838],[-43.543,-5.845],[-43.55,-5.847],[-43.544,-5.862],[-43.551,-5.869],[-43.55,-5.879],[-43.56,-5.882],[-43.56,-5.891],[-43.571,-5.889],[-43.566,-5.899],[-43.569,-5.904],[-43.565,-5.913],[-43.552,-5.913],[-43.496,-5.912],[-43.495,-5.912],[-43.411,-5.912],[-43.41,-5.973],[-43.41,-6.159],[-43.41,-6.176],[-43.41,-6.202],[-43.41,-6.267],[-43.41,-6.355],[-43.555,-6.331],[-43.612,-6.322],[-43.609,-6.301],[-43.601,-6.294],[-43.594,-6.28],[-43.579,-6.271],[-43.577,-6.254],[-43.576,-6.248],[-43.565,-6.228],[-43.566,-6.217],[-43.558,-6.208],[-43.555,-6.195],[-43.538,-6.177],[-43.539,-6.171],[-43.562,-6.167],[-43.548,-6.155],[-43.546,-6.136],[-43.565,-6.127],[-43.581,-6.106],[-43.593,-6.099],[-43.604,-6.073],[-43.625,-6.052],[-43.638,-6.054],[-43.644,-6.05],[-43.645,-6.047],[-43.64,-6.042],[-43.643,-6.037],[-43.662,-6.008],[-43.662,-6.003],[-43.666,-5.997],[-43.673,-5.95],[-43.67,-5.937],[-43.676,-5.916],[-43.683,-5.909],[-43.674,-5.896],[-43.676,-5.89],[-43.67,-5.89],[-43.67,-5.887],[-43.674,-5.883],[-43.676,-5.875],[-43.673,-5.866],[-43.68,-5.863],[-43.686,-5.868],[-43.693,-5.861],[-43.698,-5.86],[-43.708,-5.85],[-43.709,-5.844],[-43.728,-5.848],[-43.725,-5.835],[-43.713,-5.818],[-43.715,-5.809],[-43.715,-5.8],[-43.706,-5.796],[-43.705,-5.782],[-43.701,-5.779],[-43.696,-5.782],[-43.694,-5.778],[-43.69,-5.776],[-43.687,-5.778],[-43.677,-5.767],[-43.672,-5.77],[-43.661,-5.763],[-43.655,-5.765],[-43.651,-5.76],[-43.646,-5.761],[-43.642,-5.754],[-43.632,-5.748],[-43.612,-5.737],[-43.606,-5.737],[-43.612,-5.746],[-43.606,-5.756],[-43.6,-5.758]]]}},{"type":"Feature","properties":{"id":"2105948","nome":"Lago dos Rodrigues"},"geometry":{"type":"Polygon","coordinates":[[[-44.89,-4.53],[-44.885,-4.533],[-44.847,-4.52],[-44.851,-4.547],[-44.86,-4.556],[-44.86,-4.566],[-44.871,-4.57],[-44.872,-4.578],[-44.891,-4.583],[-44.891,-4.59],[-44.897,-4.592],[-44.896,-4.597],[-44.898,-4.599],[-44.891,-4.619],[-44.894,-4.625],[-44.903,-4.626],[-44.902,-4.645],[-44.908,-4.654],[-44.921,-4.655],[-44.932,-4.666],[-44.939,-4.681],[-44.95,-4.693],[-44.976,-4.691],[-45.024,-4.687],[-45.023,-4.666],[-44.997,-4.654],[-44.998,-4.609],[-44.998,-4.593],[-44.983,-4.578],[-44.96,-4.554],[-44.933,-4.527],[-44.927,-4.521],[-44.89,-4.53]]]}},{"type":"Feature","properties":{"id":"2105963","nome":"Lagoa Grande do Maranh\u00e3o"},"geometry":{"type":"Polygon","coordinates":[[[-45.426,-4.77],[-45.416,-4.785],[-45.408,-4.796],[-45.348,-4.793],[-45.335,-4.803],[-45.327,-4.801],[-45.316,-4.805],[-45.309,-4.819],[-45.305,-4.824],[-45.307,-4.828],[-45.303,-4.845],[-45.295,-4.853],[-45.291,-4.853],[-45.288,-4.871],[-45.287,-4.876],[-45.279,-4.875],[-45.275,-4.885],[-45.281,-4.895],[-45.278,-4.902],[-45.279,-4.914],[-45.285,-4.92],[-45.283,-4.927],[-45.275,-4.932],[-45.271,-4.944],[-45.276,-4.957],[-45.262,-4.966],[-45.238,-4.979],[-45.232,-4.992],[-45.238,-5.015],[-45.245,-5.023],[-45.256,-5.03],[-45.26,-5.028],[-45.263,-5.033],[-45.279,-5.055],[-45.39,-5.033],[-45.508,-5.01],[-45.599,-4.993],[-45.604,-4.992],[-45.597,-4.986],[-45.599,-4.982],[-45.596,-4.976],[-45.584,-4.973],[-45.583,-4.969],[-45.58,-4.97],[-45.578,-4.959],[-45.566,-4.946],[-45.561,-4.933],[-45.565,-4.932],[-45.565,-4.924],[-45.554,-4.92],[-45.557,-4.915],[-45.55,-4.903],[-45.546,-4.902],[-45.547,-4.898],[-45.543,-4.894],[-45.531,-4.894],[-45.529,-4.89],[-45.519,-4.889],[-45.509,-4.867],[-45.496,-4.868],[-45.495,-4.871],[-45.493,-4.867],[-45.49,-4.872],[-45.48,-4.873],[-45.478,-4.876],[-45.478,-4.869],[-45.472,-4.869],[-45.479,-4.862],[-45.48,-4.857],[-45.476,-4.853],[-45.478,-4.845],[-45.475,-4.847],[-45.474,-4.843],[-45.476,-4.835],[-45.466,-4.841],[-45.456,-4.841],[-45.459,-4.822],[-45.46,-4.813],[-45.454,-4.81],[-45.452,-4.804],[-45.454,-4.785],[-45.44,-4.779],[-45.434,-4.78],[-45.431,-4.776],[-45.428,-4.778],[-45.426,-4.77]]]}},{"type":"Feature","properties":{"id":"2105989","nome":"Lajeado Novo"},"geometry":{"type":"Polygon","coordinates":[[[-46.785,-5.963],[-46.777,-5.977],[-46.759,-5.979],[-46.752,-5.992],[-46.751,-6.002],[-46.737,-6.007],[-46.735,-6.013],[-46.736,-6.026],[-46.742,-6.036],[-46.729,-6.058],[-46.714,-6.068],[-46.713,-6.072],[-46.714,-6.076],[-46.727,-6.086],[-46.712,-6.101],[-46.711,-6.112],[-46.692,-6.111],[-46.671,-6.13],[-46.68,-6.155],[-46.694,-6.164],[-46.697,-6.181],[-46.701,-6.189],[-46.729,-6.192],[-46.743,-6.199],[-46.746,-6.193],[-46.754,-6.193],[-46.758,-6.188],[-46.762,-6.195],[-46.783,-6.192],[-46.787,-6.199],[-46.791,-6.193],[-46.797,-6.192],[-46.8,-6.196],[-46.799,-6.203],[-46.803,-6.204],[-46.808,-6.198],[-46.812,-6.202],[-46.817,-6.199],[-46.825,-6.202],[-46.833,-6.197],[-46.842,-6.2],[-46.848,-6.196],[-46.851,-6.192],[-46.855,-6.189],[-46.857,-6.194],[-46.864,-6.192],[-46.874,-6.195],[-46.883,-6.203],[-46.891,-6.2],[-46.895,-6.211],[-46.901,-6.205],[-46.911,-6.21],[-46.917,-6.209],[-46.92,-6.221],[-46.937,-6.222],[-46.937,-6.217],[-46.941,-6.217],[-46.941,-6.23],[-46.95,-6.226],[-46.959,-6.233],[-46.962,-6.24],[-46.962,-6.23],[-46.966,-6.235],[-46.971,-6.23],[-46.984,-6.235],[-46.985,-6.231],[-46.981,-6.219],[-46.994,-6.223],[-47.001,-6.216],[-47.003,-6.219],[-47.021,-6.215],[-47.024,-6.217],[-47.028,-6.215],[-47.029,-6.206],[-47.043,-6.212],[-47.046,-6.211],[-47.042,-6.206],[-47.043,-6.197],[-47.044,-6.197],[-47.066,-6.184],[-47.068,-6.181],[-47.062,-6.174],[-47.07,-6.17],[-47.079,-6.169],[-47.088,-6.153],[-47.092,-6.156],[-47.109,-6.156],[-47.115,-6.148],[-47.123,-6.15],[-47.134,-6.137],[-47.134,-6.128],[-47.138,-6.132],[-47.144,-6.13],[-47.143,-6.123],[-47.151,-6.122],[-47.157,-6.111],[-47.168,-6.112],[-47.183,-6.105],[-47.19,-6.106],[-47.195,-6.111],[-47.203,-6.088],[-47.226,-6.053],[-47.233,-6.034],[-47.222,-6.038],[-47.216,-6.047],[-47.211,-6.034],[-47.203,-6.044],[-47.2,-6.023],[-47.195,-6.02],[-47.19,-6.02],[-47.187,-6.027],[-47.193,-6.039],[-47.188,-6.038],[-47.182,-6.041],[-47.178,-6.034],[-47.172,-6.032],[-47.164,-6.037],[-47.161,-6.027],[-47.153,-6.03],[-47.149,-6.036],[-47.146,-6.033],[-47.134,-6.032],[-47.126,-6.023],[-47.115,-6.021],[-47.096,-6.024],[-47.08,-6.03],[-47.064,-6.027],[-47.037,-6.033],[-47.027,-6.043],[-47.015,-6.046],[-47.0,-6.046],[-46.986,-6.052],[-46.978,-6.038],[-46.967,-6.047],[-46.957,-6.04],[-46.946,-6.042],[-46.947,-6.036],[-46.94,-6.028],[-46.938,-6.015],[-46.934,-6.011],[-46.921,-6.016],[-46.916,-6.009],[-46.906,-6.009],[-46.902,-6.014],[-46.891,-6.01],[-46.887,-6.011],[-46.883,-6.006],[-46.87,-6.002],[-46.86,-5.991],[-46.853,-5.992],[-46.86,-5.986],[-46.86,-5.981],[-46.857,-5.978],[-46.852,-5.98],[-46.843,-5.967],[-46.819,-5.972],[-46.804,-5.971],[-46.785,-5.963]]]}},{"type":"Feature","properties":{"id":"2106003","nome":"Lima Campos"},"geometry":{"type":"Polygon","coordinates":[[[-44.402,-4.507],[-44.348,-4.557],[-44.347,-4.558],[-44.348,-4.561],[-44.353,-4.574],[-44.36,-4.579],[-44.369,-4.577],[-44.38,-4.583],[-44.387,-4.597],[-44.387,-4.606],[-44.392,-4.608],[-44.394,-4.604],[-44.399,-4.606],[-44.415,-4.616],[-44.41,-4.628],[-44.411,-4.638],[-44.405,-4.649],[-44.406,-4.657],[-44.397,-4.665],[-44.398,-4.666],[-44.485,-4.65],[-44.494,-4.644],[-44.499,-4.643],[-44.497,-4.635],[-44.499,-4.631],[-44.493,-4.624],[-44.495,-4.619],[-44.508,-4.614],[-44.51,-4.608],[-44.522,-4.605],[-44.52,-4.598],[-44.525,-4.598],[-44.527,-4.59],[-44.525,-4.586],[-44.528,-4.578],[-44.529,-4.577],[-44.537,-4.575],[-44.54,-4.57],[-44.541,-4.556],[-44.546,-4.549],[-44.544,-4.531],[-44.549,-4.526],[-44.56,-4.527],[-44.574,-4.52],[-44.576,-4.503],[-44.584,-4.496],[-44.58,-4.493],[-44.577,-4.475],[-44.496,-4.478],[-44.43,-4.48],[-44.402,-4.507]]]}},{"type":"Feature","properties":{"id":"2106102","nome":"Loreto"},"geometry":{"type":"Polygon","coordinates":[[[-44.996,-6.73],[-44.99,-6.735],[-44.983,-6.732],[-44.968,-6.741],[-44.963,-6.736],[-44.957,-6.736],[-44.957,-6.744],[-44.969,-6.758],[-44.972,-6.772],[-44.979,-6.783],[-44.98,-6.791],[-44.979,-6.797],[-44.965,-6.815],[-44.952,-6.83],[-44.951,-6.845],[-44.935,-6.868],[-44.979,-6.988],[-44.989,-7.015],[-44.991,-7.029],[-44.984,-7.041],[-44.985,-7.048],[-44.985,-7.049],[-44.98,-7.052],[-44.979,-7.063],[-44.97,-7.077],[-44.971,-7.09],[-44.987,-7.102],[-45.0,-7.152],[-45.014,-7.209],[-45.028,-7.267],[-45.044,-7.334],[-45.085,-7.502],[-45.111,-7.51],[-45.137,-7.521],[-45.146,-7.521],[-45.154,-7.512],[-45.174,-7.528],[-45.183,-7.543],[-45.204,-7.551],[-45.217,-7.568],[-45.222,-7.566],[-45.223,-7.56],[-45.231,-7.549],[-45.25,-7.558],[-45.261,-7.57],[-45.285,-7.566],[-45.298,-7.574],[-45.323,-7.575],[-45.339,-7.58],[-45.343,-7.593],[-45.373,-7.618],[-45.382,-7.613],[-45.394,-7.613],[-45.398,-7.623],[-45.399,-7.64],[-45.404,-7.644],[-45.415,-7.645],[-45.414,-7.654],[-45.417,-7.658],[-45.432,-7.661],[-45.437,-7.667],[-45.435,-7.675],[-45.44,-7.678],[-45.456,-7.67],[-45.481,-7.65],[-45.487,-7.637],[-45.499,-7.638],[-45.506,-7.63],[-45.515,-7.628],[-45.521,-7.621],[-45.524,-7.608],[-45.534,-7.597],[-45.547,-7.599],[-45.557,-7.59],[-45.567,-7.588],[-45.595,-7.592],[-45.608,-7.588],[-45.62,-7.596],[-45.633,-7.596],[-45.645,-7.606],[-45.46,-7.369],[-45.413,-7.31],[-45.322,-7.195],[-45.313,-7.156],[-45.312,-7.147],[-45.307,-7.144],[-45.303,-7.149],[-45.292,-7.148],[-45.284,-7.139],[-45.275,-7.137],[-45.277,-7.13],[-45.265,-7.103],[-45.267,-7.098],[-45.263,-7.09],[-45.269,-7.086],[-45.275,-7.062],[-45.271,-7.035],[-45.274,-7.01],[-45.268,-6.998],[-45.256,-6.996],[-45.246,-6.986],[-45.244,-6.956],[-45.251,-6.942],[-45.277,-6.94],[-45.318,-6.856],[-45.323,-6.832],[-45.33,-6.827],[-45.331,-6.82],[-45.324,-6.806],[-45.324,-6.797],[-45.328,-6.79],[-45.322,-6.781],[-45.311,-6.784],[-45.311,-6.787],[-45.297,-6.795],[-45.283,-6.796],[-45.279,-6.792],[-45.271,-6.789],[-45.262,-6.791],[-45.253,-6.788],[-45.247,-6.796],[-45.242,-6.795],[-45.234,-6.798],[-45.22,-6.795],[-45.22,-6.799],[-45.218,-6.798],[-45.209,-6.802],[-45.195,-6.803],[-45.193,-6.8],[-45.187,-6.802],[-45.17,-6.797],[-45.166,-6.793],[-45.16,-6.811],[-45.143,-6.807],[-45.138,-6.809],[-45.117,-6.814],[-45.094,-6.799],[-45.092,-6.789],[-45.081,-6.782],[-45.075,-6.786],[-45.071,-6.784],[-45.061,-6.773],[-45.061,-6.761],[-45.048,-6.756],[-45.038,-6.745],[-45.022,-6.738],[-45.01,-6.736],[-45.01,-6.731],[-44.996,-6.73]]]}},{"type":"Feature","properties":{"id":"2106201","nome":"Lu\u00eds Domingues"},"geometry":{"type":"Polygon","coordinates":[[[-45.813,-1.261],[-45.818,-1.262],[-45.813,-1.255],[-45.813,-1.261]],[[-45.856,-1.253],[-45.855,-1.26],[-45.862,-1.259],[-45.856,-1.253]],[[-45.788,-1.235],[-45.791,-1.248],[-45.798,-1.247],[-45.802,-1.242],[-45.794,-1.234],[-45.788,-1.235]],[[-45.781,-1.19],[-45.778,-1.201],[-45.776,-1.196],[-45.776,-1.21],[-45.786,-1.228],[-45.796,-1.213],[-45.798,-1.196],[-45.794,-1.188],[-45.787,-1.187],[-45.781,-1.19]],[[-45.791,-1.163],[-45.794,-1.17],[-45.788,-1.168],[-45.79,-1.177],[-45.801,-1.187],[-45.804,-1.199],[-45.803,-1.214],[-45.795,-1.222],[-45.823,-1.266],[-45.832,-1.27],[-45.84,-1.283],[-45.83,-1.296],[-45.82,-1.299],[-45.822,-1.312],[-45.813,-1.316],[-45.805,-1.313],[-45.797,-1.323],[-45.802,-1.338],[-45.801,-1.344],[-45.792,-1.352],[-45.791,-1.359],[-45.805,-1.378],[-45.805,-1.386],[-45.812,-1.398],[-45.812,-1.399],[-45.827,-1.417],[-45.849,-1.433],[-45.871,-1.456],[-45.871,-1.471],[-45.875,-1.482],[-45.89,-1.51],[-45.89,-1.524],[-45.901,-1.517],[-45.913,-1.53],[-45.923,-1.565],[-45.935,-1.576],[-46.01,-1.527],[-46.016,-1.523],[-45.974,-1.437],[-45.92,-1.327],[-45.905,-1.292],[-45.88,-1.285],[-45.875,-1.279],[-45.88,-1.264],[-45.856,-1.262],[-45.863,-1.271],[-45.864,-1.277],[-45.86,-1.284],[-45.861,-1.27],[-45.853,-1.262],[-45.837,-1.23],[-45.834,-1.199],[-45.831,-1.193],[-45.819,-1.204],[-45.812,-1.221],[-45.823,-1.241],[-45.823,-1.249],[-45.81,-1.221],[-45.823,-1.179],[-45.819,-1.17],[-45.806,-1.161],[-45.796,-1.159],[-45.791,-1.163]],[[-45.819,-1.155],[-45.82,-1.159],[-45.82,-1.157],[-45.819,-1.155]],[[-45.815,-1.154],[-45.817,-1.155],[-45.817,-1.153],[-45.815,-1.154]],[[-45.795,-1.138],[-45.804,-1.151],[-45.816,-1.148],[-45.818,-1.131],[-45.817,-1.121],[-45.805,-1.113],[-45.793,-1.119],[-45.793,-1.123],[-45.798,-1.127],[-45.795,-1.138]]]}},{"type":"Feature","properties":{"id":"2106300","nome":"Magalh\u00e3es de Almeida"},"geometry":{"type":"Polygon","coordinates":[[[-42.0,-3.241],[-42.01,-3.246],[-42.03,-3.246],[-42.045,-3.25],[-42.066,-3.253],[-42.076,-3.258],[-42.092,-3.259],[-42.115,-3.262],[-42.131,-3.275],[-42.135,-3.281],[-42.132,-3.29],[-42.11,-3.291],[-42.098,-3.296],[-42.095,-3.303],[-42.1,-3.311],[-42.113,-3.314],[-42.121,-3.32],[-42.128,-3.343],[-42.125,-3.345],[-42.123,-3.352],[-42.14,-3.357],[-42.145,-3.368],[-42.152,-3.387],[-42.188,-3.393],[-42.194,-3.398],[-42.198,-3.405],[-42.197,-3.424],[-42.204,-3.435],[-42.202,-3.428],[-42.21,-3.436],[-42.243,-3.433],[-42.267,-3.442],[-42.272,-3.445],[-42.273,-3.409],[-42.274,-3.356],[-42.275,-3.346],[-42.276,-3.273],[-42.276,-3.272],[-42.276,-3.266],[-42.245,-3.199],[-42.197,-3.203],[-42.156,-3.207],[-42.148,-3.208],[-42.106,-3.212],[-41.983,-3.223],[-42.0,-3.241]]]}},{"type":"Feature","properties":{"id":"2106326","nome":"Maraca\u00e7um\u00e9"},"geometry":{"type":"Polygon","coordinates":[[[-45.872,-1.805],[-45.871,-1.811],[-45.875,-1.809],[-45.874,-1.813],[-45.878,-1.824],[-45.877,-1.836],[-45.88,-1.84],[-45.876,-1.847],[-45.883,-1.862],[-45.88,-1.869],[-45.89,-1.879],[-45.887,-1.889],[-45.894,-1.896],[-45.89,-1.916],[-45.897,-1.921],[-45.894,-1.927],[-45.896,-1.936],[-45.904,-1.931],[-45.907,-1.934],[-45.906,-1.952],[-45.907,-1.96],[-45.914,-1.963],[-45.91,-1.977],[-45.919,-1.982],[-45.924,-1.991],[-45.923,-1.998],[-45.911,-2.008],[-45.91,-2.014],[-45.914,-2.016],[-45.917,-2.027],[-45.919,-2.024],[-45.923,-2.026],[-45.925,-2.043],[-45.943,-2.057],[-45.947,-2.063],[-45.947,-2.064],[-45.96,-2.084],[-45.97,-2.088],[-45.971,-2.1],[-45.98,-2.106],[-45.979,-2.11],[-45.984,-2.119],[-45.979,-2.134],[-45.986,-2.152],[-46.003,-2.159],[-46.017,-2.159],[-46.039,-2.146],[-46.051,-2.144],[-46.077,-2.156],[-46.094,-2.186],[-46.103,-2.192],[-46.118,-2.21],[-46.124,-2.209],[-46.132,-2.198],[-46.151,-2.194],[-46.145,-2.186],[-46.113,-2.143],[-46.105,-2.124],[-46.104,-2.116],[-46.098,-2.092],[-46.065,-2.061],[-46.058,-2.051],[-46.049,-2.025],[-46.049,-2.001],[-46.078,-1.956],[-46.082,-1.943],[-46.076,-1.921],[-46.062,-1.906],[-46.059,-1.898],[-46.059,-1.896],[-46.049,-1.907],[-45.982,-1.823],[-45.947,-1.795],[-45.933,-1.788],[-45.872,-1.784],[-45.884,-1.792],[-45.876,-1.795],[-45.872,-1.805]]]}},{"type":"Feature","properties":{"id":"2106359","nome":"Maraj\u00e1 do Sena"},"geometry":{"type":"Polygon","coordinates":[[[-45.576,-4.596],[-45.562,-4.6],[-45.551,-4.596],[-45.529,-4.609],[-45.49,-4.62],[-45.416,-4.599],[-45.368,-4.595],[-45.365,-4.609],[-45.37,-4.617],[-45.367,-4.624],[-45.362,-4.62],[-45.359,-4.627],[-45.361,-4.631],[-45.364,-4.635],[-45.345,-4.648],[-45.399,-4.687],[-45.418,-4.689],[-45.416,-4.699],[-45.421,-4.7],[-45.421,-4.708],[-45.417,-4.715],[-45.415,-4.726],[-45.42,-4.726],[-45.42,-4.754],[-45.425,-4.759],[-45.426,-4.77],[-45.428,-4.778],[-45.431,-4.776],[-45.434,-4.78],[-45.44,-4.779],[-45.454,-4.785],[-45.452,-4.804],[-45.454,-4.81],[-45.46,-4.813],[-45.459,-4.822],[-45.456,-4.841],[-45.466,-4.841],[-45.476,-4.835],[-45.474,-4.843],[-45.475,-4.847],[-45.478,-4.845],[-45.476,-4.853],[-45.48,-4.857],[-45.479,-4.862],[-45.516,-4.861],[-45.711,-4.856],[-45.715,-4.855],[-45.792,-4.853],[-45.798,-4.842],[-45.798,-4.834],[-45.778,-4.835],[-45.752,-4.827],[-45.75,-4.823],[-45.75,-4.814],[-45.767,-4.792],[-45.758,-4.777],[-45.741,-4.771],[-45.725,-4.772],[-45.714,-4.751],[-45.665,-4.713],[-45.655,-4.69],[-45.627,-4.662],[-45.627,-4.654],[-45.643,-4.623],[-45.585,-4.604],[-45.576,-4.596]]]}},{"type":"Feature","properties":{"id":"2106375","nome":"Maranh\u00e3ozinho"},"geometry":{"type":"Polygon","coordinates":[[[-45.8,-2.153],[-45.747,-2.189],[-45.775,-2.187],[-45.805,-2.202],[-45.832,-2.228],[-45.836,-2.24],[-45.84,-2.293],[-45.843,-2.298],[-45.843,-2.303],[-45.844,-2.304],[-45.852,-2.345],[-45.878,-2.385],[-45.9,-2.414],[-45.904,-2.429],[-45.904,-2.469],[-45.911,-2.529],[-45.93,-2.548],[-45.943,-2.576],[-45.962,-2.593],[-45.984,-2.612],[-45.984,-2.62],[-45.99,-2.651],[-45.998,-2.665],[-45.988,-2.681],[-45.99,-2.696],[-46.006,-2.694],[-46.022,-2.692],[-46.064,-2.686],[-46.132,-2.652],[-46.169,-2.629],[-46.206,-2.599],[-46.268,-2.539],[-46.074,-2.539],[-46.043,-2.539],[-46.043,-2.521],[-46.043,-2.5],[-46.046,-2.49],[-46.042,-2.471],[-46.029,-2.466],[-46.026,-2.455],[-46.023,-2.447],[-46.023,-2.443],[-46.019,-2.435],[-46.01,-2.43],[-46.004,-2.419],[-46.004,-2.404],[-45.993,-2.383],[-45.99,-2.363],[-45.997,-2.341],[-45.997,-2.306],[-45.995,-2.289],[-45.988,-2.277],[-45.989,-2.27],[-45.935,-2.251],[-45.946,-2.204],[-45.871,-2.184],[-45.869,-2.183],[-45.8,-2.153]]]}},{"type":"Feature","properties":{"id":"2106409","nome":"Mata Roma"},"geometry":{"type":"Polygon","coordinates":[[[-43.193,-3.517],[-43.182,-3.533],[-43.187,-3.539],[-43.184,-3.542],[-43.171,-3.553],[-43.149,-3.553],[-43.147,-3.558],[-43.14,-3.55],[-43.135,-3.551],[-43.13,-3.54],[-43.131,-3.531],[-43.124,-3.524],[-43.114,-3.527],[-43.11,-3.523],[-43.103,-3.53],[-43.096,-3.537],[-43.092,-3.548],[-43.092,-3.571],[-43.089,-3.573],[-43.087,-3.584],[-43.106,-3.623],[-43.109,-3.63],[-43.113,-3.637],[-43.115,-3.657],[-43.121,-3.67],[-43.123,-3.681],[-43.123,-3.69],[-43.162,-3.738],[-43.197,-3.783],[-43.2,-3.766],[-43.214,-3.761],[-43.216,-3.739],[-43.229,-3.72],[-43.227,-3.712],[-43.231,-3.706],[-43.292,-3.692],[-43.334,-3.683],[-43.34,-3.669],[-43.34,-3.661],[-43.367,-3.649],[-43.364,-3.63],[-43.366,-3.623],[-43.375,-3.609],[-43.394,-3.593],[-43.394,-3.587],[-43.383,-3.583],[-43.388,-3.568],[-43.387,-3.55],[-43.384,-3.551],[-43.375,-3.544],[-43.371,-3.545],[-43.363,-3.557],[-43.351,-3.557],[-43.346,-3.561],[-43.335,-3.56],[-43.333,-3.565],[-43.334,-3.568],[-43.324,-3.576],[-43.32,-3.575],[-43.319,-3.569],[-43.314,-3.559],[-43.32,-3.545],[-43.317,-3.537],[-43.311,-3.537],[-43.306,-3.544],[-43.298,-3.546],[-43.295,-3.55],[-43.284,-3.551],[-43.279,-3.555],[-43.275,-3.551],[-43.267,-3.551],[-43.259,-3.543],[-43.239,-3.541],[-43.222,-3.52],[-43.212,-3.526],[-43.193,-3.517]]]}},{"type":"Feature","properties":{"id":"2106508","nome":"Matinha"},"geometry":{"type":"Polygon","coordinates":[[[-44.939,-3.056],[-44.893,-3.078],[-44.903,-3.062],[-44.903,-3.056],[-44.908,-3.056],[-44.914,-3.051],[-44.913,-3.049],[-44.907,-3.05],[-44.914,-3.046],[-44.914,-3.042],[-44.909,-3.04],[-44.896,-3.04],[-44.857,-3.04],[-44.843,-3.046],[-44.806,-3.065],[-44.81,-3.066],[-44.832,-3.069],[-44.841,-3.068],[-44.842,-3.071],[-44.834,-3.082],[-44.804,-3.123],[-44.865,-3.09],[-44.901,-3.132],[-44.915,-3.149],[-44.924,-3.16],[-44.938,-3.166],[-44.949,-3.165],[-44.969,-3.187],[-44.969,-3.186],[-44.971,-3.178],[-44.969,-3.177],[-44.975,-3.169],[-44.984,-3.158],[-44.981,-3.15],[-44.983,-3.149],[-44.986,-3.158],[-44.989,-3.156],[-44.989,-3.15],[-44.991,-3.152],[-44.992,-3.145],[-44.985,-3.14],[-44.991,-3.139],[-44.992,-3.142],[-44.998,-3.137],[-44.999,-3.15],[-45.004,-3.152],[-45.004,-3.147],[-45.007,-3.15],[-45.011,-3.144],[-45.007,-3.143],[-45.007,-3.14],[-45.01,-3.141],[-45.011,-3.138],[-45.016,-3.137],[-45.012,-3.131],[-45.018,-3.127],[-45.018,-3.136],[-45.021,-3.136],[-45.014,-3.147],[-45.016,-3.149],[-45.023,-3.148],[-45.024,-3.143],[-45.028,-3.145],[-45.031,-3.143],[-45.036,-3.145],[-45.034,-3.142],[-45.039,-3.13],[-45.041,-3.131],[-45.039,-3.134],[-45.043,-3.141],[-45.053,-3.14],[-45.059,-3.137],[-45.06,-3.132],[-45.061,-3.141],[-45.065,-3.136],[-45.078,-3.107],[-45.076,-3.103],[-45.075,-3.096],[-45.081,-3.09],[-45.104,-3.083],[-45.118,-3.071],[-45.119,-3.064],[-45.122,-3.064],[-45.131,-3.069],[-45.14,-3.067],[-45.145,-3.014],[-45.145,-3.013],[-45.12,-2.972],[-45.095,-2.931],[-45.083,-2.931],[-45.079,-2.943],[-45.079,-2.963],[-45.07,-2.979],[-45.07,-2.985],[-45.059,-3.0],[-45.046,-3.013],[-45.033,-3.017],[-44.997,-3.03],[-44.965,-3.044],[-44.939,-3.056]]]}},{"type":"Feature","properties":{"id":"2106607","nome":"Mat\u00f5es"},"geometry":{"type":"Polygon","coordinates":[[[-43.194,-5.247],[-43.189,-5.287],[-43.139,-5.324],[-43.138,-5.325],[-42.986,-5.439],[-42.968,-5.452],[-42.973,-5.48],[-42.974,-5.484],[-42.99,-5.499],[-42.995,-5.507],[-43.005,-5.542],[-43.011,-5.548],[-43.024,-5.56],[-43.027,-5.579],[-43.034,-5.592],[-43.048,-5.592],[-43.08,-5.599],[-43.089,-5.604],[-43.095,-5.615],[-43.175,-5.597],[-43.251,-5.544],[-43.253,-5.543],[-43.376,-5.512],[-43.401,-5.459],[-43.48,-5.408],[-43.486,-5.402],[-43.519,-5.362],[-43.525,-5.336],[-43.536,-5.337],[-43.558,-5.347],[-43.572,-5.349],[-43.574,-5.346],[-43.59,-5.326],[-43.592,-5.323],[-43.616,-5.324],[-43.633,-5.329],[-43.656,-5.324],[-43.671,-5.321],[-43.7,-5.326],[-43.709,-5.32],[-43.72,-5.304],[-43.688,-5.259],[-43.666,-5.247],[-43.642,-5.252],[-43.625,-5.249],[-43.615,-5.239],[-43.605,-5.236],[-43.602,-5.229],[-43.568,-5.231],[-43.545,-5.237],[-43.534,-5.247],[-43.526,-5.268],[-43.507,-5.273],[-43.485,-5.266],[-43.448,-5.288],[-43.446,-5.282],[-43.436,-5.273],[-43.442,-5.252],[-43.393,-5.233],[-43.269,-5.184],[-43.258,-5.179],[-43.206,-5.158],[-43.194,-5.247]]]}},{"type":"Feature","properties":{"id":"2106631","nome":"Mat\u00f5es do Norte"},"geometry":{"type":"Polygon","coordinates":[[[-44.436,-3.706],[-44.423,-3.713],[-44.409,-3.706],[-44.404,-3.694],[-44.403,-3.693],[-44.388,-3.694],[-44.378,-3.691],[-44.345,-3.717],[-44.33,-3.729],[-44.319,-3.737],[-44.297,-3.755],[-44.285,-3.764],[-44.284,-3.768],[-44.292,-3.772],[-44.299,-3.767],[-44.311,-3.768],[-44.317,-3.771],[-44.322,-3.779],[-44.335,-3.79],[-44.331,-3.799],[-44.334,-3.804],[-44.346,-3.808],[-44.345,-3.814],[-44.351,-3.823],[-44.351,-3.829],[-44.345,-3.839],[-44.353,-3.849],[-44.358,-3.857],[-44.363,-3.859],[-44.362,-3.864],[-44.389,-3.88],[-44.393,-3.895],[-44.41,-3.905],[-44.415,-3.91],[-44.414,-3.913],[-44.42,-3.914],[-44.414,-3.918],[-44.418,-3.918],[-44.415,-3.925],[-44.415,-3.938],[-44.422,-3.932],[-44.433,-3.933],[-44.436,-3.927],[-44.444,-3.928],[-44.48,-3.919],[-44.481,-3.907],[-44.506,-3.848],[-44.61,-3.847],[-44.61,-3.839],[-44.61,-3.828],[-44.61,-3.755],[-44.61,-3.736],[-44.61,-3.669],[-44.61,-3.659],[-44.562,-3.629],[-44.556,-3.625],[-44.554,-3.624],[-44.533,-3.611],[-44.525,-3.606],[-44.452,-3.561],[-44.447,-3.573],[-44.448,-3.6],[-44.444,-3.602],[-44.449,-3.622],[-44.445,-3.629],[-44.452,-3.634],[-44.455,-3.642],[-44.458,-3.668],[-44.453,-3.68],[-44.444,-3.682],[-44.439,-3.687],[-44.439,-3.695],[-44.436,-3.706]]]}},{"type":"Feature","properties":{"id":"2106672","nome":"Milagres do Maranh\u00e3o"},"geometry":{"type":"Polygon","coordinates":[[[-42.632,-3.507],[-42.567,-3.558],[-42.562,-3.556],[-42.569,-3.568],[-42.591,-3.576],[-42.599,-3.58],[-42.609,-3.586],[-42.613,-3.594],[-42.616,-3.612],[-42.623,-3.624],[-42.635,-3.632],[-42.658,-3.617],[-42.678,-3.605],[-42.711,-3.584],[-42.725,-3.575],[-42.797,-3.53],[-42.86,-3.537],[-42.886,-3.541],[-42.988,-3.553],[-42.983,-3.546],[-42.978,-3.548],[-42.976,-3.543],[-42.975,-3.536],[-42.981,-3.53],[-42.98,-3.521],[-42.984,-3.511],[-42.995,-3.504],[-42.996,-3.503],[-42.984,-3.499],[-42.97,-3.486],[-42.988,-3.471],[-42.979,-3.461],[-42.98,-3.448],[-42.973,-3.437],[-42.974,-3.428],[-42.965,-3.422],[-42.957,-3.408],[-42.951,-3.406],[-42.952,-3.401],[-42.941,-3.393],[-42.939,-3.391],[-42.931,-3.388],[-42.918,-3.39],[-42.858,-3.399],[-42.821,-3.404],[-42.754,-3.413],[-42.72,-3.44],[-42.706,-3.45],[-42.657,-3.489],[-42.632,-3.507]]]}},{"type":"Feature","properties":{"id":"2106706","nome":"Mirador"},"geometry":{"type":"Polygon","coordinates":[[[-44.46,-5.992],[-44.432,-6.008],[-44.427,-6.015],[-44.42,-6.013],[-44.41,-6.006],[-44.396,-6.013],[-44.388,-6.004],[-44.38,-6.004],[-44.376,-6.002],[-44.375,-6.006],[-44.37,-6.006],[-44.363,-6.003],[-44.358,-6.01],[-44.336,-6.016],[-44.33,-6.023],[-44.315,-6.024],[-44.311,-6.029],[-44.309,-6.034],[-44.263,-6.121],[-44.234,-6.172],[-44.215,-6.197],[-44.171,-6.256],[-44.248,-6.327],[-44.316,-6.39],[-44.389,-6.457],[-44.453,-6.516],[-44.463,-6.525],[-44.528,-6.586],[-44.63,-6.68],[-44.643,-6.68],[-44.644,-6.689],[-44.651,-6.692],[-44.657,-6.689],[-44.659,-6.691],[-44.657,-6.695],[-44.66,-6.697],[-44.663,-6.697],[-44.664,-6.692],[-44.668,-6.7],[-44.68,-6.691],[-44.683,-6.702],[-44.69,-6.695],[-44.697,-6.694],[-44.704,-6.703],[-44.71,-6.697],[-44.714,-6.699],[-44.715,-6.699],[-44.72,-6.699],[-44.719,-6.705],[-44.727,-6.708],[-44.736,-6.706],[-44.741,-6.712],[-44.745,-6.71],[-44.753,-6.713],[-44.762,-6.71],[-44.773,-6.715],[-44.78,-6.711],[-44.791,-6.714],[-44.8,-6.709],[-44.809,-6.712],[-44.82,-6.711],[-44.824,-6.707],[-44.833,-6.708],[-44.838,-6.703],[-44.838,-6.707],[-44.846,-6.71],[-44.852,-6.703],[-44.862,-6.704],[-44.868,-6.709],[-44.873,-6.703],[-44.884,-6.703],[-44.893,-6.711],[-44.903,-6.705],[-44.909,-6.707],[-44.911,-6.711],[-44.923,-6.711],[-44.923,-6.715],[-44.933,-6.714],[-44.939,-6.717],[-44.944,-6.732],[-44.949,-6.734],[-44.953,-6.731],[-44.957,-6.736],[-44.963,-6.736],[-44.968,-6.741],[-44.983,-6.732],[-44.99,-6.735],[-44.996,-6.73],[-45.01,-6.731],[-45.01,-6.736],[-45.022,-6.738],[-45.038,-6.745],[-45.048,-6.756],[-45.061,-6.761],[-45.061,-6.773],[-45.071,-6.784],[-45.075,-6.786],[-45.081,-6.782],[-45.092,-6.789],[-45.094,-6.799],[-45.117,-6.814],[-45.138,-6.809],[-45.143,-6.807],[-45.16,-6.811],[-45.166,-6.793],[-45.17,-6.797],[-45.187,-6.802],[-45.193,-6.8],[-45.195,-6.803],[-45.209,-6.802],[-45.218,-6.798],[-45.22,-6.799],[-45.22,-6.795],[-45.234,-6.798],[-45.242,-6.795],[-45.247,-6.796],[-45.253,-6.788],[-45.262,-6.791],[-45.271,-6.789],[-45.279,-6.792],[-45.283,-6.796],[-45.297,-6.795],[-45.311,-6.787],[-45.311,-6.784],[-45.322,-6.781],[-45.326,-6.775],[-45.344,-6.783],[-45.347,-6.779],[-45.349,-6.781],[-45.354,-6.78],[-45.355,-6.775],[-45.368,-6.759],[-45.383,-6.757],[-45.393,-6.761],[-45.4,-6.757],[-45.433,-6.777],[-45.452,-6.779],[-45.455,-6.785],[-45.466,-6.792],[-45.493,-6.795],[-45.501,-6.803],[-45.508,-6.804],[-45.509,-6.804],[-45.523,-6.802],[-45.532,-6.808],[-45.541,-6.806],[-45.543,-6.802],[-45.55,-6.811],[-45.555,-6.806],[-45.56,-6.814],[-45.572,-6.819],[-45.596,-6.812],[-45.601,-6.815],[-45.614,-6.802],[-45.622,-6.797],[-45.632,-6.774],[-45.65,-6.746],[-45.661,-6.741],[-45.678,-6.728],[-45.705,-6.722],[-45.72,-6.712],[-45.727,-6.715],[-45.735,-6.713],[-45.746,-6.7],[-45.75,-6.7],[-45.773,-6.704],[-45.779,-6.712],[-45.8,-6.719],[-45.826,-6.715],[-45.845,-6.723],[-45.85,-6.721],[-45.851,-6.72],[-45.85,-6.6],[-45.835,-6.492],[-45.824,-6.488],[-45.816,-6.478],[-45.812,-6.48],[-45.81,-6.474],[-45.797,-6.475],[-45.781,-6.469],[-45.777,-6.471],[-45.775,-6.463],[-45.767,-6.462],[-45.763,-6.457],[-45.755,-6.46],[-45.74,-6.459],[-45.732,-6.463],[-45.714,-6.468],[-45.682,-6.475],[-45.672,-6.47],[-45.661,-6.477],[-45.644,-6.471],[-45.628,-6.477],[-45.626,-6.47],[-45.606,-6.465],[-45.593,-6.46],[-45.587,-6.447],[-45.579,-6.451],[-45.554,-6.452],[-45.543,-6.439],[-45.516,-6.436],[-45.511,-6.428],[-45.502,-6.425],[-45.497,-6.418],[-45.49,-6.422],[-45.488,-6.426],[-45.484,-6.423],[-45.479,-6.428],[-45.467,-6.421],[-45.456,-6.426],[-45.452,-6.422],[-45.447,-6.425],[-45.444,-6.422],[-45.441,-6.424],[-45.429,-6.422],[-45.421,-6.43],[-45.405,-6.426],[-45.395,-6.431],[-45.391,-6.422],[-45.384,-6.42],[-45.379,-6.421],[-45.376,-6.414],[-45.364,-6.412],[-45.355,-6.407],[-45.349,-6.41],[-45.344,-6.406],[-45.334,-6.407],[-45.333,-6.4],[-45.327,-6.398],[-45.327,-6.395],[-45.302,-6.392],[-45.302,-6.389],[-45.305,-6.389],[-45.3,-6.374],[-45.289,-6.374],[-45.284,-6.364],[-45.273,-6.364],[-45.267,-6.362],[-45.272,-6.359],[-45.27,-6.353],[-45.279,-6.342],[-45.264,-6.343],[-45.259,-6.347],[-45.251,-6.341],[-45.242,-6.339],[-45.236,-6.338],[-45.226,-6.328],[-45.219,-6.327],[-45.222,-6.323],[-45.215,-6.317],[-45.208,-6.32],[-45.211,-6.323],[-45.207,-6.33],[-45.198,-6.327],[-45.201,-6.325],[-45.199,-6.32],[-45.19,-6.314],[-45.174,-6.313],[-45.164,-6.302],[-45.154,-6.301],[-45.141,-6.308],[-45.142,-6.3],[-45.137,-6.303],[-45.137,-6.307],[-45.129,-6.306],[-45.104,-6.323],[-45.092,-6.315],[-45.087,-6.318],[-45.087,-6.324],[-45.074,-6.324],[-45.072,-6.332],[-45.078,-6.339],[-45.074,-6.339],[-45.075,-6.351],[-45.067,-6.348],[-45.062,-6.351],[-45.05,-6.349],[-45.044,-6.344],[-45.023,-6.35],[-45.005,-6.351],[-44.992,-6.349],[-44.985,-6.351],[-44.976,-6.342],[-44.965,-6.34],[-44.956,-6.333],[-44.95,-6.335],[-44.949,-6.324],[-44.937,-6.315],[-44.931,-6.301],[-44.919,-6.293],[-44.918,-6.276],[-44.911,-6.268],[-44.911,-6.257],[-44.901,-6.246],[-44.902,-6.241],[-44.893,-6.226],[-44.893,-6.209],[-44.887,-6.211],[-44.875,-6.195],[-44.872,-6.181],[-44.868,-6.181],[-44.868,-6.173],[-44.874,-6.164],[-44.869,-6.157],[-44.867,-6.156],[-44.866,-6.162],[-44.859,-6.164],[-44.85,-6.152],[-44.836,-6.145],[-44.824,-6.143],[-44.814,-6.125],[-44.808,-6.124],[-44.806,-6.12],[-44.799,-6.117],[-44.771,-6.104],[-44.77,-6.092],[-44.765,-6.088],[-44.752,-6.093],[-44.739,-6.09],[-44.729,-6.082],[-44.725,-6.073],[-44.714,-6.067],[-44.713,-6.068],[-44.702,-6.061],[-44.702,-6.064],[-44.697,-6.061],[-44.691,-6.051],[-44.683,-6.047],[-44.675,-6.045],[-44.666,-6.048],[-44.649,-6.033],[-44.644,-6.033],[-44.646,-6.037],[-44.636,-6.039],[-44.638,-6.03],[-44.635,-6.027],[-44.618,-6.028],[-44.601,-6.017],[-44.596,-6.01],[-44.577,-6.005],[-44.564,-5.993],[-44.545,-5.997],[-44.542,-5.994],[-44.535,-5.995],[-44.531,-5.99],[-44.525,-5.994],[-44.52,-5.989],[-44.494,-5.986],[-44.472,-5.992],[-44.46,-5.992]]]}},{"type":"Feature","properties":{"id":"2106755","nome":"Miranda do Norte"},"geometry":{"type":"Polygon","coordinates":[[[-44.386,-3.454],[-44.385,-3.474],[-44.406,-3.511],[-44.4,-3.53],[-44.452,-3.561],[-44.525,-3.606],[-44.533,-3.611],[-44.554,-3.624],[-44.556,-3.625],[-44.562,-3.629],[-44.61,-3.659],[-44.619,-3.578],[-44.619,-3.577],[-44.625,-3.492],[-44.622,-3.487],[-44.611,-3.482],[-44.607,-3.475],[-44.599,-3.457],[-44.594,-3.445],[-44.584,-3.45],[-44.571,-3.456],[-44.556,-3.454],[-44.545,-3.462],[-44.529,-3.464],[-44.529,-3.465],[-44.521,-3.471],[-44.512,-3.471],[-44.511,-3.469],[-44.5,-3.466],[-44.49,-3.476],[-44.472,-3.485],[-44.455,-3.483],[-44.422,-3.463],[-44.412,-3.463],[-44.404,-3.46],[-44.402,-3.457],[-44.4,-3.459],[-44.392,-3.444],[-44.39,-3.441],[-44.386,-3.454]]]}},{"type":"Feature","properties":{"id":"2106805","nome":"Mirinzal"},"geometry":{"type":"Polygon","coordinates":[[[-44.728,-1.891],[-44.731,-1.899],[-44.724,-1.898],[-44.727,-1.908],[-44.723,-1.907],[-44.723,-1.913],[-44.716,-1.912],[-44.714,-1.926],[-44.71,-1.926],[-44.71,-1.919],[-44.709,-1.924],[-44.702,-1.923],[-44.701,-1.926],[-44.706,-1.928],[-44.702,-1.935],[-44.698,-1.951],[-44.704,-1.967],[-44.707,-1.971],[-44.72,-1.974],[-44.719,-2.001],[-44.712,-2.009],[-44.712,-2.027],[-44.694,-2.039],[-44.683,-2.052],[-44.712,-2.059],[-44.721,-2.068],[-44.721,-2.075],[-44.721,-2.084],[-44.735,-2.094],[-44.739,-2.096],[-44.74,-2.106],[-44.754,-2.121],[-44.751,-2.135],[-44.77,-2.149],[-44.782,-2.167],[-44.783,-2.185],[-44.784,-2.186],[-44.796,-2.178],[-44.798,-2.174],[-44.795,-2.152],[-44.812,-2.149],[-44.827,-2.152],[-44.835,-2.149],[-44.849,-2.14],[-44.858,-2.125],[-44.868,-2.135],[-44.871,-2.145],[-44.867,-2.163],[-44.882,-2.173],[-44.884,-2.175],[-44.904,-2.194],[-44.916,-2.218],[-44.939,-2.238],[-44.95,-2.241],[-44.96,-2.244],[-44.965,-2.251],[-44.967,-2.171],[-44.967,-2.156],[-44.968,-2.095],[-44.968,-2.091],[-44.969,-2.014],[-44.958,-2.014],[-44.957,-2.014],[-44.925,-2.015],[-44.925,-1.945],[-44.842,-1.944],[-44.78,-1.944],[-44.779,-1.944],[-44.749,-1.917],[-44.742,-1.9],[-44.733,-1.891],[-44.728,-1.891]]]}},{"type":"Feature","properties":{"id":"2106904","nome":"Mon\u00e7\u00e3o"},"geometry":{"type":"Polygon","coordinates":[[[-45.194,-3.381],[-45.153,-3.397],[-45.141,-3.394],[-45.122,-3.406],[-45.113,-3.401],[-45.103,-3.404],[-45.1,-3.41],[-45.082,-3.421],[-45.078,-3.43],[-45.084,-3.437],[-45.074,-3.452],[-45.081,-3.459],[-45.084,-3.451],[-45.088,-3.45],[-45.086,-3.459],[-45.089,-3.468],[-45.093,-3.468],[-45.093,-3.462],[-45.097,-3.46],[-45.094,-3.472],[-45.1,-3.473],[-45.102,-3.478],[-45.107,-3.475],[-45.104,-3.485],[-45.117,-3.494],[-45.129,-3.508],[-45.124,-3.513],[-45.127,-3.516],[-45.123,-3.525],[-45.118,-3.528],[-45.122,-3.542],[-45.122,-3.56],[-45.122,-3.567],[-45.126,-3.572],[-45.126,-3.581],[-45.13,-3.584],[-45.131,-3.588],[-45.161,-3.604],[-45.163,-3.614],[-45.168,-3.614],[-45.17,-3.618],[-45.176,-3.615],[-45.183,-3.625],[-45.194,-3.625],[-45.203,-3.627],[-45.213,-3.638],[-45.226,-3.644],[-45.228,-3.652],[-45.235,-3.654],[-45.235,-3.667],[-45.242,-3.68],[-45.25,-3.687],[-45.251,-3.694],[-45.255,-3.695],[-45.262,-3.689],[-45.277,-3.696],[-45.283,-3.7],[-45.288,-3.718],[-45.328,-3.692],[-45.332,-3.677],[-45.33,-3.663],[-45.325,-3.656],[-45.318,-3.637],[-45.306,-3.637],[-45.304,-3.634],[-45.305,-3.625],[-45.294,-3.612],[-45.278,-3.602],[-45.275,-3.593],[-45.279,-3.57],[-45.285,-3.568],[-45.285,-3.573],[-45.289,-3.576],[-45.296,-3.567],[-45.288,-3.562],[-45.289,-3.558],[-45.303,-3.563],[-45.308,-3.576],[-45.299,-3.579],[-45.299,-3.584],[-45.304,-3.583],[-45.305,-3.587],[-45.312,-3.583],[-45.315,-3.588],[-45.312,-3.59],[-45.308,-3.589],[-45.308,-3.593],[-45.316,-3.595],[-45.324,-3.602],[-45.338,-3.602],[-45.345,-3.601],[-45.344,-3.595],[-45.355,-3.59],[-45.352,-3.586],[-45.345,-3.59],[-45.35,-3.583],[-45.356,-3.576],[-45.372,-3.578],[-45.377,-3.571],[-45.383,-3.573],[-45.388,-3.572],[-45.386,-3.564],[-45.39,-3.56],[-45.392,-3.569],[-45.403,-3.574],[-45.429,-3.581],[-45.446,-3.596],[-45.463,-3.594],[-45.472,-3.605],[-45.487,-3.609],[-45.5,-3.601],[-45.503,-3.589],[-45.507,-3.587],[-45.508,-3.57],[-45.51,-3.579],[-45.516,-3.578],[-45.528,-3.563],[-45.523,-3.561],[-45.522,-3.551],[-45.519,-3.553],[-45.519,-3.544],[-45.52,-3.538],[-45.524,-3.54],[-45.529,-3.528],[-45.534,-3.527],[-45.533,-3.515],[-45.543,-3.501],[-45.541,-3.49],[-45.542,-3.485],[-45.444,-3.399],[-45.459,-3.367],[-45.477,-3.331],[-45.494,-3.303],[-45.552,-3.279],[-45.57,-3.256],[-45.58,-3.239],[-45.579,-3.239],[-45.451,-3.286],[-45.37,-3.316],[-45.361,-3.32],[-45.298,-3.343],[-45.194,-3.381]]]}},{"type":"Feature","properties":{"id":"2107001","nome":"Montes Altos"},"geometry":{"type":"Polygon","coordinates":[[[-46.945,-5.631],[-46.946,-5.637],[-46.934,-5.634],[-46.933,-5.649],[-46.926,-5.656],[-46.936,-5.659],[-46.934,-5.67],[-46.927,-5.675],[-46.927,-5.682],[-46.922,-5.684],[-46.923,-5.692],[-46.92,-5.698],[-46.911,-5.696],[-46.914,-5.709],[-46.923,-5.717],[-46.918,-5.723],[-46.92,-5.731],[-46.913,-5.737],[-46.919,-5.745],[-46.915,-5.75],[-46.916,-5.753],[-46.919,-5.753],[-46.916,-5.756],[-46.917,-5.759],[-46.907,-5.762],[-46.902,-5.759],[-46.903,-5.767],[-46.9,-5.773],[-46.907,-5.779],[-46.903,-5.787],[-46.894,-5.791],[-46.895,-5.806],[-46.887,-5.823],[-46.881,-5.822],[-46.877,-5.828],[-46.889,-5.851],[-46.885,-5.868],[-46.892,-5.888],[-46.874,-5.911],[-46.859,-5.904],[-46.846,-5.905],[-46.83,-5.892],[-46.803,-5.891],[-46.791,-5.898],[-46.782,-5.898],[-46.776,-5.907],[-46.775,-5.914],[-46.79,-5.925],[-46.786,-5.93],[-46.783,-5.941],[-46.785,-5.963],[-46.804,-5.971],[-46.819,-5.972],[-46.843,-5.967],[-46.852,-5.98],[-46.857,-5.978],[-46.86,-5.981],[-46.86,-5.986],[-46.853,-5.992],[-46.86,-5.991],[-46.87,-6.002],[-46.883,-6.006],[-46.887,-6.011],[-46.891,-6.01],[-46.902,-6.014],[-46.906,-6.009],[-46.916,-6.009],[-46.921,-6.016],[-46.934,-6.011],[-46.938,-6.015],[-46.94,-6.028],[-46.947,-6.036],[-46.946,-6.042],[-46.957,-6.04],[-46.967,-6.047],[-46.978,-6.038],[-46.986,-6.052],[-47.0,-6.046],[-47.015,-6.046],[-47.027,-6.043],[-47.037,-6.033],[-47.064,-6.027],[-47.08,-6.03],[-47.096,-6.024],[-47.115,-6.021],[-47.126,-6.023],[-47.134,-6.032],[-47.146,-6.033],[-47.149,-6.036],[-47.153,-6.03],[-47.161,-6.027],[-47.164,-6.037],[-47.172,-6.032],[-47.178,-6.034],[-47.182,-6.041],[-47.188,-6.038],[-47.193,-6.039],[-47.187,-6.027],[-47.19,-6.02],[-47.178,-6.007],[-47.178,-6.002],[-47.187,-5.996],[-47.188,-5.986],[-47.18,-5.965],[-47.174,-5.961],[-47.189,-5.963],[-47.2,-5.964],[-47.203,-5.96],[-47.201,-5.954],[-47.191,-5.948],[-47.193,-5.932],[-47.185,-5.926],[-47.183,-5.917],[-47.161,-5.893],[-47.166,-5.878],[-47.18,-5.861],[-47.183,-5.866],[-47.195,-5.861],[-47.198,-5.864],[-47.212,-5.866],[-47.224,-5.855],[-47.245,-5.855],[-47.243,-5.851],[-47.247,-5.845],[-47.251,-5.849],[-47.254,-5.846],[-47.26,-5.846],[-47.266,-5.856],[-47.274,-5.85],[-47.279,-5.857],[-47.286,-5.857],[-47.286,-5.848],[-47.292,-5.844],[-47.303,-5.845],[-47.308,-5.837],[-47.315,-5.841],[-47.333,-5.834],[-47.333,-5.823],[-47.337,-5.822],[-47.336,-5.817],[-47.345,-5.82],[-47.342,-5.816],[-47.344,-5.813],[-47.336,-5.811],[-47.337,-5.806],[-47.33,-5.808],[-47.322,-5.801],[-47.316,-5.801],[-47.327,-5.785],[-47.314,-5.783],[-47.317,-5.776],[-47.312,-5.777],[-47.309,-5.783],[-47.304,-5.778],[-47.294,-5.775],[-47.292,-5.766],[-47.284,-5.771],[-47.28,-5.765],[-47.279,-5.773],[-47.272,-5.769],[-47.259,-5.775],[-47.249,-5.773],[-47.242,-5.77],[-47.243,-5.767],[-47.25,-5.766],[-47.249,-5.763],[-47.231,-5.767],[-47.235,-5.771],[-47.228,-5.775],[-47.223,-5.771],[-47.211,-5.773],[-47.207,-5.77],[-47.2,-5.774],[-47.197,-5.767],[-47.191,-5.764],[-47.191,-5.758],[-47.184,-5.756],[-47.183,-5.75],[-47.176,-5.748],[-47.169,-5.738],[-47.134,-5.729],[-47.124,-5.718],[-47.12,-5.709],[-47.113,-5.708],[-47.109,-5.695],[-47.086,-5.672],[-47.038,-5.658],[-46.962,-5.637],[-46.946,-5.625],[-46.948,-5.63],[-46.945,-5.631]]]}},{"type":"Feature","properties":{"id":"2107100","nome":"Morros"},"geometry":{"type":"Polygon","coordinates":[[[-43.712,-2.711],[-43.641,-2.87],[-43.633,-2.886],[-43.621,-2.914],[-43.614,-2.928],[-43.599,-2.963],[-43.598,-2.963],[-43.571,-3.038],[-43.547,-3.113],[-43.542,-3.129],[-43.551,-3.136],[-43.606,-3.172],[-43.679,-3.222],[-43.783,-3.292],[-43.799,-3.292],[-43.8,-3.283],[-43.793,-3.273],[-43.79,-3.259],[-43.779,-3.255],[-43.775,-3.248],[-43.775,-3.237],[-43.783,-3.224],[-43.783,-3.213],[-43.774,-3.206],[-43.769,-3.193],[-43.759,-3.182],[-43.755,-3.173],[-43.759,-3.161],[-43.755,-3.155],[-43.752,-3.135],[-43.757,-3.121],[-43.763,-3.114],[-43.763,-3.103],[-43.769,-3.095],[-43.775,-3.094],[-43.782,-3.084],[-43.814,-3.079],[-43.839,-3.068],[-43.857,-3.063],[-43.885,-3.05],[-43.893,-3.043],[-43.896,-3.038],[-43.9,-3.033],[-43.931,-3.018],[-43.948,-3.015],[-43.96,-3.01],[-43.996,-2.988],[-44.003,-2.98],[-44.008,-2.962],[-44.02,-2.957],[-44.028,-2.947],[-44.021,-2.923],[-44.029,-2.904],[-44.036,-2.903],[-44.034,-2.898],[-44.05,-2.893],[-44.062,-2.899],[-44.068,-2.891],[-44.062,-2.878],[-44.047,-2.871],[-44.044,-2.867],[-44.05,-2.866],[-44.05,-2.861],[-44.053,-2.848],[-44.051,-2.841],[-44.051,-2.836],[-44.05,-2.808],[-44.019,-2.808],[-43.818,-2.808],[-43.811,-2.808],[-43.755,-2.807],[-43.745,-2.807],[-43.745,-2.679],[-43.745,-2.637],[-43.712,-2.711]]]}},{"type":"Feature","properties":{"id":"2107209","nome":"Nina Rodrigues"},"geometry":{"type":"Polygon","coordinates":[[[-43.796,-3.329],[-43.787,-3.332],[-43.768,-3.32],[-43.764,-3.323],[-43.756,-3.335],[-43.755,-3.346],[-43.75,-3.348],[-43.748,-3.353],[-43.744,-3.365],[-43.745,-3.378],[-43.736,-3.385],[-43.726,-3.382],[-43.715,-3.399],[-43.717,-3.409],[-43.732,-3.42],[-43.732,-3.425],[-43.739,-3.429],[-43.737,-3.432],[-43.736,-3.439],[-43.729,-3.442],[-43.675,-3.52],[-43.646,-3.562],[-43.606,-3.618],[-43.615,-3.62],[-43.617,-3.61],[-43.622,-3.604],[-43.626,-3.603],[-43.632,-3.612],[-43.644,-3.604],[-43.648,-3.581],[-43.652,-3.577],[-43.657,-3.578],[-43.659,-3.588],[-43.678,-3.583],[-43.688,-3.575],[-43.69,-3.58],[-43.701,-3.579],[-43.708,-3.571],[-43.715,-3.567],[-43.71,-3.559],[-43.727,-3.551],[-43.73,-3.546],[-43.738,-3.545],[-43.739,-3.538],[-43.75,-3.539],[-43.748,-3.545],[-43.751,-3.547],[-43.751,-3.54],[-43.755,-3.536],[-43.765,-3.535],[-43.774,-3.526],[-43.775,-3.52],[-43.779,-3.508],[-43.787,-3.501],[-43.788,-3.49],[-43.797,-3.481],[-43.798,-3.476],[-43.813,-3.477],[-43.901,-3.49],[-43.984,-3.501],[-43.986,-3.493],[-43.995,-3.478],[-43.988,-3.465],[-43.98,-3.463],[-43.974,-3.454],[-43.975,-3.446],[-43.968,-3.441],[-43.967,-3.431],[-43.955,-3.413],[-43.944,-3.412],[-43.945,-3.42],[-43.896,-3.357],[-43.895,-3.355],[-43.857,-3.306],[-43.783,-3.213],[-43.783,-3.224],[-43.775,-3.237],[-43.775,-3.248],[-43.779,-3.255],[-43.79,-3.259],[-43.793,-3.273],[-43.8,-3.283],[-43.799,-3.292],[-43.8,-3.299],[-43.805,-3.301],[-43.804,-3.315],[-43.796,-3.329]]]}},{"type":"Feature","properties":{"id":"2107258","nome":"Nova Colinas"},"geometry":{"type":"Polygon","coordinates":[[[-46.21,-7.28],[-46.245,-7.341],[-46.251,-7.341],[-46.257,-7.347],[-46.285,-7.343],[-46.29,-7.337],[-46.293,-7.338],[-46.3,-7.327],[-46.304,-7.326],[-46.306,-7.316],[-46.304,-7.308],[-46.31,-7.3],[-46.312,-7.284],[-46.307,-7.266],[-46.309,-7.256],[-46.299,-7.232],[-46.303,-7.222],[-46.295,-7.217],[-46.292,-7.205],[-46.293,-7.199],[-46.33,-7.168],[-46.451,-7.066],[-46.417,-7.017],[-46.406,-7.0],[-46.404,-6.998],[-46.341,-6.998],[-46.226,-7.036],[-46.225,-7.036],[-46.072,-7.159],[-46.071,-7.159],[-46.077,-7.161],[-46.177,-7.241],[-46.198,-7.258],[-46.21,-7.28]]]}},{"type":"Feature","properties":{"id":"2107308","nome":"Nova Iorque"},"geometry":{"type":"Polygon","coordinates":[[[-43.79,-6.545],[-43.753,-6.703],[-43.76,-6.702],[-43.774,-6.715],[-43.79,-6.702],[-43.797,-6.703],[-43.8,-6.707],[-43.808,-6.72],[-43.82,-6.727],[-43.853,-6.735],[-43.88,-6.757],[-43.913,-6.752],[-43.93,-6.771],[-43.945,-6.765],[-43.949,-6.751],[-43.961,-6.742],[-43.97,-6.744],[-43.987,-6.757],[-44.033,-6.76],[-44.038,-6.764],[-44.042,-6.769],[-44.053,-6.768],[-44.057,-6.774],[-44.06,-6.79],[-44.059,-6.808],[-44.069,-6.821],[-44.077,-6.821],[-44.088,-6.803],[-44.107,-6.802],[-44.116,-6.805],[-44.113,-6.823],[-44.098,-6.84],[-44.104,-6.856],[-44.109,-6.857],[-44.114,-6.852],[-44.115,-6.838],[-44.119,-6.832],[-44.125,-6.835],[-44.139,-6.864],[-44.16,-6.872],[-44.176,-6.905],[-44.173,-6.924],[-44.176,-6.928],[-44.192,-6.926],[-44.201,-6.932],[-44.206,-6.963],[-44.236,-6.998],[-44.248,-6.998],[-44.254,-6.986],[-44.253,-6.976],[-44.263,-6.972],[-44.267,-6.964],[-44.273,-6.962],[-44.273,-6.956],[-44.289,-6.957],[-44.305,-6.942],[-44.311,-6.945],[-44.322,-6.943],[-44.322,-6.937],[-44.328,-6.938],[-44.328,-6.935],[-44.327,-6.935],[-44.29,-6.871],[-44.22,-6.753],[-44.214,-6.743],[-44.066,-6.674],[-43.98,-6.634],[-43.921,-6.606],[-43.79,-6.545]]]}},{"type":"Feature","properties":{"id":"2107357","nome":"Nova Olinda do Maranh\u00e3o"},"geometry":{"type":"Polygon","coordinates":[[[-45.641,-2.655],[-45.639,-2.749],[-45.639,-2.77],[-45.638,-2.834],[-45.638,-2.902],[-45.651,-2.884],[-45.657,-2.886],[-45.653,-2.899],[-45.643,-2.91],[-45.655,-2.917],[-45.669,-2.908],[-45.668,-2.922],[-45.658,-2.934],[-45.658,-2.938],[-45.667,-2.949],[-45.669,-2.936],[-45.674,-2.931],[-45.69,-2.94],[-45.694,-2.947],[-45.703,-2.942],[-45.709,-2.949],[-45.715,-2.948],[-45.717,-2.942],[-45.733,-2.937],[-45.736,-2.926],[-45.74,-2.926],[-45.746,-2.938],[-45.738,-2.951],[-45.743,-2.955],[-45.739,-2.963],[-45.74,-2.967],[-45.744,-2.964],[-45.747,-2.952],[-45.757,-2.96],[-45.771,-2.948],[-45.791,-2.948],[-45.791,-2.956],[-45.782,-2.959],[-45.789,-2.972],[-45.794,-2.967],[-45.799,-2.986],[-45.804,-2.984],[-45.809,-2.967],[-45.813,-2.966],[-45.82,-2.971],[-45.82,-2.964],[-45.824,-2.958],[-45.828,-2.957],[-45.832,-2.956],[-45.836,-2.962],[-45.831,-2.973],[-45.835,-2.981],[-45.838,-2.981],[-45.839,-2.974],[-45.849,-2.977],[-45.847,-2.988],[-45.872,-2.992],[-45.868,-2.997],[-45.87,-3.0],[-45.88,-3.005],[-45.881,-3.003],[-45.89,-3.003],[-45.891,-3.009],[-45.899,-3.014],[-45.902,-3.027],[-45.913,-3.023],[-45.918,-3.028],[-45.925,-3.021],[-45.927,-3.021],[-45.932,-3.03],[-45.923,-3.037],[-45.931,-3.043],[-45.93,-3.052],[-45.936,-3.051],[-45.943,-3.045],[-45.946,-3.067],[-45.952,-3.063],[-45.957,-3.069],[-45.959,-3.063],[-45.962,-3.071],[-45.972,-3.068],[-45.981,-3.078],[-45.982,-3.07],[-45.985,-3.069],[-45.989,-3.074],[-45.992,-3.068],[-45.999,-3.068],[-46.001,-3.061],[-46.016,-3.08],[-46.022,-3.081],[-46.023,-3.075],[-46.027,-3.074],[-46.032,-3.083],[-46.037,-3.082],[-46.055,-3.094],[-46.055,-3.106],[-46.061,-3.11],[-46.075,-3.104],[-46.081,-3.118],[-46.088,-3.123],[-46.094,-3.123],[-46.091,-3.138],[-46.092,-3.142],[-46.105,-3.15],[-46.117,-3.148],[-46.14,-3.153],[-46.152,-3.161],[-46.175,-3.164],[-46.185,-3.162],[-46.201,-3.167],[-46.225,-3.158],[-46.24,-3.166],[-46.247,-3.157],[-46.252,-3.162],[-46.265,-3.159],[-46.269,-3.166],[-46.271,-3.181],[-46.281,-3.193],[-46.31,-3.19],[-46.349,-3.214],[-46.391,-3.273],[-46.4,-3.228],[-46.397,-3.195],[-46.379,-3.166],[-46.352,-3.139],[-46.29,-3.075],[-46.26,-3.057],[-46.22,-3.04],[-46.206,-3.03],[-46.192,-3.015],[-46.186,-2.972],[-46.179,-2.958],[-46.17,-2.946],[-46.122,-2.907],[-46.122,-2.895],[-46.132,-2.872],[-46.13,-2.86],[-46.123,-2.847],[-46.098,-2.82],[-46.09,-2.804],[-46.09,-2.783],[-46.085,-2.778],[-46.076,-2.75],[-46.069,-2.741],[-46.08,-2.718],[-46.072,-2.697],[-46.064,-2.686],[-46.022,-2.692],[-46.006,-2.694],[-45.99,-2.696],[-45.947,-2.685],[-45.894,-2.672],[-45.891,-2.675],[-45.88,-2.669],[-45.813,-2.652],[-45.795,-2.647],[-45.793,-2.642],[-45.752,-2.63],[-45.754,-2.621],[-45.641,-2.655]]]}},{"type":"Feature","properties":{"id":"2107407","nome":"Olho d'\u00c1gua das Cunh\u00e3s"},"geometry":{"type":"Polygon","coordinates":[[[-45.073,-3.917],[-45.086,-3.933],[-45.063,-3.93],[-45.057,-3.934],[-45.059,-3.94],[-45.054,-3.952],[-45.047,-3.954],[-45.034,-3.952],[-45.01,-3.964],[-45.012,-3.972],[-45.008,-3.982],[-45.015,-3.988],[-45.027,-4.037],[-45.029,-4.041],[-45.022,-4.048],[-45.02,-4.054],[-45.02,-4.068],[-45.023,-4.07],[-45.018,-4.074],[-45.018,-4.098],[-45.013,-4.101],[-45.012,-4.113],[-45.011,-4.114],[-45.014,-4.117],[-45.004,-4.131],[-45.012,-4.128],[-45.013,-4.135],[-45.017,-4.136],[-45.016,-4.139],[-45.026,-4.146],[-45.025,-4.156],[-45.036,-4.167],[-45.033,-4.171],[-45.034,-4.183],[-45.04,-4.18],[-45.058,-4.193],[-45.067,-4.193],[-45.077,-4.198],[-45.081,-4.196],[-45.087,-4.203],[-45.085,-4.222],[-45.091,-4.229],[-45.095,-4.229],[-45.098,-4.24],[-45.087,-4.255],[-45.089,-4.271],[-45.098,-4.284],[-45.109,-4.287],[-45.114,-4.294],[-45.107,-4.307],[-45.106,-4.328],[-45.204,-4.197],[-45.197,-4.189],[-45.202,-4.184],[-45.21,-4.184],[-45.213,-4.168],[-45.217,-4.162],[-45.224,-4.16],[-45.239,-4.148],[-45.252,-4.148],[-45.209,-4.066],[-45.209,-4.054],[-45.208,-4.034],[-45.208,-4.033],[-45.207,-3.972],[-45.141,-3.945],[-45.073,-3.917]]]}},{"type":"Feature","properties":{"id":"2107456","nome":"Olinda Nova do Maranh\u00e3o"},"geometry":{"type":"Polygon","coordinates":[[[-45.018,-2.898],[-45.02,-2.907],[-45.021,-2.911],[-45.017,-2.937],[-45.001,-2.931],[-44.996,-2.925],[-44.99,-2.935],[-44.974,-2.939],[-44.964,-2.95],[-44.963,-2.96],[-44.965,-2.963],[-44.962,-2.967],[-44.969,-2.97],[-44.96,-2.971],[-44.96,-2.975],[-44.951,-2.976],[-44.953,-2.983],[-44.946,-2.977],[-44.944,-2.98],[-44.94,-2.977],[-44.936,-2.98],[-44.936,-2.988],[-44.942,-2.987],[-44.948,-2.993],[-44.943,-2.999],[-44.939,-2.995],[-44.936,-2.999],[-44.932,-2.994],[-44.927,-3.002],[-44.923,-3.001],[-44.926,-3.011],[-44.934,-3.012],[-44.93,-3.02],[-44.936,-3.024],[-44.929,-3.025],[-44.922,-3.017],[-44.923,-3.021],[-44.918,-3.022],[-44.922,-3.025],[-44.922,-3.036],[-44.911,-3.037],[-44.909,-3.04],[-44.914,-3.042],[-44.914,-3.046],[-44.907,-3.05],[-44.913,-3.049],[-44.914,-3.051],[-44.908,-3.056],[-44.903,-3.056],[-44.903,-3.062],[-44.893,-3.078],[-44.939,-3.056],[-44.965,-3.044],[-44.997,-3.03],[-45.033,-3.017],[-45.046,-3.013],[-45.059,-3.0],[-45.07,-2.985],[-45.07,-2.979],[-45.079,-2.963],[-45.079,-2.943],[-45.083,-2.931],[-45.095,-2.931],[-45.119,-2.936],[-45.121,-2.93],[-45.126,-2.926],[-45.125,-2.92],[-45.09,-2.904],[-45.079,-2.906],[-45.065,-2.898],[-45.028,-2.887],[-45.026,-2.893],[-45.018,-2.898]]]}},{"type":"Feature","properties":{"id":"2107506","nome":"Pa\u00e7o do Lumiar"},"geometry":{"type":"Polygon","coordinates":[[[-44.109,-2.465],[-44.118,-2.473],[-44.096,-2.464],[-44.093,-2.459],[-44.059,-2.461],[-44.063,-2.466],[-44.077,-2.465],[-44.065,-2.471],[-44.062,-2.483],[-44.056,-2.466],[-44.032,-2.465],[-44.06,-2.51],[-44.081,-2.546],[-44.085,-2.543],[-44.099,-2.546],[-44.107,-2.544],[-44.123,-2.55],[-44.126,-2.55],[-44.133,-2.552],[-44.149,-2.552],[-44.16,-2.551],[-44.171,-2.551],[-44.178,-2.551],[-44.185,-2.551],[-44.185,-2.539],[-44.184,-2.533],[-44.183,-2.519],[-44.18,-2.474],[-44.179,-2.46],[-44.173,-2.458],[-44.169,-2.465],[-44.173,-2.472],[-44.141,-2.461],[-44.12,-2.457],[-44.104,-2.457],[-44.1,-2.463],[-44.109,-2.465]]]}},{"type":"Feature","properties":{"id":"2107605","nome":"Palmeir\u00e2ndia"},"geometry":{"type":"Polygon","coordinates":[[[-45.026,-2.564],[-44.97,-2.602],[-44.944,-2.618],[-44.879,-2.632],[-44.882,-2.645],[-44.87,-2.653],[-44.84,-2.659],[-44.874,-2.699],[-44.887,-2.704],[-44.906,-2.714],[-44.957,-2.739],[-44.97,-2.746],[-45.031,-2.776],[-45.058,-2.79],[-45.086,-2.804],[-45.145,-2.834],[-45.157,-2.837],[-45.168,-2.822],[-45.173,-2.806],[-45.183,-2.798],[-45.166,-2.77],[-45.146,-2.754],[-45.129,-2.745],[-45.129,-2.736],[-45.128,-2.717],[-45.121,-2.71],[-45.119,-2.701],[-45.108,-2.692],[-45.106,-2.68],[-45.107,-2.672],[-45.107,-2.669],[-45.112,-2.663],[-45.105,-2.657],[-45.093,-2.657],[-45.086,-2.651],[-45.094,-2.643],[-45.094,-2.634],[-45.093,-2.628],[-45.089,-2.629],[-45.086,-2.615],[-45.078,-2.614],[-45.076,-2.61],[-45.072,-2.561],[-45.067,-2.557],[-45.058,-2.558],[-45.054,-2.569],[-45.048,-2.568],[-45.05,-2.562],[-45.048,-2.557],[-45.051,-2.556],[-45.046,-2.543],[-45.043,-2.543],[-45.029,-2.554],[-45.026,-2.564]]]}},{"type":"Feature","properties":{"id":"2107704","nome":"Paraibano"},"geometry":{"type":"Polygon","coordinates":[[[-43.857,-6.294],[-43.85,-6.299],[-43.846,-6.309],[-43.844,-6.333],[-43.836,-6.345],[-43.838,-6.382],[-43.821,-6.41],[-43.812,-6.428],[-43.8,-6.439],[-43.784,-6.455],[-43.808,-6.467],[-43.811,-6.477],[-43.821,-6.512],[-43.842,-6.517],[-43.872,-6.509],[-43.882,-6.519],[-43.9,-6.526],[-43.908,-6.534],[-43.927,-6.543],[-43.946,-6.518],[-44.005,-6.44],[-44.013,-6.429],[-44.057,-6.369],[-44.099,-6.351],[-44.063,-6.336],[-43.978,-6.3],[-43.976,-6.299],[-43.966,-6.295],[-43.944,-6.293],[-43.927,-6.298],[-43.908,-6.299],[-43.878,-6.286],[-43.859,-6.284],[-43.857,-6.294]]]}},{"type":"Feature","properties":{"id":"2107803","nome":"Parnarama"},"geometry":{"type":"Polygon","coordinates":[[[-43.777,-5.281],[-43.76,-5.286],[-43.746,-5.301],[-43.726,-5.301],[-43.72,-5.304],[-43.709,-5.32],[-43.7,-5.326],[-43.671,-5.321],[-43.656,-5.324],[-43.633,-5.329],[-43.616,-5.324],[-43.592,-5.323],[-43.59,-5.326],[-43.574,-5.346],[-43.572,-5.349],[-43.558,-5.347],[-43.536,-5.337],[-43.525,-5.336],[-43.519,-5.362],[-43.486,-5.402],[-43.48,-5.408],[-43.401,-5.459],[-43.376,-5.512],[-43.253,-5.543],[-43.251,-5.544],[-43.175,-5.597],[-43.095,-5.615],[-43.099,-5.633],[-43.091,-5.633],[-43.084,-5.64],[-43.084,-5.659],[-43.088,-5.67],[-43.088,-5.683],[-43.076,-5.729],[-43.08,-5.742],[-43.094,-5.74],[-43.097,-5.745],[-43.101,-5.762],[-43.098,-5.793],[-43.091,-5.806],[-43.096,-5.834],[-43.077,-5.864],[-43.076,-5.867],[-43.099,-5.899],[-43.099,-5.906],[-43.095,-5.91],[-43.21,-5.91],[-43.305,-5.911],[-43.327,-5.911],[-43.411,-5.912],[-43.495,-5.912],[-43.496,-5.912],[-43.552,-5.913],[-43.565,-5.913],[-43.569,-5.904],[-43.566,-5.899],[-43.571,-5.889],[-43.56,-5.891],[-43.56,-5.882],[-43.55,-5.879],[-43.551,-5.869],[-43.544,-5.862],[-43.55,-5.847],[-43.543,-5.845],[-43.542,-5.838],[-43.535,-5.835],[-43.544,-5.825],[-43.55,-5.823],[-43.552,-5.808],[-43.56,-5.804],[-43.562,-5.797],[-43.561,-5.782],[-43.557,-5.778],[-43.56,-5.772],[-43.568,-5.768],[-43.58,-5.776],[-43.597,-5.773],[-43.6,-5.758],[-43.606,-5.756],[-43.612,-5.746],[-43.606,-5.737],[-43.599,-5.723],[-43.587,-5.714],[-43.586,-5.706],[-43.595,-5.689],[-43.606,-5.689],[-43.602,-5.675],[-43.609,-5.673],[-43.614,-5.662],[-43.639,-5.654],[-43.65,-5.636],[-43.657,-5.636],[-43.666,-5.631],[-43.67,-5.618],[-43.663,-5.614],[-43.669,-5.597],[-43.674,-5.596],[-43.674,-5.6],[-43.684,-5.594],[-43.694,-5.597],[-43.708,-5.595],[-43.708,-5.59],[-43.713,-5.587],[-43.72,-5.593],[-43.724,-5.592],[-43.731,-5.591],[-43.739,-5.582],[-43.748,-5.589],[-43.759,-5.59],[-43.768,-5.581],[-43.767,-5.576],[-43.781,-5.566],[-43.785,-5.561],[-43.789,-5.563],[-43.8,-5.559],[-43.804,-5.552],[-43.81,-5.554],[-43.822,-5.548],[-43.817,-5.538],[-43.828,-5.529],[-43.84,-5.527],[-43.852,-5.52],[-43.858,-5.507],[-43.865,-5.5],[-43.867,-5.494],[-43.862,-5.483],[-43.867,-5.472],[-43.866,-5.467],[-43.873,-5.453],[-43.865,-5.445],[-43.859,-5.431],[-43.87,-5.414],[-43.87,-5.406],[-43.88,-5.395],[-43.88,-5.389],[-43.883,-5.385],[-43.879,-5.383],[-43.881,-5.381],[-43.876,-5.371],[-43.882,-5.361],[-43.883,-5.35],[-43.88,-5.35],[-43.879,-5.345],[-43.883,-5.339],[-43.871,-5.321],[-43.85,-5.298],[-43.841,-5.299],[-43.83,-5.291],[-43.825,-5.293],[-43.816,-5.284],[-43.802,-5.285],[-43.798,-5.279],[-43.784,-5.273],[-43.777,-5.281]]]}},{"type":"Feature","properties":{"id":"2107902","nome":"Passagem Franca"},"geometry":{"type":"Polygon","coordinates":[[[-43.673,-5.95],[-43.666,-5.997],[-43.662,-6.003],[-43.662,-6.008],[-43.643,-6.037],[-43.64,-6.042],[-43.645,-6.047],[-43.644,-6.05],[-43.638,-6.054],[-43.625,-6.052],[-43.604,-6.073],[-43.593,-6.099],[-43.581,-6.106],[-43.565,-6.127],[-43.546,-6.136],[-43.548,-6.155],[-43.562,-6.167],[-43.539,-6.171],[-43.538,-6.177],[-43.555,-6.195],[-43.558,-6.208],[-43.566,-6.217],[-43.565,-6.228],[-43.576,-6.248],[-43.577,-6.254],[-43.579,-6.271],[-43.594,-6.28],[-43.601,-6.294],[-43.609,-6.301],[-43.612,-6.322],[-43.665,-6.314],[-43.785,-6.295],[-43.859,-6.284],[-43.878,-6.286],[-43.908,-6.299],[-43.927,-6.298],[-43.944,-6.293],[-43.966,-6.295],[-43.964,-6.291],[-43.98,-6.284],[-43.972,-6.275],[-43.968,-6.263],[-43.966,-6.259],[-43.96,-6.262],[-43.957,-6.258],[-43.963,-6.248],[-43.96,-6.24],[-43.956,-6.239],[-43.954,-6.223],[-43.957,-6.206],[-43.955,-6.196],[-43.959,-6.192],[-43.951,-6.186],[-43.953,-6.177],[-43.944,-6.179],[-43.944,-6.165],[-43.94,-6.158],[-43.94,-6.15],[-43.934,-6.142],[-43.937,-6.136],[-43.934,-6.119],[-43.931,-6.116],[-43.933,-6.11],[-43.93,-6.097],[-43.922,-6.087],[-43.922,-6.077],[-43.928,-6.074],[-43.926,-6.049],[-43.93,-6.038],[-43.919,-6.025],[-43.909,-6.019],[-43.904,-6.004],[-43.844,-6.003],[-43.843,-5.995],[-43.827,-5.995],[-43.825,-6.005],[-43.809,-5.999],[-43.803,-5.99],[-43.78,-5.988],[-43.749,-5.977],[-43.739,-5.982],[-43.733,-5.976],[-43.732,-5.976],[-43.729,-5.97],[-43.721,-5.972],[-43.716,-5.966],[-43.711,-5.961],[-43.711,-5.955],[-43.703,-5.953],[-43.708,-5.947],[-43.695,-5.933],[-43.696,-5.927],[-43.691,-5.919],[-43.695,-5.915],[-43.683,-5.909],[-43.676,-5.916],[-43.67,-5.937],[-43.673,-5.95]]]}},{"type":"Feature","properties":{"id":"2108009","nome":"Pastos Bons"},"geometry":{"type":"Polygon","coordinates":[[[-43.946,-6.518],[-43.927,-6.543],[-43.908,-6.534],[-43.9,-6.526],[-43.882,-6.519],[-43.872,-6.509],[-43.842,-6.517],[-43.821,-6.512],[-43.81,-6.508],[-43.805,-6.517],[-43.79,-6.545],[-43.921,-6.606],[-43.98,-6.634],[-44.066,-6.674],[-44.214,-6.743],[-44.22,-6.753],[-44.29,-6.871],[-44.327,-6.935],[-44.331,-6.923],[-44.329,-6.919],[-44.339,-6.914],[-44.341,-6.907],[-44.348,-6.906],[-44.352,-6.898],[-44.365,-6.89],[-44.368,-6.881],[-44.372,-6.882],[-44.378,-6.876],[-44.388,-6.844],[-44.394,-6.844],[-44.407,-6.836],[-44.409,-6.825],[-44.402,-6.818],[-44.423,-6.796],[-44.507,-6.749],[-44.372,-6.635],[-44.322,-6.592],[-44.305,-6.578],[-44.255,-6.536],[-44.194,-6.484],[-44.192,-6.483],[-44.187,-6.478],[-44.185,-6.477],[-44.07,-6.38],[-44.057,-6.369],[-44.013,-6.429],[-44.005,-6.44],[-43.946,-6.518]]]}},{"type":"Feature","properties":{"id":"2108058","nome":"Paulino Neves"},"geometry":{"type":"Polygon","coordinates":[[[-42.55,-2.681],[-42.546,-2.687],[-42.504,-2.68],[-42.483,-2.71],[-42.479,-2.712],[-42.438,-2.727],[-42.433,-2.736],[-42.436,-2.747],[-42.451,-2.748],[-42.455,-2.744],[-42.463,-2.748],[-42.468,-2.75],[-42.465,-2.754],[-42.469,-2.754],[-42.466,-2.759],[-42.469,-2.762],[-42.467,-2.767],[-42.464,-2.772],[-42.467,-2.786],[-42.461,-2.799],[-42.456,-2.801],[-42.456,-2.812],[-42.467,-2.831],[-42.445,-2.831],[-42.483,-2.887],[-42.505,-2.918],[-42.517,-2.919],[-42.53,-2.925],[-42.548,-2.927],[-42.557,-2.924],[-42.558,-2.92],[-42.571,-2.921],[-42.573,-2.925],[-42.567,-2.937],[-42.567,-2.947],[-42.572,-2.953],[-42.587,-2.959],[-42.592,-2.97],[-42.588,-2.984],[-42.574,-2.991],[-42.572,-3.002],[-42.607,-3.031],[-42.623,-3.034],[-42.627,-3.04],[-42.633,-3.037],[-42.645,-3.04],[-42.681,-3.06],[-42.682,-3.06],[-42.757,-3.055],[-42.755,-3.039],[-42.761,-3.03],[-42.763,-3.02],[-42.777,-3.001],[-42.769,-2.97],[-42.763,-2.957],[-42.76,-2.939],[-42.759,-2.93],[-42.753,-2.921],[-42.755,-2.915],[-42.75,-2.903],[-42.738,-2.903],[-42.738,-2.908],[-42.734,-2.9],[-42.725,-2.899],[-42.717,-2.889],[-42.699,-2.829],[-42.69,-2.799],[-42.677,-2.75],[-42.67,-2.729],[-42.663,-2.701],[-42.642,-2.626],[-42.598,-2.66],[-42.567,-2.677],[-42.55,-2.681]]]}},{"type":"Feature","properties":{"id":"2108108","nome":"Paulo Ramos"},"geometry":{"type":"Polygon","coordinates":[[[-45.127,-4.413],[-45.118,-4.419],[-45.105,-4.419],[-45.093,-4.423],[-45.122,-4.467],[-45.147,-4.5],[-45.16,-4.518],[-45.213,-4.552],[-45.208,-4.553],[-45.196,-4.565],[-45.202,-4.58],[-45.202,-4.596],[-45.205,-4.603],[-45.217,-4.606],[-45.226,-4.619],[-45.242,-4.626],[-45.259,-4.649],[-45.266,-4.654],[-45.272,-4.657],[-45.302,-4.666],[-45.313,-4.666],[-45.345,-4.648],[-45.364,-4.635],[-45.361,-4.631],[-45.359,-4.627],[-45.362,-4.62],[-45.367,-4.624],[-45.37,-4.617],[-45.365,-4.609],[-45.368,-4.595],[-45.416,-4.599],[-45.49,-4.62],[-45.529,-4.609],[-45.551,-4.596],[-45.562,-4.6],[-45.576,-4.596],[-45.585,-4.604],[-45.612,-4.568],[-45.625,-4.53],[-45.629,-4.519],[-45.638,-4.484],[-45.634,-4.488],[-45.593,-4.531],[-45.591,-4.472],[-45.512,-4.431],[-45.506,-4.435],[-45.443,-4.439],[-45.422,-4.44],[-45.333,-4.424],[-45.329,-4.423],[-45.295,-4.424],[-45.269,-4.407],[-45.238,-4.393],[-45.127,-4.413]]]}},{"type":"Feature","properties":{"id":"2108207","nome":"Pedreiras"},"geometry":{"type":"Polygon","coordinates":[[[-44.59,-4.454],[-44.586,-4.46],[-44.583,-4.459],[-44.578,-4.462],[-44.579,-4.472],[-44.577,-4.475],[-44.58,-4.493],[-44.584,-4.496],[-44.576,-4.503],[-44.574,-4.52],[-44.56,-4.527],[-44.549,-4.526],[-44.544,-4.531],[-44.546,-4.549],[-44.541,-4.556],[-44.54,-4.57],[-44.537,-4.575],[-44.529,-4.577],[-44.528,-4.578],[-44.525,-4.586],[-44.527,-4.59],[-44.525,-4.598],[-44.52,-4.598],[-44.522,-4.605],[-44.51,-4.608],[-44.508,-4.614],[-44.495,-4.619],[-44.493,-4.624],[-44.499,-4.631],[-44.497,-4.635],[-44.499,-4.643],[-44.494,-4.644],[-44.485,-4.65],[-44.507,-4.665],[-44.544,-4.69],[-44.545,-4.69],[-44.573,-4.708],[-44.579,-4.728],[-44.567,-4.749],[-44.566,-4.75],[-44.563,-4.765],[-44.567,-4.77],[-44.578,-4.785],[-44.598,-4.801],[-44.6,-4.807],[-44.614,-4.81],[-44.633,-4.828],[-44.64,-4.845],[-44.638,-4.862],[-44.643,-4.857],[-44.645,-4.851],[-44.643,-4.848],[-44.648,-4.845],[-44.646,-4.842],[-44.641,-4.841],[-44.644,-4.835],[-44.641,-4.824],[-44.642,-4.818],[-44.645,-4.816],[-44.643,-4.813],[-44.633,-4.815],[-44.629,-4.808],[-44.621,-4.809],[-44.609,-4.802],[-44.602,-4.792],[-44.603,-4.783],[-44.595,-4.78],[-44.591,-4.78],[-44.589,-4.784],[-44.581,-4.782],[-44.577,-4.776],[-44.579,-4.768],[-44.576,-4.766],[-44.573,-4.77],[-44.57,-4.767],[-44.575,-4.754],[-44.571,-4.75],[-44.574,-4.739],[-44.588,-4.728],[-44.582,-4.723],[-44.586,-4.718],[-44.575,-4.709],[-44.579,-4.702],[-44.588,-4.699],[-44.591,-4.693],[-44.585,-4.681],[-44.578,-4.682],[-44.583,-4.677],[-44.594,-4.672],[-44.592,-4.665],[-44.596,-4.662],[-44.593,-4.659],[-44.644,-4.648],[-44.664,-4.657],[-44.691,-4.658],[-44.725,-4.65],[-44.728,-4.614],[-44.716,-4.615],[-44.713,-4.621],[-44.705,-4.618],[-44.701,-4.609],[-44.69,-4.611],[-44.683,-4.615],[-44.674,-4.613],[-44.672,-4.608],[-44.658,-4.605],[-44.649,-4.602],[-44.635,-4.59],[-44.618,-4.581],[-44.61,-4.573],[-44.606,-4.572],[-44.604,-4.563],[-44.605,-4.561],[-44.609,-4.557],[-44.606,-4.555],[-44.617,-4.545],[-44.61,-4.54],[-44.613,-4.537],[-44.612,-4.532],[-44.606,-4.534],[-44.612,-4.525],[-44.611,-4.52],[-44.612,-4.516],[-44.605,-4.514],[-44.604,-4.505],[-44.607,-4.499],[-44.6,-4.497],[-44.6,-4.486],[-44.596,-4.485],[-44.6,-4.469],[-44.608,-4.461],[-44.6,-4.452],[-44.599,-4.45],[-44.59,-4.454]]]}},{"type":"Feature","properties":{"id":"2108256","nome":"Pedro do Ros\u00e1rio"},"geometry":{"type":"Polygon","coordinates":[[[-45.385,-2.743],[-45.384,-2.756],[-45.371,-2.771],[-45.365,-2.768],[-45.364,-2.75],[-45.357,-2.745],[-45.341,-2.754],[-45.332,-2.772],[-45.329,-2.777],[-45.304,-2.785],[-45.299,-2.795],[-45.299,-2.796],[-45.285,-2.802],[-45.275,-2.809],[-45.25,-2.804],[-45.239,-2.81],[-45.219,-2.813],[-45.229,-2.829],[-45.225,-2.857],[-45.225,-2.863],[-45.22,-2.879],[-45.218,-2.907],[-45.216,-2.908],[-45.209,-2.921],[-45.186,-2.92],[-45.183,-2.924],[-45.191,-2.926],[-45.187,-2.932],[-45.189,-2.937],[-45.196,-2.935],[-45.201,-2.927],[-45.213,-2.929],[-45.217,-2.953],[-45.218,-2.96],[-45.228,-2.972],[-45.229,-2.998],[-45.229,-2.999],[-45.23,-3.012],[-45.272,-3.055],[-45.278,-3.063],[-45.278,-3.076],[-45.278,-3.077],[-45.283,-3.084],[-45.298,-3.102],[-45.319,-3.126],[-45.358,-3.177],[-45.381,-3.183],[-45.383,-3.184],[-45.402,-3.189],[-45.476,-3.21],[-45.579,-3.239],[-45.58,-3.239],[-45.588,-3.209],[-45.599,-3.187],[-45.606,-3.159],[-45.61,-3.116],[-45.624,-3.053],[-45.638,-2.902],[-45.637,-2.902],[-45.626,-2.886],[-45.607,-2.883],[-45.592,-2.869],[-45.568,-2.896],[-45.564,-2.894],[-45.568,-2.886],[-45.564,-2.874],[-45.558,-2.873],[-45.553,-2.879],[-45.554,-2.891],[-45.547,-2.886],[-45.547,-2.879],[-45.551,-2.869],[-45.556,-2.866],[-45.554,-2.862],[-45.557,-2.858],[-45.547,-2.86],[-45.533,-2.853],[-45.525,-2.861],[-45.516,-2.86],[-45.505,-2.869],[-45.516,-2.85],[-45.516,-2.837],[-45.514,-2.834],[-45.509,-2.84],[-45.501,-2.837],[-45.494,-2.84],[-45.489,-2.858],[-45.493,-2.858],[-45.491,-2.861],[-45.48,-2.864],[-45.473,-2.859],[-45.478,-2.832],[-45.472,-2.82],[-45.468,-2.82],[-45.464,-2.815],[-45.454,-2.821],[-45.446,-2.811],[-45.436,-2.805],[-45.446,-2.807],[-45.45,-2.798],[-45.443,-2.791],[-45.436,-2.791],[-45.443,-2.773],[-45.45,-2.769],[-45.457,-2.77],[-45.459,-2.749],[-45.465,-2.752],[-45.467,-2.749],[-45.465,-2.746],[-45.455,-2.742],[-45.454,-2.751],[-45.448,-2.749],[-45.431,-2.752],[-45.425,-2.743],[-45.401,-2.738],[-45.385,-2.743]]]}},{"type":"Feature","properties":{"id":"2108306","nome":"Penalva"},"geometry":{"type":"Polygon","coordinates":[[[-45.258,-3.142],[-45.222,-3.156],[-45.207,-3.145],[-45.194,-3.15],[-45.181,-3.164],[-45.171,-3.169],[-45.169,-3.17],[-45.16,-3.173],[-45.14,-3.192],[-45.146,-3.207],[-45.136,-3.2],[-45.119,-3.217],[-45.113,-3.224],[-45.088,-3.247],[-45.094,-3.251],[-45.091,-3.257],[-45.087,-3.256],[-45.091,-3.253],[-45.089,-3.251],[-45.08,-3.253],[-45.081,-3.248],[-45.073,-3.259],[-45.072,-3.264],[-45.087,-3.274],[-45.106,-3.301],[-45.114,-3.304],[-45.122,-3.321],[-45.13,-3.326],[-45.139,-3.326],[-45.145,-3.326],[-45.153,-3.332],[-45.2,-3.33],[-45.211,-3.332],[-45.231,-3.33],[-45.243,-3.321],[-45.254,-3.321],[-45.212,-3.345],[-45.14,-3.386],[-45.113,-3.401],[-45.122,-3.406],[-45.141,-3.394],[-45.153,-3.397],[-45.194,-3.381],[-45.298,-3.343],[-45.361,-3.32],[-45.37,-3.316],[-45.451,-3.286],[-45.579,-3.239],[-45.476,-3.21],[-45.402,-3.189],[-45.383,-3.184],[-45.381,-3.183],[-45.358,-3.177],[-45.319,-3.126],[-45.311,-3.126],[-45.308,-3.131],[-45.282,-3.134],[-45.263,-3.138],[-45.258,-3.142]]]}},{"type":"Feature","properties":{"id":"2108405","nome":"Peri Mirim"},"geometry":{"type":"Polygon","coordinates":[[[-44.958,-2.462],[-44.955,-2.469],[-44.938,-2.508],[-44.922,-2.519],[-44.906,-2.52],[-44.905,-2.52],[-44.875,-2.523],[-44.873,-2.519],[-44.864,-2.518],[-44.833,-2.515],[-44.835,-2.528],[-44.818,-2.527],[-44.813,-2.537],[-44.813,-2.541],[-44.812,-2.586],[-44.786,-2.586],[-44.749,-2.585],[-44.746,-2.589],[-44.748,-2.597],[-44.735,-2.61],[-44.716,-2.615],[-44.712,-2.619],[-44.711,-2.628],[-44.737,-2.631],[-44.764,-2.652],[-44.778,-2.656],[-44.786,-2.669],[-44.82,-2.673],[-44.84,-2.659],[-44.87,-2.653],[-44.882,-2.645],[-44.879,-2.632],[-44.944,-2.618],[-44.97,-2.602],[-45.026,-2.564],[-45.029,-2.554],[-45.043,-2.543],[-45.035,-2.54],[-45.029,-2.545],[-45.031,-2.539],[-45.027,-2.533],[-45.041,-2.528],[-45.04,-2.514],[-45.046,-2.512],[-45.039,-2.509],[-45.05,-2.491],[-45.051,-2.486],[-45.046,-2.487],[-45.038,-2.47],[-45.037,-2.475],[-45.034,-2.476],[-45.04,-2.49],[-45.035,-2.491],[-45.032,-2.487],[-45.03,-2.489],[-45.025,-2.483],[-45.026,-2.489],[-45.022,-2.494],[-45.022,-2.486],[-45.016,-2.485],[-45.018,-2.472],[-45.016,-2.469],[-45.011,-2.471],[-45.008,-2.465],[-45.002,-2.465],[-45.0,-2.475],[-44.994,-2.478],[-44.993,-2.469],[-44.987,-2.47],[-44.991,-2.465],[-44.99,-2.462],[-44.983,-2.461],[-44.981,-2.466],[-44.977,-2.46],[-44.969,-2.46],[-44.964,-2.455],[-44.959,-2.459],[-44.958,-2.462]]]}},{"type":"Feature","properties":{"id":"2108454","nome":"Peritor\u00f3"},"geometry":{"type":"Polygon","coordinates":[[[-44.334,-4.269],[-44.325,-4.272],[-44.32,-4.268],[-44.3,-4.269],[-44.284,-4.28],[-44.271,-4.279],[-44.267,-4.277],[-44.22,-4.309],[-44.203,-4.321],[-44.18,-4.336],[-44.152,-4.386],[-44.134,-4.421],[-44.093,-4.494],[-44.087,-4.505],[-44.163,-4.521],[-44.181,-4.524],[-44.196,-4.527],[-44.304,-4.549],[-44.347,-4.558],[-44.348,-4.557],[-44.402,-4.507],[-44.43,-4.48],[-44.425,-4.434],[-44.423,-4.415],[-44.4,-4.333],[-44.395,-4.318],[-44.406,-4.321],[-44.398,-4.295],[-44.385,-4.291],[-44.38,-4.282],[-44.372,-4.28],[-44.356,-4.268],[-44.334,-4.269]]]}},{"type":"Feature","properties":{"id":"2108504","nome":"Pindar\u00e9-Mirim"},"geometry":{"type":"Polygon","coordinates":[[[-45.296,-3.567],[-45.289,-3.576],[-45.285,-3.573],[-45.285,-3.568],[-45.279,-3.57],[-45.275,-3.593],[-45.278,-3.602],[-45.294,-3.612],[-45.305,-3.625],[-45.304,-3.634],[-45.306,-3.637],[-45.318,-3.637],[-45.335,-3.633],[-45.346,-3.64],[-45.36,-3.639],[-45.371,-3.632],[-45.382,-3.63],[-45.387,-3.641],[-45.395,-3.644],[-45.408,-3.657],[-45.414,-3.698],[-45.418,-3.712],[-45.424,-3.724],[-45.462,-3.781],[-45.489,-3.822],[-45.528,-3.852],[-45.53,-3.835],[-45.527,-3.789],[-45.532,-3.776],[-45.534,-3.719],[-45.538,-3.709],[-45.537,-3.701],[-45.519,-3.699],[-45.51,-3.704],[-45.505,-3.697],[-45.499,-3.698],[-45.495,-3.695],[-45.492,-3.687],[-45.485,-3.685],[-45.472,-3.676],[-45.481,-3.67],[-45.469,-3.661],[-45.466,-3.66],[-45.463,-3.654],[-45.466,-3.646],[-45.462,-3.644],[-45.463,-3.636],[-45.457,-3.631],[-45.449,-3.629],[-45.429,-3.615],[-45.425,-3.619],[-45.43,-3.622],[-45.425,-3.624],[-45.431,-3.626],[-45.42,-3.624],[-45.416,-3.613],[-45.407,-3.608],[-45.402,-3.612],[-45.394,-3.606],[-45.408,-3.6],[-45.399,-3.596],[-45.401,-3.595],[-45.399,-3.584],[-45.403,-3.574],[-45.392,-3.569],[-45.39,-3.56],[-45.386,-3.564],[-45.388,-3.572],[-45.383,-3.573],[-45.377,-3.571],[-45.372,-3.578],[-45.356,-3.576],[-45.35,-3.583],[-45.345,-3.59],[-45.352,-3.586],[-45.355,-3.59],[-45.344,-3.595],[-45.345,-3.601],[-45.338,-3.602],[-45.324,-3.602],[-45.316,-3.595],[-45.308,-3.593],[-45.308,-3.589],[-45.312,-3.59],[-45.315,-3.588],[-45.312,-3.583],[-45.305,-3.587],[-45.304,-3.583],[-45.299,-3.584],[-45.299,-3.579],[-45.308,-3.576],[-45.303,-3.563],[-45.289,-3.558],[-45.288,-3.562],[-45.296,-3.567]]]}},{"type":"Feature","properties":{"id":"2108603","nome":"Pinheiro"},"geometry":{"type":"Polygon","coordinates":[[[-44.964,-2.351],[-44.957,-2.357],[-44.951,-2.356],[-44.938,-2.361],[-44.898,-2.384],[-44.916,-2.391],[-44.928,-2.403],[-44.925,-2.408],[-44.927,-2.412],[-44.941,-2.416],[-44.948,-2.424],[-44.955,-2.427],[-44.959,-2.435],[-44.959,-2.459],[-44.964,-2.455],[-44.969,-2.46],[-44.977,-2.46],[-44.981,-2.466],[-44.983,-2.461],[-44.99,-2.462],[-44.991,-2.465],[-44.987,-2.47],[-44.993,-2.469],[-44.994,-2.478],[-45.0,-2.475],[-45.002,-2.465],[-45.008,-2.465],[-45.011,-2.471],[-45.016,-2.469],[-45.018,-2.472],[-45.016,-2.485],[-45.022,-2.486],[-45.022,-2.494],[-45.026,-2.489],[-45.025,-2.483],[-45.03,-2.489],[-45.032,-2.487],[-45.035,-2.491],[-45.04,-2.49],[-45.034,-2.476],[-45.037,-2.475],[-45.038,-2.47],[-45.046,-2.487],[-45.051,-2.486],[-45.05,-2.491],[-45.039,-2.509],[-45.046,-2.512],[-45.04,-2.514],[-45.041,-2.528],[-45.027,-2.533],[-45.031,-2.539],[-45.029,-2.545],[-45.035,-2.54],[-45.043,-2.543],[-45.046,-2.543],[-45.051,-2.556],[-45.048,-2.557],[-45.05,-2.562],[-45.048,-2.568],[-45.054,-2.569],[-45.058,-2.558],[-45.067,-2.557],[-45.072,-2.561],[-45.076,-2.61],[-45.078,-2.614],[-45.086,-2.615],[-45.089,-2.629],[-45.093,-2.628],[-45.094,-2.634],[-45.094,-2.643],[-45.086,-2.651],[-45.093,-2.657],[-45.105,-2.657],[-45.112,-2.663],[-45.107,-2.669],[-45.107,-2.672],[-45.106,-2.68],[-45.108,-2.692],[-45.119,-2.701],[-45.121,-2.71],[-45.128,-2.717],[-45.129,-2.736],[-45.129,-2.745],[-45.146,-2.754],[-45.166,-2.77],[-45.183,-2.798],[-45.184,-2.802],[-45.177,-2.805],[-45.18,-2.807],[-45.177,-2.812],[-45.192,-2.806],[-45.192,-2.81],[-45.188,-2.813],[-45.193,-2.814],[-45.194,-2.819],[-45.215,-2.811],[-45.219,-2.813],[-45.239,-2.81],[-45.25,-2.804],[-45.275,-2.809],[-45.285,-2.802],[-45.299,-2.796],[-45.299,-2.795],[-45.304,-2.785],[-45.329,-2.777],[-45.332,-2.772],[-45.341,-2.754],[-45.357,-2.745],[-45.276,-2.702],[-45.275,-2.697],[-45.271,-2.671],[-45.263,-2.624],[-45.263,-2.623],[-45.257,-2.582],[-45.257,-2.581],[-45.256,-2.578],[-45.244,-2.498],[-45.242,-2.488],[-45.248,-2.486],[-45.257,-2.475],[-45.258,-2.464],[-45.274,-2.441],[-45.287,-2.434],[-45.29,-2.433],[-45.297,-2.428],[-45.297,-2.422],[-45.301,-2.418],[-45.3,-2.411],[-45.242,-2.384],[-45.201,-2.366],[-45.201,-2.365],[-45.16,-2.347],[-45.123,-2.308],[-45.116,-2.301],[-45.1,-2.285],[-45.051,-2.233],[-45.026,-2.208],[-44.967,-2.171],[-44.965,-2.251],[-44.965,-2.263],[-44.965,-2.275],[-44.964,-2.341],[-44.964,-2.351]]]}},{"type":"Feature","properties":{"id":"2108702","nome":"Pio XII"},"geometry":{"type":"Polygon","coordinates":[[[-45.059,-3.71],[-45.051,-3.717],[-45.051,-3.723],[-45.049,-3.722],[-45.048,-3.717],[-45.047,-3.721],[-45.042,-3.723],[-45.021,-3.759],[-44.967,-3.854],[-44.956,-3.873],[-44.992,-3.933],[-45.004,-3.942],[-45.01,-3.964],[-45.034,-3.952],[-45.047,-3.954],[-45.054,-3.952],[-45.059,-3.94],[-45.057,-3.934],[-45.063,-3.93],[-45.086,-3.933],[-45.073,-3.917],[-45.141,-3.945],[-45.207,-3.972],[-45.208,-4.033],[-45.22,-4.031],[-45.215,-3.987],[-45.198,-3.808],[-45.177,-3.789],[-45.169,-3.789],[-45.172,-3.778],[-45.159,-3.766],[-45.162,-3.762],[-45.153,-3.746],[-45.149,-3.745],[-45.146,-3.731],[-45.145,-3.73],[-45.14,-3.726],[-45.119,-3.746],[-45.11,-3.748],[-45.108,-3.746],[-45.113,-3.743],[-45.108,-3.743],[-45.108,-3.738],[-45.103,-3.74],[-45.106,-3.735],[-45.102,-3.735],[-45.1,-3.729],[-45.098,-3.728],[-45.094,-3.735],[-45.091,-3.73],[-45.088,-3.733],[-45.087,-3.722],[-45.086,-3.722],[-45.078,-3.72],[-45.082,-3.714],[-45.065,-3.717],[-45.059,-3.71]]]}},{"type":"Feature","properties":{"id":"2108801","nome":"Pirapemas"},"geometry":{"type":"Polygon","coordinates":[[[-44.097,-3.623],[-44.049,-3.702],[-44.048,-3.704],[-44.049,-3.71],[-44.028,-3.755],[-44.02,-3.774],[-43.992,-3.842],[-44.03,-3.841],[-44.112,-3.838],[-44.155,-3.836],[-44.16,-3.858],[-44.16,-3.878],[-44.162,-3.889],[-44.166,-3.91],[-44.179,-3.917],[-44.188,-3.927],[-44.198,-3.927],[-44.212,-3.92],[-44.297,-3.877],[-44.323,-3.864],[-44.332,-3.859],[-44.353,-3.849],[-44.345,-3.839],[-44.351,-3.829],[-44.351,-3.823],[-44.345,-3.814],[-44.346,-3.808],[-44.334,-3.804],[-44.331,-3.799],[-44.335,-3.79],[-44.322,-3.779],[-44.317,-3.771],[-44.311,-3.768],[-44.299,-3.767],[-44.292,-3.772],[-44.284,-3.768],[-44.285,-3.764],[-44.277,-3.77],[-44.273,-3.768],[-44.272,-3.761],[-44.267,-3.762],[-44.266,-3.756],[-44.26,-3.756],[-44.271,-3.738],[-44.269,-3.73],[-44.262,-3.73],[-44.263,-3.725],[-44.278,-3.728],[-44.286,-3.721],[-44.289,-3.716],[-44.287,-3.708],[-44.293,-3.708],[-44.292,-3.701],[-44.282,-3.707],[-44.277,-3.706],[-44.276,-3.7],[-44.268,-3.701],[-44.261,-3.694],[-44.242,-3.703],[-44.211,-3.706],[-44.205,-3.709],[-44.204,-3.714],[-44.203,-3.709],[-44.184,-3.696],[-44.181,-3.691],[-44.168,-3.676],[-44.154,-3.652],[-44.139,-3.648],[-44.136,-3.638],[-44.138,-3.632],[-44.132,-3.63],[-44.121,-3.632],[-44.097,-3.623]]]}},{"type":"Feature","properties":{"id":"2108900","nome":"Po\u00e7\u00e3o de Pedras"},"geometry":{"type":"Polygon","coordinates":[[[-44.577,-4.776],[-44.581,-4.782],[-44.589,-4.784],[-44.591,-4.78],[-44.595,-4.78],[-44.603,-4.783],[-44.602,-4.792],[-44.609,-4.802],[-44.621,-4.809],[-44.629,-4.808],[-44.633,-4.815],[-44.643,-4.813],[-44.645,-4.816],[-44.642,-4.818],[-44.641,-4.824],[-44.644,-4.835],[-44.641,-4.841],[-44.646,-4.842],[-44.648,-4.845],[-44.643,-4.848],[-44.645,-4.851],[-44.643,-4.857],[-44.645,-4.856],[-44.683,-4.853],[-44.712,-4.85],[-44.758,-4.846],[-44.793,-4.843],[-44.854,-4.837],[-44.911,-4.832],[-44.945,-4.829],[-44.959,-4.828],[-45.035,-4.821],[-45.032,-4.803],[-45.024,-4.784],[-45.026,-4.777],[-45.034,-4.762],[-45.027,-4.738],[-45.027,-4.727],[-45.032,-4.715],[-45.041,-4.685],[-45.024,-4.687],[-44.976,-4.691],[-44.95,-4.693],[-44.929,-4.695],[-44.856,-4.701],[-44.755,-4.711],[-44.756,-4.717],[-44.735,-4.723],[-44.664,-4.742],[-44.627,-4.752],[-44.576,-4.766],[-44.579,-4.768],[-44.577,-4.776]]]}},{"type":"Feature","properties":{"id":"2109007","nome":"Porto Franco"},"geometry":{"type":"Polygon","coordinates":[[[-46.851,-6.192],[-46.848,-6.196],[-46.853,-6.198],[-46.853,-6.204],[-46.847,-6.204],[-46.834,-6.22],[-46.821,-6.221],[-46.807,-6.232],[-46.81,-6.252],[-46.803,-6.253],[-46.809,-6.265],[-46.807,-6.272],[-46.812,-6.277],[-46.809,-6.289],[-46.806,-6.294],[-46.797,-6.296],[-46.787,-6.329],[-46.764,-6.355],[-46.843,-6.318],[-46.849,-6.293],[-46.864,-6.287],[-46.895,-6.294],[-46.901,-6.292],[-46.909,-6.296],[-46.917,-6.292],[-46.919,-6.298],[-46.926,-6.296],[-46.927,-6.286],[-46.931,-6.29],[-46.935,-6.287],[-46.931,-6.285],[-46.932,-6.278],[-46.943,-6.28],[-46.945,-6.275],[-46.953,-6.275],[-46.956,-6.279],[-46.957,-6.275],[-46.964,-6.272],[-46.968,-6.275],[-46.97,-6.27],[-46.979,-6.281],[-46.983,-6.282],[-46.996,-6.273],[-47.0,-6.279],[-47.016,-6.277],[-47.015,-6.286],[-47.026,-6.285],[-47.019,-6.31],[-47.021,-6.314],[-47.024,-6.313],[-47.03,-6.324],[-47.027,-6.325],[-47.028,-6.333],[-47.038,-6.335],[-47.04,-6.349],[-47.056,-6.359],[-47.059,-6.368],[-47.058,-6.374],[-47.062,-6.378],[-47.065,-6.375],[-47.066,-6.38],[-47.083,-6.379],[-47.107,-6.385],[-47.12,-6.38],[-47.131,-6.397],[-47.13,-6.401],[-47.144,-6.424],[-47.126,-6.425],[-47.106,-6.44],[-47.1,-6.458],[-47.1,-6.47],[-47.069,-6.546],[-47.081,-6.547],[-47.095,-6.536],[-47.119,-6.532],[-47.122,-6.527],[-47.133,-6.521],[-47.146,-6.52],[-47.161,-6.527],[-47.163,-6.535],[-47.17,-6.537],[-47.186,-6.553],[-47.201,-6.557],[-47.207,-6.564],[-47.215,-6.567],[-47.212,-6.573],[-47.212,-6.576],[-47.218,-6.578],[-47.227,-6.571],[-47.234,-6.579],[-47.243,-6.564],[-47.249,-6.56],[-47.256,-6.564],[-47.271,-6.563],[-47.274,-6.559],[-47.273,-6.556],[-47.278,-6.553],[-47.279,-6.552],[-47.282,-6.547],[-47.285,-6.547],[-47.286,-6.541],[-47.299,-6.534],[-47.315,-6.542],[-47.322,-6.536],[-47.322,-6.53],[-47.325,-6.531],[-47.331,-6.527],[-47.332,-6.523],[-47.339,-6.521],[-47.34,-6.513],[-47.354,-6.512],[-47.357,-6.519],[-47.371,-6.514],[-47.384,-6.518],[-47.399,-6.502],[-47.405,-6.502],[-47.406,-6.497],[-47.411,-6.496],[-47.424,-6.504],[-47.425,-6.497],[-47.416,-6.483],[-47.434,-6.431],[-47.431,-6.425],[-47.42,-6.401],[-47.412,-6.376],[-47.409,-6.366],[-47.411,-6.354],[-47.411,-6.344],[-47.41,-6.334],[-47.404,-6.32],[-47.403,-6.32],[-47.377,-6.266],[-47.38,-6.25],[-47.367,-6.245],[-47.359,-6.249],[-47.352,-6.243],[-47.344,-6.243],[-47.323,-6.255],[-47.301,-6.251],[-47.291,-6.26],[-47.283,-6.274],[-47.268,-6.286],[-47.239,-6.277],[-47.224,-6.268],[-47.213,-6.266],[-47.212,-6.266],[-47.179,-6.26],[-47.112,-6.233],[-47.093,-6.213],[-47.056,-6.205],[-47.044,-6.197],[-47.043,-6.197],[-47.042,-6.206],[-47.046,-6.211],[-47.043,-6.212],[-47.029,-6.206],[-47.028,-6.215],[-47.024,-6.217],[-47.021,-6.215],[-47.003,-6.219],[-47.001,-6.216],[-46.994,-6.223],[-46.981,-6.219],[-46.985,-6.231],[-46.984,-6.235],[-46.971,-6.23],[-46.966,-6.235],[-46.962,-6.23],[-46.962,-6.24],[-46.959,-6.233],[-46.95,-6.226],[-46.941,-6.23],[-46.941,-6.217],[-46.937,-6.217],[-46.937,-6.222],[-46.92,-6.221],[-46.917,-6.209],[-46.911,-6.21],[-46.901,-6.205],[-46.895,-6.211],[-46.891,-6.2],[-46.883,-6.203],[-46.874,-6.195],[-46.864,-6.192],[-46.857,-6.194],[-46.855,-6.189],[-46.851,-6.192]]]}},{"type":"Feature","properties":{"id":"2109056","nome":"Porto Rico do Maranh\u00e3o"},"geometry":{"type":"Polygon","coordinates":[[[-44.608,-1.836],[-44.603,-1.841],[-44.597,-1.839],[-44.595,-1.842],[-44.596,-1.85],[-44.619,-1.865],[-44.633,-1.859],[-44.633,-1.854],[-44.608,-1.836]],[[-44.529,-1.838],[-44.532,-1.848],[-44.548,-1.87],[-44.569,-1.883],[-44.576,-1.883],[-44.59,-1.897],[-44.601,-1.896],[-44.605,-1.906],[-44.609,-1.916],[-44.613,-1.918],[-44.62,-1.92],[-44.623,-1.934],[-44.631,-1.943],[-44.638,-1.944],[-44.627,-1.952],[-44.616,-1.968],[-44.643,-1.971],[-44.696,-1.99],[-44.697,-1.977],[-44.697,-1.968],[-44.704,-1.967],[-44.698,-1.951],[-44.702,-1.935],[-44.706,-1.928],[-44.701,-1.926],[-44.702,-1.923],[-44.709,-1.924],[-44.71,-1.919],[-44.71,-1.926],[-44.714,-1.926],[-44.716,-1.912],[-44.723,-1.913],[-44.723,-1.907],[-44.727,-1.908],[-44.724,-1.898],[-44.731,-1.899],[-44.728,-1.891],[-44.728,-1.884],[-44.718,-1.876],[-44.712,-1.878],[-44.712,-1.883],[-44.717,-1.886],[-44.716,-1.888],[-44.708,-1.887],[-44.707,-1.883],[-44.707,-1.879],[-44.689,-1.873],[-44.661,-1.861],[-44.656,-1.84],[-44.64,-1.837],[-44.631,-1.831],[-44.628,-1.832],[-44.619,-1.823],[-44.614,-1.831],[-44.607,-1.834],[-44.639,-1.857],[-44.619,-1.868],[-44.603,-1.861],[-44.597,-1.854],[-44.589,-1.856],[-44.582,-1.861],[-44.569,-1.859],[-44.557,-1.845],[-44.553,-1.846],[-44.548,-1.83],[-44.544,-1.827],[-44.547,-1.822],[-44.542,-1.822],[-44.529,-1.838]],[[-44.597,-1.839],[-44.601,-1.84],[-44.606,-1.831],[-44.611,-1.831],[-44.616,-1.825],[-44.616,-1.821],[-44.608,-1.821],[-44.597,-1.839]],[[-44.565,-1.804],[-44.572,-1.813],[-44.568,-1.814],[-44.562,-1.833],[-44.567,-1.841],[-44.56,-1.839],[-44.567,-1.853],[-44.583,-1.858],[-44.591,-1.853],[-44.596,-1.825],[-44.592,-1.811],[-44.587,-1.808],[-44.587,-1.814],[-44.583,-1.808],[-44.579,-1.811],[-44.577,-1.801],[-44.571,-1.797],[-44.568,-1.798],[-44.565,-1.804]],[[-44.603,-1.775],[-44.617,-1.785],[-44.616,-1.782],[-44.612,-1.777],[-44.603,-1.775]],[[-44.604,-1.817],[-44.617,-1.819],[-44.617,-1.791],[-44.593,-1.768],[-44.576,-1.779],[-44.578,-1.784],[-44.601,-1.794],[-44.603,-1.8],[-44.6,-1.813],[-44.604,-1.817]]]}},{"type":"Feature","properties":{"id":"2109106","nome":"Presidente Dutra"},"geometry":{"type":"Polygon","coordinates":[[[-44.451,-5.105],[-44.445,-5.105],[-44.443,-5.097],[-44.435,-5.103],[-44.434,-5.11],[-44.423,-5.123],[-44.417,-5.123],[-44.414,-5.118],[-44.391,-5.103],[-44.367,-5.112],[-44.357,-5.109],[-44.35,-5.11],[-44.354,-5.125],[-44.362,-5.132],[-44.368,-5.137],[-44.367,-5.141],[-44.359,-5.141],[-44.354,-5.135],[-44.348,-5.138],[-44.343,-5.164],[-44.339,-5.179],[-44.341,-5.196],[-44.36,-5.211],[-44.361,-5.22],[-44.369,-5.223],[-44.368,-5.23],[-44.362,-5.25],[-44.352,-5.257],[-44.355,-5.267],[-44.357,-5.276],[-44.357,-5.28],[-44.35,-5.284],[-44.347,-5.296],[-44.346,-5.305],[-44.348,-5.308],[-44.345,-5.311],[-44.355,-5.322],[-44.358,-5.325],[-44.356,-5.339],[-44.364,-5.349],[-44.362,-5.354],[-44.379,-5.362],[-44.383,-5.366],[-44.382,-5.369],[-44.371,-5.367],[-44.369,-5.376],[-44.375,-5.374],[-44.398,-5.387],[-44.402,-5.402],[-44.4,-5.411],[-44.407,-5.418],[-44.401,-5.427],[-44.4,-5.445],[-44.409,-5.45],[-44.429,-5.449],[-44.424,-5.455],[-44.427,-5.47],[-44.431,-5.482],[-44.433,-5.486],[-44.44,-5.484],[-44.444,-5.496],[-44.448,-5.497],[-44.454,-5.498],[-44.46,-5.492],[-44.467,-5.495],[-44.475,-5.483],[-44.468,-5.471],[-44.471,-5.461],[-44.481,-5.463],[-44.486,-5.469],[-44.495,-5.47],[-44.503,-5.477],[-44.509,-5.475],[-44.524,-5.478],[-44.528,-5.474],[-44.541,-5.446],[-44.54,-5.429],[-44.549,-5.417],[-44.546,-5.407],[-44.549,-5.397],[-44.554,-5.386],[-44.56,-5.382],[-44.557,-5.372],[-44.564,-5.355],[-44.56,-5.346],[-44.554,-5.347],[-44.545,-5.342],[-44.539,-5.331],[-44.553,-5.322],[-44.554,-5.302],[-44.568,-5.301],[-44.585,-5.294],[-44.576,-5.289],[-44.566,-5.277],[-44.571,-5.255],[-44.565,-5.247],[-44.559,-5.244],[-44.553,-5.246],[-44.55,-5.241],[-44.549,-5.232],[-44.539,-5.22],[-44.537,-5.201],[-44.538,-5.181],[-44.544,-5.17],[-44.538,-5.154],[-44.53,-5.147],[-44.524,-5.125],[-44.512,-5.111],[-44.5,-5.109],[-44.488,-5.127],[-44.455,-5.149],[-44.46,-5.121],[-44.455,-5.08],[-44.448,-5.083],[-44.451,-5.105]]]}},{"type":"Feature","properties":{"id":"2109205","nome":"Presidente Juscelino"},"geometry":{"type":"Polygon","coordinates":[[[-44.071,-2.943],[-44.073,-2.949],[-44.071,-2.952],[-44.069,-2.954],[-44.073,-2.967],[-44.061,-2.973],[-44.062,-2.983],[-44.069,-2.984],[-44.072,-2.991],[-44.067,-2.996],[-44.073,-2.997],[-44.072,-3.0],[-44.087,-3.017],[-44.085,-3.024],[-44.078,-3.019],[-44.08,-3.026],[-44.077,-3.033],[-44.056,-3.03],[-44.052,-3.035],[-44.053,-3.04],[-44.044,-3.042],[-44.045,-3.048],[-44.05,-3.049],[-44.04,-3.052],[-44.038,-3.063],[-44.033,-3.071],[-44.028,-3.067],[-44.021,-3.071],[-44.007,-3.061],[-43.995,-3.063],[-43.995,-3.07],[-43.989,-3.074],[-43.991,-3.078],[-43.988,-3.08],[-44.006,-3.089],[-44.013,-3.098],[-44.01,-3.1],[-44.011,-3.108],[-44.0,-3.112],[-43.995,-3.118],[-44.002,-3.142],[-43.995,-3.143],[-43.999,-3.165],[-44.001,-3.165],[-44.002,-3.16],[-44.008,-3.161],[-44.014,-3.171],[-44.008,-3.175],[-44.01,-3.178],[-44.008,-3.185],[-44.013,-3.184],[-44.019,-3.19],[-44.033,-3.19],[-44.043,-3.211],[-44.041,-3.215],[-44.034,-3.215],[-44.037,-3.22],[-44.034,-3.222],[-44.034,-3.227],[-44.039,-3.229],[-44.041,-3.239],[-44.031,-3.254],[-44.032,-3.265],[-44.026,-3.279],[-44.031,-3.284],[-44.028,-3.29],[-44.047,-3.29],[-44.052,-3.261],[-44.064,-3.191],[-44.064,-3.187],[-44.102,-3.218],[-44.101,-3.21],[-44.091,-3.198],[-44.106,-3.192],[-44.117,-3.194],[-44.123,-3.189],[-44.123,-3.183],[-44.116,-3.183],[-44.122,-3.176],[-44.12,-3.166],[-44.133,-3.167],[-44.142,-3.162],[-44.146,-3.155],[-44.137,-3.157],[-44.132,-3.154],[-44.131,-3.141],[-44.125,-3.137],[-44.132,-3.122],[-44.129,-3.105],[-44.112,-3.099],[-44.132,-3.089],[-44.133,-3.082],[-44.131,-3.079],[-44.14,-3.072],[-44.158,-3.073],[-44.145,-3.059],[-44.14,-3.04],[-44.143,-3.034],[-44.142,-3.022],[-44.14,-3.016],[-44.153,-3.013],[-44.156,-3.009],[-44.153,-2.998],[-44.146,-2.993],[-44.143,-2.99],[-44.147,-2.981],[-44.14,-2.972],[-44.139,-2.961],[-44.125,-2.96],[-44.121,-2.949],[-44.123,-2.945],[-44.136,-2.947],[-44.115,-2.935],[-44.106,-2.934],[-44.088,-2.92],[-44.068,-2.913],[-44.062,-2.906],[-44.058,-2.911],[-44.063,-2.915],[-44.059,-2.921],[-44.059,-2.922],[-44.065,-2.931],[-44.06,-2.933],[-44.071,-2.943]]]}},{"type":"Feature","properties":{"id":"2109239","nome":"Presidente M\u00e9dici"},"geometry":{"type":"Polygon","coordinates":[[[-45.733,-2.201],[-45.709,-2.243],[-45.684,-2.226],[-45.684,-2.26],[-45.684,-2.284],[-45.684,-2.329],[-45.681,-2.331],[-45.639,-2.36],[-45.641,-2.361],[-45.805,-2.427],[-45.806,-2.427],[-45.904,-2.429],[-45.9,-2.414],[-45.878,-2.385],[-45.852,-2.345],[-45.844,-2.304],[-45.843,-2.303],[-45.843,-2.298],[-45.84,-2.293],[-45.836,-2.24],[-45.832,-2.228],[-45.805,-2.202],[-45.775,-2.187],[-45.747,-2.189],[-45.741,-2.191],[-45.733,-2.201]]]}},{"type":"Feature","properties":{"id":"2109270","nome":"Presidente Sarney"},"geometry":{"type":"Polygon","coordinates":[[[-45.242,-2.488],[-45.244,-2.498],[-45.256,-2.578],[-45.257,-2.581],[-45.257,-2.582],[-45.263,-2.623],[-45.263,-2.624],[-45.271,-2.671],[-45.275,-2.697],[-45.276,-2.702],[-45.357,-2.745],[-45.364,-2.75],[-45.365,-2.768],[-45.371,-2.771],[-45.384,-2.756],[-45.385,-2.743],[-45.401,-2.738],[-45.425,-2.743],[-45.431,-2.752],[-45.448,-2.749],[-45.454,-2.751],[-45.455,-2.742],[-45.465,-2.746],[-45.468,-2.744],[-45.47,-2.748],[-45.471,-2.742],[-45.462,-2.726],[-45.462,-2.717],[-45.457,-2.716],[-45.461,-2.714],[-45.457,-2.706],[-45.463,-2.709],[-45.464,-2.703],[-45.467,-2.704],[-45.466,-2.692],[-45.472,-2.686],[-45.457,-2.681],[-45.459,-2.673],[-45.47,-2.666],[-45.472,-2.659],[-45.465,-2.655],[-45.463,-2.649],[-45.453,-2.652],[-45.453,-2.64],[-45.448,-2.637],[-45.444,-2.626],[-45.446,-2.623],[-45.449,-2.617],[-45.445,-2.599],[-45.446,-2.594],[-45.438,-2.589],[-45.444,-2.589],[-45.445,-2.586],[-45.435,-2.57],[-45.441,-2.568],[-45.444,-2.571],[-45.447,-2.564],[-45.454,-2.566],[-45.458,-2.559],[-45.464,-2.558],[-45.462,-2.553],[-45.473,-2.551],[-45.467,-2.547],[-45.471,-2.542],[-45.467,-2.54],[-45.471,-2.538],[-45.47,-2.53],[-45.478,-2.531],[-45.485,-2.524],[-45.486,-2.517],[-45.482,-2.517],[-45.482,-2.514],[-45.487,-2.507],[-45.49,-2.508],[-45.492,-2.502],[-45.488,-2.502],[-45.489,-2.495],[-45.483,-2.489],[-45.481,-2.491],[-45.451,-2.478],[-45.433,-2.47],[-45.399,-2.455],[-45.3,-2.411],[-45.301,-2.418],[-45.297,-2.422],[-45.297,-2.428],[-45.29,-2.433],[-45.287,-2.434],[-45.274,-2.441],[-45.258,-2.464],[-45.257,-2.475],[-45.248,-2.486],[-45.242,-2.488]]]}},{"type":"Feature","properties":{"id":"2109304","nome":"Presidente Vargas"},"geometry":{"type":"Polygon","coordinates":[[[-43.783,-3.213],[-43.857,-3.306],[-43.895,-3.355],[-43.896,-3.357],[-43.945,-3.42],[-43.944,-3.412],[-43.955,-3.413],[-43.967,-3.431],[-43.968,-3.441],[-43.975,-3.446],[-43.974,-3.454],[-43.98,-3.463],[-43.988,-3.465],[-43.995,-3.478],[-43.986,-3.493],[-43.984,-3.501],[-43.974,-3.51],[-43.975,-3.52],[-44.0,-3.51],[-44.017,-3.508],[-44.048,-3.482],[-44.058,-3.482],[-44.068,-3.478],[-44.081,-3.479],[-44.086,-3.481],[-44.08,-3.47],[-44.079,-3.469],[-44.068,-3.457],[-44.062,-3.438],[-44.066,-3.429],[-44.063,-3.41],[-44.065,-3.397],[-44.055,-3.375],[-44.057,-3.364],[-44.055,-3.361],[-44.054,-3.361],[-44.047,-3.346],[-44.038,-3.335],[-44.041,-3.322],[-44.047,-3.29],[-44.028,-3.29],[-43.933,-3.252],[-43.759,-3.182],[-43.769,-3.193],[-43.774,-3.206],[-43.783,-3.213]]]}},{"type":"Feature","properties":{"id":"2109403","nome":"Primeira Cruz"},"geometry":{"type":"Polygon","coordinates":[[[-43.376,-2.326],[-43.372,-2.332],[-43.378,-2.342],[-43.371,-2.347],[-43.332,-2.343],[-43.322,-2.35],[-43.321,-2.36],[-43.314,-2.369],[-43.326,-2.378],[-43.325,-2.382],[-43.318,-2.384],[-43.31,-2.434],[-43.31,-2.436],[-43.304,-2.476],[-43.314,-2.475],[-43.326,-2.48],[-43.33,-2.479],[-43.336,-2.491],[-43.34,-2.492],[-43.339,-2.499],[-43.328,-2.5],[-43.323,-2.504],[-43.334,-2.511],[-43.331,-2.518],[-43.341,-2.519],[-43.337,-2.523],[-43.339,-2.525],[-43.337,-2.547],[-43.339,-2.551],[-43.347,-2.555],[-43.331,-2.582],[-43.331,-2.596],[-43.322,-2.605],[-43.323,-2.614],[-43.318,-2.63],[-43.319,-2.643],[-43.296,-2.68],[-43.272,-2.714],[-43.262,-2.719],[-43.257,-2.735],[-43.263,-2.736],[-43.268,-2.749],[-43.267,-2.756],[-43.279,-2.772],[-43.277,-2.776],[-43.283,-2.788],[-43.28,-2.792],[-43.282,-2.801],[-43.261,-2.844],[-43.223,-2.9],[-43.213,-2.924],[-43.212,-2.934],[-43.207,-2.941],[-43.186,-2.959],[-43.211,-2.968],[-43.228,-2.984],[-43.263,-3.006],[-43.286,-3.012],[-43.297,-3.021],[-43.304,-3.018],[-43.319,-3.022],[-43.418,-2.996],[-43.458,-2.985],[-43.456,-2.984],[-43.45,-2.979],[-43.448,-2.971],[-43.428,-2.953],[-43.426,-2.943],[-43.421,-2.939],[-43.422,-2.932],[-43.417,-2.916],[-43.422,-2.9],[-43.44,-2.901],[-43.442,-2.898],[-43.455,-2.896],[-43.459,-2.881],[-43.461,-2.832],[-43.454,-2.804],[-43.438,-2.778],[-43.442,-2.76],[-43.443,-2.757],[-43.446,-2.745],[-43.439,-2.727],[-43.444,-2.691],[-43.437,-2.666],[-43.438,-2.65],[-43.435,-2.646],[-43.438,-2.637],[-43.434,-2.632],[-43.439,-2.629],[-43.44,-2.631],[-43.44,-2.626],[-43.452,-2.625],[-43.451,-2.618],[-43.446,-2.618],[-43.445,-2.606],[-43.449,-2.605],[-43.454,-2.599],[-43.459,-2.597],[-43.462,-2.593],[-43.457,-2.582],[-43.442,-2.567],[-43.449,-2.559],[-43.449,-2.545],[-43.469,-2.446],[-43.473,-2.429],[-43.483,-2.415],[-43.488,-2.402],[-43.492,-2.373],[-43.486,-2.361],[-43.453,-2.336],[-43.436,-2.331],[-43.402,-2.331],[-43.38,-2.325],[-43.376,-2.326]]]}},{"type":"Feature","properties":{"id":"2109452","nome":"Raposa"},"geometry":{"type":"Polygon","coordinates":[[[-44.02,-2.407],[-44.027,-2.413],[-44.02,-2.442],[-44.022,-2.45],[-44.029,-2.452],[-44.035,-2.441],[-44.034,-2.447],[-44.04,-2.448],[-44.045,-2.436],[-44.053,-2.43],[-44.045,-2.439],[-44.048,-2.44],[-44.046,-2.443],[-44.06,-2.446],[-44.063,-2.438],[-44.068,-2.44],[-44.073,-2.436],[-44.071,-2.441],[-44.065,-2.443],[-44.065,-2.449],[-44.095,-2.454],[-44.1,-2.463],[-44.104,-2.457],[-44.12,-2.457],[-44.141,-2.461],[-44.173,-2.472],[-44.169,-2.465],[-44.173,-2.458],[-44.149,-2.445],[-44.138,-2.435],[-44.141,-2.431],[-44.13,-2.429],[-44.129,-2.425],[-44.111,-2.419],[-44.109,-2.426],[-44.11,-2.417],[-44.102,-2.412],[-44.096,-2.418],[-44.097,-2.413],[-44.092,-2.414],[-44.089,-2.418],[-44.093,-2.421],[-44.082,-2.419],[-44.08,-2.425],[-44.077,-2.416],[-44.084,-2.41],[-44.094,-2.407],[-44.068,-2.404],[-44.03,-2.408],[-44.024,-2.405],[-44.022,-2.398],[-44.019,-2.401],[-44.02,-2.407]],[[-44.009,-2.4],[-44.014,-2.407],[-44.016,-2.407],[-44.016,-2.399],[-44.01,-2.398],[-44.0,-2.39],[-43.997,-2.4],[-44.009,-2.4]]]}},{"type":"Feature","properties":{"id":"2109502","nome":"Riach\u00e3o"},"geometry":{"type":"Polygon","coordinates":[[[-46.33,-7.168],[-46.293,-7.199],[-46.292,-7.205],[-46.295,-7.217],[-46.303,-7.222],[-46.299,-7.232],[-46.309,-7.256],[-46.307,-7.266],[-46.312,-7.284],[-46.31,-7.3],[-46.304,-7.308],[-46.306,-7.316],[-46.304,-7.326],[-46.3,-7.327],[-46.293,-7.338],[-46.29,-7.337],[-46.285,-7.343],[-46.257,-7.347],[-46.251,-7.341],[-46.245,-7.341],[-46.21,-7.28],[-46.198,-7.258],[-46.166,-7.365],[-46.333,-7.44],[-46.387,-7.465],[-46.397,-7.545],[-46.406,-7.605],[-46.418,-7.695],[-46.446,-7.712],[-46.448,-7.728],[-46.449,-7.745],[-46.468,-7.77],[-46.441,-7.796],[-46.439,-7.804],[-46.451,-7.818],[-46.457,-7.833],[-46.446,-7.838],[-46.439,-7.842],[-46.436,-7.872],[-46.424,-7.891],[-46.422,-7.902],[-46.439,-7.922],[-46.443,-7.932],[-46.442,-7.94],[-46.422,-7.947],[-46.418,-7.951],[-46.415,-7.973],[-46.405,-7.985],[-46.41,-8.001],[-46.406,-8.041],[-46.402,-8.055],[-46.404,-8.062],[-46.42,-8.077],[-46.42,-8.086],[-46.401,-8.112],[-46.402,-8.134],[-46.395,-8.148],[-46.404,-8.159],[-46.407,-8.176],[-46.402,-8.187],[-46.4,-8.225],[-46.409,-8.25],[-46.413,-8.285],[-46.421,-8.298],[-46.412,-8.325],[-46.413,-8.345],[-46.426,-8.377],[-46.438,-8.392],[-46.446,-8.402],[-46.47,-8.42],[-46.5,-8.428],[-46.514,-8.427],[-46.517,-8.413],[-46.542,-8.403],[-46.566,-8.402],[-46.578,-8.414],[-46.596,-8.409],[-46.608,-8.424],[-46.617,-8.421],[-46.626,-8.409],[-46.638,-8.404],[-46.66,-8.406],[-46.673,-8.414],[-46.699,-8.415],[-46.706,-8.411],[-46.726,-8.383],[-46.721,-8.368],[-46.712,-8.362],[-46.706,-8.351],[-46.685,-8.344],[-46.678,-8.336],[-46.659,-8.333],[-46.641,-8.321],[-46.63,-8.318],[-46.615,-8.327],[-46.606,-8.328],[-46.59,-8.328],[-46.577,-8.322],[-46.558,-8.325],[-46.543,-8.319],[-46.533,-8.3],[-46.522,-8.293],[-46.507,-8.27],[-46.509,-8.237],[-46.502,-8.22],[-46.49,-8.207],[-46.487,-8.2],[-46.498,-8.185],[-46.508,-8.183],[-46.514,-8.176],[-46.514,-8.166],[-46.508,-8.157],[-46.492,-8.115],[-46.489,-8.097],[-46.482,-8.088],[-46.47,-8.084],[-46.467,-8.074],[-46.466,-8.066],[-46.477,-8.053],[-46.479,-8.042],[-46.477,-8.012],[-46.486,-8.003],[-46.485,-7.995],[-46.49,-7.983],[-46.518,-7.959],[-46.543,-7.948],[-46.549,-7.949],[-46.557,-7.938],[-46.558,-7.926],[-46.562,-7.92],[-46.572,-7.914],[-46.576,-7.916],[-46.581,-7.908],[-46.59,-7.906],[-46.597,-7.899],[-46.614,-7.896],[-46.631,-7.898],[-46.64,-7.906],[-46.65,-7.908],[-46.656,-7.904],[-46.66,-7.9],[-46.668,-7.904],[-46.673,-7.914],[-46.685,-7.912],[-46.697,-7.916],[-46.708,-7.91],[-46.713,-7.914],[-46.722,-7.915],[-46.726,-7.923],[-46.732,-7.919],[-46.737,-7.924],[-46.742,-7.923],[-46.746,-7.926],[-46.756,-7.922],[-46.763,-7.938],[-46.767,-7.938],[-46.768,-7.935],[-46.773,-7.943],[-46.781,-7.945],[-46.783,-7.951],[-46.786,-7.951],[-46.789,-7.947],[-46.792,-7.953],[-46.8,-7.955],[-46.802,-7.95],[-46.806,-7.951],[-46.846,-7.88],[-46.837,-7.866],[-46.83,-7.839],[-46.835,-7.825],[-46.818,-7.807],[-46.81,-7.807],[-46.802,-7.803],[-46.794,-7.788],[-46.795,-7.767],[-46.798,-7.767],[-46.799,-7.76],[-46.804,-7.755],[-46.804,-7.745],[-46.808,-7.748],[-46.822,-7.741],[-46.83,-7.745],[-46.837,-7.732],[-46.843,-7.732],[-46.851,-7.739],[-46.867,-7.735],[-46.872,-7.743],[-46.876,-7.742],[-46.885,-7.741],[-46.895,-7.747],[-46.9,-7.728],[-46.912,-7.725],[-46.919,-7.712],[-46.926,-7.711],[-46.933,-7.717],[-46.939,-7.711],[-46.95,-7.712],[-46.952,-7.706],[-46.948,-7.701],[-46.952,-7.699],[-46.956,-7.701],[-46.955,-7.709],[-46.961,-7.705],[-46.971,-7.705],[-46.972,-7.697],[-46.977,-7.699],[-46.979,-7.705],[-46.988,-7.697],[-46.999,-7.703],[-47.009,-7.704],[-47.022,-7.696],[-47.033,-7.697],[-47.037,-7.692],[-47.032,-7.685],[-47.041,-7.676],[-47.048,-7.668],[-47.047,-7.654],[-47.055,-7.657],[-47.059,-7.653],[-47.066,-7.655],[-47.071,-7.65],[-47.081,-7.652],[-47.085,-7.649],[-47.093,-7.656],[-47.094,-7.667],[-47.1,-7.664],[-47.109,-7.649],[-47.127,-7.656],[-47.141,-7.657],[-47.15,-7.663],[-47.15,-7.654],[-47.166,-7.649],[-47.169,-7.644],[-47.181,-7.643],[-47.185,-7.638],[-47.189,-7.645],[-47.183,-7.648],[-47.185,-7.652],[-47.192,-7.645],[-47.2,-7.644],[-47.197,-7.637],[-47.199,-7.633],[-47.202,-7.635],[-47.203,-7.642],[-47.209,-7.636],[-47.215,-7.638],[-47.219,-7.633],[-47.211,-7.622],[-47.213,-7.616],[-47.208,-7.615],[-47.207,-7.608],[-47.203,-7.606],[-47.204,-7.591],[-47.195,-7.577],[-47.163,-7.557],[-47.155,-7.545],[-47.144,-7.543],[-47.125,-7.52],[-47.126,-7.51],[-47.118,-7.492],[-47.119,-7.466],[-47.109,-7.449],[-47.107,-7.429],[-47.093,-7.415],[-47.092,-7.415],[-47.087,-7.406],[-47.074,-7.404],[-47.059,-7.395],[-47.053,-7.388],[-47.042,-7.39],[-47.026,-7.382],[-47.023,-7.365],[-47.018,-7.365],[-47.007,-7.357],[-46.983,-7.354],[-46.975,-7.347],[-46.961,-7.327],[-46.946,-7.323],[-46.923,-7.321],[-46.909,-7.307],[-46.884,-7.295],[-46.867,-7.296],[-46.852,-7.29],[-46.837,-7.296],[-46.818,-7.29],[-46.812,-7.279],[-46.762,-7.252],[-46.761,-7.243],[-46.742,-7.231],[-46.745,-7.227],[-46.746,-7.215],[-46.744,-7.21],[-46.724,-7.201],[-46.722,-7.197],[-46.607,-7.177],[-46.559,-7.182],[-46.553,-7.182],[-46.558,-7.17],[-46.55,-7.144],[-46.538,-7.126],[-46.519,-7.115],[-46.521,-7.106],[-46.529,-7.101],[-46.53,-7.099],[-46.486,-7.087],[-46.451,-7.066],[-46.33,-7.168]]]}},{"type":"Feature","properties":{"id":"2109551","nome":"Ribamar Fiquene"},"geometry":{"type":"Polygon","coordinates":[[[-47.383,-5.809],[-47.375,-5.829],[-47.363,-5.826],[-47.366,-5.821],[-47.364,-5.819],[-47.358,-5.825],[-47.352,-5.822],[-47.352,-5.815],[-47.342,-5.816],[-47.345,-5.82],[-47.336,-5.817],[-47.337,-5.822],[-47.333,-5.823],[-47.333,-5.834],[-47.315,-5.841],[-47.308,-5.837],[-47.303,-5.845],[-47.292,-5.844],[-47.286,-5.848],[-47.286,-5.857],[-47.279,-5.857],[-47.274,-5.85],[-47.266,-5.856],[-47.26,-5.846],[-47.254,-5.846],[-47.251,-5.849],[-47.247,-5.845],[-47.243,-5.851],[-47.245,-5.855],[-47.224,-5.855],[-47.212,-5.866],[-47.198,-5.864],[-47.195,-5.861],[-47.183,-5.866],[-47.18,-5.861],[-47.166,-5.878],[-47.161,-5.893],[-47.183,-5.917],[-47.185,-5.926],[-47.193,-5.932],[-47.191,-5.948],[-47.201,-5.954],[-47.203,-5.96],[-47.2,-5.964],[-47.189,-5.963],[-47.174,-5.961],[-47.18,-5.965],[-47.188,-5.986],[-47.187,-5.996],[-47.178,-6.002],[-47.178,-6.007],[-47.19,-6.02],[-47.195,-6.02],[-47.2,-6.023],[-47.203,-6.044],[-47.211,-6.034],[-47.216,-6.047],[-47.222,-6.038],[-47.233,-6.034],[-47.226,-6.053],[-47.203,-6.088],[-47.195,-6.111],[-47.204,-6.118],[-47.219,-6.114],[-47.237,-6.114],[-47.25,-6.101],[-47.264,-6.102],[-47.278,-6.095],[-47.284,-6.1],[-47.295,-6.086],[-47.3,-6.082],[-47.304,-6.084],[-47.311,-6.071],[-47.333,-6.075],[-47.339,-6.085],[-47.35,-6.085],[-47.358,-6.079],[-47.374,-6.083],[-47.381,-6.081],[-47.382,-6.081],[-47.388,-6.085],[-47.397,-6.076],[-47.409,-6.083],[-47.421,-6.084],[-47.43,-6.068],[-47.428,-6.039],[-47.438,-6.012],[-47.448,-5.993],[-47.43,-5.935],[-47.429,-5.911],[-47.432,-5.894],[-47.431,-5.869],[-47.437,-5.857],[-47.442,-5.83],[-47.429,-5.833],[-47.42,-5.818],[-47.411,-5.826],[-47.408,-5.814],[-47.399,-5.812],[-47.399,-5.824],[-47.395,-5.826],[-47.387,-5.818],[-47.383,-5.809]]]}},{"type":"Feature","properties":{"id":"2109601","nome":"Ros\u00e1rio"},"geometry":{"type":"Polygon","coordinates":[[[-44.149,-2.763],[-44.138,-2.793],[-44.128,-2.792],[-44.124,-2.796],[-44.129,-2.8],[-44.125,-2.8],[-44.125,-2.813],[-44.125,-2.817],[-44.135,-2.823],[-44.13,-2.83],[-44.129,-2.845],[-44.13,-2.849],[-44.134,-2.85],[-44.127,-2.856],[-44.127,-2.86],[-44.134,-2.861],[-44.139,-2.864],[-44.14,-2.873],[-44.129,-2.89],[-44.127,-2.9],[-44.136,-2.912],[-44.146,-2.921],[-44.141,-2.937],[-44.148,-2.943],[-44.136,-2.947],[-44.123,-2.945],[-44.121,-2.949],[-44.125,-2.96],[-44.139,-2.961],[-44.14,-2.972],[-44.147,-2.981],[-44.143,-2.99],[-44.146,-2.993],[-44.153,-2.998],[-44.156,-3.009],[-44.153,-3.013],[-44.14,-3.016],[-44.142,-3.022],[-44.143,-3.034],[-44.14,-3.04],[-44.145,-3.059],[-44.158,-3.073],[-44.14,-3.072],[-44.131,-3.079],[-44.133,-3.082],[-44.132,-3.089],[-44.112,-3.099],[-44.129,-3.105],[-44.132,-3.122],[-44.125,-3.137],[-44.131,-3.141],[-44.132,-3.154],[-44.137,-3.157],[-44.146,-3.155],[-44.142,-3.162],[-44.133,-3.167],[-44.12,-3.166],[-44.122,-3.176],[-44.116,-3.183],[-44.123,-3.183],[-44.193,-3.184],[-44.214,-3.184],[-44.213,-3.133],[-44.241,-3.132],[-44.222,-3.109],[-44.223,-3.104],[-44.236,-3.093],[-44.244,-3.081],[-44.251,-3.074],[-44.253,-3.064],[-44.241,-3.043],[-44.284,-3.044],[-44.279,-3.019],[-44.271,-3.009],[-44.256,-2.967],[-44.292,-2.954],[-44.287,-2.935],[-44.286,-2.928],[-44.273,-2.872],[-44.276,-2.86],[-44.273,-2.856],[-44.273,-2.85],[-44.278,-2.843],[-44.294,-2.85],[-44.296,-2.843],[-44.293,-2.832],[-44.303,-2.828],[-44.306,-2.824],[-44.287,-2.809],[-44.28,-2.794],[-44.278,-2.778],[-44.281,-2.766],[-44.278,-2.764],[-44.252,-2.752],[-44.184,-2.737],[-44.163,-2.73],[-44.149,-2.763]]]}},{"type":"Feature","properties":{"id":"2109700","nome":"Samba\u00edba"},"geometry":{"type":"Polygon","coordinates":[[[-45.322,-6.781],[-45.328,-6.79],[-45.324,-6.797],[-45.324,-6.806],[-45.331,-6.82],[-45.33,-6.827],[-45.323,-6.832],[-45.318,-6.856],[-45.277,-6.94],[-45.251,-6.942],[-45.244,-6.956],[-45.246,-6.986],[-45.256,-6.996],[-45.268,-6.998],[-45.274,-7.01],[-45.271,-7.035],[-45.275,-7.062],[-45.269,-7.086],[-45.263,-7.09],[-45.267,-7.098],[-45.265,-7.103],[-45.277,-7.13],[-45.275,-7.137],[-45.284,-7.139],[-45.292,-7.148],[-45.303,-7.149],[-45.307,-7.144],[-45.312,-7.147],[-45.313,-7.156],[-45.322,-7.195],[-45.413,-7.31],[-45.46,-7.369],[-45.645,-7.606],[-45.633,-7.596],[-45.62,-7.596],[-45.608,-7.588],[-45.595,-7.592],[-45.567,-7.588],[-45.557,-7.59],[-45.547,-7.599],[-45.534,-7.597],[-45.524,-7.608],[-45.521,-7.621],[-45.515,-7.628],[-45.506,-7.63],[-45.499,-7.638],[-45.487,-7.637],[-45.481,-7.65],[-45.456,-7.67],[-45.46,-7.678],[-45.449,-7.682],[-45.449,-7.685],[-45.457,-7.689],[-45.469,-7.689],[-45.468,-7.714],[-45.48,-7.714],[-45.483,-7.719],[-45.486,-7.729],[-45.481,-7.743],[-45.482,-7.751],[-45.486,-7.75],[-45.489,-7.746],[-45.493,-7.747],[-45.496,-7.75],[-45.491,-7.756],[-45.484,-7.763],[-45.492,-7.777],[-45.49,-7.786],[-45.493,-7.788],[-45.5,-7.785],[-45.498,-7.798],[-45.51,-7.802],[-45.51,-7.82],[-45.515,-7.834],[-45.526,-7.84],[-45.525,-7.857],[-45.536,-7.861],[-45.553,-7.854],[-45.561,-7.843],[-45.574,-7.84],[-45.619,-7.807],[-45.646,-7.803],[-45.669,-7.79],[-45.682,-7.79],[-45.686,-7.787],[-45.696,-7.79],[-45.717,-7.788],[-45.726,-7.782],[-45.735,-7.784],[-45.738,-7.779],[-45.745,-7.783],[-45.751,-7.78],[-45.762,-7.782],[-45.762,-7.785],[-45.777,-7.794],[-45.821,-7.813],[-45.83,-7.824],[-45.835,-7.846],[-45.83,-7.88],[-45.833,-7.898],[-45.827,-7.923],[-45.819,-7.932],[-45.79,-7.936],[-45.783,-7.945],[-45.78,-7.964],[-45.77,-7.981],[-45.776,-8.0],[-45.791,-8.014],[-45.794,-8.021],[-45.804,-8.014],[-45.808,-8.003],[-45.817,-8.002],[-45.819,-7.992],[-45.828,-7.983],[-45.841,-7.979],[-45.845,-7.975],[-45.841,-7.966],[-45.83,-7.959],[-45.828,-7.948],[-45.845,-7.92],[-45.842,-7.876],[-45.85,-7.84],[-45.861,-7.827],[-45.859,-7.817],[-45.844,-7.804],[-45.84,-7.797],[-45.848,-7.781],[-45.844,-7.767],[-45.825,-7.755],[-45.818,-7.743],[-45.793,-7.72],[-45.794,-7.673],[-45.8,-7.658],[-45.799,-7.643],[-45.803,-7.636],[-45.798,-7.624],[-45.799,-7.608],[-45.793,-7.596],[-45.792,-7.583],[-45.814,-7.565],[-45.818,-7.565],[-45.819,-7.553],[-45.814,-7.546],[-45.818,-7.539],[-45.812,-7.519],[-45.817,-7.518],[-45.821,-7.511],[-45.816,-7.502],[-45.822,-7.495],[-45.831,-7.495],[-45.832,-7.488],[-45.829,-7.486],[-45.831,-7.478],[-45.822,-7.471],[-45.82,-7.46],[-45.813,-7.451],[-45.806,-7.45],[-45.799,-7.455],[-45.789,-7.452],[-45.783,-7.45],[-45.778,-7.441],[-45.762,-7.443],[-45.754,-7.45],[-45.741,-7.436],[-45.718,-7.447],[-45.705,-7.444],[-45.698,-7.43],[-45.686,-7.428],[-45.684,-7.422],[-45.687,-7.412],[-45.68,-7.406],[-45.672,-7.404],[-45.648,-7.394],[-45.646,-7.382],[-45.631,-7.374],[-45.621,-7.35],[-45.598,-7.343],[-45.596,-7.319],[-45.593,-7.315],[-45.585,-7.311],[-45.577,-7.312],[-45.565,-7.325],[-45.556,-7.316],[-45.559,-7.293],[-45.55,-7.294],[-45.543,-7.302],[-45.533,-7.293],[-45.532,-7.285],[-45.527,-7.279],[-45.518,-7.279],[-45.524,-7.271],[-45.498,-7.209],[-45.44,-7.071],[-45.434,-7.056],[-45.369,-6.9],[-45.38,-6.82],[-45.368,-6.816],[-45.363,-6.791],[-45.354,-6.78],[-45.349,-6.781],[-45.347,-6.779],[-45.344,-6.783],[-45.326,-6.775],[-45.322,-6.781]]]}},{"type":"Feature","properties":{"id":"2109759","nome":"Santa Filomena do Maranh\u00e3o"},"geometry":{"type":"Polygon","coordinates":[[[-44.575,-5.419],[-44.549,-5.457],[-44.55,-5.463],[-44.549,-5.464],[-44.528,-5.474],[-44.524,-5.478],[-44.509,-5.475],[-44.503,-5.477],[-44.495,-5.47],[-44.486,-5.469],[-44.481,-5.463],[-44.471,-5.461],[-44.468,-5.471],[-44.475,-5.483],[-44.478,-5.491],[-44.475,-5.503],[-44.481,-5.511],[-44.488,-5.533],[-44.479,-5.549],[-44.488,-5.548],[-44.497,-5.537],[-44.522,-5.526],[-44.535,-5.545],[-44.534,-5.558],[-44.548,-5.59],[-44.566,-5.591],[-44.576,-5.598],[-44.591,-5.598],[-44.605,-5.607],[-44.639,-5.61],[-44.641,-5.61],[-44.692,-5.616],[-44.692,-5.604],[-44.684,-5.571],[-44.705,-5.558],[-44.715,-5.56],[-44.722,-5.565],[-44.731,-5.56],[-44.745,-5.563],[-44.751,-5.561],[-44.743,-5.549],[-44.743,-5.535],[-44.75,-5.524],[-44.745,-5.503],[-44.741,-5.5],[-44.683,-5.456],[-44.656,-5.459],[-44.641,-5.45],[-44.618,-5.451],[-44.612,-5.447],[-44.582,-5.38],[-44.573,-5.391],[-44.574,-5.395],[-44.578,-5.404],[-44.575,-5.419]]]}},{"type":"Feature","properties":{"id":"2109809","nome":"Santa Helena"},"geometry":{"type":"Polygon","coordinates":[[[-45.205,-2.037],[-45.204,-2.043],[-45.194,-2.041],[-45.193,-2.037],[-45.189,-2.04],[-45.094,-2.05],[-45.05,-2.092],[-44.994,-2.144],[-44.967,-2.171],[-45.026,-2.208],[-45.051,-2.233],[-45.1,-2.285],[-45.116,-2.301],[-45.123,-2.308],[-45.16,-2.347],[-45.201,-2.365],[-45.201,-2.366],[-45.242,-2.384],[-45.3,-2.411],[-45.399,-2.455],[-45.433,-2.47],[-45.451,-2.478],[-45.481,-2.491],[-45.483,-2.489],[-45.489,-2.495],[-45.488,-2.502],[-45.492,-2.502],[-45.49,-2.508],[-45.487,-2.507],[-45.482,-2.514],[-45.482,-2.517],[-45.486,-2.517],[-45.485,-2.524],[-45.478,-2.531],[-45.47,-2.53],[-45.471,-2.538],[-45.467,-2.54],[-45.471,-2.542],[-45.467,-2.547],[-45.473,-2.551],[-45.462,-2.553],[-45.464,-2.558],[-45.458,-2.559],[-45.454,-2.566],[-45.447,-2.564],[-45.444,-2.571],[-45.441,-2.568],[-45.435,-2.57],[-45.445,-2.586],[-45.444,-2.589],[-45.438,-2.589],[-45.446,-2.594],[-45.445,-2.599],[-45.449,-2.617],[-45.446,-2.623],[-45.444,-2.626],[-45.448,-2.637],[-45.453,-2.64],[-45.453,-2.652],[-45.463,-2.649],[-45.465,-2.655],[-45.472,-2.659],[-45.47,-2.666],[-45.459,-2.673],[-45.457,-2.681],[-45.472,-2.686],[-45.466,-2.692],[-45.467,-2.704],[-45.464,-2.703],[-45.463,-2.709],[-45.457,-2.706],[-45.461,-2.714],[-45.457,-2.716],[-45.462,-2.717],[-45.462,-2.726],[-45.471,-2.742],[-45.47,-2.748],[-45.468,-2.744],[-45.465,-2.746],[-45.467,-2.749],[-45.465,-2.752],[-45.459,-2.749],[-45.457,-2.77],[-45.45,-2.769],[-45.443,-2.773],[-45.436,-2.791],[-45.443,-2.791],[-45.45,-2.798],[-45.446,-2.807],[-45.436,-2.805],[-45.446,-2.811],[-45.454,-2.821],[-45.464,-2.815],[-45.468,-2.82],[-45.472,-2.82],[-45.478,-2.832],[-45.473,-2.859],[-45.48,-2.864],[-45.491,-2.861],[-45.493,-2.858],[-45.489,-2.858],[-45.494,-2.84],[-45.501,-2.837],[-45.509,-2.84],[-45.514,-2.834],[-45.516,-2.837],[-45.516,-2.85],[-45.505,-2.869],[-45.516,-2.86],[-45.525,-2.861],[-45.533,-2.853],[-45.547,-2.86],[-45.557,-2.858],[-45.554,-2.862],[-45.556,-2.866],[-45.551,-2.869],[-45.547,-2.879],[-45.547,-2.886],[-45.554,-2.891],[-45.553,-2.879],[-45.558,-2.873],[-45.564,-2.874],[-45.568,-2.886],[-45.564,-2.894],[-45.568,-2.896],[-45.592,-2.869],[-45.607,-2.883],[-45.626,-2.886],[-45.637,-2.902],[-45.638,-2.902],[-45.638,-2.834],[-45.639,-2.77],[-45.639,-2.749],[-45.641,-2.655],[-45.641,-2.619],[-45.641,-2.601],[-45.641,-2.409],[-45.641,-2.361],[-45.639,-2.36],[-45.638,-2.36],[-45.637,-2.361],[-45.629,-2.367],[-45.613,-2.364],[-45.6,-2.376],[-45.587,-2.372],[-45.574,-2.383],[-45.568,-2.383],[-45.572,-2.38],[-45.57,-2.378],[-45.562,-2.379],[-45.562,-2.372],[-45.541,-2.364],[-45.526,-2.35],[-45.523,-2.351],[-45.526,-2.358],[-45.534,-2.362],[-45.531,-2.369],[-45.525,-2.362],[-45.507,-2.365],[-45.507,-2.358],[-45.5,-2.36],[-45.497,-2.349],[-45.506,-2.349],[-45.501,-2.337],[-45.497,-2.334],[-45.493,-2.337],[-45.491,-2.334],[-45.484,-2.334],[-45.482,-2.328],[-45.472,-2.319],[-45.457,-2.312],[-45.462,-2.305],[-45.454,-2.298],[-45.443,-2.3],[-45.435,-2.304],[-45.422,-2.299],[-45.409,-2.292],[-45.398,-2.279],[-45.39,-2.276],[-45.385,-2.279],[-45.383,-2.285],[-45.38,-2.306],[-45.361,-2.321],[-45.352,-2.335],[-45.347,-2.336],[-45.34,-2.317],[-45.338,-2.285],[-45.334,-2.276],[-45.322,-2.264],[-45.317,-2.242],[-45.308,-2.23],[-45.303,-2.228],[-45.297,-2.217],[-45.295,-2.213],[-45.289,-2.211],[-45.283,-2.198],[-45.289,-2.193],[-45.291,-2.187],[-45.289,-2.183],[-45.283,-2.178],[-45.28,-2.181],[-45.278,-2.178],[-45.283,-2.173],[-45.279,-2.169],[-45.287,-2.163],[-45.289,-2.165],[-45.291,-2.168],[-45.293,-2.164],[-45.289,-2.162],[-45.285,-2.159],[-45.28,-2.163],[-45.278,-2.161],[-45.281,-2.156],[-45.287,-2.157],[-45.287,-2.153],[-45.283,-2.152],[-45.275,-2.155],[-45.269,-2.146],[-45.272,-2.144],[-45.268,-2.14],[-45.266,-2.143],[-45.265,-2.138],[-45.262,-2.14],[-45.263,-2.125],[-45.252,-2.128],[-45.24,-2.107],[-45.245,-2.096],[-45.241,-2.093],[-45.246,-2.091],[-45.25,-2.082],[-45.243,-2.08],[-45.249,-2.078],[-45.243,-2.073],[-45.244,-2.069],[-45.241,-2.063],[-45.238,-2.062],[-45.236,-2.068],[-45.228,-2.061],[-45.226,-2.068],[-45.223,-2.068],[-45.222,-2.062],[-45.218,-2.064],[-45.214,-2.056],[-45.212,-2.04],[-45.205,-2.037]]]}},{"type":"Feature","properties":{"id":"2109908","nome":"Santa In\u00eas"},"geometry":{"type":"Polygon","coordinates":[[[-45.36,-3.639],[-45.346,-3.64],[-45.335,-3.633],[-45.318,-3.637],[-45.325,-3.656],[-45.33,-3.663],[-45.332,-3.677],[-45.328,-3.692],[-45.329,-3.693],[-45.334,-3.703],[-45.333,-3.715],[-45.328,-3.73],[-45.322,-3.747],[-45.324,-3.754],[-45.318,-3.781],[-45.326,-3.794],[-45.326,-3.814],[-45.337,-3.822],[-45.343,-3.844],[-45.339,-3.849],[-45.325,-3.845],[-45.331,-3.853],[-45.329,-3.857],[-45.341,-3.856],[-45.339,-3.87],[-45.346,-3.872],[-45.352,-3.884],[-45.366,-3.894],[-45.372,-3.907],[-45.369,-3.947],[-45.361,-3.957],[-45.357,-3.985],[-45.372,-3.991],[-45.378,-3.991],[-45.398,-4.01],[-45.402,-4.024],[-45.404,-4.057],[-45.414,-4.067],[-45.418,-4.065],[-45.422,-4.067],[-45.427,-4.067],[-45.433,-4.071],[-45.44,-4.069],[-45.447,-4.075],[-45.453,-4.07],[-45.47,-4.069],[-45.473,-4.072],[-45.487,-4.06],[-45.55,-3.987],[-45.557,-3.966],[-45.574,-3.949],[-45.581,-3.948],[-45.572,-3.931],[-45.575,-3.927],[-45.574,-3.911],[-45.589,-3.916],[-45.598,-3.915],[-45.563,-3.878],[-45.532,-3.854],[-45.528,-3.852],[-45.489,-3.822],[-45.462,-3.781],[-45.424,-3.724],[-45.418,-3.712],[-45.414,-3.698],[-45.408,-3.657],[-45.395,-3.644],[-45.387,-3.641],[-45.382,-3.63],[-45.371,-3.632],[-45.36,-3.639]]]}},{"type":"Feature","properties":{"id":"2110005","nome":"Santa Luzia"},"geometry":{"type":"Polygon","coordinates":[[[-45.624,-3.732],[-45.604,-3.873],[-45.598,-3.915],[-45.589,-3.916],[-45.574,-3.911],[-45.575,-3.927],[-45.572,-3.931],[-45.581,-3.948],[-45.574,-3.949],[-45.557,-3.966],[-45.55,-3.987],[-45.561,-3.987],[-45.564,-3.99],[-45.568,-4.015],[-45.573,-4.02],[-45.567,-4.042],[-45.561,-4.045],[-45.558,-4.06],[-45.551,-4.057],[-45.551,-4.061],[-45.551,-4.065],[-45.56,-4.066],[-45.562,-4.08],[-45.565,-4.08],[-45.57,-4.089],[-45.572,-4.096],[-45.569,-4.1],[-45.581,-4.109],[-45.576,-4.114],[-45.581,-4.117],[-45.578,-4.12],[-45.585,-4.126],[-45.58,-4.13],[-45.581,-4.141],[-45.572,-4.142],[-45.578,-4.15],[-45.591,-4.158],[-45.586,-4.179],[-45.591,-4.181],[-45.595,-4.195],[-45.592,-4.205],[-45.596,-4.222],[-45.6,-4.226],[-45.605,-4.224],[-45.619,-4.235],[-45.612,-4.242],[-45.622,-4.242],[-45.624,-4.249],[-45.622,-4.256],[-45.626,-4.262],[-45.641,-4.264],[-45.638,-4.273],[-45.64,-4.278],[-45.636,-4.283],[-45.64,-4.287],[-45.635,-4.303],[-45.636,-4.334],[-45.62,-4.346],[-45.632,-4.355],[-45.615,-4.374],[-45.621,-4.375],[-45.626,-4.383],[-45.632,-4.382],[-45.633,-4.391],[-45.623,-4.395],[-45.626,-4.4],[-45.62,-4.403],[-45.618,-4.414],[-45.615,-4.416],[-45.618,-4.422],[-45.616,-4.429],[-45.625,-4.446],[-45.625,-4.451],[-45.615,-4.457],[-45.616,-4.46],[-45.626,-4.464],[-45.634,-4.488],[-45.638,-4.484],[-45.629,-4.519],[-45.625,-4.53],[-45.612,-4.568],[-45.585,-4.604],[-45.643,-4.623],[-45.627,-4.654],[-45.627,-4.662],[-45.655,-4.69],[-45.665,-4.713],[-45.714,-4.751],[-45.725,-4.772],[-45.741,-4.771],[-45.758,-4.777],[-45.767,-4.792],[-45.75,-4.814],[-45.75,-4.823],[-45.752,-4.827],[-45.778,-4.835],[-45.782,-4.826],[-45.775,-4.809],[-45.783,-4.795],[-45.796,-4.788],[-45.808,-4.789],[-45.825,-4.772],[-45.844,-4.767],[-45.845,-4.757],[-45.854,-4.75],[-45.866,-4.745],[-45.899,-4.72],[-45.906,-4.719],[-45.909,-4.714],[-45.916,-4.715],[-45.925,-4.7],[-45.936,-4.7],[-45.939,-4.693],[-45.955,-4.675],[-45.959,-4.681],[-45.958,-4.694],[-45.967,-4.719],[-45.979,-4.73],[-45.988,-4.73],[-45.992,-4.714],[-46.0,-4.708],[-46.008,-4.707],[-46.029,-4.737],[-46.034,-4.752],[-46.036,-4.765],[-46.03,-4.779],[-46.032,-4.796],[-46.028,-4.804],[-46.027,-4.836],[-46.017,-4.853],[-46.089,-4.854],[-46.092,-4.84],[-46.102,-4.832],[-46.105,-4.811],[-46.11,-4.809],[-46.115,-4.8],[-46.13,-4.798],[-46.132,-4.79],[-46.151,-4.78],[-46.201,-4.752],[-46.214,-4.696],[-46.228,-4.626],[-46.228,-4.623],[-46.209,-4.623],[-46.178,-4.6],[-46.159,-4.56],[-46.165,-4.55],[-46.193,-4.511],[-46.203,-4.471],[-46.217,-4.469],[-46.233,-4.445],[-46.227,-4.419],[-46.23,-4.402],[-46.223,-4.39],[-46.227,-4.385],[-46.241,-4.373],[-46.246,-4.359],[-46.262,-4.312],[-46.25,-4.317],[-46.192,-4.213],[-46.142,-4.123],[-46.093,-4.035],[-46.093,-4.034],[-46.086,-4.032],[-46.088,-4.023],[-46.083,-4.022],[-46.05,-4.0],[-46.016,-3.995],[-45.986,-3.985],[-45.962,-3.969],[-45.944,-3.963],[-45.923,-3.945],[-45.908,-3.938],[-45.905,-3.938],[-45.909,-3.931],[-45.908,-3.926],[-45.903,-3.918],[-45.904,-3.911],[-45.898,-3.899],[-45.882,-3.891],[-45.875,-3.892],[-45.871,-3.888],[-45.853,-3.887],[-45.848,-3.883],[-45.845,-3.873],[-45.847,-3.868],[-45.844,-3.86],[-45.846,-3.857],[-45.841,-3.846],[-45.846,-3.835],[-45.841,-3.827],[-45.845,-3.817],[-45.809,-3.819],[-45.807,-3.825],[-45.803,-3.821],[-45.785,-3.833],[-45.772,-3.823],[-45.768,-3.815],[-45.77,-3.798],[-45.764,-3.792],[-45.757,-3.792],[-45.749,-3.796],[-45.75,-3.817],[-45.745,-3.812],[-45.725,-3.811],[-45.717,-3.807],[-45.704,-3.802],[-45.685,-3.788],[-45.678,-3.758],[-45.67,-3.746],[-45.66,-3.745],[-45.653,-3.745],[-45.641,-3.737],[-45.639,-3.739],[-45.635,-3.729],[-45.624,-3.732]]]}},{"type":"Feature","properties":{"id":"2110039","nome":"Santa Luzia do Paru\u00e1"},"geometry":{"type":"Polygon","coordinates":[[[-45.641,-2.619],[-45.641,-2.655],[-45.754,-2.621],[-45.752,-2.63],[-45.793,-2.642],[-45.795,-2.647],[-45.813,-2.652],[-45.88,-2.669],[-45.891,-2.675],[-45.894,-2.672],[-45.947,-2.685],[-45.99,-2.696],[-45.988,-2.681],[-45.998,-2.665],[-45.99,-2.651],[-45.984,-2.62],[-45.984,-2.612],[-45.962,-2.593],[-45.943,-2.576],[-45.93,-2.548],[-45.911,-2.529],[-45.904,-2.469],[-45.904,-2.429],[-45.806,-2.427],[-45.805,-2.427],[-45.641,-2.361],[-45.641,-2.409],[-45.641,-2.601],[-45.641,-2.619]]]}},{"type":"Feature","properties":{"id":"2110104","nome":"Santa Quit\u00e9ria do Maranh\u00e3o"},"geometry":{"type":"Polygon","coordinates":[[[-42.64,-3.36],[-42.595,-3.387],[-42.56,-3.408],[-42.528,-3.427],[-42.502,-3.442],[-42.494,-3.447],[-42.504,-3.456],[-42.506,-3.478],[-42.529,-3.492],[-42.535,-3.5],[-42.533,-3.507],[-42.532,-3.516],[-42.537,-3.524],[-42.549,-3.537],[-42.562,-3.556],[-42.567,-3.558],[-42.632,-3.507],[-42.657,-3.489],[-42.706,-3.45],[-42.72,-3.44],[-42.754,-3.413],[-42.821,-3.404],[-42.858,-3.399],[-42.918,-3.39],[-42.931,-3.388],[-42.939,-3.391],[-42.941,-3.393],[-42.952,-3.401],[-42.951,-3.406],[-42.957,-3.408],[-42.965,-3.422],[-43.052,-3.452],[-43.092,-3.465],[-43.129,-3.477],[-43.13,-3.472],[-43.148,-3.428],[-43.197,-3.307],[-43.198,-3.307],[-43.218,-3.257],[-43.244,-3.192],[-43.253,-3.17],[-43.282,-3.1],[-43.281,-3.098],[-43.259,-3.066],[-43.257,-3.053],[-43.241,-3.047],[-43.172,-3.07],[-43.143,-3.08],[-43.093,-3.096],[-43.063,-3.106],[-43.048,-3.111],[-43.047,-3.112],[-42.974,-3.158],[-42.855,-3.233],[-42.852,-3.234],[-42.784,-3.275],[-42.743,-3.299],[-42.731,-3.306],[-42.661,-3.348],[-42.64,-3.36]]]}},{"type":"Feature","properties":{"id":"2110203","nome":"Santa Rita"},"geometry":{"type":"Polygon","coordinates":[[[-44.494,-3.035],[-44.481,-3.039],[-44.472,-3.037],[-44.426,-3.058],[-44.38,-3.079],[-44.353,-3.091],[-44.322,-3.105],[-44.321,-3.079],[-44.323,-3.071],[-44.317,-3.045],[-44.316,-3.032],[-44.301,-3.03],[-44.284,-3.044],[-44.241,-3.043],[-44.253,-3.064],[-44.251,-3.074],[-44.244,-3.081],[-44.236,-3.093],[-44.223,-3.104],[-44.222,-3.109],[-44.241,-3.132],[-44.213,-3.133],[-44.214,-3.184],[-44.193,-3.184],[-44.123,-3.183],[-44.123,-3.189],[-44.117,-3.194],[-44.106,-3.192],[-44.091,-3.198],[-44.101,-3.21],[-44.102,-3.218],[-44.117,-3.229],[-44.102,-3.243],[-44.102,-3.253],[-44.129,-3.259],[-44.149,-3.263],[-44.153,-3.263],[-44.17,-3.267],[-44.209,-3.253],[-44.215,-3.263],[-44.243,-3.308],[-44.251,-3.296],[-44.262,-3.289],[-44.293,-3.287],[-44.29,-3.278],[-44.293,-3.269],[-44.303,-3.264],[-44.323,-3.266],[-44.33,-3.263],[-44.333,-3.264],[-44.335,-3.258],[-44.337,-3.254],[-44.345,-3.255],[-44.356,-3.25],[-44.358,-3.245],[-44.355,-3.236],[-44.364,-3.239],[-44.367,-3.233],[-44.364,-3.229],[-44.369,-3.228],[-44.371,-3.221],[-44.376,-3.224],[-44.384,-3.222],[-44.399,-3.209],[-44.399,-3.19],[-44.402,-3.187],[-44.502,-3.115],[-44.514,-3.097],[-44.523,-3.097],[-44.526,-3.082],[-44.531,-3.083],[-44.54,-3.073],[-44.541,-3.064],[-44.555,-3.05],[-44.5,-3.0],[-44.493,-3.02],[-44.497,-3.03],[-44.494,-3.035]]]}},{"type":"Feature","properties":{"id":"2110237","nome":"Santana do Maranh\u00e3o"},"geometry":{"type":"Polygon","coordinates":[[[-42.696,-3.064],[-42.696,-3.175],[-42.693,-3.174],[-42.639,-3.146],[-42.6,-3.125],[-42.534,-3.092],[-42.488,-3.092],[-42.328,-3.092],[-42.309,-3.092],[-42.378,-3.148],[-42.393,-3.16],[-42.478,-3.229],[-42.521,-3.264],[-42.552,-3.289],[-42.591,-3.32],[-42.64,-3.36],[-42.661,-3.348],[-42.731,-3.306],[-42.743,-3.299],[-42.784,-3.275],[-42.852,-3.234],[-42.855,-3.233],[-42.827,-3.22],[-42.823,-3.213],[-42.798,-3.148],[-42.771,-3.136],[-42.763,-3.123],[-42.761,-3.079],[-42.764,-3.074],[-42.757,-3.055],[-42.682,-3.06],[-42.696,-3.064]]]}},{"type":"Feature","properties":{"id":"2110278","nome":"Santo Amaro do Maranh\u00e3o"},"geometry":{"type":"Polygon","coordinates":[[[-43.372,-2.332],[-43.34,-2.339],[-43.335,-2.335],[-43.304,-2.338],[-43.185,-2.373],[-43.162,-2.387],[-43.105,-2.409],[-43.015,-2.456],[-43.011,-2.466],[-43.019,-2.483],[-43.02,-2.493],[-43.017,-2.498],[-43.025,-2.509],[-43.043,-2.51],[-43.047,-2.514],[-43.052,-2.539],[-43.044,-2.562],[-43.049,-2.56],[-43.05,-2.567],[-43.054,-2.57],[-43.05,-2.585],[-43.057,-2.601],[-43.071,-2.608],[-43.062,-2.613],[-43.068,-2.626],[-43.067,-2.635],[-43.057,-2.642],[-43.049,-2.641],[-43.037,-2.653],[-43.036,-2.662],[-43.044,-2.665],[-43.046,-2.671],[-43.035,-2.672],[-43.03,-2.68],[-43.039,-2.693],[-43.045,-2.701],[-43.036,-2.704],[-43.035,-2.712],[-43.041,-2.721],[-43.037,-2.727],[-43.045,-2.73],[-43.045,-2.737],[-43.053,-2.739],[-43.055,-2.749],[-43.063,-2.754],[-43.066,-2.76],[-43.081,-2.759],[-43.085,-2.762],[-43.087,-2.764],[-43.095,-2.772],[-43.122,-2.775],[-43.116,-2.795],[-43.106,-2.809],[-43.105,-2.817],[-43.099,-2.821],[-43.103,-2.841],[-43.098,-2.854],[-43.089,-2.868],[-43.07,-2.886],[-43.078,-2.89],[-43.082,-2.897],[-43.093,-2.905],[-43.098,-2.915],[-43.128,-2.929],[-43.146,-2.943],[-43.156,-2.944],[-43.186,-2.959],[-43.207,-2.941],[-43.212,-2.934],[-43.213,-2.924],[-43.223,-2.9],[-43.261,-2.844],[-43.282,-2.801],[-43.28,-2.792],[-43.283,-2.788],[-43.277,-2.776],[-43.279,-2.772],[-43.267,-2.756],[-43.268,-2.749],[-43.263,-2.736],[-43.257,-2.735],[-43.262,-2.719],[-43.272,-2.714],[-43.296,-2.68],[-43.319,-2.643],[-43.318,-2.63],[-43.323,-2.614],[-43.322,-2.605],[-43.331,-2.596],[-43.331,-2.582],[-43.347,-2.555],[-43.339,-2.551],[-43.337,-2.547],[-43.339,-2.525],[-43.337,-2.523],[-43.341,-2.519],[-43.331,-2.518],[-43.334,-2.511],[-43.323,-2.504],[-43.328,-2.5],[-43.339,-2.499],[-43.34,-2.492],[-43.336,-2.491],[-43.33,-2.479],[-43.326,-2.48],[-43.314,-2.475],[-43.304,-2.476],[-43.31,-2.436],[-43.31,-2.434],[-43.318,-2.384],[-43.325,-2.382],[-43.326,-2.378],[-43.314,-2.369],[-43.321,-2.36],[-43.322,-2.35],[-43.332,-2.343],[-43.371,-2.347],[-43.378,-2.342],[-43.372,-2.332]]]}},{"type":"Feature","properties":{"id":"2110302","nome":"Santo Ant\u00f4nio dos Lopes"},"geometry":{"type":"Polygon","coordinates":[[[-44.413,-4.95],[-44.411,-4.975],[-44.463,-4.975],[-44.496,-4.976],[-44.514,-4.976],[-44.596,-4.901],[-44.638,-4.862],[-44.64,-4.845],[-44.633,-4.828],[-44.614,-4.81],[-44.6,-4.807],[-44.598,-4.801],[-44.578,-4.785],[-44.567,-4.77],[-44.563,-4.765],[-44.566,-4.75],[-44.567,-4.749],[-44.579,-4.728],[-44.573,-4.708],[-44.545,-4.69],[-44.544,-4.69],[-44.507,-4.665],[-44.485,-4.65],[-44.398,-4.666],[-44.45,-4.697],[-44.435,-4.712],[-44.418,-4.721],[-44.415,-4.726],[-44.406,-4.744],[-44.391,-4.75],[-44.385,-4.759],[-44.377,-4.761],[-44.375,-4.766],[-44.368,-4.767],[-44.365,-4.773],[-44.354,-4.779],[-44.349,-4.799],[-44.352,-4.807],[-44.322,-4.832],[-44.322,-4.834],[-44.325,-4.846],[-44.344,-4.847],[-44.355,-4.865],[-44.36,-4.878],[-44.358,-4.895],[-44.359,-4.906],[-44.375,-4.915],[-44.38,-4.928],[-44.4,-4.943],[-44.401,-4.943],[-44.413,-4.95]]]}},{"type":"Feature","properties":{"id":"2110401","nome":"S\u00e3o Benedito do Rio Preto"},"geometry":{"type":"Polygon","coordinates":[[[-43.458,-3.285],[-43.447,-3.315],[-43.447,-3.316],[-43.488,-3.395],[-43.507,-3.431],[-43.542,-3.496],[-43.577,-3.564],[-43.578,-3.564],[-43.606,-3.618],[-43.646,-3.562],[-43.675,-3.52],[-43.729,-3.442],[-43.736,-3.439],[-43.737,-3.432],[-43.739,-3.429],[-43.732,-3.425],[-43.732,-3.42],[-43.717,-3.409],[-43.715,-3.399],[-43.726,-3.382],[-43.736,-3.385],[-43.745,-3.378],[-43.744,-3.365],[-43.748,-3.353],[-43.75,-3.348],[-43.755,-3.346],[-43.756,-3.335],[-43.764,-3.323],[-43.768,-3.32],[-43.787,-3.332],[-43.796,-3.329],[-43.804,-3.315],[-43.805,-3.301],[-43.8,-3.299],[-43.799,-3.292],[-43.783,-3.292],[-43.679,-3.222],[-43.606,-3.172],[-43.612,-3.233],[-43.547,-3.255],[-43.458,-3.285]]]}},{"type":"Feature","properties":{"id":"2110500","nome":"S\u00e3o Bento"},"geometry":{"type":"Polygon","coordinates":[[[-44.84,-2.659],[-44.82,-2.673],[-44.786,-2.669],[-44.796,-2.678],[-44.809,-2.7],[-44.804,-2.735],[-44.81,-2.744],[-44.811,-2.753],[-44.81,-2.768],[-44.811,-2.776],[-44.819,-2.777],[-44.826,-2.788],[-44.818,-2.798],[-44.819,-2.799],[-44.824,-2.803],[-44.826,-2.803],[-44.839,-2.804],[-44.844,-2.808],[-44.865,-2.8],[-44.883,-2.802],[-44.904,-2.793],[-44.934,-2.806],[-44.946,-2.822],[-44.961,-2.841],[-44.971,-2.836],[-44.982,-2.846],[-45.01,-2.854],[-45.037,-2.868],[-45.061,-2.868],[-45.074,-2.873],[-45.107,-2.883],[-45.113,-2.882],[-45.12,-2.879],[-45.125,-2.888],[-45.132,-2.891],[-45.197,-2.911],[-45.216,-2.908],[-45.218,-2.907],[-45.22,-2.879],[-45.225,-2.863],[-45.225,-2.857],[-45.229,-2.829],[-45.219,-2.813],[-45.215,-2.811],[-45.194,-2.819],[-45.193,-2.814],[-45.188,-2.813],[-45.192,-2.81],[-45.192,-2.806],[-45.177,-2.812],[-45.18,-2.807],[-45.177,-2.805],[-45.184,-2.802],[-45.183,-2.798],[-45.173,-2.806],[-45.168,-2.822],[-45.157,-2.837],[-45.145,-2.834],[-45.086,-2.804],[-45.058,-2.79],[-45.031,-2.776],[-44.97,-2.746],[-44.957,-2.739],[-44.906,-2.714],[-44.887,-2.704],[-44.874,-2.699],[-44.84,-2.659]]]}},{"type":"Feature","properties":{"id":"2110609","nome":"S\u00e3o Bernardo"},"geometry":{"type":"Polygon","coordinates":[[[-42.273,-3.409],[-42.272,-3.445],[-42.292,-3.453],[-42.298,-3.453],[-42.32,-3.436],[-42.33,-3.433],[-42.354,-3.448],[-42.366,-3.452],[-42.373,-3.453],[-42.377,-3.451],[-42.392,-3.447],[-42.392,-3.46],[-42.399,-3.472],[-42.409,-3.475],[-42.415,-3.473],[-42.417,-3.458],[-42.423,-3.454],[-42.432,-3.454],[-42.448,-3.478],[-42.458,-3.485],[-42.466,-3.485],[-42.474,-3.483],[-42.484,-3.474],[-42.487,-3.467],[-42.487,-3.449],[-42.494,-3.447],[-42.502,-3.442],[-42.528,-3.427],[-42.56,-3.408],[-42.595,-3.387],[-42.64,-3.36],[-42.591,-3.32],[-42.552,-3.289],[-42.521,-3.264],[-42.478,-3.229],[-42.393,-3.16],[-42.378,-3.148],[-42.309,-3.092],[-42.271,-3.155],[-42.265,-3.165],[-42.264,-3.166],[-42.245,-3.199],[-42.276,-3.266],[-42.276,-3.272],[-42.276,-3.273],[-42.275,-3.346],[-42.274,-3.356],[-42.273,-3.409]]]}},{"type":"Feature","properties":{"id":"2110658","nome":"S\u00e3o Domingos do Azeit\u00e3o"},"geometry":{"type":"Polygon","coordinates":[[[-44.63,-6.68],[-44.599,-6.697],[-44.507,-6.749],[-44.423,-6.796],[-44.402,-6.818],[-44.409,-6.825],[-44.407,-6.836],[-44.414,-6.845],[-44.422,-6.846],[-44.44,-6.859],[-44.449,-6.881],[-44.458,-6.889],[-44.453,-6.897],[-44.471,-6.89],[-44.489,-6.889],[-44.494,-6.884],[-44.501,-6.895],[-44.518,-6.945],[-44.535,-7.016],[-44.556,-6.997],[-44.562,-6.997],[-44.567,-6.993],[-44.568,-6.996],[-44.572,-6.996],[-44.571,-6.993],[-44.578,-6.99],[-44.576,-6.987],[-44.583,-6.989],[-44.589,-6.983],[-44.586,-6.979],[-44.596,-6.977],[-44.607,-6.965],[-44.622,-6.961],[-44.625,-6.965],[-44.635,-6.965],[-44.697,-6.974],[-44.71,-6.963],[-44.71,-6.941],[-44.719,-6.94],[-44.739,-6.927],[-44.749,-6.915],[-44.754,-6.89],[-44.768,-6.884],[-44.777,-6.818],[-44.777,-6.816],[-44.791,-6.714],[-44.78,-6.711],[-44.773,-6.715],[-44.762,-6.71],[-44.753,-6.713],[-44.745,-6.71],[-44.741,-6.712],[-44.736,-6.706],[-44.727,-6.708],[-44.719,-6.705],[-44.72,-6.699],[-44.715,-6.699],[-44.714,-6.699],[-44.71,-6.697],[-44.704,-6.703],[-44.697,-6.694],[-44.69,-6.695],[-44.683,-6.702],[-44.68,-6.691],[-44.668,-6.7],[-44.664,-6.692],[-44.663,-6.697],[-44.66,-6.697],[-44.657,-6.695],[-44.659,-6.691],[-44.657,-6.689],[-44.651,-6.692],[-44.644,-6.689],[-44.643,-6.68],[-44.63,-6.68]]]}},{"type":"Feature","properties":{"id":"2110708","nome":"S\u00e3o Domingos do Maranh\u00e3o"},"geometry":{"type":"Polygon","coordinates":[[[-44.353,-5.458],[-44.342,-5.474],[-44.331,-5.462],[-44.322,-5.47],[-44.308,-5.476],[-44.306,-5.49],[-44.298,-5.494],[-44.294,-5.504],[-44.265,-5.504],[-44.249,-5.5],[-44.248,-5.489],[-44.241,-5.485],[-44.236,-5.474],[-44.223,-5.469],[-44.222,-5.462],[-44.216,-5.466],[-44.209,-5.464],[-44.213,-5.477],[-44.202,-5.505],[-44.196,-5.545],[-44.197,-5.555],[-44.159,-5.521],[-44.144,-5.518],[-44.144,-5.552],[-44.121,-5.59],[-44.137,-5.615],[-44.177,-5.649],[-44.182,-5.661],[-44.182,-5.676],[-44.171,-5.689],[-44.164,-5.707],[-44.172,-5.71],[-44.185,-5.717],[-44.198,-5.715],[-44.204,-5.717],[-44.222,-5.733],[-44.223,-5.743],[-44.229,-5.747],[-44.229,-5.759],[-44.232,-5.764],[-44.269,-5.769],[-44.327,-5.777],[-44.377,-5.784],[-44.498,-5.801],[-44.484,-5.813],[-44.472,-5.814],[-44.467,-5.823],[-44.456,-5.828],[-44.462,-5.833],[-44.469,-5.849],[-44.473,-5.851],[-44.472,-5.863],[-44.497,-5.875],[-44.5,-5.861],[-44.506,-5.854],[-44.519,-5.854],[-44.524,-5.847],[-44.532,-5.844],[-44.534,-5.836],[-44.541,-5.829],[-44.541,-5.82],[-44.537,-5.8],[-44.543,-5.792],[-44.544,-5.783],[-44.539,-5.774],[-44.525,-5.765],[-44.523,-5.761],[-44.527,-5.755],[-44.508,-5.744],[-44.483,-5.741],[-44.465,-5.734],[-44.463,-5.717],[-44.454,-5.699],[-44.45,-5.673],[-44.452,-5.645],[-44.447,-5.614],[-44.45,-5.609],[-44.461,-5.608],[-44.472,-5.576],[-44.479,-5.565],[-44.479,-5.549],[-44.488,-5.533],[-44.481,-5.511],[-44.475,-5.503],[-44.478,-5.491],[-44.475,-5.483],[-44.467,-5.495],[-44.46,-5.492],[-44.454,-5.498],[-44.448,-5.497],[-44.444,-5.496],[-44.44,-5.484],[-44.433,-5.486],[-44.431,-5.482],[-44.427,-5.47],[-44.421,-5.471],[-44.411,-5.465],[-44.401,-5.465],[-44.396,-5.468],[-44.389,-5.464],[-44.378,-5.47],[-44.353,-5.458]]]}},{"type":"Feature","properties":{"id":"2110807","nome":"S\u00e3o F\u00e9lix de Balsas"},"geometry":{"type":"Polygon","coordinates":[[[-44.873,-6.703],[-44.868,-6.709],[-44.862,-6.704],[-44.852,-6.703],[-44.846,-6.71],[-44.838,-6.707],[-44.838,-6.703],[-44.833,-6.708],[-44.824,-6.707],[-44.82,-6.711],[-44.809,-6.712],[-44.8,-6.709],[-44.791,-6.714],[-44.777,-6.816],[-44.777,-6.818],[-44.768,-6.884],[-44.754,-6.89],[-44.749,-6.915],[-44.739,-6.927],[-44.719,-6.94],[-44.71,-6.941],[-44.71,-6.963],[-44.697,-6.974],[-44.699,-7.011],[-44.71,-7.044],[-44.722,-7.048],[-44.722,-7.053],[-44.73,-7.055],[-44.727,-7.06],[-44.74,-7.063],[-44.742,-7.067],[-44.753,-7.075],[-44.754,-7.086],[-44.76,-7.09],[-44.763,-7.088],[-44.767,-7.093],[-44.772,-7.092],[-44.775,-7.097],[-44.783,-7.099],[-44.784,-7.102],[-44.782,-7.113],[-44.772,-7.124],[-44.747,-7.134],[-44.736,-7.149],[-44.717,-7.15],[-44.717,-7.156],[-44.705,-7.163],[-44.707,-7.168],[-44.717,-7.166],[-44.72,-7.169],[-44.719,-7.185],[-44.709,-7.189],[-44.698,-7.179],[-44.689,-7.182],[-44.685,-7.188],[-44.691,-7.199],[-44.693,-7.217],[-44.705,-7.236],[-44.697,-7.255],[-44.787,-7.248],[-44.808,-7.272],[-44.903,-7.382],[-44.988,-7.482],[-45.004,-7.496],[-45.018,-7.495],[-45.047,-7.512],[-45.069,-7.503],[-45.085,-7.502],[-45.044,-7.334],[-45.028,-7.267],[-45.014,-7.209],[-45.0,-7.152],[-44.987,-7.102],[-44.971,-7.09],[-44.97,-7.077],[-44.979,-7.063],[-44.98,-7.052],[-44.985,-7.049],[-44.985,-7.048],[-44.984,-7.041],[-44.991,-7.029],[-44.989,-7.015],[-44.979,-6.988],[-44.935,-6.868],[-44.951,-6.845],[-44.952,-6.83],[-44.965,-6.815],[-44.979,-6.797],[-44.98,-6.791],[-44.979,-6.783],[-44.972,-6.772],[-44.969,-6.758],[-44.957,-6.744],[-44.957,-6.736],[-44.953,-6.731],[-44.949,-6.734],[-44.944,-6.732],[-44.939,-6.717],[-44.933,-6.714],[-44.923,-6.715],[-44.923,-6.711],[-44.911,-6.711],[-44.909,-6.707],[-44.903,-6.705],[-44.893,-6.711],[-44.884,-6.703],[-44.873,-6.703]]]}},{"type":"Feature","properties":{"id":"2110856","nome":"S\u00e3o Francisco do Brej\u00e3o"},"geometry":{"type":"Polygon","coordinates":[[[-47.33,-5.043],[-47.321,-5.046],[-47.315,-5.044],[-47.321,-5.058],[-47.314,-5.064],[-47.312,-5.076],[-47.301,-5.082],[-47.291,-5.079],[-47.29,-5.086],[-47.28,-5.081],[-47.271,-5.081],[-47.269,-5.088],[-47.263,-5.085],[-47.26,-5.085],[-47.258,-5.092],[-47.249,-5.102],[-47.23,-5.151],[-47.215,-5.168],[-47.135,-5.143],[-47.137,-5.146],[-47.15,-5.153],[-47.149,-5.163],[-47.156,-5.169],[-47.156,-5.178],[-47.164,-5.186],[-47.167,-5.182],[-47.169,-5.189],[-47.178,-5.194],[-47.185,-5.221],[-47.202,-5.231],[-47.206,-5.243],[-47.22,-5.251],[-47.225,-5.266],[-47.238,-5.278],[-47.243,-5.282],[-47.268,-5.306],[-47.276,-5.314],[-47.284,-5.304],[-47.301,-5.302],[-47.302,-5.307],[-47.312,-5.307],[-47.319,-5.286],[-47.323,-5.283],[-47.331,-5.266],[-47.335,-5.268],[-47.337,-5.262],[-47.344,-5.263],[-47.339,-5.257],[-47.346,-5.258],[-47.355,-5.25],[-47.364,-5.258],[-47.374,-5.264],[-47.377,-5.272],[-47.381,-5.272],[-47.403,-5.252],[-47.415,-5.234],[-47.409,-5.216],[-47.431,-5.221],[-47.457,-5.197],[-47.465,-5.189],[-47.467,-5.181],[-47.484,-5.176],[-47.489,-5.172],[-47.499,-5.142],[-47.515,-5.128],[-47.515,-5.14],[-47.519,-5.146],[-47.515,-5.155],[-47.526,-5.177],[-47.538,-5.156],[-47.554,-5.095],[-47.542,-5.089],[-47.537,-5.082],[-47.512,-5.062],[-47.502,-5.065],[-47.494,-5.077],[-47.481,-5.073],[-47.476,-5.063],[-47.476,-5.046],[-47.402,-5.034],[-47.366,-5.028],[-47.35,-5.026],[-47.344,-5.028],[-47.341,-5.036],[-47.33,-5.043]]]}},{"type":"Feature","properties":{"id":"2110906","nome":"S\u00e3o Francisco do Maranh\u00e3o"},"geometry":{"type":"Polygon","coordinates":[[[-42.86,-6.33],[-42.854,-6.333],[-42.837,-6.325],[-42.829,-6.337],[-42.831,-6.342],[-42.852,-6.359],[-42.856,-6.37],[-42.857,-6.39],[-42.877,-6.417],[-42.877,-6.428],[-42.869,-6.45],[-42.871,-6.466],[-42.866,-6.482],[-42.869,-6.487],[-42.883,-6.494],[-42.886,-6.505],[-42.909,-6.5],[-43.049,-6.445],[-43.129,-6.412],[-43.133,-6.41],[-43.205,-6.38],[-43.217,-6.375],[-43.241,-6.365],[-43.296,-6.342],[-43.301,-6.343],[-43.338,-6.347],[-43.41,-6.355],[-43.41,-6.267],[-43.41,-6.202],[-43.41,-6.176],[-43.41,-6.159],[-43.41,-5.973],[-43.411,-5.912],[-43.327,-5.911],[-43.305,-5.911],[-43.21,-5.91],[-43.095,-5.91],[-43.087,-5.921],[-43.087,-5.945],[-43.081,-5.961],[-43.073,-5.974],[-43.055,-5.986],[-43.051,-5.989],[-43.048,-6.0],[-43.05,-6.015],[-43.056,-6.027],[-43.075,-6.04],[-43.075,-6.054],[-43.06,-6.071],[-43.05,-6.099],[-43.034,-6.111],[-43.011,-6.111],[-42.994,-6.116],[-42.982,-6.128],[-42.979,-6.138],[-42.975,-6.167],[-42.968,-6.178],[-42.951,-6.187],[-42.934,-6.193],[-42.916,-6.213],[-42.893,-6.226],[-42.877,-6.225],[-42.868,-6.233],[-42.862,-6.239],[-42.855,-6.253],[-42.855,-6.267],[-42.847,-6.282],[-42.85,-6.307],[-42.86,-6.33]]]}},{"type":"Feature","properties":{"id":"2111003","nome":"S\u00e3o Jo\u00e3o Batista"},"geometry":{"type":"Polygon","coordinates":[[[-44.733,-2.886],[-44.703,-2.891],[-44.681,-2.885],[-44.676,-2.89],[-44.67,-2.887],[-44.66,-2.89],[-44.655,-2.886],[-44.655,-2.891],[-44.641,-2.897],[-44.668,-2.923],[-44.67,-2.945],[-44.658,-2.972],[-44.637,-2.996],[-44.603,-3.027],[-44.587,-3.047],[-44.58,-3.051],[-44.598,-3.073],[-44.61,-3.086],[-44.657,-3.138],[-44.661,-3.143],[-44.674,-3.152],[-44.691,-3.132],[-44.713,-3.131],[-44.72,-3.129],[-44.724,-3.122],[-44.744,-3.12],[-44.748,-3.112],[-44.775,-3.099],[-44.794,-3.081],[-44.807,-3.078],[-44.81,-3.066],[-44.806,-3.065],[-44.843,-3.046],[-44.857,-3.04],[-44.896,-3.04],[-44.909,-3.04],[-44.911,-3.037],[-44.922,-3.036],[-44.922,-3.025],[-44.918,-3.022],[-44.923,-3.021],[-44.922,-3.017],[-44.929,-3.025],[-44.936,-3.024],[-44.93,-3.02],[-44.934,-3.012],[-44.926,-3.011],[-44.923,-3.001],[-44.927,-3.002],[-44.932,-2.994],[-44.936,-2.999],[-44.939,-2.995],[-44.943,-2.999],[-44.948,-2.993],[-44.942,-2.987],[-44.936,-2.988],[-44.936,-2.98],[-44.94,-2.977],[-44.944,-2.98],[-44.946,-2.977],[-44.953,-2.983],[-44.951,-2.976],[-44.96,-2.975],[-44.96,-2.971],[-44.969,-2.97],[-44.962,-2.967],[-44.965,-2.963],[-44.963,-2.96],[-44.964,-2.95],[-44.974,-2.939],[-44.932,-2.918],[-44.926,-2.925],[-44.911,-2.932],[-44.909,-2.934],[-44.884,-2.94],[-44.874,-2.947],[-44.87,-2.947],[-44.862,-2.946],[-44.844,-2.931],[-44.822,-2.913],[-44.791,-2.888],[-44.786,-2.894],[-44.782,-2.896],[-44.754,-2.888],[-44.738,-2.875],[-44.733,-2.886]]]}},{"type":"Feature","properties":{"id":"2111029","nome":"S\u00e3o Jo\u00e3o do Car\u00fa"},"geometry":{"type":"Polygon","coordinates":[[[-46.104,-3.514],[-46.105,-3.519],[-46.109,-3.521],[-46.114,-3.518],[-46.118,-3.519],[-46.126,-3.544],[-46.121,-3.549],[-46.126,-3.554],[-46.128,-3.563],[-46.12,-3.573],[-46.115,-3.59],[-46.102,-3.595],[-46.111,-3.605],[-46.115,-3.605],[-46.121,-3.598],[-46.123,-3.604],[-46.128,-3.603],[-46.131,-3.607],[-46.137,-3.603],[-46.143,-3.585],[-46.157,-3.588],[-46.16,-3.579],[-46.166,-3.582],[-46.186,-3.576],[-46.19,-3.572],[-46.194,-3.579],[-46.203,-3.584],[-46.203,-3.593],[-46.205,-3.595],[-46.211,-3.592],[-46.211,-3.585],[-46.214,-3.582],[-46.223,-3.589],[-46.231,-3.584],[-46.237,-3.586],[-46.239,-3.582],[-46.243,-3.584],[-46.246,-3.578],[-46.24,-3.577],[-46.243,-3.57],[-46.25,-3.574],[-46.258,-3.567],[-46.257,-3.56],[-46.259,-3.557],[-46.266,-3.56],[-46.27,-3.555],[-46.274,-3.561],[-46.279,-3.561],[-46.281,-3.549],[-46.288,-3.547],[-46.291,-3.55],[-46.29,-3.554],[-46.296,-3.554],[-46.299,-3.56],[-46.303,-3.556],[-46.296,-3.55],[-46.3,-3.546],[-46.297,-3.539],[-46.312,-3.545],[-46.326,-3.541],[-46.328,-3.538],[-46.325,-3.548],[-46.332,-3.544],[-46.335,-3.552],[-46.348,-3.552],[-46.354,-3.555],[-46.351,-3.561],[-46.357,-3.567],[-46.36,-3.563],[-46.357,-3.557],[-46.367,-3.555],[-46.368,-3.567],[-46.365,-3.57],[-46.377,-3.572],[-46.381,-3.582],[-46.397,-3.579],[-46.396,-3.57],[-46.403,-3.569],[-46.407,-3.581],[-46.403,-3.591],[-46.414,-3.588],[-46.417,-3.592],[-46.42,-3.592],[-46.424,-3.576],[-46.435,-3.591],[-46.439,-3.588],[-46.434,-3.585],[-46.438,-3.575],[-46.451,-3.576],[-46.451,-3.582],[-46.45,-3.585],[-46.456,-3.593],[-46.46,-3.594],[-46.465,-3.59],[-46.473,-3.595],[-46.468,-3.6],[-46.471,-3.609],[-46.477,-3.609],[-46.48,-3.604],[-46.488,-3.609],[-46.486,-3.614],[-46.489,-3.618],[-46.501,-3.621],[-46.504,-3.618],[-46.507,-3.625],[-46.522,-3.627],[-46.522,-3.632],[-46.529,-3.632],[-46.53,-3.625],[-46.544,-3.628],[-46.543,-3.635],[-46.548,-3.631],[-46.557,-3.639],[-46.563,-3.637],[-46.563,-3.644],[-46.568,-3.649],[-46.575,-3.649],[-46.592,-3.666],[-46.6,-3.668],[-46.599,-3.674],[-46.61,-3.674],[-46.617,-3.679],[-46.621,-3.695],[-46.627,-3.701],[-46.641,-3.705],[-46.643,-3.709],[-46.651,-3.699],[-46.659,-3.696],[-46.696,-3.705],[-46.698,-3.685],[-46.693,-3.676],[-46.63,-3.613],[-46.593,-3.591],[-46.568,-3.564],[-46.491,-3.494],[-46.475,-3.486],[-46.459,-3.485],[-46.382,-3.485],[-46.259,-3.485],[-46.111,-3.485],[-46.109,-3.5],[-46.104,-3.514]]]}},{"type":"Feature","properties":{"id":"2111052","nome":"S\u00e3o Jo\u00e3o do Para\u00edso"},"geometry":{"type":"Polygon","coordinates":[[[-46.746,-6.193],[-46.743,-6.199],[-46.729,-6.192],[-46.701,-6.189],[-46.691,-6.191],[-46.681,-6.203],[-46.638,-6.208],[-46.63,-6.205],[-46.613,-6.21],[-46.609,-6.224],[-46.618,-6.233],[-46.618,-6.244],[-46.634,-6.252],[-46.635,-6.263],[-46.642,-6.267],[-46.643,-6.272],[-46.644,-6.277],[-46.654,-6.283],[-46.666,-6.285],[-46.671,-6.292],[-46.682,-6.292],[-46.688,-6.296],[-46.692,-6.312],[-46.688,-6.321],[-46.674,-6.331],[-46.67,-6.34],[-46.693,-6.342],[-46.695,-6.353],[-46.684,-6.355],[-46.69,-6.363],[-46.678,-6.373],[-46.693,-6.389],[-46.695,-6.399],[-46.708,-6.403],[-46.717,-6.416],[-46.716,-6.42],[-46.707,-6.438],[-46.713,-6.451],[-46.72,-6.453],[-46.726,-6.453],[-46.729,-6.465],[-46.726,-6.489],[-46.719,-6.505],[-46.734,-6.532],[-46.734,-6.552],[-46.752,-6.566],[-46.752,-6.586],[-46.758,-6.588],[-46.761,-6.594],[-46.759,-6.611],[-46.757,-6.623],[-46.747,-6.632],[-46.738,-6.651],[-46.729,-6.653],[-46.727,-6.658],[-46.729,-6.664],[-46.741,-6.671],[-46.732,-6.678],[-46.733,-6.683],[-46.736,-6.683],[-46.796,-6.692],[-46.836,-6.674],[-46.853,-6.671],[-46.862,-6.671],[-46.875,-6.679],[-46.899,-6.683],[-46.919,-6.678],[-46.933,-6.685],[-46.961,-6.682],[-46.968,-6.662],[-46.986,-6.657],[-46.995,-6.662],[-47.008,-6.657],[-47.032,-6.669],[-47.056,-6.67],[-47.081,-6.664],[-47.086,-6.657],[-47.097,-6.66],[-47.108,-6.657],[-47.121,-6.662],[-47.13,-6.656],[-47.135,-6.657],[-47.152,-6.648],[-47.16,-6.64],[-47.162,-6.634],[-47.164,-6.636],[-47.165,-6.634],[-47.168,-6.634],[-47.168,-6.628],[-47.166,-6.619],[-47.173,-6.613],[-47.17,-6.612],[-47.174,-6.608],[-47.183,-6.609],[-47.187,-6.602],[-47.198,-6.602],[-47.202,-6.594],[-47.207,-6.593],[-47.207,-6.577],[-47.212,-6.573],[-47.215,-6.567],[-47.207,-6.564],[-47.201,-6.557],[-47.186,-6.553],[-47.17,-6.537],[-47.163,-6.535],[-47.161,-6.527],[-47.146,-6.52],[-47.133,-6.521],[-47.122,-6.527],[-47.119,-6.532],[-47.095,-6.536],[-47.081,-6.547],[-47.069,-6.546],[-47.1,-6.47],[-47.1,-6.458],[-47.106,-6.44],[-47.126,-6.425],[-47.144,-6.424],[-47.13,-6.401],[-47.131,-6.397],[-47.12,-6.38],[-47.107,-6.385],[-47.083,-6.379],[-47.066,-6.38],[-47.065,-6.375],[-47.062,-6.378],[-47.058,-6.374],[-47.059,-6.368],[-47.056,-6.359],[-47.04,-6.349],[-47.038,-6.335],[-47.028,-6.333],[-47.027,-6.325],[-47.03,-6.324],[-47.024,-6.313],[-47.021,-6.314],[-47.019,-6.31],[-47.026,-6.285],[-47.015,-6.286],[-47.016,-6.277],[-47.0,-6.279],[-46.996,-6.273],[-46.983,-6.282],[-46.979,-6.281],[-46.97,-6.27],[-46.968,-6.275],[-46.964,-6.272],[-46.957,-6.275],[-46.956,-6.279],[-46.953,-6.275],[-46.945,-6.275],[-46.943,-6.28],[-46.932,-6.278],[-46.931,-6.285],[-46.935,-6.287],[-46.931,-6.29],[-46.927,-6.286],[-46.926,-6.296],[-46.919,-6.298],[-46.917,-6.292],[-46.909,-6.296],[-46.901,-6.292],[-46.895,-6.294],[-46.864,-6.287],[-46.849,-6.293],[-46.843,-6.318],[-46.764,-6.355],[-46.787,-6.329],[-46.797,-6.296],[-46.806,-6.294],[-46.809,-6.289],[-46.812,-6.277],[-46.807,-6.272],[-46.809,-6.265],[-46.803,-6.253],[-46.81,-6.252],[-46.807,-6.232],[-46.821,-6.221],[-46.834,-6.22],[-46.847,-6.204],[-46.853,-6.204],[-46.853,-6.198],[-46.848,-6.196],[-46.842,-6.2],[-46.833,-6.197],[-46.825,-6.202],[-46.817,-6.199],[-46.812,-6.202],[-46.808,-6.198],[-46.803,-6.204],[-46.799,-6.203],[-46.8,-6.196],[-46.797,-6.192],[-46.791,-6.193],[-46.787,-6.199],[-46.783,-6.192],[-46.762,-6.195],[-46.758,-6.188],[-46.754,-6.193],[-46.746,-6.193]]]}},{"type":"Feature","properties":{"id":"2111078","nome":"S\u00e3o Jo\u00e3o do Soter"},"geometry":{"type":"Polygon","coordinates":[[[-43.802,-4.819],[-43.781,-4.825],[-43.786,-4.827],[-43.794,-4.825],[-43.795,-4.832],[-43.785,-4.839],[-43.77,-4.842],[-43.768,-4.851],[-43.757,-4.852],[-43.756,-4.855],[-43.75,-4.846],[-43.744,-4.844],[-43.713,-4.863],[-43.703,-4.862],[-43.691,-4.855],[-43.683,-4.855],[-43.667,-4.849],[-43.644,-4.86],[-43.641,-4.858],[-43.627,-4.864],[-43.618,-4.875],[-43.602,-4.881],[-43.595,-4.883],[-43.584,-4.878],[-43.565,-4.878],[-43.558,-4.914],[-43.55,-4.929],[-43.552,-4.952],[-43.546,-4.968],[-43.551,-4.981],[-43.547,-4.985],[-43.572,-5.016],[-43.579,-5.032],[-43.61,-5.077],[-43.608,-5.089],[-43.599,-5.094],[-43.593,-5.104],[-43.593,-5.112],[-43.598,-5.11],[-43.621,-5.12],[-43.632,-5.113],[-43.639,-5.113],[-43.648,-5.124],[-43.666,-5.152],[-43.681,-5.162],[-43.692,-5.163],[-43.706,-5.17],[-43.71,-5.179],[-43.724,-5.183],[-43.724,-5.191],[-43.729,-5.198],[-43.74,-5.199],[-43.748,-5.198],[-43.761,-5.202],[-43.766,-5.218],[-43.772,-5.232],[-43.775,-5.258],[-43.784,-5.273],[-43.868,-5.235],[-44.016,-5.166],[-44.002,-5.164],[-43.996,-5.147],[-43.96,-5.05],[-43.945,-5.044],[-43.926,-5.026],[-43.916,-5.026],[-43.91,-5.022],[-43.905,-5.027],[-43.898,-5.018],[-43.871,-5.0],[-43.865,-4.986],[-43.858,-4.98],[-43.848,-4.944],[-43.841,-4.937],[-43.835,-4.938],[-43.831,-4.931],[-43.834,-4.919],[-43.833,-4.893],[-43.852,-4.882],[-43.852,-4.872],[-43.843,-4.861],[-43.846,-4.842],[-43.842,-4.826],[-43.839,-4.819],[-43.841,-4.81],[-43.832,-4.797],[-43.827,-4.79],[-43.824,-4.796],[-43.808,-4.804],[-43.802,-4.819]]]}},{"type":"Feature","properties":{"id":"2111102","nome":"S\u00e3o Jo\u00e3o dos Patos"},"geometry":{"type":"Polygon","coordinates":[[[-43.612,-6.322],[-43.601,-6.346],[-43.615,-6.338],[-43.623,-6.343],[-43.632,-6.344],[-43.634,-6.357],[-43.626,-6.382],[-43.625,-6.401],[-43.618,-6.415],[-43.62,-6.432],[-43.615,-6.443],[-43.609,-6.448],[-43.612,-6.458],[-43.599,-6.461],[-43.591,-6.459],[-43.587,-6.462],[-43.597,-6.476],[-43.599,-6.488],[-43.591,-6.479],[-43.587,-6.478],[-43.574,-6.489],[-43.567,-6.51],[-43.547,-6.518],[-43.505,-6.565],[-43.493,-6.578],[-43.472,-6.572],[-43.469,-6.574],[-43.465,-6.593],[-43.463,-6.593],[-43.439,-6.585],[-43.432,-6.587],[-43.402,-6.61],[-43.425,-6.712],[-43.454,-6.846],[-43.482,-6.835],[-43.489,-6.819],[-43.495,-6.809],[-43.506,-6.8],[-43.537,-6.792],[-43.546,-6.783],[-43.551,-6.759],[-43.561,-6.749],[-43.571,-6.749],[-43.576,-6.756],[-43.584,-6.757],[-43.599,-6.743],[-43.621,-6.735],[-43.637,-6.719],[-43.659,-6.71],[-43.672,-6.706],[-43.698,-6.709],[-43.707,-6.699],[-43.715,-6.698],[-43.728,-6.704],[-43.753,-6.703],[-43.79,-6.545],[-43.805,-6.517],[-43.81,-6.508],[-43.821,-6.512],[-43.811,-6.477],[-43.808,-6.467],[-43.784,-6.455],[-43.8,-6.439],[-43.812,-6.428],[-43.821,-6.41],[-43.838,-6.382],[-43.836,-6.345],[-43.844,-6.333],[-43.846,-6.309],[-43.85,-6.299],[-43.857,-6.294],[-43.859,-6.284],[-43.785,-6.295],[-43.665,-6.314],[-43.612,-6.322]]]}},{"type":"Feature","properties":{"id":"2111201","nome":"S\u00e3o Jos\u00e9 de Ribamar"},"geometry":{"type":"Polygon","coordinates":[[[-44.183,-2.519],[-44.184,-2.533],[-44.185,-2.539],[-44.185,-2.551],[-44.178,-2.551],[-44.171,-2.551],[-44.16,-2.551],[-44.149,-2.552],[-44.133,-2.552],[-44.126,-2.55],[-44.123,-2.55],[-44.107,-2.544],[-44.099,-2.546],[-44.085,-2.543],[-44.081,-2.546],[-44.06,-2.51],[-44.032,-2.465],[-44.009,-2.465],[-43.977,-2.467],[-43.958,-2.482],[-43.978,-2.546],[-44.0,-2.578],[-44.028,-2.605],[-44.043,-2.623],[-44.051,-2.632],[-44.067,-2.65],[-44.096,-2.688],[-44.136,-2.717],[-44.163,-2.73],[-44.182,-2.692],[-44.17,-2.68],[-44.174,-2.67],[-44.169,-2.649],[-44.174,-2.652],[-44.181,-2.649],[-44.185,-2.638],[-44.184,-2.631],[-44.181,-2.625],[-44.167,-2.596],[-44.178,-2.583],[-44.196,-2.562],[-44.207,-2.566],[-44.206,-2.553],[-44.208,-2.554],[-44.211,-2.551],[-44.199,-2.547],[-44.189,-2.537],[-44.193,-2.531],[-44.19,-2.529],[-44.205,-2.532],[-44.21,-2.532],[-44.209,-2.48],[-44.216,-2.471],[-44.179,-2.46],[-44.18,-2.474],[-44.183,-2.519]]]}},{"type":"Feature","properties":{"id":"2111250","nome":"S\u00e3o Jos\u00e9 dos Bas\u00edlios"},"geometry":{"type":"Polygon","coordinates":[[[-44.638,-4.862],[-44.596,-4.901],[-44.514,-4.976],[-44.496,-4.976],[-44.496,-4.991],[-44.49,-5.005],[-44.489,-5.01],[-44.485,-5.016],[-44.485,-5.022],[-44.495,-5.032],[-44.497,-5.04],[-44.485,-5.093],[-44.488,-5.127],[-44.5,-5.109],[-44.512,-5.111],[-44.524,-5.125],[-44.53,-5.147],[-44.538,-5.154],[-44.544,-5.17],[-44.555,-5.168],[-44.553,-5.173],[-44.556,-5.173],[-44.563,-5.162],[-44.571,-5.162],[-44.575,-5.15],[-44.588,-5.146],[-44.592,-5.142],[-44.598,-5.143],[-44.597,-5.135],[-44.605,-5.137],[-44.614,-5.135],[-44.62,-5.126],[-44.628,-5.125],[-44.623,-5.118],[-44.634,-5.112],[-44.631,-5.105],[-44.634,-5.096],[-44.641,-5.097],[-44.653,-5.085],[-44.658,-5.084],[-44.656,-5.073],[-44.666,-5.065],[-44.662,-5.062],[-44.665,-5.056],[-44.662,-5.051],[-44.651,-5.051],[-44.648,-5.058],[-44.639,-5.059],[-44.64,-5.05],[-44.634,-5.049],[-44.638,-5.037],[-44.634,-5.035],[-44.628,-5.019],[-44.623,-5.021],[-44.617,-5.014],[-44.619,-5.006],[-44.624,-5.002],[-44.636,-5.001],[-44.64,-4.99],[-44.636,-4.986],[-44.63,-4.986],[-44.627,-4.977],[-44.62,-4.972],[-44.618,-4.959],[-44.611,-4.95],[-44.613,-4.94],[-44.618,-4.936],[-44.612,-4.932],[-44.617,-4.931],[-44.615,-4.926],[-44.626,-4.92],[-44.625,-4.918],[-44.63,-4.915],[-44.632,-4.91],[-44.627,-4.909],[-44.628,-4.904],[-44.622,-4.904],[-44.622,-4.9],[-44.618,-4.9],[-44.614,-4.894],[-44.618,-4.892],[-44.615,-4.89],[-44.627,-4.883],[-44.627,-4.886],[-44.63,-4.887],[-44.634,-4.878],[-44.638,-4.881],[-44.643,-4.875],[-44.639,-4.868],[-44.643,-4.857],[-44.638,-4.862]]]}},{"type":"Feature","properties":{"id":"2111300","nome":"S\u00e3o Lu\u00eds"},"geometry":{"type":"Polygon","coordinates":[[[-44.374,-2.454],[-44.326,-2.5],[-44.311,-2.497],[-44.304,-2.489],[-44.295,-2.485],[-44.266,-2.485],[-44.26,-2.481],[-44.227,-2.478],[-44.216,-2.471],[-44.209,-2.48],[-44.21,-2.532],[-44.205,-2.532],[-44.19,-2.529],[-44.193,-2.531],[-44.189,-2.537],[-44.199,-2.547],[-44.211,-2.551],[-44.208,-2.554],[-44.206,-2.553],[-44.207,-2.566],[-44.196,-2.562],[-44.178,-2.583],[-44.167,-2.596],[-44.181,-2.625],[-44.184,-2.631],[-44.185,-2.638],[-44.181,-2.649],[-44.174,-2.652],[-44.169,-2.649],[-44.174,-2.67],[-44.17,-2.68],[-44.182,-2.692],[-44.163,-2.73],[-44.184,-2.737],[-44.252,-2.752],[-44.278,-2.764],[-44.281,-2.766],[-44.307,-2.779],[-44.328,-2.782],[-44.345,-2.765],[-44.359,-2.763],[-44.36,-2.758],[-44.366,-2.756],[-44.388,-2.765],[-44.389,-2.797],[-44.401,-2.796],[-44.434,-2.8],[-44.432,-2.766],[-44.431,-2.735],[-44.425,-2.685],[-44.43,-2.644],[-44.431,-2.621],[-44.426,-2.591],[-44.423,-2.58],[-44.399,-2.5],[-44.387,-2.478],[-44.374,-2.454]]]}},{"type":"Feature","properties":{"id":"2111409","nome":"S\u00e3o Lu\u00eds Gonzaga do Maranh\u00e3o"},"geometry":{"type":"Polygon","coordinates":[[[-44.473,-4.304],[-44.406,-4.321],[-44.395,-4.318],[-44.4,-4.333],[-44.423,-4.415],[-44.425,-4.434],[-44.43,-4.48],[-44.496,-4.478],[-44.577,-4.475],[-44.579,-4.472],[-44.578,-4.462],[-44.583,-4.459],[-44.586,-4.46],[-44.59,-4.454],[-44.599,-4.45],[-44.6,-4.452],[-44.606,-4.452],[-44.693,-4.453],[-44.726,-4.454],[-44.784,-4.455],[-44.798,-4.455],[-44.848,-4.456],[-44.905,-4.457],[-44.906,-4.457],[-44.944,-4.458],[-44.983,-4.458],[-44.988,-4.458],[-44.944,-4.43],[-44.873,-4.384],[-44.802,-4.329],[-44.776,-4.309],[-44.75,-4.289],[-44.749,-4.287],[-44.74,-4.28],[-44.656,-4.28],[-44.622,-4.28],[-44.573,-4.279],[-44.477,-4.279],[-44.473,-4.304]]]}},{"type":"Feature","properties":{"id":"2111508","nome":"S\u00e3o Mateus do Maranh\u00e3o"},"geometry":{"type":"Polygon","coordinates":[[[-44.48,-3.919],[-44.444,-3.928],[-44.436,-3.927],[-44.433,-3.933],[-44.422,-3.932],[-44.415,-3.938],[-44.415,-3.925],[-44.418,-3.918],[-44.414,-3.918],[-44.42,-3.914],[-44.414,-3.913],[-44.415,-3.91],[-44.41,-3.905],[-44.393,-3.895],[-44.389,-3.88],[-44.362,-3.864],[-44.363,-3.859],[-44.358,-3.857],[-44.353,-3.849],[-44.332,-3.859],[-44.323,-3.864],[-44.324,-3.868],[-44.319,-3.881],[-44.327,-3.889],[-44.33,-3.896],[-44.341,-3.894],[-44.343,-3.899],[-44.338,-3.909],[-44.343,-3.911],[-44.351,-3.924],[-44.359,-3.926],[-44.365,-3.928],[-44.368,-3.934],[-44.36,-3.945],[-44.364,-3.959],[-44.356,-3.965],[-44.354,-3.974],[-44.358,-3.981],[-44.375,-3.988],[-44.384,-3.998],[-44.381,-4.001],[-44.388,-4.007],[-44.385,-4.022],[-44.387,-4.027],[-44.398,-4.036],[-44.401,-4.038],[-44.408,-4.048],[-44.408,-4.055],[-44.399,-4.066],[-44.402,-4.086],[-44.452,-4.086],[-44.463,-4.086],[-44.458,-4.087],[-44.46,-4.092],[-44.455,-4.098],[-44.458,-4.1],[-44.456,-4.107],[-44.459,-4.112],[-44.452,-4.115],[-44.451,-4.122],[-44.444,-4.126],[-44.446,-4.129],[-44.471,-4.129],[-44.472,-4.091],[-44.512,-4.091],[-44.601,-4.093],[-44.629,-4.093],[-44.667,-4.094],[-44.718,-4.094],[-44.754,-4.095],[-44.758,-4.09],[-44.752,-4.086],[-44.756,-4.073],[-44.75,-4.072],[-44.745,-4.077],[-44.737,-4.068],[-44.741,-4.068],[-44.746,-4.062],[-44.738,-4.055],[-44.733,-4.054],[-44.733,-4.047],[-44.741,-4.037],[-44.736,-4.025],[-44.724,-4.04],[-44.714,-4.027],[-44.707,-4.03],[-44.705,-4.026],[-44.7,-4.027],[-44.678,-4.017],[-44.651,-4.015],[-44.641,-4.02],[-44.643,-4.025],[-44.637,-4.023],[-44.634,-4.027],[-44.626,-4.028],[-44.626,-4.031],[-44.617,-4.025],[-44.617,-4.022],[-44.623,-4.021],[-44.63,-4.019],[-44.636,-4.009],[-44.631,-4.004],[-44.636,-3.998],[-44.634,-3.992],[-44.639,-3.985],[-44.635,-3.981],[-44.629,-3.981],[-44.63,-3.977],[-44.631,-3.963],[-44.639,-3.942],[-44.632,-3.934],[-44.622,-3.93],[-44.622,-3.927],[-44.627,-3.927],[-44.621,-3.924],[-44.621,-3.92],[-44.623,-3.909],[-44.627,-3.908],[-44.61,-3.9],[-44.614,-3.881],[-44.614,-3.873],[-44.618,-3.866],[-44.625,-3.866],[-44.624,-3.859],[-44.62,-3.855],[-44.622,-3.851],[-44.618,-3.844],[-44.613,-3.843],[-44.61,-3.847],[-44.506,-3.848],[-44.481,-3.907],[-44.48,-3.919]]]}},{"type":"Feature","properties":{"id":"2111532","nome":"S\u00e3o Pedro da \u00c1gua Branca"},"geometry":{"type":"Polygon","coordinates":[[[-48.211,-5.083],[-48.215,-5.088],[-48.21,-5.093],[-48.211,-5.107],[-48.202,-5.118],[-48.205,-5.122],[-48.195,-5.127],[-48.197,-5.132],[-48.203,-5.134],[-48.203,-5.137],[-48.199,-5.146],[-48.202,-5.155],[-48.2,-5.16],[-48.22,-5.194],[-48.214,-5.208],[-48.216,-5.22],[-48.214,-5.23],[-48.225,-5.235],[-48.234,-5.228],[-48.273,-5.216],[-48.293,-5.204],[-48.32,-5.201],[-48.356,-5.171],[-48.363,-5.168],[-48.382,-5.172],[-48.466,-5.185],[-48.486,-5.193],[-48.523,-5.193],[-48.539,-5.205],[-48.561,-5.23],[-48.561,-5.234],[-48.568,-5.262],[-48.568,-5.283],[-48.584,-5.311],[-48.606,-5.336],[-48.612,-5.338],[-48.63,-5.333],[-48.638,-5.32],[-48.651,-5.311],[-48.679,-5.305],[-48.692,-5.311],[-48.699,-5.32],[-48.704,-5.344],[-48.708,-5.351],[-48.715,-5.353],[-48.73,-5.348],[-48.74,-5.352],[-48.755,-5.349],[-48.586,-5.217],[-48.549,-5.188],[-48.463,-5.12],[-48.452,-5.112],[-48.434,-5.096],[-48.436,-5.078],[-48.431,-5.074],[-48.427,-5.075],[-48.421,-5.083],[-48.419,-5.085],[-48.396,-5.07],[-48.212,-4.925],[-48.203,-4.945],[-48.187,-4.982],[-48.191,-4.984],[-48.195,-4.994],[-48.192,-5.014],[-48.194,-5.022],[-48.199,-5.024],[-48.211,-5.039],[-48.218,-5.057],[-48.216,-5.059],[-48.224,-5.067],[-48.222,-5.073],[-48.211,-5.083]]]}},{"type":"Feature","properties":{"id":"2111573","nome":"S\u00e3o Pedro dos Crentes"},"geometry":{"type":"Polygon","coordinates":[[[-46.836,-6.674],[-46.796,-6.692],[-46.736,-6.683],[-46.733,-6.683],[-46.724,-6.688],[-46.715,-6.698],[-46.703,-6.701],[-46.691,-6.699],[-46.679,-6.703],[-46.65,-6.729],[-46.64,-6.718],[-46.624,-6.713],[-46.614,-6.703],[-46.602,-6.706],[-46.593,-6.715],[-46.586,-6.714],[-46.581,-6.705],[-46.575,-6.706],[-46.576,-6.718],[-46.568,-6.721],[-46.555,-6.738],[-46.525,-6.742],[-46.518,-6.75],[-46.517,-6.769],[-46.512,-6.774],[-46.5,-6.779],[-46.495,-6.792],[-46.495,-6.808],[-46.477,-6.816],[-46.466,-6.811],[-46.457,-6.798],[-46.452,-6.799],[-46.451,-6.796],[-46.42,-6.813],[-46.406,-6.832],[-46.396,-6.826],[-46.392,-6.827],[-46.392,-6.837],[-46.388,-6.84],[-46.369,-6.843],[-46.371,-6.858],[-46.363,-6.871],[-46.371,-6.878],[-46.362,-6.9],[-46.358,-6.904],[-46.344,-6.912],[-46.334,-6.908],[-46.325,-6.911],[-46.306,-6.907],[-46.34,-6.939],[-46.351,-6.93],[-46.362,-6.928],[-46.373,-6.92],[-46.392,-6.93],[-46.417,-6.931],[-46.418,-6.923],[-46.423,-6.917],[-46.425,-6.903],[-46.416,-6.892],[-46.425,-6.864],[-46.45,-6.866],[-46.451,-6.863],[-46.458,-6.862],[-46.47,-6.867],[-46.479,-6.86],[-46.499,-6.862],[-46.507,-6.858],[-46.506,-6.852],[-46.512,-6.848],[-46.526,-6.834],[-46.532,-6.834],[-46.539,-6.833],[-46.545,-6.827],[-46.56,-6.825],[-46.579,-6.814],[-46.621,-6.82],[-46.648,-6.831],[-46.661,-6.847],[-46.678,-6.84],[-46.683,-6.84],[-46.697,-6.857],[-46.713,-6.857],[-46.722,-6.861],[-46.723,-6.866],[-46.732,-6.872],[-46.727,-6.878],[-46.732,-6.88],[-46.739,-6.876],[-46.74,-6.886],[-46.742,-6.89],[-46.752,-6.888],[-46.759,-6.897],[-46.76,-6.906],[-46.773,-6.907],[-46.774,-6.912],[-46.781,-6.916],[-46.791,-6.915],[-46.794,-6.921],[-46.799,-6.919],[-46.806,-6.924],[-46.809,-6.919],[-46.817,-6.922],[-46.824,-6.921],[-46.825,-6.925],[-46.838,-6.93],[-46.843,-6.94],[-46.849,-6.939],[-46.853,-6.953],[-46.859,-6.952],[-46.864,-6.959],[-46.86,-6.965],[-46.862,-6.971],[-46.858,-6.973],[-46.857,-6.978],[-46.855,-6.982],[-46.857,-6.983],[-46.866,-6.98],[-46.869,-6.986],[-46.871,-6.984],[-46.885,-6.99],[-46.887,-7.017],[-46.889,-7.022],[-46.91,-7.019],[-46.922,-7.03],[-46.931,-7.029],[-46.941,-7.019],[-46.924,-7.001],[-46.919,-6.981],[-46.91,-6.964],[-46.91,-6.949],[-46.929,-6.938],[-46.92,-6.924],[-46.929,-6.918],[-46.928,-6.913],[-46.929,-6.9],[-46.929,-6.873],[-46.92,-6.824],[-46.912,-6.809],[-46.907,-6.805],[-46.892,-6.807],[-46.878,-6.769],[-46.866,-6.766],[-46.866,-6.756],[-46.854,-6.745],[-46.825,-6.741],[-46.815,-6.743],[-46.811,-6.74],[-46.816,-6.723],[-46.821,-6.72],[-46.829,-6.724],[-46.84,-6.722],[-46.841,-6.717],[-46.835,-6.712],[-46.837,-6.705],[-46.856,-6.704],[-46.862,-6.694],[-46.875,-6.679],[-46.862,-6.671],[-46.853,-6.671],[-46.836,-6.674]]]}},{"type":"Feature","properties":{"id":"2111607","nome":"S\u00e3o Raimundo das Mangabeiras"},"geometry":{"type":"Polygon","coordinates":[[[-45.735,-6.713],[-45.727,-6.715],[-45.72,-6.712],[-45.705,-6.722],[-45.678,-6.728],[-45.661,-6.741],[-45.65,-6.746],[-45.632,-6.774],[-45.622,-6.797],[-45.614,-6.802],[-45.601,-6.815],[-45.596,-6.812],[-45.572,-6.819],[-45.56,-6.814],[-45.555,-6.806],[-45.55,-6.811],[-45.543,-6.802],[-45.541,-6.806],[-45.532,-6.808],[-45.523,-6.802],[-45.509,-6.804],[-45.508,-6.804],[-45.501,-6.803],[-45.493,-6.795],[-45.466,-6.792],[-45.455,-6.785],[-45.452,-6.779],[-45.433,-6.777],[-45.4,-6.757],[-45.393,-6.761],[-45.383,-6.757],[-45.368,-6.759],[-45.355,-6.775],[-45.354,-6.78],[-45.363,-6.791],[-45.368,-6.816],[-45.38,-6.82],[-45.369,-6.9],[-45.434,-7.056],[-45.44,-7.071],[-45.498,-7.209],[-45.524,-7.271],[-45.518,-7.279],[-45.527,-7.279],[-45.532,-7.285],[-45.533,-7.293],[-45.543,-7.302],[-45.55,-7.294],[-45.559,-7.293],[-45.556,-7.316],[-45.565,-7.325],[-45.577,-7.312],[-45.585,-7.311],[-45.593,-7.315],[-45.596,-7.319],[-45.598,-7.343],[-45.621,-7.35],[-45.631,-7.374],[-45.646,-7.382],[-45.648,-7.394],[-45.672,-7.404],[-45.679,-7.392],[-45.702,-7.389],[-45.715,-7.378],[-45.721,-7.366],[-45.764,-7.342],[-45.773,-7.334],[-45.808,-7.325],[-45.838,-7.304],[-45.847,-7.304],[-45.87,-7.288],[-45.89,-7.234],[-45.893,-7.227],[-45.917,-7.161],[-45.959,-7.05],[-45.934,-7.046],[-45.919,-7.057],[-45.907,-7.056],[-45.899,-7.045],[-45.874,-7.031],[-45.869,-7.02],[-45.863,-7.015],[-45.855,-7.014],[-45.835,-6.991],[-45.829,-6.979],[-45.819,-6.974],[-45.83,-6.955],[-45.838,-6.951],[-45.84,-6.956],[-45.849,-6.953],[-45.852,-6.943],[-45.877,-6.942],[-45.906,-6.955],[-45.912,-6.948],[-45.916,-6.951],[-45.919,-6.948],[-45.931,-6.96],[-45.936,-6.955],[-45.941,-6.955],[-45.944,-6.949],[-45.949,-6.951],[-45.958,-6.943],[-45.966,-6.94],[-45.971,-6.942],[-45.969,-6.934],[-45.979,-6.934],[-45.984,-6.926],[-45.989,-6.922],[-45.984,-6.92],[-45.987,-6.917],[-45.986,-6.91],[-45.991,-6.908],[-45.987,-6.905],[-45.988,-6.9],[-45.992,-6.893],[-45.996,-6.893],[-45.99,-6.889],[-45.991,-6.881],[-46.003,-6.864],[-45.999,-6.861],[-46.003,-6.852],[-46.002,-6.846],[-46.014,-6.839],[-46.015,-6.836],[-46.011,-6.834],[-46.019,-6.823],[-46.025,-6.823],[-46.026,-6.82],[-46.02,-6.816],[-46.022,-6.814],[-46.016,-6.807],[-46.003,-6.803],[-45.995,-6.779],[-45.979,-6.759],[-45.968,-6.755],[-45.955,-6.742],[-45.947,-6.725],[-45.931,-6.718],[-45.92,-6.72],[-45.912,-6.726],[-45.85,-6.721],[-45.845,-6.723],[-45.826,-6.715],[-45.8,-6.719],[-45.779,-6.712],[-45.773,-6.704],[-45.75,-6.7],[-45.746,-6.7],[-45.735,-6.713]]]}},{"type":"Feature","properties":{"id":"2111631","nome":"S\u00e3o Raimundo do Doca Bezerra"},"geometry":{"type":"Polygon","coordinates":[[[-45.188,-5.014],[-45.182,-5.019],[-45.176,-5.017],[-45.164,-5.026],[-45.154,-5.019],[-45.153,-5.008],[-45.15,-5.006],[-45.134,-5.013],[-45.079,-5.038],[-45.033,-5.059],[-45.043,-5.069],[-45.03,-5.084],[-44.972,-5.115],[-44.968,-5.117],[-44.97,-5.13],[-44.975,-5.131],[-44.981,-5.127],[-44.99,-5.131],[-44.99,-5.138],[-44.993,-5.138],[-44.992,-5.143],[-44.999,-5.151],[-44.997,-5.154],[-45.0,-5.159],[-44.996,-5.164],[-45.0,-5.163],[-45.006,-5.169],[-45.003,-5.177],[-45.007,-5.182],[-45.009,-5.18],[-45.007,-5.185],[-45.01,-5.187],[-45.007,-5.188],[-45.014,-5.192],[-45.012,-5.194],[-45.018,-5.199],[-45.02,-5.208],[-45.02,-5.209],[-45.122,-5.121],[-45.123,-5.121],[-45.153,-5.095],[-45.256,-5.03],[-45.245,-5.023],[-45.238,-5.015],[-45.227,-5.012],[-45.207,-4.999],[-45.192,-4.998],[-45.185,-5.004],[-45.188,-5.014]]]}},{"type":"Feature","properties":{"id":"2111672","nome":"S\u00e3o Roberto"},"geometry":{"type":"Polygon","coordinates":[[[-44.997,-4.971],[-44.932,-5.014],[-44.935,-5.023],[-44.942,-5.025],[-44.951,-5.023],[-44.95,-5.029],[-44.954,-5.033],[-44.952,-5.037],[-44.943,-5.038],[-44.948,-5.047],[-44.956,-5.052],[-44.954,-5.058],[-44.959,-5.06],[-44.957,-5.066],[-44.96,-5.071],[-44.965,-5.069],[-44.963,-5.075],[-44.97,-5.08],[-44.96,-5.089],[-44.962,-5.092],[-44.966,-5.096],[-44.963,-5.098],[-44.96,-5.102],[-44.965,-5.104],[-44.964,-5.109],[-44.969,-5.109],[-44.972,-5.115],[-45.03,-5.084],[-45.043,-5.069],[-45.033,-5.059],[-45.079,-5.038],[-45.134,-5.013],[-45.15,-5.006],[-45.153,-5.008],[-45.154,-5.019],[-45.164,-5.026],[-45.176,-5.017],[-45.182,-5.019],[-45.188,-5.014],[-45.185,-5.004],[-45.192,-4.998],[-45.133,-4.997],[-45.117,-4.992],[-45.104,-4.968],[-45.057,-4.947],[-45.044,-4.937],[-45.04,-4.929],[-45.038,-4.931],[-45.034,-4.935],[-45.036,-4.951],[-45.033,-4.956],[-45.028,-4.961],[-45.013,-4.962],[-44.998,-4.971],[-44.997,-4.971]]]}},{"type":"Feature","properties":{"id":"2111706","nome":"S\u00e3o Vicente Ferrer"},"geometry":{"type":"Polygon","coordinates":[[[-44.904,-2.793],[-44.883,-2.802],[-44.865,-2.8],[-44.844,-2.808],[-44.839,-2.804],[-44.826,-2.803],[-44.824,-2.803],[-44.819,-2.799],[-44.802,-2.812],[-44.791,-2.815],[-44.786,-2.82],[-44.78,-2.842],[-44.781,-2.855],[-44.786,-2.86],[-44.791,-2.864],[-44.793,-2.874],[-44.791,-2.888],[-44.822,-2.913],[-44.844,-2.931],[-44.862,-2.946],[-44.87,-2.947],[-44.874,-2.947],[-44.884,-2.94],[-44.909,-2.934],[-44.911,-2.932],[-44.926,-2.925],[-44.932,-2.918],[-44.974,-2.939],[-44.99,-2.935],[-44.996,-2.925],[-45.001,-2.931],[-45.017,-2.937],[-45.021,-2.911],[-45.02,-2.907],[-45.018,-2.898],[-45.026,-2.893],[-45.028,-2.887],[-45.065,-2.898],[-45.079,-2.906],[-45.09,-2.904],[-45.125,-2.92],[-45.181,-2.94],[-45.217,-2.953],[-45.213,-2.929],[-45.201,-2.927],[-45.196,-2.935],[-45.189,-2.937],[-45.187,-2.932],[-45.191,-2.926],[-45.183,-2.924],[-45.186,-2.92],[-45.209,-2.921],[-45.216,-2.908],[-45.197,-2.911],[-45.132,-2.891],[-45.125,-2.888],[-45.12,-2.879],[-45.113,-2.882],[-45.107,-2.883],[-45.074,-2.873],[-45.061,-2.868],[-45.037,-2.868],[-45.01,-2.854],[-44.982,-2.846],[-44.971,-2.836],[-44.961,-2.841],[-44.946,-2.822],[-44.934,-2.806],[-44.904,-2.793]]]}},{"type":"Feature","properties":{"id":"2111722","nome":"Satubinha"},"geometry":{"type":"Polygon","coordinates":[[[-45.159,-3.766],[-45.172,-3.778],[-45.169,-3.789],[-45.177,-3.789],[-45.198,-3.808],[-45.215,-3.987],[-45.22,-4.031],[-45.208,-4.033],[-45.208,-4.034],[-45.209,-4.054],[-45.209,-4.066],[-45.252,-4.148],[-45.262,-4.138],[-45.273,-4.119],[-45.313,-4.094],[-45.31,-4.09],[-45.314,-4.082],[-45.31,-4.074],[-45.313,-4.07],[-45.318,-4.07],[-45.317,-4.059],[-45.308,-4.046],[-45.307,-4.036],[-45.303,-4.036],[-45.294,-4.024],[-45.296,-4.019],[-45.301,-4.018],[-45.301,-4.011],[-45.31,-4.007],[-45.306,-3.997],[-45.308,-3.986],[-45.31,-3.976],[-45.322,-3.966],[-45.316,-3.954],[-45.32,-3.949],[-45.317,-3.937],[-45.325,-3.929],[-45.316,-3.922],[-45.312,-3.909],[-45.318,-3.903],[-45.326,-3.906],[-45.336,-3.903],[-45.333,-3.899],[-45.338,-3.888],[-45.334,-3.884],[-45.338,-3.878],[-45.336,-3.873],[-45.339,-3.87],[-45.341,-3.856],[-45.329,-3.857],[-45.331,-3.853],[-45.325,-3.845],[-45.328,-3.841],[-45.318,-3.834],[-45.308,-3.819],[-45.309,-3.812],[-45.299,-3.799],[-45.29,-3.799],[-45.285,-3.804],[-45.284,-3.799],[-45.276,-3.797],[-45.266,-3.795],[-45.262,-3.8],[-45.256,-3.799],[-45.241,-3.783],[-45.235,-3.785],[-45.229,-3.776],[-45.218,-3.773],[-45.207,-3.785],[-45.2,-3.781],[-45.201,-3.775],[-45.197,-3.773],[-45.188,-3.777],[-45.19,-3.774],[-45.178,-3.762],[-45.181,-3.757],[-45.17,-3.752],[-45.157,-3.74],[-45.154,-3.73],[-45.146,-3.731],[-45.149,-3.745],[-45.153,-3.746],[-45.162,-3.762],[-45.159,-3.766]]]}},{"type":"Feature","properties":{"id":"2111748","nome":"Senador Alexandre Costa"},"geometry":{"type":"Polygon","coordinates":[[[-43.798,-5.279],[-43.802,-5.285],[-43.816,-5.284],[-43.825,-5.293],[-43.83,-5.291],[-43.841,-5.299],[-43.85,-5.298],[-43.871,-5.321],[-43.909,-5.319],[-43.914,-5.324],[-43.926,-5.326],[-43.95,-5.332],[-43.962,-5.328],[-44.009,-5.312],[-44.04,-5.315],[-44.045,-5.318],[-44.051,-5.33],[-44.095,-5.349],[-44.102,-5.323],[-44.123,-5.256],[-44.13,-5.229],[-44.081,-5.202],[-44.053,-5.186],[-44.034,-5.175],[-44.016,-5.166],[-43.868,-5.235],[-43.784,-5.273],[-43.798,-5.279]]]}},{"type":"Feature","properties":{"id":"2111763","nome":"Senador La Rocque"},"geometry":{"type":"Polygon","coordinates":[[[-46.87,-5.097],[-46.875,-5.111],[-46.879,-5.114],[-46.877,-5.122],[-46.88,-5.127],[-46.874,-5.131],[-46.87,-5.139],[-46.876,-5.155],[-46.876,-5.17],[-46.889,-5.182],[-46.888,-5.188],[-46.891,-5.19],[-46.887,-5.205],[-46.885,-5.223],[-46.89,-5.225],[-46.893,-5.233],[-46.896,-5.233],[-46.895,-5.241],[-46.902,-5.257],[-46.899,-5.263],[-46.91,-5.28],[-46.912,-5.285],[-46.904,-5.316],[-46.904,-5.325],[-46.899,-5.34],[-46.901,-5.35],[-46.905,-5.355],[-46.911,-5.357],[-46.919,-5.352],[-46.926,-5.353],[-46.947,-5.365],[-46.954,-5.364],[-46.961,-5.368],[-46.979,-5.368],[-46.996,-5.379],[-47.023,-5.387],[-47.028,-5.394],[-47.036,-5.395],[-47.045,-5.403],[-47.119,-5.43],[-47.157,-5.445],[-47.174,-5.451],[-47.19,-5.463],[-47.198,-5.474],[-47.211,-5.477],[-47.221,-5.489],[-47.226,-5.489],[-47.239,-5.5],[-47.241,-5.513],[-47.253,-5.51],[-47.259,-5.521],[-47.275,-5.531],[-47.28,-5.54],[-47.283,-5.539],[-47.294,-5.544],[-47.306,-5.536],[-47.31,-5.539],[-47.312,-5.551],[-47.319,-5.557],[-47.326,-5.547],[-47.342,-5.553],[-47.35,-5.54],[-47.357,-5.544],[-47.362,-5.537],[-47.372,-5.538],[-47.377,-5.533],[-47.376,-5.527],[-47.379,-5.524],[-47.382,-5.52],[-47.381,-5.514],[-47.387,-5.515],[-47.39,-5.52],[-47.398,-5.518],[-47.406,-5.509],[-47.404,-5.499],[-47.395,-5.492],[-47.398,-5.483],[-47.379,-5.463],[-47.36,-5.451],[-47.353,-5.457],[-47.344,-5.446],[-47.339,-5.441],[-47.33,-5.431],[-47.319,-5.395],[-47.307,-5.385],[-47.305,-5.385],[-47.308,-5.368],[-47.306,-5.358],[-47.31,-5.352],[-47.239,-5.305],[-47.233,-5.301],[-47.165,-5.255],[-47.071,-5.193],[-47.031,-5.167],[-47.021,-5.16],[-46.985,-5.136],[-46.984,-5.113],[-46.975,-5.101],[-46.972,-5.104],[-46.965,-5.099],[-46.949,-5.101],[-46.948,-5.096],[-46.943,-5.092],[-46.936,-5.096],[-46.932,-5.095],[-46.925,-5.099],[-46.923,-5.105],[-46.918,-5.106],[-46.912,-5.09],[-46.887,-5.069],[-46.885,-5.076],[-46.874,-5.079],[-46.87,-5.097]]]}},{"type":"Feature","properties":{"id":"2111789","nome":"Serrano do Maranh\u00e3o"},"geometry":{"type":"Polygon","coordinates":[[[-44.855,-1.613],[-44.85,-1.625],[-44.839,-1.636],[-44.831,-1.639],[-44.823,-1.637],[-44.814,-1.645],[-44.813,-1.649],[-44.824,-1.658],[-44.828,-1.668],[-44.827,-1.671],[-44.815,-1.664],[-44.809,-1.665],[-44.807,-1.669],[-44.81,-1.685],[-44.822,-1.692],[-44.828,-1.69],[-44.83,-1.683],[-44.846,-1.68],[-44.847,-1.686],[-44.852,-1.69],[-44.859,-1.69],[-44.859,-1.698],[-44.879,-1.708],[-44.884,-1.706],[-44.894,-1.707],[-44.924,-1.718],[-44.908,-1.732],[-44.889,-1.766],[-44.904,-1.817],[-44.928,-1.816],[-44.947,-1.824],[-44.971,-1.827],[-44.974,-1.833],[-44.971,-1.844],[-44.962,-1.851],[-44.933,-1.874],[-44.928,-1.878],[-44.915,-1.879],[-44.914,-1.9],[-44.914,-1.909],[-44.914,-1.919],[-44.925,-1.945],[-44.925,-2.015],[-44.957,-2.014],[-44.958,-2.014],[-44.969,-2.014],[-44.968,-2.091],[-44.968,-2.095],[-44.967,-2.156],[-44.967,-2.171],[-44.994,-2.144],[-45.05,-2.092],[-45.094,-2.05],[-45.189,-2.04],[-45.187,-2.039],[-45.191,-2.029],[-45.181,-2.03],[-45.178,-2.011],[-45.187,-2.007],[-45.187,-2.0],[-45.196,-1.998],[-45.198,-1.993],[-45.195,-1.992],[-45.19,-1.999],[-45.176,-2.001],[-45.177,-1.996],[-45.184,-1.992],[-45.175,-1.99],[-45.179,-1.976],[-45.172,-1.97],[-45.174,-1.957],[-45.169,-1.955],[-45.158,-1.958],[-45.157,-1.944],[-45.153,-1.94],[-45.157,-1.929],[-45.145,-1.917],[-45.144,-1.904],[-45.164,-1.891],[-45.172,-1.889],[-45.176,-1.883],[-45.178,-1.856],[-45.163,-1.845],[-45.153,-1.847],[-45.141,-1.841],[-45.128,-1.84],[-45.097,-1.822],[-45.083,-1.813],[-45.081,-1.799],[-45.091,-1.791],[-45.118,-1.785],[-45.128,-1.778],[-45.129,-1.772],[-45.1,-1.748],[-45.087,-1.723],[-45.089,-1.713],[-45.1,-1.715],[-45.114,-1.684],[-45.105,-1.68],[-45.091,-1.672],[-45.065,-1.664],[-45.008,-1.665],[-44.99,-1.64],[-44.985,-1.643],[-44.981,-1.653],[-44.971,-1.653],[-44.967,-1.661],[-44.955,-1.662],[-44.929,-1.654],[-44.921,-1.659],[-44.908,-1.658],[-44.897,-1.649],[-44.895,-1.644],[-44.906,-1.637],[-44.913,-1.628],[-44.915,-1.619],[-44.92,-1.615],[-44.912,-1.609],[-44.9,-1.616],[-44.898,-1.613],[-44.881,-1.604],[-44.866,-1.603],[-44.855,-1.613]]]}},{"type":"Feature","properties":{"id":"2111805","nome":"S\u00edtio Novo"},"geometry":{"type":"Polygon","coordinates":[[[-46.587,-5.732],[-46.568,-5.739],[-46.559,-5.737],[-46.558,-5.734],[-46.549,-5.734],[-46.542,-5.736],[-46.538,-5.742],[-46.527,-5.738],[-46.5,-5.743],[-46.494,-5.753],[-46.484,-5.748],[-46.469,-5.751],[-46.466,-5.883],[-46.464,-5.993],[-46.464,-6.236],[-46.464,-6.281],[-46.465,-6.622],[-46.466,-6.749],[-46.466,-6.811],[-46.477,-6.816],[-46.495,-6.808],[-46.495,-6.792],[-46.5,-6.779],[-46.512,-6.774],[-46.517,-6.769],[-46.518,-6.75],[-46.525,-6.742],[-46.555,-6.738],[-46.568,-6.721],[-46.576,-6.718],[-46.575,-6.706],[-46.581,-6.705],[-46.586,-6.714],[-46.593,-6.715],[-46.602,-6.706],[-46.614,-6.703],[-46.624,-6.713],[-46.64,-6.718],[-46.65,-6.729],[-46.679,-6.703],[-46.691,-6.699],[-46.703,-6.701],[-46.715,-6.698],[-46.724,-6.688],[-46.733,-6.683],[-46.732,-6.678],[-46.741,-6.671],[-46.729,-6.664],[-46.727,-6.658],[-46.729,-6.653],[-46.738,-6.651],[-46.747,-6.632],[-46.757,-6.623],[-46.759,-6.611],[-46.761,-6.594],[-46.758,-6.588],[-46.752,-6.586],[-46.752,-6.566],[-46.734,-6.552],[-46.734,-6.532],[-46.719,-6.505],[-46.726,-6.489],[-46.729,-6.465],[-46.726,-6.453],[-46.72,-6.453],[-46.713,-6.451],[-46.707,-6.438],[-46.716,-6.42],[-46.717,-6.416],[-46.708,-6.403],[-46.695,-6.399],[-46.693,-6.389],[-46.678,-6.373],[-46.69,-6.363],[-46.684,-6.355],[-46.695,-6.353],[-46.693,-6.342],[-46.67,-6.34],[-46.674,-6.331],[-46.688,-6.321],[-46.692,-6.312],[-46.688,-6.296],[-46.682,-6.292],[-46.671,-6.292],[-46.666,-6.285],[-46.654,-6.283],[-46.644,-6.277],[-46.643,-6.272],[-46.642,-6.267],[-46.635,-6.263],[-46.634,-6.252],[-46.618,-6.244],[-46.618,-6.233],[-46.609,-6.224],[-46.613,-6.21],[-46.63,-6.205],[-46.638,-6.208],[-46.681,-6.203],[-46.691,-6.191],[-46.701,-6.189],[-46.697,-6.181],[-46.694,-6.164],[-46.68,-6.155],[-46.671,-6.13],[-46.692,-6.111],[-46.711,-6.112],[-46.712,-6.101],[-46.727,-6.086],[-46.714,-6.076],[-46.713,-6.072],[-46.714,-6.068],[-46.729,-6.058],[-46.742,-6.036],[-46.736,-6.026],[-46.735,-6.013],[-46.737,-6.007],[-46.751,-6.002],[-46.752,-5.992],[-46.759,-5.979],[-46.777,-5.977],[-46.785,-5.963],[-46.783,-5.941],[-46.786,-5.93],[-46.79,-5.925],[-46.775,-5.914],[-46.776,-5.907],[-46.782,-5.898],[-46.792,-5.892],[-46.794,-5.871],[-46.786,-5.86],[-46.783,-5.847],[-46.786,-5.838],[-46.781,-5.827],[-46.774,-5.825],[-46.763,-5.819],[-46.761,-5.806],[-46.755,-5.798],[-46.756,-5.792],[-46.739,-5.779],[-46.741,-5.771],[-46.734,-5.75],[-46.722,-5.745],[-46.715,-5.75],[-46.704,-5.744],[-46.694,-5.743],[-46.682,-5.757],[-46.679,-5.764],[-46.671,-5.768],[-46.664,-5.762],[-46.657,-5.76],[-46.656,-5.759],[-46.637,-5.75],[-46.627,-5.756],[-46.621,-5.755],[-46.611,-5.751],[-46.606,-5.741],[-46.587,-5.739],[-46.587,-5.732]]]}},{"type":"Feature","properties":{"id":"2111904","nome":"Sucupira do Norte"},"geometry":{"type":"Polygon","coordinates":[[[-44.372,-6.635],[-44.507,-6.749],[-44.599,-6.697],[-44.63,-6.68],[-44.528,-6.586],[-44.463,-6.525],[-44.453,-6.516],[-44.389,-6.457],[-44.316,-6.39],[-44.248,-6.327],[-44.171,-6.256],[-44.164,-6.265],[-44.141,-6.295],[-44.127,-6.315],[-44.103,-6.346],[-44.099,-6.351],[-44.057,-6.369],[-44.07,-6.38],[-44.185,-6.477],[-44.187,-6.478],[-44.192,-6.483],[-44.194,-6.484],[-44.255,-6.536],[-44.305,-6.578],[-44.322,-6.592],[-44.372,-6.635]]]}},{"type":"Feature","properties":{"id":"2111953","nome":"Sucupira do Riach\u00e3o"},"geometry":{"type":"Polygon","coordinates":[[[-43.555,-6.331],[-43.41,-6.355],[-43.43,-6.376],[-43.426,-6.383],[-43.422,-6.4],[-43.407,-6.415],[-43.41,-6.426],[-43.405,-6.431],[-43.406,-6.45],[-43.412,-6.455],[-43.401,-6.459],[-43.387,-6.485],[-43.386,-6.494],[-43.375,-6.51],[-43.369,-6.526],[-43.379,-6.535],[-43.383,-6.563],[-43.381,-6.591],[-43.396,-6.602],[-43.402,-6.61],[-43.432,-6.587],[-43.439,-6.585],[-43.463,-6.593],[-43.465,-6.593],[-43.469,-6.574],[-43.472,-6.572],[-43.493,-6.578],[-43.505,-6.565],[-43.547,-6.518],[-43.567,-6.51],[-43.574,-6.489],[-43.587,-6.478],[-43.591,-6.479],[-43.599,-6.488],[-43.597,-6.476],[-43.587,-6.462],[-43.591,-6.459],[-43.599,-6.461],[-43.612,-6.458],[-43.609,-6.448],[-43.615,-6.443],[-43.62,-6.432],[-43.618,-6.415],[-43.625,-6.401],[-43.626,-6.382],[-43.634,-6.357],[-43.632,-6.344],[-43.623,-6.343],[-43.615,-6.338],[-43.601,-6.346],[-43.612,-6.322],[-43.555,-6.331]]]}},{"type":"Feature","properties":{"id":"2112001","nome":"Tasso Fragoso"},"geometry":{"type":"Polygon","coordinates":[[[-45.738,-7.779],[-45.735,-7.784],[-45.726,-7.782],[-45.717,-7.788],[-45.696,-7.79],[-45.686,-7.787],[-45.682,-7.79],[-45.669,-7.79],[-45.646,-7.803],[-45.619,-7.807],[-45.574,-7.84],[-45.561,-7.843],[-45.553,-7.854],[-45.536,-7.861],[-45.54,-7.864],[-45.537,-7.872],[-45.522,-7.883],[-45.52,-7.888],[-45.539,-7.893],[-45.543,-7.897],[-45.524,-7.908],[-45.523,-7.912],[-45.532,-7.923],[-45.539,-7.919],[-45.543,-7.921],[-45.541,-7.929],[-45.544,-7.939],[-45.547,-7.947],[-45.556,-7.954],[-45.545,-7.96],[-45.548,-7.969],[-45.556,-7.973],[-45.559,-7.981],[-45.567,-7.997],[-45.551,-8.008],[-45.549,-8.014],[-45.554,-8.017],[-45.563,-8.014],[-45.576,-8.029],[-45.561,-8.047],[-45.567,-8.053],[-45.567,-8.071],[-45.584,-8.1],[-45.575,-8.114],[-45.585,-8.129],[-45.586,-8.136],[-45.581,-8.156],[-45.591,-8.173],[-45.599,-8.175],[-45.607,-8.185],[-45.611,-8.187],[-45.612,-8.194],[-45.608,-8.205],[-45.648,-8.238],[-45.661,-8.25],[-45.664,-8.288],[-45.671,-8.294],[-45.676,-8.304],[-45.679,-8.322],[-45.687,-8.336],[-45.687,-8.355],[-45.691,-8.363],[-45.703,-8.368],[-45.7,-8.381],[-45.706,-8.388],[-45.711,-8.388],[-45.721,-8.394],[-45.719,-8.403],[-45.731,-8.412],[-45.733,-8.422],[-45.728,-8.429],[-45.734,-8.436],[-45.742,-8.448],[-45.741,-8.468],[-45.742,-8.481],[-45.746,-8.493],[-45.738,-8.501],[-45.756,-8.527],[-45.753,-8.54],[-45.755,-8.544],[-45.76,-8.549],[-45.761,-8.561],[-45.771,-8.574],[-45.793,-8.584],[-45.794,-8.592],[-45.781,-8.598],[-45.765,-8.609],[-45.778,-8.617],[-45.797,-8.613],[-45.798,-8.621],[-45.803,-8.622],[-45.815,-8.633],[-45.821,-8.649],[-45.819,-8.654],[-45.811,-8.656],[-45.821,-8.665],[-45.84,-8.715],[-45.853,-8.709],[-45.864,-8.715],[-45.863,-8.729],[-45.874,-8.731],[-45.889,-8.739],[-45.891,-8.762],[-45.907,-8.758],[-45.928,-8.777],[-45.935,-8.779],[-45.938,-8.785],[-45.942,-8.787],[-45.953,-8.782],[-45.97,-8.79],[-45.981,-8.791],[-45.987,-8.798],[-45.988,-8.796],[-45.995,-8.799],[-46.009,-8.799],[-46.012,-8.803],[-46.017,-8.799],[-46.032,-8.807],[-46.054,-8.81],[-46.053,-8.813],[-46.056,-8.816],[-46.059,-8.813],[-46.063,-8.816],[-46.07,-8.81],[-46.072,-8.814],[-46.078,-8.813],[-46.097,-8.826],[-46.097,-8.83],[-46.117,-8.832],[-46.131,-8.837],[-46.2,-8.806],[-46.238,-8.809],[-46.256,-8.804],[-46.261,-8.801],[-46.286,-8.758],[-46.273,-8.726],[-46.264,-8.717],[-46.249,-8.714],[-46.238,-8.678],[-46.218,-8.662],[-46.204,-8.653],[-46.181,-8.65],[-46.175,-8.639],[-46.146,-8.629],[-46.132,-8.598],[-46.112,-8.578],[-46.115,-8.55],[-46.109,-8.541],[-46.113,-8.53],[-46.114,-8.518],[-46.096,-8.477],[-46.096,-8.421],[-46.099,-8.407],[-46.096,-8.359],[-46.082,-8.335],[-46.086,-8.318],[-46.098,-8.308],[-46.106,-8.296],[-46.106,-8.262],[-46.102,-8.254],[-46.104,-8.25],[-46.102,-8.235],[-46.107,-8.23],[-46.12,-8.226],[-46.119,-8.212],[-46.126,-8.202],[-46.132,-8.149],[-46.148,-8.114],[-46.149,-8.107],[-46.143,-8.093],[-46.144,-8.077],[-46.115,-8.064],[-46.099,-8.053],[-46.099,-8.026],[-46.097,-8.024],[-46.089,-8.025],[-46.061,-8.044],[-46.057,-8.065],[-46.045,-8.07],[-46.033,-8.068],[-46.034,-8.08],[-46.023,-8.092],[-46.02,-8.102],[-46.012,-8.128],[-46.002,-8.134],[-46.007,-8.152],[-46.002,-8.162],[-45.965,-8.182],[-45.955,-8.182],[-45.926,-8.197],[-45.913,-8.185],[-45.915,-8.14],[-45.912,-8.132],[-45.887,-8.13],[-45.867,-8.114],[-45.852,-8.108],[-45.786,-8.105],[-45.778,-8.102],[-45.771,-8.089],[-45.761,-8.07],[-45.761,-8.057],[-45.766,-8.047],[-45.788,-8.022],[-45.794,-8.021],[-45.791,-8.014],[-45.776,-8.0],[-45.77,-7.981],[-45.78,-7.964],[-45.783,-7.945],[-45.79,-7.936],[-45.819,-7.932],[-45.827,-7.923],[-45.833,-7.898],[-45.83,-7.88],[-45.835,-7.846],[-45.83,-7.824],[-45.821,-7.813],[-45.777,-7.794],[-45.762,-7.785],[-45.762,-7.782],[-45.751,-7.78],[-45.745,-7.783],[-45.738,-7.779]]]}},{"type":"Feature","properties":{"id":"2112100","nome":"Timbiras"},"geometry":{"type":"Polygon","coordinates":[[[-43.67,-3.994],[-43.655,-4.007],[-43.646,-4.006],[-43.637,-4.015],[-43.633,-4.016],[-43.623,-4.031],[-43.614,-4.03],[-43.61,-4.041],[-43.602,-4.044],[-43.599,-4.058],[-43.601,-4.074],[-43.598,-4.081],[-43.601,-4.093],[-43.594,-4.105],[-43.603,-4.12],[-43.605,-4.126],[-43.588,-4.146],[-43.588,-4.158],[-43.598,-4.183],[-43.595,-4.187],[-43.596,-4.197],[-43.593,-4.201],[-43.602,-4.215],[-43.602,-4.219],[-43.594,-4.228],[-43.621,-4.23],[-43.682,-4.236],[-43.739,-4.241],[-43.752,-4.242],[-43.754,-4.245],[-43.808,-4.324],[-43.822,-4.328],[-43.833,-4.342],[-43.835,-4.346],[-43.848,-4.345],[-43.873,-4.356],[-43.882,-4.349],[-43.882,-4.345],[-43.897,-4.326],[-43.907,-4.326],[-43.913,-4.314],[-43.924,-4.306],[-43.937,-4.335],[-44.055,-4.388],[-44.055,-4.397],[-44.064,-4.406],[-44.07,-4.403],[-44.074,-4.397],[-44.051,-4.384],[-44.057,-4.371],[-44.062,-4.369],[-44.065,-4.354],[-44.06,-4.33],[-44.065,-4.317],[-44.064,-4.313],[-44.067,-4.304],[-44.059,-4.284],[-44.042,-4.273],[-44.039,-4.279],[-44.034,-4.279],[-44.024,-4.265],[-44.016,-4.271],[-44.014,-4.267],[-44.005,-4.263],[-44.006,-4.259],[-44.0,-4.253],[-43.996,-4.247],[-43.986,-4.219],[-43.949,-4.116],[-43.937,-4.083],[-43.927,-4.055],[-43.912,-4.016],[-43.895,-3.968],[-43.873,-3.963],[-43.844,-3.957],[-43.82,-3.953],[-43.763,-3.941],[-43.729,-3.935],[-43.723,-3.946],[-43.717,-3.948],[-43.706,-3.959],[-43.703,-3.969],[-43.692,-3.971],[-43.681,-3.978],[-43.678,-3.986],[-43.672,-3.986],[-43.67,-3.994]]]}},{"type":"Feature","properties":{"id":"2112209","nome":"Timon"},"geometry":{"type":"Polygon","coordinates":[[[-42.835,-5.074],[-42.818,-5.093],[-42.813,-5.13],[-42.812,-5.133],[-42.803,-5.15],[-42.801,-5.166],[-42.798,-5.183],[-42.8,-5.199],[-42.827,-5.233],[-42.826,-5.251],[-42.817,-5.272],[-42.811,-5.284],[-42.815,-5.314],[-42.826,-5.348],[-42.833,-5.353],[-42.865,-5.368],[-42.869,-5.377],[-42.883,-5.39],[-42.9,-5.389],[-42.908,-5.392],[-42.912,-5.396],[-42.923,-5.428],[-42.929,-5.437],[-42.962,-5.446],[-42.968,-5.452],[-42.986,-5.439],[-43.138,-5.325],[-43.139,-5.324],[-43.189,-5.287],[-43.194,-5.247],[-43.206,-5.158],[-43.198,-5.153],[-43.07,-5.078],[-43.052,-5.081],[-43.043,-5.075],[-43.041,-4.998],[-43.039,-4.927],[-43.002,-4.919],[-42.909,-4.899],[-42.89,-4.894],[-42.89,-4.895],[-42.871,-4.916],[-42.868,-4.927],[-42.855,-4.935],[-42.861,-4.973],[-42.859,-4.982],[-42.841,-5.03],[-42.841,-5.055],[-42.836,-5.073],[-42.835,-5.074]]]}},{"type":"Feature","properties":{"id":"2112233","nome":"Trizidela do Vale"},"geometry":{"type":"Polygon","coordinates":[[[-44.612,-4.525],[-44.606,-4.534],[-44.612,-4.532],[-44.613,-4.537],[-44.61,-4.54],[-44.617,-4.545],[-44.606,-4.555],[-44.609,-4.557],[-44.605,-4.561],[-44.604,-4.563],[-44.606,-4.572],[-44.61,-4.573],[-44.618,-4.581],[-44.635,-4.59],[-44.649,-4.602],[-44.658,-4.605],[-44.672,-4.608],[-44.674,-4.613],[-44.683,-4.615],[-44.69,-4.611],[-44.701,-4.609],[-44.705,-4.618],[-44.713,-4.621],[-44.716,-4.615],[-44.728,-4.614],[-44.728,-4.586],[-44.728,-4.573],[-44.727,-4.532],[-44.726,-4.454],[-44.693,-4.453],[-44.606,-4.452],[-44.6,-4.452],[-44.608,-4.461],[-44.6,-4.469],[-44.596,-4.485],[-44.6,-4.486],[-44.6,-4.497],[-44.607,-4.499],[-44.604,-4.505],[-44.605,-4.514],[-44.612,-4.516],[-44.611,-4.52],[-44.612,-4.525]]]}},{"type":"Feature","properties":{"id":"2112274","nome":"Tufil\u00e2ndia"},"geometry":{"type":"Polygon","coordinates":[[[-45.617,-3.677],[-45.61,-3.681],[-45.599,-3.681],[-45.597,-3.677],[-45.588,-3.68],[-45.58,-3.672],[-45.57,-3.67],[-45.555,-3.658],[-45.546,-3.658],[-45.537,-3.662],[-45.53,-3.658],[-45.521,-3.661],[-45.517,-3.671],[-45.509,-3.669],[-45.51,-3.673],[-45.503,-3.674],[-45.505,-3.682],[-45.499,-3.698],[-45.505,-3.697],[-45.51,-3.704],[-45.519,-3.699],[-45.537,-3.701],[-45.538,-3.709],[-45.534,-3.719],[-45.532,-3.776],[-45.527,-3.789],[-45.53,-3.835],[-45.528,-3.852],[-45.532,-3.854],[-45.563,-3.878],[-45.598,-3.915],[-45.604,-3.873],[-45.624,-3.732],[-45.635,-3.729],[-45.639,-3.739],[-45.641,-3.737],[-45.653,-3.745],[-45.66,-3.745],[-45.648,-3.67],[-45.641,-3.625],[-45.628,-3.63],[-45.622,-3.638],[-45.618,-3.65],[-45.621,-3.652],[-45.617,-3.656],[-45.622,-3.663],[-45.617,-3.668],[-45.618,-3.674],[-45.617,-3.677]]]}},{"type":"Feature","properties":{"id":"2112308","nome":"Tuntum"},"geometry":{"type":"Polygon","coordinates":[[[-44.653,-5.085],[-44.641,-5.097],[-44.634,-5.096],[-44.631,-5.105],[-44.634,-5.112],[-44.623,-5.118],[-44.628,-5.125],[-44.62,-5.126],[-44.614,-5.135],[-44.605,-5.137],[-44.597,-5.135],[-44.598,-5.143],[-44.592,-5.142],[-44.588,-5.146],[-44.575,-5.15],[-44.571,-5.162],[-44.563,-5.162],[-44.556,-5.173],[-44.553,-5.173],[-44.555,-5.168],[-44.544,-5.17],[-44.538,-5.181],[-44.537,-5.201],[-44.539,-5.22],[-44.549,-5.232],[-44.55,-5.241],[-44.553,-5.246],[-44.559,-5.244],[-44.565,-5.247],[-44.571,-5.255],[-44.566,-5.277],[-44.576,-5.289],[-44.585,-5.294],[-44.568,-5.301],[-44.554,-5.302],[-44.553,-5.322],[-44.539,-5.331],[-44.545,-5.342],[-44.554,-5.347],[-44.56,-5.346],[-44.564,-5.355],[-44.557,-5.372],[-44.56,-5.382],[-44.554,-5.386],[-44.549,-5.397],[-44.546,-5.407],[-44.549,-5.417],[-44.54,-5.429],[-44.541,-5.446],[-44.528,-5.474],[-44.549,-5.464],[-44.55,-5.463],[-44.549,-5.457],[-44.575,-5.419],[-44.578,-5.404],[-44.574,-5.395],[-44.573,-5.391],[-44.582,-5.38],[-44.612,-5.447],[-44.618,-5.451],[-44.641,-5.45],[-44.656,-5.459],[-44.683,-5.456],[-44.741,-5.5],[-44.745,-5.503],[-44.75,-5.524],[-44.743,-5.535],[-44.743,-5.549],[-44.751,-5.561],[-44.745,-5.563],[-44.731,-5.56],[-44.722,-5.565],[-44.715,-5.56],[-44.705,-5.558],[-44.684,-5.571],[-44.692,-5.604],[-44.692,-5.616],[-44.641,-5.61],[-44.639,-5.61],[-44.605,-5.607],[-44.591,-5.598],[-44.576,-5.598],[-44.566,-5.591],[-44.548,-5.59],[-44.534,-5.558],[-44.535,-5.545],[-44.522,-5.526],[-44.497,-5.537],[-44.488,-5.548],[-44.479,-5.549],[-44.479,-5.565],[-44.472,-5.576],[-44.461,-5.608],[-44.45,-5.609],[-44.447,-5.614],[-44.452,-5.645],[-44.45,-5.673],[-44.454,-5.699],[-44.463,-5.717],[-44.465,-5.734],[-44.483,-5.741],[-44.508,-5.744],[-44.527,-5.755],[-44.523,-5.761],[-44.525,-5.765],[-44.539,-5.774],[-44.544,-5.783],[-44.543,-5.792],[-44.537,-5.8],[-44.541,-5.82],[-44.544,-5.819],[-44.554,-5.827],[-44.602,-5.828],[-44.602,-5.86],[-44.601,-5.937],[-44.601,-6.017],[-44.618,-6.028],[-44.635,-6.027],[-44.638,-6.03],[-44.636,-6.039],[-44.646,-6.037],[-44.644,-6.033],[-44.649,-6.033],[-44.666,-6.048],[-44.675,-6.045],[-44.683,-6.047],[-44.691,-6.051],[-44.697,-6.061],[-44.702,-6.064],[-44.702,-6.061],[-44.713,-6.068],[-44.714,-6.067],[-44.725,-6.073],[-44.729,-6.082],[-44.739,-6.09],[-44.752,-6.093],[-44.765,-6.088],[-44.77,-6.092],[-44.771,-6.104],[-44.799,-6.117],[-44.839,-5.997],[-44.846,-5.983],[-44.845,-5.977],[-44.843,-5.968],[-44.841,-5.953],[-44.834,-5.944],[-44.85,-5.9],[-44.874,-5.881],[-44.876,-5.873],[-44.897,-5.845],[-44.896,-5.841],[-44.912,-5.828],[-44.913,-5.805],[-44.925,-5.791],[-44.922,-5.77],[-44.924,-5.763],[-44.92,-5.688],[-44.924,-5.673],[-44.945,-5.647],[-44.958,-5.641],[-44.968,-5.626],[-44.968,-5.611],[-44.963,-5.602],[-44.959,-5.58],[-44.958,-5.542],[-44.965,-5.528],[-44.96,-5.516],[-44.966,-5.511],[-44.967,-5.502],[-44.961,-5.501],[-44.958,-5.494],[-44.952,-5.494],[-44.951,-5.485],[-44.948,-5.481],[-44.944,-5.481],[-44.942,-5.465],[-44.936,-5.46],[-44.94,-5.45],[-44.934,-5.45],[-44.933,-5.444],[-44.94,-5.442],[-44.93,-5.427],[-44.932,-5.422],[-44.928,-5.419],[-44.93,-5.412],[-44.928,-5.406],[-44.925,-5.405],[-44.923,-5.41],[-44.92,-5.407],[-44.92,-5.394],[-44.926,-5.387],[-44.92,-5.381],[-44.918,-5.371],[-44.91,-5.375],[-44.906,-5.368],[-44.893,-5.37],[-44.89,-5.364],[-44.895,-5.355],[-44.87,-5.343],[-44.863,-5.332],[-44.868,-5.328],[-44.867,-5.323],[-44.852,-5.316],[-44.85,-5.304],[-44.845,-5.301],[-44.84,-5.298],[-44.838,-5.301],[-44.837,-5.289],[-44.83,-5.282],[-44.831,-5.276],[-44.82,-5.271],[-44.821,-5.268],[-44.818,-5.267],[-44.815,-5.259],[-44.819,-5.256],[-44.815,-5.254],[-44.807,-5.258],[-44.809,-5.263],[-44.804,-5.267],[-44.8,-5.265],[-44.806,-5.259],[-44.803,-5.253],[-44.806,-5.24],[-44.812,-5.242],[-44.815,-5.239],[-44.81,-5.23],[-44.819,-5.228],[-44.813,-5.22],[-44.807,-5.224],[-44.809,-5.219],[-44.797,-5.215],[-44.799,-5.21],[-44.791,-5.208],[-44.789,-5.211],[-44.792,-5.214],[-44.79,-5.216],[-44.782,-5.21],[-44.772,-5.211],[-44.776,-5.201],[-44.768,-5.204],[-44.767,-5.2],[-44.77,-5.194],[-44.766,-5.184],[-44.758,-5.178],[-44.765,-5.171],[-44.761,-5.166],[-44.756,-5.166],[-44.751,-5.159],[-44.74,-5.157],[-44.735,-5.144],[-44.732,-5.146],[-44.731,-5.142],[-44.725,-5.143],[-44.723,-5.15],[-44.72,-5.147],[-44.717,-5.149],[-44.716,-5.143],[-44.711,-5.141],[-44.711,-5.135],[-44.705,-5.127],[-44.696,-5.125],[-44.696,-5.109],[-44.692,-5.11],[-44.689,-5.103],[-44.683,-5.105],[-44.682,-5.098],[-44.675,-5.095],[-44.674,-5.089],[-44.659,-5.093],[-44.655,-5.089],[-44.66,-5.087],[-44.658,-5.084],[-44.653,-5.085]]]}},{"type":"Feature","properties":{"id":"2112407","nome":"Turia\u00e7u"},"geometry":{"type":"Polygon","coordinates":[[[-45.298,-1.424],[-45.302,-1.424],[-45.3,-1.422],[-45.298,-1.424]],[[-45.397,-1.407],[-45.406,-1.418],[-45.412,-1.41],[-45.406,-1.396],[-45.403,-1.394],[-45.398,-1.395],[-45.397,-1.407]],[[-45.357,-1.347],[-45.356,-1.35],[-45.359,-1.349],[-45.357,-1.347]],[[-45.31,-1.332],[-45.31,-1.343],[-45.307,-1.338],[-45.301,-1.343],[-45.307,-1.357],[-45.303,-1.368],[-45.305,-1.388],[-45.301,-1.396],[-45.301,-1.371],[-45.297,-1.368],[-45.294,-1.373],[-45.293,-1.421],[-45.296,-1.426],[-45.298,-1.424],[-45.295,-1.414],[-45.304,-1.406],[-45.311,-1.414],[-45.315,-1.411],[-45.313,-1.417],[-45.303,-1.409],[-45.301,-1.42],[-45.304,-1.431],[-45.31,-1.434],[-45.313,-1.44],[-45.321,-1.442],[-45.322,-1.443],[-45.354,-1.453],[-45.378,-1.468],[-45.38,-1.476],[-45.388,-1.481],[-45.387,-1.495],[-45.379,-1.516],[-45.372,-1.516],[-45.372,-1.513],[-45.379,-1.513],[-45.384,-1.485],[-45.376,-1.482],[-45.364,-1.47],[-45.349,-1.467],[-45.345,-1.47],[-45.346,-1.488],[-45.358,-1.497],[-45.357,-1.509],[-45.366,-1.522],[-45.366,-1.532],[-45.373,-1.545],[-45.374,-1.546],[-45.384,-1.537],[-45.391,-1.542],[-45.392,-1.564],[-45.399,-1.57],[-45.398,-1.575],[-45.391,-1.564],[-45.388,-1.542],[-45.38,-1.541],[-45.374,-1.549],[-45.369,-1.547],[-45.366,-1.539],[-45.362,-1.532],[-45.362,-1.52],[-45.354,-1.511],[-45.353,-1.499],[-45.342,-1.491],[-45.337,-1.474],[-45.327,-1.481],[-45.328,-1.503],[-45.335,-1.504],[-45.327,-1.507],[-45.327,-1.517],[-45.325,-1.514],[-45.322,-1.473],[-45.309,-1.482],[-45.31,-1.485],[-45.298,-1.494],[-45.31,-1.516],[-45.31,-1.53],[-45.318,-1.54],[-45.315,-1.555],[-45.326,-1.562],[-45.34,-1.586],[-45.337,-1.592],[-45.341,-1.601],[-45.338,-1.617],[-45.341,-1.625],[-45.353,-1.614],[-45.359,-1.623],[-45.366,-1.622],[-45.358,-1.625],[-45.352,-1.616],[-45.341,-1.629],[-45.355,-1.667],[-45.359,-1.672],[-45.373,-1.675],[-45.38,-1.681],[-45.389,-1.68],[-45.389,-1.691],[-45.397,-1.694],[-45.402,-1.706],[-45.402,-1.708],[-45.399,-1.706],[-45.395,-1.695],[-45.389,-1.693],[-45.388,-1.681],[-45.38,-1.683],[-45.374,-1.678],[-45.365,-1.675],[-45.375,-1.689],[-45.373,-1.701],[-45.385,-1.712],[-45.37,-1.701],[-45.371,-1.686],[-45.365,-1.68],[-45.357,-1.679],[-45.366,-1.71],[-45.359,-1.728],[-45.352,-1.736],[-45.348,-1.735],[-45.329,-1.746],[-45.321,-1.745],[-45.291,-1.736],[-45.271,-1.735],[-45.246,-1.776],[-45.237,-1.794],[-45.248,-1.819],[-45.247,-1.832],[-45.242,-1.841],[-45.222,-1.856],[-45.221,-1.861],[-45.221,-1.875],[-45.213,-1.877],[-45.22,-1.88],[-45.217,-1.886],[-45.222,-1.89],[-45.217,-1.899],[-45.232,-1.916],[-45.235,-1.926],[-45.246,-1.94],[-45.246,-1.951],[-45.251,-1.96],[-45.266,-1.967],[-45.272,-1.967],[-45.286,-1.98],[-45.29,-1.993],[-45.304,-2.019],[-45.313,-2.031],[-45.321,-2.036],[-45.331,-2.036],[-45.341,-2.03],[-45.353,-2.035],[-45.356,-2.03],[-45.361,-2.031],[-45.366,-2.027],[-45.372,-2.031],[-45.382,-2.023],[-45.39,-2.027],[-45.394,-2.018],[-45.394,-2.025],[-45.404,-2.021],[-45.405,-2.03],[-45.41,-2.026],[-45.415,-2.034],[-45.421,-2.035],[-45.424,-2.039],[-45.431,-2.031],[-45.446,-2.022],[-45.448,-2.022],[-45.47,-2.022],[-45.499,-2.031],[-45.501,-2.039],[-45.519,-2.04],[-45.539,-2.048],[-45.577,-2.083],[-45.593,-2.09],[-45.6,-2.103],[-45.631,-2.106],[-45.651,-2.001],[-45.649,-1.984],[-45.639,-1.965],[-45.622,-1.95],[-45.652,-1.889],[-45.712,-1.77],[-45.702,-1.751],[-45.689,-1.727],[-45.639,-1.631],[-45.603,-1.561],[-45.589,-1.548],[-45.576,-1.537],[-45.565,-1.536],[-45.558,-1.529],[-45.549,-1.53],[-45.538,-1.519],[-45.523,-1.513],[-45.517,-1.508],[-45.506,-1.497],[-45.495,-1.498],[-45.48,-1.491],[-45.474,-1.477],[-45.47,-1.478],[-45.467,-1.492],[-45.473,-1.499],[-45.464,-1.493],[-45.453,-1.498],[-45.45,-1.517],[-45.457,-1.53],[-45.474,-1.523],[-45.481,-1.533],[-45.487,-1.53],[-45.482,-1.536],[-45.482,-1.543],[-45.48,-1.534],[-45.472,-1.526],[-45.443,-1.543],[-45.445,-1.538],[-45.454,-1.533],[-45.445,-1.509],[-45.448,-1.495],[-45.459,-1.487],[-45.46,-1.477],[-45.449,-1.462],[-45.448,-1.449],[-45.443,-1.449],[-45.429,-1.425],[-45.419,-1.42],[-45.417,-1.415],[-45.412,-1.424],[-45.416,-1.437],[-45.416,-1.453],[-45.428,-1.465],[-45.405,-1.487],[-45.423,-1.464],[-45.412,-1.454],[-45.413,-1.442],[-45.408,-1.434],[-45.4,-1.443],[-45.399,-1.449],[-45.406,-1.449],[-45.406,-1.458],[-45.396,-1.463],[-45.405,-1.454],[-45.404,-1.45],[-45.398,-1.452],[-45.394,-1.447],[-45.404,-1.434],[-45.402,-1.422],[-45.394,-1.414],[-45.384,-1.425],[-45.381,-1.422],[-45.37,-1.426],[-45.369,-1.436],[-45.367,-1.426],[-45.36,-1.428],[-45.383,-1.419],[-45.391,-1.412],[-45.376,-1.398],[-45.377,-1.395],[-45.365,-1.392],[-45.363,-1.386],[-45.369,-1.378],[-45.349,-1.389],[-45.356,-1.393],[-45.355,-1.4],[-45.354,-1.393],[-45.348,-1.394],[-45.349,-1.388],[-45.351,-1.382],[-45.362,-1.377],[-45.37,-1.378],[-45.366,-1.387],[-45.373,-1.391],[-45.373,-1.377],[-45.37,-1.373],[-45.373,-1.373],[-45.371,-1.363],[-45.361,-1.357],[-45.349,-1.341],[-45.339,-1.349],[-45.348,-1.35],[-45.354,-1.357],[-45.339,-1.351],[-45.331,-1.364],[-45.329,-1.361],[-45.334,-1.357],[-45.328,-1.352],[-45.334,-1.354],[-45.332,-1.348],[-45.34,-1.343],[-45.34,-1.339],[-45.351,-1.327],[-45.359,-1.323],[-45.355,-1.314],[-45.347,-1.308],[-45.322,-1.314],[-45.31,-1.332]]]}},{"type":"Feature","properties":{"id":"2112456","nome":"Turil\u00e2ndia"},"geometry":{"type":"Polygon","coordinates":[[[-45.178,-1.856],[-45.176,-1.883],[-45.172,-1.889],[-45.164,-1.891],[-45.144,-1.904],[-45.145,-1.917],[-45.157,-1.929],[-45.153,-1.94],[-45.157,-1.944],[-45.158,-1.958],[-45.169,-1.955],[-45.174,-1.957],[-45.172,-1.97],[-45.179,-1.976],[-45.175,-1.99],[-45.184,-1.992],[-45.177,-1.996],[-45.176,-2.001],[-45.19,-1.999],[-45.195,-1.992],[-45.198,-1.993],[-45.196,-1.998],[-45.187,-2.0],[-45.187,-2.007],[-45.178,-2.011],[-45.181,-2.03],[-45.191,-2.029],[-45.187,-2.039],[-45.189,-2.04],[-45.193,-2.037],[-45.194,-2.041],[-45.204,-2.043],[-45.205,-2.037],[-45.212,-2.04],[-45.214,-2.056],[-45.218,-2.064],[-45.222,-2.062],[-45.223,-2.068],[-45.226,-2.068],[-45.228,-2.061],[-45.236,-2.068],[-45.238,-2.062],[-45.241,-2.063],[-45.244,-2.069],[-45.243,-2.073],[-45.249,-2.078],[-45.243,-2.08],[-45.25,-2.082],[-45.246,-2.091],[-45.241,-2.093],[-45.245,-2.096],[-45.24,-2.107],[-45.252,-2.128],[-45.263,-2.125],[-45.262,-2.14],[-45.265,-2.138],[-45.266,-2.143],[-45.268,-2.14],[-45.272,-2.144],[-45.269,-2.146],[-45.275,-2.155],[-45.283,-2.152],[-45.287,-2.153],[-45.287,-2.157],[-45.281,-2.156],[-45.278,-2.161],[-45.28,-2.163],[-45.285,-2.159],[-45.289,-2.162],[-45.293,-2.164],[-45.291,-2.168],[-45.289,-2.165],[-45.287,-2.163],[-45.279,-2.169],[-45.283,-2.173],[-45.278,-2.178],[-45.28,-2.181],[-45.283,-2.178],[-45.289,-2.183],[-45.291,-2.187],[-45.289,-2.193],[-45.283,-2.198],[-45.289,-2.211],[-45.295,-2.213],[-45.297,-2.217],[-45.303,-2.228],[-45.308,-2.23],[-45.317,-2.242],[-45.322,-2.264],[-45.334,-2.276],[-45.338,-2.285],[-45.34,-2.317],[-45.347,-2.336],[-45.352,-2.335],[-45.361,-2.321],[-45.38,-2.306],[-45.383,-2.285],[-45.385,-2.279],[-45.39,-2.276],[-45.398,-2.279],[-45.409,-2.292],[-45.422,-2.299],[-45.435,-2.304],[-45.443,-2.3],[-45.454,-2.298],[-45.462,-2.305],[-45.457,-2.312],[-45.472,-2.319],[-45.482,-2.328],[-45.484,-2.334],[-45.491,-2.334],[-45.493,-2.337],[-45.497,-2.334],[-45.501,-2.337],[-45.506,-2.349],[-45.497,-2.349],[-45.5,-2.36],[-45.507,-2.358],[-45.507,-2.365],[-45.525,-2.362],[-45.531,-2.369],[-45.534,-2.362],[-45.526,-2.358],[-45.523,-2.351],[-45.526,-2.35],[-45.541,-2.364],[-45.562,-2.372],[-45.562,-2.379],[-45.57,-2.378],[-45.572,-2.38],[-45.568,-2.383],[-45.574,-2.383],[-45.587,-2.372],[-45.6,-2.376],[-45.613,-2.364],[-45.629,-2.367],[-45.637,-2.361],[-45.638,-2.36],[-45.639,-2.36],[-45.681,-2.331],[-45.684,-2.329],[-45.684,-2.284],[-45.684,-2.26],[-45.684,-2.226],[-45.639,-2.197],[-45.638,-2.197],[-45.63,-2.168],[-45.627,-2.139],[-45.631,-2.106],[-45.6,-2.103],[-45.593,-2.09],[-45.577,-2.083],[-45.539,-2.048],[-45.519,-2.04],[-45.501,-2.039],[-45.499,-2.031],[-45.47,-2.022],[-45.448,-2.022],[-45.446,-2.022],[-45.431,-2.031],[-45.424,-2.039],[-45.421,-2.035],[-45.415,-2.034],[-45.41,-2.026],[-45.405,-2.03],[-45.404,-2.021],[-45.394,-2.025],[-45.394,-2.018],[-45.39,-2.027],[-45.382,-2.023],[-45.372,-2.031],[-45.366,-2.027],[-45.361,-2.031],[-45.356,-2.03],[-45.353,-2.035],[-45.341,-2.03],[-45.331,-2.036],[-45.321,-2.036],[-45.313,-2.031],[-45.304,-2.019],[-45.29,-1.993],[-45.286,-1.98],[-45.272,-1.967],[-45.266,-1.967],[-45.251,-1.96],[-45.246,-1.951],[-45.246,-1.94],[-45.235,-1.926],[-45.232,-1.916],[-45.217,-1.899],[-45.222,-1.89],[-45.217,-1.886],[-45.22,-1.88],[-45.213,-1.877],[-45.221,-1.875],[-45.221,-1.861],[-45.209,-1.866],[-45.178,-1.856]]]}},{"type":"Feature","properties":{"id":"2112506","nome":"Tut\u00f3ia"},"geometry":{"type":"Polygon","coordinates":[[[-42.224,-2.689],[-42.212,-2.701],[-42.199,-2.708],[-42.149,-2.721],[-42.136,-2.73],[-42.13,-2.74],[-42.118,-2.745],[-42.116,-2.756],[-42.126,-2.765],[-42.126,-2.772],[-42.122,-2.777],[-42.128,-2.792],[-42.127,-2.801],[-42.145,-2.801],[-42.169,-2.811],[-42.174,-2.816],[-42.172,-2.824],[-42.176,-2.824],[-42.179,-2.831],[-42.173,-2.836],[-42.174,-2.84],[-42.209,-2.905],[-42.217,-2.921],[-42.22,-2.926],[-42.245,-2.974],[-42.265,-3.01],[-42.309,-3.092],[-42.328,-3.092],[-42.488,-3.092],[-42.534,-3.092],[-42.6,-3.125],[-42.639,-3.146],[-42.693,-3.174],[-42.696,-3.175],[-42.696,-3.064],[-42.682,-3.06],[-42.681,-3.06],[-42.645,-3.04],[-42.633,-3.037],[-42.627,-3.04],[-42.623,-3.034],[-42.607,-3.031],[-42.572,-3.002],[-42.574,-2.991],[-42.588,-2.984],[-42.592,-2.97],[-42.587,-2.959],[-42.572,-2.953],[-42.567,-2.947],[-42.567,-2.937],[-42.573,-2.925],[-42.571,-2.921],[-42.558,-2.92],[-42.557,-2.924],[-42.548,-2.927],[-42.53,-2.925],[-42.517,-2.919],[-42.505,-2.918],[-42.483,-2.887],[-42.445,-2.831],[-42.467,-2.831],[-42.456,-2.812],[-42.456,-2.801],[-42.461,-2.799],[-42.467,-2.786],[-42.464,-2.772],[-42.467,-2.767],[-42.469,-2.762],[-42.466,-2.759],[-42.469,-2.754],[-42.465,-2.754],[-42.468,-2.75],[-42.463,-2.748],[-42.455,-2.744],[-42.451,-2.748],[-42.436,-2.747],[-42.433,-2.736],[-42.438,-2.727],[-42.479,-2.712],[-42.484,-2.692],[-42.474,-2.692],[-42.434,-2.706],[-42.374,-2.71],[-42.364,-2.71],[-42.329,-2.693],[-42.324,-2.683],[-42.316,-2.685],[-42.303,-2.694],[-42.274,-2.694],[-42.265,-2.69],[-42.238,-2.667],[-42.228,-2.667],[-42.22,-2.667],[-42.224,-2.689]]]}},{"type":"Feature","properties":{"id":"2112605","nome":"Urbano Santos"},"geometry":{"type":"Polygon","coordinates":[[[-43.282,-3.1],[-43.253,-3.17],[-43.244,-3.192],[-43.218,-3.257],[-43.198,-3.307],[-43.197,-3.307],[-43.148,-3.428],[-43.13,-3.472],[-43.136,-3.466],[-43.144,-3.466],[-43.151,-3.462],[-43.156,-3.447],[-43.17,-3.449],[-43.179,-3.446],[-43.207,-3.41],[-43.215,-3.394],[-43.235,-3.385],[-43.269,-3.452],[-43.311,-3.537],[-43.317,-3.537],[-43.32,-3.545],[-43.314,-3.559],[-43.319,-3.569],[-43.32,-3.575],[-43.324,-3.576],[-43.334,-3.568],[-43.333,-3.565],[-43.335,-3.56],[-43.346,-3.561],[-43.351,-3.557],[-43.363,-3.557],[-43.371,-3.545],[-43.375,-3.544],[-43.384,-3.551],[-43.387,-3.55],[-43.393,-3.548],[-43.393,-3.543],[-43.401,-3.529],[-43.401,-3.519],[-43.392,-3.518],[-43.39,-3.512],[-43.395,-3.501],[-43.399,-3.501],[-43.407,-3.495],[-43.405,-3.482],[-43.409,-3.472],[-43.402,-3.464],[-43.407,-3.452],[-43.405,-3.443],[-43.413,-3.437],[-43.418,-3.439],[-43.427,-3.435],[-43.442,-3.436],[-43.448,-3.432],[-43.443,-3.424],[-43.433,-3.422],[-43.438,-3.406],[-43.43,-3.394],[-43.432,-3.386],[-43.425,-3.378],[-43.423,-3.365],[-43.431,-3.357],[-43.433,-3.347],[-43.429,-3.342],[-43.436,-3.337],[-43.434,-3.329],[-43.447,-3.316],[-43.447,-3.315],[-43.458,-3.285],[-43.547,-3.255],[-43.612,-3.233],[-43.585,-3.222],[-43.583,-3.217],[-43.581,-3.224],[-43.576,-3.226],[-43.564,-3.22],[-43.545,-3.218],[-43.543,-3.218],[-43.52,-3.211],[-43.516,-3.189],[-43.479,-3.169],[-43.475,-3.165],[-43.454,-3.16],[-43.455,-3.156],[-43.455,-3.15],[-43.444,-3.136],[-43.428,-3.124],[-43.421,-3.121],[-43.395,-3.127],[-43.387,-3.126],[-43.375,-3.118],[-43.356,-3.088],[-43.332,-3.075],[-43.314,-3.084],[-43.289,-3.091],[-43.281,-3.098],[-43.282,-3.1]]]}},{"type":"Feature","properties":{"id":"2112704","nome":"Vargem Grande"},"geometry":{"type":"Polygon","coordinates":[[[-44.0,-3.51],[-43.975,-3.52],[-43.974,-3.51],[-43.984,-3.501],[-43.901,-3.49],[-43.813,-3.477],[-43.798,-3.476],[-43.797,-3.481],[-43.788,-3.49],[-43.787,-3.501],[-43.779,-3.508],[-43.775,-3.52],[-43.774,-3.526],[-43.765,-3.535],[-43.755,-3.536],[-43.751,-3.54],[-43.751,-3.547],[-43.748,-3.545],[-43.75,-3.539],[-43.739,-3.538],[-43.738,-3.545],[-43.73,-3.546],[-43.727,-3.551],[-43.71,-3.559],[-43.715,-3.567],[-43.708,-3.571],[-43.701,-3.579],[-43.69,-3.58],[-43.688,-3.575],[-43.678,-3.583],[-43.659,-3.588],[-43.657,-3.578],[-43.652,-3.577],[-43.648,-3.581],[-43.644,-3.604],[-43.632,-3.612],[-43.626,-3.603],[-43.622,-3.604],[-43.617,-3.61],[-43.615,-3.62],[-43.606,-3.618],[-43.606,-3.619],[-43.611,-3.63],[-43.611,-3.631],[-43.639,-3.703],[-43.644,-3.715],[-43.666,-3.772],[-43.685,-3.824],[-43.698,-3.856],[-43.729,-3.935],[-43.763,-3.941],[-43.82,-3.953],[-43.844,-3.957],[-43.873,-3.963],[-43.895,-3.968],[-43.903,-3.978],[-43.912,-3.979],[-43.926,-3.995],[-43.938,-4.0],[-43.954,-3.953],[-43.969,-3.911],[-43.987,-3.858],[-43.992,-3.842],[-44.02,-3.774],[-44.028,-3.755],[-44.049,-3.71],[-44.048,-3.704],[-44.048,-3.703],[-44.031,-3.687],[-44.03,-3.676],[-44.034,-3.656],[-44.041,-3.652],[-44.036,-3.649],[-44.041,-3.641],[-44.039,-3.633],[-44.042,-3.616],[-44.047,-3.605],[-44.051,-3.574],[-44.05,-3.571],[-44.05,-3.567],[-44.05,-3.561],[-44.056,-3.563],[-44.069,-3.556],[-44.082,-3.533],[-44.086,-3.532],[-44.087,-3.536],[-44.092,-3.533],[-44.094,-3.522],[-44.088,-3.511],[-44.081,-3.479],[-44.068,-3.478],[-44.058,-3.482],[-44.048,-3.482],[-44.017,-3.508],[-44.0,-3.51]]]}},{"type":"Feature","properties":{"id":"2112803","nome":"Viana"},"geometry":{"type":"Polygon","coordinates":[[[-45.121,-2.93],[-45.119,-2.936],[-45.095,-2.931],[-45.12,-2.972],[-45.145,-3.013],[-45.145,-3.014],[-45.14,-3.067],[-45.131,-3.069],[-45.122,-3.064],[-45.119,-3.064],[-45.118,-3.071],[-45.104,-3.083],[-45.081,-3.09],[-45.075,-3.096],[-45.076,-3.103],[-45.078,-3.107],[-45.065,-3.136],[-45.061,-3.141],[-45.06,-3.132],[-45.059,-3.137],[-45.053,-3.14],[-45.043,-3.141],[-45.039,-3.134],[-45.041,-3.131],[-45.039,-3.13],[-45.034,-3.142],[-45.036,-3.145],[-45.031,-3.143],[-45.028,-3.145],[-45.024,-3.143],[-45.023,-3.148],[-45.016,-3.149],[-45.014,-3.147],[-45.021,-3.136],[-45.018,-3.136],[-45.018,-3.127],[-45.012,-3.131],[-45.016,-3.137],[-45.011,-3.138],[-45.01,-3.141],[-45.007,-3.14],[-45.007,-3.143],[-45.011,-3.144],[-45.007,-3.15],[-45.004,-3.147],[-45.004,-3.152],[-44.999,-3.15],[-44.998,-3.137],[-44.992,-3.142],[-44.991,-3.139],[-44.985,-3.14],[-44.992,-3.145],[-44.991,-3.152],[-44.989,-3.15],[-44.989,-3.156],[-44.986,-3.158],[-44.983,-3.149],[-44.981,-3.15],[-44.984,-3.158],[-44.975,-3.169],[-44.969,-3.177],[-44.971,-3.178],[-44.969,-3.186],[-44.969,-3.187],[-44.949,-3.165],[-44.938,-3.166],[-44.924,-3.16],[-44.915,-3.149],[-44.901,-3.132],[-44.865,-3.09],[-44.804,-3.123],[-44.834,-3.082],[-44.842,-3.071],[-44.841,-3.068],[-44.832,-3.069],[-44.81,-3.066],[-44.807,-3.078],[-44.794,-3.081],[-44.775,-3.099],[-44.748,-3.112],[-44.744,-3.12],[-44.724,-3.122],[-44.72,-3.129],[-44.713,-3.131],[-44.691,-3.132],[-44.674,-3.152],[-44.689,-3.175],[-44.699,-3.184],[-44.766,-3.206],[-44.776,-3.213],[-44.779,-3.226],[-44.763,-3.267],[-44.749,-3.281],[-44.748,-3.298],[-44.766,-3.305],[-44.791,-3.295],[-44.801,-3.273],[-44.81,-3.269],[-44.828,-3.289],[-44.844,-3.29],[-44.851,-3.296],[-44.853,-3.29],[-44.839,-3.277],[-44.855,-3.276],[-44.86,-3.266],[-44.873,-3.262],[-44.875,-3.266],[-44.871,-3.272],[-44.873,-3.276],[-44.868,-3.279],[-44.872,-3.283],[-44.89,-3.277],[-44.889,-3.281],[-44.883,-3.283],[-44.891,-3.293],[-44.896,-3.294],[-44.896,-3.301],[-44.904,-3.3],[-44.92,-3.307],[-44.932,-3.301],[-44.928,-3.292],[-44.939,-3.294],[-44.939,-3.287],[-44.942,-3.286],[-44.945,-3.292],[-44.938,-3.314],[-44.941,-3.317],[-44.944,-3.313],[-44.946,-3.315],[-44.942,-3.325],[-44.935,-3.326],[-44.937,-3.33],[-44.945,-3.336],[-44.95,-3.334],[-44.953,-3.34],[-44.97,-3.33],[-44.982,-3.335],[-44.992,-3.335],[-45.003,-3.324],[-45.008,-3.319],[-45.015,-3.317],[-45.023,-3.311],[-45.016,-3.298],[-45.018,-3.294],[-45.021,-3.293],[-45.019,-3.291],[-45.022,-3.291],[-45.023,-3.283],[-45.019,-3.279],[-45.033,-3.239],[-45.072,-3.264],[-45.073,-3.259],[-45.081,-3.248],[-45.08,-3.253],[-45.089,-3.251],[-45.091,-3.253],[-45.087,-3.256],[-45.091,-3.257],[-45.094,-3.251],[-45.088,-3.247],[-45.113,-3.224],[-45.119,-3.217],[-45.136,-3.2],[-45.146,-3.207],[-45.14,-3.192],[-45.16,-3.173],[-45.169,-3.17],[-45.171,-3.169],[-45.181,-3.164],[-45.194,-3.15],[-45.207,-3.145],[-45.222,-3.156],[-45.258,-3.142],[-45.263,-3.138],[-45.282,-3.134],[-45.308,-3.131],[-45.311,-3.126],[-45.319,-3.126],[-45.298,-3.102],[-45.283,-3.084],[-45.278,-3.077],[-45.278,-3.076],[-45.278,-3.063],[-45.272,-3.055],[-45.23,-3.012],[-45.229,-2.999],[-45.229,-2.998],[-45.228,-2.972],[-45.218,-2.96],[-45.217,-2.953],[-45.181,-2.94],[-45.125,-2.92],[-45.126,-2.926],[-45.121,-2.93]]]}},{"type":"Feature","properties":{"id":"2112852","nome":"Vila Nova dos Mart\u00edrios"},"geometry":{"type":"Polygon","coordinates":[[[-47.984,-5.046],[-47.98,-5.054],[-47.976,-5.053],[-47.965,-5.062],[-47.959,-5.075],[-47.951,-5.082],[-47.94,-5.103],[-47.924,-5.122],[-47.911,-5.149],[-47.899,-5.158],[-47.891,-5.171],[-47.886,-5.174],[-47.894,-5.175],[-47.893,-5.181],[-47.894,-5.187],[-47.901,-5.194],[-47.914,-5.199],[-47.915,-5.202],[-47.91,-5.207],[-47.912,-5.215],[-47.924,-5.228],[-47.932,-5.23],[-47.937,-5.239],[-48.004,-5.234],[-48.014,-5.238],[-48.052,-5.267],[-48.079,-5.275],[-48.107,-5.267],[-48.178,-5.26],[-48.19,-5.253],[-48.206,-5.249],[-48.225,-5.235],[-48.214,-5.23],[-48.216,-5.22],[-48.214,-5.208],[-48.22,-5.194],[-48.2,-5.16],[-48.202,-5.155],[-48.199,-5.146],[-48.203,-5.137],[-48.203,-5.134],[-48.197,-5.132],[-48.195,-5.127],[-48.205,-5.122],[-48.202,-5.118],[-48.211,-5.107],[-48.21,-5.093],[-48.215,-5.088],[-48.211,-5.083],[-48.222,-5.073],[-48.224,-5.067],[-48.216,-5.059],[-48.218,-5.057],[-48.211,-5.039],[-48.199,-5.024],[-48.194,-5.022],[-48.192,-5.014],[-48.195,-4.994],[-48.191,-4.984],[-48.187,-4.982],[-48.203,-4.945],[-48.212,-4.925],[-48.194,-4.911],[-48.092,-4.83],[-48.058,-4.804],[-48.032,-4.832],[-48.032,-4.838],[-48.02,-4.851],[-48.02,-4.858],[-48.014,-4.865],[-48.016,-4.869],[-48.012,-4.88],[-48.017,-4.891],[-48.013,-4.898],[-48.016,-4.911],[-48.014,-4.924],[-48.019,-4.938],[-48.017,-4.949],[-47.996,-4.978],[-47.994,-4.996],[-47.979,-5.008],[-47.984,-5.046]]]}},{"type":"Feature","properties":{"id":"2112902","nome":"Vit\u00f3ria do Mearim"},"geometry":{"type":"Polygon","coordinates":[[[-44.863,-3.346],[-44.837,-3.424],[-44.827,-3.454],[-44.819,-3.473],[-44.83,-3.466],[-44.831,-3.482],[-44.844,-3.484],[-44.854,-3.498],[-44.847,-3.524],[-44.843,-3.528],[-44.836,-3.526],[-44.839,-3.539],[-44.828,-3.531],[-44.823,-3.534],[-44.823,-3.539],[-44.832,-3.548],[-44.839,-3.573],[-44.853,-3.567],[-44.851,-3.572],[-44.841,-3.587],[-44.833,-3.584],[-44.829,-3.584],[-44.817,-3.595],[-44.813,-3.592],[-44.808,-3.594],[-44.803,-3.61],[-44.805,-3.617],[-44.815,-3.626],[-44.814,-3.639],[-44.805,-3.65],[-44.793,-3.656],[-44.795,-3.671],[-44.81,-3.665],[-44.805,-3.672],[-44.805,-3.68],[-44.806,-3.681],[-44.815,-3.672],[-44.818,-3.673],[-44.817,-3.678],[-44.831,-3.676],[-44.841,-3.667],[-44.846,-3.669],[-44.847,-3.687],[-44.86,-3.696],[-44.866,-3.694],[-44.862,-3.7],[-44.863,-3.711],[-44.86,-3.716],[-44.867,-3.719],[-44.868,-3.728],[-44.879,-3.746],[-44.884,-3.745],[-44.885,-3.74],[-44.89,-3.744],[-44.897,-3.74],[-44.904,-3.751],[-44.909,-3.747],[-44.916,-3.753],[-44.926,-3.753],[-44.93,-3.749],[-44.93,-3.746],[-44.926,-3.747],[-44.918,-3.739],[-44.922,-3.734],[-44.923,-3.711],[-44.93,-3.706],[-44.938,-3.706],[-44.946,-3.695],[-44.959,-3.694],[-44.965,-3.703],[-44.979,-3.703],[-44.984,-3.708],[-44.994,-3.708],[-44.998,-3.712],[-45.004,-3.704],[-45.01,-3.708],[-45.01,-3.714],[-45.028,-3.717],[-45.03,-3.713],[-45.032,-3.718],[-45.039,-3.719],[-45.042,-3.723],[-45.047,-3.721],[-45.048,-3.717],[-45.0,-3.596],[-44.997,-3.587],[-45.001,-3.582],[-45.033,-3.569],[-45.035,-3.559],[-45.033,-3.547],[-45.042,-3.54],[-45.041,-3.531],[-45.046,-3.527],[-45.049,-3.512],[-45.041,-3.5],[-45.045,-3.496],[-45.044,-3.49],[-45.032,-3.481],[-45.03,-3.459],[-45.015,-3.461],[-45.012,-3.458],[-45.011,-3.43],[-44.986,-3.428],[-44.973,-3.428],[-44.956,-3.451],[-44.944,-3.46],[-44.93,-3.462],[-44.924,-3.452],[-44.928,-3.446],[-44.926,-3.44],[-44.916,-3.43],[-44.899,-3.423],[-44.903,-3.413],[-44.899,-3.4],[-44.877,-3.383],[-44.878,-3.379],[-44.893,-3.374],[-44.892,-3.352],[-44.882,-3.355],[-44.863,-3.346]]]}},{"type":"Feature","properties":{"id":"2113009","nome":"Vitorino Freire"},"geometry":{"type":"Polygon","coordinates":[[[-45.336,-3.903],[-45.326,-3.906],[-45.318,-3.903],[-45.312,-3.909],[-45.316,-3.922],[-45.325,-3.929],[-45.317,-3.937],[-45.32,-3.949],[-45.316,-3.954],[-45.322,-3.966],[-45.31,-3.976],[-45.308,-3.986],[-45.306,-3.997],[-45.31,-4.007],[-45.301,-4.011],[-45.301,-4.018],[-45.296,-4.019],[-45.294,-4.024],[-45.303,-4.036],[-45.307,-4.036],[-45.308,-4.046],[-45.317,-4.059],[-45.318,-4.07],[-45.313,-4.07],[-45.31,-4.074],[-45.314,-4.082],[-45.31,-4.09],[-45.313,-4.094],[-45.273,-4.119],[-45.262,-4.138],[-45.252,-4.148],[-45.239,-4.148],[-45.224,-4.16],[-45.217,-4.162],[-45.213,-4.168],[-45.21,-4.184],[-45.202,-4.184],[-45.197,-4.189],[-45.204,-4.197],[-45.106,-4.328],[-45.111,-4.333],[-45.121,-4.351],[-45.119,-4.359],[-45.127,-4.366],[-45.126,-4.372],[-45.121,-4.378],[-45.133,-4.395],[-45.13,-4.411],[-45.127,-4.413],[-45.238,-4.393],[-45.269,-4.407],[-45.295,-4.424],[-45.329,-4.423],[-45.333,-4.424],[-45.422,-4.44],[-45.422,-4.417],[-45.469,-4.428],[-45.511,-4.396],[-45.504,-4.39],[-45.502,-4.382],[-45.495,-4.383],[-45.485,-4.37],[-45.479,-4.369],[-45.476,-4.354],[-45.469,-4.346],[-45.464,-4.347],[-45.459,-4.343],[-45.454,-4.346],[-45.437,-4.33],[-45.433,-4.336],[-45.431,-4.331],[-45.418,-4.327],[-45.443,-4.311],[-45.449,-4.299],[-45.448,-4.291],[-45.426,-4.265],[-45.418,-4.251],[-45.408,-4.206],[-45.401,-4.199],[-45.402,-4.186],[-45.393,-4.18],[-45.387,-4.171],[-45.374,-4.168],[-45.367,-4.172],[-45.364,-4.169],[-45.364,-4.168],[-45.356,-4.131],[-45.362,-4.129],[-45.374,-4.117],[-45.385,-4.12],[-45.391,-4.115],[-45.402,-4.115],[-45.405,-4.116],[-45.408,-4.126],[-45.419,-4.128],[-45.427,-4.133],[-45.431,-4.141],[-45.445,-4.138],[-45.447,-4.118],[-45.44,-4.101],[-45.426,-4.088],[-45.426,-4.079],[-45.422,-4.067],[-45.418,-4.065],[-45.414,-4.067],[-45.404,-4.057],[-45.402,-4.024],[-45.398,-4.01],[-45.378,-3.991],[-45.372,-3.991],[-45.357,-3.985],[-45.361,-3.957],[-45.369,-3.947],[-45.372,-3.907],[-45.366,-3.894],[-45.352,-3.884],[-45.346,-3.872],[-45.339,-3.87],[-45.336,-3.873],[-45.338,-3.878],[-45.334,-3.884],[-45.338,-3.888],[-45.333,-3.899],[-45.336,-3.903]]]}},{"type":"Feature","properties":{"id":"2114007","nome":"Z\u00e9 Doca"},"geometry":{"type":"Polygon","coordinates":[[[-45.925,-3.021],[-45.918,-3.028],[-45.913,-3.023],[-45.902,-3.027],[-45.91,-3.037],[-45.911,-3.053],[-45.915,-3.057],[-45.93,-3.095],[-45.921,-3.107],[-45.92,-3.13],[-45.937,-3.161],[-45.95,-3.174],[-45.95,-3.187],[-45.931,-3.221],[-45.926,-3.236],[-45.805,-3.232],[-45.782,-3.238],[-45.78,-3.216],[-45.757,-3.179],[-45.711,-3.101],[-45.642,-3.119],[-45.639,-3.083],[-45.624,-3.053],[-45.61,-3.116],[-45.606,-3.159],[-45.599,-3.187],[-45.588,-3.209],[-45.58,-3.239],[-45.57,-3.256],[-45.552,-3.279],[-45.494,-3.303],[-45.477,-3.331],[-45.459,-3.367],[-45.444,-3.399],[-45.542,-3.485],[-45.545,-3.47],[-45.589,-3.43],[-45.601,-3.411],[-45.632,-3.369],[-45.66,-3.345],[-45.66,-3.338],[-45.691,-3.338],[-45.798,-3.335],[-45.896,-3.311],[-46.031,-3.354],[-46.061,-3.363],[-46.327,-3.446],[-46.459,-3.485],[-46.413,-3.401],[-46.398,-3.346],[-46.396,-3.298],[-46.391,-3.273],[-46.349,-3.214],[-46.31,-3.19],[-46.281,-3.193],[-46.271,-3.181],[-46.269,-3.166],[-46.265,-3.159],[-46.252,-3.162],[-46.247,-3.157],[-46.24,-3.166],[-46.225,-3.158],[-46.201,-3.167],[-46.185,-3.162],[-46.175,-3.164],[-46.152,-3.161],[-46.14,-3.153],[-46.117,-3.148],[-46.105,-3.15],[-46.092,-3.142],[-46.091,-3.138],[-46.094,-3.123],[-46.088,-3.123],[-46.081,-3.118],[-46.075,-3.104],[-46.061,-3.11],[-46.055,-3.106],[-46.055,-3.094],[-46.037,-3.082],[-46.032,-3.083],[-46.027,-3.074],[-46.023,-3.075],[-46.022,-3.081],[-46.016,-3.08],[-46.001,-3.061],[-45.999,-3.068],[-45.992,-3.068],[-45.989,-3.074],[-45.985,-3.069],[-45.982,-3.07],[-45.981,-3.078],[-45.972,-3.068],[-45.962,-3.071],[-45.959,-3.063],[-45.957,-3.069],[-45.952,-3.063],[-45.946,-3.067],[-45.943,-3.045],[-45.936,-3.051],[-45.93,-3.052],[-45.931,-3.043],[-45.923,-3.037],[-45.932,-3.03],[-45.927,-3.021],[-45.925,-3.021]]]}}]}