{"type":"FeatureCollection","features":[{"type":"Feature","properties":{"id":"5000203","nome":"\u00c1gua Clara"},"geometry":{"type":"Polygon","coordinates":[[[-53.271,-19.14],[-53.233,-19.193],[-53.226,-19.203],[-53.166,-19.176],[-53.08,-19.186],[-53.031,-19.19],[-52.987,-19.211],[-52.954,-19.212],[-52.94,-19.217],[-52.933,-19.212],[-52.925,-19.212],[-52.919,-19.214],[-52.914,-19.221],[-52.912,-19.22],[-52.91,-19.224],[-52.915,-19.228],[-52.905,-19.234],[-52.901,-19.249],[-52.895,-19.248],[-52.88,-19.246],[-52.868,-19.237],[-52.866,-19.24],[-52.85,-19.233],[-52.848,-19.241],[-52.846,-19.238],[-52.842,-19.242],[-52.839,-19.24],[-52.817,-19.251],[-52.819,-19.247],[-52.813,-19.246],[-52.809,-19.249],[-52.809,-19.258],[-52.804,-19.255],[-52.802,-19.257],[-52.791,-19.256],[-52.775,-19.262],[-52.768,-19.268],[-52.768,-19.264],[-52.758,-19.267],[-52.754,-19.268],[-52.757,-19.274],[-52.749,-19.27],[-52.741,-19.273],[-52.725,-19.268],[-52.717,-19.272],[-52.711,-19.279],[-52.702,-19.281],[-52.702,-19.288],[-52.692,-19.299],[-52.686,-19.304],[-52.685,-19.317],[-52.683,-19.318],[-52.68,-19.32],[-52.682,-19.33],[-52.674,-19.332],[-52.662,-19.345],[-52.653,-19.343],[-52.648,-19.348],[-52.649,-19.352],[-52.62,-19.353],[-52.61,-19.361],[-52.616,-19.367],[-52.612,-19.371],[-52.606,-19.367],[-52.602,-19.376],[-52.594,-19.374],[-52.588,-19.379],[-52.586,-19.386],[-52.581,-19.385],[-52.583,-19.389],[-52.58,-19.39],[-52.582,-19.392],[-52.577,-19.4],[-52.565,-19.397],[-52.567,-19.401],[-52.57,-19.4],[-52.569,-19.406],[-52.573,-19.407],[-52.575,-19.413],[-52.573,-19.421],[-52.576,-19.426],[-52.571,-19.431],[-52.574,-19.436],[-52.565,-19.44],[-52.563,-19.452],[-52.555,-19.454],[-52.54,-19.476],[-52.534,-19.481],[-52.528,-19.48],[-52.529,-19.488],[-52.519,-19.491],[-52.526,-19.51],[-52.519,-19.518],[-52.521,-19.54],[-52.515,-19.549],[-52.51,-19.558],[-52.505,-19.559],[-52.511,-19.566],[-52.502,-19.577],[-52.495,-19.58],[-52.489,-19.595],[-52.481,-19.603],[-52.481,-19.607],[-52.476,-19.607],[-52.476,-19.611],[-52.477,-19.616],[-52.488,-19.618],[-52.501,-19.626],[-52.544,-19.634],[-52.559,-19.649],[-52.559,-19.655],[-52.572,-19.678],[-52.589,-19.697],[-52.595,-19.713],[-52.592,-19.721],[-52.597,-19.735],[-52.594,-19.74],[-52.607,-19.761],[-52.615,-19.794],[-52.645,-19.804],[-52.681,-19.803],[-52.711,-19.81],[-52.742,-19.84],[-52.775,-19.865],[-52.781,-19.869],[-52.792,-19.87],[-52.788,-19.884],[-52.78,-19.894],[-52.766,-19.892],[-52.742,-19.877],[-52.733,-19.902],[-52.731,-19.913],[-52.722,-19.923],[-52.723,-19.934],[-52.721,-19.962],[-52.713,-19.974],[-52.712,-20.006],[-52.704,-20.011],[-52.703,-20.02],[-52.716,-20.038],[-52.712,-20.045],[-52.701,-20.048],[-52.7,-20.056],[-52.705,-20.067],[-52.695,-20.079],[-52.714,-20.087],[-52.731,-20.087],[-52.741,-20.098],[-52.749,-20.111],[-52.747,-20.126],[-52.723,-20.133],[-52.721,-20.139],[-52.72,-20.149],[-52.712,-20.154],[-52.71,-20.167],[-52.705,-20.171],[-52.699,-20.195],[-52.726,-20.223],[-52.735,-20.246],[-52.734,-20.255],[-52.723,-20.282],[-52.723,-20.293],[-52.676,-20.369],[-52.623,-20.407],[-52.613,-20.43],[-52.604,-20.437],[-52.599,-20.447],[-52.587,-20.456],[-52.583,-20.467],[-52.566,-20.472],[-52.545,-20.498],[-52.528,-20.533],[-52.513,-20.538],[-52.499,-20.554],[-52.499,-20.555],[-52.498,-20.566],[-52.49,-20.582],[-52.479,-20.586],[-52.464,-20.607],[-52.452,-20.642],[-52.443,-20.657],[-52.442,-20.668],[-52.426,-20.684],[-52.427,-20.692],[-52.42,-20.701],[-52.416,-20.72],[-52.408,-20.733],[-52.409,-20.738],[-52.41,-20.745],[-52.404,-20.75],[-52.394,-20.752],[-52.393,-20.757],[-52.389,-20.755],[-52.389,-20.759],[-52.383,-20.759],[-52.379,-20.773],[-52.374,-20.778],[-52.378,-20.782],[-52.372,-20.785],[-52.37,-20.794],[-52.363,-20.795],[-52.359,-20.801],[-52.361,-20.808],[-52.357,-20.811],[-52.366,-20.824],[-52.362,-20.826],[-52.358,-20.823],[-52.353,-20.829],[-52.357,-20.836],[-52.354,-20.85],[-52.358,-20.854],[-52.356,-20.859],[-52.366,-20.865],[-52.359,-20.872],[-52.365,-20.878],[-52.364,-20.883],[-52.386,-20.877],[-52.391,-20.868],[-52.408,-20.864],[-52.411,-20.857],[-52.42,-20.85],[-52.442,-20.838],[-52.449,-20.841],[-52.458,-20.833],[-52.478,-20.827],[-52.486,-20.813],[-52.497,-20.813],[-52.499,-20.808],[-52.506,-20.806],[-52.508,-20.799],[-52.527,-20.796],[-52.539,-20.784],[-52.549,-20.771],[-52.567,-20.761],[-52.571,-20.748],[-52.601,-20.722],[-52.599,-20.716],[-52.606,-20.711],[-52.649,-20.684],[-52.652,-20.679],[-52.666,-20.674],[-52.674,-20.663],[-52.679,-20.66],[-52.687,-20.646],[-52.698,-20.646],[-52.706,-20.639],[-52.717,-20.621],[-52.733,-20.617],[-52.732,-20.608],[-52.738,-20.605],[-52.746,-20.585],[-52.754,-20.582],[-52.758,-20.574],[-52.768,-20.57],[-52.776,-20.562],[-52.793,-20.555],[-52.808,-20.539],[-52.818,-20.541],[-52.822,-20.538],[-52.825,-20.527],[-52.843,-20.51],[-52.843,-20.502],[-52.861,-20.474],[-52.867,-20.455],[-52.871,-20.453],[-52.89,-20.449],[-52.893,-20.449],[-52.9,-20.446],[-52.902,-20.435],[-52.914,-20.433],[-52.936,-20.404],[-52.943,-20.405],[-52.943,-20.398],[-52.955,-20.38],[-52.955,-20.375],[-52.962,-20.376],[-52.969,-20.364],[-52.988,-20.353],[-52.995,-20.355],[-53.004,-20.348],[-53.007,-20.349],[-53.009,-20.34],[-53.015,-20.343],[-53.02,-20.337],[-53.032,-20.334],[-53.036,-20.325],[-53.041,-20.324],[-53.048,-20.315],[-53.053,-20.313],[-53.061,-20.3],[-53.069,-20.299],[-53.073,-20.287],[-53.081,-20.284],[-53.084,-20.276],[-53.085,-20.257],[-53.098,-20.242],[-53.093,-20.212],[-53.088,-20.209],[-53.092,-20.205],[-53.095,-20.191],[-53.108,-20.177],[-53.109,-20.167],[-53.119,-20.163],[-53.117,-20.156],[-53.136,-20.141],[-53.15,-20.138],[-53.152,-20.125],[-53.172,-20.095],[-53.179,-20.059],[-53.19,-20.048],[-53.207,-20.041],[-53.216,-20.026],[-53.231,-20.017],[-53.238,-20.021],[-53.241,-20.018],[-53.258,-20.002],[-53.259,-19.988],[-53.275,-19.976],[-53.284,-19.964],[-53.288,-19.954],[-53.287,-19.947],[-53.298,-19.934],[-53.299,-19.926],[-53.313,-19.914],[-53.314,-19.905],[-53.313,-19.901],[-53.322,-19.898],[-53.328,-19.886],[-53.336,-19.891],[-53.344,-19.89],[-53.361,-19.882],[-53.382,-19.848],[-53.382,-19.832],[-53.388,-19.828],[-53.386,-19.821],[-53.391,-19.811],[-53.397,-19.809],[-53.396,-19.805],[-53.405,-19.797],[-53.405,-19.791],[-53.409,-19.787],[-53.418,-19.788],[-53.425,-19.784],[-53.432,-19.775],[-53.437,-19.761],[-53.445,-19.753],[-53.444,-19.75],[-53.45,-19.741],[-53.449,-19.734],[-53.463,-19.728],[-53.459,-19.716],[-53.468,-19.696],[-53.488,-19.69],[-53.485,-19.686],[-53.49,-19.684],[-53.489,-19.677],[-53.494,-19.671],[-53.487,-19.667],[-53.493,-19.663],[-53.494,-19.659],[-53.487,-19.658],[-53.486,-19.646],[-53.481,-19.644],[-53.488,-19.634],[-53.478,-19.635],[-53.482,-19.631],[-53.478,-19.625],[-53.479,-19.618],[-53.474,-19.614],[-53.477,-19.602],[-53.484,-19.593],[-53.482,-19.587],[-53.488,-19.586],[-53.495,-19.578],[-53.494,-19.575],[-53.503,-19.568],[-53.501,-19.558],[-53.497,-19.555],[-53.503,-19.549],[-53.499,-19.545],[-53.505,-19.54],[-53.514,-19.539],[-53.519,-19.527],[-53.519,-19.517],[-53.526,-19.514],[-53.528,-19.491],[-53.533,-19.481],[-53.537,-19.482],[-53.538,-19.474],[-53.547,-19.474],[-53.551,-19.46],[-53.556,-19.456],[-53.548,-19.453],[-53.548,-19.445],[-53.554,-19.441],[-53.554,-19.426],[-53.562,-19.419],[-53.56,-19.41],[-53.566,-19.4],[-53.563,-19.395],[-53.567,-19.392],[-53.573,-19.375],[-53.58,-19.368],[-53.576,-19.364],[-53.579,-19.362],[-53.579,-19.352],[-53.59,-19.347],[-53.598,-19.336],[-53.597,-19.329],[-53.601,-19.328],[-53.609,-19.31],[-53.605,-19.307],[-53.606,-19.302],[-53.62,-19.293],[-53.615,-19.286],[-53.622,-19.284],[-53.638,-19.266],[-53.636,-19.261],[-53.621,-19.254],[-53.614,-19.237],[-53.61,-19.235],[-53.616,-19.22],[-53.609,-19.214],[-53.608,-19.193],[-53.611,-19.193],[-53.608,-19.183],[-53.599,-19.179],[-53.599,-19.181],[-53.587,-19.181],[-53.573,-19.186],[-53.536,-19.185],[-53.519,-19.18],[-53.486,-19.185],[-53.467,-19.185],[-53.441,-19.176],[-53.429,-19.161],[-53.416,-19.165],[-53.394,-19.163],[-53.379,-19.152],[-53.362,-19.153],[-53.349,-19.144],[-53.34,-19.147],[-53.322,-19.134],[-53.309,-19.131],[-53.292,-19.133],[-53.271,-19.14]]]}},{"type":"Feature","properties":{"id":"5000252","nome":"Alcin\u00f3polis"},"geometry":{"type":"Polygon","coordinates":[[[-53.885,-17.913],[-53.876,-17.923],[-53.873,-17.922],[-53.875,-17.918],[-53.872,-17.916],[-53.87,-17.927],[-53.86,-17.921],[-53.86,-17.924],[-53.85,-17.929],[-53.85,-17.934],[-53.844,-17.933],[-53.842,-17.94],[-53.837,-17.934],[-53.835,-17.946],[-53.83,-17.942],[-53.824,-17.948],[-53.825,-17.955],[-53.821,-17.962],[-53.819,-17.958],[-53.808,-17.961],[-53.813,-17.964],[-53.808,-17.972],[-53.805,-17.967],[-53.804,-17.974],[-53.798,-17.974],[-53.797,-17.978],[-53.793,-17.974],[-53.794,-17.98],[-53.789,-17.98],[-53.786,-17.994],[-53.774,-18.0],[-53.74,-17.996],[-53.733,-17.995],[-53.726,-18.003],[-53.719,-17.998],[-53.715,-17.999],[-53.715,-18.006],[-53.7,-18.005],[-53.692,-18.013],[-53.69,-18.002],[-53.679,-17.995],[-53.677,-17.989],[-53.674,-17.991],[-53.662,-17.986],[-53.661,-17.977],[-53.634,-17.976],[-53.628,-17.98],[-53.624,-17.977],[-53.616,-17.978],[-53.616,-17.976],[-53.612,-17.978],[-53.607,-17.995],[-53.589,-18.005],[-53.589,-18.012],[-53.584,-18.009],[-53.575,-18.012],[-53.565,-18.004],[-53.557,-18.005],[-53.556,-18.015],[-53.547,-18.014],[-53.529,-18.021],[-53.517,-18.02],[-53.513,-18.026],[-53.501,-18.028],[-53.499,-18.035],[-53.486,-18.04],[-53.476,-18.036],[-53.472,-18.039],[-53.467,-18.034],[-53.466,-18.024],[-53.463,-18.025],[-53.458,-18.016],[-53.457,-17.999],[-53.449,-17.998],[-53.45,-17.992],[-53.445,-17.993],[-53.445,-17.989],[-53.44,-17.989],[-53.439,-17.983],[-53.436,-17.986],[-53.43,-17.984],[-53.43,-17.987],[-53.425,-17.989],[-53.421,-17.985],[-53.417,-17.994],[-53.412,-17.988],[-53.411,-17.993],[-53.405,-17.992],[-53.38,-18.008],[-53.36,-18.006],[-53.342,-18.008],[-53.335,-18.006],[-53.332,-18.001],[-53.299,-17.995],[-53.237,-18.007],[-53.236,-18.051],[-53.225,-18.067],[-53.227,-18.077],[-53.22,-18.121],[-53.222,-18.131],[-53.234,-18.138],[-53.248,-18.16],[-53.265,-18.164],[-53.278,-18.18],[-53.287,-18.184],[-53.294,-18.197],[-53.313,-18.209],[-53.329,-18.208],[-53.356,-18.194],[-53.363,-18.2],[-53.372,-18.199],[-53.379,-18.203],[-53.355,-18.221],[-53.346,-18.224],[-53.339,-18.233],[-53.332,-18.234],[-53.33,-18.239],[-53.347,-18.257],[-53.352,-18.254],[-53.363,-18.256],[-53.392,-18.24],[-53.4,-18.24],[-53.434,-18.252],[-53.443,-18.258],[-53.446,-18.266],[-53.455,-18.269],[-53.461,-18.279],[-53.45,-18.289],[-53.446,-18.31],[-53.431,-18.328],[-53.43,-18.336],[-53.449,-18.352],[-53.436,-18.383],[-53.452,-18.391],[-53.461,-18.403],[-53.482,-18.409],[-53.486,-18.413],[-53.49,-18.405],[-53.497,-18.401],[-53.506,-18.408],[-53.521,-18.408],[-53.526,-18.417],[-53.546,-18.419],[-53.559,-18.435],[-53.58,-18.437],[-53.601,-18.442],[-53.606,-18.439],[-53.611,-18.445],[-53.616,-18.444],[-53.617,-18.448],[-53.628,-18.45],[-53.631,-18.447],[-53.637,-18.456],[-53.643,-18.452],[-53.654,-18.459],[-53.657,-18.452],[-53.668,-18.452],[-53.683,-18.446],[-53.694,-18.449],[-53.699,-18.446],[-53.7,-18.451],[-53.704,-18.446],[-53.712,-18.446],[-53.727,-18.457],[-53.734,-18.453],[-53.739,-18.447],[-53.739,-18.451],[-53.742,-18.449],[-53.747,-18.453],[-53.75,-18.449],[-53.751,-18.455],[-53.761,-18.454],[-53.768,-18.467],[-53.773,-18.464],[-53.776,-18.465],[-53.779,-18.467],[-53.777,-18.473],[-53.774,-18.473],[-53.773,-18.475],[-53.778,-18.477],[-53.778,-18.482],[-53.782,-18.485],[-53.789,-18.481],[-53.789,-18.483],[-53.797,-18.484],[-53.793,-18.474],[-53.806,-18.473],[-53.81,-18.468],[-53.815,-18.473],[-53.813,-18.479],[-53.822,-18.473],[-53.833,-18.467],[-53.834,-18.461],[-53.838,-18.461],[-53.851,-18.461],[-53.852,-18.468],[-53.859,-18.473],[-53.867,-18.479],[-53.864,-18.485],[-53.871,-18.48],[-53.875,-18.488],[-53.882,-18.491],[-53.878,-18.502],[-53.88,-18.505],[-53.899,-18.502],[-53.902,-18.511],[-53.907,-18.511],[-53.906,-18.514],[-53.914,-18.519],[-53.914,-18.523],[-53.921,-18.53],[-53.93,-18.522],[-53.941,-18.524],[-53.958,-18.522],[-53.961,-18.526],[-53.968,-18.526],[-53.967,-18.53],[-53.981,-18.542],[-53.993,-18.536],[-53.999,-18.539],[-54.009,-18.525],[-54.044,-18.5],[-54.049,-18.489],[-54.057,-18.489],[-54.057,-18.5],[-54.066,-18.505],[-54.069,-18.514],[-54.08,-18.515],[-54.076,-18.495],[-54.081,-18.473],[-54.084,-18.468],[-54.078,-18.448],[-54.091,-18.415],[-54.086,-18.401],[-54.09,-18.389],[-54.087,-18.366],[-54.091,-18.355],[-54.112,-18.352],[-54.128,-18.333],[-54.14,-18.331],[-54.169,-18.34],[-54.173,-18.346],[-54.204,-18.35],[-54.177,-18.332],[-54.164,-18.318],[-54.145,-18.306],[-54.13,-18.279],[-54.134,-18.273],[-54.136,-18.258],[-54.14,-18.251],[-54.137,-18.217],[-54.142,-18.208],[-54.139,-18.172],[-54.142,-18.157],[-54.162,-18.13],[-54.175,-18.123],[-54.175,-18.112],[-54.185,-18.105],[-54.185,-18.101],[-54.193,-18.094],[-54.204,-18.092],[-54.194,-18.089],[-54.182,-18.093],[-54.15,-18.093],[-54.153,-18.099],[-54.144,-18.099],[-54.138,-18.105],[-54.13,-18.104],[-54.125,-18.099],[-54.123,-18.104],[-54.118,-18.102],[-54.12,-18.096],[-54.103,-18.105],[-54.104,-18.095],[-54.097,-18.091],[-54.102,-18.085],[-54.099,-18.084],[-54.093,-18.09],[-54.084,-18.089],[-54.083,-18.083],[-54.086,-18.08],[-54.081,-18.077],[-54.08,-18.071],[-54.087,-18.077],[-54.089,-18.074],[-54.087,-18.064],[-54.082,-18.065],[-54.082,-18.059],[-54.079,-18.062],[-54.075,-18.054],[-54.066,-18.062],[-54.073,-18.051],[-54.072,-18.047],[-54.08,-18.043],[-54.078,-18.04],[-54.068,-18.044],[-54.07,-18.039],[-54.068,-18.035],[-54.072,-18.031],[-54.068,-18.025],[-54.068,-18.017],[-54.075,-18.012],[-54.06,-17.998],[-54.059,-17.988],[-54.051,-17.992],[-54.048,-17.977],[-54.043,-17.98],[-54.044,-17.973],[-54.035,-17.972],[-54.04,-17.963],[-54.027,-17.952],[-54.006,-17.947],[-54.005,-17.941],[-54.002,-17.943],[-53.997,-17.939],[-53.992,-17.942],[-53.99,-17.935],[-53.988,-17.942],[-53.983,-17.933],[-53.977,-17.94],[-53.971,-17.939],[-53.973,-17.93],[-53.97,-17.934],[-53.956,-17.92],[-53.953,-17.924],[-53.951,-17.915],[-53.948,-17.923],[-53.945,-17.916],[-53.938,-17.92],[-53.932,-17.913],[-53.922,-17.92],[-53.92,-17.916],[-53.915,-17.918],[-53.911,-17.914],[-53.901,-17.916],[-53.905,-17.913],[-53.898,-17.908],[-53.885,-17.913]]]}},{"type":"Feature","properties":{"id":"5000609","nome":"Amambai"},"geometry":{"type":"Polygon","coordinates":[[[-54.801,-22.875],[-54.803,-22.881],[-54.8,-22.884],[-54.788,-22.878],[-54.768,-22.888],[-54.752,-22.885],[-54.744,-22.89],[-54.738,-22.89],[-54.737,-22.888],[-54.731,-22.888],[-54.727,-22.894],[-54.718,-22.891],[-54.701,-22.895],[-54.696,-22.886],[-54.684,-22.892],[-54.669,-22.905],[-54.664,-22.905],[-54.661,-22.917],[-54.649,-22.915],[-54.641,-22.932],[-54.629,-22.922],[-54.627,-22.922],[-54.623,-22.923],[-54.608,-22.939],[-54.583,-22.953],[-54.582,-22.956],[-54.582,-22.968],[-54.575,-22.972],[-54.564,-22.972],[-54.562,-22.974],[-54.558,-22.971],[-54.556,-22.977],[-54.549,-22.974],[-54.543,-22.969],[-54.537,-22.971],[-54.532,-22.97],[-54.533,-22.988],[-54.524,-22.988],[-54.517,-22.993],[-54.522,-22.995],[-54.523,-23.001],[-54.512,-23.008],[-54.51,-23.015],[-54.499,-23.02],[-54.502,-23.024],[-54.496,-23.03],[-54.49,-23.03],[-54.48,-23.04],[-54.474,-23.039],[-54.475,-23.049],[-54.47,-23.05],[-54.48,-23.065],[-54.498,-23.074],[-54.498,-23.082],[-54.51,-23.09],[-54.512,-23.102],[-54.521,-23.112],[-54.542,-23.117],[-54.55,-23.122],[-54.561,-23.128],[-54.588,-23.155],[-54.633,-23.163],[-54.651,-23.182],[-54.654,-23.188],[-54.661,-23.216],[-54.654,-23.233],[-54.629,-23.264],[-54.64,-23.267],[-54.647,-23.285],[-54.661,-23.292],[-54.671,-23.31],[-54.706,-23.287],[-54.735,-23.294],[-54.763,-23.294],[-54.771,-23.291],[-54.788,-23.305],[-54.801,-23.305],[-54.814,-23.306],[-54.838,-23.352],[-54.841,-23.36],[-54.835,-23.382],[-54.838,-23.392],[-54.864,-23.409],[-54.881,-23.438],[-54.88,-23.443],[-54.872,-23.444],[-54.857,-23.464],[-54.841,-23.475],[-54.846,-23.483],[-54.841,-23.487],[-54.843,-23.492],[-54.835,-23.505],[-54.828,-23.523],[-54.813,-23.54],[-54.812,-23.546],[-54.83,-23.553],[-54.86,-23.549],[-54.878,-23.553],[-54.881,-23.55],[-54.887,-23.556],[-54.904,-23.557],[-54.913,-23.562],[-54.921,-23.565],[-54.931,-23.557],[-54.969,-23.543],[-54.976,-23.53],[-55.005,-23.511],[-55.021,-23.496],[-55.032,-23.491],[-55.046,-23.491],[-55.089,-23.469],[-55.111,-23.437],[-55.141,-23.414],[-55.154,-23.38],[-55.154,-23.37],[-55.164,-23.356],[-55.174,-23.355],[-55.194,-23.343],[-55.202,-23.336],[-55.213,-23.333],[-55.213,-23.329],[-55.221,-23.328],[-55.221,-23.321],[-55.229,-23.315],[-55.231,-23.319],[-55.24,-23.315],[-55.249,-23.301],[-55.259,-23.302],[-55.275,-23.289],[-55.299,-23.283],[-55.309,-23.273],[-55.328,-23.267],[-55.337,-23.264],[-55.345,-23.255],[-55.353,-23.24],[-55.359,-23.219],[-55.373,-23.206],[-55.384,-23.177],[-55.397,-23.154],[-55.419,-23.129],[-55.433,-23.091],[-55.427,-23.082],[-55.431,-23.078],[-55.43,-23.075],[-55.421,-23.076],[-55.429,-23.063],[-55.42,-23.046],[-55.423,-23.041],[-55.414,-23.036],[-55.411,-23.031],[-55.408,-23.028],[-55.401,-23.022],[-55.394,-23.025],[-55.39,-23.021],[-55.378,-23.02],[-55.377,-23.012],[-55.367,-23.012],[-55.364,-23.006],[-55.358,-23.006],[-55.354,-22.999],[-55.336,-22.988],[-55.314,-22.993],[-55.315,-22.989],[-55.31,-22.987],[-55.303,-22.992],[-55.294,-22.967],[-55.278,-22.957],[-55.262,-22.961],[-55.255,-22.951],[-55.239,-22.95],[-55.237,-22.946],[-55.232,-22.951],[-55.229,-22.945],[-55.223,-22.944],[-55.204,-22.943],[-55.195,-22.931],[-55.189,-22.932],[-55.183,-22.927],[-55.175,-22.932],[-55.163,-22.93],[-55.152,-22.941],[-55.143,-22.934],[-55.142,-22.939],[-55.138,-22.94],[-55.13,-22.933],[-55.116,-22.93],[-55.113,-22.927],[-55.105,-22.933],[-55.091,-22.932],[-55.088,-22.928],[-55.081,-22.931],[-55.07,-22.926],[-55.07,-22.921],[-55.074,-22.92],[-55.072,-22.917],[-55.056,-22.914],[-55.048,-22.926],[-55.041,-22.919],[-55.033,-22.924],[-55.018,-22.91],[-55.004,-22.913],[-54.991,-22.904],[-54.99,-22.911],[-54.984,-22.91],[-54.986,-22.925],[-54.98,-22.926],[-54.977,-22.942],[-54.97,-22.946],[-54.952,-22.935],[-54.958,-22.927],[-54.956,-22.92],[-54.951,-22.925],[-54.934,-22.92],[-54.924,-22.924],[-54.922,-22.913],[-54.912,-22.907],[-54.905,-22.909],[-54.906,-22.891],[-54.876,-22.883],[-54.872,-22.875],[-54.867,-22.881],[-54.856,-22.882],[-54.849,-22.886],[-54.845,-22.883],[-54.84,-22.888],[-54.836,-22.878],[-54.833,-22.876],[-54.828,-22.881],[-54.826,-22.877],[-54.815,-22.875],[-54.813,-22.87],[-54.801,-22.875]]]}},{"type":"Feature","properties":{"id":"5000708","nome":"Anast\u00e1cio"},"geometry":{"type":"Polygon","coordinates":[[[-55.833,-20.46],[-55.827,-20.472],[-55.813,-20.468],[-55.805,-20.473],[-55.797,-20.482],[-55.783,-20.486],[-55.781,-20.488],[-55.775,-20.494],[-55.768,-20.487],[-55.755,-20.488],[-55.751,-20.491],[-55.748,-20.486],[-55.74,-20.489],[-55.72,-20.483],[-55.697,-20.484],[-55.685,-20.481],[-55.678,-20.474],[-55.669,-20.482],[-55.658,-20.486],[-55.651,-20.486],[-55.645,-20.481],[-55.641,-20.482],[-55.638,-20.485],[-55.634,-20.491],[-55.619,-20.497],[-55.607,-20.497],[-55.607,-20.507],[-55.603,-20.517],[-55.586,-20.507],[-55.575,-20.519],[-55.578,-20.532],[-55.58,-20.538],[-55.567,-20.545],[-55.578,-20.553],[-55.585,-20.606],[-55.58,-20.624],[-55.575,-20.623],[-55.574,-20.631],[-55.556,-20.641],[-55.556,-20.652],[-55.562,-20.656],[-55.557,-20.666],[-55.55,-20.67],[-55.551,-20.684],[-55.548,-20.687],[-55.543,-20.685],[-55.54,-20.695],[-55.534,-20.694],[-55.531,-20.703],[-55.528,-20.699],[-55.523,-20.709],[-55.524,-20.72],[-55.53,-20.728],[-55.526,-20.738],[-55.523,-20.737],[-55.522,-20.74],[-55.515,-20.74],[-55.503,-20.751],[-55.477,-20.767],[-55.471,-20.769],[-55.472,-20.777],[-55.465,-20.781],[-55.465,-20.791],[-55.46,-20.801],[-55.45,-20.808],[-55.45,-20.825],[-55.444,-20.827],[-55.438,-20.837],[-55.419,-20.838],[-55.413,-20.846],[-55.418,-20.862],[-55.411,-20.869],[-55.408,-20.868],[-55.402,-20.881],[-55.395,-20.897],[-55.4,-20.912],[-55.393,-20.915],[-55.39,-20.925],[-55.382,-20.93],[-55.381,-20.927],[-55.367,-20.931],[-55.372,-20.937],[-55.373,-20.943],[-55.369,-20.948],[-55.371,-20.958],[-55.363,-20.965],[-55.357,-20.966],[-55.34,-20.987],[-55.346,-21.006],[-55.31,-21.042],[-55.331,-21.053],[-55.34,-21.062],[-55.341,-21.064],[-55.345,-21.07],[-55.346,-21.072],[-55.379,-21.105],[-55.407,-21.096],[-55.416,-21.096],[-55.423,-21.1],[-55.446,-21.089],[-55.442,-21.081],[-55.454,-21.074],[-55.465,-21.056],[-55.466,-21.047],[-55.482,-21.035],[-55.483,-21.024],[-55.513,-20.994],[-55.547,-20.99],[-55.564,-20.994],[-55.569,-20.99],[-55.573,-20.993],[-55.581,-20.992],[-55.579,-20.995],[-55.584,-20.996],[-55.592,-20.985],[-55.602,-20.984],[-55.607,-20.976],[-55.62,-20.974],[-55.651,-20.935],[-55.659,-20.936],[-55.66,-20.93],[-55.672,-20.927],[-55.675,-20.921],[-55.684,-20.919],[-55.69,-20.885],[-55.694,-20.87],[-55.707,-20.849],[-55.711,-20.844],[-55.709,-20.838],[-55.707,-20.839],[-55.709,-20.83],[-55.726,-20.825],[-55.72,-20.817],[-55.725,-20.806],[-55.718,-20.799],[-55.727,-20.79],[-55.729,-20.776],[-55.737,-20.773],[-55.74,-20.763],[-55.749,-20.761],[-55.75,-20.756],[-55.756,-20.753],[-55.771,-20.763],[-55.775,-20.762],[-55.777,-20.762],[-55.782,-20.761],[-55.79,-20.746],[-55.844,-20.747],[-55.855,-20.766],[-55.861,-20.767],[-55.868,-20.771],[-55.871,-20.778],[-55.871,-20.784],[-55.891,-20.807],[-55.903,-20.804],[-55.929,-20.814],[-55.939,-20.82],[-55.951,-20.816],[-55.966,-20.819],[-55.999,-20.807],[-56.007,-20.801],[-56.002,-20.79],[-56.01,-20.792],[-56.011,-20.786],[-56.005,-20.778],[-56.006,-20.774],[-56.016,-20.776],[-56.023,-20.772],[-56.024,-20.783],[-56.029,-20.785],[-56.03,-20.78],[-56.034,-20.78],[-56.04,-20.765],[-56.051,-20.764],[-56.056,-20.76],[-56.066,-20.768],[-56.072,-20.768],[-56.075,-20.762],[-56.084,-20.765],[-56.091,-20.764],[-56.092,-20.757],[-56.095,-20.752],[-56.105,-20.747],[-56.106,-20.739],[-56.116,-20.741],[-56.115,-20.728],[-56.124,-20.724],[-56.13,-20.727],[-56.134,-20.723],[-56.128,-20.716],[-56.128,-20.709],[-56.136,-20.703],[-56.14,-20.691],[-56.131,-20.689],[-56.129,-20.682],[-56.134,-20.682],[-56.147,-20.669],[-56.163,-20.668],[-56.161,-20.665],[-56.164,-20.662],[-56.15,-20.658],[-56.146,-20.65],[-56.154,-20.638],[-56.148,-20.63],[-56.149,-20.624],[-56.158,-20.621],[-56.156,-20.618],[-56.15,-20.618],[-56.14,-20.619],[-56.128,-20.608],[-56.137,-20.573],[-56.138,-20.538],[-56.132,-20.515],[-56.134,-20.507],[-56.137,-20.498],[-56.145,-20.491],[-56.152,-20.451],[-56.179,-20.444],[-56.181,-20.434],[-56.174,-20.429],[-56.128,-20.431],[-55.833,-20.46]]]}},{"type":"Feature","properties":{"id":"5000807","nome":"Anauril\u00e2ndia"},"geometry":{"type":"Polygon","coordinates":[[[-52.621,-21.876],[-52.61,-21.894],[-52.609,-21.915],[-52.605,-21.917],[-52.563,-21.953],[-52.548,-21.964],[-52.533,-21.97],[-52.507,-21.996],[-52.498,-22.007],[-52.469,-22.013],[-52.464,-22.019],[-52.44,-22.043],[-52.437,-22.052],[-52.417,-22.057],[-52.407,-22.067],[-52.4,-22.067],[-52.38,-22.077],[-52.394,-22.103],[-52.395,-22.108],[-52.391,-22.114],[-52.396,-22.118],[-52.408,-22.141],[-52.456,-22.185],[-52.479,-22.2],[-52.484,-22.213],[-52.489,-22.218],[-52.503,-22.225],[-52.523,-22.229],[-52.551,-22.243],[-52.579,-22.251],[-52.601,-22.271],[-52.629,-22.282],[-52.645,-22.298],[-52.655,-22.303],[-52.695,-22.314],[-52.724,-22.335],[-52.745,-22.343],[-52.798,-22.378],[-52.81,-22.39],[-52.839,-22.415],[-52.854,-22.439],[-52.895,-22.456],[-52.948,-22.473],[-53.001,-22.425],[-52.987,-22.421],[-52.994,-22.409],[-53.001,-22.359],[-53.014,-22.338],[-53.029,-22.327],[-53.036,-22.317],[-53.042,-22.301],[-53.044,-22.273],[-53.064,-22.231],[-53.073,-22.22],[-53.109,-22.138],[-53.112,-22.103],[-53.106,-22.074],[-53.109,-22.049],[-53.115,-22.032],[-53.117,-22.001],[-53.133,-21.974],[-53.151,-21.974],[-53.091,-21.865],[-53.076,-21.837],[-53.044,-21.847],[-53.031,-21.855],[-52.999,-21.856],[-52.953,-21.861],[-52.929,-21.867],[-52.871,-21.88],[-52.824,-21.87],[-52.774,-21.86],[-52.736,-21.853],[-52.675,-21.84],[-52.663,-21.838],[-52.631,-21.833],[-52.621,-21.876]]]}},{"type":"Feature","properties":{"id":"5000856","nome":"Ang\u00e9lica"},"geometry":{"type":"Polygon","coordinates":[[[-53.881,-21.882],[-53.874,-21.898],[-53.861,-21.897],[-53.849,-21.903],[-53.838,-21.897],[-53.832,-21.901],[-53.816,-21.914],[-53.813,-21.921],[-53.799,-21.913],[-53.795,-21.915],[-53.792,-21.922],[-53.79,-21.944],[-53.76,-21.962],[-53.761,-21.985],[-53.765,-21.994],[-53.759,-21.994],[-53.753,-21.986],[-53.738,-21.987],[-53.732,-21.991],[-53.731,-21.996],[-53.735,-22.001],[-53.748,-22.002],[-53.746,-22.009],[-53.711,-22.024],[-53.703,-22.031],[-53.687,-22.037],[-53.686,-22.042],[-53.692,-22.048],[-53.688,-22.062],[-53.685,-22.063],[-53.677,-22.067],[-53.671,-22.074],[-53.669,-22.096],[-53.663,-22.11],[-53.653,-22.111],[-53.627,-22.121],[-53.623,-22.126],[-53.623,-22.143],[-53.593,-22.147],[-53.587,-22.151],[-53.585,-22.162],[-53.594,-22.173],[-53.587,-22.183],[-53.587,-22.193],[-53.601,-22.189],[-53.609,-22.191],[-53.623,-22.205],[-53.638,-22.207],[-53.686,-22.23],[-53.714,-22.23],[-53.73,-22.237],[-53.75,-22.237],[-53.761,-22.233],[-53.779,-22.235],[-53.783,-22.233],[-53.784,-22.233],[-53.824,-22.21],[-53.843,-22.208],[-53.869,-22.207],[-53.897,-22.197],[-53.908,-22.187],[-53.93,-22.164],[-53.957,-22.161],[-53.959,-22.156],[-53.976,-22.147],[-53.992,-22.155],[-53.999,-22.152],[-53.999,-22.133],[-53.993,-22.117],[-54.082,-22.085],[-54.087,-22.082],[-54.09,-22.07],[-54.085,-22.03],[-54.091,-22.011],[-54.093,-21.983],[-54.125,-21.946],[-54.131,-21.93],[-54.118,-21.925],[-54.108,-21.915],[-54.1,-21.913],[-54.081,-21.928],[-54.076,-21.929],[-54.068,-21.92],[-54.067,-21.914],[-54.077,-21.909],[-54.077,-21.905],[-54.069,-21.904],[-54.063,-21.908],[-54.054,-21.901],[-54.045,-21.902],[-54.034,-21.897],[-54.024,-21.897],[-53.999,-21.91],[-53.989,-21.901],[-53.971,-21.912],[-53.963,-21.896],[-53.952,-21.911],[-53.96,-21.919],[-53.958,-21.923],[-53.954,-21.924],[-53.944,-21.919],[-53.937,-21.909],[-53.936,-21.904],[-53.941,-21.898],[-53.928,-21.902],[-53.922,-21.898],[-53.914,-21.899],[-53.902,-21.912],[-53.889,-21.904],[-53.896,-21.881],[-53.881,-21.882]]]}},{"type":"Feature","properties":{"id":"5000906","nome":"Ant\u00f4nio Jo\u00e3o"},"geometry":{"type":"Polygon","coordinates":[[[-55.978,-22.091],[-55.971,-22.097],[-55.961,-22.092],[-55.938,-22.096],[-55.91,-22.117],[-55.899,-22.13],[-55.887,-22.137],[-55.875,-22.149],[-55.856,-22.141],[-55.832,-22.14],[-55.814,-22.151],[-55.807,-22.148],[-55.792,-22.149],[-55.773,-22.141],[-55.772,-22.13],[-55.765,-22.129],[-55.761,-22.119],[-55.753,-22.117],[-55.754,-22.114],[-55.747,-22.122],[-55.74,-22.118],[-55.734,-22.122],[-55.724,-22.117],[-55.716,-22.122],[-55.716,-22.114],[-55.711,-22.114],[-55.7,-22.122],[-55.694,-22.138],[-55.688,-22.129],[-55.681,-22.13],[-55.685,-22.122],[-55.681,-22.119],[-55.675,-22.116],[-55.676,-22.125],[-55.672,-22.127],[-55.667,-22.123],[-55.667,-22.119],[-55.661,-22.121],[-55.662,-22.112],[-55.651,-22.119],[-55.645,-22.119],[-55.649,-22.127],[-55.646,-22.133],[-55.641,-22.127],[-55.64,-22.131],[-55.642,-22.136],[-55.652,-22.133],[-55.657,-22.139],[-55.666,-22.141],[-55.659,-22.146],[-55.666,-22.156],[-55.66,-22.155],[-55.658,-22.161],[-55.669,-22.162],[-55.673,-22.165],[-55.671,-22.17],[-55.677,-22.17],[-55.682,-22.178],[-55.691,-22.18],[-55.691,-22.183],[-55.684,-22.188],[-55.688,-22.204],[-55.692,-22.204],[-55.694,-22.201],[-55.699,-22.203],[-55.701,-22.215],[-55.713,-22.227],[-55.705,-22.234],[-55.71,-22.237],[-55.705,-22.247],[-55.713,-22.252],[-55.714,-22.257],[-55.72,-22.259],[-55.721,-22.267],[-55.727,-22.269],[-55.731,-22.276],[-55.746,-22.282],[-55.753,-22.303],[-55.757,-22.309],[-55.758,-22.324],[-55.749,-22.339],[-55.749,-22.353],[-55.756,-22.369],[-55.76,-22.372],[-55.763,-22.371],[-55.765,-22.383],[-55.774,-22.386],[-55.782,-22.384],[-55.788,-22.388],[-55.79,-22.38],[-55.802,-22.372],[-55.797,-22.363],[-55.8,-22.355],[-55.824,-22.341],[-55.832,-22.325],[-55.838,-22.293],[-55.853,-22.28],[-55.896,-22.285],[-55.916,-22.277],[-55.918,-22.28],[-55.929,-22.278],[-55.945,-22.283],[-55.949,-22.292],[-55.954,-22.289],[-55.968,-22.29],[-55.983,-22.278],[-56.0,-22.283],[-56.004,-22.293],[-56.01,-22.294],[-56.014,-22.286],[-56.042,-22.282],[-56.056,-22.276],[-56.062,-22.276],[-56.07,-22.286],[-56.083,-22.282],[-56.088,-22.286],[-56.087,-22.282],[-56.095,-22.284],[-56.117,-22.27],[-56.124,-22.271],[-56.123,-22.275],[-56.127,-22.274],[-56.129,-22.283],[-56.137,-22.285],[-56.15,-22.282],[-56.157,-22.285],[-56.161,-22.282],[-56.166,-22.288],[-56.175,-22.283],[-56.174,-22.279],[-56.183,-22.277],[-56.187,-22.281],[-56.192,-22.272],[-56.2,-22.277],[-56.203,-22.274],[-56.21,-22.277],[-56.215,-22.269],[-56.233,-22.256],[-56.232,-22.246],[-56.239,-22.235],[-56.262,-22.238],[-56.27,-22.232],[-56.276,-22.236],[-56.285,-22.225],[-56.301,-22.215],[-56.311,-22.213],[-56.315,-22.218],[-56.327,-22.202],[-56.33,-22.202],[-56.329,-22.199],[-56.336,-22.198],[-56.344,-22.185],[-56.343,-22.179],[-56.336,-22.176],[-56.33,-22.175],[-56.328,-22.181],[-56.32,-22.183],[-56.317,-22.188],[-56.31,-22.188],[-56.299,-22.178],[-56.293,-22.163],[-56.287,-22.161],[-56.271,-22.165],[-56.257,-22.162],[-56.245,-22.171],[-56.217,-22.173],[-56.203,-22.172],[-56.202,-22.106],[-56.133,-22.112],[-56.113,-22.127],[-56.105,-22.115],[-56.095,-22.12],[-56.079,-22.089],[-56.074,-22.091],[-56.071,-22.093],[-56.069,-22.108],[-56.058,-22.107],[-56.057,-22.113],[-56.044,-22.116],[-56.028,-22.131],[-56.023,-22.13],[-56.024,-22.125],[-56.04,-22.107],[-56.047,-22.093],[-56.041,-22.089],[-56.029,-22.095],[-56.017,-22.093],[-56.009,-22.076],[-56.017,-22.062],[-56.006,-22.057],[-56.005,-22.066],[-55.997,-22.072],[-55.997,-22.076],[-55.986,-22.082],[-55.982,-22.09],[-55.978,-22.091]]]}},{"type":"Feature","properties":{"id":"5001003","nome":"Aparecida do Taboado"},"geometry":{"type":"Polygon","coordinates":[[[-51.022,-19.807],[-51.018,-19.837],[-51.02,-19.864],[-51.002,-19.9],[-50.999,-19.906],[-50.999,-19.911],[-51.002,-19.924],[-51.02,-19.959],[-51.018,-19.973],[-51.004,-19.999],[-51.006,-20.025],[-51.017,-20.048],[-51.009,-20.072],[-51.0,-20.085],[-51.001,-20.094],[-51.001,-20.096],[-51.029,-20.151],[-51.048,-20.198],[-51.058,-20.233],[-51.069,-20.25],[-51.109,-20.28],[-51.114,-20.283],[-51.132,-20.295],[-51.16,-20.305],[-51.295,-20.328],[-51.321,-20.339],[-51.341,-20.353],[-51.343,-20.355],[-51.355,-20.34],[-51.36,-20.322],[-51.374,-20.316],[-51.396,-20.298],[-51.415,-20.294],[-51.45,-20.26],[-51.504,-20.237],[-51.544,-20.204],[-51.55,-20.194],[-51.561,-20.189],[-51.572,-20.17],[-51.581,-20.158],[-51.596,-20.152],[-51.617,-20.124],[-51.623,-20.121],[-51.622,-20.115],[-51.631,-20.108],[-51.628,-20.103],[-51.641,-20.091],[-51.648,-20.091],[-51.654,-20.084],[-51.652,-20.078],[-51.665,-20.068],[-51.671,-20.058],[-51.677,-20.058],[-51.688,-20.047],[-51.684,-20.025],[-51.675,-20.011],[-51.662,-20.009],[-51.641,-19.995],[-51.638,-19.982],[-51.582,-19.973],[-51.578,-19.969],[-51.554,-19.965],[-51.475,-19.959],[-51.472,-19.964],[-51.465,-19.96],[-51.454,-19.945],[-51.443,-19.942],[-51.428,-19.93],[-51.418,-19.906],[-51.412,-19.902],[-51.397,-19.903],[-51.384,-19.887],[-51.383,-19.881],[-51.367,-19.866],[-51.358,-19.864],[-51.34,-19.865],[-51.326,-19.854],[-51.316,-19.848],[-51.302,-19.856],[-51.275,-19.846],[-51.258,-19.858],[-51.242,-19.855],[-51.231,-19.863],[-51.192,-19.855],[-51.171,-19.866],[-51.154,-19.858],[-51.14,-19.841],[-51.137,-19.832],[-51.127,-19.824],[-51.116,-19.821],[-51.115,-19.82],[-51.106,-19.817],[-51.089,-19.818],[-51.079,-19.813],[-51.067,-19.817],[-51.05,-19.807],[-51.033,-19.79],[-51.022,-19.807]]]}},{"type":"Feature","properties":{"id":"5001102","nome":"Aquidauana"},"geometry":{"type":"Polygon","coordinates":[[[-55.423,-19.253],[-55.417,-19.26],[-55.412,-19.259],[-55.4,-19.264],[-55.395,-19.259],[-55.374,-19.257],[-55.368,-19.263],[-55.36,-19.265],[-55.353,-19.264],[-55.35,-19.249],[-55.33,-19.236],[-55.32,-19.238],[-55.31,-19.245],[-55.31,-19.252],[-55.302,-19.257],[-55.277,-19.248],[-55.253,-19.249],[-55.229,-19.271],[-55.223,-19.283],[-55.217,-19.279],[-55.201,-19.288],[-55.191,-19.3],[-55.19,-19.307],[-55.187,-19.305],[-55.184,-19.31],[-55.179,-19.31],[-55.169,-19.332],[-55.137,-19.346],[-55.134,-19.341],[-55.13,-19.342],[-55.121,-19.338],[-55.119,-19.328],[-55.11,-19.326],[-55.107,-19.333],[-55.104,-19.334],[-55.101,-19.331],[-55.101,-19.335],[-55.112,-19.349],[-55.121,-19.353],[-55.114,-19.37],[-55.153,-19.39],[-55.167,-19.407],[-55.187,-19.403],[-55.194,-19.408],[-55.203,-19.433],[-55.204,-19.452],[-55.219,-19.467],[-55.224,-19.494],[-55.236,-19.5],[-55.232,-19.512],[-55.235,-19.52],[-55.258,-19.55],[-55.268,-19.587],[-55.29,-19.605],[-55.287,-19.615],[-55.294,-19.622],[-55.308,-19.675],[-55.324,-19.69],[-55.323,-19.701],[-55.337,-19.708],[-55.334,-19.717],[-55.348,-19.745],[-55.347,-19.75],[-55.354,-19.758],[-55.354,-19.768],[-55.373,-19.765],[-55.379,-19.77],[-55.383,-19.781],[-55.377,-19.791],[-55.393,-19.798],[-55.396,-19.813],[-55.39,-19.822],[-55.388,-19.833],[-55.381,-19.839],[-55.379,-19.85],[-55.354,-19.861],[-55.338,-19.88],[-55.331,-19.902],[-55.33,-19.93],[-55.326,-19.933],[-55.325,-19.94],[-55.314,-19.944],[-55.31,-19.947],[-55.31,-19.954],[-55.322,-19.969],[-55.323,-19.977],[-55.318,-19.986],[-55.285,-19.991],[-55.268,-20.0],[-55.261,-19.995],[-55.26,-19.988],[-55.252,-19.983],[-55.231,-19.985],[-55.223,-19.978],[-55.212,-19.985],[-55.209,-19.991],[-55.197,-19.994],[-55.18,-19.992],[-55.167,-19.986],[-55.161,-19.987],[-55.161,-19.964],[-55.157,-19.951],[-55.152,-19.957],[-55.125,-19.965],[-55.117,-20.007],[-55.097,-20.027],[-55.094,-20.051],[-55.082,-20.068],[-55.076,-20.087],[-55.065,-20.107],[-55.066,-20.126],[-55.07,-20.133],[-55.081,-20.137],[-55.08,-20.148],[-55.084,-20.153],[-55.09,-20.154],[-55.096,-20.154],[-55.107,-20.148],[-55.116,-20.153],[-55.124,-20.151],[-55.132,-20.155],[-55.135,-20.154],[-55.136,-20.143],[-55.148,-20.146],[-55.171,-20.165],[-55.19,-20.171],[-55.196,-20.176],[-55.202,-20.177],[-55.201,-20.188],[-55.208,-20.19],[-55.218,-20.187],[-55.218,-20.201],[-55.23,-20.2],[-55.234,-20.212],[-55.243,-20.215],[-55.248,-20.227],[-55.255,-20.228],[-55.256,-20.245],[-55.261,-20.246],[-55.265,-20.242],[-55.273,-20.243],[-55.269,-20.252],[-55.269,-20.268],[-55.265,-20.272],[-55.27,-20.277],[-55.271,-20.286],[-55.25,-20.283],[-55.243,-20.3],[-55.254,-20.311],[-55.247,-20.319],[-55.249,-20.324],[-55.265,-20.337],[-55.269,-20.33],[-55.28,-20.321],[-55.298,-20.322],[-55.296,-20.337],[-55.307,-20.341],[-55.32,-20.337],[-55.32,-20.326],[-55.321,-20.264],[-55.315,-20.262],[-55.311,-20.257],[-55.315,-20.231],[-55.3,-20.195],[-55.324,-20.173],[-55.33,-20.176],[-55.338,-20.172],[-55.394,-20.178],[-55.411,-20.172],[-55.417,-20.155],[-55.424,-20.148],[-55.431,-20.146],[-55.437,-20.153],[-55.444,-20.153],[-55.45,-20.149],[-55.446,-20.142],[-55.451,-20.14],[-55.471,-20.15],[-55.475,-20.149],[-55.499,-20.181],[-55.513,-20.19],[-55.517,-20.215],[-55.507,-20.221],[-55.511,-20.234],[-55.521,-20.242],[-55.516,-20.251],[-55.517,-20.279],[-55.505,-20.287],[-55.492,-20.293],[-55.486,-20.302],[-55.475,-20.3],[-55.47,-20.306],[-55.462,-20.304],[-55.459,-20.301],[-55.458,-20.305],[-55.452,-20.308],[-55.458,-20.323],[-55.453,-20.33],[-55.458,-20.334],[-55.46,-20.344],[-55.456,-20.347],[-55.46,-20.354],[-55.455,-20.359],[-55.457,-20.365],[-55.446,-20.386],[-55.445,-20.412],[-55.451,-20.426],[-55.448,-20.429],[-55.451,-20.438],[-55.459,-20.441],[-55.451,-20.45],[-55.46,-20.458],[-55.466,-20.476],[-55.48,-20.457],[-55.481,-20.466],[-55.484,-20.467],[-55.504,-20.454],[-55.524,-20.469],[-55.529,-20.476],[-55.532,-20.482],[-55.542,-20.489],[-55.553,-20.507],[-55.566,-20.506],[-55.565,-20.493],[-55.58,-20.499],[-55.586,-20.507],[-55.603,-20.517],[-55.607,-20.507],[-55.607,-20.497],[-55.619,-20.497],[-55.634,-20.491],[-55.638,-20.485],[-55.641,-20.482],[-55.645,-20.481],[-55.651,-20.486],[-55.658,-20.486],[-55.669,-20.482],[-55.678,-20.474],[-55.685,-20.481],[-55.697,-20.484],[-55.72,-20.483],[-55.74,-20.489],[-55.748,-20.486],[-55.751,-20.491],[-55.755,-20.488],[-55.768,-20.487],[-55.775,-20.494],[-55.781,-20.488],[-55.783,-20.486],[-55.797,-20.482],[-55.805,-20.473],[-55.813,-20.468],[-55.827,-20.472],[-55.833,-20.46],[-56.128,-20.431],[-56.123,-20.424],[-56.126,-20.405],[-56.138,-20.381],[-56.137,-20.373],[-56.128,-20.358],[-56.131,-20.355],[-56.137,-20.354],[-56.147,-20.36],[-56.151,-20.353],[-56.149,-20.35],[-56.147,-20.349],[-56.159,-20.339],[-56.162,-20.329],[-56.18,-20.327],[-56.19,-20.33],[-56.191,-20.321],[-56.198,-20.307],[-56.226,-20.29],[-56.229,-20.269],[-56.237,-20.262],[-56.229,-20.254],[-56.222,-20.246],[-56.23,-20.23],[-56.23,-20.21],[-56.237,-20.203],[-56.238,-20.198],[-56.237,-20.194],[-56.226,-20.18],[-56.218,-20.177],[-56.216,-20.172],[-56.218,-20.164],[-56.239,-20.136],[-56.24,-20.125],[-56.245,-20.121],[-56.249,-20.106],[-56.243,-20.087],[-56.251,-20.069],[-56.248,-20.062],[-56.252,-20.052],[-56.247,-20.039],[-56.253,-20.005],[-56.26,-19.988],[-56.281,-19.985],[-56.29,-19.976],[-56.294,-19.963],[-56.305,-19.956],[-56.318,-19.938],[-56.322,-19.927],[-56.328,-19.932],[-56.348,-19.926],[-56.366,-19.906],[-56.384,-19.9],[-56.392,-19.891],[-56.396,-19.882],[-56.409,-19.872],[-56.421,-19.872],[-56.431,-19.868],[-56.453,-19.853],[-56.472,-19.829],[-56.497,-19.815],[-56.515,-19.812],[-56.533,-19.819],[-56.546,-19.814],[-56.556,-19.817],[-56.573,-19.813],[-56.585,-19.82],[-56.613,-19.823],[-56.628,-19.833],[-56.634,-19.826],[-56.636,-19.812],[-56.648,-19.805],[-56.648,-19.792],[-56.643,-19.788],[-56.646,-19.782],[-56.653,-19.783],[-56.665,-19.776],[-56.673,-19.778],[-56.676,-19.772],[-56.687,-19.773],[-56.689,-19.768],[-56.697,-19.765],[-56.707,-19.767],[-56.706,-19.771],[-56.714,-19.778],[-56.713,-19.784],[-56.723,-19.781],[-56.727,-19.791],[-56.732,-19.793],[-56.739,-19.783],[-56.739,-19.776],[-56.753,-19.774],[-56.758,-19.78],[-56.766,-19.781],[-56.771,-19.788],[-56.776,-19.787],[-56.777,-19.795],[-56.781,-19.797],[-56.786,-19.797],[-56.795,-19.786],[-56.801,-19.791],[-56.803,-19.786],[-56.81,-19.787],[-56.81,-19.781],[-56.825,-19.775],[-56.828,-19.755],[-56.841,-19.746],[-56.844,-19.752],[-56.843,-19.743],[-56.85,-19.731],[-56.857,-19.735],[-56.855,-19.731],[-56.847,-19.727],[-56.854,-19.721],[-56.854,-19.715],[-56.866,-19.715],[-56.871,-19.707],[-56.871,-19.719],[-56.875,-19.719],[-56.88,-19.703],[-56.873,-19.702],[-56.873,-19.698],[-56.887,-19.699],[-56.887,-19.691],[-56.898,-19.681],[-56.904,-19.686],[-56.903,-19.682],[-56.908,-19.682],[-56.912,-19.691],[-56.936,-19.685],[-56.934,-19.691],[-56.938,-19.695],[-56.941,-19.687],[-56.951,-19.692],[-56.953,-19.688],[-56.959,-19.693],[-56.964,-19.685],[-56.956,-19.682],[-56.959,-19.679],[-56.967,-19.679],[-56.972,-19.682],[-56.981,-19.679],[-56.991,-19.686],[-56.994,-19.685],[-56.999,-19.665],[-56.992,-19.662],[-56.994,-19.656],[-56.986,-19.659],[-56.989,-19.65],[-56.983,-19.644],[-56.985,-19.637],[-56.993,-19.631],[-56.989,-19.621],[-56.995,-19.621],[-56.999,-19.618],[-56.998,-19.613],[-56.989,-19.614],[-56.98,-19.61],[-56.971,-19.614],[-56.973,-19.618],[-56.966,-19.618],[-56.964,-19.623],[-56.946,-19.618],[-56.943,-19.614],[-56.932,-19.616],[-56.927,-19.611],[-56.923,-19.615],[-56.919,-19.615],[-56.919,-19.611],[-56.909,-19.61],[-56.904,-19.613],[-56.904,-19.609],[-56.895,-19.616],[-56.892,-19.613],[-56.882,-19.62],[-56.878,-19.617],[-56.866,-19.618],[-56.857,-19.615],[-56.856,-19.608],[-56.851,-19.605],[-56.615,-19.511],[-56.604,-19.516],[-56.584,-19.513],[-56.575,-19.517],[-56.56,-19.511],[-56.546,-19.511],[-56.525,-19.505],[-56.521,-19.501],[-56.523,-19.497],[-56.519,-19.495],[-56.516,-19.497],[-56.517,-19.503],[-56.504,-19.508],[-56.505,-19.286],[-56.505,-19.28],[-56.483,-19.28],[-56.387,-19.28],[-55.972,-19.278],[-55.971,-19.465],[-55.956,-19.467],[-55.951,-19.464],[-55.938,-19.44],[-55.926,-19.436],[-55.921,-19.423],[-55.912,-19.424],[-55.899,-19.418],[-55.889,-19.39],[-55.879,-19.39],[-55.872,-19.374],[-55.86,-19.371],[-55.854,-19.361],[-55.842,-19.357],[-55.833,-19.342],[-55.826,-19.338],[-55.819,-19.321],[-55.826,-19.302],[-55.821,-19.298],[-55.823,-19.286],[-55.809,-19.277],[-55.79,-19.256],[-55.784,-19.24],[-55.785,-19.236],[-55.778,-19.229],[-55.777,-19.223],[-55.771,-19.22],[-55.772,-19.214],[-55.764,-19.208],[-55.763,-19.198],[-55.766,-19.193],[-55.738,-19.161],[-55.729,-19.132],[-55.713,-19.11],[-55.706,-19.108],[-55.703,-19.09],[-55.697,-19.081],[-55.671,-19.064],[-55.666,-19.056],[-55.647,-19.048],[-55.637,-19.03],[-55.617,-19.02],[-55.598,-18.997],[-55.583,-18.989],[-55.579,-18.983],[-55.572,-18.981],[-55.569,-18.975],[-55.557,-18.97],[-55.545,-18.954],[-55.528,-18.94],[-55.401,-18.587],[-55.398,-18.58],[-55.464,-19.216],[-55.464,-19.217],[-55.453,-19.22],[-55.447,-19.231],[-55.433,-19.236],[-55.434,-19.239],[-55.423,-19.249],[-55.423,-19.253]]]}},{"type":"Feature","properties":{"id":"5001243","nome":"Aral Moreira"},"geometry":{"type":"Polygon","coordinates":[[[-55.39,-22.69],[-55.382,-22.696],[-55.386,-22.7],[-55.382,-22.706],[-55.366,-22.702],[-55.361,-22.702],[-55.363,-22.707],[-55.353,-22.708],[-55.353,-22.715],[-55.339,-22.716],[-55.344,-22.726],[-55.334,-22.726],[-55.328,-22.722],[-55.318,-22.724],[-55.316,-22.73],[-55.311,-22.724],[-55.307,-22.737],[-55.309,-22.753],[-55.305,-22.754],[-55.303,-22.76],[-55.289,-22.76],[-55.286,-22.768],[-55.285,-22.771],[-55.284,-22.775],[-55.272,-22.78],[-55.273,-22.784],[-55.265,-22.785],[-55.27,-22.79],[-55.262,-22.797],[-55.262,-22.804],[-55.256,-22.81],[-55.252,-22.807],[-55.249,-22.81],[-55.249,-22.805],[-55.245,-22.803],[-55.234,-22.805],[-55.236,-22.817],[-55.244,-22.826],[-55.233,-22.846],[-55.219,-22.849],[-55.216,-22.861],[-55.206,-22.856],[-55.197,-22.866],[-55.196,-22.871],[-55.191,-22.869],[-55.187,-22.872],[-55.165,-22.884],[-55.163,-22.9],[-55.167,-22.905],[-55.162,-22.912],[-55.156,-22.911],[-55.153,-22.916],[-55.15,-22.911],[-55.13,-22.919],[-55.123,-22.903],[-55.116,-22.902],[-55.113,-22.895],[-55.103,-22.893],[-55.096,-22.902],[-55.086,-22.894],[-55.081,-22.897],[-55.076,-22.894],[-55.073,-22.9],[-55.064,-22.905],[-55.065,-22.912],[-55.073,-22.912],[-55.072,-22.917],[-55.074,-22.92],[-55.07,-22.921],[-55.07,-22.926],[-55.081,-22.931],[-55.088,-22.928],[-55.091,-22.932],[-55.105,-22.933],[-55.113,-22.927],[-55.116,-22.93],[-55.13,-22.933],[-55.138,-22.94],[-55.142,-22.939],[-55.143,-22.934],[-55.152,-22.941],[-55.163,-22.93],[-55.175,-22.932],[-55.183,-22.927],[-55.189,-22.932],[-55.195,-22.931],[-55.204,-22.943],[-55.223,-22.944],[-55.229,-22.945],[-55.232,-22.951],[-55.237,-22.946],[-55.239,-22.95],[-55.255,-22.951],[-55.262,-22.961],[-55.278,-22.957],[-55.294,-22.967],[-55.303,-22.992],[-55.31,-22.987],[-55.315,-22.989],[-55.314,-22.993],[-55.336,-22.988],[-55.354,-22.999],[-55.358,-23.006],[-55.364,-23.006],[-55.367,-23.012],[-55.377,-23.012],[-55.378,-23.02],[-55.39,-23.021],[-55.394,-23.025],[-55.401,-23.022],[-55.408,-23.028],[-55.411,-23.031],[-55.414,-23.036],[-55.423,-23.041],[-55.42,-23.046],[-55.429,-23.063],[-55.421,-23.076],[-55.43,-23.075],[-55.431,-23.078],[-55.427,-23.082],[-55.433,-23.091],[-55.445,-23.093],[-55.465,-23.12],[-55.477,-23.128],[-55.489,-23.155],[-55.496,-23.163],[-55.492,-23.178],[-55.493,-23.199],[-55.499,-23.206],[-55.505,-23.206],[-55.514,-23.22],[-55.52,-23.231],[-55.523,-23.249],[-55.528,-23.251],[-55.53,-23.251],[-55.538,-23.25],[-55.541,-23.243],[-55.537,-23.235],[-55.546,-23.219],[-55.534,-23.216],[-55.526,-23.207],[-55.523,-23.197],[-55.543,-23.18],[-55.542,-23.155],[-55.555,-23.152],[-55.567,-23.143],[-55.574,-23.143],[-55.597,-23.152],[-55.595,-23.131],[-55.598,-23.121],[-55.595,-23.119],[-55.6,-23.104],[-55.616,-23.082],[-55.61,-23.077],[-55.611,-23.059],[-55.614,-23.054],[-55.611,-23.049],[-55.613,-23.042],[-55.623,-23.033],[-55.639,-23.026],[-55.63,-23.0],[-55.634,-22.993],[-55.622,-22.985],[-55.637,-22.961],[-55.635,-22.954],[-55.639,-22.951],[-55.647,-22.951],[-55.645,-22.942],[-55.651,-22.932],[-55.645,-22.924],[-55.651,-22.904],[-55.648,-22.899],[-55.65,-22.888],[-55.661,-22.882],[-55.659,-22.866],[-55.666,-22.852],[-55.658,-22.842],[-55.658,-22.825],[-55.654,-22.818],[-55.656,-22.808],[-55.649,-22.802],[-55.653,-22.792],[-55.639,-22.783],[-55.634,-22.77],[-55.627,-22.766],[-55.617,-22.768],[-55.619,-22.765],[-55.625,-22.759],[-55.619,-22.752],[-55.619,-22.744],[-55.613,-22.739],[-55.615,-22.734],[-55.612,-22.716],[-55.613,-22.699],[-55.602,-22.704],[-55.586,-22.719],[-55.576,-22.721],[-55.565,-22.738],[-55.553,-22.75],[-55.533,-22.758],[-55.527,-22.764],[-55.517,-22.748],[-55.519,-22.729],[-55.519,-22.72],[-55.511,-22.724],[-55.501,-22.721],[-55.498,-22.717],[-55.485,-22.712],[-55.474,-22.702],[-55.464,-22.7],[-55.459,-22.695],[-55.452,-22.697],[-55.445,-22.693],[-55.436,-22.697],[-55.432,-22.693],[-55.424,-22.7],[-55.412,-22.691],[-55.395,-22.692],[-55.39,-22.69]]]}},{"type":"Feature","properties":{"id":"5001508","nome":"Bandeirantes"},"geometry":{"type":"Polygon","coordinates":[[[-54.537,-19.538],[-54.531,-19.538],[-54.513,-19.538],[-54.503,-19.556],[-54.488,-19.561],[-54.473,-19.55],[-54.471,-19.542],[-54.466,-19.539],[-54.454,-19.54],[-54.431,-19.551],[-54.399,-19.594],[-54.398,-19.594],[-54.374,-19.599],[-54.358,-19.597],[-54.336,-19.61],[-54.286,-19.621],[-54.26,-19.615],[-54.247,-19.62],[-54.235,-19.62],[-54.205,-19.612],[-54.169,-19.627],[-54.142,-19.65],[-54.133,-19.654],[-54.128,-19.66],[-54.122,-19.658],[-54.116,-19.663],[-54.11,-19.662],[-54.095,-19.659],[-54.085,-19.646],[-54.072,-19.642],[-54.065,-19.634],[-54.033,-19.631],[-54.021,-19.632],[-54.017,-19.637],[-54.018,-19.645],[-54.011,-19.664],[-53.995,-19.681],[-53.992,-19.692],[-53.997,-19.694],[-53.999,-19.701],[-53.989,-19.711],[-53.988,-19.722],[-53.995,-19.729],[-53.987,-19.75],[-53.99,-19.752],[-53.991,-19.766],[-53.985,-19.769],[-53.978,-19.78],[-53.977,-19.801],[-53.971,-19.809],[-53.97,-19.816],[-53.973,-19.82],[-53.971,-19.837],[-53.964,-19.849],[-53.963,-19.86],[-53.949,-19.866],[-53.941,-19.876],[-53.94,-19.883],[-53.928,-19.897],[-53.93,-19.9],[-53.92,-19.907],[-53.918,-19.925],[-53.908,-19.937],[-53.91,-19.942],[-53.904,-19.95],[-53.902,-19.975],[-53.898,-19.978],[-53.895,-19.993],[-53.906,-19.992],[-53.911,-19.997],[-53.919,-19.998],[-53.929,-19.994],[-53.934,-19.997],[-53.939,-19.994],[-53.944,-19.998],[-53.95,-19.996],[-53.959,-20.016],[-53.958,-20.031],[-53.975,-20.047],[-54.038,-20.073],[-54.051,-20.086],[-54.065,-20.088],[-54.086,-20.101],[-54.099,-20.116],[-54.104,-20.114],[-54.124,-20.099],[-54.134,-20.101],[-54.137,-20.096],[-54.149,-20.097],[-54.153,-20.093],[-54.158,-20.094],[-54.158,-20.091],[-54.163,-20.093],[-54.177,-20.085],[-54.178,-20.08],[-54.177,-20.076],[-54.19,-20.059],[-54.211,-20.05],[-54.226,-20.039],[-54.237,-20.037],[-54.253,-20.045],[-54.258,-20.044],[-54.286,-20.028],[-54.306,-20.028],[-54.317,-20.034],[-54.327,-20.031],[-54.335,-20.026],[-54.37,-20.023],[-54.395,-20.032],[-54.409,-20.031],[-54.416,-19.99],[-54.422,-19.986],[-54.436,-19.986],[-54.447,-19.982],[-54.457,-19.949],[-54.458,-19.941],[-54.451,-19.926],[-54.458,-19.914],[-54.457,-19.906],[-54.46,-19.881],[-54.428,-19.83],[-54.404,-19.791],[-54.42,-19.788],[-54.435,-19.797],[-54.45,-19.796],[-54.469,-19.799],[-54.474,-19.795],[-54.478,-19.78],[-54.486,-19.773],[-54.502,-19.784],[-54.52,-19.771],[-54.538,-19.765],[-54.542,-19.759],[-54.55,-19.763],[-54.567,-19.761],[-54.576,-19.751],[-54.582,-19.747],[-54.59,-19.747],[-54.599,-19.753],[-54.611,-19.751],[-54.614,-19.745],[-54.622,-19.751],[-54.632,-19.747],[-54.634,-19.757],[-54.639,-19.751],[-54.646,-19.748],[-54.657,-19.754],[-54.657,-19.757],[-54.661,-19.753],[-54.665,-19.762],[-54.677,-19.76],[-54.674,-19.754],[-54.68,-19.752],[-54.69,-19.761],[-54.695,-19.772],[-54.699,-19.77],[-54.701,-19.778],[-54.704,-19.777],[-54.703,-19.771],[-54.714,-19.777],[-54.725,-19.772],[-54.727,-19.776],[-54.733,-19.772],[-54.733,-19.74],[-54.73,-19.732],[-54.732,-19.723],[-54.725,-19.712],[-54.733,-19.704],[-54.73,-19.687],[-54.744,-19.677],[-54.745,-19.665],[-54.749,-19.664],[-54.752,-19.652],[-54.751,-19.64],[-54.759,-19.638],[-54.761,-19.628],[-54.749,-19.629],[-54.746,-19.625],[-54.75,-19.624],[-54.748,-19.622],[-54.735,-19.622],[-54.734,-19.618],[-54.737,-19.617],[-54.735,-19.61],[-54.728,-19.607],[-54.728,-19.601],[-54.721,-19.596],[-54.712,-19.591],[-54.7,-19.591],[-54.697,-19.589],[-54.67,-19.595],[-54.657,-19.584],[-54.639,-19.577],[-54.628,-19.56],[-54.604,-19.563],[-54.597,-19.558],[-54.589,-19.563],[-54.583,-19.562],[-54.572,-19.548],[-54.551,-19.532],[-54.537,-19.538]]]}},{"type":"Feature","properties":{"id":"5001904","nome":"Bataguassu"},"geometry":{"type":"Polygon","coordinates":[[[-53.025,-21.615],[-53.02,-21.619],[-53.011,-21.619],[-53.005,-21.629],[-52.997,-21.632],[-52.996,-21.634],[-52.979,-21.653],[-52.953,-21.652],[-52.943,-21.657],[-52.936,-21.665],[-52.909,-21.666],[-52.899,-21.659],[-52.882,-21.656],[-52.874,-21.664],[-52.856,-21.661],[-52.849,-21.67],[-52.841,-21.673],[-52.819,-21.668],[-52.807,-21.675],[-52.798,-21.685],[-52.788,-21.687],[-52.773,-21.7],[-52.754,-21.708],[-52.739,-21.722],[-52.693,-21.739],[-52.687,-21.738],[-52.684,-21.732],[-52.677,-21.734],[-52.664,-21.727],[-52.658,-21.722],[-52.64,-21.724],[-52.626,-21.708],[-52.612,-21.712],[-52.583,-21.707],[-52.571,-21.712],[-52.561,-21.709],[-52.537,-21.712],[-52.528,-21.708],[-52.524,-21.7],[-52.518,-21.699],[-52.512,-21.706],[-52.507,-21.706],[-52.5,-21.702],[-52.491,-21.689],[-52.451,-21.68],[-52.445,-21.678],[-52.434,-21.681],[-52.424,-21.674],[-52.409,-21.672],[-52.393,-21.669],[-52.383,-21.659],[-52.374,-21.66],[-52.337,-21.638],[-52.321,-21.641],[-52.311,-21.631],[-52.304,-21.632],[-52.294,-21.643],[-52.287,-21.645],[-52.26,-21.633],[-52.253,-21.633],[-52.247,-21.641],[-52.228,-21.652],[-52.215,-21.653],[-52.205,-21.661],[-52.203,-21.667],[-52.196,-21.668],[-52.191,-21.688],[-52.177,-21.696],[-52.171,-21.707],[-52.175,-21.731],[-52.166,-21.735],[-52.173,-21.744],[-52.168,-21.749],[-52.166,-21.766],[-52.161,-21.77],[-52.162,-21.773],[-52.183,-21.814],[-52.183,-21.826],[-52.19,-21.846],[-52.233,-21.883],[-52.248,-21.902],[-52.258,-21.905],[-52.263,-21.912],[-52.274,-21.914],[-52.301,-21.942],[-52.319,-21.972],[-52.345,-22.062],[-52.377,-22.106],[-52.391,-22.114],[-52.395,-22.108],[-52.394,-22.103],[-52.38,-22.077],[-52.4,-22.067],[-52.407,-22.067],[-52.417,-22.057],[-52.437,-22.052],[-52.44,-22.043],[-52.464,-22.019],[-52.469,-22.013],[-52.498,-22.007],[-52.507,-21.996],[-52.533,-21.97],[-52.548,-21.964],[-52.563,-21.953],[-52.605,-21.917],[-52.609,-21.915],[-52.61,-21.894],[-52.621,-21.876],[-52.631,-21.833],[-52.663,-21.838],[-52.675,-21.84],[-52.736,-21.853],[-52.774,-21.86],[-52.824,-21.87],[-52.871,-21.88],[-52.929,-21.867],[-52.953,-21.861],[-52.999,-21.856],[-53.031,-21.855],[-53.044,-21.847],[-53.076,-21.837],[-53.079,-21.798],[-53.064,-21.768],[-53.057,-21.742],[-53.046,-21.724],[-53.035,-21.689],[-53.039,-21.622],[-53.025,-21.615]]]}},{"type":"Feature","properties":{"id":"5002001","nome":"Bataypor\u00e3"},"geometry":{"type":"Polygon","coordinates":[[[-53.198,-22.728],[-53.218,-22.731],[-53.239,-22.733],[-53.327,-22.764],[-53.335,-22.752],[-53.346,-22.749],[-53.343,-22.738],[-53.328,-22.729],[-53.316,-22.73],[-53.296,-22.722],[-53.285,-22.7],[-53.275,-22.685],[-53.273,-22.668],[-53.274,-22.65],[-53.279,-22.642],[-53.282,-22.617],[-53.281,-22.578],[-53.288,-22.561],[-53.303,-22.546],[-53.31,-22.534],[-53.314,-22.519],[-53.313,-22.497],[-53.327,-22.487],[-53.335,-22.456],[-53.334,-22.406],[-53.339,-22.357],[-53.354,-22.336],[-53.335,-22.3],[-53.316,-22.267],[-53.218,-22.092],[-53.151,-21.974],[-53.133,-21.974],[-53.117,-22.001],[-53.115,-22.032],[-53.109,-22.049],[-53.106,-22.074],[-53.112,-22.103],[-53.109,-22.138],[-53.073,-22.22],[-53.064,-22.231],[-53.044,-22.273],[-53.042,-22.301],[-53.036,-22.317],[-53.029,-22.327],[-53.014,-22.338],[-53.001,-22.359],[-52.994,-22.409],[-52.987,-22.421],[-53.001,-22.425],[-52.948,-22.473],[-52.955,-22.475],[-52.998,-22.493],[-53.005,-22.509],[-53.014,-22.52],[-53.039,-22.527],[-53.058,-22.536],[-53.077,-22.553],[-53.107,-22.595],[-53.109,-22.604],[-53.108,-22.615],[-53.105,-22.621],[-53.127,-22.652],[-53.18,-22.713],[-53.198,-22.728]]]}},{"type":"Feature","properties":{"id":"5002100","nome":"Bela Vista"},"geometry":{"type":"Polygon","coordinates":[[[-56.697,-21.537],[-56.665,-21.593],[-56.623,-21.55],[-56.575,-21.547],[-56.529,-21.556],[-56.522,-21.605],[-56.513,-21.61],[-56.5,-21.612],[-56.49,-21.621],[-56.482,-21.629],[-56.447,-21.632],[-56.436,-21.637],[-56.424,-21.637],[-56.402,-21.64],[-56.358,-21.628],[-56.328,-21.643],[-56.329,-21.647],[-56.281,-21.669],[-56.282,-21.696],[-56.262,-21.746],[-56.262,-21.769],[-56.253,-21.769],[-56.244,-21.774],[-56.239,-21.785],[-56.224,-21.798],[-56.215,-21.794],[-56.205,-21.799],[-56.186,-21.798],[-56.167,-21.805],[-56.158,-21.807],[-56.161,-21.813],[-56.152,-21.833],[-56.156,-21.841],[-56.151,-21.847],[-56.149,-21.87],[-56.137,-21.876],[-56.131,-21.872],[-56.121,-21.874],[-56.112,-21.871],[-56.106,-21.877],[-56.097,-21.88],[-56.091,-21.894],[-56.097,-21.902],[-56.084,-21.907],[-56.095,-21.917],[-56.111,-21.925],[-56.096,-21.924],[-56.086,-21.912],[-56.072,-21.908],[-56.069,-21.919],[-56.074,-21.924],[-56.078,-21.923],[-56.08,-21.929],[-56.07,-21.933],[-56.059,-21.928],[-56.06,-21.939],[-56.069,-21.941],[-56.073,-21.946],[-56.06,-21.949],[-56.058,-21.954],[-56.066,-21.951],[-56.081,-21.954],[-56.081,-21.96],[-56.075,-21.963],[-56.081,-21.969],[-56.079,-21.972],[-56.073,-21.972],[-56.064,-21.966],[-56.062,-21.972],[-56.066,-21.979],[-56.061,-21.989],[-56.058,-21.988],[-56.058,-21.979],[-56.054,-21.97],[-56.051,-21.976],[-56.046,-21.971],[-56.043,-21.977],[-56.036,-21.975],[-56.045,-21.993],[-56.028,-21.986],[-56.027,-21.982],[-56.02,-21.978],[-56.023,-21.988],[-56.019,-21.992],[-56.026,-21.993],[-56.04,-22.004],[-56.038,-22.006],[-56.028,-22.003],[-56.033,-22.018],[-56.041,-22.023],[-56.051,-22.018],[-56.058,-22.022],[-56.05,-22.023],[-56.045,-22.025],[-56.044,-22.03],[-56.039,-22.03],[-56.038,-22.025],[-56.027,-22.022],[-56.02,-22.015],[-56.017,-22.001],[-56.004,-22.019],[-55.994,-22.008],[-55.991,-21.998],[-55.987,-22.002],[-55.989,-22.012],[-55.983,-22.012],[-55.982,-22.016],[-55.996,-22.017],[-55.997,-22.027],[-55.989,-22.032],[-56.002,-22.034],[-56.006,-22.03],[-56.014,-22.03],[-56.019,-22.035],[-56.024,-22.035],[-56.015,-22.043],[-56.007,-22.038],[-56.007,-22.047],[-56.001,-22.048],[-55.998,-22.045],[-55.996,-22.054],[-55.986,-22.046],[-55.987,-22.052],[-55.984,-22.055],[-55.99,-22.055],[-55.982,-22.065],[-55.993,-22.067],[-55.989,-22.075],[-55.973,-22.081],[-55.98,-22.084],[-55.978,-22.091],[-55.982,-22.09],[-55.986,-22.082],[-55.997,-22.076],[-55.997,-22.072],[-56.005,-22.066],[-56.006,-22.057],[-56.017,-22.062],[-56.009,-22.076],[-56.017,-22.093],[-56.029,-22.095],[-56.041,-22.089],[-56.047,-22.093],[-56.04,-22.107],[-56.024,-22.125],[-56.023,-22.13],[-56.028,-22.131],[-56.044,-22.116],[-56.057,-22.113],[-56.058,-22.107],[-56.069,-22.108],[-56.071,-22.093],[-56.074,-22.091],[-56.079,-22.089],[-56.095,-22.12],[-56.105,-22.115],[-56.113,-22.127],[-56.133,-22.112],[-56.202,-22.106],[-56.203,-22.172],[-56.217,-22.173],[-56.245,-22.171],[-56.257,-22.162],[-56.271,-22.165],[-56.287,-22.161],[-56.293,-22.163],[-56.299,-22.178],[-56.31,-22.188],[-56.317,-22.188],[-56.32,-22.183],[-56.328,-22.181],[-56.33,-22.175],[-56.336,-22.176],[-56.343,-22.179],[-56.348,-22.178],[-56.35,-22.173],[-56.357,-22.174],[-56.363,-22.17],[-56.368,-22.153],[-56.372,-22.15],[-56.372,-22.143],[-56.367,-22.136],[-56.372,-22.124],[-56.38,-22.118],[-56.378,-22.115],[-56.384,-22.11],[-56.381,-22.104],[-56.385,-22.104],[-56.394,-22.096],[-56.393,-22.092],[-56.39,-22.093],[-56.388,-22.09],[-56.392,-22.074],[-56.398,-22.08],[-56.405,-22.077],[-56.416,-22.079],[-56.42,-22.084],[-56.426,-22.079],[-56.431,-22.086],[-56.438,-22.081],[-56.446,-22.085],[-56.449,-22.076],[-56.452,-22.084],[-56.457,-22.079],[-56.461,-22.079],[-56.462,-22.083],[-56.471,-22.08],[-56.476,-22.089],[-56.475,-22.093],[-56.498,-22.094],[-56.506,-22.096],[-56.508,-22.103],[-56.517,-22.108],[-56.521,-22.12],[-56.524,-22.122],[-56.522,-22.127],[-56.526,-22.129],[-56.518,-22.14],[-56.525,-22.14],[-56.529,-22.148],[-56.537,-22.147],[-56.537,-22.158],[-56.533,-22.156],[-56.533,-22.159],[-56.556,-22.169],[-56.552,-22.185],[-56.556,-22.19],[-56.556,-22.196],[-56.562,-22.197],[-56.568,-22.207],[-56.574,-22.206],[-56.575,-22.202],[-56.58,-22.203],[-56.582,-22.211],[-56.59,-22.213],[-56.593,-22.218],[-56.598,-22.212],[-56.598,-22.219],[-56.609,-22.22],[-56.605,-22.232],[-56.626,-22.246],[-56.634,-22.241],[-56.64,-22.244],[-56.635,-22.262],[-56.643,-22.264],[-56.65,-22.259],[-56.651,-22.253],[-56.663,-22.253],[-56.677,-22.245],[-56.683,-22.23],[-56.681,-22.222],[-56.684,-22.22],[-56.688,-22.222],[-56.691,-22.217],[-56.698,-22.22],[-56.703,-22.218],[-56.7,-22.227],[-56.693,-22.227],[-56.697,-22.235],[-56.703,-22.236],[-56.702,-22.244],[-56.711,-22.248],[-56.72,-22.263],[-56.735,-22.254],[-56.731,-22.247],[-56.737,-22.244],[-56.745,-22.235],[-56.751,-22.246],[-56.757,-22.241],[-56.764,-22.243],[-56.76,-22.25],[-56.774,-22.259],[-56.786,-22.254],[-56.782,-22.247],[-56.787,-22.249],[-56.784,-22.242],[-56.787,-22.241],[-56.794,-22.242],[-56.802,-22.252],[-56.802,-22.265],[-56.806,-22.271],[-56.801,-22.283],[-56.819,-22.288],[-56.823,-22.297],[-56.834,-22.301],[-56.842,-22.302],[-56.853,-22.289],[-56.86,-22.292],[-56.869,-22.282],[-56.879,-22.277],[-56.874,-22.264],[-56.878,-22.253],[-56.884,-22.246],[-56.899,-22.253],[-56.9,-22.265],[-56.906,-22.267],[-56.911,-22.26],[-56.917,-22.259],[-56.915,-22.256],[-56.921,-22.256],[-56.925,-22.251],[-56.93,-22.255],[-56.946,-22.257],[-56.952,-22.251],[-56.958,-22.239],[-56.971,-22.241],[-56.972,-22.244],[-56.984,-22.244],[-56.991,-22.237],[-56.989,-22.228],[-56.996,-22.223],[-57.009,-22.236],[-57.017,-22.232],[-57.02,-22.236],[-57.032,-22.234],[-57.045,-22.242],[-57.049,-22.231],[-57.048,-22.223],[-57.039,-22.219],[-57.04,-22.212],[-57.036,-22.2],[-57.028,-22.196],[-57.036,-22.182],[-57.033,-22.171],[-57.042,-22.16],[-57.037,-22.148],[-57.009,-22.137],[-57.0,-22.14],[-56.995,-22.134],[-57.005,-22.128],[-56.999,-22.12],[-56.999,-22.114],[-57.012,-22.114],[-57.016,-22.117],[-57.013,-22.104],[-57.028,-22.1],[-57.023,-22.093],[-57.013,-22.088],[-57.003,-22.091],[-57.0,-22.08],[-56.985,-22.076],[-56.981,-22.078],[-56.988,-22.081],[-56.978,-22.092],[-56.974,-22.086],[-56.965,-22.086],[-56.962,-22.077],[-56.951,-22.074],[-56.942,-22.076],[-56.942,-22.072],[-56.949,-22.071],[-56.949,-22.065],[-56.945,-22.064],[-56.933,-22.067],[-56.934,-22.054],[-56.921,-22.051],[-56.906,-22.053],[-56.911,-22.059],[-56.904,-22.061],[-56.905,-22.069],[-56.899,-22.069],[-56.889,-22.051],[-56.885,-22.049],[-56.886,-22.042],[-56.877,-22.04],[-56.874,-22.034],[-56.867,-22.037],[-56.861,-22.032],[-56.852,-22.032],[-56.856,-22.025],[-56.853,-22.023],[-56.854,-22.017],[-56.86,-22.013],[-56.856,-22.007],[-56.859,-21.991],[-56.874,-21.985],[-56.873,-21.981],[-56.863,-21.977],[-56.863,-21.971],[-56.859,-21.965],[-56.86,-21.954],[-56.847,-21.957],[-56.855,-21.949],[-56.853,-21.938],[-56.858,-21.922],[-56.849,-21.906],[-56.842,-21.906],[-56.836,-21.893],[-56.84,-21.888],[-56.835,-21.875],[-56.841,-21.87],[-56.838,-21.862],[-56.832,-21.857],[-56.829,-21.864],[-56.816,-21.862],[-56.817,-21.854],[-56.811,-21.852],[-56.811,-21.846],[-56.806,-21.843],[-56.807,-21.837],[-56.814,-21.836],[-56.814,-21.832],[-56.803,-21.824],[-56.801,-21.815],[-56.787,-21.812],[-56.791,-21.808],[-56.789,-21.795],[-56.796,-21.792],[-56.801,-21.786],[-56.8,-21.775],[-56.798,-21.766],[-56.795,-21.767],[-56.793,-21.762],[-56.791,-21.744],[-56.781,-21.738],[-56.777,-21.731],[-56.783,-21.718],[-56.766,-21.709],[-56.759,-21.692],[-56.758,-21.679],[-56.778,-21.666],[-56.78,-21.659],[-56.793,-21.657],[-56.799,-21.652],[-56.797,-21.634],[-56.791,-21.624],[-56.799,-21.614],[-56.798,-21.584],[-56.807,-21.567],[-56.764,-21.568],[-56.738,-21.563],[-56.697,-21.537]]]}},{"type":"Feature","properties":{"id":"5002159","nome":"Bodoquena"},"geometry":{"type":"Polygon","coordinates":[[[-56.861,-20.259],[-56.848,-20.268],[-56.844,-20.266],[-56.834,-20.265],[-56.825,-20.272],[-56.829,-20.284],[-56.828,-20.298],[-56.833,-20.312],[-56.831,-20.339],[-56.829,-20.343],[-56.833,-20.356],[-56.831,-20.361],[-56.827,-20.36],[-56.824,-20.364],[-56.819,-20.386],[-56.815,-20.39],[-56.8,-20.394],[-56.779,-20.416],[-56.752,-20.403],[-56.742,-20.404],[-56.74,-20.407],[-56.729,-20.4],[-56.722,-20.402],[-56.719,-20.409],[-56.715,-20.409],[-56.71,-20.402],[-56.702,-20.404],[-56.7,-20.396],[-56.694,-20.401],[-56.687,-20.384],[-56.685,-20.388],[-56.68,-20.385],[-56.683,-20.38],[-56.679,-20.374],[-56.677,-20.366],[-56.681,-20.363],[-56.677,-20.358],[-56.577,-20.37],[-56.57,-20.374],[-56.566,-20.367],[-56.557,-20.36],[-56.547,-20.362],[-56.517,-20.357],[-56.511,-20.345],[-56.494,-20.341],[-56.471,-20.329],[-56.457,-20.314],[-56.451,-20.314],[-56.442,-20.32],[-56.423,-20.321],[-56.42,-20.348],[-56.413,-20.344],[-56.416,-20.334],[-56.403,-20.336],[-56.393,-20.333],[-56.386,-20.335],[-56.394,-20.34],[-56.393,-20.345],[-56.398,-20.348],[-56.391,-20.35],[-56.393,-20.353],[-56.391,-20.357],[-56.395,-20.358],[-56.397,-20.368],[-56.4,-20.369],[-56.393,-20.375],[-56.403,-20.38],[-56.408,-20.384],[-56.405,-20.385],[-56.401,-20.388],[-56.394,-20.387],[-56.391,-20.402],[-56.396,-20.403],[-56.394,-20.399],[-56.4,-20.401],[-56.395,-20.405],[-56.396,-20.412],[-56.392,-20.409],[-56.391,-20.413],[-56.399,-20.424],[-56.395,-20.428],[-56.403,-20.43],[-56.399,-20.432],[-56.402,-20.44],[-56.393,-20.443],[-56.393,-20.436],[-56.385,-20.44],[-56.385,-20.452],[-56.394,-20.454],[-56.393,-20.461],[-56.397,-20.462],[-56.391,-20.468],[-56.394,-20.469],[-56.394,-20.478],[-56.388,-20.485],[-56.388,-20.495],[-56.394,-20.5],[-56.396,-20.508],[-56.391,-20.519],[-56.4,-20.538],[-56.394,-20.546],[-56.4,-20.553],[-56.4,-20.559],[-56.406,-20.56],[-56.411,-20.568],[-56.406,-20.574],[-56.407,-20.587],[-56.421,-20.589],[-56.429,-20.593],[-56.432,-20.6],[-56.443,-20.604],[-56.446,-20.602],[-56.453,-20.604],[-56.462,-20.613],[-56.465,-20.612],[-56.468,-20.616],[-56.475,-20.617],[-56.491,-20.609],[-56.503,-20.615],[-56.506,-20.623],[-56.498,-20.641],[-56.502,-20.646],[-56.497,-20.657],[-56.504,-20.661],[-56.506,-20.666],[-56.518,-20.67],[-56.518,-20.679],[-56.532,-20.672],[-56.538,-20.674],[-56.539,-20.68],[-56.549,-20.682],[-56.552,-20.692],[-56.58,-20.713],[-56.576,-20.734],[-56.581,-20.744],[-56.593,-20.748],[-56.601,-20.747],[-56.603,-20.753],[-56.612,-20.755],[-56.615,-20.761],[-56.61,-20.793],[-56.615,-20.806],[-56.622,-20.812],[-56.638,-20.809],[-56.66,-20.833],[-56.676,-20.84],[-56.695,-20.871],[-56.696,-20.884],[-56.728,-20.884],[-56.747,-20.884],[-56.791,-20.885],[-56.864,-20.885],[-56.867,-20.876],[-56.861,-20.87],[-56.87,-20.863],[-56.872,-20.851],[-56.853,-20.828],[-56.834,-20.792],[-56.832,-20.778],[-56.847,-20.77],[-56.872,-20.766],[-56.87,-20.758],[-56.866,-20.746],[-56.872,-20.738],[-56.872,-20.722],[-56.879,-20.712],[-56.877,-20.708],[-56.889,-20.696],[-56.891,-20.689],[-56.888,-20.686],[-56.889,-20.67],[-56.881,-20.669],[-56.876,-20.664],[-56.881,-20.651],[-56.877,-20.644],[-56.867,-20.639],[-56.872,-20.626],[-56.867,-20.619],[-56.866,-20.607],[-56.861,-20.6],[-56.89,-20.588],[-56.865,-20.578],[-56.879,-20.556],[-56.884,-20.561],[-56.895,-20.556],[-56.895,-20.548],[-56.899,-20.542],[-56.904,-20.533],[-56.907,-20.525],[-56.909,-20.516],[-56.906,-20.505],[-56.916,-20.497],[-56.913,-20.478],[-56.923,-20.453],[-56.933,-20.443],[-56.931,-20.431],[-56.934,-20.42],[-56.953,-20.405],[-56.955,-20.393],[-56.968,-20.388],[-56.974,-20.38],[-56.991,-20.37],[-56.991,-20.359],[-56.971,-20.349],[-56.955,-20.347],[-56.942,-20.338],[-56.932,-20.317],[-56.925,-20.31],[-56.932,-20.298],[-56.942,-20.297],[-56.957,-20.283],[-56.957,-20.279],[-56.948,-20.274],[-56.95,-20.263],[-56.941,-20.256],[-56.955,-20.241],[-56.947,-20.233],[-56.952,-20.219],[-56.965,-20.209],[-56.97,-20.198],[-56.975,-20.197],[-56.974,-20.189],[-56.98,-20.187],[-56.981,-20.18],[-56.946,-20.187],[-56.935,-20.193],[-56.929,-20.199],[-56.925,-20.215],[-56.909,-20.228],[-56.904,-20.237],[-56.887,-20.238],[-56.877,-20.256],[-56.861,-20.259]]]}},{"type":"Feature","properties":{"id":"5002209","nome":"Bonito"},"geometry":{"type":"Polygon","coordinates":[[[-56.376,-20.483],[-56.375,-20.488],[-56.371,-20.488],[-56.373,-20.493],[-56.377,-20.492],[-56.377,-20.497],[-56.374,-20.498],[-56.37,-20.509],[-56.365,-20.512],[-56.367,-20.515],[-56.363,-20.523],[-56.357,-20.525],[-56.363,-20.525],[-56.363,-20.53],[-56.352,-20.532],[-56.349,-20.535],[-56.356,-20.538],[-56.352,-20.539],[-56.353,-20.544],[-56.351,-20.54],[-56.343,-20.552],[-56.331,-20.555],[-56.33,-20.569],[-56.323,-20.57],[-56.325,-20.578],[-56.322,-20.577],[-56.322,-20.582],[-56.318,-20.583],[-56.316,-20.587],[-56.314,-20.579],[-56.303,-20.574],[-56.297,-20.576],[-56.304,-20.581],[-56.307,-20.59],[-56.296,-20.593],[-56.299,-20.598],[-56.293,-20.6],[-56.294,-20.61],[-56.287,-20.612],[-56.288,-20.618],[-56.282,-20.616],[-56.277,-20.621],[-56.281,-20.623],[-56.281,-20.634],[-56.274,-20.635],[-56.274,-20.643],[-56.265,-20.643],[-56.266,-20.637],[-56.261,-20.636],[-56.253,-20.642],[-56.248,-20.634],[-56.248,-20.641],[-56.241,-20.639],[-56.245,-20.644],[-56.244,-20.647],[-56.23,-20.657],[-56.22,-20.642],[-56.21,-20.646],[-56.211,-20.635],[-56.216,-20.63],[-56.211,-20.63],[-56.216,-20.619],[-56.211,-20.613],[-56.218,-20.61],[-56.214,-20.604],[-56.2,-20.604],[-56.196,-20.61],[-56.202,-20.618],[-56.198,-20.617],[-56.196,-20.622],[-56.189,-20.623],[-56.184,-20.631],[-56.179,-20.627],[-56.175,-20.629],[-56.172,-20.616],[-56.168,-20.615],[-56.161,-20.619],[-56.154,-20.614],[-56.15,-20.618],[-56.156,-20.618],[-56.158,-20.621],[-56.149,-20.624],[-56.148,-20.63],[-56.154,-20.638],[-56.146,-20.65],[-56.15,-20.658],[-56.164,-20.662],[-56.161,-20.665],[-56.163,-20.668],[-56.147,-20.669],[-56.134,-20.682],[-56.129,-20.682],[-56.131,-20.689],[-56.14,-20.691],[-56.136,-20.703],[-56.128,-20.709],[-56.128,-20.716],[-56.134,-20.723],[-56.13,-20.727],[-56.124,-20.724],[-56.115,-20.728],[-56.116,-20.741],[-56.106,-20.739],[-56.105,-20.747],[-56.095,-20.752],[-56.092,-20.757],[-56.091,-20.764],[-56.084,-20.765],[-56.084,-20.774],[-56.091,-20.78],[-56.113,-20.77],[-56.126,-20.776],[-56.129,-20.783],[-56.136,-20.787],[-56.132,-20.794],[-56.124,-20.791],[-56.125,-20.797],[-56.109,-20.815],[-56.112,-20.82],[-56.122,-20.822],[-56.124,-20.83],[-56.122,-20.84],[-56.116,-20.846],[-56.097,-20.855],[-56.1,-20.871],[-56.105,-20.872],[-56.114,-20.858],[-56.128,-20.862],[-56.129,-20.85],[-56.139,-20.847],[-56.156,-20.834],[-56.163,-20.845],[-56.161,-20.865],[-56.151,-20.87],[-56.157,-20.883],[-56.145,-20.882],[-56.147,-20.89],[-56.168,-20.888],[-56.171,-20.894],[-56.184,-20.897],[-56.189,-20.904],[-56.178,-20.911],[-56.18,-20.92],[-56.173,-20.919],[-56.174,-20.929],[-56.158,-20.948],[-56.164,-20.95],[-56.165,-20.946],[-56.169,-20.949],[-56.176,-20.95],[-56.176,-20.946],[-56.18,-20.948],[-56.185,-20.936],[-56.192,-20.932],[-56.201,-20.951],[-56.197,-20.956],[-56.199,-20.961],[-56.196,-20.966],[-56.19,-20.956],[-56.181,-20.968],[-56.186,-20.974],[-56.192,-20.974],[-56.201,-20.979],[-56.199,-20.981],[-56.208,-20.989],[-56.208,-21.008],[-56.202,-21.008],[-56.202,-21.014],[-56.198,-21.015],[-56.198,-21.019],[-56.203,-21.019],[-56.203,-21.023],[-56.207,-21.022],[-56.211,-21.029],[-56.199,-21.03],[-56.185,-21.041],[-56.185,-21.062],[-56.176,-21.071],[-56.183,-21.073],[-56.184,-21.081],[-56.188,-21.083],[-56.215,-21.078],[-56.221,-21.094],[-56.228,-21.098],[-56.231,-21.104],[-56.226,-21.108],[-56.222,-21.112],[-56.224,-21.138],[-56.216,-21.143],[-56.214,-21.156],[-56.215,-21.176],[-56.22,-21.183],[-56.213,-21.186],[-56.208,-21.181],[-56.197,-21.185],[-56.185,-21.196],[-56.186,-21.2],[-56.198,-21.204],[-56.211,-21.21],[-56.227,-21.204],[-56.224,-21.214],[-56.226,-21.225],[-56.223,-21.228],[-56.216,-21.227],[-56.212,-21.235],[-56.206,-21.236],[-56.207,-21.242],[-56.215,-21.245],[-56.218,-21.253],[-56.214,-21.263],[-56.202,-21.262],[-56.204,-21.268],[-56.196,-21.278],[-56.199,-21.281],[-56.208,-21.287],[-56.225,-21.287],[-56.226,-21.291],[-56.231,-21.292],[-56.233,-21.311],[-56.228,-21.311],[-56.231,-21.319],[-56.228,-21.324],[-56.232,-21.325],[-56.235,-21.339],[-56.247,-21.339],[-56.248,-21.351],[-56.256,-21.354],[-56.257,-21.359],[-56.268,-21.356],[-56.275,-21.351],[-56.289,-21.351],[-56.289,-21.363],[-56.293,-21.366],[-56.29,-21.372],[-56.294,-21.377],[-56.29,-21.386],[-56.295,-21.392],[-56.289,-21.395],[-56.289,-21.402],[-56.306,-21.415],[-56.313,-21.414],[-56.317,-21.416],[-56.336,-21.41],[-56.356,-21.417],[-56.368,-21.411],[-56.384,-21.419],[-56.391,-21.416],[-56.42,-21.43],[-56.439,-21.433],[-56.45,-21.424],[-56.462,-21.434],[-56.469,-21.436],[-56.498,-21.439],[-56.511,-21.433],[-56.528,-21.434],[-56.539,-21.426],[-56.556,-21.422],[-56.572,-21.431],[-56.598,-21.431],[-56.617,-21.422],[-56.625,-21.426],[-56.637,-21.395],[-56.65,-21.38],[-56.66,-21.355],[-56.66,-21.319],[-56.669,-21.299],[-56.674,-21.291],[-56.677,-21.256],[-56.663,-21.19],[-56.671,-21.181],[-56.683,-21.178],[-56.732,-21.176],[-56.76,-21.173],[-56.774,-21.185],[-56.799,-21.193],[-56.817,-21.186],[-56.823,-21.177],[-56.827,-21.153],[-56.838,-21.142],[-56.853,-21.137],[-56.857,-21.124],[-56.863,-21.118],[-56.854,-21.1],[-56.842,-21.088],[-56.838,-21.072],[-56.845,-21.053],[-56.865,-21.044],[-56.865,-21.04],[-56.862,-21.031],[-56.872,-21.019],[-56.872,-21.003],[-56.856,-20.98],[-56.858,-20.971],[-56.872,-20.953],[-56.866,-20.936],[-56.86,-20.92],[-56.865,-20.912],[-56.857,-20.898],[-56.857,-20.891],[-56.862,-20.887],[-56.864,-20.885],[-56.791,-20.885],[-56.747,-20.884],[-56.728,-20.884],[-56.696,-20.884],[-56.695,-20.871],[-56.676,-20.84],[-56.66,-20.833],[-56.638,-20.809],[-56.622,-20.812],[-56.615,-20.806],[-56.61,-20.793],[-56.615,-20.761],[-56.612,-20.755],[-56.603,-20.753],[-56.601,-20.747],[-56.593,-20.748],[-56.581,-20.744],[-56.576,-20.734],[-56.58,-20.713],[-56.552,-20.692],[-56.549,-20.682],[-56.539,-20.68],[-56.538,-20.674],[-56.532,-20.672],[-56.518,-20.679],[-56.518,-20.67],[-56.506,-20.666],[-56.504,-20.661],[-56.497,-20.657],[-56.502,-20.646],[-56.498,-20.641],[-56.506,-20.623],[-56.503,-20.615],[-56.491,-20.609],[-56.475,-20.617],[-56.468,-20.616],[-56.465,-20.612],[-56.462,-20.613],[-56.453,-20.604],[-56.446,-20.602],[-56.443,-20.604],[-56.432,-20.6],[-56.429,-20.593],[-56.421,-20.589],[-56.407,-20.587],[-56.406,-20.574],[-56.411,-20.568],[-56.406,-20.56],[-56.4,-20.559],[-56.4,-20.553],[-56.394,-20.546],[-56.4,-20.538],[-56.391,-20.519],[-56.396,-20.508],[-56.394,-20.5],[-56.388,-20.495],[-56.388,-20.485],[-56.382,-20.484],[-56.381,-20.488],[-56.376,-20.483]]]}},{"type":"Feature","properties":{"id":"5002308","nome":"Brasil\u00e2ndia"},"geometry":{"type":"Polygon","coordinates":[[[-52.687,-20.646],[-52.679,-20.66],[-52.674,-20.663],[-52.666,-20.674],[-52.652,-20.679],[-52.649,-20.684],[-52.606,-20.711],[-52.599,-20.716],[-52.601,-20.722],[-52.571,-20.748],[-52.567,-20.761],[-52.549,-20.771],[-52.539,-20.784],[-52.527,-20.796],[-52.508,-20.799],[-52.506,-20.806],[-52.499,-20.808],[-52.497,-20.813],[-52.486,-20.813],[-52.478,-20.827],[-52.458,-20.833],[-52.449,-20.841],[-52.442,-20.838],[-52.42,-20.85],[-52.411,-20.857],[-52.408,-20.864],[-52.391,-20.868],[-52.386,-20.877],[-52.364,-20.883],[-52.359,-20.886],[-52.345,-20.9],[-52.34,-20.91],[-52.342,-20.915],[-52.333,-20.919],[-52.334,-20.925],[-52.329,-20.93],[-52.322,-20.93],[-52.306,-20.954],[-52.295,-20.957],[-52.287,-20.966],[-52.275,-20.971],[-52.266,-20.973],[-52.261,-20.97],[-52.245,-20.98],[-52.238,-20.975],[-52.218,-20.972],[-52.198,-20.98],[-52.161,-21.011],[-52.132,-21.025],[-52.122,-21.036],[-52.112,-21.041],[-52.102,-21.041],[-52.083,-21.052],[-52.066,-21.062],[-52.062,-21.072],[-52.047,-21.085],[-52.04,-21.085],[-52.03,-21.102],[-52.005,-21.113],[-52.007,-21.117],[-51.991,-21.129],[-51.991,-21.15],[-51.977,-21.158],[-51.973,-21.161],[-51.967,-21.167],[-51.953,-21.169],[-51.945,-21.184],[-51.9,-21.184],[-51.894,-21.181],[-51.889,-21.186],[-51.888,-21.198],[-51.879,-21.197],[-51.863,-21.226],[-51.854,-21.26],[-51.848,-21.266],[-51.858,-21.3],[-51.861,-21.336],[-51.868,-21.353],[-51.905,-21.384],[-51.918,-21.412],[-51.92,-21.429],[-51.928,-21.455],[-51.949,-21.469],[-51.962,-21.493],[-51.967,-21.501],[-51.996,-21.515],[-52.018,-21.511],[-52.057,-21.503],[-52.066,-21.504],[-52.077,-21.515],[-52.095,-21.542],[-52.103,-21.559],[-52.102,-21.569],[-52.118,-21.573],[-52.118,-21.575],[-52.126,-21.574],[-52.132,-21.579],[-52.146,-21.577],[-52.15,-21.581],[-52.161,-21.583],[-52.16,-21.575],[-52.163,-21.577],[-52.17,-21.562],[-52.176,-21.56],[-52.179,-21.555],[-52.187,-21.556],[-52.19,-21.542],[-52.194,-21.544],[-52.193,-21.539],[-52.21,-21.544],[-52.212,-21.54],[-52.223,-21.535],[-52.224,-21.518],[-52.231,-21.519],[-52.232,-21.512],[-52.243,-21.511],[-52.267,-21.49],[-52.269,-21.485],[-52.282,-21.482],[-52.281,-21.479],[-52.287,-21.473],[-52.295,-21.477],[-52.304,-21.471],[-52.31,-21.475],[-52.317,-21.471],[-52.323,-21.476],[-52.328,-21.473],[-52.332,-21.464],[-52.351,-21.452],[-52.358,-21.434],[-52.372,-21.425],[-52.377,-21.417],[-52.396,-21.399],[-52.411,-21.396],[-52.414,-21.39],[-52.418,-21.391],[-52.42,-21.388],[-52.429,-21.39],[-52.437,-21.379],[-52.447,-21.378],[-52.455,-21.372],[-52.46,-21.361],[-52.48,-21.351],[-52.483,-21.34],[-52.486,-21.342],[-52.49,-21.336],[-52.489,-21.333],[-52.491,-21.327],[-52.514,-21.304],[-52.515,-21.294],[-52.521,-21.288],[-52.522,-21.279],[-52.528,-21.275],[-52.528,-21.27],[-52.545,-21.257],[-52.552,-21.245],[-52.552,-21.244],[-52.552,-21.234],[-52.558,-21.228],[-52.557,-21.222],[-52.568,-21.2],[-52.58,-21.19],[-52.589,-21.19],[-52.6,-21.161],[-52.609,-21.156],[-52.612,-21.148],[-52.622,-21.143],[-52.634,-21.13],[-52.649,-21.127],[-52.67,-21.104],[-52.679,-21.102],[-52.693,-21.085],[-52.702,-21.078],[-52.709,-21.066],[-52.714,-21.067],[-52.725,-21.056],[-52.726,-21.049],[-52.739,-21.044],[-52.763,-21.024],[-52.785,-21.012],[-52.795,-21.0],[-52.816,-20.986],[-52.825,-20.982],[-52.835,-20.967],[-52.853,-20.954],[-52.881,-20.943],[-52.887,-20.937],[-52.922,-20.918],[-52.942,-20.9],[-52.951,-20.883],[-52.971,-20.87],[-52.973,-20.865],[-52.978,-20.855],[-52.988,-20.847],[-53.009,-20.821],[-53.019,-20.818],[-53.023,-20.807],[-53.02,-20.786],[-53.027,-20.763],[-53.047,-20.746],[-53.049,-20.744],[-53.076,-20.717],[-53.089,-20.717],[-53.099,-20.711],[-53.106,-20.711],[-53.128,-20.689],[-53.112,-20.683],[-53.104,-20.674],[-53.09,-20.68],[-53.082,-20.679],[-53.063,-20.664],[-53.037,-20.653],[-53.001,-20.653],[-52.983,-20.651],[-52.973,-20.645],[-52.962,-20.644],[-52.942,-20.629],[-52.909,-20.619],[-52.905,-20.614],[-52.895,-20.613],[-52.868,-20.591],[-52.859,-20.578],[-52.823,-20.554],[-52.818,-20.541],[-52.808,-20.539],[-52.793,-20.555],[-52.776,-20.562],[-52.768,-20.57],[-52.758,-20.574],[-52.754,-20.582],[-52.746,-20.585],[-52.738,-20.605],[-52.732,-20.608],[-52.733,-20.617],[-52.717,-20.621],[-52.706,-20.639],[-52.698,-20.646],[-52.687,-20.646]]]}},{"type":"Feature","properties":{"id":"5002407","nome":"Caarap\u00f3"},"geometry":{"type":"Polygon","coordinates":[[[-54.932,-22.368],[-54.936,-22.373],[-54.928,-22.376],[-54.919,-22.377],[-54.913,-22.373],[-54.911,-22.376],[-54.911,-22.392],[-54.895,-22.383],[-54.891,-22.376],[-54.882,-22.384],[-54.86,-22.388],[-54.854,-22.392],[-54.849,-22.388],[-54.838,-22.396],[-54.827,-22.394],[-54.822,-22.398],[-54.815,-22.388],[-54.807,-22.388],[-54.803,-22.397],[-54.795,-22.401],[-54.792,-22.398],[-54.784,-22.399],[-54.782,-22.407],[-54.777,-22.413],[-54.78,-22.423],[-54.776,-22.423],[-54.77,-22.419],[-54.754,-22.431],[-54.753,-22.424],[-54.744,-22.415],[-54.741,-22.42],[-54.732,-22.424],[-54.736,-22.429],[-54.739,-22.427],[-54.739,-22.434],[-54.721,-22.441],[-54.719,-22.434],[-54.709,-22.435],[-54.695,-22.43],[-54.686,-22.422],[-54.664,-22.42],[-54.661,-22.425],[-54.651,-22.427],[-54.646,-22.436],[-54.633,-22.435],[-54.626,-22.427],[-54.624,-22.418],[-54.62,-22.422],[-54.616,-22.414],[-54.609,-22.41],[-54.591,-22.408],[-54.586,-22.404],[-54.583,-22.408],[-54.575,-22.403],[-54.565,-22.411],[-54.55,-22.407],[-54.547,-22.411],[-54.53,-22.412],[-54.524,-22.408],[-54.517,-22.427],[-54.516,-22.447],[-54.511,-22.452],[-54.501,-22.459],[-54.498,-22.47],[-54.477,-22.495],[-54.471,-22.513],[-54.472,-22.523],[-54.469,-22.551],[-54.467,-22.566],[-54.472,-22.591],[-54.472,-22.592],[-54.5,-22.605],[-54.529,-22.605],[-54.548,-22.612],[-54.569,-22.617],[-54.597,-22.629],[-54.617,-22.629],[-54.646,-22.636],[-54.677,-22.625],[-54.701,-22.624],[-54.691,-22.639],[-54.689,-22.654],[-54.683,-22.669],[-54.668,-22.683],[-54.658,-22.693],[-54.711,-22.718],[-54.724,-22.747],[-54.742,-22.764],[-54.744,-22.771],[-54.743,-22.796],[-54.742,-22.83],[-54.749,-22.847],[-54.736,-22.865],[-54.734,-22.879],[-54.735,-22.884],[-54.739,-22.884],[-54.737,-22.888],[-54.738,-22.89],[-54.744,-22.89],[-54.752,-22.885],[-54.768,-22.888],[-54.788,-22.878],[-54.8,-22.884],[-54.803,-22.881],[-54.801,-22.875],[-54.813,-22.87],[-54.819,-22.865],[-54.816,-22.862],[-54.822,-22.854],[-54.821,-22.847],[-54.829,-22.847],[-54.838,-22.843],[-54.839,-22.84],[-54.85,-22.837],[-54.848,-22.832],[-54.859,-22.829],[-54.867,-22.823],[-54.868,-22.82],[-54.877,-22.82],[-54.891,-22.81],[-54.899,-22.815],[-54.904,-22.813],[-54.905,-22.795],[-54.909,-22.798],[-54.914,-22.796],[-54.916,-22.8],[-54.921,-22.797],[-54.929,-22.799],[-54.931,-22.795],[-54.925,-22.793],[-54.928,-22.787],[-54.918,-22.787],[-54.919,-22.783],[-54.927,-22.781],[-54.924,-22.776],[-54.932,-22.77],[-54.929,-22.766],[-54.935,-22.763],[-54.934,-22.758],[-54.943,-22.761],[-54.943,-22.768],[-54.948,-22.762],[-54.955,-22.764],[-54.958,-22.759],[-54.961,-22.759],[-54.963,-22.753],[-54.97,-22.751],[-54.965,-22.744],[-54.968,-22.737],[-54.964,-22.73],[-54.973,-22.729],[-54.975,-22.726],[-54.979,-22.729],[-54.984,-22.724],[-54.983,-22.719],[-54.989,-22.718],[-54.987,-22.71],[-54.994,-22.707],[-54.997,-22.702],[-55.013,-22.696],[-55.022,-22.697],[-55.023,-22.692],[-55.028,-22.69],[-55.031,-22.681],[-55.041,-22.674],[-55.048,-22.676],[-55.056,-22.671],[-55.074,-22.67],[-55.087,-22.663],[-55.09,-22.657],[-55.117,-22.649],[-55.123,-22.644],[-55.128,-22.633],[-55.126,-22.608],[-55.111,-22.598],[-55.101,-22.592],[-55.096,-22.547],[-55.069,-22.539],[-55.053,-22.522],[-55.046,-22.504],[-55.022,-22.5],[-55.011,-22.479],[-54.994,-22.465],[-54.98,-22.438],[-54.981,-22.433],[-54.97,-22.414],[-54.965,-22.395],[-54.964,-22.364],[-54.961,-22.363],[-54.953,-22.37],[-54.945,-22.371],[-54.936,-22.363],[-54.932,-22.368]]]}},{"type":"Feature","properties":{"id":"5002605","nome":"Camapu\u00e3"},"geometry":{"type":"Polygon","coordinates":[[[-53.458,-18.873],[-53.455,-18.897],[-53.438,-18.894],[-53.433,-18.897],[-53.416,-18.914],[-53.403,-18.938],[-53.383,-18.943],[-53.387,-18.99],[-53.402,-19.005],[-53.398,-19.02],[-53.402,-19.031],[-53.355,-19.035],[-53.341,-19.026],[-53.324,-19.021],[-53.32,-19.023],[-53.314,-19.046],[-53.345,-19.053],[-53.357,-19.063],[-53.397,-19.082],[-53.405,-19.101],[-53.412,-19.104],[-53.422,-19.114],[-53.424,-19.138],[-53.43,-19.151],[-53.429,-19.161],[-53.441,-19.176],[-53.467,-19.185],[-53.486,-19.185],[-53.519,-19.18],[-53.536,-19.185],[-53.573,-19.186],[-53.587,-19.181],[-53.599,-19.181],[-53.599,-19.179],[-53.608,-19.183],[-53.611,-19.193],[-53.608,-19.193],[-53.609,-19.214],[-53.616,-19.22],[-53.61,-19.235],[-53.614,-19.237],[-53.621,-19.254],[-53.636,-19.261],[-53.638,-19.266],[-53.622,-19.284],[-53.615,-19.286],[-53.62,-19.293],[-53.606,-19.302],[-53.605,-19.307],[-53.609,-19.31],[-53.601,-19.328],[-53.597,-19.329],[-53.598,-19.336],[-53.59,-19.347],[-53.579,-19.352],[-53.579,-19.362],[-53.576,-19.364],[-53.58,-19.368],[-53.573,-19.375],[-53.567,-19.392],[-53.563,-19.395],[-53.566,-19.4],[-53.56,-19.41],[-53.562,-19.419],[-53.554,-19.426],[-53.554,-19.441],[-53.548,-19.445],[-53.548,-19.453],[-53.556,-19.456],[-53.551,-19.46],[-53.547,-19.474],[-53.538,-19.474],[-53.537,-19.482],[-53.533,-19.481],[-53.528,-19.491],[-53.526,-19.514],[-53.519,-19.517],[-53.519,-19.527],[-53.514,-19.539],[-53.505,-19.54],[-53.499,-19.545],[-53.503,-19.549],[-53.497,-19.555],[-53.501,-19.558],[-53.503,-19.568],[-53.494,-19.575],[-53.495,-19.578],[-53.488,-19.586],[-53.482,-19.587],[-53.484,-19.593],[-53.477,-19.602],[-53.474,-19.614],[-53.479,-19.618],[-53.478,-19.625],[-53.482,-19.631],[-53.478,-19.635],[-53.488,-19.634],[-53.481,-19.644],[-53.486,-19.646],[-53.487,-19.658],[-53.494,-19.659],[-53.493,-19.663],[-53.487,-19.667],[-53.494,-19.671],[-53.489,-19.677],[-53.49,-19.684],[-53.485,-19.686],[-53.488,-19.69],[-53.468,-19.696],[-53.459,-19.716],[-53.463,-19.728],[-53.449,-19.734],[-53.45,-19.741],[-53.444,-19.75],[-53.445,-19.753],[-53.437,-19.761],[-53.432,-19.775],[-53.425,-19.784],[-53.453,-19.798],[-53.471,-19.788],[-53.493,-19.793],[-53.511,-19.79],[-53.513,-19.784],[-53.52,-19.781],[-53.532,-19.779],[-53.537,-19.783],[-53.562,-19.783],[-53.578,-19.774],[-53.578,-19.77],[-53.599,-19.77],[-53.614,-19.758],[-53.619,-19.747],[-53.63,-19.741],[-53.639,-19.731],[-53.641,-19.718],[-53.648,-19.706],[-53.657,-19.705],[-53.665,-19.696],[-53.71,-19.679],[-53.72,-19.663],[-53.735,-19.655],[-53.746,-19.643],[-53.763,-19.635],[-53.772,-19.621],[-53.784,-19.613],[-53.797,-19.576],[-53.823,-19.549],[-53.839,-19.536],[-53.857,-19.529],[-53.863,-19.529],[-53.865,-19.538],[-53.904,-19.701],[-53.91,-19.706],[-53.922,-19.708],[-53.924,-19.712],[-53.946,-19.707],[-53.956,-19.71],[-53.966,-19.721],[-53.976,-19.719],[-53.988,-19.722],[-53.989,-19.711],[-53.999,-19.701],[-53.997,-19.694],[-53.992,-19.692],[-53.995,-19.681],[-54.011,-19.664],[-54.018,-19.645],[-54.017,-19.637],[-54.021,-19.632],[-54.033,-19.631],[-54.065,-19.634],[-54.072,-19.642],[-54.085,-19.646],[-54.095,-19.659],[-54.11,-19.662],[-54.116,-19.663],[-54.122,-19.658],[-54.128,-19.66],[-54.133,-19.654],[-54.142,-19.65],[-54.169,-19.627],[-54.205,-19.612],[-54.235,-19.62],[-54.247,-19.62],[-54.26,-19.615],[-54.286,-19.621],[-54.336,-19.61],[-54.358,-19.597],[-54.374,-19.599],[-54.398,-19.594],[-54.399,-19.594],[-54.431,-19.551],[-54.437,-19.524],[-54.429,-19.504],[-54.431,-19.488],[-54.427,-19.476],[-54.421,-19.474],[-54.401,-19.47],[-54.388,-19.461],[-54.386,-19.452],[-54.377,-19.445],[-54.372,-19.431],[-54.372,-19.424],[-54.378,-19.416],[-54.366,-19.413],[-54.358,-19.418],[-54.351,-19.415],[-54.351,-19.409],[-54.329,-19.417],[-54.327,-19.411],[-54.316,-19.41],[-54.318,-19.324],[-54.305,-19.314],[-54.28,-19.315],[-54.273,-19.311],[-54.276,-19.297],[-54.274,-19.29],[-54.255,-19.273],[-54.253,-19.262],[-54.248,-19.255],[-54.235,-19.25],[-54.207,-19.252],[-54.208,-19.24],[-54.198,-19.24],[-54.197,-19.233],[-54.205,-19.229],[-54.204,-19.225],[-54.201,-19.224],[-54.201,-19.22],[-54.194,-19.22],[-54.191,-19.22],[-54.2,-19.21],[-54.212,-19.209],[-54.209,-19.196],[-54.196,-19.193],[-54.209,-19.184],[-54.213,-19.187],[-54.219,-19.184],[-54.21,-19.178],[-54.207,-19.169],[-54.22,-19.156],[-54.216,-19.125],[-54.206,-19.124],[-54.205,-19.12],[-54.218,-19.116],[-54.226,-19.119],[-54.238,-19.113],[-54.242,-19.104],[-54.232,-19.099],[-54.229,-19.086],[-54.254,-19.077],[-54.253,-19.072],[-54.246,-19.066],[-54.241,-19.051],[-54.257,-19.039],[-54.244,-19.034],[-54.232,-19.032],[-54.232,-19.038],[-54.224,-19.042],[-54.219,-19.037],[-54.214,-19.044],[-54.205,-19.046],[-54.206,-19.036],[-54.201,-19.033],[-54.197,-19.023],[-54.185,-19.02],[-54.171,-19.024],[-54.16,-19.015],[-54.125,-19.018],[-54.123,-19.033],[-54.114,-19.04],[-54.113,-19.052],[-54.11,-19.056],[-54.104,-19.054],[-54.1,-19.064],[-54.083,-19.066],[-54.075,-19.073],[-54.064,-19.089],[-54.057,-19.09],[-54.061,-19.093],[-54.057,-19.102],[-54.052,-19.099],[-54.048,-19.101],[-54.044,-19.097],[-54.035,-19.1],[-54.033,-19.096],[-54.026,-19.102],[-54.02,-19.099],[-54.013,-19.09],[-54.011,-19.092],[-54.003,-19.087],[-54.004,-19.084],[-53.991,-19.075],[-53.982,-19.075],[-53.985,-19.065],[-53.981,-19.056],[-53.988,-19.043],[-53.985,-19.041],[-53.984,-19.045],[-53.98,-19.045],[-53.981,-19.035],[-53.974,-19.027],[-53.977,-19.02],[-53.972,-19.014],[-53.969,-19.017],[-53.964,-19.014],[-53.959,-19.016],[-53.958,-19.005],[-53.95,-19.003],[-53.946,-19.006],[-53.938,-19.001],[-53.938,-19.004],[-53.928,-19.006],[-53.925,-19.01],[-53.912,-19.006],[-53.906,-19.012],[-53.896,-19.013],[-53.88,-19.004],[-53.868,-19.001],[-53.859,-19.006],[-53.828,-18.996],[-53.812,-18.998],[-53.791,-19.009],[-53.774,-19.009],[-53.731,-18.989],[-53.725,-18.977],[-53.715,-18.977],[-53.702,-18.961],[-53.705,-18.995],[-53.697,-18.999],[-53.686,-19.001],[-53.674,-18.998],[-53.661,-18.987],[-53.64,-18.982],[-53.638,-18.986],[-53.614,-18.973],[-53.598,-18.975],[-53.588,-18.962],[-53.58,-18.958],[-53.578,-18.948],[-53.562,-18.928],[-53.552,-18.929],[-53.527,-18.911],[-53.501,-18.903],[-53.493,-18.895],[-53.49,-18.849],[-53.484,-18.86],[-53.458,-18.873]]]}},{"type":"Feature","properties":{"id":"5002704","nome":"Campo Grande"},"geometry":{"type":"Polygon","coordinates":[[[-54.823,-20.166],[-54.813,-20.174],[-54.801,-20.173],[-54.796,-20.169],[-54.784,-20.173],[-54.781,-20.171],[-54.778,-20.181],[-54.77,-20.19],[-54.748,-20.192],[-54.74,-20.199],[-54.73,-20.198],[-54.725,-20.193],[-54.719,-20.202],[-54.706,-20.203],[-54.67,-20.222],[-54.666,-20.222],[-54.65,-20.234],[-54.647,-20.248],[-54.643,-20.252],[-54.635,-20.251],[-54.615,-20.257],[-54.606,-20.25],[-54.59,-20.255],[-54.539,-20.272],[-54.515,-20.286],[-54.509,-20.311],[-54.499,-20.328],[-54.491,-20.36],[-54.49,-20.388],[-54.479,-20.394],[-54.446,-20.396],[-54.439,-20.405],[-54.425,-20.411],[-54.417,-20.422],[-54.393,-20.425],[-54.383,-20.431],[-54.376,-20.437],[-54.374,-20.447],[-54.369,-20.448],[-54.364,-20.455],[-54.365,-20.459],[-54.356,-20.465],[-54.348,-20.468],[-54.336,-20.477],[-54.322,-20.477],[-54.313,-20.481],[-54.303,-20.48],[-54.294,-20.493],[-54.276,-20.491],[-54.258,-20.495],[-54.247,-20.491],[-54.242,-20.494],[-54.24,-20.488],[-54.232,-20.484],[-54.222,-20.487],[-54.219,-20.477],[-54.214,-20.482],[-54.21,-20.481],[-54.209,-20.477],[-54.198,-20.478],[-54.185,-20.465],[-54.182,-20.469],[-54.182,-20.49],[-54.195,-20.537],[-54.191,-20.56],[-54.178,-20.596],[-54.183,-20.62],[-54.194,-20.637],[-54.196,-20.658],[-54.201,-20.66],[-54.205,-20.674],[-54.203,-20.696],[-54.192,-20.711],[-54.175,-20.725],[-54.172,-20.749],[-54.164,-20.755],[-54.156,-20.773],[-54.128,-20.787],[-54.112,-20.785],[-54.091,-20.797],[-54.087,-20.809],[-54.065,-20.835],[-54.023,-20.855],[-54.019,-20.877],[-54.006,-20.893],[-54.001,-20.925],[-53.993,-20.929],[-53.977,-20.949],[-53.966,-20.956],[-53.955,-20.96],[-53.942,-20.956],[-53.916,-20.958],[-53.915,-20.961],[-53.91,-20.958],[-53.906,-20.964],[-53.887,-20.979],[-53.877,-20.982],[-53.867,-20.98],[-53.861,-20.985],[-53.857,-20.99],[-53.856,-20.999],[-53.848,-21.006],[-53.844,-21.016],[-53.85,-21.02],[-53.845,-21.031],[-53.849,-21.038],[-53.847,-21.042],[-53.837,-21.048],[-53.836,-21.052],[-53.827,-21.049],[-53.821,-21.056],[-53.821,-21.062],[-53.813,-21.063],[-53.803,-21.073],[-53.779,-21.07],[-53.769,-21.074],[-53.765,-21.08],[-53.758,-21.079],[-53.758,-21.088],[-53.751,-21.094],[-53.752,-21.102],[-53.747,-21.099],[-53.735,-21.107],[-53.738,-21.109],[-53.738,-21.116],[-53.733,-21.122],[-53.733,-21.125],[-53.726,-21.13],[-53.726,-21.144],[-53.706,-21.155],[-53.701,-21.166],[-53.696,-21.172],[-53.686,-21.175],[-53.682,-21.188],[-53.685,-21.199],[-53.681,-21.218],[-53.683,-21.223],[-53.675,-21.229],[-53.678,-21.237],[-53.669,-21.252],[-53.67,-21.258],[-53.663,-21.263],[-53.659,-21.278],[-53.648,-21.289],[-53.645,-21.299],[-53.642,-21.301],[-53.641,-21.313],[-53.637,-21.317],[-53.639,-21.327],[-53.633,-21.331],[-53.637,-21.34],[-53.633,-21.34],[-53.624,-21.358],[-53.616,-21.364],[-53.617,-21.376],[-53.62,-21.38],[-53.618,-21.383],[-53.615,-21.381],[-53.617,-21.406],[-53.622,-21.409],[-53.617,-21.417],[-53.626,-21.422],[-53.624,-21.43],[-53.63,-21.434],[-53.626,-21.434],[-53.624,-21.437],[-53.629,-21.44],[-53.626,-21.441],[-53.627,-21.444],[-53.634,-21.446],[-53.638,-21.456],[-53.632,-21.459],[-53.638,-21.461],[-53.636,-21.468],[-53.621,-21.47],[-53.612,-21.478],[-53.617,-21.481],[-53.613,-21.484],[-53.613,-21.493],[-53.608,-21.496],[-53.61,-21.5],[-53.606,-21.501],[-53.609,-21.515],[-53.618,-21.519],[-53.614,-21.52],[-53.616,-21.524],[-53.613,-21.523],[-53.604,-21.535],[-53.609,-21.538],[-53.606,-21.543],[-53.61,-21.548],[-53.6,-21.552],[-53.605,-21.564],[-53.608,-21.56],[-53.61,-21.564],[-53.613,-21.56],[-53.621,-21.572],[-53.629,-21.57],[-53.629,-21.575],[-53.638,-21.579],[-53.643,-21.573],[-53.641,-21.562],[-53.645,-21.56],[-53.653,-21.566],[-53.659,-21.558],[-53.671,-21.56],[-53.674,-21.555],[-53.667,-21.554],[-53.671,-21.552],[-53.697,-21.561],[-53.699,-21.566],[-53.695,-21.574],[-53.7,-21.58],[-53.703,-21.566],[-53.724,-21.57],[-53.717,-21.576],[-53.718,-21.581],[-53.727,-21.578],[-53.735,-21.58],[-53.738,-21.584],[-53.743,-21.58],[-53.737,-21.574],[-53.74,-21.567],[-53.756,-21.57],[-53.757,-21.578],[-53.761,-21.58],[-53.769,-21.569],[-53.768,-21.559],[-53.772,-21.567],[-53.782,-21.565],[-53.783,-21.569],[-53.796,-21.567],[-53.813,-21.558],[-53.814,-21.553],[-53.824,-21.544],[-53.827,-21.556],[-53.833,-21.558],[-53.836,-21.552],[-53.839,-21.561],[-53.847,-21.567],[-53.863,-21.561],[-53.873,-21.565],[-53.875,-21.565],[-53.874,-21.559],[-53.881,-21.561],[-53.883,-21.555],[-53.892,-21.556],[-53.901,-21.549],[-53.918,-21.545],[-53.922,-21.541],[-53.94,-21.546],[-53.949,-21.544],[-53.955,-21.537],[-53.963,-21.537],[-53.967,-21.53],[-53.976,-21.534],[-53.985,-21.515],[-53.995,-21.51],[-54.006,-21.512],[-54.01,-21.508],[-54.006,-21.502],[-54.007,-21.498],[-54.014,-21.501],[-54.024,-21.492],[-54.023,-21.489],[-54.036,-21.485],[-54.037,-21.476],[-54.044,-21.475],[-54.045,-21.467],[-54.055,-21.465],[-54.062,-21.47],[-54.066,-21.469],[-54.062,-21.459],[-54.066,-21.455],[-54.076,-21.45],[-54.081,-21.453],[-54.085,-21.45],[-54.082,-21.445],[-54.085,-21.442],[-54.092,-21.438],[-54.101,-21.438],[-54.105,-21.427],[-54.102,-21.419],[-54.11,-21.416],[-54.107,-21.407],[-54.116,-21.403],[-54.121,-21.407],[-54.13,-21.403],[-54.13,-21.402],[-54.13,-21.397],[-54.143,-21.385],[-54.147,-21.374],[-54.158,-21.363],[-54.172,-21.357],[-54.17,-21.352],[-54.172,-21.349],[-54.18,-21.348],[-54.182,-21.344],[-54.188,-21.346],[-54.185,-21.34],[-54.195,-21.34],[-54.203,-21.321],[-54.202,-21.316],[-54.209,-21.315],[-54.201,-21.299],[-54.222,-21.298],[-54.215,-21.29],[-54.215,-21.285],[-54.234,-21.291],[-54.232,-21.286],[-54.238,-21.272],[-54.234,-21.267],[-54.231,-21.272],[-54.225,-21.273],[-54.223,-21.259],[-54.228,-21.255],[-54.233,-21.263],[-54.245,-21.256],[-54.249,-21.258],[-54.254,-21.254],[-54.25,-21.247],[-54.257,-21.242],[-54.258,-21.236],[-54.265,-21.243],[-54.272,-21.236],[-54.266,-21.234],[-54.266,-21.229],[-54.261,-21.222],[-54.26,-21.205],[-54.274,-21.196],[-54.272,-21.188],[-54.267,-21.183],[-54.273,-21.183],[-54.279,-21.175],[-54.284,-21.178],[-54.288,-21.173],[-54.295,-21.174],[-54.305,-21.166],[-54.303,-21.16],[-54.298,-21.163],[-54.291,-21.159],[-54.298,-21.154],[-54.292,-21.141],[-54.299,-21.135],[-54.305,-21.135],[-54.31,-21.128],[-54.315,-21.131],[-54.321,-21.129],[-54.329,-21.115],[-54.339,-21.119],[-54.346,-21.112],[-54.341,-21.108],[-54.345,-21.103],[-54.351,-21.107],[-54.354,-21.101],[-54.361,-21.104],[-54.368,-21.1],[-54.375,-21.106],[-54.381,-21.1],[-54.383,-21.089],[-54.387,-21.089],[-54.391,-21.082],[-54.39,-21.072],[-54.395,-21.068],[-54.393,-21.06],[-54.401,-21.061],[-54.408,-21.051],[-54.418,-21.05],[-54.409,-21.042],[-54.429,-21.035],[-54.425,-21.027],[-54.428,-21.023],[-54.433,-21.022],[-54.435,-21.027],[-54.449,-21.025],[-54.456,-21.017],[-54.462,-21.017],[-54.463,-21.009],[-54.474,-21.011],[-54.475,-21.007],[-54.491,-21.004],[-54.504,-20.993],[-54.506,-20.993],[-54.516,-20.998],[-54.518,-20.995],[-54.519,-20.985],[-54.514,-20.981],[-54.516,-20.978],[-54.528,-20.972],[-54.525,-20.963],[-54.527,-20.956],[-54.533,-20.958],[-54.536,-20.965],[-54.542,-20.96],[-54.545,-20.96],[-54.559,-20.949],[-54.566,-20.948],[-54.566,-20.945],[-54.573,-20.94],[-54.582,-20.925],[-54.589,-20.925],[-54.59,-20.918],[-54.604,-20.915],[-54.6,-20.911],[-54.602,-20.903],[-54.606,-20.901],[-54.614,-20.902],[-54.621,-20.91],[-54.635,-20.905],[-54.637,-20.889],[-54.644,-20.893],[-54.668,-20.886],[-54.672,-20.886],[-54.673,-20.891],[-54.683,-20.888],[-54.683,-20.878],[-54.675,-20.875],[-54.675,-20.867],[-54.68,-20.874],[-54.685,-20.872],[-54.683,-20.869],[-54.684,-20.864],[-54.688,-20.866],[-54.687,-20.858],[-54.695,-20.858],[-54.692,-20.854],[-54.697,-20.847],[-54.693,-20.843],[-54.703,-20.839],[-54.704,-20.833],[-54.695,-20.825],[-54.711,-20.829],[-54.708,-20.821],[-54.696,-20.816],[-54.699,-20.813],[-54.694,-20.809],[-54.701,-20.805],[-54.7,-20.799],[-54.696,-20.796],[-54.708,-20.791],[-54.698,-20.779],[-54.696,-20.769],[-54.705,-20.765],[-54.709,-20.757],[-54.706,-20.755],[-54.709,-20.752],[-54.713,-20.755],[-54.71,-20.749],[-54.72,-20.742],[-54.717,-20.738],[-54.719,-20.731],[-54.712,-20.729],[-54.713,-20.726],[-54.723,-20.718],[-54.723,-20.712],[-54.75,-20.691],[-54.766,-20.692],[-54.791,-20.714],[-54.804,-20.732],[-54.816,-20.739],[-54.822,-20.777],[-54.824,-20.776],[-54.825,-20.746],[-54.831,-20.724],[-54.854,-20.686],[-54.85,-20.68],[-54.827,-20.677],[-54.814,-20.659],[-54.776,-20.643],[-54.765,-20.623],[-54.765,-20.617],[-54.781,-20.6],[-54.788,-20.576],[-54.794,-20.568],[-54.794,-20.559],[-54.786,-20.547],[-54.791,-20.52],[-54.783,-20.497],[-54.77,-20.482],[-54.769,-20.48],[-54.769,-20.4],[-54.769,-20.318],[-54.769,-20.316],[-54.78,-20.314],[-54.778,-20.306],[-54.785,-20.308],[-54.793,-20.31],[-54.82,-20.299],[-54.817,-20.294],[-54.821,-20.282],[-54.831,-20.285],[-54.844,-20.281],[-54.846,-20.277],[-54.855,-20.279],[-54.857,-20.275],[-54.88,-20.266],[-54.889,-20.267],[-54.903,-20.248],[-54.916,-20.245],[-54.923,-20.247],[-54.918,-20.242],[-54.917,-20.233],[-54.922,-20.229],[-54.912,-20.206],[-54.9,-20.208],[-54.893,-20.204],[-54.886,-20.208],[-54.878,-20.207],[-54.867,-20.197],[-54.862,-20.198],[-54.857,-20.18],[-54.86,-20.174],[-54.847,-20.167],[-54.836,-20.172],[-54.823,-20.166]]]}},{"type":"Feature","properties":{"id":"5002803","nome":"Caracol"},"geometry":{"type":"Polygon","coordinates":[[[-56.798,-21.584],[-56.799,-21.614],[-56.791,-21.624],[-56.797,-21.634],[-56.799,-21.652],[-56.793,-21.657],[-56.78,-21.659],[-56.778,-21.666],[-56.758,-21.679],[-56.759,-21.692],[-56.766,-21.709],[-56.783,-21.718],[-56.777,-21.731],[-56.781,-21.738],[-56.791,-21.744],[-56.793,-21.762],[-56.795,-21.767],[-56.798,-21.766],[-56.8,-21.775],[-56.801,-21.786],[-56.796,-21.792],[-56.789,-21.795],[-56.791,-21.808],[-56.787,-21.812],[-56.801,-21.815],[-56.803,-21.824],[-56.814,-21.832],[-56.814,-21.836],[-56.807,-21.837],[-56.806,-21.843],[-56.811,-21.846],[-56.811,-21.852],[-56.817,-21.854],[-56.816,-21.862],[-56.829,-21.864],[-56.832,-21.857],[-56.838,-21.862],[-56.841,-21.87],[-56.835,-21.875],[-56.84,-21.888],[-56.836,-21.893],[-56.842,-21.906],[-56.849,-21.906],[-56.858,-21.922],[-56.853,-21.938],[-56.855,-21.949],[-56.847,-21.957],[-56.86,-21.954],[-56.859,-21.965],[-56.863,-21.971],[-56.863,-21.977],[-56.873,-21.981],[-56.874,-21.985],[-56.859,-21.991],[-56.856,-22.007],[-56.86,-22.013],[-56.854,-22.017],[-56.853,-22.023],[-56.856,-22.025],[-56.852,-22.032],[-56.861,-22.032],[-56.867,-22.037],[-56.874,-22.034],[-56.877,-22.04],[-56.886,-22.042],[-56.885,-22.049],[-56.889,-22.051],[-56.899,-22.069],[-56.905,-22.069],[-56.904,-22.061],[-56.911,-22.059],[-56.906,-22.053],[-56.921,-22.051],[-56.934,-22.054],[-56.933,-22.067],[-56.945,-22.064],[-56.949,-22.065],[-56.949,-22.071],[-56.942,-22.072],[-56.942,-22.076],[-56.951,-22.074],[-56.962,-22.077],[-56.965,-22.086],[-56.974,-22.086],[-56.978,-22.092],[-56.988,-22.081],[-56.981,-22.078],[-56.985,-22.076],[-57.0,-22.08],[-57.003,-22.091],[-57.013,-22.088],[-57.023,-22.093],[-57.028,-22.1],[-57.013,-22.104],[-57.016,-22.117],[-57.012,-22.114],[-56.999,-22.114],[-56.999,-22.12],[-57.005,-22.128],[-56.995,-22.134],[-57.0,-22.14],[-57.009,-22.137],[-57.037,-22.148],[-57.042,-22.16],[-57.033,-22.171],[-57.036,-22.182],[-57.028,-22.196],[-57.036,-22.2],[-57.04,-22.212],[-57.039,-22.219],[-57.048,-22.223],[-57.049,-22.231],[-57.059,-22.229],[-57.058,-22.24],[-57.061,-22.244],[-57.077,-22.245],[-57.08,-22.25],[-57.084,-22.249],[-57.088,-22.242],[-57.094,-22.249],[-57.102,-22.248],[-57.112,-22.24],[-57.105,-22.226],[-57.118,-22.23],[-57.135,-22.225],[-57.147,-22.233],[-57.156,-22.226],[-57.161,-22.232],[-57.167,-22.227],[-57.17,-22.233],[-57.176,-22.232],[-57.183,-22.235],[-57.183,-22.229],[-57.192,-22.22],[-57.19,-22.216],[-57.201,-22.21],[-57.205,-22.219],[-57.209,-22.219],[-57.208,-22.213],[-57.214,-22.219],[-57.213,-22.224],[-57.207,-22.228],[-57.215,-22.227],[-57.217,-22.239],[-57.241,-22.249],[-57.255,-22.237],[-57.269,-22.236],[-57.27,-22.229],[-57.277,-22.235],[-57.278,-22.226],[-57.287,-22.22],[-57.291,-22.223],[-57.292,-22.218],[-57.303,-22.224],[-57.303,-22.228],[-57.308,-22.227],[-57.317,-22.236],[-57.314,-22.242],[-57.32,-22.245],[-57.331,-22.233],[-57.336,-22.234],[-57.336,-22.229],[-57.34,-22.234],[-57.342,-22.229],[-57.346,-22.231],[-57.357,-22.226],[-57.358,-22.233],[-57.362,-22.232],[-57.364,-22.227],[-57.376,-22.232],[-57.372,-22.224],[-57.381,-22.226],[-57.377,-22.213],[-57.387,-22.208],[-57.386,-22.204],[-57.394,-22.208],[-57.397,-22.202],[-57.416,-22.196],[-57.425,-22.204],[-57.424,-22.197],[-57.434,-22.199],[-57.447,-22.187],[-57.454,-22.189],[-57.452,-22.194],[-57.456,-22.194],[-57.459,-22.187],[-57.465,-22.192],[-57.471,-22.186],[-57.48,-22.191],[-57.488,-22.19],[-57.491,-22.182],[-57.506,-22.185],[-57.516,-22.173],[-57.509,-22.176],[-57.506,-22.174],[-57.505,-22.167],[-57.509,-22.167],[-57.507,-22.157],[-57.502,-22.158],[-57.501,-22.165],[-57.495,-22.166],[-57.493,-22.16],[-57.497,-22.156],[-57.488,-22.149],[-57.49,-22.139],[-57.485,-22.133],[-57.465,-22.13],[-57.468,-22.121],[-57.463,-22.108],[-57.453,-22.104],[-57.458,-22.098],[-57.453,-22.095],[-57.455,-22.09],[-57.46,-22.087],[-57.458,-22.08],[-57.448,-22.081],[-57.445,-22.076],[-57.447,-22.073],[-57.443,-22.068],[-57.439,-22.072],[-57.429,-22.069],[-57.43,-22.057],[-57.42,-22.054],[-57.423,-22.045],[-57.417,-22.024],[-57.396,-22.008],[-57.396,-22.003],[-57.387,-21.999],[-57.384,-22.001],[-57.382,-21.996],[-57.376,-21.994],[-57.376,-21.988],[-57.384,-21.985],[-57.377,-21.968],[-57.365,-21.969],[-57.356,-21.959],[-57.35,-21.963],[-57.339,-21.962],[-57.326,-21.953],[-57.327,-21.951],[-57.324,-21.945],[-57.32,-21.946],[-57.32,-21.942],[-57.311,-21.941],[-57.307,-21.932],[-57.302,-21.929],[-57.297,-21.937],[-57.282,-21.939],[-57.279,-21.937],[-57.277,-21.94],[-57.278,-21.934],[-57.272,-21.933],[-57.264,-21.939],[-57.258,-21.935],[-57.254,-21.939],[-57.253,-21.94],[-57.25,-21.936],[-57.246,-21.937],[-57.246,-21.926],[-57.241,-21.918],[-57.228,-21.911],[-57.225,-21.905],[-57.226,-21.894],[-57.216,-21.896],[-57.205,-21.887],[-57.191,-21.885],[-57.194,-21.88],[-57.187,-21.877],[-57.197,-21.867],[-57.189,-21.852],[-57.191,-21.839],[-57.187,-21.834],[-57.188,-21.825],[-57.177,-21.815],[-57.175,-21.803],[-57.164,-21.797],[-57.155,-21.785],[-57.159,-21.777],[-57.157,-21.772],[-57.164,-21.77],[-57.165,-21.765],[-57.168,-21.763],[-57.164,-21.756],[-57.161,-21.757],[-57.16,-21.753],[-57.155,-21.752],[-57.157,-21.741],[-57.149,-21.741],[-57.148,-21.736],[-57.143,-21.736],[-57.143,-21.728],[-57.138,-21.728],[-57.134,-21.724],[-57.138,-21.72],[-57.134,-21.72],[-57.134,-21.716],[-57.138,-21.717],[-57.14,-21.709],[-57.127,-21.704],[-57.122,-21.709],[-57.116,-21.704],[-57.114,-21.696],[-57.108,-21.692],[-57.11,-21.69],[-57.106,-21.679],[-57.103,-21.677],[-57.103,-21.68],[-57.1,-21.681],[-57.098,-21.675],[-57.093,-21.677],[-57.092,-21.668],[-57.083,-21.664],[-57.088,-21.659],[-57.072,-21.658],[-57.067,-21.662],[-57.06,-21.661],[-57.057,-21.654],[-57.043,-21.653],[-57.034,-21.646],[-57.027,-21.63],[-57.013,-21.629],[-57.011,-21.622],[-56.991,-21.629],[-56.989,-21.635],[-56.972,-21.633],[-56.969,-21.64],[-56.965,-21.634],[-56.958,-21.635],[-56.961,-21.627],[-56.968,-21.625],[-56.968,-21.621],[-56.956,-21.619],[-56.949,-21.625],[-56.941,-21.599],[-56.944,-21.592],[-56.937,-21.589],[-56.931,-21.59],[-56.926,-21.586],[-56.916,-21.591],[-56.91,-21.579],[-56.899,-21.578],[-56.884,-21.568],[-56.852,-21.563],[-56.845,-21.557],[-56.825,-21.566],[-56.807,-21.567],[-56.798,-21.584]]]}},{"type":"Feature","properties":{"id":"5002902","nome":"Cassil\u00e2ndia"},"geometry":{"type":"Polygon","coordinates":[[[-52.378,-18.783],[-52.379,-18.787],[-52.376,-18.787],[-52.375,-18.791],[-52.367,-18.793],[-52.369,-18.799],[-52.354,-18.8],[-52.35,-18.81],[-52.354,-18.812],[-52.346,-18.815],[-52.344,-18.822],[-52.337,-18.821],[-52.334,-18.828],[-52.321,-18.831],[-52.309,-18.839],[-52.298,-18.836],[-52.294,-18.829],[-52.28,-18.829],[-52.264,-18.83],[-52.263,-18.827],[-52.251,-18.839],[-52.219,-18.842],[-52.209,-18.846],[-52.207,-18.85],[-52.203,-18.847],[-52.199,-18.85],[-52.186,-18.845],[-52.181,-18.847],[-52.179,-18.855],[-52.176,-18.854],[-52.172,-18.862],[-52.166,-18.865],[-52.165,-18.876],[-52.159,-18.876],[-52.161,-18.878],[-52.155,-18.882],[-52.157,-18.888],[-52.148,-18.893],[-52.137,-18.889],[-52.131,-18.897],[-52.113,-18.902],[-52.111,-18.899],[-52.106,-18.905],[-52.109,-18.918],[-52.104,-18.918],[-52.102,-18.922],[-52.107,-18.923],[-52.104,-18.928],[-52.095,-18.936],[-52.088,-18.935],[-52.093,-18.942],[-52.088,-18.941],[-52.081,-18.95],[-52.066,-18.953],[-52.056,-18.946],[-52.049,-18.951],[-52.045,-18.95],[-52.041,-18.96],[-52.037,-18.961],[-52.035,-18.958],[-52.025,-18.963],[-52.018,-18.963],[-52.019,-18.967],[-52.014,-18.973],[-52.02,-18.979],[-52.015,-18.982],[-52.008,-18.977],[-52.004,-18.969],[-51.998,-18.967],[-51.995,-18.973],[-51.981,-18.971],[-51.978,-18.98],[-51.973,-18.974],[-51.969,-18.977],[-51.967,-18.975],[-51.968,-18.966],[-51.965,-18.97],[-51.963,-18.968],[-51.957,-18.978],[-51.951,-18.98],[-51.952,-18.974],[-51.946,-18.975],[-51.94,-18.967],[-51.933,-18.975],[-51.926,-18.975],[-51.925,-18.984],[-51.914,-18.983],[-51.907,-18.994],[-51.898,-18.994],[-51.889,-19.008],[-51.891,-19.017],[-51.882,-19.019],[-51.875,-19.03],[-51.872,-19.03],[-51.871,-19.035],[-51.854,-19.051],[-51.848,-19.046],[-51.85,-19.044],[-51.842,-19.042],[-51.835,-19.046],[-51.843,-19.052],[-51.841,-19.057],[-51.818,-19.053],[-51.796,-19.066],[-51.797,-19.072],[-51.789,-19.074],[-51.791,-19.078],[-51.781,-19.081],[-51.776,-19.077],[-51.76,-19.088],[-51.742,-19.087],[-51.741,-19.09],[-51.747,-19.092],[-51.742,-19.098],[-51.74,-19.1],[-51.731,-19.099],[-51.728,-19.108],[-51.716,-19.107],[-51.713,-19.102],[-51.705,-19.106],[-51.711,-19.108],[-51.709,-19.112],[-51.699,-19.119],[-51.693,-19.118],[-51.683,-19.121],[-51.657,-19.137],[-51.642,-19.129],[-51.639,-19.127],[-51.623,-19.138],[-51.613,-19.136],[-51.609,-19.14],[-51.596,-19.136],[-51.592,-19.127],[-51.579,-19.13],[-51.576,-19.126],[-51.576,-19.132],[-51.554,-19.132],[-51.548,-19.141],[-51.539,-19.143],[-51.554,-19.179],[-51.552,-19.209],[-51.572,-19.248],[-51.57,-19.261],[-51.573,-19.274],[-51.568,-19.279],[-51.571,-19.283],[-51.603,-19.266],[-51.625,-19.273],[-51.643,-19.269],[-51.648,-19.266],[-51.649,-19.258],[-51.667,-19.251],[-51.673,-19.251],[-51.68,-19.246],[-51.692,-19.244],[-51.698,-19.239],[-51.71,-19.241],[-51.74,-19.23],[-51.76,-19.217],[-51.801,-19.221],[-51.807,-19.229],[-51.805,-19.238],[-51.811,-19.235],[-51.83,-19.225],[-51.863,-19.22],[-51.869,-19.222],[-51.936,-19.212],[-51.944,-19.206],[-51.965,-19.199],[-51.981,-19.191],[-52.019,-19.199],[-52.05,-19.226],[-52.055,-19.248],[-52.07,-19.253],[-52.077,-19.258],[-52.086,-19.255],[-52.107,-19.228],[-52.136,-19.209],[-52.161,-19.199],[-52.172,-19.198],[-52.175,-19.204],[-52.189,-19.213],[-52.192,-19.223],[-52.196,-19.219],[-52.208,-19.22],[-52.211,-19.228],[-52.218,-19.231],[-52.222,-19.238],[-52.202,-19.25],[-52.18,-19.289],[-52.17,-19.294],[-52.165,-19.306],[-52.157,-19.308],[-52.118,-19.302],[-52.103,-19.304],[-52.092,-19.314],[-52.083,-19.316],[-52.086,-19.33],[-52.093,-19.336],[-52.102,-19.352],[-52.123,-19.355],[-52.148,-19.353],[-52.174,-19.335],[-52.186,-19.334],[-52.203,-19.346],[-52.202,-19.365],[-52.216,-19.375],[-52.276,-19.362],[-52.281,-19.365],[-52.293,-19.362],[-52.325,-19.367],[-52.381,-19.338],[-52.404,-19.333],[-52.416,-19.336],[-52.425,-19.332],[-52.434,-19.335],[-52.441,-19.336],[-52.466,-19.329],[-52.472,-19.313],[-52.479,-19.306],[-52.488,-19.272],[-52.489,-19.253],[-52.503,-19.252],[-52.541,-19.224],[-52.527,-19.062],[-52.543,-19.046],[-52.556,-19.044],[-52.555,-19.041],[-52.565,-19.035],[-52.563,-19.029],[-52.572,-19.028],[-52.577,-19.022],[-52.581,-19.008],[-52.579,-19.0],[-52.585,-18.995],[-52.579,-18.991],[-52.582,-18.987],[-52.586,-18.983],[-52.6,-18.984],[-52.6,-18.983],[-52.599,-18.981],[-52.537,-18.905],[-52.518,-18.924],[-52.52,-18.94],[-52.51,-18.938],[-52.52,-18.956],[-52.489,-18.961],[-52.472,-18.968],[-52.49,-18.933],[-52.491,-18.922],[-52.465,-18.921],[-52.472,-18.917],[-52.475,-18.901],[-52.493,-18.882],[-52.472,-18.86],[-52.485,-18.854],[-52.469,-18.836],[-52.481,-18.786],[-52.473,-18.784],[-52.458,-18.77],[-52.444,-18.767],[-52.424,-18.752],[-52.421,-18.747],[-52.414,-18.743],[-52.411,-18.746],[-52.409,-18.755],[-52.397,-18.758],[-52.399,-18.765],[-52.378,-18.783]]]}},{"type":"Feature","properties":{"id":"5002951","nome":"Chapad\u00e3o do Sul"},"geometry":{"type":"Polygon","coordinates":[[[-52.873,-18.646],[-52.848,-18.661],[-52.846,-18.667],[-52.836,-18.666],[-52.827,-18.671],[-52.809,-18.667],[-52.786,-18.681],[-52.765,-18.681],[-52.747,-18.692],[-52.731,-18.688],[-52.72,-18.691],[-52.69,-18.681],[-52.675,-18.679],[-52.643,-18.688],[-52.633,-18.695],[-52.622,-18.689],[-52.592,-18.689],[-52.586,-18.68],[-52.566,-18.664],[-52.555,-18.661],[-52.553,-18.657],[-52.531,-18.658],[-52.522,-18.664],[-52.521,-18.669],[-52.5,-18.675],[-52.475,-18.685],[-52.449,-18.691],[-52.438,-18.705],[-52.434,-18.72],[-52.426,-18.73],[-52.412,-18.74],[-52.411,-18.746],[-52.414,-18.743],[-52.421,-18.747],[-52.424,-18.752],[-52.444,-18.767],[-52.458,-18.77],[-52.473,-18.784],[-52.481,-18.786],[-52.469,-18.836],[-52.485,-18.854],[-52.472,-18.86],[-52.493,-18.882],[-52.475,-18.901],[-52.472,-18.917],[-52.465,-18.921],[-52.491,-18.922],[-52.49,-18.933],[-52.472,-18.968],[-52.489,-18.961],[-52.52,-18.956],[-52.51,-18.938],[-52.52,-18.94],[-52.518,-18.924],[-52.537,-18.905],[-52.599,-18.981],[-52.6,-18.983],[-52.6,-18.984],[-52.586,-18.983],[-52.582,-18.987],[-52.579,-18.991],[-52.585,-18.995],[-52.579,-19.0],[-52.581,-19.008],[-52.577,-19.022],[-52.572,-19.028],[-52.563,-19.029],[-52.565,-19.035],[-52.555,-19.041],[-52.556,-19.044],[-52.543,-19.046],[-52.527,-19.062],[-52.541,-19.224],[-52.503,-19.252],[-52.489,-19.253],[-52.488,-19.272],[-52.479,-19.306],[-52.472,-19.313],[-52.466,-19.329],[-52.441,-19.336],[-52.438,-19.345],[-52.444,-19.352],[-52.443,-19.364],[-52.446,-19.366],[-52.449,-19.363],[-52.454,-19.373],[-52.448,-19.378],[-52.46,-19.383],[-52.466,-19.391],[-52.466,-19.399],[-52.466,-19.418],[-52.473,-19.418],[-52.468,-19.424],[-52.47,-19.432],[-52.466,-19.432],[-52.462,-19.436],[-52.469,-19.439],[-52.47,-19.449],[-52.468,-19.455],[-52.458,-19.459],[-52.467,-19.47],[-52.466,-19.478],[-52.472,-19.481],[-52.469,-19.489],[-52.478,-19.495],[-52.479,-19.5],[-52.484,-19.499],[-52.484,-19.516],[-52.488,-19.52],[-52.488,-19.529],[-52.498,-19.535],[-52.506,-19.548],[-52.515,-19.549],[-52.521,-19.54],[-52.519,-19.518],[-52.526,-19.51],[-52.519,-19.491],[-52.529,-19.488],[-52.528,-19.48],[-52.534,-19.481],[-52.54,-19.476],[-52.555,-19.454],[-52.563,-19.452],[-52.565,-19.44],[-52.574,-19.436],[-52.571,-19.431],[-52.576,-19.426],[-52.573,-19.421],[-52.575,-19.413],[-52.573,-19.407],[-52.569,-19.406],[-52.57,-19.4],[-52.567,-19.401],[-52.565,-19.397],[-52.577,-19.4],[-52.582,-19.392],[-52.58,-19.39],[-52.583,-19.389],[-52.581,-19.385],[-52.586,-19.386],[-52.588,-19.379],[-52.594,-19.374],[-52.602,-19.376],[-52.606,-19.367],[-52.612,-19.371],[-52.616,-19.367],[-52.61,-19.361],[-52.62,-19.353],[-52.649,-19.352],[-52.648,-19.348],[-52.653,-19.343],[-52.662,-19.345],[-52.674,-19.332],[-52.682,-19.33],[-52.68,-19.32],[-52.683,-19.318],[-52.685,-19.317],[-52.686,-19.304],[-52.692,-19.299],[-52.702,-19.288],[-52.702,-19.281],[-52.711,-19.279],[-52.717,-19.272],[-52.725,-19.268],[-52.741,-19.273],[-52.749,-19.27],[-52.757,-19.274],[-52.754,-19.268],[-52.758,-19.267],[-52.768,-19.264],[-52.768,-19.268],[-52.775,-19.262],[-52.791,-19.256],[-52.802,-19.257],[-52.804,-19.255],[-52.809,-19.258],[-52.809,-19.249],[-52.813,-19.246],[-52.819,-19.247],[-52.817,-19.251],[-52.839,-19.24],[-52.842,-19.242],[-52.846,-19.238],[-52.848,-19.241],[-52.85,-19.233],[-52.866,-19.24],[-52.868,-19.237],[-52.88,-19.246],[-52.895,-19.248],[-52.901,-19.249],[-52.905,-19.234],[-52.915,-19.228],[-52.91,-19.224],[-52.912,-19.22],[-52.914,-19.221],[-52.919,-19.214],[-52.925,-19.212],[-52.924,-19.204],[-52.929,-19.195],[-52.934,-19.195],[-52.932,-19.192],[-52.935,-19.183],[-52.931,-19.185],[-52.931,-19.18],[-52.934,-19.177],[-52.94,-19.178],[-52.935,-19.165],[-52.938,-19.164],[-52.938,-19.16],[-52.943,-19.16],[-52.939,-19.148],[-52.951,-19.147],[-52.96,-19.142],[-52.968,-19.141],[-52.968,-19.131],[-52.976,-19.126],[-52.972,-19.113],[-52.974,-19.104],[-52.986,-19.099],[-52.986,-19.095],[-52.982,-19.091],[-52.986,-19.089],[-52.986,-19.081],[-52.993,-19.075],[-52.99,-19.065],[-52.997,-19.058],[-52.989,-19.048],[-53.001,-19.044],[-52.997,-19.033],[-52.999,-19.023],[-53.002,-19.025],[-53.003,-19.022],[-53.009,-19.007],[-53.006,-19.002],[-53.013,-18.998],[-53.007,-18.993],[-53.009,-18.981],[-53.008,-18.977],[-53.012,-18.979],[-53.01,-18.976],[-53.013,-18.976],[-53.011,-18.969],[-53.015,-18.97],[-53.013,-18.961],[-53.021,-18.958],[-53.02,-18.955],[-53.027,-18.953],[-53.022,-18.949],[-53.03,-18.933],[-53.037,-18.929],[-53.034,-18.928],[-53.038,-18.918],[-53.05,-18.908],[-53.051,-18.902],[-53.059,-18.898],[-53.061,-18.891],[-53.067,-18.885],[-53.07,-18.888],[-53.079,-18.871],[-53.088,-18.863],[-53.088,-18.857],[-53.092,-18.857],[-53.081,-18.835],[-53.062,-18.817],[-53.062,-18.809],[-53.046,-18.798],[-53.053,-18.792],[-53.046,-18.784],[-53.044,-18.776],[-53.049,-18.764],[-53.044,-18.762],[-53.038,-18.743],[-53.042,-18.73],[-53.043,-18.722],[-53.028,-18.709],[-53.023,-18.698],[-53.018,-18.671],[-52.991,-18.668],[-52.972,-18.653],[-52.963,-18.649],[-52.961,-18.65],[-52.952,-18.639],[-52.925,-18.621],[-52.921,-18.613],[-52.914,-18.619],[-52.918,-18.637],[-52.912,-18.642],[-52.873,-18.646]]]}},{"type":"Feature","properties":{"id":"5003108","nome":"Corguinho"},"geometry":{"type":"Polygon","coordinates":[[[-54.746,-19.625],[-54.749,-19.629],[-54.761,-19.628],[-54.759,-19.638],[-54.751,-19.64],[-54.752,-19.652],[-54.749,-19.664],[-54.745,-19.665],[-54.744,-19.677],[-54.73,-19.687],[-54.733,-19.704],[-54.725,-19.712],[-54.732,-19.723],[-54.73,-19.732],[-54.733,-19.74],[-54.733,-19.772],[-54.737,-19.771],[-54.739,-19.776],[-54.746,-19.779],[-54.761,-19.781],[-54.762,-19.785],[-54.779,-19.798],[-54.782,-19.798],[-54.786,-19.81],[-54.802,-19.824],[-54.808,-19.825],[-54.816,-19.838],[-54.828,-19.838],[-54.833,-19.838],[-54.837,-19.847],[-54.839,-19.864],[-54.834,-19.872],[-54.837,-19.876],[-54.833,-19.883],[-54.834,-19.886],[-54.841,-19.887],[-54.843,-19.898],[-54.848,-19.897],[-54.852,-19.906],[-54.869,-19.916],[-54.869,-19.924],[-54.876,-19.921],[-54.885,-19.929],[-54.882,-19.935],[-54.888,-19.939],[-54.88,-19.944],[-54.881,-19.948],[-54.886,-19.946],[-54.895,-19.951],[-54.892,-19.977],[-54.898,-19.979],[-54.898,-19.985],[-54.904,-19.989],[-54.897,-19.998],[-54.904,-20.004],[-54.906,-20.001],[-54.91,-20.001],[-54.915,-20.018],[-54.926,-20.023],[-54.928,-20.038],[-54.918,-20.039],[-54.912,-20.044],[-54.925,-20.047],[-54.917,-20.054],[-54.927,-20.053],[-54.929,-20.06],[-54.937,-20.069],[-54.945,-20.071],[-54.946,-20.077],[-54.957,-20.082],[-54.954,-20.093],[-54.958,-20.093],[-54.961,-20.088],[-54.972,-20.091],[-54.977,-20.105],[-54.985,-20.107],[-54.987,-20.112],[-54.994,-20.112],[-54.998,-20.127],[-55.015,-20.119],[-55.019,-20.13],[-55.023,-20.125],[-55.028,-20.125],[-55.038,-20.132],[-55.04,-20.137],[-55.044,-20.135],[-55.049,-20.143],[-55.044,-20.145],[-55.042,-20.155],[-55.054,-20.158],[-55.063,-20.164],[-55.07,-20.153],[-55.078,-20.159],[-55.084,-20.153],[-55.08,-20.148],[-55.081,-20.137],[-55.07,-20.133],[-55.066,-20.126],[-55.065,-20.107],[-55.076,-20.087],[-55.082,-20.068],[-55.094,-20.051],[-55.097,-20.027],[-55.117,-20.007],[-55.125,-19.965],[-55.152,-19.957],[-55.157,-19.951],[-55.161,-19.964],[-55.161,-19.987],[-55.167,-19.986],[-55.18,-19.992],[-55.197,-19.994],[-55.209,-19.991],[-55.212,-19.985],[-55.223,-19.978],[-55.231,-19.985],[-55.252,-19.983],[-55.26,-19.988],[-55.261,-19.995],[-55.268,-20.0],[-55.285,-19.991],[-55.318,-19.986],[-55.323,-19.977],[-55.322,-19.969],[-55.31,-19.954],[-55.31,-19.947],[-55.314,-19.944],[-55.325,-19.94],[-55.326,-19.933],[-55.33,-19.93],[-55.331,-19.902],[-55.338,-19.88],[-55.354,-19.861],[-55.379,-19.85],[-55.381,-19.839],[-55.388,-19.833],[-55.39,-19.822],[-55.396,-19.813],[-55.393,-19.798],[-55.377,-19.791],[-55.383,-19.781],[-55.379,-19.77],[-55.373,-19.765],[-55.354,-19.768],[-55.354,-19.758],[-55.347,-19.75],[-55.348,-19.745],[-55.334,-19.717],[-55.337,-19.708],[-55.323,-19.701],[-55.324,-19.69],[-55.308,-19.675],[-55.294,-19.622],[-55.287,-19.615],[-55.29,-19.605],[-55.268,-19.587],[-55.258,-19.55],[-55.235,-19.52],[-55.233,-19.528],[-55.223,-19.533],[-55.219,-19.544],[-55.206,-19.553],[-55.199,-19.566],[-55.171,-19.597],[-55.138,-19.619],[-55.127,-19.624],[-55.087,-19.631],[-55.069,-19.611],[-55.061,-19.607],[-55.041,-19.612],[-55.037,-19.614],[-55.036,-19.62],[-55.04,-19.623],[-55.038,-19.628],[-55.047,-19.625],[-55.051,-19.629],[-55.039,-19.637],[-55.041,-19.645],[-55.039,-19.656],[-55.047,-19.658],[-55.038,-19.67],[-55.037,-19.68],[-55.033,-19.676],[-55.028,-19.676],[-55.026,-19.699],[-55.002,-19.699],[-54.995,-19.696],[-54.99,-19.689],[-54.983,-19.69],[-54.968,-19.684],[-54.951,-19.687],[-54.943,-19.693],[-54.933,-19.693],[-54.918,-19.685],[-54.902,-19.679],[-54.898,-19.674],[-54.897,-19.657],[-54.891,-19.652],[-54.88,-19.649],[-54.858,-19.648],[-54.845,-19.65],[-54.837,-19.646],[-54.835,-19.628],[-54.838,-19.62],[-54.835,-19.603],[-54.832,-19.597],[-54.823,-19.592],[-54.819,-19.583],[-54.818,-19.563],[-54.812,-19.54],[-54.812,-19.524],[-54.817,-19.51],[-54.814,-19.507],[-54.817,-19.491],[-54.8,-19.479],[-54.794,-19.47],[-54.794,-19.455],[-54.786,-19.473],[-54.732,-19.508],[-54.737,-19.509],[-54.735,-19.514],[-54.739,-19.518],[-54.746,-19.519],[-54.748,-19.531],[-54.746,-19.536],[-54.731,-19.543],[-54.736,-19.551],[-54.729,-19.557],[-54.732,-19.567],[-54.723,-19.577],[-54.723,-19.584],[-54.727,-19.587],[-54.719,-19.591],[-54.721,-19.596],[-54.728,-19.601],[-54.728,-19.607],[-54.735,-19.61],[-54.737,-19.617],[-54.734,-19.618],[-54.735,-19.622],[-54.748,-19.622],[-54.75,-19.624],[-54.746,-19.625]]]}},{"type":"Feature","properties":{"id":"5003157","nome":"Coronel Sapucaia"},"geometry":{"type":"Polygon","coordinates":[[[-55.275,-23.289],[-55.259,-23.302],[-55.249,-23.301],[-55.24,-23.315],[-55.231,-23.319],[-55.229,-23.315],[-55.221,-23.321],[-55.221,-23.328],[-55.213,-23.329],[-55.213,-23.333],[-55.202,-23.336],[-55.194,-23.343],[-55.174,-23.355],[-55.164,-23.356],[-55.154,-23.37],[-55.154,-23.38],[-55.165,-23.377],[-55.177,-23.387],[-55.203,-23.4],[-55.205,-23.405],[-55.271,-23.569],[-55.299,-23.509],[-55.335,-23.507],[-55.355,-23.502],[-55.363,-23.504],[-55.365,-23.499],[-55.376,-23.493],[-55.384,-23.493],[-55.397,-23.487],[-55.414,-23.492],[-55.43,-23.46],[-55.439,-23.457],[-55.455,-23.458],[-55.462,-23.47],[-55.478,-23.476],[-55.487,-23.485],[-55.492,-23.482],[-55.507,-23.484],[-55.514,-23.48],[-55.517,-23.487],[-55.522,-23.488],[-55.536,-23.479],[-55.562,-23.482],[-55.562,-23.476],[-55.546,-23.477],[-55.542,-23.455],[-55.546,-23.449],[-55.517,-23.409],[-55.505,-23.377],[-55.512,-23.365],[-55.52,-23.364],[-55.521,-23.351],[-55.536,-23.331],[-55.556,-23.319],[-55.551,-23.302],[-55.556,-23.282],[-55.554,-23.278],[-55.532,-23.267],[-55.523,-23.259],[-55.529,-23.253],[-55.53,-23.251],[-55.528,-23.251],[-55.523,-23.249],[-55.52,-23.231],[-55.514,-23.22],[-55.505,-23.206],[-55.499,-23.206],[-55.493,-23.199],[-55.492,-23.178],[-55.496,-23.163],[-55.489,-23.155],[-55.477,-23.128],[-55.465,-23.12],[-55.445,-23.093],[-55.433,-23.091],[-55.419,-23.129],[-55.397,-23.154],[-55.384,-23.177],[-55.373,-23.206],[-55.359,-23.219],[-55.353,-23.24],[-55.345,-23.255],[-55.337,-23.264],[-55.328,-23.267],[-55.309,-23.273],[-55.299,-23.283],[-55.275,-23.289]]]}},{"type":"Feature","properties":{"id":"5003207","nome":"Corumb\u00e1"},"geometry":{"type":"Polygon","coordinates":[[[-56.102,-17.174],[-56.084,-17.177],[-56.071,-17.17],[-56.067,-17.174],[-56.06,-17.171],[-56.05,-17.187],[-56.047,-17.184],[-56.049,-17.172],[-56.045,-17.171],[-56.032,-17.185],[-56.016,-17.19],[-56.005,-17.204],[-56.018,-17.209],[-56.02,-17.216],[-56.017,-17.218],[-56.013,-17.214],[-56.008,-17.214],[-56.012,-17.222],[-56.012,-17.236],[-56.01,-17.239],[-56.003,-17.233],[-56.003,-17.244],[-56.0,-17.246],[-55.995,-17.24],[-55.99,-17.24],[-55.987,-17.243],[-55.992,-17.254],[-55.986,-17.258],[-55.98,-17.246],[-55.973,-17.253],[-55.968,-17.254],[-55.96,-17.25],[-55.951,-17.25],[-55.955,-17.256],[-55.946,-17.272],[-55.938,-17.278],[-55.931,-17.273],[-55.931,-17.264],[-55.926,-17.257],[-55.916,-17.265],[-55.886,-17.263],[-55.886,-17.266],[-55.899,-17.27],[-55.899,-17.277],[-55.89,-17.272],[-55.891,-17.28],[-55.886,-17.284],[-55.875,-17.28],[-55.879,-17.273],[-55.874,-17.268],[-55.858,-17.283],[-55.851,-17.279],[-55.85,-17.29],[-55.841,-17.301],[-55.838,-17.3],[-55.835,-17.291],[-55.826,-17.288],[-55.831,-17.301],[-55.828,-17.306],[-55.82,-17.297],[-55.806,-17.298],[-55.802,-17.301],[-55.805,-17.309],[-55.784,-17.33],[-55.784,-17.324],[-55.78,-17.321],[-55.772,-17.332],[-55.768,-17.325],[-55.761,-17.323],[-55.751,-17.33],[-55.744,-17.331],[-55.74,-17.337],[-55.729,-17.339],[-55.722,-17.349],[-55.709,-17.337],[-55.701,-17.354],[-55.693,-17.339],[-55.689,-17.34],[-55.686,-17.35],[-55.682,-17.349],[-55.68,-17.339],[-55.675,-17.34],[-55.672,-17.349],[-55.668,-17.35],[-55.656,-17.338],[-55.656,-17.346],[-55.646,-17.359],[-55.64,-17.356],[-55.638,-17.349],[-55.645,-17.341],[-55.643,-17.339],[-55.637,-17.342],[-55.635,-17.353],[-55.626,-17.364],[-55.613,-17.368],[-55.613,-17.359],[-55.602,-17.367],[-55.593,-17.374],[-55.585,-17.373],[-55.589,-17.378],[-55.582,-17.379],[-55.585,-17.388],[-55.583,-17.395],[-55.586,-17.398],[-55.579,-17.4],[-55.586,-17.403],[-55.588,-17.413],[-55.585,-17.422],[-55.582,-17.419],[-55.575,-17.418],[-55.577,-17.424],[-55.574,-17.434],[-55.559,-17.439],[-55.549,-17.448],[-55.555,-17.447],[-55.557,-17.451],[-55.542,-17.456],[-55.543,-17.46],[-55.538,-17.461],[-55.537,-17.468],[-55.533,-17.466],[-55.527,-17.472],[-55.522,-17.472],[-55.524,-17.481],[-55.515,-17.483],[-55.504,-17.481],[-55.504,-17.486],[-55.499,-17.483],[-55.497,-17.486],[-55.493,-17.483],[-55.49,-17.485],[-55.483,-17.478],[-55.476,-17.484],[-55.472,-17.481],[-55.458,-17.494],[-55.458,-17.499],[-55.453,-17.5],[-55.453,-17.507],[-55.443,-17.511],[-55.443,-17.505],[-55.432,-17.511],[-55.423,-17.509],[-55.422,-17.513],[-55.416,-17.514],[-55.405,-17.512],[-55.393,-17.516],[-55.39,-17.521],[-55.386,-17.519],[-55.382,-17.525],[-55.377,-17.515],[-55.371,-17.522],[-55.358,-17.526],[-55.353,-17.531],[-55.35,-17.548],[-55.339,-17.548],[-55.337,-17.545],[-55.324,-17.553],[-55.324,-17.55],[-55.329,-17.548],[-55.322,-17.542],[-55.315,-17.546],[-55.299,-17.541],[-55.292,-17.542],[-55.296,-17.551],[-55.283,-17.552],[-55.289,-17.56],[-55.282,-17.557],[-55.28,-17.563],[-55.274,-17.564],[-55.275,-17.558],[-55.271,-17.56],[-55.269,-17.556],[-55.263,-17.564],[-55.267,-17.566],[-55.264,-17.577],[-55.258,-17.574],[-55.25,-17.584],[-55.252,-17.592],[-55.244,-17.591],[-55.249,-17.595],[-55.242,-17.602],[-55.243,-17.594],[-55.238,-17.6],[-55.236,-17.595],[-55.231,-17.595],[-55.228,-17.601],[-55.227,-17.598],[-55.218,-17.607],[-55.219,-17.613],[-55.225,-17.609],[-55.221,-17.617],[-55.204,-17.613],[-55.203,-17.618],[-55.195,-17.618],[-55.192,-17.628],[-55.183,-17.619],[-55.184,-17.624],[-55.18,-17.623],[-55.174,-17.63],[-55.175,-17.634],[-55.166,-17.634],[-55.171,-17.638],[-55.17,-17.64],[-55.166,-17.637],[-55.163,-17.642],[-55.154,-17.643],[-55.142,-17.639],[-55.143,-17.644],[-55.139,-17.647],[-55.202,-17.876],[-55.306,-18.248],[-55.306,-18.249],[-55.356,-18.43],[-55.366,-18.468],[-55.398,-18.578],[-55.398,-18.58],[-55.401,-18.587],[-55.528,-18.94],[-55.545,-18.954],[-55.557,-18.97],[-55.569,-18.975],[-55.572,-18.981],[-55.579,-18.983],[-55.583,-18.989],[-55.598,-18.997],[-55.617,-19.02],[-55.637,-19.03],[-55.647,-19.048],[-55.666,-19.056],[-55.671,-19.064],[-55.697,-19.081],[-55.703,-19.09],[-55.706,-19.108],[-55.713,-19.11],[-55.729,-19.132],[-55.738,-19.161],[-55.766,-19.193],[-55.763,-19.198],[-55.764,-19.208],[-55.772,-19.214],[-55.771,-19.22],[-55.777,-19.223],[-55.778,-19.229],[-55.785,-19.236],[-55.784,-19.24],[-55.79,-19.256],[-55.809,-19.277],[-55.823,-19.286],[-55.821,-19.298],[-55.826,-19.302],[-55.819,-19.321],[-55.826,-19.338],[-55.833,-19.342],[-55.842,-19.357],[-55.854,-19.361],[-55.86,-19.371],[-55.872,-19.374],[-55.879,-19.39],[-55.889,-19.39],[-55.899,-19.418],[-55.912,-19.424],[-55.921,-19.423],[-55.926,-19.436],[-55.938,-19.44],[-55.951,-19.464],[-55.956,-19.467],[-55.971,-19.465],[-55.972,-19.278],[-56.387,-19.28],[-56.483,-19.28],[-56.505,-19.28],[-56.505,-19.286],[-56.504,-19.508],[-56.517,-19.503],[-56.516,-19.497],[-56.519,-19.495],[-56.523,-19.497],[-56.521,-19.501],[-56.525,-19.505],[-56.546,-19.511],[-56.56,-19.511],[-56.575,-19.517],[-56.584,-19.513],[-56.604,-19.516],[-56.615,-19.511],[-56.851,-19.605],[-56.856,-19.608],[-56.857,-19.615],[-56.866,-19.618],[-56.878,-19.617],[-56.882,-19.62],[-56.892,-19.613],[-56.895,-19.616],[-56.904,-19.609],[-56.904,-19.613],[-56.909,-19.61],[-56.919,-19.611],[-56.919,-19.615],[-56.923,-19.615],[-56.927,-19.611],[-56.932,-19.616],[-56.943,-19.614],[-56.946,-19.618],[-56.964,-19.623],[-56.966,-19.618],[-56.973,-19.618],[-56.971,-19.614],[-56.98,-19.61],[-56.989,-19.614],[-56.998,-19.613],[-56.999,-19.618],[-56.995,-19.621],[-57.038,-19.857],[-57.042,-19.881],[-57.068,-20.016],[-57.059,-20.018],[-57.052,-20.013],[-57.042,-20.016],[-57.029,-20.014],[-57.026,-20.03],[-57.029,-20.038],[-57.001,-20.048],[-57.005,-20.061],[-57.007,-20.09],[-57.002,-20.1],[-57.002,-20.112],[-56.993,-20.131],[-56.997,-20.148],[-56.993,-20.154],[-56.995,-20.167],[-56.981,-20.18],[-56.98,-20.187],[-56.974,-20.189],[-56.975,-20.197],[-56.97,-20.198],[-56.965,-20.209],[-56.952,-20.219],[-56.947,-20.233],[-56.955,-20.241],[-56.976,-20.253],[-57.0,-20.274],[-57.01,-20.275],[-57.016,-20.286],[-57.029,-20.286],[-57.045,-20.29],[-57.054,-20.28],[-57.066,-20.279],[-57.08,-20.283],[-57.092,-20.294],[-57.104,-20.29],[-57.139,-20.296],[-57.162,-20.293],[-57.169,-20.307],[-57.19,-20.3],[-57.224,-20.298],[-57.266,-20.31],[-57.309,-20.315],[-57.34,-20.322],[-57.347,-20.32],[-57.349,-20.323],[-57.357,-20.32],[-57.363,-20.329],[-57.379,-20.334],[-57.386,-20.34],[-57.392,-20.335],[-57.399,-20.344],[-57.398,-20.349],[-57.402,-20.352],[-57.406,-20.35],[-57.413,-20.362],[-57.419,-20.355],[-57.426,-20.363],[-57.421,-20.368],[-57.414,-20.366],[-57.413,-20.374],[-57.414,-20.383],[-57.419,-20.383],[-57.416,-20.402],[-57.423,-20.407],[-57.428,-20.426],[-57.424,-20.43],[-57.424,-20.439],[-57.43,-20.48],[-57.444,-20.488],[-57.443,-20.503],[-57.449,-20.508],[-57.451,-20.514],[-57.459,-20.513],[-57.464,-20.525],[-57.458,-20.525],[-57.44,-20.537],[-57.438,-20.545],[-57.44,-20.554],[-57.444,-20.555],[-57.443,-20.562],[-57.452,-20.561],[-57.449,-20.566],[-57.453,-20.57],[-57.448,-20.572],[-57.461,-20.569],[-57.46,-20.578],[-57.47,-20.579],[-57.464,-20.586],[-57.467,-20.591],[-57.482,-20.589],[-57.495,-20.595],[-57.498,-20.6],[-57.514,-20.603],[-57.517,-20.606],[-57.51,-20.616],[-57.522,-20.609],[-57.529,-20.616],[-57.539,-20.619],[-57.561,-20.605],[-57.572,-20.613],[-57.57,-20.622],[-57.573,-20.624],[-57.605,-20.623],[-57.604,-20.631],[-57.611,-20.636],[-57.611,-20.64],[-57.616,-20.64],[-57.617,-20.645],[-57.629,-20.651],[-57.633,-20.659],[-57.64,-20.662],[-57.637,-20.674],[-57.648,-20.694],[-57.641,-20.696],[-57.644,-20.705],[-57.653,-20.71],[-57.656,-20.719],[-57.672,-20.729],[-57.687,-20.732],[-57.71,-20.725],[-57.72,-20.73],[-57.718,-20.741],[-57.733,-20.751],[-57.732,-20.754],[-57.736,-20.761],[-57.731,-20.765],[-57.74,-20.771],[-57.735,-20.783],[-57.742,-20.788],[-57.747,-20.798],[-57.754,-20.797],[-57.772,-20.802],[-57.776,-20.798],[-57.775,-20.792],[-57.782,-20.791],[-57.793,-20.795],[-57.789,-20.8],[-57.796,-20.8],[-57.794,-20.807],[-57.799,-20.811],[-57.818,-20.81],[-57.813,-20.822],[-57.828,-20.828],[-57.827,-20.835],[-57.831,-20.837],[-57.828,-20.841],[-57.82,-20.843],[-57.828,-20.852],[-57.812,-20.861],[-57.815,-20.866],[-57.828,-20.87],[-57.833,-20.877],[-57.833,-20.885],[-57.838,-20.882],[-57.847,-20.889],[-57.84,-20.893],[-57.845,-20.901],[-57.843,-20.907],[-57.836,-20.908],[-57.844,-20.914],[-57.848,-20.912],[-57.847,-20.916],[-57.841,-20.915],[-57.842,-20.919],[-57.834,-20.922],[-57.84,-20.928],[-57.844,-20.928],[-57.833,-20.936],[-57.847,-20.947],[-57.861,-20.948],[-57.872,-20.939],[-57.884,-20.914],[-57.893,-20.905],[-57.902,-20.901],[-57.92,-20.904],[-57.928,-20.898],[-57.922,-20.887],[-57.901,-20.876],[-57.865,-20.848],[-57.859,-20.826],[-57.863,-20.817],[-57.894,-20.791],[-57.908,-20.79],[-57.933,-20.799],[-57.947,-20.8],[-57.958,-20.797],[-57.961,-20.789],[-57.942,-20.753],[-57.933,-20.746],[-57.916,-20.743],[-57.875,-20.75],[-57.863,-20.745],[-57.863,-20.741],[-57.871,-20.732],[-57.878,-20.713],[-57.904,-20.685],[-57.912,-20.671],[-57.921,-20.663],[-57.933,-20.666],[-57.954,-20.703],[-57.985,-20.701],[-57.989,-20.687],[-57.987,-20.68],[-57.977,-20.664],[-57.97,-20.643],[-57.974,-20.639],[-57.991,-20.634],[-58.012,-20.613],[-58.009,-20.593],[-57.997,-20.573],[-58.018,-20.513],[-58.014,-20.486],[-57.995,-20.454],[-57.995,-20.44],[-58.021,-20.402],[-58.063,-20.393],[-58.084,-20.372],[-58.102,-20.324],[-58.094,-20.305],[-58.089,-20.273],[-58.09,-20.261],[-58.094,-20.255],[-58.102,-20.251],[-58.118,-20.25],[-58.128,-20.254],[-58.138,-20.27],[-58.144,-20.272],[-58.161,-20.262],[-58.166,-20.238],[-58.161,-20.224],[-58.149,-20.211],[-58.13,-20.206],[-58.122,-20.195],[-58.125,-20.188],[-58.136,-20.18],[-58.161,-20.18],[-58.166,-20.177],[-58.167,-20.171],[-58.163,-20.162],[-58.152,-20.152],[-58.138,-20.152],[-58.115,-20.143],[-58.104,-20.124],[-58.088,-20.107],[-58.049,-20.105],[-58.043,-20.098],[-58.033,-20.065],[-58.018,-20.057],[-58.0,-20.056],[-57.986,-20.058],[-57.972,-20.048],[-57.959,-20.022],[-57.946,-20.018],[-57.935,-20.02],[-57.927,-20.023],[-57.906,-20.042],[-57.902,-20.042],[-57.887,-20.015],[-57.862,-19.985],[-57.859,-19.97],[-58.131,-19.758],[-58.032,-19.552],[-57.965,-19.413],[-57.886,-19.247],[-57.855,-19.182],[-57.784,-19.033],[-57.72,-19.032],[-57.71,-19.032],[-57.694,-19.011],[-57.698,-19.007],[-57.696,-18.997],[-57.704,-18.986],[-57.71,-18.979],[-57.719,-18.977],[-57.719,-18.899],[-57.766,-18.899],[-57.557,-18.24],[-57.453,-18.231],[-57.457,-18.224],[-57.467,-18.222],[-57.474,-18.217],[-57.473,-18.212],[-57.479,-18.208],[-57.478,-18.201],[-57.483,-18.197],[-57.49,-18.202],[-57.5,-18.196],[-57.505,-18.2],[-57.574,-18.131],[-57.581,-18.108],[-57.6,-18.046],[-57.72,-17.827],[-57.683,-17.828],[-57.683,-17.808],[-57.72,-17.771],[-57.709,-17.729],[-57.72,-17.72],[-57.73,-17.718],[-57.74,-17.693],[-57.749,-17.693],[-57.76,-17.663],[-57.763,-17.659],[-57.775,-17.657],[-57.783,-17.639],[-57.774,-17.626],[-57.771,-17.612],[-57.775,-17.611],[-57.779,-17.615],[-57.784,-17.607],[-57.774,-17.598],[-57.787,-17.592],[-57.781,-17.592],[-57.777,-17.584],[-57.79,-17.586],[-57.78,-17.576],[-57.785,-17.575],[-57.785,-17.57],[-57.794,-17.564],[-57.795,-17.56],[-57.792,-17.555],[-57.785,-17.555],[-57.752,-17.564],[-57.74,-17.536],[-57.728,-17.529],[-57.712,-17.543],[-57.71,-17.566],[-57.701,-17.577],[-57.703,-17.589],[-57.697,-17.601],[-57.702,-17.601],[-57.692,-17.626],[-57.686,-17.629],[-57.689,-17.64],[-57.682,-17.642],[-57.682,-17.65],[-57.676,-17.652],[-57.679,-17.657],[-57.671,-17.664],[-57.672,-17.67],[-57.668,-17.671],[-57.672,-17.677],[-57.67,-17.681],[-57.68,-17.684],[-57.683,-17.696],[-57.68,-17.704],[-57.684,-17.716],[-57.672,-17.719],[-57.671,-17.728],[-57.667,-17.726],[-57.663,-17.729],[-57.645,-17.724],[-57.644,-17.718],[-57.64,-17.717],[-57.623,-17.736],[-57.618,-17.747],[-57.611,-17.75],[-57.62,-17.754],[-57.614,-17.766],[-57.6,-17.775],[-57.602,-17.779],[-57.612,-17.779],[-57.605,-17.802],[-57.602,-17.804],[-57.576,-17.8],[-57.571,-17.815],[-57.558,-17.815],[-57.551,-17.828],[-57.531,-17.839],[-57.534,-17.853],[-57.511,-17.863],[-57.477,-17.859],[-57.477,-17.878],[-57.461,-17.898],[-57.452,-17.902],[-57.445,-17.892],[-57.446,-17.874],[-57.438,-17.871],[-57.421,-17.854],[-57.41,-17.858],[-57.409,-17.853],[-57.4,-17.847],[-57.398,-17.839],[-57.391,-17.845],[-57.385,-17.844],[-57.377,-17.826],[-57.368,-17.826],[-57.363,-17.833],[-57.353,-17.837],[-57.346,-17.834],[-57.342,-17.836],[-57.341,-17.83],[-57.325,-17.829],[-57.324,-17.824],[-57.311,-17.817],[-57.308,-17.81],[-57.299,-17.816],[-57.29,-17.811],[-57.288,-17.814],[-57.293,-17.819],[-57.283,-17.822],[-57.283,-17.812],[-57.264,-17.82],[-57.252,-17.81],[-57.232,-17.812],[-57.234,-17.808],[-57.245,-17.806],[-57.252,-17.793],[-57.242,-17.797],[-57.235,-17.788],[-57.228,-17.79],[-57.227,-17.782],[-57.215,-17.788],[-57.2,-17.788],[-57.174,-17.776],[-57.155,-17.778],[-57.146,-17.767],[-57.115,-17.781],[-57.113,-17.771],[-57.098,-17.77],[-57.092,-17.752],[-57.079,-17.749],[-57.073,-17.735],[-57.064,-17.735],[-57.056,-17.729],[-57.05,-17.732],[-57.044,-17.73],[-57.033,-17.694],[-57.019,-17.692],[-57.019,-17.685],[-57.014,-17.676],[-57.009,-17.67],[-57.0,-17.67],[-56.988,-17.659],[-56.983,-17.641],[-56.964,-17.621],[-56.957,-17.608],[-56.96,-17.605],[-56.972,-17.613],[-56.981,-17.611],[-56.982,-17.603],[-56.975,-17.596],[-56.978,-17.589],[-56.982,-17.58],[-56.973,-17.58],[-56.966,-17.571],[-56.95,-17.568],[-56.944,-17.553],[-56.917,-17.541],[-56.909,-17.532],[-56.895,-17.539],[-56.875,-17.533],[-56.87,-17.516],[-56.866,-17.515],[-56.861,-17.505],[-56.866,-17.495],[-56.861,-17.483],[-56.85,-17.486],[-56.846,-17.48],[-56.849,-17.47],[-56.847,-17.464],[-56.832,-17.463],[-56.825,-17.458],[-56.825,-17.453],[-56.84,-17.442],[-56.833,-17.435],[-56.828,-17.438],[-56.822,-17.437],[-56.819,-17.43],[-56.824,-17.423],[-56.834,-17.423],[-56.842,-17.418],[-56.831,-17.409],[-56.828,-17.39],[-56.804,-17.386],[-56.791,-17.391],[-56.785,-17.387],[-56.789,-17.376],[-56.786,-17.37],[-56.771,-17.365],[-56.762,-17.36],[-56.76,-17.351],[-56.769,-17.343],[-56.768,-17.34],[-56.757,-17.336],[-56.757,-17.326],[-56.743,-17.327],[-56.736,-17.321],[-56.733,-17.309],[-56.72,-17.307],[-56.713,-17.318],[-56.691,-17.318],[-56.695,-17.327],[-56.683,-17.316],[-56.673,-17.325],[-56.673,-17.333],[-56.663,-17.338],[-56.655,-17.333],[-56.662,-17.326],[-56.656,-17.321],[-56.645,-17.339],[-56.642,-17.33],[-56.649,-17.324],[-56.647,-17.317],[-56.64,-17.327],[-56.63,-17.334],[-56.628,-17.323],[-56.625,-17.322],[-56.616,-17.323],[-56.611,-17.331],[-56.605,-17.328],[-56.595,-17.332],[-56.584,-17.329],[-56.576,-17.331],[-56.574,-17.328],[-56.579,-17.32],[-56.571,-17.315],[-56.551,-17.322],[-56.532,-17.313],[-56.528,-17.32],[-56.525,-17.32],[-56.522,-17.31],[-56.513,-17.312],[-56.511,-17.306],[-56.506,-17.306],[-56.515,-17.292],[-56.508,-17.295],[-56.501,-17.286],[-56.498,-17.298],[-56.49,-17.298],[-56.473,-17.31],[-56.471,-17.303],[-56.467,-17.302],[-56.463,-17.315],[-56.452,-17.31],[-56.45,-17.326],[-56.444,-17.331],[-56.432,-17.318],[-56.417,-17.311],[-56.412,-17.317],[-56.408,-17.316],[-56.402,-17.306],[-56.388,-17.302],[-56.383,-17.288],[-56.36,-17.28],[-56.362,-17.271],[-56.356,-17.267],[-56.342,-17.273],[-56.343,-17.276],[-56.35,-17.274],[-56.351,-17.277],[-56.335,-17.29],[-56.334,-17.282],[-56.323,-17.285],[-56.323,-17.276],[-56.313,-17.269],[-56.306,-17.273],[-56.297,-17.276],[-56.294,-17.271],[-56.286,-17.27],[-56.28,-17.259],[-56.287,-17.249],[-56.283,-17.246],[-56.268,-17.248],[-56.272,-17.243],[-56.269,-17.239],[-56.256,-17.243],[-56.262,-17.231],[-56.259,-17.229],[-56.252,-17.234],[-56.254,-17.222],[-56.251,-17.219],[-56.237,-17.222],[-56.233,-17.227],[-56.22,-17.228],[-56.222,-17.219],[-56.208,-17.227],[-56.213,-17.21],[-56.205,-17.214],[-56.198,-17.206],[-56.189,-17.21],[-56.185,-17.189],[-56.177,-17.196],[-56.17,-17.188],[-56.163,-17.194],[-56.152,-17.185],[-56.145,-17.184],[-56.139,-17.191],[-56.136,-17.189],[-56.14,-17.179],[-56.133,-17.18],[-56.125,-17.174],[-56.12,-17.175],[-56.113,-17.166],[-56.102,-17.174]],[[-57.642,-19.178],[-57.613,-19.187],[-57.596,-19.186],[-57.582,-19.19],[-57.527,-19.193],[-57.511,-19.197],[-57.503,-19.19],[-57.502,-19.181],[-57.506,-19.168],[-57.502,-19.124],[-57.492,-19.096],[-57.478,-19.081],[-57.47,-19.071],[-57.468,-19.049],[-57.465,-19.04],[-57.467,-19.025],[-57.483,-19.02],[-57.509,-19.019],[-57.526,-19.01],[-57.55,-19.017],[-57.579,-19.003],[-57.603,-19.0],[-57.612,-19.0],[-57.613,-19.0],[-57.624,-19.023],[-57.632,-19.03],[-57.64,-19.06],[-57.64,-19.066],[-57.647,-19.085],[-57.663,-19.09],[-57.66,-19.107],[-57.674,-19.124],[-57.677,-19.136],[-57.674,-19.148],[-57.67,-19.167],[-57.66,-19.172],[-57.642,-19.178]]]}},{"type":"Feature","properties":{"id":"5003256","nome":"Costa Rica"},"geometry":{"type":"Polygon","coordinates":[[[-53.217,-18.013],[-53.205,-18.021],[-53.198,-18.02],[-53.19,-18.036],[-53.176,-18.041],[-53.173,-18.041],[-53.155,-18.04],[-53.15,-18.039],[-53.072,-18.034],[-53.075,-18.05],[-53.089,-18.056],[-53.123,-18.058],[-53.139,-18.072],[-53.143,-18.081],[-53.136,-18.118],[-53.129,-18.138],[-53.129,-18.16],[-53.11,-18.219],[-53.11,-18.248],[-53.102,-18.272],[-53.101,-18.31],[-53.069,-18.342],[-53.044,-18.343],[-53.027,-18.351],[-53.02,-18.346],[-53.013,-18.326],[-52.976,-18.303],[-52.954,-18.296],[-52.935,-18.296],[-52.873,-18.314],[-52.82,-18.31],[-52.805,-18.313],[-52.787,-18.32],[-52.763,-18.342],[-52.761,-18.344],[-52.759,-18.35],[-52.761,-18.371],[-52.786,-18.39],[-52.798,-18.414],[-52.838,-18.423],[-52.851,-18.422],[-52.873,-18.426],[-52.879,-18.442],[-52.88,-18.465],[-52.899,-18.476],[-52.91,-18.491],[-52.915,-18.508],[-52.945,-18.519],[-52.962,-18.54],[-52.964,-18.55],[-52.953,-18.562],[-52.951,-18.576],[-52.941,-18.585],[-52.934,-18.599],[-52.939,-18.613],[-52.921,-18.613],[-52.925,-18.621],[-52.952,-18.639],[-52.961,-18.65],[-52.963,-18.649],[-52.972,-18.653],[-52.991,-18.668],[-53.018,-18.671],[-53.023,-18.698],[-53.028,-18.709],[-53.043,-18.722],[-53.042,-18.73],[-53.038,-18.743],[-53.044,-18.762],[-53.049,-18.764],[-53.044,-18.776],[-53.046,-18.784],[-53.053,-18.792],[-53.046,-18.798],[-53.062,-18.809],[-53.062,-18.817],[-53.081,-18.835],[-53.092,-18.857],[-53.088,-18.857],[-53.088,-18.863],[-53.079,-18.871],[-53.07,-18.888],[-53.067,-18.885],[-53.061,-18.891],[-53.059,-18.898],[-53.051,-18.902],[-53.05,-18.908],[-53.038,-18.918],[-53.034,-18.928],[-53.037,-18.929],[-53.03,-18.933],[-53.022,-18.949],[-53.027,-18.953],[-53.02,-18.955],[-53.021,-18.958],[-53.013,-18.961],[-53.015,-18.97],[-53.011,-18.969],[-53.013,-18.976],[-53.01,-18.976],[-53.012,-18.979],[-53.008,-18.977],[-53.009,-18.981],[-53.007,-18.993],[-53.013,-18.998],[-53.006,-19.002],[-53.009,-19.007],[-53.003,-19.022],[-53.002,-19.025],[-52.999,-19.023],[-52.997,-19.033],[-53.001,-19.044],[-52.989,-19.048],[-52.997,-19.058],[-52.99,-19.065],[-52.993,-19.075],[-52.986,-19.081],[-52.986,-19.089],[-52.982,-19.091],[-52.986,-19.095],[-52.986,-19.099],[-52.974,-19.104],[-52.972,-19.113],[-52.976,-19.126],[-52.968,-19.131],[-52.968,-19.141],[-52.96,-19.142],[-52.951,-19.147],[-52.939,-19.148],[-52.943,-19.16],[-52.938,-19.16],[-52.938,-19.164],[-52.935,-19.165],[-52.94,-19.178],[-52.934,-19.177],[-52.931,-19.18],[-52.931,-19.185],[-52.935,-19.183],[-52.932,-19.192],[-52.934,-19.195],[-52.929,-19.195],[-52.924,-19.204],[-52.925,-19.212],[-52.933,-19.212],[-52.94,-19.217],[-52.954,-19.212],[-52.987,-19.211],[-53.031,-19.19],[-53.08,-19.186],[-53.166,-19.176],[-53.226,-19.203],[-53.233,-19.193],[-53.271,-19.14],[-53.292,-19.133],[-53.309,-19.131],[-53.322,-19.134],[-53.34,-19.147],[-53.349,-19.144],[-53.362,-19.153],[-53.379,-19.152],[-53.394,-19.163],[-53.416,-19.165],[-53.429,-19.161],[-53.43,-19.151],[-53.424,-19.138],[-53.422,-19.114],[-53.412,-19.104],[-53.405,-19.101],[-53.397,-19.082],[-53.357,-19.063],[-53.345,-19.053],[-53.314,-19.046],[-53.32,-19.023],[-53.324,-19.021],[-53.341,-19.026],[-53.355,-19.035],[-53.402,-19.031],[-53.398,-19.02],[-53.402,-19.005],[-53.387,-18.99],[-53.383,-18.943],[-53.403,-18.938],[-53.416,-18.914],[-53.433,-18.897],[-53.438,-18.894],[-53.455,-18.897],[-53.458,-18.873],[-53.484,-18.86],[-53.49,-18.849],[-53.489,-18.838],[-53.347,-18.774],[-53.362,-18.759],[-53.365,-18.748],[-53.377,-18.741],[-53.382,-18.722],[-53.373,-18.706],[-53.375,-18.704],[-53.375,-18.697],[-53.369,-18.695],[-53.373,-18.691],[-53.373,-18.68],[-53.397,-18.667],[-53.409,-18.655],[-53.433,-18.654],[-53.435,-18.63],[-53.457,-18.629],[-53.469,-18.618],[-53.463,-18.601],[-53.47,-18.597],[-53.474,-18.585],[-53.472,-18.577],[-53.482,-18.563],[-53.499,-18.522],[-53.507,-18.516],[-53.517,-18.514],[-53.555,-18.473],[-53.561,-18.468],[-53.559,-18.456],[-53.561,-18.451],[-53.58,-18.437],[-53.559,-18.435],[-53.546,-18.419],[-53.526,-18.417],[-53.521,-18.408],[-53.506,-18.408],[-53.497,-18.401],[-53.49,-18.405],[-53.486,-18.413],[-53.482,-18.409],[-53.461,-18.403],[-53.452,-18.391],[-53.436,-18.383],[-53.449,-18.352],[-53.43,-18.336],[-53.431,-18.328],[-53.446,-18.31],[-53.45,-18.289],[-53.461,-18.279],[-53.455,-18.269],[-53.446,-18.266],[-53.443,-18.258],[-53.434,-18.252],[-53.4,-18.24],[-53.392,-18.24],[-53.363,-18.256],[-53.352,-18.254],[-53.347,-18.257],[-53.33,-18.239],[-53.332,-18.234],[-53.339,-18.233],[-53.346,-18.224],[-53.355,-18.221],[-53.379,-18.203],[-53.372,-18.199],[-53.363,-18.2],[-53.356,-18.194],[-53.329,-18.208],[-53.313,-18.209],[-53.294,-18.197],[-53.287,-18.184],[-53.278,-18.18],[-53.265,-18.164],[-53.248,-18.16],[-53.234,-18.138],[-53.222,-18.131],[-53.22,-18.121],[-53.227,-18.077],[-53.225,-18.067],[-53.236,-18.051],[-53.237,-18.007],[-53.217,-18.013]]]}},{"type":"Feature","properties":{"id":"5003306","nome":"Coxim"},"geometry":{"type":"Polygon","coordinates":[[[-55.152,-17.746],[-55.152,-17.755],[-55.146,-17.751],[-55.134,-17.756],[-55.132,-17.76],[-55.134,-17.766],[-55.131,-17.771],[-55.136,-17.775],[-55.131,-17.783],[-55.135,-17.8],[-55.127,-17.812],[-55.126,-17.829],[-55.119,-17.828],[-55.116,-17.831],[-55.11,-17.829],[-55.102,-17.836],[-55.099,-17.846],[-55.092,-17.848],[-55.089,-17.846],[-55.083,-17.85],[-55.087,-17.854],[-55.084,-17.862],[-55.077,-17.861],[-55.072,-17.871],[-55.062,-17.877],[-55.042,-17.876],[-55.037,-17.888],[-55.018,-17.887],[-55.02,-17.884],[-55.012,-17.879],[-54.998,-17.883],[-54.988,-17.882],[-54.983,-17.888],[-54.974,-17.89],[-54.971,-17.896],[-54.965,-17.893],[-54.958,-17.904],[-54.942,-17.915],[-54.945,-17.925],[-54.936,-17.938],[-54.937,-17.948],[-54.934,-17.947],[-54.922,-17.96],[-54.912,-17.965],[-54.912,-17.969],[-54.905,-17.973],[-54.905,-17.978],[-54.897,-17.977],[-54.884,-17.989],[-54.877,-17.99],[-54.875,-17.995],[-54.863,-17.999],[-54.863,-18.005],[-54.856,-18.005],[-54.854,-17.999],[-54.846,-18.005],[-54.838,-18.005],[-54.836,-17.995],[-54.831,-17.994],[-54.824,-17.998],[-54.818,-17.993],[-54.805,-17.994],[-54.803,-17.989],[-54.8,-17.982],[-54.772,-17.981],[-54.766,-17.979],[-54.767,-17.975],[-54.751,-17.972],[-54.741,-17.959],[-54.738,-17.936],[-54.717,-17.924],[-54.709,-17.919],[-54.696,-17.921],[-54.687,-17.913],[-54.687,-17.914],[-54.671,-17.971],[-54.672,-17.978],[-54.675,-18.004],[-54.683,-18.021],[-54.697,-18.131],[-54.668,-18.157],[-54.658,-18.174],[-54.623,-18.174],[-54.611,-18.175],[-54.598,-18.188],[-54.601,-18.209],[-54.595,-18.216],[-54.602,-18.253],[-54.599,-18.267],[-54.591,-18.276],[-54.582,-18.245],[-54.569,-18.236],[-54.549,-18.208],[-54.533,-18.199],[-54.526,-18.189],[-54.503,-18.188],[-54.483,-18.176],[-54.475,-18.167],[-54.471,-18.167],[-54.47,-18.162],[-54.454,-18.15],[-54.44,-18.151],[-54.432,-18.135],[-54.422,-18.134],[-54.42,-18.129],[-54.409,-18.132],[-54.401,-18.125],[-54.396,-18.125],[-54.394,-18.132],[-54.396,-18.139],[-54.386,-18.146],[-54.36,-18.138],[-54.347,-18.139],[-54.338,-18.131],[-54.33,-18.134],[-54.306,-18.135],[-54.303,-18.125],[-54.29,-18.124],[-54.284,-18.117],[-54.279,-18.12],[-54.279,-18.13],[-54.275,-18.13],[-54.269,-18.11],[-54.257,-18.108],[-54.249,-18.111],[-54.248,-18.102],[-54.231,-18.092],[-54.223,-18.093],[-54.214,-18.095],[-54.204,-18.092],[-54.193,-18.094],[-54.185,-18.101],[-54.185,-18.105],[-54.175,-18.112],[-54.175,-18.123],[-54.162,-18.13],[-54.142,-18.157],[-54.139,-18.172],[-54.142,-18.208],[-54.137,-18.217],[-54.14,-18.251],[-54.136,-18.258],[-54.134,-18.273],[-54.13,-18.279],[-54.145,-18.306],[-54.164,-18.318],[-54.177,-18.332],[-54.204,-18.35],[-54.173,-18.346],[-54.169,-18.34],[-54.14,-18.331],[-54.128,-18.333],[-54.112,-18.352],[-54.091,-18.355],[-54.087,-18.366],[-54.09,-18.389],[-54.086,-18.401],[-54.091,-18.415],[-54.078,-18.448],[-54.084,-18.468],[-54.081,-18.473],[-54.076,-18.495],[-54.08,-18.515],[-54.102,-18.511],[-54.111,-18.514],[-54.111,-18.518],[-54.12,-18.529],[-54.132,-18.534],[-54.157,-18.533],[-54.164,-18.553],[-54.161,-18.557],[-54.169,-18.562],[-54.173,-18.576],[-54.181,-18.581],[-54.191,-18.58],[-54.208,-18.581],[-54.215,-18.577],[-54.227,-18.576],[-54.239,-18.584],[-54.259,-18.581],[-54.264,-18.583],[-54.271,-18.578],[-54.278,-18.579],[-54.279,-18.569],[-54.288,-18.565],[-54.289,-18.557],[-54.294,-18.558],[-54.297,-18.564],[-54.304,-18.561],[-54.316,-18.567],[-54.322,-18.573],[-54.321,-18.58],[-54.326,-18.587],[-54.335,-18.591],[-54.336,-18.594],[-54.329,-18.596],[-54.328,-18.603],[-54.339,-18.608],[-54.339,-18.615],[-54.346,-18.618],[-54.342,-18.629],[-54.355,-18.633],[-54.347,-18.638],[-54.355,-18.642],[-54.357,-18.649],[-54.357,-18.651],[-54.356,-18.658],[-54.366,-18.661],[-54.371,-18.666],[-54.372,-18.673],[-54.383,-18.68],[-54.381,-18.693],[-54.386,-18.694],[-54.392,-18.702],[-54.399,-18.708],[-54.409,-18.705],[-54.417,-18.712],[-54.424,-18.71],[-54.435,-18.723],[-54.444,-18.729],[-54.456,-18.721],[-54.462,-18.726],[-54.472,-18.729],[-54.49,-18.723],[-54.534,-18.723],[-54.558,-18.712],[-54.574,-18.711],[-54.586,-18.695],[-54.613,-18.67],[-54.614,-18.652],[-54.625,-18.643],[-54.622,-18.627],[-54.632,-18.623],[-54.638,-18.619],[-54.65,-18.62],[-54.659,-18.612],[-54.674,-18.61],[-54.681,-18.601],[-54.692,-18.602],[-54.692,-18.594],[-54.699,-18.597],[-54.704,-18.592],[-54.725,-18.589],[-54.731,-18.578],[-54.73,-18.57],[-54.743,-18.558],[-54.746,-18.548],[-54.74,-18.528],[-54.764,-18.573],[-54.756,-18.519],[-54.757,-18.512],[-54.763,-18.506],[-54.761,-18.492],[-54.762,-18.487],[-54.784,-18.472],[-54.787,-18.468],[-54.801,-18.466],[-54.808,-18.446],[-54.827,-18.444],[-54.835,-18.432],[-54.849,-18.421],[-54.852,-18.424],[-54.843,-18.43],[-54.843,-18.435],[-54.847,-18.436],[-54.861,-18.428],[-54.866,-18.432],[-54.863,-18.437],[-54.872,-18.439],[-54.879,-18.431],[-54.882,-18.444],[-54.892,-18.451],[-54.912,-18.435],[-54.922,-18.443],[-54.928,-18.443],[-54.956,-18.424],[-54.96,-18.412],[-54.965,-18.413],[-54.97,-18.42],[-54.974,-18.418],[-54.973,-18.397],[-54.978,-18.391],[-54.989,-18.391],[-54.996,-18.385],[-54.996,-18.38],[-54.986,-18.373],[-55.008,-18.36],[-55.008,-18.354],[-55.0,-18.352],[-55.003,-18.349],[-55.014,-18.344],[-55.031,-18.35],[-55.033,-18.331],[-55.041,-18.336],[-55.048,-18.335],[-55.048,-18.327],[-55.042,-18.321],[-55.043,-18.317],[-55.057,-18.319],[-55.055,-18.307],[-55.048,-18.293],[-55.036,-18.29],[-55.066,-18.286],[-55.07,-18.268],[-55.077,-18.281],[-55.091,-18.279],[-55.101,-18.267],[-55.112,-18.246],[-55.119,-18.242],[-55.142,-18.239],[-55.152,-18.222],[-55.157,-18.225],[-55.16,-18.233],[-55.165,-18.234],[-55.171,-18.226],[-55.174,-18.236],[-55.179,-18.238],[-55.2,-18.222],[-55.206,-18.225],[-55.207,-18.235],[-55.211,-18.238],[-55.226,-18.232],[-55.231,-18.224],[-55.234,-18.246],[-55.24,-18.252],[-55.245,-18.251],[-55.252,-18.243],[-55.249,-18.226],[-55.278,-18.257],[-55.288,-18.255],[-55.292,-18.25],[-55.293,-18.243],[-55.3,-18.251],[-55.306,-18.249],[-55.306,-18.248],[-55.202,-17.876],[-55.139,-17.647],[-55.137,-17.65],[-55.143,-17.667],[-55.141,-17.677],[-55.144,-17.679],[-55.143,-17.687],[-55.146,-17.69],[-55.145,-17.697],[-55.152,-17.701],[-55.153,-17.705],[-55.149,-17.71],[-55.154,-17.724],[-55.152,-17.732],[-55.16,-17.741],[-55.152,-17.746]]]}},{"type":"Feature","properties":{"id":"5003454","nome":"Deod\u00e1polis"},"geometry":{"type":"Polygon","coordinates":[[[-54.171,-21.935],[-54.168,-21.941],[-54.151,-21.938],[-54.14,-21.946],[-54.125,-21.946],[-54.093,-21.983],[-54.091,-22.011],[-54.085,-22.03],[-54.09,-22.07],[-54.087,-22.082],[-54.082,-22.085],[-53.993,-22.117],[-53.999,-22.133],[-53.999,-22.152],[-53.992,-22.155],[-54.014,-22.166],[-54.021,-22.183],[-54.049,-22.24],[-54.083,-22.309],[-54.093,-22.328],[-54.108,-22.342],[-54.114,-22.356],[-54.19,-22.327],[-54.223,-22.314],[-54.28,-22.292],[-54.261,-22.251],[-54.302,-22.236],[-54.307,-22.23],[-54.301,-22.223],[-54.279,-22.218],[-54.281,-22.212],[-54.289,-22.212],[-54.275,-22.197],[-54.269,-22.196],[-54.265,-22.187],[-54.264,-22.181],[-54.271,-22.178],[-54.276,-22.18],[-54.278,-22.175],[-54.274,-22.171],[-54.266,-22.172],[-54.26,-22.166],[-54.263,-22.154],[-54.25,-22.157],[-54.244,-22.145],[-54.237,-22.145],[-54.224,-22.136],[-54.226,-22.126],[-54.232,-22.122],[-54.238,-22.123],[-54.238,-22.097],[-54.245,-22.091],[-54.24,-22.09],[-54.241,-22.083],[-54.229,-22.069],[-54.223,-22.05],[-54.215,-22.04],[-54.216,-22.029],[-54.2,-22.018],[-54.201,-22.016],[-54.204,-22.018],[-54.206,-22.004],[-54.22,-21.995],[-54.22,-21.978],[-54.226,-21.977],[-54.231,-21.971],[-54.233,-21.96],[-54.227,-21.956],[-54.231,-21.953],[-54.214,-21.95],[-54.215,-21.941],[-54.213,-21.934],[-54.207,-21.931],[-54.203,-21.938],[-54.199,-21.938],[-54.189,-21.923],[-54.171,-21.935]]]}},{"type":"Feature","properties":{"id":"5003488","nome":"Dois Irm\u00e3os do Buriti"},"geometry":{"type":"Polygon","coordinates":[[[-55.45,-20.149],[-55.444,-20.153],[-55.437,-20.153],[-55.431,-20.146],[-55.424,-20.148],[-55.417,-20.155],[-55.411,-20.172],[-55.394,-20.178],[-55.338,-20.172],[-55.33,-20.176],[-55.324,-20.173],[-55.3,-20.195],[-55.315,-20.231],[-55.311,-20.257],[-55.315,-20.262],[-55.321,-20.264],[-55.32,-20.326],[-55.346,-20.316],[-55.351,-20.325],[-55.342,-20.336],[-55.342,-20.347],[-55.348,-20.35],[-55.356,-20.347],[-55.358,-20.362],[-55.358,-20.368],[-55.351,-20.376],[-55.356,-20.387],[-55.368,-20.394],[-55.371,-20.403],[-55.387,-20.408],[-55.389,-20.412],[-55.391,-20.433],[-55.383,-20.436],[-55.377,-20.443],[-55.378,-20.447],[-55.36,-20.438],[-55.354,-20.447],[-55.352,-20.446],[-55.35,-20.44],[-55.356,-20.429],[-55.35,-20.428],[-55.348,-20.433],[-55.345,-20.419],[-55.339,-20.417],[-55.336,-20.409],[-55.325,-20.405],[-55.307,-20.413],[-55.31,-20.423],[-55.306,-20.429],[-55.287,-20.442],[-55.284,-20.448],[-55.272,-20.45],[-55.275,-20.451],[-55.272,-20.455],[-55.274,-20.474],[-55.271,-20.478],[-55.266,-20.476],[-55.261,-20.484],[-55.257,-20.478],[-55.254,-20.48],[-55.251,-20.488],[-55.256,-20.503],[-55.253,-20.507],[-55.25,-20.505],[-55.247,-20.515],[-55.236,-20.518],[-55.24,-20.526],[-55.233,-20.536],[-55.229,-20.534],[-55.215,-20.544],[-55.213,-20.566],[-55.206,-20.569],[-55.205,-20.584],[-55.207,-20.587],[-55.209,-20.588],[-55.209,-20.59],[-55.21,-20.594],[-55.209,-20.596],[-55.208,-20.596],[-55.206,-20.598],[-55.205,-20.599],[-55.203,-20.598],[-55.201,-20.599],[-55.201,-20.601],[-55.202,-20.605],[-55.201,-20.606],[-55.2,-20.607],[-55.2,-20.609],[-55.203,-20.612],[-55.204,-20.614],[-55.204,-20.616],[-55.205,-20.617],[-55.207,-20.617],[-55.209,-20.616],[-55.21,-20.618],[-55.211,-20.62],[-55.211,-20.622],[-55.211,-20.624],[-55.212,-20.625],[-55.212,-20.627],[-55.21,-20.628],[-55.209,-20.629],[-55.209,-20.631],[-55.21,-20.633],[-55.21,-20.635],[-55.211,-20.637],[-55.212,-20.638],[-55.214,-20.639],[-55.214,-20.64],[-55.213,-20.644],[-55.214,-20.646],[-55.215,-20.648],[-55.215,-20.649],[-55.216,-20.651],[-55.216,-20.653],[-55.214,-20.654],[-55.213,-20.655],[-55.211,-20.657],[-55.211,-20.659],[-55.212,-20.66],[-55.211,-20.662],[-55.212,-20.664],[-55.212,-20.666],[-55.21,-20.666],[-55.21,-20.668],[-55.211,-20.669],[-55.212,-20.67],[-55.213,-20.671],[-55.214,-20.673],[-55.215,-20.676],[-55.216,-20.678],[-55.217,-20.679],[-55.219,-20.678],[-55.22,-20.679],[-55.22,-20.684],[-55.22,-20.686],[-55.221,-20.688],[-55.221,-20.689],[-55.219,-20.69],[-55.217,-20.69],[-55.217,-20.692],[-55.216,-20.694],[-55.212,-20.694],[-55.21,-20.695],[-55.208,-20.696],[-55.208,-20.698],[-55.207,-20.7],[-55.207,-20.702],[-55.206,-20.703],[-55.205,-20.705],[-55.203,-20.706],[-55.203,-20.708],[-55.203,-20.71],[-55.203,-20.711],[-55.203,-20.713],[-55.204,-20.715],[-55.204,-20.717],[-55.204,-20.718],[-55.204,-20.72],[-55.203,-20.722],[-55.202,-20.723],[-55.2,-20.724],[-55.199,-20.725],[-55.197,-20.726],[-55.196,-20.727],[-55.194,-20.728],[-55.192,-20.727],[-55.19,-20.727],[-55.188,-20.731],[-55.187,-20.732],[-55.185,-20.735],[-55.184,-20.736],[-55.182,-20.736],[-55.18,-20.735],[-55.178,-20.734],[-55.177,-20.735],[-55.176,-20.737],[-55.175,-20.741],[-55.174,-20.742],[-55.172,-20.743],[-55.171,-20.745],[-55.17,-20.751],[-55.168,-20.752],[-55.167,-20.754],[-55.166,-20.756],[-55.166,-20.758],[-55.168,-20.762],[-55.169,-20.764],[-55.169,-20.766],[-55.168,-20.767],[-55.166,-20.767],[-55.165,-20.767],[-55.164,-20.768],[-55.164,-20.77],[-55.164,-20.772],[-55.163,-20.773],[-55.16,-20.772],[-55.159,-20.774],[-55.159,-20.776],[-55.157,-20.781],[-55.157,-20.783],[-55.156,-20.785],[-55.156,-20.787],[-55.155,-20.789],[-55.155,-20.791],[-55.155,-20.793],[-55.154,-20.794],[-55.152,-20.796],[-55.151,-20.799],[-55.151,-20.801],[-55.152,-20.805],[-55.153,-20.807],[-55.153,-20.808],[-55.154,-20.81],[-55.152,-20.811],[-55.152,-20.813],[-55.153,-20.815],[-55.153,-20.816],[-55.154,-20.818],[-55.154,-20.82],[-55.154,-20.821],[-55.154,-20.823],[-55.155,-20.825],[-55.156,-20.827],[-55.155,-20.829],[-55.156,-20.831],[-55.158,-20.832],[-55.159,-20.833],[-55.163,-20.833],[-55.164,-20.833],[-55.166,-20.833],[-55.167,-20.836],[-55.168,-20.838],[-55.168,-20.839],[-55.169,-20.84],[-55.17,-20.842],[-55.171,-20.844],[-55.17,-20.845],[-55.168,-20.847],[-55.168,-20.849],[-55.168,-20.851],[-55.167,-20.853],[-55.166,-20.854],[-55.166,-20.856],[-55.165,-20.857],[-55.165,-20.859],[-55.165,-20.86],[-55.166,-20.862],[-55.169,-20.862],[-55.169,-20.863],[-55.192,-20.88],[-55.192,-20.881],[-55.194,-20.884],[-55.202,-20.895],[-55.202,-20.913],[-55.197,-20.927],[-55.202,-20.944],[-55.199,-20.957],[-55.202,-20.964],[-55.183,-20.99],[-55.189,-20.997],[-55.203,-21.001],[-55.211,-21.01],[-55.208,-21.033],[-55.242,-21.006],[-55.257,-20.999],[-55.272,-21.006],[-55.277,-21.006],[-55.293,-21.021],[-55.303,-21.039],[-55.31,-21.042],[-55.346,-21.006],[-55.34,-20.987],[-55.357,-20.966],[-55.363,-20.965],[-55.371,-20.958],[-55.369,-20.948],[-55.373,-20.943],[-55.372,-20.937],[-55.367,-20.931],[-55.381,-20.927],[-55.382,-20.93],[-55.39,-20.925],[-55.393,-20.915],[-55.4,-20.912],[-55.395,-20.897],[-55.402,-20.881],[-55.408,-20.868],[-55.411,-20.869],[-55.418,-20.862],[-55.413,-20.846],[-55.419,-20.838],[-55.438,-20.837],[-55.444,-20.827],[-55.45,-20.825],[-55.45,-20.808],[-55.46,-20.801],[-55.465,-20.791],[-55.465,-20.781],[-55.472,-20.777],[-55.471,-20.769],[-55.477,-20.767],[-55.503,-20.751],[-55.515,-20.74],[-55.522,-20.74],[-55.523,-20.737],[-55.526,-20.738],[-55.53,-20.728],[-55.524,-20.72],[-55.523,-20.709],[-55.528,-20.699],[-55.531,-20.703],[-55.534,-20.694],[-55.54,-20.695],[-55.543,-20.685],[-55.548,-20.687],[-55.551,-20.684],[-55.55,-20.67],[-55.557,-20.666],[-55.562,-20.656],[-55.556,-20.652],[-55.556,-20.641],[-55.574,-20.631],[-55.575,-20.623],[-55.58,-20.624],[-55.585,-20.606],[-55.578,-20.553],[-55.567,-20.545],[-55.58,-20.538],[-55.578,-20.532],[-55.575,-20.519],[-55.586,-20.507],[-55.58,-20.499],[-55.565,-20.493],[-55.566,-20.506],[-55.553,-20.507],[-55.542,-20.489],[-55.532,-20.482],[-55.529,-20.476],[-55.524,-20.469],[-55.504,-20.454],[-55.484,-20.467],[-55.481,-20.466],[-55.48,-20.457],[-55.466,-20.476],[-55.46,-20.458],[-55.451,-20.45],[-55.459,-20.441],[-55.451,-20.438],[-55.448,-20.429],[-55.451,-20.426],[-55.445,-20.412],[-55.446,-20.386],[-55.457,-20.365],[-55.455,-20.359],[-55.46,-20.354],[-55.456,-20.347],[-55.46,-20.344],[-55.458,-20.334],[-55.453,-20.33],[-55.458,-20.323],[-55.452,-20.308],[-55.458,-20.305],[-55.459,-20.301],[-55.462,-20.304],[-55.47,-20.306],[-55.475,-20.3],[-55.486,-20.302],[-55.492,-20.293],[-55.505,-20.287],[-55.517,-20.279],[-55.516,-20.251],[-55.521,-20.242],[-55.511,-20.234],[-55.507,-20.221],[-55.517,-20.215],[-55.513,-20.19],[-55.499,-20.181],[-55.475,-20.149],[-55.471,-20.15],[-55.451,-20.14],[-55.446,-20.142],[-55.45,-20.149]]]}},{"type":"Feature","properties":{"id":"5003504","nome":"Douradina"},"geometry":{"type":"Polygon","coordinates":[[[-54.548,-21.901],[-54.545,-21.913],[-54.533,-21.911],[-54.524,-21.919],[-54.52,-21.936],[-54.517,-21.934],[-54.515,-21.938],[-54.508,-21.939],[-54.506,-21.934],[-54.501,-21.933],[-54.498,-21.942],[-54.501,-21.949],[-54.513,-22.016],[-54.524,-22.025],[-54.535,-22.051],[-54.542,-22.056],[-54.546,-22.079],[-54.547,-22.089],[-54.555,-22.103],[-54.585,-22.124],[-54.592,-22.117],[-54.596,-22.119],[-54.624,-22.092],[-54.638,-22.101],[-54.649,-22.099],[-54.656,-22.093],[-54.679,-22.095],[-54.682,-22.067],[-54.674,-22.059],[-54.662,-22.042],[-54.662,-22.017],[-54.661,-22.015],[-54.651,-21.995],[-54.643,-21.974],[-54.626,-21.943],[-54.627,-21.924],[-54.617,-21.929],[-54.611,-21.927],[-54.607,-21.922],[-54.589,-21.922],[-54.587,-21.929],[-54.582,-21.929],[-54.574,-21.918],[-54.565,-21.922],[-54.559,-21.918],[-54.556,-21.902],[-54.548,-21.901]]]}},{"type":"Feature","properties":{"id":"5003702","nome":"Dourados"},"geometry":{"type":"Polygon","coordinates":[[[-55.364,-21.88],[-55.343,-21.895],[-55.316,-21.896],[-55.302,-21.904],[-55.293,-21.903],[-55.292,-21.903],[-55.288,-21.911],[-55.241,-21.924],[-55.222,-21.924],[-55.177,-21.912],[-55.158,-21.921],[-55.144,-21.917],[-55.129,-21.915],[-55.103,-21.904],[-55.096,-21.904],[-55.089,-21.908],[-55.042,-21.894],[-55.034,-21.899],[-55.016,-21.886],[-55.01,-21.887],[-55.006,-21.892],[-55.006,-21.899],[-55.021,-21.918],[-55.008,-21.937],[-55.015,-21.942],[-55.022,-21.963],[-55.029,-21.963],[-55.038,-21.971],[-55.063,-21.974],[-55.079,-21.982],[-55.1,-22.007],[-55.105,-22.034],[-55.085,-22.074],[-55.087,-22.094],[-55.093,-22.11],[-55.091,-22.111],[-54.958,-22.158],[-54.873,-22.189],[-54.863,-22.184],[-54.86,-22.182],[-54.814,-22.159],[-54.813,-22.159],[-54.803,-22.154],[-54.768,-22.136],[-54.757,-22.126],[-54.746,-22.114],[-54.721,-22.099],[-54.706,-22.097],[-54.699,-22.088],[-54.694,-22.072],[-54.682,-22.067],[-54.679,-22.095],[-54.656,-22.093],[-54.649,-22.099],[-54.638,-22.101],[-54.624,-22.092],[-54.596,-22.119],[-54.592,-22.117],[-54.585,-22.124],[-54.555,-22.103],[-54.547,-22.089],[-54.546,-22.079],[-54.542,-22.056],[-54.535,-22.051],[-54.524,-22.025],[-54.513,-22.016],[-54.501,-21.949],[-54.498,-21.942],[-54.501,-21.933],[-54.494,-21.93],[-54.495,-21.906],[-54.484,-21.903],[-54.474,-21.892],[-54.466,-21.89],[-54.462,-21.896],[-54.455,-21.891],[-54.452,-21.899],[-54.445,-21.903],[-54.426,-21.904],[-54.435,-21.912],[-54.435,-21.916],[-54.431,-21.917],[-54.435,-21.925],[-54.422,-21.925],[-54.409,-21.934],[-54.396,-21.925],[-54.39,-21.932],[-54.376,-21.932],[-54.374,-21.934],[-54.377,-21.939],[-54.372,-21.948],[-54.365,-21.933],[-54.36,-21.94],[-54.361,-21.947],[-54.35,-21.948],[-54.337,-21.945],[-54.335,-21.951],[-54.331,-21.948],[-54.325,-21.934],[-54.309,-21.933],[-54.301,-21.94],[-54.299,-21.936],[-54.289,-21.939],[-54.283,-21.932],[-54.279,-21.939],[-54.282,-21.953],[-54.274,-21.966],[-54.266,-21.955],[-54.269,-21.949],[-54.261,-21.95],[-54.261,-21.96],[-54.255,-21.963],[-54.245,-21.954],[-54.242,-21.957],[-54.243,-21.948],[-54.231,-21.953],[-54.227,-21.956],[-54.233,-21.96],[-54.231,-21.971],[-54.226,-21.977],[-54.22,-21.978],[-54.22,-21.995],[-54.206,-22.004],[-54.204,-22.018],[-54.201,-22.016],[-54.2,-22.018],[-54.216,-22.029],[-54.215,-22.04],[-54.223,-22.05],[-54.229,-22.069],[-54.241,-22.083],[-54.24,-22.09],[-54.245,-22.091],[-54.238,-22.097],[-54.238,-22.123],[-54.232,-22.122],[-54.226,-22.126],[-54.224,-22.136],[-54.237,-22.145],[-54.244,-22.145],[-54.25,-22.157],[-54.263,-22.154],[-54.26,-22.166],[-54.266,-22.172],[-54.274,-22.171],[-54.278,-22.175],[-54.276,-22.18],[-54.271,-22.178],[-54.264,-22.181],[-54.265,-22.187],[-54.269,-22.196],[-54.275,-22.197],[-54.289,-22.212],[-54.281,-22.212],[-54.279,-22.218],[-54.301,-22.223],[-54.307,-22.23],[-54.302,-22.236],[-54.308,-22.24],[-54.314,-22.243],[-54.317,-22.255],[-54.326,-22.251],[-54.331,-22.254],[-54.339,-22.251],[-54.339,-22.255],[-54.347,-22.252],[-54.361,-22.258],[-54.364,-22.266],[-54.373,-22.268],[-54.382,-22.272],[-54.382,-22.278],[-54.376,-22.279],[-54.381,-22.281],[-54.381,-22.285],[-54.387,-22.289],[-54.39,-22.299],[-54.4,-22.305],[-54.405,-22.318],[-54.412,-22.324],[-54.424,-22.329],[-54.431,-22.325],[-54.439,-22.327],[-54.437,-22.346],[-54.449,-22.342],[-54.458,-22.331],[-54.462,-22.338],[-54.479,-22.338],[-54.487,-22.342],[-54.488,-22.347],[-54.512,-22.348],[-54.514,-22.35],[-54.518,-22.349],[-54.531,-22.338],[-54.529,-22.319],[-54.547,-22.308],[-54.559,-22.296],[-54.566,-22.294],[-54.606,-22.325],[-54.64,-22.354],[-54.637,-22.365],[-54.631,-22.37],[-54.592,-22.383],[-54.576,-22.395],[-54.575,-22.403],[-54.583,-22.408],[-54.586,-22.404],[-54.591,-22.408],[-54.609,-22.41],[-54.616,-22.414],[-54.62,-22.422],[-54.624,-22.418],[-54.626,-22.427],[-54.633,-22.435],[-54.646,-22.436],[-54.651,-22.427],[-54.661,-22.425],[-54.664,-22.42],[-54.686,-22.422],[-54.695,-22.43],[-54.709,-22.435],[-54.719,-22.434],[-54.721,-22.441],[-54.739,-22.434],[-54.739,-22.427],[-54.736,-22.429],[-54.732,-22.424],[-54.741,-22.42],[-54.744,-22.415],[-54.753,-22.424],[-54.754,-22.431],[-54.77,-22.419],[-54.776,-22.423],[-54.78,-22.423],[-54.777,-22.413],[-54.782,-22.407],[-54.784,-22.399],[-54.792,-22.398],[-54.795,-22.401],[-54.803,-22.397],[-54.807,-22.388],[-54.815,-22.388],[-54.822,-22.398],[-54.827,-22.394],[-54.838,-22.396],[-54.849,-22.388],[-54.854,-22.392],[-54.86,-22.388],[-54.882,-22.384],[-54.891,-22.376],[-54.895,-22.383],[-54.911,-22.392],[-54.911,-22.376],[-54.913,-22.373],[-54.919,-22.377],[-54.928,-22.376],[-54.936,-22.373],[-54.932,-22.368],[-54.936,-22.363],[-54.945,-22.371],[-54.953,-22.37],[-54.961,-22.363],[-54.964,-22.364],[-54.975,-22.363],[-54.981,-22.359],[-54.984,-22.357],[-54.976,-22.35],[-54.978,-22.344],[-54.982,-22.343],[-54.981,-22.34],[-54.997,-22.344],[-55.018,-22.338],[-55.025,-22.321],[-55.033,-22.323],[-55.04,-22.311],[-55.052,-22.308],[-55.052,-22.302],[-55.054,-22.295],[-55.069,-22.285],[-55.072,-22.28],[-55.07,-22.272],[-55.077,-22.264],[-55.083,-22.262],[-55.084,-22.265],[-55.1,-22.259],[-55.102,-22.246],[-55.108,-22.248],[-55.122,-22.243],[-55.123,-22.246],[-55.128,-22.234],[-55.133,-22.235],[-55.142,-22.23],[-55.141,-22.223],[-55.161,-22.224],[-55.167,-22.231],[-55.181,-22.233],[-55.187,-22.244],[-55.194,-22.246],[-55.202,-22.241],[-55.209,-22.242],[-55.205,-22.23],[-55.214,-22.223],[-55.223,-22.223],[-55.227,-22.229],[-55.246,-22.222],[-55.252,-22.227],[-55.256,-22.224],[-55.26,-22.226],[-55.261,-22.218],[-55.268,-22.214],[-55.273,-22.216],[-55.277,-22.201],[-55.286,-22.191],[-55.293,-22.191],[-55.295,-22.196],[-55.31,-22.191],[-55.312,-22.198],[-55.317,-22.199],[-55.322,-22.196],[-55.328,-22.214],[-55.33,-22.213],[-55.333,-22.204],[-55.338,-22.202],[-55.335,-22.197],[-55.338,-22.193],[-55.343,-22.205],[-55.355,-22.202],[-55.363,-22.207],[-55.373,-22.207],[-55.369,-22.195],[-55.372,-22.19],[-55.377,-22.19],[-55.379,-22.184],[-55.383,-22.175],[-55.376,-22.164],[-55.385,-22.16],[-55.389,-22.15],[-55.392,-22.151],[-55.391,-22.146],[-55.405,-22.139],[-55.408,-22.142],[-55.403,-22.151],[-55.409,-22.153],[-55.415,-22.154],[-55.416,-22.149],[-55.422,-22.148],[-55.426,-22.14],[-55.437,-22.147],[-55.447,-22.138],[-55.445,-22.142],[-55.448,-22.147],[-55.454,-22.14],[-55.459,-22.136],[-55.465,-22.124],[-55.476,-22.126],[-55.486,-22.12],[-55.488,-22.122],[-55.495,-22.117],[-55.493,-22.114],[-55.497,-22.096],[-55.495,-22.064],[-55.502,-22.047],[-55.502,-22.038],[-55.498,-22.035],[-55.511,-22.015],[-55.513,-21.998],[-55.52,-21.986],[-55.487,-21.971],[-55.484,-21.963],[-55.478,-21.957],[-55.438,-21.937],[-55.423,-21.903],[-55.411,-21.893],[-55.407,-21.895],[-55.402,-21.889],[-55.395,-21.887],[-55.394,-21.893],[-55.389,-21.893],[-55.379,-21.889],[-55.374,-21.882],[-55.364,-21.88]]]}},{"type":"Feature","properties":{"id":"5003751","nome":"Eldorado"},"geometry":{"type":"Polygon","coordinates":[[[-54.262,-23.565],[-54.252,-23.568],[-54.237,-23.565],[-54.21,-23.573],[-54.191,-23.597],[-54.163,-23.606],[-54.139,-23.625],[-54.12,-23.626],[-54.11,-23.631],[-54.104,-23.64],[-54.086,-23.636],[-54.062,-23.638],[-54.057,-23.643],[-54.055,-23.652],[-54.063,-23.664],[-54.062,-23.669],[-54.06,-23.682],[-54.051,-23.687],[-54.052,-23.725],[-54.075,-23.764],[-54.083,-23.805],[-54.083,-23.806],[-54.086,-23.825],[-54.083,-23.831],[-54.088,-23.844],[-54.083,-23.865],[-54.092,-23.87],[-54.122,-23.911],[-54.132,-23.917],[-54.145,-23.92],[-54.15,-23.922],[-54.161,-23.922],[-54.171,-23.927],[-54.177,-23.928],[-54.181,-23.924],[-54.187,-23.927],[-54.19,-23.924],[-54.186,-23.921],[-54.19,-23.915],[-54.193,-23.915],[-54.194,-23.924],[-54.199,-23.913],[-54.2,-23.92],[-54.211,-23.923],[-54.206,-23.914],[-54.211,-23.915],[-54.214,-23.91],[-54.215,-23.919],[-54.223,-23.91],[-54.228,-23.916],[-54.226,-23.909],[-54.233,-23.909],[-54.235,-23.902],[-54.246,-23.894],[-54.252,-23.895],[-54.265,-23.876],[-54.274,-23.86],[-54.301,-23.846],[-54.301,-23.838],[-54.305,-23.835],[-54.308,-23.84],[-54.315,-23.837],[-54.316,-23.832],[-54.323,-23.839],[-54.335,-23.836],[-54.344,-23.826],[-54.35,-23.828],[-54.36,-23.819],[-54.37,-23.815],[-54.391,-23.813],[-54.417,-23.787],[-54.41,-23.766],[-54.39,-23.74],[-54.381,-23.727],[-54.378,-23.717],[-54.387,-23.704],[-54.364,-23.639],[-54.348,-23.595],[-54.338,-23.582],[-54.332,-23.557],[-54.325,-23.549],[-54.298,-23.56],[-54.272,-23.563],[-54.262,-23.565]]]}},{"type":"Feature","properties":{"id":"5003801","nome":"F\u00e1tima do Sul"},"geometry":{"type":"Polygon","coordinates":[[[-54.261,-22.251],[-54.28,-22.292],[-54.284,-22.302],[-54.302,-22.342],[-54.303,-22.343],[-54.311,-22.362],[-54.321,-22.383],[-54.325,-22.392],[-54.415,-22.356],[-54.432,-22.349],[-54.442,-22.371],[-54.466,-22.362],[-54.499,-22.431],[-54.511,-22.452],[-54.516,-22.447],[-54.517,-22.427],[-54.524,-22.408],[-54.53,-22.412],[-54.547,-22.411],[-54.55,-22.407],[-54.565,-22.411],[-54.575,-22.403],[-54.576,-22.395],[-54.592,-22.383],[-54.631,-22.37],[-54.637,-22.365],[-54.64,-22.354],[-54.606,-22.325],[-54.566,-22.294],[-54.559,-22.296],[-54.547,-22.308],[-54.529,-22.319],[-54.531,-22.338],[-54.518,-22.349],[-54.514,-22.35],[-54.512,-22.348],[-54.488,-22.347],[-54.487,-22.342],[-54.479,-22.338],[-54.462,-22.338],[-54.458,-22.331],[-54.449,-22.342],[-54.437,-22.346],[-54.439,-22.327],[-54.431,-22.325],[-54.424,-22.329],[-54.412,-22.324],[-54.405,-22.318],[-54.4,-22.305],[-54.39,-22.299],[-54.387,-22.289],[-54.381,-22.285],[-54.381,-22.281],[-54.376,-22.279],[-54.382,-22.278],[-54.382,-22.272],[-54.373,-22.268],[-54.364,-22.266],[-54.361,-22.258],[-54.347,-22.252],[-54.339,-22.255],[-54.339,-22.251],[-54.331,-22.254],[-54.326,-22.251],[-54.317,-22.255],[-54.314,-22.243],[-54.308,-22.24],[-54.302,-22.236],[-54.261,-22.251]]]}},{"type":"Feature","properties":{"id":"5003900","nome":"Figueir\u00e3o"},"geometry":{"type":"Polygon","coordinates":[[[-53.58,-18.437],[-53.561,-18.451],[-53.559,-18.456],[-53.561,-18.468],[-53.555,-18.473],[-53.517,-18.514],[-53.507,-18.516],[-53.499,-18.522],[-53.482,-18.563],[-53.472,-18.577],[-53.474,-18.585],[-53.47,-18.597],[-53.463,-18.601],[-53.469,-18.618],[-53.457,-18.629],[-53.435,-18.63],[-53.433,-18.654],[-53.409,-18.655],[-53.397,-18.667],[-53.373,-18.68],[-53.373,-18.691],[-53.369,-18.695],[-53.375,-18.697],[-53.375,-18.704],[-53.373,-18.706],[-53.382,-18.722],[-53.377,-18.741],[-53.365,-18.748],[-53.362,-18.759],[-53.347,-18.774],[-53.489,-18.838],[-53.49,-18.849],[-53.493,-18.895],[-53.501,-18.903],[-53.527,-18.911],[-53.552,-18.929],[-53.562,-18.928],[-53.578,-18.948],[-53.58,-18.958],[-53.588,-18.962],[-53.598,-18.975],[-53.614,-18.973],[-53.638,-18.986],[-53.64,-18.982],[-53.661,-18.987],[-53.674,-18.998],[-53.686,-19.001],[-53.697,-18.999],[-53.705,-18.995],[-53.702,-18.961],[-53.715,-18.977],[-53.725,-18.977],[-53.731,-18.989],[-53.774,-19.009],[-53.791,-19.009],[-53.812,-18.998],[-53.828,-18.996],[-53.859,-19.006],[-53.868,-19.001],[-53.88,-19.004],[-53.896,-19.013],[-53.906,-19.012],[-53.912,-19.006],[-53.925,-19.01],[-53.928,-19.006],[-53.938,-19.004],[-53.938,-19.001],[-53.946,-19.006],[-53.95,-19.003],[-53.958,-19.005],[-53.959,-19.016],[-53.964,-19.014],[-53.969,-19.017],[-53.972,-19.014],[-53.977,-19.02],[-53.974,-19.027],[-53.981,-19.035],[-53.98,-19.045],[-53.984,-19.045],[-53.985,-19.041],[-53.988,-19.043],[-53.981,-19.056],[-53.985,-19.065],[-53.982,-19.075],[-53.991,-19.075],[-54.004,-19.084],[-54.003,-19.087],[-54.011,-19.092],[-54.013,-19.09],[-54.02,-19.099],[-54.026,-19.102],[-54.033,-19.096],[-54.035,-19.1],[-54.044,-19.097],[-54.048,-19.101],[-54.052,-19.099],[-54.057,-19.102],[-54.061,-19.093],[-54.057,-19.09],[-54.064,-19.089],[-54.075,-19.073],[-54.083,-19.066],[-54.1,-19.064],[-54.104,-19.054],[-54.11,-19.056],[-54.113,-19.052],[-54.114,-19.04],[-54.123,-19.033],[-54.125,-19.018],[-54.16,-19.015],[-54.171,-19.024],[-54.185,-19.02],[-54.193,-18.994],[-54.191,-18.973],[-54.2,-18.956],[-54.194,-18.94],[-54.204,-18.922],[-54.209,-18.891],[-54.218,-18.878],[-54.241,-18.86],[-54.259,-18.834],[-54.26,-18.796],[-54.26,-18.791],[-54.267,-18.788],[-54.278,-18.774],[-54.281,-18.757],[-54.29,-18.752],[-54.297,-18.739],[-54.326,-18.733],[-54.333,-18.72],[-54.341,-18.717],[-54.367,-18.718],[-54.373,-18.711],[-54.392,-18.702],[-54.386,-18.694],[-54.381,-18.693],[-54.383,-18.68],[-54.372,-18.673],[-54.371,-18.666],[-54.366,-18.661],[-54.356,-18.658],[-54.357,-18.651],[-54.357,-18.649],[-54.355,-18.642],[-54.347,-18.638],[-54.355,-18.633],[-54.342,-18.629],[-54.346,-18.618],[-54.339,-18.615],[-54.339,-18.608],[-54.328,-18.603],[-54.329,-18.596],[-54.336,-18.594],[-54.335,-18.591],[-54.326,-18.587],[-54.321,-18.58],[-54.322,-18.573],[-54.316,-18.567],[-54.304,-18.561],[-54.297,-18.564],[-54.294,-18.558],[-54.289,-18.557],[-54.288,-18.565],[-54.279,-18.569],[-54.278,-18.579],[-54.271,-18.578],[-54.264,-18.583],[-54.259,-18.581],[-54.239,-18.584],[-54.227,-18.576],[-54.215,-18.577],[-54.208,-18.581],[-54.191,-18.58],[-54.181,-18.581],[-54.173,-18.576],[-54.169,-18.562],[-54.161,-18.557],[-54.164,-18.553],[-54.157,-18.533],[-54.132,-18.534],[-54.12,-18.529],[-54.111,-18.518],[-54.111,-18.514],[-54.102,-18.511],[-54.08,-18.515],[-54.069,-18.514],[-54.066,-18.505],[-54.057,-18.5],[-54.057,-18.489],[-54.049,-18.489],[-54.044,-18.5],[-54.009,-18.525],[-53.999,-18.539],[-53.993,-18.536],[-53.981,-18.542],[-53.967,-18.53],[-53.968,-18.526],[-53.961,-18.526],[-53.958,-18.522],[-53.941,-18.524],[-53.93,-18.522],[-53.921,-18.53],[-53.914,-18.523],[-53.914,-18.519],[-53.906,-18.514],[-53.907,-18.511],[-53.902,-18.511],[-53.899,-18.502],[-53.88,-18.505],[-53.878,-18.502],[-53.882,-18.491],[-53.875,-18.488],[-53.871,-18.48],[-53.864,-18.485],[-53.867,-18.479],[-53.859,-18.473],[-53.852,-18.468],[-53.851,-18.461],[-53.838,-18.461],[-53.834,-18.461],[-53.833,-18.467],[-53.822,-18.473],[-53.813,-18.479],[-53.815,-18.473],[-53.81,-18.468],[-53.806,-18.473],[-53.793,-18.474],[-53.797,-18.484],[-53.789,-18.483],[-53.789,-18.481],[-53.782,-18.485],[-53.778,-18.482],[-53.778,-18.477],[-53.773,-18.475],[-53.774,-18.473],[-53.777,-18.473],[-53.779,-18.467],[-53.776,-18.465],[-53.773,-18.464],[-53.768,-18.467],[-53.761,-18.454],[-53.751,-18.455],[-53.75,-18.449],[-53.747,-18.453],[-53.742,-18.449],[-53.739,-18.451],[-53.739,-18.447],[-53.734,-18.453],[-53.727,-18.457],[-53.712,-18.446],[-53.704,-18.446],[-53.7,-18.451],[-53.699,-18.446],[-53.694,-18.449],[-53.683,-18.446],[-53.668,-18.452],[-53.657,-18.452],[-53.654,-18.459],[-53.643,-18.452],[-53.637,-18.456],[-53.631,-18.447],[-53.628,-18.45],[-53.617,-18.448],[-53.616,-18.444],[-53.611,-18.445],[-53.606,-18.439],[-53.601,-18.442],[-53.58,-18.437]]]}},{"type":"Feature","properties":{"id":"5004007","nome":"Gl\u00f3ria de Dourados"},"geometry":{"type":"Polygon","coordinates":[[[-54.072,-22.464],[-54.05,-22.486],[-54.043,-22.5],[-54.042,-22.516],[-54.037,-22.517],[-54.035,-22.522],[-54.034,-22.535],[-54.027,-22.544],[-54.039,-22.548],[-54.051,-22.545],[-54.067,-22.56],[-54.076,-22.557],[-54.087,-22.559],[-54.102,-22.567],[-54.103,-22.565],[-54.113,-22.536],[-54.168,-22.514],[-54.259,-22.478],[-54.26,-22.479],[-54.348,-22.443],[-54.325,-22.392],[-54.321,-22.383],[-54.311,-22.362],[-54.303,-22.343],[-54.302,-22.342],[-54.284,-22.302],[-54.28,-22.292],[-54.223,-22.314],[-54.19,-22.327],[-54.114,-22.356],[-54.117,-22.376],[-54.113,-22.386],[-54.108,-22.397],[-54.109,-22.409],[-54.103,-22.428],[-54.097,-22.439],[-54.081,-22.449],[-54.072,-22.464]]]}},{"type":"Feature","properties":{"id":"5004106","nome":"Guia Lopes da Laguna"},"geometry":{"type":"Polygon","coordinates":[[[-56.115,-21.349],[-56.089,-21.351],[-56.05,-21.346],[-56.033,-21.355],[-56.016,-21.359],[-56.006,-21.367],[-55.978,-21.388],[-55.957,-21.404],[-55.927,-21.409],[-55.921,-21.419],[-55.921,-21.435],[-55.914,-21.443],[-55.893,-21.45],[-55.879,-21.45],[-55.872,-21.458],[-55.864,-21.461],[-55.851,-21.482],[-55.842,-21.487],[-55.836,-21.486],[-55.826,-21.486],[-55.826,-21.498],[-55.815,-21.496],[-55.814,-21.503],[-55.801,-21.494],[-55.805,-21.512],[-55.802,-21.515],[-55.796,-21.513],[-55.793,-21.506],[-55.79,-21.511],[-55.795,-21.519],[-55.78,-21.522],[-55.79,-21.529],[-55.794,-21.524],[-55.8,-21.53],[-55.806,-21.525],[-55.811,-21.536],[-55.817,-21.535],[-55.817,-21.53],[-55.821,-21.53],[-55.813,-21.545],[-55.799,-21.545],[-55.805,-21.551],[-55.802,-21.558],[-55.804,-21.562],[-55.797,-21.559],[-55.795,-21.563],[-55.79,-21.558],[-55.791,-21.555],[-55.784,-21.553],[-55.783,-21.547],[-55.774,-21.557],[-55.785,-21.557],[-55.786,-21.563],[-55.778,-21.568],[-55.788,-21.567],[-55.791,-21.569],[-55.79,-21.574],[-55.795,-21.574],[-55.8,-21.567],[-55.797,-21.58],[-55.779,-21.58],[-55.775,-21.584],[-55.787,-21.589],[-55.79,-21.597],[-55.778,-21.593],[-55.778,-21.599],[-55.768,-21.597],[-55.76,-21.584],[-55.75,-21.585],[-55.757,-21.588],[-55.757,-21.607],[-55.751,-21.608],[-55.747,-21.605],[-55.748,-21.611],[-55.74,-21.621],[-55.75,-21.621],[-55.753,-21.615],[-55.76,-21.613],[-55.762,-21.611],[-55.764,-21.606],[-55.769,-21.604],[-55.77,-21.609],[-55.77,-21.613],[-55.759,-21.618],[-55.758,-21.623],[-55.746,-21.635],[-55.744,-21.645],[-55.756,-21.629],[-55.76,-21.629],[-55.762,-21.635],[-55.763,-21.619],[-55.767,-21.623],[-55.774,-21.623],[-55.775,-21.615],[-55.781,-21.613],[-55.782,-21.616],[-55.785,-21.614],[-55.786,-21.619],[-55.794,-21.611],[-55.793,-21.622],[-55.795,-21.626],[-55.799,-21.625],[-55.801,-21.615],[-55.81,-21.616],[-55.805,-21.604],[-55.807,-21.599],[-55.813,-21.605],[-55.815,-21.594],[-55.829,-21.608],[-55.821,-21.607],[-55.823,-21.613],[-55.814,-21.61],[-55.819,-21.616],[-55.818,-21.62],[-55.809,-21.621],[-55.807,-21.626],[-55.815,-21.631],[-55.813,-21.637],[-55.804,-21.631],[-55.798,-21.633],[-55.803,-21.636],[-55.804,-21.643],[-55.809,-21.64],[-55.81,-21.646],[-55.815,-21.643],[-55.818,-21.647],[-55.82,-21.637],[-55.827,-21.635],[-55.83,-21.626],[-55.838,-21.627],[-55.84,-21.636],[-55.832,-21.633],[-55.833,-21.638],[-55.827,-21.64],[-55.831,-21.647],[-55.831,-21.653],[-55.836,-21.655],[-55.835,-21.658],[-55.829,-21.656],[-55.828,-21.662],[-55.839,-21.66],[-55.838,-21.653],[-55.843,-21.646],[-55.849,-21.648],[-55.849,-21.643],[-55.854,-21.646],[-55.857,-21.643],[-55.859,-21.65],[-55.85,-21.654],[-55.854,-21.66],[-55.847,-21.662],[-55.85,-21.666],[-55.845,-21.669],[-55.845,-21.68],[-55.848,-21.684],[-55.851,-21.674],[-55.857,-21.675],[-55.86,-21.664],[-55.863,-21.672],[-55.863,-21.684],[-55.867,-21.684],[-55.869,-21.688],[-55.862,-21.687],[-55.862,-21.69],[-55.87,-21.692],[-55.872,-21.686],[-55.867,-21.68],[-55.868,-21.673],[-55.872,-21.674],[-55.868,-21.655],[-55.88,-21.663],[-55.886,-21.683],[-55.89,-21.671],[-55.882,-21.657],[-55.886,-21.655],[-55.895,-21.67],[-55.902,-21.652],[-55.906,-21.663],[-55.905,-21.672],[-55.911,-21.675],[-55.905,-21.683],[-55.913,-21.682],[-55.915,-21.688],[-55.92,-21.684],[-55.918,-21.678],[-55.922,-21.676],[-55.918,-21.667],[-55.92,-21.654],[-55.915,-21.642],[-55.924,-21.647],[-55.926,-21.666],[-55.923,-21.668],[-55.926,-21.675],[-55.931,-21.677],[-55.936,-21.662],[-55.945,-21.662],[-55.942,-21.647],[-55.959,-21.65],[-55.947,-21.636],[-55.958,-21.643],[-55.963,-21.633],[-55.971,-21.638],[-55.972,-21.644],[-55.963,-21.646],[-55.963,-21.65],[-55.974,-21.654],[-55.971,-21.657],[-55.959,-21.655],[-55.954,-21.661],[-55.957,-21.668],[-55.952,-21.671],[-55.952,-21.675],[-55.941,-21.672],[-55.939,-21.675],[-55.946,-21.68],[-55.934,-21.685],[-55.941,-21.69],[-55.948,-21.686],[-55.957,-21.688],[-55.952,-21.689],[-55.947,-21.696],[-55.953,-21.706],[-55.948,-21.709],[-55.951,-21.716],[-55.938,-21.708],[-55.938,-21.704],[-55.931,-21.707],[-55.928,-21.695],[-55.924,-21.699],[-55.922,-21.711],[-55.915,-21.704],[-55.914,-21.712],[-55.903,-21.704],[-55.906,-21.708],[-55.9,-21.713],[-55.908,-21.712],[-55.911,-21.721],[-55.917,-21.716],[-55.933,-21.721],[-55.931,-21.724],[-55.92,-21.728],[-55.925,-21.731],[-55.931,-21.728],[-55.934,-21.731],[-55.938,-21.727],[-55.945,-21.73],[-55.944,-21.741],[-55.928,-21.736],[-55.93,-21.743],[-55.922,-21.742],[-55.921,-21.737],[-55.911,-21.731],[-55.913,-21.741],[-55.905,-21.738],[-55.904,-21.741],[-55.9,-21.741],[-55.9,-21.731],[-55.894,-21.735],[-55.882,-21.733],[-55.886,-21.736],[-55.884,-21.739],[-55.89,-21.738],[-55.888,-21.742],[-55.892,-21.746],[-55.887,-21.75],[-55.88,-21.749],[-55.883,-21.752],[-55.881,-21.756],[-55.891,-21.755],[-55.893,-21.763],[-55.877,-21.761],[-55.875,-21.763],[-55.884,-21.767],[-55.877,-21.768],[-55.878,-21.776],[-55.861,-21.772],[-55.863,-21.776],[-55.856,-21.776],[-55.872,-21.78],[-55.876,-21.785],[-55.874,-21.793],[-55.883,-21.784],[-55.886,-21.775],[-55.891,-21.777],[-55.896,-21.772],[-55.903,-21.78],[-55.907,-21.769],[-55.913,-21.767],[-55.917,-21.77],[-55.913,-21.774],[-55.923,-21.777],[-55.928,-21.77],[-55.929,-21.774],[-55.937,-21.776],[-55.937,-21.779],[-55.926,-21.784],[-55.942,-21.782],[-55.969,-21.786],[-55.98,-21.784],[-55.985,-21.779],[-55.985,-21.769],[-56.004,-21.753],[-56.002,-21.75],[-56.01,-21.748],[-56.014,-21.732],[-56.023,-21.729],[-56.022,-21.725],[-56.026,-21.721],[-56.042,-21.72],[-56.041,-21.716],[-56.048,-21.712],[-56.041,-21.708],[-56.042,-21.703],[-56.047,-21.703],[-56.049,-21.692],[-56.068,-21.685],[-56.082,-21.689],[-56.089,-21.686],[-56.089,-21.678],[-56.093,-21.674],[-56.093,-21.66],[-56.099,-21.653],[-56.106,-21.652],[-56.108,-21.648],[-56.104,-21.646],[-56.111,-21.644],[-56.115,-21.639],[-56.114,-21.627],[-56.122,-21.629],[-56.121,-21.618],[-56.125,-21.611],[-56.119,-21.606],[-56.126,-21.607],[-56.127,-21.604],[-56.118,-21.6],[-56.117,-21.59],[-56.125,-21.59],[-56.126,-21.58],[-56.133,-21.582],[-56.128,-21.565],[-56.124,-21.565],[-56.116,-21.551],[-56.111,-21.55],[-56.111,-21.545],[-56.104,-21.542],[-56.109,-21.522],[-56.119,-21.515],[-56.115,-21.513],[-56.112,-21.505],[-56.12,-21.482],[-56.117,-21.478],[-56.122,-21.474],[-56.119,-21.47],[-56.125,-21.468],[-56.126,-21.466],[-56.134,-21.462],[-56.141,-21.462],[-56.144,-21.446],[-56.153,-21.443],[-56.159,-21.434],[-56.164,-21.433],[-56.172,-21.439],[-56.175,-21.436],[-56.185,-21.44],[-56.197,-21.431],[-56.193,-21.427],[-56.192,-21.419],[-56.195,-21.407],[-56.201,-21.405],[-56.203,-21.396],[-56.21,-21.395],[-56.212,-21.386],[-56.216,-21.383],[-56.217,-21.378],[-56.209,-21.373],[-56.213,-21.366],[-56.206,-21.363],[-56.211,-21.355],[-56.203,-21.355],[-56.205,-21.349],[-56.201,-21.343],[-56.211,-21.339],[-56.207,-21.331],[-56.212,-21.325],[-56.217,-21.322],[-56.211,-21.311],[-56.211,-21.302],[-56.226,-21.291],[-56.225,-21.287],[-56.208,-21.287],[-56.199,-21.281],[-56.187,-21.311],[-56.171,-21.317],[-56.163,-21.326],[-56.14,-21.341],[-56.131,-21.342],[-56.115,-21.349]]]}},{"type":"Feature","properties":{"id":"5004304","nome":"Iguatemi"},"geometry":{"type":"Polygon","coordinates":[[[-54.452,-23.054],[-54.446,-23.058],[-54.426,-23.057],[-54.432,-23.078],[-54.425,-23.075],[-54.423,-23.067],[-54.424,-23.083],[-54.413,-23.083],[-54.407,-23.089],[-54.404,-23.085],[-54.394,-23.088],[-54.386,-23.085],[-54.383,-23.091],[-54.377,-23.094],[-54.361,-23.092],[-54.355,-23.1],[-54.346,-23.092],[-54.343,-23.099],[-54.335,-23.099],[-54.35,-23.12],[-54.366,-23.153],[-54.377,-23.181],[-54.378,-23.224],[-54.396,-23.245],[-54.399,-23.257],[-54.384,-23.273],[-54.383,-23.291],[-54.372,-23.31],[-54.36,-23.315],[-54.353,-23.324],[-54.342,-23.328],[-54.334,-23.339],[-54.314,-23.357],[-54.286,-23.373],[-54.299,-23.386],[-54.293,-23.39],[-54.26,-23.399],[-54.257,-23.406],[-54.242,-23.418],[-54.243,-23.431],[-54.238,-23.447],[-54.246,-23.478],[-54.247,-23.486],[-54.255,-23.502],[-54.255,-23.536],[-54.269,-23.552],[-54.272,-23.563],[-54.298,-23.56],[-54.325,-23.549],[-54.332,-23.557],[-54.338,-23.582],[-54.348,-23.595],[-54.364,-23.639],[-54.387,-23.704],[-54.378,-23.717],[-54.381,-23.727],[-54.39,-23.74],[-54.41,-23.766],[-54.417,-23.787],[-54.421,-23.793],[-54.427,-23.79],[-54.436,-23.792],[-54.45,-23.786],[-54.456,-23.782],[-54.453,-23.768],[-54.46,-23.766],[-54.454,-23.76],[-54.471,-23.755],[-54.469,-23.749],[-54.492,-23.752],[-54.501,-23.748],[-54.51,-23.738],[-54.526,-23.739],[-54.529,-23.733],[-54.57,-23.735],[-54.576,-23.731],[-54.599,-23.725],[-54.602,-23.727],[-54.6,-23.73],[-54.608,-23.728],[-54.614,-23.733],[-54.62,-23.729],[-54.635,-23.732],[-54.64,-23.73],[-54.637,-23.726],[-54.644,-23.726],[-54.648,-23.717],[-54.659,-23.699],[-54.659,-23.68],[-54.669,-23.665],[-54.668,-23.659],[-54.672,-23.658],[-54.672,-23.649],[-54.69,-23.637],[-54.687,-23.633],[-54.69,-23.634],[-54.701,-23.624],[-54.7,-23.619],[-54.707,-23.618],[-54.713,-23.607],[-54.732,-23.597],[-54.731,-23.592],[-54.735,-23.593],[-54.75,-23.577],[-54.756,-23.58],[-54.764,-23.579],[-54.778,-23.571],[-54.796,-23.553],[-54.812,-23.546],[-54.813,-23.54],[-54.828,-23.523],[-54.835,-23.505],[-54.843,-23.492],[-54.841,-23.487],[-54.846,-23.483],[-54.841,-23.475],[-54.857,-23.464],[-54.872,-23.444],[-54.88,-23.443],[-54.881,-23.438],[-54.864,-23.409],[-54.838,-23.392],[-54.835,-23.382],[-54.841,-23.36],[-54.838,-23.352],[-54.814,-23.306],[-54.801,-23.305],[-54.788,-23.305],[-54.771,-23.291],[-54.763,-23.294],[-54.735,-23.294],[-54.706,-23.287],[-54.671,-23.31],[-54.661,-23.292],[-54.647,-23.285],[-54.64,-23.267],[-54.629,-23.264],[-54.654,-23.233],[-54.661,-23.216],[-54.654,-23.188],[-54.651,-23.182],[-54.633,-23.163],[-54.588,-23.155],[-54.561,-23.128],[-54.55,-23.122],[-54.542,-23.117],[-54.521,-23.112],[-54.512,-23.102],[-54.51,-23.09],[-54.498,-23.082],[-54.498,-23.074],[-54.48,-23.065],[-54.47,-23.05],[-54.466,-23.047],[-54.473,-23.042],[-54.467,-23.041],[-54.45,-23.048],[-54.448,-23.051],[-54.452,-23.054]]]}},{"type":"Feature","properties":{"id":"5004403","nome":"Inoc\u00eancia"},"geometry":{"type":"Polygon","coordinates":[[[-51.857,-19.239],[-51.848,-19.262],[-51.848,-19.269],[-51.861,-19.276],[-51.862,-19.293],[-51.842,-19.311],[-51.846,-19.326],[-51.837,-19.334],[-51.837,-19.352],[-51.825,-19.395],[-51.831,-19.403],[-51.829,-19.414],[-51.822,-19.431],[-51.813,-19.438],[-51.809,-19.441],[-51.788,-19.473],[-51.78,-19.485],[-51.785,-19.5],[-51.783,-19.508],[-51.79,-19.533],[-51.789,-19.555],[-51.793,-19.566],[-51.78,-19.572],[-51.773,-19.588],[-51.751,-19.6],[-51.744,-19.613],[-51.73,-19.615],[-51.721,-19.625],[-51.712,-19.643],[-51.714,-19.654],[-51.705,-19.653],[-51.702,-19.656],[-51.684,-19.69],[-51.684,-19.701],[-51.67,-19.707],[-51.668,-19.711],[-51.665,-19.718],[-51.635,-19.747],[-51.621,-19.758],[-51.608,-19.759],[-51.609,-19.786],[-51.604,-19.796],[-51.597,-19.789],[-51.593,-19.791],[-51.586,-19.789],[-51.588,-19.802],[-51.592,-19.802],[-51.585,-19.812],[-51.587,-19.817],[-51.584,-19.818],[-51.58,-19.813],[-51.577,-19.82],[-51.568,-19.825],[-51.561,-19.823],[-51.565,-19.829],[-51.558,-19.838],[-51.559,-19.85],[-51.554,-19.858],[-51.548,-19.859],[-51.55,-19.864],[-51.533,-19.87],[-51.536,-19.878],[-51.527,-19.88],[-51.525,-19.883],[-51.522,-19.889],[-51.516,-19.882],[-51.512,-19.883],[-51.51,-19.889],[-51.507,-19.901],[-51.511,-19.903],[-51.513,-19.912],[-51.505,-19.912],[-51.498,-19.918],[-51.497,-19.936],[-51.487,-19.936],[-51.489,-19.951],[-51.479,-19.952],[-51.475,-19.959],[-51.554,-19.965],[-51.578,-19.969],[-51.582,-19.973],[-51.638,-19.982],[-51.641,-19.995],[-51.662,-20.009],[-51.675,-20.011],[-51.684,-20.025],[-51.688,-20.047],[-51.705,-20.045],[-51.729,-20.033],[-51.752,-20.032],[-51.754,-20.022],[-51.761,-20.016],[-51.757,-20.005],[-51.757,-19.989],[-51.765,-19.975],[-51.765,-19.955],[-51.773,-19.943],[-51.782,-19.916],[-51.841,-19.998],[-51.848,-20.005],[-51.871,-20.003],[-51.885,-20.012],[-51.895,-20.024],[-51.91,-20.023],[-51.922,-20.027],[-51.973,-20.021],[-51.995,-20.026],[-52.015,-20.038],[-52.032,-20.042],[-52.042,-20.049],[-52.052,-20.069],[-52.06,-20.074],[-52.062,-20.072],[-52.071,-20.08],[-52.082,-20.079],[-52.093,-20.085],[-52.105,-20.106],[-52.107,-20.122],[-52.119,-20.129],[-52.126,-20.122],[-52.128,-20.113],[-52.146,-20.107],[-52.152,-20.08],[-52.166,-20.072],[-52.167,-20.058],[-52.184,-20.051],[-52.196,-20.039],[-52.2,-20.023],[-52.196,-20.016],[-52.206,-20.002],[-52.209,-19.975],[-52.219,-19.964],[-52.22,-19.943],[-52.212,-19.934],[-52.219,-19.92],[-52.212,-19.915],[-52.21,-19.902],[-52.213,-19.898],[-52.215,-19.894],[-52.212,-19.886],[-52.213,-19.869],[-52.239,-19.842],[-52.244,-19.832],[-52.263,-19.813],[-52.271,-19.812],[-52.276,-19.806],[-52.274,-19.8],[-52.283,-19.8],[-52.294,-19.786],[-52.292,-19.777],[-52.304,-19.762],[-52.303,-19.749],[-52.318,-19.744],[-52.326,-19.733],[-52.334,-19.728],[-52.329,-19.719],[-52.335,-19.705],[-52.342,-19.701],[-52.34,-19.678],[-52.342,-19.675],[-52.349,-19.661],[-52.364,-19.651],[-52.372,-19.651],[-52.369,-19.643],[-52.387,-19.633],[-52.407,-19.633],[-52.415,-19.628],[-52.425,-19.628],[-52.436,-19.637],[-52.454,-19.614],[-52.468,-19.616],[-52.476,-19.611],[-52.476,-19.607],[-52.481,-19.607],[-52.481,-19.603],[-52.489,-19.595],[-52.495,-19.58],[-52.502,-19.577],[-52.511,-19.566],[-52.505,-19.559],[-52.51,-19.558],[-52.515,-19.549],[-52.506,-19.548],[-52.498,-19.535],[-52.488,-19.529],[-52.488,-19.52],[-52.484,-19.516],[-52.484,-19.499],[-52.479,-19.5],[-52.478,-19.495],[-52.469,-19.489],[-52.472,-19.481],[-52.466,-19.478],[-52.467,-19.47],[-52.458,-19.459],[-52.468,-19.455],[-52.47,-19.449],[-52.469,-19.439],[-52.462,-19.436],[-52.466,-19.432],[-52.47,-19.432],[-52.468,-19.424],[-52.473,-19.418],[-52.466,-19.418],[-52.466,-19.399],[-52.466,-19.391],[-52.46,-19.383],[-52.448,-19.378],[-52.454,-19.373],[-52.449,-19.363],[-52.446,-19.366],[-52.443,-19.364],[-52.444,-19.352],[-52.438,-19.345],[-52.441,-19.336],[-52.434,-19.335],[-52.425,-19.332],[-52.416,-19.336],[-52.404,-19.333],[-52.381,-19.338],[-52.325,-19.367],[-52.293,-19.362],[-52.281,-19.365],[-52.276,-19.362],[-52.216,-19.375],[-52.202,-19.365],[-52.203,-19.346],[-52.186,-19.334],[-52.174,-19.335],[-52.148,-19.353],[-52.123,-19.355],[-52.102,-19.352],[-52.093,-19.336],[-52.086,-19.33],[-52.083,-19.316],[-52.092,-19.314],[-52.103,-19.304],[-52.118,-19.302],[-52.157,-19.308],[-52.165,-19.306],[-52.17,-19.294],[-52.18,-19.289],[-52.202,-19.25],[-52.222,-19.238],[-52.218,-19.231],[-52.211,-19.228],[-52.208,-19.22],[-52.196,-19.219],[-52.192,-19.223],[-52.189,-19.213],[-52.175,-19.204],[-52.172,-19.198],[-52.161,-19.199],[-52.136,-19.209],[-52.107,-19.228],[-52.086,-19.255],[-52.077,-19.258],[-52.07,-19.253],[-52.055,-19.248],[-52.05,-19.226],[-52.019,-19.199],[-51.981,-19.191],[-51.965,-19.199],[-51.944,-19.206],[-51.936,-19.212],[-51.869,-19.222],[-51.875,-19.233],[-51.872,-19.238],[-51.857,-19.239]]]}},{"type":"Feature","properties":{"id":"5004502","nome":"Itapor\u00e3"},"geometry":{"type":"Polygon","coordinates":[[[-54.939,-21.812],[-54.923,-21.823],[-54.913,-21.822],[-54.887,-21.828],[-54.879,-21.824],[-54.869,-21.83],[-54.864,-21.829],[-54.848,-21.844],[-54.836,-21.838],[-54.829,-21.83],[-54.827,-21.834],[-54.813,-21.836],[-54.805,-21.827],[-54.797,-21.825],[-54.794,-21.829],[-54.79,-21.83],[-54.792,-21.835],[-54.782,-21.85],[-54.787,-21.858],[-54.786,-21.867],[-54.779,-21.866],[-54.772,-21.874],[-54.768,-21.892],[-54.77,-21.897],[-54.761,-21.905],[-54.758,-21.903],[-54.743,-21.896],[-54.732,-21.878],[-54.714,-21.877],[-54.689,-21.863],[-54.687,-21.888],[-54.691,-21.895],[-54.685,-21.897],[-54.677,-21.895],[-54.674,-21.9],[-54.7,-21.917],[-54.685,-21.93],[-54.687,-21.94],[-54.683,-21.944],[-54.673,-21.942],[-54.667,-21.945],[-54.662,-21.94],[-54.657,-21.94],[-54.656,-21.936],[-54.664,-21.938],[-54.666,-21.934],[-54.662,-21.926],[-54.649,-21.934],[-54.636,-21.915],[-54.631,-21.915],[-54.632,-21.92],[-54.628,-21.92],[-54.627,-21.924],[-54.626,-21.943],[-54.643,-21.974],[-54.651,-21.995],[-54.661,-22.015],[-54.662,-22.017],[-54.662,-22.042],[-54.674,-22.059],[-54.682,-22.067],[-54.694,-22.072],[-54.699,-22.088],[-54.706,-22.097],[-54.721,-22.099],[-54.746,-22.114],[-54.757,-22.126],[-54.768,-22.136],[-54.803,-22.154],[-54.813,-22.159],[-54.814,-22.159],[-54.86,-22.182],[-54.863,-22.184],[-54.873,-22.189],[-54.958,-22.158],[-55.091,-22.111],[-55.093,-22.11],[-55.087,-22.094],[-55.085,-22.074],[-55.105,-22.034],[-55.1,-22.007],[-55.079,-21.982],[-55.063,-21.974],[-55.038,-21.971],[-55.029,-21.963],[-55.022,-21.963],[-55.015,-21.942],[-55.008,-21.937],[-55.021,-21.918],[-55.006,-21.899],[-55.006,-21.892],[-55.01,-21.887],[-54.997,-21.868],[-54.991,-21.856],[-54.99,-21.84],[-54.981,-21.82],[-54.963,-21.809],[-54.944,-21.806],[-54.939,-21.812]]]}},{"type":"Feature","properties":{"id":"5004601","nome":"Itaquira\u00ed"},"geometry":{"type":"Polygon","coordinates":[[[-54.318,-23.09],[-54.305,-23.102],[-54.294,-23.104],[-54.287,-23.102],[-54.286,-23.109],[-54.258,-23.13],[-54.25,-23.127],[-54.228,-23.13],[-54.223,-23.137],[-54.225,-23.146],[-54.208,-23.139],[-54.208,-23.143],[-54.205,-23.143],[-54.196,-23.135],[-54.196,-23.134],[-54.194,-23.133],[-54.184,-23.134],[-54.178,-23.146],[-54.184,-23.162],[-54.181,-23.168],[-54.161,-23.165],[-54.154,-23.17],[-54.14,-23.169],[-54.134,-23.173],[-54.114,-23.166],[-54.11,-23.156],[-54.118,-23.155],[-54.117,-23.159],[-54.122,-23.16],[-54.118,-23.151],[-54.105,-23.147],[-54.102,-23.151],[-54.091,-23.147],[-54.09,-23.138],[-54.085,-23.139],[-54.081,-23.133],[-54.066,-23.134],[-54.056,-23.136],[-54.051,-23.141],[-54.029,-23.145],[-54.02,-23.151],[-53.983,-23.157],[-53.971,-23.164],[-53.966,-23.158],[-53.965,-23.164],[-53.953,-23.168],[-53.947,-23.166],[-53.94,-23.181],[-53.921,-23.185],[-53.91,-23.184],[-53.907,-23.187],[-53.91,-23.188],[-53.907,-23.191],[-53.897,-23.187],[-53.891,-23.19],[-53.898,-23.197],[-53.877,-23.204],[-53.871,-23.203],[-53.867,-23.207],[-53.855,-23.217],[-53.858,-23.227],[-53.848,-23.242],[-53.852,-23.242],[-53.85,-23.253],[-53.844,-23.253],[-53.847,-23.256],[-53.84,-23.261],[-53.834,-23.26],[-53.83,-23.271],[-53.838,-23.277],[-53.828,-23.282],[-53.833,-23.285],[-53.825,-23.292],[-53.829,-23.296],[-53.828,-23.305],[-53.836,-23.305],[-53.836,-23.31],[-53.842,-23.317],[-53.839,-23.327],[-53.831,-23.325],[-53.829,-23.33],[-53.847,-23.328],[-53.852,-23.334],[-53.85,-23.342],[-53.858,-23.339],[-53.863,-23.343],[-53.868,-23.352],[-53.874,-23.351],[-53.878,-23.357],[-53.884,-23.358],[-53.881,-23.364],[-53.913,-23.404],[-53.96,-23.443],[-53.963,-23.444],[-53.981,-23.456],[-54.004,-23.511],[-54.007,-23.544],[-54.024,-23.586],[-54.03,-23.628],[-54.032,-23.651],[-54.044,-23.668],[-54.051,-23.687],[-54.06,-23.682],[-54.062,-23.669],[-54.063,-23.664],[-54.055,-23.652],[-54.057,-23.643],[-54.062,-23.638],[-54.086,-23.636],[-54.104,-23.64],[-54.11,-23.631],[-54.12,-23.626],[-54.139,-23.625],[-54.163,-23.606],[-54.191,-23.597],[-54.21,-23.573],[-54.237,-23.565],[-54.252,-23.568],[-54.262,-23.565],[-54.272,-23.563],[-54.269,-23.552],[-54.255,-23.536],[-54.255,-23.502],[-54.247,-23.486],[-54.246,-23.478],[-54.238,-23.447],[-54.243,-23.431],[-54.242,-23.418],[-54.257,-23.406],[-54.26,-23.399],[-54.293,-23.39],[-54.299,-23.386],[-54.286,-23.373],[-54.314,-23.357],[-54.334,-23.339],[-54.342,-23.328],[-54.353,-23.324],[-54.36,-23.315],[-54.372,-23.31],[-54.383,-23.291],[-54.384,-23.273],[-54.399,-23.257],[-54.396,-23.245],[-54.378,-23.224],[-54.377,-23.181],[-54.366,-23.153],[-54.35,-23.12],[-54.335,-23.099],[-54.325,-23.103],[-54.323,-23.097],[-54.329,-23.1],[-54.331,-23.096],[-54.318,-23.09]]]}},{"type":"Feature","properties":{"id":"5004700","nome":"Ivinhema"},"geometry":{"type":"Polygon","coordinates":[[[-53.783,-22.233],[-53.779,-22.235],[-53.761,-22.233],[-53.75,-22.237],[-53.73,-22.237],[-53.714,-22.23],[-53.686,-22.23],[-53.638,-22.207],[-53.623,-22.205],[-53.609,-22.191],[-53.601,-22.189],[-53.587,-22.193],[-53.59,-22.203],[-53.588,-22.212],[-53.573,-22.219],[-53.56,-22.233],[-53.571,-22.24],[-53.574,-22.247],[-53.566,-22.277],[-53.558,-22.282],[-53.551,-22.292],[-53.556,-22.306],[-53.549,-22.318],[-53.532,-22.333],[-53.532,-22.337],[-53.536,-22.354],[-53.552,-22.358],[-53.553,-22.362],[-53.55,-22.365],[-53.536,-22.361],[-53.538,-22.372],[-53.532,-22.38],[-53.528,-22.384],[-53.527,-22.395],[-53.513,-22.404],[-53.509,-22.434],[-53.5,-22.433],[-53.496,-22.435],[-53.485,-22.446],[-53.483,-22.455],[-53.488,-22.475],[-53.497,-22.487],[-53.497,-22.497],[-53.517,-22.518],[-53.52,-22.535],[-53.536,-22.543],[-53.556,-22.548],[-53.563,-22.558],[-53.562,-22.57],[-53.577,-22.568],[-53.588,-22.56],[-53.6,-22.556],[-53.62,-22.556],[-53.628,-22.562],[-53.633,-22.56],[-53.662,-22.572],[-53.716,-22.56],[-53.724,-22.553],[-53.743,-22.548],[-53.765,-22.546],[-53.803,-22.533],[-53.844,-22.511],[-53.857,-22.499],[-53.878,-22.46],[-53.902,-22.444],[-53.91,-22.433],[-53.918,-22.434],[-53.919,-22.434],[-54.025,-22.548],[-54.027,-22.544],[-54.034,-22.535],[-54.035,-22.522],[-54.037,-22.517],[-54.042,-22.516],[-54.043,-22.5],[-54.05,-22.486],[-54.072,-22.464],[-54.081,-22.449],[-54.097,-22.439],[-54.103,-22.428],[-54.109,-22.409],[-54.108,-22.397],[-54.113,-22.386],[-54.117,-22.376],[-54.114,-22.356],[-54.108,-22.342],[-54.093,-22.328],[-54.083,-22.309],[-54.049,-22.24],[-54.021,-22.183],[-54.014,-22.166],[-53.992,-22.155],[-53.976,-22.147],[-53.959,-22.156],[-53.957,-22.161],[-53.93,-22.164],[-53.908,-22.187],[-53.897,-22.197],[-53.869,-22.207],[-53.843,-22.208],[-53.824,-22.21],[-53.784,-22.233],[-53.783,-22.233]]]}},{"type":"Feature","properties":{"id":"5004809","nome":"Japor\u00e3"},"geometry":{"type":"Polygon","coordinates":[[[-54.648,-23.717],[-54.644,-23.726],[-54.637,-23.726],[-54.64,-23.73],[-54.635,-23.732],[-54.62,-23.729],[-54.614,-23.733],[-54.608,-23.728],[-54.6,-23.73],[-54.602,-23.727],[-54.599,-23.725],[-54.576,-23.731],[-54.57,-23.735],[-54.529,-23.733],[-54.526,-23.739],[-54.51,-23.738],[-54.501,-23.748],[-54.492,-23.752],[-54.469,-23.749],[-54.471,-23.755],[-54.454,-23.76],[-54.46,-23.766],[-54.453,-23.768],[-54.456,-23.782],[-54.45,-23.786],[-54.436,-23.792],[-54.427,-23.79],[-54.421,-23.793],[-54.417,-23.787],[-54.391,-23.813],[-54.395,-23.825],[-54.418,-23.852],[-54.406,-23.859],[-54.399,-23.88],[-54.369,-23.885],[-54.362,-23.903],[-54.382,-23.906],[-54.4,-23.921],[-54.426,-23.928],[-54.429,-23.914],[-54.437,-23.906],[-54.449,-23.901],[-54.483,-23.895],[-54.5,-23.876],[-54.504,-23.885],[-54.511,-23.883],[-54.517,-23.886],[-54.526,-23.875],[-54.537,-23.875],[-54.547,-23.87],[-54.553,-23.872],[-54.569,-23.874],[-54.572,-23.868],[-54.566,-23.855],[-54.581,-23.847],[-54.585,-23.837],[-54.595,-23.843],[-54.601,-23.852],[-54.61,-23.851],[-54.617,-23.834],[-54.625,-23.834],[-54.632,-23.829],[-54.647,-23.832],[-54.654,-23.819],[-54.667,-23.817],[-54.671,-23.812],[-54.687,-23.831],[-54.702,-23.779],[-54.703,-23.752],[-54.71,-23.737],[-54.705,-23.729],[-54.703,-23.731],[-54.699,-23.728],[-54.69,-23.727],[-54.686,-23.73],[-54.674,-23.725],[-54.665,-23.728],[-54.662,-23.723],[-54.655,-23.721],[-54.654,-23.724],[-54.648,-23.717]]]}},{"type":"Feature","properties":{"id":"5004908","nome":"Jaraguari"},"geometry":{"type":"Polygon","coordinates":[[[-54.47,-20.015],[-54.409,-20.031],[-54.395,-20.032],[-54.37,-20.023],[-54.335,-20.026],[-54.327,-20.031],[-54.317,-20.034],[-54.306,-20.028],[-54.286,-20.028],[-54.258,-20.044],[-54.253,-20.045],[-54.237,-20.037],[-54.226,-20.039],[-54.211,-20.05],[-54.19,-20.059],[-54.177,-20.076],[-54.178,-20.08],[-54.177,-20.085],[-54.163,-20.093],[-54.158,-20.091],[-54.158,-20.094],[-54.153,-20.093],[-54.149,-20.097],[-54.137,-20.096],[-54.134,-20.101],[-54.124,-20.099],[-54.104,-20.114],[-54.099,-20.116],[-54.074,-20.145],[-54.069,-20.147],[-54.062,-20.169],[-54.065,-20.176],[-54.059,-20.188],[-54.056,-20.185],[-54.045,-20.196],[-54.044,-20.204],[-54.048,-20.204],[-54.048,-20.209],[-54.044,-20.206],[-54.042,-20.212],[-54.036,-20.21],[-54.032,-20.218],[-54.017,-20.23],[-54.015,-20.239],[-54.011,-20.235],[-54.008,-20.238],[-54.01,-20.248],[-54.0,-20.261],[-53.996,-20.261],[-53.996,-20.274],[-53.992,-20.272],[-53.985,-20.276],[-53.985,-20.282],[-53.988,-20.287],[-53.982,-20.291],[-53.991,-20.297],[-53.987,-20.301],[-53.99,-20.304],[-53.989,-20.308],[-53.986,-20.306],[-53.982,-20.309],[-53.984,-20.313],[-53.963,-20.316],[-53.955,-20.325],[-53.957,-20.329],[-53.949,-20.331],[-53.94,-20.34],[-53.933,-20.34],[-53.93,-20.343],[-53.916,-20.341],[-53.908,-20.353],[-53.899,-20.352],[-53.89,-20.358],[-53.892,-20.364],[-53.887,-20.364],[-53.888,-20.372],[-53.891,-20.374],[-53.901,-20.369],[-53.911,-20.37],[-53.913,-20.375],[-53.913,-20.37],[-53.917,-20.369],[-53.922,-20.371],[-53.924,-20.376],[-53.941,-20.38],[-53.958,-20.383],[-53.967,-20.381],[-53.974,-20.387],[-53.973,-20.391],[-53.979,-20.391],[-53.984,-20.397],[-53.989,-20.391],[-53.997,-20.395],[-53.998,-20.399],[-54.019,-20.411],[-54.021,-20.405],[-54.025,-20.406],[-54.022,-20.402],[-54.025,-20.402],[-54.029,-20.408],[-54.025,-20.413],[-54.033,-20.412],[-54.035,-20.414],[-54.032,-20.416],[-54.038,-20.418],[-54.037,-20.423],[-54.044,-20.421],[-54.048,-20.425],[-54.05,-20.42],[-54.056,-20.419],[-54.061,-20.423],[-54.058,-20.428],[-54.077,-20.427],[-54.081,-20.435],[-54.089,-20.436],[-54.096,-20.431],[-54.102,-20.438],[-54.117,-20.436],[-54.12,-20.438],[-54.114,-20.442],[-54.114,-20.444],[-54.12,-20.446],[-54.126,-20.442],[-54.139,-20.456],[-54.145,-20.448],[-54.149,-20.451],[-54.155,-20.446],[-54.16,-20.454],[-54.167,-20.455],[-54.169,-20.46],[-54.171,-20.457],[-54.178,-20.465],[-54.182,-20.461],[-54.185,-20.465],[-54.198,-20.478],[-54.209,-20.477],[-54.21,-20.481],[-54.214,-20.482],[-54.219,-20.477],[-54.222,-20.487],[-54.232,-20.484],[-54.24,-20.488],[-54.242,-20.494],[-54.247,-20.491],[-54.258,-20.495],[-54.276,-20.491],[-54.294,-20.493],[-54.303,-20.48],[-54.313,-20.481],[-54.322,-20.477],[-54.336,-20.477],[-54.348,-20.468],[-54.356,-20.465],[-54.365,-20.459],[-54.364,-20.455],[-54.369,-20.448],[-54.374,-20.447],[-54.376,-20.437],[-54.383,-20.431],[-54.393,-20.425],[-54.417,-20.422],[-54.425,-20.411],[-54.439,-20.405],[-54.446,-20.396],[-54.479,-20.394],[-54.49,-20.388],[-54.491,-20.36],[-54.499,-20.328],[-54.509,-20.311],[-54.515,-20.286],[-54.539,-20.272],[-54.59,-20.255],[-54.606,-20.25],[-54.615,-20.257],[-54.635,-20.251],[-54.643,-20.252],[-54.647,-20.248],[-54.65,-20.234],[-54.666,-20.222],[-54.67,-20.222],[-54.706,-20.203],[-54.719,-20.202],[-54.725,-20.193],[-54.73,-20.198],[-54.74,-20.199],[-54.748,-20.192],[-54.77,-20.19],[-54.778,-20.181],[-54.781,-20.171],[-54.78,-20.171],[-54.762,-20.045],[-54.76,-20.042],[-54.754,-20.041],[-54.738,-20.045],[-54.736,-20.038],[-54.721,-20.028],[-54.712,-20.017],[-54.702,-20.018],[-54.698,-20.015],[-54.688,-20.015],[-54.681,-20.012],[-54.675,-20.014],[-54.671,-20.006],[-54.663,-20.009],[-54.661,-20.006],[-54.646,-20.001],[-54.641,-20.001],[-54.624,-20.012],[-54.603,-20.011],[-54.597,-20.017],[-54.58,-20.013],[-54.571,-20.024],[-54.545,-20.009],[-54.538,-20.017],[-54.524,-20.02],[-54.505,-20.002],[-54.498,-20.001],[-54.482,-20.004],[-54.47,-20.015]]]}},{"type":"Feature","properties":{"id":"5005004","nome":"Jardim"},"geometry":{"type":"Polygon","coordinates":[[[-56.211,-21.355],[-56.206,-21.363],[-56.213,-21.366],[-56.209,-21.373],[-56.217,-21.378],[-56.216,-21.383],[-56.212,-21.386],[-56.21,-21.395],[-56.203,-21.396],[-56.201,-21.405],[-56.195,-21.407],[-56.192,-21.419],[-56.193,-21.427],[-56.197,-21.431],[-56.185,-21.44],[-56.175,-21.436],[-56.172,-21.439],[-56.164,-21.433],[-56.159,-21.434],[-56.153,-21.443],[-56.144,-21.446],[-56.141,-21.462],[-56.134,-21.462],[-56.126,-21.466],[-56.125,-21.468],[-56.119,-21.47],[-56.122,-21.474],[-56.117,-21.478],[-56.12,-21.482],[-56.112,-21.505],[-56.115,-21.513],[-56.119,-21.515],[-56.109,-21.522],[-56.104,-21.542],[-56.111,-21.545],[-56.111,-21.55],[-56.116,-21.551],[-56.124,-21.565],[-56.128,-21.565],[-56.133,-21.582],[-56.126,-21.58],[-56.125,-21.59],[-56.117,-21.59],[-56.118,-21.6],[-56.127,-21.604],[-56.126,-21.607],[-56.119,-21.606],[-56.125,-21.611],[-56.121,-21.618],[-56.122,-21.629],[-56.114,-21.627],[-56.115,-21.639],[-56.111,-21.644],[-56.104,-21.646],[-56.108,-21.648],[-56.106,-21.652],[-56.099,-21.653],[-56.093,-21.66],[-56.093,-21.674],[-56.089,-21.678],[-56.089,-21.686],[-56.082,-21.689],[-56.068,-21.685],[-56.049,-21.692],[-56.047,-21.703],[-56.042,-21.703],[-56.041,-21.708],[-56.048,-21.712],[-56.041,-21.716],[-56.042,-21.72],[-56.026,-21.721],[-56.022,-21.725],[-56.023,-21.729],[-56.014,-21.732],[-56.01,-21.748],[-56.002,-21.75],[-56.004,-21.753],[-55.985,-21.769],[-55.985,-21.779],[-55.98,-21.784],[-55.969,-21.786],[-55.942,-21.782],[-55.926,-21.784],[-55.921,-21.785],[-55.926,-21.789],[-55.924,-21.795],[-55.931,-21.793],[-55.931,-21.79],[-55.936,-21.787],[-55.942,-21.79],[-55.945,-21.787],[-55.954,-21.793],[-55.944,-21.798],[-55.946,-21.802],[-55.97,-21.802],[-55.947,-21.805],[-55.944,-21.813],[-55.937,-21.804],[-55.933,-21.807],[-55.926,-21.805],[-55.926,-21.811],[-55.915,-21.813],[-55.91,-21.812],[-55.909,-21.807],[-55.898,-21.806],[-55.895,-21.813],[-55.901,-21.81],[-55.908,-21.813],[-55.904,-21.82],[-55.914,-21.816],[-55.918,-21.82],[-55.931,-21.819],[-55.936,-21.826],[-55.931,-21.826],[-55.928,-21.83],[-55.922,-21.832],[-55.932,-21.839],[-55.916,-21.845],[-55.928,-21.846],[-55.931,-21.853],[-55.922,-21.859],[-55.924,-21.863],[-55.932,-21.856],[-55.938,-21.857],[-55.936,-21.848],[-55.95,-21.853],[-55.945,-21.844],[-55.951,-21.844],[-55.949,-21.833],[-55.952,-21.829],[-55.956,-21.831],[-55.957,-21.821],[-55.962,-21.822],[-55.964,-21.819],[-55.969,-21.824],[-55.964,-21.831],[-55.964,-21.857],[-55.973,-21.833],[-55.977,-21.834],[-55.982,-21.845],[-55.986,-21.84],[-55.983,-21.839],[-55.985,-21.834],[-55.99,-21.838],[-55.993,-21.833],[-55.99,-21.816],[-55.998,-21.817],[-56.0,-21.812],[-56.009,-21.81],[-56.003,-21.802],[-56.013,-21.792],[-56.008,-21.782],[-56.021,-21.784],[-56.01,-21.803],[-56.018,-21.81],[-56.015,-21.815],[-56.02,-21.822],[-56.017,-21.824],[-56.008,-21.819],[-56.007,-21.832],[-56.022,-21.837],[-56.031,-21.833],[-56.032,-21.841],[-56.026,-21.844],[-56.014,-21.841],[-56.014,-21.846],[-56.003,-21.846],[-56.004,-21.855],[-56.013,-21.864],[-55.997,-21.864],[-55.993,-21.861],[-55.993,-21.866],[-55.988,-21.867],[-55.979,-21.862],[-55.983,-21.869],[-55.98,-21.878],[-56.0,-21.871],[-56.011,-21.877],[-55.993,-21.886],[-55.995,-21.891],[-55.988,-21.895],[-55.998,-21.895],[-56.002,-21.904],[-55.987,-21.907],[-55.98,-21.904],[-55.982,-21.911],[-55.978,-21.915],[-55.984,-21.915],[-55.987,-21.92],[-55.976,-21.926],[-55.983,-21.922],[-55.992,-21.926],[-55.991,-21.914],[-55.996,-21.909],[-56.009,-21.91],[-56.009,-21.902],[-56.013,-21.905],[-56.018,-21.92],[-56.021,-21.921],[-56.02,-21.907],[-56.024,-21.906],[-56.016,-21.901],[-56.013,-21.894],[-56.023,-21.892],[-56.029,-21.896],[-56.026,-21.882],[-56.034,-21.884],[-56.042,-21.881],[-56.044,-21.884],[-56.04,-21.894],[-56.046,-21.902],[-56.04,-21.916],[-56.045,-21.912],[-56.053,-21.913],[-56.054,-21.898],[-56.066,-21.894],[-56.062,-21.884],[-56.068,-21.886],[-56.077,-21.895],[-56.091,-21.894],[-56.097,-21.88],[-56.106,-21.877],[-56.112,-21.871],[-56.121,-21.874],[-56.131,-21.872],[-56.137,-21.876],[-56.149,-21.87],[-56.151,-21.847],[-56.156,-21.841],[-56.152,-21.833],[-56.161,-21.813],[-56.158,-21.807],[-56.167,-21.805],[-56.186,-21.798],[-56.205,-21.799],[-56.215,-21.794],[-56.224,-21.798],[-56.239,-21.785],[-56.244,-21.774],[-56.253,-21.769],[-56.262,-21.769],[-56.262,-21.746],[-56.282,-21.696],[-56.281,-21.669],[-56.329,-21.647],[-56.328,-21.643],[-56.358,-21.628],[-56.402,-21.64],[-56.424,-21.637],[-56.436,-21.637],[-56.447,-21.632],[-56.482,-21.629],[-56.49,-21.621],[-56.5,-21.612],[-56.513,-21.61],[-56.522,-21.605],[-56.529,-21.556],[-56.575,-21.547],[-56.623,-21.55],[-56.665,-21.593],[-56.697,-21.537],[-56.738,-21.563],[-56.764,-21.568],[-56.807,-21.567],[-56.825,-21.566],[-56.845,-21.557],[-56.852,-21.563],[-56.884,-21.568],[-56.899,-21.578],[-56.91,-21.579],[-56.916,-21.591],[-56.926,-21.586],[-56.931,-21.59],[-56.937,-21.589],[-56.937,-21.576],[-56.93,-21.572],[-56.934,-21.563],[-56.925,-21.55],[-56.918,-21.55],[-56.92,-21.543],[-56.924,-21.541],[-56.924,-21.534],[-56.916,-21.534],[-56.904,-21.522],[-56.895,-21.519],[-56.896,-21.516],[-56.901,-21.515],[-56.9,-21.51],[-56.889,-21.51],[-56.884,-21.502],[-56.875,-21.499],[-56.873,-21.495],[-56.876,-21.491],[-56.868,-21.481],[-56.862,-21.481],[-56.86,-21.476],[-56.857,-21.476],[-56.859,-21.467],[-56.851,-21.46],[-56.845,-21.459],[-56.848,-21.462],[-56.845,-21.464],[-56.841,-21.461],[-56.825,-21.463],[-56.826,-21.47],[-56.816,-21.474],[-56.819,-21.476],[-56.816,-21.483],[-56.81,-21.486],[-56.804,-21.478],[-56.807,-21.474],[-56.798,-21.472],[-56.8,-21.466],[-56.805,-21.464],[-56.804,-21.454],[-56.792,-21.447],[-56.79,-21.451],[-56.786,-21.447],[-56.781,-21.445],[-56.765,-21.45],[-56.746,-21.443],[-56.731,-21.443],[-56.718,-21.426],[-56.703,-21.422],[-56.699,-21.414],[-56.698,-21.397],[-56.625,-21.426],[-56.617,-21.422],[-56.598,-21.431],[-56.572,-21.431],[-56.556,-21.422],[-56.539,-21.426],[-56.528,-21.434],[-56.511,-21.433],[-56.498,-21.439],[-56.469,-21.436],[-56.462,-21.434],[-56.45,-21.424],[-56.439,-21.433],[-56.42,-21.43],[-56.391,-21.416],[-56.384,-21.419],[-56.368,-21.411],[-56.356,-21.417],[-56.336,-21.41],[-56.317,-21.416],[-56.313,-21.414],[-56.306,-21.415],[-56.289,-21.402],[-56.289,-21.395],[-56.295,-21.392],[-56.29,-21.386],[-56.294,-21.377],[-56.29,-21.372],[-56.293,-21.366],[-56.289,-21.363],[-56.289,-21.351],[-56.275,-21.351],[-56.268,-21.356],[-56.257,-21.359],[-56.256,-21.354],[-56.248,-21.351],[-56.247,-21.339],[-56.235,-21.339],[-56.232,-21.325],[-56.228,-21.324],[-56.231,-21.319],[-56.228,-21.311],[-56.233,-21.311],[-56.231,-21.292],[-56.226,-21.291],[-56.211,-21.302],[-56.211,-21.311],[-56.217,-21.322],[-56.212,-21.325],[-56.207,-21.331],[-56.211,-21.339],[-56.201,-21.343],[-56.205,-21.349],[-56.203,-21.355],[-56.211,-21.355]]]}},{"type":"Feature","properties":{"id":"5005103","nome":"Jate\u00ed"},"geometry":{"type":"Polygon","coordinates":[[[-54.348,-22.443],[-54.26,-22.479],[-54.259,-22.478],[-54.168,-22.514],[-54.113,-22.536],[-54.103,-22.565],[-54.102,-22.567],[-54.087,-22.559],[-54.076,-22.557],[-54.067,-22.56],[-54.051,-22.545],[-54.039,-22.548],[-54.027,-22.544],[-54.025,-22.548],[-53.999,-22.569],[-53.993,-22.568],[-53.985,-22.575],[-53.979,-22.596],[-53.969,-22.602],[-53.945,-22.632],[-53.925,-22.663],[-53.92,-22.665],[-53.914,-22.662],[-53.894,-22.675],[-53.884,-22.678],[-53.879,-22.685],[-53.873,-22.683],[-53.872,-22.688],[-53.863,-22.686],[-53.858,-22.694],[-53.84,-22.703],[-53.832,-22.705],[-53.825,-22.71],[-53.805,-22.713],[-53.795,-22.724],[-53.784,-22.729],[-53.778,-22.727],[-53.777,-22.731],[-53.766,-22.728],[-53.761,-22.731],[-53.753,-22.728],[-53.748,-22.723],[-53.734,-22.722],[-53.722,-22.715],[-53.717,-22.717],[-53.712,-22.714],[-53.708,-22.718],[-53.696,-22.71],[-53.68,-22.714],[-53.668,-22.708],[-53.662,-22.709],[-53.662,-22.705],[-53.656,-22.702],[-53.651,-22.707],[-53.639,-22.699],[-53.623,-22.696],[-53.617,-22.681],[-53.596,-22.662],[-53.572,-22.668],[-53.568,-22.665],[-53.567,-22.67],[-53.558,-22.666],[-53.561,-22.681],[-53.546,-22.689],[-53.547,-22.709],[-53.533,-22.715],[-53.541,-22.734],[-53.54,-22.743],[-53.525,-22.736],[-53.52,-22.738],[-53.523,-22.756],[-53.502,-22.746],[-53.489,-22.746],[-53.487,-22.76],[-53.493,-22.763],[-53.502,-22.761],[-53.513,-22.772],[-53.515,-22.78],[-53.523,-22.791],[-53.561,-22.811],[-53.567,-22.834],[-53.59,-22.842],[-53.611,-22.859],[-53.623,-22.9],[-53.632,-22.908],[-53.648,-22.912],[-53.651,-22.918],[-53.652,-22.935],[-53.648,-22.957],[-53.656,-22.973],[-53.655,-22.98],[-53.659,-22.978],[-53.658,-22.964],[-53.674,-22.96],[-53.689,-22.939],[-53.704,-22.931],[-53.725,-22.936],[-53.732,-22.934],[-53.743,-22.926],[-53.749,-22.919],[-53.749,-22.911],[-53.758,-22.901],[-53.782,-22.895],[-53.797,-22.898],[-53.825,-22.897],[-53.853,-22.886],[-53.862,-22.878],[-53.887,-22.873],[-53.919,-22.869],[-53.942,-22.861],[-53.959,-22.843],[-53.977,-22.835],[-53.981,-22.823],[-53.997,-22.813],[-54.007,-22.795],[-54.027,-22.783],[-54.051,-22.774],[-54.059,-22.773],[-54.09,-22.756],[-54.126,-22.723],[-54.147,-22.71],[-54.169,-22.711],[-54.192,-22.721],[-54.227,-22.71],[-54.326,-22.586],[-54.354,-22.609],[-54.372,-22.618],[-54.386,-22.63],[-54.405,-22.633],[-54.419,-22.631],[-54.43,-22.625],[-54.392,-22.543],[-54.383,-22.523],[-54.365,-22.483],[-54.348,-22.443]]]}},{"type":"Feature","properties":{"id":"5005152","nome":"Juti"},"geometry":{"type":"Polygon","coordinates":[[[-54.326,-22.586],[-54.227,-22.71],[-54.192,-22.721],[-54.169,-22.711],[-54.147,-22.71],[-54.126,-22.723],[-54.09,-22.756],[-54.101,-22.758],[-54.111,-22.767],[-54.125,-22.773],[-54.141,-22.775],[-54.147,-22.779],[-54.155,-22.773],[-54.169,-22.766],[-54.343,-22.803],[-54.349,-22.804],[-54.426,-22.822],[-54.427,-22.834],[-54.419,-22.848],[-54.417,-22.864],[-54.428,-22.876],[-54.43,-22.886],[-54.428,-22.923],[-54.433,-22.929],[-54.431,-22.94],[-54.434,-22.959],[-54.441,-22.97],[-54.449,-23.002],[-54.467,-23.041],[-54.473,-23.042],[-54.466,-23.047],[-54.47,-23.05],[-54.475,-23.049],[-54.474,-23.039],[-54.48,-23.04],[-54.49,-23.03],[-54.496,-23.03],[-54.502,-23.024],[-54.499,-23.02],[-54.51,-23.015],[-54.512,-23.008],[-54.523,-23.001],[-54.522,-22.995],[-54.517,-22.993],[-54.524,-22.988],[-54.533,-22.988],[-54.532,-22.97],[-54.537,-22.971],[-54.543,-22.969],[-54.549,-22.974],[-54.556,-22.977],[-54.558,-22.971],[-54.562,-22.974],[-54.564,-22.972],[-54.575,-22.972],[-54.582,-22.968],[-54.582,-22.956],[-54.583,-22.953],[-54.608,-22.939],[-54.623,-22.923],[-54.627,-22.922],[-54.629,-22.922],[-54.641,-22.932],[-54.649,-22.915],[-54.661,-22.917],[-54.664,-22.905],[-54.669,-22.905],[-54.684,-22.892],[-54.696,-22.886],[-54.701,-22.895],[-54.718,-22.891],[-54.727,-22.894],[-54.731,-22.888],[-54.737,-22.888],[-54.739,-22.884],[-54.735,-22.884],[-54.734,-22.879],[-54.736,-22.865],[-54.749,-22.847],[-54.742,-22.83],[-54.743,-22.796],[-54.744,-22.771],[-54.742,-22.764],[-54.724,-22.747],[-54.711,-22.718],[-54.658,-22.693],[-54.668,-22.683],[-54.683,-22.669],[-54.689,-22.654],[-54.691,-22.639],[-54.701,-22.624],[-54.677,-22.625],[-54.646,-22.636],[-54.617,-22.629],[-54.597,-22.629],[-54.569,-22.617],[-54.548,-22.612],[-54.529,-22.605],[-54.5,-22.605],[-54.472,-22.592],[-54.454,-22.619],[-54.439,-22.62],[-54.43,-22.625],[-54.419,-22.631],[-54.405,-22.633],[-54.386,-22.63],[-54.372,-22.618],[-54.354,-22.609],[-54.326,-22.586]]]}},{"type":"Feature","properties":{"id":"5005202","nome":"Lad\u00e1rio"},"geometry":{"type":"Polygon","coordinates":[[[-57.579,-19.003],[-57.55,-19.017],[-57.526,-19.01],[-57.509,-19.019],[-57.483,-19.02],[-57.467,-19.025],[-57.465,-19.04],[-57.468,-19.049],[-57.47,-19.071],[-57.478,-19.081],[-57.492,-19.096],[-57.502,-19.124],[-57.506,-19.168],[-57.502,-19.181],[-57.503,-19.19],[-57.511,-19.197],[-57.527,-19.193],[-57.582,-19.19],[-57.596,-19.186],[-57.613,-19.187],[-57.642,-19.178],[-57.66,-19.172],[-57.67,-19.167],[-57.674,-19.148],[-57.677,-19.136],[-57.674,-19.124],[-57.66,-19.107],[-57.663,-19.09],[-57.647,-19.085],[-57.64,-19.066],[-57.64,-19.06],[-57.632,-19.03],[-57.624,-19.023],[-57.613,-19.0],[-57.612,-19.0],[-57.603,-19.0],[-57.579,-19.003]]]}},{"type":"Feature","properties":{"id":"5005251","nome":"Laguna Carap\u00e3"},"geometry":{"type":"Polygon","coordinates":[[[-54.964,-22.364],[-54.965,-22.395],[-54.97,-22.414],[-54.981,-22.433],[-54.98,-22.438],[-54.994,-22.465],[-55.011,-22.479],[-55.022,-22.5],[-55.046,-22.504],[-55.053,-22.522],[-55.069,-22.539],[-55.096,-22.547],[-55.101,-22.592],[-55.111,-22.598],[-55.126,-22.608],[-55.128,-22.633],[-55.123,-22.644],[-55.117,-22.649],[-55.09,-22.657],[-55.087,-22.663],[-55.074,-22.67],[-55.056,-22.671],[-55.048,-22.676],[-55.041,-22.674],[-55.031,-22.681],[-55.028,-22.69],[-55.023,-22.692],[-55.022,-22.697],[-55.013,-22.696],[-54.997,-22.702],[-54.994,-22.707],[-54.987,-22.71],[-54.989,-22.718],[-54.983,-22.719],[-54.984,-22.724],[-54.979,-22.729],[-54.975,-22.726],[-54.973,-22.729],[-54.964,-22.73],[-54.968,-22.737],[-54.965,-22.744],[-54.97,-22.751],[-54.963,-22.753],[-54.961,-22.759],[-54.958,-22.759],[-54.955,-22.764],[-54.948,-22.762],[-54.943,-22.768],[-54.943,-22.761],[-54.934,-22.758],[-54.935,-22.763],[-54.929,-22.766],[-54.932,-22.77],[-54.924,-22.776],[-54.927,-22.781],[-54.919,-22.783],[-54.918,-22.787],[-54.928,-22.787],[-54.925,-22.793],[-54.931,-22.795],[-54.929,-22.799],[-54.921,-22.797],[-54.916,-22.8],[-54.914,-22.796],[-54.909,-22.798],[-54.905,-22.795],[-54.904,-22.813],[-54.899,-22.815],[-54.891,-22.81],[-54.877,-22.82],[-54.868,-22.82],[-54.867,-22.823],[-54.859,-22.829],[-54.848,-22.832],[-54.85,-22.837],[-54.839,-22.84],[-54.838,-22.843],[-54.829,-22.847],[-54.821,-22.847],[-54.822,-22.854],[-54.816,-22.862],[-54.819,-22.865],[-54.813,-22.87],[-54.815,-22.875],[-54.826,-22.877],[-54.828,-22.881],[-54.833,-22.876],[-54.836,-22.878],[-54.84,-22.888],[-54.845,-22.883],[-54.849,-22.886],[-54.856,-22.882],[-54.867,-22.881],[-54.872,-22.875],[-54.876,-22.883],[-54.906,-22.891],[-54.905,-22.909],[-54.912,-22.907],[-54.922,-22.913],[-54.924,-22.924],[-54.934,-22.92],[-54.951,-22.925],[-54.956,-22.92],[-54.958,-22.927],[-54.952,-22.935],[-54.97,-22.946],[-54.977,-22.942],[-54.98,-22.926],[-54.986,-22.925],[-54.984,-22.91],[-54.99,-22.911],[-54.991,-22.904],[-55.004,-22.913],[-55.018,-22.91],[-55.033,-22.924],[-55.041,-22.919],[-55.048,-22.926],[-55.056,-22.914],[-55.072,-22.917],[-55.073,-22.912],[-55.065,-22.912],[-55.064,-22.905],[-55.073,-22.9],[-55.076,-22.894],[-55.081,-22.897],[-55.086,-22.894],[-55.096,-22.902],[-55.103,-22.893],[-55.113,-22.895],[-55.116,-22.902],[-55.123,-22.903],[-55.13,-22.919],[-55.15,-22.911],[-55.153,-22.916],[-55.156,-22.911],[-55.162,-22.912],[-55.167,-22.905],[-55.163,-22.9],[-55.165,-22.884],[-55.187,-22.872],[-55.191,-22.869],[-55.196,-22.871],[-55.197,-22.866],[-55.206,-22.856],[-55.216,-22.861],[-55.219,-22.849],[-55.233,-22.846],[-55.244,-22.826],[-55.236,-22.817],[-55.234,-22.805],[-55.245,-22.803],[-55.249,-22.805],[-55.249,-22.81],[-55.252,-22.807],[-55.256,-22.81],[-55.262,-22.804],[-55.262,-22.797],[-55.27,-22.79],[-55.265,-22.785],[-55.273,-22.784],[-55.272,-22.78],[-55.284,-22.775],[-55.285,-22.771],[-55.286,-22.768],[-55.289,-22.76],[-55.303,-22.76],[-55.305,-22.754],[-55.309,-22.753],[-55.307,-22.737],[-55.311,-22.724],[-55.316,-22.73],[-55.318,-22.724],[-55.328,-22.722],[-55.334,-22.726],[-55.344,-22.726],[-55.339,-22.716],[-55.353,-22.715],[-55.353,-22.708],[-55.357,-22.701],[-55.356,-22.667],[-55.366,-22.653],[-55.356,-22.612],[-55.364,-22.562],[-55.362,-22.552],[-55.345,-22.54],[-55.352,-22.523],[-55.366,-22.528],[-55.368,-22.523],[-55.339,-22.507],[-55.349,-22.486],[-55.344,-22.483],[-55.324,-22.482],[-55.312,-22.497],[-55.3,-22.494],[-55.297,-22.491],[-55.293,-22.492],[-55.294,-22.483],[-55.282,-22.486],[-55.278,-22.481],[-55.272,-22.486],[-55.252,-22.474],[-55.25,-22.481],[-55.245,-22.483],[-55.242,-22.482],[-55.243,-22.475],[-55.233,-22.478],[-55.231,-22.468],[-55.214,-22.461],[-55.203,-22.445],[-55.193,-22.445],[-55.188,-22.438],[-55.171,-22.436],[-55.159,-22.425],[-55.151,-22.424],[-55.148,-22.418],[-55.136,-22.417],[-55.134,-22.412],[-55.125,-22.41],[-55.118,-22.404],[-55.113,-22.414],[-55.1,-22.416],[-55.089,-22.424],[-55.07,-22.417],[-55.065,-22.418],[-55.058,-22.411],[-55.054,-22.411],[-55.054,-22.394],[-55.049,-22.388],[-55.042,-22.368],[-55.024,-22.37],[-55.017,-22.364],[-55.013,-22.369],[-55.004,-22.366],[-55.002,-22.361],[-54.984,-22.357],[-54.981,-22.359],[-54.975,-22.363],[-54.964,-22.364]]]}},{"type":"Feature","properties":{"id":"5005400","nome":"Maracaju"},"geometry":{"type":"Polygon","coordinates":[[[-55.308,-21.104],[-55.322,-21.114],[-55.32,-21.125],[-55.309,-21.131],[-55.307,-21.138],[-55.315,-21.15],[-55.317,-21.167],[-55.326,-21.168],[-55.33,-21.173],[-55.322,-21.177],[-55.323,-21.185],[-55.327,-21.185],[-55.33,-21.19],[-55.329,-21.197],[-55.319,-21.2],[-55.314,-21.207],[-55.319,-21.215],[-55.316,-21.234],[-55.319,-21.242],[-55.301,-21.248],[-55.298,-21.26],[-55.295,-21.264],[-55.297,-21.271],[-55.294,-21.276],[-55.297,-21.289],[-55.303,-21.296],[-55.302,-21.303],[-55.291,-21.308],[-55.282,-21.319],[-55.295,-21.333],[-55.296,-21.335],[-55.299,-21.344],[-55.285,-21.354],[-55.284,-21.367],[-55.278,-21.372],[-55.275,-21.387],[-55.268,-21.392],[-55.27,-21.4],[-55.262,-21.399],[-55.257,-21.408],[-55.238,-21.406],[-55.24,-21.415],[-55.231,-21.419],[-55.224,-21.419],[-55.222,-21.423],[-55.213,-21.426],[-55.21,-21.442],[-55.195,-21.459],[-55.191,-21.445],[-55.167,-21.459],[-55.174,-21.479],[-55.156,-21.484],[-55.15,-21.475],[-55.139,-21.477],[-55.142,-21.488],[-55.138,-21.498],[-55.146,-21.504],[-55.138,-21.512],[-55.129,-21.506],[-55.124,-21.507],[-55.126,-21.514],[-55.12,-21.519],[-55.12,-21.523],[-55.131,-21.532],[-55.14,-21.533],[-55.132,-21.538],[-55.126,-21.538],[-55.117,-21.533],[-55.114,-21.538],[-55.102,-21.541],[-55.101,-21.549],[-55.105,-21.554],[-55.096,-21.56],[-55.096,-21.571],[-55.087,-21.566],[-55.089,-21.559],[-55.077,-21.556],[-55.071,-21.562],[-55.064,-21.557],[-55.057,-21.564],[-55.063,-21.567],[-55.058,-21.587],[-55.046,-21.582],[-55.043,-21.566],[-55.037,-21.569],[-55.033,-21.582],[-55.027,-21.586],[-55.024,-21.594],[-55.017,-21.594],[-55.025,-21.611],[-55.012,-21.621],[-55.015,-21.624],[-55.007,-21.625],[-54.994,-21.618],[-54.987,-21.624],[-54.987,-21.636],[-54.994,-21.643],[-54.992,-21.646],[-54.986,-21.644],[-54.985,-21.648],[-54.997,-21.663],[-54.984,-21.661],[-54.958,-21.671],[-54.955,-21.676],[-54.947,-21.691],[-54.936,-21.682],[-54.934,-21.69],[-54.939,-21.7],[-54.92,-21.697],[-54.922,-21.708],[-54.928,-21.711],[-54.926,-21.716],[-54.94,-21.719],[-54.934,-21.727],[-54.924,-21.728],[-54.921,-21.729],[-54.918,-21.742],[-54.913,-21.742],[-54.908,-21.749],[-54.905,-21.745],[-54.896,-21.746],[-54.896,-21.758],[-54.879,-21.77],[-54.87,-21.764],[-54.858,-21.771],[-54.859,-21.78],[-54.855,-21.777],[-54.849,-21.781],[-54.846,-21.778],[-54.835,-21.79],[-54.83,-21.788],[-54.831,-21.814],[-54.834,-21.821],[-54.837,-21.819],[-54.837,-21.821],[-54.828,-21.824],[-54.829,-21.83],[-54.836,-21.838],[-54.848,-21.844],[-54.864,-21.829],[-54.869,-21.83],[-54.879,-21.824],[-54.887,-21.828],[-54.913,-21.822],[-54.923,-21.823],[-54.939,-21.812],[-54.944,-21.806],[-54.963,-21.809],[-54.981,-21.82],[-54.99,-21.84],[-54.991,-21.856],[-54.997,-21.868],[-55.01,-21.887],[-55.016,-21.886],[-55.034,-21.899],[-55.042,-21.894],[-55.089,-21.908],[-55.096,-21.904],[-55.103,-21.904],[-55.129,-21.915],[-55.144,-21.917],[-55.158,-21.921],[-55.177,-21.912],[-55.222,-21.924],[-55.241,-21.924],[-55.288,-21.911],[-55.292,-21.903],[-55.293,-21.903],[-55.302,-21.904],[-55.316,-21.896],[-55.343,-21.895],[-55.364,-21.88],[-55.374,-21.882],[-55.379,-21.889],[-55.389,-21.893],[-55.394,-21.893],[-55.395,-21.887],[-55.402,-21.889],[-55.407,-21.895],[-55.411,-21.893],[-55.411,-21.883],[-55.417,-21.88],[-55.42,-21.868],[-55.439,-21.879],[-55.442,-21.868],[-55.446,-21.868],[-55.448,-21.872],[-55.452,-21.87],[-55.451,-21.873],[-55.457,-21.87],[-55.467,-21.874],[-55.462,-21.861],[-55.467,-21.865],[-55.473,-21.864],[-55.474,-21.858],[-55.47,-21.855],[-55.486,-21.853],[-55.485,-21.846],[-55.49,-21.843],[-55.502,-21.852],[-55.507,-21.851],[-55.512,-21.846],[-55.508,-21.832],[-55.521,-21.823],[-55.527,-21.83],[-55.528,-21.819],[-55.534,-21.819],[-55.539,-21.815],[-55.542,-21.799],[-55.552,-21.809],[-55.567,-21.797],[-55.577,-21.803],[-55.582,-21.801],[-55.587,-21.808],[-55.59,-21.807],[-55.595,-21.799],[-55.6,-21.799],[-55.612,-21.786],[-55.629,-21.785],[-55.637,-21.788],[-55.651,-21.784],[-55.664,-21.779],[-55.678,-21.763],[-55.696,-21.761],[-55.71,-21.754],[-55.73,-21.786],[-55.733,-21.781],[-55.75,-21.765],[-55.759,-21.751],[-55.764,-21.731],[-55.775,-21.727],[-55.782,-21.721],[-55.787,-21.702],[-55.792,-21.704],[-55.797,-21.701],[-55.794,-21.694],[-55.8,-21.691],[-55.806,-21.682],[-55.811,-21.684],[-55.816,-21.674],[-55.812,-21.673],[-55.82,-21.672],[-55.819,-21.665],[-55.828,-21.662],[-55.829,-21.656],[-55.835,-21.658],[-55.836,-21.655],[-55.831,-21.653],[-55.831,-21.647],[-55.827,-21.64],[-55.833,-21.638],[-55.832,-21.633],[-55.84,-21.636],[-55.838,-21.627],[-55.83,-21.626],[-55.827,-21.635],[-55.82,-21.637],[-55.818,-21.647],[-55.815,-21.643],[-55.81,-21.646],[-55.809,-21.64],[-55.804,-21.643],[-55.803,-21.636],[-55.798,-21.633],[-55.804,-21.631],[-55.813,-21.637],[-55.815,-21.631],[-55.807,-21.626],[-55.809,-21.621],[-55.818,-21.62],[-55.819,-21.616],[-55.814,-21.61],[-55.823,-21.613],[-55.821,-21.607],[-55.829,-21.608],[-55.815,-21.594],[-55.813,-21.605],[-55.807,-21.599],[-55.805,-21.604],[-55.81,-21.616],[-55.801,-21.615],[-55.799,-21.625],[-55.795,-21.626],[-55.793,-21.622],[-55.794,-21.611],[-55.786,-21.619],[-55.785,-21.614],[-55.782,-21.616],[-55.781,-21.613],[-55.775,-21.615],[-55.774,-21.623],[-55.767,-21.623],[-55.763,-21.619],[-55.762,-21.635],[-55.76,-21.629],[-55.756,-21.629],[-55.744,-21.645],[-55.746,-21.635],[-55.758,-21.623],[-55.759,-21.618],[-55.77,-21.613],[-55.77,-21.609],[-55.769,-21.604],[-55.764,-21.606],[-55.762,-21.611],[-55.76,-21.613],[-55.753,-21.615],[-55.75,-21.621],[-55.74,-21.621],[-55.748,-21.611],[-55.747,-21.605],[-55.751,-21.608],[-55.757,-21.607],[-55.757,-21.588],[-55.75,-21.585],[-55.76,-21.584],[-55.768,-21.597],[-55.778,-21.599],[-55.778,-21.593],[-55.79,-21.597],[-55.787,-21.589],[-55.775,-21.584],[-55.779,-21.58],[-55.797,-21.58],[-55.8,-21.567],[-55.795,-21.574],[-55.79,-21.574],[-55.791,-21.569],[-55.788,-21.567],[-55.778,-21.568],[-55.786,-21.563],[-55.785,-21.557],[-55.774,-21.557],[-55.783,-21.547],[-55.784,-21.553],[-55.791,-21.555],[-55.79,-21.558],[-55.795,-21.563],[-55.797,-21.559],[-55.804,-21.562],[-55.802,-21.558],[-55.805,-21.551],[-55.799,-21.545],[-55.813,-21.545],[-55.821,-21.53],[-55.817,-21.53],[-55.817,-21.535],[-55.811,-21.536],[-55.806,-21.525],[-55.8,-21.53],[-55.794,-21.524],[-55.79,-21.529],[-55.78,-21.522],[-55.795,-21.519],[-55.79,-21.511],[-55.793,-21.506],[-55.796,-21.513],[-55.802,-21.515],[-55.805,-21.512],[-55.801,-21.494],[-55.814,-21.503],[-55.815,-21.496],[-55.826,-21.498],[-55.826,-21.486],[-55.836,-21.486],[-55.837,-21.475],[-55.826,-21.483],[-55.823,-21.482],[-55.832,-21.465],[-55.818,-21.457],[-55.821,-21.449],[-55.828,-21.451],[-55.828,-21.446],[-55.813,-21.442],[-55.815,-21.45],[-55.81,-21.45],[-55.804,-21.457],[-55.8,-21.453],[-55.8,-21.46],[-55.797,-21.457],[-55.794,-21.459],[-55.794,-21.463],[-55.788,-21.467],[-55.792,-21.455],[-55.779,-21.459],[-55.778,-21.451],[-55.771,-21.449],[-55.776,-21.445],[-55.781,-21.447],[-55.789,-21.441],[-55.788,-21.437],[-55.793,-21.439],[-55.794,-21.433],[-55.801,-21.434],[-55.803,-21.428],[-55.81,-21.425],[-55.802,-21.422],[-55.8,-21.425],[-55.795,-21.423],[-55.788,-21.41],[-55.785,-21.41],[-55.782,-21.42],[-55.786,-21.425],[-55.782,-21.432],[-55.769,-21.427],[-55.778,-21.438],[-55.768,-21.441],[-55.755,-21.428],[-55.754,-21.436],[-55.765,-21.442],[-55.758,-21.449],[-55.756,-21.463],[-55.75,-21.458],[-55.746,-21.444],[-55.742,-21.444],[-55.743,-21.451],[-55.738,-21.455],[-55.741,-21.464],[-55.726,-21.46],[-55.731,-21.457],[-55.731,-21.452],[-55.725,-21.442],[-55.735,-21.439],[-55.729,-21.436],[-55.735,-21.431],[-55.744,-21.433],[-55.745,-21.428],[-55.735,-21.428],[-55.743,-21.418],[-55.748,-21.42],[-55.747,-21.414],[-55.742,-21.412],[-55.748,-21.403],[-55.742,-21.405],[-55.743,-21.399],[-55.738,-21.398],[-55.74,-21.385],[-55.736,-21.386],[-55.728,-21.394],[-55.732,-21.398],[-55.733,-21.404],[-55.723,-21.401],[-55.734,-21.42],[-55.729,-21.428],[-55.722,-21.427],[-55.718,-21.442],[-55.715,-21.44],[-55.715,-21.426],[-55.71,-21.421],[-55.712,-21.419],[-55.708,-21.416],[-55.707,-21.421],[-55.7,-21.423],[-55.711,-21.437],[-55.7,-21.434],[-55.705,-21.44],[-55.705,-21.447],[-55.701,-21.45],[-55.704,-21.466],[-55.698,-21.467],[-55.695,-21.474],[-55.697,-21.462],[-55.692,-21.456],[-55.695,-21.447],[-55.693,-21.445],[-55.687,-21.451],[-55.691,-21.467],[-55.688,-21.465],[-55.686,-21.468],[-55.677,-21.462],[-55.68,-21.472],[-55.677,-21.473],[-55.682,-21.484],[-55.676,-21.489],[-55.672,-21.473],[-55.668,-21.489],[-55.663,-21.492],[-55.662,-21.483],[-55.654,-21.483],[-55.659,-21.477],[-55.657,-21.474],[-55.664,-21.472],[-55.664,-21.468],[-55.653,-21.468],[-55.655,-21.463],[-55.651,-21.459],[-55.658,-21.458],[-55.655,-21.453],[-55.659,-21.449],[-55.663,-21.452],[-55.666,-21.443],[-55.679,-21.439],[-55.674,-21.437],[-55.676,-21.432],[-55.682,-21.43],[-55.679,-21.425],[-55.67,-21.424],[-55.67,-21.414],[-55.675,-21.407],[-55.69,-21.405],[-55.691,-21.397],[-55.686,-21.402],[-55.676,-21.395],[-55.678,-21.402],[-55.673,-21.408],[-55.653,-21.412],[-55.662,-21.421],[-55.657,-21.418],[-55.653,-21.421],[-55.65,-21.415],[-55.64,-21.423],[-55.638,-21.42],[-55.636,-21.425],[-55.626,-21.423],[-55.635,-21.42],[-55.629,-21.415],[-55.642,-21.414],[-55.645,-21.409],[-55.632,-21.401],[-55.652,-21.402],[-55.652,-21.394],[-55.663,-21.401],[-55.659,-21.381],[-55.649,-21.389],[-55.646,-21.385],[-55.64,-21.39],[-55.632,-21.373],[-55.64,-21.381],[-55.646,-21.38],[-55.65,-21.377],[-55.646,-21.371],[-55.647,-21.369],[-55.656,-21.376],[-55.664,-21.377],[-55.67,-21.388],[-55.674,-21.382],[-55.679,-21.382],[-55.684,-21.389],[-55.689,-21.383],[-55.702,-21.39],[-55.701,-21.383],[-55.704,-21.377],[-55.693,-21.38],[-55.685,-21.376],[-55.679,-21.381],[-55.678,-21.376],[-55.673,-21.38],[-55.658,-21.366],[-55.66,-21.364],[-55.676,-21.368],[-55.675,-21.364],[-55.678,-21.363],[-55.671,-21.354],[-55.665,-21.357],[-55.66,-21.355],[-55.67,-21.349],[-55.664,-21.345],[-55.652,-21.346],[-55.648,-21.34],[-55.655,-21.342],[-55.66,-21.335],[-55.664,-21.34],[-55.668,-21.336],[-55.669,-21.341],[-55.676,-21.344],[-55.678,-21.342],[-55.689,-21.358],[-55.689,-21.367],[-55.694,-21.367],[-55.695,-21.358],[-55.691,-21.352],[-55.693,-21.347],[-55.698,-21.349],[-55.701,-21.346],[-55.695,-21.342],[-55.691,-21.343],[-55.689,-21.339],[-55.684,-21.339],[-55.684,-21.335],[-55.679,-21.332],[-55.676,-21.329],[-55.678,-21.325],[-55.698,-21.331],[-55.701,-21.331],[-55.683,-21.317],[-55.7,-21.316],[-55.688,-21.314],[-55.682,-21.309],[-55.68,-21.316],[-55.667,-21.315],[-55.677,-21.312],[-55.67,-21.305],[-55.677,-21.301],[-55.7,-21.3],[-55.711,-21.305],[-55.708,-21.3],[-55.7,-21.294],[-55.698,-21.298],[-55.694,-21.296],[-55.693,-21.291],[-55.684,-21.292],[-55.683,-21.297],[-55.668,-21.3],[-55.664,-21.286],[-55.668,-21.287],[-55.67,-21.284],[-55.682,-21.281],[-55.668,-21.273],[-55.669,-21.27],[-55.66,-21.268],[-55.662,-21.265],[-55.668,-21.266],[-55.668,-21.263],[-55.677,-21.272],[-55.683,-21.272],[-55.679,-21.265],[-55.682,-21.261],[-55.685,-21.267],[-55.689,-21.265],[-55.689,-21.274],[-55.693,-21.271],[-55.698,-21.276],[-55.697,-21.273],[-55.702,-21.267],[-55.693,-21.264],[-55.687,-21.253],[-55.711,-21.257],[-55.695,-21.249],[-55.695,-21.244],[-55.689,-21.246],[-55.69,-21.239],[-55.678,-21.241],[-55.676,-21.252],[-55.674,-21.244],[-55.668,-21.242],[-55.666,-21.238],[-55.677,-21.234],[-55.675,-21.225],[-55.693,-21.226],[-55.678,-21.22],[-55.692,-21.212],[-55.678,-21.215],[-55.671,-21.219],[-55.67,-21.211],[-55.663,-21.212],[-55.664,-21.208],[-55.674,-21.204],[-55.677,-21.198],[-55.686,-21.197],[-55.68,-21.197],[-55.674,-21.191],[-55.673,-21.2],[-55.663,-21.198],[-55.658,-21.209],[-55.651,-21.209],[-55.66,-21.226],[-55.649,-21.221],[-55.649,-21.231],[-55.643,-21.236],[-55.642,-21.225],[-55.637,-21.222],[-55.639,-21.227],[-55.629,-21.243],[-55.627,-21.233],[-55.619,-21.236],[-55.621,-21.232],[-55.632,-21.228],[-55.618,-21.213],[-55.623,-21.212],[-55.631,-21.221],[-55.64,-21.212],[-55.637,-21.203],[-55.633,-21.201],[-55.644,-21.197],[-55.654,-21.182],[-55.639,-21.19],[-55.641,-21.183],[-55.626,-21.193],[-55.622,-21.189],[-55.625,-21.185],[-55.62,-21.182],[-55.628,-21.182],[-55.626,-21.178],[-55.628,-21.172],[-55.626,-21.17],[-55.618,-21.173],[-55.625,-21.166],[-55.633,-21.167],[-55.631,-21.165],[-55.624,-21.164],[-55.612,-21.17],[-55.608,-21.18],[-55.604,-21.178],[-55.601,-21.17],[-55.597,-21.17],[-55.599,-21.165],[-55.606,-21.168],[-55.606,-21.165],[-55.611,-21.165],[-55.609,-21.156],[-55.614,-21.158],[-55.615,-21.154],[-55.624,-21.156],[-55.62,-21.151],[-55.625,-21.149],[-55.613,-21.138],[-55.637,-21.142],[-55.624,-21.132],[-55.632,-21.131],[-55.63,-21.128],[-55.623,-21.129],[-55.614,-21.125],[-55.627,-21.123],[-55.63,-21.111],[-55.634,-21.116],[-55.637,-21.115],[-55.645,-21.126],[-55.642,-21.116],[-55.649,-21.117],[-55.649,-21.112],[-55.631,-21.106],[-55.632,-21.102],[-55.641,-21.1],[-55.644,-21.093],[-55.654,-21.085],[-55.662,-21.086],[-55.673,-21.08],[-55.669,-21.076],[-55.656,-21.072],[-55.664,-21.079],[-55.662,-21.084],[-55.653,-21.082],[-55.65,-21.085],[-55.643,-21.085],[-55.639,-21.095],[-55.633,-21.091],[-55.627,-21.097],[-55.623,-21.095],[-55.626,-21.086],[-55.634,-21.075],[-55.626,-21.077],[-55.62,-21.085],[-55.618,-21.082],[-55.616,-21.09],[-55.611,-21.084],[-55.604,-21.091],[-55.607,-21.08],[-55.617,-21.073],[-55.615,-21.068],[-55.618,-21.066],[-55.624,-21.069],[-55.63,-21.065],[-55.617,-21.064],[-55.618,-21.056],[-55.612,-21.057],[-55.612,-21.066],[-55.605,-21.068],[-55.602,-21.065],[-55.592,-21.065],[-55.586,-21.052],[-55.589,-21.047],[-55.583,-21.043],[-55.583,-21.051],[-55.575,-21.048],[-55.58,-21.053],[-55.575,-21.054],[-55.574,-21.057],[-55.58,-21.062],[-55.573,-21.063],[-55.578,-21.067],[-55.587,-21.064],[-55.593,-21.071],[-55.586,-21.074],[-55.586,-21.081],[-55.583,-21.077],[-55.579,-21.078],[-55.578,-21.083],[-55.573,-21.079],[-55.568,-21.08],[-55.568,-21.074],[-55.561,-21.073],[-55.561,-21.066],[-55.549,-21.062],[-55.548,-21.056],[-55.554,-21.056],[-55.551,-21.046],[-55.545,-21.046],[-55.535,-21.051],[-55.519,-21.07],[-55.544,-21.058],[-55.546,-21.062],[-55.54,-21.067],[-55.541,-21.071],[-55.553,-21.069],[-55.551,-21.078],[-55.557,-21.078],[-55.567,-21.093],[-55.563,-21.097],[-55.557,-21.092],[-55.552,-21.092],[-55.553,-21.086],[-55.545,-21.081],[-55.54,-21.083],[-55.533,-21.075],[-55.527,-21.08],[-55.532,-21.092],[-55.533,-21.096],[-55.528,-21.094],[-55.528,-21.09],[-55.518,-21.089],[-55.518,-21.082],[-55.504,-21.088],[-55.504,-21.076],[-55.496,-21.076],[-55.492,-21.062],[-55.494,-21.058],[-55.49,-21.054],[-55.501,-21.044],[-55.497,-21.033],[-55.488,-21.041],[-55.488,-21.048],[-55.479,-21.051],[-55.481,-21.056],[-55.486,-21.056],[-55.485,-21.065],[-55.478,-21.066],[-55.469,-21.06],[-55.466,-21.062],[-55.468,-21.069],[-55.478,-21.076],[-55.479,-21.083],[-55.473,-21.076],[-55.466,-21.073],[-55.462,-21.066],[-55.446,-21.084],[-55.449,-21.09],[-55.441,-21.1],[-55.436,-21.095],[-55.423,-21.1],[-55.416,-21.096],[-55.407,-21.096],[-55.379,-21.105],[-55.346,-21.072],[-55.345,-21.07],[-55.341,-21.064],[-55.34,-21.062],[-55.331,-21.053],[-55.31,-21.042],[-55.303,-21.039],[-55.293,-21.021],[-55.277,-21.006],[-55.272,-21.006],[-55.281,-21.039],[-55.295,-21.053],[-55.296,-21.068],[-55.308,-21.08],[-55.308,-21.104]]]}},{"type":"Feature","properties":{"id":"5005608","nome":"Miranda"},"geometry":{"type":"Polygon","coordinates":[[[-56.989,-19.65],[-56.986,-19.659],[-56.994,-19.656],[-56.992,-19.662],[-56.999,-19.665],[-56.994,-19.685],[-56.991,-19.686],[-56.981,-19.679],[-56.972,-19.682],[-56.967,-19.679],[-56.959,-19.679],[-56.956,-19.682],[-56.964,-19.685],[-56.959,-19.693],[-56.953,-19.688],[-56.951,-19.692],[-56.941,-19.687],[-56.938,-19.695],[-56.934,-19.691],[-56.936,-19.685],[-56.912,-19.691],[-56.908,-19.682],[-56.903,-19.682],[-56.904,-19.686],[-56.898,-19.681],[-56.887,-19.691],[-56.887,-19.699],[-56.873,-19.698],[-56.873,-19.702],[-56.88,-19.703],[-56.875,-19.719],[-56.871,-19.719],[-56.871,-19.707],[-56.866,-19.715],[-56.854,-19.715],[-56.854,-19.721],[-56.847,-19.727],[-56.855,-19.731],[-56.857,-19.735],[-56.85,-19.731],[-56.843,-19.743],[-56.844,-19.752],[-56.841,-19.746],[-56.828,-19.755],[-56.825,-19.775],[-56.81,-19.781],[-56.81,-19.787],[-56.803,-19.786],[-56.801,-19.791],[-56.795,-19.786],[-56.786,-19.797],[-56.781,-19.797],[-56.777,-19.795],[-56.776,-19.787],[-56.771,-19.788],[-56.766,-19.781],[-56.758,-19.78],[-56.753,-19.774],[-56.739,-19.776],[-56.739,-19.783],[-56.732,-19.793],[-56.727,-19.791],[-56.723,-19.781],[-56.713,-19.784],[-56.714,-19.778],[-56.706,-19.771],[-56.707,-19.767],[-56.697,-19.765],[-56.689,-19.768],[-56.687,-19.773],[-56.676,-19.772],[-56.673,-19.778],[-56.665,-19.776],[-56.653,-19.783],[-56.646,-19.782],[-56.643,-19.788],[-56.648,-19.792],[-56.648,-19.805],[-56.636,-19.812],[-56.634,-19.826],[-56.628,-19.833],[-56.613,-19.823],[-56.585,-19.82],[-56.573,-19.813],[-56.556,-19.817],[-56.546,-19.814],[-56.533,-19.819],[-56.515,-19.812],[-56.497,-19.815],[-56.472,-19.829],[-56.453,-19.853],[-56.431,-19.868],[-56.421,-19.872],[-56.409,-19.872],[-56.396,-19.882],[-56.392,-19.891],[-56.384,-19.9],[-56.366,-19.906],[-56.348,-19.926],[-56.328,-19.932],[-56.322,-19.927],[-56.318,-19.938],[-56.305,-19.956],[-56.294,-19.963],[-56.29,-19.976],[-56.281,-19.985],[-56.26,-19.988],[-56.253,-20.005],[-56.247,-20.039],[-56.252,-20.052],[-56.248,-20.062],[-56.251,-20.069],[-56.243,-20.087],[-56.249,-20.106],[-56.245,-20.121],[-56.24,-20.125],[-56.239,-20.136],[-56.218,-20.164],[-56.216,-20.172],[-56.218,-20.177],[-56.226,-20.18],[-56.237,-20.194],[-56.238,-20.198],[-56.237,-20.203],[-56.23,-20.21],[-56.23,-20.23],[-56.222,-20.246],[-56.229,-20.254],[-56.237,-20.262],[-56.229,-20.269],[-56.226,-20.29],[-56.198,-20.307],[-56.191,-20.321],[-56.19,-20.33],[-56.18,-20.327],[-56.162,-20.329],[-56.159,-20.339],[-56.147,-20.349],[-56.149,-20.35],[-56.151,-20.353],[-56.147,-20.36],[-56.137,-20.354],[-56.131,-20.355],[-56.128,-20.358],[-56.137,-20.373],[-56.138,-20.381],[-56.126,-20.405],[-56.123,-20.424],[-56.128,-20.431],[-56.174,-20.429],[-56.181,-20.434],[-56.179,-20.444],[-56.152,-20.451],[-56.145,-20.491],[-56.137,-20.498],[-56.134,-20.507],[-56.132,-20.515],[-56.138,-20.538],[-56.137,-20.573],[-56.128,-20.608],[-56.14,-20.619],[-56.15,-20.618],[-56.154,-20.614],[-56.161,-20.619],[-56.168,-20.615],[-56.172,-20.616],[-56.175,-20.629],[-56.179,-20.627],[-56.184,-20.631],[-56.189,-20.623],[-56.196,-20.622],[-56.198,-20.617],[-56.202,-20.618],[-56.196,-20.61],[-56.2,-20.604],[-56.214,-20.604],[-56.218,-20.61],[-56.211,-20.613],[-56.216,-20.619],[-56.211,-20.63],[-56.216,-20.63],[-56.211,-20.635],[-56.21,-20.646],[-56.22,-20.642],[-56.23,-20.657],[-56.244,-20.647],[-56.245,-20.644],[-56.241,-20.639],[-56.248,-20.641],[-56.248,-20.634],[-56.253,-20.642],[-56.261,-20.636],[-56.266,-20.637],[-56.265,-20.643],[-56.274,-20.643],[-56.274,-20.635],[-56.281,-20.634],[-56.281,-20.623],[-56.277,-20.621],[-56.282,-20.616],[-56.288,-20.618],[-56.287,-20.612],[-56.294,-20.61],[-56.293,-20.6],[-56.299,-20.598],[-56.296,-20.593],[-56.307,-20.59],[-56.304,-20.581],[-56.297,-20.576],[-56.303,-20.574],[-56.314,-20.579],[-56.316,-20.587],[-56.318,-20.583],[-56.322,-20.582],[-56.322,-20.577],[-56.325,-20.578],[-56.323,-20.57],[-56.33,-20.569],[-56.331,-20.555],[-56.343,-20.552],[-56.351,-20.54],[-56.353,-20.544],[-56.352,-20.539],[-56.356,-20.538],[-56.349,-20.535],[-56.352,-20.532],[-56.363,-20.53],[-56.363,-20.525],[-56.357,-20.525],[-56.363,-20.523],[-56.367,-20.515],[-56.365,-20.512],[-56.37,-20.509],[-56.374,-20.498],[-56.377,-20.497],[-56.377,-20.492],[-56.373,-20.493],[-56.371,-20.488],[-56.375,-20.488],[-56.376,-20.483],[-56.381,-20.488],[-56.382,-20.484],[-56.388,-20.485],[-56.394,-20.478],[-56.394,-20.469],[-56.391,-20.468],[-56.397,-20.462],[-56.393,-20.461],[-56.394,-20.454],[-56.385,-20.452],[-56.385,-20.44],[-56.393,-20.436],[-56.393,-20.443],[-56.402,-20.44],[-56.399,-20.432],[-56.403,-20.43],[-56.395,-20.428],[-56.399,-20.424],[-56.391,-20.413],[-56.392,-20.409],[-56.396,-20.412],[-56.395,-20.405],[-56.4,-20.401],[-56.394,-20.399],[-56.396,-20.403],[-56.391,-20.402],[-56.394,-20.387],[-56.401,-20.388],[-56.405,-20.385],[-56.408,-20.384],[-56.403,-20.38],[-56.393,-20.375],[-56.4,-20.369],[-56.397,-20.368],[-56.395,-20.358],[-56.391,-20.357],[-56.393,-20.353],[-56.391,-20.35],[-56.398,-20.348],[-56.393,-20.345],[-56.394,-20.34],[-56.386,-20.335],[-56.393,-20.333],[-56.403,-20.336],[-56.416,-20.334],[-56.413,-20.344],[-56.42,-20.348],[-56.423,-20.321],[-56.442,-20.32],[-56.451,-20.314],[-56.457,-20.314],[-56.471,-20.329],[-56.494,-20.341],[-56.511,-20.345],[-56.517,-20.357],[-56.547,-20.362],[-56.557,-20.36],[-56.566,-20.367],[-56.57,-20.374],[-56.577,-20.37],[-56.677,-20.358],[-56.681,-20.363],[-56.677,-20.366],[-56.679,-20.374],[-56.683,-20.38],[-56.68,-20.385],[-56.685,-20.388],[-56.687,-20.384],[-56.694,-20.401],[-56.7,-20.396],[-56.702,-20.404],[-56.71,-20.402],[-56.715,-20.409],[-56.719,-20.409],[-56.722,-20.402],[-56.729,-20.4],[-56.74,-20.407],[-56.742,-20.404],[-56.752,-20.403],[-56.779,-20.416],[-56.8,-20.394],[-56.815,-20.39],[-56.819,-20.386],[-56.824,-20.364],[-56.827,-20.36],[-56.831,-20.361],[-56.833,-20.356],[-56.829,-20.343],[-56.831,-20.339],[-56.833,-20.312],[-56.828,-20.298],[-56.829,-20.284],[-56.825,-20.272],[-56.834,-20.265],[-56.844,-20.266],[-56.848,-20.268],[-56.861,-20.259],[-56.877,-20.256],[-56.887,-20.238],[-56.904,-20.237],[-56.909,-20.228],[-56.925,-20.215],[-56.929,-20.199],[-56.935,-20.193],[-56.946,-20.187],[-56.981,-20.18],[-56.995,-20.167],[-56.993,-20.154],[-56.997,-20.148],[-56.993,-20.131],[-57.002,-20.112],[-57.002,-20.1],[-57.007,-20.09],[-57.005,-20.061],[-57.001,-20.048],[-57.029,-20.038],[-57.026,-20.03],[-57.029,-20.014],[-57.042,-20.016],[-57.052,-20.013],[-57.059,-20.018],[-57.068,-20.016],[-57.042,-19.881],[-57.038,-19.857],[-56.995,-19.621],[-56.989,-19.621],[-56.993,-19.631],[-56.985,-19.637],[-56.983,-19.644],[-56.989,-19.65]]]}},{"type":"Feature","properties":{"id":"5005681","nome":"Mundo Novo"},"geometry":{"type":"Polygon","coordinates":[[[-54.36,-23.819],[-54.35,-23.828],[-54.344,-23.826],[-54.335,-23.836],[-54.323,-23.839],[-54.316,-23.832],[-54.315,-23.837],[-54.308,-23.84],[-54.305,-23.835],[-54.301,-23.838],[-54.301,-23.846],[-54.274,-23.86],[-54.265,-23.876],[-54.252,-23.895],[-54.246,-23.894],[-54.235,-23.902],[-54.233,-23.909],[-54.226,-23.909],[-54.228,-23.916],[-54.223,-23.91],[-54.215,-23.919],[-54.214,-23.91],[-54.211,-23.915],[-54.206,-23.914],[-54.211,-23.923],[-54.2,-23.92],[-54.199,-23.913],[-54.194,-23.924],[-54.193,-23.915],[-54.19,-23.915],[-54.186,-23.921],[-54.19,-23.924],[-54.187,-23.927],[-54.181,-23.924],[-54.177,-23.928],[-54.171,-23.927],[-54.161,-23.922],[-54.15,-23.922],[-54.145,-23.92],[-54.132,-23.917],[-54.122,-23.911],[-54.092,-23.87],[-54.083,-23.865],[-54.08,-23.891],[-54.101,-23.951],[-54.117,-23.971],[-54.129,-23.982],[-54.168,-23.999],[-54.221,-24.043],[-54.249,-24.055],[-54.259,-24.056],[-54.276,-24.062],[-54.289,-24.068],[-54.309,-24.046],[-54.313,-24.034],[-54.321,-24.024],[-54.319,-24.013],[-54.321,-24.007],[-54.345,-24.005],[-54.356,-24.006],[-54.369,-23.993],[-54.386,-23.984],[-54.4,-23.964],[-54.414,-23.96],[-54.426,-23.928],[-54.4,-23.921],[-54.382,-23.906],[-54.362,-23.903],[-54.369,-23.885],[-54.399,-23.88],[-54.406,-23.859],[-54.418,-23.852],[-54.395,-23.825],[-54.391,-23.813],[-54.37,-23.815],[-54.36,-23.819]]]}},{"type":"Feature","properties":{"id":"5005707","nome":"Navira\u00ed"},"geometry":{"type":"Polygon","coordinates":[[[-54.051,-22.774],[-54.027,-22.783],[-54.007,-22.795],[-53.997,-22.813],[-53.981,-22.823],[-53.977,-22.835],[-53.959,-22.843],[-53.942,-22.861],[-53.919,-22.869],[-53.887,-22.873],[-53.862,-22.878],[-53.853,-22.886],[-53.825,-22.897],[-53.797,-22.898],[-53.782,-22.895],[-53.758,-22.901],[-53.749,-22.911],[-53.749,-22.919],[-53.743,-22.926],[-53.732,-22.934],[-53.725,-22.936],[-53.704,-22.931],[-53.689,-22.939],[-53.674,-22.96],[-53.658,-22.964],[-53.659,-22.978],[-53.655,-22.98],[-53.649,-22.987],[-53.644,-22.999],[-53.633,-23.003],[-53.63,-23.011],[-53.636,-23.125],[-53.642,-23.131],[-53.66,-23.154],[-53.659,-23.165],[-53.693,-23.221],[-53.703,-23.252],[-53.705,-23.258],[-53.712,-23.278],[-53.714,-23.283],[-53.73,-23.319],[-53.762,-23.359],[-53.771,-23.372],[-53.79,-23.379],[-53.816,-23.385],[-53.876,-23.419],[-53.932,-23.445],[-53.96,-23.443],[-53.913,-23.404],[-53.881,-23.364],[-53.884,-23.358],[-53.878,-23.357],[-53.874,-23.351],[-53.868,-23.352],[-53.863,-23.343],[-53.858,-23.339],[-53.85,-23.342],[-53.852,-23.334],[-53.847,-23.328],[-53.829,-23.33],[-53.831,-23.325],[-53.839,-23.327],[-53.842,-23.317],[-53.836,-23.31],[-53.836,-23.305],[-53.828,-23.305],[-53.829,-23.296],[-53.825,-23.292],[-53.833,-23.285],[-53.828,-23.282],[-53.838,-23.277],[-53.83,-23.271],[-53.834,-23.26],[-53.84,-23.261],[-53.847,-23.256],[-53.844,-23.253],[-53.85,-23.253],[-53.852,-23.242],[-53.848,-23.242],[-53.858,-23.227],[-53.855,-23.217],[-53.867,-23.207],[-53.871,-23.203],[-53.877,-23.204],[-53.898,-23.197],[-53.891,-23.19],[-53.897,-23.187],[-53.907,-23.191],[-53.91,-23.188],[-53.907,-23.187],[-53.91,-23.184],[-53.921,-23.185],[-53.94,-23.181],[-53.947,-23.166],[-53.953,-23.168],[-53.965,-23.164],[-53.966,-23.158],[-53.971,-23.164],[-53.983,-23.157],[-54.02,-23.151],[-54.029,-23.145],[-54.051,-23.141],[-54.056,-23.136],[-54.066,-23.134],[-54.081,-23.133],[-54.085,-23.139],[-54.09,-23.138],[-54.091,-23.147],[-54.102,-23.151],[-54.105,-23.147],[-54.118,-23.151],[-54.122,-23.16],[-54.117,-23.159],[-54.118,-23.155],[-54.11,-23.156],[-54.114,-23.166],[-54.134,-23.173],[-54.14,-23.169],[-54.154,-23.17],[-54.161,-23.165],[-54.181,-23.168],[-54.184,-23.162],[-54.178,-23.146],[-54.184,-23.134],[-54.194,-23.133],[-54.196,-23.134],[-54.196,-23.135],[-54.205,-23.143],[-54.208,-23.143],[-54.208,-23.139],[-54.225,-23.146],[-54.223,-23.137],[-54.228,-23.13],[-54.25,-23.127],[-54.258,-23.13],[-54.286,-23.109],[-54.287,-23.102],[-54.294,-23.104],[-54.305,-23.102],[-54.318,-23.09],[-54.331,-23.096],[-54.329,-23.1],[-54.323,-23.097],[-54.325,-23.103],[-54.335,-23.099],[-54.343,-23.099],[-54.346,-23.092],[-54.355,-23.1],[-54.361,-23.092],[-54.377,-23.094],[-54.383,-23.091],[-54.386,-23.085],[-54.394,-23.088],[-54.404,-23.085],[-54.407,-23.089],[-54.413,-23.083],[-54.424,-23.083],[-54.423,-23.067],[-54.425,-23.075],[-54.432,-23.078],[-54.426,-23.057],[-54.446,-23.058],[-54.452,-23.054],[-54.448,-23.051],[-54.45,-23.048],[-54.467,-23.041],[-54.449,-23.002],[-54.441,-22.97],[-54.434,-22.959],[-54.431,-22.94],[-54.433,-22.929],[-54.428,-22.923],[-54.43,-22.886],[-54.428,-22.876],[-54.417,-22.864],[-54.419,-22.848],[-54.427,-22.834],[-54.426,-22.822],[-54.349,-22.804],[-54.343,-22.803],[-54.169,-22.766],[-54.155,-22.773],[-54.147,-22.779],[-54.141,-22.775],[-54.125,-22.773],[-54.111,-22.767],[-54.101,-22.758],[-54.09,-22.756],[-54.059,-22.773],[-54.051,-22.774]]]}},{"type":"Feature","properties":{"id":"5005806","nome":"Nioaque"},"geometry":{"type":"Polygon","coordinates":[[[-55.782,-20.761],[-55.777,-20.762],[-55.775,-20.762],[-55.771,-20.763],[-55.756,-20.753],[-55.75,-20.756],[-55.749,-20.761],[-55.74,-20.763],[-55.737,-20.773],[-55.729,-20.776],[-55.727,-20.79],[-55.718,-20.799],[-55.725,-20.806],[-55.72,-20.817],[-55.726,-20.825],[-55.709,-20.83],[-55.707,-20.839],[-55.709,-20.838],[-55.711,-20.844],[-55.707,-20.849],[-55.694,-20.87],[-55.69,-20.885],[-55.684,-20.919],[-55.675,-20.921],[-55.672,-20.927],[-55.66,-20.93],[-55.659,-20.936],[-55.651,-20.935],[-55.62,-20.974],[-55.607,-20.976],[-55.602,-20.984],[-55.592,-20.985],[-55.584,-20.996],[-55.579,-20.995],[-55.581,-20.992],[-55.573,-20.993],[-55.569,-20.99],[-55.564,-20.994],[-55.547,-20.99],[-55.513,-20.994],[-55.483,-21.024],[-55.482,-21.035],[-55.466,-21.047],[-55.465,-21.056],[-55.454,-21.074],[-55.442,-21.081],[-55.446,-21.089],[-55.423,-21.1],[-55.436,-21.095],[-55.441,-21.1],[-55.449,-21.09],[-55.446,-21.084],[-55.462,-21.066],[-55.466,-21.073],[-55.473,-21.076],[-55.479,-21.083],[-55.478,-21.076],[-55.468,-21.069],[-55.466,-21.062],[-55.469,-21.06],[-55.478,-21.066],[-55.485,-21.065],[-55.486,-21.056],[-55.481,-21.056],[-55.479,-21.051],[-55.488,-21.048],[-55.488,-21.041],[-55.497,-21.033],[-55.501,-21.044],[-55.49,-21.054],[-55.494,-21.058],[-55.492,-21.062],[-55.496,-21.076],[-55.504,-21.076],[-55.504,-21.088],[-55.518,-21.082],[-55.518,-21.089],[-55.528,-21.09],[-55.528,-21.094],[-55.533,-21.096],[-55.532,-21.092],[-55.527,-21.08],[-55.533,-21.075],[-55.54,-21.083],[-55.545,-21.081],[-55.553,-21.086],[-55.552,-21.092],[-55.557,-21.092],[-55.563,-21.097],[-55.567,-21.093],[-55.557,-21.078],[-55.551,-21.078],[-55.553,-21.069],[-55.541,-21.071],[-55.54,-21.067],[-55.546,-21.062],[-55.544,-21.058],[-55.519,-21.07],[-55.535,-21.051],[-55.545,-21.046],[-55.551,-21.046],[-55.554,-21.056],[-55.548,-21.056],[-55.549,-21.062],[-55.561,-21.066],[-55.561,-21.073],[-55.568,-21.074],[-55.568,-21.08],[-55.573,-21.079],[-55.578,-21.083],[-55.579,-21.078],[-55.583,-21.077],[-55.586,-21.081],[-55.586,-21.074],[-55.593,-21.071],[-55.587,-21.064],[-55.578,-21.067],[-55.573,-21.063],[-55.58,-21.062],[-55.574,-21.057],[-55.575,-21.054],[-55.58,-21.053],[-55.575,-21.048],[-55.583,-21.051],[-55.583,-21.043],[-55.589,-21.047],[-55.586,-21.052],[-55.592,-21.065],[-55.602,-21.065],[-55.605,-21.068],[-55.612,-21.066],[-55.612,-21.057],[-55.618,-21.056],[-55.617,-21.064],[-55.63,-21.065],[-55.624,-21.069],[-55.618,-21.066],[-55.615,-21.068],[-55.617,-21.073],[-55.607,-21.08],[-55.604,-21.091],[-55.611,-21.084],[-55.616,-21.09],[-55.618,-21.082],[-55.62,-21.085],[-55.626,-21.077],[-55.634,-21.075],[-55.626,-21.086],[-55.623,-21.095],[-55.627,-21.097],[-55.633,-21.091],[-55.639,-21.095],[-55.643,-21.085],[-55.65,-21.085],[-55.653,-21.082],[-55.662,-21.084],[-55.664,-21.079],[-55.656,-21.072],[-55.669,-21.076],[-55.673,-21.08],[-55.662,-21.086],[-55.654,-21.085],[-55.644,-21.093],[-55.641,-21.1],[-55.632,-21.102],[-55.631,-21.106],[-55.649,-21.112],[-55.649,-21.117],[-55.642,-21.116],[-55.645,-21.126],[-55.637,-21.115],[-55.634,-21.116],[-55.63,-21.111],[-55.627,-21.123],[-55.614,-21.125],[-55.623,-21.129],[-55.63,-21.128],[-55.632,-21.131],[-55.624,-21.132],[-55.637,-21.142],[-55.613,-21.138],[-55.625,-21.149],[-55.62,-21.151],[-55.624,-21.156],[-55.615,-21.154],[-55.614,-21.158],[-55.609,-21.156],[-55.611,-21.165],[-55.606,-21.165],[-55.606,-21.168],[-55.599,-21.165],[-55.597,-21.17],[-55.601,-21.17],[-55.604,-21.178],[-55.608,-21.18],[-55.612,-21.17],[-55.624,-21.164],[-55.631,-21.165],[-55.633,-21.167],[-55.625,-21.166],[-55.618,-21.173],[-55.626,-21.17],[-55.628,-21.172],[-55.626,-21.178],[-55.628,-21.182],[-55.62,-21.182],[-55.625,-21.185],[-55.622,-21.189],[-55.626,-21.193],[-55.641,-21.183],[-55.639,-21.19],[-55.654,-21.182],[-55.644,-21.197],[-55.633,-21.201],[-55.637,-21.203],[-55.64,-21.212],[-55.631,-21.221],[-55.623,-21.212],[-55.618,-21.213],[-55.632,-21.228],[-55.621,-21.232],[-55.619,-21.236],[-55.627,-21.233],[-55.629,-21.243],[-55.639,-21.227],[-55.637,-21.222],[-55.642,-21.225],[-55.643,-21.236],[-55.649,-21.231],[-55.649,-21.221],[-55.66,-21.226],[-55.651,-21.209],[-55.658,-21.209],[-55.663,-21.198],[-55.673,-21.2],[-55.674,-21.191],[-55.68,-21.197],[-55.686,-21.197],[-55.677,-21.198],[-55.674,-21.204],[-55.664,-21.208],[-55.663,-21.212],[-55.67,-21.211],[-55.671,-21.219],[-55.678,-21.215],[-55.692,-21.212],[-55.678,-21.22],[-55.693,-21.226],[-55.675,-21.225],[-55.677,-21.234],[-55.666,-21.238],[-55.668,-21.242],[-55.674,-21.244],[-55.676,-21.252],[-55.678,-21.241],[-55.69,-21.239],[-55.689,-21.246],[-55.695,-21.244],[-55.695,-21.249],[-55.711,-21.257],[-55.687,-21.253],[-55.693,-21.264],[-55.702,-21.267],[-55.697,-21.273],[-55.698,-21.276],[-55.693,-21.271],[-55.689,-21.274],[-55.689,-21.265],[-55.685,-21.267],[-55.682,-21.261],[-55.679,-21.265],[-55.683,-21.272],[-55.677,-21.272],[-55.668,-21.263],[-55.668,-21.266],[-55.662,-21.265],[-55.66,-21.268],[-55.669,-21.27],[-55.668,-21.273],[-55.682,-21.281],[-55.67,-21.284],[-55.668,-21.287],[-55.664,-21.286],[-55.668,-21.3],[-55.683,-21.297],[-55.684,-21.292],[-55.693,-21.291],[-55.694,-21.296],[-55.698,-21.298],[-55.7,-21.294],[-55.708,-21.3],[-55.711,-21.305],[-55.7,-21.3],[-55.677,-21.301],[-55.67,-21.305],[-55.677,-21.312],[-55.667,-21.315],[-55.68,-21.316],[-55.682,-21.309],[-55.688,-21.314],[-55.7,-21.316],[-55.683,-21.317],[-55.701,-21.331],[-55.698,-21.331],[-55.678,-21.325],[-55.676,-21.329],[-55.679,-21.332],[-55.684,-21.335],[-55.684,-21.339],[-55.689,-21.339],[-55.691,-21.343],[-55.695,-21.342],[-55.701,-21.346],[-55.698,-21.349],[-55.693,-21.347],[-55.691,-21.352],[-55.695,-21.358],[-55.694,-21.367],[-55.689,-21.367],[-55.689,-21.358],[-55.678,-21.342],[-55.676,-21.344],[-55.669,-21.341],[-55.668,-21.336],[-55.664,-21.34],[-55.66,-21.335],[-55.655,-21.342],[-55.648,-21.34],[-55.652,-21.346],[-55.664,-21.345],[-55.67,-21.349],[-55.66,-21.355],[-55.665,-21.357],[-55.671,-21.354],[-55.678,-21.363],[-55.675,-21.364],[-55.676,-21.368],[-55.66,-21.364],[-55.658,-21.366],[-55.673,-21.38],[-55.678,-21.376],[-55.679,-21.381],[-55.685,-21.376],[-55.693,-21.38],[-55.704,-21.377],[-55.701,-21.383],[-55.702,-21.39],[-55.689,-21.383],[-55.684,-21.389],[-55.679,-21.382],[-55.674,-21.382],[-55.67,-21.388],[-55.664,-21.377],[-55.656,-21.376],[-55.647,-21.369],[-55.646,-21.371],[-55.65,-21.377],[-55.646,-21.38],[-55.64,-21.381],[-55.632,-21.373],[-55.64,-21.39],[-55.646,-21.385],[-55.649,-21.389],[-55.659,-21.381],[-55.663,-21.401],[-55.652,-21.394],[-55.652,-21.402],[-55.632,-21.401],[-55.645,-21.409],[-55.642,-21.414],[-55.629,-21.415],[-55.635,-21.42],[-55.626,-21.423],[-55.636,-21.425],[-55.638,-21.42],[-55.64,-21.423],[-55.65,-21.415],[-55.653,-21.421],[-55.657,-21.418],[-55.662,-21.421],[-55.653,-21.412],[-55.673,-21.408],[-55.678,-21.402],[-55.676,-21.395],[-55.686,-21.402],[-55.691,-21.397],[-55.69,-21.405],[-55.675,-21.407],[-55.67,-21.414],[-55.67,-21.424],[-55.679,-21.425],[-55.682,-21.43],[-55.676,-21.432],[-55.674,-21.437],[-55.679,-21.439],[-55.666,-21.443],[-55.663,-21.452],[-55.659,-21.449],[-55.655,-21.453],[-55.658,-21.458],[-55.651,-21.459],[-55.655,-21.463],[-55.653,-21.468],[-55.664,-21.468],[-55.664,-21.472],[-55.657,-21.474],[-55.659,-21.477],[-55.654,-21.483],[-55.662,-21.483],[-55.663,-21.492],[-55.668,-21.489],[-55.672,-21.473],[-55.676,-21.489],[-55.682,-21.484],[-55.677,-21.473],[-55.68,-21.472],[-55.677,-21.462],[-55.686,-21.468],[-55.688,-21.465],[-55.691,-21.467],[-55.687,-21.451],[-55.693,-21.445],[-55.695,-21.447],[-55.692,-21.456],[-55.697,-21.462],[-55.695,-21.474],[-55.698,-21.467],[-55.704,-21.466],[-55.701,-21.45],[-55.705,-21.447],[-55.705,-21.44],[-55.7,-21.434],[-55.711,-21.437],[-55.7,-21.423],[-55.707,-21.421],[-55.708,-21.416],[-55.712,-21.419],[-55.71,-21.421],[-55.715,-21.426],[-55.715,-21.44],[-55.718,-21.442],[-55.722,-21.427],[-55.729,-21.428],[-55.734,-21.42],[-55.723,-21.401],[-55.733,-21.404],[-55.732,-21.398],[-55.728,-21.394],[-55.736,-21.386],[-55.74,-21.385],[-55.738,-21.398],[-55.743,-21.399],[-55.742,-21.405],[-55.748,-21.403],[-55.742,-21.412],[-55.747,-21.414],[-55.748,-21.42],[-55.743,-21.418],[-55.735,-21.428],[-55.745,-21.428],[-55.744,-21.433],[-55.735,-21.431],[-55.729,-21.436],[-55.735,-21.439],[-55.725,-21.442],[-55.731,-21.452],[-55.731,-21.457],[-55.726,-21.46],[-55.741,-21.464],[-55.738,-21.455],[-55.743,-21.451],[-55.742,-21.444],[-55.746,-21.444],[-55.75,-21.458],[-55.756,-21.463],[-55.758,-21.449],[-55.765,-21.442],[-55.754,-21.436],[-55.755,-21.428],[-55.768,-21.441],[-55.778,-21.438],[-55.769,-21.427],[-55.782,-21.432],[-55.786,-21.425],[-55.782,-21.42],[-55.785,-21.41],[-55.788,-21.41],[-55.795,-21.423],[-55.8,-21.425],[-55.802,-21.422],[-55.81,-21.425],[-55.803,-21.428],[-55.801,-21.434],[-55.794,-21.433],[-55.793,-21.439],[-55.788,-21.437],[-55.789,-21.441],[-55.781,-21.447],[-55.776,-21.445],[-55.771,-21.449],[-55.778,-21.451],[-55.779,-21.459],[-55.792,-21.455],[-55.788,-21.467],[-55.794,-21.463],[-55.794,-21.459],[-55.797,-21.457],[-55.8,-21.46],[-55.8,-21.453],[-55.804,-21.457],[-55.81,-21.45],[-55.815,-21.45],[-55.813,-21.442],[-55.828,-21.446],[-55.828,-21.451],[-55.821,-21.449],[-55.818,-21.457],[-55.832,-21.465],[-55.823,-21.482],[-55.826,-21.483],[-55.837,-21.475],[-55.836,-21.486],[-55.842,-21.487],[-55.851,-21.482],[-55.864,-21.461],[-55.872,-21.458],[-55.879,-21.45],[-55.893,-21.45],[-55.914,-21.443],[-55.921,-21.435],[-55.921,-21.419],[-55.927,-21.409],[-55.957,-21.404],[-55.978,-21.388],[-56.006,-21.367],[-56.016,-21.359],[-56.033,-21.355],[-56.05,-21.346],[-56.089,-21.351],[-56.115,-21.349],[-56.131,-21.342],[-56.14,-21.341],[-56.163,-21.326],[-56.171,-21.317],[-56.187,-21.311],[-56.199,-21.281],[-56.196,-21.278],[-56.204,-21.268],[-56.202,-21.262],[-56.214,-21.263],[-56.218,-21.253],[-56.215,-21.245],[-56.207,-21.242],[-56.206,-21.236],[-56.212,-21.235],[-56.216,-21.227],[-56.223,-21.228],[-56.226,-21.225],[-56.224,-21.214],[-56.227,-21.204],[-56.211,-21.21],[-56.198,-21.204],[-56.186,-21.2],[-56.185,-21.196],[-56.197,-21.185],[-56.208,-21.181],[-56.213,-21.186],[-56.22,-21.183],[-56.215,-21.176],[-56.214,-21.156],[-56.216,-21.143],[-56.224,-21.138],[-56.222,-21.112],[-56.226,-21.108],[-56.231,-21.104],[-56.228,-21.098],[-56.221,-21.094],[-56.215,-21.078],[-56.188,-21.083],[-56.184,-21.081],[-56.183,-21.073],[-56.176,-21.071],[-56.185,-21.062],[-56.185,-21.041],[-56.199,-21.03],[-56.211,-21.029],[-56.207,-21.022],[-56.203,-21.023],[-56.203,-21.019],[-56.198,-21.019],[-56.198,-21.015],[-56.202,-21.014],[-56.202,-21.008],[-56.208,-21.008],[-56.208,-20.989],[-56.199,-20.981],[-56.201,-20.979],[-56.192,-20.974],[-56.186,-20.974],[-56.181,-20.968],[-56.19,-20.956],[-56.196,-20.966],[-56.199,-20.961],[-56.197,-20.956],[-56.201,-20.951],[-56.192,-20.932],[-56.185,-20.936],[-56.18,-20.948],[-56.176,-20.946],[-56.176,-20.95],[-56.169,-20.949],[-56.165,-20.946],[-56.164,-20.95],[-56.158,-20.948],[-56.174,-20.929],[-56.173,-20.919],[-56.18,-20.92],[-56.178,-20.911],[-56.189,-20.904],[-56.184,-20.897],[-56.171,-20.894],[-56.168,-20.888],[-56.147,-20.89],[-56.145,-20.882],[-56.157,-20.883],[-56.151,-20.87],[-56.161,-20.865],[-56.163,-20.845],[-56.156,-20.834],[-56.139,-20.847],[-56.129,-20.85],[-56.128,-20.862],[-56.114,-20.858],[-56.105,-20.872],[-56.1,-20.871],[-56.097,-20.855],[-56.116,-20.846],[-56.122,-20.84],[-56.124,-20.83],[-56.122,-20.822],[-56.112,-20.82],[-56.109,-20.815],[-56.125,-20.797],[-56.124,-20.791],[-56.132,-20.794],[-56.136,-20.787],[-56.129,-20.783],[-56.126,-20.776],[-56.113,-20.77],[-56.091,-20.78],[-56.084,-20.774],[-56.084,-20.765],[-56.075,-20.762],[-56.072,-20.768],[-56.066,-20.768],[-56.056,-20.76],[-56.051,-20.764],[-56.04,-20.765],[-56.034,-20.78],[-56.03,-20.78],[-56.029,-20.785],[-56.024,-20.783],[-56.023,-20.772],[-56.016,-20.776],[-56.006,-20.774],[-56.005,-20.778],[-56.011,-20.786],[-56.01,-20.792],[-56.002,-20.79],[-56.007,-20.801],[-55.999,-20.807],[-55.966,-20.819],[-55.951,-20.816],[-55.939,-20.82],[-55.929,-20.814],[-55.903,-20.804],[-55.891,-20.807],[-55.871,-20.784],[-55.871,-20.778],[-55.868,-20.771],[-55.861,-20.767],[-55.855,-20.766],[-55.844,-20.747],[-55.79,-20.746],[-55.782,-20.761]]]}},{"type":"Feature","properties":{"id":"5006002","nome":"Nova Alvorada do Sul"},"geometry":{"type":"Polygon","coordinates":[[[-54.475,-21.007],[-54.474,-21.011],[-54.463,-21.009],[-54.462,-21.017],[-54.456,-21.017],[-54.449,-21.025],[-54.435,-21.027],[-54.433,-21.022],[-54.428,-21.023],[-54.425,-21.027],[-54.429,-21.035],[-54.409,-21.042],[-54.418,-21.05],[-54.408,-21.051],[-54.401,-21.061],[-54.393,-21.06],[-54.395,-21.068],[-54.39,-21.072],[-54.391,-21.082],[-54.387,-21.089],[-54.383,-21.089],[-54.381,-21.1],[-54.375,-21.106],[-54.368,-21.1],[-54.361,-21.104],[-54.354,-21.101],[-54.351,-21.107],[-54.345,-21.103],[-54.341,-21.108],[-54.346,-21.112],[-54.339,-21.119],[-54.329,-21.115],[-54.321,-21.129],[-54.315,-21.131],[-54.31,-21.128],[-54.305,-21.135],[-54.299,-21.135],[-54.292,-21.141],[-54.298,-21.154],[-54.291,-21.159],[-54.298,-21.163],[-54.303,-21.16],[-54.305,-21.166],[-54.295,-21.174],[-54.288,-21.173],[-54.284,-21.178],[-54.279,-21.175],[-54.273,-21.183],[-54.267,-21.183],[-54.272,-21.188],[-54.274,-21.196],[-54.26,-21.205],[-54.261,-21.222],[-54.266,-21.229],[-54.266,-21.234],[-54.272,-21.236],[-54.265,-21.243],[-54.258,-21.236],[-54.257,-21.242],[-54.25,-21.247],[-54.254,-21.254],[-54.249,-21.258],[-54.245,-21.256],[-54.233,-21.263],[-54.228,-21.255],[-54.223,-21.259],[-54.225,-21.273],[-54.231,-21.272],[-54.234,-21.267],[-54.238,-21.272],[-54.232,-21.286],[-54.234,-21.291],[-54.215,-21.285],[-54.215,-21.29],[-54.222,-21.298],[-54.201,-21.299],[-54.209,-21.315],[-54.202,-21.316],[-54.203,-21.321],[-54.195,-21.34],[-54.185,-21.34],[-54.188,-21.346],[-54.182,-21.344],[-54.18,-21.348],[-54.172,-21.349],[-54.17,-21.352],[-54.172,-21.357],[-54.158,-21.363],[-54.147,-21.374],[-54.143,-21.385],[-54.13,-21.397],[-54.13,-21.402],[-54.13,-21.403],[-54.121,-21.407],[-54.116,-21.403],[-54.107,-21.407],[-54.11,-21.416],[-54.102,-21.419],[-54.105,-21.427],[-54.101,-21.438],[-54.092,-21.438],[-54.085,-21.442],[-54.082,-21.445],[-54.085,-21.45],[-54.081,-21.453],[-54.076,-21.45],[-54.066,-21.455],[-54.062,-21.459],[-54.066,-21.469],[-54.062,-21.47],[-54.055,-21.465],[-54.045,-21.467],[-54.044,-21.475],[-54.037,-21.476],[-54.036,-21.485],[-54.023,-21.489],[-54.024,-21.492],[-54.014,-21.501],[-54.007,-21.498],[-54.006,-21.502],[-54.01,-21.508],[-54.006,-21.512],[-53.995,-21.51],[-53.985,-21.515],[-53.976,-21.534],[-53.967,-21.53],[-53.963,-21.537],[-53.955,-21.537],[-53.949,-21.544],[-53.94,-21.546],[-53.922,-21.541],[-53.918,-21.545],[-53.901,-21.549],[-53.892,-21.556],[-53.883,-21.555],[-53.881,-21.561],[-53.874,-21.559],[-53.875,-21.565],[-53.873,-21.565],[-53.863,-21.561],[-53.847,-21.567],[-53.839,-21.561],[-53.836,-21.552],[-53.833,-21.558],[-53.827,-21.556],[-53.824,-21.544],[-53.814,-21.553],[-53.813,-21.558],[-53.796,-21.567],[-53.783,-21.569],[-53.782,-21.565],[-53.772,-21.567],[-53.768,-21.559],[-53.769,-21.569],[-53.761,-21.58],[-53.757,-21.578],[-53.756,-21.57],[-53.74,-21.567],[-53.737,-21.574],[-53.743,-21.58],[-53.738,-21.584],[-53.735,-21.58],[-53.727,-21.578],[-53.718,-21.581],[-53.717,-21.576],[-53.724,-21.57],[-53.703,-21.566],[-53.7,-21.58],[-53.695,-21.574],[-53.699,-21.566],[-53.697,-21.561],[-53.671,-21.552],[-53.667,-21.554],[-53.674,-21.555],[-53.671,-21.56],[-53.659,-21.558],[-53.653,-21.566],[-53.645,-21.56],[-53.641,-21.562],[-53.643,-21.573],[-53.638,-21.579],[-53.629,-21.575],[-53.629,-21.57],[-53.621,-21.572],[-53.608,-21.59],[-53.617,-21.597],[-53.626,-21.613],[-53.687,-21.617],[-53.691,-21.618],[-53.733,-21.621],[-53.728,-21.636],[-53.732,-21.654],[-53.727,-21.664],[-53.738,-21.68],[-53.741,-21.684],[-53.732,-21.73],[-53.737,-21.789],[-53.727,-21.805],[-53.739,-21.819],[-53.749,-21.825],[-53.775,-21.865],[-53.781,-21.867],[-53.79,-21.893],[-53.79,-21.907],[-53.786,-21.914],[-53.792,-21.922],[-53.795,-21.915],[-53.799,-21.913],[-53.813,-21.921],[-53.816,-21.914],[-53.832,-21.901],[-53.838,-21.897],[-53.849,-21.903],[-53.861,-21.897],[-53.874,-21.898],[-53.881,-21.882],[-53.896,-21.881],[-53.899,-21.884],[-53.907,-21.876],[-53.905,-21.867],[-53.927,-21.861],[-53.925,-21.856],[-53.933,-21.861],[-53.949,-21.853],[-53.956,-21.855],[-53.962,-21.847],[-53.952,-21.849],[-53.956,-21.845],[-53.951,-21.842],[-53.952,-21.83],[-53.961,-21.834],[-53.962,-21.816],[-53.967,-21.813],[-53.97,-21.816],[-53.973,-21.809],[-53.98,-21.805],[-53.981,-21.799],[-53.985,-21.796],[-53.984,-21.79],[-53.99,-21.788],[-53.992,-21.777],[-54.005,-21.784],[-54.01,-21.784],[-54.029,-21.773],[-54.036,-21.772],[-54.041,-21.776],[-54.043,-21.769],[-54.06,-21.765],[-54.056,-21.762],[-54.059,-21.757],[-54.062,-21.759],[-54.073,-21.751],[-54.079,-21.754],[-54.089,-21.745],[-54.099,-21.752],[-54.112,-21.752],[-54.113,-21.745],[-54.119,-21.744],[-54.116,-21.74],[-54.119,-21.739],[-54.131,-21.74],[-54.135,-21.747],[-54.14,-21.747],[-54.144,-21.742],[-54.153,-21.739],[-54.153,-21.735],[-54.156,-21.736],[-54.156,-21.733],[-54.171,-21.729],[-54.177,-21.736],[-54.178,-21.733],[-54.183,-21.734],[-54.189,-21.726],[-54.2,-21.725],[-54.203,-21.727],[-54.205,-21.729],[-54.213,-21.714],[-54.21,-21.707],[-54.209,-21.703],[-54.231,-21.683],[-54.242,-21.689],[-54.247,-21.688],[-54.25,-21.682],[-54.265,-21.678],[-54.268,-21.672],[-54.273,-21.675],[-54.271,-21.664],[-54.279,-21.653],[-54.281,-21.653],[-54.278,-21.658],[-54.282,-21.661],[-54.288,-21.659],[-54.293,-21.646],[-54.299,-21.652],[-54.302,-21.651],[-54.306,-21.641],[-54.319,-21.629],[-54.326,-21.632],[-54.333,-21.62],[-54.343,-21.612],[-54.345,-21.601],[-54.355,-21.58],[-54.335,-21.554],[-54.332,-21.515],[-54.357,-21.522],[-54.38,-21.537],[-54.404,-21.569],[-54.445,-21.585],[-54.462,-21.571],[-54.488,-21.564],[-54.493,-21.542],[-54.513,-21.523],[-54.544,-21.51],[-54.587,-21.49],[-54.599,-21.491],[-54.605,-21.494],[-54.623,-21.523],[-54.626,-21.522],[-54.659,-21.536],[-54.662,-21.537],[-54.663,-21.533],[-54.654,-21.523],[-54.666,-21.522],[-54.672,-21.527],[-54.678,-21.526],[-54.685,-21.516],[-54.68,-21.51],[-54.682,-21.507],[-54.689,-21.506],[-54.691,-21.501],[-54.694,-21.501],[-54.682,-21.496],[-54.69,-21.49],[-54.686,-21.487],[-54.677,-21.482],[-54.665,-21.481],[-54.667,-21.464],[-54.683,-21.453],[-54.696,-21.453],[-54.693,-21.446],[-54.701,-21.44],[-54.701,-21.432],[-54.707,-21.426],[-54.686,-21.406],[-54.686,-21.401],[-54.694,-21.395],[-54.694,-21.387],[-54.694,-21.386],[-54.701,-21.382],[-54.705,-21.373],[-54.698,-21.363],[-54.701,-21.355],[-54.694,-21.35],[-54.681,-21.345],[-54.678,-21.339],[-54.678,-21.335],[-54.676,-21.323],[-54.678,-21.314],[-54.674,-21.307],[-54.644,-21.302],[-54.598,-21.263],[-54.584,-21.26],[-54.573,-21.247],[-54.573,-21.239],[-54.53,-21.213],[-54.515,-21.209],[-54.524,-21.189],[-54.542,-21.17],[-54.562,-21.145],[-54.547,-21.141],[-54.53,-21.136],[-54.52,-21.128],[-54.5,-21.131],[-54.481,-21.122],[-54.508,-21.009],[-54.506,-20.993],[-54.504,-20.993],[-54.491,-21.004],[-54.475,-21.007]]]}},{"type":"Feature","properties":{"id":"5006200","nome":"Nova Andradina"},"geometry":{"type":"Polygon","coordinates":[[[-53.428,-21.552],[-53.417,-21.565],[-53.402,-21.56],[-53.395,-21.569],[-53.381,-21.567],[-53.375,-21.578],[-53.362,-21.576],[-53.356,-21.583],[-53.347,-21.587],[-53.346,-21.581],[-53.341,-21.596],[-53.33,-21.594],[-53.321,-21.598],[-53.315,-21.581],[-53.302,-21.588],[-53.285,-21.583],[-53.278,-21.592],[-53.263,-21.581],[-53.248,-21.588],[-53.244,-21.599],[-53.237,-21.595],[-53.231,-21.59],[-53.228,-21.581],[-53.208,-21.57],[-53.196,-21.577],[-53.189,-21.576],[-53.189,-21.586],[-53.179,-21.595],[-53.167,-21.588],[-53.155,-21.592],[-53.151,-21.583],[-53.14,-21.574],[-53.132,-21.577],[-53.12,-21.591],[-53.106,-21.583],[-53.084,-21.587],[-53.079,-21.596],[-53.066,-21.599],[-53.065,-21.603],[-53.058,-21.609],[-53.048,-21.608],[-53.042,-21.615],[-53.031,-21.606],[-53.025,-21.615],[-53.039,-21.622],[-53.035,-21.689],[-53.046,-21.724],[-53.057,-21.742],[-53.064,-21.768],[-53.079,-21.798],[-53.076,-21.837],[-53.091,-21.865],[-53.151,-21.974],[-53.218,-22.092],[-53.316,-22.267],[-53.335,-22.3],[-53.354,-22.336],[-53.438,-22.482],[-53.497,-22.586],[-53.513,-22.575],[-53.523,-22.575],[-53.53,-22.58],[-53.536,-22.58],[-53.55,-22.571],[-53.562,-22.57],[-53.563,-22.558],[-53.556,-22.548],[-53.536,-22.543],[-53.52,-22.535],[-53.517,-22.518],[-53.497,-22.497],[-53.497,-22.487],[-53.488,-22.475],[-53.483,-22.455],[-53.485,-22.446],[-53.496,-22.435],[-53.5,-22.433],[-53.509,-22.434],[-53.513,-22.404],[-53.527,-22.395],[-53.528,-22.384],[-53.532,-22.38],[-53.538,-22.372],[-53.536,-22.361],[-53.55,-22.365],[-53.553,-22.362],[-53.552,-22.358],[-53.536,-22.354],[-53.532,-22.337],[-53.532,-22.333],[-53.549,-22.318],[-53.556,-22.306],[-53.551,-22.292],[-53.558,-22.282],[-53.566,-22.277],[-53.574,-22.247],[-53.571,-22.24],[-53.56,-22.233],[-53.573,-22.219],[-53.588,-22.212],[-53.59,-22.203],[-53.587,-22.193],[-53.587,-22.183],[-53.594,-22.173],[-53.585,-22.162],[-53.587,-22.151],[-53.593,-22.147],[-53.623,-22.143],[-53.623,-22.126],[-53.627,-22.121],[-53.653,-22.111],[-53.663,-22.11],[-53.669,-22.096],[-53.671,-22.074],[-53.677,-22.067],[-53.685,-22.063],[-53.688,-22.062],[-53.692,-22.048],[-53.686,-22.042],[-53.687,-22.037],[-53.703,-22.031],[-53.711,-22.024],[-53.746,-22.009],[-53.748,-22.002],[-53.735,-22.001],[-53.731,-21.996],[-53.732,-21.991],[-53.738,-21.987],[-53.753,-21.986],[-53.759,-21.994],[-53.765,-21.994],[-53.761,-21.985],[-53.76,-21.962],[-53.79,-21.944],[-53.792,-21.922],[-53.786,-21.914],[-53.79,-21.907],[-53.79,-21.893],[-53.781,-21.867],[-53.775,-21.865],[-53.749,-21.825],[-53.739,-21.819],[-53.727,-21.805],[-53.737,-21.789],[-53.732,-21.73],[-53.741,-21.684],[-53.738,-21.68],[-53.727,-21.664],[-53.732,-21.654],[-53.728,-21.636],[-53.733,-21.621],[-53.691,-21.618],[-53.687,-21.617],[-53.626,-21.613],[-53.617,-21.597],[-53.608,-21.59],[-53.602,-21.593],[-53.59,-21.589],[-53.589,-21.593],[-53.595,-21.594],[-53.595,-21.598],[-53.587,-21.607],[-53.576,-21.609],[-53.572,-21.605],[-53.568,-21.609],[-53.565,-21.6],[-53.552,-21.601],[-53.547,-21.604],[-53.534,-21.596],[-53.51,-21.587],[-53.501,-21.591],[-53.502,-21.596],[-53.492,-21.599],[-53.489,-21.595],[-53.494,-21.595],[-53.489,-21.588],[-53.478,-21.585],[-53.476,-21.579],[-53.469,-21.577],[-53.466,-21.572],[-53.443,-21.573],[-53.438,-21.555],[-53.428,-21.552]]]}},{"type":"Feature","properties":{"id":"5006259","nome":"Novo Horizonte do Sul"},"geometry":{"type":"Polygon","coordinates":[[[-53.716,-22.56],[-53.662,-22.572],[-53.633,-22.56],[-53.628,-22.562],[-53.62,-22.556],[-53.6,-22.556],[-53.588,-22.56],[-53.577,-22.568],[-53.562,-22.57],[-53.55,-22.571],[-53.536,-22.58],[-53.53,-22.58],[-53.523,-22.575],[-53.513,-22.575],[-53.497,-22.586],[-53.502,-22.591],[-53.498,-22.599],[-53.499,-22.606],[-53.512,-22.6],[-53.523,-22.606],[-53.524,-22.614],[-53.513,-22.627],[-53.515,-22.633],[-53.538,-22.652],[-53.545,-22.653],[-53.551,-22.648],[-53.557,-22.656],[-53.558,-22.666],[-53.567,-22.67],[-53.568,-22.665],[-53.572,-22.668],[-53.596,-22.662],[-53.617,-22.681],[-53.623,-22.696],[-53.639,-22.699],[-53.651,-22.707],[-53.656,-22.702],[-53.662,-22.705],[-53.662,-22.709],[-53.668,-22.708],[-53.68,-22.714],[-53.696,-22.71],[-53.708,-22.718],[-53.712,-22.714],[-53.717,-22.717],[-53.722,-22.715],[-53.734,-22.722],[-53.748,-22.723],[-53.753,-22.728],[-53.761,-22.731],[-53.766,-22.728],[-53.777,-22.731],[-53.778,-22.727],[-53.784,-22.729],[-53.795,-22.724],[-53.805,-22.713],[-53.825,-22.71],[-53.832,-22.705],[-53.84,-22.703],[-53.858,-22.694],[-53.863,-22.686],[-53.872,-22.688],[-53.873,-22.683],[-53.879,-22.685],[-53.884,-22.678],[-53.894,-22.675],[-53.914,-22.662],[-53.92,-22.665],[-53.925,-22.663],[-53.945,-22.632],[-53.969,-22.602],[-53.979,-22.596],[-53.985,-22.575],[-53.993,-22.568],[-53.999,-22.569],[-54.025,-22.548],[-53.919,-22.434],[-53.918,-22.434],[-53.91,-22.433],[-53.902,-22.444],[-53.878,-22.46],[-53.857,-22.499],[-53.844,-22.511],[-53.803,-22.533],[-53.765,-22.546],[-53.743,-22.548],[-53.724,-22.553],[-53.716,-22.56]]]}},{"type":"Feature","properties":{"id":"5006309","nome":"Parana\u00edba"},"geometry":{"type":"Polygon","coordinates":[[[-51.519,-19.146],[-51.511,-19.151],[-51.501,-19.147],[-51.5,-19.158],[-51.493,-19.163],[-51.481,-19.159],[-51.477,-19.154],[-51.473,-19.154],[-51.458,-19.167],[-51.457,-19.163],[-51.448,-19.16],[-51.444,-19.16],[-51.442,-19.168],[-51.438,-19.171],[-51.43,-19.171],[-51.424,-19.165],[-51.42,-19.166],[-51.416,-19.174],[-51.411,-19.172],[-51.406,-19.175],[-51.411,-19.18],[-51.41,-19.182],[-51.406,-19.185],[-51.405,-19.185],[-51.399,-19.191],[-51.395,-19.196],[-51.375,-19.194],[-51.37,-19.2],[-51.37,-19.207],[-51.364,-19.212],[-51.368,-19.221],[-51.344,-19.213],[-51.335,-19.222],[-51.312,-19.219],[-51.307,-19.218],[-51.303,-19.223],[-51.307,-19.237],[-51.297,-19.238],[-51.297,-19.242],[-51.29,-19.246],[-51.286,-19.252],[-51.278,-19.25],[-51.274,-19.262],[-51.256,-19.267],[-51.252,-19.274],[-51.246,-19.266],[-51.24,-19.269],[-51.228,-19.264],[-51.224,-19.258],[-51.216,-19.259],[-51.207,-19.266],[-51.202,-19.261],[-51.2,-19.264],[-51.187,-19.268],[-51.18,-19.283],[-51.168,-19.287],[-51.143,-19.287],[-51.126,-19.303],[-51.118,-19.303],[-51.106,-19.308],[-51.092,-19.307],[-51.087,-19.308],[-51.087,-19.314],[-51.067,-19.325],[-51.067,-19.33],[-51.057,-19.329],[-51.053,-19.335],[-51.05,-19.335],[-51.042,-19.346],[-51.041,-19.361],[-51.035,-19.36],[-51.031,-19.363],[-51.023,-19.381],[-51.018,-19.383],[-51.02,-19.389],[-51.032,-19.397],[-51.03,-19.401],[-51.015,-19.402],[-51.006,-19.399],[-51.001,-19.404],[-51.004,-19.413],[-50.985,-19.41],[-50.985,-19.431],[-50.968,-19.434],[-50.95,-19.443],[-50.946,-19.452],[-50.94,-19.453],[-50.935,-19.46],[-50.934,-19.467],[-50.949,-19.471],[-50.963,-19.483],[-50.962,-19.5],[-50.95,-19.517],[-50.93,-19.542],[-50.924,-19.558],[-50.923,-19.576],[-50.928,-19.587],[-50.937,-19.592],[-50.946,-19.591],[-50.962,-19.581],[-50.977,-19.582],[-50.987,-19.589],[-50.99,-19.605],[-51.009,-19.642],[-51.012,-19.652],[-51.013,-19.654],[-51.021,-19.66],[-51.036,-19.687],[-51.038,-19.719],[-51.045,-19.729],[-51.045,-19.737],[-51.027,-19.756],[-51.039,-19.777],[-51.035,-19.789],[-51.033,-19.79],[-51.05,-19.807],[-51.067,-19.817],[-51.079,-19.813],[-51.089,-19.818],[-51.106,-19.817],[-51.115,-19.82],[-51.116,-19.821],[-51.127,-19.824],[-51.137,-19.832],[-51.14,-19.841],[-51.154,-19.858],[-51.171,-19.866],[-51.192,-19.855],[-51.231,-19.863],[-51.242,-19.855],[-51.258,-19.858],[-51.275,-19.846],[-51.302,-19.856],[-51.316,-19.848],[-51.326,-19.854],[-51.34,-19.865],[-51.358,-19.864],[-51.367,-19.866],[-51.383,-19.881],[-51.384,-19.887],[-51.397,-19.903],[-51.412,-19.902],[-51.418,-19.906],[-51.428,-19.93],[-51.443,-19.942],[-51.454,-19.945],[-51.465,-19.96],[-51.472,-19.964],[-51.475,-19.959],[-51.479,-19.952],[-51.489,-19.951],[-51.487,-19.936],[-51.497,-19.936],[-51.498,-19.918],[-51.505,-19.912],[-51.513,-19.912],[-51.511,-19.903],[-51.507,-19.901],[-51.51,-19.889],[-51.512,-19.883],[-51.516,-19.882],[-51.522,-19.889],[-51.525,-19.883],[-51.527,-19.88],[-51.536,-19.878],[-51.533,-19.87],[-51.55,-19.864],[-51.548,-19.859],[-51.554,-19.858],[-51.559,-19.85],[-51.558,-19.838],[-51.565,-19.829],[-51.561,-19.823],[-51.568,-19.825],[-51.577,-19.82],[-51.58,-19.813],[-51.584,-19.818],[-51.587,-19.817],[-51.585,-19.812],[-51.592,-19.802],[-51.588,-19.802],[-51.586,-19.789],[-51.593,-19.791],[-51.597,-19.789],[-51.604,-19.796],[-51.609,-19.786],[-51.608,-19.759],[-51.621,-19.758],[-51.635,-19.747],[-51.665,-19.718],[-51.668,-19.711],[-51.67,-19.707],[-51.684,-19.701],[-51.684,-19.69],[-51.702,-19.656],[-51.705,-19.653],[-51.714,-19.654],[-51.712,-19.643],[-51.721,-19.625],[-51.73,-19.615],[-51.744,-19.613],[-51.751,-19.6],[-51.773,-19.588],[-51.78,-19.572],[-51.793,-19.566],[-51.789,-19.555],[-51.79,-19.533],[-51.783,-19.508],[-51.785,-19.5],[-51.78,-19.485],[-51.788,-19.473],[-51.809,-19.441],[-51.813,-19.438],[-51.822,-19.431],[-51.829,-19.414],[-51.831,-19.403],[-51.825,-19.395],[-51.837,-19.352],[-51.837,-19.334],[-51.846,-19.326],[-51.842,-19.311],[-51.862,-19.293],[-51.861,-19.276],[-51.848,-19.269],[-51.848,-19.262],[-51.857,-19.239],[-51.872,-19.238],[-51.875,-19.233],[-51.869,-19.222],[-51.863,-19.22],[-51.83,-19.225],[-51.811,-19.235],[-51.805,-19.238],[-51.807,-19.229],[-51.801,-19.221],[-51.76,-19.217],[-51.74,-19.23],[-51.71,-19.241],[-51.698,-19.239],[-51.692,-19.244],[-51.68,-19.246],[-51.673,-19.251],[-51.667,-19.251],[-51.649,-19.258],[-51.648,-19.266],[-51.643,-19.269],[-51.625,-19.273],[-51.603,-19.266],[-51.571,-19.283],[-51.568,-19.279],[-51.573,-19.274],[-51.57,-19.261],[-51.572,-19.248],[-51.552,-19.209],[-51.554,-19.179],[-51.539,-19.143],[-51.527,-19.139],[-51.519,-19.146]]]}},{"type":"Feature","properties":{"id":"5006358","nome":"Paranhos"},"geometry":{"type":"Polygon","coordinates":[[[-55.43,-23.46],[-55.414,-23.492],[-55.397,-23.487],[-55.384,-23.493],[-55.376,-23.493],[-55.365,-23.499],[-55.363,-23.504],[-55.355,-23.502],[-55.335,-23.507],[-55.299,-23.509],[-55.271,-23.569],[-55.268,-23.588],[-55.256,-23.594],[-55.242,-23.615],[-55.242,-23.625],[-55.247,-23.631],[-55.243,-23.64],[-55.228,-23.651],[-55.221,-23.664],[-55.205,-23.667],[-55.182,-23.685],[-55.173,-23.703],[-55.176,-23.718],[-55.168,-23.731],[-55.156,-23.741],[-55.129,-23.749],[-55.133,-23.768],[-55.141,-23.776],[-55.169,-23.782],[-55.179,-23.79],[-55.184,-23.79],[-55.195,-23.794],[-55.198,-23.801],[-55.232,-23.802],[-55.245,-23.806],[-55.278,-23.828],[-55.274,-23.849],[-55.26,-23.86],[-55.241,-23.884],[-55.245,-23.888],[-55.244,-23.903],[-55.237,-23.922],[-55.269,-23.928],[-55.259,-23.977],[-55.26,-23.994],[-55.265,-23.987],[-55.268,-23.988],[-55.271,-23.984],[-55.278,-23.983],[-55.283,-23.977],[-55.304,-23.963],[-55.318,-23.961],[-55.337,-23.994],[-55.343,-23.996],[-55.358,-23.99],[-55.363,-23.983],[-55.375,-23.98],[-55.378,-23.971],[-55.387,-23.968],[-55.389,-23.973],[-55.396,-23.977],[-55.402,-23.974],[-55.404,-23.966],[-55.413,-23.966],[-55.419,-23.959],[-55.416,-23.949],[-55.419,-23.943],[-55.432,-23.941],[-55.427,-23.927],[-55.443,-23.918],[-55.438,-23.905],[-55.434,-23.873],[-55.438,-23.865],[-55.439,-23.832],[-55.443,-23.823],[-55.448,-23.821],[-55.435,-23.794],[-55.43,-23.791],[-55.433,-23.771],[-55.444,-23.761],[-55.44,-23.756],[-55.445,-23.743],[-55.44,-23.724],[-55.434,-23.717],[-55.438,-23.711],[-55.447,-23.713],[-55.453,-23.718],[-55.461,-23.713],[-55.464,-23.704],[-55.46,-23.685],[-55.467,-23.678],[-55.474,-23.676],[-55.472,-23.65],[-55.482,-23.641],[-55.487,-23.643],[-55.491,-23.638],[-55.508,-23.633],[-55.509,-23.624],[-55.53,-23.63],[-55.537,-23.625],[-55.535,-23.621],[-55.536,-23.592],[-55.526,-23.581],[-55.528,-23.572],[-55.524,-23.567],[-55.533,-23.555],[-55.535,-23.538],[-55.54,-23.53],[-55.538,-23.525],[-55.544,-23.522],[-55.546,-23.504],[-55.553,-23.489],[-55.56,-23.488],[-55.562,-23.482],[-55.536,-23.479],[-55.522,-23.488],[-55.517,-23.487],[-55.514,-23.48],[-55.507,-23.484],[-55.492,-23.482],[-55.487,-23.485],[-55.478,-23.476],[-55.462,-23.47],[-55.455,-23.458],[-55.439,-23.457],[-55.43,-23.46]]]}},{"type":"Feature","properties":{"id":"5006408","nome":"Pedro Gomes"},"geometry":{"type":"Polygon","coordinates":[[[-54.025,-17.642],[-54.023,-17.645],[-54.015,-17.643],[-54.011,-17.652],[-54.016,-17.656],[-54.01,-17.662],[-54.014,-17.664],[-54.01,-17.668],[-53.996,-17.665],[-54.004,-17.657],[-53.998,-17.651],[-53.995,-17.651],[-53.998,-17.647],[-53.992,-17.637],[-53.982,-17.636],[-53.967,-17.646],[-53.964,-17.639],[-53.967,-17.635],[-53.958,-17.633],[-53.955,-17.636],[-53.958,-17.64],[-53.956,-17.643],[-53.95,-17.641],[-53.941,-17.646],[-53.943,-17.65],[-53.936,-17.648],[-53.928,-17.651],[-53.931,-17.66],[-53.936,-17.66],[-53.933,-17.663],[-53.925,-17.659],[-53.925,-17.666],[-53.931,-17.672],[-53.935,-17.671],[-53.934,-17.675],[-53.917,-17.67],[-53.916,-17.68],[-53.92,-17.686],[-53.925,-17.684],[-53.926,-17.692],[-53.915,-17.693],[-53.904,-17.675],[-53.899,-17.678],[-53.893,-17.693],[-53.896,-17.697],[-53.89,-17.7],[-53.882,-17.691],[-53.89,-17.688],[-53.881,-17.681],[-53.882,-17.678],[-53.888,-17.674],[-53.911,-17.671],[-53.906,-17.661],[-53.904,-17.662],[-53.897,-17.658],[-53.898,-17.649],[-53.873,-17.658],[-53.862,-17.645],[-53.852,-17.649],[-53.851,-17.641],[-53.836,-17.639],[-53.832,-17.633],[-53.825,-17.632],[-53.824,-17.642],[-53.819,-17.644],[-53.823,-17.651],[-53.815,-17.662],[-53.807,-17.651],[-53.806,-17.653],[-53.801,-17.651],[-53.8,-17.654],[-53.787,-17.649],[-53.782,-17.652],[-53.781,-17.658],[-53.776,-17.66],[-53.776,-17.666],[-53.768,-17.667],[-53.765,-17.665],[-53.764,-17.669],[-53.757,-17.671],[-53.756,-17.673],[-53.779,-17.672],[-53.785,-17.676],[-53.793,-17.675],[-53.798,-17.67],[-53.806,-17.672],[-53.813,-17.681],[-53.843,-17.692],[-53.855,-17.702],[-53.86,-17.72],[-53.866,-17.727],[-53.877,-17.731],[-53.879,-17.741],[-53.888,-17.749],[-53.896,-17.769],[-53.895,-17.777],[-53.907,-17.79],[-53.91,-17.803],[-53.941,-17.84],[-53.941,-17.848],[-53.948,-17.856],[-53.946,-17.86],[-53.955,-17.871],[-53.952,-17.875],[-53.955,-17.883],[-53.947,-17.898],[-53.951,-17.903],[-53.944,-17.907],[-53.951,-17.915],[-53.953,-17.924],[-53.956,-17.92],[-53.97,-17.934],[-53.973,-17.93],[-53.971,-17.939],[-53.977,-17.94],[-53.983,-17.933],[-53.988,-17.942],[-53.99,-17.935],[-53.992,-17.942],[-53.997,-17.939],[-54.002,-17.943],[-54.005,-17.941],[-54.006,-17.947],[-54.027,-17.952],[-54.04,-17.963],[-54.035,-17.972],[-54.044,-17.973],[-54.043,-17.98],[-54.048,-17.977],[-54.051,-17.992],[-54.059,-17.988],[-54.06,-17.998],[-54.075,-18.012],[-54.068,-18.017],[-54.068,-18.025],[-54.072,-18.031],[-54.068,-18.035],[-54.07,-18.039],[-54.068,-18.044],[-54.078,-18.04],[-54.08,-18.043],[-54.072,-18.047],[-54.073,-18.051],[-54.066,-18.062],[-54.075,-18.054],[-54.079,-18.062],[-54.082,-18.059],[-54.082,-18.065],[-54.087,-18.064],[-54.089,-18.074],[-54.087,-18.077],[-54.08,-18.071],[-54.081,-18.077],[-54.086,-18.08],[-54.083,-18.083],[-54.084,-18.089],[-54.093,-18.09],[-54.099,-18.084],[-54.102,-18.085],[-54.097,-18.091],[-54.104,-18.095],[-54.103,-18.105],[-54.12,-18.096],[-54.118,-18.102],[-54.123,-18.104],[-54.125,-18.099],[-54.13,-18.104],[-54.138,-18.105],[-54.144,-18.099],[-54.153,-18.099],[-54.15,-18.093],[-54.182,-18.093],[-54.194,-18.089],[-54.204,-18.092],[-54.214,-18.095],[-54.223,-18.093],[-54.231,-18.092],[-54.248,-18.102],[-54.249,-18.111],[-54.257,-18.108],[-54.269,-18.11],[-54.275,-18.13],[-54.279,-18.13],[-54.279,-18.12],[-54.284,-18.117],[-54.29,-18.124],[-54.303,-18.125],[-54.306,-18.135],[-54.33,-18.134],[-54.338,-18.131],[-54.347,-18.139],[-54.36,-18.138],[-54.386,-18.146],[-54.396,-18.139],[-54.394,-18.132],[-54.396,-18.125],[-54.401,-18.125],[-54.409,-18.132],[-54.42,-18.129],[-54.422,-18.134],[-54.432,-18.135],[-54.44,-18.151],[-54.454,-18.15],[-54.47,-18.162],[-54.471,-18.167],[-54.475,-18.167],[-54.483,-18.176],[-54.503,-18.188],[-54.526,-18.189],[-54.533,-18.199],[-54.549,-18.208],[-54.569,-18.236],[-54.582,-18.245],[-54.591,-18.276],[-54.599,-18.267],[-54.602,-18.253],[-54.595,-18.216],[-54.601,-18.209],[-54.598,-18.188],[-54.611,-18.175],[-54.623,-18.174],[-54.658,-18.174],[-54.668,-18.157],[-54.697,-18.131],[-54.683,-18.021],[-54.675,-18.004],[-54.672,-17.978],[-54.671,-17.971],[-54.687,-17.914],[-54.687,-17.913],[-54.69,-17.888],[-54.705,-17.848],[-54.731,-17.817],[-54.761,-17.75],[-54.757,-17.732],[-54.752,-17.727],[-54.741,-17.723],[-54.736,-17.726],[-54.721,-17.72],[-54.703,-17.721],[-54.684,-17.714],[-54.668,-17.714],[-54.643,-17.7],[-54.62,-17.697],[-54.595,-17.7],[-54.558,-17.711],[-54.536,-17.706],[-54.53,-17.741],[-54.526,-17.761],[-54.509,-17.748],[-54.5,-17.724],[-54.493,-17.724],[-54.475,-17.717],[-54.478,-17.705],[-54.473,-17.697],[-54.464,-17.705],[-54.453,-17.697],[-54.443,-17.715],[-54.429,-17.721],[-54.429,-17.73],[-54.416,-17.738],[-54.405,-17.765],[-54.4,-17.763],[-54.398,-17.757],[-54.389,-17.753],[-54.376,-17.756],[-54.371,-17.754],[-54.362,-17.759],[-54.34,-17.758],[-54.327,-17.761],[-54.315,-17.752],[-54.308,-17.759],[-54.302,-17.757],[-54.292,-17.77],[-54.275,-17.766],[-54.282,-17.775],[-54.284,-17.789],[-54.28,-17.802],[-54.259,-17.809],[-54.252,-17.806],[-54.247,-17.796],[-54.238,-17.793],[-54.244,-17.78],[-54.238,-17.781],[-54.231,-17.774],[-54.226,-17.781],[-54.223,-17.781],[-54.219,-17.768],[-54.213,-17.77],[-54.206,-17.767],[-54.208,-17.759],[-54.167,-17.755],[-54.162,-17.76],[-54.155,-17.754],[-54.153,-17.749],[-54.155,-17.74],[-54.144,-17.743],[-54.143,-17.74],[-54.145,-17.731],[-54.149,-17.728],[-54.145,-17.723],[-54.149,-17.721],[-54.149,-17.717],[-54.154,-17.719],[-54.153,-17.703],[-54.144,-17.703],[-54.14,-17.711],[-54.135,-17.71],[-54.128,-17.717],[-54.117,-17.711],[-54.125,-17.692],[-54.122,-17.685],[-54.104,-17.679],[-54.094,-17.682],[-54.09,-17.679],[-54.108,-17.666],[-54.113,-17.667],[-54.111,-17.663],[-54.094,-17.656],[-54.093,-17.663],[-54.085,-17.661],[-54.088,-17.646],[-54.08,-17.651],[-54.071,-17.649],[-54.069,-17.641],[-54.056,-17.637],[-54.055,-17.633],[-54.049,-17.632],[-54.037,-17.639],[-54.025,-17.642]]]}},{"type":"Feature","properties":{"id":"5006606","nome":"Ponta Por\u00e3"},"geometry":{"type":"Polygon","coordinates":[[[-55.963,-21.633],[-55.958,-21.643],[-55.947,-21.636],[-55.959,-21.65],[-55.942,-21.647],[-55.945,-21.662],[-55.936,-21.662],[-55.931,-21.677],[-55.926,-21.675],[-55.923,-21.668],[-55.926,-21.666],[-55.924,-21.647],[-55.915,-21.642],[-55.92,-21.654],[-55.918,-21.667],[-55.922,-21.676],[-55.918,-21.678],[-55.92,-21.684],[-55.915,-21.688],[-55.913,-21.682],[-55.905,-21.683],[-55.911,-21.675],[-55.905,-21.672],[-55.906,-21.663],[-55.902,-21.652],[-55.895,-21.67],[-55.886,-21.655],[-55.882,-21.657],[-55.89,-21.671],[-55.886,-21.683],[-55.88,-21.663],[-55.868,-21.655],[-55.872,-21.674],[-55.868,-21.673],[-55.867,-21.68],[-55.872,-21.686],[-55.87,-21.692],[-55.862,-21.69],[-55.862,-21.687],[-55.869,-21.688],[-55.867,-21.684],[-55.863,-21.684],[-55.863,-21.672],[-55.86,-21.664],[-55.857,-21.675],[-55.851,-21.674],[-55.848,-21.684],[-55.845,-21.68],[-55.845,-21.669],[-55.85,-21.666],[-55.847,-21.662],[-55.854,-21.66],[-55.85,-21.654],[-55.859,-21.65],[-55.857,-21.643],[-55.854,-21.646],[-55.849,-21.643],[-55.849,-21.648],[-55.843,-21.646],[-55.838,-21.653],[-55.839,-21.66],[-55.828,-21.662],[-55.819,-21.665],[-55.82,-21.672],[-55.812,-21.673],[-55.816,-21.674],[-55.811,-21.684],[-55.806,-21.682],[-55.8,-21.691],[-55.794,-21.694],[-55.797,-21.701],[-55.792,-21.704],[-55.787,-21.702],[-55.782,-21.721],[-55.775,-21.727],[-55.764,-21.731],[-55.759,-21.751],[-55.75,-21.765],[-55.733,-21.781],[-55.73,-21.786],[-55.71,-21.754],[-55.696,-21.761],[-55.678,-21.763],[-55.664,-21.779],[-55.651,-21.784],[-55.637,-21.788],[-55.629,-21.785],[-55.612,-21.786],[-55.6,-21.799],[-55.595,-21.799],[-55.59,-21.807],[-55.587,-21.808],[-55.582,-21.801],[-55.577,-21.803],[-55.567,-21.797],[-55.552,-21.809],[-55.542,-21.799],[-55.539,-21.815],[-55.534,-21.819],[-55.528,-21.819],[-55.527,-21.83],[-55.521,-21.823],[-55.508,-21.832],[-55.512,-21.846],[-55.507,-21.851],[-55.502,-21.852],[-55.49,-21.843],[-55.485,-21.846],[-55.486,-21.853],[-55.47,-21.855],[-55.474,-21.858],[-55.473,-21.864],[-55.467,-21.865],[-55.462,-21.861],[-55.467,-21.874],[-55.457,-21.87],[-55.451,-21.873],[-55.452,-21.87],[-55.448,-21.872],[-55.446,-21.868],[-55.442,-21.868],[-55.439,-21.879],[-55.42,-21.868],[-55.417,-21.88],[-55.411,-21.883],[-55.411,-21.893],[-55.423,-21.903],[-55.438,-21.937],[-55.478,-21.957],[-55.484,-21.963],[-55.487,-21.971],[-55.52,-21.986],[-55.513,-21.998],[-55.511,-22.015],[-55.498,-22.035],[-55.502,-22.038],[-55.502,-22.047],[-55.495,-22.064],[-55.497,-22.096],[-55.493,-22.114],[-55.495,-22.117],[-55.488,-22.122],[-55.486,-22.12],[-55.476,-22.126],[-55.465,-22.124],[-55.459,-22.136],[-55.454,-22.14],[-55.448,-22.147],[-55.445,-22.142],[-55.447,-22.138],[-55.437,-22.147],[-55.426,-22.14],[-55.422,-22.148],[-55.416,-22.149],[-55.415,-22.154],[-55.409,-22.153],[-55.403,-22.151],[-55.408,-22.142],[-55.405,-22.139],[-55.391,-22.146],[-55.392,-22.151],[-55.389,-22.15],[-55.385,-22.16],[-55.376,-22.164],[-55.383,-22.175],[-55.379,-22.184],[-55.377,-22.19],[-55.372,-22.19],[-55.369,-22.195],[-55.373,-22.207],[-55.363,-22.207],[-55.355,-22.202],[-55.343,-22.205],[-55.338,-22.193],[-55.335,-22.197],[-55.338,-22.202],[-55.333,-22.204],[-55.33,-22.213],[-55.328,-22.214],[-55.322,-22.196],[-55.317,-22.199],[-55.312,-22.198],[-55.31,-22.191],[-55.295,-22.196],[-55.293,-22.191],[-55.286,-22.191],[-55.277,-22.201],[-55.273,-22.216],[-55.268,-22.214],[-55.261,-22.218],[-55.26,-22.226],[-55.256,-22.224],[-55.252,-22.227],[-55.246,-22.222],[-55.227,-22.229],[-55.223,-22.223],[-55.214,-22.223],[-55.205,-22.23],[-55.209,-22.242],[-55.202,-22.241],[-55.194,-22.246],[-55.187,-22.244],[-55.181,-22.233],[-55.167,-22.231],[-55.161,-22.224],[-55.141,-22.223],[-55.142,-22.23],[-55.133,-22.235],[-55.128,-22.234],[-55.123,-22.246],[-55.122,-22.243],[-55.108,-22.248],[-55.102,-22.246],[-55.1,-22.259],[-55.084,-22.265],[-55.083,-22.262],[-55.077,-22.264],[-55.07,-22.272],[-55.072,-22.28],[-55.069,-22.285],[-55.054,-22.295],[-55.052,-22.302],[-55.052,-22.308],[-55.04,-22.311],[-55.033,-22.323],[-55.025,-22.321],[-55.018,-22.338],[-54.997,-22.344],[-54.981,-22.34],[-54.982,-22.343],[-54.978,-22.344],[-54.976,-22.35],[-54.984,-22.357],[-55.002,-22.361],[-55.004,-22.366],[-55.013,-22.369],[-55.017,-22.364],[-55.024,-22.37],[-55.042,-22.368],[-55.049,-22.388],[-55.054,-22.394],[-55.054,-22.411],[-55.058,-22.411],[-55.065,-22.418],[-55.07,-22.417],[-55.089,-22.424],[-55.1,-22.416],[-55.113,-22.414],[-55.118,-22.404],[-55.125,-22.41],[-55.134,-22.412],[-55.136,-22.417],[-55.148,-22.418],[-55.151,-22.424],[-55.159,-22.425],[-55.171,-22.436],[-55.188,-22.438],[-55.193,-22.445],[-55.203,-22.445],[-55.214,-22.461],[-55.231,-22.468],[-55.233,-22.478],[-55.243,-22.475],[-55.242,-22.482],[-55.245,-22.483],[-55.25,-22.481],[-55.252,-22.474],[-55.272,-22.486],[-55.278,-22.481],[-55.282,-22.486],[-55.294,-22.483],[-55.293,-22.492],[-55.297,-22.491],[-55.3,-22.494],[-55.312,-22.497],[-55.324,-22.482],[-55.344,-22.483],[-55.349,-22.486],[-55.339,-22.507],[-55.368,-22.523],[-55.366,-22.528],[-55.352,-22.523],[-55.345,-22.54],[-55.362,-22.552],[-55.364,-22.562],[-55.356,-22.612],[-55.366,-22.653],[-55.356,-22.667],[-55.357,-22.701],[-55.353,-22.708],[-55.363,-22.707],[-55.361,-22.702],[-55.366,-22.702],[-55.382,-22.706],[-55.386,-22.7],[-55.382,-22.696],[-55.39,-22.69],[-55.395,-22.692],[-55.412,-22.691],[-55.424,-22.7],[-55.432,-22.693],[-55.436,-22.697],[-55.445,-22.693],[-55.452,-22.697],[-55.459,-22.695],[-55.464,-22.7],[-55.474,-22.702],[-55.485,-22.712],[-55.498,-22.717],[-55.501,-22.721],[-55.511,-22.724],[-55.519,-22.72],[-55.519,-22.729],[-55.517,-22.748],[-55.527,-22.764],[-55.533,-22.758],[-55.553,-22.75],[-55.565,-22.738],[-55.576,-22.721],[-55.586,-22.719],[-55.602,-22.704],[-55.613,-22.699],[-55.609,-22.69],[-55.615,-22.677],[-55.613,-22.657],[-55.62,-22.652],[-55.622,-22.642],[-55.624,-22.629],[-55.644,-22.612],[-55.667,-22.595],[-55.681,-22.59],[-55.692,-22.579],[-55.695,-22.563],[-55.721,-22.552],[-55.748,-22.5],[-55.747,-22.486],[-55.751,-22.476],[-55.749,-22.472],[-55.747,-22.463],[-55.735,-22.458],[-55.738,-22.453],[-55.734,-22.437],[-55.737,-22.411],[-55.744,-22.404],[-55.74,-22.395],[-55.743,-22.389],[-55.765,-22.383],[-55.763,-22.371],[-55.76,-22.372],[-55.756,-22.369],[-55.749,-22.353],[-55.749,-22.339],[-55.758,-22.324],[-55.757,-22.309],[-55.753,-22.303],[-55.746,-22.282],[-55.731,-22.276],[-55.727,-22.269],[-55.721,-22.267],[-55.72,-22.259],[-55.714,-22.257],[-55.713,-22.252],[-55.705,-22.247],[-55.71,-22.237],[-55.705,-22.234],[-55.713,-22.227],[-55.701,-22.215],[-55.699,-22.203],[-55.694,-22.201],[-55.692,-22.204],[-55.688,-22.204],[-55.684,-22.188],[-55.691,-22.183],[-55.691,-22.18],[-55.682,-22.178],[-55.677,-22.17],[-55.671,-22.17],[-55.673,-22.165],[-55.669,-22.162],[-55.658,-22.161],[-55.66,-22.155],[-55.666,-22.156],[-55.659,-22.146],[-55.666,-22.141],[-55.657,-22.139],[-55.652,-22.133],[-55.642,-22.136],[-55.64,-22.131],[-55.641,-22.127],[-55.646,-22.133],[-55.649,-22.127],[-55.645,-22.119],[-55.651,-22.119],[-55.662,-22.112],[-55.661,-22.121],[-55.667,-22.119],[-55.667,-22.123],[-55.672,-22.127],[-55.676,-22.125],[-55.675,-22.116],[-55.681,-22.119],[-55.685,-22.122],[-55.681,-22.13],[-55.688,-22.129],[-55.694,-22.138],[-55.7,-22.122],[-55.711,-22.114],[-55.716,-22.114],[-55.716,-22.122],[-55.724,-22.117],[-55.734,-22.122],[-55.74,-22.118],[-55.747,-22.122],[-55.754,-22.114],[-55.753,-22.117],[-55.761,-22.119],[-55.765,-22.129],[-55.772,-22.13],[-55.773,-22.141],[-55.792,-22.149],[-55.807,-22.148],[-55.814,-22.151],[-55.832,-22.14],[-55.856,-22.141],[-55.875,-22.149],[-55.887,-22.137],[-55.899,-22.13],[-55.91,-22.117],[-55.938,-22.096],[-55.961,-22.092],[-55.971,-22.097],[-55.978,-22.091],[-55.98,-22.084],[-55.973,-22.081],[-55.989,-22.075],[-55.993,-22.067],[-55.982,-22.065],[-55.99,-22.055],[-55.984,-22.055],[-55.987,-22.052],[-55.986,-22.046],[-55.996,-22.054],[-55.998,-22.045],[-56.001,-22.048],[-56.007,-22.047],[-56.007,-22.038],[-56.015,-22.043],[-56.024,-22.035],[-56.019,-22.035],[-56.014,-22.03],[-56.006,-22.03],[-56.002,-22.034],[-55.989,-22.032],[-55.997,-22.027],[-55.996,-22.017],[-55.982,-22.016],[-55.983,-22.012],[-55.989,-22.012],[-55.987,-22.002],[-55.991,-21.998],[-55.994,-22.008],[-56.004,-22.019],[-56.017,-22.001],[-56.02,-22.015],[-56.027,-22.022],[-56.038,-22.025],[-56.039,-22.03],[-56.044,-22.03],[-56.045,-22.025],[-56.05,-22.023],[-56.058,-22.022],[-56.051,-22.018],[-56.041,-22.023],[-56.033,-22.018],[-56.028,-22.003],[-56.038,-22.006],[-56.04,-22.004],[-56.026,-21.993],[-56.019,-21.992],[-56.023,-21.988],[-56.02,-21.978],[-56.027,-21.982],[-56.028,-21.986],[-56.045,-21.993],[-56.036,-21.975],[-56.043,-21.977],[-56.046,-21.971],[-56.051,-21.976],[-56.054,-21.97],[-56.058,-21.979],[-56.058,-21.988],[-56.061,-21.989],[-56.066,-21.979],[-56.062,-21.972],[-56.064,-21.966],[-56.073,-21.972],[-56.079,-21.972],[-56.081,-21.969],[-56.075,-21.963],[-56.081,-21.96],[-56.081,-21.954],[-56.066,-21.951],[-56.058,-21.954],[-56.06,-21.949],[-56.073,-21.946],[-56.069,-21.941],[-56.06,-21.939],[-56.059,-21.928],[-56.07,-21.933],[-56.08,-21.929],[-56.078,-21.923],[-56.074,-21.924],[-56.069,-21.919],[-56.072,-21.908],[-56.086,-21.912],[-56.096,-21.924],[-56.111,-21.925],[-56.095,-21.917],[-56.084,-21.907],[-56.097,-21.902],[-56.091,-21.894],[-56.077,-21.895],[-56.068,-21.886],[-56.062,-21.884],[-56.066,-21.894],[-56.054,-21.898],[-56.053,-21.913],[-56.045,-21.912],[-56.04,-21.916],[-56.046,-21.902],[-56.04,-21.894],[-56.044,-21.884],[-56.042,-21.881],[-56.034,-21.884],[-56.026,-21.882],[-56.029,-21.896],[-56.023,-21.892],[-56.013,-21.894],[-56.016,-21.901],[-56.024,-21.906],[-56.02,-21.907],[-56.021,-21.921],[-56.018,-21.92],[-56.013,-21.905],[-56.009,-21.902],[-56.009,-21.91],[-55.996,-21.909],[-55.991,-21.914],[-55.992,-21.926],[-55.983,-21.922],[-55.976,-21.926],[-55.987,-21.92],[-55.984,-21.915],[-55.978,-21.915],[-55.982,-21.911],[-55.98,-21.904],[-55.987,-21.907],[-56.002,-21.904],[-55.998,-21.895],[-55.988,-21.895],[-55.995,-21.891],[-55.993,-21.886],[-56.011,-21.877],[-56.0,-21.871],[-55.98,-21.878],[-55.983,-21.869],[-55.979,-21.862],[-55.988,-21.867],[-55.993,-21.866],[-55.993,-21.861],[-55.997,-21.864],[-56.013,-21.864],[-56.004,-21.855],[-56.003,-21.846],[-56.014,-21.846],[-56.014,-21.841],[-56.026,-21.844],[-56.032,-21.841],[-56.031,-21.833],[-56.022,-21.837],[-56.007,-21.832],[-56.008,-21.819],[-56.017,-21.824],[-56.02,-21.822],[-56.015,-21.815],[-56.018,-21.81],[-56.01,-21.803],[-56.021,-21.784],[-56.008,-21.782],[-56.013,-21.792],[-56.003,-21.802],[-56.009,-21.81],[-56.0,-21.812],[-55.998,-21.817],[-55.99,-21.816],[-55.993,-21.833],[-55.99,-21.838],[-55.985,-21.834],[-55.983,-21.839],[-55.986,-21.84],[-55.982,-21.845],[-55.977,-21.834],[-55.973,-21.833],[-55.964,-21.857],[-55.964,-21.831],[-55.969,-21.824],[-55.964,-21.819],[-55.962,-21.822],[-55.957,-21.821],[-55.956,-21.831],[-55.952,-21.829],[-55.949,-21.833],[-55.951,-21.844],[-55.945,-21.844],[-55.95,-21.853],[-55.936,-21.848],[-55.938,-21.857],[-55.932,-21.856],[-55.924,-21.863],[-55.922,-21.859],[-55.931,-21.853],[-55.928,-21.846],[-55.916,-21.845],[-55.932,-21.839],[-55.922,-21.832],[-55.928,-21.83],[-55.931,-21.826],[-55.936,-21.826],[-55.931,-21.819],[-55.918,-21.82],[-55.914,-21.816],[-55.904,-21.82],[-55.908,-21.813],[-55.901,-21.81],[-55.895,-21.813],[-55.898,-21.806],[-55.909,-21.807],[-55.91,-21.812],[-55.915,-21.813],[-55.926,-21.811],[-55.926,-21.805],[-55.933,-21.807],[-55.937,-21.804],[-55.944,-21.813],[-55.947,-21.805],[-55.97,-21.802],[-55.946,-21.802],[-55.944,-21.798],[-55.954,-21.793],[-55.945,-21.787],[-55.942,-21.79],[-55.936,-21.787],[-55.931,-21.79],[-55.931,-21.793],[-55.924,-21.795],[-55.926,-21.789],[-55.921,-21.785],[-55.926,-21.784],[-55.937,-21.779],[-55.937,-21.776],[-55.929,-21.774],[-55.928,-21.77],[-55.923,-21.777],[-55.913,-21.774],[-55.917,-21.77],[-55.913,-21.767],[-55.907,-21.769],[-55.903,-21.78],[-55.896,-21.772],[-55.891,-21.777],[-55.886,-21.775],[-55.883,-21.784],[-55.874,-21.793],[-55.876,-21.785],[-55.872,-21.78],[-55.856,-21.776],[-55.863,-21.776],[-55.861,-21.772],[-55.878,-21.776],[-55.877,-21.768],[-55.884,-21.767],[-55.875,-21.763],[-55.877,-21.761],[-55.893,-21.763],[-55.891,-21.755],[-55.881,-21.756],[-55.883,-21.752],[-55.88,-21.749],[-55.887,-21.75],[-55.892,-21.746],[-55.888,-21.742],[-55.89,-21.738],[-55.884,-21.739],[-55.886,-21.736],[-55.882,-21.733],[-55.894,-21.735],[-55.9,-21.731],[-55.9,-21.741],[-55.904,-21.741],[-55.905,-21.738],[-55.913,-21.741],[-55.911,-21.731],[-55.921,-21.737],[-55.922,-21.742],[-55.93,-21.743],[-55.928,-21.736],[-55.944,-21.741],[-55.945,-21.73],[-55.938,-21.727],[-55.934,-21.731],[-55.931,-21.728],[-55.925,-21.731],[-55.92,-21.728],[-55.931,-21.724],[-55.933,-21.721],[-55.917,-21.716],[-55.911,-21.721],[-55.908,-21.712],[-55.9,-21.713],[-55.906,-21.708],[-55.903,-21.704],[-55.914,-21.712],[-55.915,-21.704],[-55.922,-21.711],[-55.924,-21.699],[-55.928,-21.695],[-55.931,-21.707],[-55.938,-21.704],[-55.938,-21.708],[-55.951,-21.716],[-55.948,-21.709],[-55.953,-21.706],[-55.947,-21.696],[-55.952,-21.689],[-55.957,-21.688],[-55.948,-21.686],[-55.941,-21.69],[-55.934,-21.685],[-55.946,-21.68],[-55.939,-21.675],[-55.941,-21.672],[-55.952,-21.675],[-55.952,-21.671],[-55.957,-21.668],[-55.954,-21.661],[-55.959,-21.655],[-55.971,-21.657],[-55.974,-21.654],[-55.963,-21.65],[-55.963,-21.646],[-55.972,-21.644],[-55.971,-21.638],[-55.963,-21.633]]]}},{"type":"Feature","properties":{"id":"5006903","nome":"Porto Murtinho"},"geometry":{"type":"Polygon","coordinates":[[[-56.957,-20.283],[-56.942,-20.297],[-56.932,-20.298],[-56.925,-20.31],[-56.932,-20.317],[-56.942,-20.338],[-56.955,-20.347],[-56.971,-20.349],[-56.991,-20.359],[-56.991,-20.37],[-56.974,-20.38],[-56.968,-20.388],[-56.955,-20.393],[-56.953,-20.405],[-56.934,-20.42],[-56.931,-20.431],[-56.933,-20.443],[-56.923,-20.453],[-56.913,-20.478],[-56.916,-20.497],[-56.906,-20.505],[-56.909,-20.516],[-56.907,-20.525],[-56.904,-20.533],[-56.899,-20.542],[-56.895,-20.548],[-56.895,-20.556],[-56.884,-20.561],[-56.879,-20.556],[-56.865,-20.578],[-56.89,-20.588],[-56.861,-20.6],[-56.866,-20.607],[-56.867,-20.619],[-56.872,-20.626],[-56.867,-20.639],[-56.877,-20.644],[-56.881,-20.651],[-56.876,-20.664],[-56.881,-20.669],[-56.889,-20.67],[-56.888,-20.686],[-56.891,-20.689],[-56.889,-20.696],[-56.877,-20.708],[-56.879,-20.712],[-56.872,-20.722],[-56.872,-20.738],[-56.866,-20.746],[-56.87,-20.758],[-56.872,-20.766],[-56.847,-20.77],[-56.832,-20.778],[-56.834,-20.792],[-56.853,-20.828],[-56.872,-20.851],[-56.87,-20.863],[-56.861,-20.87],[-56.867,-20.876],[-56.864,-20.885],[-56.862,-20.887],[-56.857,-20.891],[-56.857,-20.898],[-56.865,-20.912],[-56.86,-20.92],[-56.866,-20.936],[-56.872,-20.953],[-56.858,-20.971],[-56.856,-20.98],[-56.872,-21.003],[-56.872,-21.019],[-56.862,-21.031],[-56.865,-21.04],[-56.865,-21.044],[-56.845,-21.053],[-56.838,-21.072],[-56.842,-21.088],[-56.854,-21.1],[-56.863,-21.118],[-56.857,-21.124],[-56.853,-21.137],[-56.838,-21.142],[-56.827,-21.153],[-56.823,-21.177],[-56.817,-21.186],[-56.799,-21.193],[-56.774,-21.185],[-56.76,-21.173],[-56.732,-21.176],[-56.683,-21.178],[-56.671,-21.181],[-56.663,-21.19],[-56.677,-21.256],[-56.674,-21.291],[-56.669,-21.299],[-56.66,-21.319],[-56.66,-21.355],[-56.65,-21.38],[-56.637,-21.395],[-56.625,-21.426],[-56.698,-21.397],[-56.699,-21.414],[-56.703,-21.422],[-56.718,-21.426],[-56.731,-21.443],[-56.746,-21.443],[-56.765,-21.45],[-56.781,-21.445],[-56.786,-21.447],[-56.79,-21.451],[-56.792,-21.447],[-56.804,-21.454],[-56.805,-21.464],[-56.8,-21.466],[-56.798,-21.472],[-56.807,-21.474],[-56.804,-21.478],[-56.81,-21.486],[-56.816,-21.483],[-56.819,-21.476],[-56.816,-21.474],[-56.826,-21.47],[-56.825,-21.463],[-56.841,-21.461],[-56.845,-21.464],[-56.848,-21.462],[-56.845,-21.459],[-56.851,-21.46],[-56.859,-21.467],[-56.857,-21.476],[-56.86,-21.476],[-56.862,-21.481],[-56.868,-21.481],[-56.876,-21.491],[-56.873,-21.495],[-56.875,-21.499],[-56.884,-21.502],[-56.889,-21.51],[-56.9,-21.51],[-56.901,-21.515],[-56.896,-21.516],[-56.895,-21.519],[-56.904,-21.522],[-56.916,-21.534],[-56.924,-21.534],[-56.924,-21.541],[-56.92,-21.543],[-56.918,-21.55],[-56.925,-21.55],[-56.934,-21.563],[-56.93,-21.572],[-56.937,-21.576],[-56.937,-21.589],[-56.944,-21.592],[-56.941,-21.599],[-56.949,-21.625],[-56.956,-21.619],[-56.968,-21.621],[-56.968,-21.625],[-56.961,-21.627],[-56.958,-21.635],[-56.965,-21.634],[-56.969,-21.64],[-56.972,-21.633],[-56.989,-21.635],[-56.991,-21.629],[-57.011,-21.622],[-57.013,-21.629],[-57.027,-21.63],[-57.034,-21.646],[-57.043,-21.653],[-57.057,-21.654],[-57.06,-21.661],[-57.067,-21.662],[-57.072,-21.658],[-57.088,-21.659],[-57.083,-21.664],[-57.092,-21.668],[-57.093,-21.677],[-57.098,-21.675],[-57.1,-21.681],[-57.103,-21.68],[-57.103,-21.677],[-57.106,-21.679],[-57.11,-21.69],[-57.108,-21.692],[-57.114,-21.696],[-57.116,-21.704],[-57.122,-21.709],[-57.127,-21.704],[-57.14,-21.709],[-57.138,-21.717],[-57.134,-21.716],[-57.134,-21.72],[-57.138,-21.72],[-57.134,-21.724],[-57.138,-21.728],[-57.143,-21.728],[-57.143,-21.736],[-57.148,-21.736],[-57.149,-21.741],[-57.157,-21.741],[-57.155,-21.752],[-57.16,-21.753],[-57.161,-21.757],[-57.164,-21.756],[-57.168,-21.763],[-57.165,-21.765],[-57.164,-21.77],[-57.157,-21.772],[-57.159,-21.777],[-57.155,-21.785],[-57.164,-21.797],[-57.175,-21.803],[-57.177,-21.815],[-57.188,-21.825],[-57.187,-21.834],[-57.191,-21.839],[-57.189,-21.852],[-57.197,-21.867],[-57.187,-21.877],[-57.194,-21.88],[-57.191,-21.885],[-57.205,-21.887],[-57.216,-21.896],[-57.226,-21.894],[-57.225,-21.905],[-57.228,-21.911],[-57.241,-21.918],[-57.246,-21.926],[-57.246,-21.937],[-57.25,-21.936],[-57.253,-21.94],[-57.254,-21.939],[-57.258,-21.935],[-57.264,-21.939],[-57.272,-21.933],[-57.278,-21.934],[-57.277,-21.94],[-57.279,-21.937],[-57.282,-21.939],[-57.297,-21.937],[-57.302,-21.929],[-57.307,-21.932],[-57.311,-21.941],[-57.32,-21.942],[-57.32,-21.946],[-57.324,-21.945],[-57.327,-21.951],[-57.326,-21.953],[-57.339,-21.962],[-57.35,-21.963],[-57.356,-21.959],[-57.365,-21.969],[-57.377,-21.968],[-57.384,-21.985],[-57.376,-21.988],[-57.376,-21.994],[-57.382,-21.996],[-57.384,-22.001],[-57.387,-21.999],[-57.396,-22.003],[-57.396,-22.008],[-57.417,-22.024],[-57.423,-22.045],[-57.42,-22.054],[-57.43,-22.057],[-57.429,-22.069],[-57.439,-22.072],[-57.443,-22.068],[-57.447,-22.073],[-57.445,-22.076],[-57.448,-22.081],[-57.458,-22.08],[-57.46,-22.087],[-57.455,-22.09],[-57.453,-22.095],[-57.458,-22.098],[-57.453,-22.104],[-57.463,-22.108],[-57.468,-22.121],[-57.465,-22.13],[-57.485,-22.133],[-57.49,-22.139],[-57.488,-22.149],[-57.497,-22.156],[-57.493,-22.16],[-57.495,-22.166],[-57.501,-22.165],[-57.502,-22.158],[-57.507,-22.157],[-57.509,-22.167],[-57.505,-22.167],[-57.506,-22.174],[-57.509,-22.176],[-57.516,-22.173],[-57.523,-22.168],[-57.527,-22.175],[-57.547,-22.181],[-57.571,-22.175],[-57.578,-22.176],[-57.588,-22.164],[-57.583,-22.141],[-57.586,-22.139],[-57.593,-22.143],[-57.593,-22.136],[-57.601,-22.139],[-57.597,-22.132],[-57.604,-22.13],[-57.606,-22.122],[-57.612,-22.124],[-57.608,-22.116],[-57.612,-22.106],[-57.609,-22.096],[-57.613,-22.095],[-57.638,-22.106],[-57.663,-22.106],[-57.668,-22.102],[-57.676,-22.101],[-57.688,-22.088],[-57.696,-22.092],[-57.706,-22.09],[-57.704,-22.099],[-57.713,-22.104],[-57.716,-22.113],[-57.729,-22.1],[-57.736,-22.102],[-57.74,-22.107],[-57.741,-22.115],[-57.734,-22.12],[-57.737,-22.133],[-57.746,-22.138],[-57.761,-22.135],[-57.779,-22.126],[-57.788,-22.13],[-57.797,-22.149],[-57.803,-22.15],[-57.809,-22.141],[-57.818,-22.138],[-57.822,-22.121],[-57.828,-22.12],[-57.861,-22.13],[-57.859,-22.136],[-57.868,-22.13],[-57.884,-22.131],[-57.888,-22.123],[-57.903,-22.125],[-57.928,-22.121],[-57.921,-22.108],[-57.932,-22.104],[-57.94,-22.084],[-57.952,-22.087],[-57.96,-22.08],[-57.969,-22.09],[-57.979,-22.091],[-57.981,-22.086],[-57.992,-22.09],[-57.985,-22.062],[-57.992,-22.055],[-58.005,-22.05],[-58.008,-22.038],[-58.001,-22.028],[-57.968,-22.009],[-57.963,-22.0],[-57.963,-21.979],[-57.953,-21.966],[-57.936,-21.922],[-57.938,-21.91],[-57.947,-21.907],[-57.948,-21.901],[-57.93,-21.886],[-57.918,-21.887],[-57.912,-21.879],[-57.916,-21.873],[-57.97,-21.846],[-57.968,-21.842],[-57.95,-21.837],[-57.932,-21.826],[-57.913,-21.791],[-57.909,-21.769],[-57.922,-21.767],[-57.938,-21.758],[-57.945,-21.75],[-57.946,-21.742],[-57.938,-21.731],[-57.896,-21.705],[-57.885,-21.694],[-57.883,-21.693],[-57.882,-21.688],[-57.885,-21.681],[-57.925,-21.662],[-57.933,-21.651],[-57.941,-21.624],[-57.93,-21.607],[-57.913,-21.596],[-57.913,-21.59],[-57.921,-21.581],[-57.958,-21.563],[-57.965,-21.55],[-57.966,-21.525],[-57.957,-21.506],[-57.945,-21.498],[-57.931,-21.48],[-57.924,-21.465],[-57.926,-21.451],[-57.907,-21.417],[-57.904,-21.4],[-57.862,-21.353],[-57.854,-21.338],[-57.851,-21.323],[-57.853,-21.317],[-57.896,-21.306],[-57.911,-21.295],[-57.921,-21.281],[-57.92,-21.277],[-57.858,-21.233],[-57.85,-21.219],[-57.846,-21.192],[-57.862,-21.139],[-57.86,-21.129],[-57.845,-21.098],[-57.865,-21.066],[-57.867,-21.041],[-57.848,-21.022],[-57.827,-20.99],[-57.817,-20.98],[-57.824,-20.963],[-57.819,-20.942],[-57.824,-20.936],[-57.833,-20.936],[-57.844,-20.928],[-57.84,-20.928],[-57.834,-20.922],[-57.842,-20.919],[-57.841,-20.915],[-57.847,-20.916],[-57.848,-20.912],[-57.844,-20.914],[-57.836,-20.908],[-57.843,-20.907],[-57.845,-20.901],[-57.84,-20.893],[-57.847,-20.889],[-57.838,-20.882],[-57.833,-20.885],[-57.833,-20.877],[-57.828,-20.87],[-57.815,-20.866],[-57.812,-20.861],[-57.828,-20.852],[-57.82,-20.843],[-57.828,-20.841],[-57.831,-20.837],[-57.827,-20.835],[-57.828,-20.828],[-57.813,-20.822],[-57.818,-20.81],[-57.799,-20.811],[-57.794,-20.807],[-57.796,-20.8],[-57.789,-20.8],[-57.793,-20.795],[-57.782,-20.791],[-57.775,-20.792],[-57.776,-20.798],[-57.772,-20.802],[-57.754,-20.797],[-57.747,-20.798],[-57.742,-20.788],[-57.735,-20.783],[-57.74,-20.771],[-57.731,-20.765],[-57.736,-20.761],[-57.732,-20.754],[-57.733,-20.751],[-57.718,-20.741],[-57.72,-20.73],[-57.71,-20.725],[-57.687,-20.732],[-57.672,-20.729],[-57.656,-20.719],[-57.653,-20.71],[-57.644,-20.705],[-57.641,-20.696],[-57.648,-20.694],[-57.637,-20.674],[-57.64,-20.662],[-57.633,-20.659],[-57.629,-20.651],[-57.617,-20.645],[-57.616,-20.64],[-57.611,-20.64],[-57.611,-20.636],[-57.604,-20.631],[-57.605,-20.623],[-57.573,-20.624],[-57.57,-20.622],[-57.572,-20.613],[-57.561,-20.605],[-57.539,-20.619],[-57.529,-20.616],[-57.522,-20.609],[-57.51,-20.616],[-57.517,-20.606],[-57.514,-20.603],[-57.498,-20.6],[-57.495,-20.595],[-57.482,-20.589],[-57.467,-20.591],[-57.464,-20.586],[-57.47,-20.579],[-57.46,-20.578],[-57.461,-20.569],[-57.448,-20.572],[-57.453,-20.57],[-57.449,-20.566],[-57.452,-20.561],[-57.443,-20.562],[-57.444,-20.555],[-57.44,-20.554],[-57.438,-20.545],[-57.44,-20.537],[-57.458,-20.525],[-57.464,-20.525],[-57.459,-20.513],[-57.451,-20.514],[-57.449,-20.508],[-57.443,-20.503],[-57.444,-20.488],[-57.43,-20.48],[-57.424,-20.439],[-57.424,-20.43],[-57.428,-20.426],[-57.423,-20.407],[-57.416,-20.402],[-57.419,-20.383],[-57.414,-20.383],[-57.413,-20.374],[-57.414,-20.366],[-57.421,-20.368],[-57.426,-20.363],[-57.419,-20.355],[-57.413,-20.362],[-57.406,-20.35],[-57.402,-20.352],[-57.398,-20.349],[-57.399,-20.344],[-57.392,-20.335],[-57.386,-20.34],[-57.379,-20.334],[-57.363,-20.329],[-57.357,-20.32],[-57.349,-20.323],[-57.347,-20.32],[-57.34,-20.322],[-57.309,-20.315],[-57.266,-20.31],[-57.224,-20.298],[-57.19,-20.3],[-57.169,-20.307],[-57.162,-20.293],[-57.139,-20.296],[-57.104,-20.29],[-57.092,-20.294],[-57.08,-20.283],[-57.066,-20.279],[-57.054,-20.28],[-57.045,-20.29],[-57.029,-20.286],[-57.016,-20.286],[-57.01,-20.275],[-57.0,-20.274],[-56.976,-20.253],[-56.955,-20.241],[-56.941,-20.256],[-56.95,-20.263],[-56.948,-20.274],[-56.957,-20.279],[-56.957,-20.283]]]}},{"type":"Feature","properties":{"id":"5007109","nome":"Ribas do Rio Pardo"},"geometry":{"type":"Polygon","coordinates":[[[-53.648,-19.706],[-53.641,-19.718],[-53.639,-19.731],[-53.63,-19.741],[-53.619,-19.747],[-53.614,-19.758],[-53.599,-19.77],[-53.578,-19.77],[-53.578,-19.774],[-53.562,-19.783],[-53.537,-19.783],[-53.532,-19.779],[-53.52,-19.781],[-53.513,-19.784],[-53.511,-19.79],[-53.493,-19.793],[-53.471,-19.788],[-53.453,-19.798],[-53.425,-19.784],[-53.418,-19.788],[-53.409,-19.787],[-53.405,-19.791],[-53.405,-19.797],[-53.396,-19.805],[-53.397,-19.809],[-53.391,-19.811],[-53.386,-19.821],[-53.388,-19.828],[-53.382,-19.832],[-53.382,-19.848],[-53.361,-19.882],[-53.344,-19.89],[-53.336,-19.891],[-53.328,-19.886],[-53.322,-19.898],[-53.313,-19.901],[-53.314,-19.905],[-53.313,-19.914],[-53.299,-19.926],[-53.298,-19.934],[-53.287,-19.947],[-53.288,-19.954],[-53.284,-19.964],[-53.275,-19.976],[-53.259,-19.988],[-53.258,-20.002],[-53.241,-20.018],[-53.238,-20.021],[-53.231,-20.017],[-53.216,-20.026],[-53.207,-20.041],[-53.19,-20.048],[-53.179,-20.059],[-53.172,-20.095],[-53.152,-20.125],[-53.15,-20.138],[-53.136,-20.141],[-53.117,-20.156],[-53.119,-20.163],[-53.109,-20.167],[-53.108,-20.177],[-53.095,-20.191],[-53.092,-20.205],[-53.088,-20.209],[-53.093,-20.212],[-53.098,-20.242],[-53.085,-20.257],[-53.084,-20.276],[-53.081,-20.284],[-53.073,-20.287],[-53.069,-20.299],[-53.061,-20.3],[-53.053,-20.313],[-53.048,-20.315],[-53.041,-20.324],[-53.036,-20.325],[-53.032,-20.334],[-53.02,-20.337],[-53.015,-20.343],[-53.009,-20.34],[-53.007,-20.349],[-53.004,-20.348],[-52.995,-20.355],[-52.988,-20.353],[-52.969,-20.364],[-52.962,-20.376],[-52.955,-20.375],[-52.955,-20.38],[-52.943,-20.398],[-52.943,-20.405],[-52.936,-20.404],[-52.914,-20.433],[-52.902,-20.435],[-52.9,-20.446],[-52.893,-20.449],[-52.89,-20.449],[-52.871,-20.453],[-52.867,-20.455],[-52.861,-20.474],[-52.843,-20.502],[-52.843,-20.51],[-52.825,-20.527],[-52.822,-20.538],[-52.818,-20.541],[-52.823,-20.554],[-52.859,-20.578],[-52.868,-20.591],[-52.895,-20.613],[-52.905,-20.614],[-52.909,-20.619],[-52.942,-20.629],[-52.962,-20.644],[-52.973,-20.645],[-52.983,-20.651],[-53.001,-20.653],[-53.037,-20.653],[-53.063,-20.664],[-53.082,-20.679],[-53.09,-20.68],[-53.104,-20.674],[-53.112,-20.683],[-53.128,-20.689],[-53.154,-20.686],[-53.155,-20.686],[-53.165,-20.687],[-53.171,-20.693],[-53.178,-20.723],[-53.177,-20.738],[-53.167,-20.754],[-53.176,-20.822],[-53.213,-20.858],[-53.219,-20.859],[-53.227,-20.873],[-53.237,-20.88],[-53.247,-20.882],[-53.26,-20.89],[-53.264,-20.902],[-53.273,-20.91],[-53.277,-20.93],[-53.285,-20.934],[-53.285,-20.939],[-53.292,-20.945],[-53.294,-20.955],[-53.284,-20.977],[-53.269,-20.991],[-53.263,-20.989],[-53.258,-20.996],[-53.246,-20.999],[-53.242,-21.012],[-53.232,-21.02],[-53.218,-21.042],[-53.219,-21.047],[-53.207,-21.053],[-53.204,-21.058],[-53.197,-21.059],[-53.19,-21.067],[-53.191,-21.075],[-53.185,-21.083],[-53.185,-21.094],[-53.178,-21.098],[-53.174,-21.11],[-53.149,-21.136],[-53.14,-21.14],[-53.142,-21.145],[-53.138,-21.152],[-53.144,-21.156],[-53.135,-21.167],[-53.14,-21.178],[-53.136,-21.183],[-53.133,-21.207],[-53.128,-21.218],[-53.133,-21.227],[-53.125,-21.232],[-53.13,-21.243],[-53.124,-21.261],[-53.118,-21.262],[-53.114,-21.267],[-53.12,-21.283],[-53.114,-21.291],[-53.114,-21.301],[-53.104,-21.321],[-53.098,-21.329],[-53.1,-21.332],[-53.096,-21.338],[-53.095,-21.351],[-53.086,-21.355],[-53.082,-21.371],[-53.076,-21.381],[-53.065,-21.388],[-53.063,-21.395],[-53.051,-21.408],[-53.051,-21.425],[-53.061,-21.43],[-53.056,-21.444],[-53.05,-21.447],[-53.054,-21.456],[-53.048,-21.464],[-53.047,-21.474],[-53.035,-21.488],[-53.041,-21.498],[-53.037,-21.503],[-53.031,-21.496],[-53.026,-21.495],[-53.022,-21.508],[-53.028,-21.519],[-53.022,-21.523],[-53.013,-21.546],[-53.01,-21.564],[-53.012,-21.575],[-53.002,-21.592],[-53.005,-21.607],[-52.996,-21.623],[-52.997,-21.632],[-53.005,-21.629],[-53.011,-21.619],[-53.02,-21.619],[-53.025,-21.615],[-53.031,-21.606],[-53.042,-21.615],[-53.048,-21.608],[-53.058,-21.609],[-53.065,-21.603],[-53.066,-21.599],[-53.079,-21.596],[-53.084,-21.587],[-53.106,-21.583],[-53.12,-21.591],[-53.132,-21.577],[-53.14,-21.574],[-53.151,-21.583],[-53.155,-21.592],[-53.167,-21.588],[-53.179,-21.595],[-53.189,-21.586],[-53.189,-21.576],[-53.196,-21.577],[-53.208,-21.57],[-53.228,-21.581],[-53.231,-21.59],[-53.237,-21.595],[-53.244,-21.599],[-53.248,-21.588],[-53.263,-21.581],[-53.278,-21.592],[-53.285,-21.583],[-53.302,-21.588],[-53.315,-21.581],[-53.321,-21.598],[-53.33,-21.594],[-53.341,-21.596],[-53.346,-21.581],[-53.347,-21.587],[-53.356,-21.583],[-53.362,-21.576],[-53.375,-21.578],[-53.381,-21.567],[-53.395,-21.569],[-53.402,-21.56],[-53.417,-21.565],[-53.428,-21.552],[-53.438,-21.555],[-53.443,-21.573],[-53.466,-21.572],[-53.469,-21.577],[-53.476,-21.579],[-53.478,-21.585],[-53.489,-21.588],[-53.494,-21.595],[-53.489,-21.595],[-53.492,-21.599],[-53.502,-21.596],[-53.501,-21.591],[-53.51,-21.587],[-53.534,-21.596],[-53.547,-21.604],[-53.552,-21.601],[-53.565,-21.6],[-53.568,-21.609],[-53.572,-21.605],[-53.576,-21.609],[-53.587,-21.607],[-53.595,-21.598],[-53.595,-21.594],[-53.589,-21.593],[-53.59,-21.589],[-53.602,-21.593],[-53.608,-21.59],[-53.621,-21.572],[-53.613,-21.56],[-53.61,-21.564],[-53.608,-21.56],[-53.605,-21.564],[-53.6,-21.552],[-53.61,-21.548],[-53.606,-21.543],[-53.609,-21.538],[-53.604,-21.535],[-53.613,-21.523],[-53.616,-21.524],[-53.614,-21.52],[-53.618,-21.519],[-53.609,-21.515],[-53.606,-21.501],[-53.61,-21.5],[-53.608,-21.496],[-53.613,-21.493],[-53.613,-21.484],[-53.617,-21.481],[-53.612,-21.478],[-53.621,-21.47],[-53.636,-21.468],[-53.638,-21.461],[-53.632,-21.459],[-53.638,-21.456],[-53.634,-21.446],[-53.627,-21.444],[-53.626,-21.441],[-53.629,-21.44],[-53.624,-21.437],[-53.626,-21.434],[-53.63,-21.434],[-53.624,-21.43],[-53.626,-21.422],[-53.617,-21.417],[-53.622,-21.409],[-53.617,-21.406],[-53.615,-21.381],[-53.618,-21.383],[-53.62,-21.38],[-53.617,-21.376],[-53.616,-21.364],[-53.624,-21.358],[-53.633,-21.34],[-53.637,-21.34],[-53.633,-21.331],[-53.639,-21.327],[-53.637,-21.317],[-53.641,-21.313],[-53.642,-21.301],[-53.645,-21.299],[-53.648,-21.289],[-53.659,-21.278],[-53.663,-21.263],[-53.67,-21.258],[-53.669,-21.252],[-53.678,-21.237],[-53.675,-21.229],[-53.683,-21.223],[-53.681,-21.218],[-53.685,-21.199],[-53.682,-21.188],[-53.686,-21.175],[-53.696,-21.172],[-53.701,-21.166],[-53.706,-21.155],[-53.726,-21.144],[-53.726,-21.13],[-53.733,-21.125],[-53.733,-21.122],[-53.738,-21.116],[-53.738,-21.109],[-53.735,-21.107],[-53.747,-21.099],[-53.752,-21.102],[-53.751,-21.094],[-53.758,-21.088],[-53.758,-21.079],[-53.765,-21.08],[-53.769,-21.074],[-53.779,-21.07],[-53.803,-21.073],[-53.813,-21.063],[-53.821,-21.062],[-53.821,-21.056],[-53.827,-21.049],[-53.836,-21.052],[-53.837,-21.048],[-53.847,-21.042],[-53.849,-21.038],[-53.845,-21.031],[-53.85,-21.02],[-53.844,-21.016],[-53.848,-21.006],[-53.856,-20.999],[-53.857,-20.99],[-53.861,-20.985],[-53.867,-20.98],[-53.877,-20.982],[-53.887,-20.979],[-53.906,-20.964],[-53.91,-20.958],[-53.915,-20.961],[-53.916,-20.958],[-53.942,-20.956],[-53.955,-20.96],[-53.966,-20.956],[-53.977,-20.949],[-53.993,-20.929],[-54.001,-20.925],[-54.006,-20.893],[-54.019,-20.877],[-54.023,-20.855],[-54.065,-20.835],[-54.087,-20.809],[-54.091,-20.797],[-54.112,-20.785],[-54.128,-20.787],[-54.156,-20.773],[-54.164,-20.755],[-54.172,-20.749],[-54.175,-20.725],[-54.192,-20.711],[-54.203,-20.696],[-54.205,-20.674],[-54.201,-20.66],[-54.196,-20.658],[-54.194,-20.637],[-54.183,-20.62],[-54.178,-20.596],[-54.191,-20.56],[-54.195,-20.537],[-54.182,-20.49],[-54.182,-20.469],[-54.185,-20.465],[-54.182,-20.461],[-54.178,-20.465],[-54.171,-20.457],[-54.169,-20.46],[-54.167,-20.455],[-54.16,-20.454],[-54.155,-20.446],[-54.149,-20.451],[-54.145,-20.448],[-54.139,-20.456],[-54.126,-20.442],[-54.12,-20.446],[-54.114,-20.444],[-54.114,-20.442],[-54.12,-20.438],[-54.117,-20.436],[-54.102,-20.438],[-54.096,-20.431],[-54.089,-20.436],[-54.081,-20.435],[-54.077,-20.427],[-54.058,-20.428],[-54.061,-20.423],[-54.056,-20.419],[-54.05,-20.42],[-54.048,-20.425],[-54.044,-20.421],[-54.037,-20.423],[-54.038,-20.418],[-54.032,-20.416],[-54.035,-20.414],[-54.033,-20.412],[-54.025,-20.413],[-54.029,-20.408],[-54.025,-20.402],[-54.022,-20.402],[-54.025,-20.406],[-54.021,-20.405],[-54.019,-20.411],[-53.998,-20.399],[-53.997,-20.395],[-53.989,-20.391],[-53.984,-20.397],[-53.979,-20.391],[-53.973,-20.391],[-53.974,-20.387],[-53.967,-20.381],[-53.958,-20.383],[-53.941,-20.38],[-53.924,-20.376],[-53.922,-20.371],[-53.917,-20.369],[-53.913,-20.37],[-53.913,-20.375],[-53.911,-20.37],[-53.901,-20.369],[-53.891,-20.374],[-53.888,-20.372],[-53.887,-20.364],[-53.892,-20.364],[-53.89,-20.358],[-53.899,-20.352],[-53.908,-20.353],[-53.916,-20.341],[-53.93,-20.343],[-53.933,-20.34],[-53.94,-20.34],[-53.949,-20.331],[-53.957,-20.329],[-53.955,-20.325],[-53.963,-20.316],[-53.984,-20.313],[-53.982,-20.309],[-53.986,-20.306],[-53.989,-20.308],[-53.99,-20.304],[-53.987,-20.301],[-53.991,-20.297],[-53.982,-20.291],[-53.988,-20.287],[-53.985,-20.282],[-53.985,-20.276],[-53.992,-20.272],[-53.996,-20.274],[-53.996,-20.261],[-54.0,-20.261],[-54.01,-20.248],[-54.008,-20.238],[-54.011,-20.235],[-54.015,-20.239],[-54.017,-20.23],[-54.032,-20.218],[-54.036,-20.21],[-54.042,-20.212],[-54.044,-20.206],[-54.048,-20.209],[-54.048,-20.204],[-54.044,-20.204],[-54.045,-20.196],[-54.056,-20.185],[-54.059,-20.188],[-54.065,-20.176],[-54.062,-20.169],[-54.069,-20.147],[-54.074,-20.145],[-54.099,-20.116],[-54.086,-20.101],[-54.065,-20.088],[-54.051,-20.086],[-54.038,-20.073],[-53.975,-20.047],[-53.958,-20.031],[-53.959,-20.016],[-53.95,-19.996],[-53.944,-19.998],[-53.939,-19.994],[-53.934,-19.997],[-53.929,-19.994],[-53.919,-19.998],[-53.911,-19.997],[-53.906,-19.992],[-53.895,-19.993],[-53.898,-19.978],[-53.902,-19.975],[-53.904,-19.95],[-53.91,-19.942],[-53.908,-19.937],[-53.918,-19.925],[-53.92,-19.907],[-53.93,-19.9],[-53.928,-19.897],[-53.94,-19.883],[-53.941,-19.876],[-53.949,-19.866],[-53.963,-19.86],[-53.964,-19.849],[-53.971,-19.837],[-53.973,-19.82],[-53.97,-19.816],[-53.971,-19.809],[-53.977,-19.801],[-53.978,-19.78],[-53.985,-19.769],[-53.991,-19.766],[-53.99,-19.752],[-53.987,-19.75],[-53.995,-19.729],[-53.988,-19.722],[-53.976,-19.719],[-53.966,-19.721],[-53.956,-19.71],[-53.946,-19.707],[-53.924,-19.712],[-53.922,-19.708],[-53.91,-19.706],[-53.904,-19.701],[-53.865,-19.538],[-53.863,-19.529],[-53.857,-19.529],[-53.839,-19.536],[-53.823,-19.549],[-53.797,-19.576],[-53.784,-19.613],[-53.772,-19.621],[-53.763,-19.635],[-53.746,-19.643],[-53.735,-19.655],[-53.72,-19.663],[-53.71,-19.679],[-53.665,-19.696],[-53.657,-19.705],[-53.648,-19.706]]]}},{"type":"Feature","properties":{"id":"5007208","nome":"Rio Brilhante"},"geometry":{"type":"Polygon","coordinates":[[[-54.858,-21.341],[-54.837,-21.352],[-54.821,-21.338],[-54.816,-21.34],[-54.801,-21.348],[-54.791,-21.341],[-54.782,-21.348],[-54.785,-21.366],[-54.772,-21.369],[-54.769,-21.378],[-54.708,-21.358],[-54.701,-21.355],[-54.698,-21.363],[-54.705,-21.373],[-54.701,-21.382],[-54.694,-21.386],[-54.694,-21.387],[-54.694,-21.395],[-54.686,-21.401],[-54.686,-21.406],[-54.707,-21.426],[-54.701,-21.432],[-54.701,-21.44],[-54.693,-21.446],[-54.696,-21.453],[-54.683,-21.453],[-54.667,-21.464],[-54.665,-21.481],[-54.677,-21.482],[-54.686,-21.487],[-54.69,-21.49],[-54.682,-21.496],[-54.694,-21.501],[-54.691,-21.501],[-54.689,-21.506],[-54.682,-21.507],[-54.68,-21.51],[-54.685,-21.516],[-54.678,-21.526],[-54.672,-21.527],[-54.666,-21.522],[-54.654,-21.523],[-54.663,-21.533],[-54.662,-21.537],[-54.659,-21.536],[-54.626,-21.522],[-54.623,-21.523],[-54.605,-21.494],[-54.599,-21.491],[-54.587,-21.49],[-54.544,-21.51],[-54.513,-21.523],[-54.493,-21.542],[-54.488,-21.564],[-54.462,-21.571],[-54.445,-21.585],[-54.404,-21.569],[-54.38,-21.537],[-54.357,-21.522],[-54.332,-21.515],[-54.335,-21.554],[-54.355,-21.58],[-54.345,-21.601],[-54.343,-21.612],[-54.333,-21.62],[-54.326,-21.632],[-54.319,-21.629],[-54.306,-21.641],[-54.302,-21.651],[-54.299,-21.652],[-54.293,-21.646],[-54.288,-21.659],[-54.282,-21.661],[-54.278,-21.658],[-54.281,-21.653],[-54.279,-21.653],[-54.271,-21.664],[-54.273,-21.675],[-54.268,-21.672],[-54.265,-21.678],[-54.25,-21.682],[-54.247,-21.688],[-54.242,-21.689],[-54.231,-21.683],[-54.209,-21.703],[-54.21,-21.707],[-54.213,-21.714],[-54.205,-21.729],[-54.203,-21.727],[-54.2,-21.725],[-54.189,-21.726],[-54.183,-21.734],[-54.178,-21.733],[-54.177,-21.736],[-54.171,-21.729],[-54.156,-21.733],[-54.156,-21.736],[-54.153,-21.735],[-54.153,-21.739],[-54.144,-21.742],[-54.14,-21.747],[-54.135,-21.747],[-54.131,-21.74],[-54.119,-21.739],[-54.116,-21.74],[-54.119,-21.744],[-54.113,-21.745],[-54.112,-21.752],[-54.099,-21.752],[-54.089,-21.745],[-54.079,-21.754],[-54.073,-21.751],[-54.062,-21.759],[-54.059,-21.757],[-54.056,-21.762],[-54.06,-21.765],[-54.043,-21.769],[-54.041,-21.776],[-54.036,-21.772],[-54.029,-21.773],[-54.01,-21.784],[-54.005,-21.784],[-53.992,-21.777],[-53.99,-21.788],[-53.984,-21.79],[-53.985,-21.796],[-53.981,-21.799],[-53.98,-21.805],[-53.973,-21.809],[-53.97,-21.816],[-53.967,-21.813],[-53.962,-21.816],[-53.961,-21.834],[-53.952,-21.83],[-53.951,-21.842],[-53.956,-21.845],[-53.952,-21.849],[-53.962,-21.847],[-53.956,-21.855],[-53.949,-21.853],[-53.933,-21.861],[-53.925,-21.856],[-53.927,-21.861],[-53.905,-21.867],[-53.907,-21.876],[-53.899,-21.884],[-53.896,-21.881],[-53.889,-21.904],[-53.902,-21.912],[-53.914,-21.899],[-53.922,-21.898],[-53.928,-21.902],[-53.941,-21.898],[-53.936,-21.904],[-53.937,-21.909],[-53.944,-21.919],[-53.954,-21.924],[-53.958,-21.923],[-53.96,-21.919],[-53.952,-21.911],[-53.963,-21.896],[-53.971,-21.912],[-53.989,-21.901],[-53.999,-21.91],[-54.024,-21.897],[-54.034,-21.897],[-54.045,-21.902],[-54.054,-21.901],[-54.063,-21.908],[-54.069,-21.904],[-54.077,-21.905],[-54.077,-21.909],[-54.067,-21.914],[-54.068,-21.92],[-54.076,-21.929],[-54.081,-21.928],[-54.1,-21.913],[-54.108,-21.915],[-54.118,-21.925],[-54.131,-21.93],[-54.125,-21.946],[-54.14,-21.946],[-54.151,-21.938],[-54.168,-21.941],[-54.171,-21.935],[-54.189,-21.923],[-54.199,-21.938],[-54.203,-21.938],[-54.207,-21.931],[-54.213,-21.934],[-54.215,-21.941],[-54.214,-21.95],[-54.231,-21.953],[-54.243,-21.948],[-54.242,-21.957],[-54.245,-21.954],[-54.255,-21.963],[-54.261,-21.96],[-54.261,-21.95],[-54.269,-21.949],[-54.266,-21.955],[-54.274,-21.966],[-54.282,-21.953],[-54.279,-21.939],[-54.283,-21.932],[-54.289,-21.939],[-54.299,-21.936],[-54.301,-21.94],[-54.309,-21.933],[-54.325,-21.934],[-54.331,-21.948],[-54.335,-21.951],[-54.337,-21.945],[-54.35,-21.948],[-54.361,-21.947],[-54.36,-21.94],[-54.365,-21.933],[-54.372,-21.948],[-54.377,-21.939],[-54.374,-21.934],[-54.376,-21.932],[-54.39,-21.932],[-54.396,-21.925],[-54.409,-21.934],[-54.422,-21.925],[-54.435,-21.925],[-54.431,-21.917],[-54.435,-21.916],[-54.435,-21.912],[-54.426,-21.904],[-54.445,-21.903],[-54.452,-21.899],[-54.455,-21.891],[-54.462,-21.896],[-54.466,-21.89],[-54.474,-21.892],[-54.484,-21.903],[-54.495,-21.906],[-54.494,-21.93],[-54.501,-21.933],[-54.506,-21.934],[-54.508,-21.939],[-54.515,-21.938],[-54.517,-21.934],[-54.52,-21.936],[-54.524,-21.919],[-54.533,-21.911],[-54.545,-21.913],[-54.548,-21.901],[-54.556,-21.902],[-54.559,-21.918],[-54.565,-21.922],[-54.574,-21.918],[-54.582,-21.929],[-54.587,-21.929],[-54.589,-21.922],[-54.607,-21.922],[-54.611,-21.927],[-54.617,-21.929],[-54.627,-21.924],[-54.628,-21.92],[-54.632,-21.92],[-54.631,-21.915],[-54.636,-21.915],[-54.649,-21.934],[-54.662,-21.926],[-54.666,-21.934],[-54.664,-21.938],[-54.656,-21.936],[-54.657,-21.94],[-54.662,-21.94],[-54.667,-21.945],[-54.673,-21.942],[-54.683,-21.944],[-54.687,-21.94],[-54.685,-21.93],[-54.7,-21.917],[-54.674,-21.9],[-54.677,-21.895],[-54.685,-21.897],[-54.691,-21.895],[-54.687,-21.888],[-54.689,-21.863],[-54.714,-21.877],[-54.732,-21.878],[-54.743,-21.896],[-54.758,-21.903],[-54.761,-21.905],[-54.77,-21.897],[-54.768,-21.892],[-54.772,-21.874],[-54.779,-21.866],[-54.786,-21.867],[-54.787,-21.858],[-54.782,-21.85],[-54.792,-21.835],[-54.79,-21.83],[-54.794,-21.829],[-54.797,-21.825],[-54.805,-21.827],[-54.813,-21.836],[-54.827,-21.834],[-54.829,-21.83],[-54.828,-21.824],[-54.837,-21.821],[-54.837,-21.819],[-54.834,-21.821],[-54.831,-21.814],[-54.83,-21.788],[-54.835,-21.79],[-54.846,-21.778],[-54.849,-21.781],[-54.855,-21.777],[-54.859,-21.78],[-54.858,-21.771],[-54.87,-21.764],[-54.879,-21.77],[-54.896,-21.758],[-54.896,-21.746],[-54.905,-21.745],[-54.908,-21.749],[-54.913,-21.742],[-54.918,-21.742],[-54.921,-21.729],[-54.924,-21.728],[-54.934,-21.727],[-54.94,-21.719],[-54.926,-21.716],[-54.928,-21.711],[-54.922,-21.708],[-54.92,-21.697],[-54.939,-21.7],[-54.934,-21.69],[-54.936,-21.682],[-54.947,-21.691],[-54.955,-21.676],[-54.958,-21.671],[-54.984,-21.661],[-54.997,-21.663],[-54.985,-21.648],[-54.986,-21.644],[-54.992,-21.646],[-54.994,-21.643],[-54.987,-21.636],[-54.987,-21.624],[-54.994,-21.618],[-55.007,-21.625],[-55.015,-21.624],[-55.012,-21.621],[-55.025,-21.611],[-55.017,-21.594],[-55.024,-21.594],[-55.027,-21.586],[-55.024,-21.571],[-55.019,-21.562],[-55.015,-21.534],[-55.013,-21.484],[-54.89,-21.338],[-54.877,-21.335],[-54.865,-21.338],[-54.858,-21.341]]]}},{"type":"Feature","properties":{"id":"5007307","nome":"Rio Negro"},"geometry":{"type":"Polygon","coordinates":[[[-54.868,-19.186],[-54.841,-19.191],[-54.826,-19.19],[-54.805,-19.199],[-54.794,-19.202],[-54.771,-19.221],[-54.764,-19.235],[-54.757,-19.277],[-54.752,-19.286],[-54.718,-19.304],[-54.718,-19.31],[-54.731,-19.33],[-54.748,-19.379],[-54.755,-19.391],[-54.766,-19.395],[-54.769,-19.408],[-54.779,-19.419],[-54.782,-19.425],[-54.781,-19.438],[-54.794,-19.455],[-54.794,-19.47],[-54.8,-19.479],[-54.817,-19.491],[-54.814,-19.507],[-54.817,-19.51],[-54.812,-19.524],[-54.812,-19.54],[-54.818,-19.563],[-54.819,-19.583],[-54.823,-19.592],[-54.832,-19.597],[-54.835,-19.603],[-54.838,-19.62],[-54.835,-19.628],[-54.837,-19.646],[-54.845,-19.65],[-54.858,-19.648],[-54.88,-19.649],[-54.891,-19.652],[-54.897,-19.657],[-54.898,-19.674],[-54.902,-19.679],[-54.918,-19.685],[-54.933,-19.693],[-54.943,-19.693],[-54.951,-19.687],[-54.968,-19.684],[-54.983,-19.69],[-54.99,-19.689],[-54.995,-19.696],[-55.002,-19.699],[-55.026,-19.699],[-55.028,-19.676],[-55.033,-19.676],[-55.037,-19.68],[-55.038,-19.67],[-55.047,-19.658],[-55.039,-19.656],[-55.041,-19.645],[-55.039,-19.637],[-55.051,-19.629],[-55.047,-19.625],[-55.038,-19.628],[-55.04,-19.623],[-55.036,-19.62],[-55.037,-19.614],[-55.041,-19.612],[-55.061,-19.607],[-55.069,-19.611],[-55.087,-19.631],[-55.127,-19.624],[-55.138,-19.619],[-55.171,-19.597],[-55.199,-19.566],[-55.206,-19.553],[-55.219,-19.544],[-55.223,-19.533],[-55.233,-19.528],[-55.235,-19.52],[-55.232,-19.512],[-55.236,-19.5],[-55.224,-19.494],[-55.219,-19.467],[-55.204,-19.452],[-55.203,-19.433],[-55.194,-19.408],[-55.187,-19.403],[-55.167,-19.407],[-55.153,-19.39],[-55.114,-19.37],[-55.121,-19.353],[-55.112,-19.349],[-55.101,-19.335],[-55.099,-19.332],[-55.096,-19.336],[-55.091,-19.341],[-55.086,-19.338],[-55.083,-19.342],[-55.081,-19.339],[-55.079,-19.342],[-55.075,-19.34],[-55.064,-19.347],[-55.06,-19.344],[-55.057,-19.351],[-55.055,-19.349],[-55.047,-19.326],[-55.035,-19.319],[-55.031,-19.308],[-55.024,-19.307],[-55.026,-19.297],[-55.019,-19.3],[-55.013,-19.292],[-55.021,-19.289],[-55.018,-19.287],[-55.021,-19.282],[-55.013,-19.278],[-55.014,-19.272],[-55.009,-19.272],[-55.004,-19.265],[-55.009,-19.254],[-54.998,-19.248],[-54.993,-19.237],[-54.912,-19.235],[-54.898,-19.219],[-54.894,-19.219],[-54.891,-19.207],[-54.881,-19.206],[-54.878,-19.193],[-54.868,-19.186]]]}},{"type":"Feature","properties":{"id":"5007406","nome":"Rio Verde de Mato Grosso"},"geometry":{"type":"Polygon","coordinates":[[[-55.152,-18.222],[-55.142,-18.239],[-55.119,-18.242],[-55.112,-18.246],[-55.101,-18.267],[-55.091,-18.279],[-55.077,-18.281],[-55.07,-18.268],[-55.066,-18.286],[-55.036,-18.29],[-55.048,-18.293],[-55.055,-18.307],[-55.057,-18.319],[-55.043,-18.317],[-55.042,-18.321],[-55.048,-18.327],[-55.048,-18.335],[-55.041,-18.336],[-55.033,-18.331],[-55.031,-18.35],[-55.014,-18.344],[-55.003,-18.349],[-55.0,-18.352],[-55.008,-18.354],[-55.008,-18.36],[-54.986,-18.373],[-54.996,-18.38],[-54.996,-18.385],[-54.989,-18.391],[-54.978,-18.391],[-54.973,-18.397],[-54.974,-18.418],[-54.97,-18.42],[-54.965,-18.413],[-54.96,-18.412],[-54.956,-18.424],[-54.928,-18.443],[-54.922,-18.443],[-54.912,-18.435],[-54.892,-18.451],[-54.882,-18.444],[-54.879,-18.431],[-54.872,-18.439],[-54.863,-18.437],[-54.866,-18.432],[-54.861,-18.428],[-54.847,-18.436],[-54.843,-18.435],[-54.843,-18.43],[-54.852,-18.424],[-54.849,-18.421],[-54.835,-18.432],[-54.827,-18.444],[-54.808,-18.446],[-54.801,-18.466],[-54.787,-18.468],[-54.784,-18.472],[-54.762,-18.487],[-54.761,-18.492],[-54.763,-18.506],[-54.757,-18.512],[-54.756,-18.519],[-54.764,-18.573],[-54.74,-18.528],[-54.746,-18.548],[-54.743,-18.558],[-54.73,-18.57],[-54.731,-18.578],[-54.725,-18.589],[-54.704,-18.592],[-54.699,-18.597],[-54.692,-18.594],[-54.692,-18.602],[-54.681,-18.601],[-54.674,-18.61],[-54.659,-18.612],[-54.65,-18.62],[-54.638,-18.619],[-54.632,-18.623],[-54.622,-18.627],[-54.625,-18.643],[-54.614,-18.652],[-54.613,-18.67],[-54.586,-18.695],[-54.574,-18.711],[-54.577,-18.714],[-54.575,-18.723],[-54.579,-18.732],[-54.574,-18.74],[-54.566,-18.744],[-54.568,-18.763],[-54.534,-18.778],[-54.528,-18.784],[-54.53,-18.801],[-54.519,-18.81],[-54.516,-18.819],[-54.521,-18.844],[-54.499,-18.859],[-54.483,-18.859],[-54.483,-18.873],[-54.468,-18.886],[-54.46,-18.889],[-54.46,-18.895],[-54.454,-18.895],[-54.45,-18.9],[-54.441,-18.901],[-54.441,-18.909],[-54.447,-18.919],[-54.441,-18.92],[-54.44,-18.926],[-54.428,-18.929],[-54.427,-18.938],[-54.422,-18.94],[-54.42,-18.95],[-54.409,-18.953],[-54.396,-18.951],[-54.4,-18.975],[-54.393,-18.98],[-54.399,-18.984],[-54.405,-18.987],[-54.409,-18.977],[-54.428,-18.976],[-54.434,-18.972],[-54.44,-18.98],[-54.439,-18.984],[-54.454,-18.973],[-54.462,-18.977],[-54.474,-18.975],[-54.479,-18.98],[-54.486,-18.979],[-54.491,-18.972],[-54.495,-18.976],[-54.507,-18.972],[-54.509,-18.966],[-54.518,-18.972],[-54.535,-18.957],[-54.548,-18.954],[-54.565,-18.957],[-54.567,-18.964],[-54.575,-18.97],[-54.584,-18.975],[-54.593,-18.974],[-54.6,-18.978],[-54.607,-18.978],[-54.622,-18.989],[-54.629,-18.989],[-54.65,-19.006],[-54.666,-19.011],[-54.69,-19.024],[-54.697,-19.046],[-54.71,-19.052],[-54.72,-19.063],[-54.723,-19.074],[-54.721,-19.098],[-54.744,-19.134],[-54.752,-19.138],[-54.758,-19.161],[-54.759,-19.162],[-54.786,-19.169],[-54.795,-19.185],[-54.804,-19.191],[-54.805,-19.199],[-54.826,-19.19],[-54.841,-19.191],[-54.868,-19.186],[-54.878,-19.193],[-54.881,-19.206],[-54.891,-19.207],[-54.894,-19.219],[-54.898,-19.219],[-54.912,-19.235],[-54.993,-19.237],[-54.998,-19.248],[-55.009,-19.254],[-55.004,-19.265],[-55.009,-19.272],[-55.014,-19.272],[-55.013,-19.278],[-55.021,-19.282],[-55.018,-19.287],[-55.021,-19.289],[-55.013,-19.292],[-55.019,-19.3],[-55.026,-19.297],[-55.024,-19.307],[-55.031,-19.308],[-55.035,-19.319],[-55.047,-19.326],[-55.055,-19.349],[-55.057,-19.351],[-55.06,-19.344],[-55.064,-19.347],[-55.075,-19.34],[-55.079,-19.342],[-55.081,-19.339],[-55.083,-19.342],[-55.086,-19.338],[-55.091,-19.341],[-55.096,-19.336],[-55.099,-19.332],[-55.101,-19.335],[-55.101,-19.331],[-55.104,-19.334],[-55.107,-19.333],[-55.11,-19.326],[-55.119,-19.328],[-55.121,-19.338],[-55.13,-19.342],[-55.134,-19.341],[-55.137,-19.346],[-55.169,-19.332],[-55.179,-19.31],[-55.184,-19.31],[-55.187,-19.305],[-55.19,-19.307],[-55.191,-19.3],[-55.201,-19.288],[-55.217,-19.279],[-55.223,-19.283],[-55.229,-19.271],[-55.253,-19.249],[-55.277,-19.248],[-55.302,-19.257],[-55.31,-19.252],[-55.31,-19.245],[-55.32,-19.238],[-55.33,-19.236],[-55.35,-19.249],[-55.353,-19.264],[-55.36,-19.265],[-55.368,-19.263],[-55.374,-19.257],[-55.395,-19.259],[-55.4,-19.264],[-55.412,-19.259],[-55.417,-19.26],[-55.423,-19.253],[-55.423,-19.249],[-55.434,-19.239],[-55.433,-19.236],[-55.447,-19.231],[-55.453,-19.22],[-55.464,-19.217],[-55.464,-19.216],[-55.398,-18.58],[-55.398,-18.578],[-55.366,-18.468],[-55.356,-18.43],[-55.306,-18.249],[-55.3,-18.251],[-55.293,-18.243],[-55.292,-18.25],[-55.288,-18.255],[-55.278,-18.257],[-55.249,-18.226],[-55.252,-18.243],[-55.245,-18.251],[-55.24,-18.252],[-55.234,-18.246],[-55.231,-18.224],[-55.226,-18.232],[-55.211,-18.238],[-55.207,-18.235],[-55.206,-18.225],[-55.2,-18.222],[-55.179,-18.238],[-55.174,-18.236],[-55.171,-18.226],[-55.165,-18.234],[-55.16,-18.233],[-55.157,-18.225],[-55.152,-18.222]]]}},{"type":"Feature","properties":{"id":"5007505","nome":"Rochedo"},"geometry":{"type":"Polygon","coordinates":[[[-54.614,-19.745],[-54.611,-19.751],[-54.599,-19.753],[-54.59,-19.747],[-54.582,-19.747],[-54.576,-19.751],[-54.567,-19.761],[-54.55,-19.763],[-54.542,-19.759],[-54.538,-19.765],[-54.52,-19.771],[-54.502,-19.784],[-54.486,-19.773],[-54.478,-19.78],[-54.474,-19.795],[-54.469,-19.799],[-54.45,-19.796],[-54.435,-19.797],[-54.42,-19.788],[-54.404,-19.791],[-54.428,-19.83],[-54.46,-19.881],[-54.457,-19.906],[-54.458,-19.914],[-54.451,-19.926],[-54.458,-19.941],[-54.457,-19.949],[-54.447,-19.982],[-54.436,-19.986],[-54.422,-19.986],[-54.416,-19.99],[-54.409,-20.031],[-54.47,-20.015],[-54.482,-20.004],[-54.498,-20.001],[-54.505,-20.002],[-54.524,-20.02],[-54.538,-20.017],[-54.545,-20.009],[-54.571,-20.024],[-54.58,-20.013],[-54.597,-20.017],[-54.603,-20.011],[-54.624,-20.012],[-54.641,-20.001],[-54.646,-20.001],[-54.661,-20.006],[-54.663,-20.009],[-54.671,-20.006],[-54.675,-20.014],[-54.681,-20.012],[-54.688,-20.015],[-54.698,-20.015],[-54.702,-20.018],[-54.712,-20.017],[-54.721,-20.028],[-54.736,-20.038],[-54.738,-20.045],[-54.754,-20.041],[-54.76,-20.042],[-54.762,-20.045],[-54.78,-20.171],[-54.781,-20.171],[-54.784,-20.173],[-54.796,-20.169],[-54.801,-20.173],[-54.813,-20.174],[-54.823,-20.166],[-54.836,-20.172],[-54.847,-20.167],[-54.86,-20.174],[-54.857,-20.18],[-54.862,-20.198],[-54.867,-20.197],[-54.878,-20.207],[-54.886,-20.208],[-54.893,-20.204],[-54.9,-20.208],[-54.912,-20.206],[-54.917,-20.205],[-54.916,-20.196],[-54.923,-20.192],[-54.93,-20.191],[-54.936,-20.194],[-54.938,-20.186],[-54.942,-20.187],[-54.944,-20.184],[-54.941,-20.18],[-54.961,-20.165],[-54.961,-20.168],[-54.966,-20.167],[-54.968,-20.171],[-54.983,-20.168],[-54.988,-20.163],[-54.994,-20.163],[-54.994,-20.156],[-55.0,-20.161],[-55.004,-20.158],[-55.01,-20.16],[-55.008,-20.154],[-55.032,-20.155],[-55.038,-20.159],[-55.042,-20.155],[-55.044,-20.145],[-55.049,-20.143],[-55.044,-20.135],[-55.04,-20.137],[-55.038,-20.132],[-55.028,-20.125],[-55.023,-20.125],[-55.019,-20.13],[-55.015,-20.119],[-54.998,-20.127],[-54.994,-20.112],[-54.987,-20.112],[-54.985,-20.107],[-54.977,-20.105],[-54.972,-20.091],[-54.961,-20.088],[-54.958,-20.093],[-54.954,-20.093],[-54.957,-20.082],[-54.946,-20.077],[-54.945,-20.071],[-54.937,-20.069],[-54.929,-20.06],[-54.927,-20.053],[-54.917,-20.054],[-54.925,-20.047],[-54.912,-20.044],[-54.918,-20.039],[-54.928,-20.038],[-54.926,-20.023],[-54.915,-20.018],[-54.91,-20.001],[-54.906,-20.001],[-54.904,-20.004],[-54.897,-19.998],[-54.904,-19.989],[-54.898,-19.985],[-54.898,-19.979],[-54.892,-19.977],[-54.895,-19.951],[-54.886,-19.946],[-54.881,-19.948],[-54.88,-19.944],[-54.888,-19.939],[-54.882,-19.935],[-54.885,-19.929],[-54.876,-19.921],[-54.869,-19.924],[-54.869,-19.916],[-54.852,-19.906],[-54.848,-19.897],[-54.843,-19.898],[-54.841,-19.887],[-54.834,-19.886],[-54.833,-19.883],[-54.837,-19.876],[-54.834,-19.872],[-54.839,-19.864],[-54.837,-19.847],[-54.833,-19.838],[-54.828,-19.838],[-54.816,-19.838],[-54.808,-19.825],[-54.802,-19.824],[-54.786,-19.81],[-54.782,-19.798],[-54.779,-19.798],[-54.762,-19.785],[-54.761,-19.781],[-54.746,-19.779],[-54.739,-19.776],[-54.737,-19.771],[-54.733,-19.772],[-54.727,-19.776],[-54.725,-19.772],[-54.714,-19.777],[-54.703,-19.771],[-54.704,-19.777],[-54.701,-19.778],[-54.699,-19.77],[-54.695,-19.772],[-54.69,-19.761],[-54.68,-19.752],[-54.674,-19.754],[-54.677,-19.76],[-54.665,-19.762],[-54.661,-19.753],[-54.657,-19.757],[-54.657,-19.754],[-54.646,-19.748],[-54.639,-19.751],[-54.634,-19.757],[-54.632,-19.747],[-54.622,-19.751],[-54.614,-19.745]]]}},{"type":"Feature","properties":{"id":"5007554","nome":"Santa Rita do Pardo"},"geometry":{"type":"Polygon","coordinates":[[[-53.128,-20.689],[-53.106,-20.711],[-53.099,-20.711],[-53.089,-20.717],[-53.076,-20.717],[-53.049,-20.744],[-53.047,-20.746],[-53.027,-20.763],[-53.02,-20.786],[-53.023,-20.807],[-53.019,-20.818],[-53.009,-20.821],[-52.988,-20.847],[-52.978,-20.855],[-52.973,-20.865],[-52.971,-20.87],[-52.951,-20.883],[-52.942,-20.9],[-52.922,-20.918],[-52.887,-20.937],[-52.881,-20.943],[-52.853,-20.954],[-52.835,-20.967],[-52.825,-20.982],[-52.816,-20.986],[-52.795,-21.0],[-52.785,-21.012],[-52.763,-21.024],[-52.739,-21.044],[-52.726,-21.049],[-52.725,-21.056],[-52.714,-21.067],[-52.709,-21.066],[-52.702,-21.078],[-52.693,-21.085],[-52.679,-21.102],[-52.67,-21.104],[-52.649,-21.127],[-52.634,-21.13],[-52.622,-21.143],[-52.612,-21.148],[-52.609,-21.156],[-52.6,-21.161],[-52.589,-21.19],[-52.58,-21.19],[-52.568,-21.2],[-52.557,-21.222],[-52.558,-21.228],[-52.552,-21.234],[-52.552,-21.244],[-52.552,-21.245],[-52.545,-21.257],[-52.528,-21.27],[-52.528,-21.275],[-52.522,-21.279],[-52.521,-21.288],[-52.515,-21.294],[-52.514,-21.304],[-52.491,-21.327],[-52.489,-21.333],[-52.49,-21.336],[-52.486,-21.342],[-52.483,-21.34],[-52.48,-21.351],[-52.46,-21.361],[-52.455,-21.372],[-52.447,-21.378],[-52.437,-21.379],[-52.429,-21.39],[-52.42,-21.388],[-52.418,-21.391],[-52.414,-21.39],[-52.411,-21.396],[-52.396,-21.399],[-52.377,-21.417],[-52.372,-21.425],[-52.358,-21.434],[-52.351,-21.452],[-52.332,-21.464],[-52.328,-21.473],[-52.323,-21.476],[-52.317,-21.471],[-52.31,-21.475],[-52.304,-21.471],[-52.295,-21.477],[-52.287,-21.473],[-52.281,-21.479],[-52.282,-21.482],[-52.269,-21.485],[-52.267,-21.49],[-52.243,-21.511],[-52.232,-21.512],[-52.231,-21.519],[-52.224,-21.518],[-52.223,-21.535],[-52.212,-21.54],[-52.21,-21.544],[-52.193,-21.539],[-52.194,-21.544],[-52.19,-21.542],[-52.187,-21.556],[-52.179,-21.555],[-52.176,-21.56],[-52.17,-21.562],[-52.163,-21.577],[-52.16,-21.575],[-52.161,-21.583],[-52.15,-21.581],[-52.146,-21.577],[-52.132,-21.579],[-52.126,-21.574],[-52.118,-21.575],[-52.118,-21.573],[-52.102,-21.569],[-52.068,-21.598],[-52.062,-21.62],[-52.049,-21.643],[-52.048,-21.656],[-52.053,-21.672],[-52.066,-21.696],[-52.076,-21.714],[-52.085,-21.723],[-52.103,-21.746],[-52.14,-21.755],[-52.161,-21.77],[-52.166,-21.766],[-52.168,-21.749],[-52.173,-21.744],[-52.166,-21.735],[-52.175,-21.731],[-52.171,-21.707],[-52.177,-21.696],[-52.191,-21.688],[-52.196,-21.668],[-52.203,-21.667],[-52.205,-21.661],[-52.215,-21.653],[-52.228,-21.652],[-52.247,-21.641],[-52.253,-21.633],[-52.26,-21.633],[-52.287,-21.645],[-52.294,-21.643],[-52.304,-21.632],[-52.311,-21.631],[-52.321,-21.641],[-52.337,-21.638],[-52.374,-21.66],[-52.383,-21.659],[-52.393,-21.669],[-52.409,-21.672],[-52.424,-21.674],[-52.434,-21.681],[-52.445,-21.678],[-52.451,-21.68],[-52.491,-21.689],[-52.5,-21.702],[-52.507,-21.706],[-52.512,-21.706],[-52.518,-21.699],[-52.524,-21.7],[-52.528,-21.708],[-52.537,-21.712],[-52.561,-21.709],[-52.571,-21.712],[-52.583,-21.707],[-52.612,-21.712],[-52.626,-21.708],[-52.64,-21.724],[-52.658,-21.722],[-52.664,-21.727],[-52.677,-21.734],[-52.684,-21.732],[-52.687,-21.738],[-52.693,-21.739],[-52.739,-21.722],[-52.754,-21.708],[-52.773,-21.7],[-52.788,-21.687],[-52.798,-21.685],[-52.807,-21.675],[-52.819,-21.668],[-52.841,-21.673],[-52.849,-21.67],[-52.856,-21.661],[-52.874,-21.664],[-52.882,-21.656],[-52.899,-21.659],[-52.909,-21.666],[-52.936,-21.665],[-52.943,-21.657],[-52.953,-21.652],[-52.979,-21.653],[-52.996,-21.634],[-52.997,-21.632],[-52.996,-21.623],[-53.005,-21.607],[-53.002,-21.592],[-53.012,-21.575],[-53.01,-21.564],[-53.013,-21.546],[-53.022,-21.523],[-53.028,-21.519],[-53.022,-21.508],[-53.026,-21.495],[-53.031,-21.496],[-53.037,-21.503],[-53.041,-21.498],[-53.035,-21.488],[-53.047,-21.474],[-53.048,-21.464],[-53.054,-21.456],[-53.05,-21.447],[-53.056,-21.444],[-53.061,-21.43],[-53.051,-21.425],[-53.051,-21.408],[-53.063,-21.395],[-53.065,-21.388],[-53.076,-21.381],[-53.082,-21.371],[-53.086,-21.355],[-53.095,-21.351],[-53.096,-21.338],[-53.1,-21.332],[-53.098,-21.329],[-53.104,-21.321],[-53.114,-21.301],[-53.114,-21.291],[-53.12,-21.283],[-53.114,-21.267],[-53.118,-21.262],[-53.124,-21.261],[-53.13,-21.243],[-53.125,-21.232],[-53.133,-21.227],[-53.128,-21.218],[-53.133,-21.207],[-53.136,-21.183],[-53.14,-21.178],[-53.135,-21.167],[-53.144,-21.156],[-53.138,-21.152],[-53.142,-21.145],[-53.14,-21.14],[-53.149,-21.136],[-53.174,-21.11],[-53.178,-21.098],[-53.185,-21.094],[-53.185,-21.083],[-53.191,-21.075],[-53.19,-21.067],[-53.197,-21.059],[-53.204,-21.058],[-53.207,-21.053],[-53.219,-21.047],[-53.218,-21.042],[-53.232,-21.02],[-53.242,-21.012],[-53.246,-20.999],[-53.258,-20.996],[-53.263,-20.989],[-53.269,-20.991],[-53.284,-20.977],[-53.294,-20.955],[-53.292,-20.945],[-53.285,-20.939],[-53.285,-20.934],[-53.277,-20.93],[-53.273,-20.91],[-53.264,-20.902],[-53.26,-20.89],[-53.247,-20.882],[-53.237,-20.88],[-53.227,-20.873],[-53.219,-20.859],[-53.213,-20.858],[-53.176,-20.822],[-53.167,-20.754],[-53.177,-20.738],[-53.178,-20.723],[-53.171,-20.693],[-53.165,-20.687],[-53.155,-20.686],[-53.154,-20.686],[-53.128,-20.689]]]}},{"type":"Feature","properties":{"id":"5007695","nome":"S\u00e3o Gabriel do Oeste"},"geometry":{"type":"Polygon","coordinates":[[[-54.392,-18.702],[-54.373,-18.711],[-54.367,-18.718],[-54.341,-18.717],[-54.333,-18.72],[-54.326,-18.733],[-54.297,-18.739],[-54.29,-18.752],[-54.281,-18.757],[-54.278,-18.774],[-54.267,-18.788],[-54.26,-18.791],[-54.26,-18.796],[-54.259,-18.834],[-54.241,-18.86],[-54.218,-18.878],[-54.209,-18.891],[-54.204,-18.922],[-54.194,-18.94],[-54.2,-18.956],[-54.191,-18.973],[-54.193,-18.994],[-54.185,-19.02],[-54.197,-19.023],[-54.201,-19.033],[-54.206,-19.036],[-54.205,-19.046],[-54.214,-19.044],[-54.219,-19.037],[-54.224,-19.042],[-54.232,-19.038],[-54.232,-19.032],[-54.244,-19.034],[-54.257,-19.039],[-54.241,-19.051],[-54.246,-19.066],[-54.253,-19.072],[-54.254,-19.077],[-54.229,-19.086],[-54.232,-19.099],[-54.242,-19.104],[-54.238,-19.113],[-54.226,-19.119],[-54.218,-19.116],[-54.205,-19.12],[-54.206,-19.124],[-54.216,-19.125],[-54.22,-19.156],[-54.207,-19.169],[-54.21,-19.178],[-54.219,-19.184],[-54.213,-19.187],[-54.209,-19.184],[-54.196,-19.193],[-54.209,-19.196],[-54.212,-19.209],[-54.2,-19.21],[-54.191,-19.22],[-54.194,-19.22],[-54.201,-19.22],[-54.201,-19.224],[-54.204,-19.225],[-54.205,-19.229],[-54.197,-19.233],[-54.198,-19.24],[-54.208,-19.24],[-54.207,-19.252],[-54.235,-19.25],[-54.248,-19.255],[-54.253,-19.262],[-54.255,-19.273],[-54.274,-19.29],[-54.276,-19.297],[-54.273,-19.311],[-54.28,-19.315],[-54.305,-19.314],[-54.318,-19.324],[-54.316,-19.41],[-54.327,-19.411],[-54.329,-19.417],[-54.351,-19.409],[-54.351,-19.415],[-54.358,-19.418],[-54.366,-19.413],[-54.378,-19.416],[-54.372,-19.424],[-54.372,-19.431],[-54.377,-19.445],[-54.386,-19.452],[-54.388,-19.461],[-54.401,-19.47],[-54.421,-19.474],[-54.427,-19.476],[-54.431,-19.488],[-54.429,-19.504],[-54.437,-19.524],[-54.431,-19.551],[-54.454,-19.54],[-54.466,-19.539],[-54.471,-19.542],[-54.473,-19.55],[-54.488,-19.561],[-54.503,-19.556],[-54.513,-19.538],[-54.531,-19.538],[-54.537,-19.538],[-54.551,-19.532],[-54.572,-19.548],[-54.583,-19.562],[-54.589,-19.563],[-54.597,-19.558],[-54.604,-19.563],[-54.628,-19.56],[-54.639,-19.577],[-54.657,-19.584],[-54.67,-19.595],[-54.697,-19.589],[-54.7,-19.591],[-54.712,-19.591],[-54.721,-19.596],[-54.719,-19.591],[-54.727,-19.587],[-54.723,-19.584],[-54.723,-19.577],[-54.732,-19.567],[-54.729,-19.557],[-54.736,-19.551],[-54.731,-19.543],[-54.746,-19.536],[-54.748,-19.531],[-54.746,-19.519],[-54.739,-19.518],[-54.735,-19.514],[-54.737,-19.509],[-54.732,-19.508],[-54.786,-19.473],[-54.794,-19.455],[-54.781,-19.438],[-54.782,-19.425],[-54.779,-19.419],[-54.769,-19.408],[-54.766,-19.395],[-54.755,-19.391],[-54.748,-19.379],[-54.731,-19.33],[-54.718,-19.31],[-54.718,-19.304],[-54.752,-19.286],[-54.757,-19.277],[-54.764,-19.235],[-54.771,-19.221],[-54.794,-19.202],[-54.805,-19.199],[-54.804,-19.191],[-54.795,-19.185],[-54.786,-19.169],[-54.759,-19.162],[-54.758,-19.161],[-54.752,-19.138],[-54.744,-19.134],[-54.721,-19.098],[-54.723,-19.074],[-54.72,-19.063],[-54.71,-19.052],[-54.697,-19.046],[-54.69,-19.024],[-54.666,-19.011],[-54.65,-19.006],[-54.629,-18.989],[-54.622,-18.989],[-54.607,-18.978],[-54.6,-18.978],[-54.593,-18.974],[-54.584,-18.975],[-54.575,-18.97],[-54.567,-18.964],[-54.565,-18.957],[-54.548,-18.954],[-54.535,-18.957],[-54.518,-18.972],[-54.509,-18.966],[-54.507,-18.972],[-54.495,-18.976],[-54.491,-18.972],[-54.486,-18.979],[-54.479,-18.98],[-54.474,-18.975],[-54.462,-18.977],[-54.454,-18.973],[-54.439,-18.984],[-54.44,-18.98],[-54.434,-18.972],[-54.428,-18.976],[-54.409,-18.977],[-54.405,-18.987],[-54.399,-18.984],[-54.393,-18.98],[-54.4,-18.975],[-54.396,-18.951],[-54.409,-18.953],[-54.42,-18.95],[-54.422,-18.94],[-54.427,-18.938],[-54.428,-18.929],[-54.44,-18.926],[-54.441,-18.92],[-54.447,-18.919],[-54.441,-18.909],[-54.441,-18.901],[-54.45,-18.9],[-54.454,-18.895],[-54.46,-18.895],[-54.46,-18.889],[-54.468,-18.886],[-54.483,-18.873],[-54.483,-18.859],[-54.499,-18.859],[-54.521,-18.844],[-54.516,-18.819],[-54.519,-18.81],[-54.53,-18.801],[-54.528,-18.784],[-54.534,-18.778],[-54.568,-18.763],[-54.566,-18.744],[-54.574,-18.74],[-54.579,-18.732],[-54.575,-18.723],[-54.577,-18.714],[-54.574,-18.711],[-54.558,-18.712],[-54.534,-18.723],[-54.49,-18.723],[-54.472,-18.729],[-54.462,-18.726],[-54.456,-18.721],[-54.444,-18.729],[-54.435,-18.723],[-54.424,-18.71],[-54.417,-18.712],[-54.409,-18.705],[-54.399,-18.708],[-54.392,-18.702]]]}},{"type":"Feature","properties":{"id":"5007703","nome":"Sete Quedas"},"geometry":{"type":"Polygon","coordinates":[[[-54.703,-23.752],[-54.702,-23.779],[-54.687,-23.831],[-54.699,-23.84],[-54.698,-23.856],[-54.705,-23.863],[-54.744,-23.867],[-54.749,-23.859],[-54.759,-23.856],[-54.764,-23.865],[-54.774,-23.864],[-54.779,-23.869],[-54.792,-23.866],[-54.798,-23.875],[-54.81,-23.881],[-54.814,-23.888],[-54.836,-23.882],[-54.849,-23.895],[-54.849,-23.906],[-54.859,-23.903],[-54.872,-23.907],[-54.883,-23.896],[-54.89,-23.898],[-54.893,-23.909],[-54.908,-23.91],[-54.913,-23.92],[-54.925,-23.922],[-54.925,-23.93],[-54.921,-23.934],[-54.93,-23.941],[-54.924,-23.959],[-54.937,-23.96],[-54.939,-23.965],[-54.94,-23.963],[-54.948,-23.961],[-54.965,-23.963],[-54.975,-23.956],[-54.986,-23.961],[-54.998,-23.956],[-55.004,-23.961],[-55.019,-23.971],[-55.033,-23.973],[-55.046,-23.984],[-55.051,-23.981],[-55.06,-23.992],[-55.072,-23.988],[-55.072,-23.98],[-55.077,-23.985],[-55.09,-23.983],[-55.098,-23.968],[-55.107,-23.965],[-55.107,-23.961],[-55.118,-23.976],[-55.122,-23.978],[-55.125,-23.975],[-55.129,-23.982],[-55.141,-23.987],[-55.149,-23.989],[-55.156,-23.982],[-55.16,-23.987],[-55.178,-23.993],[-55.181,-23.987],[-55.198,-23.987],[-55.198,-23.994],[-55.205,-24.001],[-55.228,-24.013],[-55.235,-24.005],[-55.241,-24.004],[-55.245,-23.997],[-55.248,-24.0],[-55.26,-23.994],[-55.259,-23.977],[-55.269,-23.928],[-55.237,-23.922],[-55.244,-23.903],[-55.245,-23.888],[-55.241,-23.884],[-55.26,-23.86],[-55.274,-23.849],[-55.278,-23.828],[-55.245,-23.806],[-55.232,-23.802],[-55.198,-23.801],[-55.195,-23.794],[-55.184,-23.79],[-55.179,-23.79],[-55.169,-23.782],[-55.141,-23.776],[-55.133,-23.768],[-55.13,-23.774],[-55.117,-23.781],[-55.11,-23.781],[-55.107,-23.795],[-55.094,-23.803],[-55.091,-23.815],[-55.081,-23.825],[-55.075,-23.834],[-55.075,-23.842],[-55.07,-23.839],[-55.06,-23.839],[-55.053,-23.844],[-55.045,-23.841],[-55.037,-23.851],[-55.034,-23.856],[-55.022,-23.857],[-55.021,-23.862],[-55.016,-23.862],[-55.015,-23.866],[-55.006,-23.873],[-54.997,-23.876],[-55.004,-23.889],[-54.998,-23.892],[-54.985,-23.88],[-54.985,-23.874],[-54.976,-23.873],[-54.966,-23.865],[-54.963,-23.846],[-54.958,-23.852],[-54.951,-23.853],[-54.951,-23.845],[-54.945,-23.845],[-54.943,-23.839],[-54.923,-23.842],[-54.921,-23.837],[-54.913,-23.837],[-54.899,-23.823],[-54.895,-23.828],[-54.887,-23.828],[-54.883,-23.833],[-54.871,-23.828],[-54.869,-23.819],[-54.856,-23.818],[-54.854,-23.814],[-54.847,-23.815],[-54.838,-23.809],[-54.832,-23.81],[-54.826,-23.803],[-54.808,-23.794],[-54.798,-23.794],[-54.796,-23.788],[-54.798,-23.785],[-54.791,-23.777],[-54.787,-23.783],[-54.786,-23.777],[-54.776,-23.779],[-54.764,-23.769],[-54.764,-23.765],[-54.749,-23.761],[-54.741,-23.763],[-54.741,-23.758],[-54.734,-23.75],[-54.726,-23.75],[-54.728,-23.745],[-54.72,-23.741],[-54.72,-23.737],[-54.716,-23.736],[-54.718,-23.733],[-54.71,-23.737],[-54.703,-23.752]]]}},{"type":"Feature","properties":{"id":"5007802","nome":"Selv\u00edria"},"geometry":{"type":"Polygon","coordinates":[[[-51.757,-19.989],[-51.757,-20.005],[-51.761,-20.016],[-51.754,-20.022],[-51.752,-20.032],[-51.729,-20.033],[-51.705,-20.045],[-51.688,-20.047],[-51.677,-20.058],[-51.671,-20.058],[-51.665,-20.068],[-51.652,-20.078],[-51.654,-20.084],[-51.648,-20.091],[-51.641,-20.091],[-51.628,-20.103],[-51.631,-20.108],[-51.622,-20.115],[-51.623,-20.121],[-51.617,-20.124],[-51.596,-20.152],[-51.581,-20.158],[-51.572,-20.17],[-51.561,-20.189],[-51.55,-20.194],[-51.544,-20.204],[-51.504,-20.237],[-51.45,-20.26],[-51.415,-20.294],[-51.396,-20.298],[-51.374,-20.316],[-51.36,-20.322],[-51.355,-20.34],[-51.343,-20.355],[-51.35,-20.363],[-51.361,-20.384],[-51.375,-20.396],[-51.403,-20.452],[-51.409,-20.459],[-51.418,-20.465],[-51.43,-20.471],[-51.449,-20.482],[-51.494,-20.553],[-51.5,-20.568],[-51.521,-20.587],[-51.566,-20.617],[-51.581,-20.597],[-51.61,-20.582],[-51.632,-20.543],[-51.642,-20.535],[-51.648,-20.52],[-51.676,-20.492],[-51.698,-20.491],[-51.706,-20.476],[-51.719,-20.466],[-51.745,-20.469],[-51.768,-20.455],[-51.779,-20.455],[-51.79,-20.449],[-51.808,-20.448],[-51.82,-20.442],[-51.832,-20.444],[-51.844,-20.455],[-51.859,-20.462],[-51.873,-20.482],[-51.894,-20.479],[-51.919,-20.512],[-51.932,-20.522],[-51.952,-20.511],[-51.969,-20.483],[-51.985,-20.482],[-51.987,-20.47],[-52.011,-20.46],[-52.006,-20.452],[-52.002,-20.429],[-52.008,-20.419],[-52.021,-20.418],[-52.023,-20.404],[-52.03,-20.4],[-52.038,-20.388],[-52.044,-20.387],[-52.052,-20.379],[-52.054,-20.364],[-52.065,-20.362],[-52.065,-20.35],[-52.071,-20.338],[-52.068,-20.326],[-52.074,-20.314],[-52.075,-20.31],[-52.078,-20.305],[-52.074,-20.287],[-52.086,-20.277],[-52.09,-20.277],[-52.079,-20.267],[-52.094,-20.251],[-52.084,-20.225],[-52.085,-20.213],[-52.09,-20.21],[-52.083,-20.196],[-52.089,-20.181],[-52.099,-20.175],[-52.105,-20.157],[-52.101,-20.153],[-52.107,-20.141],[-52.116,-20.139],[-52.119,-20.129],[-52.107,-20.122],[-52.105,-20.106],[-52.093,-20.085],[-52.082,-20.079],[-52.071,-20.08],[-52.062,-20.072],[-52.06,-20.074],[-52.052,-20.069],[-52.042,-20.049],[-52.032,-20.042],[-52.015,-20.038],[-51.995,-20.026],[-51.973,-20.021],[-51.922,-20.027],[-51.91,-20.023],[-51.895,-20.024],[-51.885,-20.012],[-51.871,-20.003],[-51.848,-20.005],[-51.841,-19.998],[-51.782,-19.916],[-51.773,-19.943],[-51.765,-19.955],[-51.765,-19.975],[-51.757,-19.989]]]}},{"type":"Feature","properties":{"id":"5007901","nome":"Sidrol\u00e2ndia"},"geometry":{"type":"Polygon","coordinates":[[[-55.183,-20.598],[-55.175,-20.603],[-55.158,-20.602],[-55.149,-20.611],[-55.128,-20.624],[-55.117,-20.622],[-55.114,-20.635],[-55.109,-20.638],[-55.105,-20.648],[-55.103,-20.648],[-55.091,-20.652],[-55.093,-20.658],[-55.082,-20.67],[-55.087,-20.675],[-55.083,-20.679],[-55.084,-20.687],[-55.079,-20.689],[-55.084,-20.694],[-55.083,-20.697],[-55.075,-20.697],[-55.081,-20.701],[-55.077,-20.709],[-55.083,-20.715],[-55.08,-20.719],[-55.072,-20.72],[-55.065,-20.741],[-55.047,-20.748],[-55.039,-20.75],[-55.036,-20.75],[-55.029,-20.748],[-55.001,-20.756],[-54.994,-20.763],[-54.983,-20.764],[-54.975,-20.775],[-54.968,-20.776],[-54.962,-20.776],[-54.955,-20.768],[-54.943,-20.774],[-54.936,-20.783],[-54.907,-20.782],[-54.903,-20.771],[-54.895,-20.766],[-54.879,-20.764],[-54.873,-20.78],[-54.868,-20.783],[-54.839,-20.775],[-54.824,-20.776],[-54.822,-20.777],[-54.816,-20.739],[-54.804,-20.732],[-54.791,-20.714],[-54.766,-20.692],[-54.75,-20.691],[-54.723,-20.712],[-54.723,-20.718],[-54.713,-20.726],[-54.712,-20.729],[-54.719,-20.731],[-54.717,-20.738],[-54.72,-20.742],[-54.71,-20.749],[-54.713,-20.755],[-54.709,-20.752],[-54.706,-20.755],[-54.709,-20.757],[-54.705,-20.765],[-54.696,-20.769],[-54.698,-20.779],[-54.708,-20.791],[-54.696,-20.796],[-54.7,-20.799],[-54.701,-20.805],[-54.694,-20.809],[-54.699,-20.813],[-54.696,-20.816],[-54.708,-20.821],[-54.711,-20.829],[-54.695,-20.825],[-54.704,-20.833],[-54.703,-20.839],[-54.693,-20.843],[-54.697,-20.847],[-54.692,-20.854],[-54.695,-20.858],[-54.687,-20.858],[-54.688,-20.866],[-54.684,-20.864],[-54.683,-20.869],[-54.685,-20.872],[-54.68,-20.874],[-54.675,-20.867],[-54.675,-20.875],[-54.683,-20.878],[-54.683,-20.888],[-54.673,-20.891],[-54.672,-20.886],[-54.668,-20.886],[-54.644,-20.893],[-54.637,-20.889],[-54.635,-20.905],[-54.621,-20.91],[-54.614,-20.902],[-54.606,-20.901],[-54.602,-20.903],[-54.6,-20.911],[-54.604,-20.915],[-54.59,-20.918],[-54.589,-20.925],[-54.582,-20.925],[-54.573,-20.94],[-54.566,-20.945],[-54.566,-20.948],[-54.559,-20.949],[-54.545,-20.96],[-54.542,-20.96],[-54.536,-20.965],[-54.533,-20.958],[-54.527,-20.956],[-54.525,-20.963],[-54.528,-20.972],[-54.516,-20.978],[-54.514,-20.981],[-54.519,-20.985],[-54.518,-20.995],[-54.516,-20.998],[-54.506,-20.993],[-54.508,-21.009],[-54.481,-21.122],[-54.5,-21.131],[-54.52,-21.128],[-54.53,-21.136],[-54.547,-21.141],[-54.562,-21.145],[-54.542,-21.17],[-54.524,-21.189],[-54.515,-21.209],[-54.53,-21.213],[-54.573,-21.239],[-54.573,-21.247],[-54.584,-21.26],[-54.598,-21.263],[-54.644,-21.302],[-54.674,-21.307],[-54.678,-21.314],[-54.676,-21.323],[-54.678,-21.335],[-54.678,-21.339],[-54.681,-21.345],[-54.694,-21.35],[-54.701,-21.355],[-54.708,-21.358],[-54.769,-21.378],[-54.772,-21.369],[-54.785,-21.366],[-54.782,-21.348],[-54.791,-21.341],[-54.801,-21.348],[-54.816,-21.34],[-54.821,-21.338],[-54.837,-21.352],[-54.858,-21.341],[-54.865,-21.338],[-54.877,-21.335],[-54.89,-21.338],[-55.013,-21.484],[-55.015,-21.534],[-55.019,-21.562],[-55.024,-21.571],[-55.027,-21.586],[-55.033,-21.582],[-55.037,-21.569],[-55.043,-21.566],[-55.046,-21.582],[-55.058,-21.587],[-55.063,-21.567],[-55.057,-21.564],[-55.064,-21.557],[-55.071,-21.562],[-55.077,-21.556],[-55.089,-21.559],[-55.087,-21.566],[-55.096,-21.571],[-55.096,-21.56],[-55.105,-21.554],[-55.101,-21.549],[-55.102,-21.541],[-55.114,-21.538],[-55.117,-21.533],[-55.126,-21.538],[-55.132,-21.538],[-55.14,-21.533],[-55.131,-21.532],[-55.12,-21.523],[-55.12,-21.519],[-55.126,-21.514],[-55.124,-21.507],[-55.129,-21.506],[-55.138,-21.512],[-55.146,-21.504],[-55.138,-21.498],[-55.142,-21.488],[-55.139,-21.477],[-55.15,-21.475],[-55.156,-21.484],[-55.174,-21.479],[-55.167,-21.459],[-55.191,-21.445],[-55.195,-21.459],[-55.21,-21.442],[-55.213,-21.426],[-55.222,-21.423],[-55.224,-21.419],[-55.231,-21.419],[-55.24,-21.415],[-55.238,-21.406],[-55.257,-21.408],[-55.262,-21.399],[-55.27,-21.4],[-55.268,-21.392],[-55.275,-21.387],[-55.278,-21.372],[-55.284,-21.367],[-55.285,-21.354],[-55.299,-21.344],[-55.296,-21.335],[-55.295,-21.333],[-55.282,-21.319],[-55.291,-21.308],[-55.302,-21.303],[-55.303,-21.296],[-55.297,-21.289],[-55.294,-21.276],[-55.297,-21.271],[-55.295,-21.264],[-55.298,-21.26],[-55.301,-21.248],[-55.319,-21.242],[-55.316,-21.234],[-55.319,-21.215],[-55.314,-21.207],[-55.319,-21.2],[-55.329,-21.197],[-55.33,-21.19],[-55.327,-21.185],[-55.323,-21.185],[-55.322,-21.177],[-55.33,-21.173],[-55.326,-21.168],[-55.317,-21.167],[-55.315,-21.15],[-55.307,-21.138],[-55.309,-21.131],[-55.32,-21.125],[-55.322,-21.114],[-55.308,-21.104],[-55.308,-21.08],[-55.296,-21.068],[-55.295,-21.053],[-55.281,-21.039],[-55.272,-21.006],[-55.257,-20.999],[-55.242,-21.006],[-55.208,-21.033],[-55.211,-21.01],[-55.203,-21.001],[-55.189,-20.997],[-55.183,-20.99],[-55.202,-20.964],[-55.199,-20.957],[-55.202,-20.944],[-55.197,-20.927],[-55.202,-20.913],[-55.202,-20.895],[-55.194,-20.884],[-55.192,-20.881],[-55.192,-20.88],[-55.169,-20.863],[-55.169,-20.862],[-55.166,-20.862],[-55.165,-20.86],[-55.165,-20.859],[-55.165,-20.857],[-55.166,-20.856],[-55.166,-20.854],[-55.167,-20.853],[-55.168,-20.851],[-55.168,-20.849],[-55.168,-20.847],[-55.17,-20.845],[-55.171,-20.844],[-55.17,-20.842],[-55.169,-20.84],[-55.168,-20.839],[-55.168,-20.838],[-55.167,-20.836],[-55.166,-20.833],[-55.164,-20.833],[-55.163,-20.833],[-55.159,-20.833],[-55.158,-20.832],[-55.156,-20.831],[-55.155,-20.829],[-55.156,-20.827],[-55.155,-20.825],[-55.154,-20.823],[-55.154,-20.821],[-55.154,-20.82],[-55.154,-20.818],[-55.153,-20.816],[-55.153,-20.815],[-55.152,-20.813],[-55.152,-20.811],[-55.154,-20.81],[-55.153,-20.808],[-55.153,-20.807],[-55.152,-20.805],[-55.151,-20.801],[-55.151,-20.799],[-55.152,-20.796],[-55.154,-20.794],[-55.155,-20.793],[-55.155,-20.791],[-55.155,-20.789],[-55.156,-20.787],[-55.156,-20.785],[-55.157,-20.783],[-55.157,-20.781],[-55.159,-20.776],[-55.159,-20.774],[-55.16,-20.772],[-55.163,-20.773],[-55.164,-20.772],[-55.164,-20.77],[-55.164,-20.768],[-55.165,-20.767],[-55.166,-20.767],[-55.168,-20.767],[-55.169,-20.766],[-55.169,-20.764],[-55.168,-20.762],[-55.166,-20.758],[-55.166,-20.756],[-55.167,-20.754],[-55.168,-20.752],[-55.17,-20.751],[-55.171,-20.745],[-55.172,-20.743],[-55.174,-20.742],[-55.175,-20.741],[-55.176,-20.737],[-55.177,-20.735],[-55.178,-20.734],[-55.18,-20.735],[-55.182,-20.736],[-55.184,-20.736],[-55.185,-20.735],[-55.187,-20.732],[-55.188,-20.731],[-55.19,-20.727],[-55.192,-20.727],[-55.194,-20.728],[-55.196,-20.727],[-55.197,-20.726],[-55.199,-20.725],[-55.2,-20.724],[-55.202,-20.723],[-55.203,-20.722],[-55.204,-20.72],[-55.204,-20.718],[-55.204,-20.717],[-55.204,-20.715],[-55.203,-20.713],[-55.203,-20.711],[-55.203,-20.71],[-55.203,-20.708],[-55.203,-20.706],[-55.205,-20.705],[-55.206,-20.703],[-55.207,-20.702],[-55.207,-20.7],[-55.208,-20.698],[-55.208,-20.696],[-55.21,-20.695],[-55.212,-20.694],[-55.216,-20.694],[-55.217,-20.692],[-55.217,-20.69],[-55.219,-20.69],[-55.221,-20.689],[-55.221,-20.688],[-55.22,-20.686],[-55.22,-20.684],[-55.22,-20.679],[-55.219,-20.678],[-55.217,-20.679],[-55.216,-20.678],[-55.215,-20.676],[-55.214,-20.673],[-55.213,-20.671],[-55.212,-20.67],[-55.211,-20.669],[-55.21,-20.668],[-55.21,-20.666],[-55.212,-20.666],[-55.212,-20.664],[-55.211,-20.662],[-55.212,-20.66],[-55.211,-20.659],[-55.211,-20.657],[-55.213,-20.655],[-55.214,-20.654],[-55.216,-20.653],[-55.216,-20.651],[-55.215,-20.649],[-55.215,-20.648],[-55.214,-20.646],[-55.213,-20.644],[-55.214,-20.64],[-55.214,-20.639],[-55.212,-20.638],[-55.211,-20.637],[-55.21,-20.635],[-55.21,-20.633],[-55.209,-20.631],[-55.209,-20.629],[-55.21,-20.628],[-55.212,-20.627],[-55.212,-20.625],[-55.211,-20.624],[-55.211,-20.622],[-55.211,-20.62],[-55.21,-20.618],[-55.209,-20.616],[-55.207,-20.617],[-55.205,-20.617],[-55.204,-20.616],[-55.204,-20.614],[-55.203,-20.612],[-55.2,-20.609],[-55.2,-20.607],[-55.201,-20.606],[-55.202,-20.605],[-55.201,-20.601],[-55.201,-20.599],[-55.203,-20.598],[-55.205,-20.599],[-55.206,-20.598],[-55.208,-20.596],[-55.209,-20.596],[-55.21,-20.594],[-55.209,-20.59],[-55.209,-20.588],[-55.207,-20.587],[-55.205,-20.584],[-55.193,-20.584],[-55.192,-20.59],[-55.184,-20.592],[-55.183,-20.598]]]}},{"type":"Feature","properties":{"id":"5007935","nome":"Sonora"},"geometry":{"type":"Polygon","coordinates":[[[-53.682,-17.291],[-53.704,-17.663],[-53.718,-17.668],[-53.733,-17.663],[-53.746,-17.671],[-53.757,-17.671],[-53.764,-17.669],[-53.765,-17.665],[-53.768,-17.667],[-53.776,-17.666],[-53.776,-17.66],[-53.781,-17.658],[-53.782,-17.652],[-53.787,-17.649],[-53.8,-17.654],[-53.801,-17.651],[-53.806,-17.653],[-53.807,-17.651],[-53.815,-17.662],[-53.823,-17.651],[-53.819,-17.644],[-53.824,-17.642],[-53.825,-17.632],[-53.832,-17.633],[-53.836,-17.639],[-53.851,-17.641],[-53.852,-17.649],[-53.862,-17.645],[-53.873,-17.658],[-53.898,-17.649],[-53.897,-17.658],[-53.904,-17.662],[-53.906,-17.661],[-53.911,-17.671],[-53.888,-17.674],[-53.882,-17.678],[-53.881,-17.681],[-53.89,-17.688],[-53.882,-17.691],[-53.89,-17.7],[-53.896,-17.697],[-53.893,-17.693],[-53.899,-17.678],[-53.904,-17.675],[-53.915,-17.693],[-53.926,-17.692],[-53.925,-17.684],[-53.92,-17.686],[-53.916,-17.68],[-53.917,-17.67],[-53.934,-17.675],[-53.935,-17.671],[-53.931,-17.672],[-53.925,-17.666],[-53.925,-17.659],[-53.933,-17.663],[-53.936,-17.66],[-53.931,-17.66],[-53.928,-17.651],[-53.936,-17.648],[-53.943,-17.65],[-53.941,-17.646],[-53.95,-17.641],[-53.956,-17.643],[-53.958,-17.64],[-53.955,-17.636],[-53.958,-17.633],[-53.967,-17.635],[-53.964,-17.639],[-53.967,-17.646],[-53.982,-17.636],[-53.992,-17.637],[-53.998,-17.647],[-53.995,-17.651],[-53.998,-17.651],[-54.004,-17.657],[-53.996,-17.665],[-54.01,-17.668],[-54.014,-17.664],[-54.01,-17.662],[-54.016,-17.656],[-54.011,-17.652],[-54.015,-17.643],[-54.023,-17.645],[-54.025,-17.642],[-54.037,-17.639],[-54.049,-17.632],[-54.055,-17.633],[-54.056,-17.637],[-54.069,-17.641],[-54.071,-17.649],[-54.08,-17.651],[-54.088,-17.646],[-54.085,-17.661],[-54.093,-17.663],[-54.094,-17.656],[-54.111,-17.663],[-54.113,-17.667],[-54.108,-17.666],[-54.09,-17.679],[-54.094,-17.682],[-54.104,-17.679],[-54.122,-17.685],[-54.125,-17.692],[-54.117,-17.711],[-54.128,-17.717],[-54.135,-17.71],[-54.14,-17.711],[-54.144,-17.703],[-54.153,-17.703],[-54.154,-17.719],[-54.149,-17.717],[-54.149,-17.721],[-54.145,-17.723],[-54.149,-17.728],[-54.145,-17.731],[-54.143,-17.74],[-54.144,-17.743],[-54.155,-17.74],[-54.153,-17.749],[-54.155,-17.754],[-54.162,-17.76],[-54.167,-17.755],[-54.208,-17.759],[-54.206,-17.767],[-54.213,-17.77],[-54.219,-17.768],[-54.223,-17.781],[-54.226,-17.781],[-54.231,-17.774],[-54.238,-17.781],[-54.244,-17.78],[-54.238,-17.793],[-54.247,-17.796],[-54.252,-17.806],[-54.259,-17.809],[-54.28,-17.802],[-54.284,-17.789],[-54.282,-17.775],[-54.275,-17.766],[-54.292,-17.77],[-54.302,-17.757],[-54.308,-17.759],[-54.315,-17.752],[-54.327,-17.761],[-54.34,-17.758],[-54.362,-17.759],[-54.371,-17.754],[-54.376,-17.756],[-54.389,-17.753],[-54.398,-17.757],[-54.4,-17.763],[-54.405,-17.765],[-54.416,-17.738],[-54.429,-17.73],[-54.429,-17.721],[-54.443,-17.715],[-54.453,-17.697],[-54.464,-17.705],[-54.473,-17.697],[-54.478,-17.705],[-54.475,-17.717],[-54.493,-17.724],[-54.5,-17.724],[-54.509,-17.748],[-54.526,-17.761],[-54.53,-17.741],[-54.536,-17.706],[-54.558,-17.711],[-54.595,-17.7],[-54.62,-17.697],[-54.643,-17.7],[-54.668,-17.714],[-54.684,-17.714],[-54.703,-17.721],[-54.721,-17.72],[-54.736,-17.726],[-54.741,-17.723],[-54.752,-17.727],[-54.757,-17.732],[-54.761,-17.75],[-54.731,-17.817],[-54.705,-17.848],[-54.69,-17.888],[-54.687,-17.913],[-54.696,-17.921],[-54.709,-17.919],[-54.717,-17.924],[-54.738,-17.936],[-54.741,-17.959],[-54.751,-17.972],[-54.767,-17.975],[-54.766,-17.979],[-54.772,-17.981],[-54.8,-17.982],[-54.803,-17.989],[-54.805,-17.994],[-54.818,-17.993],[-54.824,-17.998],[-54.831,-17.994],[-54.836,-17.995],[-54.838,-18.005],[-54.846,-18.005],[-54.854,-17.999],[-54.856,-18.005],[-54.863,-18.005],[-54.863,-17.999],[-54.875,-17.995],[-54.877,-17.99],[-54.884,-17.989],[-54.897,-17.977],[-54.905,-17.978],[-54.905,-17.973],[-54.912,-17.969],[-54.912,-17.965],[-54.922,-17.96],[-54.934,-17.947],[-54.937,-17.948],[-54.936,-17.938],[-54.945,-17.925],[-54.942,-17.915],[-54.958,-17.904],[-54.965,-17.893],[-54.971,-17.896],[-54.974,-17.89],[-54.983,-17.888],[-54.988,-17.882],[-54.998,-17.883],[-55.012,-17.879],[-55.02,-17.884],[-55.018,-17.887],[-55.037,-17.888],[-55.042,-17.876],[-55.062,-17.877],[-55.072,-17.871],[-55.077,-17.861],[-55.084,-17.862],[-55.087,-17.854],[-55.083,-17.85],[-55.089,-17.846],[-55.092,-17.848],[-55.099,-17.846],[-55.102,-17.836],[-55.11,-17.829],[-55.116,-17.831],[-55.119,-17.828],[-55.126,-17.829],[-55.127,-17.812],[-55.135,-17.8],[-55.131,-17.783],[-55.136,-17.775],[-55.131,-17.771],[-55.134,-17.766],[-55.132,-17.76],[-55.134,-17.756],[-55.146,-17.751],[-55.152,-17.755],[-55.152,-17.746],[-55.16,-17.741],[-55.152,-17.732],[-55.154,-17.724],[-55.149,-17.71],[-55.153,-17.705],[-55.152,-17.701],[-55.145,-17.697],[-55.146,-17.69],[-55.143,-17.687],[-55.144,-17.679],[-55.141,-17.677],[-55.143,-17.667],[-55.137,-17.65],[-55.127,-17.652],[-55.118,-17.648],[-55.113,-17.644],[-55.108,-17.628],[-55.1,-17.631],[-55.096,-17.627],[-55.097,-17.631],[-55.093,-17.636],[-55.087,-17.629],[-55.079,-17.633],[-55.077,-17.63],[-55.072,-17.631],[-55.063,-17.642],[-55.062,-17.639],[-55.056,-17.642],[-55.055,-17.638],[-55.047,-17.64],[-55.044,-17.636],[-55.043,-17.639],[-55.033,-17.638],[-55.032,-17.64],[-55.027,-17.636],[-55.023,-17.637],[-55.023,-17.634],[-55.018,-17.636],[-55.016,-17.629],[-55.011,-17.634],[-55.01,-17.629],[-54.991,-17.638],[-54.992,-17.633],[-54.989,-17.633],[-54.984,-17.624],[-54.981,-17.628],[-54.974,-17.617],[-54.966,-17.62],[-54.967,-17.615],[-54.948,-17.615],[-54.943,-17.609],[-54.93,-17.611],[-54.914,-17.608],[-54.902,-17.611],[-54.894,-17.621],[-54.88,-17.616],[-54.86,-17.623],[-54.851,-17.613],[-54.839,-17.614],[-54.825,-17.609],[-54.82,-17.603],[-54.821,-17.597],[-54.813,-17.594],[-54.8,-17.582],[-54.791,-17.582],[-54.778,-17.571],[-54.765,-17.568],[-54.758,-17.565],[-54.76,-17.56],[-54.757,-17.558],[-54.762,-17.554],[-54.755,-17.545],[-54.757,-17.534],[-54.75,-17.523],[-54.739,-17.52],[-54.73,-17.515],[-54.718,-17.518],[-54.715,-17.513],[-54.7,-17.506],[-54.699,-17.497],[-54.695,-17.503],[-54.681,-17.506],[-54.676,-17.501],[-54.669,-17.504],[-54.656,-17.496],[-54.655,-17.49],[-54.636,-17.495],[-54.62,-17.488],[-54.617,-17.49],[-54.607,-17.487],[-54.588,-17.477],[-54.581,-17.468],[-54.572,-17.475],[-54.568,-17.474],[-54.571,-17.48],[-54.569,-17.483],[-54.563,-17.479],[-54.554,-17.488],[-54.536,-17.477],[-54.53,-17.478],[-54.525,-17.482],[-54.503,-17.48],[-54.49,-17.488],[-54.481,-17.487],[-54.483,-17.494],[-54.474,-17.498],[-54.479,-17.507],[-54.473,-17.51],[-54.477,-17.513],[-54.466,-17.529],[-54.434,-17.534],[-54.431,-17.538],[-54.423,-17.536],[-54.414,-17.544],[-54.413,-17.551],[-54.405,-17.553],[-54.403,-17.564],[-54.398,-17.567],[-54.393,-17.566],[-54.392,-17.57],[-54.382,-17.572],[-54.386,-17.586],[-54.38,-17.594],[-54.384,-17.601],[-54.381,-17.601],[-54.382,-17.606],[-54.374,-17.608],[-54.382,-17.627],[-54.387,-17.631],[-54.384,-17.636],[-54.356,-17.651],[-54.356,-17.649],[-54.35,-17.657],[-54.343,-17.655],[-54.335,-17.661],[-54.327,-17.658],[-54.32,-17.659],[-54.32,-17.662],[-54.309,-17.658],[-54.302,-17.661],[-54.291,-17.653],[-54.288,-17.655],[-54.272,-17.653],[-54.273,-17.651],[-54.25,-17.64],[-54.243,-17.628],[-54.232,-17.626],[-54.222,-17.619],[-54.214,-17.62],[-54.204,-17.612],[-54.199,-17.614],[-54.193,-17.606],[-54.178,-17.602],[-54.168,-17.608],[-54.154,-17.605],[-54.146,-17.615],[-54.141,-17.61],[-54.134,-17.618],[-54.122,-17.613],[-54.118,-17.619],[-54.116,-17.616],[-54.113,-17.618],[-54.111,-17.613],[-54.096,-17.613],[-54.084,-17.619],[-54.077,-17.615],[-54.079,-17.604],[-54.072,-17.596],[-54.073,-17.587],[-54.055,-17.57],[-54.051,-17.562],[-54.052,-17.546],[-54.045,-17.537],[-54.049,-17.53],[-54.055,-17.529],[-54.053,-17.523],[-54.057,-17.52],[-54.058,-17.513],[-54.051,-17.505],[-54.046,-17.507],[-54.048,-17.505],[-54.041,-17.5],[-54.037,-17.486],[-54.028,-17.479],[-53.995,-17.468],[-53.984,-17.473],[-53.977,-17.47],[-53.973,-17.472],[-53.971,-17.465],[-53.952,-17.459],[-53.947,-17.452],[-53.931,-17.439],[-53.928,-17.431],[-53.919,-17.425],[-53.914,-17.414],[-53.887,-17.392],[-53.878,-17.375],[-53.868,-17.368],[-53.831,-17.355],[-53.834,-17.335],[-53.83,-17.317],[-53.826,-17.312],[-53.82,-17.294],[-53.806,-17.288],[-53.785,-17.287],[-53.771,-17.263],[-53.764,-17.258],[-53.762,-17.246],[-53.759,-17.243],[-53.747,-17.242],[-53.734,-17.231],[-53.705,-17.228],[-53.694,-17.234],[-53.692,-17.246],[-53.68,-17.253],[-53.682,-17.291]]]}},{"type":"Feature","properties":{"id":"5007950","nome":"Tacuru"},"geometry":{"type":"Polygon","coordinates":[[[-55.089,-23.469],[-55.046,-23.491],[-55.032,-23.491],[-55.021,-23.496],[-55.005,-23.511],[-54.976,-23.53],[-54.969,-23.543],[-54.931,-23.557],[-54.921,-23.565],[-54.913,-23.562],[-54.904,-23.557],[-54.887,-23.556],[-54.881,-23.55],[-54.878,-23.553],[-54.86,-23.549],[-54.83,-23.553],[-54.812,-23.546],[-54.796,-23.553],[-54.778,-23.571],[-54.764,-23.579],[-54.756,-23.58],[-54.75,-23.577],[-54.735,-23.593],[-54.731,-23.592],[-54.732,-23.597],[-54.713,-23.607],[-54.707,-23.618],[-54.7,-23.619],[-54.701,-23.624],[-54.69,-23.634],[-54.687,-23.633],[-54.69,-23.637],[-54.672,-23.649],[-54.672,-23.658],[-54.668,-23.659],[-54.669,-23.665],[-54.659,-23.68],[-54.659,-23.699],[-54.648,-23.717],[-54.654,-23.724],[-54.655,-23.721],[-54.662,-23.723],[-54.665,-23.728],[-54.674,-23.725],[-54.686,-23.73],[-54.69,-23.727],[-54.699,-23.728],[-54.703,-23.731],[-54.705,-23.729],[-54.71,-23.737],[-54.718,-23.733],[-54.716,-23.736],[-54.72,-23.737],[-54.72,-23.741],[-54.728,-23.745],[-54.726,-23.75],[-54.734,-23.75],[-54.741,-23.758],[-54.741,-23.763],[-54.749,-23.761],[-54.764,-23.765],[-54.764,-23.769],[-54.776,-23.779],[-54.786,-23.777],[-54.787,-23.783],[-54.791,-23.777],[-54.798,-23.785],[-54.796,-23.788],[-54.798,-23.794],[-54.808,-23.794],[-54.826,-23.803],[-54.832,-23.81],[-54.838,-23.809],[-54.847,-23.815],[-54.854,-23.814],[-54.856,-23.818],[-54.869,-23.819],[-54.871,-23.828],[-54.883,-23.833],[-54.887,-23.828],[-54.895,-23.828],[-54.899,-23.823],[-54.913,-23.837],[-54.921,-23.837],[-54.923,-23.842],[-54.943,-23.839],[-54.945,-23.845],[-54.951,-23.845],[-54.951,-23.853],[-54.958,-23.852],[-54.963,-23.846],[-54.966,-23.865],[-54.976,-23.873],[-54.985,-23.874],[-54.985,-23.88],[-54.998,-23.892],[-55.004,-23.889],[-54.997,-23.876],[-55.006,-23.873],[-55.015,-23.866],[-55.016,-23.862],[-55.021,-23.862],[-55.022,-23.857],[-55.034,-23.856],[-55.037,-23.851],[-55.045,-23.841],[-55.053,-23.844],[-55.06,-23.839],[-55.07,-23.839],[-55.075,-23.842],[-55.075,-23.834],[-55.081,-23.825],[-55.091,-23.815],[-55.094,-23.803],[-55.107,-23.795],[-55.11,-23.781],[-55.117,-23.781],[-55.13,-23.774],[-55.133,-23.768],[-55.129,-23.749],[-55.156,-23.741],[-55.168,-23.731],[-55.176,-23.718],[-55.173,-23.703],[-55.182,-23.685],[-55.205,-23.667],[-55.221,-23.664],[-55.228,-23.651],[-55.243,-23.64],[-55.247,-23.631],[-55.242,-23.625],[-55.242,-23.615],[-55.256,-23.594],[-55.268,-23.588],[-55.271,-23.569],[-55.205,-23.405],[-55.203,-23.4],[-55.177,-23.387],[-55.165,-23.377],[-55.154,-23.38],[-55.141,-23.414],[-55.111,-23.437],[-55.089,-23.469]]]}},{"type":"Feature","properties":{"id":"5007976","nome":"Taquarussu"},"geometry":{"type":"Polygon","coordinates":[[[-53.281,-22.578],[-53.282,-22.617],[-53.279,-22.642],[-53.274,-22.65],[-53.273,-22.668],[-53.275,-22.685],[-53.285,-22.7],[-53.296,-22.722],[-53.316,-22.73],[-53.328,-22.729],[-53.343,-22.738],[-53.346,-22.749],[-53.335,-22.752],[-53.327,-22.764],[-53.352,-22.775],[-53.363,-22.783],[-53.377,-22.803],[-53.398,-22.806],[-53.41,-22.813],[-53.429,-22.832],[-53.45,-22.841],[-53.484,-22.863],[-53.515,-22.876],[-53.533,-22.882],[-53.546,-22.89],[-53.559,-22.905],[-53.56,-22.916],[-53.57,-22.928],[-53.589,-22.936],[-53.607,-22.951],[-53.616,-22.974],[-53.634,-22.998],[-53.633,-23.003],[-53.644,-22.999],[-53.649,-22.987],[-53.655,-22.98],[-53.656,-22.973],[-53.648,-22.957],[-53.652,-22.935],[-53.651,-22.918],[-53.648,-22.912],[-53.632,-22.908],[-53.623,-22.9],[-53.611,-22.859],[-53.59,-22.842],[-53.567,-22.834],[-53.561,-22.811],[-53.523,-22.791],[-53.515,-22.78],[-53.513,-22.772],[-53.502,-22.761],[-53.493,-22.763],[-53.487,-22.76],[-53.489,-22.746],[-53.502,-22.746],[-53.523,-22.756],[-53.52,-22.738],[-53.525,-22.736],[-53.54,-22.743],[-53.541,-22.734],[-53.533,-22.715],[-53.547,-22.709],[-53.546,-22.689],[-53.561,-22.681],[-53.558,-22.666],[-53.557,-22.656],[-53.551,-22.648],[-53.545,-22.653],[-53.538,-22.652],[-53.515,-22.633],[-53.513,-22.627],[-53.524,-22.614],[-53.523,-22.606],[-53.512,-22.6],[-53.499,-22.606],[-53.498,-22.599],[-53.502,-22.591],[-53.497,-22.586],[-53.438,-22.482],[-53.354,-22.336],[-53.339,-22.357],[-53.334,-22.406],[-53.335,-22.456],[-53.327,-22.487],[-53.313,-22.497],[-53.314,-22.519],[-53.31,-22.534],[-53.303,-22.546],[-53.288,-22.561],[-53.281,-22.578]]]}},{"type":"Feature","properties":{"id":"5008008","nome":"Terenos"},"geometry":{"type":"Polygon","coordinates":[[[-55.135,-20.154],[-55.132,-20.155],[-55.124,-20.151],[-55.116,-20.153],[-55.107,-20.148],[-55.096,-20.154],[-55.09,-20.154],[-55.084,-20.153],[-55.078,-20.159],[-55.07,-20.153],[-55.063,-20.164],[-55.054,-20.158],[-55.042,-20.155],[-55.038,-20.159],[-55.032,-20.155],[-55.008,-20.154],[-55.01,-20.16],[-55.004,-20.158],[-55.0,-20.161],[-54.994,-20.156],[-54.994,-20.163],[-54.988,-20.163],[-54.983,-20.168],[-54.968,-20.171],[-54.966,-20.167],[-54.961,-20.168],[-54.961,-20.165],[-54.941,-20.18],[-54.944,-20.184],[-54.942,-20.187],[-54.938,-20.186],[-54.936,-20.194],[-54.93,-20.191],[-54.923,-20.192],[-54.916,-20.196],[-54.917,-20.205],[-54.912,-20.206],[-54.922,-20.229],[-54.917,-20.233],[-54.918,-20.242],[-54.923,-20.247],[-54.916,-20.245],[-54.903,-20.248],[-54.889,-20.267],[-54.88,-20.266],[-54.857,-20.275],[-54.855,-20.279],[-54.846,-20.277],[-54.844,-20.281],[-54.831,-20.285],[-54.821,-20.282],[-54.817,-20.294],[-54.82,-20.299],[-54.793,-20.31],[-54.785,-20.308],[-54.778,-20.306],[-54.78,-20.314],[-54.769,-20.316],[-54.769,-20.318],[-54.769,-20.4],[-54.769,-20.48],[-54.77,-20.482],[-54.783,-20.497],[-54.791,-20.52],[-54.786,-20.547],[-54.794,-20.559],[-54.794,-20.568],[-54.788,-20.576],[-54.781,-20.6],[-54.765,-20.617],[-54.765,-20.623],[-54.776,-20.643],[-54.814,-20.659],[-54.827,-20.677],[-54.85,-20.68],[-54.854,-20.686],[-54.831,-20.724],[-54.825,-20.746],[-54.824,-20.776],[-54.839,-20.775],[-54.868,-20.783],[-54.873,-20.78],[-54.879,-20.764],[-54.895,-20.766],[-54.903,-20.771],[-54.907,-20.782],[-54.936,-20.783],[-54.943,-20.774],[-54.955,-20.768],[-54.962,-20.776],[-54.968,-20.776],[-54.975,-20.775],[-54.983,-20.764],[-54.994,-20.763],[-55.001,-20.756],[-55.029,-20.748],[-55.036,-20.75],[-55.039,-20.75],[-55.047,-20.748],[-55.065,-20.741],[-55.072,-20.72],[-55.08,-20.719],[-55.083,-20.715],[-55.077,-20.709],[-55.081,-20.701],[-55.075,-20.697],[-55.083,-20.697],[-55.084,-20.694],[-55.079,-20.689],[-55.084,-20.687],[-55.083,-20.679],[-55.087,-20.675],[-55.082,-20.67],[-55.093,-20.658],[-55.091,-20.652],[-55.103,-20.648],[-55.105,-20.648],[-55.109,-20.638],[-55.114,-20.635],[-55.117,-20.622],[-55.128,-20.624],[-55.149,-20.611],[-55.158,-20.602],[-55.175,-20.603],[-55.183,-20.598],[-55.184,-20.592],[-55.192,-20.59],[-55.193,-20.584],[-55.205,-20.584],[-55.206,-20.569],[-55.213,-20.566],[-55.215,-20.544],[-55.229,-20.534],[-55.233,-20.536],[-55.24,-20.526],[-55.236,-20.518],[-55.247,-20.515],[-55.25,-20.505],[-55.253,-20.507],[-55.256,-20.503],[-55.251,-20.488],[-55.254,-20.48],[-55.257,-20.478],[-55.261,-20.484],[-55.266,-20.476],[-55.271,-20.478],[-55.274,-20.474],[-55.272,-20.455],[-55.275,-20.451],[-55.272,-20.45],[-55.284,-20.448],[-55.287,-20.442],[-55.306,-20.429],[-55.31,-20.423],[-55.307,-20.413],[-55.325,-20.405],[-55.336,-20.409],[-55.339,-20.417],[-55.345,-20.419],[-55.348,-20.433],[-55.35,-20.428],[-55.356,-20.429],[-55.35,-20.44],[-55.352,-20.446],[-55.354,-20.447],[-55.36,-20.438],[-55.378,-20.447],[-55.377,-20.443],[-55.383,-20.436],[-55.391,-20.433],[-55.389,-20.412],[-55.387,-20.408],[-55.371,-20.403],[-55.368,-20.394],[-55.356,-20.387],[-55.351,-20.376],[-55.358,-20.368],[-55.358,-20.362],[-55.356,-20.347],[-55.348,-20.35],[-55.342,-20.347],[-55.342,-20.336],[-55.351,-20.325],[-55.346,-20.316],[-55.32,-20.326],[-55.32,-20.337],[-55.307,-20.341],[-55.296,-20.337],[-55.298,-20.322],[-55.28,-20.321],[-55.269,-20.33],[-55.265,-20.337],[-55.249,-20.324],[-55.247,-20.319],[-55.254,-20.311],[-55.243,-20.3],[-55.25,-20.283],[-55.271,-20.286],[-55.27,-20.277],[-55.265,-20.272],[-55.269,-20.268],[-55.269,-20.252],[-55.273,-20.243],[-55.265,-20.242],[-55.261,-20.246],[-55.256,-20.245],[-55.255,-20.228],[-55.248,-20.227],[-55.243,-20.215],[-55.234,-20.212],[-55.23,-20.2],[-55.218,-20.201],[-55.218,-20.187],[-55.208,-20.19],[-55.201,-20.188],[-55.202,-20.177],[-55.196,-20.176],[-55.19,-20.171],[-55.171,-20.165],[-55.148,-20.146],[-55.136,-20.143],[-55.135,-20.154]]]}},{"type":"Feature","properties":{"id":"5008305","nome":"Tr\u00eas Lagoas"},"geometry":{"type":"Polygon","coordinates":[[[-52.476,-19.611],[-52.468,-19.616],[-52.454,-19.614],[-52.436,-19.637],[-52.425,-19.628],[-52.415,-19.628],[-52.407,-19.633],[-52.387,-19.633],[-52.369,-19.643],[-52.372,-19.651],[-52.364,-19.651],[-52.349,-19.661],[-52.342,-19.675],[-52.34,-19.678],[-52.342,-19.701],[-52.335,-19.705],[-52.329,-19.719],[-52.334,-19.728],[-52.326,-19.733],[-52.318,-19.744],[-52.303,-19.749],[-52.304,-19.762],[-52.292,-19.777],[-52.294,-19.786],[-52.283,-19.8],[-52.274,-19.8],[-52.276,-19.806],[-52.271,-19.812],[-52.263,-19.813],[-52.244,-19.832],[-52.239,-19.842],[-52.213,-19.869],[-52.212,-19.886],[-52.215,-19.894],[-52.213,-19.898],[-52.21,-19.902],[-52.212,-19.915],[-52.219,-19.92],[-52.212,-19.934],[-52.22,-19.943],[-52.219,-19.964],[-52.209,-19.975],[-52.206,-20.002],[-52.196,-20.016],[-52.2,-20.023],[-52.196,-20.039],[-52.184,-20.051],[-52.167,-20.058],[-52.166,-20.072],[-52.152,-20.08],[-52.146,-20.107],[-52.128,-20.113],[-52.126,-20.122],[-52.119,-20.129],[-52.116,-20.139],[-52.107,-20.141],[-52.101,-20.153],[-52.105,-20.157],[-52.099,-20.175],[-52.089,-20.181],[-52.083,-20.196],[-52.09,-20.21],[-52.085,-20.213],[-52.084,-20.225],[-52.094,-20.251],[-52.079,-20.267],[-52.09,-20.277],[-52.086,-20.277],[-52.074,-20.287],[-52.078,-20.305],[-52.075,-20.31],[-52.074,-20.314],[-52.068,-20.326],[-52.071,-20.338],[-52.065,-20.35],[-52.065,-20.362],[-52.054,-20.364],[-52.052,-20.379],[-52.044,-20.387],[-52.038,-20.388],[-52.03,-20.4],[-52.023,-20.404],[-52.021,-20.418],[-52.008,-20.419],[-52.002,-20.429],[-52.006,-20.452],[-52.011,-20.46],[-51.987,-20.47],[-51.985,-20.482],[-51.969,-20.483],[-51.952,-20.511],[-51.932,-20.522],[-51.919,-20.512],[-51.894,-20.479],[-51.873,-20.482],[-51.859,-20.462],[-51.844,-20.455],[-51.832,-20.444],[-51.82,-20.442],[-51.808,-20.448],[-51.79,-20.449],[-51.779,-20.455],[-51.768,-20.455],[-51.745,-20.469],[-51.719,-20.466],[-51.706,-20.476],[-51.698,-20.491],[-51.676,-20.492],[-51.648,-20.52],[-51.642,-20.535],[-51.632,-20.543],[-51.61,-20.582],[-51.581,-20.597],[-51.566,-20.617],[-51.575,-20.623],[-51.594,-20.643],[-51.628,-20.725],[-51.634,-20.754],[-51.622,-20.776],[-51.627,-20.784],[-51.626,-20.791],[-51.632,-20.821],[-51.63,-20.849],[-51.625,-20.874],[-51.613,-20.89],[-51.619,-20.932],[-51.623,-20.944],[-51.665,-20.97],[-51.685,-20.973],[-51.713,-20.971],[-51.722,-20.977],[-51.753,-21.014],[-51.771,-21.042],[-51.772,-21.051],[-51.775,-21.073],[-51.789,-21.102],[-51.808,-21.11],[-51.814,-21.121],[-51.823,-21.126],[-51.844,-21.131],[-51.865,-21.13],[-51.875,-21.136],[-51.878,-21.148],[-51.875,-21.181],[-51.879,-21.197],[-51.888,-21.198],[-51.889,-21.186],[-51.894,-21.181],[-51.9,-21.184],[-51.945,-21.184],[-51.953,-21.169],[-51.967,-21.167],[-51.973,-21.161],[-51.977,-21.158],[-51.991,-21.15],[-51.991,-21.129],[-52.007,-21.117],[-52.005,-21.113],[-52.03,-21.102],[-52.04,-21.085],[-52.047,-21.085],[-52.062,-21.072],[-52.066,-21.062],[-52.083,-21.052],[-52.102,-21.041],[-52.112,-21.041],[-52.122,-21.036],[-52.132,-21.025],[-52.161,-21.011],[-52.198,-20.98],[-52.218,-20.972],[-52.238,-20.975],[-52.245,-20.98],[-52.261,-20.97],[-52.266,-20.973],[-52.275,-20.971],[-52.287,-20.966],[-52.295,-20.957],[-52.306,-20.954],[-52.322,-20.93],[-52.329,-20.93],[-52.334,-20.925],[-52.333,-20.919],[-52.342,-20.915],[-52.34,-20.91],[-52.345,-20.9],[-52.359,-20.886],[-52.364,-20.883],[-52.365,-20.878],[-52.359,-20.872],[-52.366,-20.865],[-52.356,-20.859],[-52.358,-20.854],[-52.354,-20.85],[-52.357,-20.836],[-52.353,-20.829],[-52.358,-20.823],[-52.362,-20.826],[-52.366,-20.824],[-52.357,-20.811],[-52.361,-20.808],[-52.359,-20.801],[-52.363,-20.795],[-52.37,-20.794],[-52.372,-20.785],[-52.378,-20.782],[-52.374,-20.778],[-52.379,-20.773],[-52.383,-20.759],[-52.389,-20.759],[-52.389,-20.755],[-52.393,-20.757],[-52.394,-20.752],[-52.404,-20.75],[-52.41,-20.745],[-52.409,-20.738],[-52.408,-20.733],[-52.416,-20.72],[-52.42,-20.701],[-52.427,-20.692],[-52.426,-20.684],[-52.442,-20.668],[-52.443,-20.657],[-52.452,-20.642],[-52.464,-20.607],[-52.479,-20.586],[-52.49,-20.582],[-52.498,-20.566],[-52.499,-20.555],[-52.499,-20.554],[-52.513,-20.538],[-52.528,-20.533],[-52.545,-20.498],[-52.566,-20.472],[-52.583,-20.467],[-52.587,-20.456],[-52.599,-20.447],[-52.604,-20.437],[-52.613,-20.43],[-52.623,-20.407],[-52.676,-20.369],[-52.723,-20.293],[-52.723,-20.282],[-52.734,-20.255],[-52.735,-20.246],[-52.726,-20.223],[-52.699,-20.195],[-52.705,-20.171],[-52.71,-20.167],[-52.712,-20.154],[-52.72,-20.149],[-52.721,-20.139],[-52.723,-20.133],[-52.747,-20.126],[-52.749,-20.111],[-52.741,-20.098],[-52.731,-20.087],[-52.714,-20.087],[-52.695,-20.079],[-52.705,-20.067],[-52.7,-20.056],[-52.701,-20.048],[-52.712,-20.045],[-52.716,-20.038],[-52.703,-20.02],[-52.704,-20.011],[-52.712,-20.006],[-52.713,-19.974],[-52.721,-19.962],[-52.723,-19.934],[-52.722,-19.923],[-52.731,-19.913],[-52.733,-19.902],[-52.742,-19.877],[-52.766,-19.892],[-52.78,-19.894],[-52.788,-19.884],[-52.792,-19.87],[-52.781,-19.869],[-52.775,-19.865],[-52.742,-19.84],[-52.711,-19.81],[-52.681,-19.803],[-52.645,-19.804],[-52.615,-19.794],[-52.607,-19.761],[-52.594,-19.74],[-52.597,-19.735],[-52.592,-19.721],[-52.595,-19.713],[-52.589,-19.697],[-52.572,-19.678],[-52.559,-19.655],[-52.559,-19.649],[-52.544,-19.634],[-52.501,-19.626],[-52.488,-19.618],[-52.477,-19.616],[-52.476,-19.611]]]}},{"type":"Feature","properties":{"id":"5008404","nome":"Vicentina"},"geometry":{"type":"Polygon","coordinates":[[[-54.415,-22.356],[-54.325,-22.392],[-54.348,-22.443],[-54.365,-22.483],[-54.383,-22.523],[-54.392,-22.543],[-54.43,-22.625],[-54.439,-22.62],[-54.454,-22.619],[-54.472,-22.592],[-54.472,-22.591],[-54.467,-22.566],[-54.469,-22.551],[-54.472,-22.523],[-54.471,-22.513],[-54.477,-22.495],[-54.498,-22.47],[-54.501,-22.459],[-54.511,-22.452],[-54.499,-22.431],[-54.466,-22.362],[-54.442,-22.371],[-54.432,-22.349],[-54.415,-22.356]]]}}]}