{"type":"FeatureCollection","features":[{"type":"Feature","properties":{"id":"5100102","nome":"Acorizal"},"geometry":{"type":"Polygon","coordinates":[[[-56.189,-15.04],[-56.203,-15.047],[-56.209,-15.056],[-56.21,-15.062],[-56.201,-15.072],[-56.201,-15.083],[-56.193,-15.099],[-56.182,-15.097],[-56.177,-15.106],[-56.179,-15.1],[-56.175,-15.098],[-56.172,-15.107],[-56.158,-15.108],[-56.142,-15.097],[-56.129,-15.1],[-56.127,-15.116],[-56.132,-15.122],[-56.132,-15.135],[-56.148,-15.144],[-56.164,-15.158],[-56.168,-15.156],[-56.183,-15.168],[-56.193,-15.171],[-56.203,-15.176],[-56.22,-15.192],[-56.229,-15.192],[-56.237,-15.196],[-56.244,-15.195],[-56.252,-15.202],[-56.252,-15.199],[-56.264,-15.199],[-56.264,-15.203],[-56.273,-15.208],[-56.278,-15.218],[-56.278,-15.23],[-56.29,-15.239],[-56.3,-15.246],[-56.302,-15.25],[-56.282,-15.268],[-56.284,-15.273],[-56.276,-15.286],[-56.277,-15.303],[-56.284,-15.318],[-56.278,-15.331],[-56.279,-15.339],[-56.287,-15.342],[-56.287,-15.347],[-56.296,-15.357],[-56.304,-15.36],[-56.309,-15.366],[-56.306,-15.368],[-56.31,-15.372],[-56.309,-15.375],[-56.328,-15.383],[-56.332,-15.395],[-56.347,-15.399],[-56.354,-15.412],[-56.39,-15.392],[-56.414,-15.355],[-56.423,-15.322],[-56.432,-15.314],[-56.435,-15.304],[-56.435,-15.286],[-56.45,-15.265],[-56.445,-15.258],[-56.441,-15.238],[-56.432,-15.225],[-56.425,-15.222],[-56.427,-15.218],[-56.423,-15.213],[-56.417,-15.211],[-56.411,-15.22],[-56.405,-15.221],[-56.397,-15.213],[-56.4,-15.214],[-56.4,-15.211],[-56.383,-15.207],[-56.386,-15.203],[-56.402,-15.193],[-56.404,-15.17],[-56.407,-15.163],[-56.419,-15.158],[-56.434,-15.16],[-56.446,-15.151],[-56.45,-15.143],[-56.453,-15.13],[-56.467,-15.119],[-56.465,-15.114],[-56.451,-15.111],[-56.449,-15.106],[-56.451,-15.101],[-56.463,-15.098],[-56.465,-15.09],[-56.459,-15.083],[-56.44,-15.087],[-56.44,-15.078],[-56.442,-15.074],[-56.438,-15.076],[-56.432,-15.071],[-56.415,-15.07],[-56.409,-15.063],[-56.4,-15.064],[-56.387,-15.073],[-56.37,-15.044],[-56.362,-15.041],[-56.338,-15.045],[-56.33,-15.036],[-56.319,-15.039],[-56.318,-15.044],[-56.312,-15.038],[-56.31,-15.025],[-56.299,-15.018],[-56.288,-15.018],[-56.273,-15.008],[-56.267,-14.995],[-56.26,-14.994],[-56.254,-14.988],[-56.244,-14.988],[-56.24,-14.977],[-56.202,-14.99],[-56.201,-14.999],[-56.194,-15.005],[-56.188,-15.021],[-56.188,-15.036],[-56.189,-15.04]]]}},{"type":"Feature","properties":{"id":"5100201","nome":"\u00c1gua Boa"},"geometry":{"type":"Polygon","coordinates":[[[-52.039,-13.809],[-52.039,-13.834],[-52.047,-13.845],[-52.053,-13.847],[-52.064,-13.864],[-52.061,-13.883],[-52.091,-13.92],[-52.084,-13.936],[-52.078,-13.955],[-52.065,-13.94],[-52.036,-13.953],[-52.033,-13.951],[-52.024,-13.958],[-52.022,-13.957],[-52.018,-13.966],[-52.009,-13.976],[-52.004,-13.977],[-52.004,-13.975],[-51.998,-13.979],[-51.989,-13.977],[-51.98,-13.981],[-51.971,-13.978],[-51.948,-13.977],[-51.945,-13.983],[-51.916,-13.985],[-51.886,-13.997],[-51.874,-14.008],[-51.849,-14.016],[-51.843,-14.02],[-51.834,-14.041],[-51.823,-14.046],[-51.822,-14.048],[-51.841,-14.058],[-51.844,-14.073],[-51.858,-14.094],[-51.853,-14.096],[-51.854,-14.1],[-51.864,-14.1],[-51.866,-14.104],[-51.865,-14.105],[-51.869,-14.105],[-51.874,-14.112],[-51.875,-14.116],[-51.871,-14.12],[-51.88,-14.126],[-51.877,-14.128],[-51.881,-14.132],[-51.879,-14.141],[-51.888,-14.147],[-51.889,-14.157],[-51.893,-14.161],[-51.896,-14.16],[-51.897,-14.165],[-51.903,-14.164],[-51.917,-14.177],[-51.913,-14.179],[-51.926,-14.19],[-51.924,-14.2],[-51.928,-14.205],[-51.925,-14.208],[-51.931,-14.217],[-51.949,-14.227],[-51.973,-14.222],[-51.976,-14.215],[-51.981,-14.224],[-51.986,-14.22],[-51.994,-14.219],[-52.007,-14.228],[-52.021,-14.227],[-52.036,-14.238],[-52.04,-14.236],[-52.053,-14.245],[-52.052,-14.248],[-52.062,-14.25],[-52.067,-14.254],[-52.073,-14.268],[-52.08,-14.27],[-52.087,-14.274],[-52.098,-14.295],[-52.108,-14.303],[-52.12,-14.308],[-52.142,-14.312],[-52.153,-14.31],[-52.169,-14.317],[-52.17,-14.383],[-52.248,-14.42],[-52.266,-14.455],[-52.312,-14.541],[-52.332,-14.534],[-52.331,-14.534],[-52.316,-14.534],[-52.321,-14.528],[-52.318,-14.523],[-52.323,-14.521],[-52.327,-14.512],[-52.331,-14.495],[-52.322,-14.493],[-52.318,-14.461],[-52.311,-14.469],[-52.308,-14.46],[-52.311,-14.457],[-52.311,-14.442],[-52.321,-14.434],[-52.323,-14.416],[-52.317,-14.411],[-52.319,-14.407],[-52.326,-14.41],[-52.332,-14.404],[-52.326,-14.399],[-52.329,-14.395],[-52.329,-14.39],[-52.322,-14.391],[-52.332,-14.376],[-52.328,-14.373],[-52.331,-14.363],[-52.322,-14.359],[-52.328,-14.356],[-52.322,-14.355],[-52.316,-14.345],[-52.322,-14.346],[-52.332,-14.339],[-52.337,-14.34],[-52.34,-14.337],[-52.339,-14.328],[-52.347,-14.331],[-52.352,-14.327],[-52.354,-14.319],[-52.364,-14.318],[-52.365,-14.302],[-52.373,-14.301],[-52.387,-14.304],[-52.385,-14.292],[-52.391,-14.291],[-52.393,-14.286],[-52.39,-14.259],[-52.383,-14.26],[-52.378,-14.247],[-52.381,-14.238],[-52.38,-14.23],[-52.373,-14.229],[-52.373,-14.224],[-52.378,-14.217],[-52.382,-14.217],[-52.381,-14.215],[-52.375,-14.204],[-52.38,-14.203],[-52.375,-14.201],[-52.379,-14.196],[-52.376,-14.187],[-52.382,-14.181],[-52.396,-14.184],[-52.403,-14.18],[-52.409,-14.182],[-52.414,-14.177],[-52.424,-14.18],[-52.425,-14.177],[-52.435,-14.183],[-52.441,-14.182],[-52.454,-14.185],[-52.46,-14.19],[-52.484,-14.191],[-52.487,-14.186],[-52.5,-14.191],[-52.503,-14.185],[-52.506,-14.187],[-52.522,-14.179],[-52.529,-14.185],[-52.531,-14.191],[-52.544,-14.195],[-52.549,-14.194],[-52.558,-14.199],[-52.566,-14.194],[-52.573,-14.195],[-52.593,-14.209],[-52.595,-14.206],[-52.606,-14.207],[-52.614,-14.198],[-52.623,-14.195],[-52.621,-14.19],[-52.625,-14.184],[-52.649,-14.182],[-52.66,-14.188],[-52.671,-14.202],[-52.686,-14.211],[-52.741,-14.222],[-52.751,-14.231],[-52.756,-14.23],[-52.76,-14.225],[-52.771,-14.224],[-52.817,-14.237],[-52.824,-14.232],[-52.851,-14.232],[-52.881,-14.232],[-52.96,-14.231],[-52.975,-14.229],[-52.986,-14.212],[-52.981,-14.206],[-52.99,-14.206],[-52.985,-14.197],[-53.003,-14.183],[-53.0,-14.178],[-53.015,-14.166],[-53.013,-14.147],[-53.021,-14.146],[-53.019,-14.142],[-53.034,-14.128],[-53.032,-14.112],[-53.038,-14.106],[-53.037,-14.101],[-53.019,-14.086],[-53.016,-14.074],[-53.028,-14.063],[-53.027,-14.053],[-53.022,-14.048],[-53.027,-14.043],[-53.032,-14.03],[-53.01,-14.023],[-53.009,-14.013],[-52.993,-14.011],[-52.989,-14.005],[-52.996,-13.975],[-53.011,-13.975],[-53.009,-13.965],[-53.014,-13.963],[-52.999,-13.942],[-53.001,-13.936],[-53.012,-13.931],[-53.023,-13.918],[-53.016,-13.896],[-53.019,-13.894],[-53.024,-13.899],[-53.028,-13.889],[-53.033,-13.886],[-53.032,-13.877],[-53.041,-13.868],[-53.037,-13.862],[-53.044,-13.846],[-53.044,-13.836],[-53.063,-13.838],[-53.056,-13.834],[-53.053,-13.815],[-53.052,-13.812],[-53.063,-13.807],[-53.062,-13.795],[-53.076,-13.79],[-53.09,-13.78],[-53.099,-13.768],[-53.094,-13.76],[-53.097,-13.754],[-53.094,-13.747],[-53.114,-13.733],[-53.105,-13.705],[-53.109,-13.694],[-53.103,-13.682],[-53.103,-13.663],[-53.092,-13.655],[-53.097,-13.643],[-53.102,-13.641],[-53.098,-13.634],[-52.76,-13.651],[-52.759,-13.651],[-52.436,-13.666],[-52.418,-13.667],[-52.042,-13.755],[-52.04,-13.78],[-52.039,-13.809]]]}},{"type":"Feature","properties":{"id":"5100250","nome":"Alta Floresta"},"geometry":{"type":"Polygon","coordinates":[[[-55.791,-9.44],[-55.8,-9.448],[-55.8,-9.443],[-55.809,-9.443],[-55.809,-9.446],[-55.817,-9.442],[-55.83,-9.45],[-55.838,-9.45],[-55.838,-9.454],[-55.846,-9.446],[-55.851,-9.446],[-55.854,-9.443],[-55.853,-9.45],[-55.861,-9.445],[-55.862,-9.449],[-55.864,-9.443],[-55.866,-9.447],[-55.87,-9.446],[-55.873,-9.449],[-55.886,-9.449],[-55.893,-9.445],[-55.895,-9.449],[-55.9,-9.45],[-55.897,-9.454],[-55.903,-9.452],[-55.908,-9.487],[-55.905,-9.498],[-55.896,-9.502],[-55.893,-9.506],[-55.897,-9.516],[-55.896,-9.528],[-55.904,-9.536],[-55.91,-9.548],[-55.907,-9.565],[-55.918,-9.557],[-55.915,-9.568],[-55.925,-9.585],[-55.931,-9.587],[-55.933,-9.605],[-55.933,-9.613],[-55.924,-9.631],[-55.929,-9.636],[-55.916,-9.647],[-55.903,-9.667],[-55.89,-9.677],[-55.866,-9.717],[-55.855,-9.726],[-55.831,-9.736],[-55.828,-9.74],[-55.83,-9.746],[-55.826,-9.75],[-55.828,-9.755],[-55.824,-9.76],[-55.822,-9.771],[-55.839,-9.795],[-55.841,-9.809],[-55.836,-9.817],[-55.841,-9.825],[-55.844,-9.846],[-55.852,-9.849],[-55.858,-9.86],[-55.864,-9.884],[-55.86,-9.884],[-55.861,-9.893],[-55.866,-9.903],[-55.859,-9.907],[-55.87,-9.918],[-55.868,-9.925],[-55.873,-9.937],[-55.873,-9.951],[-55.878,-9.96],[-55.887,-9.97],[-55.899,-9.996],[-55.906,-10.001],[-55.898,-10.035],[-55.909,-10.05],[-55.936,-10.062],[-55.956,-10.075],[-55.972,-10.097],[-55.994,-10.11],[-56.007,-10.126],[-56.024,-10.123],[-56.033,-10.125],[-56.04,-10.12],[-56.052,-10.122],[-56.056,-10.111],[-56.1,-10.107],[-56.104,-10.108],[-56.113,-10.136],[-56.142,-10.16],[-56.176,-10.172],[-56.216,-10.226],[-56.206,-10.231],[-56.2,-10.239],[-56.189,-10.234],[-56.18,-10.238],[-56.161,-10.235],[-56.15,-10.244],[-56.133,-10.277],[-56.096,-10.29],[-56.083,-10.31],[-56.079,-10.31],[-56.057,-10.328],[-56.061,-10.347],[-56.066,-10.338],[-56.071,-10.338],[-56.106,-10.364],[-56.123,-10.368],[-56.138,-10.367],[-56.149,-10.375],[-56.205,-10.396],[-56.225,-10.396],[-56.238,-10.391],[-56.255,-10.4],[-56.28,-10.404],[-56.294,-10.416],[-56.281,-10.423],[-56.277,-10.433],[-56.285,-10.447],[-56.283,-10.452],[-56.266,-10.463],[-56.262,-10.478],[-56.253,-10.488],[-56.24,-10.494],[-56.238,-10.502],[-56.241,-10.503],[-56.243,-10.516],[-56.234,-10.531],[-56.255,-10.549],[-56.256,-10.555],[-56.262,-10.56],[-56.262,-10.576],[-56.27,-10.581],[-56.302,-10.586],[-56.332,-10.577],[-56.358,-10.595],[-56.408,-10.578],[-56.405,-10.592],[-56.411,-10.617],[-56.399,-10.624],[-56.393,-10.639],[-56.404,-10.66],[-56.432,-10.683],[-56.445,-10.674],[-56.467,-10.667],[-56.499,-10.646],[-56.524,-10.639],[-56.538,-10.625],[-56.545,-10.627],[-56.546,-10.621],[-56.552,-10.614],[-56.557,-10.615],[-56.583,-10.6],[-56.6,-10.601],[-56.614,-10.599],[-56.614,-10.596],[-56.624,-10.6],[-56.648,-10.584],[-56.667,-10.556],[-56.675,-10.551],[-56.671,-10.549],[-56.672,-10.547],[-56.682,-10.544],[-56.683,-10.533],[-56.689,-10.532],[-56.693,-10.522],[-56.697,-10.523],[-56.707,-10.514],[-56.711,-10.507],[-56.709,-10.5],[-56.716,-10.493],[-56.711,-10.489],[-56.716,-10.473],[-56.729,-10.475],[-56.742,-10.464],[-56.751,-10.461],[-56.759,-10.449],[-56.764,-10.428],[-56.771,-10.43],[-56.786,-10.425],[-56.787,-10.408],[-56.802,-10.412],[-56.803,-10.393],[-56.811,-10.384],[-56.827,-10.384],[-56.849,-10.374],[-56.862,-10.376],[-56.914,-10.369],[-56.925,-10.371],[-56.931,-10.367],[-56.947,-10.368],[-56.962,-10.362],[-56.978,-10.358],[-56.984,-10.327],[-56.979,-10.322],[-56.965,-10.322],[-56.957,-10.318],[-56.97,-10.313],[-56.964,-10.285],[-56.957,-10.279],[-56.928,-10.276],[-56.925,-10.271],[-56.929,-10.267],[-56.935,-10.258],[-56.935,-10.251],[-56.94,-10.243],[-56.932,-10.233],[-56.943,-10.222],[-56.942,-10.191],[-56.95,-10.182],[-56.942,-10.166],[-56.944,-10.153],[-56.931,-10.15],[-56.929,-10.143],[-56.943,-10.147],[-56.952,-10.129],[-56.974,-10.119],[-56.958,-10.109],[-56.95,-10.097],[-56.948,-10.083],[-56.935,-10.066],[-56.901,-10.059],[-56.898,-10.054],[-56.91,-10.047],[-56.904,-10.039],[-56.904,-10.031],[-56.91,-10.025],[-56.913,-10.011],[-56.93,-9.994],[-56.927,-9.986],[-56.931,-9.976],[-56.924,-9.961],[-56.94,-9.951],[-56.936,-9.935],[-56.901,-9.947],[-56.657,-9.936],[-56.642,-9.941],[-56.615,-9.941],[-56.537,-9.933],[-56.525,-9.935],[-56.503,-9.933],[-56.485,-9.93],[-56.444,-9.907],[-56.375,-9.919],[-56.33,-9.902],[-56.332,-9.895],[-56.346,-9.9],[-56.364,-9.89],[-56.373,-9.878],[-56.368,-9.863],[-56.371,-9.851],[-56.36,-9.839],[-56.359,-9.826],[-56.363,-9.811],[-56.353,-9.806],[-56.341,-9.791],[-56.347,-9.777],[-56.352,-9.774],[-56.355,-9.764],[-56.349,-9.753],[-56.35,-9.738],[-56.353,-9.734],[-56.354,-9.719],[-56.345,-9.698],[-56.346,-9.69],[-56.342,-9.688],[-56.343,-9.664],[-56.337,-9.649],[-56.341,-9.641],[-56.339,-9.63],[-56.335,-9.628],[-56.337,-9.623],[-56.331,-9.608],[-56.327,-9.607],[-56.325,-9.599],[-56.319,-9.591],[-56.32,-9.58],[-56.308,-9.554],[-56.308,-9.552],[-56.3,-9.534],[-56.281,-9.51],[-56.267,-9.499],[-56.261,-9.48],[-56.255,-9.473],[-56.254,-9.455],[-56.266,-9.442],[-56.276,-9.419],[-56.273,-9.4],[-56.156,-9.41],[-55.791,-9.44]]]}},{"type":"Feature","properties":{"id":"5100300","nome":"Alto Araguaia"},"geometry":{"type":"Polygon","coordinates":[[[-53.24,-16.806],[-53.237,-16.81],[-53.228,-16.809],[-53.229,-16.814],[-53.225,-16.812],[-53.225,-16.818],[-53.211,-16.811],[-53.206,-16.811],[-53.2,-16.818],[-53.195,-16.815],[-53.173,-16.814],[-53.165,-16.819],[-53.166,-16.828],[-53.159,-16.829],[-53.154,-16.824],[-53.147,-16.829],[-53.144,-16.824],[-53.141,-16.832],[-53.133,-16.834],[-53.13,-16.83],[-53.124,-16.832],[-53.125,-16.826],[-53.121,-16.822],[-53.117,-16.824],[-53.118,-16.827],[-53.106,-16.844],[-53.082,-16.846],[-53.074,-16.849],[-53.074,-16.854],[-53.069,-16.851],[-53.061,-16.852],[-53.057,-16.854],[-53.055,-16.86],[-53.052,-16.857],[-53.051,-16.861],[-53.046,-16.863],[-53.041,-16.851],[-53.038,-16.849],[-53.037,-16.853],[-53.037,-16.862],[-53.032,-16.863],[-53.026,-16.864],[-53.018,-16.858],[-53.013,-16.864],[-53.012,-16.876],[-53.017,-16.878],[-53.011,-16.884],[-53.016,-16.884],[-53.018,-16.898],[-53.023,-16.903],[-53.031,-16.904],[-53.029,-16.912],[-53.032,-16.908],[-53.039,-16.912],[-53.033,-16.92],[-53.039,-16.931],[-53.033,-16.93],[-53.036,-16.939],[-53.034,-16.941],[-53.046,-16.948],[-53.044,-16.953],[-53.048,-16.967],[-53.051,-16.961],[-53.055,-16.963],[-53.053,-16.988],[-53.049,-16.992],[-53.056,-17.003],[-53.053,-17.003],[-53.057,-17.009],[-53.056,-17.015],[-53.063,-17.012],[-53.063,-17.017],[-53.055,-17.019],[-53.061,-17.02],[-53.061,-17.029],[-53.068,-17.03],[-53.065,-17.039],[-53.07,-17.042],[-53.072,-17.05],[-53.063,-17.045],[-53.06,-17.053],[-53.066,-17.052],[-53.066,-17.059],[-53.061,-17.057],[-53.058,-17.059],[-53.056,-17.07],[-53.062,-17.071],[-53.061,-17.077],[-53.067,-17.073],[-53.068,-17.078],[-53.073,-17.077],[-53.072,-17.085],[-53.077,-17.079],[-53.081,-17.079],[-53.079,-17.088],[-53.09,-17.085],[-53.084,-17.095],[-53.092,-17.092],[-53.087,-17.098],[-53.102,-17.101],[-53.098,-17.107],[-53.101,-17.11],[-53.107,-17.107],[-53.119,-17.113],[-53.115,-17.116],[-53.119,-17.119],[-53.115,-17.125],[-53.127,-17.144],[-53.132,-17.145],[-53.128,-17.154],[-53.133,-17.156],[-53.135,-17.161],[-53.14,-17.161],[-53.142,-17.171],[-53.149,-17.167],[-53.157,-17.17],[-53.156,-17.188],[-53.168,-17.214],[-53.165,-17.22],[-53.171,-17.222],[-53.175,-17.24],[-53.18,-17.244],[-53.185,-17.257],[-53.198,-17.26],[-53.195,-17.276],[-53.208,-17.285],[-53.208,-17.293],[-53.219,-17.299],[-53.216,-17.304],[-53.218,-17.309],[-53.214,-17.308],[-53.21,-17.312],[-53.214,-17.31],[-53.214,-17.313],[-53.208,-17.314],[-53.215,-17.32],[-53.213,-17.322],[-53.217,-17.327],[-53.205,-17.333],[-53.202,-17.34],[-53.206,-17.342],[-53.201,-17.344],[-53.2,-17.352],[-53.203,-17.353],[-53.203,-17.36],[-53.206,-17.361],[-53.203,-17.363],[-53.195,-17.361],[-53.196,-17.368],[-53.206,-17.37],[-53.206,-17.372],[-53.201,-17.371],[-53.196,-17.38],[-53.203,-17.39],[-53.204,-17.383],[-53.209,-17.385],[-53.207,-17.393],[-53.213,-17.395],[-53.209,-17.395],[-53.206,-17.401],[-53.215,-17.405],[-53.212,-17.407],[-53.214,-17.412],[-53.22,-17.413],[-53.224,-17.423],[-53.222,-17.424],[-53.229,-17.428],[-53.228,-17.438],[-53.233,-17.44],[-53.227,-17.445],[-53.227,-17.455],[-53.223,-17.458],[-53.226,-17.464],[-53.228,-17.463],[-53.226,-17.466],[-53.228,-17.466],[-53.234,-17.479],[-53.233,-17.481],[-53.236,-17.481],[-53.241,-17.492],[-53.237,-17.498],[-53.243,-17.505],[-53.259,-17.52],[-53.27,-17.523],[-53.284,-17.535],[-53.298,-17.556],[-53.308,-17.56],[-53.316,-17.567],[-53.335,-17.574],[-53.347,-17.589],[-53.355,-17.605],[-53.354,-17.614],[-53.359,-17.63],[-53.376,-17.651],[-53.381,-17.675],[-53.397,-17.717],[-53.407,-17.718],[-53.418,-17.729],[-53.45,-17.737],[-53.49,-17.72],[-53.509,-17.721],[-53.523,-17.719],[-53.524,-17.733],[-53.508,-17.743],[-53.507,-17.756],[-53.518,-17.767],[-53.531,-17.767],[-53.53,-17.772],[-53.517,-17.781],[-53.526,-17.796],[-53.522,-17.798],[-53.501,-17.792],[-53.502,-17.81],[-53.506,-17.82],[-53.494,-17.85],[-53.475,-17.857],[-53.468,-17.874],[-53.461,-17.878],[-53.464,-17.888],[-53.455,-17.9],[-53.456,-17.911],[-53.45,-17.914],[-53.448,-17.921],[-53.442,-17.92],[-53.452,-17.905],[-53.451,-17.898],[-53.438,-17.889],[-53.427,-17.892],[-53.413,-17.931],[-53.401,-17.94],[-53.404,-17.96],[-53.408,-17.965],[-53.405,-17.973],[-53.409,-17.982],[-53.405,-17.992],[-53.411,-17.993],[-53.412,-17.988],[-53.417,-17.994],[-53.421,-17.985],[-53.425,-17.989],[-53.43,-17.987],[-53.43,-17.984],[-53.436,-17.986],[-53.439,-17.983],[-53.44,-17.989],[-53.445,-17.989],[-53.445,-17.993],[-53.45,-17.992],[-53.449,-17.998],[-53.457,-17.999],[-53.458,-18.016],[-53.463,-18.025],[-53.466,-18.024],[-53.467,-18.034],[-53.472,-18.039],[-53.476,-18.036],[-53.486,-18.04],[-53.499,-18.035],[-53.501,-18.028],[-53.513,-18.026],[-53.517,-18.02],[-53.529,-18.021],[-53.547,-18.014],[-53.556,-18.015],[-53.557,-18.005],[-53.565,-18.004],[-53.575,-18.012],[-53.584,-18.009],[-53.589,-18.012],[-53.589,-18.005],[-53.607,-17.995],[-53.612,-17.978],[-53.616,-17.976],[-53.616,-17.978],[-53.624,-17.977],[-53.628,-17.98],[-53.634,-17.976],[-53.661,-17.977],[-53.662,-17.986],[-53.674,-17.991],[-53.677,-17.989],[-53.679,-17.995],[-53.69,-18.002],[-53.692,-18.013],[-53.7,-18.005],[-53.715,-18.006],[-53.715,-17.999],[-53.719,-17.998],[-53.726,-18.003],[-53.733,-17.995],[-53.74,-17.996],[-53.774,-18.0],[-53.786,-17.994],[-53.789,-17.98],[-53.794,-17.98],[-53.793,-17.974],[-53.797,-17.978],[-53.798,-17.974],[-53.804,-17.974],[-53.805,-17.967],[-53.808,-17.972],[-53.813,-17.964],[-53.808,-17.961],[-53.819,-17.958],[-53.821,-17.962],[-53.825,-17.955],[-53.824,-17.948],[-53.83,-17.942],[-53.835,-17.946],[-53.837,-17.934],[-53.842,-17.94],[-53.844,-17.933],[-53.85,-17.934],[-53.85,-17.929],[-53.86,-17.924],[-53.86,-17.921],[-53.87,-17.927],[-53.872,-17.916],[-53.875,-17.918],[-53.873,-17.922],[-53.876,-17.923],[-53.885,-17.913],[-53.898,-17.908],[-53.905,-17.913],[-53.901,-17.916],[-53.911,-17.914],[-53.915,-17.918],[-53.92,-17.916],[-53.922,-17.92],[-53.932,-17.913],[-53.938,-17.92],[-53.945,-17.916],[-53.948,-17.923],[-53.951,-17.915],[-53.944,-17.907],[-53.951,-17.903],[-53.947,-17.898],[-53.955,-17.883],[-53.952,-17.875],[-53.955,-17.871],[-53.946,-17.86],[-53.948,-17.856],[-53.941,-17.848],[-53.941,-17.84],[-53.91,-17.803],[-53.907,-17.79],[-53.895,-17.777],[-53.896,-17.769],[-53.888,-17.749],[-53.879,-17.741],[-53.877,-17.731],[-53.866,-17.727],[-53.86,-17.72],[-53.855,-17.702],[-53.843,-17.692],[-53.813,-17.681],[-53.806,-17.672],[-53.798,-17.67],[-53.793,-17.675],[-53.785,-17.676],[-53.779,-17.672],[-53.756,-17.673],[-53.757,-17.671],[-53.746,-17.671],[-53.733,-17.663],[-53.718,-17.668],[-53.704,-17.663],[-53.682,-17.291],[-53.68,-17.253],[-53.683,-17.224],[-53.573,-17.201],[-53.562,-17.185],[-53.464,-17.095],[-53.464,-17.094],[-53.352,-16.99],[-53.334,-16.982],[-53.316,-16.961],[-53.295,-16.946],[-53.287,-16.934],[-53.263,-16.92],[-53.261,-16.91],[-53.277,-16.9],[-53.283,-16.9],[-53.293,-16.891],[-53.307,-16.892],[-53.314,-16.887],[-53.321,-16.88],[-53.324,-16.868],[-53.34,-16.863],[-53.353,-16.87],[-53.36,-16.869],[-53.359,-16.856],[-53.36,-16.851],[-53.304,-16.818],[-53.298,-16.82],[-53.291,-16.815],[-53.278,-16.817],[-53.263,-16.812],[-53.258,-16.807],[-53.253,-16.81],[-53.24,-16.806]]]}},{"type":"Feature","properties":{"id":"5100359","nome":"Alto Boa Vista"},"geometry":{"type":"Polygon","coordinates":[[[-51.375,-11.628],[-51.366,-11.638],[-51.353,-11.632],[-51.347,-11.624],[-51.32,-11.619],[-51.312,-11.613],[-51.302,-11.614],[-51.293,-11.611],[-51.288,-11.612],[-51.316,-11.639],[-51.324,-11.652],[-51.318,-11.654],[-51.291,-11.645],[-51.267,-11.648],[-51.274,-11.657],[-51.28,-11.659],[-51.284,-11.667],[-51.28,-11.677],[-51.281,-11.691],[-51.274,-11.712],[-51.306,-11.719],[-51.319,-11.715],[-51.329,-11.721],[-51.346,-11.723],[-51.369,-11.742],[-51.363,-11.763],[-51.366,-11.773],[-51.364,-11.798],[-51.372,-11.803],[-51.361,-11.807],[-51.356,-11.82],[-51.343,-11.813],[-51.338,-11.816],[-51.335,-11.846],[-51.344,-11.859],[-51.355,-11.865],[-51.362,-11.864],[-51.375,-11.869],[-51.4,-11.866],[-51.474,-11.922],[-51.563,-11.865],[-51.564,-11.878],[-51.553,-11.898],[-51.551,-11.907],[-51.56,-11.914],[-51.574,-11.917],[-51.591,-11.916],[-51.609,-11.925],[-51.65,-11.926],[-51.654,-11.93],[-51.653,-11.937],[-51.657,-11.95],[-51.662,-11.956],[-51.66,-11.966],[-51.678,-11.968],[-51.706,-11.964],[-51.718,-11.946],[-51.83,-11.86],[-51.839,-11.857],[-51.854,-11.859],[-51.888,-11.874],[-51.937,-11.89],[-51.969,-11.908],[-51.992,-11.934],[-52.031,-11.964],[-52.044,-11.981],[-52.06,-11.994],[-52.1,-12.001],[-52.119,-11.987],[-52.127,-11.975],[-52.143,-11.969],[-52.152,-11.961],[-52.167,-11.963],[-52.167,-11.958],[-52.173,-11.963],[-52.173,-11.944],[-52.179,-11.95],[-52.188,-11.951],[-52.195,-11.921],[-52.205,-11.917],[-52.214,-11.919],[-52.214,-11.913],[-52.219,-11.907],[-52.215,-11.904],[-52.218,-11.9],[-52.216,-11.898],[-52.22,-11.898],[-52.221,-11.894],[-52.229,-11.894],[-52.244,-11.882],[-52.24,-11.877],[-52.243,-11.873],[-52.237,-11.861],[-52.238,-11.854],[-52.234,-11.852],[-52.242,-11.849],[-52.243,-11.857],[-52.251,-11.855],[-52.254,-11.832],[-52.25,-11.828],[-52.233,-11.824],[-52.183,-11.76],[-52.157,-11.747],[-52.125,-11.746],[-52.108,-11.75],[-52.069,-11.777],[-52.024,-11.789],[-51.999,-11.778],[-51.988,-11.762],[-51.984,-11.728],[-51.78,-11.716],[-51.759,-11.715],[-51.721,-11.728],[-51.708,-11.725],[-51.683,-11.72],[-51.666,-11.711],[-51.658,-11.711],[-51.625,-11.703],[-51.604,-11.698],[-51.593,-11.691],[-51.593,-11.685],[-51.579,-11.684],[-51.452,-11.676],[-51.448,-11.659],[-51.445,-11.655],[-51.449,-11.644],[-51.445,-11.633],[-51.422,-11.617],[-51.413,-11.604],[-51.41,-11.587],[-51.412,-11.585],[-51.409,-11.575],[-51.394,-11.576],[-51.387,-11.584],[-51.387,-11.598],[-51.392,-11.6],[-51.392,-11.605],[-51.377,-11.617],[-51.375,-11.628]]]}},{"type":"Feature","properties":{"id":"5100409","nome":"Alto Gar\u00e7as"},"geometry":{"type":"Polygon","coordinates":[[[-53.165,-16.536],[-53.154,-16.57],[-53.156,-16.574],[-53.147,-16.585],[-53.15,-16.594],[-53.177,-16.604],[-53.186,-16.635],[-53.198,-16.642],[-53.36,-16.851],[-53.359,-16.856],[-53.36,-16.869],[-53.353,-16.87],[-53.34,-16.863],[-53.324,-16.868],[-53.321,-16.88],[-53.314,-16.887],[-53.307,-16.892],[-53.293,-16.891],[-53.283,-16.9],[-53.277,-16.9],[-53.261,-16.91],[-53.263,-16.92],[-53.287,-16.934],[-53.295,-16.946],[-53.316,-16.961],[-53.334,-16.982],[-53.352,-16.99],[-53.464,-17.094],[-53.464,-17.095],[-53.562,-17.185],[-53.573,-17.201],[-53.683,-17.224],[-53.688,-17.215],[-53.703,-17.208],[-53.708,-17.2],[-53.721,-17.189],[-53.741,-17.191],[-53.776,-17.18],[-53.795,-17.168],[-53.807,-17.147],[-53.826,-17.148],[-53.848,-17.133],[-53.87,-17.13],[-53.877,-17.126],[-53.878,-17.123],[-53.891,-17.121],[-53.888,-17.125],[-53.904,-17.134],[-53.902,-17.138],[-53.909,-17.137],[-53.919,-17.15],[-53.933,-17.15],[-53.934,-17.158],[-53.94,-17.15],[-53.943,-17.156],[-53.953,-17.151],[-53.951,-17.14],[-53.933,-17.11],[-53.93,-17.086],[-53.939,-17.075],[-53.946,-17.053],[-53.952,-17.051],[-53.954,-17.043],[-53.969,-17.03],[-53.969,-17.025],[-53.976,-17.03],[-53.976,-17.017],[-53.974,-17.009],[-53.981,-17.005],[-53.978,-17.004],[-53.982,-16.999],[-53.978,-16.99],[-53.981,-16.984],[-53.975,-16.976],[-53.984,-16.963],[-53.994,-16.96],[-54.001,-16.949],[-54.015,-16.938],[-54.016,-16.925],[-54.001,-16.918],[-54.006,-16.894],[-54.0,-16.878],[-53.992,-16.87],[-53.977,-16.863],[-53.965,-16.849],[-53.954,-16.843],[-53.941,-16.825],[-53.921,-16.819],[-53.891,-16.802],[-53.882,-16.785],[-53.886,-16.78],[-53.883,-16.769],[-53.875,-16.767],[-53.877,-16.764],[-53.872,-16.766],[-53.862,-16.757],[-53.856,-16.763],[-53.846,-16.766],[-53.841,-16.777],[-53.833,-16.783],[-53.825,-16.798],[-53.806,-16.794],[-53.797,-16.785],[-53.768,-16.781],[-53.731,-16.765],[-53.717,-16.734],[-53.709,-16.728],[-53.656,-16.717],[-53.611,-16.728],[-53.598,-16.719],[-53.595,-16.721],[-53.582,-16.719],[-53.569,-16.697],[-53.553,-16.697],[-53.545,-16.687],[-53.539,-16.688],[-53.539,-16.684],[-53.532,-16.68],[-53.525,-16.681],[-53.524,-16.677],[-53.517,-16.682],[-53.509,-16.682],[-53.509,-16.678],[-53.499,-16.668],[-53.491,-16.669],[-53.489,-16.672],[-53.482,-16.671],[-53.479,-16.674],[-53.475,-16.671],[-53.468,-16.679],[-53.463,-16.673],[-53.46,-16.678],[-53.463,-16.681],[-53.455,-16.68],[-53.458,-16.675],[-53.448,-16.673],[-53.448,-16.68],[-53.443,-16.684],[-53.439,-16.678],[-53.432,-16.676],[-53.433,-16.674],[-53.418,-16.681],[-53.416,-16.674],[-53.422,-16.668],[-53.421,-16.666],[-53.413,-16.669],[-53.411,-16.675],[-53.408,-16.666],[-53.413,-16.664],[-53.409,-16.662],[-53.412,-16.656],[-53.424,-16.657],[-53.424,-16.655],[-53.417,-16.654],[-53.42,-16.651],[-53.418,-16.649],[-53.42,-16.643],[-53.414,-16.644],[-53.408,-16.638],[-53.41,-16.632],[-53.417,-16.627],[-53.415,-16.622],[-53.418,-16.618],[-53.419,-16.604],[-53.418,-16.595],[-53.413,-16.597],[-53.41,-16.589],[-53.411,-16.583],[-53.415,-16.582],[-53.413,-16.575],[-53.427,-16.572],[-53.423,-16.564],[-53.429,-16.56],[-53.419,-16.558],[-53.416,-16.55],[-53.412,-16.553],[-53.396,-16.537],[-53.391,-16.524],[-53.384,-16.522],[-53.381,-16.509],[-53.366,-16.484],[-53.165,-16.536]]]}},{"type":"Feature","properties":{"id":"5100508","nome":"Alto Paraguai"},"geometry":{"type":"Polygon","coordinates":[[[-56.488,-14.469],[-56.487,-14.475],[-56.485,-14.476],[-56.472,-14.467],[-56.473,-14.459],[-56.457,-14.462],[-56.456,-14.457],[-56.45,-14.455],[-56.442,-14.456],[-56.441,-14.463],[-56.435,-14.465],[-56.434,-14.462],[-56.429,-14.463],[-56.416,-14.456],[-56.412,-14.46],[-56.408,-14.456],[-56.404,-14.467],[-56.396,-14.475],[-56.388,-14.485],[-56.387,-14.502],[-56.384,-14.504],[-56.387,-14.521],[-56.396,-14.535],[-56.439,-14.566],[-56.369,-14.569],[-56.371,-14.691],[-56.367,-14.698],[-56.406,-14.73],[-56.468,-14.778],[-56.484,-14.788],[-56.504,-14.792],[-56.516,-14.801],[-56.522,-14.811],[-56.568,-14.84],[-56.627,-14.89],[-56.676,-14.942],[-56.685,-14.959],[-56.718,-14.998],[-56.748,-15.046],[-56.757,-15.065],[-56.778,-15.097],[-56.788,-15.122],[-56.817,-15.145],[-56.821,-15.139],[-56.813,-15.124],[-56.814,-15.112],[-56.805,-15.107],[-56.819,-15.089],[-56.828,-15.09],[-56.828,-15.081],[-56.836,-15.075],[-56.834,-15.07],[-56.855,-15.042],[-56.855,-15.028],[-56.859,-15.023],[-56.857,-15.015],[-56.863,-15.009],[-56.87,-15.007],[-56.873,-15.001],[-56.875,-15.004],[-56.878,-14.998],[-56.891,-15.005],[-56.888,-15.005],[-56.887,-15.012],[-56.906,-15.016],[-56.906,-15.013],[-56.915,-15.015],[-56.923,-15.009],[-56.936,-15.024],[-56.947,-15.023],[-56.957,-15.03],[-56.96,-15.024],[-56.975,-15.018],[-56.976,-15.013],[-56.983,-15.017],[-56.986,-15.015],[-56.983,-15.004],[-56.985,-14.997],[-56.978,-14.996],[-56.974,-14.999],[-56.973,-14.996],[-56.962,-14.998],[-56.958,-14.994],[-56.957,-14.966],[-56.943,-14.967],[-56.94,-14.962],[-56.93,-14.958],[-56.925,-14.936],[-56.921,-14.935],[-56.911,-14.94],[-56.909,-14.936],[-56.92,-14.925],[-56.903,-14.928],[-56.902,-14.919],[-56.889,-14.913],[-56.894,-14.902],[-56.881,-14.894],[-56.876,-14.888],[-56.879,-14.885],[-56.88,-14.877],[-56.867,-14.87],[-56.861,-14.85],[-56.853,-14.852],[-56.855,-14.826],[-56.841,-14.831],[-56.838,-14.829],[-56.838,-14.818],[-56.844,-14.805],[-56.84,-14.802],[-56.836,-14.806],[-56.824,-14.805],[-56.836,-14.786],[-56.818,-14.792],[-56.812,-14.777],[-56.797,-14.774],[-56.794,-14.769],[-56.801,-14.761],[-56.8,-14.758],[-56.78,-14.752],[-56.78,-14.74],[-56.764,-14.741],[-56.756,-14.732],[-56.762,-14.716],[-56.753,-14.714],[-56.758,-14.708],[-56.759,-14.699],[-56.738,-14.689],[-56.747,-14.684],[-56.747,-14.678],[-56.74,-14.677],[-56.732,-14.681],[-56.717,-14.679],[-56.73,-14.672],[-56.734,-14.666],[-56.732,-14.659],[-56.722,-14.652],[-56.724,-14.649],[-56.726,-14.647],[-56.722,-14.647],[-56.723,-14.634],[-56.711,-14.641],[-56.706,-14.622],[-56.701,-14.619],[-56.695,-14.621],[-56.691,-14.614],[-56.683,-14.611],[-56.692,-14.598],[-56.681,-14.6],[-56.675,-14.594],[-56.67,-14.595],[-56.67,-14.589],[-56.661,-14.586],[-56.666,-14.583],[-56.668,-14.576],[-56.659,-14.576],[-56.663,-14.563],[-56.657,-14.563],[-56.659,-14.551],[-56.646,-14.525],[-56.657,-14.506],[-56.618,-14.49],[-56.613,-14.485],[-56.604,-14.485],[-56.586,-14.471],[-56.571,-14.472],[-56.562,-14.467],[-56.561,-14.462],[-56.542,-14.452],[-56.539,-14.444],[-56.544,-14.435],[-56.542,-14.43],[-56.544,-14.413],[-56.551,-14.393],[-56.541,-14.395],[-56.533,-14.408],[-56.511,-14.421],[-56.504,-14.432],[-56.499,-14.433],[-56.488,-14.453],[-56.489,-14.459],[-56.493,-14.46],[-56.492,-14.463],[-56.495,-14.465],[-56.488,-14.469]]]}},{"type":"Feature","properties":{"id":"5100607","nome":"Alto Taquari"},"geometry":{"type":"Polygon","coordinates":[[[-53.243,-17.505],[-53.239,-17.512],[-53.241,-17.511],[-53.239,-17.516],[-53.246,-17.524],[-53.246,-17.532],[-53.243,-17.534],[-53.246,-17.539],[-53.245,-17.547],[-53.241,-17.552],[-53.248,-17.558],[-53.247,-17.564],[-53.24,-17.57],[-53.242,-17.573],[-53.239,-17.58],[-53.242,-17.583],[-53.238,-17.589],[-53.242,-17.592],[-53.242,-17.601],[-53.249,-17.606],[-53.246,-17.611],[-53.246,-17.616],[-53.251,-17.619],[-53.247,-17.623],[-53.25,-17.628],[-53.25,-17.644],[-53.245,-17.652],[-53.248,-17.655],[-53.244,-17.656],[-53.244,-17.665],[-53.24,-17.667],[-53.245,-17.672],[-53.24,-17.68],[-53.24,-17.686],[-53.246,-17.69],[-53.239,-17.694],[-53.237,-17.713],[-53.221,-17.723],[-53.219,-17.72],[-53.2,-17.73],[-53.196,-17.736],[-53.198,-17.739],[-53.189,-17.745],[-53.187,-17.752],[-53.182,-17.75],[-53.177,-17.755],[-53.175,-17.765],[-53.168,-17.766],[-53.169,-17.77],[-53.162,-17.782],[-53.159,-17.786],[-53.163,-17.795],[-53.159,-17.804],[-53.146,-17.817],[-53.147,-17.823],[-53.136,-17.837],[-53.143,-17.871],[-53.14,-17.877],[-53.132,-17.881],[-53.132,-17.891],[-53.127,-17.9],[-53.131,-17.916],[-53.1,-17.936],[-53.086,-17.962],[-53.077,-17.968],[-53.07,-17.985],[-53.072,-18.034],[-53.15,-18.039],[-53.155,-18.04],[-53.173,-18.041],[-53.176,-18.041],[-53.19,-18.036],[-53.198,-18.02],[-53.205,-18.021],[-53.217,-18.013],[-53.237,-18.007],[-53.299,-17.995],[-53.332,-18.001],[-53.335,-18.006],[-53.342,-18.008],[-53.36,-18.006],[-53.38,-18.008],[-53.405,-17.992],[-53.409,-17.982],[-53.405,-17.973],[-53.408,-17.965],[-53.404,-17.96],[-53.401,-17.94],[-53.413,-17.931],[-53.427,-17.892],[-53.438,-17.889],[-53.451,-17.898],[-53.452,-17.905],[-53.442,-17.92],[-53.448,-17.921],[-53.45,-17.914],[-53.456,-17.911],[-53.455,-17.9],[-53.464,-17.888],[-53.461,-17.878],[-53.468,-17.874],[-53.475,-17.857],[-53.494,-17.85],[-53.506,-17.82],[-53.502,-17.81],[-53.501,-17.792],[-53.522,-17.798],[-53.526,-17.796],[-53.517,-17.781],[-53.53,-17.772],[-53.531,-17.767],[-53.518,-17.767],[-53.507,-17.756],[-53.508,-17.743],[-53.524,-17.733],[-53.523,-17.719],[-53.509,-17.721],[-53.49,-17.72],[-53.45,-17.737],[-53.418,-17.729],[-53.407,-17.718],[-53.397,-17.717],[-53.381,-17.675],[-53.376,-17.651],[-53.359,-17.63],[-53.354,-17.614],[-53.355,-17.605],[-53.347,-17.589],[-53.335,-17.574],[-53.316,-17.567],[-53.308,-17.56],[-53.298,-17.556],[-53.284,-17.535],[-53.27,-17.523],[-53.259,-17.52],[-53.243,-17.505]]]}},{"type":"Feature","properties":{"id":"5100805","nome":"Apiac\u00e1s"},"geometry":{"type":"Polygon","coordinates":[[[-57.593,-8.707],[-57.601,-8.741],[-57.592,-8.756],[-57.586,-8.759],[-57.562,-8.761],[-57.53,-8.748],[-57.484,-8.769],[-57.463,-8.784],[-57.452,-8.786],[-57.427,-8.783],[-57.416,-8.795],[-57.413,-8.826],[-57.419,-8.842],[-57.419,-8.853],[-57.416,-8.859],[-57.403,-8.862],[-57.384,-8.879],[-57.317,-8.885],[-57.31,-8.892],[-57.306,-8.91],[-57.299,-8.914],[-57.286,-8.915],[-57.262,-8.907],[-57.245,-8.906],[-57.216,-8.914],[-57.203,-8.92],[-57.188,-8.933],[-57.162,-8.969],[-57.138,-8.994],[-57.094,-9.017],[-57.09,-9.038],[-57.083,-9.046],[-57.059,-9.064],[-57.063,-9.078],[-57.046,-9.089],[-57.039,-9.098],[-57.041,-9.115],[-57.06,-9.137],[-57.052,-9.158],[-57.058,-9.169],[-57.06,-9.182],[-57.062,-9.191],[-57.084,-9.191],[-57.081,-9.199],[-57.074,-9.203],[-57.086,-9.206],[-57.095,-9.204],[-57.102,-9.207],[-57.095,-9.228],[-57.09,-9.233],[-57.087,-9.23],[-57.082,-9.233],[-57.08,-9.239],[-57.092,-9.277],[-57.085,-9.286],[-57.07,-9.297],[-57.068,-9.305],[-57.068,-9.312],[-57.076,-9.32],[-57.079,-9.327],[-57.086,-9.324],[-57.087,-9.317],[-57.094,-9.319],[-57.088,-9.331],[-57.087,-9.352],[-57.084,-9.356],[-57.076,-9.355],[-57.081,-9.362],[-57.084,-9.369],[-57.082,-9.391],[-57.091,-9.396],[-57.093,-9.402],[-57.108,-9.402],[-57.112,-9.398],[-57.129,-9.404],[-57.133,-9.419],[-57.125,-9.429],[-57.122,-9.432],[-57.111,-9.434],[-57.107,-9.446],[-57.098,-9.45],[-57.091,-9.458],[-57.068,-9.456],[-57.064,-9.457],[-57.064,-9.461],[-57.057,-9.462],[-57.057,-9.472],[-57.066,-9.476],[-57.047,-9.502],[-57.063,-9.511],[-57.057,-9.519],[-57.056,-9.527],[-57.052,-9.528],[-57.055,-9.539],[-57.066,-9.545],[-57.067,-9.55],[-57.084,-9.561],[-57.084,-9.57],[-57.091,-9.567],[-57.101,-9.57],[-57.106,-9.569],[-57.105,-9.566],[-57.109,-9.567],[-57.108,-9.571],[-57.114,-9.579],[-57.109,-9.59],[-57.12,-9.597],[-57.123,-9.604],[-57.13,-9.607],[-57.133,-9.628],[-57.142,-9.634],[-57.146,-9.644],[-57.143,-9.66],[-57.151,-9.665],[-57.165,-9.665],[-57.165,-9.685],[-57.172,-9.688],[-57.169,-9.698],[-57.175,-9.701],[-57.169,-9.707],[-57.175,-9.715],[-57.173,-9.719],[-57.185,-9.727],[-57.181,-9.732],[-57.188,-9.739],[-57.187,-9.744],[-57.193,-9.745],[-57.198,-9.752],[-57.19,-9.76],[-57.192,-9.772],[-57.187,-9.781],[-57.195,-9.795],[-57.206,-9.79],[-57.219,-9.798],[-57.225,-9.798],[-57.234,-9.789],[-57.246,-9.793],[-57.258,-9.788],[-57.277,-9.805],[-57.273,-9.816],[-57.295,-9.808],[-57.291,-9.795],[-57.293,-9.781],[-57.313,-9.78],[-57.325,-9.775],[-57.326,-9.772],[-57.323,-9.768],[-57.33,-9.763],[-57.331,-9.759],[-57.322,-9.745],[-57.327,-9.738],[-57.329,-9.717],[-57.333,-9.715],[-57.332,-9.704],[-57.337,-9.686],[-57.34,-9.684],[-57.341,-9.688],[-57.345,-9.686],[-57.354,-9.689],[-57.358,-9.683],[-57.377,-9.682],[-57.388,-9.688],[-57.398,-9.687],[-57.402,-9.693],[-57.412,-9.695],[-57.418,-9.692],[-57.417,-9.682],[-57.425,-9.675],[-57.438,-9.68],[-57.453,-9.677],[-57.458,-9.685],[-57.464,-9.688],[-57.485,-9.688],[-57.502,-9.705],[-57.513,-9.701],[-57.524,-9.707],[-57.54,-9.707],[-57.547,-9.707],[-57.563,-9.72],[-57.577,-9.717],[-57.584,-9.711],[-57.59,-9.715],[-57.592,-9.71],[-57.617,-9.711],[-57.623,-9.708],[-57.625,-9.713],[-57.62,-9.724],[-57.623,-9.729],[-57.634,-9.725],[-57.644,-9.722],[-57.648,-9.716],[-57.657,-9.714],[-57.662,-9.72],[-57.679,-9.712],[-57.688,-9.7],[-57.707,-9.703],[-57.71,-9.693],[-57.717,-9.691],[-57.72,-9.682],[-57.729,-9.672],[-57.716,-9.64],[-57.719,-9.636],[-57.726,-9.636],[-57.735,-9.62],[-57.734,-9.614],[-57.727,-9.602],[-57.728,-9.576],[-57.713,-9.547],[-57.718,-9.533],[-57.726,-9.531],[-57.727,-9.514],[-57.738,-9.504],[-57.739,-9.499],[-57.771,-9.489],[-57.786,-9.496],[-57.788,-9.489],[-57.805,-9.491],[-57.814,-9.485],[-57.826,-9.491],[-57.835,-9.479],[-57.849,-9.478],[-57.862,-9.487],[-57.871,-9.484],[-57.885,-9.487],[-57.887,-9.493],[-57.894,-9.495],[-57.9,-9.483],[-57.907,-9.478],[-57.912,-9.478],[-57.918,-9.471],[-57.924,-9.471],[-57.929,-9.467],[-57.935,-9.469],[-57.936,-9.466],[-57.941,-9.457],[-57.952,-9.452],[-57.962,-9.431],[-57.975,-9.431],[-57.972,-9.422],[-57.975,-9.414],[-57.984,-9.411],[-57.996,-9.416],[-57.998,-9.414],[-57.998,-9.408],[-58.002,-9.406],[-58.001,-9.402],[-57.998,-9.404],[-57.994,-9.4],[-58.0,-9.399],[-58.001,-9.386],[-58.005,-9.386],[-58.005,-9.38],[-58.014,-9.379],[-58.019,-9.374],[-58.013,-9.362],[-58.031,-9.361],[-58.032,-9.352],[-58.036,-9.348],[-58.034,-9.342],[-58.041,-9.352],[-58.051,-9.352],[-58.053,-9.348],[-58.066,-9.352],[-58.069,-9.355],[-58.076,-9.352],[-58.07,-9.346],[-58.078,-9.338],[-58.076,-9.327],[-58.078,-9.323],[-58.065,-9.312],[-58.069,-9.304],[-58.063,-9.298],[-58.066,-9.296],[-58.071,-9.3],[-58.077,-9.299],[-58.078,-9.295],[-58.076,-9.288],[-58.081,-9.287],[-58.073,-9.281],[-58.073,-9.271],[-58.078,-9.265],[-58.081,-9.27],[-58.088,-9.27],[-58.087,-9.259],[-58.094,-9.248],[-58.111,-9.241],[-58.122,-9.226],[-58.14,-9.223],[-58.14,-9.217],[-58.133,-9.219],[-58.13,-9.215],[-58.134,-9.215],[-58.141,-9.203],[-58.15,-9.196],[-58.144,-9.188],[-58.147,-9.185],[-58.163,-9.189],[-58.168,-9.186],[-58.166,-9.171],[-58.17,-9.156],[-58.166,-9.149],[-58.168,-9.145],[-58.196,-9.139],[-58.198,-9.132],[-58.205,-9.128],[-58.214,-9.131],[-58.232,-9.113],[-58.238,-9.118],[-58.245,-9.118],[-58.257,-9.11],[-58.257,-9.102],[-58.261,-9.1],[-58.27,-9.098],[-58.29,-9.084],[-58.287,-9.063],[-58.29,-9.051],[-58.301,-9.032],[-58.308,-9.034],[-58.31,-9.042],[-58.318,-9.045],[-58.32,-9.018],[-58.327,-9.012],[-58.347,-9.015],[-58.36,-9.02],[-58.37,-9.012],[-58.38,-8.989],[-58.394,-8.997],[-58.396,-8.989],[-58.393,-8.987],[-58.393,-8.981],[-58.402,-8.974],[-58.396,-8.965],[-58.398,-8.962],[-58.409,-8.964],[-58.415,-8.969],[-58.426,-8.968],[-58.435,-8.962],[-58.44,-8.972],[-58.46,-8.976],[-58.467,-8.971],[-58.469,-8.958],[-58.459,-8.953],[-58.459,-8.946],[-58.471,-8.945],[-58.498,-8.951],[-58.502,-8.96],[-58.525,-8.978],[-58.527,-8.975],[-58.52,-8.966],[-58.53,-8.949],[-58.539,-8.95],[-58.544,-8.948],[-58.546,-8.941],[-58.554,-8.941],[-58.554,-8.934],[-58.566,-8.926],[-58.555,-8.912],[-58.564,-8.894],[-58.562,-8.888],[-58.548,-8.885],[-58.53,-8.899],[-58.522,-8.901],[-58.503,-8.892],[-58.497,-8.886],[-58.492,-8.87],[-58.476,-8.859],[-58.46,-8.842],[-58.442,-8.799],[-58.43,-8.79],[-58.422,-8.788],[-58.415,-8.792],[-58.387,-8.774],[-58.354,-8.737],[-58.332,-8.726],[-58.326,-8.72],[-58.328,-8.712],[-58.351,-8.701],[-58.383,-8.706],[-58.411,-8.72],[-58.433,-8.71],[-58.437,-8.703],[-58.414,-8.644],[-58.403,-8.631],[-58.401,-8.615],[-58.39,-8.603],[-58.389,-8.594],[-58.398,-8.58],[-58.41,-8.57],[-58.404,-8.539],[-58.405,-8.53],[-58.415,-8.516],[-58.417,-8.492],[-58.405,-8.467],[-58.398,-8.464],[-58.389,-8.44],[-58.376,-8.429],[-58.353,-8.392],[-58.355,-8.384],[-58.348,-8.369],[-58.35,-8.354],[-58.348,-8.346],[-58.318,-8.33],[-58.314,-8.323],[-58.315,-8.306],[-58.325,-8.294],[-58.328,-8.285],[-58.32,-8.271],[-58.322,-8.232],[-58.312,-8.209],[-58.322,-8.17],[-58.317,-8.154],[-58.288,-8.132],[-58.287,-8.128],[-58.291,-8.112],[-58.286,-8.088],[-58.288,-8.079],[-58.321,-8.025],[-58.325,-8.009],[-58.324,-7.992],[-58.331,-7.968],[-58.355,-7.944],[-58.373,-7.907],[-58.374,-7.864],[-58.383,-7.852],[-58.384,-7.844],[-58.378,-7.827],[-58.371,-7.821],[-58.334,-7.804],[-58.297,-7.774],[-58.294,-7.771],[-58.284,-7.748],[-58.282,-7.714],[-58.275,-7.699],[-58.251,-7.676],[-58.239,-7.653],[-58.202,-7.62],[-58.202,-7.596],[-58.218,-7.55],[-58.222,-7.524],[-58.213,-7.493],[-58.213,-7.458],[-58.173,-7.394],[-58.14,-7.363],[-58.137,-7.356],[-58.138,-7.349],[-58.118,-7.353],[-58.06,-7.397],[-58.035,-7.454],[-58.002,-7.488],[-57.972,-7.534],[-57.945,-7.602],[-57.939,-7.653],[-57.934,-7.656],[-57.916,-7.657],[-57.898,-7.672],[-57.873,-7.801],[-57.84,-7.861],[-57.834,-7.882],[-57.831,-7.961],[-57.828,-7.973],[-57.803,-8.003],[-57.776,-8.052],[-57.728,-8.094],[-57.719,-8.146],[-57.715,-8.158],[-57.704,-8.168],[-57.677,-8.171],[-57.667,-8.176],[-57.643,-8.212],[-57.643,-8.231],[-57.663,-8.268],[-57.664,-8.294],[-57.679,-8.319],[-57.679,-8.333],[-57.668,-8.366],[-57.67,-8.379],[-57.686,-8.407],[-57.686,-8.416],[-57.681,-8.433],[-57.651,-8.471],[-57.651,-8.478],[-57.66,-8.492],[-57.659,-8.5],[-57.637,-8.513],[-57.634,-8.519],[-57.633,-8.526],[-57.638,-8.54],[-57.65,-8.553],[-57.648,-8.576],[-57.644,-8.582],[-57.63,-8.585],[-57.622,-8.591],[-57.624,-8.638],[-57.62,-8.647],[-57.605,-8.662],[-57.602,-8.68],[-57.596,-8.691],[-57.593,-8.707]]]}},{"type":"Feature","properties":{"id":"5101001","nome":"Araguaiana"},"geometry":{"type":"Polygon","coordinates":[[[-51.38,-14.353],[-51.389,-14.38],[-51.386,-14.383],[-51.386,-14.393],[-51.391,-14.414],[-51.384,-14.425],[-51.382,-14.434],[-51.389,-14.468],[-51.385,-14.473],[-51.384,-14.485],[-51.378,-14.49],[-51.379,-14.496],[-51.388,-14.503],[-51.39,-14.516],[-51.403,-14.531],[-51.41,-14.532],[-51.422,-14.541],[-51.421,-14.549],[-51.437,-14.568],[-51.439,-14.593],[-51.467,-14.616],[-51.473,-14.644],[-51.47,-14.649],[-51.478,-14.667],[-51.505,-14.691],[-51.51,-14.699],[-51.536,-14.719],[-51.538,-14.752],[-51.547,-14.773],[-51.543,-14.784],[-51.543,-14.792],[-51.558,-14.825],[-51.549,-14.841],[-51.558,-14.857],[-51.565,-14.859],[-51.57,-14.871],[-51.577,-14.876],[-51.586,-14.875],[-51.59,-14.884],[-51.588,-14.893],[-51.6,-14.914],[-51.592,-14.942],[-51.595,-14.955],[-51.602,-14.958],[-51.6,-14.967],[-51.605,-14.977],[-51.618,-14.99],[-51.447,-14.99],[-51.347,-14.99],[-51.357,-15.002],[-51.376,-15.012],[-51.398,-15.003],[-51.427,-15.008],[-51.441,-15.03],[-51.452,-15.034],[-51.46,-15.044],[-51.477,-15.056],[-51.512,-15.054],[-51.522,-15.058],[-51.535,-15.069],[-51.552,-15.105],[-51.573,-15.113],[-51.588,-15.138],[-51.599,-15.156],[-51.607,-15.163],[-51.627,-15.164],[-51.652,-15.179],[-51.652,-15.206],[-51.662,-15.224],[-51.668,-15.246],[-51.659,-15.255],[-51.647,-15.26],[-51.646,-15.268],[-51.661,-15.281],[-51.678,-15.29],[-51.688,-15.308],[-51.686,-15.345],[-51.673,-15.357],[-51.671,-15.371],[-51.697,-15.41],[-51.697,-15.417],[-51.691,-15.426],[-51.692,-15.433],[-51.708,-15.456],[-51.699,-15.473],[-51.698,-15.485],[-51.704,-15.496],[-51.725,-15.502],[-51.735,-15.51],[-51.734,-15.53],[-51.726,-15.542],[-51.727,-15.55],[-51.742,-15.556],[-51.751,-15.555],[-51.761,-15.531],[-51.771,-15.532],[-51.777,-15.539],[-51.777,-15.554],[-51.753,-15.61],[-51.757,-15.636],[-51.769,-15.656],[-51.804,-15.713],[-51.803,-15.723],[-51.825,-15.735],[-51.829,-15.74],[-51.847,-15.769],[-51.859,-15.789],[-51.873,-15.8],[-51.879,-15.825],[-51.89,-15.832],[-51.912,-15.813],[-51.948,-15.81],[-51.956,-15.822],[-51.954,-15.837],[-51.959,-15.84],[-51.972,-15.837],[-51.979,-15.836],[-51.99,-15.842],[-51.995,-15.849],[-52.002,-15.849],[-52.009,-15.84],[-52.031,-15.838],[-52.039,-15.831],[-52.065,-15.824],[-52.092,-15.807],[-52.108,-15.809],[-52.117,-15.804],[-52.136,-15.796],[-52.148,-15.8],[-52.154,-15.809],[-52.18,-15.805],[-52.175,-15.788],[-52.158,-15.769],[-52.157,-15.759],[-52.154,-15.739],[-52.159,-15.719],[-52.149,-15.702],[-52.148,-15.694],[-52.161,-15.679],[-52.167,-15.665],[-52.167,-15.65],[-52.16,-15.633],[-52.164,-15.615],[-52.168,-15.608],[-52.174,-15.608],[-52.176,-15.601],[-52.162,-15.586],[-52.151,-15.579],[-52.151,-15.57],[-52.144,-15.563],[-52.148,-15.559],[-52.148,-15.548],[-52.136,-15.534],[-52.123,-15.532],[-52.103,-15.519],[-52.1,-15.513],[-52.096,-15.514],[-52.071,-15.497],[-52.071,-15.501],[-52.06,-15.505],[-52.057,-15.496],[-52.052,-15.493],[-52.049,-15.476],[-52.058,-15.45],[-52.055,-15.442],[-52.055,-15.416],[-52.049,-15.406],[-52.053,-15.394],[-52.053,-15.36],[-52.057,-15.357],[-52.049,-15.32],[-52.051,-15.309],[-52.046,-15.303],[-52.05,-15.296],[-52.043,-15.292],[-52.045,-15.276],[-52.055,-15.264],[-52.048,-15.255],[-52.045,-15.244],[-52.049,-15.239],[-52.043,-15.23],[-52.06,-15.211],[-52.054,-15.204],[-52.054,-15.193],[-52.047,-15.186],[-52.041,-15.169],[-52.047,-15.16],[-52.042,-15.139],[-52.046,-15.13],[-52.043,-15.126],[-52.045,-15.122],[-52.041,-15.12],[-52.044,-15.116],[-52.04,-15.11],[-52.044,-15.109],[-52.052,-15.092],[-52.047,-15.086],[-52.051,-15.079],[-52.046,-15.077],[-52.055,-15.063],[-52.049,-15.057],[-52.056,-15.048],[-52.051,-15.043],[-52.058,-15.035],[-52.045,-15.025],[-52.052,-15.016],[-52.049,-15.005],[-52.052,-14.999],[-52.041,-14.992],[-52.05,-14.986],[-52.05,-14.982],[-52.048,-14.978],[-52.037,-14.975],[-52.039,-14.971],[-52.022,-14.964],[-52.023,-14.952],[-52.008,-14.941],[-52.005,-14.932],[-52.009,-14.918],[-52.006,-14.906],[-52.003,-14.902],[-52.005,-14.891],[-52.013,-14.877],[-52.015,-14.866],[-52.006,-14.856],[-52.005,-14.842],[-52.011,-14.835],[-52.005,-14.821],[-52.008,-14.811],[-52.011,-14.813],[-52.008,-14.807],[-52.013,-14.808],[-52.014,-14.801],[-52.009,-14.798],[-52.001,-14.8],[-51.992,-14.799],[-51.994,-14.791],[-51.989,-14.784],[-51.986,-14.787],[-51.98,-14.781],[-51.974,-14.783],[-51.973,-14.774],[-51.97,-14.77],[-51.966,-14.773],[-51.966,-14.764],[-51.957,-14.76],[-51.949,-14.769],[-51.95,-14.781],[-51.943,-14.786],[-51.937,-14.784],[-51.934,-14.776],[-51.938,-14.767],[-51.935,-14.763],[-51.923,-14.764],[-51.924,-14.767],[-51.919,-14.766],[-51.917,-14.771],[-51.913,-14.767],[-51.914,-14.771],[-51.904,-14.767],[-51.907,-14.76],[-51.901,-14.759],[-51.901,-14.752],[-51.894,-14.748],[-51.894,-14.734],[-51.89,-14.737],[-51.888,-14.733],[-51.883,-14.733],[-51.879,-14.738],[-51.863,-14.743],[-51.856,-14.741],[-51.858,-14.734],[-51.865,-14.736],[-51.865,-14.726],[-51.862,-14.725],[-51.862,-14.722],[-51.856,-14.722],[-51.863,-14.719],[-51.866,-14.712],[-51.861,-14.717],[-51.855,-14.716],[-51.86,-14.704],[-51.857,-14.699],[-51.849,-14.699],[-51.846,-14.694],[-51.836,-14.695],[-51.835,-14.701],[-51.831,-14.702],[-51.825,-14.696],[-51.82,-14.696],[-51.825,-14.692],[-51.821,-14.686],[-51.827,-14.68],[-51.822,-14.674],[-51.817,-14.675],[-51.804,-14.665],[-51.809,-14.661],[-51.814,-14.665],[-51.815,-14.66],[-51.811,-14.659],[-51.814,-14.652],[-51.808,-14.652],[-51.796,-14.634],[-51.792,-14.638],[-51.785,-14.637],[-51.786,-14.642],[-51.781,-14.645],[-51.773,-14.64],[-51.772,-14.631],[-51.777,-14.616],[-51.772,-14.608],[-51.762,-14.599],[-51.748,-14.598],[-51.738,-14.604],[-51.734,-14.599],[-51.719,-14.599],[-51.705,-14.588],[-51.703,-14.581],[-51.696,-14.58],[-51.691,-14.536],[-51.666,-14.534],[-51.652,-14.529],[-51.649,-14.524],[-51.641,-14.521],[-51.619,-14.522],[-51.618,-14.518],[-51.625,-14.506],[-51.622,-14.497],[-51.616,-14.49],[-51.608,-14.491],[-51.606,-14.478],[-51.591,-14.453],[-51.576,-14.441],[-51.573,-14.434],[-51.563,-14.437],[-51.561,-14.434],[-51.556,-14.42],[-51.542,-14.41],[-51.54,-14.395],[-51.531,-14.383],[-51.508,-14.384],[-51.502,-14.373],[-51.472,-14.36],[-51.474,-14.354],[-51.466,-14.358],[-51.439,-14.359],[-51.407,-14.351],[-51.39,-14.319],[-51.385,-14.316],[-51.377,-14.304],[-51.357,-14.3],[-51.358,-14.319],[-51.363,-14.329],[-51.372,-14.332],[-51.376,-14.338],[-51.376,-14.351],[-51.38,-14.353]]]}},{"type":"Feature","properties":{"id":"5101209","nome":"Araguainha"},"geometry":{"type":"Polygon","coordinates":[[[-53.078,-16.674],[-53.077,-16.678],[-53.072,-16.677],[-53.067,-16.686],[-53.06,-16.686],[-53.063,-16.693],[-53.06,-16.697],[-53.058,-16.696],[-53.017,-16.709],[-53.01,-16.717],[-53.01,-16.723],[-53.014,-16.724],[-53.013,-16.731],[-53.008,-16.734],[-53.001,-16.731],[-52.994,-16.736],[-52.999,-16.75],[-52.995,-16.757],[-52.981,-16.757],[-52.975,-16.762],[-52.961,-16.763],[-52.957,-16.771],[-52.945,-16.767],[-52.943,-16.77],[-52.935,-16.768],[-52.93,-16.781],[-52.932,-16.792],[-52.924,-16.801],[-52.918,-16.803],[-52.914,-16.812],[-52.92,-16.817],[-52.927,-16.817],[-52.926,-16.805],[-52.932,-16.802],[-52.935,-16.81],[-52.944,-16.813],[-52.928,-16.827],[-52.932,-16.835],[-52.927,-16.837],[-52.927,-16.841],[-52.953,-16.841],[-52.947,-16.845],[-52.944,-16.856],[-52.95,-16.86],[-52.949,-16.853],[-52.957,-16.85],[-52.953,-16.86],[-52.964,-16.858],[-52.962,-16.865],[-52.969,-16.869],[-52.976,-16.863],[-52.988,-16.866],[-52.991,-16.863],[-52.998,-16.865],[-53.001,-16.859],[-53.006,-16.864],[-53.011,-16.858],[-53.013,-16.864],[-53.018,-16.858],[-53.026,-16.864],[-53.032,-16.863],[-53.037,-16.862],[-53.037,-16.853],[-53.038,-16.849],[-53.041,-16.851],[-53.046,-16.863],[-53.051,-16.861],[-53.052,-16.857],[-53.055,-16.86],[-53.057,-16.854],[-53.061,-16.852],[-53.069,-16.851],[-53.074,-16.854],[-53.074,-16.849],[-53.082,-16.846],[-53.106,-16.844],[-53.118,-16.827],[-53.117,-16.824],[-53.121,-16.822],[-53.125,-16.826],[-53.124,-16.832],[-53.13,-16.83],[-53.133,-16.834],[-53.141,-16.832],[-53.144,-16.824],[-53.147,-16.829],[-53.154,-16.824],[-53.159,-16.829],[-53.166,-16.828],[-53.165,-16.819],[-53.173,-16.814],[-53.195,-16.815],[-53.2,-16.818],[-53.206,-16.811],[-53.211,-16.811],[-53.225,-16.818],[-53.225,-16.812],[-53.229,-16.814],[-53.228,-16.809],[-53.237,-16.81],[-53.24,-16.806],[-53.253,-16.81],[-53.258,-16.807],[-53.263,-16.812],[-53.278,-16.817],[-53.291,-16.815],[-53.298,-16.82],[-53.304,-16.818],[-53.36,-16.851],[-53.198,-16.642],[-53.186,-16.635],[-53.177,-16.604],[-53.15,-16.594],[-53.147,-16.585],[-53.156,-16.574],[-53.154,-16.57],[-53.165,-16.536],[-53.083,-16.623],[-53.089,-16.641],[-53.081,-16.647],[-53.08,-16.66],[-53.09,-16.667],[-53.078,-16.674]]]}},{"type":"Feature","properties":{"id":"5101258","nome":"Araputanga"},"geometry":{"type":"Polygon","coordinates":[[[-58.524,-15.088],[-58.519,-15.098],[-58.511,-15.109],[-58.48,-15.102],[-58.478,-15.107],[-58.47,-15.107],[-58.468,-15.113],[-58.467,-15.109],[-58.46,-15.108],[-58.458,-15.112],[-58.454,-15.109],[-58.442,-15.117],[-58.437,-15.116],[-58.435,-15.12],[-58.43,-15.12],[-58.425,-15.125],[-58.404,-15.119],[-58.396,-15.127],[-58.389,-15.126],[-58.38,-15.126],[-58.365,-15.134],[-58.362,-15.141],[-58.344,-15.136],[-58.331,-15.141],[-58.333,-15.15],[-58.321,-15.155],[-58.317,-15.176],[-58.32,-15.18],[-58.313,-15.183],[-58.312,-15.19],[-58.308,-15.205],[-58.291,-15.215],[-58.291,-15.224],[-58.283,-15.224],[-58.277,-15.242],[-58.282,-15.248],[-58.27,-15.258],[-58.273,-15.265],[-58.271,-15.27],[-58.276,-15.279],[-58.274,-15.29],[-58.259,-15.293],[-58.25,-15.309],[-58.25,-15.315],[-58.242,-15.319],[-58.241,-15.333],[-58.234,-15.34],[-58.226,-15.342],[-58.22,-15.352],[-58.276,-15.497],[-58.286,-15.525],[-58.299,-15.525],[-58.344,-15.522],[-58.345,-15.522],[-58.447,-15.517],[-58.483,-15.516],[-58.484,-15.504],[-58.473,-15.497],[-58.465,-15.462],[-58.475,-15.464],[-58.49,-15.406],[-58.489,-15.397],[-58.484,-15.393],[-58.489,-15.352],[-58.538,-15.356],[-58.535,-15.307],[-58.537,-15.283],[-58.541,-15.267],[-58.557,-15.244],[-58.564,-15.224],[-58.58,-15.21],[-58.584,-15.218],[-58.597,-15.199],[-58.599,-15.186],[-58.609,-15.185],[-58.618,-15.183],[-58.622,-15.177],[-58.665,-15.166],[-58.686,-15.152],[-58.693,-15.142],[-58.709,-15.149],[-58.714,-15.156],[-58.726,-15.154],[-58.728,-15.146],[-58.732,-15.145],[-58.729,-15.134],[-58.733,-15.108],[-58.739,-15.102],[-58.741,-15.099],[-58.733,-15.091],[-58.741,-15.093],[-58.743,-15.078],[-58.746,-15.075],[-58.741,-15.075],[-58.741,-15.071],[-58.748,-15.07],[-58.745,-15.062],[-58.748,-15.059],[-58.752,-15.043],[-58.738,-15.037],[-58.736,-15.031],[-58.728,-15.03],[-58.723,-15.025],[-58.722,-15.021],[-58.728,-15.017],[-58.721,-15.004],[-58.507,-15.005],[-58.504,-15.024],[-58.507,-15.031],[-58.527,-15.048],[-58.526,-15.07],[-58.522,-15.08],[-58.524,-15.088]]]}},{"type":"Feature","properties":{"id":"5101308","nome":"Aren\u00e1polis"},"geometry":{"type":"Polygon","coordinates":[[[-56.871,-14.36],[-56.869,-14.366],[-56.853,-14.377],[-56.847,-14.391],[-56.851,-14.41],[-56.824,-14.431],[-56.82,-14.442],[-56.815,-14.444],[-56.812,-14.454],[-56.807,-14.454],[-56.808,-14.461],[-56.802,-14.468],[-56.802,-14.481],[-56.808,-14.487],[-56.802,-14.491],[-56.803,-14.498],[-56.798,-14.503],[-56.791,-14.529],[-56.769,-14.55],[-56.755,-14.558],[-56.765,-14.573],[-56.752,-14.574],[-56.74,-14.591],[-56.744,-14.59],[-56.747,-14.596],[-56.733,-14.604],[-56.732,-14.61],[-56.718,-14.615],[-56.73,-14.629],[-56.73,-14.638],[-56.726,-14.647],[-56.906,-14.59],[-56.92,-14.574],[-56.92,-14.567],[-56.92,-14.559],[-56.911,-14.544],[-56.935,-14.517],[-56.945,-14.517],[-56.949,-14.504],[-56.927,-14.493],[-56.93,-14.478],[-56.931,-14.474],[-56.948,-14.476],[-56.953,-14.472],[-56.958,-14.467],[-56.961,-14.453],[-56.971,-14.441],[-56.977,-14.442],[-56.977,-14.436],[-56.983,-14.422],[-56.979,-14.418],[-56.965,-14.408],[-56.935,-14.396],[-56.93,-14.389],[-56.922,-14.39],[-56.907,-14.37],[-56.898,-14.367],[-56.886,-14.36],[-56.883,-14.363],[-56.871,-14.36]]]}},{"type":"Feature","properties":{"id":"5101407","nome":"Aripuan\u00e3"},"geometry":{"type":"Polygon","coordinates":[[[-60.669,-9.287],[-60.655,-9.297],[-60.642,-9.293],[-60.488,-9.316],[-60.286,-9.32],[-60.286,-9.35],[-60.269,-9.35],[-60.267,-9.345],[-60.277,-9.335],[-60.273,-9.331],[-60.267,-9.335],[-60.269,-9.32],[-60.26,-9.322],[-60.259,-9.339],[-60.231,-9.355],[-60.22,-9.356],[-60.222,-9.359],[-60.212,-9.364],[-60.209,-9.362],[-60.199,-9.377],[-60.188,-9.383],[-60.186,-9.389],[-60.167,-9.4],[-60.152,-9.397],[-60.15,-9.402],[-60.139,-9.406],[-60.135,-9.407],[-60.132,-9.403],[-60.129,-9.408],[-60.116,-9.407],[-60.102,-9.418],[-60.097,-9.414],[-60.092,-9.415],[-60.094,-9.418],[-60.09,-9.417],[-60.084,-9.421],[-60.079,-9.419],[-60.065,-9.424],[-60.059,-9.415],[-60.043,-9.404],[-60.043,-9.397],[-60.033,-9.397],[-60.033,-9.387],[-60.022,-9.386],[-60.021,-9.382],[-60.011,-9.38],[-60.003,-9.382],[-59.992,-9.41],[-59.987,-9.415],[-59.967,-9.413],[-59.962,-9.406],[-59.949,-9.413],[-59.94,-9.41],[-59.932,-9.414],[-59.915,-9.412],[-59.911,-9.424],[-59.89,-9.452],[-59.875,-9.459],[-59.871,-9.457],[-59.869,-9.449],[-59.86,-9.448],[-59.853,-9.45],[-59.854,-9.461],[-59.845,-9.464],[-59.835,-9.477],[-59.824,-9.48],[-59.819,-9.476],[-59.811,-9.476],[-59.805,-9.482],[-59.769,-9.482],[-59.765,-9.52],[-59.774,-9.536],[-59.775,-9.546],[-59.772,-9.552],[-59.787,-9.57],[-59.804,-9.576],[-59.811,-9.595],[-59.831,-9.602],[-59.836,-9.618],[-59.826,-9.673],[-59.826,-9.674],[-59.812,-9.75],[-59.806,-9.753],[-59.801,-9.749],[-59.788,-9.765],[-59.775,-9.771],[-59.77,-9.781],[-59.756,-9.786],[-59.739,-9.8],[-59.731,-9.798],[-59.724,-9.784],[-59.716,-9.78],[-59.694,-9.801],[-59.676,-9.809],[-59.668,-9.808],[-59.657,-9.816],[-59.654,-9.821],[-59.657,-9.826],[-59.656,-9.835],[-59.645,-9.839],[-59.639,-9.849],[-59.639,-9.861],[-59.592,-9.878],[-59.586,-9.871],[-59.575,-9.88],[-59.568,-9.881],[-59.566,-9.875],[-59.57,-9.856],[-59.566,-9.854],[-59.561,-9.86],[-59.557,-9.859],[-59.554,-9.846],[-59.569,-9.85],[-59.57,-9.84],[-59.551,-9.837],[-59.55,-9.827],[-59.534,-9.808],[-59.531,-9.806],[-59.531,-9.819],[-59.526,-9.826],[-59.518,-9.812],[-59.511,-9.815],[-59.506,-9.811],[-59.501,-9.815],[-59.502,-9.82],[-59.497,-9.819],[-59.494,-9.812],[-59.475,-9.8],[-59.475,-9.795],[-59.48,-9.795],[-59.48,-9.786],[-59.465,-9.788],[-59.457,-9.785],[-59.455,-9.789],[-59.451,-9.788],[-59.448,-9.785],[-59.449,-9.771],[-59.444,-9.77],[-59.437,-9.781],[-59.426,-9.779],[-59.426,-9.775],[-59.435,-9.77],[-59.423,-9.758],[-59.418,-9.758],[-59.42,-9.763],[-59.426,-9.765],[-59.425,-9.774],[-59.422,-9.773],[-59.411,-9.773],[-59.397,-9.779],[-59.395,-9.774],[-59.391,-9.777],[-59.372,-9.771],[-59.346,-9.799],[-59.336,-9.798],[-59.327,-9.791],[-59.293,-9.788],[-59.286,-9.78],[-59.281,-9.783],[-59.262,-9.782],[-59.261,-9.775],[-59.257,-9.775],[-59.242,-9.778],[-59.241,-9.782],[-59.233,-9.782],[-59.226,-9.789],[-59.221,-9.783],[-59.193,-9.789],[-59.194,-9.792],[-59.198,-9.832],[-59.196,-9.901],[-59.183,-9.967],[-59.173,-9.991],[-59.168,-9.994],[-59.167,-10.0],[-59.163,-10.0],[-59.163,-9.992],[-59.156,-9.987],[-59.148,-9.992],[-59.148,-9.999],[-59.133,-10.0],[-59.13,-9.992],[-59.116,-10.005],[-59.111,-9.997],[-59.108,-10.0],[-59.105,-9.994],[-59.095,-9.995],[-59.103,-9.98],[-59.099,-9.974],[-59.09,-9.978],[-59.087,-9.984],[-59.072,-9.988],[-59.057,-9.985],[-59.047,-9.99],[-59.04,-9.986],[-59.035,-9.991],[-59.031,-9.988],[-59.031,-9.993],[-59.028,-9.993],[-59.026,-9.983],[-59.02,-9.985],[-59.017,-9.992],[-59.001,-9.999],[-58.996,-9.995],[-58.991,-9.996],[-58.988,-10.002],[-58.98,-9.997],[-58.976,-10.0],[-58.968,-9.992],[-58.97,-10.005],[-58.957,-9.996],[-58.954,-10.002],[-58.956,-10.014],[-58.95,-10.022],[-58.931,-10.016],[-58.922,-10.023],[-58.92,-10.033],[-58.912,-10.034],[-58.91,-10.038],[-58.902,-10.03],[-58.893,-10.03],[-58.884,-10.045],[-58.872,-10.054],[-58.869,-10.062],[-58.865,-10.066],[-58.859,-10.064],[-58.856,-10.07],[-58.851,-10.064],[-58.846,-10.072],[-58.843,-10.073],[-58.842,-10.069],[-58.834,-10.066],[-58.835,-10.071],[-58.818,-10.08],[-58.817,-10.086],[-58.821,-10.087],[-58.823,-10.095],[-58.821,-10.104],[-58.828,-10.111],[-58.837,-10.111],[-58.839,-10.12],[-58.842,-10.13],[-58.84,-10.136],[-58.844,-10.137],[-58.848,-10.143],[-58.839,-10.149],[-58.841,-10.155],[-58.829,-10.155],[-58.828,-10.162],[-58.839,-10.168],[-58.843,-10.188],[-58.839,-10.198],[-58.831,-10.199],[-58.827,-10.204],[-58.825,-10.235],[-58.819,-10.243],[-58.818,-10.253],[-58.81,-10.265],[-58.801,-10.27],[-58.795,-10.281],[-58.805,-10.287],[-58.81,-10.299],[-58.814,-10.299],[-58.818,-10.309],[-58.832,-10.324],[-58.838,-10.333],[-58.836,-10.343],[-58.844,-10.361],[-58.858,-10.376],[-58.868,-10.379],[-58.88,-10.39],[-58.881,-10.399],[-58.875,-10.402],[-58.878,-10.418],[-58.868,-10.43],[-58.878,-10.451],[-58.847,-10.462],[-58.818,-10.49],[-58.787,-10.511],[-58.77,-10.535],[-58.745,-10.586],[-58.737,-10.611],[-58.707,-10.644],[-58.684,-10.663],[-58.693,-10.667],[-58.722,-10.665],[-58.737,-10.692],[-58.746,-10.691],[-58.749,-10.688],[-58.76,-10.693],[-58.77,-10.692],[-58.78,-10.703],[-58.781,-10.709],[-58.792,-10.699],[-58.798,-10.709],[-58.827,-10.711],[-58.838,-10.705],[-58.855,-10.712],[-58.869,-10.712],[-58.87,-10.683],[-58.878,-10.698],[-58.891,-10.709],[-58.902,-10.734],[-58.911,-10.738],[-58.921,-10.736],[-58.94,-10.727],[-58.945,-10.747],[-58.951,-10.754],[-58.966,-10.761],[-58.974,-10.761],[-58.976,-10.765],[-58.989,-10.769],[-58.989,-10.781],[-58.996,-10.783],[-59.01,-10.781],[-59.035,-10.772],[-59.048,-10.771],[-59.056,-10.773],[-59.064,-10.781],[-59.071,-10.782],[-59.073,-10.789],[-59.075,-10.787],[-59.075,-10.793],[-59.083,-10.799],[-59.103,-10.801],[-59.109,-10.808],[-59.119,-10.812],[-59.122,-10.808],[-59.136,-10.81],[-59.148,-10.804],[-59.151,-10.807],[-59.158,-10.806],[-59.154,-10.803],[-59.162,-10.809],[-59.165,-10.802],[-59.194,-10.794],[-59.198,-10.788],[-59.209,-10.793],[-59.214,-10.79],[-59.217,-10.79],[-59.22,-10.796],[-59.228,-10.799],[-59.229,-10.797],[-59.251,-10.813],[-59.257,-10.81],[-59.267,-10.809],[-59.271,-10.813],[-59.295,-10.815],[-59.304,-10.811],[-59.307,-10.815],[-59.325,-10.813],[-59.322,-10.798],[-59.325,-10.796],[-59.327,-10.802],[-59.33,-10.799],[-59.335,-10.805],[-59.338,-10.8],[-59.348,-10.801],[-59.347,-10.794],[-59.363,-10.8],[-59.365,-10.793],[-59.359,-10.79],[-59.372,-10.789],[-59.372,-10.784],[-59.38,-10.781],[-59.383,-10.776],[-59.379,-10.771],[-59.383,-10.771],[-59.391,-10.757],[-59.396,-10.756],[-59.395,-10.75],[-59.389,-10.748],[-59.391,-10.74],[-59.404,-10.743],[-59.416,-10.741],[-59.42,-10.749],[-59.427,-10.741],[-59.441,-10.738],[-59.455,-10.719],[-59.463,-10.716],[-59.481,-10.726],[-59.489,-10.742],[-59.494,-10.744],[-59.516,-10.737],[-59.518,-10.734],[-59.513,-10.728],[-59.541,-10.727],[-59.543,-10.732],[-59.549,-10.731],[-59.56,-10.738],[-59.588,-10.731],[-59.597,-10.737],[-59.612,-10.734],[-59.624,-10.741],[-59.638,-10.737],[-59.644,-10.741],[-59.649,-10.738],[-59.658,-10.742],[-59.659,-10.749],[-59.666,-10.752],[-59.667,-10.749],[-59.671,-10.75],[-59.666,-10.765],[-59.671,-10.771],[-59.669,-10.778],[-59.677,-10.786],[-59.686,-10.787],[-59.693,-10.794],[-59.693,-10.8],[-59.701,-10.8],[-59.7,-10.796],[-59.712,-10.802],[-59.714,-10.796],[-59.721,-10.803],[-59.729,-10.8],[-59.732,-10.803],[-59.737,-10.801],[-59.763,-10.804],[-59.767,-10.813],[-59.786,-10.816],[-59.786,-10.82],[-59.805,-10.818],[-59.81,-10.825],[-59.824,-10.821],[-59.831,-10.825],[-59.832,-10.832],[-59.844,-10.836],[-59.852,-10.851],[-59.862,-10.851],[-59.873,-10.851],[-59.883,-10.857],[-59.898,-10.849],[-59.909,-10.849],[-59.914,-10.843],[-59.934,-10.844],[-59.933,-10.839],[-59.939,-10.84],[-59.952,-10.828],[-59.958,-10.829],[-59.965,-10.822],[-59.971,-10.822],[-59.978,-10.826],[-59.977,-10.836],[-59.996,-10.834],[-60.0,-10.843],[-60.026,-10.848],[-60.034,-10.861],[-60.043,-10.865],[-60.048,-10.864],[-60.054,-10.869],[-60.092,-10.88],[-60.135,-10.881],[-60.146,-10.896],[-60.16,-10.902],[-60.167,-10.897],[-60.24,-10.92],[-60.248,-10.915],[-60.255,-10.92],[-60.278,-10.915],[-60.292,-10.917],[-60.297,-10.912],[-60.306,-10.916],[-60.32,-10.909],[-60.327,-10.913],[-60.339,-10.9],[-60.36,-10.896],[-60.362,-10.875],[-60.369,-10.873],[-60.376,-10.864],[-60.391,-10.862],[-60.4,-10.852],[-60.404,-10.853],[-60.418,-10.829],[-60.43,-10.819],[-60.429,-10.814],[-60.427,-10.805],[-60.421,-10.798],[-60.419,-10.782],[-60.41,-10.777],[-60.401,-10.765],[-60.396,-10.763],[-60.397,-10.756],[-60.42,-10.745],[-60.426,-10.74],[-60.427,-10.732],[-60.438,-10.717],[-60.447,-10.713],[-60.477,-10.718],[-60.483,-10.715],[-60.488,-10.694],[-60.505,-10.689],[-60.515,-10.68],[-60.524,-10.667],[-60.518,-10.639],[-60.522,-10.631],[-60.53,-10.624],[-60.538,-10.591],[-60.531,-10.588],[-60.531,-10.576],[-60.52,-10.566],[-60.519,-10.559],[-60.527,-10.547],[-60.528,-10.526],[-60.536,-10.49],[-60.526,-10.484],[-60.524,-10.473],[-60.559,-10.432],[-60.569,-10.428],[-60.575,-10.421],[-60.585,-10.42],[-60.599,-10.41],[-60.599,-10.396],[-60.606,-10.369],[-60.602,-10.33],[-60.626,-10.314],[-60.636,-10.295],[-60.636,-10.272],[-60.626,-10.263],[-60.638,-10.237],[-60.627,-10.2],[-60.633,-10.188],[-60.629,-10.18],[-60.631,-10.174],[-60.646,-10.153],[-60.646,-10.134],[-60.616,-10.105],[-60.613,-10.096],[-60.614,-10.085],[-60.611,-10.074],[-60.619,-10.067],[-60.63,-10.048],[-60.639,-10.041],[-60.638,-10.036],[-60.617,-10.035],[-60.607,-10.02],[-60.611,-10.005],[-60.638,-9.984],[-60.639,-9.979],[-60.632,-9.972],[-60.63,-9.958],[-60.644,-9.956],[-60.671,-9.963],[-60.689,-9.964],[-60.695,-9.948],[-60.691,-9.934],[-60.676,-9.908],[-60.664,-9.9],[-60.658,-9.889],[-60.671,-9.858],[-60.674,-9.84],[-60.694,-9.833],[-60.702,-9.827],[-60.705,-9.819],[-60.69,-9.813],[-60.673,-9.793],[-60.671,-9.784],[-60.678,-9.759],[-60.687,-9.75],[-60.68,-9.734],[-60.663,-9.722],[-60.659,-9.714],[-60.66,-9.704],[-60.656,-9.698],[-60.639,-9.669],[-60.636,-9.654],[-60.639,-9.646],[-60.635,-9.638],[-60.645,-9.636],[-60.659,-9.631],[-60.66,-9.61],[-60.655,-9.6],[-60.618,-9.571],[-60.612,-9.561],[-60.607,-9.558],[-60.599,-9.562],[-60.594,-9.559],[-60.59,-9.552],[-60.593,-9.529],[-60.584,-9.522],[-60.583,-9.513],[-60.587,-9.502],[-60.586,-9.477],[-60.599,-9.459],[-60.603,-9.431],[-60.615,-9.418],[-60.622,-9.393],[-60.619,-9.384],[-60.624,-9.36],[-60.649,-9.335],[-60.662,-9.331],[-60.677,-9.313],[-60.682,-9.306],[-60.683,-9.291],[-60.687,-9.289],[-60.669,-9.287]]]}},{"type":"Feature","properties":{"id":"5101605","nome":"Bar\u00e3o de Melga\u00e7o"},"geometry":{"type":"Polygon","coordinates":[[[-55.914,-16.168],[-55.815,-16.314],[-55.814,-16.315],[-55.813,-16.311],[-55.803,-16.306],[-55.802,-16.299],[-55.791,-16.298],[-55.785,-16.294],[-55.785,-16.288],[-55.781,-16.287],[-55.774,-16.293],[-55.775,-16.298],[-55.772,-16.298],[-55.767,-16.304],[-55.748,-16.299],[-55.739,-16.304],[-55.727,-16.298],[-55.709,-16.301],[-55.699,-16.293],[-55.692,-16.299],[-55.686,-16.3],[-55.677,-16.296],[-55.663,-16.3],[-55.652,-16.314],[-55.651,-16.32],[-55.644,-16.321],[-55.642,-16.328],[-55.633,-16.325],[-55.63,-16.33],[-55.627,-16.329],[-55.627,-16.336],[-55.616,-16.338],[-55.613,-16.345],[-55.602,-16.349],[-55.596,-16.357],[-55.59,-16.351],[-55.586,-16.354],[-55.578,-16.348],[-55.567,-16.35],[-55.567,-16.355],[-55.56,-16.357],[-55.552,-16.365],[-55.55,-16.361],[-55.52,-16.374],[-55.505,-16.374],[-55.494,-16.39],[-55.514,-16.58],[-55.534,-16.76],[-55.534,-16.761],[-55.561,-16.991],[-55.602,-17.365],[-55.602,-17.367],[-55.613,-17.359],[-55.613,-17.368],[-55.626,-17.364],[-55.635,-17.353],[-55.637,-17.342],[-55.643,-17.339],[-55.645,-17.341],[-55.638,-17.349],[-55.64,-17.356],[-55.646,-17.359],[-55.656,-17.346],[-55.656,-17.338],[-55.668,-17.35],[-55.672,-17.349],[-55.675,-17.34],[-55.68,-17.339],[-55.682,-17.349],[-55.686,-17.35],[-55.689,-17.34],[-55.693,-17.339],[-55.701,-17.354],[-55.709,-17.337],[-55.722,-17.349],[-55.729,-17.339],[-55.74,-17.337],[-55.744,-17.331],[-55.751,-17.33],[-55.761,-17.323],[-55.768,-17.325],[-55.772,-17.332],[-55.78,-17.321],[-55.784,-17.324],[-55.784,-17.33],[-55.805,-17.309],[-55.802,-17.301],[-55.806,-17.298],[-55.82,-17.297],[-55.828,-17.306],[-55.831,-17.301],[-55.826,-17.288],[-55.835,-17.291],[-55.838,-17.3],[-55.841,-17.301],[-55.85,-17.29],[-55.851,-17.279],[-55.858,-17.283],[-55.874,-17.268],[-55.879,-17.273],[-55.875,-17.28],[-55.886,-17.284],[-55.891,-17.28],[-55.89,-17.272],[-55.899,-17.277],[-55.899,-17.27],[-55.886,-17.266],[-55.886,-17.263],[-55.916,-17.265],[-55.926,-17.257],[-55.931,-17.264],[-55.931,-17.273],[-55.938,-17.278],[-55.946,-17.272],[-55.955,-17.256],[-55.951,-17.25],[-55.96,-17.25],[-55.968,-17.254],[-55.973,-17.253],[-55.98,-17.246],[-55.986,-17.258],[-55.992,-17.254],[-55.987,-17.243],[-55.99,-17.24],[-55.995,-17.24],[-56.0,-17.246],[-56.003,-17.244],[-56.003,-17.233],[-56.01,-17.239],[-56.012,-17.236],[-56.012,-17.222],[-56.008,-17.214],[-56.013,-17.214],[-56.017,-17.218],[-56.02,-17.216],[-56.018,-17.209],[-56.005,-17.204],[-56.016,-17.19],[-56.032,-17.185],[-56.045,-17.171],[-56.049,-17.172],[-56.047,-17.184],[-56.05,-17.187],[-56.06,-17.171],[-56.067,-17.174],[-56.071,-17.17],[-56.084,-17.177],[-56.102,-17.174],[-56.113,-17.166],[-56.12,-17.175],[-56.125,-17.174],[-56.133,-17.18],[-56.14,-17.179],[-56.136,-17.189],[-56.139,-17.191],[-56.145,-17.184],[-56.152,-17.185],[-56.163,-17.194],[-56.17,-17.188],[-56.177,-17.196],[-56.185,-17.189],[-56.189,-17.21],[-56.198,-17.206],[-56.205,-17.214],[-56.213,-17.21],[-56.208,-17.227],[-56.222,-17.219],[-56.22,-17.228],[-56.233,-17.227],[-56.237,-17.222],[-56.251,-17.219],[-56.254,-17.222],[-56.252,-17.234],[-56.259,-17.229],[-56.262,-17.231],[-56.256,-17.243],[-56.269,-17.239],[-56.272,-17.243],[-56.268,-17.248],[-56.283,-17.246],[-56.287,-17.249],[-56.28,-17.259],[-56.286,-17.27],[-56.294,-17.271],[-56.297,-17.276],[-56.306,-17.273],[-56.313,-17.269],[-56.323,-17.276],[-56.323,-17.285],[-56.334,-17.282],[-56.335,-17.29],[-56.351,-17.277],[-56.35,-17.274],[-56.343,-17.276],[-56.342,-17.273],[-56.356,-17.267],[-56.362,-17.271],[-56.36,-17.28],[-56.383,-17.288],[-56.388,-17.302],[-56.402,-17.306],[-56.408,-17.316],[-56.412,-17.317],[-56.417,-17.311],[-56.432,-17.318],[-56.444,-17.331],[-56.45,-17.326],[-56.452,-17.31],[-56.463,-17.315],[-56.467,-17.302],[-56.471,-17.303],[-56.473,-17.31],[-56.49,-17.298],[-56.498,-17.298],[-56.501,-17.286],[-56.508,-17.295],[-56.515,-17.292],[-56.506,-17.306],[-56.511,-17.306],[-56.513,-17.312],[-56.522,-17.31],[-56.525,-17.32],[-56.528,-17.32],[-56.532,-17.313],[-56.551,-17.322],[-56.571,-17.315],[-56.579,-17.32],[-56.574,-17.328],[-56.576,-17.331],[-56.584,-17.329],[-56.595,-17.332],[-56.605,-17.328],[-56.611,-17.331],[-56.616,-17.323],[-56.625,-17.322],[-56.628,-17.323],[-56.63,-17.334],[-56.64,-17.327],[-56.647,-17.317],[-56.649,-17.324],[-56.642,-17.33],[-56.645,-17.339],[-56.656,-17.321],[-56.662,-17.326],[-56.655,-17.333],[-56.663,-17.338],[-56.673,-17.333],[-56.673,-17.325],[-56.683,-17.316],[-56.695,-17.327],[-56.691,-17.318],[-56.713,-17.318],[-56.72,-17.307],[-56.72,-17.295],[-56.709,-17.292],[-56.711,-17.283],[-56.705,-17.281],[-56.7,-17.286],[-56.696,-17.283],[-56.714,-17.272],[-56.71,-17.263],[-56.717,-17.264],[-56.721,-17.26],[-56.716,-17.253],[-56.705,-17.259],[-56.701,-17.256],[-56.699,-17.251],[-56.707,-17.245],[-56.702,-17.239],[-56.694,-17.243],[-56.691,-17.236],[-56.686,-17.236],[-56.678,-17.226],[-56.67,-17.23],[-56.667,-17.228],[-56.671,-17.219],[-56.661,-17.219],[-56.665,-17.214],[-56.655,-17.21],[-56.66,-17.207],[-56.654,-17.195],[-56.653,-17.184],[-56.656,-17.172],[-56.646,-17.164],[-56.642,-17.167],[-56.642,-17.158],[-56.648,-17.151],[-56.64,-17.138],[-56.638,-17.132],[-56.641,-17.129],[-56.632,-17.122],[-56.632,-17.103],[-56.626,-17.102],[-56.617,-17.091],[-56.61,-17.092],[-56.601,-17.068],[-56.588,-17.065],[-56.589,-17.058],[-56.58,-17.054],[-56.586,-17.048],[-56.586,-17.028],[-56.582,-17.022],[-56.585,-17.015],[-56.593,-17.009],[-56.6,-17.008],[-56.596,-17.001],[-56.603,-16.996],[-56.608,-16.996],[-56.61,-16.991],[-56.626,-16.989],[-56.631,-16.978],[-56.626,-16.977],[-56.62,-16.967],[-56.624,-16.963],[-56.627,-16.947],[-56.63,-16.947],[-56.623,-16.943],[-56.623,-16.938],[-56.632,-16.936],[-56.634,-16.931],[-56.626,-16.922],[-56.624,-16.913],[-56.617,-16.91],[-56.612,-16.897],[-56.609,-16.901],[-56.605,-16.892],[-56.607,-16.882],[-56.617,-16.871],[-56.602,-16.86],[-56.608,-16.851],[-56.598,-16.836],[-56.587,-16.839],[-56.577,-16.836],[-56.572,-16.821],[-56.567,-16.822],[-56.563,-16.817],[-56.559,-16.818],[-56.564,-16.809],[-56.559,-16.798],[-56.556,-16.805],[-56.547,-16.802],[-56.545,-16.798],[-56.547,-16.795],[-56.542,-16.79],[-56.528,-16.795],[-56.53,-16.787],[-56.515,-16.789],[-56.502,-16.775],[-56.495,-16.775],[-56.506,-16.764],[-56.493,-16.76],[-56.504,-16.745],[-56.495,-16.745],[-56.495,-16.742],[-56.504,-16.741],[-56.501,-16.734],[-56.507,-16.731],[-56.505,-16.721],[-56.498,-16.729],[-56.499,-16.715],[-56.495,-16.708],[-56.492,-16.716],[-56.489,-16.715],[-56.489,-16.705],[-56.485,-16.7],[-56.485,-16.707],[-56.48,-16.704],[-56.476,-16.691],[-56.469,-16.696],[-56.466,-16.694],[-56.465,-16.68],[-56.47,-16.675],[-56.468,-16.671],[-56.478,-16.665],[-56.465,-16.659],[-56.471,-16.651],[-56.462,-16.648],[-56.464,-16.639],[-56.457,-16.637],[-56.451,-16.631],[-56.463,-16.623],[-56.451,-16.623],[-56.457,-16.616],[-56.45,-16.616],[-56.446,-16.609],[-56.454,-16.6],[-56.444,-16.603],[-56.441,-16.599],[-56.448,-16.588],[-56.446,-16.586],[-56.443,-16.593],[-56.438,-16.594],[-56.436,-16.591],[-56.439,-16.58],[-56.437,-16.576],[-56.425,-16.574],[-56.424,-16.571],[-56.407,-16.564],[-56.407,-16.558],[-56.398,-16.559],[-56.403,-16.555],[-56.402,-16.545],[-56.398,-16.548],[-56.392,-16.544],[-56.392,-16.54],[-56.398,-16.54],[-56.397,-16.532],[-56.391,-16.528],[-56.396,-16.521],[-56.388,-16.526],[-56.377,-16.526],[-56.374,-16.514],[-56.372,-16.509],[-56.368,-16.513],[-56.358,-16.511],[-56.358,-16.5],[-56.348,-16.487],[-56.335,-16.5],[-56.333,-16.488],[-56.323,-16.479],[-56.325,-16.477],[-56.32,-16.475],[-56.317,-16.462],[-56.326,-16.457],[-56.323,-16.451],[-56.326,-16.438],[-56.314,-16.443],[-56.315,-16.429],[-56.312,-16.436],[-56.305,-16.438],[-56.303,-16.425],[-56.312,-16.417],[-56.314,-16.407],[-56.303,-16.41],[-56.3,-16.406],[-56.305,-16.399],[-56.299,-16.397],[-56.29,-16.405],[-56.286,-16.398],[-56.282,-16.398],[-56.287,-16.408],[-56.276,-16.402],[-56.272,-16.408],[-56.263,-16.41],[-56.265,-16.394],[-56.256,-16.406],[-56.253,-16.405],[-56.252,-16.397],[-56.244,-16.397],[-56.231,-16.389],[-56.232,-16.396],[-56.225,-16.393],[-56.214,-16.399],[-56.209,-16.393],[-56.211,-16.388],[-56.206,-16.384],[-56.21,-16.385],[-56.212,-16.379],[-56.206,-16.374],[-56.21,-16.369],[-56.207,-16.365],[-56.203,-16.366],[-56.196,-16.352],[-56.191,-16.353],[-56.189,-16.358],[-56.18,-16.359],[-56.183,-16.371],[-56.18,-16.373],[-56.172,-16.367],[-56.177,-16.36],[-56.175,-16.355],[-56.17,-16.352],[-56.156,-16.366],[-56.141,-16.363],[-56.154,-16.341],[-56.144,-16.336],[-56.142,-16.341],[-56.132,-16.343],[-56.136,-16.338],[-56.134,-16.333],[-56.131,-16.338],[-56.121,-16.336],[-56.126,-16.331],[-56.122,-16.327],[-56.12,-16.312],[-56.118,-16.331],[-56.111,-16.33],[-56.107,-16.321],[-56.105,-16.325],[-56.1,-16.325],[-56.1,-16.315],[-56.091,-16.315],[-56.091,-16.323],[-56.086,-16.329],[-56.075,-16.328],[-56.076,-16.324],[-56.08,-16.324],[-56.079,-16.312],[-56.077,-16.309],[-56.07,-16.314],[-56.062,-16.311],[-56.064,-16.302],[-56.07,-16.3],[-56.071,-16.292],[-56.067,-16.289],[-56.063,-16.296],[-56.051,-16.297],[-56.046,-16.29],[-56.049,-16.285],[-56.043,-16.281],[-56.052,-16.277],[-56.051,-16.268],[-56.047,-16.273],[-56.034,-16.27],[-56.027,-16.274],[-56.025,-16.265],[-56.021,-16.266],[-56.017,-16.26],[-56.017,-16.257],[-56.023,-16.253],[-56.012,-16.253],[-56.013,-16.237],[-56.024,-16.232],[-56.023,-16.221],[-56.016,-16.213],[-56.018,-16.226],[-56.012,-16.23],[-56.01,-16.207],[-56.002,-16.204],[-56.004,-16.195],[-55.997,-16.196],[-55.996,-16.197],[-55.984,-16.203],[-55.976,-16.201],[-55.965,-16.191],[-55.964,-16.18],[-55.967,-16.173],[-55.959,-16.172],[-55.954,-16.177],[-55.952,-16.168],[-55.942,-16.163],[-55.936,-16.151],[-55.928,-16.147],[-55.914,-16.168]]]}},{"type":"Feature","properties":{"id":"5101704","nome":"Barra do Bugres"},"geometry":{"type":"Polygon","coordinates":[[[-58.137,-14.718],[-58.126,-14.722],[-58.11,-14.736],[-58.103,-14.737],[-58.1,-14.744],[-58.08,-14.749],[-58.055,-14.746],[-58.049,-14.749],[-58.055,-14.758],[-58.047,-14.758],[-58.045,-14.755],[-58.038,-14.76],[-58.02,-14.758],[-58.008,-14.762],[-57.985,-14.792],[-57.978,-14.793],[-57.973,-14.788],[-57.958,-14.801],[-57.955,-14.8],[-57.958,-14.794],[-57.952,-14.795],[-57.947,-14.8],[-57.949,-14.807],[-57.94,-14.811],[-57.936,-14.81],[-57.92,-14.819],[-57.909,-14.831],[-57.905,-14.831],[-57.902,-14.826],[-57.901,-14.816],[-57.884,-14.816],[-57.878,-14.812],[-57.878,-14.815],[-57.883,-14.818],[-57.883,-14.823],[-57.878,-14.827],[-57.87,-14.825],[-57.866,-14.836],[-57.858,-14.832],[-57.846,-14.837],[-57.849,-14.846],[-57.842,-14.851],[-57.83,-14.85],[-57.828,-14.855],[-57.825,-14.867],[-57.801,-14.861],[-57.775,-14.867],[-57.767,-14.88],[-57.771,-14.893],[-57.75,-14.902],[-57.747,-14.911],[-57.696,-14.915],[-57.645,-14.915],[-57.628,-14.924],[-57.608,-14.926],[-57.6,-14.922],[-57.591,-14.911],[-57.581,-14.907],[-57.556,-14.898],[-57.532,-14.896],[-57.523,-14.889],[-57.512,-14.887],[-57.496,-14.877],[-57.478,-14.88],[-57.463,-14.869],[-57.447,-14.872],[-57.418,-14.867],[-57.419,-14.903],[-57.421,-14.908],[-57.426,-14.909],[-57.429,-14.922],[-57.403,-14.923],[-57.381,-14.928],[-57.348,-14.949],[-57.331,-14.956],[-57.311,-14.956],[-57.279,-14.949],[-57.247,-14.956],[-57.246,-14.948],[-57.253,-14.944],[-57.253,-14.916],[-57.258,-14.917],[-57.256,-14.91],[-57.26,-14.901],[-57.265,-14.903],[-57.269,-14.897],[-57.271,-14.899],[-57.273,-14.894],[-57.268,-14.895],[-57.268,-14.887],[-57.262,-14.886],[-57.247,-14.864],[-57.235,-14.859],[-57.232,-14.819],[-57.229,-14.816],[-57.191,-14.794],[-57.181,-14.802],[-57.145,-14.801],[-57.136,-14.81],[-57.131,-14.815],[-57.133,-14.817],[-57.127,-14.821],[-57.127,-14.833],[-57.133,-14.849],[-57.117,-14.851],[-57.087,-14.836],[-57.086,-14.859],[-57.08,-14.875],[-57.083,-14.893],[-57.078,-14.918],[-57.053,-14.911],[-57.047,-14.915],[-57.041,-14.911],[-57.041,-14.906],[-57.035,-14.911],[-57.03,-14.907],[-57.024,-14.911],[-57.022,-14.91],[-57.024,-14.905],[-57.015,-14.906],[-57.014,-14.899],[-57.001,-14.891],[-56.925,-14.936],[-56.93,-14.958],[-56.94,-14.962],[-56.943,-14.967],[-56.957,-14.966],[-56.958,-14.994],[-56.962,-14.998],[-56.973,-14.996],[-56.974,-14.999],[-56.978,-14.996],[-56.985,-14.997],[-56.983,-15.004],[-56.986,-15.015],[-56.983,-15.017],[-56.976,-15.013],[-56.975,-15.018],[-56.96,-15.024],[-56.957,-15.03],[-56.947,-15.023],[-56.936,-15.024],[-56.923,-15.009],[-56.915,-15.015],[-56.906,-15.013],[-56.906,-15.016],[-56.887,-15.012],[-56.888,-15.005],[-56.891,-15.005],[-56.878,-14.998],[-56.875,-15.004],[-56.873,-15.001],[-56.87,-15.007],[-56.863,-15.009],[-56.857,-15.015],[-56.859,-15.023],[-56.855,-15.028],[-56.855,-15.042],[-56.834,-15.07],[-56.836,-15.075],[-56.828,-15.081],[-56.828,-15.09],[-56.819,-15.089],[-56.805,-15.107],[-56.814,-15.112],[-56.813,-15.124],[-56.821,-15.139],[-56.817,-15.145],[-56.813,-15.16],[-56.833,-15.176],[-56.833,-15.18],[-56.826,-15.182],[-56.828,-15.186],[-56.848,-15.204],[-56.898,-15.265],[-56.982,-15.38],[-56.989,-15.376],[-56.978,-15.346],[-56.984,-15.348],[-56.992,-15.342],[-56.999,-15.342],[-57.0,-15.336],[-57.003,-15.338],[-57.005,-15.336],[-57.0,-15.326],[-56.993,-15.329],[-56.988,-15.324],[-56.985,-15.312],[-56.988,-15.308],[-56.98,-15.308],[-56.978,-15.303],[-56.97,-15.306],[-56.969,-15.298],[-56.964,-15.297],[-56.965,-15.288],[-56.979,-15.288],[-56.974,-15.277],[-56.981,-15.27],[-56.973,-15.259],[-56.983,-15.251],[-56.978,-15.252],[-56.966,-15.237],[-56.971,-15.227],[-56.977,-15.229],[-56.988,-15.222],[-56.996,-15.224],[-56.999,-15.222],[-56.998,-15.219],[-57.007,-15.212],[-57.022,-15.215],[-57.026,-15.208],[-57.037,-15.206],[-57.042,-15.202],[-57.051,-15.2],[-57.05,-15.209],[-57.024,-15.229],[-57.046,-15.257],[-57.054,-15.277],[-57.063,-15.268],[-57.086,-15.262],[-57.094,-15.251],[-57.104,-15.254],[-57.123,-15.247],[-57.128,-15.236],[-57.134,-15.233],[-57.156,-15.239],[-57.183,-15.26],[-57.198,-15.258],[-57.208,-15.262],[-57.211,-15.269],[-57.222,-15.271],[-57.242,-15.265],[-57.248,-15.265],[-57.245,-15.27],[-57.241,-15.268],[-57.24,-15.27],[-57.247,-15.279],[-57.253,-15.276],[-57.25,-15.281],[-57.252,-15.286],[-57.248,-15.285],[-57.25,-15.293],[-57.232,-15.305],[-57.227,-15.318],[-57.235,-15.322],[-57.229,-15.322],[-57.229,-15.325],[-57.24,-15.332],[-57.25,-15.33],[-57.252,-15.339],[-57.257,-15.336],[-57.257,-15.329],[-57.264,-15.328],[-57.267,-15.334],[-57.273,-15.331],[-57.273,-15.339],[-57.28,-15.33],[-57.296,-15.336],[-57.3,-15.349],[-57.297,-15.373],[-57.307,-15.386],[-57.3,-15.391],[-57.296,-15.387],[-57.291,-15.39],[-57.294,-15.403],[-57.322,-15.414],[-57.323,-15.409],[-57.326,-15.414],[-57.324,-15.417],[-57.322,-15.422],[-57.326,-15.422],[-57.32,-15.427],[-57.318,-15.425],[-57.317,-15.438],[-57.31,-15.445],[-57.314,-15.452],[-57.323,-15.453],[-57.318,-15.458],[-57.32,-15.465],[-57.327,-15.469],[-57.331,-15.465],[-57.343,-15.474],[-57.338,-15.478],[-57.356,-15.482],[-57.357,-15.489],[-57.361,-15.486],[-57.368,-15.486],[-57.37,-15.492],[-57.365,-15.494],[-57.363,-15.508],[-57.359,-15.51],[-57.371,-15.515],[-57.369,-15.519],[-57.373,-15.517],[-57.37,-15.524],[-57.376,-15.533],[-57.373,-15.536],[-57.383,-15.533],[-57.377,-15.53],[-57.379,-15.528],[-57.393,-15.534],[-57.399,-15.531],[-57.398,-15.538],[-57.404,-15.531],[-57.414,-15.532],[-57.415,-15.536],[-57.418,-15.533],[-57.419,-15.543],[-57.429,-15.539],[-57.43,-15.534],[-57.435,-15.536],[-57.438,-15.542],[-57.433,-15.548],[-57.438,-15.552],[-57.443,-15.551],[-57.44,-15.559],[-57.442,-15.566],[-57.451,-15.567],[-57.448,-15.572],[-57.44,-15.576],[-57.449,-15.583],[-57.445,-15.587],[-57.437,-15.586],[-57.443,-15.599],[-57.437,-15.601],[-57.437,-15.606],[-57.445,-15.614],[-57.45,-15.612],[-57.456,-15.618],[-57.464,-15.618],[-57.458,-15.625],[-57.46,-15.629],[-57.478,-15.631],[-57.483,-15.634],[-57.483,-15.629],[-57.486,-15.628],[-57.488,-15.634],[-57.492,-15.635],[-57.496,-15.628],[-57.495,-15.621],[-57.492,-15.621],[-57.496,-15.616],[-57.492,-15.611],[-57.491,-15.598],[-57.484,-15.584],[-57.485,-15.57],[-57.494,-15.554],[-57.508,-15.51],[-57.507,-15.495],[-57.512,-15.48],[-57.524,-15.454],[-57.553,-15.431],[-57.572,-15.404],[-57.577,-15.383],[-57.603,-15.326],[-57.598,-15.302],[-57.599,-15.293],[-57.626,-15.172],[-57.637,-15.161],[-57.638,-15.155],[-57.643,-15.16],[-57.668,-15.147],[-57.676,-15.145],[-57.679,-15.15],[-57.685,-15.145],[-57.677,-15.134],[-57.667,-15.129],[-57.67,-15.122],[-57.667,-15.116],[-57.676,-15.105],[-57.678,-15.097],[-57.689,-15.08],[-57.693,-15.064],[-57.692,-15.055],[-57.698,-15.041],[-57.698,-15.029],[-57.713,-15.024],[-57.722,-15.01],[-57.729,-15.003],[-57.735,-15.003],[-57.866,-15.004],[-57.967,-15.004],[-58.015,-15.004],[-58.018,-14.992],[-58.031,-14.98],[-58.037,-14.969],[-58.048,-14.97],[-58.058,-14.959],[-58.053,-14.935],[-58.06,-14.924],[-58.071,-14.92],[-58.075,-14.914],[-58.082,-14.914],[-58.127,-14.89],[-58.235,-14.913],[-58.238,-14.89],[-58.245,-14.872],[-58.239,-14.859],[-58.236,-14.836],[-58.221,-14.823],[-58.214,-14.8],[-58.219,-14.784],[-58.229,-14.775],[-58.228,-14.769],[-58.215,-14.759],[-58.21,-14.747],[-58.202,-14.744],[-58.202,-14.735],[-58.194,-14.73],[-58.195,-14.727],[-58.175,-14.718],[-58.172,-14.72],[-58.163,-14.714],[-58.137,-14.718]],[[-58.627,-14.853],[-58.625,-14.866],[-58.628,-14.864],[-58.633,-14.869],[-58.637,-14.868],[-58.636,-14.873],[-58.631,-14.872],[-58.632,-14.875],[-58.642,-14.878],[-58.643,-14.89],[-58.651,-14.893],[-58.65,-14.899],[-58.643,-14.898],[-58.644,-14.902],[-58.652,-14.902],[-58.645,-14.909],[-58.643,-14.918],[-58.647,-14.916],[-58.649,-14.919],[-58.645,-14.922],[-58.652,-14.931],[-58.665,-14.935],[-58.664,-14.943],[-58.669,-14.944],[-58.667,-14.946],[-58.668,-14.952],[-58.673,-14.952],[-58.677,-14.96],[-58.674,-14.96],[-58.675,-14.964],[-58.68,-14.962],[-58.682,-14.965],[-58.684,-14.961],[-58.684,-14.965],[-58.687,-14.966],[-58.684,-14.968],[-58.69,-14.973],[-58.693,-14.97],[-58.697,-14.977],[-58.701,-14.974],[-58.711,-14.976],[-58.712,-14.981],[-58.716,-14.98],[-58.718,-14.991],[-58.72,-14.989],[-58.722,-15.004],[-58.858,-15.004],[-58.852,-14.985],[-58.854,-14.975],[-58.829,-14.926],[-58.832,-14.912],[-58.845,-14.905],[-58.845,-14.899],[-58.827,-14.881],[-58.818,-14.862],[-58.802,-14.861],[-58.781,-14.851],[-58.792,-14.823],[-58.784,-14.799],[-58.793,-14.792],[-58.801,-14.777],[-58.796,-14.768],[-58.782,-14.766],[-58.774,-14.761],[-58.768,-14.752],[-58.767,-14.736],[-58.761,-14.724],[-58.763,-14.703],[-58.768,-14.7],[-58.774,-14.675],[-58.772,-14.666],[-58.76,-14.653],[-58.765,-14.642],[-58.76,-14.631],[-58.769,-14.601],[-58.751,-14.615],[-58.733,-14.648],[-58.721,-14.654],[-58.717,-14.664],[-58.71,-14.668],[-58.695,-14.692],[-58.684,-14.698],[-58.677,-14.71],[-58.676,-14.712],[-58.675,-14.719],[-58.671,-14.719],[-58.674,-14.723],[-58.672,-14.73],[-58.663,-14.735],[-58.659,-14.745],[-58.668,-14.759],[-58.66,-14.763],[-58.643,-14.78],[-58.646,-14.792],[-58.642,-14.8],[-58.627,-14.813],[-58.626,-14.82],[-58.616,-14.826],[-58.618,-14.828],[-58.625,-14.836],[-58.622,-14.838],[-58.623,-14.849],[-58.62,-14.853],[-58.627,-14.853]]]}},{"type":"Feature","properties":{"id":"5101803","nome":"Barra do Gar\u00e7as"},"geometry":{"type":"Polygon","coordinates":[[[-52.014,-14.801],[-52.013,-14.808],[-52.008,-14.807],[-52.011,-14.813],[-52.008,-14.811],[-52.005,-14.821],[-52.011,-14.835],[-52.005,-14.842],[-52.006,-14.856],[-52.015,-14.866],[-52.013,-14.877],[-52.005,-14.891],[-52.003,-14.902],[-52.006,-14.906],[-52.009,-14.918],[-52.005,-14.932],[-52.008,-14.941],[-52.023,-14.952],[-52.022,-14.964],[-52.039,-14.971],[-52.037,-14.975],[-52.048,-14.978],[-52.05,-14.982],[-52.05,-14.986],[-52.041,-14.992],[-52.052,-14.999],[-52.049,-15.005],[-52.052,-15.016],[-52.045,-15.025],[-52.058,-15.035],[-52.051,-15.043],[-52.056,-15.048],[-52.049,-15.057],[-52.055,-15.063],[-52.046,-15.077],[-52.051,-15.079],[-52.047,-15.086],[-52.052,-15.092],[-52.044,-15.109],[-52.04,-15.11],[-52.044,-15.116],[-52.041,-15.12],[-52.045,-15.122],[-52.043,-15.126],[-52.046,-15.13],[-52.042,-15.139],[-52.047,-15.16],[-52.041,-15.169],[-52.047,-15.186],[-52.054,-15.193],[-52.054,-15.204],[-52.06,-15.211],[-52.043,-15.23],[-52.049,-15.239],[-52.045,-15.244],[-52.048,-15.255],[-52.055,-15.264],[-52.045,-15.276],[-52.043,-15.292],[-52.05,-15.296],[-52.046,-15.303],[-52.051,-15.309],[-52.049,-15.32],[-52.057,-15.357],[-52.053,-15.36],[-52.053,-15.394],[-52.049,-15.406],[-52.055,-15.416],[-52.055,-15.442],[-52.058,-15.45],[-52.049,-15.476],[-52.052,-15.493],[-52.057,-15.496],[-52.06,-15.505],[-52.071,-15.501],[-52.071,-15.497],[-52.096,-15.514],[-52.1,-15.513],[-52.103,-15.519],[-52.123,-15.532],[-52.136,-15.534],[-52.148,-15.548],[-52.148,-15.559],[-52.144,-15.563],[-52.151,-15.57],[-52.151,-15.579],[-52.162,-15.586],[-52.176,-15.601],[-52.174,-15.608],[-52.168,-15.608],[-52.164,-15.615],[-52.16,-15.633],[-52.167,-15.65],[-52.167,-15.665],[-52.161,-15.679],[-52.148,-15.694],[-52.149,-15.702],[-52.159,-15.719],[-52.154,-15.739],[-52.157,-15.759],[-52.158,-15.769],[-52.175,-15.788],[-52.18,-15.805],[-52.154,-15.809],[-52.148,-15.8],[-52.136,-15.796],[-52.117,-15.804],[-52.108,-15.809],[-52.092,-15.807],[-52.065,-15.824],[-52.039,-15.831],[-52.031,-15.838],[-52.009,-15.84],[-52.002,-15.849],[-51.995,-15.849],[-51.99,-15.842],[-51.979,-15.836],[-51.972,-15.837],[-51.983,-15.844],[-51.996,-15.873],[-52.011,-15.886],[-52.058,-15.887],[-52.079,-15.88],[-52.091,-15.882],[-52.097,-15.888],[-52.107,-15.882],[-52.128,-15.895],[-52.154,-15.889],[-52.173,-15.888],[-52.191,-15.881],[-52.217,-15.891],[-52.235,-15.889],[-52.252,-15.892],[-52.259,-15.903],[-52.269,-15.898],[-52.282,-15.907],[-52.291,-15.903],[-52.297,-15.91],[-52.306,-15.911],[-52.317,-15.906],[-52.327,-15.899],[-52.342,-15.899],[-52.352,-15.895],[-52.364,-15.904],[-52.367,-15.886],[-52.389,-15.882],[-52.423,-15.88],[-52.433,-15.867],[-52.443,-15.873],[-52.502,-15.863],[-52.509,-15.855],[-52.541,-15.844],[-52.545,-15.83],[-52.565,-15.829],[-52.577,-15.823],[-52.587,-15.812],[-52.595,-15.812],[-52.598,-15.807],[-52.598,-15.803],[-52.607,-15.798],[-52.605,-15.774],[-52.618,-15.769],[-52.628,-15.758],[-52.647,-15.745],[-52.652,-15.738],[-52.649,-15.735],[-52.662,-15.735],[-52.667,-15.727],[-52.69,-15.72],[-52.695,-15.722],[-52.695,-15.728],[-52.701,-15.729],[-52.708,-15.737],[-52.72,-15.741],[-52.726,-15.738],[-52.728,-15.727],[-52.75,-15.721],[-52.754,-15.714],[-52.738,-15.704],[-52.739,-15.699],[-52.742,-15.697],[-52.75,-15.7],[-52.751,-15.688],[-52.758,-15.696],[-52.759,-15.688],[-52.765,-15.686],[-52.759,-15.668],[-52.761,-15.666],[-52.767,-15.671],[-52.766,-15.664],[-52.771,-15.656],[-52.767,-15.648],[-52.772,-15.644],[-52.758,-15.638],[-52.76,-15.636],[-52.758,-15.629],[-52.764,-15.627],[-52.764,-15.616],[-52.753,-15.614],[-52.75,-15.616],[-52.753,-15.605],[-52.739,-15.602],[-52.733,-15.58],[-52.72,-15.575],[-52.721,-15.565],[-52.703,-15.561],[-52.702,-15.552],[-52.704,-15.549],[-52.708,-15.551],[-52.704,-15.542],[-52.707,-15.54],[-52.709,-15.528],[-52.714,-15.525],[-52.713,-15.505],[-52.72,-15.508],[-52.715,-15.5],[-52.722,-15.491],[-52.72,-15.485],[-52.726,-15.482],[-52.725,-15.479],[-52.735,-15.478],[-52.736,-15.474],[-52.75,-15.479],[-52.751,-15.47],[-52.755,-15.47],[-52.76,-15.464],[-52.787,-15.462],[-52.792,-15.454],[-52.798,-15.452],[-52.803,-15.445],[-52.811,-15.452],[-52.83,-15.459],[-52.832,-15.468],[-52.839,-15.463],[-52.842,-15.473],[-52.853,-15.472],[-52.85,-15.48],[-52.851,-15.483],[-52.858,-15.486],[-52.862,-15.483],[-52.865,-15.494],[-52.872,-15.495],[-52.873,-15.501],[-52.877,-15.497],[-52.884,-15.507],[-52.9,-15.511],[-52.906,-15.507],[-52.911,-15.512],[-52.921,-15.511],[-52.925,-15.52],[-52.93,-15.514],[-52.931,-15.517],[-52.953,-15.522],[-52.963,-15.521],[-52.972,-15.518],[-52.976,-15.523],[-52.981,-15.519],[-52.983,-15.524],[-52.99,-15.522],[-52.992,-15.518],[-52.998,-15.519],[-52.999,-15.523],[-53.013,-15.52],[-53.017,-15.539],[-53.034,-15.545],[-53.035,-15.552],[-53.042,-15.552],[-53.043,-15.557],[-53.051,-15.56],[-53.062,-15.559],[-53.067,-15.55],[-53.074,-15.546],[-53.077,-15.547],[-53.079,-15.544],[-53.083,-15.548],[-53.087,-15.549],[-53.091,-15.544],[-53.101,-15.549],[-53.106,-15.545],[-53.11,-15.536],[-53.108,-15.532],[-53.099,-15.529],[-53.156,-15.457],[-53.158,-15.455],[-53.172,-15.434],[-53.203,-15.433],[-53.212,-15.427],[-53.214,-15.424],[-53.213,-15.412],[-53.218,-15.408],[-53.22,-15.4],[-53.234,-15.392],[-53.24,-15.382],[-53.255,-15.375],[-53.255,-15.368],[-53.252,-15.365],[-53.26,-15.359],[-53.262,-15.353],[-53.267,-15.352],[-53.27,-15.339],[-53.295,-15.321],[-53.292,-15.31],[-53.299,-15.311],[-53.302,-15.305],[-53.3,-15.299],[-53.296,-15.294],[-53.286,-15.297],[-53.282,-15.295],[-53.286,-15.293],[-53.288,-15.279],[-53.278,-15.272],[-53.262,-15.241],[-53.254,-15.237],[-53.236,-15.236],[-53.234,-15.227],[-53.223,-15.227],[-53.219,-15.221],[-53.212,-15.222],[-53.206,-15.214],[-53.198,-15.211],[-53.189,-15.22],[-53.181,-15.222],[-53.175,-15.217],[-53.165,-15.217],[-53.162,-15.229],[-53.147,-15.226],[-53.144,-15.234],[-53.136,-15.235],[-53.127,-15.229],[-53.116,-15.229],[-53.108,-15.236],[-53.099,-15.238],[-53.095,-15.243],[-53.081,-15.249],[-53.059,-15.247],[-53.051,-15.246],[-53.046,-15.25],[-53.05,-15.26],[-53.044,-15.271],[-53.039,-15.273],[-53.024,-15.262],[-53.017,-15.26],[-53.01,-15.267],[-52.993,-15.275],[-52.997,-15.281],[-52.994,-15.286],[-52.988,-15.284],[-52.981,-15.269],[-52.976,-15.269],[-52.969,-15.28],[-52.959,-15.272],[-52.94,-15.274],[-52.936,-15.269],[-52.925,-15.248],[-52.911,-15.24],[-52.904,-15.243],[-52.899,-15.24],[-52.901,-15.22],[-52.895,-15.207],[-52.88,-15.197],[-52.874,-15.182],[-52.86,-15.165],[-52.858,-15.155],[-52.845,-15.131],[-52.813,-15.102],[-52.802,-15.093],[-52.797,-15.089],[-52.779,-15.076],[-52.765,-15.056],[-52.762,-15.056],[-52.757,-15.041],[-52.751,-15.04],[-52.739,-15.023],[-52.744,-15.016],[-52.732,-15.004],[-52.726,-14.986],[-52.726,-14.98],[-52.73,-14.974],[-52.728,-14.956],[-52.725,-14.94],[-52.698,-14.918],[-52.691,-14.889],[-52.678,-14.87],[-52.677,-14.862],[-52.663,-14.864],[-52.645,-14.873],[-52.643,-14.878],[-52.636,-14.878],[-52.634,-14.892],[-52.637,-14.9],[-52.635,-14.903],[-52.639,-14.909],[-52.635,-14.922],[-52.611,-14.929],[-52.602,-14.937],[-52.598,-14.951],[-52.605,-14.974],[-52.604,-14.987],[-52.596,-14.998],[-52.592,-15.022],[-52.587,-15.032],[-52.592,-15.047],[-52.573,-15.095],[-52.557,-15.123],[-52.55,-15.155],[-52.54,-15.16],[-52.538,-15.171],[-52.487,-14.893],[-52.475,-14.891],[-52.446,-14.928],[-52.439,-14.926],[-52.426,-14.93],[-52.419,-14.935],[-52.411,-14.936],[-52.407,-14.941],[-52.386,-14.939],[-52.381,-14.943],[-52.367,-14.934],[-52.345,-14.934],[-52.329,-14.924],[-52.315,-14.909],[-52.314,-14.901],[-52.299,-14.892],[-52.285,-14.875],[-52.261,-14.865],[-52.252,-14.851],[-52.252,-14.836],[-52.249,-14.83],[-52.238,-14.822],[-52.205,-14.829],[-52.197,-14.814],[-52.19,-14.813],[-52.181,-14.818],[-52.174,-14.832],[-52.169,-14.836],[-52.158,-14.834],[-52.153,-14.838],[-52.151,-14.844],[-52.144,-14.843],[-52.134,-14.851],[-52.132,-14.846],[-52.123,-14.842],[-52.115,-14.849],[-52.112,-14.849],[-52.103,-14.859],[-52.089,-14.86],[-52.074,-14.844],[-52.068,-14.845],[-52.056,-14.837],[-52.055,-14.828],[-52.048,-14.826],[-52.044,-14.82],[-52.021,-14.812],[-52.02,-14.804],[-52.014,-14.801]]]}},{"type":"Feature","properties":{"id":"5101852","nome":"Bom Jesus do Araguaia"},"geometry":{"type":"Polygon","coordinates":[[[-51.706,-11.964],[-51.678,-11.968],[-51.66,-11.966],[-51.647,-11.973],[-51.634,-11.971],[-51.604,-11.98],[-51.594,-11.992],[-51.594,-12.006],[-51.585,-12.02],[-51.568,-12.02],[-51.557,-12.025],[-51.556,-12.03],[-51.546,-12.038],[-51.541,-12.05],[-51.542,-12.06],[-51.535,-12.068],[-51.506,-12.094],[-51.5,-12.105],[-51.472,-12.135],[-51.448,-12.149],[-51.439,-12.152],[-51.421,-12.179],[-51.415,-12.182],[-51.405,-12.181],[-51.394,-12.188],[-51.387,-12.204],[-51.396,-12.212],[-51.396,-12.232],[-51.401,-12.234],[-51.398,-12.24],[-51.389,-12.238],[-51.371,-12.274],[-51.369,-12.293],[-51.366,-12.31],[-51.361,-12.324],[-51.355,-12.329],[-51.345,-12.33],[-51.338,-12.325],[-51.333,-12.332],[-51.33,-12.328],[-51.317,-12.328],[-51.314,-12.333],[-51.307,-12.337],[-51.305,-12.346],[-51.287,-12.352],[-51.284,-12.347],[-51.273,-12.339],[-51.265,-12.344],[-51.254,-12.341],[-51.244,-12.343],[-51.24,-12.353],[-51.229,-12.361],[-51.222,-12.37],[-51.217,-12.366],[-51.204,-12.373],[-51.194,-12.372],[-51.189,-12.381],[-51.159,-12.395],[-51.163,-12.406],[-51.159,-12.405],[-51.156,-12.408],[-51.153,-12.405],[-51.143,-12.42],[-51.136,-12.417],[-51.135,-12.419],[-51.141,-12.427],[-51.138,-12.429],[-51.127,-12.421],[-51.125,-12.426],[-51.128,-12.432],[-51.132,-12.437],[-51.146,-12.433],[-51.167,-12.432],[-51.177,-12.427],[-51.183,-12.433],[-51.195,-12.433],[-51.202,-12.427],[-51.24,-12.415],[-51.241,-12.415],[-51.245,-12.412],[-51.252,-12.414],[-51.267,-12.401],[-51.28,-12.397],[-51.313,-12.419],[-51.33,-12.423],[-51.363,-12.451],[-51.373,-12.452],[-51.383,-12.461],[-51.402,-12.461],[-51.414,-12.465],[-51.426,-12.464],[-51.424,-12.457],[-51.448,-12.454],[-51.469,-12.452],[-51.548,-12.445],[-51.649,-12.471],[-51.645,-12.478],[-51.648,-12.486],[-51.647,-12.5],[-51.653,-12.509],[-51.663,-12.516],[-51.682,-12.521],[-51.701,-12.535],[-51.747,-12.545],[-51.779,-12.535],[-51.823,-12.547],[-51.867,-12.517],[-51.874,-12.516],[-51.88,-12.52],[-51.883,-12.517],[-51.889,-12.518],[-51.902,-12.502],[-51.904,-12.458],[-51.922,-12.288],[-51.926,-12.285],[-51.924,-12.28],[-51.927,-12.275],[-51.937,-12.275],[-51.939,-12.271],[-51.935,-12.271],[-51.935,-12.268],[-51.939,-12.263],[-51.945,-12.262],[-51.946,-12.258],[-51.94,-12.256],[-51.944,-12.252],[-51.942,-12.246],[-51.944,-12.248],[-51.947,-12.245],[-51.957,-12.249],[-51.985,-12.283],[-51.985,-12.315],[-52.004,-12.31],[-52.022,-12.292],[-52.027,-12.282],[-52.034,-12.274],[-52.044,-12.274],[-52.057,-12.287],[-52.064,-12.291],[-52.067,-12.289],[-52.067,-12.283],[-52.078,-12.277],[-52.082,-12.278],[-52.084,-12.284],[-52.085,-12.281],[-52.091,-12.285],[-52.092,-12.281],[-52.097,-12.28],[-52.102,-12.284],[-52.108,-12.272],[-52.114,-12.273],[-52.116,-12.27],[-52.116,-12.274],[-52.12,-12.275],[-52.12,-12.263],[-52.122,-12.267],[-52.125,-12.262],[-52.133,-12.263],[-52.137,-12.249],[-52.149,-12.25],[-52.151,-12.244],[-52.149,-12.236],[-52.156,-12.232],[-52.161,-12.236],[-52.161,-12.225],[-52.164,-12.227],[-52.164,-12.222],[-52.158,-12.219],[-52.166,-12.214],[-52.167,-12.202],[-52.161,-12.194],[-52.164,-12.194],[-52.164,-12.186],[-52.17,-12.183],[-52.172,-12.187],[-52.174,-12.181],[-52.157,-12.167],[-52.159,-12.16],[-52.164,-12.159],[-52.159,-12.151],[-52.159,-12.143],[-52.155,-12.143],[-52.15,-12.137],[-52.149,-12.139],[-52.145,-12.131],[-52.149,-12.123],[-52.155,-12.121],[-52.146,-12.111],[-52.138,-12.114],[-52.135,-12.111],[-52.139,-12.1],[-52.137,-12.093],[-52.133,-12.092],[-52.13,-12.098],[-52.125,-12.092],[-52.119,-12.093],[-52.118,-12.089],[-52.122,-12.084],[-52.114,-12.078],[-52.121,-12.068],[-52.118,-12.066],[-52.121,-12.065],[-52.117,-12.062],[-52.119,-12.058],[-52.111,-12.056],[-52.115,-12.046],[-52.111,-12.042],[-52.115,-12.039],[-52.108,-12.032],[-52.123,-12.014],[-52.12,-12.012],[-52.129,-12.014],[-52.131,-11.999],[-52.123,-11.999],[-52.132,-11.992],[-52.141,-11.993],[-52.152,-11.977],[-52.149,-11.975],[-52.127,-11.989],[-52.119,-11.987],[-52.1,-12.001],[-52.06,-11.994],[-52.044,-11.981],[-52.031,-11.964],[-51.992,-11.934],[-51.969,-11.908],[-51.937,-11.89],[-51.888,-11.874],[-51.854,-11.859],[-51.839,-11.857],[-51.83,-11.86],[-51.718,-11.946],[-51.706,-11.964]]]}},{"type":"Feature","properties":{"id":"5101902","nome":"Brasnorte"},"geometry":{"type":"Polygon","coordinates":[[[-58.298,-11.02],[-58.293,-11.022],[-58.28,-11.016],[-58.264,-11.025],[-58.261,-11.044],[-58.25,-11.058],[-58.238,-11.066],[-58.241,-11.09],[-58.236,-11.107],[-58.234,-11.143],[-58.236,-11.148],[-58.249,-11.156],[-58.264,-11.179],[-58.261,-11.185],[-58.262,-11.199],[-58.243,-11.203],[-58.223,-11.229],[-58.213,-11.258],[-58.186,-11.271],[-58.184,-11.278],[-58.186,-11.285],[-58.181,-11.298],[-58.172,-11.298],[-58.146,-11.28],[-58.124,-11.283],[-58.116,-11.294],[-58.117,-11.332],[-58.109,-11.344],[-58.122,-11.351],[-58.123,-11.37],[-58.13,-11.38],[-58.132,-11.397],[-58.141,-11.408],[-58.145,-11.422],[-58.145,-11.431],[-58.131,-11.454],[-58.131,-11.459],[-58.13,-11.465],[-58.138,-11.475],[-58.167,-11.497],[-58.169,-11.503],[-58.157,-11.521],[-58.134,-11.522],[-58.128,-11.527],[-58.125,-11.539],[-58.116,-11.55],[-58.115,-11.567],[-58.106,-11.577],[-58.09,-11.58],[-58.067,-11.605],[-58.065,-11.614],[-58.073,-11.629],[-58.07,-11.633],[-58.058,-11.636],[-58.055,-11.644],[-58.059,-11.68],[-58.066,-11.697],[-58.06,-11.706],[-58.05,-11.708],[-58.036,-11.716],[-58.034,-11.722],[-58.042,-11.738],[-58.041,-11.747],[-58.013,-11.786],[-58.003,-11.793],[-57.988,-11.796],[-57.967,-11.812],[-57.957,-11.828],[-57.957,-11.85],[-57.939,-11.873],[-57.919,-11.886],[-57.924,-11.906],[-57.9,-11.919],[-57.9,-11.921],[-57.914,-11.925],[-57.914,-11.929],[-57.89,-11.934],[-57.881,-11.941],[-57.88,-11.949],[-57.888,-11.954],[-57.889,-11.96],[-57.884,-11.985],[-57.878,-11.987],[-57.867,-11.984],[-57.856,-11.989],[-57.855,-11.997],[-57.866,-12.01],[-57.863,-12.021],[-57.869,-12.04],[-57.869,-12.08],[-57.877,-12.09],[-57.877,-12.097],[-57.872,-12.114],[-57.849,-12.114],[-57.835,-12.126],[-57.828,-12.125],[-57.832,-12.133],[-57.831,-12.141],[-57.828,-12.145],[-57.81,-12.139],[-57.803,-12.14],[-57.791,-12.15],[-57.784,-12.167],[-57.775,-12.171],[-57.748,-12.173],[-57.74,-12.181],[-57.738,-12.197],[-57.731,-12.209],[-57.716,-12.22],[-57.705,-12.22],[-57.695,-12.225],[-57.685,-12.222],[-57.68,-12.231],[-57.67,-12.237],[-57.667,-12.245],[-57.658,-12.244],[-57.641,-12.257],[-57.646,-12.276],[-57.653,-12.278],[-57.652,-12.285],[-57.649,-12.288],[-57.643,-12.286],[-57.632,-12.29],[-57.631,-12.299],[-57.626,-12.305],[-57.626,-12.319],[-57.61,-12.323],[-57.62,-12.337],[-57.625,-12.338],[-57.624,-12.34],[-57.611,-12.342],[-57.605,-12.348],[-57.592,-12.351],[-57.58,-12.358],[-57.575,-12.371],[-57.563,-12.379],[-57.55,-12.38],[-57.547,-12.385],[-57.536,-12.384],[-57.53,-12.404],[-57.52,-12.403],[-57.508,-12.41],[-57.496,-12.409],[-57.49,-12.422],[-57.478,-12.423],[-57.471,-12.428],[-57.467,-12.435],[-57.469,-12.442],[-57.465,-12.451],[-57.442,-12.466],[-57.438,-12.477],[-57.432,-12.48],[-57.436,-12.506],[-57.43,-12.514],[-57.431,-12.527],[-57.441,-12.563],[-57.427,-12.614],[-57.414,-12.628],[-57.415,-12.636],[-57.41,-12.645],[-57.412,-12.651],[-57.407,-12.661],[-57.41,-12.67],[-57.41,-12.679],[-57.405,-12.686],[-57.397,-12.688],[-57.403,-12.697],[-57.397,-12.706],[-57.393,-12.712],[-57.404,-12.73],[-57.402,-12.736],[-57.407,-12.742],[-57.408,-12.752],[-57.406,-12.764],[-57.395,-12.785],[-57.38,-12.83],[-57.368,-12.844],[-57.367,-12.851],[-57.357,-12.855],[-57.349,-12.871],[-57.334,-12.877],[-57.325,-12.884],[-57.321,-12.893],[-57.312,-12.896],[-57.304,-12.907],[-57.301,-12.917],[-57.292,-12.919],[-57.293,-12.93],[-57.304,-12.94],[-57.301,-12.958],[-57.305,-12.961],[-57.305,-12.97],[-57.313,-12.984],[-57.305,-12.992],[-57.311,-12.995],[-57.31,-13.011],[-57.317,-13.026],[-57.323,-13.026],[-57.327,-13.031],[-57.327,-13.044],[-57.347,-13.048],[-57.347,-13.052],[-57.352,-13.053],[-57.366,-13.073],[-57.37,-13.069],[-57.372,-13.077],[-57.379,-13.077],[-57.384,-13.087],[-57.394,-13.089],[-57.395,-13.095],[-57.406,-13.096],[-57.408,-13.108],[-57.414,-13.111],[-57.411,-13.116],[-57.419,-13.115],[-57.425,-13.119],[-57.431,-13.117],[-57.452,-13.138],[-57.463,-13.138],[-57.469,-13.143],[-57.472,-13.141],[-57.472,-13.149],[-57.488,-13.154],[-57.496,-13.15],[-57.518,-13.152],[-57.526,-13.156],[-57.555,-13.153],[-57.589,-13.173],[-57.624,-13.163],[-57.64,-13.158],[-57.644,-13.162],[-57.647,-13.158],[-57.654,-13.158],[-57.657,-13.164],[-57.671,-13.162],[-57.674,-13.174],[-57.696,-13.185],[-57.702,-13.197],[-57.721,-13.213],[-57.748,-13.269],[-57.922,-13.209],[-58.062,-13.244],[-58.076,-13.236],[-58.09,-13.235],[-58.111,-13.241],[-58.121,-13.234],[-58.126,-13.237],[-58.132,-13.237],[-58.144,-13.225],[-58.145,-13.227],[-58.148,-13.225],[-58.149,-13.219],[-58.155,-13.212],[-58.156,-13.194],[-58.161,-13.186],[-58.171,-13.181],[-58.176,-13.187],[-58.179,-13.185],[-58.183,-13.162],[-58.179,-13.157],[-58.176,-13.139],[-58.181,-13.098],[-58.178,-13.079],[-58.182,-13.062],[-58.175,-13.057],[-58.172,-13.049],[-58.188,-13.043],[-58.186,-13.026],[-58.194,-13.021],[-58.193,-13.011],[-58.2,-13.004],[-58.206,-12.977],[-58.226,-12.973],[-58.251,-12.961],[-58.274,-12.934],[-58.284,-12.929],[-58.295,-12.928],[-58.295,-12.912],[-58.312,-12.906],[-58.326,-12.886],[-58.336,-12.882],[-58.344,-12.871],[-58.352,-12.849],[-58.352,-12.834],[-58.355,-12.827],[-58.362,-12.821],[-58.383,-12.821],[-58.389,-12.803],[-58.395,-12.798],[-58.397,-12.794],[-58.391,-12.782],[-58.398,-12.772],[-58.394,-12.751],[-58.402,-12.735],[-58.402,-12.711],[-58.407,-12.696],[-58.398,-12.673],[-58.412,-12.66],[-58.41,-12.65],[-58.415,-12.629],[-58.413,-12.622],[-58.429,-12.604],[-58.433,-12.595],[-58.43,-12.585],[-58.432,-12.576],[-58.447,-12.547],[-58.433,-12.524],[-58.423,-12.514],[-58.422,-12.506],[-58.427,-12.5],[-58.437,-12.502],[-58.441,-12.496],[-58.443,-12.484],[-58.455,-12.469],[-58.456,-12.462],[-58.441,-12.439],[-58.44,-12.432],[-58.455,-12.418],[-58.464,-12.398],[-58.472,-12.358],[-58.491,-12.354],[-58.488,-12.346],[-58.494,-12.334],[-58.492,-12.328],[-58.484,-12.318],[-58.482,-12.311],[-58.489,-12.308],[-58.484,-12.301],[-58.498,-12.303],[-58.506,-12.298],[-58.51,-12.28],[-58.524,-12.274],[-58.526,-12.255],[-58.523,-12.249],[-58.513,-12.245],[-58.5,-12.222],[-58.499,-12.208],[-58.492,-12.201],[-58.486,-12.179],[-58.474,-12.168],[-58.474,-12.145],[-58.49,-12.128],[-58.485,-12.11],[-58.489,-12.095],[-58.488,-12.058],[-58.476,-12.042],[-58.485,-12.037],[-58.488,-12.028],[-58.476,-12.02],[-58.467,-12.004],[-58.456,-11.993],[-58.459,-11.955],[-58.453,-11.952],[-58.451,-11.94],[-58.441,-11.923],[-58.428,-11.915],[-58.425,-11.859],[-58.415,-11.833],[-58.408,-11.826],[-58.401,-11.825],[-58.395,-11.817],[-58.395,-11.803],[-58.388,-11.798],[-58.383,-11.776],[-58.387,-11.754],[-58.386,-11.71],[-58.397,-11.662],[-58.406,-11.655],[-58.412,-11.635],[-58.407,-11.62],[-58.38,-11.611],[-58.378,-11.576],[-58.374,-11.563],[-58.375,-11.543],[-58.364,-11.538],[-58.343,-11.521],[-58.327,-11.515],[-58.32,-11.497],[-58.321,-11.481],[-58.319,-11.475],[-58.309,-11.469],[-58.306,-11.453],[-58.309,-11.446],[-58.319,-11.439],[-58.326,-11.428],[-58.33,-11.411],[-58.331,-11.371],[-58.325,-11.348],[-58.327,-11.338],[-58.324,-11.331],[-58.333,-11.318],[-58.322,-11.285],[-58.344,-11.274],[-58.358,-11.278],[-58.364,-11.276],[-58.367,-11.27],[-58.365,-11.258],[-58.368,-11.246],[-58.366,-11.235],[-58.35,-11.222],[-58.353,-11.206],[-58.342,-11.201],[-58.338,-11.195],[-58.328,-11.188],[-58.33,-11.178],[-58.325,-11.166],[-58.341,-11.137],[-58.34,-11.132],[-58.333,-11.128],[-58.337,-11.124],[-58.331,-11.118],[-58.329,-11.109],[-58.345,-11.072],[-58.351,-11.061],[-58.358,-11.058],[-58.367,-11.034],[-58.365,-11.022],[-58.373,-11.001],[-58.381,-10.988],[-58.374,-10.985],[-58.374,-10.976],[-58.365,-10.971],[-58.362,-10.961],[-58.342,-10.949],[-58.33,-10.963],[-58.319,-10.969],[-58.32,-10.984],[-58.298,-11.02]]]}},{"type":"Feature","properties":{"id":"5102504","nome":"C\u00e1ceres"},"geometry":{"type":"Polygon","coordinates":[[[-57.496,-15.616],[-57.492,-15.621],[-57.495,-15.621],[-57.496,-15.628],[-57.492,-15.635],[-57.498,-15.639],[-57.498,-15.653],[-57.495,-15.656],[-57.484,-15.657],[-57.489,-15.671],[-57.496,-15.673],[-57.491,-15.675],[-57.493,-15.684],[-57.489,-15.686],[-57.492,-15.689],[-57.501,-15.684],[-57.505,-15.692],[-57.501,-15.696],[-57.509,-15.693],[-57.509,-15.701],[-57.519,-15.705],[-57.509,-15.71],[-57.516,-15.719],[-57.505,-15.722],[-57.514,-15.724],[-57.519,-15.73],[-57.519,-15.745],[-57.508,-15.751],[-57.504,-15.748],[-57.499,-15.75],[-57.5,-15.743],[-57.49,-15.745],[-57.489,-15.75],[-57.481,-15.755],[-57.48,-15.751],[-57.475,-15.749],[-57.474,-15.755],[-57.468,-15.749],[-57.453,-15.753],[-57.449,-15.754],[-57.446,-15.747],[-57.436,-15.747],[-57.42,-15.739],[-57.406,-15.719],[-57.388,-15.721],[-57.375,-15.713],[-57.368,-15.715],[-57.367,-15.719],[-57.349,-15.724],[-57.337,-15.738],[-57.334,-15.736],[-57.327,-15.744],[-57.326,-15.751],[-57.321,-15.751],[-57.32,-15.764],[-57.316,-15.771],[-57.309,-15.775],[-57.307,-15.782],[-57.314,-15.788],[-57.316,-15.799],[-57.313,-15.809],[-57.278,-15.833],[-57.285,-15.859],[-57.256,-15.808],[-57.255,-15.795],[-57.252,-15.794],[-57.242,-15.797],[-57.238,-15.792],[-57.221,-15.791],[-57.222,-15.799],[-57.234,-15.815],[-57.228,-15.817],[-57.23,-15.854],[-57.219,-15.864],[-57.216,-15.864],[-57.216,-15.85],[-57.061,-15.818],[-57.057,-15.823],[-57.052,-15.824],[-57.047,-15.836],[-57.037,-15.838],[-57.04,-15.849],[-57.05,-15.848],[-57.047,-15.85],[-57.05,-15.855],[-57.047,-15.858],[-57.053,-15.861],[-57.051,-15.864],[-57.066,-15.87],[-57.078,-15.88],[-57.076,-15.888],[-57.083,-15.89],[-57.08,-15.902],[-57.085,-15.905],[-57.089,-15.918],[-57.104,-15.931],[-57.103,-15.942],[-57.11,-15.947],[-57.116,-15.959],[-57.123,-15.954],[-57.128,-15.955],[-57.132,-15.964],[-57.13,-15.983],[-57.15,-15.998],[-57.151,-16.008],[-57.146,-16.014],[-57.146,-16.036],[-57.137,-16.041],[-57.127,-16.04],[-57.12,-16.046],[-57.116,-16.058],[-57.118,-16.068],[-57.124,-16.073],[-57.124,-16.08],[-57.12,-16.084],[-57.122,-16.089],[-57.121,-16.105],[-57.117,-16.109],[-57.125,-16.136],[-57.12,-16.149],[-57.113,-16.151],[-57.107,-16.157],[-57.103,-16.17],[-57.093,-16.185],[-57.087,-16.19],[-57.088,-16.204],[-57.08,-16.212],[-57.081,-16.226],[-57.069,-16.265],[-57.075,-16.279],[-57.072,-16.294],[-57.083,-16.331],[-57.076,-16.35],[-57.08,-16.379],[-57.074,-16.415],[-57.074,-16.42],[-57.08,-16.42],[-57.079,-16.424],[-57.096,-16.42],[-57.098,-16.425],[-57.103,-16.423],[-57.114,-16.433],[-57.126,-16.43],[-57.13,-16.434],[-57.139,-16.431],[-57.149,-16.435],[-57.149,-16.44],[-57.155,-16.436],[-57.154,-16.44],[-57.15,-16.44],[-57.153,-16.445],[-57.161,-16.44],[-57.166,-16.443],[-57.169,-16.44],[-57.17,-16.45],[-57.179,-16.462],[-57.178,-16.466],[-57.173,-16.465],[-57.173,-16.468],[-57.185,-16.476],[-57.182,-16.5],[-57.186,-16.507],[-57.186,-16.528],[-57.199,-16.536],[-57.204,-16.534],[-57.211,-16.542],[-57.236,-16.544],[-57.248,-16.56],[-57.262,-16.568],[-57.264,-16.58],[-57.293,-16.597],[-57.31,-16.591],[-57.327,-16.597],[-57.334,-16.597],[-57.34,-16.601],[-57.352,-16.594],[-57.364,-16.607],[-57.38,-16.611],[-57.38,-16.616],[-57.39,-16.63],[-57.401,-16.635],[-57.398,-16.642],[-57.4,-16.649],[-57.397,-16.664],[-57.411,-16.67],[-57.409,-16.677],[-57.403,-16.677],[-57.394,-16.681],[-57.396,-16.692],[-57.401,-16.695],[-57.403,-16.704],[-57.399,-16.707],[-57.399,-16.717],[-57.404,-16.721],[-57.405,-16.732],[-57.407,-16.737],[-57.386,-16.765],[-57.394,-16.77],[-57.395,-16.778],[-57.384,-16.788],[-57.372,-16.786],[-57.375,-16.807],[-57.369,-16.814],[-57.372,-16.817],[-57.365,-16.818],[-57.361,-16.826],[-57.367,-16.825],[-57.368,-16.833],[-57.373,-16.839],[-57.37,-16.849],[-57.375,-16.853],[-57.37,-16.853],[-57.369,-16.858],[-57.38,-16.87],[-57.38,-16.875],[-57.384,-16.872],[-57.381,-16.879],[-57.39,-16.88],[-57.393,-16.884],[-57.396,-16.876],[-57.403,-16.876],[-57.408,-16.883],[-57.418,-16.882],[-57.416,-16.877],[-57.418,-16.874],[-57.423,-16.878],[-57.437,-16.874],[-57.439,-16.869],[-57.432,-16.865],[-57.438,-16.853],[-57.451,-16.861],[-57.466,-16.852],[-57.473,-16.855],[-57.469,-16.846],[-57.475,-16.839],[-57.472,-16.833],[-57.477,-16.834],[-57.493,-16.822],[-57.5,-16.829],[-57.508,-16.82],[-57.517,-16.824],[-57.525,-16.819],[-57.539,-16.819],[-57.553,-16.83],[-57.57,-16.81],[-57.573,-16.815],[-57.577,-16.811],[-57.585,-16.812],[-57.591,-16.806],[-57.595,-16.813],[-57.612,-16.805],[-57.613,-16.811],[-57.618,-16.805],[-57.628,-16.813],[-57.625,-16.827],[-57.616,-16.834],[-57.618,-16.837],[-57.625,-16.838],[-57.624,-16.846],[-57.61,-16.843],[-57.6,-16.859],[-57.593,-16.856],[-57.6,-16.843],[-57.595,-16.837],[-57.589,-16.839],[-57.584,-16.849],[-57.571,-16.855],[-57.566,-16.863],[-57.563,-16.858],[-57.535,-16.865],[-57.531,-16.877],[-57.528,-16.862],[-57.519,-16.859],[-57.518,-16.87],[-57.506,-16.875],[-57.504,-16.881],[-57.5,-16.878],[-57.496,-16.889],[-57.491,-16.89],[-57.489,-16.901],[-57.476,-16.901],[-57.48,-16.91],[-57.471,-16.911],[-57.467,-16.918],[-57.457,-16.918],[-57.449,-16.926],[-57.446,-16.921],[-57.441,-16.924],[-57.432,-16.923],[-57.434,-16.94],[-57.421,-16.941],[-57.417,-16.945],[-57.42,-16.962],[-57.417,-16.962],[-57.416,-16.953],[-57.409,-16.952],[-57.409,-16.964],[-57.424,-16.969],[-57.411,-16.975],[-57.404,-16.964],[-57.4,-16.965],[-57.394,-16.975],[-57.387,-16.973],[-57.386,-16.978],[-57.395,-16.983],[-57.38,-16.984],[-57.384,-16.991],[-57.382,-16.996],[-57.375,-16.999],[-57.372,-16.992],[-57.369,-16.998],[-57.374,-17.003],[-57.389,-17.002],[-57.391,-17.005],[-57.387,-17.012],[-57.375,-17.016],[-57.383,-17.023],[-57.376,-17.029],[-57.391,-17.031],[-57.405,-17.042],[-57.406,-17.047],[-57.399,-17.045],[-57.404,-17.062],[-57.402,-17.067],[-57.389,-17.05],[-57.391,-17.062],[-57.384,-17.072],[-57.388,-17.077],[-57.394,-17.077],[-57.387,-17.081],[-57.385,-17.089],[-57.377,-17.096],[-57.376,-17.107],[-57.369,-17.111],[-57.371,-17.122],[-57.364,-17.128],[-57.366,-17.14],[-57.357,-17.146],[-57.367,-17.152],[-57.362,-17.176],[-57.357,-17.172],[-57.348,-17.181],[-57.354,-17.184],[-57.348,-17.191],[-57.353,-17.198],[-57.353,-17.203],[-57.346,-17.2],[-57.333,-17.208],[-57.337,-17.215],[-57.343,-17.218],[-57.341,-17.223],[-57.335,-17.219],[-57.333,-17.221],[-57.343,-17.233],[-57.342,-17.238],[-57.347,-17.244],[-57.338,-17.27],[-57.347,-17.283],[-57.345,-17.285],[-57.331,-17.281],[-57.334,-17.304],[-57.329,-17.308],[-57.328,-17.317],[-57.338,-17.314],[-57.335,-17.321],[-57.322,-17.323],[-57.342,-17.331],[-57.335,-17.341],[-57.336,-17.358],[-57.353,-17.358],[-57.366,-17.353],[-57.367,-17.369],[-57.362,-17.374],[-57.364,-17.379],[-57.368,-17.384],[-57.375,-17.377],[-57.382,-17.378],[-57.384,-17.381],[-57.384,-17.394],[-57.395,-17.396],[-57.397,-17.403],[-57.404,-17.399],[-57.405,-17.41],[-57.418,-17.418],[-57.426,-17.418],[-57.428,-17.425],[-57.432,-17.427],[-57.432,-17.433],[-57.44,-17.433],[-57.43,-17.442],[-57.447,-17.45],[-57.444,-17.457],[-57.447,-17.459],[-57.455,-17.455],[-57.451,-17.451],[-57.46,-17.455],[-57.462,-17.459],[-57.453,-17.463],[-57.457,-17.471],[-57.462,-17.472],[-57.469,-17.467],[-57.474,-17.471],[-57.474,-17.476],[-57.48,-17.48],[-57.476,-17.491],[-57.481,-17.497],[-57.475,-17.502],[-57.479,-17.508],[-57.477,-17.514],[-57.483,-17.509],[-57.486,-17.517],[-57.48,-17.519],[-57.478,-17.523],[-57.492,-17.523],[-57.5,-17.535],[-57.514,-17.53],[-57.504,-17.544],[-57.505,-17.548],[-57.508,-17.548],[-57.511,-17.537],[-57.517,-17.535],[-57.527,-17.545],[-57.524,-17.552],[-57.536,-17.545],[-57.541,-17.55],[-57.542,-17.562],[-57.556,-17.562],[-57.559,-17.565],[-57.555,-17.569],[-57.556,-17.575],[-57.563,-17.568],[-57.575,-17.573],[-57.57,-17.578],[-57.583,-17.577],[-57.589,-17.573],[-57.593,-17.581],[-57.605,-17.581],[-57.61,-17.596],[-57.612,-17.589],[-57.619,-17.587],[-57.615,-17.598],[-57.631,-17.604],[-57.625,-17.61],[-57.631,-17.618],[-57.643,-17.607],[-57.648,-17.612],[-57.658,-17.605],[-57.676,-17.604],[-57.682,-17.609],[-57.689,-17.625],[-57.692,-17.626],[-57.702,-17.601],[-57.697,-17.601],[-57.703,-17.589],[-57.701,-17.577],[-57.71,-17.566],[-57.712,-17.543],[-57.728,-17.529],[-57.74,-17.536],[-57.752,-17.564],[-57.883,-17.449],[-57.98,-17.51],[-57.996,-17.515],[-57.999,-17.514],[-58.0,-17.505],[-58.005,-17.506],[-58.01,-17.499],[-58.016,-17.499],[-58.023,-17.494],[-58.03,-17.496],[-58.043,-17.492],[-58.049,-17.463],[-58.06,-17.45],[-58.072,-17.452],[-58.089,-17.461],[-58.116,-17.451],[-58.12,-17.447],[-58.118,-17.434],[-58.122,-17.414],[-58.129,-17.411],[-58.139,-17.415],[-58.145,-17.413],[-58.152,-17.402],[-58.151,-17.384],[-58.185,-17.391],[-58.2,-17.383],[-58.195,-17.369],[-58.202,-17.357],[-58.22,-17.36],[-58.227,-17.356],[-58.228,-17.347],[-58.233,-17.351],[-58.24,-17.349],[-58.246,-17.354],[-58.254,-17.352],[-58.256,-17.346],[-58.263,-17.344],[-58.263,-17.33],[-58.276,-17.323],[-58.276,-17.3],[-58.292,-17.301],[-58.298,-17.298],[-58.296,-17.291],[-58.291,-17.288],[-58.303,-17.279],[-58.303,-17.27],[-58.31,-17.266],[-58.317,-17.268],[-58.322,-17.26],[-58.319,-17.254],[-58.337,-17.241],[-58.339,-17.234],[-58.345,-17.232],[-58.356,-17.212],[-58.364,-17.214],[-58.364,-17.199],[-58.369,-17.2],[-58.396,-17.181],[-58.397,-17.136],[-58.386,-17.111],[-58.388,-17.107],[-58.398,-17.104],[-58.408,-17.11],[-58.425,-17.112],[-58.429,-17.105],[-58.424,-17.09],[-58.434,-17.086],[-58.435,-17.078],[-58.43,-17.072],[-58.432,-17.058],[-58.421,-17.052],[-58.432,-17.047],[-58.434,-17.039],[-58.43,-17.036],[-58.419,-17.038],[-58.416,-17.034],[-58.421,-17.029],[-58.434,-17.027],[-58.435,-17.009],[-58.423,-16.989],[-58.431,-16.99],[-58.447,-16.978],[-58.447,-16.967],[-58.456,-16.969],[-58.459,-16.967],[-58.462,-16.958],[-58.456,-16.94],[-58.46,-16.937],[-58.468,-16.941],[-58.474,-16.935],[-58.468,-16.924],[-58.474,-16.914],[-58.466,-16.911],[-58.46,-16.9],[-58.468,-16.899],[-58.463,-16.873],[-58.466,-16.868],[-58.46,-16.863],[-58.466,-16.858],[-58.461,-16.849],[-58.468,-16.848],[-58.461,-16.841],[-58.476,-16.827],[-58.477,-16.819],[-58.471,-16.791],[-58.463,-16.792],[-58.458,-16.786],[-58.463,-16.78],[-58.466,-16.756],[-58.473,-16.745],[-58.466,-16.72],[-58.47,-16.703],[-58.46,-16.666],[-58.463,-16.652],[-58.436,-16.592],[-58.428,-16.585],[-58.421,-16.573],[-58.393,-16.562],[-58.386,-16.543],[-58.357,-16.529],[-58.343,-16.517],[-58.333,-16.49],[-58.334,-16.478],[-58.347,-16.454],[-58.356,-16.428],[-58.344,-16.396],[-58.344,-16.389],[-58.338,-16.386],[-58.333,-16.387],[-58.328,-16.382],[-58.307,-16.37],[-58.308,-16.36],[-58.303,-16.329],[-58.303,-16.307],[-58.316,-16.29],[-58.321,-16.264],[-58.338,-16.273],[-58.346,-16.273],[-58.353,-16.269],[-58.365,-16.273],[-58.388,-16.261],[-58.394,-16.296],[-58.408,-16.309],[-58.43,-16.321],[-58.785,-16.306],[-58.793,-16.296],[-58.788,-16.284],[-58.793,-16.275],[-58.791,-16.262],[-58.796,-16.252],[-58.792,-16.243],[-58.783,-16.234],[-58.783,-16.227],[-58.767,-16.204],[-58.77,-16.191],[-58.762,-16.173],[-58.752,-16.164],[-58.737,-16.159],[-58.736,-16.151],[-58.715,-16.141],[-58.711,-16.134],[-58.702,-16.113],[-58.705,-16.099],[-58.686,-16.073],[-58.685,-16.06],[-58.694,-16.046],[-58.693,-16.031],[-58.675,-16.014],[-58.649,-16.013],[-58.65,-15.994],[-58.638,-15.987],[-58.591,-15.962],[-58.581,-15.942],[-58.567,-15.941],[-58.554,-15.948],[-58.521,-15.947],[-58.5,-15.941],[-58.478,-15.924],[-58.446,-15.918],[-58.429,-15.906],[-58.414,-15.898],[-58.408,-15.89],[-58.39,-15.885],[-58.383,-15.883],[-58.382,-15.886],[-58.38,-15.882],[-58.378,-15.888],[-58.374,-15.887],[-58.369,-15.893],[-58.363,-15.896],[-58.364,-15.901],[-58.36,-15.899],[-58.355,-15.906],[-58.353,-15.905],[-58.349,-15.915],[-58.341,-15.912],[-58.34,-15.917],[-58.331,-15.913],[-58.326,-15.919],[-58.322,-15.916],[-58.312,-15.92],[-58.303,-15.929],[-58.299,-15.929],[-58.288,-15.951],[-58.299,-15.962],[-58.288,-15.98],[-58.293,-15.98],[-58.29,-15.987],[-58.292,-15.987],[-58.29,-15.991],[-58.296,-15.991],[-58.293,-15.994],[-58.283,-16.0],[-58.282,-16.006],[-58.269,-16.008],[-58.267,-16.017],[-58.249,-16.029],[-58.25,-16.031],[-58.236,-16.035],[-58.237,-16.031],[-58.228,-16.031],[-58.228,-16.027],[-58.221,-16.024],[-58.219,-16.039],[-58.218,-16.031],[-58.212,-16.039],[-58.206,-16.036],[-58.207,-16.04],[-58.197,-16.043],[-58.193,-16.04],[-58.191,-16.044],[-58.189,-16.04],[-58.182,-16.047],[-58.181,-16.042],[-58.169,-16.045],[-58.167,-16.041],[-58.158,-16.047],[-58.153,-16.045],[-58.151,-16.041],[-58.154,-16.034],[-58.149,-16.013],[-58.149,-15.997],[-58.149,-15.989],[-58.167,-15.96],[-58.172,-15.928],[-58.157,-15.897],[-58.153,-15.88],[-58.109,-15.862],[-58.106,-15.841],[-58.102,-15.83],[-58.086,-15.817],[-58.08,-15.817],[-58.067,-15.83],[-58.049,-15.826],[-58.046,-15.822],[-58.035,-15.821],[-57.998,-15.824],[-57.986,-15.816],[-57.98,-15.811],[-57.943,-15.821],[-57.944,-15.811],[-57.934,-15.804],[-57.934,-15.798],[-57.95,-15.789],[-57.951,-15.782],[-57.959,-15.774],[-57.965,-15.771],[-57.97,-15.775],[-57.976,-15.774],[-57.981,-15.706],[-57.967,-15.714],[-57.956,-15.714],[-57.943,-15.718],[-57.935,-15.716],[-57.921,-15.731],[-57.903,-15.736],[-57.889,-15.75],[-57.856,-15.758],[-57.815,-15.767],[-57.8,-15.777],[-57.797,-15.777],[-57.798,-15.774],[-57.801,-15.774],[-57.8,-15.764],[-57.795,-15.762],[-57.759,-15.681],[-57.748,-15.687],[-57.739,-15.712],[-57.722,-15.728],[-57.716,-15.726],[-57.709,-15.719],[-57.703,-15.719],[-57.698,-15.712],[-57.709,-15.709],[-57.702,-15.699],[-57.706,-15.696],[-57.705,-15.668],[-57.712,-15.647],[-57.708,-15.633],[-57.702,-15.609],[-57.697,-15.603],[-57.702,-15.579],[-57.695,-15.567],[-57.694,-15.55],[-57.708,-15.519],[-57.7,-15.505],[-57.699,-15.48],[-57.707,-15.468],[-57.712,-15.453],[-57.512,-15.48],[-57.507,-15.495],[-57.508,-15.51],[-57.494,-15.554],[-57.485,-15.57],[-57.484,-15.584],[-57.491,-15.598],[-57.492,-15.611],[-57.496,-15.616]]]}},{"type":"Feature","properties":{"id":"5102603","nome":"Campin\u00e1polis"},"geometry":{"type":"Polygon","coordinates":[[[-53.102,-13.641],[-53.097,-13.643],[-53.092,-13.655],[-53.103,-13.663],[-53.103,-13.682],[-53.109,-13.694],[-53.105,-13.705],[-53.114,-13.733],[-53.094,-13.747],[-53.097,-13.754],[-53.094,-13.76],[-53.099,-13.768],[-53.09,-13.78],[-53.076,-13.79],[-53.062,-13.795],[-53.063,-13.807],[-53.052,-13.812],[-53.053,-13.815],[-53.056,-13.834],[-53.063,-13.838],[-53.044,-13.836],[-53.044,-13.846],[-53.037,-13.862],[-53.041,-13.868],[-53.032,-13.877],[-53.033,-13.886],[-53.028,-13.889],[-53.024,-13.899],[-53.019,-13.894],[-53.016,-13.896],[-53.023,-13.918],[-53.012,-13.931],[-53.001,-13.936],[-52.999,-13.942],[-53.014,-13.963],[-53.009,-13.965],[-53.011,-13.975],[-52.996,-13.975],[-52.989,-14.005],[-52.993,-14.011],[-53.009,-14.013],[-53.01,-14.023],[-53.032,-14.03],[-53.027,-14.043],[-53.022,-14.048],[-53.027,-14.053],[-53.028,-14.063],[-53.016,-14.074],[-53.019,-14.086],[-53.037,-14.101],[-53.038,-14.106],[-53.032,-14.112],[-53.034,-14.128],[-53.019,-14.142],[-53.021,-14.146],[-53.013,-14.147],[-53.015,-14.166],[-53.0,-14.178],[-53.003,-14.183],[-52.985,-14.197],[-52.99,-14.206],[-52.981,-14.206],[-52.986,-14.212],[-52.975,-14.229],[-52.96,-14.231],[-52.955,-14.242],[-52.951,-14.236],[-52.933,-14.248],[-52.929,-14.255],[-52.932,-14.26],[-52.921,-14.268],[-52.918,-14.284],[-52.913,-14.283],[-52.909,-14.293],[-52.906,-14.293],[-52.904,-14.297],[-52.91,-14.306],[-52.9,-14.315],[-52.896,-14.328],[-52.885,-14.332],[-52.881,-14.339],[-52.863,-14.347],[-52.849,-14.344],[-52.844,-14.338],[-52.831,-14.341],[-52.823,-14.351],[-52.817,-14.349],[-52.806,-14.35],[-52.807,-14.353],[-52.8,-14.355],[-52.797,-14.361],[-52.803,-14.378],[-52.817,-14.391],[-52.799,-14.418],[-52.762,-14.474],[-52.708,-14.557],[-52.687,-14.589],[-52.747,-14.609],[-52.754,-14.66],[-52.769,-14.658],[-52.79,-14.687],[-52.792,-14.704],[-52.789,-14.725],[-52.793,-14.745],[-52.79,-14.762],[-52.793,-14.772],[-52.798,-14.775],[-52.805,-14.772],[-52.805,-14.776],[-52.814,-14.779],[-52.823,-14.769],[-52.841,-14.771],[-52.853,-14.776],[-52.855,-14.765],[-52.863,-14.766],[-52.87,-14.75],[-52.881,-14.755],[-52.89,-14.745],[-52.904,-14.755],[-52.914,-14.749],[-52.916,-14.747],[-52.919,-14.738],[-52.931,-14.737],[-52.949,-14.724],[-52.96,-14.731],[-52.978,-14.736],[-52.98,-14.742],[-52.994,-14.742],[-53.009,-14.736],[-53.023,-14.738],[-53.03,-14.749],[-53.031,-14.776],[-53.034,-14.777],[-53.037,-14.783],[-53.035,-14.799],[-53.042,-14.801],[-53.043,-14.81],[-53.049,-14.814],[-53.053,-14.813],[-53.05,-14.819],[-53.057,-14.825],[-53.055,-14.828],[-53.063,-14.827],[-53.07,-14.834],[-53.068,-14.836],[-53.071,-14.844],[-53.076,-14.842],[-53.085,-14.852],[-53.084,-14.864],[-53.09,-14.868],[-53.09,-14.874],[-53.099,-14.879],[-53.119,-14.866],[-53.129,-14.869],[-53.129,-14.873],[-53.14,-14.87],[-53.153,-14.87],[-53.155,-14.873],[-53.168,-14.864],[-53.177,-14.864],[-53.194,-14.87],[-53.193,-14.875],[-53.199,-14.873],[-53.203,-14.877],[-53.224,-14.874],[-53.226,-14.869],[-53.238,-14.876],[-53.242,-14.872],[-53.245,-14.875],[-53.253,-14.877],[-53.254,-14.874],[-53.259,-14.875],[-53.275,-14.868],[-53.281,-14.87],[-53.291,-14.862],[-53.295,-14.85],[-53.309,-14.842],[-53.33,-14.821],[-53.332,-14.815],[-53.341,-14.81],[-53.359,-14.787],[-53.352,-14.751],[-53.362,-14.748],[-53.371,-14.734],[-53.395,-14.736],[-53.402,-14.729],[-53.396,-14.717],[-53.398,-14.709],[-53.395,-14.7],[-53.377,-14.692],[-53.38,-14.683],[-53.373,-14.673],[-53.367,-14.638],[-53.353,-14.617],[-53.355,-14.6],[-53.35,-14.578],[-53.365,-14.546],[-53.369,-14.545],[-53.373,-14.536],[-53.391,-14.522],[-53.398,-14.506],[-53.397,-14.496],[-53.407,-14.482],[-53.417,-14.479],[-53.421,-14.475],[-53.428,-14.477],[-53.432,-14.484],[-53.443,-14.478],[-53.44,-14.47],[-53.444,-14.456],[-53.439,-14.456],[-53.437,-14.449],[-53.441,-14.448],[-53.452,-14.43],[-53.45,-14.423],[-53.454,-14.408],[-53.466,-14.403],[-53.466,-14.402],[-53.454,-14.389],[-53.452,-14.377],[-53.452,-14.366],[-53.456,-14.361],[-53.452,-14.354],[-53.457,-14.345],[-53.459,-14.324],[-53.463,-14.316],[-53.455,-14.291],[-53.455,-14.265],[-53.433,-14.249],[-53.429,-14.238],[-53.422,-14.235],[-53.415,-14.212],[-53.402,-14.208],[-53.407,-14.196],[-53.397,-14.192],[-53.4,-14.183],[-53.395,-14.181],[-53.39,-14.171],[-53.375,-14.164],[-53.373,-14.152],[-53.367,-14.142],[-53.363,-14.142],[-53.369,-14.139],[-53.365,-14.136],[-53.362,-14.132],[-53.365,-14.127],[-53.362,-14.124],[-53.365,-14.123],[-53.365,-14.118],[-53.362,-14.117],[-53.365,-14.115],[-53.361,-14.112],[-53.365,-14.11],[-53.364,-14.101],[-53.367,-14.099],[-53.363,-14.098],[-53.365,-14.09],[-53.362,-14.094],[-53.361,-14.089],[-53.367,-14.081],[-53.362,-14.071],[-53.364,-14.06],[-53.355,-14.054],[-53.356,-14.045],[-53.363,-14.042],[-53.355,-14.032],[-53.358,-14.024],[-53.343,-14.017],[-53.346,-14.005],[-53.34,-13.999],[-53.327,-14.003],[-53.319,-13.999],[-53.322,-13.992],[-53.319,-13.984],[-53.321,-13.976],[-53.315,-13.96],[-53.311,-13.957],[-53.298,-13.956],[-53.299,-13.948],[-53.293,-13.931],[-53.285,-13.926],[-53.283,-13.907],[-53.27,-13.9],[-53.263,-13.892],[-53.262,-13.885],[-53.257,-13.881],[-53.256,-13.871],[-53.261,-13.865],[-53.254,-13.856],[-53.261,-13.839],[-53.26,-13.831],[-53.251,-13.828],[-53.249,-13.815],[-53.249,-13.81],[-53.243,-13.806],[-53.249,-13.8],[-53.231,-13.785],[-53.225,-13.783],[-53.223,-13.775],[-53.217,-13.766],[-53.215,-13.754],[-53.195,-13.738],[-53.198,-13.727],[-53.181,-13.72],[-53.176,-13.713],[-53.164,-13.71],[-53.163,-13.694],[-53.151,-13.691],[-53.15,-13.687],[-53.154,-13.681],[-53.142,-13.674],[-53.147,-13.667],[-53.135,-13.661],[-53.139,-13.656],[-53.137,-13.654],[-53.13,-13.658],[-53.132,-13.651],[-53.123,-13.645],[-53.119,-13.647],[-53.118,-13.64],[-53.112,-13.641],[-53.113,-13.636],[-53.105,-13.632],[-53.098,-13.634],[-53.102,-13.641]]]}},{"type":"Feature","properties":{"id":"5102637","nome":"Campo Novo do Parecis"},"geometry":{"type":"Polygon","coordinates":[[[-58.179,-13.185],[-58.176,-13.187],[-58.171,-13.181],[-58.161,-13.186],[-58.156,-13.194],[-58.155,-13.212],[-58.149,-13.219],[-58.148,-13.225],[-58.145,-13.227],[-58.144,-13.225],[-58.132,-13.237],[-58.126,-13.237],[-58.121,-13.234],[-58.111,-13.241],[-58.09,-13.235],[-58.076,-13.236],[-58.062,-13.244],[-57.922,-13.209],[-57.748,-13.269],[-57.721,-13.213],[-57.702,-13.197],[-57.696,-13.185],[-57.674,-13.174],[-57.671,-13.162],[-57.657,-13.164],[-57.654,-13.158],[-57.647,-13.158],[-57.644,-13.162],[-57.64,-13.158],[-57.624,-13.163],[-57.589,-13.173],[-57.555,-13.153],[-57.526,-13.156],[-57.518,-13.152],[-57.496,-13.15],[-57.488,-13.154],[-57.484,-13.162],[-57.488,-13.169],[-57.485,-13.177],[-57.496,-13.177],[-57.497,-13.183],[-57.503,-13.187],[-57.508,-13.196],[-57.506,-13.205],[-57.514,-13.208],[-57.513,-13.213],[-57.519,-13.216],[-57.519,-13.223],[-57.524,-13.229],[-57.531,-13.235],[-57.538,-13.236],[-57.533,-13.242],[-57.537,-13.241],[-57.543,-13.248],[-57.555,-13.273],[-57.566,-13.282],[-57.576,-13.283],[-57.581,-13.296],[-57.591,-13.302],[-57.597,-13.321],[-57.609,-13.328],[-57.618,-13.34],[-57.613,-13.354],[-57.62,-13.362],[-57.618,-13.371],[-57.622,-13.373],[-57.626,-13.392],[-57.622,-13.396],[-57.631,-13.41],[-57.625,-13.412],[-57.625,-13.419],[-57.617,-13.418],[-57.609,-13.417],[-57.598,-13.427],[-57.594,-13.436],[-57.566,-13.454],[-57.556,-13.49],[-57.558,-13.501],[-57.555,-13.513],[-57.544,-13.521],[-57.542,-13.527],[-57.542,-13.546],[-57.538,-13.56],[-57.542,-13.582],[-57.457,-13.58],[-57.446,-13.578],[-57.439,-13.572],[-57.434,-13.574],[-57.417,-13.565],[-57.404,-13.567],[-57.37,-13.554],[-57.357,-13.552],[-57.344,-13.555],[-57.351,-13.569],[-57.365,-13.586],[-57.369,-13.594],[-57.392,-13.605],[-57.396,-13.624],[-57.401,-13.625],[-57.395,-13.635],[-57.401,-13.643],[-57.406,-13.642],[-57.417,-13.66],[-57.428,-13.666],[-57.427,-13.673],[-57.435,-13.675],[-57.443,-13.681],[-57.438,-13.687],[-57.439,-13.693],[-57.445,-13.703],[-57.451,-13.706],[-57.448,-13.708],[-57.45,-13.713],[-57.455,-13.712],[-57.463,-13.719],[-57.464,-13.728],[-57.47,-13.736],[-57.493,-13.754],[-57.495,-13.758],[-57.491,-13.759],[-57.488,-13.766],[-57.489,-13.769],[-57.495,-13.765],[-57.498,-13.767],[-57.501,-13.771],[-57.496,-13.778],[-57.507,-13.792],[-57.518,-13.803],[-57.518,-13.809],[-57.523,-13.813],[-57.527,-13.825],[-57.536,-13.83],[-57.535,-13.835],[-57.549,-13.845],[-57.566,-13.867],[-57.571,-13.907],[-57.583,-13.924],[-57.602,-13.938],[-57.614,-13.956],[-57.629,-13.964],[-57.628,-13.969],[-57.633,-13.975],[-57.631,-13.985],[-57.637,-13.99],[-57.637,-13.998],[-57.649,-14.008],[-57.664,-14.037],[-57.667,-14.049],[-57.673,-14.054],[-57.679,-14.054],[-57.686,-14.076],[-57.692,-14.079],[-57.69,-14.087],[-57.678,-14.093],[-57.675,-14.101],[-57.675,-14.116],[-57.68,-14.123],[-57.677,-14.13],[-57.68,-14.154],[-57.672,-14.171],[-57.673,-14.18],[-57.683,-14.209],[-57.694,-14.226],[-57.714,-14.27],[-57.722,-14.281],[-57.735,-14.291],[-57.813,-14.302],[-57.832,-14.297],[-57.893,-14.311],[-57.959,-14.325],[-57.987,-14.331],[-58.167,-14.371],[-58.231,-14.385],[-58.226,-14.372],[-58.228,-14.342],[-58.221,-14.333],[-58.223,-14.325],[-58.215,-14.308],[-58.217,-14.301],[-58.208,-14.29],[-58.207,-14.28],[-58.196,-14.276],[-58.188,-14.262],[-58.176,-14.256],[-58.175,-14.251],[-58.178,-14.247],[-58.174,-14.242],[-58.169,-14.243],[-58.172,-14.236],[-58.169,-14.23],[-58.159,-14.229],[-58.148,-14.216],[-58.144,-14.205],[-58.133,-14.198],[-58.126,-14.199],[-58.119,-14.186],[-58.115,-14.185],[-58.112,-14.18],[-58.116,-14.176],[-58.108,-14.168],[-58.11,-14.165],[-58.096,-14.158],[-58.102,-14.149],[-58.101,-14.144],[-58.1,-14.138],[-58.088,-14.131],[-58.093,-14.121],[-58.086,-14.109],[-58.088,-14.097],[-58.099,-14.09],[-58.091,-14.084],[-58.091,-14.08],[-58.095,-14.073],[-58.097,-14.062],[-58.091,-14.06],[-58.088,-14.052],[-58.091,-14.047],[-58.089,-14.04],[-58.092,-14.038],[-58.083,-14.034],[-58.082,-14.029],[-58.089,-14.026],[-58.08,-14.016],[-58.082,-14.009],[-58.087,-14.006],[-58.085,-14.003],[-58.075,-13.987],[-58.083,-13.987],[-58.18,-13.975],[-58.219,-13.928],[-58.253,-13.904],[-58.294,-13.867],[-58.334,-13.708],[-58.406,-13.562],[-58.407,-13.557],[-58.399,-13.549],[-58.396,-13.535],[-58.391,-13.539],[-58.385,-13.538],[-58.388,-13.53],[-58.383,-13.53],[-58.382,-13.525],[-58.375,-13.519],[-58.376,-13.523],[-58.372,-13.52],[-58.373,-13.514],[-58.379,-13.51],[-58.375,-13.501],[-58.37,-13.496],[-58.366,-13.497],[-58.369,-13.488],[-58.365,-13.485],[-58.364,-13.479],[-58.357,-13.48],[-58.353,-13.473],[-58.345,-13.425],[-58.347,-13.421],[-58.343,-13.418],[-58.342,-13.41],[-58.346,-13.387],[-58.34,-13.38],[-58.345,-13.375],[-58.345,-13.367],[-58.336,-13.345],[-58.334,-13.332],[-58.335,-13.324],[-58.329,-13.317],[-58.332,-13.314],[-58.311,-13.291],[-58.32,-13.278],[-58.32,-13.274],[-58.316,-13.272],[-58.312,-13.26],[-58.303,-13.257],[-58.306,-13.25],[-58.304,-13.242],[-58.297,-13.239],[-58.302,-13.23],[-58.298,-13.226],[-58.292,-13.211],[-58.289,-13.21],[-58.289,-13.2],[-58.282,-13.193],[-58.284,-13.19],[-58.278,-13.186],[-58.276,-13.178],[-58.279,-13.175],[-58.279,-13.158],[-58.273,-13.154],[-58.276,-13.153],[-58.276,-13.139],[-58.268,-13.125],[-58.268,-13.109],[-58.274,-13.105],[-58.281,-13.083],[-58.279,-13.079],[-58.281,-13.056],[-58.278,-13.052],[-58.282,-13.033],[-58.272,-13.017],[-58.282,-13.005],[-58.278,-12.997],[-58.281,-12.974],[-58.276,-12.957],[-58.282,-12.951],[-58.282,-12.942],[-58.295,-12.928],[-58.284,-12.929],[-58.274,-12.934],[-58.251,-12.961],[-58.226,-12.973],[-58.206,-12.977],[-58.2,-13.004],[-58.193,-13.011],[-58.194,-13.021],[-58.186,-13.026],[-58.188,-13.043],[-58.172,-13.049],[-58.175,-13.057],[-58.182,-13.062],[-58.178,-13.079],[-58.181,-13.098],[-58.176,-13.139],[-58.179,-13.157],[-58.183,-13.162],[-58.179,-13.185]]]}},{"type":"Feature","properties":{"id":"5102678","nome":"Campo Verde"},"geometry":{"type":"Polygon","coordinates":[[[-54.697,-14.953],[-54.695,-14.963],[-54.668,-14.957],[-54.652,-14.958],[-54.644,-14.969],[-54.631,-14.977],[-54.617,-14.98],[-54.597,-14.973],[-54.587,-14.974],[-54.576,-14.969],[-54.559,-14.968],[-54.552,-14.981],[-54.535,-14.996],[-54.536,-15.003],[-54.52,-15.014],[-54.514,-15.021],[-54.514,-15.027],[-54.505,-15.036],[-54.486,-15.027],[-54.48,-15.036],[-54.458,-15.042],[-54.452,-15.047],[-54.44,-15.064],[-54.439,-15.077],[-54.443,-15.082],[-54.443,-15.089],[-54.439,-15.111],[-54.461,-15.113],[-54.469,-15.118],[-54.479,-15.119],[-54.493,-15.131],[-54.487,-15.158],[-54.471,-15.171],[-54.455,-15.206],[-54.517,-15.237],[-54.539,-15.245],[-54.521,-15.286],[-54.529,-15.298],[-54.531,-15.31],[-54.544,-15.321],[-54.55,-15.332],[-54.555,-15.359],[-54.552,-15.365],[-54.569,-15.361],[-54.58,-15.367],[-54.584,-15.363],[-54.584,-15.37],[-54.589,-15.367],[-54.594,-15.372],[-54.597,-15.368],[-54.605,-15.374],[-54.61,-15.371],[-54.63,-15.377],[-54.63,-15.381],[-54.632,-15.379],[-54.635,-15.382],[-54.633,-15.386],[-54.64,-15.385],[-54.643,-15.389],[-54.645,-15.384],[-54.653,-15.385],[-54.655,-15.388],[-54.665,-15.386],[-54.668,-15.392],[-54.677,-15.389],[-54.691,-15.4],[-54.695,-15.396],[-54.702,-15.399],[-54.702,-15.394],[-54.705,-15.396],[-54.706,-15.394],[-54.718,-15.397],[-54.735,-15.408],[-54.756,-15.429],[-54.789,-15.438],[-54.851,-15.467],[-54.856,-15.473],[-54.898,-15.495],[-54.908,-15.496],[-54.915,-15.488],[-54.92,-15.506],[-54.93,-15.517],[-54.942,-15.526],[-54.965,-15.534],[-54.97,-15.542],[-54.974,-15.557],[-54.967,-15.581],[-54.97,-15.588],[-54.966,-15.591],[-54.967,-15.597],[-54.964,-15.604],[-54.967,-15.606],[-54.966,-15.611],[-54.961,-15.616],[-54.976,-15.628],[-54.978,-15.619],[-54.986,-15.613],[-55.005,-15.618],[-55.011,-15.614],[-55.015,-15.618],[-55.026,-15.611],[-55.027,-15.605],[-55.04,-15.605],[-55.05,-15.611],[-55.067,-15.602],[-55.073,-15.603],[-55.075,-15.61],[-55.082,-15.606],[-55.083,-15.62],[-55.088,-15.625],[-55.09,-15.656],[-55.103,-15.67],[-55.12,-15.682],[-55.122,-15.68],[-55.133,-15.692],[-55.147,-15.69],[-55.181,-15.704],[-55.191,-15.705],[-55.215,-15.726],[-55.231,-15.732],[-55.245,-15.744],[-55.248,-15.775],[-55.301,-15.896],[-55.302,-15.896],[-55.305,-15.896],[-55.301,-15.879],[-55.301,-15.849],[-55.325,-15.835],[-55.332,-15.823],[-55.348,-15.832],[-55.351,-15.82],[-55.355,-15.809],[-55.371,-15.808],[-55.382,-15.809],[-55.395,-15.822],[-55.406,-15.82],[-55.408,-15.82],[-55.419,-15.79],[-55.424,-15.775],[-55.421,-15.748],[-55.412,-15.734],[-55.419,-15.727],[-55.419,-15.712],[-55.396,-15.688],[-55.403,-15.677],[-55.413,-15.678],[-55.416,-15.675],[-55.419,-15.666],[-55.424,-15.664],[-55.423,-15.658],[-55.415,-15.65],[-55.408,-15.649],[-55.405,-15.643],[-55.398,-15.642],[-55.383,-15.634],[-55.356,-15.599],[-55.374,-15.609],[-55.423,-15.622],[-55.436,-15.617],[-55.442,-15.611],[-55.435,-15.582],[-55.421,-15.562],[-55.416,-15.544],[-55.399,-15.531],[-55.403,-15.509],[-55.379,-15.499],[-55.373,-15.491],[-55.35,-15.486],[-55.341,-15.486],[-55.306,-15.515],[-55.303,-15.515],[-55.304,-15.508],[-55.296,-15.494],[-55.294,-15.481],[-55.287,-15.472],[-55.29,-15.431],[-55.276,-15.421],[-55.268,-15.412],[-55.266,-15.402],[-55.274,-15.38],[-55.284,-15.379],[-55.295,-15.355],[-55.304,-15.355],[-55.316,-15.35],[-55.335,-15.351],[-55.168,-15.205],[-55.098,-15.106],[-55.096,-15.104],[-55.093,-15.105],[-55.076,-15.095],[-55.056,-15.099],[-55.042,-15.096],[-55.018,-15.083],[-55.0,-15.086],[-54.971,-15.076],[-54.959,-15.077],[-54.943,-15.07],[-54.917,-15.068],[-54.91,-15.045],[-54.894,-15.048],[-54.887,-15.055],[-54.865,-15.068],[-54.843,-15.067],[-54.799,-15.027],[-54.793,-15.018],[-54.738,-14.977],[-54.733,-14.969],[-54.697,-14.953]]]}},{"type":"Feature","properties":{"id":"5102686","nome":"Campos de J\u00falio"},"geometry":{"type":"Polygon","coordinates":[[[-58.924,-12.837],[-58.924,-12.861],[-58.921,-12.875],[-58.914,-12.886],[-58.915,-12.896],[-58.911,-12.899],[-58.914,-12.909],[-58.911,-12.912],[-58.92,-12.92],[-58.925,-12.933],[-58.928,-12.946],[-58.926,-12.966],[-58.933,-12.977],[-58.954,-12.994],[-58.96,-13.018],[-58.962,-13.022],[-58.966,-13.021],[-58.964,-13.034],[-58.967,-13.045],[-58.976,-13.056],[-58.97,-13.056],[-58.966,-13.06],[-58.973,-13.065],[-58.98,-13.065],[-58.975,-13.08],[-58.965,-13.079],[-58.963,-13.082],[-58.96,-13.1],[-58.965,-13.106],[-58.959,-13.126],[-58.964,-13.13],[-58.974,-13.151],[-58.985,-13.158],[-58.993,-13.16],[-59.004,-13.182],[-58.989,-13.184],[-58.983,-13.198],[-58.993,-13.217],[-59.006,-13.217],[-59.01,-13.211],[-59.019,-13.207],[-59.027,-13.215],[-59.028,-13.228],[-59.033,-13.229],[-59.031,-13.235],[-59.037,-13.243],[-59.022,-13.25],[-59.02,-13.244],[-59.016,-13.243],[-59.013,-13.251],[-59.016,-13.262],[-59.024,-13.268],[-59.023,-13.284],[-59.029,-13.289],[-59.028,-13.303],[-59.036,-13.311],[-59.028,-13.326],[-59.016,-13.33],[-59.031,-13.345],[-59.022,-13.345],[-59.019,-13.354],[-59.022,-13.354],[-59.025,-13.36],[-59.018,-13.368],[-59.013,-13.369],[-59.016,-13.386],[-59.011,-13.389],[-59.008,-13.387],[-59.006,-13.393],[-59.009,-13.399],[-59.005,-13.403],[-58.998,-13.439],[-59.001,-13.454],[-59.005,-13.46],[-59.014,-13.458],[-59.017,-13.461],[-59.013,-13.474],[-59.019,-13.484],[-59.014,-13.491],[-59.016,-13.494],[-59.019,-13.489],[-59.023,-13.489],[-59.029,-13.496],[-59.029,-13.501],[-59.022,-13.506],[-59.017,-13.505],[-59.014,-13.512],[-59.018,-13.516],[-59.026,-13.517],[-59.023,-13.526],[-59.027,-13.533],[-59.024,-13.541],[-59.031,-13.543],[-59.035,-13.551],[-59.025,-13.56],[-59.034,-13.567],[-59.029,-13.587],[-59.035,-13.592],[-59.03,-13.599],[-59.018,-13.602],[-59.006,-13.624],[-59.003,-13.626],[-59.005,-13.63],[-59.013,-13.632],[-59.011,-13.642],[-59.007,-13.64],[-59.009,-13.645],[-59.018,-13.646],[-59.021,-13.651],[-59.015,-13.66],[-59.016,-13.67],[-59.009,-13.674],[-59.01,-13.678],[-58.998,-13.687],[-59.0,-13.692],[-59.002,-13.689],[-59.009,-13.69],[-59.013,-13.699],[-59.003,-13.708],[-59.011,-13.707],[-59.017,-13.713],[-59.015,-13.722],[-59.007,-13.724],[-59.005,-13.738],[-59.009,-13.743],[-59.007,-13.75],[-59.002,-13.75],[-59.009,-13.766],[-59.002,-13.766],[-58.996,-13.776],[-59.0,-13.784],[-58.994,-13.798],[-58.99,-13.799],[-58.988,-13.821],[-58.984,-13.825],[-58.984,-13.832],[-58.979,-13.833],[-58.978,-13.844],[-58.982,-13.848],[-58.98,-13.853],[-58.995,-13.859],[-58.994,-13.861],[-59.001,-13.867],[-59.0,-13.872],[-59.004,-13.876],[-59.002,-13.881],[-59.009,-13.889],[-59.01,-13.899],[-59.019,-13.903],[-59.016,-13.925],[-59.027,-13.931],[-59.024,-13.933],[-59.02,-13.931],[-59.016,-13.934],[-59.02,-13.949],[-59.016,-13.952],[-59.021,-13.96],[-59.026,-13.956],[-59.031,-13.96],[-59.03,-13.968],[-59.027,-13.967],[-59.023,-13.975],[-59.031,-13.98],[-59.036,-13.975],[-59.038,-13.976],[-59.038,-13.982],[-59.044,-13.986],[-59.042,-13.998],[-59.042,-14.004],[-59.035,-14.008],[-59.038,-14.01],[-59.035,-14.017],[-59.037,-14.024],[-59.044,-14.029],[-59.037,-14.032],[-59.036,-14.039],[-59.041,-14.044],[-59.04,-14.048],[-59.044,-14.05],[-59.039,-14.051],[-59.037,-14.057],[-59.043,-14.06],[-59.045,-14.058],[-59.043,-14.053],[-59.049,-14.053],[-59.046,-14.061],[-59.047,-14.067],[-59.044,-14.069],[-59.049,-14.078],[-59.059,-14.085],[-59.053,-14.09],[-59.063,-14.094],[-59.055,-14.102],[-59.058,-14.105],[-59.063,-14.104],[-59.065,-14.108],[-59.06,-14.119],[-59.067,-14.12],[-59.066,-14.13],[-59.069,-14.129],[-59.077,-14.138],[-59.074,-14.15],[-59.07,-14.149],[-59.068,-14.152],[-59.069,-14.158],[-59.066,-14.165],[-59.069,-14.173],[-59.081,-14.179],[-59.082,-14.184],[-59.091,-14.192],[-59.095,-14.205],[-59.094,-14.212],[-59.1,-14.219],[-59.099,-14.224],[-59.103,-14.23],[-59.095,-14.242],[-59.098,-14.248],[-59.093,-14.256],[-59.088,-14.255],[-59.084,-14.259],[-59.092,-14.263],[-59.092,-14.274],[-59.089,-14.276],[-59.097,-14.3],[-59.103,-14.302],[-59.107,-14.312],[-59.114,-14.308],[-59.117,-14.313],[-59.135,-14.324],[-59.134,-14.328],[-59.143,-14.336],[-59.143,-14.342],[-59.17,-14.348],[-59.192,-14.343],[-59.202,-14.35],[-59.204,-14.347],[-59.211,-14.356],[-59.221,-14.35],[-59.226,-14.357],[-59.263,-14.366],[-59.273,-14.374],[-59.275,-14.38],[-59.288,-14.388],[-59.291,-14.405],[-59.305,-14.433],[-59.298,-14.457],[-59.305,-14.475],[-59.306,-14.503],[-59.31,-14.509],[-59.316,-14.5],[-59.341,-14.423],[-59.342,-14.41],[-59.354,-14.385],[-59.368,-14.375],[-59.385,-14.364],[-59.378,-14.345],[-59.375,-14.338],[-59.381,-14.335],[-59.387,-14.316],[-59.391,-14.313],[-59.399,-14.269],[-59.408,-14.257],[-59.408,-14.246],[-59.417,-14.243],[-59.415,-14.236],[-59.418,-14.235],[-59.42,-14.224],[-59.416,-14.222],[-59.416,-14.218],[-59.42,-14.218],[-59.421,-14.214],[-59.419,-14.2],[-59.409,-14.184],[-59.41,-14.171],[-59.404,-14.163],[-59.405,-14.152],[-59.389,-14.14],[-59.384,-14.126],[-59.373,-14.13],[-59.369,-14.12],[-59.365,-14.117],[-59.366,-14.092],[-59.356,-14.088],[-59.354,-14.074],[-59.346,-14.066],[-59.342,-14.051],[-59.346,-14.038],[-59.352,-14.035],[-59.351,-14.025],[-59.359,-14.022],[-59.361,-14.006],[-59.374,-13.99],[-59.373,-13.985],[-59.377,-13.896],[-59.372,-13.889],[-59.38,-13.883],[-59.381,-13.878],[-59.386,-13.879],[-59.387,-13.883],[-59.394,-13.874],[-59.392,-13.864],[-59.4,-13.863],[-59.401,-13.867],[-59.402,-13.858],[-59.41,-13.854],[-59.42,-13.855],[-59.423,-13.862],[-59.432,-13.861],[-59.436,-13.847],[-59.433,-13.845],[-59.435,-13.84],[-59.432,-13.839],[-59.434,-13.836],[-59.441,-13.838],[-59.441,-13.829],[-59.448,-13.817],[-59.446,-13.817],[-59.447,-13.81],[-59.442,-13.81],[-59.452,-13.804],[-59.456,-13.792],[-59.452,-13.788],[-59.457,-13.764],[-59.455,-13.756],[-59.455,-13.745],[-59.45,-13.743],[-59.449,-13.737],[-59.454,-13.723],[-59.45,-13.716],[-59.459,-13.699],[-59.446,-13.684],[-59.436,-13.656],[-59.427,-13.656],[-59.431,-13.651],[-59.42,-13.634],[-59.423,-13.631],[-59.42,-13.623],[-59.424,-13.619],[-59.417,-13.618],[-59.422,-13.614],[-59.423,-13.606],[-59.418,-13.592],[-59.424,-13.59],[-59.421,-13.584],[-59.424,-13.584],[-59.427,-13.579],[-59.419,-13.571],[-59.428,-13.57],[-59.428,-13.565],[-59.423,-13.562],[-59.426,-13.557],[-59.423,-13.552],[-59.418,-13.55],[-59.415,-13.544],[-59.417,-13.536],[-59.412,-13.528],[-59.419,-13.518],[-59.423,-13.519],[-59.422,-13.515],[-59.416,-13.502],[-59.406,-13.501],[-59.403,-13.493],[-59.406,-13.487],[-59.397,-13.484],[-59.395,-13.475],[-59.388,-13.47],[-59.394,-13.466],[-59.391,-13.454],[-59.396,-13.445],[-59.404,-13.445],[-59.401,-13.435],[-59.405,-13.435],[-59.407,-13.431],[-59.403,-13.43],[-59.405,-13.425],[-59.401,-13.425],[-59.401,-13.422],[-59.397,-13.42],[-59.395,-13.411],[-59.399,-13.403],[-59.393,-13.385],[-59.394,-13.372],[-59.403,-13.366],[-59.393,-13.356],[-59.402,-13.332],[-59.413,-13.321],[-59.413,-13.3],[-59.416,-13.295],[-59.428,-13.289],[-59.421,-13.261],[-59.407,-13.242],[-59.401,-13.243],[-59.39,-13.236],[-59.388,-13.21],[-59.378,-13.196],[-59.38,-13.172],[-59.368,-13.156],[-59.362,-13.156],[-59.353,-13.124],[-59.338,-13.108],[-59.32,-13.109],[-59.315,-13.098],[-59.317,-13.094],[-59.308,-13.083],[-59.296,-13.084],[-59.293,-13.071],[-59.285,-13.062],[-59.266,-13.063],[-59.261,-13.053],[-59.246,-13.043],[-59.245,-13.037],[-59.249,-13.035],[-59.245,-13.024],[-59.249,-13.014],[-59.246,-13.004],[-59.241,-13.001],[-59.238,-13.004],[-59.232,-12.995],[-59.239,-12.985],[-59.245,-12.985],[-59.246,-12.978],[-59.242,-12.969],[-59.241,-12.945],[-59.23,-12.922],[-59.209,-12.904],[-59.199,-12.902],[-59.187,-12.893],[-59.161,-12.856],[-59.149,-12.85],[-59.144,-12.841],[-59.129,-12.842],[-59.111,-12.837],[-59.109,-12.827],[-59.097,-12.818],[-59.085,-12.802],[-59.06,-12.777],[-59.045,-12.745],[-59.045,-12.724],[-59.03,-12.705],[-59.018,-12.703],[-59.007,-12.696],[-58.995,-12.695],[-58.979,-12.687],[-58.968,-12.67],[-58.944,-12.655],[-58.93,-12.641],[-58.924,-12.654],[-58.928,-12.667],[-58.945,-12.693],[-58.949,-12.721],[-58.946,-12.724],[-58.944,-12.757],[-58.933,-12.778],[-58.933,-12.788],[-58.925,-12.808],[-58.932,-12.823],[-58.924,-12.837]]]}},{"type":"Feature","properties":{"id":"5102694","nome":"Canabrava do Norte"},"geometry":{"type":"Polygon","coordinates":[[[-52.189,-10.937],[-52.181,-10.949],[-52.168,-10.953],[-52.153,-10.965],[-52.148,-10.978],[-52.141,-10.982],[-52.112,-10.994],[-52.068,-10.995],[-52.061,-11.004],[-52.059,-11.014],[-52.052,-10.993],[-52.04,-11.007],[-52.029,-11.014],[-51.988,-11.02],[-51.977,-11.011],[-51.964,-11.011],[-51.952,-11.0],[-51.937,-10.991],[-51.89,-10.969],[-51.886,-10.96],[-51.876,-10.952],[-51.86,-10.947],[-51.832,-10.952],[-51.822,-10.94],[-51.807,-10.946],[-51.779,-10.942],[-51.767,-10.936],[-51.744,-10.939],[-51.733,-10.953],[-51.736,-10.96],[-51.731,-10.965],[-51.7,-10.968],[-51.69,-10.979],[-51.686,-10.976],[-51.665,-10.994],[-51.655,-10.993],[-51.651,-10.997],[-51.642,-10.998],[-51.627,-10.99],[-51.617,-11.002],[-51.61,-11.004],[-51.607,-11.0],[-51.602,-10.996],[-51.591,-10.999],[-51.583,-10.996],[-51.57,-11.001],[-51.565,-11.011],[-51.566,-11.029],[-51.553,-11.036],[-51.539,-11.032],[-51.526,-11.039],[-51.521,-11.03],[-51.496,-11.04],[-51.49,-11.034],[-51.489,-11.041],[-51.486,-11.041],[-51.482,-11.033],[-51.466,-11.029],[-51.462,-11.025],[-51.459,-11.033],[-51.449,-11.029],[-51.441,-11.031],[-51.432,-11.023],[-51.428,-11.031],[-51.414,-11.022],[-51.413,-11.026],[-51.408,-11.029],[-51.397,-11.024],[-51.403,-11.033],[-51.401,-11.039],[-51.407,-11.046],[-51.411,-11.049],[-51.417,-11.045],[-51.419,-11.052],[-51.43,-11.054],[-51.435,-11.059],[-51.442,-11.057],[-51.442,-11.066],[-51.454,-11.074],[-51.455,-11.083],[-51.463,-11.081],[-51.466,-11.087],[-51.473,-11.089],[-51.484,-11.111],[-51.49,-11.111],[-51.489,-11.116],[-51.501,-11.128],[-51.498,-11.132],[-51.509,-11.134],[-51.509,-11.151],[-51.512,-11.165],[-51.517,-11.169],[-51.519,-11.176],[-51.505,-11.192],[-51.497,-11.196],[-51.496,-11.201],[-51.49,-11.198],[-51.486,-11.204],[-51.483,-11.229],[-51.487,-11.239],[-51.486,-11.251],[-51.512,-11.264],[-51.53,-11.288],[-51.544,-11.294],[-51.561,-11.311],[-51.563,-11.32],[-51.56,-11.326],[-51.567,-11.339],[-51.581,-11.355],[-51.6,-11.358],[-51.628,-11.367],[-51.634,-11.381],[-51.633,-11.395],[-51.628,-11.404],[-51.631,-11.42],[-51.636,-11.429],[-51.648,-11.438],[-51.648,-11.448],[-51.658,-11.459],[-51.678,-11.463],[-51.691,-11.461],[-51.703,-11.466],[-51.713,-11.465],[-51.731,-11.481],[-51.75,-11.484],[-51.768,-11.511],[-51.781,-11.518],[-51.851,-11.506],[-51.922,-11.518],[-51.937,-11.526],[-51.94,-11.511],[-51.945,-11.507],[-51.944,-11.504],[-51.948,-11.503],[-51.95,-11.497],[-51.955,-11.496],[-51.959,-11.489],[-51.956,-11.488],[-51.962,-11.486],[-51.964,-11.483],[-51.96,-11.482],[-51.965,-11.471],[-51.974,-11.47],[-51.972,-11.467],[-51.977,-11.458],[-51.983,-11.455],[-51.984,-11.448],[-51.987,-11.45],[-51.988,-11.445],[-51.998,-11.441],[-52.001,-11.43],[-52.008,-11.422],[-52.006,-11.42],[-52.012,-11.413],[-52.015,-11.413],[-52.012,-11.405],[-52.017,-11.4],[-52.017,-11.403],[-52.02,-11.402],[-52.02,-11.396],[-52.025,-11.393],[-52.02,-11.39],[-52.023,-11.387],[-52.02,-11.385],[-52.028,-11.38],[-52.022,-11.375],[-52.033,-11.363],[-52.029,-11.357],[-52.033,-11.352],[-52.031,-11.334],[-52.037,-11.33],[-52.034,-11.325],[-52.033,-11.328],[-52.031,-11.326],[-52.029,-11.315],[-52.024,-11.314],[-52.027,-11.311],[-52.028,-11.295],[-52.041,-11.291],[-52.04,-11.285],[-52.045,-11.28],[-52.051,-11.28],[-52.056,-11.276],[-52.065,-11.279],[-52.066,-11.271],[-52.068,-11.274],[-52.079,-11.27],[-52.082,-11.263],[-52.088,-11.264],[-52.093,-11.255],[-52.1,-11.253],[-52.11,-11.243],[-52.107,-11.239],[-52.113,-11.232],[-52.112,-11.227],[-52.119,-11.216],[-52.116,-11.201],[-52.121,-11.199],[-52.113,-11.194],[-52.117,-11.187],[-52.109,-11.174],[-52.112,-11.172],[-52.109,-11.16],[-52.118,-11.162],[-52.115,-11.154],[-52.123,-11.152],[-52.125,-11.144],[-52.131,-11.144],[-52.137,-11.137],[-52.141,-11.138],[-52.148,-11.131],[-52.149,-11.135],[-52.153,-11.134],[-52.151,-11.128],[-52.157,-11.127],[-52.166,-11.117],[-52.17,-11.115],[-52.163,-11.111],[-52.17,-11.107],[-52.172,-11.093],[-52.18,-11.094],[-52.181,-11.097],[-52.189,-11.086],[-52.196,-11.091],[-52.199,-11.087],[-52.195,-11.075],[-52.205,-11.075],[-52.207,-11.072],[-52.2,-11.072],[-52.2,-11.066],[-52.204,-11.059],[-52.208,-11.06],[-52.21,-11.055],[-52.203,-11.052],[-52.212,-11.049],[-52.216,-11.039],[-52.222,-11.038],[-52.222,-11.032],[-52.216,-11.035],[-52.213,-11.03],[-52.216,-11.016],[-52.211,-11.006],[-52.206,-11.003],[-52.211,-10.999],[-52.215,-11.001],[-52.221,-10.999],[-52.221,-10.994],[-52.215,-10.987],[-52.216,-10.983],[-52.22,-10.982],[-52.223,-10.987],[-52.228,-10.987],[-52.228,-10.983],[-52.219,-10.978],[-52.222,-10.97],[-52.203,-10.953],[-52.2,-10.945],[-52.207,-10.945],[-52.208,-10.939],[-52.2,-10.938],[-52.198,-10.941],[-52.195,-10.936],[-52.189,-10.937]]]}},{"type":"Feature","properties":{"id":"5102702","nome":"Canarana"},"geometry":{"type":"Polygon","coordinates":[[[-52.904,-12.603],[-52.891,-12.611],[-52.892,-12.616],[-52.884,-12.61],[-52.885,-12.618],[-52.875,-12.622],[-52.875,-12.618],[-52.868,-12.621],[-52.855,-12.611],[-52.847,-12.617],[-52.844,-12.611],[-52.838,-12.623],[-52.829,-12.627],[-52.828,-12.621],[-52.825,-12.627],[-52.822,-12.628],[-52.821,-12.624],[-52.818,-12.63],[-52.812,-12.627],[-52.811,-12.632],[-52.808,-12.631],[-52.801,-12.636],[-52.804,-12.643],[-52.796,-12.638],[-52.784,-12.65],[-52.78,-12.649],[-52.778,-12.643],[-52.775,-12.648],[-52.765,-12.651],[-52.76,-12.643],[-52.758,-12.645],[-52.753,-12.644],[-52.749,-12.637],[-52.739,-12.64],[-52.736,-12.651],[-52.733,-12.649],[-52.733,-12.644],[-52.723,-12.648],[-52.72,-12.654],[-52.716,-12.652],[-52.714,-12.655],[-52.718,-12.657],[-52.714,-12.66],[-52.709,-12.652],[-52.698,-12.65],[-52.693,-12.655],[-52.684,-12.656],[-52.68,-12.664],[-52.649,-12.663],[-52.641,-12.669],[-52.636,-12.665],[-52.634,-12.67],[-52.637,-12.673],[-52.626,-12.681],[-52.623,-12.68],[-52.622,-12.686],[-52.616,-12.687],[-52.619,-12.695],[-52.613,-12.696],[-52.608,-12.706],[-52.599,-12.713],[-52.598,-12.719],[-52.591,-12.724],[-52.579,-12.725],[-52.577,-12.731],[-52.564,-12.72],[-52.56,-12.722],[-52.555,-12.718],[-52.539,-12.719],[-52.531,-12.713],[-52.524,-12.72],[-52.52,-12.715],[-52.513,-12.718],[-52.513,-12.723],[-52.501,-12.731],[-52.498,-12.73],[-52.496,-12.737],[-52.499,-12.744],[-52.491,-12.764],[-52.494,-12.764],[-52.502,-12.776],[-52.499,-12.788],[-52.505,-12.792],[-52.5,-12.797],[-52.501,-12.8],[-52.497,-12.8],[-52.492,-12.825],[-52.487,-12.824],[-52.478,-12.833],[-52.469,-12.833],[-52.474,-12.838],[-52.472,-12.839],[-52.466,-12.837],[-52.469,-12.84],[-52.464,-12.847],[-52.468,-12.849],[-52.462,-12.851],[-52.462,-12.856],[-52.458,-12.855],[-52.466,-12.859],[-52.464,-12.867],[-52.479,-12.874],[-52.483,-12.894],[-52.48,-12.901],[-52.484,-12.902],[-52.476,-12.907],[-52.48,-12.909],[-52.467,-12.921],[-52.47,-12.925],[-52.469,-12.933],[-52.474,-12.935],[-52.47,-12.94],[-52.473,-12.948],[-52.47,-12.947],[-52.474,-12.961],[-52.468,-12.969],[-52.468,-12.978],[-52.459,-12.984],[-52.467,-12.993],[-52.463,-12.995],[-52.459,-13.017],[-52.461,-13.021],[-52.453,-13.036],[-52.449,-13.052],[-52.444,-13.053],[-52.442,-13.05],[-52.437,-13.054],[-52.426,-13.055],[-52.417,-13.072],[-52.416,-13.09],[-52.41,-13.095],[-52.411,-13.113],[-52.406,-13.113],[-52.407,-13.115],[-52.401,-13.118],[-52.4,-13.13],[-52.391,-13.142],[-52.393,-13.147],[-52.389,-13.148],[-52.392,-13.153],[-52.386,-13.155],[-52.383,-13.163],[-52.368,-13.169],[-52.357,-13.166],[-52.346,-13.181],[-52.347,-13.189],[-52.351,-13.191],[-52.346,-13.195],[-52.35,-13.199],[-52.342,-13.2],[-52.335,-13.204],[-52.327,-13.223],[-52.301,-13.223],[-52.293,-13.226],[-52.285,-13.237],[-52.282,-13.246],[-52.28,-13.256],[-52.215,-13.21],[-52.2,-13.206],[-52.19,-13.196],[-52.163,-13.196],[-52.156,-13.191],[-52.152,-13.174],[-52.14,-13.163],[-52.143,-13.136],[-52.136,-13.125],[-52.118,-13.115],[-52.111,-13.114],[-52.11,-13.108],[-52.098,-13.111],[-52.094,-13.108],[-52.085,-13.113],[-52.083,-13.11],[-52.08,-13.114],[-52.065,-13.111],[-52.056,-13.126],[-52.051,-13.123],[-52.038,-13.129],[-52.036,-13.127],[-52.029,-13.135],[-52.016,-13.141],[-52.014,-13.147],[-52.011,-13.144],[-52.006,-13.151],[-51.998,-13.153],[-51.994,-13.164],[-51.984,-13.174],[-51.966,-13.18],[-51.956,-13.204],[-51.939,-13.206],[-51.93,-13.214],[-51.931,-13.225],[-51.933,-13.23],[-51.932,-13.247],[-51.915,-13.261],[-51.916,-13.297],[-51.902,-13.322],[-51.902,-13.346],[-51.908,-13.363],[-51.903,-13.372],[-51.892,-13.374],[-51.888,-13.379],[-51.889,-13.392],[-51.911,-13.43],[-51.905,-13.463],[-51.899,-13.475],[-51.894,-13.48],[-51.878,-13.481],[-51.873,-13.487],[-51.87,-13.498],[-51.878,-13.509],[-51.877,-13.515],[-51.842,-13.445],[-51.833,-13.443],[-51.814,-13.421],[-51.802,-13.421],[-51.793,-13.427],[-51.782,-13.429],[-51.77,-13.422],[-51.761,-13.425],[-51.756,-13.421],[-51.746,-13.422],[-51.74,-13.417],[-51.73,-13.417],[-51.714,-13.428],[-51.698,-13.426],[-51.69,-13.423],[-51.681,-13.41],[-51.667,-13.401],[-51.66,-13.406],[-51.661,-13.401],[-51.653,-13.392],[-51.649,-13.392],[-51.649,-13.387],[-51.641,-13.379],[-51.625,-13.38],[-51.62,-13.37],[-51.604,-13.365],[-51.589,-13.355],[-51.579,-13.353],[-51.544,-13.364],[-51.534,-13.377],[-51.526,-13.397],[-51.518,-13.408],[-51.509,-13.411],[-51.504,-13.405],[-51.495,-13.406],[-51.473,-13.417],[-51.435,-13.427],[-51.427,-13.435],[-51.412,-13.436],[-51.382,-13.449],[-51.396,-13.475],[-51.405,-13.478],[-51.411,-13.486],[-51.416,-13.506],[-51.413,-13.546],[-51.422,-13.547],[-51.428,-13.553],[-51.428,-13.569],[-51.433,-13.578],[-51.439,-13.583],[-51.445,-13.581],[-51.446,-13.576],[-51.439,-13.565],[-51.439,-13.559],[-51.457,-13.541],[-51.461,-13.543],[-51.464,-13.56],[-51.478,-13.569],[-51.492,-13.583],[-51.49,-13.588],[-51.479,-13.578],[-51.472,-13.581],[-51.47,-13.588],[-51.475,-13.596],[-51.476,-13.607],[-51.468,-13.617],[-51.47,-13.626],[-51.478,-13.627],[-51.478,-13.631],[-51.485,-13.634],[-51.497,-13.628],[-51.5,-13.622],[-51.502,-13.627],[-51.508,-13.623],[-51.508,-13.614],[-51.516,-13.607],[-51.547,-13.607],[-51.556,-13.616],[-51.56,-13.613],[-51.574,-13.616],[-51.582,-13.61],[-51.59,-13.611],[-51.591,-13.614],[-51.598,-13.61],[-51.605,-13.61],[-51.604,-13.614],[-51.612,-13.614],[-51.611,-13.62],[-51.616,-13.617],[-51.624,-13.624],[-51.626,-13.619],[-51.638,-13.624],[-51.639,-13.628],[-51.647,-13.627],[-51.647,-13.631],[-51.653,-13.631],[-51.655,-13.637],[-51.654,-13.643],[-51.662,-13.637],[-51.666,-13.643],[-51.67,-13.643],[-51.673,-13.655],[-51.684,-13.661],[-51.685,-13.669],[-51.69,-13.665],[-51.705,-13.666],[-51.716,-13.673],[-51.722,-13.67],[-51.725,-13.677],[-51.734,-13.675],[-51.737,-13.681],[-51.742,-13.682],[-51.745,-13.678],[-51.75,-13.687],[-51.756,-13.686],[-51.761,-13.693],[-51.776,-13.696],[-51.776,-13.699],[-51.783,-13.704],[-51.792,-13.718],[-51.802,-13.72],[-51.804,-13.726],[-51.81,-13.726],[-51.816,-13.734],[-51.824,-13.733],[-51.83,-13.737],[-51.847,-13.743],[-51.847,-13.748],[-51.853,-13.749],[-51.853,-13.754],[-51.86,-13.754],[-51.865,-13.764],[-51.872,-13.769],[-51.891,-13.774],[-51.894,-13.778],[-51.897,-13.775],[-51.9,-13.777],[-51.912,-13.769],[-51.924,-13.75],[-51.928,-13.752],[-51.937,-13.749],[-51.946,-13.752],[-51.955,-13.761],[-51.96,-13.759],[-51.973,-13.775],[-51.986,-13.773],[-51.987,-13.782],[-51.992,-13.775],[-52.01,-13.772],[-52.018,-13.774],[-52.022,-13.768],[-52.028,-13.774],[-52.03,-13.765],[-52.038,-13.763],[-52.034,-13.76],[-52.039,-13.758],[-52.042,-13.755],[-52.418,-13.667],[-52.436,-13.666],[-52.759,-13.651],[-52.76,-13.651],[-53.098,-13.634],[-53.092,-13.623],[-53.088,-13.624],[-53.089,-13.618],[-53.08,-13.622],[-53.079,-13.619],[-53.086,-13.593],[-53.097,-13.581],[-53.083,-13.577],[-53.083,-13.57],[-53.076,-13.568],[-53.074,-13.56],[-53.08,-13.548],[-53.078,-13.539],[-53.089,-13.532],[-53.083,-13.525],[-53.089,-13.522],[-53.094,-13.523],[-53.095,-13.513],[-53.089,-13.514],[-53.073,-13.507],[-53.073,-13.5],[-53.078,-13.496],[-53.084,-13.497],[-53.084,-13.494],[-53.072,-13.483],[-53.068,-13.47],[-53.074,-13.457],[-53.062,-13.452],[-53.068,-13.445],[-53.056,-13.437],[-53.049,-13.437],[-53.046,-13.423],[-53.05,-13.42],[-53.041,-13.415],[-53.044,-13.409],[-53.03,-13.401],[-53.038,-13.398],[-53.04,-13.393],[-53.035,-13.385],[-53.026,-13.382],[-53.034,-13.374],[-53.026,-13.373],[-53.022,-13.367],[-53.016,-13.372],[-53.019,-13.365],[-53.026,-13.361],[-53.012,-13.348],[-53.021,-13.342],[-53.014,-13.34],[-53.009,-13.343],[-53.006,-13.34],[-53.007,-13.331],[-53.015,-13.327],[-53.008,-13.318],[-53.004,-13.32],[-53.001,-13.317],[-53.005,-13.308],[-52.992,-13.305],[-52.991,-13.314],[-52.986,-13.31],[-52.99,-13.294],[-52.982,-13.293],[-52.977,-13.287],[-52.978,-13.277],[-52.969,-13.277],[-52.968,-13.27],[-52.964,-13.271],[-52.965,-13.262],[-52.974,-13.262],[-52.97,-13.257],[-52.977,-13.26],[-52.979,-13.257],[-52.973,-13.252],[-52.964,-13.251],[-52.963,-13.242],[-52.957,-13.246],[-52.954,-13.243],[-52.961,-13.236],[-52.959,-13.231],[-52.951,-13.229],[-52.965,-13.226],[-52.964,-13.218],[-52.95,-13.214],[-52.951,-13.207],[-52.937,-13.222],[-52.935,-13.217],[-52.942,-13.21],[-52.933,-13.211],[-52.931,-13.208],[-52.935,-13.204],[-52.927,-13.201],[-52.924,-13.205],[-52.921,-13.204],[-52.919,-13.199],[-52.916,-13.198],[-52.918,-13.181],[-52.911,-13.177],[-52.907,-13.181],[-52.914,-13.166],[-52.914,-13.16],[-52.904,-13.157],[-52.899,-13.164],[-52.903,-13.149],[-52.901,-13.145],[-52.894,-13.142],[-52.902,-13.135],[-52.894,-13.133],[-52.902,-13.125],[-52.906,-13.135],[-52.91,-13.134],[-52.908,-13.116],[-52.912,-13.106],[-52.903,-13.102],[-52.899,-13.104],[-52.902,-13.115],[-52.897,-13.113],[-52.898,-13.093],[-52.886,-13.09],[-52.896,-13.083],[-52.891,-13.08],[-52.882,-13.084],[-52.887,-13.068],[-52.893,-13.066],[-52.883,-13.063],[-52.89,-13.058],[-52.877,-13.05],[-52.874,-13.059],[-52.871,-13.058],[-52.873,-13.047],[-52.883,-13.042],[-52.863,-13.03],[-52.873,-13.019],[-52.868,-13.006],[-52.877,-13.002],[-52.879,-12.985],[-52.866,-12.977],[-52.871,-12.972],[-52.869,-12.967],[-52.853,-12.969],[-52.862,-12.956],[-52.853,-12.957],[-52.851,-12.948],[-52.839,-12.946],[-52.838,-12.939],[-52.847,-12.936],[-52.837,-12.932],[-52.841,-12.924],[-52.834,-12.927],[-52.829,-12.937],[-52.826,-12.934],[-52.829,-12.928],[-52.825,-12.925],[-52.832,-12.904],[-52.824,-12.877],[-52.814,-12.884],[-52.812,-12.87],[-52.815,-12.859],[-52.814,-12.856],[-52.813,-12.846],[-52.824,-12.844],[-52.833,-12.841],[-52.834,-12.837],[-52.83,-12.826],[-52.846,-12.82],[-52.848,-12.809],[-52.892,-12.787],[-52.895,-12.783],[-52.891,-12.772],[-52.896,-12.764],[-52.91,-12.763],[-52.917,-12.759],[-52.901,-12.742],[-52.887,-12.738],[-52.888,-12.732],[-52.894,-12.728],[-52.901,-12.729],[-52.924,-12.745],[-52.928,-12.723],[-52.922,-12.708],[-52.925,-12.706],[-52.927,-12.711],[-52.934,-12.714],[-52.938,-12.711],[-52.934,-12.695],[-52.937,-12.685],[-52.934,-12.681],[-52.945,-12.675],[-52.949,-12.663],[-52.955,-12.664],[-52.959,-12.67],[-52.963,-12.668],[-52.961,-12.66],[-52.945,-12.653],[-52.95,-12.637],[-52.936,-12.636],[-52.939,-12.629],[-52.937,-12.627],[-52.918,-12.625],[-52.927,-12.611],[-52.924,-12.604],[-52.917,-12.609],[-52.904,-12.603]]]}},{"type":"Feature","properties":{"id":"5102793","nome":"Carlinda"},"geometry":{"type":"Polygon","coordinates":[[[-55.68,-9.89],[-55.672,-9.898],[-55.661,-9.896],[-55.641,-9.88],[-55.63,-9.88],[-55.618,-9.886],[-55.605,-9.912],[-55.584,-9.931],[-55.575,-9.95],[-55.575,-9.969],[-55.571,-9.981],[-55.559,-9.992],[-55.556,-9.998],[-55.558,-10.011],[-55.555,-10.061],[-55.561,-10.08],[-55.559,-10.1],[-55.567,-10.116],[-55.567,-10.117],[-55.567,-10.127],[-55.566,-10.14],[-55.578,-10.168],[-55.571,-10.184],[-55.588,-10.218],[-55.626,-10.246],[-55.668,-10.256],[-55.688,-10.252],[-55.702,-10.25],[-55.734,-10.234],[-55.806,-10.242],[-55.815,-10.246],[-55.831,-10.276],[-55.86,-10.296],[-55.869,-10.313],[-55.883,-10.335],[-55.911,-10.36],[-55.923,-10.382],[-55.932,-10.391],[-55.938,-10.388],[-55.955,-10.383],[-55.976,-10.386],[-55.994,-10.395],[-56.005,-10.391],[-56.014,-10.395],[-56.02,-10.394],[-56.03,-10.371],[-56.053,-10.367],[-56.061,-10.347],[-56.057,-10.328],[-56.079,-10.31],[-56.083,-10.31],[-56.096,-10.29],[-56.133,-10.277],[-56.15,-10.244],[-56.161,-10.235],[-56.18,-10.238],[-56.189,-10.234],[-56.2,-10.239],[-56.206,-10.231],[-56.216,-10.226],[-56.176,-10.172],[-56.142,-10.16],[-56.113,-10.136],[-56.104,-10.108],[-56.1,-10.107],[-56.056,-10.111],[-56.052,-10.122],[-56.04,-10.12],[-56.033,-10.125],[-56.024,-10.123],[-56.007,-10.126],[-55.994,-10.11],[-55.972,-10.097],[-55.956,-10.075],[-55.936,-10.062],[-55.909,-10.05],[-55.898,-10.035],[-55.906,-10.001],[-55.899,-9.996],[-55.887,-9.97],[-55.878,-9.96],[-55.873,-9.951],[-55.873,-9.937],[-55.868,-9.925],[-55.87,-9.918],[-55.859,-9.907],[-55.866,-9.903],[-55.861,-9.893],[-55.86,-9.884],[-55.864,-9.884],[-55.858,-9.86],[-55.852,-9.849],[-55.844,-9.846],[-55.841,-9.825],[-55.836,-9.817],[-55.841,-9.809],[-55.839,-9.795],[-55.822,-9.771],[-55.824,-9.76],[-55.828,-9.755],[-55.826,-9.75],[-55.83,-9.746],[-55.828,-9.74],[-55.831,-9.736],[-55.814,-9.732],[-55.8,-9.736],[-55.781,-9.762],[-55.766,-9.769],[-55.753,-9.771],[-55.745,-9.776],[-55.725,-9.796],[-55.718,-9.813],[-55.691,-9.861],[-55.68,-9.89]]]}},{"type":"Feature","properties":{"id":"5102850","nome":"Castanheira"},"geometry":{"type":"Polygon","coordinates":[[[-58.419,-10.568],[-58.388,-10.611],[-58.384,-10.621],[-58.383,-10.629],[-58.39,-10.649],[-58.374,-10.677],[-58.367,-10.698],[-58.371,-10.723],[-58.354,-10.757],[-58.353,-10.758],[-58.329,-10.794],[-58.333,-10.822],[-58.345,-10.834],[-58.354,-10.849],[-58.357,-10.862],[-58.345,-10.877],[-58.342,-10.902],[-58.335,-10.911],[-58.341,-10.925],[-58.342,-10.949],[-58.362,-10.961],[-58.365,-10.971],[-58.374,-10.976],[-58.374,-10.985],[-58.381,-10.988],[-58.373,-11.001],[-58.365,-11.022],[-58.367,-11.034],[-58.358,-11.058],[-58.351,-11.061],[-58.345,-11.072],[-58.329,-11.109],[-58.331,-11.118],[-58.337,-11.124],[-58.333,-11.128],[-58.34,-11.132],[-58.341,-11.137],[-58.325,-11.166],[-58.33,-11.178],[-58.328,-11.188],[-58.338,-11.195],[-58.342,-11.201],[-58.353,-11.206],[-58.35,-11.222],[-58.366,-11.235],[-58.368,-11.246],[-58.384,-11.242],[-58.397,-11.244],[-58.402,-11.255],[-58.423,-11.271],[-58.428,-11.28],[-58.429,-11.29],[-58.43,-11.304],[-58.451,-11.314],[-58.456,-11.321],[-58.456,-11.331],[-58.474,-11.339],[-58.481,-11.339],[-58.487,-11.333],[-58.499,-11.339],[-58.529,-11.317],[-58.612,-11.259],[-58.648,-11.251],[-58.674,-11.246],[-58.701,-11.241],[-58.735,-11.235],[-58.776,-11.227],[-58.852,-11.198],[-58.858,-11.177],[-58.868,-11.176],[-58.88,-11.162],[-58.89,-11.158],[-58.9,-11.145],[-58.891,-11.136],[-58.892,-11.119],[-58.87,-11.112],[-58.868,-11.106],[-58.854,-11.107],[-58.853,-11.103],[-58.844,-11.106],[-58.842,-11.1],[-58.839,-11.103],[-58.84,-11.099],[-58.834,-11.094],[-58.837,-11.087],[-58.818,-11.079],[-58.817,-11.068],[-58.807,-11.057],[-58.813,-11.047],[-58.826,-11.039],[-58.861,-11.032],[-58.858,-11.023],[-58.862,-11.016],[-58.877,-11.013],[-58.887,-11.016],[-58.897,-11.006],[-58.911,-11.002],[-58.919,-11.004],[-58.927,-11.013],[-58.934,-11.004],[-58.931,-10.994],[-58.937,-10.99],[-58.943,-10.992],[-58.968,-10.965],[-58.949,-10.973],[-58.94,-10.967],[-58.934,-10.959],[-58.936,-10.943],[-58.926,-10.932],[-58.924,-10.907],[-58.931,-10.902],[-58.94,-10.913],[-58.958,-10.896],[-58.973,-10.896],[-58.98,-10.893],[-58.983,-10.887],[-58.989,-10.886],[-58.991,-10.889],[-58.997,-10.884],[-58.994,-10.872],[-58.97,-10.863],[-58.954,-10.862],[-58.944,-10.878],[-58.936,-10.879],[-58.934,-10.863],[-58.915,-10.859],[-58.878,-10.836],[-58.867,-10.836],[-58.858,-10.812],[-58.837,-10.813],[-58.832,-10.808],[-58.825,-10.811],[-58.828,-10.799],[-58.839,-10.791],[-58.858,-10.796],[-58.904,-10.789],[-58.894,-10.777],[-58.882,-10.741],[-58.869,-10.739],[-58.861,-10.731],[-58.84,-10.731],[-58.833,-10.725],[-58.832,-10.715],[-58.827,-10.711],[-58.798,-10.709],[-58.792,-10.699],[-58.781,-10.709],[-58.78,-10.703],[-58.77,-10.692],[-58.76,-10.693],[-58.749,-10.688],[-58.746,-10.691],[-58.737,-10.692],[-58.722,-10.665],[-58.693,-10.667],[-58.684,-10.663],[-58.671,-10.665],[-58.672,-10.661],[-58.66,-10.661],[-58.658,-10.664],[-58.646,-10.661],[-58.642,-10.647],[-58.636,-10.647],[-58.629,-10.641],[-58.625,-10.642],[-58.618,-10.634],[-58.611,-10.641],[-58.611,-10.635],[-58.609,-10.636],[-58.604,-10.638],[-58.598,-10.631],[-58.589,-10.633],[-58.586,-10.628],[-58.578,-10.63],[-58.575,-10.621],[-58.571,-10.626],[-58.552,-10.619],[-58.537,-10.623],[-58.539,-10.626],[-58.531,-10.628],[-58.529,-10.634],[-58.521,-10.633],[-58.517,-10.626],[-58.516,-10.632],[-58.511,-10.627],[-58.492,-10.624],[-58.487,-10.613],[-58.481,-10.613],[-58.479,-10.608],[-58.475,-10.607],[-58.475,-10.602],[-58.468,-10.604],[-58.46,-10.596],[-58.461,-10.588],[-58.458,-10.588],[-58.457,-10.581],[-58.452,-10.582],[-58.451,-10.576],[-58.446,-10.576],[-58.447,-10.569],[-58.443,-10.569],[-58.443,-10.574],[-58.435,-10.572],[-58.434,-10.568],[-58.43,-10.573],[-58.419,-10.568]]]}},{"type":"Feature","properties":{"id":"5103007","nome":"Chapada dos Guimar\u00e3es"},"geometry":{"type":"Polygon","coordinates":[[[-55.367,-14.6],[-55.375,-14.616],[-55.391,-14.616],[-55.4,-14.63],[-55.41,-14.635],[-55.413,-14.633],[-55.423,-14.635],[-55.433,-14.645],[-55.433,-14.652],[-55.44,-14.66],[-55.449,-14.665],[-55.465,-14.664],[-55.472,-14.672],[-55.472,-14.677],[-55.477,-14.68],[-55.474,-14.684],[-55.478,-14.689],[-55.48,-14.704],[-55.484,-14.709],[-55.492,-14.709],[-55.49,-14.713],[-55.497,-14.722],[-55.502,-14.745],[-55.509,-14.744],[-55.508,-14.749],[-55.513,-14.754],[-55.526,-14.758],[-55.529,-14.766],[-55.535,-14.764],[-55.556,-14.769],[-55.564,-14.772],[-55.566,-14.777],[-55.583,-14.778],[-55.588,-14.786],[-55.593,-14.781],[-55.602,-14.792],[-55.605,-14.786],[-55.61,-14.789],[-55.625,-14.8],[-55.636,-14.803],[-55.64,-14.808],[-55.641,-14.82],[-55.65,-14.817],[-55.651,-14.825],[-55.637,-14.836],[-55.631,-14.836],[-55.627,-14.831],[-55.619,-14.837],[-55.609,-14.837],[-55.596,-14.842],[-55.578,-14.839],[-55.573,-14.847],[-55.585,-14.858],[-55.577,-14.865],[-55.577,-14.871],[-55.567,-14.867],[-55.563,-14.869],[-55.55,-14.856],[-55.542,-14.864],[-55.537,-14.857],[-55.531,-14.864],[-55.53,-14.868],[-55.535,-14.873],[-55.525,-14.878],[-55.521,-14.873],[-55.511,-14.871],[-55.492,-14.877],[-55.475,-14.868],[-55.458,-14.869],[-55.432,-14.853],[-55.421,-14.853],[-55.42,-14.842],[-55.398,-14.843],[-55.396,-14.839],[-55.389,-14.838],[-55.387,-14.833],[-55.383,-14.837],[-55.377,-14.835],[-55.369,-14.839],[-55.368,-14.831],[-55.362,-14.83],[-55.368,-14.824],[-55.357,-14.821],[-55.353,-14.819],[-55.351,-14.83],[-55.345,-14.826],[-55.335,-14.838],[-55.339,-14.844],[-55.332,-14.845],[-55.325,-14.841],[-55.325,-14.831],[-55.311,-14.823],[-55.317,-14.819],[-55.316,-14.812],[-55.309,-14.81],[-55.304,-14.814],[-55.298,-14.81],[-55.3,-14.817],[-55.298,-14.82],[-55.295,-14.815],[-55.288,-14.817],[-55.287,-14.806],[-55.281,-14.811],[-55.274,-14.812],[-55.276,-14.817],[-55.273,-14.82],[-55.267,-14.815],[-55.253,-14.815],[-55.25,-14.81],[-55.241,-14.818],[-55.231,-14.819],[-55.23,-14.823],[-55.225,-14.822],[-55.217,-14.828],[-55.215,-14.824],[-55.212,-14.827],[-55.207,-14.822],[-55.197,-14.826],[-55.196,-14.82],[-55.19,-14.819],[-55.19,-14.803],[-55.188,-14.81],[-55.182,-14.812],[-55.184,-14.805],[-55.176,-14.795],[-55.17,-14.798],[-55.168,-14.794],[-55.157,-14.786],[-55.149,-14.788],[-55.155,-14.792],[-55.157,-14.797],[-55.153,-14.803],[-55.144,-14.803],[-55.143,-14.809],[-55.145,-14.812],[-55.141,-14.816],[-55.146,-14.824],[-55.149,-14.824],[-55.146,-14.831],[-55.15,-14.838],[-55.149,-14.842],[-55.146,-14.842],[-55.146,-14.849],[-55.15,-14.857],[-55.144,-14.865],[-55.144,-14.874],[-55.148,-14.877],[-55.136,-14.911],[-55.122,-14.92],[-55.121,-14.926],[-55.115,-14.93],[-55.113,-14.94],[-55.11,-14.942],[-55.103,-14.957],[-55.107,-14.967],[-55.129,-14.969],[-55.138,-14.979],[-55.137,-14.987],[-55.124,-14.994],[-55.109,-14.995],[-55.107,-14.999],[-55.093,-14.998],[-55.089,-15.006],[-55.084,-14.997],[-55.073,-14.996],[-55.05,-14.998],[-55.046,-15.006],[-55.037,-14.999],[-55.024,-15.0],[-55.021,-15.013],[-55.022,-15.019],[-55.017,-15.03],[-54.999,-15.034],[-54.997,-15.047],[-54.983,-15.056],[-54.969,-15.059],[-54.955,-15.05],[-54.937,-15.054],[-54.92,-15.051],[-54.91,-15.045],[-54.917,-15.068],[-54.943,-15.07],[-54.959,-15.077],[-54.971,-15.076],[-55.0,-15.086],[-55.018,-15.083],[-55.042,-15.096],[-55.056,-15.099],[-55.076,-15.095],[-55.093,-15.105],[-55.096,-15.104],[-55.098,-15.106],[-55.168,-15.205],[-55.335,-15.351],[-55.316,-15.35],[-55.304,-15.355],[-55.295,-15.355],[-55.284,-15.379],[-55.274,-15.38],[-55.266,-15.402],[-55.268,-15.412],[-55.276,-15.421],[-55.29,-15.431],[-55.287,-15.472],[-55.294,-15.481],[-55.296,-15.494],[-55.304,-15.508],[-55.303,-15.515],[-55.306,-15.515],[-55.341,-15.486],[-55.35,-15.486],[-55.373,-15.491],[-55.379,-15.499],[-55.403,-15.509],[-55.399,-15.531],[-55.416,-15.544],[-55.421,-15.562],[-55.435,-15.582],[-55.442,-15.611],[-55.436,-15.617],[-55.423,-15.622],[-55.374,-15.609],[-55.356,-15.599],[-55.383,-15.634],[-55.389,-15.629],[-55.401,-15.629],[-55.423,-15.636],[-55.435,-15.635],[-55.454,-15.613],[-55.454,-15.604],[-55.46,-15.602],[-55.468,-15.604],[-55.471,-15.601],[-55.479,-15.615],[-55.486,-15.605],[-55.497,-15.608],[-55.464,-15.581],[-55.465,-15.576],[-55.473,-15.574],[-55.481,-15.565],[-55.476,-15.544],[-55.496,-15.544],[-55.51,-15.54],[-55.548,-15.518],[-55.556,-15.509],[-55.557,-15.495],[-55.568,-15.482],[-55.59,-15.473],[-55.619,-15.473],[-55.632,-15.469],[-55.643,-15.469],[-55.648,-15.469],[-55.649,-15.469],[-55.67,-15.478],[-55.68,-15.477],[-55.719,-15.49],[-55.729,-15.491],[-55.746,-15.488],[-55.758,-15.48],[-55.762,-15.472],[-55.765,-15.456],[-55.773,-15.445],[-55.777,-15.43],[-55.773,-15.417],[-55.779,-15.411],[-55.792,-15.406],[-55.797,-15.384],[-55.806,-15.37],[-55.805,-15.358],[-55.799,-15.349],[-55.799,-15.33],[-55.814,-15.305],[-55.828,-15.306],[-55.855,-15.29],[-55.861,-15.285],[-55.868,-15.288],[-55.872,-15.274],[-55.878,-15.278],[-55.888,-15.269],[-55.9,-15.269],[-55.906,-15.274],[-55.92,-15.272],[-55.931,-15.268],[-55.932,-15.26],[-55.93,-15.253],[-55.922,-15.246],[-55.92,-15.231],[-55.918,-15.229],[-55.91,-15.219],[-55.897,-15.192],[-55.905,-15.188],[-55.901,-15.176],[-55.909,-15.165],[-55.912,-15.147],[-55.903,-15.135],[-55.909,-15.115],[-55.907,-15.097],[-55.918,-15.09],[-55.919,-15.078],[-55.924,-15.071],[-55.939,-15.088],[-55.952,-15.088],[-55.962,-15.084],[-55.974,-15.093],[-55.977,-15.095],[-55.986,-15.089],[-55.994,-15.095],[-56.0,-15.09],[-56.016,-15.093],[-56.023,-15.099],[-56.041,-15.088],[-56.066,-15.086],[-56.071,-15.082],[-56.085,-15.088],[-56.111,-15.083],[-56.127,-15.094],[-56.129,-15.1],[-56.142,-15.097],[-56.158,-15.108],[-56.172,-15.107],[-56.175,-15.098],[-56.179,-15.1],[-56.177,-15.106],[-56.182,-15.097],[-56.193,-15.099],[-56.201,-15.083],[-56.201,-15.072],[-56.21,-15.062],[-56.209,-15.056],[-56.203,-15.047],[-56.189,-15.04],[-56.188,-15.036],[-56.188,-15.021],[-56.194,-15.005],[-56.201,-14.999],[-56.202,-14.99],[-55.974,-15.072],[-55.948,-15.081],[-55.942,-15.073],[-55.937,-15.041],[-55.943,-15.028],[-55.939,-15.02],[-55.947,-15.018],[-55.952,-14.997],[-55.973,-14.964],[-55.983,-14.954],[-55.985,-14.947],[-56.009,-14.914],[-56.013,-14.901],[-56.003,-14.901],[-55.998,-14.891],[-55.987,-14.887],[-55.972,-14.874],[-55.965,-14.872],[-55.949,-14.877],[-55.934,-14.87],[-55.915,-14.868],[-55.912,-14.869],[-55.909,-14.862],[-55.892,-14.854],[-55.876,-14.84],[-55.866,-14.84],[-55.858,-14.835],[-55.841,-14.855],[-55.835,-14.844],[-55.832,-14.845],[-55.828,-14.858],[-55.814,-14.841],[-55.808,-14.844],[-55.799,-14.839],[-55.782,-14.837],[-55.766,-14.825],[-55.766,-14.818],[-55.76,-14.812],[-55.76,-14.798],[-55.765,-14.786],[-55.763,-14.784],[-55.742,-14.779],[-55.713,-14.753],[-55.66,-14.729],[-55.36,-14.565],[-55.358,-14.564],[-55.36,-14.585],[-55.356,-14.592],[-55.367,-14.6]]]}},{"type":"Feature","properties":{"id":"5103056","nome":"Cl\u00e1udia"},"geometry":{"type":"Polygon","coordinates":[[[-55.29,-11.266],[-55.282,-11.278],[-55.252,-11.277],[-55.244,-11.282],[-55.227,-11.281],[-55.227,-11.31],[-55.214,-11.304],[-55.203,-11.303],[-55.192,-11.283],[-55.176,-11.275],[-55.171,-11.263],[-55.171,-11.231],[-55.154,-11.198],[-55.152,-11.186],[-55.129,-11.202],[-55.111,-11.21],[-55.1,-11.211],[-55.073,-11.205],[-55.056,-11.209],[-55.02,-11.184],[-55.008,-11.184],[-54.983,-11.175],[-54.975,-11.176],[-54.965,-11.17],[-54.944,-11.169],[-54.92,-11.176],[-54.921,-11.195],[-54.91,-11.233],[-54.899,-11.242],[-54.886,-11.265],[-54.876,-11.271],[-54.863,-11.288],[-54.855,-11.287],[-54.858,-11.279],[-54.836,-11.283],[-54.83,-11.275],[-54.823,-11.28],[-54.812,-11.27],[-54.799,-11.27],[-54.799,-11.263],[-54.795,-11.26],[-54.789,-11.269],[-54.783,-11.265],[-54.786,-11.263],[-54.779,-11.258],[-54.78,-11.254],[-54.767,-11.254],[-54.758,-11.265],[-54.76,-11.256],[-54.756,-11.252],[-54.752,-11.262],[-54.745,-11.258],[-54.742,-11.25],[-54.73,-11.256],[-54.728,-11.25],[-54.72,-11.251],[-54.722,-11.254],[-54.725,-11.253],[-54.721,-11.259],[-54.712,-11.253],[-54.707,-11.253],[-54.706,-11.261],[-54.703,-11.257],[-54.697,-11.257],[-54.695,-11.265],[-54.692,-11.264],[-54.686,-11.268],[-54.7,-11.268],[-54.698,-11.273],[-54.693,-11.274],[-54.699,-11.282],[-54.688,-11.296],[-54.691,-11.304],[-54.678,-11.314],[-54.687,-11.313],[-54.683,-11.318],[-54.69,-11.327],[-54.69,-11.348],[-54.696,-11.352],[-54.689,-11.36],[-54.697,-11.367],[-54.689,-11.389],[-54.697,-11.39],[-54.701,-11.387],[-54.701,-11.398],[-54.697,-11.406],[-54.694,-11.406],[-54.694,-11.402],[-54.69,-11.401],[-54.686,-11.405],[-54.7,-11.411],[-54.702,-11.425],[-54.706,-11.427],[-54.697,-11.439],[-54.705,-11.446],[-54.699,-11.457],[-54.706,-11.463],[-54.707,-11.471],[-54.715,-11.476],[-54.707,-11.492],[-54.716,-11.496],[-54.718,-11.502],[-54.71,-11.508],[-54.712,-11.512],[-54.718,-11.509],[-54.731,-11.538],[-54.719,-11.548],[-54.712,-11.568],[-54.717,-11.582],[-54.716,-11.595],[-54.72,-11.605],[-54.719,-11.623],[-54.725,-11.635],[-54.727,-11.649],[-54.756,-11.689],[-54.757,-11.699],[-54.767,-11.715],[-54.764,-11.723],[-54.766,-11.737],[-54.773,-11.75],[-54.773,-11.768],[-54.756,-11.791],[-54.757,-11.808],[-54.763,-11.807],[-54.782,-11.814],[-54.805,-11.808],[-54.812,-11.802],[-54.808,-11.794],[-54.816,-11.769],[-54.831,-11.753],[-54.834,-11.746],[-54.847,-11.735],[-54.855,-11.739],[-54.862,-11.748],[-54.858,-11.755],[-54.869,-11.755],[-54.874,-11.752],[-54.876,-11.738],[-54.911,-11.718],[-54.923,-11.707],[-54.938,-11.705],[-54.953,-11.697],[-54.969,-11.682],[-54.97,-11.675],[-54.987,-11.668],[-54.989,-11.661],[-54.997,-11.656],[-55.0,-11.651],[-55.003,-11.658],[-55.001,-11.665],[-55.006,-11.662],[-55.009,-11.671],[-55.013,-11.669],[-55.012,-11.674],[-55.017,-11.672],[-55.026,-11.682],[-55.033,-11.681],[-55.037,-11.685],[-55.042,-11.684],[-55.044,-11.69],[-55.051,-11.693],[-55.056,-11.69],[-55.061,-11.696],[-55.066,-11.696],[-55.085,-11.681],[-55.104,-11.681],[-55.128,-11.695],[-55.14,-11.693],[-55.147,-11.69],[-55.152,-11.675],[-55.163,-11.67],[-55.285,-11.665],[-55.296,-11.611],[-55.303,-11.606],[-55.306,-11.597],[-55.317,-11.593],[-55.322,-11.589],[-55.326,-11.561],[-55.309,-11.549],[-55.311,-11.525],[-55.314,-11.521],[-55.322,-11.525],[-55.328,-11.519],[-55.335,-11.519],[-55.338,-11.512],[-55.348,-11.51],[-55.35,-11.493],[-55.362,-11.494],[-55.366,-11.496],[-55.383,-11.492],[-55.388,-11.499],[-55.392,-11.498],[-55.412,-11.49],[-55.412,-11.482],[-55.424,-11.476],[-55.429,-11.451],[-55.422,-11.436],[-55.422,-11.42],[-55.425,-11.416],[-55.422,-11.412],[-55.428,-11.385],[-55.437,-11.372],[-55.444,-11.373],[-55.444,-11.369],[-55.449,-11.368],[-55.461,-11.357],[-55.465,-11.348],[-55.468,-11.321],[-55.465,-11.308],[-55.454,-11.288],[-55.444,-11.279],[-55.455,-11.265],[-55.45,-11.253],[-55.452,-11.236],[-55.441,-11.215],[-55.436,-11.194],[-55.413,-11.171],[-55.393,-11.159],[-55.38,-11.142],[-55.376,-11.151],[-55.35,-11.176],[-55.338,-11.181],[-55.328,-11.196],[-55.322,-11.21],[-55.325,-11.22],[-55.32,-11.233],[-55.322,-11.247],[-55.304,-11.262],[-55.29,-11.266]]]}},{"type":"Feature","properties":{"id":"5103106","nome":"Cocalinho"},"geometry":{"type":"Polygon","coordinates":[[[-50.654,-12.679],[-50.645,-12.702],[-50.633,-12.701],[-50.63,-12.704],[-50.637,-12.719],[-50.623,-12.734],[-50.627,-12.76],[-50.636,-12.771],[-50.63,-12.776],[-50.614,-12.771],[-50.611,-12.775],[-50.625,-12.8],[-50.626,-12.811],[-50.622,-12.819],[-50.618,-12.821],[-50.613,-12.818],[-50.603,-12.8],[-50.584,-12.799],[-50.579,-12.802],[-50.583,-12.809],[-50.6,-12.818],[-50.597,-12.826],[-50.566,-12.843],[-50.532,-12.843],[-50.52,-12.836],[-50.513,-12.844],[-50.511,-12.86],[-50.502,-12.873],[-50.501,-12.882],[-50.514,-12.9],[-50.516,-12.92],[-50.526,-12.939],[-50.525,-12.976],[-50.543,-12.983],[-50.556,-13.002],[-50.565,-13.003],[-50.578,-12.997],[-50.593,-13.002],[-50.587,-13.024],[-50.572,-13.032],[-50.569,-13.039],[-50.576,-13.051],[-50.606,-13.057],[-50.611,-13.064],[-50.603,-13.078],[-50.601,-13.089],[-50.594,-13.095],[-50.59,-13.109],[-50.599,-13.143],[-50.594,-13.169],[-50.601,-13.18],[-50.603,-13.196],[-50.586,-13.212],[-50.584,-13.215],[-50.587,-13.248],[-50.602,-13.269],[-50.605,-13.273],[-50.607,-13.31],[-50.612,-13.316],[-50.624,-13.334],[-50.638,-13.345],[-50.646,-13.361],[-50.665,-13.376],[-50.669,-13.399],[-50.663,-13.419],[-50.665,-13.442],[-50.684,-13.444],[-50.697,-13.476],[-50.715,-13.491],[-50.745,-13.507],[-50.763,-13.53],[-50.768,-13.597],[-50.781,-13.619],[-50.787,-13.648],[-50.801,-13.684],[-50.804,-13.691],[-50.823,-13.713],[-50.834,-13.711],[-50.856,-13.715],[-50.865,-13.723],[-50.871,-13.733],[-50.87,-13.739],[-50.853,-13.765],[-50.857,-13.791],[-50.853,-13.811],[-50.856,-13.831],[-50.841,-13.86],[-50.841,-13.891],[-50.845,-13.903],[-50.841,-13.927],[-50.845,-13.941],[-50.862,-13.956],[-50.865,-13.975],[-50.863,-13.985],[-50.849,-14.0],[-50.851,-14.029],[-50.831,-14.072],[-50.833,-14.089],[-50.841,-14.104],[-50.867,-14.125],[-50.892,-14.127],[-50.904,-14.113],[-50.913,-14.111],[-50.917,-14.114],[-50.918,-14.125],[-50.91,-14.149],[-50.914,-14.172],[-50.927,-14.184],[-50.937,-14.21],[-50.962,-14.25],[-50.975,-14.29],[-50.976,-14.301],[-50.969,-14.333],[-50.98,-14.354],[-50.989,-14.362],[-50.987,-14.379],[-50.987,-14.386],[-50.989,-14.399],[-50.994,-14.405],[-50.999,-14.419],[-50.986,-14.437],[-50.987,-14.457],[-50.975,-14.467],[-50.968,-14.482],[-50.972,-14.5],[-50.962,-14.527],[-50.997,-14.578],[-50.991,-14.612],[-50.994,-14.62],[-50.997,-14.626],[-51.019,-14.661],[-51.026,-14.665],[-51.031,-14.68],[-51.026,-14.697],[-51.027,-14.706],[-51.036,-14.717],[-51.039,-14.726],[-51.049,-14.735],[-51.053,-14.746],[-51.052,-14.764],[-51.042,-14.784],[-51.044,-14.795],[-51.068,-14.81],[-51.089,-14.84],[-51.09,-14.848],[-51.086,-14.862],[-51.091,-14.882],[-51.091,-14.894],[-51.083,-14.905],[-51.082,-14.91],[-51.084,-14.916],[-51.102,-14.926],[-51.127,-14.937],[-51.134,-14.943],[-51.146,-14.959],[-51.146,-14.977],[-51.15,-14.983],[-51.198,-15.004],[-51.242,-15.035],[-51.271,-15.037],[-51.29,-15.034],[-51.298,-15.022],[-51.298,-14.997],[-51.301,-14.986],[-51.323,-14.971],[-51.337,-14.973],[-51.347,-14.99],[-51.447,-14.99],[-51.618,-14.99],[-51.605,-14.977],[-51.6,-14.967],[-51.602,-14.958],[-51.595,-14.955],[-51.592,-14.942],[-51.6,-14.914],[-51.588,-14.893],[-51.59,-14.884],[-51.586,-14.875],[-51.577,-14.876],[-51.57,-14.871],[-51.565,-14.859],[-51.558,-14.857],[-51.549,-14.841],[-51.558,-14.825],[-51.543,-14.792],[-51.543,-14.784],[-51.547,-14.773],[-51.538,-14.752],[-51.536,-14.719],[-51.51,-14.699],[-51.505,-14.691],[-51.478,-14.667],[-51.47,-14.649],[-51.473,-14.644],[-51.467,-14.616],[-51.439,-14.593],[-51.437,-14.568],[-51.421,-14.549],[-51.422,-14.541],[-51.41,-14.532],[-51.403,-14.531],[-51.39,-14.516],[-51.388,-14.503],[-51.379,-14.496],[-51.378,-14.49],[-51.384,-14.485],[-51.385,-14.473],[-51.389,-14.468],[-51.382,-14.434],[-51.384,-14.425],[-51.391,-14.414],[-51.386,-14.393],[-51.386,-14.383],[-51.389,-14.38],[-51.38,-14.353],[-51.376,-14.351],[-51.376,-14.338],[-51.372,-14.332],[-51.363,-14.329],[-51.358,-14.319],[-51.357,-14.3],[-51.377,-14.304],[-51.385,-14.316],[-51.39,-14.319],[-51.407,-14.351],[-51.439,-14.359],[-51.466,-14.358],[-51.474,-14.354],[-51.472,-14.36],[-51.502,-14.373],[-51.508,-14.384],[-51.531,-14.383],[-51.54,-14.395],[-51.542,-14.41],[-51.556,-14.42],[-51.561,-14.434],[-51.563,-14.437],[-51.573,-14.434],[-51.576,-14.441],[-51.591,-14.453],[-51.606,-14.478],[-51.608,-14.491],[-51.616,-14.49],[-51.622,-14.497],[-51.625,-14.506],[-51.618,-14.518],[-51.619,-14.522],[-51.641,-14.521],[-51.649,-14.524],[-51.652,-14.529],[-51.666,-14.534],[-51.691,-14.536],[-51.699,-14.497],[-51.707,-14.494],[-51.707,-14.483],[-51.714,-14.477],[-51.71,-14.47],[-51.72,-14.468],[-51.725,-14.46],[-51.723,-14.455],[-51.707,-14.453],[-51.717,-14.438],[-51.719,-14.431],[-51.716,-14.429],[-51.711,-14.432],[-51.705,-14.431],[-51.703,-14.424],[-51.704,-14.41],[-51.712,-14.406],[-51.715,-14.398],[-51.706,-14.38],[-51.719,-14.372],[-51.705,-14.368],[-51.696,-14.357],[-51.7,-14.349],[-51.7,-14.334],[-51.687,-14.311],[-51.697,-14.3],[-51.698,-14.287],[-51.705,-14.273],[-51.702,-14.258],[-51.71,-14.249],[-51.714,-14.235],[-51.73,-14.222],[-51.723,-14.197],[-51.731,-14.176],[-51.728,-14.169],[-51.707,-14.146],[-51.696,-14.092],[-51.696,-14.09],[-51.702,-14.036],[-51.681,-13.994],[-51.661,-13.984],[-51.65,-13.954],[-51.644,-13.944],[-51.626,-13.929],[-51.628,-13.906],[-51.613,-13.882],[-51.615,-13.862],[-51.614,-13.856],[-51.601,-13.843],[-51.596,-13.833],[-51.594,-13.805],[-51.588,-13.798],[-51.569,-13.79],[-51.555,-13.773],[-51.55,-13.755],[-51.556,-13.725],[-51.554,-13.712],[-51.534,-13.693],[-51.513,-13.661],[-51.467,-13.642],[-51.464,-13.626],[-51.468,-13.617],[-51.476,-13.607],[-51.475,-13.596],[-51.47,-13.588],[-51.472,-13.581],[-51.479,-13.578],[-51.49,-13.588],[-51.492,-13.583],[-51.478,-13.569],[-51.464,-13.56],[-51.461,-13.543],[-51.457,-13.541],[-51.439,-13.559],[-51.439,-13.565],[-51.446,-13.576],[-51.445,-13.581],[-51.439,-13.583],[-51.433,-13.578],[-51.428,-13.569],[-51.428,-13.553],[-51.422,-13.547],[-51.413,-13.546],[-51.416,-13.506],[-51.411,-13.486],[-51.405,-13.478],[-51.396,-13.475],[-51.382,-13.449],[-51.365,-13.432],[-51.35,-13.426],[-51.344,-13.395],[-51.328,-13.385],[-51.306,-13.362],[-51.306,-13.351],[-51.313,-13.345],[-51.333,-13.354],[-51.339,-13.354],[-51.343,-13.345],[-51.341,-13.339],[-51.299,-13.321],[-51.273,-13.303],[-51.266,-13.295],[-51.26,-13.271],[-51.275,-13.254],[-51.275,-13.249],[-51.265,-13.244],[-51.247,-13.251],[-51.221,-13.24],[-51.207,-13.245],[-51.202,-13.244],[-51.201,-13.235],[-51.205,-13.22],[-51.199,-13.211],[-51.188,-13.207],[-51.187,-13.199],[-51.199,-13.177],[-51.2,-13.171],[-51.196,-13.168],[-51.18,-13.169],[-51.175,-13.153],[-51.153,-13.137],[-51.141,-13.134],[-51.135,-13.125],[-51.144,-13.11],[-51.139,-13.096],[-51.121,-13.086],[-51.105,-13.086],[-51.101,-13.075],[-51.11,-13.067],[-51.118,-13.048],[-51.116,-13.042],[-51.106,-13.044],[-51.104,-13.038],[-51.122,-13.027],[-51.125,-13.02],[-51.11,-13.0],[-51.118,-12.984],[-51.11,-12.975],[-51.115,-12.964],[-51.083,-12.954],[-51.068,-12.929],[-51.045,-12.931],[-51.028,-12.92],[-51.027,-12.914],[-51.035,-12.903],[-51.034,-12.894],[-51.014,-12.866],[-51.002,-12.872],[-50.996,-12.865],[-51.007,-12.853],[-51.012,-12.825],[-51.024,-12.815],[-51.013,-12.803],[-51.009,-12.79],[-50.992,-12.782],[-50.994,-12.775],[-51.004,-12.77],[-51.002,-12.765],[-50.981,-12.768],[-50.974,-12.758],[-50.975,-12.751],[-50.994,-12.737],[-50.995,-12.728],[-50.992,-12.723],[-50.968,-12.717],[-50.956,-12.709],[-50.946,-12.691],[-50.896,-12.849],[-50.839,-12.898],[-50.842,-12.891],[-50.831,-12.889],[-50.819,-12.87],[-50.806,-12.861],[-50.79,-12.861],[-50.78,-12.868],[-50.779,-12.858],[-50.785,-12.848],[-50.772,-12.846],[-50.777,-12.815],[-50.77,-12.808],[-50.753,-12.813],[-50.749,-12.803],[-50.763,-12.798],[-50.765,-12.792],[-50.738,-12.8],[-50.728,-12.789],[-50.727,-12.768],[-50.74,-12.769],[-50.741,-12.753],[-50.726,-12.752],[-50.726,-12.748],[-50.734,-12.746],[-50.733,-12.735],[-50.717,-12.72],[-50.71,-12.694],[-50.708,-12.671],[-50.692,-12.67],[-50.684,-12.662],[-50.682,-12.647],[-50.656,-12.646],[-50.646,-12.651],[-50.646,-12.663],[-50.654,-12.673],[-50.654,-12.679]]]}},{"type":"Feature","properties":{"id":"5103205","nome":"Col\u00edder"},"geometry":{"type":"Polygon","coordinates":[[[-55.477,-10.251],[-55.471,-10.268],[-55.474,-10.275],[-55.472,-10.282],[-55.473,-10.288],[-55.463,-10.299],[-55.465,-10.302],[-55.463,-10.304],[-55.463,-10.327],[-55.455,-10.337],[-55.454,-10.344],[-55.458,-10.348],[-55.456,-10.356],[-55.449,-10.36],[-55.448,-10.37],[-55.445,-10.371],[-55.448,-10.38],[-55.438,-10.39],[-55.434,-10.427],[-55.431,-10.431],[-55.429,-10.441],[-55.401,-10.458],[-55.387,-10.458],[-55.375,-10.463],[-55.355,-10.473],[-55.35,-10.482],[-55.334,-10.491],[-55.33,-10.5],[-55.333,-10.511],[-55.32,-10.521],[-55.31,-10.535],[-55.298,-10.534],[-55.282,-10.541],[-55.277,-10.547],[-55.274,-10.548],[-55.271,-10.552],[-55.259,-10.553],[-55.258,-10.558],[-55.25,-10.556],[-55.249,-10.561],[-55.24,-10.565],[-55.228,-10.595],[-55.228,-10.604],[-55.224,-10.608],[-55.217,-10.609],[-55.216,-10.622],[-55.21,-10.629],[-55.203,-10.631],[-55.203,-10.638],[-55.192,-10.647],[-55.188,-10.656],[-55.191,-10.664],[-55.185,-10.67],[-55.176,-10.672],[-55.172,-10.686],[-55.158,-10.7],[-55.164,-10.706],[-55.162,-10.724],[-55.163,-10.737],[-55.173,-10.761],[-55.169,-10.778],[-55.173,-10.785],[-55.186,-10.788],[-55.199,-10.803],[-55.212,-10.805],[-55.226,-10.818],[-55.242,-10.834],[-55.246,-10.844],[-55.253,-10.848],[-55.254,-10.864],[-55.274,-10.874],[-55.303,-10.902],[-55.41,-10.914],[-55.427,-10.91],[-55.433,-10.903],[-55.443,-10.902],[-55.449,-10.901],[-55.451,-10.917],[-55.463,-10.922],[-55.471,-10.932],[-55.469,-10.97],[-55.484,-10.986],[-55.485,-11.001],[-55.499,-11.008],[-55.524,-11.002],[-55.531,-10.989],[-55.534,-10.977],[-55.55,-10.959],[-55.557,-10.956],[-55.591,-10.964],[-55.598,-10.963],[-55.604,-10.958],[-55.615,-10.96],[-55.614,-10.955],[-55.597,-10.947],[-55.596,-10.943],[-55.604,-10.934],[-55.637,-10.919],[-55.646,-10.91],[-55.657,-10.83],[-55.657,-10.829],[-55.66,-10.809],[-55.655,-10.797],[-55.659,-10.77],[-55.656,-10.756],[-55.663,-10.747],[-55.664,-10.737],[-55.665,-10.728],[-55.666,-10.717],[-55.656,-10.691],[-55.652,-10.68],[-55.655,-10.673],[-55.649,-10.641],[-55.641,-10.633],[-55.628,-10.631],[-55.618,-10.613],[-55.637,-10.603],[-55.641,-10.598],[-55.635,-10.577],[-55.635,-10.556],[-55.623,-10.528],[-55.639,-10.506],[-55.636,-10.489],[-55.64,-10.482],[-55.636,-10.459],[-55.645,-10.453],[-55.642,-10.448],[-55.644,-10.436],[-55.662,-10.387],[-55.657,-10.384],[-55.659,-10.379],[-55.655,-10.364],[-55.649,-10.35],[-55.666,-10.336],[-55.67,-10.339],[-55.673,-10.337],[-55.684,-10.319],[-55.697,-10.313],[-55.705,-10.297],[-55.698,-10.293],[-55.695,-10.268],[-55.686,-10.26],[-55.692,-10.256],[-55.688,-10.252],[-55.668,-10.256],[-55.626,-10.246],[-55.588,-10.218],[-55.571,-10.184],[-55.578,-10.168],[-55.566,-10.14],[-55.567,-10.127],[-55.567,-10.117],[-55.567,-10.116],[-55.515,-10.149],[-55.498,-10.198],[-55.475,-10.211],[-55.465,-10.228],[-55.474,-10.233],[-55.473,-10.241],[-55.483,-10.246],[-55.477,-10.251]]]}},{"type":"Feature","properties":{"id":"5103254","nome":"Colniza"},"geometry":{"type":"Polygon","coordinates":[[[-59.108,-8.814],[-59.092,-8.834],[-59.073,-8.833],[-59.067,-8.829],[-59.062,-8.837],[-59.053,-8.841],[-59.052,-8.851],[-59.038,-8.858],[-59.03,-8.857],[-59.019,-8.867],[-59.019,-8.875],[-59.021,-8.883],[-59.019,-8.885],[-59.013,-8.886],[-59.01,-8.893],[-59.019,-8.9],[-59.019,-8.904],[-59.008,-8.91],[-59.003,-8.918],[-58.994,-8.918],[-58.991,-8.924],[-58.995,-8.93],[-59.007,-8.931],[-59.011,-8.942],[-59.02,-8.951],[-59.034,-8.962],[-59.038,-8.969],[-59.045,-8.972],[-59.045,-8.976],[-59.041,-8.978],[-59.044,-8.984],[-59.036,-8.992],[-59.038,-8.996],[-59.035,-9.001],[-59.021,-9.009],[-59.021,-9.023],[-59.016,-9.031],[-59.01,-9.045],[-59.0,-9.043],[-58.995,-9.046],[-58.989,-9.042],[-58.985,-9.049],[-58.975,-9.05],[-58.976,-9.059],[-58.97,-9.069],[-58.975,-9.081],[-58.981,-9.086],[-58.981,-9.101],[-58.987,-9.108],[-58.987,-9.12],[-58.995,-9.128],[-59.01,-9.131],[-59.018,-9.137],[-59.019,-9.15],[-59.023,-9.154],[-59.029,-9.159],[-59.026,-9.177],[-59.031,-9.185],[-59.023,-9.197],[-59.012,-9.203],[-59.001,-9.204],[-58.997,-9.213],[-58.988,-9.211],[-58.976,-9.216],[-58.98,-9.222],[-58.997,-9.23],[-59.024,-9.226],[-59.035,-9.231],[-59.045,-9.228],[-59.042,-9.244],[-59.037,-9.251],[-59.024,-9.252],[-58.991,-9.265],[-58.976,-9.286],[-58.974,-9.298],[-58.962,-9.3],[-58.949,-9.31],[-58.945,-9.324],[-58.949,-9.331],[-58.96,-9.339],[-58.964,-9.335],[-58.977,-9.34],[-58.985,-9.348],[-58.99,-9.36],[-59.004,-9.352],[-59.008,-9.362],[-59.017,-9.364],[-59.012,-9.37],[-59.0,-9.371],[-58.992,-9.377],[-58.988,-9.377],[-58.97,-9.418],[-58.994,-9.473],[-58.997,-9.483],[-58.991,-9.5],[-58.998,-9.511],[-58.99,-9.531],[-58.976,-9.544],[-58.98,-9.56],[-58.984,-9.562],[-58.99,-9.557],[-59.014,-9.563],[-59.024,-9.558],[-59.027,-9.559],[-59.029,-9.564],[-59.035,-9.568],[-59.036,-9.573],[-59.034,-9.58],[-59.039,-9.592],[-59.038,-9.605],[-59.031,-9.611],[-59.031,-9.614],[-59.035,-9.625],[-59.041,-9.63],[-59.041,-9.636],[-59.03,-9.671],[-59.026,-9.693],[-59.021,-9.699],[-59.013,-9.701],[-59.014,-9.708],[-59.009,-9.716],[-59.014,-9.717],[-59.021,-9.725],[-59.022,-9.735],[-59.015,-9.744],[-59.018,-9.753],[-59.009,-9.756],[-59.006,-9.768],[-58.999,-9.774],[-59.001,-9.804],[-59.007,-9.848],[-59.014,-9.9],[-59.0,-9.908],[-59.0,-9.919],[-59.011,-9.932],[-59.011,-9.949],[-59.008,-9.953],[-59.015,-9.964],[-59.011,-9.974],[-59.013,-9.979],[-59.02,-9.979],[-59.02,-9.985],[-59.026,-9.983],[-59.028,-9.993],[-59.031,-9.993],[-59.031,-9.988],[-59.035,-9.991],[-59.04,-9.986],[-59.047,-9.99],[-59.057,-9.985],[-59.072,-9.988],[-59.087,-9.984],[-59.09,-9.978],[-59.099,-9.974],[-59.103,-9.98],[-59.095,-9.995],[-59.105,-9.994],[-59.108,-10.0],[-59.111,-9.997],[-59.116,-10.005],[-59.13,-9.992],[-59.133,-10.0],[-59.148,-9.999],[-59.148,-9.992],[-59.156,-9.987],[-59.163,-9.992],[-59.163,-10.0],[-59.167,-10.0],[-59.168,-9.994],[-59.173,-9.991],[-59.183,-9.967],[-59.196,-9.901],[-59.198,-9.832],[-59.194,-9.792],[-59.193,-9.789],[-59.221,-9.783],[-59.226,-9.789],[-59.233,-9.782],[-59.241,-9.782],[-59.242,-9.778],[-59.257,-9.775],[-59.261,-9.775],[-59.262,-9.782],[-59.281,-9.783],[-59.286,-9.78],[-59.293,-9.788],[-59.327,-9.791],[-59.336,-9.798],[-59.346,-9.799],[-59.372,-9.771],[-59.391,-9.777],[-59.395,-9.774],[-59.397,-9.779],[-59.411,-9.773],[-59.422,-9.773],[-59.425,-9.774],[-59.426,-9.765],[-59.42,-9.763],[-59.418,-9.758],[-59.423,-9.758],[-59.435,-9.77],[-59.426,-9.775],[-59.426,-9.779],[-59.437,-9.781],[-59.444,-9.77],[-59.449,-9.771],[-59.448,-9.785],[-59.451,-9.788],[-59.455,-9.789],[-59.457,-9.785],[-59.465,-9.788],[-59.48,-9.786],[-59.48,-9.795],[-59.475,-9.795],[-59.475,-9.8],[-59.494,-9.812],[-59.497,-9.819],[-59.502,-9.82],[-59.501,-9.815],[-59.506,-9.811],[-59.511,-9.815],[-59.518,-9.812],[-59.526,-9.826],[-59.531,-9.819],[-59.531,-9.806],[-59.534,-9.808],[-59.55,-9.827],[-59.551,-9.837],[-59.57,-9.84],[-59.569,-9.85],[-59.554,-9.846],[-59.557,-9.859],[-59.561,-9.86],[-59.566,-9.854],[-59.57,-9.856],[-59.566,-9.875],[-59.568,-9.881],[-59.575,-9.88],[-59.586,-9.871],[-59.592,-9.878],[-59.639,-9.861],[-59.639,-9.849],[-59.645,-9.839],[-59.656,-9.835],[-59.657,-9.826],[-59.654,-9.821],[-59.657,-9.816],[-59.668,-9.808],[-59.676,-9.809],[-59.694,-9.801],[-59.716,-9.78],[-59.724,-9.784],[-59.731,-9.798],[-59.739,-9.8],[-59.756,-9.786],[-59.77,-9.781],[-59.775,-9.771],[-59.788,-9.765],[-59.801,-9.749],[-59.806,-9.753],[-59.812,-9.75],[-59.826,-9.674],[-59.826,-9.673],[-59.836,-9.618],[-59.831,-9.602],[-59.811,-9.595],[-59.804,-9.576],[-59.787,-9.57],[-59.772,-9.552],[-59.775,-9.546],[-59.774,-9.536],[-59.765,-9.52],[-59.769,-9.482],[-59.805,-9.482],[-59.811,-9.476],[-59.819,-9.476],[-59.824,-9.48],[-59.835,-9.477],[-59.845,-9.464],[-59.854,-9.461],[-59.853,-9.45],[-59.86,-9.448],[-59.869,-9.449],[-59.871,-9.457],[-59.875,-9.459],[-59.89,-9.452],[-59.911,-9.424],[-59.915,-9.412],[-59.932,-9.414],[-59.94,-9.41],[-59.949,-9.413],[-59.962,-9.406],[-59.967,-9.413],[-59.987,-9.415],[-59.992,-9.41],[-60.003,-9.382],[-60.011,-9.38],[-60.021,-9.382],[-60.022,-9.386],[-60.033,-9.387],[-60.033,-9.397],[-60.043,-9.397],[-60.043,-9.404],[-60.059,-9.415],[-60.065,-9.424],[-60.079,-9.419],[-60.084,-9.421],[-60.09,-9.417],[-60.094,-9.418],[-60.092,-9.415],[-60.097,-9.414],[-60.102,-9.418],[-60.116,-9.407],[-60.129,-9.408],[-60.132,-9.403],[-60.135,-9.407],[-60.139,-9.406],[-60.15,-9.402],[-60.152,-9.397],[-60.167,-9.4],[-60.186,-9.389],[-60.188,-9.383],[-60.199,-9.377],[-60.209,-9.362],[-60.212,-9.364],[-60.222,-9.359],[-60.22,-9.356],[-60.231,-9.355],[-60.259,-9.339],[-60.26,-9.322],[-60.269,-9.32],[-60.267,-9.335],[-60.273,-9.331],[-60.277,-9.335],[-60.267,-9.345],[-60.269,-9.35],[-60.286,-9.35],[-60.286,-9.32],[-60.488,-9.316],[-60.642,-9.293],[-60.655,-9.297],[-60.669,-9.287],[-60.687,-9.289],[-60.683,-9.291],[-60.682,-9.306],[-60.677,-9.313],[-60.662,-9.331],[-60.649,-9.335],[-60.624,-9.36],[-60.619,-9.384],[-60.622,-9.393],[-60.615,-9.418],[-60.603,-9.431],[-60.599,-9.459],[-60.586,-9.477],[-60.587,-9.502],[-60.583,-9.513],[-60.584,-9.522],[-60.593,-9.529],[-60.59,-9.552],[-60.594,-9.559],[-60.599,-9.562],[-60.607,-9.558],[-60.612,-9.561],[-60.618,-9.571],[-60.655,-9.6],[-60.66,-9.61],[-60.659,-9.631],[-60.645,-9.636],[-60.655,-9.647],[-60.666,-9.639],[-60.677,-9.643],[-60.674,-9.652],[-60.678,-9.657],[-60.685,-9.657],[-60.677,-9.668],[-60.679,-9.673],[-60.689,-9.679],[-60.692,-9.683],[-60.69,-9.687],[-60.698,-9.689],[-60.698,-9.698],[-60.702,-9.701],[-60.712,-9.697],[-60.717,-9.701],[-60.711,-9.711],[-60.715,-9.714],[-60.732,-9.702],[-60.743,-9.701],[-60.744,-9.694],[-60.758,-9.696],[-60.765,-9.705],[-60.777,-9.704],[-60.768,-9.713],[-60.767,-9.72],[-60.786,-9.727],[-60.788,-9.731],[-60.786,-9.737],[-60.796,-9.738],[-60.832,-9.754],[-60.838,-9.76],[-60.85,-9.766],[-60.877,-9.772],[-60.881,-9.78],[-60.887,-9.782],[-60.904,-9.809],[-60.919,-9.819],[-60.927,-9.831],[-60.921,-9.839],[-60.91,-9.838],[-60.908,-9.846],[-60.928,-9.863],[-60.939,-9.866],[-60.948,-9.88],[-60.955,-9.881],[-60.98,-9.912],[-60.985,-9.923],[-60.996,-9.924],[-61.001,-9.939],[-61.011,-9.952],[-61.019,-9.959],[-61.031,-9.96],[-61.048,-9.982],[-61.056,-9.98],[-61.059,-9.972],[-61.071,-9.974],[-61.089,-9.987],[-61.099,-9.987],[-61.105,-9.992],[-61.113,-9.989],[-61.12,-10.023],[-61.131,-10.026],[-61.137,-10.033],[-61.127,-10.049],[-61.134,-10.053],[-61.141,-10.05],[-61.158,-10.048],[-61.17,-10.041],[-61.175,-10.018],[-61.18,-10.013],[-61.18,-10.002],[-61.197,-9.998],[-61.207,-9.992],[-61.213,-9.969],[-61.225,-9.967],[-61.235,-9.955],[-61.269,-9.949],[-61.276,-9.942],[-61.288,-9.939],[-61.289,-9.957],[-61.281,-9.963],[-61.28,-9.979],[-61.276,-9.993],[-61.279,-10.01],[-61.288,-10.01],[-61.297,-10.016],[-61.303,-10.027],[-61.338,-10.027],[-61.342,-10.032],[-61.348,-10.028],[-61.355,-10.04],[-61.361,-10.04],[-61.38,-10.024],[-61.385,-10.023],[-61.389,-10.015],[-61.397,-10.015],[-61.401,-10.018],[-61.406,-10.012],[-61.412,-10.019],[-61.42,-10.003],[-61.43,-10.0],[-61.54,-9.999],[-61.541,-9.995],[-61.531,-9.989],[-61.527,-9.97],[-61.539,-9.964],[-61.532,-9.952],[-61.523,-9.948],[-61.523,-9.941],[-61.528,-9.934],[-61.523,-9.928],[-61.524,-9.906],[-61.511,-9.895],[-61.508,-9.873],[-61.507,-9.861],[-61.515,-9.843],[-61.518,-9.823],[-61.532,-9.819],[-61.525,-9.807],[-61.524,-9.795],[-61.538,-9.793],[-61.547,-9.787],[-61.532,-9.758],[-61.531,-9.74],[-61.555,-9.729],[-61.566,-9.729],[-61.572,-9.724],[-61.574,-9.717],[-61.553,-9.707],[-61.546,-9.715],[-61.532,-9.711],[-61.519,-9.697],[-61.505,-9.691],[-61.502,-9.679],[-61.506,-9.662],[-61.494,-9.659],[-61.476,-9.628],[-61.48,-9.623],[-61.487,-9.626],[-61.495,-9.624],[-61.503,-9.615],[-61.495,-9.584],[-61.496,-9.574],[-61.503,-9.573],[-61.504,-9.568],[-61.51,-9.565],[-61.508,-9.54],[-61.514,-9.539],[-61.513,-9.528],[-61.527,-9.533],[-61.549,-9.515],[-61.547,-9.511],[-61.525,-9.501],[-61.562,-9.485],[-61.569,-9.476],[-61.576,-9.474],[-61.578,-9.469],[-61.572,-9.463],[-61.581,-9.459],[-61.564,-9.438],[-61.556,-9.435],[-61.555,-9.421],[-61.55,-9.417],[-61.561,-9.4],[-61.559,-9.393],[-61.552,-9.388],[-61.573,-9.37],[-61.594,-9.368],[-61.61,-9.362],[-61.612,-9.356],[-61.625,-9.363],[-61.627,-9.351],[-61.624,-9.336],[-61.616,-9.326],[-61.611,-9.315],[-61.615,-9.306],[-61.612,-9.279],[-61.615,-9.278],[-61.626,-9.284],[-61.63,-9.279],[-61.633,-9.27],[-61.628,-9.257],[-61.599,-9.256],[-61.589,-9.243],[-61.575,-9.237],[-61.551,-9.243],[-61.539,-9.244],[-61.532,-9.249],[-61.524,-9.242],[-61.528,-9.231],[-61.52,-9.191],[-61.523,-9.179],[-61.531,-9.171],[-61.538,-9.153],[-61.555,-9.131],[-61.558,-9.117],[-61.555,-9.092],[-61.541,-9.054],[-61.53,-9.042],[-61.527,-9.019],[-61.52,-9.0],[-61.493,-8.942],[-61.468,-8.917],[-61.484,-8.906],[-61.492,-8.884],[-61.511,-8.863],[-61.513,-8.837],[-61.523,-8.818],[-61.543,-8.819],[-61.568,-8.801],[-61.58,-8.802],[-61.583,-8.798],[-61.184,-8.798],[-61.014,-8.798],[-60.849,-8.798],[-60.848,-8.798],[-60.515,-8.797],[-60.42,-8.796],[-60.072,-8.8],[-59.412,-8.803],[-59.288,-8.803],[-59.127,-8.803],[-59.116,-8.814],[-59.108,-8.814]]]}},{"type":"Feature","properties":{"id":"5103304","nome":"Comodoro"},"geometry":{"type":"Polygon","coordinates":[[[-58.867,-12.207],[-58.873,-12.254],[-58.866,-12.265],[-58.866,-12.28],[-58.843,-12.328],[-58.848,-12.36],[-58.853,-12.373],[-58.851,-12.39],[-58.856,-12.409],[-58.852,-12.432],[-58.859,-12.454],[-58.869,-12.465],[-58.892,-12.477],[-58.897,-12.488],[-58.907,-12.497],[-58.909,-12.509],[-58.905,-12.534],[-58.916,-12.555],[-58.926,-12.567],[-58.922,-12.619],[-58.936,-12.634],[-58.93,-12.641],[-58.944,-12.655],[-58.968,-12.67],[-58.979,-12.687],[-58.995,-12.695],[-59.007,-12.696],[-59.018,-12.703],[-59.03,-12.705],[-59.045,-12.724],[-59.045,-12.745],[-59.06,-12.777],[-59.085,-12.802],[-59.097,-12.818],[-59.109,-12.827],[-59.111,-12.837],[-59.129,-12.842],[-59.144,-12.841],[-59.149,-12.85],[-59.161,-12.856],[-59.187,-12.893],[-59.199,-12.902],[-59.209,-12.904],[-59.23,-12.922],[-59.241,-12.945],[-59.242,-12.969],[-59.246,-12.978],[-59.245,-12.985],[-59.239,-12.985],[-59.232,-12.995],[-59.238,-13.004],[-59.241,-13.001],[-59.246,-13.004],[-59.249,-13.014],[-59.245,-13.024],[-59.249,-13.035],[-59.245,-13.037],[-59.246,-13.043],[-59.261,-13.053],[-59.266,-13.063],[-59.285,-13.062],[-59.293,-13.071],[-59.296,-13.084],[-59.308,-13.083],[-59.317,-13.094],[-59.315,-13.098],[-59.32,-13.109],[-59.338,-13.108],[-59.353,-13.124],[-59.362,-13.156],[-59.368,-13.156],[-59.38,-13.172],[-59.378,-13.196],[-59.388,-13.21],[-59.39,-13.236],[-59.401,-13.243],[-59.407,-13.242],[-59.421,-13.261],[-59.428,-13.289],[-59.416,-13.295],[-59.413,-13.3],[-59.413,-13.321],[-59.402,-13.332],[-59.393,-13.356],[-59.403,-13.366],[-59.394,-13.372],[-59.393,-13.385],[-59.399,-13.403],[-59.395,-13.411],[-59.397,-13.42],[-59.401,-13.422],[-59.401,-13.425],[-59.405,-13.425],[-59.403,-13.43],[-59.407,-13.431],[-59.405,-13.435],[-59.401,-13.435],[-59.404,-13.445],[-59.396,-13.445],[-59.391,-13.454],[-59.394,-13.466],[-59.388,-13.47],[-59.395,-13.475],[-59.397,-13.484],[-59.406,-13.487],[-59.403,-13.493],[-59.406,-13.501],[-59.416,-13.502],[-59.422,-13.515],[-59.423,-13.519],[-59.419,-13.518],[-59.412,-13.528],[-59.417,-13.536],[-59.415,-13.544],[-59.418,-13.55],[-59.423,-13.552],[-59.426,-13.557],[-59.423,-13.562],[-59.428,-13.565],[-59.428,-13.57],[-59.419,-13.571],[-59.427,-13.579],[-59.424,-13.584],[-59.421,-13.584],[-59.424,-13.59],[-59.418,-13.592],[-59.423,-13.606],[-59.422,-13.614],[-59.417,-13.618],[-59.424,-13.619],[-59.42,-13.623],[-59.423,-13.631],[-59.42,-13.634],[-59.431,-13.651],[-59.427,-13.656],[-59.436,-13.656],[-59.446,-13.684],[-59.459,-13.699],[-59.45,-13.716],[-59.454,-13.723],[-59.449,-13.737],[-59.45,-13.743],[-59.455,-13.745],[-59.455,-13.756],[-59.457,-13.764],[-59.452,-13.788],[-59.456,-13.792],[-59.452,-13.804],[-59.442,-13.81],[-59.447,-13.81],[-59.446,-13.817],[-59.448,-13.817],[-59.441,-13.829],[-59.441,-13.838],[-59.434,-13.836],[-59.432,-13.839],[-59.435,-13.84],[-59.433,-13.845],[-59.436,-13.847],[-59.432,-13.861],[-59.423,-13.862],[-59.42,-13.855],[-59.41,-13.854],[-59.402,-13.858],[-59.401,-13.867],[-59.4,-13.863],[-59.392,-13.864],[-59.394,-13.874],[-59.387,-13.883],[-59.386,-13.879],[-59.381,-13.878],[-59.38,-13.883],[-59.372,-13.889],[-59.377,-13.896],[-59.373,-13.985],[-59.39,-14.001],[-59.395,-14.0],[-59.413,-14.014],[-59.425,-14.019],[-59.434,-14.029],[-59.434,-14.036],[-59.454,-14.041],[-59.458,-14.04],[-59.464,-14.03],[-59.479,-14.021],[-59.492,-14.016],[-59.503,-14.016],[-59.525,-14.014],[-59.534,-14.01],[-59.547,-14.025],[-59.552,-14.027],[-59.556,-14.029],[-59.56,-14.038],[-59.568,-14.042],[-59.579,-14.057],[-59.592,-14.062],[-59.595,-14.068],[-59.608,-14.071],[-59.617,-14.076],[-59.623,-14.077],[-59.621,-14.08],[-59.629,-14.084],[-59.628,-14.09],[-59.648,-14.089],[-59.66,-14.095],[-59.665,-14.092],[-59.677,-14.096],[-59.681,-14.091],[-59.686,-14.092],[-59.688,-14.099],[-59.695,-14.106],[-59.706,-14.11],[-59.713,-14.121],[-59.736,-14.095],[-59.744,-14.055],[-59.75,-14.044],[-59.751,-14.006],[-59.753,-14.016],[-59.762,-14.02],[-59.766,-14.027],[-59.774,-14.033],[-59.777,-14.056],[-59.77,-14.07],[-59.771,-14.092],[-59.788,-14.119],[-59.821,-14.156],[-59.831,-14.17],[-59.838,-14.177],[-59.843,-14.173],[-59.9,-14.124],[-59.911,-14.105],[-59.918,-14.083],[-59.95,-14.078],[-59.952,-14.055],[-59.961,-14.045],[-59.973,-14.04],[-59.98,-14.041],[-59.983,-14.035],[-59.992,-14.04],[-59.994,-14.048],[-60.0,-14.051],[-60.001,-14.043],[-60.006,-14.038],[-60.015,-14.035],[-60.024,-14.036],[-60.041,-14.026],[-60.052,-14.024],[-60.068,-14.03],[-60.084,-14.03],[-60.096,-14.025],[-60.111,-14.027],[-60.148,-14.012],[-60.163,-14.011],[-60.174,-14.012],[-60.183,-14.021],[-60.221,-14.031],[-60.253,-14.048],[-60.302,-14.055],[-60.309,-14.061],[-60.313,-14.061],[-60.317,-14.066],[-60.327,-14.035],[-60.338,-14.03],[-60.338,-14.019],[-60.346,-14.021],[-60.349,-14.009],[-60.358,-14.017],[-60.363,-14.01],[-60.375,-14.016],[-60.382,-13.992],[-60.382,-13.987],[-60.389,-13.978],[-60.415,-13.98],[-60.426,-13.961],[-60.42,-13.963],[-60.419,-13.953],[-60.409,-13.95],[-60.419,-13.947],[-60.418,-13.937],[-60.422,-13.937],[-60.427,-13.943],[-60.444,-13.93],[-60.446,-13.933],[-60.443,-13.939],[-60.45,-13.937],[-60.452,-13.904],[-60.456,-13.894],[-60.45,-13.886],[-60.451,-13.883],[-60.463,-13.882],[-60.467,-13.885],[-60.467,-13.891],[-60.475,-13.885],[-60.473,-13.879],[-60.464,-13.873],[-60.464,-13.863],[-60.456,-13.858],[-60.456,-13.853],[-60.467,-13.856],[-60.476,-13.852],[-60.486,-13.857],[-60.492,-13.856],[-60.469,-13.833],[-60.471,-13.829],[-60.479,-13.833],[-60.49,-13.823],[-60.485,-13.819],[-60.476,-13.824],[-60.468,-13.821],[-60.465,-13.814],[-60.477,-13.809],[-60.478,-13.804],[-60.473,-13.801],[-60.465,-13.801],[-60.467,-13.795],[-60.49,-13.795],[-60.498,-13.789],[-60.504,-13.795],[-60.511,-13.791],[-60.528,-13.791],[-60.517,-13.777],[-60.518,-13.772],[-60.522,-13.768],[-60.531,-13.771],[-60.548,-13.77],[-60.546,-13.782],[-60.55,-13.781],[-60.557,-13.77],[-60.569,-13.768],[-60.566,-13.757],[-60.578,-13.755],[-60.574,-13.747],[-60.587,-13.746],[-60.591,-13.743],[-60.6,-13.748],[-60.606,-13.746],[-60.605,-13.739],[-60.607,-13.736],[-60.61,-13.74],[-60.612,-13.734],[-60.61,-13.728],[-60.623,-13.719],[-60.63,-13.728],[-60.641,-13.731],[-60.646,-13.738],[-60.651,-13.736],[-60.652,-13.73],[-60.656,-13.738],[-60.665,-13.73],[-60.669,-13.727],[-60.684,-13.716],[-60.69,-13.699],[-60.695,-13.701],[-60.693,-13.715],[-60.697,-13.715],[-60.704,-13.704],[-60.709,-13.687],[-60.716,-13.685],[-60.716,-13.682],[-60.713,-13.682],[-60.713,-13.676],[-60.709,-13.676],[-60.709,-13.671],[-60.699,-13.67],[-60.696,-13.666],[-60.702,-13.66],[-60.697,-13.657],[-60.699,-13.654],[-60.693,-13.653],[-60.69,-13.649],[-60.691,-13.644],[-60.686,-13.639],[-60.689,-13.633],[-60.686,-13.625],[-60.674,-13.617],[-60.672,-13.612],[-60.669,-13.613],[-60.669,-13.608],[-60.665,-13.611],[-60.664,-13.604],[-60.655,-13.602],[-60.645,-13.592],[-60.641,-13.596],[-60.638,-13.592],[-60.641,-13.585],[-60.633,-13.579],[-60.635,-13.578],[-60.632,-13.571],[-60.611,-13.566],[-60.6,-13.572],[-60.592,-13.571],[-60.587,-13.565],[-60.577,-13.565],[-60.556,-13.553],[-60.554,-13.548],[-60.548,-13.548],[-60.544,-13.536],[-60.533,-13.536],[-60.53,-13.517],[-60.501,-13.498],[-60.495,-13.499],[-60.486,-13.494],[-60.481,-13.496],[-60.478,-13.493],[-60.465,-13.489],[-60.456,-13.493],[-60.431,-13.488],[-60.43,-13.482],[-60.411,-13.461],[-60.402,-13.462],[-60.399,-13.456],[-60.387,-13.454],[-60.381,-13.442],[-60.384,-13.441],[-60.379,-13.422],[-60.379,-13.415],[-60.371,-13.408],[-60.379,-13.39],[-60.379,-13.375],[-60.376,-13.374],[-60.376,-13.368],[-60.371,-13.367],[-60.37,-13.357],[-60.371,-13.348],[-60.365,-13.341],[-60.366,-13.332],[-60.373,-13.324],[-60.371,-13.318],[-60.361,-13.308],[-60.361,-13.301],[-60.364,-13.3],[-60.363,-13.296],[-60.36,-13.298],[-60.353,-13.294],[-60.352,-13.284],[-60.351,-13.273],[-60.339,-13.272],[-60.333,-13.258],[-60.326,-13.255],[-60.324,-13.25],[-60.329,-13.235],[-60.328,-13.23],[-60.324,-13.229],[-60.32,-13.216],[-60.308,-13.199],[-60.309,-13.192],[-60.303,-13.178],[-60.299,-13.175],[-60.296,-13.177],[-60.268,-13.145],[-60.28,-13.135],[-60.276,-13.126],[-60.28,-13.12],[-60.277,-13.112],[-60.282,-13.106],[-60.279,-13.102],[-60.284,-13.098],[-60.282,-13.093],[-60.282,-13.08],[-60.267,-13.077],[-60.253,-13.056],[-60.248,-13.055],[-60.241,-13.038],[-60.237,-13.034],[-60.224,-13.033],[-60.22,-13.027],[-60.215,-13.027],[-60.213,-13.007],[-60.204,-12.995],[-60.201,-12.988],[-60.192,-12.982],[-60.189,-12.971],[-60.183,-12.967],[-60.167,-12.97],[-60.156,-12.968],[-60.15,-12.964],[-60.139,-12.97],[-60.13,-12.961],[-60.117,-12.959],[-60.105,-12.919],[-60.088,-12.902],[-60.079,-12.881],[-60.084,-12.837],[-60.077,-12.804],[-60.074,-12.773],[-60.09,-12.736],[-60.087,-12.716],[-60.076,-12.688],[-60.078,-12.664],[-60.063,-12.641],[-60.063,-12.628],[-60.068,-12.616],[-60.063,-12.607],[-60.034,-12.595],[-60.028,-12.579],[-60.026,-12.561],[-60.006,-12.545],[-60.0,-12.536],[-59.973,-12.53],[-59.957,-12.502],[-59.936,-12.495],[-59.935,-12.487],[-59.925,-12.481],[-59.913,-12.479],[-59.907,-12.48],[-59.904,-12.472],[-59.897,-12.471],[-59.896,-12.476],[-59.887,-12.475],[-59.868,-12.482],[-59.855,-12.478],[-59.844,-12.467],[-59.841,-12.459],[-59.842,-12.424],[-59.835,-12.413],[-59.832,-12.401],[-59.823,-12.39],[-59.818,-12.389],[-59.819,-12.378],[-59.805,-12.368],[-59.802,-12.357],[-59.792,-12.345],[-59.774,-12.341],[-59.757,-12.329],[-59.732,-12.324],[-59.73,-12.328],[-59.716,-12.316],[-59.705,-12.308],[-59.69,-12.317],[-59.669,-12.313],[-59.661,-12.307],[-59.651,-12.312],[-59.647,-12.307],[-59.627,-12.302],[-59.619,-12.309],[-59.596,-12.313],[-59.59,-12.302],[-59.586,-12.303],[-59.584,-12.3],[-59.571,-12.306],[-59.557,-12.298],[-59.539,-12.295],[-59.521,-12.299],[-59.52,-12.296],[-59.495,-12.296],[-59.482,-12.287],[-59.467,-12.288],[-59.455,-12.284],[-59.451,-12.287],[-59.415,-12.284],[-59.405,-12.289],[-59.388,-12.282],[-59.366,-12.287],[-59.349,-12.279],[-59.331,-12.279],[-59.312,-12.285],[-59.304,-12.282],[-59.272,-12.288],[-59.259,-12.303],[-59.243,-12.306],[-59.228,-12.303],[-59.226,-12.308],[-59.218,-12.309],[-59.214,-12.315],[-59.211,-12.314],[-59.194,-12.331],[-59.188,-12.349],[-59.183,-12.355],[-59.181,-12.356],[-59.174,-12.363],[-59.165,-12.365],[-59.143,-12.357],[-59.138,-12.352],[-59.128,-12.352],[-59.126,-12.338],[-59.113,-12.315],[-59.108,-12.316],[-59.114,-12.307],[-59.092,-12.297],[-59.082,-12.283],[-59.075,-12.28],[-59.067,-12.268],[-59.062,-12.269],[-59.053,-12.255],[-59.049,-12.259],[-59.045,-12.251],[-59.041,-12.252],[-59.035,-12.247],[-59.031,-12.251],[-59.029,-12.245],[-59.012,-12.239],[-59.008,-12.232],[-58.997,-12.237],[-58.974,-12.23],[-58.963,-12.22],[-58.94,-12.221],[-58.915,-12.211],[-58.907,-12.214],[-58.891,-12.209],[-58.87,-12.209],[-58.867,-12.207]]]}},{"type":"Feature","properties":{"id":"5103353","nome":"Confresa"},"geometry":{"type":"Polygon","coordinates":[[[-51.714,-10.07],[-51.71,-10.078],[-51.701,-10.073],[-51.693,-10.077],[-51.685,-10.075],[-51.682,-10.078],[-51.674,-10.074],[-51.668,-10.099],[-51.661,-10.099],[-51.658,-10.094],[-51.653,-10.096],[-51.653,-10.099],[-51.639,-10.101],[-51.638,-10.106],[-51.632,-10.103],[-51.624,-10.107],[-51.615,-10.123],[-51.606,-10.13],[-51.599,-10.142],[-51.585,-10.149],[-51.575,-10.148],[-51.57,-10.151],[-51.562,-10.15],[-51.563,-10.146],[-51.554,-10.142],[-51.551,-10.136],[-51.523,-10.12],[-51.501,-10.127],[-51.492,-10.125],[-51.47,-10.129],[-51.463,-10.121],[-51.456,-10.129],[-51.446,-10.132],[-51.444,-10.138],[-51.436,-10.143],[-51.432,-10.154],[-51.412,-10.164],[-51.404,-10.172],[-51.395,-10.171],[-51.389,-10.166],[-51.382,-10.173],[-51.375,-10.169],[-51.359,-10.167],[-51.36,-10.188],[-51.368,-10.192],[-51.37,-10.197],[-51.346,-10.22],[-51.336,-10.235],[-51.316,-10.244],[-51.301,-10.252],[-51.29,-10.24],[-51.276,-10.233],[-51.271,-10.234],[-51.248,-10.221],[-51.229,-10.226],[-51.224,-10.232],[-51.211,-10.237],[-51.2,-10.238],[-51.195,-10.235],[-51.18,-10.24],[-51.177,-10.244],[-51.166,-10.241],[-51.151,-10.253],[-51.169,-10.272],[-51.178,-10.271],[-51.183,-10.274],[-51.191,-10.273],[-51.224,-10.285],[-51.24,-10.315],[-51.25,-10.333],[-51.25,-10.346],[-51.261,-10.357],[-51.267,-10.372],[-51.269,-10.389],[-51.277,-10.401],[-51.289,-10.411],[-51.307,-10.413],[-51.333,-10.427],[-51.287,-10.461],[-51.274,-10.473],[-51.273,-10.494],[-51.263,-10.502],[-51.28,-10.517],[-51.287,-10.532],[-51.293,-10.537],[-51.288,-10.54],[-51.291,-10.542],[-51.285,-10.56],[-51.291,-10.568],[-51.296,-10.573],[-51.303,-10.572],[-51.308,-10.578],[-51.323,-10.581],[-51.308,-10.644],[-51.323,-10.637],[-51.338,-10.62],[-51.361,-10.629],[-51.368,-10.634],[-51.371,-10.64],[-51.362,-10.665],[-51.356,-10.669],[-51.359,-10.696],[-51.362,-10.7],[-51.351,-10.71],[-51.347,-10.719],[-51.355,-10.747],[-51.38,-10.746],[-51.388,-10.746],[-51.597,-10.736],[-51.636,-10.734],[-51.817,-10.725],[-51.812,-10.713],[-51.819,-10.709],[-51.824,-10.71],[-51.826,-10.706],[-51.818,-10.694],[-51.823,-10.685],[-51.83,-10.683],[-51.829,-10.678],[-51.836,-10.671],[-51.838,-10.663],[-51.865,-10.668],[-51.868,-10.661],[-51.902,-10.645],[-51.911,-10.647],[-51.914,-10.653],[-51.925,-10.657],[-51.944,-10.657],[-51.951,-10.632],[-51.96,-10.624],[-51.966,-10.613],[-51.965,-10.596],[-51.97,-10.584],[-51.969,-10.565],[-51.963,-10.561],[-51.957,-10.549],[-51.997,-10.543],[-52.03,-10.538],[-52.054,-10.549],[-52.076,-10.537],[-52.123,-10.55],[-52.127,-10.543],[-52.123,-10.528],[-52.129,-10.517],[-52.144,-10.509],[-52.158,-10.506],[-52.167,-10.494],[-52.179,-10.488],[-52.183,-10.478],[-52.191,-10.476],[-52.189,-10.46],[-52.207,-10.454],[-52.216,-10.449],[-52.217,-10.443],[-52.216,-10.439],[-52.189,-10.427],[-52.207,-10.423],[-52.209,-10.417],[-52.205,-10.413],[-52.194,-10.415],[-52.19,-10.41],[-52.191,-10.404],[-52.203,-10.403],[-52.198,-10.393],[-52.185,-10.389],[-52.184,-10.383],[-52.171,-10.382],[-52.173,-10.375],[-52.189,-10.363],[-52.183,-10.359],[-52.169,-10.361],[-52.164,-10.359],[-52.161,-10.333],[-52.167,-10.319],[-52.158,-10.308],[-52.164,-10.298],[-52.156,-10.294],[-52.154,-10.277],[-52.144,-10.271],[-52.128,-10.27],[-52.122,-10.263],[-52.112,-10.246],[-52.118,-10.238],[-52.116,-10.231],[-52.1,-10.23],[-52.087,-10.212],[-52.068,-10.211],[-52.064,-10.201],[-52.074,-10.195],[-52.077,-10.182],[-52.093,-10.173],[-52.068,-10.156],[-52.073,-10.147],[-52.06,-10.126],[-52.061,-10.122],[-52.071,-10.117],[-52.061,-10.106],[-52.063,-10.097],[-52.061,-10.092],[-52.058,-10.095],[-52.055,-10.09],[-52.043,-10.089],[-52.033,-10.08],[-52.031,-10.082],[-52.022,-10.076],[-52.022,-10.083],[-52.018,-10.081],[-52.006,-10.091],[-51.998,-10.081],[-51.995,-10.084],[-51.982,-10.077],[-51.982,-10.073],[-51.974,-10.076],[-51.973,-10.081],[-51.965,-10.083],[-51.959,-10.091],[-51.955,-10.088],[-51.95,-10.095],[-51.927,-10.098],[-51.915,-10.104],[-51.913,-10.097],[-51.904,-10.105],[-51.899,-10.097],[-51.875,-10.102],[-51.869,-10.106],[-51.861,-10.103],[-51.857,-10.104],[-51.857,-10.108],[-51.848,-10.111],[-51.841,-10.108],[-51.83,-10.109],[-51.825,-10.104],[-51.794,-10.103],[-51.793,-10.106],[-51.784,-10.111],[-51.753,-10.117],[-51.748,-10.105],[-51.742,-10.103],[-51.745,-10.092],[-51.748,-10.091],[-51.739,-10.082],[-51.736,-10.083],[-51.735,-10.074],[-51.731,-10.07],[-51.718,-10.067],[-51.714,-10.07]]]}},{"type":"Feature","properties":{"id":"5103361","nome":"Conquista D'Oeste"},"geometry":{"type":"Polygon","coordinates":[[[-59.056,-14.31],[-59.059,-14.32],[-59.055,-14.325],[-59.06,-14.326],[-59.054,-14.336],[-59.056,-14.35],[-59.052,-14.361],[-59.054,-14.372],[-59.062,-14.381],[-59.066,-14.407],[-59.062,-14.411],[-59.066,-14.42],[-59.058,-14.427],[-59.063,-14.438],[-59.07,-14.442],[-59.07,-14.454],[-59.066,-14.456],[-59.068,-14.467],[-59.063,-14.474],[-59.07,-14.479],[-59.067,-14.49],[-59.073,-14.492],[-59.071,-14.498],[-59.068,-14.499],[-59.071,-14.504],[-59.068,-14.51],[-59.074,-14.515],[-59.075,-14.521],[-59.072,-14.524],[-59.06,-14.521],[-59.059,-14.526],[-59.048,-14.533],[-59.045,-14.562],[-59.048,-14.576],[-59.046,-14.582],[-59.05,-14.59],[-59.046,-14.599],[-59.036,-14.607],[-59.037,-14.63],[-59.047,-14.643],[-59.059,-14.643],[-59.076,-14.656],[-59.079,-14.653],[-59.094,-14.652],[-59.099,-14.655],[-59.102,-14.652],[-59.107,-14.655],[-59.106,-14.659],[-59.107,-14.661],[-59.117,-14.666],[-59.125,-14.665],[-59.131,-14.669],[-59.145,-14.669],[-59.16,-14.699],[-59.159,-14.711],[-59.165,-14.738],[-59.159,-14.755],[-59.141,-14.756],[-59.142,-14.767],[-59.146,-14.773],[-59.176,-14.789],[-59.178,-14.797],[-59.193,-14.817],[-59.198,-14.818],[-59.203,-14.827],[-59.217,-14.83],[-59.217,-14.827],[-59.225,-14.826],[-59.237,-14.838],[-59.254,-14.832],[-59.263,-14.834],[-59.281,-14.849],[-59.28,-14.858],[-59.298,-14.862],[-59.31,-14.869],[-59.314,-14.875],[-59.334,-14.879],[-59.351,-14.918],[-59.368,-14.93],[-59.364,-14.949],[-59.367,-14.956],[-59.394,-14.964],[-59.405,-14.961],[-59.419,-14.964],[-59.444,-14.96],[-59.446,-14.959],[-59.583,-14.82],[-59.567,-14.795],[-59.596,-14.762],[-59.608,-14.757],[-59.613,-14.733],[-59.606,-14.694],[-59.608,-14.684],[-59.6,-14.673],[-59.604,-14.651],[-59.594,-14.641],[-59.59,-14.629],[-59.59,-14.615],[-59.591,-14.612],[-59.588,-14.604],[-59.587,-14.58],[-59.597,-14.554],[-59.604,-14.548],[-59.612,-14.545],[-59.619,-14.536],[-59.637,-14.534],[-59.644,-14.529],[-59.644,-14.525],[-59.642,-14.518],[-59.631,-14.511],[-59.629,-14.499],[-59.601,-14.485],[-59.582,-14.481],[-59.564,-14.472],[-59.563,-14.465],[-59.552,-14.462],[-59.548,-14.464],[-59.541,-14.457],[-59.532,-14.459],[-59.512,-14.456],[-59.497,-14.465],[-59.472,-14.473],[-59.466,-14.483],[-59.453,-14.494],[-59.446,-14.492],[-59.444,-14.48],[-59.439,-14.479],[-59.432,-14.484],[-59.421,-14.503],[-59.411,-14.506],[-59.406,-14.514],[-59.399,-14.514],[-59.392,-14.52],[-59.378,-14.524],[-59.364,-14.522],[-59.355,-14.526],[-59.34,-14.534],[-59.333,-14.543],[-59.311,-14.51],[-59.31,-14.509],[-59.306,-14.503],[-59.305,-14.475],[-59.298,-14.457],[-59.305,-14.433],[-59.291,-14.405],[-59.288,-14.388],[-59.275,-14.38],[-59.273,-14.374],[-59.263,-14.366],[-59.226,-14.357],[-59.221,-14.35],[-59.211,-14.356],[-59.204,-14.347],[-59.202,-14.35],[-59.192,-14.343],[-59.17,-14.348],[-59.143,-14.342],[-59.143,-14.336],[-59.134,-14.328],[-59.135,-14.324],[-59.117,-14.313],[-59.114,-14.308],[-59.107,-14.312],[-59.103,-14.302],[-59.097,-14.3],[-59.089,-14.276],[-59.069,-14.288],[-59.064,-14.301],[-59.056,-14.31]]]}},{"type":"Feature","properties":{"id":"5103379","nome":"Cotrigua\u00e7u"},"geometry":{"type":"Polygon","coordinates":[[[-58.442,-8.799],[-58.46,-8.842],[-58.476,-8.859],[-58.492,-8.87],[-58.497,-8.886],[-58.503,-8.892],[-58.522,-8.901],[-58.53,-8.899],[-58.548,-8.885],[-58.562,-8.888],[-58.564,-8.894],[-58.555,-8.912],[-58.566,-8.926],[-58.554,-8.934],[-58.554,-8.941],[-58.564,-8.958],[-58.602,-9.009],[-58.598,-9.022],[-58.598,-9.036],[-58.592,-9.048],[-58.591,-9.068],[-58.595,-9.077],[-58.592,-9.081],[-58.606,-9.095],[-58.62,-9.115],[-58.648,-9.136],[-58.656,-9.148],[-58.656,-9.156],[-58.649,-9.172],[-58.653,-9.189],[-58.65,-9.202],[-58.637,-9.21],[-58.628,-9.234],[-58.62,-9.265],[-58.621,-9.273],[-58.609,-9.303],[-58.603,-9.31],[-58.6,-9.326],[-58.582,-9.346],[-58.553,-9.367],[-58.531,-9.39],[-58.506,-9.402],[-58.485,-9.411],[-58.47,-9.425],[-58.448,-9.436],[-58.431,-9.451],[-58.409,-9.456],[-58.375,-9.452],[-58.317,-9.435],[-58.311,-9.436],[-58.289,-9.447],[-58.26,-9.495],[-58.258,-9.507],[-58.258,-9.54],[-58.25,-9.558],[-58.254,-9.574],[-58.259,-9.578],[-58.264,-9.589],[-58.257,-9.654],[-58.251,-9.667],[-58.231,-9.698],[-58.229,-9.734],[-58.22,-9.761],[-58.226,-9.779],[-58.225,-9.784],[-58.217,-9.79],[-58.206,-9.792],[-58.198,-9.799],[-58.194,-9.843],[-58.214,-9.866],[-58.222,-9.873],[-58.225,-9.882],[-58.222,-9.899],[-58.215,-9.92],[-58.215,-9.935],[-58.23,-9.952],[-58.233,-9.963],[-58.233,-9.989],[-58.23,-10.0],[-58.248,-10.026],[-58.259,-10.036],[-58.264,-10.048],[-58.274,-10.061],[-58.286,-10.089],[-58.296,-10.103],[-58.314,-10.116],[-58.321,-10.125],[-58.508,-10.123],[-58.839,-10.12],[-58.837,-10.111],[-58.828,-10.111],[-58.821,-10.104],[-58.823,-10.095],[-58.821,-10.087],[-58.817,-10.086],[-58.818,-10.08],[-58.835,-10.071],[-58.834,-10.066],[-58.842,-10.069],[-58.843,-10.073],[-58.846,-10.072],[-58.851,-10.064],[-58.856,-10.07],[-58.859,-10.064],[-58.865,-10.066],[-58.869,-10.062],[-58.872,-10.054],[-58.884,-10.045],[-58.893,-10.03],[-58.902,-10.03],[-58.91,-10.038],[-58.912,-10.034],[-58.92,-10.033],[-58.922,-10.023],[-58.931,-10.016],[-58.95,-10.022],[-58.956,-10.014],[-58.954,-10.002],[-58.957,-9.996],[-58.97,-10.005],[-58.968,-9.992],[-58.976,-10.0],[-58.98,-9.997],[-58.988,-10.002],[-58.991,-9.996],[-58.996,-9.995],[-59.001,-9.999],[-59.017,-9.992],[-59.02,-9.985],[-59.02,-9.979],[-59.013,-9.979],[-59.011,-9.974],[-59.015,-9.964],[-59.008,-9.953],[-59.011,-9.949],[-59.011,-9.932],[-59.0,-9.919],[-59.0,-9.908],[-59.014,-9.9],[-59.007,-9.848],[-59.001,-9.804],[-58.999,-9.774],[-59.006,-9.768],[-59.009,-9.756],[-59.018,-9.753],[-59.015,-9.744],[-59.022,-9.735],[-59.021,-9.725],[-59.014,-9.717],[-59.009,-9.716],[-59.014,-9.708],[-59.013,-9.701],[-59.021,-9.699],[-59.026,-9.693],[-59.03,-9.671],[-59.041,-9.636],[-59.041,-9.63],[-59.035,-9.625],[-59.031,-9.614],[-59.031,-9.611],[-59.038,-9.605],[-59.039,-9.592],[-59.034,-9.58],[-59.036,-9.573],[-59.035,-9.568],[-59.029,-9.564],[-59.027,-9.559],[-59.024,-9.558],[-59.014,-9.563],[-58.99,-9.557],[-58.984,-9.562],[-58.98,-9.56],[-58.976,-9.544],[-58.99,-9.531],[-58.998,-9.511],[-58.991,-9.5],[-58.997,-9.483],[-58.994,-9.473],[-58.97,-9.418],[-58.988,-9.377],[-58.992,-9.377],[-59.0,-9.371],[-59.012,-9.37],[-59.017,-9.364],[-59.008,-9.362],[-59.004,-9.352],[-58.99,-9.36],[-58.985,-9.348],[-58.977,-9.34],[-58.964,-9.335],[-58.96,-9.339],[-58.949,-9.331],[-58.945,-9.324],[-58.949,-9.31],[-58.962,-9.3],[-58.974,-9.298],[-58.976,-9.286],[-58.991,-9.265],[-59.024,-9.252],[-59.037,-9.251],[-59.042,-9.244],[-59.045,-9.228],[-59.035,-9.231],[-59.024,-9.226],[-58.997,-9.23],[-58.98,-9.222],[-58.976,-9.216],[-58.988,-9.211],[-58.997,-9.213],[-59.001,-9.204],[-59.012,-9.203],[-59.023,-9.197],[-59.031,-9.185],[-59.026,-9.177],[-59.029,-9.159],[-59.023,-9.154],[-59.019,-9.15],[-59.018,-9.137],[-59.01,-9.131],[-58.995,-9.128],[-58.987,-9.12],[-58.987,-9.108],[-58.981,-9.101],[-58.981,-9.086],[-58.975,-9.081],[-58.97,-9.069],[-58.976,-9.059],[-58.975,-9.05],[-58.985,-9.049],[-58.989,-9.042],[-58.995,-9.046],[-59.0,-9.043],[-59.01,-9.045],[-59.016,-9.031],[-59.021,-9.023],[-59.021,-9.009],[-59.035,-9.001],[-59.038,-8.996],[-59.036,-8.992],[-59.044,-8.984],[-59.041,-8.978],[-59.045,-8.976],[-59.045,-8.972],[-59.038,-8.969],[-59.034,-8.962],[-59.02,-8.951],[-59.011,-8.942],[-59.007,-8.931],[-58.995,-8.93],[-58.991,-8.924],[-58.994,-8.918],[-59.003,-8.918],[-59.008,-8.91],[-59.019,-8.904],[-59.019,-8.9],[-59.01,-8.893],[-59.013,-8.886],[-59.019,-8.885],[-59.021,-8.883],[-59.019,-8.875],[-59.019,-8.867],[-59.03,-8.857],[-59.038,-8.858],[-59.052,-8.851],[-59.053,-8.841],[-59.062,-8.837],[-59.067,-8.829],[-59.073,-8.833],[-59.092,-8.834],[-59.108,-8.814],[-59.116,-8.814],[-59.127,-8.803],[-59.096,-8.803],[-58.5,-8.802],[-58.442,-8.799]]]}},{"type":"Feature","properties":{"id":"5103403","nome":"Cuiab\u00e1"},"geometry":{"type":"Polygon","coordinates":[[[-55.919,-15.078],[-55.918,-15.09],[-55.907,-15.097],[-55.909,-15.115],[-55.903,-15.135],[-55.912,-15.147],[-55.909,-15.165],[-55.901,-15.176],[-55.905,-15.188],[-55.897,-15.192],[-55.91,-15.219],[-55.918,-15.229],[-55.92,-15.231],[-55.922,-15.246],[-55.93,-15.253],[-55.932,-15.26],[-55.931,-15.268],[-55.92,-15.272],[-55.906,-15.274],[-55.9,-15.269],[-55.888,-15.269],[-55.878,-15.278],[-55.872,-15.274],[-55.868,-15.288],[-55.861,-15.285],[-55.855,-15.29],[-55.828,-15.306],[-55.814,-15.305],[-55.799,-15.33],[-55.799,-15.349],[-55.805,-15.358],[-55.806,-15.37],[-55.797,-15.384],[-55.792,-15.406],[-55.779,-15.411],[-55.773,-15.417],[-55.777,-15.43],[-55.773,-15.445],[-55.765,-15.456],[-55.762,-15.472],[-55.758,-15.48],[-55.746,-15.488],[-55.729,-15.491],[-55.719,-15.49],[-55.68,-15.477],[-55.67,-15.478],[-55.649,-15.469],[-55.648,-15.469],[-55.643,-15.469],[-55.632,-15.469],[-55.619,-15.473],[-55.59,-15.473],[-55.568,-15.482],[-55.557,-15.495],[-55.556,-15.509],[-55.548,-15.518],[-55.51,-15.54],[-55.496,-15.544],[-55.476,-15.544],[-55.481,-15.565],[-55.473,-15.574],[-55.465,-15.576],[-55.464,-15.581],[-55.497,-15.608],[-55.486,-15.605],[-55.479,-15.615],[-55.482,-15.624],[-55.511,-15.639],[-55.523,-15.655],[-55.53,-15.671],[-55.565,-15.699],[-55.605,-15.717],[-55.631,-15.717],[-55.71,-15.704],[-55.89,-15.699],[-55.891,-15.698],[-55.892,-15.699],[-55.98,-15.722],[-56.069,-15.746],[-56.145,-15.767],[-56.142,-15.756],[-56.126,-15.757],[-56.12,-15.751],[-56.11,-15.74],[-56.103,-15.721],[-56.103,-15.714],[-56.113,-15.699],[-56.113,-15.695],[-56.106,-15.688],[-56.079,-15.685],[-56.071,-15.68],[-56.07,-15.659],[-56.071,-15.643],[-56.08,-15.635],[-56.102,-15.617],[-56.106,-15.616],[-56.124,-15.628],[-56.132,-15.624],[-56.143,-15.592],[-56.134,-15.582],[-56.134,-15.575],[-56.14,-15.567],[-56.142,-15.561],[-56.16,-15.559],[-56.167,-15.555],[-56.173,-15.544],[-56.172,-15.534],[-56.192,-15.524],[-56.192,-15.52],[-56.183,-15.513],[-56.183,-15.509],[-56.201,-15.497],[-56.217,-15.47],[-56.235,-15.465],[-56.245,-15.456],[-56.245,-15.434],[-56.23,-15.412],[-56.237,-15.399],[-56.243,-15.364],[-56.252,-15.358],[-56.279,-15.339],[-56.278,-15.331],[-56.284,-15.318],[-56.277,-15.303],[-56.276,-15.286],[-56.284,-15.273],[-56.282,-15.268],[-56.302,-15.25],[-56.3,-15.246],[-56.29,-15.239],[-56.278,-15.23],[-56.278,-15.218],[-56.273,-15.208],[-56.264,-15.203],[-56.264,-15.199],[-56.252,-15.199],[-56.252,-15.202],[-56.244,-15.195],[-56.237,-15.196],[-56.229,-15.192],[-56.22,-15.192],[-56.203,-15.176],[-56.193,-15.171],[-56.183,-15.168],[-56.168,-15.156],[-56.164,-15.158],[-56.148,-15.144],[-56.132,-15.135],[-56.132,-15.122],[-56.127,-15.116],[-56.129,-15.1],[-56.127,-15.094],[-56.111,-15.083],[-56.085,-15.088],[-56.071,-15.082],[-56.066,-15.086],[-56.041,-15.088],[-56.023,-15.099],[-56.016,-15.093],[-56.0,-15.09],[-55.994,-15.095],[-55.986,-15.089],[-55.977,-15.095],[-55.974,-15.093],[-55.962,-15.084],[-55.952,-15.088],[-55.939,-15.088],[-55.924,-15.071],[-55.919,-15.078]]]}},{"type":"Feature","properties":{"id":"5103437","nome":"Curvel\u00e2ndia"},"geometry":{"type":"Polygon","coordinates":[[[-57.892,-15.47],[-57.888,-15.485],[-57.886,-15.481],[-57.873,-15.483],[-57.854,-15.497],[-57.84,-15.494],[-57.838,-15.495],[-57.831,-15.51],[-57.831,-15.523],[-57.834,-15.533],[-57.848,-15.543],[-57.844,-15.543],[-57.841,-15.551],[-57.837,-15.548],[-57.831,-15.557],[-57.829,-15.556],[-57.823,-15.569],[-57.822,-15.566],[-57.819,-15.569],[-57.82,-15.574],[-57.822,-15.572],[-57.823,-15.576],[-57.825,-15.574],[-57.825,-15.582],[-57.828,-15.581],[-57.827,-15.585],[-57.831,-15.584],[-57.828,-15.587],[-57.821,-15.591],[-57.819,-15.597],[-57.815,-15.595],[-57.817,-15.605],[-57.814,-15.61],[-57.807,-15.61],[-57.807,-15.613],[-57.797,-15.61],[-57.8,-15.616],[-57.795,-15.616],[-57.793,-15.631],[-57.788,-15.632],[-57.787,-15.636],[-57.783,-15.635],[-57.785,-15.65],[-57.791,-15.651],[-57.792,-15.647],[-57.796,-15.649],[-57.796,-15.653],[-57.798,-15.648],[-57.801,-15.649],[-57.798,-15.657],[-57.804,-15.656],[-57.8,-15.663],[-57.802,-15.671],[-57.808,-15.673],[-57.805,-15.685],[-57.809,-15.682],[-57.811,-15.684],[-57.807,-15.693],[-57.808,-15.702],[-57.812,-15.704],[-57.809,-15.704],[-57.811,-15.708],[-57.808,-15.712],[-57.812,-15.718],[-57.807,-15.724],[-57.809,-15.726],[-57.807,-15.736],[-57.811,-15.741],[-57.808,-15.745],[-57.809,-15.752],[-57.806,-15.752],[-57.806,-15.757],[-57.801,-15.755],[-57.802,-15.759],[-57.798,-15.758],[-57.802,-15.763],[-57.795,-15.762],[-57.8,-15.764],[-57.801,-15.774],[-57.798,-15.774],[-57.797,-15.777],[-57.8,-15.777],[-57.815,-15.767],[-57.856,-15.758],[-57.889,-15.75],[-57.882,-15.743],[-57.879,-15.723],[-57.874,-15.719],[-57.889,-15.705],[-57.894,-15.689],[-57.891,-15.667],[-57.901,-15.65],[-57.931,-15.639],[-57.953,-15.627],[-57.963,-15.611],[-57.991,-15.605],[-57.99,-15.565],[-57.975,-15.532],[-57.958,-15.529],[-57.935,-15.552],[-57.921,-15.555],[-57.905,-15.553],[-57.903,-15.54],[-57.915,-15.519],[-57.91,-15.471],[-57.905,-15.469],[-57.892,-15.47]]]}},{"type":"Feature","properties":{"id":"5103452","nome":"Denise"},"geometry":{"type":"Polygon","coordinates":[[[-56.949,-14.504],[-56.945,-14.517],[-56.935,-14.517],[-56.911,-14.544],[-56.92,-14.559],[-56.92,-14.567],[-56.92,-14.574],[-56.906,-14.59],[-56.726,-14.647],[-56.724,-14.649],[-56.722,-14.652],[-56.732,-14.659],[-56.734,-14.666],[-56.73,-14.672],[-56.717,-14.679],[-56.732,-14.681],[-56.74,-14.677],[-56.747,-14.678],[-56.747,-14.684],[-56.738,-14.689],[-56.759,-14.699],[-56.758,-14.708],[-56.753,-14.714],[-56.762,-14.716],[-56.756,-14.732],[-56.764,-14.741],[-56.78,-14.74],[-56.78,-14.752],[-56.8,-14.758],[-56.801,-14.761],[-56.794,-14.769],[-56.797,-14.774],[-56.812,-14.777],[-56.818,-14.792],[-56.836,-14.786],[-56.824,-14.805],[-56.836,-14.806],[-56.84,-14.802],[-56.844,-14.805],[-56.838,-14.818],[-56.838,-14.829],[-56.841,-14.831],[-56.855,-14.826],[-56.853,-14.852],[-56.861,-14.85],[-56.867,-14.87],[-56.88,-14.877],[-56.879,-14.885],[-56.876,-14.888],[-56.881,-14.894],[-56.894,-14.902],[-56.889,-14.913],[-56.902,-14.919],[-56.903,-14.928],[-56.92,-14.925],[-56.909,-14.936],[-56.911,-14.94],[-56.921,-14.935],[-56.925,-14.936],[-57.001,-14.891],[-57.014,-14.899],[-57.015,-14.906],[-57.024,-14.905],[-57.022,-14.91],[-57.024,-14.911],[-57.03,-14.907],[-57.035,-14.911],[-57.041,-14.906],[-57.041,-14.911],[-57.047,-14.915],[-57.053,-14.911],[-57.078,-14.918],[-57.083,-14.893],[-57.08,-14.875],[-57.086,-14.859],[-57.087,-14.836],[-57.117,-14.851],[-57.133,-14.849],[-57.127,-14.833],[-57.127,-14.821],[-57.133,-14.817],[-57.131,-14.815],[-57.136,-14.81],[-57.145,-14.801],[-57.156,-14.78],[-57.157,-14.742],[-57.149,-14.733],[-57.136,-14.7],[-57.094,-14.653],[-57.081,-14.647],[-57.08,-14.635],[-57.072,-14.625],[-57.067,-14.61],[-57.047,-14.597],[-57.037,-14.585],[-57.039,-14.561],[-57.057,-14.556],[-57.064,-14.558],[-57.085,-14.576],[-57.108,-14.575],[-57.127,-14.563],[-57.126,-14.56],[-57.111,-14.559],[-57.108,-14.557],[-57.1,-14.537],[-57.088,-14.53],[-57.053,-14.525],[-57.05,-14.519],[-57.044,-14.516],[-57.025,-14.532],[-57.01,-14.536],[-57.0,-14.529],[-56.986,-14.526],[-56.968,-14.505],[-56.956,-14.501],[-56.949,-14.504]]]}},{"type":"Feature","properties":{"id":"5103502","nome":"Diamantino"},"geometry":{"type":"Polygon","coordinates":[[[-57.365,-13.586],[-57.359,-13.593],[-57.352,-13.593],[-57.349,-13.6],[-57.333,-13.6],[-57.331,-13.607],[-57.334,-13.612],[-57.33,-13.624],[-57.345,-13.647],[-57.341,-13.655],[-57.351,-13.665],[-57.348,-13.679],[-57.35,-13.69],[-57.357,-13.698],[-57.354,-13.707],[-57.352,-13.738],[-57.34,-13.75],[-57.331,-13.876],[-57.21,-13.917],[-57.197,-13.902],[-57.184,-13.876],[-57.178,-13.872],[-57.152,-13.875],[-57.14,-13.865],[-57.133,-13.865],[-57.122,-13.856],[-57.109,-13.852],[-57.098,-13.856],[-57.057,-13.852],[-57.054,-13.846],[-57.039,-13.833],[-57.016,-13.822],[-57.006,-13.83],[-56.996,-13.831],[-56.989,-13.827],[-56.987,-13.814],[-56.978,-13.805],[-56.973,-13.805],[-56.969,-13.799],[-56.949,-13.79],[-56.937,-13.799],[-56.928,-13.799],[-56.923,-13.794],[-56.912,-13.791],[-56.907,-13.797],[-56.896,-13.792],[-56.887,-13.774],[-56.856,-13.758],[-56.832,-13.752],[-56.828,-13.747],[-56.817,-13.745],[-56.813,-13.73],[-56.796,-13.716],[-56.795,-13.71],[-56.78,-13.702],[-56.778,-13.689],[-56.764,-13.675],[-56.765,-13.663],[-56.753,-13.653],[-56.741,-13.647],[-56.733,-13.649],[-56.727,-13.655],[-56.718,-13.655],[-56.711,-13.672],[-56.703,-13.67],[-56.686,-13.688],[-56.68,-13.687],[-56.681,-13.691],[-56.675,-13.692],[-56.668,-13.702],[-56.671,-13.713],[-56.665,-13.726],[-56.669,-13.73],[-56.671,-13.75],[-56.68,-13.747],[-56.679,-13.752],[-56.691,-13.758],[-56.694,-13.765],[-56.701,-13.768],[-56.697,-13.775],[-56.703,-13.791],[-56.698,-13.798],[-56.689,-13.798],[-56.691,-13.802],[-56.688,-13.812],[-56.691,-13.815],[-56.695,-13.846],[-56.689,-13.848],[-56.675,-13.871],[-56.655,-13.865],[-56.629,-13.874],[-56.618,-13.867],[-56.6,-13.869],[-56.582,-13.877],[-56.557,-13.894],[-56.543,-13.866],[-56.538,-13.865],[-56.528,-13.851],[-56.51,-13.853],[-56.499,-13.86],[-56.48,-13.854],[-56.475,-13.849],[-56.468,-13.849],[-56.455,-13.84],[-56.446,-13.842],[-56.424,-13.836],[-56.411,-13.838],[-56.412,-13.846],[-56.406,-13.846],[-56.407,-13.85],[-56.403,-13.851],[-56.4,-13.846],[-56.392,-13.859],[-56.379,-13.868],[-56.383,-13.87],[-56.378,-13.878],[-56.387,-13.878],[-56.39,-13.883],[-56.383,-13.882],[-56.38,-13.885],[-56.379,-13.895],[-56.373,-13.905],[-56.37,-13.907],[-56.366,-13.903],[-56.35,-13.915],[-56.352,-13.921],[-56.36,-13.925],[-56.367,-13.924],[-56.37,-13.931],[-56.358,-13.932],[-56.359,-13.942],[-56.342,-13.953],[-56.34,-13.967],[-56.348,-13.966],[-56.352,-13.972],[-56.35,-13.977],[-56.336,-13.98],[-56.332,-13.994],[-56.323,-14.005],[-56.324,-14.008],[-56.321,-14.008],[-56.318,-14.014],[-56.311,-14.011],[-56.306,-14.018],[-56.304,-14.023],[-56.307,-14.031],[-56.302,-14.036],[-56.308,-14.047],[-56.302,-14.046],[-56.301,-14.053],[-56.309,-14.054],[-56.303,-14.061],[-56.308,-14.061],[-56.307,-14.07],[-56.291,-14.078],[-56.29,-14.086],[-56.287,-14.081],[-56.283,-14.083],[-56.283,-14.088],[-56.279,-14.088],[-56.283,-14.097],[-56.279,-14.106],[-56.275,-14.103],[-56.271,-14.107],[-56.271,-14.112],[-56.264,-14.116],[-56.269,-14.118],[-56.266,-14.126],[-56.255,-14.128],[-56.249,-14.135],[-56.246,-14.133],[-56.241,-14.136],[-56.24,-14.133],[-56.237,-14.135],[-56.24,-14.139],[-56.236,-14.141],[-56.237,-14.146],[-56.226,-14.162],[-56.226,-14.157],[-56.217,-14.156],[-56.204,-14.167],[-56.2,-14.167],[-56.201,-14.156],[-56.192,-14.149],[-56.194,-14.144],[-56.187,-14.142],[-56.182,-14.147],[-56.18,-14.142],[-56.177,-14.148],[-56.169,-14.149],[-56.167,-14.152],[-56.152,-14.155],[-56.154,-14.158],[-56.142,-14.155],[-56.141,-14.159],[-56.137,-14.16],[-56.126,-14.147],[-56.117,-14.152],[-56.111,-14.15],[-56.111,-14.154],[-56.098,-14.147],[-56.095,-14.145],[-56.089,-14.15],[-56.084,-14.146],[-56.083,-14.15],[-56.074,-14.146],[-56.056,-14.144],[-56.049,-14.153],[-56.05,-14.159],[-56.041,-14.164],[-56.043,-14.17],[-56.039,-14.213],[-56.036,-14.215],[-56.032,-14.21],[-56.034,-14.218],[-56.029,-14.218],[-56.03,-14.221],[-56.026,-14.223],[-56.022,-14.229],[-56.026,-14.233],[-56.015,-14.246],[-56.008,-14.242],[-56.003,-14.244],[-56.005,-14.249],[-56.002,-14.252],[-55.999,-14.247],[-55.994,-14.25],[-55.995,-14.268],[-55.985,-14.265],[-55.977,-14.269],[-55.981,-14.276],[-55.977,-14.284],[-55.978,-14.298],[-55.996,-14.318],[-55.991,-14.34],[-55.995,-14.343],[-55.988,-14.347],[-55.992,-14.354],[-56.012,-14.367],[-56.023,-14.386],[-56.04,-14.397],[-56.049,-14.421],[-56.06,-14.425],[-56.099,-14.451],[-56.143,-14.49],[-56.173,-14.508],[-56.213,-14.541],[-56.218,-14.547],[-56.219,-14.558],[-56.217,-14.565],[-56.223,-14.576],[-56.235,-14.586],[-56.241,-14.596],[-56.254,-14.605],[-56.269,-14.622],[-56.284,-14.63],[-56.367,-14.698],[-56.371,-14.691],[-56.369,-14.569],[-56.439,-14.566],[-56.396,-14.535],[-56.387,-14.521],[-56.384,-14.504],[-56.387,-14.502],[-56.388,-14.485],[-56.396,-14.475],[-56.404,-14.467],[-56.408,-14.456],[-56.412,-14.46],[-56.416,-14.456],[-56.429,-14.463],[-56.434,-14.462],[-56.435,-14.465],[-56.441,-14.463],[-56.442,-14.456],[-56.45,-14.455],[-56.456,-14.457],[-56.457,-14.462],[-56.473,-14.459],[-56.472,-14.467],[-56.485,-14.476],[-56.487,-14.475],[-56.488,-14.469],[-56.495,-14.465],[-56.492,-14.463],[-56.493,-14.46],[-56.489,-14.459],[-56.488,-14.453],[-56.499,-14.433],[-56.504,-14.432],[-56.511,-14.421],[-56.533,-14.408],[-56.541,-14.395],[-56.551,-14.393],[-56.545,-14.282],[-56.543,-14.243],[-56.526,-14.251],[-56.529,-14.249],[-56.604,-14.201],[-56.616,-14.2],[-56.652,-14.216],[-56.674,-14.199],[-56.688,-14.196],[-56.705,-14.199],[-56.716,-14.183],[-56.729,-14.172],[-56.714,-14.156],[-56.705,-14.132],[-56.726,-14.134],[-56.767,-14.151],[-56.785,-14.151],[-56.888,-14.149],[-56.921,-14.152],[-56.934,-14.154],[-56.951,-14.172],[-56.971,-14.169],[-56.98,-14.186],[-56.988,-14.192],[-57.01,-14.202],[-57.018,-14.202],[-57.022,-14.19],[-57.033,-14.184],[-57.048,-14.194],[-57.068,-14.192],[-57.083,-14.185],[-57.093,-14.173],[-57.11,-14.171],[-57.125,-14.173],[-57.141,-14.164],[-57.149,-14.166],[-57.178,-14.191],[-57.198,-14.195],[-57.223,-14.173],[-57.245,-14.171],[-57.264,-14.165],[-57.288,-14.163],[-57.337,-14.184],[-57.354,-14.179],[-57.372,-14.164],[-57.383,-14.161],[-57.435,-14.191],[-57.453,-14.189],[-57.498,-14.213],[-57.522,-14.212],[-57.54,-14.204],[-57.562,-14.172],[-57.579,-14.167],[-57.606,-14.185],[-57.636,-14.22],[-57.652,-14.231],[-57.669,-14.254],[-57.716,-14.291],[-57.735,-14.291],[-57.722,-14.281],[-57.714,-14.27],[-57.694,-14.226],[-57.683,-14.209],[-57.673,-14.18],[-57.672,-14.171],[-57.68,-14.154],[-57.677,-14.13],[-57.68,-14.123],[-57.675,-14.116],[-57.675,-14.101],[-57.678,-14.093],[-57.69,-14.087],[-57.692,-14.079],[-57.686,-14.076],[-57.679,-14.054],[-57.673,-14.054],[-57.667,-14.049],[-57.664,-14.037],[-57.649,-14.008],[-57.637,-13.998],[-57.637,-13.99],[-57.631,-13.985],[-57.633,-13.975],[-57.628,-13.969],[-57.629,-13.964],[-57.614,-13.956],[-57.602,-13.938],[-57.583,-13.924],[-57.571,-13.907],[-57.566,-13.867],[-57.549,-13.845],[-57.535,-13.835],[-57.536,-13.83],[-57.527,-13.825],[-57.523,-13.813],[-57.518,-13.809],[-57.518,-13.803],[-57.507,-13.792],[-57.496,-13.778],[-57.501,-13.771],[-57.498,-13.767],[-57.495,-13.765],[-57.489,-13.769],[-57.488,-13.766],[-57.491,-13.759],[-57.495,-13.758],[-57.493,-13.754],[-57.47,-13.736],[-57.464,-13.728],[-57.463,-13.719],[-57.455,-13.712],[-57.45,-13.713],[-57.448,-13.708],[-57.451,-13.706],[-57.445,-13.703],[-57.439,-13.693],[-57.438,-13.687],[-57.443,-13.681],[-57.435,-13.675],[-57.427,-13.673],[-57.428,-13.666],[-57.417,-13.66],[-57.406,-13.642],[-57.401,-13.643],[-57.395,-13.635],[-57.401,-13.625],[-57.396,-13.624],[-57.392,-13.605],[-57.369,-13.594],[-57.365,-13.586]]]}},{"type":"Feature","properties":{"id":"5103601","nome":"Dom Aquino"},"geometry":{"type":"Polygon","coordinates":[[[-54.552,-15.365],[-54.551,-15.374],[-54.543,-15.37],[-54.541,-15.374],[-54.53,-15.377],[-54.53,-15.394],[-54.525,-15.401],[-54.518,-15.4],[-54.55,-15.5],[-54.559,-15.568],[-54.561,-15.577],[-54.584,-15.632],[-54.638,-15.761],[-54.675,-15.848],[-54.58,-15.881],[-54.609,-15.897],[-54.618,-15.885],[-54.631,-15.889],[-54.635,-15.886],[-54.654,-15.893],[-54.659,-15.891],[-54.668,-15.897],[-54.672,-15.896],[-54.675,-15.89],[-54.684,-15.893],[-54.686,-15.891],[-54.693,-15.892],[-54.698,-15.888],[-54.703,-15.889],[-54.704,-15.886],[-54.711,-15.892],[-54.715,-15.888],[-54.721,-15.892],[-54.731,-15.891],[-54.735,-15.894],[-54.744,-15.895],[-54.746,-15.905],[-54.758,-15.913],[-54.76,-15.92],[-54.78,-15.917],[-54.796,-15.929],[-54.808,-15.928],[-54.822,-15.939],[-54.828,-15.935],[-54.833,-15.94],[-54.842,-15.938],[-54.847,-15.942],[-54.861,-15.947],[-54.883,-15.946],[-54.895,-15.952],[-54.899,-15.95],[-54.901,-15.966],[-54.908,-15.97],[-54.909,-15.973],[-54.906,-15.976],[-54.91,-15.982],[-54.913,-15.978],[-54.912,-15.974],[-54.918,-15.975],[-54.92,-15.968],[-54.917,-15.964],[-54.925,-15.962],[-54.934,-15.952],[-54.941,-15.95],[-54.949,-15.956],[-54.952,-15.953],[-54.95,-15.948],[-54.953,-15.939],[-54.943,-15.938],[-54.941,-15.932],[-54.95,-15.922],[-54.954,-15.917],[-54.947,-15.915],[-54.943,-15.909],[-54.945,-15.901],[-54.942,-15.897],[-54.953,-15.889],[-54.951,-15.881],[-54.958,-15.875],[-54.946,-15.867],[-54.959,-15.863],[-54.954,-15.856],[-54.962,-15.846],[-54.961,-15.838],[-54.956,-15.837],[-54.96,-15.826],[-54.955,-15.821],[-54.95,-15.818],[-54.956,-15.818],[-54.97,-15.801],[-54.968,-15.796],[-54.959,-15.793],[-54.963,-15.786],[-54.96,-15.78],[-54.968,-15.775],[-54.967,-15.769],[-54.973,-15.773],[-54.982,-15.77],[-54.992,-15.775],[-55.009,-15.768],[-55.014,-15.772],[-55.016,-15.764],[-55.02,-15.762],[-55.024,-15.755],[-55.014,-15.755],[-55.013,-15.732],[-55.009,-15.715],[-55.003,-15.708],[-55.004,-15.704],[-55.012,-15.698],[-55.007,-15.69],[-55.0,-15.687],[-55.004,-15.685],[-55.005,-15.671],[-54.984,-15.666],[-54.982,-15.641],[-54.972,-15.636],[-54.976,-15.628],[-54.961,-15.616],[-54.966,-15.611],[-54.967,-15.606],[-54.964,-15.604],[-54.967,-15.597],[-54.966,-15.591],[-54.97,-15.588],[-54.967,-15.581],[-54.974,-15.557],[-54.97,-15.542],[-54.965,-15.534],[-54.942,-15.526],[-54.93,-15.517],[-54.92,-15.506],[-54.915,-15.488],[-54.908,-15.496],[-54.898,-15.495],[-54.856,-15.473],[-54.851,-15.467],[-54.789,-15.438],[-54.756,-15.429],[-54.735,-15.408],[-54.718,-15.397],[-54.706,-15.394],[-54.705,-15.396],[-54.702,-15.394],[-54.702,-15.399],[-54.695,-15.396],[-54.691,-15.4],[-54.677,-15.389],[-54.668,-15.392],[-54.665,-15.386],[-54.655,-15.388],[-54.653,-15.385],[-54.645,-15.384],[-54.643,-15.389],[-54.64,-15.385],[-54.633,-15.386],[-54.635,-15.382],[-54.632,-15.379],[-54.63,-15.381],[-54.63,-15.377],[-54.61,-15.371],[-54.605,-15.374],[-54.597,-15.368],[-54.594,-15.372],[-54.589,-15.367],[-54.584,-15.37],[-54.584,-15.363],[-54.58,-15.367],[-54.569,-15.361],[-54.552,-15.365]]]}},{"type":"Feature","properties":{"id":"5103700","nome":"Feliz Natal"},"geometry":{"type":"Polygon","coordinates":[[[-53.302,-11.02],[-53.295,-11.027],[-53.29,-11.03],[-53.284,-11.039],[-53.282,-11.048],[-53.286,-11.059],[-53.289,-11.069],[-53.285,-11.081],[-53.271,-11.086],[-53.266,-11.09],[-53.26,-11.118],[-53.244,-11.139],[-53.242,-11.173],[-53.237,-11.187],[-53.24,-11.201],[-53.246,-11.213],[-53.263,-11.232],[-53.25,-11.259],[-53.254,-11.27],[-53.261,-11.276],[-53.277,-11.279],[-53.296,-11.31],[-53.301,-11.313],[-53.309,-11.312],[-53.316,-11.317],[-53.323,-11.333],[-53.341,-11.356],[-53.376,-11.392],[-53.385,-11.418],[-53.399,-11.434],[-53.408,-11.434],[-53.423,-11.424],[-53.438,-11.432],[-53.441,-11.466],[-53.468,-11.498],[-53.474,-11.515],[-53.477,-11.518],[-53.487,-11.502],[-53.492,-11.503],[-53.494,-11.519],[-53.506,-11.526],[-53.52,-11.547],[-53.548,-11.568],[-53.535,-11.585],[-53.54,-11.596],[-53.56,-11.602],[-53.569,-11.611],[-53.571,-11.62],[-53.569,-11.648],[-53.579,-11.678],[-53.602,-11.724],[-53.608,-11.745],[-53.6,-11.79],[-53.595,-11.797],[-53.586,-11.828],[-53.587,-11.859],[-53.574,-11.878],[-53.571,-11.896],[-53.566,-11.905],[-53.551,-11.916],[-53.548,-11.922],[-53.547,-11.937],[-53.548,-11.949],[-53.558,-11.956],[-53.571,-11.952],[-53.58,-11.957],[-53.591,-11.955],[-53.597,-11.96],[-53.614,-11.955],[-53.618,-11.958],[-53.618,-11.963],[-53.605,-11.971],[-53.605,-11.975],[-53.612,-11.979],[-53.631,-11.977],[-53.632,-11.984],[-53.623,-11.992],[-53.619,-12.005],[-53.622,-12.007],[-53.634,-12.002],[-53.639,-12.004],[-53.642,-12.012],[-53.654,-12.021],[-53.646,-12.028],[-53.645,-12.032],[-53.653,-12.031],[-53.655,-12.039],[-53.664,-12.039],[-53.672,-12.045],[-53.694,-12.049],[-53.697,-12.048],[-53.699,-12.041],[-53.709,-12.035],[-53.713,-12.035],[-53.716,-12.039],[-53.726,-12.035],[-53.727,-12.041],[-53.721,-12.052],[-53.724,-12.055],[-53.75,-12.067],[-53.768,-12.091],[-53.784,-12.087],[-53.783,-12.093],[-53.787,-12.097],[-53.793,-12.093],[-53.788,-12.086],[-53.794,-12.089],[-53.806,-12.088],[-53.806,-12.082],[-53.815,-12.084],[-53.821,-12.079],[-53.824,-12.083],[-53.827,-12.078],[-53.836,-12.083],[-53.835,-12.076],[-53.842,-12.072],[-53.848,-12.063],[-53.855,-12.072],[-53.852,-12.079],[-53.855,-12.087],[-53.849,-12.089],[-53.863,-12.087],[-53.876,-12.076],[-53.88,-12.083],[-53.889,-12.08],[-53.902,-12.085],[-53.907,-12.096],[-53.911,-12.098],[-53.925,-12.089],[-53.93,-12.096],[-53.937,-12.09],[-53.947,-12.088],[-53.947,-12.096],[-53.954,-12.099],[-53.958,-12.109],[-53.965,-12.115],[-53.96,-12.121],[-53.97,-12.12],[-53.976,-12.126],[-53.992,-12.125],[-53.985,-12.122],[-53.989,-12.123],[-53.993,-12.12],[-53.997,-12.124],[-54.003,-12.114],[-54.013,-12.109],[-54.017,-12.109],[-54.016,-12.116],[-54.024,-12.116],[-54.038,-12.122],[-54.04,-12.128],[-54.036,-12.128],[-54.036,-12.13],[-54.047,-12.13],[-54.05,-12.135],[-54.054,-12.135],[-54.05,-12.14],[-54.056,-12.145],[-54.057,-12.162],[-54.071,-12.165],[-54.078,-12.159],[-54.089,-12.162],[-54.096,-12.157],[-54.1,-12.163],[-54.102,-12.156],[-54.096,-12.149],[-54.104,-12.147],[-54.105,-12.154],[-54.114,-12.167],[-54.119,-12.163],[-54.119,-12.168],[-54.124,-12.167],[-54.126,-12.173],[-54.131,-12.165],[-54.143,-12.171],[-54.138,-12.178],[-54.146,-12.176],[-54.146,-12.183],[-54.152,-12.18],[-54.16,-12.197],[-54.166,-12.199],[-54.172,-12.206],[-54.177,-12.206],[-54.178,-12.211],[-54.183,-12.219],[-54.183,-12.233],[-54.18,-12.238],[-54.19,-12.234],[-54.191,-12.24],[-54.197,-12.244],[-54.196,-12.248],[-54.203,-12.247],[-54.203,-12.241],[-54.211,-12.244],[-54.219,-12.241],[-54.224,-12.248],[-54.224,-12.243],[-54.239,-12.244],[-54.242,-12.25],[-54.239,-12.248],[-54.233,-12.255],[-54.236,-12.257],[-54.242,-12.255],[-54.244,-12.263],[-54.247,-12.263],[-54.245,-12.258],[-54.252,-12.259],[-54.257,-12.254],[-54.272,-12.27],[-54.278,-12.272],[-54.286,-12.27],[-54.29,-12.286],[-54.3,-12.29],[-54.304,-12.282],[-54.309,-12.282],[-54.317,-12.284],[-54.312,-12.289],[-54.32,-12.299],[-54.33,-12.298],[-54.346,-12.307],[-54.349,-12.301],[-54.356,-12.3],[-54.358,-12.307],[-54.365,-12.307],[-54.364,-12.31],[-54.376,-12.315],[-54.382,-12.326],[-54.398,-12.333],[-54.403,-12.342],[-54.41,-12.345],[-54.426,-12.334],[-54.429,-12.347],[-54.433,-12.35],[-54.443,-12.348],[-54.443,-12.356],[-54.442,-12.359],[-54.453,-12.356],[-54.451,-12.361],[-54.461,-12.361],[-54.462,-12.365],[-54.468,-12.36],[-54.483,-12.361],[-54.505,-12.385],[-54.517,-12.384],[-54.515,-12.395],[-54.521,-12.397],[-54.524,-12.408],[-54.531,-12.414],[-54.528,-12.415],[-54.531,-12.418],[-54.528,-12.423],[-54.535,-12.448],[-54.531,-12.453],[-54.534,-12.455],[-54.54,-12.452],[-54.547,-12.453],[-54.551,-12.462],[-54.561,-12.467],[-54.578,-12.465],[-54.586,-12.47],[-54.595,-12.467],[-54.607,-12.476],[-54.62,-12.475],[-54.624,-12.471],[-54.642,-12.481],[-54.653,-12.481],[-54.67,-12.474],[-54.685,-12.484],[-54.694,-12.484],[-54.694,-12.488],[-54.704,-12.492],[-54.706,-12.508],[-54.717,-12.524],[-54.719,-12.539],[-54.729,-12.543],[-54.731,-12.541],[-54.731,-12.547],[-54.735,-12.546],[-54.725,-12.561],[-54.732,-12.566],[-54.729,-12.575],[-54.737,-12.575],[-54.735,-12.581],[-54.74,-12.582],[-54.745,-12.599],[-54.76,-12.61],[-54.765,-12.609],[-54.765,-12.612],[-54.773,-12.608],[-54.775,-12.613],[-54.791,-12.626],[-54.797,-12.623],[-54.801,-12.629],[-54.807,-12.626],[-54.807,-12.631],[-54.82,-12.634],[-54.826,-12.642],[-54.837,-12.638],[-54.853,-12.646],[-54.855,-12.642],[-54.863,-12.642],[-54.867,-12.649],[-54.872,-12.652],[-54.878,-12.65],[-54.88,-12.655],[-54.889,-12.651],[-54.895,-12.653],[-54.906,-12.662],[-54.91,-12.66],[-54.911,-12.665],[-54.915,-12.665],[-54.916,-12.681],[-54.919,-12.679],[-54.96,-12.68],[-55.196,-12.681],[-55.229,-12.686],[-55.226,-12.657],[-55.235,-12.639],[-55.228,-12.615],[-55.239,-12.607],[-55.237,-12.604],[-55.227,-12.596],[-55.223,-12.6],[-55.215,-12.593],[-55.197,-12.595],[-55.196,-12.59],[-55.19,-12.59],[-55.192,-12.589],[-55.188,-12.581],[-55.181,-12.574],[-55.176,-12.578],[-55.17,-12.573],[-55.166,-12.576],[-55.155,-12.575],[-55.156,-12.571],[-55.153,-12.571],[-55.151,-12.567],[-55.154,-12.561],[-55.151,-12.556],[-55.141,-12.555],[-55.136,-12.542],[-55.138,-12.535],[-55.135,-12.536],[-55.132,-12.531],[-55.129,-12.53],[-55.124,-12.521],[-55.126,-12.515],[-55.119,-12.51],[-55.116,-12.504],[-55.119,-12.499],[-55.115,-12.488],[-55.098,-12.469],[-55.102,-12.461],[-55.101,-12.453],[-55.095,-12.452],[-55.098,-12.449],[-55.095,-12.443],[-55.099,-12.437],[-55.091,-12.426],[-55.094,-12.419],[-55.094,-12.403],[-55.083,-12.391],[-55.079,-12.392],[-55.078,-12.378],[-55.068,-12.365],[-55.071,-12.361],[-55.068,-12.358],[-55.08,-12.353],[-55.083,-12.346],[-55.08,-12.338],[-55.092,-12.316],[-55.087,-12.312],[-55.087,-12.306],[-55.093,-12.302],[-55.095,-12.29],[-55.111,-12.267],[-55.106,-12.263],[-55.108,-12.257],[-55.113,-12.256],[-55.11,-12.249],[-55.117,-12.243],[-55.124,-12.24],[-55.123,-12.236],[-55.129,-12.234],[-55.137,-12.212],[-55.133,-12.209],[-55.133,-12.204],[-55.126,-12.205],[-55.125,-12.2],[-55.119,-12.197],[-55.127,-12.175],[-55.116,-12.176],[-55.099,-12.182],[-55.086,-12.18],[-55.081,-12.179],[-55.055,-12.153],[-55.036,-12.153],[-55.03,-12.157],[-55.027,-12.165],[-55.033,-12.196],[-55.02,-12.213],[-55.012,-12.235],[-55.011,-12.244],[-54.984,-12.224],[-54.972,-12.201],[-54.97,-12.193],[-54.977,-12.176],[-54.975,-12.167],[-54.931,-12.129],[-54.885,-12.118],[-54.867,-12.124],[-54.85,-12.122],[-54.834,-12.127],[-54.829,-12.12],[-54.803,-12.117],[-54.769,-12.099],[-54.757,-12.1],[-54.754,-12.094],[-54.737,-12.091],[-54.734,-12.085],[-54.719,-12.068],[-54.708,-12.063],[-54.699,-12.068],[-54.693,-12.065],[-54.681,-12.069],[-54.672,-12.065],[-54.663,-12.07],[-54.654,-12.069],[-54.619,-12.048],[-54.61,-12.049],[-54.599,-12.043],[-54.587,-12.046],[-54.559,-12.03],[-54.556,-12.034],[-54.549,-12.027],[-54.535,-12.027],[-54.535,-12.023],[-54.53,-12.019],[-54.512,-12.015],[-54.508,-12.008],[-54.5,-12.005],[-54.486,-12.002],[-54.481,-12.007],[-54.466,-12.003],[-54.457,-12.008],[-54.443,-12.009],[-54.44,-12.004],[-54.433,-12.008],[-54.427,-11.998],[-54.421,-11.999],[-54.407,-11.993],[-54.404,-11.996],[-54.396,-11.986],[-54.387,-11.985],[-54.378,-11.975],[-54.377,-11.968],[-54.374,-11.969],[-54.372,-11.964],[-54.368,-11.965],[-54.357,-11.955],[-54.358,-11.95],[-54.347,-11.942],[-54.342,-11.943],[-54.336,-11.939],[-54.338,-11.936],[-54.329,-11.935],[-54.322,-11.925],[-54.322,-11.92],[-54.313,-11.918],[-54.313,-11.911],[-54.311,-11.912],[-54.305,-11.9],[-54.301,-11.899],[-54.3,-11.889],[-54.289,-11.884],[-54.291,-11.882],[-54.299,-11.885],[-54.3,-11.88],[-54.289,-11.879],[-54.284,-11.876],[-54.287,-11.873],[-54.282,-11.862],[-54.276,-11.861],[-54.28,-11.858],[-54.278,-11.85],[-54.269,-11.847],[-54.27,-11.844],[-54.266,-11.845],[-54.27,-11.839],[-54.263,-11.841],[-54.255,-11.835],[-54.254,-11.831],[-54.247,-11.832],[-54.246,-11.822],[-54.236,-11.82],[-54.235,-11.813],[-54.227,-11.812],[-54.225,-11.803],[-54.219,-11.802],[-54.22,-11.794],[-54.214,-11.789],[-54.208,-11.792],[-54.207,-11.782],[-54.203,-11.779],[-54.203,-11.784],[-54.198,-11.783],[-54.199,-11.772],[-54.19,-11.765],[-54.191,-11.748],[-54.184,-11.749],[-54.186,-11.743],[-54.183,-11.741],[-54.171,-11.741],[-54.174,-11.726],[-54.162,-11.729],[-54.163,-11.721],[-54.157,-11.721],[-54.15,-11.706],[-54.153,-11.702],[-54.147,-11.699],[-54.149,-11.693],[-54.147,-11.688],[-54.142,-11.688],[-54.137,-11.675],[-54.134,-11.674],[-54.135,-11.663],[-54.121,-11.665],[-54.125,-11.652],[-54.114,-11.653],[-54.11,-11.646],[-54.112,-11.638],[-54.108,-11.634],[-54.096,-11.636],[-54.085,-11.625],[-54.071,-11.621],[-54.07,-11.617],[-54.066,-11.619],[-54.066,-11.615],[-54.057,-11.619],[-54.054,-11.616],[-54.056,-11.611],[-54.05,-11.611],[-54.045,-11.614],[-54.042,-11.601],[-54.035,-11.596],[-54.031,-11.59],[-54.032,-11.595],[-54.017,-11.595],[-54.012,-11.586],[-54.006,-11.585],[-54.0,-11.576],[-53.995,-11.575],[-53.996,-11.572],[-53.992,-11.567],[-53.994,-11.559],[-53.983,-11.56],[-53.978,-11.553],[-53.982,-11.55],[-53.981,-11.546],[-53.969,-11.533],[-53.963,-11.534],[-53.961,-11.537],[-53.958,-11.531],[-53.951,-11.531],[-53.953,-11.534],[-53.951,-11.538],[-53.945,-11.538],[-53.942,-11.533],[-53.935,-11.535],[-53.932,-11.528],[-53.926,-11.526],[-53.925,-11.519],[-53.92,-11.518],[-53.915,-11.511],[-53.908,-11.51],[-53.902,-11.515],[-53.897,-11.51],[-53.889,-11.51],[-53.885,-11.515],[-53.882,-11.51],[-53.874,-11.511],[-53.871,-11.507],[-53.874,-11.504],[-53.865,-11.498],[-53.85,-11.496],[-53.851,-11.492],[-53.859,-11.49],[-53.852,-11.479],[-53.856,-11.478],[-53.853,-11.473],[-53.857,-11.474],[-53.858,-11.465],[-53.848,-11.463],[-53.847,-11.454],[-53.843,-11.45],[-53.838,-11.452],[-53.835,-11.446],[-53.838,-11.442],[-53.841,-11.444],[-53.844,-11.437],[-53.841,-11.434],[-53.838,-11.437],[-53.835,-11.432],[-53.84,-11.431],[-53.837,-11.42],[-53.844,-11.41],[-53.841,-11.407],[-53.837,-11.409],[-53.836,-11.405],[-53.829,-11.402],[-53.831,-11.398],[-53.841,-11.396],[-53.838,-11.39],[-53.833,-11.394],[-53.836,-11.37],[-53.824,-11.356],[-53.808,-11.353],[-53.805,-11.345],[-53.798,-11.341],[-53.798,-11.326],[-53.792,-11.324],[-53.794,-11.315],[-53.787,-11.306],[-53.786,-11.294],[-53.783,-11.295],[-53.78,-11.29],[-53.775,-11.276],[-53.777,-11.268],[-53.771,-11.26],[-53.759,-11.254],[-53.767,-11.25],[-53.766,-11.244],[-53.763,-11.241],[-53.756,-11.242],[-53.748,-11.234],[-53.753,-11.219],[-53.75,-11.215],[-53.753,-11.212],[-53.741,-11.209],[-53.732,-11.22],[-53.725,-11.214],[-53.724,-11.207],[-53.727,-11.203],[-53.721,-11.201],[-53.714,-11.204],[-53.709,-11.196],[-53.71,-11.19],[-53.717,-11.184],[-53.713,-11.177],[-53.7,-11.189],[-53.688,-11.186],[-53.685,-11.181],[-53.681,-11.181],[-53.68,-11.177],[-53.684,-11.176],[-53.678,-11.17],[-53.682,-11.165],[-53.679,-11.163],[-53.683,-11.158],[-53.675,-11.155],[-53.675,-11.149],[-53.66,-11.142],[-53.654,-11.152],[-53.646,-11.151],[-53.641,-11.14],[-53.634,-11.139],[-53.624,-11.132],[-53.63,-11.125],[-53.624,-11.127],[-53.61,-11.121],[-53.605,-11.122],[-53.598,-11.123],[-53.59,-11.118],[-53.582,-11.105],[-53.56,-11.085],[-53.546,-11.087],[-53.537,-11.081],[-53.527,-11.082],[-53.522,-11.088],[-53.522,-11.095],[-53.518,-11.096],[-53.495,-11.074],[-53.487,-11.055],[-53.474,-11.057],[-53.46,-11.051],[-53.444,-11.054],[-53.436,-11.048],[-53.431,-11.052],[-53.424,-11.049],[-53.416,-11.051],[-53.391,-11.057],[-53.381,-11.055],[-53.368,-11.04],[-53.373,-11.021],[-53.37,-11.016],[-53.361,-11.024],[-53.35,-11.027],[-53.322,-11.02],[-53.319,-11.015],[-53.323,-11.009],[-53.34,-11.004],[-53.337,-10.989],[-53.322,-10.959],[-53.317,-10.958],[-53.319,-10.974],[-53.316,-10.998],[-53.302,-11.02]]]}},{"type":"Feature","properties":{"id":"5103809","nome":"Figueir\u00f3polis D'Oeste"},"geometry":{"type":"Polygon","coordinates":[[[-58.717,-15.325],[-58.703,-15.325],[-58.696,-15.313],[-58.681,-15.319],[-58.681,-15.323],[-58.672,-15.327],[-58.668,-15.338],[-58.66,-15.339],[-58.664,-15.344],[-58.654,-15.35],[-58.65,-15.364],[-58.646,-15.367],[-58.647,-15.375],[-58.643,-15.374],[-58.643,-15.385],[-58.635,-15.395],[-58.632,-15.394],[-58.628,-15.399],[-58.631,-15.404],[-58.623,-15.413],[-58.619,-15.434],[-58.606,-15.452],[-58.612,-15.459],[-58.607,-15.46],[-58.599,-15.473],[-58.602,-15.479],[-58.599,-15.48],[-58.601,-15.488],[-58.598,-15.497],[-58.579,-15.509],[-58.583,-15.516],[-58.578,-15.526],[-58.585,-15.53],[-58.585,-15.534],[-58.582,-15.547],[-58.574,-15.551],[-58.582,-15.555],[-58.58,-15.566],[-58.57,-15.572],[-58.572,-15.579],[-58.566,-15.584],[-58.555,-15.584],[-58.557,-15.594],[-58.552,-15.594],[-58.558,-15.603],[-58.559,-15.611],[-58.555,-15.617],[-58.562,-15.624],[-58.559,-15.634],[-58.566,-15.637],[-58.565,-15.645],[-58.557,-15.65],[-58.552,-15.658],[-58.558,-15.666],[-58.555,-15.671],[-58.547,-15.675],[-58.557,-15.692],[-58.559,-15.692],[-58.673,-15.683],[-58.714,-15.684],[-58.726,-15.674],[-58.728,-15.672],[-58.733,-15.654],[-58.75,-15.645],[-58.777,-15.642],[-58.798,-15.619],[-58.825,-15.61],[-58.84,-15.613],[-58.848,-15.602],[-58.844,-15.598],[-58.845,-15.595],[-58.856,-15.589],[-58.858,-15.582],[-58.868,-15.568],[-58.864,-15.566],[-58.861,-15.555],[-58.863,-15.55],[-58.855,-15.534],[-58.86,-15.524],[-58.856,-15.517],[-58.858,-15.505],[-58.854,-15.5],[-58.86,-15.494],[-58.857,-15.484],[-58.865,-15.482],[-58.867,-15.477],[-58.865,-15.464],[-58.86,-15.466],[-58.847,-15.481],[-58.834,-15.484],[-58.816,-15.48],[-58.791,-15.463],[-58.789,-15.459],[-58.804,-15.444],[-58.797,-15.439],[-58.803,-15.43],[-58.786,-15.435],[-58.777,-15.433],[-58.777,-15.415],[-58.782,-15.412],[-58.785,-15.385],[-58.79,-15.38],[-58.79,-15.374],[-58.784,-15.374],[-58.761,-15.354],[-58.747,-15.359],[-58.74,-15.366],[-58.733,-15.362],[-58.733,-15.349],[-58.754,-15.309],[-58.748,-15.293],[-58.723,-15.315],[-58.717,-15.325]]]}},{"type":"Feature","properties":{"id":"5103858","nome":"Ga\u00facha do Norte"},"geometry":{"type":"Polygon","coordinates":[[[-53.527,-11.939],[-53.505,-11.949],[-53.494,-11.944],[-53.488,-11.946],[-53.486,-11.962],[-53.477,-11.984],[-53.468,-11.983],[-53.458,-11.974],[-53.45,-11.975],[-53.438,-11.992],[-53.414,-12.002],[-53.409,-12.015],[-53.394,-12.015],[-53.386,-12.019],[-53.385,-12.046],[-53.359,-12.055],[-53.357,-12.058],[-53.363,-12.072],[-53.362,-12.081],[-53.342,-12.095],[-53.343,-12.13],[-53.34,-12.145],[-53.313,-12.153],[-53.301,-12.161],[-53.302,-12.169],[-53.315,-12.176],[-53.32,-12.186],[-53.317,-12.194],[-53.299,-12.202],[-53.3,-12.207],[-53.311,-12.221],[-53.31,-12.227],[-53.283,-12.232],[-53.28,-12.221],[-53.262,-12.228],[-53.249,-12.241],[-53.246,-12.253],[-53.229,-12.264],[-53.229,-12.28],[-53.225,-12.284],[-53.216,-12.272],[-53.191,-12.264],[-53.189,-12.274],[-53.193,-12.282],[-53.187,-12.295],[-53.191,-12.306],[-53.19,-12.314],[-53.184,-12.317],[-53.177,-12.314],[-53.163,-12.324],[-53.143,-12.322],[-53.141,-12.326],[-53.146,-12.335],[-53.144,-12.344],[-53.12,-12.35],[-53.122,-12.359],[-53.117,-12.368],[-53.1,-12.378],[-53.111,-12.386],[-53.113,-12.392],[-53.106,-12.414],[-53.107,-12.434],[-53.091,-12.445],[-53.087,-12.461],[-53.071,-12.466],[-53.033,-12.488],[-53.034,-12.497],[-53.042,-12.506],[-53.042,-12.512],[-53.034,-12.516],[-53.025,-12.509],[-53.016,-12.511],[-53.021,-12.536],[-53.017,-12.544],[-53.012,-12.546],[-53.007,-12.542],[-53.008,-12.525],[-53.006,-12.52],[-52.997,-12.519],[-52.985,-12.528],[-52.98,-12.538],[-52.98,-12.544],[-52.965,-12.555],[-52.971,-12.576],[-52.968,-12.585],[-52.961,-12.588],[-52.943,-12.584],[-52.937,-12.594],[-52.924,-12.604],[-52.927,-12.611],[-52.918,-12.625],[-52.937,-12.627],[-52.939,-12.629],[-52.936,-12.636],[-52.95,-12.637],[-52.945,-12.653],[-52.961,-12.66],[-52.963,-12.668],[-52.959,-12.67],[-52.955,-12.664],[-52.949,-12.663],[-52.945,-12.675],[-52.934,-12.681],[-52.937,-12.685],[-52.934,-12.695],[-52.938,-12.711],[-52.934,-12.714],[-52.927,-12.711],[-52.925,-12.706],[-52.922,-12.708],[-52.928,-12.723],[-52.924,-12.745],[-52.901,-12.729],[-52.894,-12.728],[-52.888,-12.732],[-52.887,-12.738],[-52.901,-12.742],[-52.917,-12.759],[-52.91,-12.763],[-52.896,-12.764],[-52.891,-12.772],[-52.895,-12.783],[-52.892,-12.787],[-52.848,-12.809],[-52.846,-12.82],[-52.83,-12.826],[-52.834,-12.837],[-52.833,-12.841],[-52.824,-12.844],[-52.813,-12.846],[-52.814,-12.856],[-52.815,-12.859],[-52.812,-12.87],[-52.814,-12.884],[-52.824,-12.877],[-52.832,-12.904],[-52.825,-12.925],[-52.829,-12.928],[-52.826,-12.934],[-52.829,-12.937],[-52.834,-12.927],[-52.841,-12.924],[-52.837,-12.932],[-52.847,-12.936],[-52.838,-12.939],[-52.839,-12.946],[-52.851,-12.948],[-52.853,-12.957],[-52.862,-12.956],[-52.853,-12.969],[-52.869,-12.967],[-52.871,-12.972],[-52.866,-12.977],[-52.879,-12.985],[-52.877,-13.002],[-52.868,-13.006],[-52.873,-13.019],[-52.863,-13.03],[-52.883,-13.042],[-52.873,-13.047],[-52.871,-13.058],[-52.874,-13.059],[-52.877,-13.05],[-52.89,-13.058],[-52.883,-13.063],[-52.893,-13.066],[-52.887,-13.068],[-52.882,-13.084],[-52.891,-13.08],[-52.896,-13.083],[-52.886,-13.09],[-52.898,-13.093],[-52.897,-13.113],[-52.902,-13.115],[-52.899,-13.104],[-52.903,-13.102],[-52.912,-13.106],[-52.908,-13.116],[-52.91,-13.134],[-52.906,-13.135],[-52.902,-13.125],[-52.894,-13.133],[-52.902,-13.135],[-52.894,-13.142],[-52.901,-13.145],[-52.903,-13.149],[-52.899,-13.164],[-52.904,-13.157],[-52.914,-13.16],[-52.914,-13.166],[-52.907,-13.181],[-52.911,-13.177],[-52.918,-13.181],[-52.916,-13.198],[-52.919,-13.199],[-52.921,-13.204],[-52.924,-13.205],[-52.927,-13.201],[-52.935,-13.204],[-52.931,-13.208],[-52.933,-13.211],[-52.942,-13.21],[-52.935,-13.217],[-52.937,-13.222],[-52.951,-13.207],[-52.95,-13.214],[-52.964,-13.218],[-52.965,-13.226],[-52.951,-13.229],[-52.959,-13.231],[-52.961,-13.236],[-52.954,-13.243],[-52.957,-13.246],[-52.963,-13.242],[-52.964,-13.251],[-52.973,-13.252],[-52.979,-13.257],[-52.977,-13.26],[-52.97,-13.257],[-52.974,-13.262],[-52.965,-13.262],[-52.964,-13.271],[-52.968,-13.27],[-52.969,-13.277],[-52.978,-13.277],[-52.977,-13.287],[-52.982,-13.293],[-52.99,-13.294],[-52.986,-13.31],[-52.991,-13.314],[-52.992,-13.305],[-53.005,-13.308],[-53.001,-13.317],[-53.004,-13.32],[-53.008,-13.318],[-53.015,-13.327],[-53.007,-13.331],[-53.006,-13.34],[-53.009,-13.343],[-53.014,-13.34],[-53.021,-13.342],[-53.012,-13.348],[-53.026,-13.361],[-53.019,-13.365],[-53.016,-13.372],[-53.022,-13.367],[-53.026,-13.373],[-53.034,-13.374],[-53.026,-13.382],[-53.035,-13.385],[-53.04,-13.393],[-53.038,-13.398],[-53.03,-13.401],[-53.044,-13.409],[-53.041,-13.415],[-53.05,-13.42],[-53.046,-13.423],[-53.049,-13.437],[-53.056,-13.437],[-53.068,-13.445],[-53.062,-13.452],[-53.074,-13.457],[-53.068,-13.47],[-53.072,-13.483],[-53.084,-13.494],[-53.084,-13.497],[-53.078,-13.496],[-53.073,-13.5],[-53.073,-13.507],[-53.089,-13.514],[-53.095,-13.513],[-53.094,-13.523],[-53.089,-13.522],[-53.083,-13.525],[-53.089,-13.532],[-53.078,-13.539],[-53.08,-13.548],[-53.074,-13.56],[-53.076,-13.568],[-53.083,-13.57],[-53.083,-13.577],[-53.097,-13.581],[-53.086,-13.593],[-53.079,-13.619],[-53.08,-13.622],[-53.089,-13.618],[-53.088,-13.624],[-53.092,-13.623],[-53.098,-13.634],[-53.105,-13.632],[-53.113,-13.636],[-53.112,-13.641],[-53.118,-13.64],[-53.119,-13.647],[-53.123,-13.645],[-53.132,-13.651],[-53.13,-13.658],[-53.137,-13.654],[-53.139,-13.656],[-53.135,-13.661],[-53.147,-13.667],[-53.142,-13.674],[-53.154,-13.681],[-53.15,-13.687],[-53.151,-13.691],[-53.163,-13.694],[-53.164,-13.71],[-53.176,-13.713],[-53.181,-13.72],[-53.198,-13.727],[-53.195,-13.738],[-53.215,-13.754],[-53.217,-13.766],[-53.223,-13.775],[-53.25,-13.772],[-53.274,-13.756],[-53.28,-13.757],[-53.285,-13.753],[-53.288,-13.733],[-53.285,-13.722],[-53.288,-13.719],[-53.318,-13.715],[-53.327,-13.71],[-53.346,-13.715],[-53.355,-13.713],[-53.359,-13.71],[-53.361,-13.697],[-53.366,-13.694],[-53.399,-13.693],[-53.4,-13.685],[-53.416,-13.667],[-53.404,-13.655],[-53.408,-13.65],[-53.413,-13.652],[-53.42,-13.648],[-53.42,-13.653],[-53.429,-13.659],[-53.439,-13.655],[-53.447,-13.655],[-53.447,-13.657],[-53.467,-13.652],[-53.473,-13.653],[-53.472,-13.661],[-53.478,-13.665],[-53.491,-13.686],[-53.501,-13.716],[-53.506,-13.722],[-53.512,-13.719],[-53.52,-13.722],[-53.522,-13.729],[-53.528,-13.736],[-53.542,-13.746],[-53.554,-13.747],[-53.565,-13.762],[-53.583,-13.765],[-53.594,-13.773],[-53.611,-13.779],[-53.632,-13.775],[-53.635,-13.765],[-53.655,-13.76],[-53.68,-13.768],[-53.698,-13.766],[-53.703,-13.757],[-53.702,-13.75],[-53.706,-13.748],[-53.702,-13.738],[-53.708,-13.732],[-53.714,-13.736],[-53.72,-13.732],[-53.705,-13.714],[-53.704,-13.707],[-53.694,-13.707],[-53.698,-13.7],[-53.696,-13.696],[-53.7,-13.681],[-53.712,-13.675],[-53.704,-13.675],[-53.7,-13.669],[-53.702,-13.666],[-53.7,-13.662],[-53.684,-13.658],[-53.685,-13.653],[-53.681,-13.651],[-53.683,-13.641],[-53.672,-13.628],[-53.668,-13.627],[-53.667,-13.62],[-53.662,-13.616],[-53.66,-13.608],[-53.655,-13.607],[-53.65,-13.597],[-53.648,-13.583],[-53.643,-13.581],[-53.643,-13.576],[-53.639,-13.57],[-53.649,-13.548],[-53.646,-13.549],[-53.647,-13.547],[-53.64,-13.54],[-53.64,-13.537],[-53.644,-13.536],[-53.641,-13.533],[-53.643,-13.53],[-53.637,-13.52],[-53.638,-13.515],[-53.633,-13.512],[-53.632,-13.488],[-53.64,-13.484],[-53.638,-13.478],[-53.631,-13.473],[-53.644,-13.471],[-53.638,-13.465],[-53.643,-13.454],[-53.649,-13.462],[-53.658,-13.461],[-53.661,-13.464],[-53.661,-13.471],[-53.668,-13.473],[-53.668,-13.482],[-53.676,-13.491],[-53.67,-13.493],[-53.676,-13.505],[-53.675,-13.51],[-53.684,-13.509],[-53.681,-13.516],[-53.69,-13.523],[-53.689,-13.528],[-53.696,-13.539],[-53.693,-13.543],[-53.697,-13.545],[-53.705,-13.543],[-53.71,-13.549],[-53.705,-13.561],[-53.722,-13.564],[-53.722,-13.572],[-53.729,-13.57],[-53.761,-13.586],[-53.768,-13.587],[-53.772,-13.579],[-53.775,-13.581],[-53.775,-13.588],[-53.781,-13.589],[-53.785,-13.594],[-53.782,-13.598],[-53.786,-13.598],[-53.789,-13.606],[-53.792,-13.605],[-53.793,-13.609],[-53.804,-13.612],[-53.801,-13.624],[-53.808,-13.637],[-53.815,-13.638],[-53.814,-13.645],[-53.821,-13.655],[-53.82,-13.661],[-53.827,-13.66],[-53.826,-13.665],[-53.85,-13.683],[-53.853,-13.689],[-53.849,-13.7],[-53.853,-13.708],[-53.886,-13.732],[-53.917,-13.743],[-53.923,-13.754],[-53.925,-13.772],[-53.929,-13.779],[-53.956,-13.795],[-53.963,-13.798],[-53.972,-13.79],[-53.983,-13.788],[-53.997,-13.791],[-54.004,-13.797],[-54.013,-13.813],[-54.019,-13.802],[-54.044,-13.797],[-54.062,-13.813],[-54.083,-13.809],[-54.088,-13.805],[-54.086,-13.797],[-54.079,-13.795],[-54.077,-13.783],[-54.083,-13.775],[-54.08,-13.771],[-54.081,-13.763],[-54.089,-13.763],[-54.088,-13.753],[-54.084,-13.748],[-54.09,-13.751],[-54.091,-13.748],[-54.088,-13.743],[-54.08,-13.741],[-54.077,-13.731],[-54.083,-13.73],[-54.083,-13.726],[-54.078,-13.721],[-54.079,-13.717],[-54.085,-13.716],[-54.082,-13.712],[-54.089,-13.713],[-54.091,-13.71],[-54.082,-13.694],[-54.077,-13.692],[-54.077,-13.673],[-54.072,-13.671],[-54.07,-13.665],[-54.063,-13.664],[-54.053,-13.654],[-54.051,-13.646],[-54.053,-13.638],[-54.047,-13.634],[-54.05,-13.628],[-54.046,-13.622],[-54.051,-13.607],[-54.042,-13.603],[-54.047,-13.576],[-54.039,-13.568],[-54.034,-13.549],[-54.039,-13.542],[-54.032,-13.537],[-54.037,-13.53],[-54.032,-13.522],[-54.035,-13.514],[-54.033,-13.511],[-54.036,-13.508],[-54.032,-13.502],[-54.035,-13.498],[-54.029,-13.495],[-54.035,-13.484],[-54.03,-13.481],[-54.031,-13.473],[-54.025,-13.46],[-54.028,-13.449],[-54.021,-13.443],[-54.024,-13.438],[-54.019,-13.433],[-54.018,-13.411],[-54.026,-13.39],[-54.021,-13.387],[-54.024,-13.374],[-54.017,-13.362],[-54.011,-13.363],[-54.007,-13.36],[-54.014,-13.352],[-54.013,-13.336],[-54.007,-13.327],[-54.006,-13.309],[-54.01,-13.301],[-54.006,-13.293],[-54.015,-13.259],[-54.024,-13.245],[-54.021,-13.228],[-54.015,-13.226],[-54.009,-13.205],[-54.006,-13.186],[-54.011,-13.182],[-54.009,-13.176],[-54.011,-13.174],[-54.002,-13.165],[-54.009,-13.147],[-54.006,-13.146],[-54.003,-13.125],[-53.982,-13.104],[-53.983,-13.094],[-53.98,-13.092],[-53.98,-13.089],[-53.977,-13.089],[-53.98,-13.075],[-53.976,-13.073],[-53.979,-13.061],[-53.977,-13.056],[-53.984,-13.053],[-53.982,-13.047],[-53.985,-13.044],[-53.982,-13.042],[-53.986,-13.028],[-53.995,-13.013],[-53.991,-13.012],[-53.992,-13.009],[-53.987,-13.004],[-53.989,-13.001],[-53.983,-12.998],[-53.98,-12.982],[-53.97,-12.983],[-53.963,-12.972],[-53.958,-12.971],[-53.954,-12.967],[-53.949,-12.968],[-53.939,-12.951],[-53.935,-12.953],[-53.934,-12.942],[-53.93,-12.939],[-53.933,-12.934],[-53.927,-12.926],[-53.928,-12.92],[-53.933,-12.918],[-53.93,-12.916],[-53.933,-12.914],[-53.926,-12.913],[-53.921,-12.905],[-53.92,-12.909],[-53.92,-12.902],[-53.924,-12.898],[-53.906,-12.89],[-53.906,-12.896],[-53.902,-12.891],[-53.901,-12.886],[-53.897,-12.887],[-53.894,-12.882],[-53.895,-12.878],[-53.889,-12.88],[-53.898,-12.871],[-53.893,-12.867],[-53.894,-12.862],[-53.891,-12.863],[-53.89,-12.86],[-53.887,-12.862],[-53.884,-12.855],[-53.89,-12.853],[-53.887,-12.85],[-53.892,-12.844],[-53.88,-12.84],[-53.878,-12.838],[-53.881,-12.836],[-53.878,-12.834],[-53.869,-12.835],[-53.872,-12.831],[-53.869,-12.828],[-53.872,-12.826],[-53.864,-12.823],[-53.862,-12.807],[-53.847,-12.795],[-53.848,-12.792],[-53.844,-12.795],[-53.838,-12.788],[-53.841,-12.784],[-53.836,-12.782],[-53.835,-12.778],[-53.838,-12.763],[-53.833,-12.758],[-53.834,-12.751],[-53.827,-12.749],[-53.831,-12.745],[-53.835,-12.747],[-53.835,-12.741],[-53.842,-12.741],[-53.84,-12.732],[-53.846,-12.728],[-53.842,-12.725],[-53.846,-12.719],[-53.839,-12.718],[-53.84,-12.715],[-53.837,-12.714],[-53.841,-12.703],[-53.835,-12.7],[-53.832,-12.691],[-53.829,-12.696],[-53.821,-12.695],[-53.821,-12.689],[-53.816,-12.686],[-53.818,-12.677],[-53.813,-12.681],[-53.811,-12.669],[-53.815,-12.67],[-53.815,-12.666],[-53.804,-12.66],[-53.812,-12.655],[-53.807,-12.654],[-53.809,-12.65],[-53.804,-12.649],[-53.806,-12.644],[-53.801,-12.647],[-53.798,-12.641],[-53.804,-12.629],[-53.799,-12.629],[-53.798,-12.624],[-53.801,-12.626],[-53.798,-12.62],[-53.803,-12.609],[-53.798,-12.607],[-53.799,-12.6],[-53.791,-12.591],[-53.788,-12.592],[-53.787,-12.587],[-53.784,-12.588],[-53.78,-12.58],[-53.782,-12.577],[-53.776,-12.576],[-53.78,-12.573],[-53.776,-12.573],[-53.773,-12.567],[-53.771,-12.55],[-53.776,-12.552],[-53.778,-12.546],[-53.786,-12.547],[-53.785,-12.535],[-53.782,-12.535],[-53.786,-12.532],[-53.784,-12.527],[-53.795,-12.528],[-53.797,-12.519],[-53.792,-12.513],[-53.796,-12.509],[-53.794,-12.502],[-53.798,-12.504],[-53.793,-12.5],[-53.799,-12.5],[-53.79,-12.495],[-53.797,-12.492],[-53.798,-12.476],[-53.791,-12.468],[-53.788,-12.472],[-53.786,-12.468],[-53.789,-12.464],[-53.785,-12.463],[-53.789,-12.46],[-53.784,-12.454],[-53.782,-12.456],[-53.783,-12.451],[-53.789,-12.448],[-53.781,-12.45],[-53.781,-12.444],[-53.774,-12.445],[-53.774,-12.431],[-53.766,-12.435],[-53.758,-12.423],[-53.747,-12.419],[-53.744,-12.423],[-53.743,-12.418],[-53.739,-12.419],[-53.738,-12.412],[-53.741,-12.414],[-53.739,-12.408],[-53.733,-12.41],[-53.721,-12.394],[-53.724,-12.39],[-53.719,-12.389],[-53.722,-12.381],[-53.718,-12.384],[-53.721,-12.379],[-53.713,-12.378],[-53.718,-12.378],[-53.718,-12.363],[-53.711,-12.36],[-53.712,-12.356],[-53.701,-12.358],[-53.692,-12.346],[-53.69,-12.347],[-53.684,-12.324],[-53.676,-12.314],[-53.678,-12.307],[-53.668,-12.291],[-53.664,-12.292],[-53.66,-12.289],[-53.659,-12.279],[-53.664,-12.273],[-53.65,-12.273],[-53.647,-12.269],[-53.648,-12.263],[-53.646,-12.263],[-53.647,-12.258],[-53.641,-12.248],[-53.644,-12.243],[-53.638,-12.239],[-53.631,-12.243],[-53.629,-12.234],[-53.62,-12.228],[-53.622,-12.224],[-53.604,-12.211],[-53.602,-12.213],[-53.598,-12.202],[-53.601,-12.197],[-53.603,-12.198],[-53.604,-12.188],[-53.594,-12.188],[-53.587,-12.173],[-53.593,-12.174],[-53.588,-12.171],[-53.593,-12.17],[-53.59,-12.167],[-53.593,-12.165],[-53.591,-12.163],[-53.596,-12.154],[-53.592,-12.148],[-53.595,-12.144],[-53.592,-12.146],[-53.59,-12.14],[-53.594,-12.138],[-53.593,-12.133],[-53.591,-12.134],[-53.59,-12.131],[-53.586,-12.134],[-53.582,-12.133],[-53.587,-12.13],[-53.577,-12.124],[-53.581,-12.113],[-53.579,-12.112],[-53.579,-12.106],[-53.553,-12.089],[-53.546,-12.074],[-53.549,-12.069],[-53.545,-12.066],[-53.542,-12.069],[-53.544,-12.059],[-53.537,-12.057],[-53.538,-12.053],[-53.534,-12.051],[-53.539,-12.046],[-53.537,-12.036],[-53.542,-12.038],[-53.537,-12.029],[-53.54,-12.027],[-53.54,-12.022],[-53.535,-12.019],[-53.535,-12.015],[-53.522,-12.014],[-53.525,-12.008],[-53.522,-12.005],[-53.522,-11.995],[-53.528,-11.991],[-53.525,-11.987],[-53.53,-11.985],[-53.526,-11.984],[-53.53,-11.982],[-53.531,-11.977],[-53.535,-11.978],[-53.538,-11.964],[-53.54,-11.965],[-53.543,-11.961],[-53.538,-11.96],[-53.538,-11.955],[-53.548,-11.949],[-53.547,-11.937],[-53.534,-11.929],[-53.527,-11.939]]]}},{"type":"Feature","properties":{"id":"5103908","nome":"General Carneiro"},"geometry":{"type":"Polygon","coordinates":[[[-53.295,-15.321],[-53.27,-15.339],[-53.267,-15.352],[-53.262,-15.353],[-53.26,-15.359],[-53.252,-15.365],[-53.255,-15.368],[-53.255,-15.375],[-53.24,-15.382],[-53.234,-15.392],[-53.22,-15.4],[-53.218,-15.408],[-53.213,-15.412],[-53.214,-15.424],[-53.212,-15.427],[-53.203,-15.433],[-53.172,-15.434],[-53.158,-15.455],[-53.156,-15.457],[-53.099,-15.529],[-53.108,-15.532],[-53.11,-15.536],[-53.106,-15.545],[-53.101,-15.549],[-53.091,-15.544],[-53.087,-15.549],[-53.083,-15.548],[-53.079,-15.544],[-53.077,-15.547],[-53.074,-15.546],[-53.067,-15.55],[-53.062,-15.559],[-53.051,-15.56],[-53.043,-15.557],[-53.042,-15.552],[-53.035,-15.552],[-53.034,-15.545],[-53.017,-15.539],[-53.013,-15.52],[-52.999,-15.523],[-52.998,-15.519],[-52.992,-15.518],[-52.99,-15.522],[-52.983,-15.524],[-52.981,-15.519],[-52.976,-15.523],[-52.972,-15.518],[-52.963,-15.521],[-52.953,-15.522],[-52.931,-15.517],[-52.93,-15.514],[-52.925,-15.52],[-52.921,-15.511],[-52.911,-15.512],[-52.906,-15.507],[-52.9,-15.511],[-52.884,-15.507],[-52.877,-15.497],[-52.873,-15.501],[-52.872,-15.495],[-52.865,-15.494],[-52.862,-15.483],[-52.858,-15.486],[-52.851,-15.483],[-52.85,-15.48],[-52.853,-15.472],[-52.842,-15.473],[-52.839,-15.463],[-52.832,-15.468],[-52.83,-15.459],[-52.811,-15.452],[-52.803,-15.445],[-52.798,-15.452],[-52.792,-15.454],[-52.787,-15.462],[-52.76,-15.464],[-52.755,-15.47],[-52.751,-15.47],[-52.75,-15.479],[-52.736,-15.474],[-52.735,-15.478],[-52.725,-15.479],[-52.726,-15.482],[-52.72,-15.485],[-52.722,-15.491],[-52.715,-15.5],[-52.72,-15.508],[-52.713,-15.505],[-52.714,-15.525],[-52.709,-15.528],[-52.707,-15.54],[-52.704,-15.542],[-52.708,-15.551],[-52.704,-15.549],[-52.702,-15.552],[-52.703,-15.561],[-52.721,-15.565],[-52.72,-15.575],[-52.733,-15.58],[-52.739,-15.602],[-52.753,-15.605],[-52.75,-15.616],[-52.753,-15.614],[-52.764,-15.616],[-52.764,-15.627],[-52.758,-15.629],[-52.76,-15.636],[-52.758,-15.638],[-52.772,-15.644],[-52.767,-15.648],[-52.771,-15.656],[-52.766,-15.664],[-52.767,-15.671],[-52.761,-15.666],[-52.759,-15.668],[-52.765,-15.686],[-52.759,-15.688],[-52.758,-15.696],[-52.751,-15.688],[-52.75,-15.7],[-52.742,-15.697],[-52.739,-15.699],[-52.738,-15.704],[-52.754,-15.714],[-52.75,-15.721],[-52.759,-15.732],[-52.766,-15.734],[-52.775,-15.733],[-52.784,-15.722],[-52.799,-15.726],[-52.809,-15.719],[-52.812,-15.723],[-52.809,-15.737],[-52.822,-15.735],[-52.824,-15.73],[-52.843,-15.711],[-52.853,-15.707],[-52.857,-15.698],[-52.862,-15.703],[-52.869,-15.699],[-52.882,-15.703],[-52.883,-15.708],[-52.891,-15.71],[-52.896,-15.716],[-52.921,-15.708],[-52.923,-15.709],[-52.921,-15.715],[-52.923,-15.718],[-52.933,-15.723],[-52.948,-15.723],[-52.956,-15.734],[-52.956,-15.725],[-52.959,-15.722],[-52.976,-15.731],[-52.98,-15.738],[-52.99,-15.737],[-52.995,-15.742],[-53.0,-15.726],[-53.017,-15.728],[-53.03,-15.738],[-53.041,-15.737],[-53.043,-15.736],[-53.053,-15.733],[-53.058,-15.726],[-53.065,-15.726],[-53.072,-15.733],[-53.099,-15.726],[-53.104,-15.728],[-53.101,-15.735],[-53.106,-15.743],[-53.109,-15.744],[-53.114,-15.737],[-53.12,-15.74],[-53.133,-15.734],[-53.139,-15.737],[-53.141,-15.733],[-53.136,-15.732],[-53.139,-15.723],[-53.158,-15.724],[-53.157,-15.716],[-53.161,-15.713],[-53.159,-15.71],[-53.165,-15.703],[-53.163,-15.692],[-53.192,-15.664],[-53.196,-15.652],[-53.191,-15.647],[-53.194,-15.636],[-53.226,-15.626],[-53.242,-15.628],[-53.243,-15.622],[-53.257,-15.618],[-53.277,-15.626],[-53.284,-15.626],[-53.287,-15.622],[-53.287,-15.59],[-53.33,-15.587],[-53.344,-15.595],[-53.349,-15.594],[-53.357,-15.583],[-53.369,-15.581],[-53.387,-15.58],[-53.414,-15.585],[-53.419,-15.579],[-53.43,-15.577],[-53.446,-15.584],[-53.463,-15.581],[-53.472,-15.581],[-53.49,-15.591],[-53.498,-15.6],[-53.496,-15.605],[-53.5,-15.611],[-53.51,-15.615],[-53.523,-15.642],[-53.527,-15.646],[-53.535,-15.644],[-53.554,-15.666],[-53.559,-15.666],[-53.569,-15.656],[-53.578,-15.657],[-53.581,-15.687],[-53.605,-15.697],[-53.611,-15.707],[-53.626,-15.711],[-53.627,-15.725],[-53.65,-15.725],[-53.66,-15.725],[-53.694,-15.735],[-53.725,-15.72],[-53.732,-15.727],[-53.736,-15.739],[-53.743,-15.74],[-53.753,-15.729],[-53.762,-15.725],[-53.777,-15.725],[-53.781,-15.73],[-53.763,-15.742],[-53.763,-15.749],[-53.773,-15.769],[-53.774,-15.783],[-53.788,-15.803],[-53.789,-15.813],[-53.786,-15.819],[-53.764,-15.84],[-53.755,-15.856],[-53.744,-15.866],[-53.755,-15.861],[-53.768,-15.863],[-53.786,-15.859],[-53.802,-15.848],[-53.822,-15.846],[-53.833,-15.836],[-53.849,-15.831],[-53.853,-15.821],[-53.853,-15.814],[-53.859,-15.8],[-53.864,-15.796],[-53.862,-15.791],[-53.868,-15.786],[-53.878,-15.766],[-53.887,-15.763],[-53.888,-15.746],[-53.881,-15.743],[-53.884,-15.722],[-53.892,-15.711],[-53.907,-15.706],[-53.912,-15.695],[-53.906,-15.675],[-53.898,-15.673],[-53.905,-15.657],[-53.908,-15.656],[-53.911,-15.646],[-53.932,-15.637],[-53.937,-15.625],[-53.936,-15.613],[-53.93,-15.608],[-53.932,-15.604],[-53.917,-15.587],[-53.916,-15.572],[-53.924,-15.564],[-53.915,-15.55],[-53.917,-15.54],[-53.911,-15.519],[-53.914,-15.508],[-53.908,-15.491],[-53.905,-15.488],[-53.894,-15.489],[-53.886,-15.48],[-53.88,-15.484],[-53.871,-15.46],[-53.868,-15.462],[-53.864,-15.457],[-53.855,-15.456],[-53.852,-15.45],[-53.848,-15.45],[-53.85,-15.441],[-53.844,-15.437],[-53.839,-15.439],[-53.841,-15.432],[-53.836,-15.426],[-53.814,-15.411],[-53.806,-15.388],[-53.803,-15.369],[-53.796,-15.364],[-53.768,-15.365],[-53.761,-15.359],[-53.757,-15.364],[-53.752,-15.36],[-53.75,-15.348],[-53.74,-15.349],[-53.738,-15.345],[-53.732,-15.348],[-53.732,-15.343],[-53.723,-15.341],[-53.722,-15.345],[-53.719,-15.347],[-53.712,-15.34],[-53.695,-15.343],[-53.692,-15.34],[-53.692,-15.333],[-53.682,-15.342],[-53.682,-15.35],[-53.676,-15.352],[-53.669,-15.347],[-53.662,-15.351],[-53.66,-15.343],[-53.655,-15.341],[-53.649,-15.348],[-53.638,-15.348],[-53.622,-15.365],[-53.613,-15.365],[-53.614,-15.355],[-53.607,-15.347],[-53.598,-15.357],[-53.591,-15.355],[-53.572,-15.362],[-53.562,-15.359],[-53.553,-15.365],[-53.552,-15.372],[-53.547,-15.375],[-53.53,-15.364],[-53.521,-15.364],[-53.514,-15.359],[-53.512,-15.367],[-53.516,-15.378],[-53.511,-15.381],[-53.52,-15.393],[-53.516,-15.398],[-53.509,-15.4],[-53.502,-15.394],[-53.507,-15.38],[-53.504,-15.375],[-53.497,-15.381],[-53.484,-15.381],[-53.485,-15.374],[-53.481,-15.369],[-53.461,-15.362],[-53.46,-15.347],[-53.456,-15.346],[-53.452,-15.354],[-53.448,-15.355],[-53.443,-15.353],[-53.442,-15.346],[-53.436,-15.345],[-53.43,-15.35],[-53.422,-15.34],[-53.414,-15.347],[-53.395,-15.347],[-53.393,-15.353],[-53.383,-15.359],[-53.379,-15.374],[-53.37,-15.37],[-53.365,-15.373],[-53.34,-15.375],[-53.337,-15.366],[-53.318,-15.364],[-53.321,-15.355],[-53.312,-15.345],[-53.312,-15.336],[-53.294,-15.336],[-53.295,-15.321]]]}},{"type":"Feature","properties":{"id":"5103957","nome":"Gl\u00f3ria D'Oeste"},"geometry":{"type":"Polygon","coordinates":[[[-58.315,-15.705],[-58.311,-15.705],[-58.226,-15.7],[-58.235,-15.708],[-58.248,-15.709],[-58.267,-15.737],[-58.266,-15.77],[-58.271,-15.775],[-58.273,-15.791],[-58.28,-15.795],[-58.28,-15.803],[-58.285,-15.808],[-58.287,-15.817],[-58.283,-15.817],[-58.172,-15.829],[-58.128,-15.848],[-58.118,-15.848],[-58.106,-15.841],[-58.109,-15.862],[-58.153,-15.88],[-58.157,-15.897],[-58.172,-15.928],[-58.167,-15.96],[-58.149,-15.989],[-58.149,-15.997],[-58.149,-16.013],[-58.154,-16.034],[-58.151,-16.041],[-58.153,-16.045],[-58.158,-16.047],[-58.167,-16.041],[-58.169,-16.045],[-58.181,-16.042],[-58.182,-16.047],[-58.189,-16.04],[-58.191,-16.044],[-58.193,-16.04],[-58.197,-16.043],[-58.207,-16.04],[-58.206,-16.036],[-58.212,-16.039],[-58.218,-16.031],[-58.219,-16.039],[-58.221,-16.024],[-58.228,-16.027],[-58.228,-16.031],[-58.237,-16.031],[-58.236,-16.035],[-58.25,-16.031],[-58.249,-16.029],[-58.267,-16.017],[-58.269,-16.008],[-58.282,-16.006],[-58.283,-16.0],[-58.293,-15.994],[-58.296,-15.991],[-58.29,-15.991],[-58.292,-15.987],[-58.29,-15.987],[-58.293,-15.98],[-58.288,-15.98],[-58.299,-15.962],[-58.288,-15.951],[-58.299,-15.929],[-58.303,-15.929],[-58.312,-15.92],[-58.322,-15.916],[-58.326,-15.919],[-58.331,-15.913],[-58.34,-15.917],[-58.341,-15.912],[-58.349,-15.915],[-58.353,-15.905],[-58.355,-15.906],[-58.36,-15.899],[-58.364,-15.901],[-58.363,-15.896],[-58.369,-15.893],[-58.374,-15.887],[-58.378,-15.888],[-58.38,-15.882],[-58.382,-15.886],[-58.383,-15.883],[-58.39,-15.885],[-58.387,-15.883],[-58.397,-15.872],[-58.399,-15.863],[-58.404,-15.865],[-58.407,-15.862],[-58.411,-15.863],[-58.412,-15.859],[-58.417,-15.859],[-58.42,-15.855],[-58.422,-15.859],[-58.431,-15.85],[-58.44,-15.85],[-58.444,-15.86],[-58.454,-15.852],[-58.464,-15.851],[-58.465,-15.84],[-58.457,-15.831],[-58.46,-15.824],[-58.468,-15.821],[-58.475,-15.813],[-58.479,-15.815],[-58.492,-15.808],[-58.503,-15.78],[-58.514,-15.781],[-58.523,-15.777],[-58.536,-15.757],[-58.537,-15.735],[-58.549,-15.726],[-58.554,-15.716],[-58.554,-15.7],[-58.559,-15.692],[-58.557,-15.692],[-58.382,-15.702],[-58.337,-15.704],[-58.315,-15.705]]]}},{"type":"Feature","properties":{"id":"5104104","nome":"Guarant\u00e3 do Norte"},"geometry":{"type":"Polygon","coordinates":[[[-54.732,-9.526],[-54.613,-9.535],[-54.294,-9.558],[-54.106,-9.572],[-54.107,-9.581],[-54.113,-9.577],[-54.122,-9.58],[-54.125,-9.586],[-54.136,-9.588],[-54.143,-9.611],[-54.135,-9.645],[-54.148,-9.661],[-54.149,-9.673],[-54.147,-9.693],[-54.14,-9.715],[-54.141,-9.726],[-54.153,-9.735],[-54.16,-9.751],[-54.156,-9.762],[-54.157,-9.79],[-54.162,-9.799],[-54.179,-9.807],[-54.219,-9.799],[-54.231,-9.808],[-54.238,-9.818],[-54.236,-9.831],[-54.254,-9.851],[-54.257,-9.869],[-54.269,-9.877],[-54.262,-9.88],[-54.248,-9.887],[-54.194,-9.912],[-54.205,-9.92],[-54.213,-9.922],[-54.229,-9.92],[-54.267,-9.975],[-54.281,-9.974],[-54.294,-9.98],[-54.3,-9.976],[-54.322,-9.981],[-54.33,-9.974],[-54.339,-9.978],[-54.34,-9.984],[-54.382,-9.987],[-54.393,-9.99],[-54.397,-9.981],[-54.42,-9.995],[-54.429,-9.99],[-54.434,-9.994],[-54.442,-9.992],[-54.463,-9.995],[-54.469,-9.999],[-54.485,-9.994],[-54.488,-9.987],[-54.492,-9.993],[-54.512,-9.991],[-54.511,-9.989],[-54.516,-9.986],[-54.521,-9.99],[-54.52,-9.982],[-54.526,-9.984],[-54.528,-9.982],[-54.526,-9.98],[-54.534,-9.971],[-54.535,-9.964],[-54.54,-9.968],[-54.553,-9.969],[-54.556,-9.965],[-54.563,-9.969],[-54.565,-9.966],[-54.589,-9.971],[-54.59,-9.969],[-54.596,-9.973],[-54.6,-9.984],[-54.611,-9.986],[-54.625,-9.986],[-54.639,-9.982],[-54.642,-9.993],[-54.647,-9.997],[-54.645,-10.006],[-54.65,-10.005],[-54.653,-10.01],[-54.657,-10.01],[-54.65,-10.015],[-54.657,-10.019],[-54.652,-10.024],[-54.658,-10.034],[-54.664,-10.037],[-54.662,-10.045],[-54.669,-10.056],[-54.898,-10.051],[-54.909,-10.05],[-54.935,-10.05],[-54.995,-10.049],[-54.994,-10.043],[-55.048,-10.041],[-55.051,-10.034],[-55.04,-10.02],[-55.042,-10.012],[-55.046,-10.005],[-55.052,-10.001],[-55.05,-9.993],[-55.038,-9.991],[-55.039,-9.973],[-55.034,-9.974],[-55.033,-9.97],[-55.021,-9.967],[-55.025,-9.959],[-55.027,-9.962],[-55.032,-9.959],[-55.033,-9.949],[-55.04,-9.941],[-55.044,-9.941],[-55.044,-9.937],[-55.036,-9.936],[-55.037,-9.923],[-55.033,-9.916],[-55.04,-9.91],[-55.034,-9.91],[-55.032,-9.902],[-55.038,-9.894],[-55.038,-9.887],[-55.041,-9.891],[-55.055,-9.886],[-55.051,-9.884],[-55.052,-9.878],[-55.047,-9.878],[-55.044,-9.872],[-55.04,-9.872],[-55.043,-9.862],[-55.038,-9.862],[-55.041,-9.85],[-55.038,-9.849],[-55.044,-9.843],[-55.042,-9.84],[-55.035,-9.843],[-55.026,-9.833],[-55.018,-9.838],[-55.014,-9.828],[-55.002,-9.82],[-54.996,-9.821],[-54.993,-9.816],[-54.985,-9.797],[-54.99,-9.779],[-54.986,-9.776],[-54.985,-9.763],[-54.98,-9.761],[-54.98,-9.752],[-54.977,-9.752],[-54.978,-9.748],[-54.973,-9.738],[-54.975,-9.732],[-54.97,-9.728],[-54.973,-9.725],[-54.967,-9.721],[-54.971,-9.716],[-54.964,-9.695],[-54.963,-9.685],[-54.956,-9.672],[-54.962,-9.662],[-54.967,-9.662],[-54.971,-9.643],[-54.969,-9.638],[-54.977,-9.63],[-54.973,-9.629],[-54.974,-9.613],[-54.979,-9.604],[-54.979,-9.595],[-54.982,-9.595],[-54.974,-9.588],[-54.972,-9.581],[-54.965,-9.578],[-54.981,-9.564],[-54.978,-9.561],[-54.984,-9.555],[-54.988,-9.534],[-54.991,-9.534],[-54.996,-9.524],[-54.991,-9.513],[-54.995,-9.505],[-54.859,-9.516],[-54.732,-9.526]]]}},{"type":"Feature","properties":{"id":"5104203","nome":"Guiratinga"},"geometry":{"type":"Polygon","coordinates":[[[-53.067,-15.945],[-53.067,-15.965],[-53.043,-16.003],[-53.048,-16.019],[-53.062,-16.035],[-53.071,-16.047],[-53.064,-16.075],[-53.053,-16.076],[-53.052,-16.082],[-53.046,-16.082],[-53.042,-16.088],[-53.038,-16.084],[-53.035,-16.092],[-53.017,-16.106],[-53.009,-16.102],[-53.009,-16.107],[-53.003,-16.107],[-53.002,-16.11],[-53.006,-16.116],[-53.0,-16.114],[-52.999,-16.123],[-52.981,-16.133],[-52.978,-16.145],[-52.99,-16.15],[-52.998,-16.151],[-52.995,-16.156],[-53.003,-16.161],[-53.006,-16.171],[-53.019,-16.166],[-53.021,-16.171],[-53.031,-16.173],[-53.033,-16.178],[-53.031,-16.181],[-53.05,-16.17],[-53.052,-16.18],[-53.06,-16.182],[-53.06,-16.187],[-53.065,-16.186],[-53.074,-16.196],[-53.082,-16.19],[-53.085,-16.191],[-53.088,-16.19],[-53.092,-16.198],[-53.101,-16.193],[-53.113,-16.214],[-53.12,-16.217],[-53.125,-16.215],[-53.128,-16.219],[-53.141,-16.222],[-53.138,-16.228],[-53.144,-16.233],[-53.141,-16.236],[-53.146,-16.244],[-53.152,-16.246],[-53.154,-16.252],[-53.167,-16.262],[-53.165,-16.267],[-53.168,-16.272],[-53.171,-16.271],[-53.169,-16.278],[-53.172,-16.282],[-53.167,-16.286],[-53.169,-16.288],[-53.163,-16.293],[-53.161,-16.302],[-53.154,-16.302],[-53.153,-16.307],[-53.158,-16.314],[-53.154,-16.321],[-53.158,-16.337],[-53.149,-16.346],[-53.155,-16.351],[-53.149,-16.353],[-53.152,-16.362],[-53.148,-16.368],[-53.154,-16.372],[-53.152,-16.376],[-53.146,-16.378],[-53.152,-16.384],[-53.147,-16.387],[-53.146,-16.392],[-53.155,-16.394],[-53.156,-16.409],[-53.161,-16.407],[-53.177,-16.412],[-53.183,-16.41],[-53.191,-16.418],[-53.191,-16.422],[-53.199,-16.429],[-53.206,-16.443],[-53.211,-16.462],[-53.204,-16.462],[-53.202,-16.466],[-53.21,-16.476],[-53.203,-16.481],[-53.204,-16.494],[-53.192,-16.501],[-53.187,-16.501],[-53.19,-16.507],[-53.182,-16.511],[-53.183,-16.515],[-53.177,-16.521],[-53.179,-16.527],[-53.169,-16.527],[-53.164,-16.531],[-53.165,-16.536],[-53.366,-16.484],[-53.381,-16.509],[-53.384,-16.522],[-53.391,-16.524],[-53.396,-16.537],[-53.412,-16.553],[-53.416,-16.55],[-53.419,-16.558],[-53.429,-16.56],[-53.423,-16.564],[-53.427,-16.572],[-53.413,-16.575],[-53.415,-16.582],[-53.411,-16.583],[-53.41,-16.589],[-53.413,-16.597],[-53.418,-16.595],[-53.419,-16.604],[-53.418,-16.618],[-53.415,-16.622],[-53.417,-16.627],[-53.41,-16.632],[-53.408,-16.638],[-53.414,-16.644],[-53.42,-16.643],[-53.418,-16.649],[-53.42,-16.651],[-53.417,-16.654],[-53.424,-16.655],[-53.424,-16.657],[-53.412,-16.656],[-53.409,-16.662],[-53.413,-16.664],[-53.408,-16.666],[-53.411,-16.675],[-53.413,-16.669],[-53.421,-16.666],[-53.422,-16.668],[-53.416,-16.674],[-53.418,-16.681],[-53.433,-16.674],[-53.432,-16.676],[-53.439,-16.678],[-53.443,-16.684],[-53.448,-16.68],[-53.448,-16.673],[-53.458,-16.675],[-53.455,-16.68],[-53.463,-16.681],[-53.46,-16.678],[-53.463,-16.673],[-53.468,-16.679],[-53.475,-16.671],[-53.479,-16.674],[-53.482,-16.671],[-53.489,-16.672],[-53.491,-16.669],[-53.499,-16.668],[-53.509,-16.678],[-53.509,-16.682],[-53.517,-16.682],[-53.524,-16.677],[-53.525,-16.681],[-53.532,-16.68],[-53.539,-16.684],[-53.539,-16.688],[-53.545,-16.687],[-53.553,-16.697],[-53.569,-16.697],[-53.582,-16.719],[-53.595,-16.721],[-53.598,-16.719],[-53.611,-16.728],[-53.656,-16.717],[-53.709,-16.728],[-53.717,-16.734],[-53.731,-16.765],[-53.768,-16.781],[-53.797,-16.785],[-53.806,-16.794],[-53.825,-16.798],[-53.833,-16.783],[-53.841,-16.777],[-53.846,-16.766],[-53.856,-16.763],[-53.862,-16.757],[-53.859,-16.749],[-53.848,-16.738],[-53.842,-16.738],[-53.829,-16.73],[-53.829,-16.721],[-53.825,-16.715],[-53.827,-16.706],[-53.846,-16.684],[-53.85,-16.656],[-53.843,-16.642],[-53.842,-16.626],[-53.846,-16.624],[-53.84,-16.608],[-53.842,-16.599],[-53.836,-16.594],[-53.834,-16.58],[-53.837,-16.578],[-53.847,-16.583],[-53.853,-16.574],[-53.859,-16.574],[-53.869,-16.584],[-53.878,-16.586],[-53.881,-16.592],[-53.891,-16.591],[-53.911,-16.57],[-53.917,-16.559],[-53.922,-16.56],[-53.929,-16.552],[-53.935,-16.552],[-53.936,-16.544],[-53.946,-16.542],[-53.958,-16.529],[-53.97,-16.53],[-53.982,-16.522],[-53.98,-16.511],[-53.982,-16.505],[-53.979,-16.5],[-53.989,-16.496],[-53.992,-16.492],[-54.003,-16.493],[-54.005,-16.486],[-54.002,-16.48],[-54.01,-16.481],[-54.012,-16.476],[-54.022,-16.478],[-54.034,-16.467],[-54.053,-16.468],[-54.059,-16.479],[-54.067,-16.473],[-54.074,-16.48],[-54.088,-16.477],[-54.09,-16.49],[-54.096,-16.481],[-54.106,-16.479],[-54.108,-16.496],[-54.122,-16.487],[-54.127,-16.49],[-54.129,-16.5],[-54.133,-16.502],[-54.139,-16.498],[-54.151,-16.502],[-54.152,-16.507],[-54.159,-16.503],[-54.167,-16.506],[-54.168,-16.507],[-54.178,-16.498],[-54.186,-16.502],[-54.193,-16.493],[-54.206,-16.491],[-54.219,-16.499],[-54.23,-16.481],[-54.233,-16.488],[-54.237,-16.482],[-54.233,-16.475],[-54.224,-16.479],[-54.22,-16.474],[-54.215,-16.475],[-54.206,-16.471],[-54.205,-16.451],[-54.218,-16.434],[-54.213,-16.423],[-54.195,-16.404],[-54.18,-16.398],[-54.18,-16.384],[-54.184,-16.379],[-54.182,-16.366],[-54.193,-16.364],[-54.208,-16.368],[-54.211,-16.363],[-54.223,-16.359],[-54.218,-16.346],[-54.226,-16.33],[-54.224,-16.322],[-54.215,-16.326],[-54.211,-16.317],[-54.203,-16.316],[-54.201,-16.309],[-54.191,-16.31],[-54.187,-16.306],[-54.187,-16.297],[-54.182,-16.294],[-54.167,-16.304],[-54.147,-16.3],[-54.143,-16.303],[-54.145,-16.307],[-54.136,-16.311],[-54.131,-16.306],[-54.126,-16.306],[-54.123,-16.317],[-54.119,-16.317],[-54.117,-16.322],[-54.112,-16.315],[-54.102,-16.316],[-54.102,-16.319],[-54.099,-16.318],[-54.083,-16.318],[-54.085,-16.326],[-54.064,-16.332],[-54.067,-16.346],[-54.064,-16.352],[-54.047,-16.349],[-54.045,-16.355],[-54.04,-16.355],[-54.035,-16.36],[-54.031,-16.354],[-54.026,-16.371],[-54.023,-16.371],[-54.009,-16.367],[-54.004,-16.369],[-54.0,-16.363],[-53.98,-16.363],[-53.968,-16.359],[-53.954,-16.362],[-53.948,-16.357],[-53.948,-16.348],[-53.941,-16.339],[-53.943,-16.331],[-53.941,-16.325],[-53.947,-16.322],[-53.948,-16.312],[-53.955,-16.306],[-53.948,-16.299],[-53.947,-16.291],[-53.938,-16.276],[-53.942,-16.265],[-53.917,-16.255],[-53.915,-16.252],[-53.921,-16.249],[-53.926,-16.233],[-53.934,-16.225],[-53.934,-16.216],[-53.94,-16.212],[-53.941,-16.209],[-53.923,-16.196],[-53.806,-16.198],[-53.805,-16.195],[-53.789,-16.189],[-53.788,-16.184],[-53.817,-16.165],[-53.831,-16.162],[-53.829,-16.159],[-53.7,-16.159],[-53.704,-16.171],[-53.696,-16.187],[-53.7,-16.194],[-53.689,-16.194],[-53.685,-16.19],[-53.675,-16.191],[-53.671,-16.204],[-53.661,-16.203],[-53.66,-16.21],[-53.655,-16.214],[-53.64,-16.216],[-53.636,-16.22],[-53.634,-16.218],[-53.631,-16.223],[-53.633,-16.226],[-53.625,-16.226],[-53.623,-16.232],[-53.616,-16.235],[-53.615,-16.227],[-53.604,-16.225],[-53.596,-16.216],[-53.608,-16.216],[-53.61,-16.213],[-53.61,-16.201],[-53.605,-16.196],[-53.605,-16.19],[-53.598,-16.187],[-53.59,-16.188],[-53.584,-16.179],[-53.588,-16.172],[-53.585,-16.163],[-53.579,-16.157],[-53.567,-16.157],[-53.577,-16.147],[-53.566,-16.14],[-53.571,-16.123],[-53.564,-16.122],[-53.555,-16.126],[-53.55,-16.123],[-53.54,-16.131],[-53.539,-16.137],[-53.526,-16.139],[-53.515,-16.144],[-53.506,-16.138],[-53.49,-16.145],[-53.359,-16.142],[-53.357,-16.15],[-53.341,-16.154],[-53.33,-16.167],[-53.304,-16.169],[-53.292,-16.172],[-53.287,-16.169],[-53.294,-16.149],[-53.292,-16.141],[-53.279,-16.138],[-53.278,-16.133],[-53.286,-16.117],[-53.278,-16.099],[-53.267,-16.105],[-53.254,-16.1],[-53.25,-16.101],[-53.249,-16.106],[-53.242,-16.104],[-53.269,-16.074],[-53.266,-16.065],[-53.269,-16.048],[-53.257,-16.035],[-53.254,-16.019],[-53.248,-16.012],[-53.24,-16.01],[-53.233,-16.012],[-53.21,-16.011],[-53.202,-15.996],[-53.162,-15.995],[-53.142,-15.979],[-53.125,-15.958],[-53.115,-15.964],[-53.106,-15.96],[-53.113,-15.948],[-53.116,-15.931],[-53.111,-15.912],[-53.112,-15.898],[-53.097,-15.885],[-53.07,-15.887],[-53.078,-15.904],[-53.073,-15.917],[-53.073,-15.925],[-53.061,-15.939],[-53.067,-15.945]]]}},{"type":"Feature","properties":{"id":"5104500","nome":"Indiava\u00ed"},"geometry":{"type":"Polygon","coordinates":[[[-58.686,-15.152],[-58.665,-15.166],[-58.622,-15.177],[-58.618,-15.183],[-58.609,-15.185],[-58.599,-15.186],[-58.597,-15.199],[-58.584,-15.218],[-58.58,-15.21],[-58.564,-15.224],[-58.557,-15.244],[-58.541,-15.267],[-58.537,-15.283],[-58.535,-15.307],[-58.538,-15.356],[-58.489,-15.352],[-58.484,-15.393],[-58.489,-15.397],[-58.49,-15.406],[-58.475,-15.464],[-58.465,-15.462],[-58.473,-15.497],[-58.484,-15.504],[-58.483,-15.516],[-58.497,-15.514],[-58.579,-15.509],[-58.598,-15.497],[-58.601,-15.488],[-58.599,-15.48],[-58.602,-15.479],[-58.599,-15.473],[-58.607,-15.46],[-58.612,-15.459],[-58.606,-15.452],[-58.619,-15.434],[-58.623,-15.413],[-58.631,-15.404],[-58.628,-15.399],[-58.632,-15.394],[-58.635,-15.395],[-58.643,-15.385],[-58.643,-15.374],[-58.647,-15.375],[-58.646,-15.367],[-58.65,-15.364],[-58.654,-15.35],[-58.664,-15.344],[-58.66,-15.339],[-58.668,-15.338],[-58.672,-15.327],[-58.681,-15.323],[-58.681,-15.319],[-58.696,-15.313],[-58.701,-15.31],[-58.7,-15.303],[-58.706,-15.297],[-58.707,-15.287],[-58.713,-15.289],[-58.716,-15.267],[-58.726,-15.249],[-58.73,-15.22],[-58.727,-15.174],[-58.722,-15.163],[-58.726,-15.154],[-58.714,-15.156],[-58.709,-15.149],[-58.693,-15.142],[-58.686,-15.152]]]}},{"type":"Feature","properties":{"id":"5104526","nome":"Ipiranga do Norte"},"geometry":{"type":"Polygon","coordinates":[[[-55.785,-11.428],[-55.778,-11.457],[-55.79,-11.457],[-55.796,-11.461],[-55.814,-11.496],[-55.798,-11.524],[-55.797,-11.548],[-55.791,-11.559],[-55.782,-11.563],[-55.772,-11.591],[-55.769,-11.598],[-55.75,-11.603],[-55.737,-11.613],[-55.729,-11.61],[-55.718,-11.618],[-55.692,-11.615],[-55.689,-11.62],[-55.689,-11.63],[-55.697,-11.636],[-55.704,-11.652],[-55.7,-11.664],[-55.712,-11.668],[-55.711,-11.68],[-55.716,-11.691],[-55.724,-11.694],[-55.737,-11.681],[-55.747,-11.686],[-55.746,-11.697],[-55.735,-11.711],[-55.739,-11.723],[-55.733,-11.726],[-55.732,-11.732],[-55.74,-11.735],[-55.746,-11.733],[-55.758,-11.721],[-55.77,-11.725],[-55.782,-11.738],[-55.791,-11.736],[-55.8,-11.74],[-55.8,-11.745],[-55.791,-11.749],[-55.792,-11.752],[-55.81,-11.75],[-55.812,-11.745],[-55.819,-11.742],[-55.821,-11.747],[-55.815,-11.757],[-55.817,-11.761],[-55.826,-11.752],[-55.831,-11.753],[-55.824,-11.781],[-55.827,-11.786],[-55.831,-11.786],[-55.836,-11.779],[-55.84,-11.78],[-55.842,-11.79],[-55.84,-11.795],[-55.822,-11.806],[-55.822,-11.813],[-55.827,-11.815],[-55.827,-11.81],[-55.831,-11.809],[-55.839,-11.831],[-55.836,-11.842],[-55.845,-11.851],[-55.854,-11.845],[-55.861,-11.847],[-55.864,-11.854],[-55.858,-11.86],[-55.872,-11.865],[-55.878,-11.881],[-55.877,-11.884],[-55.868,-11.88],[-55.87,-11.891],[-55.876,-11.89],[-55.877,-11.893],[-55.878,-11.911],[-55.884,-11.913],[-55.89,-11.911],[-55.889,-11.92],[-55.893,-11.923],[-55.886,-11.926],[-55.884,-11.935],[-55.879,-11.94],[-55.89,-11.938],[-55.879,-11.954],[-55.882,-11.955],[-55.883,-11.965],[-55.891,-11.969],[-55.887,-11.986],[-55.899,-11.998],[-55.894,-12.015],[-55.898,-12.015],[-55.901,-12.005],[-55.907,-12.007],[-55.897,-12.028],[-55.905,-12.027],[-55.908,-12.032],[-55.9,-12.037],[-55.91,-12.059],[-55.905,-12.064],[-55.909,-12.071],[-55.905,-12.074],[-55.898,-12.072],[-55.896,-12.075],[-55.903,-12.083],[-55.91,-12.085],[-55.901,-12.093],[-55.903,-12.099],[-55.911,-12.101],[-55.901,-12.106],[-55.896,-12.112],[-55.898,-12.116],[-55.908,-12.11],[-55.91,-12.113],[-55.894,-12.118],[-55.895,-12.121],[-55.901,-12.121],[-55.905,-12.127],[-55.896,-12.124],[-55.888,-12.128],[-55.886,-12.138],[-55.887,-12.141],[-55.903,-12.138],[-55.895,-12.151],[-55.904,-12.164],[-55.9,-12.175],[-55.902,-12.181],[-55.894,-12.187],[-55.896,-12.195],[-55.892,-12.203],[-55.901,-12.204],[-55.902,-12.194],[-55.911,-12.198],[-55.912,-12.203],[-55.903,-12.208],[-55.924,-12.217],[-55.923,-12.225],[-55.915,-12.234],[-55.931,-12.238],[-55.933,-12.247],[-55.95,-12.259],[-55.95,-12.27],[-55.959,-12.275],[-55.957,-12.283],[-55.968,-12.291],[-55.97,-12.297],[-55.976,-12.298],[-55.99,-12.31],[-55.994,-12.301],[-56.003,-12.318],[-56.012,-12.316],[-56.018,-12.328],[-56.012,-12.335],[-56.012,-12.341],[-56.021,-12.359],[-56.016,-12.365],[-56.028,-12.372],[-56.036,-12.368],[-56.036,-12.377],[-56.039,-12.383],[-56.048,-12.381],[-56.049,-12.387],[-56.044,-12.389],[-56.041,-12.397],[-56.059,-12.392],[-56.06,-12.398],[-56.054,-12.405],[-56.056,-12.418],[-56.049,-12.421],[-56.059,-12.428],[-56.083,-12.424],[-56.092,-12.428],[-56.1,-12.428],[-56.106,-12.434],[-56.12,-12.428],[-56.118,-12.422],[-56.12,-12.402],[-56.131,-12.401],[-56.137,-12.406],[-56.146,-12.402],[-56.151,-12.404],[-56.162,-12.398],[-56.179,-12.395],[-56.188,-12.384],[-56.243,-12.454],[-56.243,-12.427],[-56.246,-12.418],[-56.274,-12.383],[-56.285,-12.362],[-56.343,-12.302],[-56.362,-12.276],[-56.363,-12.265],[-56.372,-12.256],[-56.388,-12.252],[-56.394,-12.24],[-56.407,-12.238],[-56.415,-12.224],[-56.417,-12.199],[-56.397,-12.192],[-56.389,-12.184],[-56.377,-12.184],[-56.352,-12.158],[-56.313,-12.138],[-56.311,-12.131],[-56.323,-12.12],[-56.32,-12.106],[-56.3,-12.088],[-56.287,-12.059],[-56.261,-12.025],[-56.254,-11.986],[-56.242,-11.961],[-56.209,-11.941],[-56.206,-11.933],[-56.21,-11.92],[-56.202,-11.91],[-56.188,-11.9],[-56.165,-11.899],[-56.159,-11.894],[-56.156,-11.879],[-56.162,-11.86],[-56.16,-11.854],[-56.108,-11.826],[-56.108,-11.818],[-56.119,-11.797],[-56.098,-11.777],[-56.091,-11.753],[-56.072,-11.724],[-56.07,-11.716],[-56.077,-11.702],[-56.075,-11.695],[-56.063,-11.688],[-56.05,-11.689],[-56.024,-11.679],[-55.996,-11.641],[-55.972,-11.626],[-55.968,-11.62],[-55.958,-11.607],[-55.959,-11.596],[-55.952,-11.589],[-55.946,-11.589],[-55.924,-11.61],[-55.916,-11.608],[-55.898,-11.59],[-55.858,-11.576],[-55.856,-11.565],[-55.842,-11.559],[-55.833,-11.546],[-55.832,-11.492],[-55.828,-11.482],[-55.787,-11.443],[-55.785,-11.428]]]}},{"type":"Feature","properties":{"id":"5104542","nome":"Itanhang\u00e1"},"geometry":{"type":"Polygon","coordinates":[[[-56.811,-11.913],[-56.804,-11.916],[-56.784,-11.914],[-56.776,-11.929],[-56.776,-11.934],[-56.76,-11.941],[-56.748,-11.941],[-56.74,-11.951],[-56.731,-11.954],[-56.715,-11.976],[-56.7,-11.978],[-56.688,-11.988],[-56.663,-11.984],[-56.652,-11.99],[-56.639,-11.991],[-56.633,-11.975],[-56.612,-11.968],[-56.594,-11.972],[-56.586,-11.966],[-56.582,-11.96],[-56.58,-11.943],[-56.56,-11.949],[-56.55,-11.958],[-56.544,-11.987],[-56.535,-11.987],[-56.505,-11.977],[-56.491,-11.988],[-56.471,-11.992],[-56.466,-12.003],[-56.469,-12.012],[-56.445,-12.033],[-56.448,-12.053],[-56.432,-12.062],[-56.408,-12.088],[-56.405,-12.103],[-56.407,-12.138],[-56.403,-12.162],[-56.389,-12.184],[-56.397,-12.192],[-56.417,-12.199],[-56.415,-12.224],[-56.407,-12.238],[-56.394,-12.24],[-56.388,-12.252],[-56.372,-12.256],[-56.363,-12.265],[-56.464,-12.303],[-56.467,-12.312],[-56.476,-12.315],[-56.48,-12.321],[-56.495,-12.322],[-56.506,-12.329],[-56.513,-12.329],[-56.519,-12.341],[-56.529,-12.348],[-56.545,-12.342],[-56.563,-12.349],[-56.579,-12.336],[-56.6,-12.336],[-56.605,-12.342],[-56.607,-12.355],[-56.614,-12.361],[-56.622,-12.368],[-56.633,-12.363],[-56.635,-12.358],[-56.627,-12.348],[-56.632,-12.346],[-56.642,-12.348],[-56.643,-12.343],[-56.647,-12.339],[-56.658,-12.342],[-56.661,-12.338],[-56.658,-12.335],[-56.67,-12.322],[-56.675,-12.325],[-56.692,-12.315],[-56.698,-12.324],[-56.7,-12.319],[-56.712,-12.327],[-56.721,-12.319],[-56.72,-12.328],[-56.739,-12.334],[-56.744,-12.327],[-56.744,-12.334],[-56.748,-12.338],[-56.753,-12.335],[-56.765,-12.344],[-56.768,-12.343],[-56.767,-12.354],[-56.772,-12.352],[-56.789,-12.367],[-56.793,-12.362],[-56.795,-12.368],[-56.802,-12.37],[-56.801,-12.373],[-56.804,-12.374],[-56.806,-12.369],[-56.81,-12.374],[-56.817,-12.365],[-56.827,-12.365],[-56.827,-12.36],[-56.843,-12.372],[-56.848,-12.367],[-56.856,-12.367],[-56.857,-12.362],[-56.866,-12.356],[-56.863,-12.352],[-56.868,-12.353],[-56.875,-12.348],[-56.872,-12.344],[-56.878,-12.339],[-56.885,-12.34],[-56.887,-12.335],[-56.892,-12.336],[-56.892,-12.331],[-56.898,-12.331],[-56.898,-12.318],[-56.9,-12.318],[-56.902,-12.325],[-56.908,-12.324],[-56.913,-12.307],[-56.918,-12.312],[-56.922,-12.3],[-56.931,-12.297],[-56.929,-12.292],[-56.932,-12.292],[-56.933,-12.288],[-56.942,-12.29],[-56.953,-12.288],[-56.955,-12.3],[-56.957,-12.296],[-56.963,-12.294],[-56.972,-12.302],[-56.98,-12.29],[-56.987,-12.287],[-57.005,-12.286],[-57.014,-12.274],[-57.02,-12.268],[-57.041,-12.259],[-57.035,-12.232],[-57.042,-12.223],[-57.044,-12.206],[-57.056,-12.193],[-57.07,-12.19],[-57.075,-12.183],[-57.067,-12.163],[-57.074,-12.139],[-57.089,-12.119],[-57.094,-12.101],[-57.103,-12.087],[-57.117,-12.073],[-57.135,-12.046],[-57.134,-12.021],[-57.143,-12.013],[-57.144,-12.008],[-57.135,-12.008],[-57.125,-12.002],[-57.118,-12.003],[-57.102,-11.998],[-57.093,-11.985],[-57.081,-11.978],[-57.007,-11.971],[-56.992,-11.955],[-56.955,-11.958],[-56.933,-11.946],[-56.927,-11.945],[-56.912,-11.928],[-56.899,-11.924],[-56.894,-11.919],[-56.876,-11.924],[-56.867,-11.921],[-56.849,-11.926],[-56.832,-11.925],[-56.826,-11.924],[-56.826,-11.92],[-56.823,-11.921],[-56.82,-11.915],[-56.815,-11.916],[-56.811,-11.913]]]}},{"type":"Feature","properties":{"id":"5104559","nome":"Ita\u00faba"},"geometry":{"type":"Polygon","coordinates":[[[-55.862,-10.898],[-55.856,-10.899],[-55.846,-10.893],[-55.84,-10.895],[-55.848,-10.924],[-55.846,-10.943],[-55.843,-10.945],[-55.857,-10.963],[-55.846,-10.983],[-55.829,-10.983],[-55.803,-10.967],[-55.782,-10.981],[-55.764,-10.984],[-55.764,-10.967],[-55.751,-10.965],[-55.735,-10.972],[-55.713,-10.971],[-55.701,-10.981],[-55.684,-10.972],[-55.671,-10.983],[-55.659,-10.979],[-55.65,-10.951],[-55.644,-10.952],[-55.638,-10.962],[-55.625,-10.966],[-55.615,-10.96],[-55.604,-10.958],[-55.598,-10.963],[-55.591,-10.964],[-55.557,-10.956],[-55.55,-10.959],[-55.534,-10.977],[-55.531,-10.989],[-55.524,-11.002],[-55.499,-11.008],[-55.485,-11.001],[-55.484,-10.986],[-55.469,-10.97],[-55.471,-10.932],[-55.463,-10.922],[-55.451,-10.917],[-55.449,-10.901],[-55.443,-10.902],[-55.433,-10.903],[-55.427,-10.91],[-55.41,-10.914],[-55.303,-10.902],[-55.295,-10.903],[-55.281,-10.892],[-55.27,-10.892],[-55.252,-10.88],[-55.238,-10.88],[-55.22,-10.902],[-55.219,-10.912],[-55.206,-10.931],[-55.174,-10.938],[-55.147,-10.953],[-55.089,-10.979],[-55.085,-10.994],[-55.067,-11.009],[-55.029,-11.014],[-55.011,-11.02],[-54.999,-11.018],[-54.957,-11.025],[-54.957,-11.066],[-54.944,-11.067],[-54.938,-11.089],[-54.923,-11.097],[-54.917,-11.107],[-54.92,-11.13],[-54.913,-11.145],[-54.92,-11.158],[-54.92,-11.176],[-54.944,-11.169],[-54.965,-11.17],[-54.975,-11.176],[-54.983,-11.175],[-55.008,-11.184],[-55.02,-11.184],[-55.056,-11.209],[-55.073,-11.205],[-55.1,-11.211],[-55.111,-11.21],[-55.129,-11.202],[-55.152,-11.186],[-55.154,-11.198],[-55.171,-11.231],[-55.171,-11.263],[-55.176,-11.275],[-55.192,-11.283],[-55.203,-11.303],[-55.214,-11.304],[-55.227,-11.31],[-55.227,-11.281],[-55.244,-11.282],[-55.252,-11.277],[-55.282,-11.278],[-55.29,-11.266],[-55.304,-11.262],[-55.322,-11.247],[-55.32,-11.233],[-55.325,-11.22],[-55.322,-11.21],[-55.328,-11.196],[-55.338,-11.181],[-55.35,-11.176],[-55.376,-11.151],[-55.38,-11.142],[-55.393,-11.159],[-55.413,-11.171],[-55.436,-11.194],[-55.441,-11.215],[-55.452,-11.236],[-55.45,-11.253],[-55.455,-11.265],[-55.444,-11.279],[-55.454,-11.288],[-55.465,-11.308],[-55.468,-11.321],[-55.465,-11.348],[-55.461,-11.357],[-55.472,-11.37],[-55.491,-11.377],[-55.511,-11.403],[-55.529,-11.396],[-55.54,-11.388],[-55.55,-11.386],[-55.562,-11.374],[-55.577,-11.369],[-55.582,-11.362],[-55.59,-11.36],[-55.608,-11.328],[-55.615,-11.321],[-55.616,-11.309],[-55.625,-11.305],[-55.642,-11.308],[-55.664,-11.298],[-55.69,-11.298],[-55.733,-11.326],[-55.736,-11.332],[-55.734,-11.339],[-55.76,-11.334],[-55.795,-11.307],[-55.817,-11.306],[-55.826,-11.303],[-55.868,-11.271],[-55.943,-11.24],[-55.995,-11.218],[-56.002,-11.212],[-56.027,-11.211],[-56.04,-11.199],[-56.073,-11.179],[-56.088,-11.177],[-56.13,-11.162],[-56.141,-11.153],[-56.156,-11.154],[-56.179,-11.144],[-56.2,-11.14],[-56.252,-11.111],[-56.295,-11.099],[-56.322,-11.1],[-56.32,-11.088],[-56.313,-11.078],[-56.312,-11.07],[-56.277,-11.068],[-56.242,-11.038],[-56.224,-11.038],[-56.22,-11.034],[-56.184,-11.041],[-56.178,-11.031],[-56.166,-11.025],[-56.165,-11.019],[-56.147,-11.008],[-56.136,-11.004],[-56.132,-10.996],[-56.119,-10.984],[-56.097,-10.974],[-56.077,-10.959],[-56.058,-10.954],[-56.059,-10.952],[-56.049,-10.95],[-56.028,-10.938],[-56.014,-10.937],[-56.007,-10.93],[-55.994,-10.927],[-55.99,-10.922],[-55.975,-10.919],[-55.941,-10.903],[-55.934,-10.897],[-55.935,-10.893],[-55.923,-10.868],[-55.911,-10.86],[-55.907,-10.851],[-55.902,-10.864],[-55.88,-10.872],[-55.862,-10.898]]]}},{"type":"Feature","properties":{"id":"5104609","nome":"Itiquira"},"geometry":{"type":"Polygon","coordinates":[[[-54.615,-16.987],[-54.614,-17.09],[-54.566,-17.073],[-54.555,-17.078],[-54.532,-17.079],[-54.512,-17.093],[-54.505,-17.092],[-54.49,-17.096],[-54.476,-17.111],[-54.466,-17.112],[-54.459,-17.105],[-54.453,-17.108],[-54.444,-17.103],[-54.44,-17.106],[-54.428,-17.103],[-54.419,-17.106],[-54.397,-17.097],[-54.389,-17.102],[-54.379,-17.1],[-54.351,-17.088],[-54.346,-17.091],[-54.322,-17.093],[-54.307,-17.086],[-54.289,-17.092],[-54.269,-17.069],[-54.256,-17.073],[-54.234,-17.068],[-54.233,-17.069],[-54.218,-17.068],[-54.21,-17.062],[-54.191,-17.032],[-54.159,-17.019],[-53.976,-17.017],[-53.976,-17.03],[-53.969,-17.025],[-53.969,-17.03],[-53.954,-17.043],[-53.952,-17.051],[-53.946,-17.053],[-53.939,-17.075],[-53.93,-17.086],[-53.933,-17.11],[-53.951,-17.14],[-53.953,-17.151],[-53.943,-17.156],[-53.94,-17.15],[-53.934,-17.158],[-53.933,-17.15],[-53.919,-17.15],[-53.909,-17.137],[-53.902,-17.138],[-53.904,-17.134],[-53.888,-17.125],[-53.891,-17.121],[-53.878,-17.123],[-53.877,-17.126],[-53.87,-17.13],[-53.848,-17.133],[-53.826,-17.148],[-53.807,-17.147],[-53.795,-17.168],[-53.776,-17.18],[-53.741,-17.191],[-53.721,-17.189],[-53.708,-17.2],[-53.703,-17.208],[-53.688,-17.215],[-53.683,-17.224],[-53.68,-17.253],[-53.692,-17.246],[-53.694,-17.234],[-53.705,-17.228],[-53.734,-17.231],[-53.747,-17.242],[-53.759,-17.243],[-53.762,-17.246],[-53.764,-17.258],[-53.771,-17.263],[-53.785,-17.287],[-53.806,-17.288],[-53.82,-17.294],[-53.826,-17.312],[-53.83,-17.317],[-53.834,-17.335],[-53.831,-17.355],[-53.868,-17.368],[-53.878,-17.375],[-53.887,-17.392],[-53.914,-17.414],[-53.919,-17.425],[-53.928,-17.431],[-53.931,-17.439],[-53.947,-17.452],[-53.952,-17.459],[-53.971,-17.465],[-53.973,-17.472],[-53.977,-17.47],[-53.984,-17.473],[-53.995,-17.468],[-54.028,-17.479],[-54.037,-17.486],[-54.041,-17.5],[-54.048,-17.505],[-54.046,-17.507],[-54.051,-17.505],[-54.058,-17.513],[-54.057,-17.52],[-54.053,-17.523],[-54.055,-17.529],[-54.049,-17.53],[-54.045,-17.537],[-54.052,-17.546],[-54.051,-17.562],[-54.055,-17.57],[-54.073,-17.587],[-54.072,-17.596],[-54.079,-17.604],[-54.077,-17.615],[-54.084,-17.619],[-54.096,-17.613],[-54.111,-17.613],[-54.113,-17.618],[-54.116,-17.616],[-54.118,-17.619],[-54.122,-17.613],[-54.134,-17.618],[-54.141,-17.61],[-54.146,-17.615],[-54.154,-17.605],[-54.168,-17.608],[-54.178,-17.602],[-54.193,-17.606],[-54.199,-17.614],[-54.204,-17.612],[-54.214,-17.62],[-54.222,-17.619],[-54.232,-17.626],[-54.243,-17.628],[-54.25,-17.64],[-54.273,-17.651],[-54.272,-17.653],[-54.288,-17.655],[-54.291,-17.653],[-54.302,-17.661],[-54.309,-17.658],[-54.32,-17.662],[-54.32,-17.659],[-54.327,-17.658],[-54.335,-17.661],[-54.343,-17.655],[-54.35,-17.657],[-54.356,-17.649],[-54.356,-17.651],[-54.384,-17.636],[-54.387,-17.631],[-54.382,-17.627],[-54.374,-17.608],[-54.382,-17.606],[-54.381,-17.601],[-54.384,-17.601],[-54.38,-17.594],[-54.386,-17.586],[-54.382,-17.572],[-54.392,-17.57],[-54.393,-17.566],[-54.398,-17.567],[-54.403,-17.564],[-54.405,-17.553],[-54.413,-17.551],[-54.414,-17.544],[-54.423,-17.536],[-54.431,-17.538],[-54.434,-17.534],[-54.466,-17.529],[-54.477,-17.513],[-54.473,-17.51],[-54.479,-17.507],[-54.474,-17.498],[-54.483,-17.494],[-54.481,-17.487],[-54.49,-17.488],[-54.503,-17.48],[-54.525,-17.482],[-54.53,-17.478],[-54.536,-17.477],[-54.554,-17.488],[-54.563,-17.479],[-54.569,-17.483],[-54.571,-17.48],[-54.568,-17.474],[-54.572,-17.475],[-54.581,-17.468],[-54.588,-17.477],[-54.607,-17.487],[-54.617,-17.49],[-54.62,-17.488],[-54.636,-17.495],[-54.655,-17.49],[-54.656,-17.496],[-54.669,-17.504],[-54.676,-17.501],[-54.681,-17.506],[-54.695,-17.503],[-54.699,-17.497],[-54.7,-17.506],[-54.715,-17.513],[-54.718,-17.518],[-54.73,-17.515],[-54.739,-17.52],[-54.75,-17.523],[-54.757,-17.534],[-54.755,-17.545],[-54.762,-17.554],[-54.757,-17.558],[-54.76,-17.56],[-54.758,-17.565],[-54.765,-17.568],[-54.778,-17.571],[-54.791,-17.582],[-54.8,-17.582],[-54.813,-17.594],[-54.821,-17.597],[-54.82,-17.603],[-54.825,-17.609],[-54.839,-17.614],[-54.851,-17.613],[-54.86,-17.623],[-54.88,-17.616],[-54.894,-17.621],[-54.902,-17.611],[-54.914,-17.608],[-54.93,-17.611],[-54.943,-17.609],[-54.948,-17.615],[-54.967,-17.615],[-54.966,-17.62],[-54.974,-17.617],[-54.981,-17.628],[-54.984,-17.624],[-54.989,-17.633],[-54.992,-17.633],[-54.991,-17.638],[-55.01,-17.629],[-55.011,-17.634],[-55.016,-17.629],[-55.018,-17.636],[-55.023,-17.634],[-55.023,-17.637],[-55.027,-17.636],[-55.032,-17.64],[-55.033,-17.638],[-55.043,-17.639],[-55.044,-17.636],[-55.047,-17.64],[-55.055,-17.638],[-55.056,-17.642],[-55.062,-17.639],[-55.063,-17.642],[-55.072,-17.631],[-55.077,-17.63],[-55.079,-17.633],[-55.087,-17.629],[-55.093,-17.636],[-55.097,-17.631],[-55.096,-17.627],[-55.1,-17.631],[-55.108,-17.628],[-55.113,-17.644],[-55.118,-17.648],[-55.127,-17.652],[-55.137,-17.65],[-55.139,-17.647],[-55.143,-17.644],[-55.142,-17.639],[-55.154,-17.643],[-55.163,-17.642],[-55.166,-17.637],[-55.17,-17.64],[-55.171,-17.638],[-55.166,-17.634],[-55.175,-17.634],[-55.174,-17.63],[-55.18,-17.623],[-55.184,-17.624],[-55.183,-17.619],[-55.192,-17.628],[-55.195,-17.618],[-55.203,-17.618],[-55.204,-17.613],[-55.221,-17.617],[-55.225,-17.609],[-55.219,-17.613],[-55.218,-17.607],[-55.227,-17.598],[-55.228,-17.601],[-55.231,-17.595],[-55.236,-17.595],[-55.238,-17.6],[-55.243,-17.594],[-55.242,-17.602],[-55.249,-17.595],[-55.244,-17.591],[-55.252,-17.592],[-55.25,-17.584],[-55.258,-17.574],[-55.264,-17.577],[-55.267,-17.566],[-55.263,-17.564],[-55.269,-17.556],[-55.271,-17.56],[-55.275,-17.558],[-55.274,-17.564],[-55.28,-17.563],[-55.282,-17.557],[-55.289,-17.56],[-55.283,-17.552],[-55.296,-17.551],[-55.292,-17.542],[-55.299,-17.541],[-55.315,-17.546],[-55.322,-17.542],[-55.329,-17.548],[-55.324,-17.55],[-55.324,-17.553],[-55.337,-17.545],[-55.339,-17.548],[-55.35,-17.548],[-55.353,-17.531],[-55.358,-17.526],[-55.371,-17.522],[-55.377,-17.515],[-55.382,-17.525],[-55.386,-17.519],[-55.39,-17.521],[-55.393,-17.516],[-55.405,-17.512],[-55.416,-17.514],[-55.422,-17.513],[-55.423,-17.509],[-55.432,-17.511],[-55.443,-17.505],[-55.443,-17.511],[-55.453,-17.507],[-55.453,-17.5],[-55.458,-17.499],[-55.458,-17.494],[-55.472,-17.481],[-55.476,-17.484],[-55.483,-17.478],[-55.49,-17.485],[-55.493,-17.483],[-55.497,-17.486],[-55.499,-17.483],[-55.504,-17.486],[-55.504,-17.481],[-55.515,-17.483],[-55.524,-17.481],[-55.522,-17.472],[-55.527,-17.472],[-55.533,-17.466],[-55.537,-17.468],[-55.538,-17.461],[-55.543,-17.46],[-55.542,-17.456],[-55.557,-17.451],[-55.555,-17.447],[-55.549,-17.448],[-55.559,-17.439],[-55.574,-17.434],[-55.577,-17.424],[-55.575,-17.418],[-55.582,-17.419],[-55.585,-17.422],[-55.588,-17.413],[-55.586,-17.403],[-55.579,-17.4],[-55.586,-17.398],[-55.583,-17.395],[-55.585,-17.388],[-55.582,-17.379],[-55.589,-17.378],[-55.585,-17.373],[-55.593,-17.374],[-55.602,-17.367],[-55.602,-17.365],[-55.595,-17.363],[-55.597,-17.358],[-55.591,-17.363],[-55.591,-17.352],[-55.583,-17.349],[-55.582,-17.353],[-55.576,-17.353],[-55.574,-17.348],[-55.567,-17.347],[-55.573,-17.342],[-55.563,-17.344],[-55.56,-17.336],[-55.545,-17.337],[-55.542,-17.33],[-55.53,-17.327],[-55.53,-17.333],[-55.524,-17.332],[-55.524,-17.339],[-55.518,-17.342],[-55.515,-17.339],[-55.514,-17.344],[-55.508,-17.347],[-55.506,-17.346],[-55.51,-17.341],[-55.503,-17.344],[-55.5,-17.352],[-55.495,-17.345],[-55.49,-17.344],[-55.487,-17.35],[-55.481,-17.345],[-55.478,-17.348],[-55.469,-17.347],[-55.461,-17.348],[-55.464,-17.353],[-55.457,-17.355],[-55.454,-17.36],[-55.45,-17.358],[-55.449,-17.363],[-55.441,-17.36],[-55.441,-17.367],[-55.434,-17.367],[-55.433,-17.371],[-55.412,-17.357],[-55.408,-17.363],[-55.406,-17.357],[-55.395,-17.363],[-55.38,-17.354],[-55.38,-17.357],[-55.37,-17.358],[-55.367,-17.363],[-55.359,-17.359],[-55.355,-17.344],[-55.352,-17.348],[-55.352,-17.335],[-55.349,-17.334],[-55.35,-17.338],[-55.338,-17.338],[-55.335,-17.331],[-55.324,-17.335],[-55.322,-17.331],[-55.311,-17.327],[-55.306,-17.321],[-55.308,-17.318],[-55.302,-17.317],[-55.299,-17.311],[-55.302,-17.301],[-55.297,-17.295],[-55.299,-17.29],[-55.29,-17.291],[-55.277,-17.297],[-55.275,-17.292],[-55.268,-17.295],[-55.27,-17.292],[-55.26,-17.29],[-55.258,-17.296],[-55.257,-17.292],[-55.249,-17.29],[-55.246,-17.287],[-55.248,-17.281],[-55.24,-17.278],[-55.238,-17.281],[-55.229,-17.271],[-55.228,-17.276],[-55.226,-17.271],[-55.214,-17.266],[-55.209,-17.269],[-55.209,-17.263],[-55.204,-17.264],[-55.206,-17.258],[-55.201,-17.257],[-55.207,-17.252],[-55.206,-17.241],[-55.191,-17.231],[-55.189,-17.222],[-55.186,-17.225],[-55.181,-17.223],[-55.184,-17.213],[-55.182,-17.209],[-55.17,-17.207],[-55.167,-17.2],[-55.157,-17.197],[-55.154,-17.191],[-55.144,-17.19],[-55.136,-17.195],[-55.132,-17.19],[-55.128,-17.189],[-55.13,-17.181],[-55.125,-17.187],[-55.121,-17.183],[-55.119,-17.185],[-55.113,-17.181],[-55.109,-17.17],[-55.095,-17.154],[-55.098,-17.153],[-55.087,-17.141],[-55.082,-17.143],[-55.079,-17.139],[-55.082,-17.135],[-55.055,-17.126],[-55.055,-17.12],[-55.045,-17.117],[-55.041,-17.11],[-55.035,-17.106],[-55.029,-17.108],[-55.027,-17.103],[-55.021,-17.103],[-55.012,-17.106],[-55.011,-17.113],[-55.002,-17.11],[-54.99,-17.117],[-54.976,-17.11],[-54.967,-17.114],[-54.965,-17.107],[-54.953,-17.109],[-54.944,-17.106],[-54.943,-17.101],[-54.937,-17.104],[-54.936,-17.101],[-54.943,-17.097],[-54.934,-17.086],[-54.927,-17.09],[-54.927,-17.085],[-54.919,-17.086],[-54.918,-17.092],[-54.889,-17.073],[-54.864,-17.077],[-54.845,-17.071],[-54.841,-17.072],[-54.722,-17.04],[-54.719,-17.04],[-54.716,-17.035],[-54.714,-17.036],[-54.685,-17.013],[-54.673,-16.992],[-54.653,-16.983],[-54.638,-16.981],[-54.615,-16.987]]]}},{"type":"Feature","properties":{"id":"5104807","nome":"Jaciara"},"geometry":{"type":"Polygon","coordinates":[[[-55.067,-15.602],[-55.05,-15.611],[-55.04,-15.605],[-55.027,-15.605],[-55.026,-15.611],[-55.015,-15.618],[-55.011,-15.614],[-55.005,-15.618],[-54.986,-15.613],[-54.978,-15.619],[-54.976,-15.628],[-54.972,-15.636],[-54.982,-15.641],[-54.984,-15.666],[-55.005,-15.671],[-55.004,-15.685],[-55.0,-15.687],[-55.007,-15.69],[-55.012,-15.698],[-55.004,-15.704],[-55.003,-15.708],[-55.009,-15.715],[-55.013,-15.732],[-55.014,-15.755],[-55.024,-15.755],[-55.02,-15.762],[-55.016,-15.764],[-55.014,-15.772],[-55.009,-15.768],[-54.992,-15.775],[-54.982,-15.77],[-54.973,-15.773],[-54.967,-15.769],[-54.968,-15.775],[-54.96,-15.78],[-54.963,-15.786],[-54.959,-15.793],[-54.968,-15.796],[-54.97,-15.801],[-54.956,-15.818],[-54.95,-15.818],[-54.955,-15.821],[-54.96,-15.826],[-54.956,-15.837],[-54.961,-15.838],[-54.962,-15.846],[-54.954,-15.856],[-54.959,-15.863],[-54.946,-15.867],[-54.958,-15.875],[-54.951,-15.881],[-54.953,-15.889],[-54.942,-15.897],[-54.945,-15.901],[-54.943,-15.909],[-54.947,-15.915],[-54.954,-15.917],[-54.95,-15.922],[-54.941,-15.932],[-54.943,-15.938],[-54.953,-15.939],[-54.95,-15.948],[-54.952,-15.953],[-54.949,-15.956],[-54.941,-15.95],[-54.934,-15.952],[-54.925,-15.962],[-54.917,-15.964],[-54.92,-15.968],[-54.918,-15.975],[-54.912,-15.974],[-54.913,-15.978],[-54.91,-15.982],[-54.916,-15.995],[-54.919,-15.993],[-54.922,-15.997],[-54.939,-15.998],[-54.945,-16.0],[-54.943,-16.005],[-54.946,-16.013],[-54.937,-16.02],[-54.943,-16.026],[-54.943,-16.033],[-54.947,-16.035],[-54.94,-16.039],[-54.942,-16.044],[-54.937,-16.055],[-54.926,-16.055],[-54.924,-16.061],[-54.933,-16.069],[-54.933,-16.074],[-54.93,-16.077],[-54.939,-16.093],[-54.935,-16.103],[-54.937,-16.108],[-54.943,-16.108],[-54.946,-16.117],[-54.951,-16.119],[-54.969,-16.11],[-54.968,-16.107],[-54.977,-16.1],[-54.989,-16.105],[-54.997,-16.1],[-55.012,-16.098],[-55.02,-16.092],[-55.05,-16.098],[-55.068,-16.09],[-55.088,-16.089],[-55.093,-16.092],[-55.122,-16.097],[-55.136,-16.105],[-55.156,-16.13],[-55.165,-16.133],[-55.163,-16.14],[-55.167,-16.143],[-55.194,-16.15],[-55.199,-16.155],[-55.206,-16.152],[-55.207,-16.157],[-55.214,-16.158],[-55.215,-16.161],[-55.218,-16.162],[-55.222,-16.156],[-55.228,-16.155],[-55.234,-16.165],[-55.242,-16.166],[-55.271,-16.033],[-55.302,-15.896],[-55.301,-15.896],[-55.248,-15.775],[-55.245,-15.744],[-55.231,-15.732],[-55.215,-15.726],[-55.191,-15.705],[-55.181,-15.704],[-55.147,-15.69],[-55.133,-15.692],[-55.122,-15.68],[-55.12,-15.682],[-55.103,-15.67],[-55.09,-15.656],[-55.088,-15.625],[-55.083,-15.62],[-55.082,-15.606],[-55.075,-15.61],[-55.073,-15.603],[-55.067,-15.602]]]}},{"type":"Feature","properties":{"id":"5104906","nome":"Jangada"},"geometry":{"type":"Polygon","coordinates":[[[-56.446,-15.151],[-56.434,-15.16],[-56.419,-15.158],[-56.407,-15.163],[-56.404,-15.17],[-56.402,-15.193],[-56.386,-15.203],[-56.383,-15.207],[-56.4,-15.211],[-56.4,-15.214],[-56.397,-15.213],[-56.405,-15.221],[-56.411,-15.22],[-56.417,-15.211],[-56.423,-15.213],[-56.427,-15.218],[-56.425,-15.222],[-56.432,-15.225],[-56.441,-15.238],[-56.445,-15.258],[-56.45,-15.265],[-56.435,-15.286],[-56.435,-15.304],[-56.432,-15.314],[-56.423,-15.322],[-56.414,-15.355],[-56.39,-15.392],[-56.354,-15.412],[-56.37,-15.414],[-56.377,-15.409],[-56.395,-15.421],[-56.402,-15.435],[-56.411,-15.433],[-56.412,-15.436],[-56.417,-15.437],[-56.427,-15.434],[-56.443,-15.444],[-56.452,-15.446],[-56.464,-15.456],[-56.467,-15.468],[-56.484,-15.489],[-56.495,-15.497],[-56.502,-15.51],[-56.508,-15.51],[-56.516,-15.511],[-56.519,-15.516],[-56.533,-15.515],[-56.544,-15.524],[-56.557,-15.517],[-56.554,-15.501],[-56.559,-15.494],[-56.564,-15.492],[-56.562,-15.48],[-56.681,-15.477],[-56.67,-15.465],[-56.666,-15.451],[-56.661,-15.451],[-56.658,-15.444],[-56.649,-15.439],[-56.657,-15.43],[-56.665,-15.431],[-56.669,-15.425],[-56.676,-15.424],[-56.681,-15.428],[-56.686,-15.428],[-56.688,-15.419],[-56.696,-15.417],[-56.701,-15.407],[-56.708,-15.409],[-56.72,-15.4],[-56.722,-15.391],[-56.732,-15.382],[-56.735,-15.357],[-56.738,-15.354],[-56.744,-15.355],[-56.746,-15.347],[-56.754,-15.35],[-56.756,-15.342],[-56.733,-15.318],[-56.706,-15.281],[-56.693,-15.28],[-56.686,-15.284],[-56.666,-15.247],[-56.647,-15.238],[-56.631,-15.234],[-56.61,-15.24],[-56.595,-15.228],[-56.579,-15.203],[-56.574,-15.177],[-56.571,-15.168],[-56.555,-15.164],[-56.552,-15.149],[-56.546,-15.143],[-56.537,-15.137],[-56.523,-15.137],[-56.512,-15.135],[-56.498,-15.122],[-56.486,-15.118],[-56.472,-15.126],[-56.472,-15.132],[-56.462,-15.133],[-56.45,-15.143],[-56.446,-15.151]]]}},{"type":"Feature","properties":{"id":"5105002","nome":"Jauru"},"geometry":{"type":"Polygon","coordinates":[[[-58.743,-15.078],[-58.741,-15.093],[-58.733,-15.091],[-58.741,-15.099],[-58.739,-15.102],[-58.733,-15.108],[-58.729,-15.134],[-58.732,-15.145],[-58.728,-15.146],[-58.726,-15.154],[-58.722,-15.163],[-58.727,-15.174],[-58.73,-15.22],[-58.726,-15.249],[-58.716,-15.267],[-58.713,-15.289],[-58.707,-15.287],[-58.706,-15.297],[-58.7,-15.303],[-58.701,-15.31],[-58.696,-15.313],[-58.703,-15.325],[-58.717,-15.325],[-58.723,-15.315],[-58.748,-15.293],[-58.754,-15.309],[-58.733,-15.349],[-58.733,-15.362],[-58.74,-15.366],[-58.747,-15.359],[-58.761,-15.354],[-58.784,-15.374],[-58.79,-15.374],[-58.79,-15.38],[-58.785,-15.385],[-58.782,-15.412],[-58.777,-15.415],[-58.777,-15.433],[-58.786,-15.435],[-58.803,-15.43],[-58.797,-15.439],[-58.804,-15.444],[-58.789,-15.459],[-58.791,-15.463],[-58.816,-15.48],[-58.834,-15.484],[-58.847,-15.481],[-58.86,-15.466],[-58.865,-15.464],[-58.867,-15.477],[-58.865,-15.482],[-58.857,-15.484],[-58.86,-15.494],[-58.854,-15.5],[-58.858,-15.505],[-58.856,-15.517],[-58.86,-15.524],[-58.855,-15.534],[-58.863,-15.55],[-58.861,-15.555],[-58.864,-15.566],[-58.868,-15.568],[-58.858,-15.582],[-58.856,-15.589],[-58.845,-15.595],[-58.844,-15.598],[-58.848,-15.602],[-58.853,-15.598],[-58.88,-15.597],[-58.896,-15.593],[-58.917,-15.589],[-58.943,-15.574],[-58.958,-15.576],[-58.993,-15.567],[-59.007,-15.532],[-59.032,-15.521],[-59.043,-15.507],[-59.05,-15.491],[-59.065,-15.489],[-59.084,-15.481],[-59.092,-15.47],[-59.099,-15.453],[-59.094,-15.446],[-59.087,-15.447],[-59.062,-15.46],[-59.055,-15.456],[-59.051,-15.445],[-59.033,-15.44],[-59.027,-15.431],[-59.028,-15.421],[-59.022,-15.422],[-59.015,-15.418],[-59.014,-15.411],[-59.017,-15.398],[-59.009,-15.393],[-59.014,-15.376],[-59.0,-15.366],[-58.997,-15.36],[-58.987,-15.353],[-58.979,-15.353],[-58.973,-15.361],[-58.965,-15.36],[-58.943,-15.333],[-58.946,-15.327],[-58.954,-15.325],[-58.961,-15.313],[-58.968,-15.309],[-58.952,-15.298],[-58.943,-15.297],[-58.932,-15.279],[-58.916,-15.268],[-58.898,-15.227],[-58.9,-15.222],[-58.915,-15.21],[-58.93,-15.207],[-58.938,-15.21],[-58.952,-15.195],[-58.961,-15.195],[-58.959,-15.184],[-58.945,-15.18],[-58.923,-15.165],[-58.909,-15.168],[-58.898,-15.157],[-58.882,-15.157],[-58.876,-15.137],[-58.878,-15.128],[-58.871,-15.112],[-58.871,-15.103],[-58.876,-15.066],[-58.887,-15.047],[-58.875,-15.014],[-58.858,-15.004],[-58.722,-15.004],[-58.721,-15.004],[-58.728,-15.017],[-58.722,-15.021],[-58.723,-15.025],[-58.728,-15.03],[-58.736,-15.031],[-58.738,-15.037],[-58.752,-15.043],[-58.748,-15.059],[-58.745,-15.062],[-58.748,-15.07],[-58.741,-15.071],[-58.741,-15.075],[-58.746,-15.075],[-58.743,-15.078]]]}},{"type":"Feature","properties":{"id":"5105101","nome":"Juara"},"geometry":{"type":"Polygon","coordinates":[[[-57.55,-10.275],[-57.541,-10.276],[-57.525,-10.27],[-57.508,-10.273],[-57.497,-10.271],[-57.49,-10.264],[-57.48,-10.265],[-57.468,-10.257],[-57.454,-10.253],[-57.429,-10.266],[-57.421,-10.266],[-57.409,-10.273],[-57.388,-10.278],[-57.365,-10.28],[-57.353,-10.286],[-57.333,-10.277],[-57.312,-10.28],[-57.297,-10.271],[-57.275,-10.271],[-57.252,-10.285],[-57.24,-10.301],[-57.229,-10.293],[-57.212,-10.293],[-57.194,-10.302],[-57.182,-10.314],[-57.162,-10.325],[-57.158,-10.315],[-57.154,-10.312],[-57.126,-10.309],[-57.099,-10.316],[-57.091,-10.313],[-57.09,-10.308],[-57.076,-10.303],[-57.06,-10.311],[-57.051,-10.311],[-57.032,-10.3],[-56.996,-10.292],[-56.988,-10.293],[-56.964,-10.285],[-56.97,-10.313],[-56.957,-10.318],[-56.965,-10.322],[-56.979,-10.322],[-56.984,-10.327],[-56.978,-10.358],[-56.962,-10.362],[-56.947,-10.368],[-56.931,-10.367],[-56.925,-10.371],[-56.914,-10.369],[-56.862,-10.376],[-56.849,-10.374],[-56.827,-10.384],[-56.811,-10.384],[-56.803,-10.393],[-56.802,-10.412],[-56.787,-10.408],[-56.786,-10.425],[-56.771,-10.43],[-56.764,-10.428],[-56.759,-10.449],[-56.751,-10.461],[-56.742,-10.464],[-56.729,-10.475],[-56.716,-10.473],[-56.711,-10.489],[-56.716,-10.493],[-56.716,-10.498],[-56.731,-10.507],[-56.735,-10.517],[-56.748,-10.526],[-56.748,-10.54],[-56.759,-10.545],[-56.784,-10.575],[-56.787,-10.595],[-56.792,-10.598],[-56.788,-10.627],[-56.795,-10.644],[-56.794,-10.648],[-56.8,-10.659],[-56.797,-10.668],[-56.802,-10.674],[-56.804,-10.711],[-56.812,-10.719],[-56.817,-10.738],[-56.807,-10.769],[-56.8,-10.781],[-56.787,-10.791],[-56.776,-10.808],[-56.766,-10.817],[-56.754,-10.84],[-56.732,-10.864],[-56.733,-10.881],[-56.719,-10.892],[-56.717,-10.907],[-56.707,-10.925],[-56.698,-10.931],[-56.698,-10.957],[-56.697,-11.032],[-56.699,-11.031],[-56.724,-11.02],[-56.718,-11.044],[-56.733,-11.047],[-56.736,-11.043],[-56.732,-11.031],[-56.751,-11.012],[-56.756,-11.011],[-56.765,-11.02],[-56.771,-11.019],[-56.771,-11.004],[-56.782,-10.985],[-56.799,-10.983],[-56.812,-10.971],[-56.837,-10.975],[-56.847,-10.965],[-56.847,-10.949],[-56.867,-10.947],[-56.883,-10.957],[-56.896,-10.943],[-56.919,-10.957],[-56.919,-10.948],[-56.924,-10.943],[-56.947,-10.942],[-56.947,-10.947],[-56.933,-10.965],[-56.934,-10.975],[-56.949,-10.965],[-56.955,-10.966],[-56.963,-10.974],[-56.973,-10.975],[-56.986,-10.971],[-57.002,-10.983],[-57.01,-10.97],[-57.032,-10.973],[-57.038,-10.96],[-57.048,-10.956],[-57.052,-10.96],[-57.047,-10.984],[-57.053,-10.988],[-57.065,-10.985],[-57.072,-10.991],[-57.061,-11.002],[-57.067,-11.009],[-57.067,-11.015],[-57.049,-11.025],[-57.042,-11.044],[-57.035,-11.05],[-57.035,-11.058],[-57.025,-11.063],[-57.028,-11.072],[-57.023,-11.08],[-57.021,-11.097],[-57.014,-11.108],[-57.017,-11.12],[-57.012,-11.125],[-57.025,-11.15],[-57.043,-11.167],[-57.061,-11.178],[-57.072,-11.199],[-57.075,-11.213],[-57.073,-11.227],[-57.059,-11.251],[-57.068,-11.263],[-57.069,-11.271],[-57.082,-11.276],[-57.092,-11.286],[-57.092,-11.29],[-57.086,-11.294],[-57.088,-11.304],[-57.107,-11.306],[-57.137,-11.32],[-57.153,-11.318],[-57.16,-11.312],[-57.18,-11.317],[-57.194,-11.318],[-57.197,-11.315],[-57.201,-11.318],[-57.209,-11.312],[-57.213,-11.303],[-57.225,-11.308],[-57.234,-11.304],[-57.245,-11.292],[-57.255,-11.296],[-57.273,-11.289],[-57.276,-11.291],[-57.281,-11.288],[-57.285,-11.276],[-57.296,-11.269],[-57.305,-11.268],[-57.311,-11.277],[-57.323,-11.274],[-57.348,-11.274],[-57.351,-11.277],[-57.357,-11.276],[-57.364,-11.279],[-57.391,-11.283],[-57.4,-11.29],[-57.426,-11.297],[-57.437,-11.301],[-57.451,-11.296],[-57.455,-11.298],[-57.465,-11.291],[-57.474,-11.292],[-57.486,-11.3],[-57.493,-11.298],[-57.505,-11.31],[-57.547,-11.32],[-57.556,-11.328],[-57.556,-11.338],[-57.551,-11.363],[-57.536,-11.368],[-57.523,-11.364],[-57.513,-11.381],[-57.47,-11.415],[-57.477,-11.422],[-57.475,-11.427],[-57.454,-11.434],[-57.442,-11.442],[-57.439,-11.453],[-57.442,-11.462],[-57.438,-11.469],[-57.418,-11.479],[-57.407,-11.489],[-57.417,-11.526],[-57.424,-11.534],[-57.44,-11.551],[-57.444,-11.565],[-57.443,-11.576],[-57.431,-11.584],[-57.41,-11.576],[-57.4,-11.573],[-57.392,-11.576],[-57.391,-11.583],[-57.398,-11.59],[-57.416,-11.597],[-57.422,-11.607],[-57.418,-11.621],[-57.395,-11.627],[-57.392,-11.63],[-57.412,-11.655],[-57.403,-11.676],[-57.396,-11.682],[-57.401,-11.694],[-57.415,-11.704],[-57.418,-11.716],[-57.41,-11.727],[-57.416,-11.744],[-57.397,-11.792],[-57.396,-11.823],[-57.399,-11.839],[-57.404,-11.845],[-57.417,-11.85],[-57.434,-11.866],[-57.435,-11.881],[-57.43,-11.89],[-57.438,-11.909],[-57.433,-11.93],[-57.427,-11.939],[-57.425,-11.96],[-57.424,-11.976],[-57.429,-11.996],[-57.41,-12.018],[-57.409,-12.028],[-57.421,-12.052],[-57.421,-12.06],[-57.414,-12.072],[-57.411,-12.091],[-57.4,-12.1],[-57.464,-12.092],[-57.478,-12.085],[-57.5,-12.087],[-57.517,-12.084],[-57.536,-12.071],[-57.538,-12.064],[-57.544,-12.064],[-57.588,-12.084],[-57.596,-12.094],[-57.614,-12.101],[-57.615,-12.126],[-57.634,-12.137],[-57.652,-12.137],[-57.67,-12.152],[-57.679,-12.168],[-57.688,-12.175],[-57.701,-12.178],[-57.713,-12.187],[-57.724,-12.197],[-57.731,-12.209],[-57.738,-12.197],[-57.74,-12.181],[-57.748,-12.173],[-57.775,-12.171],[-57.784,-12.167],[-57.791,-12.15],[-57.803,-12.14],[-57.81,-12.139],[-57.828,-12.145],[-57.831,-12.141],[-57.832,-12.133],[-57.828,-12.125],[-57.835,-12.126],[-57.849,-12.114],[-57.872,-12.114],[-57.877,-12.097],[-57.877,-12.09],[-57.869,-12.08],[-57.869,-12.04],[-57.863,-12.021],[-57.866,-12.01],[-57.855,-11.997],[-57.856,-11.989],[-57.867,-11.984],[-57.878,-11.987],[-57.884,-11.985],[-57.889,-11.96],[-57.888,-11.954],[-57.88,-11.949],[-57.881,-11.941],[-57.89,-11.934],[-57.914,-11.929],[-57.914,-11.925],[-57.9,-11.921],[-57.9,-11.919],[-57.924,-11.906],[-57.919,-11.886],[-57.939,-11.873],[-57.957,-11.85],[-57.957,-11.828],[-57.967,-11.812],[-57.988,-11.796],[-58.003,-11.793],[-58.013,-11.786],[-58.041,-11.747],[-58.042,-11.738],[-58.034,-11.722],[-58.036,-11.716],[-58.05,-11.708],[-58.06,-11.706],[-58.066,-11.697],[-58.059,-11.68],[-58.055,-11.644],[-58.058,-11.636],[-58.07,-11.633],[-58.073,-11.629],[-58.065,-11.614],[-58.067,-11.605],[-58.09,-11.58],[-58.106,-11.577],[-58.115,-11.567],[-58.116,-11.55],[-58.125,-11.539],[-58.128,-11.527],[-58.134,-11.522],[-58.157,-11.521],[-58.169,-11.503],[-58.167,-11.497],[-58.138,-11.475],[-58.13,-11.465],[-58.131,-11.459],[-58.131,-11.454],[-58.145,-11.431],[-58.145,-11.422],[-58.141,-11.408],[-58.132,-11.397],[-58.13,-11.38],[-58.123,-11.37],[-58.122,-11.351],[-58.109,-11.344],[-58.117,-11.332],[-58.116,-11.294],[-58.124,-11.283],[-58.146,-11.28],[-58.172,-11.298],[-58.181,-11.298],[-58.186,-11.285],[-58.184,-11.278],[-58.186,-11.271],[-58.213,-11.258],[-58.223,-11.229],[-58.243,-11.203],[-58.262,-11.199],[-58.261,-11.185],[-58.264,-11.179],[-58.249,-11.156],[-58.236,-11.148],[-58.234,-11.143],[-58.236,-11.107],[-58.241,-11.09],[-58.238,-11.066],[-58.25,-11.058],[-58.261,-11.044],[-58.264,-11.025],[-58.28,-11.016],[-58.293,-11.022],[-58.298,-11.02],[-58.32,-10.984],[-58.319,-10.969],[-58.33,-10.963],[-58.342,-10.949],[-58.341,-10.925],[-58.335,-10.911],[-58.342,-10.902],[-58.345,-10.877],[-58.357,-10.862],[-58.354,-10.849],[-58.345,-10.834],[-58.333,-10.822],[-58.329,-10.794],[-58.353,-10.758],[-58.354,-10.757],[-58.371,-10.723],[-58.367,-10.698],[-58.374,-10.677],[-58.39,-10.649],[-58.383,-10.629],[-58.384,-10.621],[-58.388,-10.611],[-58.419,-10.568],[-58.411,-10.554],[-58.406,-10.535],[-58.38,-10.513],[-58.365,-10.493],[-58.345,-10.47],[-58.343,-10.464],[-58.347,-10.447],[-58.335,-10.426],[-58.336,-10.41],[-58.292,-10.453],[-58.278,-10.441],[-58.261,-10.437],[-58.254,-10.44],[-58.227,-10.42],[-58.204,-10.408],[-58.198,-10.408],[-58.165,-10.42],[-58.153,-10.413],[-58.131,-10.409],[-58.092,-10.391],[-58.069,-10.384],[-58.046,-10.384],[-58.037,-10.39],[-58.01,-10.396],[-58.008,-10.429],[-58.003,-10.433],[-57.94,-10.421],[-57.915,-10.404],[-57.903,-10.4],[-57.888,-10.405],[-57.849,-10.384],[-57.835,-10.387],[-57.787,-10.37],[-57.772,-10.375],[-57.742,-10.355],[-57.707,-10.351],[-57.684,-10.344],[-57.681,-10.34],[-57.68,-10.317],[-57.677,-10.313],[-57.67,-10.318],[-57.659,-10.303],[-57.657,-10.311],[-57.647,-10.314],[-57.633,-10.305],[-57.625,-10.307],[-57.603,-10.3],[-57.599,-10.285],[-57.604,-10.279],[-57.599,-10.274],[-57.599,-10.262],[-57.605,-10.254],[-57.603,-10.249],[-57.586,-10.249],[-57.579,-10.261],[-57.569,-10.266],[-57.556,-10.267],[-57.55,-10.275]]]}},{"type":"Feature","properties":{"id":"5105150","nome":"Ju\u00edna"},"geometry":{"type":"Polygon","coordinates":[[[-58.87,-10.683],[-58.869,-10.712],[-58.855,-10.712],[-58.838,-10.705],[-58.827,-10.711],[-58.832,-10.715],[-58.833,-10.725],[-58.84,-10.731],[-58.861,-10.731],[-58.869,-10.739],[-58.882,-10.741],[-58.894,-10.777],[-58.904,-10.789],[-58.858,-10.796],[-58.839,-10.791],[-58.828,-10.799],[-58.825,-10.811],[-58.832,-10.808],[-58.837,-10.813],[-58.858,-10.812],[-58.867,-10.836],[-58.878,-10.836],[-58.915,-10.859],[-58.934,-10.863],[-58.936,-10.879],[-58.944,-10.878],[-58.954,-10.862],[-58.97,-10.863],[-58.994,-10.872],[-58.997,-10.884],[-58.991,-10.889],[-58.989,-10.886],[-58.983,-10.887],[-58.98,-10.893],[-58.973,-10.896],[-58.958,-10.896],[-58.94,-10.913],[-58.931,-10.902],[-58.924,-10.907],[-58.926,-10.932],[-58.936,-10.943],[-58.934,-10.959],[-58.94,-10.967],[-58.949,-10.973],[-58.968,-10.965],[-58.943,-10.992],[-58.937,-10.99],[-58.931,-10.994],[-58.934,-11.004],[-58.927,-11.013],[-58.919,-11.004],[-58.911,-11.002],[-58.897,-11.006],[-58.887,-11.016],[-58.877,-11.013],[-58.862,-11.016],[-58.858,-11.023],[-58.861,-11.032],[-58.826,-11.039],[-58.813,-11.047],[-58.807,-11.057],[-58.817,-11.068],[-58.818,-11.079],[-58.837,-11.087],[-58.834,-11.094],[-58.84,-11.099],[-58.839,-11.103],[-58.842,-11.1],[-58.844,-11.106],[-58.853,-11.103],[-58.854,-11.107],[-58.868,-11.106],[-58.87,-11.112],[-58.892,-11.119],[-58.891,-11.136],[-58.9,-11.145],[-58.89,-11.158],[-58.88,-11.162],[-58.868,-11.176],[-58.858,-11.177],[-58.852,-11.198],[-58.776,-11.227],[-58.735,-11.235],[-58.701,-11.241],[-58.674,-11.246],[-58.648,-11.251],[-58.612,-11.259],[-58.529,-11.317],[-58.499,-11.339],[-58.487,-11.333],[-58.481,-11.339],[-58.474,-11.339],[-58.456,-11.331],[-58.456,-11.321],[-58.451,-11.314],[-58.43,-11.304],[-58.429,-11.29],[-58.428,-11.28],[-58.423,-11.271],[-58.402,-11.255],[-58.397,-11.244],[-58.384,-11.242],[-58.368,-11.246],[-58.365,-11.258],[-58.367,-11.27],[-58.364,-11.276],[-58.358,-11.278],[-58.344,-11.274],[-58.322,-11.285],[-58.333,-11.318],[-58.324,-11.331],[-58.327,-11.338],[-58.325,-11.348],[-58.331,-11.371],[-58.33,-11.411],[-58.326,-11.428],[-58.319,-11.439],[-58.309,-11.446],[-58.306,-11.453],[-58.309,-11.469],[-58.319,-11.475],[-58.321,-11.481],[-58.32,-11.497],[-58.327,-11.515],[-58.343,-11.521],[-58.364,-11.538],[-58.375,-11.543],[-58.374,-11.563],[-58.378,-11.576],[-58.38,-11.611],[-58.407,-11.62],[-58.412,-11.635],[-58.406,-11.655],[-58.397,-11.662],[-58.386,-11.71],[-58.387,-11.754],[-58.383,-11.776],[-58.388,-11.798],[-58.395,-11.803],[-58.395,-11.817],[-58.401,-11.825],[-58.408,-11.826],[-58.415,-11.833],[-58.425,-11.859],[-58.428,-11.915],[-58.441,-11.923],[-58.444,-11.92],[-58.457,-11.919],[-58.463,-11.928],[-58.47,-11.932],[-58.497,-11.94],[-58.507,-11.946],[-58.529,-11.992],[-58.536,-11.998],[-58.541,-11.995],[-58.547,-11.986],[-58.554,-11.987],[-58.548,-12.006],[-58.558,-12.014],[-58.566,-12.013],[-58.568,-12.008],[-58.574,-12.007],[-58.583,-12.015],[-58.586,-12.034],[-58.598,-12.033],[-58.602,-12.043],[-58.61,-12.048],[-58.623,-12.045],[-58.637,-12.05],[-58.66,-12.051],[-58.681,-12.09],[-58.689,-12.093],[-58.693,-12.084],[-58.695,-12.085],[-58.697,-12.096],[-58.706,-12.113],[-58.719,-12.121],[-58.726,-12.13],[-58.734,-12.134],[-58.751,-12.133],[-58.754,-12.137],[-58.785,-12.153],[-58.788,-12.164],[-58.793,-12.164],[-58.797,-12.171],[-58.823,-12.181],[-58.839,-12.201],[-58.863,-12.203],[-58.867,-12.207],[-58.87,-12.209],[-58.891,-12.209],[-58.907,-12.214],[-58.915,-12.211],[-58.94,-12.221],[-58.963,-12.22],[-58.974,-12.23],[-58.997,-12.237],[-59.008,-12.232],[-59.012,-12.239],[-59.029,-12.245],[-59.031,-12.251],[-59.035,-12.247],[-59.041,-12.252],[-59.045,-12.251],[-59.049,-12.259],[-59.053,-12.255],[-59.062,-12.269],[-59.067,-12.268],[-59.075,-12.28],[-59.082,-12.283],[-59.092,-12.297],[-59.114,-12.307],[-59.108,-12.316],[-59.113,-12.315],[-59.126,-12.338],[-59.128,-12.352],[-59.138,-12.352],[-59.143,-12.357],[-59.165,-12.365],[-59.174,-12.363],[-59.181,-12.356],[-59.183,-12.355],[-59.188,-12.349],[-59.194,-12.331],[-59.211,-12.314],[-59.214,-12.315],[-59.218,-12.309],[-59.226,-12.308],[-59.228,-12.303],[-59.243,-12.306],[-59.259,-12.303],[-59.272,-12.288],[-59.304,-12.282],[-59.312,-12.285],[-59.331,-12.279],[-59.349,-12.279],[-59.366,-12.287],[-59.388,-12.282],[-59.405,-12.289],[-59.415,-12.284],[-59.451,-12.287],[-59.455,-12.284],[-59.467,-12.288],[-59.482,-12.287],[-59.495,-12.296],[-59.52,-12.296],[-59.521,-12.299],[-59.539,-12.295],[-59.557,-12.298],[-59.571,-12.306],[-59.584,-12.3],[-59.586,-12.303],[-59.59,-12.302],[-59.596,-12.313],[-59.619,-12.309],[-59.627,-12.302],[-59.647,-12.307],[-59.651,-12.312],[-59.661,-12.307],[-59.669,-12.313],[-59.69,-12.317],[-59.705,-12.308],[-59.716,-12.316],[-59.73,-12.328],[-59.732,-12.324],[-59.757,-12.329],[-59.774,-12.341],[-59.886,-12.245],[-59.892,-12.245],[-59.893,-12.232],[-59.901,-12.223],[-59.901,-12.215],[-59.908,-12.194],[-59.91,-12.186],[-59.9,-12.17],[-59.899,-12.117],[-59.915,-12.098],[-59.923,-12.093],[-59.929,-12.078],[-59.947,-12.065],[-59.951,-12.065],[-59.956,-12.056],[-59.961,-12.056],[-59.961,-12.05],[-59.965,-12.046],[-59.969,-12.032],[-59.979,-12.029],[-59.974,-12.015],[-59.966,-12.007],[-59.97,-11.997],[-59.979,-11.991],[-59.97,-11.989],[-59.969,-11.982],[-59.974,-11.976],[-59.971,-11.97],[-59.986,-11.96],[-59.98,-11.946],[-59.988,-11.929],[-59.983,-11.92],[-59.985,-11.912],[-59.995,-11.909],[-60.006,-11.894],[-60.012,-11.893],[-60.024,-11.897],[-60.029,-11.895],[-60.033,-11.898],[-60.042,-11.892],[-60.047,-11.897],[-60.06,-11.895],[-60.073,-11.884],[-60.076,-11.885],[-60.074,-11.879],[-60.078,-11.87],[-60.085,-11.867],[-60.079,-11.862],[-60.083,-11.858],[-60.088,-11.862],[-60.091,-11.861],[-60.089,-11.855],[-60.092,-11.853],[-60.096,-11.858],[-60.093,-11.849],[-60.098,-11.845],[-60.097,-11.839],[-60.101,-11.835],[-60.108,-11.839],[-60.102,-11.832],[-60.099,-11.83],[-60.103,-11.819],[-60.095,-11.818],[-60.101,-11.814],[-60.098,-11.803],[-60.104,-11.802],[-60.1,-11.798],[-60.096,-11.801],[-60.096,-11.795],[-60.108,-11.793],[-60.102,-11.79],[-60.105,-11.782],[-60.101,-11.78],[-60.104,-11.778],[-60.109,-11.78],[-60.108,-11.775],[-60.102,-11.772],[-60.107,-11.77],[-60.105,-11.763],[-60.111,-11.763],[-60.112,-11.759],[-60.107,-11.749],[-60.111,-11.748],[-60.116,-11.729],[-60.112,-11.722],[-60.121,-11.712],[-60.116,-11.706],[-60.118,-11.702],[-60.117,-11.689],[-60.122,-11.682],[-60.118,-11.68],[-60.118,-11.672],[-60.115,-11.669],[-60.117,-11.643],[-60.111,-11.643],[-60.114,-11.635],[-60.111,-11.62],[-60.115,-11.619],[-60.109,-11.615],[-60.114,-11.603],[-60.11,-11.595],[-60.114,-11.591],[-60.11,-11.582],[-60.094,-11.585],[-60.101,-11.577],[-60.091,-11.576],[-60.099,-11.57],[-60.098,-11.567],[-60.087,-11.568],[-60.094,-11.562],[-60.09,-11.554],[-60.086,-11.561],[-60.078,-11.556],[-60.079,-11.552],[-60.057,-11.542],[-60.053,-11.533],[-60.041,-11.516],[-60.026,-11.505],[-60.031,-11.503],[-60.031,-11.497],[-60.031,-11.493],[-60.027,-11.496],[-60.017,-11.496],[-60.015,-11.488],[-60.007,-11.486],[-60.002,-11.478],[-59.985,-11.469],[-59.976,-11.439],[-59.952,-11.436],[-59.944,-11.432],[-59.942,-11.422],[-59.934,-11.423],[-59.925,-11.415],[-59.927,-11.412],[-59.92,-11.398],[-59.922,-11.394],[-59.919,-11.381],[-59.925,-11.361],[-59.922,-11.355],[-59.924,-11.352],[-59.917,-11.346],[-59.917,-11.338],[-59.927,-11.31],[-59.95,-11.304],[-59.959,-11.294],[-59.96,-11.277],[-59.968,-11.266],[-59.967,-11.253],[-59.982,-11.233],[-59.984,-11.215],[-59.981,-11.203],[-59.976,-11.203],[-59.975,-11.198],[-59.967,-11.197],[-59.964,-11.189],[-59.969,-11.185],[-59.971,-11.18],[-59.98,-11.179],[-59.987,-11.171],[-59.988,-11.161],[-59.995,-11.157],[-59.997,-11.151],[-59.995,-11.148],[-59.984,-11.147],[-59.989,-11.138],[-59.979,-11.139],[-59.976,-11.122],[-59.983,-11.116],[-59.986,-11.114],[-59.991,-11.123],[-59.995,-11.125],[-60.013,-11.122],[-60.015,-11.116],[-60.019,-11.129],[-60.03,-11.128],[-60.037,-11.117],[-60.044,-11.124],[-60.066,-11.125],[-60.075,-11.105],[-60.084,-11.096],[-60.089,-11.1],[-60.089,-11.109],[-60.096,-11.11],[-60.104,-11.109],[-60.112,-11.102],[-60.12,-11.106],[-60.13,-11.1],[-60.142,-11.105],[-60.148,-11.099],[-60.152,-11.1],[-60.159,-11.095],[-60.177,-11.099],[-60.188,-11.108],[-60.187,-11.111],[-60.198,-11.114],[-60.207,-11.111],[-60.21,-11.106],[-60.227,-11.105],[-60.238,-11.095],[-60.248,-11.096],[-60.265,-11.093],[-60.27,-11.098],[-60.28,-11.091],[-60.278,-11.079],[-60.282,-11.064],[-60.291,-11.065],[-60.301,-11.057],[-60.309,-11.064],[-60.317,-11.065],[-60.334,-11.082],[-60.348,-11.074],[-60.341,-11.082],[-60.346,-11.099],[-60.344,-11.104],[-60.347,-11.109],[-60.37,-11.099],[-60.373,-11.094],[-60.383,-11.096],[-60.391,-11.093],[-60.395,-11.08],[-60.404,-11.069],[-60.408,-11.071],[-60.414,-11.067],[-60.411,-11.046],[-60.414,-11.043],[-60.429,-11.037],[-60.435,-11.041],[-60.446,-11.042],[-60.437,-11.016],[-60.441,-11.016],[-60.45,-11.008],[-60.452,-10.993],[-60.46,-10.989],[-60.464,-10.982],[-60.461,-10.975],[-60.443,-10.954],[-60.435,-10.932],[-60.451,-10.909],[-60.437,-10.898],[-60.428,-10.879],[-60.41,-10.871],[-60.404,-10.853],[-60.4,-10.852],[-60.391,-10.862],[-60.376,-10.864],[-60.369,-10.873],[-60.362,-10.875],[-60.36,-10.896],[-60.339,-10.9],[-60.327,-10.913],[-60.32,-10.909],[-60.306,-10.916],[-60.297,-10.912],[-60.292,-10.917],[-60.278,-10.915],[-60.255,-10.92],[-60.248,-10.915],[-60.24,-10.92],[-60.167,-10.897],[-60.16,-10.902],[-60.146,-10.896],[-60.135,-10.881],[-60.092,-10.88],[-60.054,-10.869],[-60.048,-10.864],[-60.043,-10.865],[-60.034,-10.861],[-60.026,-10.848],[-60.0,-10.843],[-59.996,-10.834],[-59.977,-10.836],[-59.978,-10.826],[-59.971,-10.822],[-59.965,-10.822],[-59.958,-10.829],[-59.952,-10.828],[-59.939,-10.84],[-59.933,-10.839],[-59.934,-10.844],[-59.914,-10.843],[-59.909,-10.849],[-59.898,-10.849],[-59.883,-10.857],[-59.873,-10.851],[-59.862,-10.851],[-59.852,-10.851],[-59.844,-10.836],[-59.832,-10.832],[-59.831,-10.825],[-59.824,-10.821],[-59.81,-10.825],[-59.805,-10.818],[-59.786,-10.82],[-59.786,-10.816],[-59.767,-10.813],[-59.763,-10.804],[-59.737,-10.801],[-59.732,-10.803],[-59.729,-10.8],[-59.721,-10.803],[-59.714,-10.796],[-59.712,-10.802],[-59.7,-10.796],[-59.701,-10.8],[-59.693,-10.8],[-59.693,-10.794],[-59.686,-10.787],[-59.677,-10.786],[-59.669,-10.778],[-59.671,-10.771],[-59.666,-10.765],[-59.671,-10.75],[-59.667,-10.749],[-59.666,-10.752],[-59.659,-10.749],[-59.658,-10.742],[-59.649,-10.738],[-59.644,-10.741],[-59.638,-10.737],[-59.624,-10.741],[-59.612,-10.734],[-59.597,-10.737],[-59.588,-10.731],[-59.56,-10.738],[-59.549,-10.731],[-59.543,-10.732],[-59.541,-10.727],[-59.513,-10.728],[-59.518,-10.734],[-59.516,-10.737],[-59.494,-10.744],[-59.489,-10.742],[-59.481,-10.726],[-59.463,-10.716],[-59.455,-10.719],[-59.441,-10.738],[-59.427,-10.741],[-59.42,-10.749],[-59.416,-10.741],[-59.404,-10.743],[-59.391,-10.74],[-59.389,-10.748],[-59.395,-10.75],[-59.396,-10.756],[-59.391,-10.757],[-59.383,-10.771],[-59.379,-10.771],[-59.383,-10.776],[-59.38,-10.781],[-59.372,-10.784],[-59.372,-10.789],[-59.359,-10.79],[-59.365,-10.793],[-59.363,-10.8],[-59.347,-10.794],[-59.348,-10.801],[-59.338,-10.8],[-59.335,-10.805],[-59.33,-10.799],[-59.327,-10.802],[-59.325,-10.796],[-59.322,-10.798],[-59.325,-10.813],[-59.307,-10.815],[-59.304,-10.811],[-59.295,-10.815],[-59.271,-10.813],[-59.267,-10.809],[-59.257,-10.81],[-59.251,-10.813],[-59.229,-10.797],[-59.228,-10.799],[-59.22,-10.796],[-59.217,-10.79],[-59.214,-10.79],[-59.209,-10.793],[-59.198,-10.788],[-59.194,-10.794],[-59.165,-10.802],[-59.162,-10.809],[-59.154,-10.803],[-59.158,-10.806],[-59.151,-10.807],[-59.148,-10.804],[-59.136,-10.81],[-59.122,-10.808],[-59.119,-10.812],[-59.109,-10.808],[-59.103,-10.801],[-59.083,-10.799],[-59.075,-10.793],[-59.075,-10.787],[-59.073,-10.789],[-59.071,-10.782],[-59.064,-10.781],[-59.056,-10.773],[-59.048,-10.771],[-59.035,-10.772],[-59.01,-10.781],[-58.996,-10.783],[-58.989,-10.781],[-58.989,-10.769],[-58.976,-10.765],[-58.974,-10.761],[-58.966,-10.761],[-58.951,-10.754],[-58.945,-10.747],[-58.94,-10.727],[-58.921,-10.736],[-58.911,-10.738],[-58.902,-10.734],[-58.891,-10.709],[-58.878,-10.698],[-58.87,-10.683]]]}},{"type":"Feature","properties":{"id":"5105176","nome":"Juruena"},"geometry":{"type":"Polygon","coordinates":[[[-58.419,-10.568],[-58.43,-10.573],[-58.434,-10.568],[-58.435,-10.572],[-58.443,-10.574],[-58.443,-10.569],[-58.447,-10.569],[-58.446,-10.576],[-58.451,-10.576],[-58.452,-10.582],[-58.457,-10.581],[-58.458,-10.588],[-58.461,-10.588],[-58.46,-10.596],[-58.468,-10.604],[-58.475,-10.602],[-58.475,-10.607],[-58.479,-10.608],[-58.481,-10.613],[-58.487,-10.613],[-58.492,-10.624],[-58.511,-10.627],[-58.516,-10.632],[-58.517,-10.626],[-58.521,-10.633],[-58.529,-10.634],[-58.531,-10.628],[-58.539,-10.626],[-58.537,-10.623],[-58.552,-10.619],[-58.571,-10.626],[-58.575,-10.621],[-58.578,-10.63],[-58.586,-10.628],[-58.589,-10.633],[-58.598,-10.631],[-58.604,-10.638],[-58.609,-10.636],[-58.611,-10.635],[-58.611,-10.641],[-58.618,-10.634],[-58.625,-10.642],[-58.629,-10.641],[-58.636,-10.647],[-58.642,-10.647],[-58.646,-10.661],[-58.658,-10.664],[-58.66,-10.661],[-58.672,-10.661],[-58.671,-10.665],[-58.684,-10.663],[-58.707,-10.644],[-58.737,-10.611],[-58.745,-10.586],[-58.77,-10.535],[-58.787,-10.511],[-58.818,-10.49],[-58.847,-10.462],[-58.878,-10.451],[-58.868,-10.43],[-58.878,-10.418],[-58.875,-10.402],[-58.881,-10.399],[-58.88,-10.39],[-58.868,-10.379],[-58.858,-10.376],[-58.844,-10.361],[-58.836,-10.343],[-58.838,-10.333],[-58.832,-10.324],[-58.818,-10.309],[-58.814,-10.299],[-58.81,-10.299],[-58.805,-10.287],[-58.795,-10.281],[-58.801,-10.27],[-58.81,-10.265],[-58.818,-10.253],[-58.819,-10.243],[-58.825,-10.235],[-58.827,-10.204],[-58.831,-10.199],[-58.839,-10.198],[-58.843,-10.188],[-58.839,-10.168],[-58.828,-10.162],[-58.829,-10.155],[-58.841,-10.155],[-58.839,-10.149],[-58.848,-10.143],[-58.844,-10.137],[-58.84,-10.136],[-58.842,-10.13],[-58.839,-10.12],[-58.508,-10.123],[-58.321,-10.125],[-58.322,-10.152],[-58.314,-10.17],[-58.317,-10.184],[-58.327,-10.203],[-58.341,-10.222],[-58.358,-10.268],[-58.346,-10.316],[-58.348,-10.359],[-58.339,-10.374],[-58.337,-10.386],[-58.34,-10.402],[-58.336,-10.41],[-58.335,-10.426],[-58.347,-10.447],[-58.343,-10.464],[-58.345,-10.47],[-58.365,-10.493],[-58.38,-10.513],[-58.406,-10.535],[-58.411,-10.554],[-58.419,-10.568]]]}},{"type":"Feature","properties":{"id":"5105200","nome":"Juscimeira"},"geometry":{"type":"Polygon","coordinates":[[[-54.463,-15.917],[-54.471,-15.982],[-54.478,-16.043],[-54.48,-16.07],[-54.501,-16.075],[-54.518,-16.084],[-54.533,-16.083],[-54.566,-16.106],[-54.579,-16.108],[-54.595,-16.12],[-54.632,-16.128],[-54.646,-16.138],[-54.655,-16.134],[-54.661,-16.144],[-54.676,-16.15],[-54.684,-16.16],[-54.688,-16.159],[-54.694,-16.172],[-54.704,-16.171],[-54.71,-16.165],[-54.718,-16.165],[-54.724,-16.168],[-54.724,-16.171],[-54.734,-16.179],[-54.739,-16.178],[-54.738,-16.183],[-54.747,-16.186],[-54.748,-16.189],[-54.751,-16.187],[-54.755,-16.193],[-54.775,-16.197],[-54.78,-16.203],[-54.786,-16.204],[-54.795,-16.21],[-54.803,-16.236],[-54.822,-16.254],[-54.825,-16.263],[-54.832,-16.261],[-54.832,-16.264],[-54.844,-16.264],[-54.845,-16.27],[-54.85,-16.268],[-54.857,-16.271],[-54.854,-16.275],[-54.862,-16.276],[-54.881,-16.266],[-54.88,-16.269],[-54.886,-16.271],[-54.896,-16.269],[-54.899,-16.272],[-54.906,-16.268],[-54.909,-16.272],[-54.912,-16.281],[-54.908,-16.286],[-54.908,-16.298],[-54.912,-16.302],[-54.911,-16.308],[-54.924,-16.309],[-54.922,-16.313],[-54.928,-16.316],[-54.931,-16.324],[-54.939,-16.327],[-54.939,-16.33],[-54.935,-16.34],[-54.941,-16.343],[-54.943,-16.355],[-54.934,-16.372],[-54.935,-16.383],[-54.938,-16.385],[-54.936,-16.392],[-54.941,-16.39],[-54.944,-16.404],[-54.948,-16.403],[-54.952,-16.409],[-54.956,-16.405],[-54.961,-16.415],[-54.957,-16.417],[-54.969,-16.423],[-54.969,-16.438],[-54.975,-16.441],[-54.977,-16.455],[-54.969,-16.459],[-54.973,-16.463],[-54.971,-16.471],[-54.971,-16.472],[-54.98,-16.478],[-54.991,-16.478],[-54.991,-16.481],[-54.982,-16.489],[-54.982,-16.494],[-54.987,-16.496],[-54.997,-16.49],[-55.001,-16.494],[-54.995,-16.506],[-55.003,-16.505],[-55.009,-16.513],[-55.016,-16.514],[-55.021,-16.49],[-55.03,-16.482],[-55.033,-16.465],[-55.047,-16.45],[-55.096,-16.439],[-55.115,-16.449],[-55.149,-16.445],[-55.183,-16.432],[-55.187,-16.413],[-55.19,-16.398],[-55.242,-16.166],[-55.234,-16.165],[-55.228,-16.155],[-55.222,-16.156],[-55.218,-16.162],[-55.215,-16.161],[-55.214,-16.158],[-55.207,-16.157],[-55.206,-16.152],[-55.199,-16.155],[-55.194,-16.15],[-55.167,-16.143],[-55.163,-16.14],[-55.165,-16.133],[-55.156,-16.13],[-55.136,-16.105],[-55.122,-16.097],[-55.093,-16.092],[-55.088,-16.089],[-55.068,-16.09],[-55.05,-16.098],[-55.02,-16.092],[-55.012,-16.098],[-54.997,-16.1],[-54.989,-16.105],[-54.977,-16.1],[-54.968,-16.107],[-54.969,-16.11],[-54.951,-16.119],[-54.946,-16.117],[-54.943,-16.108],[-54.937,-16.108],[-54.935,-16.103],[-54.939,-16.093],[-54.93,-16.077],[-54.933,-16.074],[-54.933,-16.069],[-54.924,-16.061],[-54.926,-16.055],[-54.916,-16.052],[-54.915,-16.054],[-54.909,-16.049],[-54.911,-16.035],[-54.916,-16.03],[-54.904,-16.018],[-54.896,-16.006],[-54.891,-16.001],[-54.882,-16.007],[-54.871,-16.007],[-54.867,-16.014],[-54.863,-16.017],[-54.861,-16.009],[-54.85,-16.002],[-54.836,-16.01],[-54.819,-16.009],[-54.802,-16.002],[-54.793,-16.001],[-54.783,-15.995],[-54.699,-15.988],[-54.606,-15.98],[-54.602,-15.973],[-54.597,-15.976],[-54.595,-15.97],[-54.587,-15.966],[-54.583,-15.959],[-54.587,-15.953],[-54.581,-15.934],[-54.569,-15.933],[-54.564,-15.93],[-54.566,-15.925],[-54.561,-15.912],[-54.572,-15.883],[-54.463,-15.917]]]}},{"type":"Feature","properties":{"id":"5105234","nome":"Lambari D'Oeste"},"geometry":{"type":"Polygon","coordinates":[[[-57.685,-15.145],[-57.679,-15.15],[-57.676,-15.145],[-57.668,-15.147],[-57.643,-15.16],[-57.638,-15.155],[-57.637,-15.161],[-57.626,-15.172],[-57.599,-15.293],[-57.598,-15.302],[-57.603,-15.326],[-57.577,-15.383],[-57.572,-15.404],[-57.553,-15.431],[-57.524,-15.454],[-57.512,-15.48],[-57.712,-15.453],[-57.707,-15.468],[-57.699,-15.48],[-57.7,-15.505],[-57.708,-15.519],[-57.694,-15.55],[-57.695,-15.567],[-57.702,-15.579],[-57.697,-15.603],[-57.702,-15.609],[-57.708,-15.633],[-57.712,-15.647],[-57.705,-15.668],[-57.706,-15.696],[-57.702,-15.699],[-57.709,-15.709],[-57.698,-15.712],[-57.703,-15.719],[-57.709,-15.719],[-57.716,-15.726],[-57.722,-15.728],[-57.739,-15.712],[-57.748,-15.687],[-57.759,-15.681],[-57.795,-15.762],[-57.802,-15.763],[-57.798,-15.758],[-57.802,-15.759],[-57.801,-15.755],[-57.806,-15.757],[-57.806,-15.752],[-57.809,-15.752],[-57.808,-15.745],[-57.811,-15.741],[-57.807,-15.736],[-57.809,-15.726],[-57.807,-15.724],[-57.812,-15.718],[-57.808,-15.712],[-57.811,-15.708],[-57.809,-15.704],[-57.812,-15.704],[-57.808,-15.702],[-57.807,-15.693],[-57.811,-15.684],[-57.809,-15.682],[-57.805,-15.685],[-57.808,-15.673],[-57.802,-15.671],[-57.8,-15.663],[-57.804,-15.656],[-57.798,-15.657],[-57.801,-15.649],[-57.798,-15.648],[-57.796,-15.653],[-57.796,-15.649],[-57.792,-15.647],[-57.791,-15.651],[-57.785,-15.65],[-57.783,-15.635],[-57.787,-15.636],[-57.788,-15.632],[-57.793,-15.631],[-57.795,-15.616],[-57.8,-15.616],[-57.797,-15.61],[-57.807,-15.613],[-57.807,-15.61],[-57.814,-15.61],[-57.817,-15.605],[-57.815,-15.595],[-57.819,-15.597],[-57.821,-15.591],[-57.828,-15.587],[-57.831,-15.584],[-57.827,-15.585],[-57.828,-15.581],[-57.825,-15.582],[-57.825,-15.574],[-57.823,-15.576],[-57.822,-15.572],[-57.82,-15.574],[-57.819,-15.569],[-57.822,-15.566],[-57.823,-15.569],[-57.829,-15.556],[-57.831,-15.557],[-57.837,-15.548],[-57.841,-15.551],[-57.844,-15.543],[-57.848,-15.543],[-57.834,-15.533],[-57.831,-15.523],[-57.831,-15.51],[-57.838,-15.495],[-57.84,-15.494],[-57.854,-15.497],[-57.873,-15.483],[-57.886,-15.481],[-57.888,-15.485],[-57.892,-15.47],[-57.893,-15.469],[-57.892,-15.458],[-57.907,-15.452],[-57.911,-15.442],[-57.924,-15.434],[-57.922,-15.43],[-57.931,-15.426],[-57.933,-15.429],[-57.942,-15.428],[-57.945,-15.426],[-57.955,-15.433],[-57.966,-15.432],[-57.971,-15.425],[-57.968,-15.418],[-57.973,-15.413],[-57.965,-15.403],[-57.966,-15.394],[-57.978,-15.386],[-57.981,-15.389],[-57.984,-15.384],[-57.989,-15.386],[-57.986,-15.373],[-58.001,-15.372],[-58.018,-15.358],[-58.033,-15.358],[-58.036,-15.355],[-58.04,-15.359],[-58.05,-15.36],[-58.052,-15.368],[-58.06,-15.367],[-58.07,-15.377],[-58.076,-15.372],[-58.081,-15.375],[-58.084,-15.389],[-58.093,-15.399],[-58.107,-15.411],[-58.116,-15.412],[-58.116,-15.407],[-58.102,-15.4],[-58.096,-15.393],[-58.09,-15.382],[-58.088,-15.362],[-58.078,-15.34],[-58.062,-15.315],[-58.044,-15.304],[-58.046,-15.297],[-58.04,-15.287],[-58.028,-15.284],[-58.025,-15.27],[-58.02,-15.268],[-58.016,-15.258],[-57.947,-15.232],[-57.933,-15.237],[-57.91,-15.225],[-57.876,-15.212],[-57.835,-15.197],[-57.822,-15.14],[-57.742,-15.146],[-57.703,-15.138],[-57.694,-15.131],[-57.677,-15.134],[-57.685,-15.145]]]}},{"type":"Feature","properties":{"id":"5105259","nome":"Lucas do Rio Verde"},"geometry":{"type":"Polygon","coordinates":[[[-56.092,-12.683],[-56.082,-12.693],[-56.075,-12.685],[-56.083,-12.684],[-56.074,-12.677],[-56.063,-12.684],[-56.054,-12.686],[-56.049,-12.694],[-56.054,-12.7],[-56.052,-12.703],[-56.041,-12.698],[-56.038,-12.704],[-56.04,-12.714],[-56.034,-12.725],[-56.035,-12.734],[-56.023,-12.735],[-56.022,-12.738],[-56.031,-12.743],[-56.032,-12.757],[-56.039,-12.775],[-56.036,-12.777],[-56.03,-12.766],[-56.024,-12.765],[-56.019,-12.772],[-56.016,-12.768],[-56.013,-12.769],[-56.01,-12.775],[-56.011,-12.792],[-55.995,-12.795],[-56.0,-12.807],[-55.999,-12.815],[-55.991,-12.819],[-56.0,-12.83],[-56.0,-12.836],[-55.993,-12.838],[-55.994,-12.849],[-55.985,-12.85],[-55.984,-12.853],[-55.989,-12.858],[-55.992,-12.87],[-55.998,-12.872],[-55.993,-12.873],[-55.974,-12.886],[-55.974,-12.892],[-55.981,-12.897],[-55.978,-12.9],[-55.967,-12.897],[-55.962,-12.9],[-55.959,-12.906],[-55.962,-12.91],[-55.96,-12.917],[-55.955,-12.912],[-55.947,-12.916],[-55.948,-12.929],[-55.937,-12.937],[-55.938,-12.946],[-55.931,-12.96],[-55.923,-12.967],[-55.919,-12.99],[-55.914,-12.992],[-55.913,-12.997],[-55.905,-13.006],[-55.908,-13.051],[-55.903,-13.05],[-55.901,-13.044],[-55.897,-13.046],[-55.893,-13.042],[-55.889,-13.05],[-55.894,-13.053],[-55.894,-13.058],[-55.89,-13.055],[-55.89,-13.06],[-55.885,-13.065],[-55.888,-13.076],[-55.884,-13.078],[-55.879,-13.072],[-55.874,-13.078],[-55.876,-13.084],[-55.893,-13.079],[-55.889,-13.085],[-55.893,-13.092],[-55.888,-13.101],[-55.896,-13.102],[-55.893,-13.109],[-55.888,-13.108],[-55.884,-13.113],[-55.886,-13.128],[-55.88,-13.128],[-55.889,-13.142],[-55.883,-13.148],[-55.879,-13.161],[-55.884,-13.167],[-55.89,-13.189],[-55.896,-13.19],[-55.878,-13.213],[-55.876,-13.222],[-55.884,-13.234],[-55.875,-13.242],[-55.884,-13.252],[-55.878,-13.256],[-55.881,-13.264],[-55.886,-13.265],[-55.888,-13.273],[-55.896,-13.278],[-55.901,-13.276],[-55.907,-13.283],[-55.912,-13.3],[-55.92,-13.302],[-55.925,-13.306],[-55.93,-13.306],[-55.933,-13.31],[-55.958,-13.323],[-55.968,-13.332],[-55.966,-13.341],[-55.963,-13.341],[-55.973,-13.358],[-55.966,-13.36],[-55.965,-13.364],[-55.967,-13.365],[-55.961,-13.369],[-55.964,-13.372],[-55.961,-13.377],[-55.965,-13.387],[-55.963,-13.389],[-55.974,-13.413],[-55.975,-13.454],[-55.987,-13.457],[-56.001,-13.445],[-56.023,-13.447],[-56.045,-13.431],[-56.051,-13.433],[-56.062,-13.453],[-56.082,-13.452],[-56.107,-13.451],[-56.11,-13.437],[-56.103,-13.42],[-56.102,-13.412],[-56.112,-13.406],[-56.132,-13.406],[-56.143,-13.395],[-56.152,-13.392],[-56.164,-13.392],[-56.185,-13.356],[-56.192,-13.348],[-56.195,-13.335],[-56.204,-13.325],[-56.197,-13.316],[-56.199,-13.308],[-56.208,-13.3],[-56.211,-13.292],[-56.226,-13.284],[-56.225,-13.28],[-56.233,-13.278],[-56.23,-13.274],[-56.234,-13.261],[-56.231,-13.254],[-56.241,-13.251],[-56.246,-13.24],[-56.251,-13.241],[-56.249,-13.235],[-56.258,-13.235],[-56.259,-13.228],[-56.27,-13.222],[-56.27,-13.217],[-56.283,-13.213],[-56.279,-13.206],[-56.282,-13.204],[-56.282,-13.198],[-56.293,-13.193],[-56.295,-13.18],[-56.291,-13.179],[-56.294,-13.173],[-56.304,-13.17],[-56.302,-13.164],[-56.323,-13.139],[-56.321,-13.135],[-56.33,-13.125],[-56.339,-13.122],[-56.344,-13.112],[-56.357,-13.109],[-56.362,-13.112],[-56.369,-13.11],[-56.371,-13.114],[-56.388,-13.113],[-56.391,-13.107],[-56.404,-13.102],[-56.408,-13.096],[-56.422,-13.093],[-56.42,-13.087],[-56.423,-13.089],[-56.427,-13.083],[-56.429,-13.086],[-56.435,-13.07],[-56.441,-13.064],[-56.442,-13.057],[-56.447,-13.056],[-56.458,-13.046],[-56.467,-13.047],[-56.483,-13.039],[-56.497,-13.042],[-56.503,-13.034],[-56.521,-13.026],[-56.548,-13.034],[-56.56,-13.034],[-56.589,-13.029],[-56.595,-13.021],[-56.61,-13.02],[-56.625,-13.007],[-56.642,-12.998],[-56.652,-12.987],[-56.658,-12.987],[-56.659,-12.982],[-56.639,-12.968],[-56.633,-12.962],[-56.597,-12.954],[-56.594,-12.95],[-56.582,-12.95],[-56.566,-12.945],[-56.548,-12.946],[-56.542,-12.931],[-56.53,-12.922],[-56.521,-12.907],[-56.524,-12.898],[-56.514,-12.898],[-56.432,-12.895],[-56.412,-12.899],[-56.41,-12.894],[-56.405,-12.888],[-56.39,-12.889],[-56.378,-12.88],[-56.376,-12.86],[-56.37,-12.844],[-56.34,-12.811],[-56.336,-12.78],[-56.323,-12.769],[-56.301,-12.76],[-56.305,-12.747],[-56.284,-12.716],[-56.267,-12.702],[-56.25,-12.702],[-56.242,-12.695],[-56.229,-12.69],[-56.212,-12.697],[-56.203,-12.696],[-56.204,-12.693],[-56.194,-12.688],[-56.188,-12.691],[-56.179,-12.689],[-56.173,-12.676],[-56.165,-12.671],[-56.155,-12.653],[-56.138,-12.651],[-56.136,-12.646],[-56.124,-12.644],[-56.117,-12.638],[-56.114,-12.643],[-56.104,-12.647],[-56.105,-12.654],[-56.094,-12.655],[-56.088,-12.663],[-56.094,-12.671],[-56.092,-12.683]]]}},{"type":"Feature","properties":{"id":"5105309","nome":"Luciara"},"geometry":{"type":"Polygon","coordinates":[[[-50.698,-10.652],[-50.7,-10.657],[-50.695,-10.658],[-50.702,-10.669],[-50.699,-10.675],[-50.687,-10.67],[-50.685,-10.676],[-50.679,-10.675],[-50.674,-10.678],[-50.659,-10.671],[-50.657,-10.685],[-50.638,-10.687],[-50.633,-10.685],[-50.63,-10.676],[-50.622,-10.676],[-50.617,-10.671],[-50.62,-10.663],[-50.617,-10.658],[-50.603,-10.66],[-50.602,-10.673],[-50.587,-10.686],[-50.585,-10.704],[-50.576,-10.719],[-50.577,-10.733],[-50.57,-10.752],[-50.59,-10.786],[-50.591,-10.8],[-50.597,-10.804],[-50.607,-10.804],[-50.612,-10.81],[-50.611,-10.821],[-50.622,-10.839],[-50.619,-10.864],[-50.604,-10.872],[-50.599,-10.884],[-50.6,-10.9],[-50.622,-10.918],[-50.632,-10.936],[-50.62,-10.968],[-50.624,-10.983],[-50.617,-11.002],[-50.617,-11.032],[-50.611,-11.043],[-50.609,-11.067],[-50.617,-11.085],[-50.637,-11.1],[-50.643,-11.123],[-50.647,-11.126],[-50.658,-11.128],[-50.664,-11.154],[-50.659,-11.187],[-50.661,-11.203],[-50.654,-11.218],[-50.656,-11.24],[-50.67,-11.284],[-50.679,-11.295],[-50.696,-11.304],[-50.698,-11.31],[-50.723,-11.305],[-50.857,-11.279],[-51.076,-11.236],[-51.356,-11.181],[-51.509,-11.151],[-51.509,-11.134],[-51.498,-11.132],[-51.501,-11.128],[-51.489,-11.116],[-51.49,-11.111],[-51.484,-11.111],[-51.473,-11.089],[-51.466,-11.087],[-51.463,-11.081],[-51.455,-11.083],[-51.454,-11.074],[-51.442,-11.066],[-51.442,-11.057],[-51.435,-11.059],[-51.43,-11.054],[-51.419,-11.052],[-51.417,-11.045],[-51.411,-11.049],[-51.407,-11.046],[-51.401,-11.039],[-51.403,-11.033],[-51.397,-11.024],[-51.392,-11.019],[-51.394,-11.015],[-51.391,-11.011],[-51.382,-11.015],[-51.372,-11.011],[-51.37,-11.015],[-51.361,-11.016],[-51.36,-11.005],[-51.351,-11.006],[-51.351,-11.0],[-51.346,-10.998],[-51.337,-11.002],[-51.334,-10.997],[-51.339,-10.989],[-51.336,-10.98],[-51.342,-10.976],[-51.341,-10.973],[-51.337,-10.973],[-51.327,-10.983],[-51.327,-11.0],[-51.331,-11.005],[-51.323,-11.018],[-51.317,-11.018],[-51.305,-11.007],[-51.275,-11.004],[-51.262,-10.993],[-51.263,-10.985],[-51.252,-10.98],[-51.243,-10.981],[-51.238,-10.971],[-51.231,-10.966],[-51.229,-10.958],[-51.232,-10.951],[-51.229,-10.946],[-51.217,-10.946],[-51.209,-10.942],[-51.203,-10.944],[-51.2,-10.939],[-51.201,-10.932],[-51.193,-10.921],[-51.197,-10.917],[-51.195,-10.912],[-51.189,-10.912],[-51.188,-10.921],[-51.184,-10.919],[-51.164,-10.928],[-51.146,-10.918],[-51.135,-10.896],[-51.121,-10.901],[-51.115,-10.897],[-51.112,-10.887],[-51.107,-10.887],[-51.103,-10.882],[-51.101,-10.887],[-51.096,-10.886],[-51.092,-10.877],[-51.088,-10.88],[-51.087,-10.884],[-51.071,-10.882],[-51.064,-10.865],[-51.067,-10.864],[-51.065,-10.857],[-51.056,-10.854],[-51.055,-10.847],[-51.062,-10.845],[-51.063,-10.84],[-51.058,-10.834],[-51.045,-10.832],[-51.043,-10.835],[-51.035,-10.828],[-51.037,-10.816],[-51.028,-10.815],[-51.028,-10.812],[-51.033,-10.804],[-51.03,-10.802],[-51.026,-10.805],[-51.027,-10.795],[-51.033,-10.796],[-51.029,-10.784],[-51.007,-10.78],[-51.004,-10.762],[-51.0,-10.762],[-50.991,-10.774],[-50.971,-10.775],[-50.967,-10.761],[-50.961,-10.755],[-50.915,-10.742],[-50.914,-10.728],[-50.909,-10.73],[-50.901,-10.727],[-50.901,-10.724],[-50.896,-10.722],[-50.898,-10.715],[-50.893,-10.713],[-50.869,-10.708],[-50.865,-10.712],[-50.864,-10.707],[-50.855,-10.704],[-50.841,-10.711],[-50.833,-10.71],[-50.831,-10.705],[-50.834,-10.699],[-50.841,-10.697],[-50.839,-10.705],[-50.842,-10.707],[-50.845,-10.705],[-50.847,-10.7],[-50.843,-10.691],[-50.825,-10.687],[-50.824,-10.676],[-50.818,-10.671],[-50.819,-10.665],[-50.799,-10.654],[-50.785,-10.648],[-50.767,-10.647],[-50.757,-10.651],[-50.729,-10.654],[-50.721,-10.646],[-50.713,-10.647],[-50.698,-10.652]]]}},{"type":"Feature","properties":{"id":"5105507","nome":"Vila Bela da Sant\u00edssima Trindade"},"geometry":{"type":"Polygon","coordinates":[[[-60.382,-13.992],[-60.375,-14.016],[-60.363,-14.01],[-60.358,-14.017],[-60.349,-14.009],[-60.346,-14.021],[-60.338,-14.019],[-60.338,-14.03],[-60.327,-14.035],[-60.317,-14.066],[-60.313,-14.061],[-60.309,-14.061],[-60.308,-14.063],[-60.313,-14.068],[-60.294,-14.074],[-60.302,-14.084],[-60.287,-14.095],[-60.289,-14.103],[-60.281,-14.109],[-60.285,-14.129],[-60.271,-14.139],[-60.27,-14.147],[-60.281,-14.152],[-60.28,-14.157],[-60.274,-14.156],[-60.271,-14.161],[-60.262,-14.162],[-60.265,-14.173],[-60.254,-14.168],[-60.247,-14.169],[-60.245,-14.173],[-60.248,-14.185],[-60.235,-14.187],[-60.239,-14.194],[-60.237,-14.201],[-60.233,-14.197],[-60.229,-14.199],[-60.236,-14.213],[-60.228,-14.223],[-60.235,-14.221],[-60.236,-14.224],[-60.228,-14.229],[-60.227,-14.224],[-60.221,-14.225],[-60.224,-14.239],[-60.231,-14.244],[-60.224,-14.253],[-60.231,-14.265],[-60.219,-14.268],[-60.212,-14.263],[-60.214,-14.276],[-60.204,-14.28],[-60.197,-14.278],[-60.196,-14.29],[-60.192,-14.293],[-60.2,-14.294],[-60.196,-14.3],[-60.19,-14.302],[-60.194,-14.311],[-60.189,-14.314],[-60.19,-14.32],[-60.182,-14.322],[-60.177,-14.314],[-60.171,-14.317],[-60.173,-14.336],[-60.17,-14.344],[-60.161,-14.353],[-60.165,-14.379],[-60.157,-14.381],[-60.151,-14.374],[-60.143,-14.378],[-60.142,-14.386],[-60.131,-14.39],[-60.135,-14.394],[-60.136,-14.406],[-60.131,-14.41],[-60.126,-14.408],[-60.123,-14.41],[-60.128,-14.413],[-60.129,-14.422],[-60.12,-14.42],[-60.113,-14.425],[-60.112,-14.429],[-60.09,-14.425],[-60.071,-14.43],[-60.055,-14.416],[-60.046,-14.418],[-60.012,-14.409],[-60.001,-14.413],[-59.989,-14.423],[-59.977,-14.426],[-59.969,-14.449],[-59.945,-14.475],[-59.932,-14.484],[-59.894,-14.499],[-59.884,-14.498],[-59.872,-14.492],[-59.866,-14.493],[-59.857,-14.507],[-59.844,-14.514],[-59.843,-14.529],[-59.84,-14.534],[-59.804,-14.556],[-59.801,-14.562],[-59.795,-14.575],[-59.798,-14.59],[-59.777,-14.61],[-59.772,-14.621],[-59.773,-14.641],[-59.73,-14.663],[-59.708,-14.692],[-59.682,-14.716],[-59.672,-14.731],[-59.663,-14.744],[-59.679,-14.765],[-59.678,-14.777],[-59.653,-14.805],[-59.632,-14.809],[-59.583,-14.82],[-59.446,-14.959],[-59.45,-14.96],[-59.453,-14.968],[-59.468,-14.975],[-59.479,-14.984],[-59.485,-14.977],[-59.497,-14.972],[-59.507,-14.962],[-59.521,-14.965],[-59.526,-14.962],[-59.536,-14.962],[-59.545,-14.965],[-59.547,-14.972],[-59.563,-14.977],[-59.567,-14.983],[-59.575,-14.977],[-59.601,-14.973],[-59.604,-14.977],[-59.583,-15.007],[-59.569,-15.018],[-59.536,-15.059],[-59.512,-15.094],[-59.508,-15.106],[-59.509,-15.121],[-59.495,-15.135],[-59.487,-15.157],[-59.444,-15.225],[-59.44,-15.228],[-59.433,-15.226],[-59.434,-15.228],[-59.484,-15.422],[-59.489,-15.441],[-59.734,-15.499],[-60.013,-15.562],[-60.023,-15.569],[-60.03,-15.582],[-60.032,-15.593],[-60.029,-15.599],[-60.041,-15.618],[-60.047,-15.637],[-60.044,-15.663],[-60.038,-15.669],[-60.041,-15.678],[-60.03,-15.685],[-60.031,-15.698],[-60.023,-15.709],[-60.023,-15.719],[-60.01,-15.724],[-60.003,-15.733],[-60.002,-15.743],[-60.009,-15.757],[-60.012,-15.78],[-59.999,-15.799],[-59.993,-15.803],[-59.986,-15.803],[-59.98,-15.809],[-59.97,-15.837],[-59.977,-15.851],[-59.977,-15.862],[-59.97,-15.863],[-59.961,-15.871],[-59.953,-15.871],[-59.95,-15.887],[-59.953,-15.889],[-59.954,-15.899],[-59.949,-15.908],[-59.943,-15.911],[-59.948,-15.926],[-59.937,-15.932],[-59.936,-15.942],[-59.941,-15.947],[-59.936,-15.955],[-59.937,-15.97],[-59.931,-15.966],[-59.921,-15.98],[-59.915,-15.977],[-59.913,-15.985],[-59.888,-15.983],[-59.875,-15.979],[-59.872,-15.973],[-59.846,-15.967],[-59.836,-15.958],[-59.832,-15.953],[-59.825,-15.955],[-59.823,-15.958],[-59.816,-15.969],[-59.816,-15.978],[-59.801,-15.991],[-59.796,-16.005],[-59.798,-16.019],[-59.792,-16.023],[-59.793,-16.027],[-59.786,-16.027],[-59.762,-16.047],[-59.758,-16.058],[-59.762,-16.07],[-59.76,-16.085],[-59.74,-16.086],[-59.736,-16.094],[-59.713,-16.11],[-59.707,-16.126],[-59.703,-16.125],[-59.699,-16.13],[-59.689,-16.133],[-59.681,-16.145],[-59.681,-16.15],[-59.667,-16.163],[-59.637,-16.16],[-59.628,-16.169],[-59.596,-16.178],[-59.589,-16.187],[-59.584,-16.186],[-59.576,-16.195],[-59.569,-16.194],[-59.563,-16.199],[-59.56,-16.197],[-59.563,-16.19],[-59.557,-16.177],[-59.555,-16.18],[-59.541,-16.177],[-59.539,-16.179],[-59.522,-16.172],[-59.512,-16.171],[-59.502,-16.154],[-59.471,-16.147],[-59.489,-16.174],[-59.459,-16.203],[-59.464,-16.225],[-59.457,-16.237],[-59.449,-16.242],[-59.452,-16.264],[-59.468,-16.274],[-59.47,-16.279],[-59.775,-16.273],[-60.171,-16.265],[-60.198,-15.948],[-60.203,-15.885],[-60.238,-15.473],[-60.564,-15.108],[-60.5,-15.096],[-60.244,-15.096],[-60.246,-15.063],[-60.259,-14.836],[-60.272,-14.62],[-60.293,-14.625],[-60.321,-14.608],[-60.326,-14.579],[-60.331,-14.567],[-60.326,-14.562],[-60.333,-14.555],[-60.336,-14.537],[-60.343,-14.533],[-60.336,-14.53],[-60.342,-14.523],[-60.338,-14.511],[-60.346,-14.505],[-60.349,-14.496],[-60.366,-14.487],[-60.367,-14.483],[-60.362,-14.486],[-60.36,-14.484],[-60.362,-14.47],[-60.378,-14.463],[-60.378,-14.455],[-60.381,-14.454],[-60.384,-14.439],[-60.39,-14.434],[-60.396,-14.436],[-60.4,-14.431],[-60.394,-14.43],[-60.398,-14.425],[-60.394,-14.423],[-60.396,-14.419],[-60.401,-14.423],[-60.401,-14.415],[-60.406,-14.413],[-60.399,-14.405],[-60.403,-14.401],[-60.4,-14.39],[-60.405,-14.386],[-60.401,-14.381],[-60.396,-14.388],[-60.393,-14.379],[-60.397,-14.377],[-60.395,-14.364],[-60.402,-14.367],[-60.405,-14.364],[-60.409,-14.368],[-60.411,-14.363],[-60.406,-14.356],[-60.409,-14.355],[-60.413,-14.359],[-60.414,-14.349],[-60.419,-14.348],[-60.42,-14.354],[-60.422,-14.353],[-60.427,-14.346],[-60.425,-14.342],[-60.434,-14.335],[-60.44,-14.32],[-60.453,-14.314],[-60.45,-14.307],[-60.457,-14.304],[-60.456,-14.292],[-60.462,-14.28],[-60.46,-14.273],[-60.465,-14.264],[-60.46,-14.257],[-60.449,-14.251],[-60.449,-14.241],[-60.464,-14.234],[-60.461,-14.224],[-60.47,-14.214],[-60.467,-14.204],[-60.471,-14.192],[-60.484,-14.193],[-60.492,-14.188],[-60.488,-14.182],[-60.488,-14.171],[-60.482,-14.163],[-60.475,-14.16],[-60.473,-14.151],[-60.482,-14.134],[-60.473,-14.128],[-60.484,-14.117],[-60.473,-14.109],[-60.479,-14.097],[-60.47,-14.089],[-60.465,-14.095],[-60.447,-14.085],[-60.427,-14.062],[-60.429,-14.06],[-60.426,-14.049],[-60.406,-14.03],[-60.407,-14.023],[-60.4,-14.01],[-60.403,-13.999],[-60.398,-13.995],[-60.395,-13.997],[-60.394,-13.993],[-60.382,-13.992]]]}},{"type":"Feature","properties":{"id":"5105580","nome":"Marcel\u00e2ndia"},"geometry":{"type":"Polygon","coordinates":[[[-54.225,-10.438],[-54.219,-10.444],[-54.216,-10.439],[-54.201,-10.444],[-54.181,-10.436],[-54.178,-10.44],[-54.153,-10.449],[-54.107,-10.452],[-54.094,-10.447],[-54.082,-10.448],[-54.041,-10.494],[-53.976,-10.515],[-53.943,-10.546],[-53.922,-10.565],[-53.861,-10.562],[-53.824,-10.546],[-53.786,-10.539],[-53.742,-10.541],[-53.665,-10.515],[-53.636,-10.524],[-53.433,-10.599],[-53.316,-10.643],[-53.126,-10.773],[-53.098,-10.777],[-53.098,-10.778],[-53.101,-10.791],[-53.111,-10.812],[-53.121,-10.823],[-53.123,-10.834],[-53.134,-10.848],[-53.159,-10.857],[-53.189,-10.858],[-53.218,-10.863],[-53.237,-10.871],[-53.245,-10.887],[-53.251,-10.894],[-53.263,-10.9],[-53.293,-10.923],[-53.308,-10.944],[-53.317,-10.958],[-53.322,-10.959],[-53.337,-10.989],[-53.34,-11.004],[-53.323,-11.009],[-53.319,-11.015],[-53.322,-11.02],[-53.35,-11.027],[-53.361,-11.024],[-53.37,-11.016],[-53.373,-11.021],[-53.368,-11.04],[-53.381,-11.055],[-53.391,-11.057],[-53.416,-11.051],[-53.424,-11.049],[-53.431,-11.052],[-53.436,-11.048],[-53.444,-11.054],[-53.46,-11.051],[-53.474,-11.057],[-53.487,-11.055],[-53.495,-11.074],[-53.518,-11.096],[-53.522,-11.095],[-53.522,-11.088],[-53.527,-11.082],[-53.537,-11.081],[-53.546,-11.087],[-53.56,-11.085],[-53.582,-11.105],[-53.59,-11.118],[-53.598,-11.123],[-53.605,-11.122],[-53.61,-11.121],[-53.624,-11.127],[-53.63,-11.125],[-53.624,-11.132],[-53.634,-11.139],[-53.641,-11.14],[-53.646,-11.151],[-53.654,-11.152],[-53.66,-11.142],[-53.675,-11.149],[-53.675,-11.155],[-53.683,-11.158],[-53.679,-11.163],[-53.682,-11.165],[-53.678,-11.17],[-53.684,-11.176],[-53.68,-11.177],[-53.681,-11.181],[-53.685,-11.181],[-53.688,-11.186],[-53.7,-11.189],[-53.713,-11.177],[-53.717,-11.184],[-53.71,-11.19],[-53.709,-11.196],[-53.714,-11.204],[-53.721,-11.201],[-53.727,-11.203],[-53.724,-11.207],[-53.725,-11.214],[-53.732,-11.22],[-53.741,-11.209],[-53.753,-11.212],[-53.75,-11.215],[-53.753,-11.219],[-53.748,-11.234],[-53.756,-11.242],[-53.763,-11.241],[-53.766,-11.244],[-53.767,-11.25],[-53.759,-11.254],[-53.771,-11.26],[-53.777,-11.268],[-53.775,-11.276],[-53.78,-11.29],[-53.791,-11.288],[-53.793,-11.285],[-53.788,-11.272],[-53.797,-11.274],[-53.802,-11.271],[-53.799,-11.269],[-53.801,-11.267],[-53.816,-11.267],[-53.819,-11.262],[-53.826,-11.261],[-53.827,-11.255],[-53.837,-11.258],[-53.846,-11.252],[-53.852,-11.258],[-53.853,-11.255],[-53.85,-11.252],[-53.865,-11.247],[-53.868,-11.25],[-53.871,-11.244],[-53.878,-11.247],[-53.885,-11.241],[-53.889,-11.244],[-53.89,-11.241],[-53.899,-11.245],[-53.903,-11.243],[-53.904,-11.239],[-53.906,-11.244],[-53.911,-11.24],[-53.913,-11.245],[-53.918,-11.242],[-53.919,-11.246],[-53.923,-11.245],[-53.921,-11.242],[-53.938,-11.246],[-53.947,-11.242],[-53.953,-11.251],[-53.959,-11.249],[-53.96,-11.253],[-53.963,-11.251],[-53.968,-11.252],[-53.964,-11.253],[-53.966,-11.257],[-53.985,-11.248],[-53.998,-11.253],[-54.001,-11.251],[-54.001,-11.254],[-54.006,-11.251],[-54.012,-11.255],[-54.017,-11.248],[-54.025,-11.258],[-54.029,-11.256],[-54.042,-11.265],[-54.044,-11.262],[-54.051,-11.266],[-54.052,-11.264],[-54.053,-11.27],[-54.055,-11.267],[-54.057,-11.271],[-54.064,-11.27],[-54.066,-11.275],[-54.067,-11.272],[-54.076,-11.283],[-54.084,-11.285],[-54.085,-11.282],[-54.093,-11.286],[-54.112,-11.284],[-54.118,-11.288],[-54.119,-11.294],[-54.124,-11.292],[-54.127,-11.297],[-54.126,-11.294],[-54.128,-11.294],[-54.129,-11.3],[-54.132,-11.301],[-54.147,-11.294],[-54.166,-11.292],[-54.186,-11.298],[-54.191,-11.301],[-54.203,-11.321],[-54.225,-11.327],[-54.244,-11.337],[-54.249,-11.345],[-54.266,-11.352],[-54.269,-11.358],[-54.277,-11.358],[-54.302,-11.369],[-54.317,-11.354],[-54.336,-11.354],[-54.348,-11.345],[-54.364,-11.32],[-54.369,-11.325],[-54.393,-11.324],[-54.422,-11.309],[-54.422,-11.327],[-54.431,-11.334],[-54.433,-11.344],[-54.447,-11.365],[-54.47,-11.381],[-54.476,-11.396],[-54.491,-11.401],[-54.511,-11.415],[-54.55,-11.354],[-54.554,-11.337],[-54.543,-11.314],[-54.543,-11.302],[-54.559,-11.281],[-54.556,-11.26],[-54.566,-11.239],[-54.566,-11.222],[-54.578,-11.209],[-54.584,-11.19],[-54.594,-11.184],[-54.599,-11.188],[-54.602,-11.182],[-54.607,-11.182],[-54.623,-11.178],[-54.637,-11.164],[-54.641,-11.151],[-54.661,-11.128],[-54.711,-11.094],[-54.751,-11.07],[-54.764,-11.046],[-54.789,-11.035],[-54.849,-11.001],[-54.893,-10.968],[-54.86,-10.951],[-54.856,-10.922],[-54.844,-10.914],[-54.835,-10.9],[-54.825,-10.894],[-54.807,-10.892],[-54.781,-10.867],[-54.781,-10.85],[-54.77,-10.84],[-54.771,-10.829],[-54.765,-10.823],[-54.762,-10.813],[-54.751,-10.807],[-54.75,-10.793],[-54.755,-10.785],[-54.753,-10.777],[-54.733,-10.766],[-54.73,-10.75],[-54.718,-10.734],[-54.722,-10.719],[-54.697,-10.702],[-54.69,-10.703],[-54.68,-10.692],[-54.669,-10.691],[-54.665,-10.683],[-54.654,-10.682],[-54.653,-10.675],[-54.647,-10.674],[-54.637,-10.661],[-54.629,-10.655],[-54.631,-10.627],[-54.619,-10.624],[-54.616,-10.621],[-54.622,-10.617],[-54.611,-10.613],[-54.61,-10.606],[-54.617,-10.599],[-54.605,-10.59],[-54.602,-10.59],[-54.604,-10.602],[-54.6,-10.608],[-54.592,-10.6],[-54.583,-10.606],[-54.581,-10.602],[-54.585,-10.6],[-54.584,-10.595],[-54.576,-10.597],[-54.578,-10.6],[-54.569,-10.593],[-54.568,-10.599],[-54.563,-10.601],[-54.56,-10.599],[-54.553,-10.606],[-54.535,-10.594],[-54.533,-10.589],[-54.535,-10.58],[-54.524,-10.57],[-54.519,-10.571],[-54.504,-10.564],[-54.492,-10.568],[-54.485,-10.564],[-54.482,-10.566],[-54.461,-10.551],[-54.445,-10.552],[-54.442,-10.544],[-54.437,-10.545],[-54.43,-10.539],[-54.429,-10.542],[-54.422,-10.534],[-54.409,-10.511],[-54.413,-10.506],[-54.399,-10.501],[-54.398,-10.494],[-54.388,-10.487],[-54.378,-10.471],[-54.351,-10.456],[-54.342,-10.456],[-54.34,-10.453],[-54.333,-10.459],[-54.326,-10.455],[-54.326,-10.457],[-54.313,-10.456],[-54.304,-10.46],[-54.301,-10.454],[-54.289,-10.455],[-54.281,-10.448],[-54.271,-10.446],[-54.264,-10.44],[-54.265,-10.437],[-54.254,-10.441],[-54.246,-10.433],[-54.225,-10.438]]]}},{"type":"Feature","properties":{"id":"5105606","nome":"Matup\u00e1"},"geometry":{"type":"Polygon","coordinates":[[[-54.106,-9.572],[-53.915,-9.586],[-53.84,-9.592],[-53.588,-9.611],[-53.586,-9.62],[-53.593,-9.617],[-53.609,-9.625],[-53.607,-9.636],[-53.604,-9.632],[-53.601,-9.638],[-53.601,-9.653],[-53.61,-9.661],[-53.619,-9.657],[-53.626,-9.658],[-53.635,-9.665],[-53.631,-9.658],[-53.637,-9.662],[-53.638,-9.659],[-53.642,-9.658],[-53.648,-9.665],[-53.648,-9.671],[-53.656,-9.68],[-53.677,-9.678],[-53.681,-9.686],[-53.68,-9.691],[-53.689,-9.693],[-53.693,-9.689],[-53.696,-9.694],[-53.708,-9.695],[-53.715,-9.707],[-53.72,-9.701],[-53.726,-9.703],[-53.726,-9.699],[-53.734,-9.698],[-53.731,-9.703],[-53.735,-9.711],[-53.737,-9.707],[-53.747,-9.712],[-53.756,-9.708],[-53.76,-9.71],[-53.762,-9.715],[-53.767,-9.716],[-53.763,-9.72],[-53.767,-9.726],[-53.753,-9.726],[-53.752,-9.73],[-53.756,-9.731],[-53.747,-9.736],[-53.748,-9.743],[-53.763,-9.748],[-53.763,-9.766],[-53.77,-9.763],[-53.782,-9.767],[-53.779,-9.777],[-53.788,-9.777],[-53.788,-9.782],[-53.793,-9.78],[-53.798,-9.785],[-53.797,-9.787],[-53.793,-9.785],[-53.789,-9.787],[-53.789,-9.797],[-53.796,-9.792],[-53.799,-9.804],[-53.811,-9.792],[-53.815,-9.794],[-53.822,-9.789],[-53.825,-9.796],[-53.835,-9.79],[-53.838,-9.798],[-53.834,-9.804],[-53.839,-9.806],[-53.841,-9.816],[-53.846,-9.815],[-53.838,-9.826],[-53.841,-9.844],[-53.846,-9.841],[-53.848,-9.844],[-53.853,-9.844],[-53.864,-9.839],[-53.875,-9.845],[-53.885,-9.841],[-53.888,-9.844],[-53.891,-9.848],[-53.901,-9.847],[-53.901,-9.854],[-53.906,-9.856],[-53.911,-9.849],[-53.916,-9.851],[-53.92,-9.848],[-53.943,-9.85],[-53.95,-9.869],[-53.947,-9.876],[-53.954,-9.876],[-53.959,-9.886],[-53.965,-9.885],[-53.974,-9.888],[-53.984,-9.897],[-53.978,-9.903],[-53.983,-9.911],[-53.983,-9.925],[-53.988,-9.936],[-53.999,-9.94],[-54.001,-9.958],[-54.006,-9.965],[-54.005,-9.975],[-54.02,-9.99],[-54.029,-9.984],[-54.034,-9.99],[-54.041,-9.989],[-54.043,-9.993],[-54.046,-9.991],[-54.048,-9.995],[-54.055,-9.996],[-54.058,-10.002],[-54.056,-10.008],[-54.061,-10.022],[-54.066,-10.025],[-54.074,-10.043],[-54.087,-10.054],[-54.087,-10.065],[-54.093,-10.077],[-54.113,-10.094],[-54.108,-10.103],[-54.111,-10.114],[-54.128,-10.143],[-54.134,-10.16],[-54.145,-10.17],[-54.146,-10.208],[-54.151,-10.223],[-54.146,-10.228],[-54.142,-10.226],[-53.974,-10.283],[-53.986,-10.283],[-54.003,-10.275],[-54.017,-10.275],[-54.028,-10.279],[-54.032,-10.286],[-54.04,-10.29],[-54.049,-10.276],[-54.076,-10.263],[-54.078,-10.252],[-54.082,-10.25],[-54.099,-10.252],[-54.114,-10.243],[-54.126,-10.242],[-54.127,-10.245],[-54.141,-10.238],[-54.153,-10.24],[-54.159,-10.246],[-54.174,-10.244],[-54.183,-10.254],[-54.193,-10.256],[-54.211,-10.253],[-54.211,-10.246],[-54.216,-10.247],[-54.22,-10.242],[-54.244,-10.257],[-54.249,-10.256],[-54.252,-10.253],[-54.262,-10.253],[-54.264,-10.246],[-54.277,-10.242],[-54.29,-10.247],[-54.301,-10.263],[-54.317,-10.265],[-54.33,-10.285],[-54.33,-10.28],[-54.341,-10.282],[-54.347,-10.296],[-54.349,-10.295],[-54.358,-10.307],[-54.356,-10.311],[-54.359,-10.313],[-54.363,-10.326],[-54.368,-10.325],[-54.377,-10.332],[-54.381,-10.326],[-54.394,-10.329],[-54.396,-10.33],[-54.398,-10.325],[-54.403,-10.329],[-54.418,-10.323],[-54.434,-10.324],[-54.439,-10.334],[-54.446,-10.337],[-54.448,-10.345],[-54.451,-10.345],[-54.451,-10.34],[-54.454,-10.339],[-54.457,-10.34],[-54.457,-10.346],[-54.461,-10.345],[-54.46,-10.34],[-54.463,-10.338],[-54.466,-10.341],[-54.463,-10.343],[-54.475,-10.346],[-54.485,-10.354],[-54.487,-10.362],[-54.496,-10.361],[-54.495,-10.365],[-54.491,-10.366],[-54.494,-10.369],[-54.492,-10.375],[-54.502,-10.376],[-54.504,-10.383],[-54.505,-10.381],[-54.522,-10.388],[-54.527,-10.388],[-54.544,-10.372],[-54.623,-10.363],[-54.655,-10.354],[-54.859,-10.238],[-54.9,-10.231],[-54.909,-10.241],[-54.906,-10.247],[-54.909,-10.254],[-54.926,-10.229],[-54.932,-10.223],[-54.94,-10.223],[-54.95,-10.21],[-54.96,-10.214],[-54.965,-10.221],[-54.969,-10.219],[-54.969,-10.209],[-54.98,-10.197],[-54.985,-10.168],[-54.978,-10.153],[-54.977,-10.14],[-54.982,-10.136],[-54.995,-10.134],[-55.002,-10.136],[-55.008,-10.142],[-55.003,-10.151],[-55.008,-10.163],[-55.027,-10.168],[-55.038,-10.153],[-55.033,-10.143],[-55.035,-10.13],[-55.054,-10.126],[-55.075,-10.148],[-55.068,-10.162],[-55.071,-10.165],[-55.076,-10.166],[-55.079,-10.157],[-55.102,-10.153],[-55.107,-10.155],[-55.109,-10.162],[-55.108,-10.166],[-55.097,-10.173],[-55.098,-10.181],[-55.112,-10.18],[-55.124,-10.173],[-55.133,-10.174],[-55.136,-10.186],[-55.148,-10.197],[-55.143,-10.206],[-55.124,-10.202],[-55.115,-10.207],[-55.134,-10.209],[-55.147,-10.223],[-55.165,-10.217],[-55.173,-10.21],[-55.184,-10.213],[-55.205,-10.206],[-55.207,-10.211],[-55.205,-10.226],[-55.211,-10.227],[-55.223,-10.223],[-55.219,-10.213],[-55.219,-10.201],[-55.229,-10.188],[-55.228,-10.175],[-55.241,-10.144],[-55.24,-10.144],[-55.234,-10.148],[-55.222,-10.145],[-55.223,-10.152],[-55.217,-10.16],[-55.212,-10.161],[-55.215,-10.168],[-55.209,-10.17],[-55.185,-10.164],[-55.185,-10.174],[-55.182,-10.176],[-55.187,-10.182],[-55.177,-10.192],[-55.172,-10.19],[-55.173,-10.183],[-55.165,-10.182],[-55.162,-10.165],[-55.158,-10.162],[-55.161,-10.146],[-55.168,-10.14],[-55.167,-10.135],[-55.176,-10.127],[-55.174,-10.124],[-55.168,-10.126],[-55.17,-10.106],[-55.166,-10.107],[-55.167,-10.091],[-55.157,-10.091],[-55.153,-10.08],[-55.156,-10.074],[-55.155,-10.07],[-55.165,-10.073],[-55.161,-10.065],[-55.137,-10.048],[-55.138,-10.044],[-55.127,-10.04],[-55.048,-10.041],[-54.994,-10.043],[-54.995,-10.049],[-54.935,-10.05],[-54.909,-10.05],[-54.898,-10.051],[-54.669,-10.056],[-54.662,-10.045],[-54.664,-10.037],[-54.658,-10.034],[-54.652,-10.024],[-54.657,-10.019],[-54.65,-10.015],[-54.657,-10.01],[-54.653,-10.01],[-54.65,-10.005],[-54.645,-10.006],[-54.647,-9.997],[-54.642,-9.993],[-54.639,-9.982],[-54.625,-9.986],[-54.611,-9.986],[-54.6,-9.984],[-54.596,-9.973],[-54.59,-9.969],[-54.589,-9.971],[-54.565,-9.966],[-54.563,-9.969],[-54.556,-9.965],[-54.553,-9.969],[-54.54,-9.968],[-54.535,-9.964],[-54.534,-9.971],[-54.526,-9.98],[-54.528,-9.982],[-54.526,-9.984],[-54.52,-9.982],[-54.521,-9.99],[-54.516,-9.986],[-54.511,-9.989],[-54.512,-9.991],[-54.492,-9.993],[-54.488,-9.987],[-54.485,-9.994],[-54.469,-9.999],[-54.463,-9.995],[-54.442,-9.992],[-54.434,-9.994],[-54.429,-9.99],[-54.42,-9.995],[-54.397,-9.981],[-54.393,-9.99],[-54.382,-9.987],[-54.34,-9.984],[-54.339,-9.978],[-54.33,-9.974],[-54.322,-9.981],[-54.3,-9.976],[-54.294,-9.98],[-54.281,-9.974],[-54.267,-9.975],[-54.229,-9.92],[-54.213,-9.922],[-54.205,-9.92],[-54.194,-9.912],[-54.248,-9.887],[-54.262,-9.88],[-54.269,-9.877],[-54.257,-9.869],[-54.254,-9.851],[-54.236,-9.831],[-54.238,-9.818],[-54.231,-9.808],[-54.219,-9.799],[-54.179,-9.807],[-54.162,-9.799],[-54.157,-9.79],[-54.156,-9.762],[-54.16,-9.751],[-54.153,-9.735],[-54.141,-9.726],[-54.14,-9.715],[-54.147,-9.693],[-54.149,-9.673],[-54.148,-9.661],[-54.135,-9.645],[-54.143,-9.611],[-54.136,-9.588],[-54.125,-9.586],[-54.122,-9.58],[-54.113,-9.577],[-54.107,-9.581],[-54.106,-9.572]]]}},{"type":"Feature","properties":{"id":"5105622","nome":"Mirassol d'Oeste"},"geometry":{"type":"Polygon","coordinates":[[[-57.986,-15.373],[-57.989,-15.386],[-57.984,-15.384],[-57.981,-15.389],[-57.978,-15.386],[-57.966,-15.394],[-57.965,-15.403],[-57.973,-15.413],[-57.968,-15.418],[-57.971,-15.425],[-57.966,-15.432],[-57.955,-15.433],[-57.945,-15.426],[-57.942,-15.428],[-57.933,-15.429],[-57.931,-15.426],[-57.922,-15.43],[-57.924,-15.434],[-57.911,-15.442],[-57.907,-15.452],[-57.892,-15.458],[-57.893,-15.469],[-57.892,-15.47],[-57.905,-15.469],[-57.91,-15.471],[-57.915,-15.519],[-57.903,-15.54],[-57.905,-15.553],[-57.921,-15.555],[-57.935,-15.552],[-57.958,-15.529],[-57.975,-15.532],[-57.99,-15.565],[-57.991,-15.605],[-57.963,-15.611],[-57.953,-15.627],[-57.931,-15.639],[-57.901,-15.65],[-57.891,-15.667],[-57.894,-15.689],[-57.889,-15.705],[-57.874,-15.719],[-57.879,-15.723],[-57.882,-15.743],[-57.889,-15.75],[-57.903,-15.736],[-57.921,-15.731],[-57.935,-15.716],[-57.943,-15.718],[-57.956,-15.714],[-57.967,-15.714],[-57.981,-15.706],[-57.976,-15.774],[-57.97,-15.775],[-57.965,-15.771],[-57.959,-15.774],[-57.951,-15.782],[-57.95,-15.789],[-57.934,-15.798],[-57.934,-15.804],[-57.944,-15.811],[-57.943,-15.821],[-57.98,-15.811],[-57.986,-15.816],[-57.998,-15.824],[-58.035,-15.821],[-58.046,-15.822],[-58.049,-15.826],[-58.067,-15.83],[-58.08,-15.817],[-58.086,-15.817],[-58.102,-15.83],[-58.106,-15.841],[-58.118,-15.848],[-58.128,-15.848],[-58.172,-15.829],[-58.283,-15.817],[-58.287,-15.817],[-58.285,-15.808],[-58.28,-15.803],[-58.28,-15.795],[-58.273,-15.791],[-58.271,-15.775],[-58.266,-15.77],[-58.267,-15.737],[-58.248,-15.709],[-58.235,-15.708],[-58.226,-15.7],[-58.212,-15.696],[-58.203,-15.703],[-58.185,-15.705],[-58.174,-15.712],[-58.166,-15.709],[-58.167,-15.702],[-58.162,-15.696],[-58.157,-15.694],[-58.146,-15.67],[-58.139,-15.653],[-58.075,-15.497],[-58.072,-15.49],[-58.056,-15.451],[-58.018,-15.358],[-58.001,-15.372],[-57.986,-15.373]]]}},{"type":"Feature","properties":{"id":"5105903","nome":"Nobres"},"geometry":{"type":"Polygon","coordinates":[[[-55.611,-14.006],[-55.56,-14.034],[-55.397,-14.126],[-55.382,-14.139],[-55.379,-14.146],[-55.345,-14.169],[-55.327,-14.225],[-55.315,-14.229],[-55.301,-14.24],[-55.27,-14.243],[-55.257,-14.245],[-55.241,-14.241],[-55.214,-14.243],[-55.201,-14.25],[-55.206,-14.26],[-55.214,-14.261],[-55.214,-14.277],[-55.219,-14.28],[-55.221,-14.287],[-55.233,-14.285],[-55.239,-14.291],[-55.241,-14.289],[-55.243,-14.292],[-55.247,-14.292],[-55.248,-14.296],[-55.251,-14.291],[-55.257,-14.293],[-55.258,-14.298],[-55.264,-14.289],[-55.27,-14.296],[-55.276,-14.295],[-55.278,-14.29],[-55.281,-14.3],[-55.286,-14.295],[-55.289,-14.302],[-55.292,-14.292],[-55.296,-14.296],[-55.301,-14.288],[-55.304,-14.292],[-55.308,-14.289],[-55.306,-14.305],[-55.309,-14.316],[-55.321,-14.308],[-55.32,-14.317],[-55.322,-14.319],[-55.324,-14.314],[-55.328,-14.324],[-55.329,-14.321],[-55.335,-14.325],[-55.343,-14.322],[-55.344,-14.314],[-55.35,-14.312],[-55.351,-14.326],[-55.356,-14.325],[-55.361,-14.32],[-55.359,-14.337],[-55.367,-14.337],[-55.377,-14.33],[-55.38,-14.338],[-55.387,-14.332],[-55.391,-14.337],[-55.395,-14.334],[-55.398,-14.336],[-55.407,-14.334],[-55.41,-14.32],[-55.412,-14.326],[-55.417,-14.328],[-55.428,-14.32],[-55.434,-14.349],[-55.443,-14.347],[-55.449,-14.332],[-55.452,-14.348],[-55.456,-14.351],[-55.463,-14.338],[-55.461,-14.363],[-55.469,-14.351],[-55.48,-14.355],[-55.483,-14.364],[-55.492,-14.362],[-55.493,-14.372],[-55.501,-14.365],[-55.501,-14.379],[-55.51,-14.376],[-55.511,-14.384],[-55.528,-14.39],[-55.533,-14.387],[-55.535,-14.409],[-55.539,-14.41],[-55.541,-14.405],[-55.557,-14.408],[-55.558,-14.413],[-55.571,-14.413],[-55.569,-14.424],[-55.576,-14.428],[-55.584,-14.421],[-55.585,-14.428],[-55.595,-14.427],[-55.599,-14.438],[-55.603,-14.441],[-55.622,-14.438],[-55.624,-14.446],[-55.631,-14.444],[-55.635,-14.451],[-55.642,-14.441],[-55.65,-14.448],[-55.653,-14.441],[-55.658,-14.439],[-55.66,-14.449],[-55.664,-14.444],[-55.667,-14.452],[-55.679,-14.447],[-55.684,-14.467],[-55.694,-14.473],[-55.705,-14.455],[-55.715,-14.469],[-55.719,-14.467],[-55.719,-14.459],[-55.727,-14.458],[-55.733,-14.472],[-55.743,-14.469],[-55.743,-14.486],[-55.751,-14.482],[-55.752,-14.49],[-55.756,-14.488],[-55.755,-14.497],[-55.763,-14.495],[-55.768,-14.498],[-55.77,-14.512],[-55.775,-14.511],[-55.781,-14.502],[-55.795,-14.506],[-55.804,-14.512],[-55.812,-14.51],[-55.82,-14.517],[-55.826,-14.515],[-55.835,-14.523],[-55.837,-14.536],[-55.844,-14.538],[-55.848,-14.544],[-55.855,-14.551],[-55.842,-14.563],[-55.836,-14.578],[-55.846,-14.577],[-55.849,-14.581],[-55.841,-14.585],[-55.831,-14.597],[-55.834,-14.601],[-55.843,-14.6],[-55.83,-14.618],[-55.832,-14.621],[-55.836,-14.62],[-55.835,-14.628],[-55.845,-14.646],[-55.845,-14.653],[-55.851,-14.649],[-55.854,-14.656],[-55.861,-14.645],[-55.862,-14.657],[-55.867,-14.659],[-55.871,-14.657],[-55.87,-14.663],[-55.873,-14.662],[-55.876,-14.654],[-55.877,-14.661],[-55.881,-14.666],[-55.887,-14.659],[-55.893,-14.661],[-55.893,-14.669],[-55.898,-14.67],[-55.899,-14.675],[-55.916,-14.667],[-55.916,-14.678],[-55.923,-14.679],[-55.929,-14.684],[-55.94,-14.683],[-55.949,-14.678],[-55.954,-14.68],[-55.96,-14.674],[-55.963,-14.678],[-55.97,-14.676],[-55.977,-14.669],[-55.983,-14.673],[-55.99,-14.668],[-55.99,-14.677],[-55.994,-14.679],[-55.999,-14.67],[-56.014,-14.665],[-56.021,-14.669],[-56.023,-14.675],[-56.03,-14.675],[-56.026,-14.681],[-56.038,-14.679],[-56.043,-14.685],[-56.056,-14.685],[-56.06,-14.694],[-56.069,-14.69],[-56.078,-14.693],[-56.101,-14.696],[-56.114,-14.677],[-56.109,-14.671],[-56.113,-14.67],[-56.12,-14.673],[-56.12,-14.663],[-56.13,-14.655],[-56.136,-14.652],[-56.145,-14.662],[-56.166,-14.662],[-56.168,-14.666],[-56.164,-14.672],[-56.171,-14.679],[-56.193,-14.668],[-56.216,-14.671],[-56.218,-14.674],[-56.216,-14.682],[-56.227,-14.68],[-56.23,-14.685],[-56.23,-14.693],[-56.244,-14.696],[-56.251,-14.697],[-56.256,-14.703],[-56.247,-14.71],[-56.261,-14.719],[-56.254,-14.733],[-56.269,-14.743],[-56.283,-14.757],[-56.286,-14.769],[-56.293,-14.769],[-56.32,-14.748],[-56.333,-14.766],[-56.329,-14.772],[-56.315,-14.781],[-56.316,-14.79],[-56.32,-14.792],[-56.352,-14.792],[-56.365,-14.778],[-56.406,-14.73],[-56.367,-14.698],[-56.284,-14.63],[-56.269,-14.622],[-56.254,-14.605],[-56.241,-14.596],[-56.235,-14.586],[-56.223,-14.576],[-56.217,-14.565],[-56.219,-14.558],[-56.218,-14.547],[-56.213,-14.541],[-56.173,-14.508],[-56.143,-14.49],[-56.099,-14.451],[-56.06,-14.425],[-56.049,-14.421],[-56.04,-14.397],[-56.023,-14.386],[-56.012,-14.367],[-55.992,-14.354],[-55.988,-14.347],[-55.995,-14.343],[-55.991,-14.34],[-55.996,-14.318],[-55.978,-14.298],[-55.977,-14.284],[-55.981,-14.276],[-55.977,-14.269],[-55.985,-14.265],[-55.995,-14.268],[-55.994,-14.25],[-55.999,-14.247],[-56.002,-14.252],[-56.005,-14.249],[-56.003,-14.244],[-56.008,-14.242],[-56.015,-14.246],[-56.026,-14.233],[-56.022,-14.229],[-56.026,-14.223],[-56.017,-14.223],[-56.014,-14.218],[-55.998,-14.22],[-55.997,-14.216],[-55.987,-14.212],[-55.981,-14.215],[-55.98,-14.21],[-55.971,-14.204],[-55.974,-14.197],[-55.967,-14.196],[-55.966,-14.201],[-55.963,-14.204],[-55.953,-14.206],[-55.954,-14.209],[-55.948,-14.209],[-55.945,-14.199],[-55.94,-14.196],[-55.93,-14.199],[-55.925,-14.196],[-55.919,-14.189],[-55.914,-14.191],[-55.915,-14.185],[-55.908,-14.18],[-55.899,-14.188],[-55.89,-14.184],[-55.888,-14.189],[-55.881,-14.185],[-55.881,-14.182],[-55.885,-14.18],[-55.881,-14.176],[-55.877,-14.176],[-55.876,-14.184],[-55.869,-14.178],[-55.856,-14.176],[-55.858,-14.17],[-55.855,-14.161],[-55.858,-14.158],[-55.854,-14.156],[-55.851,-14.163],[-55.848,-14.163],[-55.841,-14.154],[-55.852,-14.151],[-55.828,-14.15],[-55.827,-14.153],[-55.831,-14.154],[-55.831,-14.157],[-55.824,-14.159],[-55.82,-14.156],[-55.823,-14.147],[-55.822,-14.143],[-55.797,-14.14],[-55.788,-14.133],[-55.778,-14.137],[-55.774,-14.135],[-55.774,-14.128],[-55.76,-14.131],[-55.756,-14.127],[-55.745,-14.129],[-55.731,-14.125],[-55.72,-14.114],[-55.714,-14.116],[-55.711,-14.114],[-55.713,-14.091],[-55.708,-14.077],[-55.712,-14.073],[-55.71,-14.067],[-55.698,-14.056],[-55.697,-14.047],[-55.69,-14.044],[-55.684,-14.033],[-55.671,-14.027],[-55.665,-14.018],[-55.647,-14.013],[-55.64,-14.016],[-55.62,-14.004],[-55.611,-14.006]]]}},{"type":"Feature","properties":{"id":"5106000","nome":"Nortel\u00e2ndia"},"geometry":{"type":"Polygon","coordinates":[[[-56.705,-14.132],[-56.714,-14.156],[-56.729,-14.172],[-56.716,-14.183],[-56.705,-14.199],[-56.688,-14.196],[-56.674,-14.199],[-56.652,-14.216],[-56.616,-14.2],[-56.604,-14.201],[-56.529,-14.249],[-56.526,-14.251],[-56.543,-14.243],[-56.545,-14.282],[-56.551,-14.393],[-56.544,-14.413],[-56.542,-14.43],[-56.544,-14.435],[-56.539,-14.444],[-56.542,-14.452],[-56.561,-14.462],[-56.562,-14.467],[-56.571,-14.472],[-56.586,-14.471],[-56.604,-14.485],[-56.613,-14.485],[-56.618,-14.49],[-56.657,-14.506],[-56.646,-14.525],[-56.659,-14.551],[-56.657,-14.563],[-56.663,-14.563],[-56.659,-14.576],[-56.668,-14.576],[-56.666,-14.583],[-56.661,-14.586],[-56.67,-14.589],[-56.67,-14.595],[-56.675,-14.594],[-56.681,-14.6],[-56.692,-14.598],[-56.683,-14.611],[-56.691,-14.614],[-56.695,-14.621],[-56.701,-14.619],[-56.706,-14.622],[-56.711,-14.641],[-56.723,-14.634],[-56.722,-14.647],[-56.726,-14.647],[-56.73,-14.638],[-56.73,-14.629],[-56.718,-14.615],[-56.732,-14.61],[-56.733,-14.604],[-56.747,-14.596],[-56.744,-14.59],[-56.74,-14.591],[-56.752,-14.574],[-56.765,-14.573],[-56.755,-14.558],[-56.769,-14.55],[-56.791,-14.529],[-56.798,-14.503],[-56.803,-14.498],[-56.802,-14.491],[-56.808,-14.487],[-56.802,-14.481],[-56.802,-14.468],[-56.808,-14.461],[-56.807,-14.454],[-56.812,-14.454],[-56.815,-14.444],[-56.82,-14.442],[-56.824,-14.431],[-56.851,-14.41],[-56.847,-14.391],[-56.853,-14.377],[-56.869,-14.366],[-56.871,-14.36],[-56.883,-14.363],[-56.886,-14.36],[-56.878,-14.352],[-56.882,-14.333],[-56.878,-14.323],[-56.879,-14.297],[-56.874,-14.288],[-56.874,-14.28],[-56.87,-14.276],[-56.865,-14.264],[-56.875,-14.25],[-56.871,-14.234],[-56.876,-14.226],[-56.886,-14.223],[-56.904,-14.207],[-56.91,-14.197],[-56.951,-14.172],[-56.934,-14.154],[-56.921,-14.152],[-56.888,-14.149],[-56.785,-14.151],[-56.767,-14.151],[-56.726,-14.134],[-56.705,-14.132]]]}},{"type":"Feature","properties":{"id":"5106109","nome":"Nossa Senhora do Livramento"},"geometry":{"type":"Polygon","coordinates":[[[-56.964,-15.47],[-56.957,-15.48],[-56.937,-15.464],[-56.925,-15.472],[-56.914,-15.467],[-56.905,-15.47],[-56.897,-15.463],[-56.831,-15.476],[-56.821,-15.47],[-56.811,-15.482],[-56.809,-15.499],[-56.801,-15.5],[-56.781,-15.515],[-56.763,-15.512],[-56.759,-15.52],[-56.752,-15.52],[-56.743,-15.518],[-56.739,-15.511],[-56.726,-15.507],[-56.716,-15.495],[-56.716,-15.478],[-56.697,-15.475],[-56.681,-15.477],[-56.562,-15.48],[-56.564,-15.492],[-56.559,-15.494],[-56.554,-15.501],[-56.557,-15.517],[-56.544,-15.524],[-56.533,-15.515],[-56.519,-15.516],[-56.516,-15.511],[-56.508,-15.51],[-56.517,-15.522],[-56.514,-15.535],[-56.527,-15.548],[-56.528,-15.56],[-56.523,-15.565],[-56.509,-15.567],[-56.506,-15.565],[-56.489,-15.577],[-56.481,-15.568],[-56.474,-15.566],[-56.372,-15.586],[-56.367,-15.587],[-56.215,-15.617],[-56.21,-15.625],[-56.21,-15.632],[-56.221,-15.647],[-56.265,-15.684],[-56.261,-15.698],[-56.265,-15.711],[-56.244,-15.733],[-56.244,-15.76],[-56.234,-15.762],[-56.216,-15.772],[-56.206,-15.776],[-56.191,-15.777],[-56.171,-15.751],[-56.161,-15.751],[-56.155,-15.751],[-56.15,-15.765],[-56.145,-15.767],[-56.143,-15.818],[-56.14,-15.935],[-56.103,-16.026],[-56.087,-16.07],[-55.997,-16.196],[-56.004,-16.195],[-56.002,-16.204],[-56.01,-16.207],[-56.012,-16.23],[-56.018,-16.226],[-56.016,-16.213],[-56.023,-16.221],[-56.024,-16.232],[-56.013,-16.237],[-56.012,-16.253],[-56.023,-16.253],[-56.017,-16.257],[-56.017,-16.26],[-56.021,-16.266],[-56.025,-16.265],[-56.027,-16.274],[-56.034,-16.27],[-56.047,-16.273],[-56.051,-16.268],[-56.052,-16.277],[-56.043,-16.281],[-56.049,-16.285],[-56.046,-16.29],[-56.051,-16.297],[-56.063,-16.296],[-56.067,-16.289],[-56.071,-16.292],[-56.07,-16.3],[-56.064,-16.302],[-56.062,-16.311],[-56.07,-16.314],[-56.077,-16.309],[-56.079,-16.312],[-56.08,-16.324],[-56.076,-16.324],[-56.075,-16.328],[-56.086,-16.329],[-56.091,-16.323],[-56.091,-16.315],[-56.1,-16.315],[-56.1,-16.325],[-56.105,-16.325],[-56.107,-16.321],[-56.111,-16.33],[-56.118,-16.331],[-56.12,-16.312],[-56.122,-16.327],[-56.126,-16.331],[-56.121,-16.336],[-56.131,-16.338],[-56.134,-16.333],[-56.136,-16.338],[-56.132,-16.343],[-56.142,-16.341],[-56.144,-16.336],[-56.154,-16.341],[-56.141,-16.363],[-56.156,-16.366],[-56.17,-16.352],[-56.175,-16.355],[-56.177,-16.36],[-56.172,-16.367],[-56.18,-16.373],[-56.183,-16.371],[-56.18,-16.359],[-56.189,-16.358],[-56.191,-16.353],[-56.196,-16.352],[-56.203,-16.366],[-56.207,-16.365],[-56.21,-16.369],[-56.206,-16.374],[-56.212,-16.379],[-56.21,-16.385],[-56.206,-16.384],[-56.211,-16.388],[-56.209,-16.393],[-56.214,-16.399],[-56.225,-16.393],[-56.232,-16.396],[-56.231,-16.389],[-56.244,-16.397],[-56.252,-16.397],[-56.253,-16.405],[-56.256,-16.406],[-56.265,-16.394],[-56.263,-16.41],[-56.272,-16.408],[-56.276,-16.402],[-56.287,-16.408],[-56.282,-16.398],[-56.286,-16.398],[-56.29,-16.405],[-56.299,-16.397],[-56.297,-16.389],[-56.3,-16.386],[-56.299,-16.371],[-56.27,-16.35],[-56.263,-16.336],[-56.252,-16.326],[-56.247,-16.317],[-56.244,-16.292],[-56.248,-16.28],[-56.24,-16.257],[-56.219,-16.234],[-56.217,-16.198],[-56.243,-16.192],[-56.301,-16.194],[-56.313,-16.205],[-56.322,-16.203],[-56.33,-16.207],[-56.33,-16.222],[-56.322,-16.224],[-56.321,-16.227],[-56.327,-16.239],[-56.34,-16.245],[-56.345,-16.243],[-56.349,-16.247],[-56.366,-16.249],[-56.37,-16.26],[-56.392,-16.255],[-56.415,-16.26],[-56.427,-16.255],[-56.434,-16.267],[-56.45,-16.274],[-56.454,-16.279],[-56.467,-16.281],[-56.47,-16.274],[-56.481,-16.271],[-56.495,-16.278],[-56.495,-16.287],[-56.499,-16.294],[-56.527,-16.3],[-56.533,-16.307],[-56.538,-16.302],[-56.53,-16.281],[-56.522,-16.279],[-56.518,-16.274],[-56.519,-16.265],[-56.515,-16.262],[-56.516,-16.255],[-56.521,-16.253],[-56.513,-16.236],[-56.498,-16.228],[-56.483,-16.233],[-56.456,-16.219],[-56.455,-16.208],[-56.449,-16.207],[-56.446,-16.192],[-56.443,-16.194],[-56.441,-16.189],[-56.443,-16.183],[-56.448,-16.184],[-56.445,-16.179],[-56.442,-16.176],[-56.438,-16.179],[-56.431,-16.169],[-56.435,-16.168],[-56.434,-16.162],[-56.426,-16.158],[-56.425,-16.152],[-56.411,-16.145],[-56.411,-16.138],[-56.403,-16.136],[-56.4,-16.127],[-56.393,-16.126],[-56.384,-16.117],[-56.378,-16.1],[-56.382,-16.084],[-56.38,-16.074],[-56.391,-16.064],[-56.389,-16.049],[-56.389,-16.045],[-56.394,-16.044],[-56.392,-16.04],[-56.394,-16.04],[-56.418,-16.031],[-56.423,-16.023],[-56.449,-16.016],[-56.462,-16.005],[-56.469,-16.005],[-56.478,-15.996],[-56.479,-15.995],[-56.495,-15.994],[-56.507,-15.97],[-56.517,-15.968],[-56.538,-15.955],[-56.545,-15.955],[-56.55,-15.945],[-56.559,-15.938],[-56.554,-15.91],[-56.556,-15.895],[-56.562,-15.89],[-56.56,-15.875],[-56.552,-15.869],[-56.541,-15.85],[-56.542,-15.843],[-56.535,-15.837],[-56.533,-15.829],[-56.516,-15.808],[-56.512,-15.792],[-56.501,-15.788],[-56.496,-15.79],[-56.492,-15.786],[-56.492,-15.779],[-56.479,-15.77],[-56.478,-15.766],[-56.482,-15.763],[-56.479,-15.761],[-56.47,-15.73],[-56.447,-15.697],[-56.713,-15.809],[-56.728,-15.815],[-56.729,-15.816],[-56.734,-15.818],[-56.75,-15.803],[-56.748,-15.795],[-56.755,-15.788],[-56.767,-15.792],[-56.776,-15.788],[-56.781,-15.793],[-56.787,-15.785],[-56.801,-15.796],[-56.812,-15.815],[-56.827,-15.826],[-56.84,-15.819],[-56.849,-15.82],[-56.852,-15.817],[-56.856,-15.821],[-56.862,-15.817],[-56.868,-15.8],[-56.872,-15.799],[-56.874,-15.804],[-56.884,-15.801],[-56.879,-15.793],[-56.892,-15.78],[-56.894,-15.772],[-56.89,-15.769],[-56.92,-15.76],[-56.925,-15.765],[-56.938,-15.766],[-56.945,-15.771],[-56.959,-15.768],[-56.976,-15.794],[-56.984,-15.798],[-56.99,-15.797],[-56.999,-15.805],[-57.008,-15.804],[-57.016,-15.817],[-57.024,-15.823],[-57.024,-15.83],[-57.029,-15.833],[-57.028,-15.84],[-57.037,-15.838],[-57.047,-15.836],[-57.052,-15.824],[-57.057,-15.823],[-57.061,-15.818],[-57.216,-15.85],[-57.215,-15.839],[-57.204,-15.819],[-57.176,-15.802],[-57.165,-15.787],[-57.181,-15.767],[-57.176,-15.758],[-57.175,-15.748],[-57.162,-15.733],[-57.156,-15.724],[-57.157,-15.72],[-57.136,-15.693],[-57.141,-15.677],[-57.135,-15.667],[-57.132,-15.666],[-57.121,-15.672],[-57.123,-15.668],[-57.115,-15.659],[-57.112,-15.649],[-57.121,-15.643],[-57.122,-15.637],[-57.116,-15.636],[-57.121,-15.631],[-57.113,-15.63],[-57.116,-15.626],[-57.111,-15.625],[-57.111,-15.619],[-57.108,-15.619],[-57.106,-15.612],[-57.097,-15.61],[-57.101,-15.602],[-57.092,-15.593],[-57.094,-15.588],[-57.085,-15.582],[-57.086,-15.575],[-57.077,-15.576],[-57.081,-15.573],[-57.079,-15.569],[-57.067,-15.571],[-57.068,-15.566],[-57.064,-15.569],[-57.059,-15.566],[-57.064,-15.558],[-57.057,-15.551],[-57.062,-15.542],[-57.07,-15.54],[-57.071,-15.537],[-57.061,-15.537],[-57.065,-15.53],[-57.055,-15.532],[-57.049,-15.527],[-57.041,-15.527],[-57.049,-15.518],[-57.037,-15.518],[-57.038,-15.512],[-57.031,-15.513],[-57.029,-15.508],[-57.034,-15.503],[-57.026,-15.504],[-57.018,-15.491],[-57.024,-15.483],[-57.014,-15.485],[-57.018,-15.478],[-57.011,-15.482],[-57.01,-15.477],[-56.987,-15.465],[-56.986,-15.456],[-56.982,-15.458],[-56.983,-15.463],[-56.968,-15.466],[-56.964,-15.47]]]}},{"type":"Feature","properties":{"id":"5106158","nome":"Nova Bandeirantes"},"geometry":{"type":"Polygon","coordinates":[[[-58.544,-8.948],[-58.539,-8.95],[-58.53,-8.949],[-58.52,-8.966],[-58.527,-8.975],[-58.525,-8.978],[-58.502,-8.96],[-58.498,-8.951],[-58.471,-8.945],[-58.459,-8.946],[-58.459,-8.953],[-58.469,-8.958],[-58.467,-8.971],[-58.46,-8.976],[-58.44,-8.972],[-58.435,-8.962],[-58.426,-8.968],[-58.415,-8.969],[-58.409,-8.964],[-58.398,-8.962],[-58.396,-8.965],[-58.402,-8.974],[-58.393,-8.981],[-58.393,-8.987],[-58.396,-8.989],[-58.394,-8.997],[-58.38,-8.989],[-58.37,-9.012],[-58.36,-9.02],[-58.347,-9.015],[-58.327,-9.012],[-58.32,-9.018],[-58.318,-9.045],[-58.31,-9.042],[-58.308,-9.034],[-58.301,-9.032],[-58.29,-9.051],[-58.287,-9.063],[-58.29,-9.084],[-58.27,-9.098],[-58.261,-9.1],[-58.257,-9.102],[-58.257,-9.11],[-58.245,-9.118],[-58.238,-9.118],[-58.232,-9.113],[-58.214,-9.131],[-58.205,-9.128],[-58.198,-9.132],[-58.196,-9.139],[-58.168,-9.145],[-58.166,-9.149],[-58.17,-9.156],[-58.166,-9.171],[-58.168,-9.186],[-58.163,-9.189],[-58.147,-9.185],[-58.144,-9.188],[-58.15,-9.196],[-58.141,-9.203],[-58.134,-9.215],[-58.13,-9.215],[-58.133,-9.219],[-58.14,-9.217],[-58.14,-9.223],[-58.122,-9.226],[-58.111,-9.241],[-58.094,-9.248],[-58.087,-9.259],[-58.088,-9.27],[-58.081,-9.27],[-58.078,-9.265],[-58.073,-9.271],[-58.073,-9.281],[-58.081,-9.287],[-58.076,-9.288],[-58.078,-9.295],[-58.077,-9.299],[-58.071,-9.3],[-58.066,-9.296],[-58.063,-9.298],[-58.069,-9.304],[-58.065,-9.312],[-58.078,-9.323],[-58.076,-9.327],[-58.078,-9.338],[-58.07,-9.346],[-58.076,-9.352],[-58.069,-9.355],[-58.066,-9.352],[-58.053,-9.348],[-58.051,-9.352],[-58.041,-9.352],[-58.034,-9.342],[-58.036,-9.348],[-58.032,-9.352],[-58.031,-9.361],[-58.013,-9.362],[-58.019,-9.374],[-58.014,-9.379],[-58.005,-9.38],[-58.005,-9.386],[-58.001,-9.386],[-58.0,-9.399],[-57.994,-9.4],[-57.998,-9.404],[-58.001,-9.402],[-58.002,-9.406],[-57.998,-9.408],[-57.998,-9.414],[-57.996,-9.416],[-57.984,-9.411],[-57.975,-9.414],[-57.972,-9.422],[-57.975,-9.431],[-57.962,-9.431],[-57.952,-9.452],[-57.941,-9.457],[-57.936,-9.466],[-57.935,-9.469],[-57.929,-9.467],[-57.924,-9.471],[-57.918,-9.471],[-57.912,-9.478],[-57.907,-9.478],[-57.9,-9.483],[-57.894,-9.495],[-57.887,-9.493],[-57.885,-9.487],[-57.871,-9.484],[-57.862,-9.487],[-57.849,-9.478],[-57.835,-9.479],[-57.826,-9.491],[-57.814,-9.485],[-57.805,-9.491],[-57.788,-9.489],[-57.786,-9.496],[-57.771,-9.489],[-57.739,-9.499],[-57.738,-9.504],[-57.727,-9.514],[-57.726,-9.531],[-57.718,-9.533],[-57.713,-9.547],[-57.728,-9.576],[-57.727,-9.602],[-57.734,-9.614],[-57.735,-9.62],[-57.726,-9.636],[-57.719,-9.636],[-57.716,-9.64],[-57.729,-9.672],[-57.72,-9.682],[-57.717,-9.691],[-57.71,-9.693],[-57.707,-9.703],[-57.688,-9.7],[-57.679,-9.712],[-57.662,-9.72],[-57.657,-9.714],[-57.648,-9.716],[-57.644,-9.722],[-57.634,-9.725],[-57.646,-9.741],[-57.641,-9.751],[-57.644,-9.764],[-57.642,-9.784],[-57.653,-9.804],[-57.673,-9.824],[-57.677,-9.838],[-57.688,-9.849],[-57.699,-9.873],[-57.688,-9.868],[-57.675,-9.869],[-57.673,-9.873],[-57.683,-9.883],[-57.68,-9.887],[-57.677,-9.889],[-57.674,-9.884],[-57.662,-9.886],[-57.659,-9.891],[-57.652,-9.892],[-57.652,-9.898],[-57.646,-9.899],[-57.644,-9.906],[-57.651,-9.905],[-57.655,-9.917],[-57.649,-9.924],[-57.652,-9.926],[-57.648,-9.937],[-57.654,-9.942],[-57.653,-9.952],[-57.659,-9.957],[-57.658,-9.964],[-57.643,-9.976],[-57.642,-9.981],[-57.645,-9.985],[-57.64,-9.988],[-57.636,-10.002],[-57.627,-10.004],[-57.626,-10.01],[-57.618,-10.006],[-57.614,-10.007],[-57.623,-10.027],[-57.617,-10.033],[-57.62,-10.036],[-57.613,-10.04],[-57.612,-10.05],[-57.602,-10.052],[-57.6,-10.059],[-57.604,-10.071],[-57.597,-10.076],[-57.596,-10.086],[-57.584,-10.096],[-57.586,-10.114],[-57.581,-10.115],[-57.585,-10.128],[-57.579,-10.133],[-57.586,-10.14],[-57.592,-10.141],[-57.58,-10.154],[-57.578,-10.163],[-57.586,-10.163],[-57.592,-10.183],[-57.602,-10.196],[-57.603,-10.217],[-57.598,-10.224],[-57.602,-10.226],[-57.597,-10.227],[-57.605,-10.238],[-57.603,-10.249],[-57.605,-10.254],[-57.599,-10.262],[-57.599,-10.274],[-57.604,-10.279],[-57.599,-10.285],[-57.603,-10.3],[-57.625,-10.307],[-57.633,-10.305],[-57.647,-10.314],[-57.657,-10.311],[-57.659,-10.303],[-57.67,-10.318],[-57.677,-10.313],[-57.68,-10.317],[-57.681,-10.34],[-57.684,-10.344],[-57.707,-10.351],[-57.742,-10.355],[-57.772,-10.375],[-57.787,-10.37],[-57.835,-10.387],[-57.849,-10.384],[-57.888,-10.405],[-57.903,-10.4],[-57.915,-10.404],[-57.94,-10.421],[-58.003,-10.433],[-58.008,-10.429],[-58.01,-10.396],[-58.037,-10.39],[-58.046,-10.384],[-58.069,-10.384],[-58.092,-10.391],[-58.131,-10.409],[-58.153,-10.413],[-58.165,-10.42],[-58.198,-10.408],[-58.204,-10.408],[-58.227,-10.42],[-58.254,-10.44],[-58.261,-10.437],[-58.278,-10.441],[-58.292,-10.453],[-58.336,-10.41],[-58.34,-10.402],[-58.337,-10.386],[-58.339,-10.374],[-58.348,-10.359],[-58.346,-10.316],[-58.358,-10.268],[-58.341,-10.222],[-58.327,-10.203],[-58.317,-10.184],[-58.314,-10.17],[-58.322,-10.152],[-58.321,-10.125],[-58.314,-10.116],[-58.296,-10.103],[-58.286,-10.089],[-58.274,-10.061],[-58.264,-10.048],[-58.259,-10.036],[-58.248,-10.026],[-58.23,-10.0],[-58.233,-9.989],[-58.233,-9.963],[-58.23,-9.952],[-58.215,-9.935],[-58.215,-9.92],[-58.222,-9.899],[-58.225,-9.882],[-58.222,-9.873],[-58.214,-9.866],[-58.194,-9.843],[-58.198,-9.799],[-58.206,-9.792],[-58.217,-9.79],[-58.225,-9.784],[-58.226,-9.779],[-58.22,-9.761],[-58.229,-9.734],[-58.231,-9.698],[-58.251,-9.667],[-58.257,-9.654],[-58.264,-9.589],[-58.259,-9.578],[-58.254,-9.574],[-58.25,-9.558],[-58.258,-9.54],[-58.258,-9.507],[-58.26,-9.495],[-58.289,-9.447],[-58.311,-9.436],[-58.317,-9.435],[-58.375,-9.452],[-58.409,-9.456],[-58.431,-9.451],[-58.448,-9.436],[-58.47,-9.425],[-58.485,-9.411],[-58.506,-9.402],[-58.531,-9.39],[-58.553,-9.367],[-58.582,-9.346],[-58.6,-9.326],[-58.603,-9.31],[-58.609,-9.303],[-58.621,-9.273],[-58.62,-9.265],[-58.628,-9.234],[-58.637,-9.21],[-58.65,-9.202],[-58.653,-9.189],[-58.649,-9.172],[-58.656,-9.156],[-58.656,-9.148],[-58.648,-9.136],[-58.62,-9.115],[-58.606,-9.095],[-58.592,-9.081],[-58.595,-9.077],[-58.591,-9.068],[-58.592,-9.048],[-58.598,-9.036],[-58.598,-9.022],[-58.602,-9.009],[-58.564,-8.958],[-58.554,-8.941],[-58.546,-8.941],[-58.544,-8.948]]]}},{"type":"Feature","properties":{"id":"5106174","nome":"Nova Nazar\u00e9"},"geometry":{"type":"Polygon","coordinates":[[[-51.508,-13.614],[-51.508,-13.623],[-51.502,-13.627],[-51.5,-13.622],[-51.497,-13.628],[-51.485,-13.634],[-51.478,-13.631],[-51.478,-13.627],[-51.47,-13.626],[-51.468,-13.617],[-51.464,-13.626],[-51.467,-13.642],[-51.513,-13.661],[-51.534,-13.693],[-51.554,-13.712],[-51.556,-13.725],[-51.55,-13.755],[-51.555,-13.773],[-51.569,-13.79],[-51.588,-13.798],[-51.594,-13.805],[-51.596,-13.833],[-51.601,-13.843],[-51.614,-13.856],[-51.615,-13.862],[-51.613,-13.882],[-51.628,-13.906],[-51.626,-13.929],[-51.644,-13.944],[-51.65,-13.954],[-51.661,-13.984],[-51.681,-13.994],[-51.702,-14.036],[-51.696,-14.09],[-51.696,-14.092],[-51.707,-14.146],[-51.728,-14.169],[-51.731,-14.176],[-51.723,-14.197],[-51.73,-14.222],[-51.714,-14.235],[-51.71,-14.249],[-51.702,-14.258],[-51.705,-14.273],[-51.698,-14.287],[-51.697,-14.3],[-51.687,-14.311],[-51.7,-14.334],[-51.7,-14.349],[-51.696,-14.357],[-51.705,-14.368],[-51.719,-14.372],[-51.748,-14.38],[-51.745,-14.4],[-51.733,-14.414],[-51.733,-14.419],[-51.74,-14.43],[-51.781,-14.477],[-51.788,-14.475],[-51.789,-14.469],[-51.8,-14.456],[-51.812,-14.47],[-51.828,-14.477],[-51.823,-14.481],[-51.812,-14.482],[-51.81,-14.489],[-51.812,-14.493],[-51.822,-14.497],[-51.828,-14.507],[-51.836,-14.511],[-51.842,-14.502],[-51.844,-14.491],[-51.851,-14.49],[-51.858,-14.502],[-51.874,-14.503],[-51.888,-14.515],[-51.892,-14.525],[-51.911,-14.546],[-51.912,-14.564],[-51.924,-14.575],[-51.943,-14.584],[-51.953,-14.585],[-51.973,-14.598],[-52.003,-14.602],[-52.01,-14.606],[-52.013,-14.636],[-52.044,-14.659],[-52.049,-14.669],[-52.057,-14.675],[-52.083,-14.673],[-52.094,-14.686],[-52.103,-14.68],[-52.101,-14.661],[-52.104,-14.654],[-52.108,-14.652],[-52.117,-14.659],[-52.134,-14.637],[-52.141,-14.632],[-52.142,-14.63],[-52.137,-14.626],[-52.154,-14.607],[-52.154,-14.626],[-52.157,-14.634],[-52.164,-14.61],[-52.17,-14.603],[-52.174,-14.608],[-52.179,-14.607],[-52.195,-14.597],[-52.203,-14.589],[-52.212,-14.569],[-52.224,-14.568],[-52.238,-14.555],[-52.243,-14.559],[-52.25,-14.554],[-52.251,-14.561],[-52.263,-14.573],[-52.263,-14.58],[-52.292,-14.581],[-52.299,-14.564],[-52.323,-14.577],[-52.324,-14.574],[-52.33,-14.577],[-52.339,-14.567],[-52.333,-14.552],[-52.329,-14.551],[-52.335,-14.55],[-52.331,-14.54],[-52.327,-14.539],[-52.336,-14.538],[-52.332,-14.534],[-52.312,-14.541],[-52.266,-14.455],[-52.248,-14.42],[-52.17,-14.383],[-52.169,-14.317],[-52.153,-14.31],[-52.142,-14.312],[-52.12,-14.308],[-52.108,-14.303],[-52.098,-14.295],[-52.087,-14.274],[-52.08,-14.27],[-52.073,-14.268],[-52.067,-14.254],[-52.062,-14.25],[-52.052,-14.248],[-52.053,-14.245],[-52.04,-14.236],[-52.036,-14.238],[-52.021,-14.227],[-52.007,-14.228],[-51.994,-14.219],[-51.986,-14.22],[-51.981,-14.224],[-51.976,-14.215],[-51.973,-14.222],[-51.949,-14.227],[-51.931,-14.217],[-51.925,-14.208],[-51.928,-14.205],[-51.924,-14.2],[-51.926,-14.19],[-51.913,-14.179],[-51.917,-14.177],[-51.903,-14.164],[-51.897,-14.165],[-51.896,-14.16],[-51.893,-14.161],[-51.889,-14.157],[-51.888,-14.147],[-51.879,-14.141],[-51.881,-14.132],[-51.877,-14.128],[-51.88,-14.126],[-51.871,-14.12],[-51.875,-14.116],[-51.874,-14.112],[-51.869,-14.105],[-51.865,-14.105],[-51.866,-14.104],[-51.864,-14.1],[-51.854,-14.1],[-51.853,-14.096],[-51.858,-14.094],[-51.844,-14.073],[-51.841,-14.058],[-51.822,-14.048],[-51.823,-14.046],[-51.834,-14.041],[-51.843,-14.02],[-51.849,-14.016],[-51.874,-14.008],[-51.886,-13.997],[-51.916,-13.985],[-51.945,-13.983],[-51.948,-13.977],[-51.971,-13.978],[-51.98,-13.981],[-51.989,-13.977],[-51.998,-13.979],[-52.004,-13.975],[-52.004,-13.977],[-52.009,-13.976],[-52.018,-13.966],[-52.022,-13.957],[-52.024,-13.958],[-52.033,-13.951],[-52.036,-13.953],[-52.065,-13.94],[-52.078,-13.955],[-52.084,-13.936],[-52.091,-13.92],[-52.061,-13.883],[-52.064,-13.864],[-52.053,-13.847],[-52.047,-13.845],[-52.039,-13.834],[-52.039,-13.809],[-52.04,-13.78],[-52.042,-13.755],[-52.039,-13.758],[-52.034,-13.76],[-52.038,-13.763],[-52.03,-13.765],[-52.028,-13.774],[-52.022,-13.768],[-52.018,-13.774],[-52.01,-13.772],[-51.992,-13.775],[-51.987,-13.782],[-51.986,-13.773],[-51.973,-13.775],[-51.96,-13.759],[-51.955,-13.761],[-51.946,-13.752],[-51.937,-13.749],[-51.928,-13.752],[-51.924,-13.75],[-51.912,-13.769],[-51.9,-13.777],[-51.897,-13.775],[-51.894,-13.778],[-51.891,-13.774],[-51.872,-13.769],[-51.865,-13.764],[-51.86,-13.754],[-51.853,-13.754],[-51.853,-13.749],[-51.847,-13.748],[-51.847,-13.743],[-51.83,-13.737],[-51.824,-13.733],[-51.816,-13.734],[-51.81,-13.726],[-51.804,-13.726],[-51.802,-13.72],[-51.792,-13.718],[-51.783,-13.704],[-51.776,-13.699],[-51.776,-13.696],[-51.761,-13.693],[-51.756,-13.686],[-51.75,-13.687],[-51.745,-13.678],[-51.742,-13.682],[-51.737,-13.681],[-51.734,-13.675],[-51.725,-13.677],[-51.722,-13.67],[-51.716,-13.673],[-51.705,-13.666],[-51.69,-13.665],[-51.685,-13.669],[-51.684,-13.661],[-51.673,-13.655],[-51.67,-13.643],[-51.666,-13.643],[-51.662,-13.637],[-51.654,-13.643],[-51.655,-13.637],[-51.653,-13.631],[-51.647,-13.631],[-51.647,-13.627],[-51.639,-13.628],[-51.638,-13.624],[-51.626,-13.619],[-51.624,-13.624],[-51.616,-13.617],[-51.611,-13.62],[-51.612,-13.614],[-51.604,-13.614],[-51.605,-13.61],[-51.598,-13.61],[-51.591,-13.614],[-51.59,-13.611],[-51.582,-13.61],[-51.574,-13.616],[-51.56,-13.613],[-51.556,-13.616],[-51.547,-13.607],[-51.516,-13.607],[-51.508,-13.614]]]}},{"type":"Feature","properties":{"id":"5106182","nome":"Nova Lacerda"},"geometry":{"type":"Polygon","coordinates":[[[-59.374,-13.99],[-59.361,-14.006],[-59.359,-14.022],[-59.351,-14.025],[-59.352,-14.035],[-59.346,-14.038],[-59.342,-14.051],[-59.346,-14.066],[-59.354,-14.074],[-59.356,-14.088],[-59.366,-14.092],[-59.365,-14.117],[-59.369,-14.12],[-59.373,-14.13],[-59.384,-14.126],[-59.389,-14.14],[-59.405,-14.152],[-59.404,-14.163],[-59.41,-14.171],[-59.409,-14.184],[-59.419,-14.2],[-59.421,-14.214],[-59.42,-14.218],[-59.416,-14.218],[-59.416,-14.222],[-59.42,-14.224],[-59.418,-14.235],[-59.415,-14.236],[-59.417,-14.243],[-59.408,-14.246],[-59.408,-14.257],[-59.399,-14.269],[-59.391,-14.313],[-59.387,-14.316],[-59.381,-14.335],[-59.375,-14.338],[-59.378,-14.345],[-59.385,-14.364],[-59.368,-14.375],[-59.354,-14.385],[-59.342,-14.41],[-59.341,-14.423],[-59.316,-14.5],[-59.31,-14.509],[-59.311,-14.51],[-59.333,-14.543],[-59.34,-14.534],[-59.355,-14.526],[-59.364,-14.522],[-59.378,-14.524],[-59.392,-14.52],[-59.399,-14.514],[-59.406,-14.514],[-59.411,-14.506],[-59.421,-14.503],[-59.432,-14.484],[-59.439,-14.479],[-59.444,-14.48],[-59.446,-14.492],[-59.453,-14.494],[-59.466,-14.483],[-59.472,-14.473],[-59.497,-14.465],[-59.512,-14.456],[-59.532,-14.459],[-59.541,-14.457],[-59.548,-14.464],[-59.552,-14.462],[-59.563,-14.465],[-59.564,-14.472],[-59.582,-14.481],[-59.601,-14.485],[-59.629,-14.499],[-59.631,-14.511],[-59.642,-14.518],[-59.644,-14.525],[-59.644,-14.529],[-59.637,-14.534],[-59.619,-14.536],[-59.612,-14.545],[-59.604,-14.548],[-59.597,-14.554],[-59.587,-14.58],[-59.588,-14.604],[-59.591,-14.612],[-59.59,-14.615],[-59.59,-14.629],[-59.594,-14.641],[-59.604,-14.651],[-59.6,-14.673],[-59.608,-14.684],[-59.606,-14.694],[-59.613,-14.733],[-59.608,-14.757],[-59.596,-14.762],[-59.567,-14.795],[-59.583,-14.82],[-59.632,-14.809],[-59.653,-14.805],[-59.678,-14.777],[-59.679,-14.765],[-59.663,-14.744],[-59.672,-14.731],[-59.682,-14.716],[-59.708,-14.692],[-59.73,-14.663],[-59.773,-14.641],[-59.772,-14.621],[-59.777,-14.61],[-59.798,-14.59],[-59.795,-14.575],[-59.801,-14.562],[-59.804,-14.556],[-59.84,-14.534],[-59.843,-14.529],[-59.844,-14.514],[-59.857,-14.507],[-59.866,-14.493],[-59.872,-14.492],[-59.884,-14.498],[-59.894,-14.499],[-59.932,-14.484],[-59.945,-14.475],[-59.969,-14.449],[-59.977,-14.426],[-59.989,-14.423],[-60.001,-14.413],[-60.012,-14.409],[-60.046,-14.418],[-60.055,-14.416],[-60.071,-14.43],[-60.09,-14.425],[-60.112,-14.429],[-60.113,-14.425],[-60.12,-14.42],[-60.129,-14.422],[-60.128,-14.413],[-60.123,-14.41],[-60.126,-14.408],[-60.131,-14.41],[-60.136,-14.406],[-60.135,-14.394],[-60.131,-14.39],[-60.142,-14.386],[-60.143,-14.378],[-60.151,-14.374],[-60.157,-14.381],[-60.165,-14.379],[-60.161,-14.353],[-60.17,-14.344],[-60.173,-14.336],[-60.171,-14.317],[-60.177,-14.314],[-60.182,-14.322],[-60.19,-14.32],[-60.189,-14.314],[-60.194,-14.311],[-60.19,-14.302],[-60.196,-14.3],[-60.2,-14.294],[-60.192,-14.293],[-60.196,-14.29],[-60.197,-14.278],[-60.204,-14.28],[-60.214,-14.276],[-60.212,-14.263],[-60.219,-14.268],[-60.231,-14.265],[-60.224,-14.253],[-60.231,-14.244],[-60.224,-14.239],[-60.221,-14.225],[-60.227,-14.224],[-60.228,-14.229],[-60.236,-14.224],[-60.235,-14.221],[-60.228,-14.223],[-60.236,-14.213],[-60.229,-14.199],[-60.233,-14.197],[-60.237,-14.201],[-60.239,-14.194],[-60.235,-14.187],[-60.248,-14.185],[-60.245,-14.173],[-60.247,-14.169],[-60.254,-14.168],[-60.265,-14.173],[-60.262,-14.162],[-60.271,-14.161],[-60.274,-14.156],[-60.28,-14.157],[-60.281,-14.152],[-60.27,-14.147],[-60.271,-14.139],[-60.285,-14.129],[-60.281,-14.109],[-60.289,-14.103],[-60.287,-14.095],[-60.302,-14.084],[-60.294,-14.074],[-60.313,-14.068],[-60.308,-14.063],[-60.309,-14.061],[-60.302,-14.055],[-60.253,-14.048],[-60.221,-14.031],[-60.183,-14.021],[-60.174,-14.012],[-60.163,-14.011],[-60.148,-14.012],[-60.111,-14.027],[-60.096,-14.025],[-60.084,-14.03],[-60.068,-14.03],[-60.052,-14.024],[-60.041,-14.026],[-60.024,-14.036],[-60.015,-14.035],[-60.006,-14.038],[-60.001,-14.043],[-60.0,-14.051],[-59.994,-14.048],[-59.992,-14.04],[-59.983,-14.035],[-59.98,-14.041],[-59.973,-14.04],[-59.961,-14.045],[-59.952,-14.055],[-59.95,-14.078],[-59.918,-14.083],[-59.911,-14.105],[-59.9,-14.124],[-59.843,-14.173],[-59.838,-14.177],[-59.831,-14.17],[-59.821,-14.156],[-59.788,-14.119],[-59.771,-14.092],[-59.77,-14.07],[-59.777,-14.056],[-59.774,-14.033],[-59.766,-14.027],[-59.762,-14.02],[-59.753,-14.016],[-59.751,-14.006],[-59.75,-14.044],[-59.744,-14.055],[-59.736,-14.095],[-59.713,-14.121],[-59.706,-14.11],[-59.695,-14.106],[-59.688,-14.099],[-59.686,-14.092],[-59.681,-14.091],[-59.677,-14.096],[-59.665,-14.092],[-59.66,-14.095],[-59.648,-14.089],[-59.628,-14.09],[-59.629,-14.084],[-59.621,-14.08],[-59.623,-14.077],[-59.617,-14.076],[-59.608,-14.071],[-59.595,-14.068],[-59.592,-14.062],[-59.579,-14.057],[-59.568,-14.042],[-59.56,-14.038],[-59.556,-14.029],[-59.552,-14.027],[-59.547,-14.025],[-59.534,-14.01],[-59.525,-14.014],[-59.503,-14.016],[-59.492,-14.016],[-59.479,-14.021],[-59.464,-14.03],[-59.458,-14.04],[-59.454,-14.041],[-59.434,-14.036],[-59.434,-14.029],[-59.425,-14.019],[-59.413,-14.014],[-59.395,-14.0],[-59.39,-14.001],[-59.373,-13.985],[-59.374,-13.99]]]}},{"type":"Feature","properties":{"id":"5106190","nome":"Nova Santa Helena"},"geometry":{"type":"Polygon","coordinates":[[[-54.633,-10.543],[-54.63,-10.546],[-54.623,-10.539],[-54.619,-10.541],[-54.617,-10.537],[-54.613,-10.541],[-54.614,-10.552],[-54.61,-10.552],[-54.612,-10.555],[-54.605,-10.565],[-54.608,-10.571],[-54.6,-10.574],[-54.604,-10.578],[-54.605,-10.59],[-54.617,-10.599],[-54.61,-10.606],[-54.611,-10.613],[-54.622,-10.617],[-54.616,-10.621],[-54.619,-10.624],[-54.631,-10.627],[-54.629,-10.655],[-54.637,-10.661],[-54.647,-10.674],[-54.653,-10.675],[-54.654,-10.682],[-54.665,-10.683],[-54.669,-10.691],[-54.68,-10.692],[-54.69,-10.703],[-54.697,-10.702],[-54.722,-10.719],[-54.718,-10.734],[-54.73,-10.75],[-54.733,-10.766],[-54.753,-10.777],[-54.755,-10.785],[-54.75,-10.793],[-54.751,-10.807],[-54.762,-10.813],[-54.765,-10.823],[-54.771,-10.829],[-54.77,-10.84],[-54.781,-10.85],[-54.781,-10.867],[-54.807,-10.892],[-54.825,-10.894],[-54.835,-10.9],[-54.844,-10.914],[-54.856,-10.922],[-54.86,-10.951],[-54.893,-10.968],[-54.849,-11.001],[-54.789,-11.035],[-54.764,-11.046],[-54.751,-11.07],[-54.711,-11.094],[-54.661,-11.128],[-54.641,-11.151],[-54.637,-11.164],[-54.623,-11.178],[-54.607,-11.182],[-54.602,-11.182],[-54.599,-11.188],[-54.608,-11.196],[-54.618,-11.194],[-54.622,-11.21],[-54.643,-11.204],[-54.647,-11.212],[-54.644,-11.218],[-54.647,-11.227],[-54.663,-11.225],[-54.669,-11.247],[-54.684,-11.256],[-54.697,-11.257],[-54.703,-11.257],[-54.706,-11.261],[-54.707,-11.253],[-54.712,-11.253],[-54.721,-11.259],[-54.725,-11.253],[-54.722,-11.254],[-54.72,-11.251],[-54.728,-11.25],[-54.73,-11.256],[-54.742,-11.25],[-54.745,-11.258],[-54.752,-11.262],[-54.756,-11.252],[-54.76,-11.256],[-54.758,-11.265],[-54.767,-11.254],[-54.78,-11.254],[-54.779,-11.258],[-54.786,-11.263],[-54.783,-11.265],[-54.789,-11.269],[-54.795,-11.26],[-54.799,-11.263],[-54.799,-11.27],[-54.812,-11.27],[-54.823,-11.28],[-54.83,-11.275],[-54.836,-11.283],[-54.858,-11.279],[-54.855,-11.287],[-54.863,-11.288],[-54.876,-11.271],[-54.886,-11.265],[-54.899,-11.242],[-54.91,-11.233],[-54.921,-11.195],[-54.92,-11.176],[-54.92,-11.158],[-54.913,-11.145],[-54.92,-11.13],[-54.917,-11.107],[-54.923,-11.097],[-54.938,-11.089],[-54.944,-11.067],[-54.957,-11.066],[-54.957,-11.025],[-54.999,-11.018],[-55.011,-11.02],[-55.029,-11.014],[-55.067,-11.009],[-55.085,-10.994],[-55.089,-10.979],[-55.147,-10.953],[-55.174,-10.938],[-55.206,-10.931],[-55.219,-10.912],[-55.22,-10.902],[-55.238,-10.88],[-55.252,-10.88],[-55.27,-10.892],[-55.281,-10.892],[-55.295,-10.903],[-55.303,-10.902],[-55.274,-10.874],[-55.254,-10.864],[-55.253,-10.848],[-55.246,-10.844],[-55.242,-10.834],[-55.226,-10.818],[-55.212,-10.805],[-55.199,-10.803],[-55.186,-10.788],[-55.173,-10.785],[-55.169,-10.778],[-55.173,-10.761],[-55.163,-10.737],[-55.162,-10.724],[-55.155,-10.734],[-55.139,-10.733],[-55.135,-10.739],[-55.114,-10.744],[-55.102,-10.753],[-55.082,-10.747],[-55.077,-10.734],[-55.079,-10.722],[-54.996,-10.726],[-54.974,-10.724],[-54.956,-10.716],[-54.953,-10.721],[-54.946,-10.721],[-54.943,-10.726],[-54.935,-10.728],[-54.925,-10.721],[-54.917,-10.722],[-54.904,-10.717],[-54.88,-10.727],[-54.867,-10.721],[-54.863,-10.712],[-54.843,-10.706],[-54.841,-10.695],[-54.836,-10.692],[-54.833,-10.686],[-54.834,-10.678],[-54.825,-10.676],[-54.819,-10.67],[-54.814,-10.648],[-54.816,-10.638],[-54.807,-10.633],[-54.798,-10.618],[-54.799,-10.616],[-54.797,-10.619],[-54.785,-10.619],[-54.774,-10.613],[-54.766,-10.612],[-54.765,-10.605],[-54.757,-10.611],[-54.747,-10.611],[-54.735,-10.605],[-54.728,-10.607],[-54.729,-10.614],[-54.722,-10.61],[-54.724,-10.605],[-54.718,-10.602],[-54.706,-10.61],[-54.705,-10.604],[-54.698,-10.604],[-54.697,-10.599],[-54.693,-10.601],[-54.687,-10.592],[-54.684,-10.592],[-54.683,-10.597],[-54.679,-10.592],[-54.672,-10.593],[-54.667,-10.585],[-54.674,-10.582],[-54.674,-10.576],[-54.668,-10.574],[-54.671,-10.567],[-54.662,-10.558],[-54.658,-10.559],[-54.648,-10.555],[-54.647,-10.559],[-54.643,-10.556],[-54.641,-10.549],[-54.644,-10.545],[-54.639,-10.537],[-54.632,-10.536],[-54.633,-10.543]]]}},{"type":"Feature","properties":{"id":"5106208","nome":"Nova Brasil\u00e2ndia"},"geometry":{"type":"Polygon","coordinates":[[[-54.927,-14.427],[-54.914,-14.438],[-54.911,-14.462],[-54.901,-14.473],[-54.899,-14.483],[-54.903,-14.497],[-54.919,-14.518],[-54.924,-14.536],[-54.928,-14.54],[-54.908,-14.639],[-54.905,-14.652],[-54.912,-14.654],[-54.91,-14.662],[-54.912,-14.677],[-54.923,-14.679],[-54.926,-14.69],[-54.915,-14.716],[-54.918,-14.716],[-54.923,-14.727],[-54.938,-14.729],[-54.939,-14.736],[-54.948,-14.736],[-54.946,-14.75],[-54.936,-14.758],[-54.937,-14.763],[-54.934,-14.765],[-54.937,-14.768],[-54.929,-14.769],[-54.928,-14.785],[-54.925,-14.792],[-54.916,-14.793],[-54.916,-14.796],[-54.908,-14.794],[-54.898,-14.796],[-54.895,-14.789],[-54.889,-14.786],[-54.88,-14.784],[-54.874,-14.79],[-54.873,-14.781],[-54.867,-14.785],[-54.847,-14.781],[-54.848,-14.786],[-54.838,-14.786],[-54.837,-14.789],[-54.831,-14.788],[-54.828,-14.784],[-54.821,-14.798],[-54.816,-14.796],[-54.809,-14.799],[-54.806,-14.795],[-54.788,-14.802],[-54.782,-14.794],[-54.775,-14.792],[-54.766,-14.799],[-54.747,-14.797],[-54.735,-14.803],[-54.725,-14.79],[-54.718,-14.79],[-54.718,-14.782],[-54.694,-14.781],[-54.691,-14.77],[-54.676,-14.761],[-54.655,-14.763],[-54.615,-14.754],[-54.606,-14.779],[-54.601,-14.78],[-54.595,-14.788],[-54.583,-14.791],[-54.565,-14.785],[-54.527,-14.78],[-54.506,-14.784],[-54.472,-14.773],[-54.493,-14.792],[-54.493,-14.823],[-54.486,-14.836],[-54.501,-14.864],[-54.52,-14.88],[-54.554,-14.885],[-54.563,-14.892],[-54.582,-14.893],[-54.644,-14.915],[-54.656,-14.916],[-54.666,-14.926],[-54.673,-14.93],[-54.697,-14.953],[-54.733,-14.969],[-54.738,-14.977],[-54.793,-15.018],[-54.799,-15.027],[-54.843,-15.067],[-54.865,-15.068],[-54.887,-15.055],[-54.894,-15.048],[-54.91,-15.045],[-54.92,-15.051],[-54.937,-15.054],[-54.955,-15.05],[-54.969,-15.059],[-54.983,-15.056],[-54.997,-15.047],[-54.999,-15.034],[-55.017,-15.03],[-55.022,-15.019],[-55.021,-15.013],[-55.024,-15.0],[-55.037,-14.999],[-55.046,-15.006],[-55.05,-14.998],[-55.073,-14.996],[-55.084,-14.997],[-55.089,-15.006],[-55.093,-14.998],[-55.107,-14.999],[-55.109,-14.995],[-55.124,-14.994],[-55.137,-14.987],[-55.138,-14.979],[-55.129,-14.969],[-55.107,-14.967],[-55.103,-14.957],[-55.11,-14.942],[-55.113,-14.94],[-55.115,-14.93],[-55.121,-14.926],[-55.122,-14.92],[-55.136,-14.911],[-55.148,-14.877],[-55.144,-14.874],[-55.144,-14.865],[-55.15,-14.857],[-55.146,-14.849],[-55.146,-14.842],[-55.149,-14.842],[-55.15,-14.838],[-55.146,-14.831],[-55.149,-14.824],[-55.146,-14.824],[-55.141,-14.816],[-55.145,-14.812],[-55.143,-14.809],[-55.144,-14.803],[-55.153,-14.803],[-55.157,-14.797],[-55.155,-14.792],[-55.149,-14.788],[-55.157,-14.786],[-55.168,-14.794],[-55.17,-14.798],[-55.176,-14.795],[-55.184,-14.805],[-55.182,-14.812],[-55.188,-14.81],[-55.19,-14.803],[-55.19,-14.819],[-55.196,-14.82],[-55.197,-14.826],[-55.207,-14.822],[-55.212,-14.827],[-55.215,-14.824],[-55.217,-14.828],[-55.225,-14.822],[-55.23,-14.823],[-55.231,-14.819],[-55.241,-14.818],[-55.25,-14.81],[-55.253,-14.815],[-55.267,-14.815],[-55.273,-14.82],[-55.276,-14.817],[-55.274,-14.812],[-55.281,-14.811],[-55.287,-14.806],[-55.288,-14.817],[-55.295,-14.815],[-55.298,-14.82],[-55.3,-14.817],[-55.298,-14.81],[-55.304,-14.814],[-55.309,-14.81],[-55.316,-14.812],[-55.317,-14.819],[-55.311,-14.823],[-55.325,-14.831],[-55.325,-14.841],[-55.332,-14.845],[-55.339,-14.844],[-55.335,-14.838],[-55.345,-14.826],[-55.351,-14.83],[-55.353,-14.819],[-55.357,-14.821],[-55.368,-14.824],[-55.362,-14.83],[-55.368,-14.831],[-55.369,-14.839],[-55.377,-14.835],[-55.383,-14.837],[-55.387,-14.833],[-55.389,-14.838],[-55.396,-14.839],[-55.398,-14.843],[-55.42,-14.842],[-55.421,-14.853],[-55.432,-14.853],[-55.458,-14.869],[-55.475,-14.868],[-55.492,-14.877],[-55.511,-14.871],[-55.521,-14.873],[-55.525,-14.878],[-55.535,-14.873],[-55.53,-14.868],[-55.531,-14.864],[-55.537,-14.857],[-55.542,-14.864],[-55.55,-14.856],[-55.563,-14.869],[-55.567,-14.867],[-55.577,-14.871],[-55.577,-14.865],[-55.585,-14.858],[-55.573,-14.847],[-55.578,-14.839],[-55.596,-14.842],[-55.609,-14.837],[-55.619,-14.837],[-55.627,-14.831],[-55.631,-14.836],[-55.637,-14.836],[-55.651,-14.825],[-55.65,-14.817],[-55.641,-14.82],[-55.64,-14.808],[-55.636,-14.803],[-55.625,-14.8],[-55.61,-14.789],[-55.605,-14.786],[-55.602,-14.792],[-55.593,-14.781],[-55.588,-14.786],[-55.583,-14.778],[-55.566,-14.777],[-55.564,-14.772],[-55.556,-14.769],[-55.535,-14.764],[-55.529,-14.766],[-55.526,-14.758],[-55.513,-14.754],[-55.508,-14.749],[-55.509,-14.744],[-55.502,-14.745],[-55.497,-14.722],[-55.49,-14.713],[-55.492,-14.709],[-55.484,-14.709],[-55.48,-14.704],[-55.478,-14.689],[-55.474,-14.684],[-55.477,-14.68],[-55.472,-14.677],[-55.472,-14.672],[-55.465,-14.664],[-55.449,-14.665],[-55.44,-14.66],[-55.433,-14.652],[-55.433,-14.645],[-55.423,-14.635],[-55.413,-14.633],[-55.41,-14.635],[-55.4,-14.63],[-55.391,-14.616],[-55.375,-14.616],[-55.367,-14.6],[-55.356,-14.592],[-55.36,-14.585],[-55.358,-14.564],[-55.357,-14.565],[-55.351,-14.576],[-55.29,-14.614],[-55.259,-14.629],[-55.233,-14.639],[-55.219,-14.639],[-55.186,-14.63],[-55.156,-14.616],[-55.137,-14.581],[-55.125,-14.57],[-55.113,-14.567],[-55.108,-14.561],[-55.104,-14.548],[-55.076,-14.542],[-55.07,-14.536],[-55.06,-14.542],[-55.052,-14.541],[-55.044,-14.545],[-55.036,-14.54],[-55.023,-14.517],[-55.019,-14.496],[-55.013,-14.493],[-55.007,-14.496],[-55.002,-14.492],[-54.996,-14.48],[-54.997,-14.45],[-54.986,-14.437],[-54.977,-14.44],[-54.97,-14.437],[-54.968,-14.44],[-54.965,-14.436],[-54.956,-14.437],[-54.956,-14.43],[-54.944,-14.427],[-54.937,-14.429],[-54.938,-14.424],[-54.932,-14.424],[-54.93,-14.418],[-54.927,-14.427]]]}},{"type":"Feature","properties":{"id":"5106216","nome":"Nova Cana\u00e3 do Norte"},"geometry":{"type":"Polygon","coordinates":[[[-55.673,-10.337],[-55.67,-10.339],[-55.666,-10.336],[-55.649,-10.35],[-55.655,-10.364],[-55.659,-10.379],[-55.657,-10.384],[-55.662,-10.387],[-55.644,-10.436],[-55.642,-10.448],[-55.645,-10.453],[-55.636,-10.459],[-55.64,-10.482],[-55.636,-10.489],[-55.639,-10.506],[-55.623,-10.528],[-55.635,-10.556],[-55.635,-10.577],[-55.641,-10.598],[-55.637,-10.603],[-55.618,-10.613],[-55.628,-10.631],[-55.641,-10.633],[-55.649,-10.641],[-55.655,-10.673],[-55.652,-10.68],[-55.656,-10.691],[-55.666,-10.717],[-55.665,-10.728],[-55.664,-10.737],[-55.663,-10.747],[-55.656,-10.756],[-55.659,-10.77],[-55.655,-10.797],[-55.66,-10.809],[-55.657,-10.829],[-55.657,-10.83],[-55.646,-10.91],[-55.637,-10.919],[-55.604,-10.934],[-55.596,-10.943],[-55.597,-10.947],[-55.614,-10.955],[-55.615,-10.96],[-55.625,-10.966],[-55.638,-10.962],[-55.644,-10.952],[-55.65,-10.951],[-55.659,-10.979],[-55.671,-10.983],[-55.684,-10.972],[-55.701,-10.981],[-55.713,-10.971],[-55.735,-10.972],[-55.751,-10.965],[-55.764,-10.967],[-55.764,-10.984],[-55.782,-10.981],[-55.803,-10.967],[-55.829,-10.983],[-55.846,-10.983],[-55.857,-10.963],[-55.843,-10.945],[-55.846,-10.943],[-55.848,-10.924],[-55.84,-10.895],[-55.846,-10.893],[-55.856,-10.899],[-55.862,-10.898],[-55.88,-10.872],[-55.902,-10.864],[-55.907,-10.851],[-55.911,-10.86],[-55.923,-10.868],[-55.935,-10.893],[-55.934,-10.897],[-55.941,-10.903],[-55.975,-10.919],[-55.99,-10.922],[-55.994,-10.927],[-56.007,-10.93],[-56.014,-10.937],[-56.028,-10.938],[-56.049,-10.95],[-56.059,-10.952],[-56.058,-10.954],[-56.077,-10.959],[-56.097,-10.974],[-56.119,-10.984],[-56.132,-10.996],[-56.136,-11.004],[-56.147,-11.008],[-56.165,-11.019],[-56.166,-11.025],[-56.178,-11.031],[-56.184,-11.041],[-56.22,-11.034],[-56.224,-11.038],[-56.242,-11.038],[-56.277,-11.068],[-56.312,-11.07],[-56.313,-11.078],[-56.32,-11.088],[-56.322,-11.1],[-56.361,-11.093],[-56.384,-11.088],[-56.404,-11.087],[-56.444,-11.107],[-56.459,-11.1],[-56.498,-11.099],[-56.512,-11.074],[-56.522,-11.069],[-56.542,-11.064],[-56.558,-11.053],[-56.58,-11.055],[-56.612,-11.049],[-56.616,-11.042],[-56.615,-11.034],[-56.601,-11.012],[-56.592,-11.005],[-56.582,-11.003],[-56.58,-10.996],[-56.563,-10.98],[-56.548,-10.975],[-56.545,-10.971],[-56.56,-10.959],[-56.561,-10.951],[-56.551,-10.944],[-56.549,-10.93],[-56.537,-10.926],[-56.522,-10.912],[-56.508,-10.883],[-56.499,-10.873],[-56.468,-10.86],[-56.457,-10.849],[-56.443,-10.847],[-56.404,-10.8],[-56.403,-10.769],[-56.414,-10.7],[-56.432,-10.683],[-56.404,-10.66],[-56.393,-10.639],[-56.399,-10.624],[-56.411,-10.617],[-56.405,-10.592],[-56.408,-10.578],[-56.358,-10.595],[-56.332,-10.577],[-56.302,-10.586],[-56.27,-10.581],[-56.262,-10.576],[-56.262,-10.56],[-56.256,-10.555],[-56.255,-10.549],[-56.234,-10.531],[-56.243,-10.516],[-56.241,-10.503],[-56.238,-10.502],[-56.24,-10.494],[-56.253,-10.488],[-56.262,-10.478],[-56.266,-10.463],[-56.283,-10.452],[-56.285,-10.447],[-56.277,-10.433],[-56.281,-10.423],[-56.294,-10.416],[-56.28,-10.404],[-56.255,-10.4],[-56.238,-10.391],[-56.225,-10.396],[-56.205,-10.396],[-56.149,-10.375],[-56.138,-10.367],[-56.123,-10.368],[-56.106,-10.364],[-56.071,-10.338],[-56.066,-10.338],[-56.061,-10.347],[-56.053,-10.367],[-56.03,-10.371],[-56.02,-10.394],[-56.014,-10.395],[-56.005,-10.391],[-55.994,-10.395],[-55.976,-10.386],[-55.955,-10.383],[-55.938,-10.388],[-55.932,-10.391],[-55.923,-10.382],[-55.911,-10.36],[-55.883,-10.335],[-55.869,-10.313],[-55.86,-10.296],[-55.831,-10.276],[-55.815,-10.246],[-55.806,-10.242],[-55.734,-10.234],[-55.702,-10.25],[-55.688,-10.252],[-55.692,-10.256],[-55.686,-10.26],[-55.695,-10.268],[-55.698,-10.293],[-55.705,-10.297],[-55.697,-10.313],[-55.684,-10.319],[-55.673,-10.337]]]}},{"type":"Feature","properties":{"id":"5106224","nome":"Nova Mutum"},"geometry":{"type":"Polygon","coordinates":[[[-56.613,-12.877],[-56.577,-12.882],[-56.54,-12.874],[-56.522,-12.884],[-56.524,-12.898],[-56.521,-12.907],[-56.53,-12.922],[-56.542,-12.931],[-56.548,-12.946],[-56.566,-12.945],[-56.582,-12.95],[-56.594,-12.95],[-56.597,-12.954],[-56.633,-12.962],[-56.639,-12.968],[-56.659,-12.982],[-56.658,-12.987],[-56.652,-12.987],[-56.642,-12.998],[-56.625,-13.007],[-56.61,-13.02],[-56.595,-13.021],[-56.589,-13.029],[-56.56,-13.034],[-56.548,-13.034],[-56.521,-13.026],[-56.503,-13.034],[-56.497,-13.042],[-56.483,-13.039],[-56.467,-13.047],[-56.458,-13.046],[-56.447,-13.056],[-56.442,-13.057],[-56.441,-13.064],[-56.435,-13.07],[-56.429,-13.086],[-56.427,-13.083],[-56.423,-13.089],[-56.42,-13.087],[-56.422,-13.093],[-56.408,-13.096],[-56.404,-13.102],[-56.391,-13.107],[-56.388,-13.113],[-56.371,-13.114],[-56.369,-13.11],[-56.362,-13.112],[-56.357,-13.109],[-56.344,-13.112],[-56.339,-13.122],[-56.33,-13.125],[-56.321,-13.135],[-56.323,-13.139],[-56.302,-13.164],[-56.304,-13.17],[-56.294,-13.173],[-56.291,-13.179],[-56.295,-13.18],[-56.293,-13.193],[-56.282,-13.198],[-56.282,-13.204],[-56.279,-13.206],[-56.283,-13.213],[-56.27,-13.217],[-56.27,-13.222],[-56.259,-13.228],[-56.258,-13.235],[-56.249,-13.235],[-56.251,-13.241],[-56.246,-13.24],[-56.241,-13.251],[-56.231,-13.254],[-56.234,-13.261],[-56.23,-13.274],[-56.233,-13.278],[-56.225,-13.28],[-56.226,-13.284],[-56.211,-13.292],[-56.208,-13.3],[-56.199,-13.308],[-56.197,-13.316],[-56.204,-13.325],[-56.195,-13.335],[-56.192,-13.348],[-56.185,-13.356],[-56.164,-13.392],[-56.152,-13.392],[-56.143,-13.395],[-56.132,-13.406],[-56.112,-13.406],[-56.102,-13.412],[-56.103,-13.42],[-56.11,-13.437],[-56.107,-13.451],[-56.082,-13.452],[-56.062,-13.453],[-56.051,-13.433],[-56.045,-13.431],[-56.023,-13.447],[-56.001,-13.445],[-55.987,-13.457],[-55.975,-13.454],[-55.974,-13.413],[-55.963,-13.389],[-55.965,-13.387],[-55.961,-13.377],[-55.964,-13.372],[-55.961,-13.369],[-55.967,-13.365],[-55.965,-13.364],[-55.966,-13.36],[-55.973,-13.358],[-55.963,-13.341],[-55.966,-13.341],[-55.968,-13.332],[-55.958,-13.323],[-55.933,-13.31],[-55.93,-13.306],[-55.925,-13.306],[-55.92,-13.302],[-55.912,-13.3],[-55.907,-13.283],[-55.901,-13.276],[-55.896,-13.278],[-55.888,-13.273],[-55.886,-13.265],[-55.881,-13.264],[-55.878,-13.256],[-55.872,-13.256],[-55.87,-13.26],[-55.862,-13.258],[-55.851,-13.276],[-55.843,-13.277],[-55.851,-13.281],[-55.848,-13.286],[-55.842,-13.289],[-55.842,-13.284],[-55.838,-13.285],[-55.839,-13.29],[-55.827,-13.295],[-55.827,-13.3],[-55.813,-13.298],[-55.807,-13.31],[-55.81,-13.314],[-55.805,-13.321],[-55.807,-13.328],[-55.803,-13.33],[-55.802,-13.327],[-55.798,-13.334],[-55.781,-13.331],[-55.782,-13.335],[-55.773,-13.341],[-55.759,-13.352],[-55.738,-13.396],[-55.688,-13.417],[-55.683,-13.428],[-55.687,-13.45],[-55.673,-13.465],[-55.668,-13.475],[-55.668,-13.492],[-55.649,-13.504],[-55.644,-13.519],[-55.644,-13.54],[-55.639,-13.545],[-55.638,-13.553],[-55.626,-13.564],[-55.622,-13.582],[-55.615,-13.596],[-55.611,-13.594],[-55.609,-13.607],[-55.603,-13.613],[-55.609,-13.63],[-55.602,-13.646],[-55.607,-13.657],[-55.603,-13.68],[-55.606,-13.682],[-55.606,-13.694],[-55.586,-13.71],[-55.58,-13.708],[-55.57,-13.71],[-55.565,-13.718],[-55.563,-13.727],[-55.567,-13.746],[-55.542,-13.767],[-55.551,-13.771],[-55.551,-13.773],[-55.542,-13.804],[-55.532,-13.812],[-55.527,-13.817],[-55.529,-13.848],[-55.526,-13.866],[-55.537,-13.889],[-55.536,-13.899],[-55.54,-13.905],[-55.527,-13.922],[-55.525,-13.941],[-55.513,-13.954],[-55.505,-13.953],[-55.496,-13.959],[-55.488,-13.984],[-55.48,-13.992],[-55.479,-14.003],[-55.464,-14.008],[-55.455,-14.022],[-55.448,-14.04],[-55.44,-14.081],[-55.43,-14.101],[-55.404,-14.117],[-55.397,-14.126],[-55.56,-14.034],[-55.611,-14.006],[-55.62,-14.004],[-55.64,-14.016],[-55.647,-14.013],[-55.665,-14.018],[-55.671,-14.027],[-55.684,-14.033],[-55.69,-14.044],[-55.697,-14.047],[-55.698,-14.056],[-55.71,-14.067],[-55.712,-14.073],[-55.708,-14.077],[-55.713,-14.091],[-55.711,-14.114],[-55.714,-14.116],[-55.72,-14.114],[-55.731,-14.125],[-55.745,-14.129],[-55.756,-14.127],[-55.76,-14.131],[-55.774,-14.128],[-55.774,-14.135],[-55.778,-14.137],[-55.788,-14.133],[-55.797,-14.14],[-55.822,-14.143],[-55.823,-14.147],[-55.82,-14.156],[-55.824,-14.159],[-55.831,-14.157],[-55.831,-14.154],[-55.827,-14.153],[-55.828,-14.15],[-55.852,-14.151],[-55.841,-14.154],[-55.848,-14.163],[-55.851,-14.163],[-55.854,-14.156],[-55.858,-14.158],[-55.855,-14.161],[-55.858,-14.17],[-55.856,-14.176],[-55.869,-14.178],[-55.876,-14.184],[-55.877,-14.176],[-55.881,-14.176],[-55.885,-14.18],[-55.881,-14.182],[-55.881,-14.185],[-55.888,-14.189],[-55.89,-14.184],[-55.899,-14.188],[-55.908,-14.18],[-55.915,-14.185],[-55.914,-14.191],[-55.919,-14.189],[-55.925,-14.196],[-55.93,-14.199],[-55.94,-14.196],[-55.945,-14.199],[-55.948,-14.209],[-55.954,-14.209],[-55.953,-14.206],[-55.963,-14.204],[-55.966,-14.201],[-55.967,-14.196],[-55.974,-14.197],[-55.971,-14.204],[-55.98,-14.21],[-55.981,-14.215],[-55.987,-14.212],[-55.997,-14.216],[-55.998,-14.22],[-56.014,-14.218],[-56.017,-14.223],[-56.026,-14.223],[-56.03,-14.221],[-56.029,-14.218],[-56.034,-14.218],[-56.032,-14.21],[-56.036,-14.215],[-56.039,-14.213],[-56.043,-14.17],[-56.041,-14.164],[-56.05,-14.159],[-56.049,-14.153],[-56.056,-14.144],[-56.074,-14.146],[-56.083,-14.15],[-56.084,-14.146],[-56.089,-14.15],[-56.095,-14.145],[-56.098,-14.147],[-56.111,-14.154],[-56.111,-14.15],[-56.117,-14.152],[-56.126,-14.147],[-56.137,-14.16],[-56.141,-14.159],[-56.142,-14.155],[-56.154,-14.158],[-56.152,-14.155],[-56.167,-14.152],[-56.169,-14.149],[-56.177,-14.148],[-56.18,-14.142],[-56.182,-14.147],[-56.187,-14.142],[-56.194,-14.144],[-56.192,-14.149],[-56.201,-14.156],[-56.2,-14.167],[-56.204,-14.167],[-56.217,-14.156],[-56.226,-14.157],[-56.226,-14.162],[-56.237,-14.146],[-56.236,-14.141],[-56.24,-14.139],[-56.237,-14.135],[-56.24,-14.133],[-56.241,-14.136],[-56.246,-14.133],[-56.249,-14.135],[-56.255,-14.128],[-56.266,-14.126],[-56.269,-14.118],[-56.264,-14.116],[-56.271,-14.112],[-56.271,-14.107],[-56.275,-14.103],[-56.279,-14.106],[-56.283,-14.097],[-56.279,-14.088],[-56.283,-14.088],[-56.283,-14.083],[-56.287,-14.081],[-56.29,-14.086],[-56.291,-14.078],[-56.307,-14.07],[-56.308,-14.061],[-56.303,-14.061],[-56.309,-14.054],[-56.301,-14.053],[-56.302,-14.046],[-56.308,-14.047],[-56.302,-14.036],[-56.307,-14.031],[-56.304,-14.023],[-56.306,-14.018],[-56.311,-14.011],[-56.318,-14.014],[-56.321,-14.008],[-56.324,-14.008],[-56.323,-14.005],[-56.332,-13.994],[-56.336,-13.98],[-56.35,-13.977],[-56.352,-13.972],[-56.348,-13.966],[-56.34,-13.967],[-56.342,-13.953],[-56.359,-13.942],[-56.358,-13.932],[-56.37,-13.931],[-56.367,-13.924],[-56.36,-13.925],[-56.352,-13.921],[-56.35,-13.915],[-56.366,-13.903],[-56.37,-13.907],[-56.373,-13.905],[-56.379,-13.895],[-56.38,-13.885],[-56.383,-13.882],[-56.39,-13.883],[-56.387,-13.878],[-56.378,-13.878],[-56.383,-13.87],[-56.379,-13.868],[-56.392,-13.859],[-56.4,-13.846],[-56.403,-13.851],[-56.407,-13.85],[-56.406,-13.846],[-56.412,-13.846],[-56.411,-13.838],[-56.407,-13.838],[-56.411,-13.833],[-56.406,-13.834],[-56.403,-13.83],[-56.398,-13.83],[-56.4,-13.826],[-56.397,-13.824],[-56.401,-13.823],[-56.408,-13.805],[-56.413,-13.798],[-56.406,-13.797],[-56.41,-13.789],[-56.404,-13.788],[-56.407,-13.781],[-56.405,-13.777],[-56.408,-13.77],[-56.412,-13.77],[-56.41,-13.765],[-56.414,-13.768],[-56.416,-13.76],[-56.403,-13.751],[-56.403,-13.743],[-56.394,-13.743],[-56.393,-13.732],[-56.382,-13.725],[-56.384,-13.693],[-56.387,-13.688],[-56.383,-13.679],[-56.392,-13.67],[-56.392,-13.655],[-56.399,-13.653],[-56.407,-13.635],[-56.417,-13.629],[-56.412,-13.622],[-56.402,-13.618],[-56.403,-13.615],[-56.412,-13.612],[-56.425,-13.612],[-56.422,-13.595],[-56.418,-13.591],[-56.417,-13.588],[-56.429,-13.582],[-56.437,-13.584],[-56.435,-13.576],[-56.444,-13.57],[-56.449,-13.573],[-56.452,-13.567],[-56.459,-13.574],[-56.462,-13.574],[-56.464,-13.561],[-56.47,-13.562],[-56.469,-13.557],[-56.479,-13.553],[-56.48,-13.54],[-56.489,-13.541],[-56.5,-13.536],[-56.522,-13.516],[-56.531,-13.498],[-56.531,-13.469],[-56.54,-13.465],[-56.552,-13.471],[-56.555,-13.47],[-56.55,-13.46],[-56.541,-13.457],[-56.543,-13.451],[-56.555,-13.443],[-56.554,-13.438],[-56.565,-13.438],[-56.576,-13.433],[-56.577,-13.417],[-56.587,-13.403],[-56.599,-13.405],[-56.609,-13.402],[-56.609,-13.384],[-56.613,-13.374],[-56.612,-13.346],[-56.627,-13.336],[-56.63,-13.312],[-56.643,-13.287],[-56.642,-13.253],[-56.655,-13.255],[-56.657,-13.253],[-56.657,-13.247],[-56.648,-13.241],[-56.65,-13.236],[-56.66,-13.231],[-56.662,-13.222],[-56.674,-13.221],[-56.677,-13.218],[-56.677,-13.208],[-56.687,-13.194],[-56.692,-13.171],[-56.701,-13.156],[-56.712,-13.154],[-56.715,-13.138],[-56.722,-13.131],[-56.732,-13.128],[-56.724,-13.116],[-56.743,-13.099],[-56.734,-13.085],[-56.738,-13.075],[-56.746,-13.07],[-56.738,-13.062],[-56.735,-13.051],[-56.739,-13.03],[-56.735,-13.025],[-56.722,-13.024],[-56.727,-13.006],[-56.726,-12.999],[-56.714,-12.995],[-56.716,-12.989],[-56.721,-12.987],[-56.728,-12.991],[-56.73,-12.976],[-56.727,-12.964],[-56.737,-12.962],[-56.739,-12.955],[-56.744,-12.949],[-56.745,-12.943],[-56.755,-12.931],[-56.754,-12.922],[-56.759,-12.92],[-56.763,-12.909],[-56.757,-12.899],[-56.763,-12.896],[-56.764,-12.889],[-56.753,-12.873],[-56.753,-12.865],[-56.762,-12.839],[-56.772,-12.833],[-56.755,-12.819],[-56.736,-12.819],[-56.73,-12.824],[-56.727,-12.832],[-56.709,-12.846],[-56.654,-12.855],[-56.638,-12.869],[-56.613,-12.877]]]}},{"type":"Feature","properties":{"id":"5106232","nome":"Nova Ol\u00edmpia"},"geometry":{"type":"Polygon","coordinates":[[[-57.039,-14.561],[-57.037,-14.585],[-57.047,-14.597],[-57.067,-14.61],[-57.072,-14.625],[-57.08,-14.635],[-57.081,-14.647],[-57.094,-14.653],[-57.136,-14.7],[-57.149,-14.733],[-57.157,-14.742],[-57.156,-14.78],[-57.145,-14.801],[-57.181,-14.802],[-57.191,-14.794],[-57.229,-14.816],[-57.232,-14.819],[-57.235,-14.859],[-57.247,-14.864],[-57.262,-14.886],[-57.268,-14.887],[-57.268,-14.895],[-57.273,-14.894],[-57.271,-14.899],[-57.269,-14.897],[-57.265,-14.903],[-57.26,-14.901],[-57.256,-14.91],[-57.258,-14.917],[-57.253,-14.916],[-57.253,-14.944],[-57.246,-14.948],[-57.247,-14.956],[-57.279,-14.949],[-57.311,-14.956],[-57.331,-14.956],[-57.348,-14.949],[-57.381,-14.928],[-57.403,-14.923],[-57.429,-14.922],[-57.426,-14.909],[-57.421,-14.908],[-57.419,-14.903],[-57.418,-14.867],[-57.447,-14.872],[-57.463,-14.869],[-57.478,-14.88],[-57.496,-14.877],[-57.512,-14.887],[-57.523,-14.889],[-57.532,-14.896],[-57.556,-14.898],[-57.581,-14.907],[-57.591,-14.911],[-57.6,-14.922],[-57.608,-14.926],[-57.628,-14.924],[-57.645,-14.915],[-57.696,-14.915],[-57.747,-14.911],[-57.75,-14.902],[-57.771,-14.893],[-57.767,-14.88],[-57.775,-14.867],[-57.763,-14.859],[-57.758,-14.858],[-57.752,-14.863],[-57.746,-14.86],[-57.748,-14.858],[-57.743,-14.849],[-57.749,-14.848],[-57.751,-14.844],[-57.748,-14.842],[-57.75,-14.835],[-57.744,-14.833],[-57.749,-14.827],[-57.738,-14.809],[-57.728,-14.803],[-57.722,-14.782],[-57.714,-14.774],[-57.708,-14.774],[-57.7,-14.769],[-57.691,-14.771],[-57.677,-14.762],[-57.676,-14.758],[-57.66,-14.752],[-57.647,-14.728],[-57.632,-14.723],[-57.616,-14.729],[-57.606,-14.737],[-57.578,-14.734],[-57.561,-14.739],[-57.549,-14.734],[-57.548,-14.724],[-57.535,-14.704],[-57.526,-14.707],[-57.515,-14.718],[-57.495,-14.722],[-57.494,-14.719],[-57.475,-14.721],[-57.47,-14.716],[-57.463,-14.721],[-57.448,-14.721],[-57.436,-14.716],[-57.438,-14.703],[-57.435,-14.69],[-57.426,-14.683],[-57.411,-14.69],[-57.409,-14.684],[-57.414,-14.672],[-57.407,-14.669],[-57.385,-14.664],[-57.378,-14.67],[-57.365,-14.67],[-57.355,-14.668],[-57.333,-14.672],[-57.314,-14.668],[-57.309,-14.652],[-57.308,-14.648],[-57.302,-14.649],[-57.288,-14.649],[-57.28,-14.653],[-57.273,-14.653],[-57.264,-14.645],[-57.225,-14.631],[-57.167,-14.606],[-57.163,-14.592],[-57.144,-14.576],[-57.134,-14.565],[-57.127,-14.563],[-57.108,-14.575],[-57.085,-14.576],[-57.064,-14.558],[-57.057,-14.556],[-57.039,-14.561]]]}},{"type":"Feature","properties":{"id":"5106240","nome":"Nova Ubirat\u00e3"},"geometry":{"type":"Polygon","coordinates":[[[-53.835,-12.076],[-53.836,-12.083],[-53.827,-12.078],[-53.824,-12.083],[-53.821,-12.079],[-53.815,-12.084],[-53.806,-12.082],[-53.806,-12.088],[-53.794,-12.089],[-53.788,-12.086],[-53.793,-12.093],[-53.787,-12.097],[-53.783,-12.093],[-53.779,-12.098],[-53.783,-12.101],[-53.782,-12.106],[-53.788,-12.11],[-53.789,-12.124],[-53.8,-12.136],[-53.808,-12.138],[-53.811,-12.152],[-53.816,-12.149],[-53.819,-12.152],[-53.819,-12.155],[-53.814,-12.158],[-53.818,-12.167],[-53.824,-12.167],[-53.821,-12.175],[-53.831,-12.174],[-53.833,-12.179],[-53.838,-12.177],[-53.847,-12.184],[-53.838,-12.186],[-53.839,-12.19],[-53.845,-12.188],[-53.85,-12.191],[-53.85,-12.195],[-53.845,-12.191],[-53.846,-12.197],[-53.841,-12.196],[-53.838,-12.2],[-53.851,-12.205],[-53.85,-12.214],[-53.864,-12.219],[-53.867,-12.229],[-53.873,-12.235],[-53.879,-12.234],[-53.882,-12.225],[-53.886,-12.223],[-53.89,-12.233],[-53.903,-12.24],[-53.903,-12.234],[-53.898,-12.23],[-53.91,-12.225],[-53.905,-12.221],[-53.922,-12.21],[-53.912,-12.208],[-53.917,-12.206],[-53.922,-12.207],[-53.927,-12.213],[-53.925,-12.216],[-53.938,-12.223],[-53.942,-12.223],[-53.941,-12.213],[-53.95,-12.218],[-53.97,-12.213],[-53.974,-12.219],[-53.969,-12.225],[-53.979,-12.227],[-53.985,-12.226],[-53.981,-12.23],[-53.986,-12.231],[-53.981,-12.235],[-53.987,-12.234],[-53.989,-12.239],[-53.985,-12.237],[-53.983,-12.244],[-53.988,-12.244],[-53.987,-12.25],[-53.991,-12.254],[-54.005,-12.258],[-54.017,-12.253],[-54.019,-12.267],[-54.023,-12.27],[-54.026,-12.261],[-54.031,-12.264],[-54.029,-12.272],[-54.031,-12.275],[-54.036,-12.273],[-54.034,-12.278],[-54.044,-12.294],[-54.051,-12.294],[-54.053,-12.303],[-54.058,-12.294],[-54.063,-12.304],[-54.067,-12.303],[-54.07,-12.315],[-54.08,-12.314],[-54.071,-12.332],[-54.078,-12.339],[-54.083,-12.337],[-54.085,-12.345],[-54.093,-12.34],[-54.097,-12.35],[-54.104,-12.339],[-54.111,-12.342],[-54.112,-12.339],[-54.116,-12.345],[-54.132,-12.35],[-54.13,-12.357],[-54.142,-12.38],[-54.137,-12.386],[-54.139,-12.386],[-54.145,-12.385],[-54.15,-12.389],[-54.149,-12.393],[-54.157,-12.393],[-54.159,-12.397],[-54.149,-12.4],[-54.149,-12.404],[-54.167,-12.416],[-54.157,-12.421],[-54.157,-12.424],[-54.176,-12.44],[-54.177,-12.447],[-54.172,-12.451],[-54.176,-12.453],[-54.172,-12.458],[-54.176,-12.458],[-54.172,-12.468],[-54.176,-12.472],[-54.172,-12.475],[-54.168,-12.488],[-54.178,-12.492],[-54.186,-12.487],[-54.185,-12.496],[-54.188,-12.491],[-54.199,-12.497],[-54.195,-12.505],[-54.207,-12.519],[-54.212,-12.52],[-54.208,-12.524],[-54.218,-12.529],[-54.217,-12.534],[-54.222,-12.533],[-54.222,-12.537],[-54.227,-12.54],[-54.228,-12.534],[-54.244,-12.537],[-54.248,-12.542],[-54.243,-12.542],[-54.252,-12.55],[-54.253,-12.556],[-54.256,-12.549],[-54.272,-12.557],[-54.285,-12.576],[-54.289,-12.573],[-54.296,-12.576],[-54.298,-12.572],[-54.298,-12.581],[-54.303,-12.584],[-54.302,-12.589],[-54.297,-12.59],[-54.305,-12.597],[-54.31,-12.596],[-54.308,-12.612],[-54.315,-12.613],[-54.317,-12.618],[-54.312,-12.624],[-54.318,-12.629],[-54.318,-12.636],[-54.325,-12.644],[-54.317,-12.648],[-54.316,-12.652],[-54.322,-12.653],[-54.323,-12.664],[-54.328,-12.67],[-54.326,-12.676],[-54.323,-12.674],[-54.32,-12.679],[-54.324,-12.683],[-54.323,-12.692],[-54.327,-12.694],[-54.328,-12.702],[-54.334,-12.7],[-54.342,-12.705],[-54.338,-12.707],[-54.34,-12.711],[-54.334,-12.716],[-54.341,-12.716],[-54.335,-12.724],[-54.342,-12.732],[-54.344,-12.735],[-54.34,-12.739],[-54.343,-12.739],[-54.341,-12.742],[-54.346,-12.744],[-54.343,-12.754],[-54.345,-12.753],[-54.349,-12.758],[-54.344,-12.763],[-54.344,-12.776],[-54.341,-12.778],[-54.335,-12.796],[-54.341,-12.798],[-54.328,-12.806],[-54.334,-12.819],[-54.331,-12.824],[-54.331,-12.836],[-54.335,-12.836],[-54.338,-12.848],[-54.332,-12.854],[-54.327,-12.853],[-54.325,-12.866],[-54.331,-12.874],[-54.323,-12.882],[-54.334,-12.889],[-54.331,-12.892],[-54.338,-12.898],[-54.341,-12.922],[-54.347,-12.922],[-54.352,-12.931],[-54.349,-12.932],[-54.355,-12.938],[-54.351,-12.943],[-54.355,-12.943],[-54.353,-12.953],[-54.361,-12.957],[-54.369,-12.956],[-54.36,-12.972],[-54.375,-12.978],[-54.376,-12.983],[-54.406,-13.005],[-54.404,-13.01],[-54.398,-13.01],[-54.398,-13.013],[-54.409,-13.033],[-54.402,-13.049],[-54.408,-13.052],[-54.402,-13.062],[-54.422,-13.078],[-54.423,-13.097],[-54.431,-13.099],[-54.424,-13.109],[-54.438,-13.123],[-54.435,-13.129],[-54.442,-13.131],[-54.447,-13.146],[-54.452,-13.151],[-54.455,-13.17],[-54.465,-13.179],[-54.466,-13.186],[-54.459,-13.198],[-54.461,-13.204],[-54.467,-13.208],[-54.465,-13.222],[-54.471,-13.226],[-54.472,-13.235],[-54.494,-13.245],[-54.509,-13.249],[-54.523,-13.257],[-54.524,-13.261],[-54.533,-13.262],[-54.542,-13.277],[-54.542,-13.297],[-54.554,-13.326],[-54.554,-13.338],[-54.558,-13.341],[-54.567,-13.341],[-54.58,-13.35],[-54.583,-13.358],[-54.589,-13.363],[-54.589,-13.37],[-54.593,-13.372],[-54.593,-13.379],[-54.597,-13.381],[-54.598,-13.388],[-54.605,-13.385],[-54.607,-13.391],[-54.618,-13.394],[-54.618,-13.398],[-54.628,-13.406],[-54.626,-13.412],[-54.63,-13.429],[-54.631,-13.431],[-54.634,-13.427],[-54.651,-13.456],[-54.652,-13.467],[-54.647,-13.481],[-54.646,-13.498],[-54.671,-13.514],[-54.669,-13.525],[-54.664,-13.528],[-54.667,-13.538],[-54.658,-13.554],[-54.654,-13.554],[-54.654,-13.562],[-54.65,-13.566],[-54.655,-13.566],[-54.651,-13.574],[-54.653,-13.58],[-54.659,-13.584],[-54.662,-13.594],[-54.666,-13.596],[-54.663,-13.604],[-54.674,-13.615],[-54.673,-13.62],[-54.677,-13.626],[-54.677,-13.633],[-54.671,-13.636],[-54.672,-13.649],[-54.665,-13.668],[-54.668,-13.685],[-54.661,-13.696],[-54.665,-13.717],[-54.67,-13.726],[-54.665,-13.733],[-54.663,-13.745],[-54.656,-13.751],[-54.655,-13.766],[-54.651,-13.769],[-54.653,-13.77],[-54.648,-13.773],[-54.639,-13.789],[-54.661,-13.812],[-54.67,-13.816],[-54.691,-13.821],[-54.697,-13.818],[-54.757,-13.87],[-54.996,-13.751],[-55.099,-13.699],[-55.084,-13.689],[-55.084,-13.662],[-55.097,-13.609],[-55.119,-13.511],[-55.122,-13.501],[-55.132,-13.489],[-55.138,-13.461],[-55.145,-13.454],[-55.145,-13.427],[-55.174,-13.388],[-55.176,-13.374],[-55.17,-13.352],[-55.244,-13.353],[-55.252,-13.34],[-55.255,-13.323],[-55.275,-13.315],[-55.281,-13.305],[-55.282,-13.297],[-55.291,-13.286],[-55.305,-13.287],[-55.309,-13.284],[-55.323,-13.252],[-55.321,-13.235],[-55.326,-13.224],[-55.325,-13.206],[-55.322,-13.185],[-55.312,-13.165],[-55.299,-13.157],[-55.293,-13.13],[-55.297,-13.12],[-55.314,-13.107],[-55.329,-13.088],[-55.339,-13.088],[-55.344,-13.084],[-55.339,-13.072],[-55.345,-13.07],[-55.345,-13.066],[-55.352,-13.061],[-55.354,-13.052],[-55.354,-13.037],[-55.357,-13.035],[-55.351,-13.028],[-55.357,-13.025],[-55.361,-13.009],[-55.356,-13.008],[-55.357,-13.004],[-55.353,-13.003],[-55.356,-12.999],[-55.351,-12.989],[-55.36,-12.979],[-55.372,-12.975],[-55.378,-12.964],[-55.375,-12.963],[-55.377,-12.957],[-55.382,-12.957],[-55.393,-12.946],[-55.404,-12.93],[-55.403,-12.924],[-55.408,-12.925],[-55.422,-12.906],[-55.426,-12.906],[-55.426,-12.897],[-55.434,-12.895],[-55.442,-12.889],[-55.445,-12.89],[-55.457,-12.856],[-55.466,-12.852],[-55.469,-12.844],[-55.469,-12.826],[-55.465,-12.821],[-55.468,-12.818],[-55.456,-12.804],[-55.456,-12.799],[-55.451,-12.797],[-55.437,-12.804],[-55.426,-12.814],[-55.43,-12.833],[-55.421,-12.847],[-55.377,-12.855],[-55.375,-12.831],[-55.398,-12.799],[-55.387,-12.784],[-55.376,-12.749],[-55.36,-12.736],[-55.336,-12.731],[-55.303,-12.694],[-55.29,-12.689],[-55.278,-12.672],[-55.275,-12.655],[-55.265,-12.648],[-55.249,-12.648],[-55.243,-12.641],[-55.236,-12.639],[-55.235,-12.639],[-55.226,-12.657],[-55.229,-12.686],[-55.196,-12.681],[-54.96,-12.68],[-54.919,-12.679],[-54.916,-12.681],[-54.915,-12.665],[-54.911,-12.665],[-54.91,-12.66],[-54.906,-12.662],[-54.895,-12.653],[-54.889,-12.651],[-54.88,-12.655],[-54.878,-12.65],[-54.872,-12.652],[-54.867,-12.649],[-54.863,-12.642],[-54.855,-12.642],[-54.853,-12.646],[-54.837,-12.638],[-54.826,-12.642],[-54.82,-12.634],[-54.807,-12.631],[-54.807,-12.626],[-54.801,-12.629],[-54.797,-12.623],[-54.791,-12.626],[-54.775,-12.613],[-54.773,-12.608],[-54.765,-12.612],[-54.765,-12.609],[-54.76,-12.61],[-54.745,-12.599],[-54.74,-12.582],[-54.735,-12.581],[-54.737,-12.575],[-54.729,-12.575],[-54.732,-12.566],[-54.725,-12.561],[-54.735,-12.546],[-54.731,-12.547],[-54.731,-12.541],[-54.729,-12.543],[-54.719,-12.539],[-54.717,-12.524],[-54.706,-12.508],[-54.704,-12.492],[-54.694,-12.488],[-54.694,-12.484],[-54.685,-12.484],[-54.67,-12.474],[-54.653,-12.481],[-54.642,-12.481],[-54.624,-12.471],[-54.62,-12.475],[-54.607,-12.476],[-54.595,-12.467],[-54.586,-12.47],[-54.578,-12.465],[-54.561,-12.467],[-54.551,-12.462],[-54.547,-12.453],[-54.54,-12.452],[-54.534,-12.455],[-54.531,-12.453],[-54.535,-12.448],[-54.528,-12.423],[-54.531,-12.418],[-54.528,-12.415],[-54.531,-12.414],[-54.524,-12.408],[-54.521,-12.397],[-54.515,-12.395],[-54.517,-12.384],[-54.505,-12.385],[-54.483,-12.361],[-54.468,-12.36],[-54.462,-12.365],[-54.461,-12.361],[-54.451,-12.361],[-54.453,-12.356],[-54.442,-12.359],[-54.443,-12.356],[-54.443,-12.348],[-54.433,-12.35],[-54.429,-12.347],[-54.426,-12.334],[-54.41,-12.345],[-54.403,-12.342],[-54.398,-12.333],[-54.382,-12.326],[-54.376,-12.315],[-54.364,-12.31],[-54.365,-12.307],[-54.358,-12.307],[-54.356,-12.3],[-54.349,-12.301],[-54.346,-12.307],[-54.33,-12.298],[-54.32,-12.299],[-54.312,-12.289],[-54.317,-12.284],[-54.309,-12.282],[-54.304,-12.282],[-54.3,-12.29],[-54.29,-12.286],[-54.286,-12.27],[-54.278,-12.272],[-54.272,-12.27],[-54.257,-12.254],[-54.252,-12.259],[-54.245,-12.258],[-54.247,-12.263],[-54.244,-12.263],[-54.242,-12.255],[-54.236,-12.257],[-54.233,-12.255],[-54.239,-12.248],[-54.242,-12.25],[-54.239,-12.244],[-54.224,-12.243],[-54.224,-12.248],[-54.219,-12.241],[-54.211,-12.244],[-54.203,-12.241],[-54.203,-12.247],[-54.196,-12.248],[-54.197,-12.244],[-54.191,-12.24],[-54.19,-12.234],[-54.18,-12.238],[-54.183,-12.233],[-54.183,-12.219],[-54.178,-12.211],[-54.177,-12.206],[-54.172,-12.206],[-54.166,-12.199],[-54.16,-12.197],[-54.152,-12.18],[-54.146,-12.183],[-54.146,-12.176],[-54.138,-12.178],[-54.143,-12.171],[-54.131,-12.165],[-54.126,-12.173],[-54.124,-12.167],[-54.119,-12.168],[-54.119,-12.163],[-54.114,-12.167],[-54.105,-12.154],[-54.104,-12.147],[-54.096,-12.149],[-54.102,-12.156],[-54.1,-12.163],[-54.096,-12.157],[-54.089,-12.162],[-54.078,-12.159],[-54.071,-12.165],[-54.057,-12.162],[-54.056,-12.145],[-54.05,-12.14],[-54.054,-12.135],[-54.05,-12.135],[-54.047,-12.13],[-54.036,-12.13],[-54.036,-12.128],[-54.04,-12.128],[-54.038,-12.122],[-54.024,-12.116],[-54.016,-12.116],[-54.017,-12.109],[-54.013,-12.109],[-54.003,-12.114],[-53.997,-12.124],[-53.993,-12.12],[-53.989,-12.123],[-53.985,-12.122],[-53.992,-12.125],[-53.976,-12.126],[-53.97,-12.12],[-53.96,-12.121],[-53.965,-12.115],[-53.958,-12.109],[-53.954,-12.099],[-53.947,-12.096],[-53.947,-12.088],[-53.937,-12.09],[-53.93,-12.096],[-53.925,-12.089],[-53.911,-12.098],[-53.907,-12.096],[-53.902,-12.085],[-53.889,-12.08],[-53.88,-12.083],[-53.876,-12.076],[-53.863,-12.087],[-53.849,-12.089],[-53.855,-12.087],[-53.852,-12.079],[-53.855,-12.072],[-53.848,-12.063],[-53.842,-12.072],[-53.835,-12.076]]]}},{"type":"Feature","properties":{"id":"5106257","nome":"Nova Xavantina"},"geometry":{"type":"Polygon","coordinates":[[[-52.425,-14.177],[-52.424,-14.18],[-52.414,-14.177],[-52.409,-14.182],[-52.403,-14.18],[-52.396,-14.184],[-52.382,-14.181],[-52.376,-14.187],[-52.379,-14.196],[-52.375,-14.201],[-52.38,-14.203],[-52.375,-14.204],[-52.381,-14.215],[-52.382,-14.217],[-52.378,-14.217],[-52.373,-14.224],[-52.373,-14.229],[-52.38,-14.23],[-52.381,-14.238],[-52.378,-14.247],[-52.383,-14.26],[-52.39,-14.259],[-52.393,-14.286],[-52.391,-14.291],[-52.385,-14.292],[-52.387,-14.304],[-52.373,-14.301],[-52.365,-14.302],[-52.364,-14.318],[-52.354,-14.319],[-52.352,-14.327],[-52.347,-14.331],[-52.339,-14.328],[-52.34,-14.337],[-52.337,-14.34],[-52.332,-14.339],[-52.322,-14.346],[-52.316,-14.345],[-52.322,-14.355],[-52.328,-14.356],[-52.322,-14.359],[-52.331,-14.363],[-52.328,-14.373],[-52.332,-14.376],[-52.322,-14.391],[-52.329,-14.39],[-52.329,-14.395],[-52.326,-14.399],[-52.332,-14.404],[-52.326,-14.41],[-52.319,-14.407],[-52.317,-14.411],[-52.323,-14.416],[-52.321,-14.434],[-52.311,-14.442],[-52.311,-14.457],[-52.308,-14.46],[-52.311,-14.469],[-52.318,-14.461],[-52.322,-14.493],[-52.331,-14.495],[-52.327,-14.512],[-52.323,-14.521],[-52.318,-14.523],[-52.321,-14.528],[-52.316,-14.534],[-52.331,-14.534],[-52.332,-14.534],[-52.336,-14.538],[-52.327,-14.539],[-52.331,-14.54],[-52.335,-14.55],[-52.329,-14.551],[-52.333,-14.552],[-52.339,-14.567],[-52.33,-14.577],[-52.324,-14.574],[-52.323,-14.577],[-52.299,-14.564],[-52.292,-14.581],[-52.263,-14.58],[-52.263,-14.573],[-52.251,-14.561],[-52.25,-14.554],[-52.243,-14.559],[-52.238,-14.555],[-52.224,-14.568],[-52.212,-14.569],[-52.203,-14.589],[-52.195,-14.597],[-52.179,-14.607],[-52.174,-14.608],[-52.17,-14.603],[-52.164,-14.61],[-52.157,-14.634],[-52.154,-14.626],[-52.154,-14.607],[-52.137,-14.626],[-52.142,-14.63],[-52.141,-14.632],[-52.134,-14.637],[-52.117,-14.659],[-52.108,-14.652],[-52.104,-14.654],[-52.101,-14.661],[-52.103,-14.68],[-52.094,-14.686],[-52.083,-14.673],[-52.057,-14.675],[-52.049,-14.669],[-52.044,-14.659],[-52.013,-14.636],[-52.01,-14.606],[-52.003,-14.602],[-51.973,-14.598],[-51.953,-14.585],[-51.943,-14.584],[-51.924,-14.575],[-51.912,-14.564],[-51.911,-14.546],[-51.892,-14.525],[-51.888,-14.515],[-51.874,-14.503],[-51.858,-14.502],[-51.851,-14.49],[-51.844,-14.491],[-51.842,-14.502],[-51.836,-14.511],[-51.828,-14.507],[-51.822,-14.497],[-51.812,-14.493],[-51.81,-14.489],[-51.812,-14.482],[-51.823,-14.481],[-51.828,-14.477],[-51.812,-14.47],[-51.8,-14.456],[-51.789,-14.469],[-51.788,-14.475],[-51.781,-14.477],[-51.74,-14.43],[-51.733,-14.419],[-51.733,-14.414],[-51.745,-14.4],[-51.748,-14.38],[-51.719,-14.372],[-51.706,-14.38],[-51.715,-14.398],[-51.712,-14.406],[-51.704,-14.41],[-51.703,-14.424],[-51.705,-14.431],[-51.711,-14.432],[-51.716,-14.429],[-51.719,-14.431],[-51.717,-14.438],[-51.707,-14.453],[-51.723,-14.455],[-51.725,-14.46],[-51.72,-14.468],[-51.71,-14.47],[-51.714,-14.477],[-51.707,-14.483],[-51.707,-14.494],[-51.699,-14.497],[-51.691,-14.536],[-51.696,-14.58],[-51.703,-14.581],[-51.705,-14.588],[-51.719,-14.599],[-51.734,-14.599],[-51.738,-14.604],[-51.748,-14.598],[-51.762,-14.599],[-51.772,-14.608],[-51.777,-14.616],[-51.772,-14.631],[-51.773,-14.64],[-51.781,-14.645],[-51.786,-14.642],[-51.785,-14.637],[-51.792,-14.638],[-51.796,-14.634],[-51.808,-14.652],[-51.814,-14.652],[-51.811,-14.659],[-51.815,-14.66],[-51.814,-14.665],[-51.809,-14.661],[-51.804,-14.665],[-51.817,-14.675],[-51.822,-14.674],[-51.827,-14.68],[-51.821,-14.686],[-51.825,-14.692],[-51.82,-14.696],[-51.825,-14.696],[-51.831,-14.702],[-51.835,-14.701],[-51.836,-14.695],[-51.846,-14.694],[-51.849,-14.699],[-51.857,-14.699],[-51.86,-14.704],[-51.855,-14.716],[-51.861,-14.717],[-51.866,-14.712],[-51.863,-14.719],[-51.856,-14.722],[-51.862,-14.722],[-51.862,-14.725],[-51.865,-14.726],[-51.865,-14.736],[-51.858,-14.734],[-51.856,-14.741],[-51.863,-14.743],[-51.879,-14.738],[-51.883,-14.733],[-51.888,-14.733],[-51.89,-14.737],[-51.894,-14.734],[-51.894,-14.748],[-51.901,-14.752],[-51.901,-14.759],[-51.907,-14.76],[-51.904,-14.767],[-51.914,-14.771],[-51.913,-14.767],[-51.917,-14.771],[-51.919,-14.766],[-51.924,-14.767],[-51.923,-14.764],[-51.935,-14.763],[-51.938,-14.767],[-51.934,-14.776],[-51.937,-14.784],[-51.943,-14.786],[-51.95,-14.781],[-51.949,-14.769],[-51.957,-14.76],[-51.966,-14.764],[-51.966,-14.773],[-51.97,-14.77],[-51.973,-14.774],[-51.974,-14.783],[-51.98,-14.781],[-51.986,-14.787],[-51.989,-14.784],[-51.994,-14.791],[-51.992,-14.799],[-52.001,-14.8],[-52.009,-14.798],[-52.014,-14.801],[-52.02,-14.804],[-52.021,-14.812],[-52.044,-14.82],[-52.048,-14.826],[-52.055,-14.828],[-52.056,-14.837],[-52.068,-14.845],[-52.074,-14.844],[-52.089,-14.86],[-52.103,-14.859],[-52.112,-14.849],[-52.115,-14.849],[-52.123,-14.842],[-52.132,-14.846],[-52.134,-14.851],[-52.144,-14.843],[-52.151,-14.844],[-52.153,-14.838],[-52.158,-14.834],[-52.169,-14.836],[-52.174,-14.832],[-52.181,-14.818],[-52.19,-14.813],[-52.197,-14.814],[-52.205,-14.829],[-52.238,-14.822],[-52.249,-14.83],[-52.252,-14.836],[-52.252,-14.851],[-52.261,-14.865],[-52.285,-14.875],[-52.299,-14.892],[-52.314,-14.901],[-52.315,-14.909],[-52.329,-14.924],[-52.345,-14.934],[-52.367,-14.934],[-52.381,-14.943],[-52.386,-14.939],[-52.407,-14.941],[-52.411,-14.936],[-52.419,-14.935],[-52.426,-14.93],[-52.439,-14.926],[-52.446,-14.928],[-52.475,-14.891],[-52.487,-14.893],[-52.538,-15.171],[-52.54,-15.16],[-52.55,-15.155],[-52.557,-15.123],[-52.573,-15.095],[-52.592,-15.047],[-52.587,-15.032],[-52.592,-15.022],[-52.596,-14.998],[-52.604,-14.987],[-52.605,-14.974],[-52.598,-14.951],[-52.602,-14.937],[-52.611,-14.929],[-52.635,-14.922],[-52.639,-14.909],[-52.635,-14.903],[-52.637,-14.9],[-52.634,-14.892],[-52.636,-14.878],[-52.643,-14.878],[-52.645,-14.873],[-52.663,-14.864],[-52.677,-14.862],[-52.676,-14.856],[-52.669,-14.845],[-52.675,-14.836],[-52.675,-14.823],[-52.663,-14.811],[-52.662,-14.803],[-52.657,-14.798],[-52.641,-14.799],[-52.657,-14.781],[-52.671,-14.786],[-52.676,-14.779],[-52.681,-14.781],[-52.683,-14.776],[-52.694,-14.777],[-52.702,-14.773],[-52.705,-14.784],[-52.713,-14.789],[-52.72,-14.785],[-52.727,-14.787],[-52.734,-14.775],[-52.74,-14.777],[-52.738,-14.783],[-52.744,-14.789],[-52.748,-14.784],[-52.765,-14.791],[-52.77,-14.795],[-52.776,-14.786],[-52.771,-14.786],[-52.772,-14.78],[-52.793,-14.772],[-52.79,-14.762],[-52.793,-14.745],[-52.789,-14.725],[-52.792,-14.704],[-52.79,-14.687],[-52.769,-14.658],[-52.754,-14.66],[-52.747,-14.609],[-52.687,-14.589],[-52.708,-14.557],[-52.762,-14.474],[-52.799,-14.418],[-52.817,-14.391],[-52.803,-14.378],[-52.797,-14.361],[-52.8,-14.355],[-52.807,-14.353],[-52.806,-14.35],[-52.817,-14.349],[-52.823,-14.351],[-52.831,-14.341],[-52.844,-14.338],[-52.849,-14.344],[-52.863,-14.347],[-52.881,-14.339],[-52.885,-14.332],[-52.896,-14.328],[-52.9,-14.315],[-52.91,-14.306],[-52.904,-14.297],[-52.906,-14.293],[-52.909,-14.293],[-52.913,-14.283],[-52.918,-14.284],[-52.921,-14.268],[-52.932,-14.26],[-52.929,-14.255],[-52.933,-14.248],[-52.951,-14.236],[-52.955,-14.242],[-52.96,-14.231],[-52.881,-14.232],[-52.851,-14.232],[-52.824,-14.232],[-52.817,-14.237],[-52.771,-14.224],[-52.76,-14.225],[-52.756,-14.23],[-52.751,-14.231],[-52.741,-14.222],[-52.686,-14.211],[-52.671,-14.202],[-52.66,-14.188],[-52.649,-14.182],[-52.625,-14.184],[-52.621,-14.19],[-52.623,-14.195],[-52.614,-14.198],[-52.606,-14.207],[-52.595,-14.206],[-52.593,-14.209],[-52.573,-14.195],[-52.566,-14.194],[-52.558,-14.199],[-52.549,-14.194],[-52.544,-14.195],[-52.531,-14.191],[-52.529,-14.185],[-52.522,-14.179],[-52.506,-14.187],[-52.503,-14.185],[-52.5,-14.191],[-52.487,-14.186],[-52.484,-14.191],[-52.46,-14.19],[-52.454,-14.185],[-52.441,-14.182],[-52.435,-14.183],[-52.425,-14.177]]]}},{"type":"Feature","properties":{"id":"5106265","nome":"Novo Mundo"},"geometry":{"type":"Polygon","coordinates":[[[-55.791,-9.44],[-55.604,-9.456],[-55.152,-9.492],[-54.995,-9.505],[-54.991,-9.513],[-54.996,-9.524],[-54.991,-9.534],[-54.988,-9.534],[-54.984,-9.555],[-54.978,-9.561],[-54.981,-9.564],[-54.965,-9.578],[-54.972,-9.581],[-54.974,-9.588],[-54.982,-9.595],[-54.979,-9.595],[-54.979,-9.604],[-54.974,-9.613],[-54.973,-9.629],[-54.977,-9.63],[-54.969,-9.638],[-54.971,-9.643],[-54.967,-9.662],[-54.962,-9.662],[-54.956,-9.672],[-54.963,-9.685],[-54.964,-9.695],[-54.971,-9.716],[-54.967,-9.721],[-54.973,-9.725],[-54.97,-9.728],[-54.975,-9.732],[-54.973,-9.738],[-54.978,-9.748],[-54.977,-9.752],[-54.98,-9.752],[-54.98,-9.761],[-54.985,-9.763],[-54.986,-9.776],[-54.99,-9.779],[-54.985,-9.797],[-54.993,-9.816],[-54.996,-9.821],[-55.002,-9.82],[-55.014,-9.828],[-55.018,-9.838],[-55.026,-9.833],[-55.035,-9.843],[-55.042,-9.84],[-55.044,-9.843],[-55.038,-9.849],[-55.041,-9.85],[-55.038,-9.862],[-55.043,-9.862],[-55.04,-9.872],[-55.044,-9.872],[-55.047,-9.878],[-55.052,-9.878],[-55.051,-9.884],[-55.055,-9.886],[-55.041,-9.891],[-55.038,-9.887],[-55.038,-9.894],[-55.032,-9.902],[-55.034,-9.91],[-55.04,-9.91],[-55.033,-9.916],[-55.037,-9.923],[-55.036,-9.936],[-55.044,-9.937],[-55.044,-9.941],[-55.04,-9.941],[-55.033,-9.949],[-55.032,-9.959],[-55.027,-9.962],[-55.025,-9.959],[-55.021,-9.967],[-55.033,-9.97],[-55.034,-9.974],[-55.039,-9.973],[-55.038,-9.991],[-55.05,-9.993],[-55.052,-10.001],[-55.046,-10.005],[-55.042,-10.012],[-55.04,-10.02],[-55.051,-10.034],[-55.048,-10.041],[-55.127,-10.04],[-55.138,-10.044],[-55.137,-10.048],[-55.161,-10.065],[-55.165,-10.073],[-55.155,-10.07],[-55.156,-10.074],[-55.153,-10.08],[-55.157,-10.091],[-55.167,-10.091],[-55.166,-10.107],[-55.17,-10.106],[-55.168,-10.126],[-55.174,-10.124],[-55.176,-10.127],[-55.167,-10.135],[-55.168,-10.14],[-55.161,-10.146],[-55.158,-10.162],[-55.162,-10.165],[-55.165,-10.182],[-55.173,-10.183],[-55.172,-10.19],[-55.177,-10.192],[-55.187,-10.182],[-55.182,-10.176],[-55.185,-10.174],[-55.185,-10.164],[-55.209,-10.17],[-55.215,-10.168],[-55.212,-10.161],[-55.217,-10.16],[-55.223,-10.152],[-55.222,-10.145],[-55.234,-10.148],[-55.24,-10.144],[-55.241,-10.144],[-55.244,-10.132],[-55.229,-10.118],[-55.236,-10.1],[-55.243,-10.091],[-55.266,-10.112],[-55.268,-10.126],[-55.275,-10.145],[-55.293,-10.155],[-55.316,-10.164],[-55.325,-10.175],[-55.333,-10.173],[-55.344,-10.185],[-55.35,-10.186],[-55.363,-10.174],[-55.378,-10.166],[-55.417,-10.162],[-55.423,-10.152],[-55.44,-10.141],[-55.457,-10.123],[-55.479,-10.125],[-55.494,-10.098],[-55.517,-10.097],[-55.524,-10.093],[-55.528,-10.079],[-55.542,-10.064],[-55.546,-10.061],[-55.555,-10.061],[-55.558,-10.011],[-55.556,-9.998],[-55.559,-9.992],[-55.571,-9.981],[-55.575,-9.969],[-55.575,-9.95],[-55.584,-9.931],[-55.605,-9.912],[-55.618,-9.886],[-55.63,-9.88],[-55.641,-9.88],[-55.661,-9.896],[-55.672,-9.898],[-55.68,-9.89],[-55.691,-9.861],[-55.718,-9.813],[-55.725,-9.796],[-55.745,-9.776],[-55.753,-9.771],[-55.766,-9.769],[-55.781,-9.762],[-55.8,-9.736],[-55.814,-9.732],[-55.831,-9.736],[-55.855,-9.726],[-55.866,-9.717],[-55.89,-9.677],[-55.903,-9.667],[-55.916,-9.647],[-55.929,-9.636],[-55.924,-9.631],[-55.933,-9.613],[-55.933,-9.605],[-55.931,-9.587],[-55.925,-9.585],[-55.915,-9.568],[-55.918,-9.557],[-55.907,-9.565],[-55.91,-9.548],[-55.904,-9.536],[-55.896,-9.528],[-55.897,-9.516],[-55.893,-9.506],[-55.896,-9.502],[-55.905,-9.498],[-55.908,-9.487],[-55.903,-9.452],[-55.897,-9.454],[-55.9,-9.45],[-55.895,-9.449],[-55.893,-9.445],[-55.886,-9.449],[-55.873,-9.449],[-55.87,-9.446],[-55.866,-9.447],[-55.864,-9.443],[-55.862,-9.449],[-55.861,-9.445],[-55.853,-9.45],[-55.854,-9.443],[-55.851,-9.446],[-55.846,-9.446],[-55.838,-9.454],[-55.838,-9.45],[-55.83,-9.45],[-55.817,-9.442],[-55.809,-9.446],[-55.809,-9.443],[-55.8,-9.443],[-55.8,-9.448],[-55.791,-9.44]]]}},{"type":"Feature","properties":{"id":"5106273","nome":"Novo Horizonte do Norte"},"geometry":{"type":"Polygon","coordinates":[[[-57.285,-11.276],[-57.281,-11.288],[-57.276,-11.291],[-57.273,-11.289],[-57.255,-11.296],[-57.245,-11.292],[-57.234,-11.304],[-57.225,-11.308],[-57.213,-11.303],[-57.209,-11.312],[-57.201,-11.318],[-57.197,-11.315],[-57.194,-11.318],[-57.18,-11.317],[-57.16,-11.312],[-57.153,-11.318],[-57.137,-11.32],[-57.139,-11.344],[-57.128,-11.353],[-57.118,-11.354],[-57.108,-11.359],[-57.097,-11.346],[-57.073,-11.342],[-57.062,-11.346],[-57.058,-11.368],[-57.052,-11.386],[-57.056,-11.4],[-57.048,-11.401],[-57.058,-11.42],[-57.069,-11.433],[-57.117,-11.453],[-57.121,-11.462],[-57.141,-11.458],[-57.161,-11.443],[-57.174,-11.442],[-57.179,-11.433],[-57.194,-11.427],[-57.21,-11.43],[-57.213,-11.428],[-57.22,-11.433],[-57.225,-11.445],[-57.257,-11.469],[-57.259,-11.483],[-57.283,-11.511],[-57.329,-11.525],[-57.347,-11.527],[-57.354,-11.522],[-57.371,-11.522],[-57.392,-11.508],[-57.399,-11.498],[-57.407,-11.489],[-57.418,-11.479],[-57.438,-11.469],[-57.442,-11.462],[-57.439,-11.453],[-57.442,-11.442],[-57.454,-11.434],[-57.475,-11.427],[-57.477,-11.422],[-57.47,-11.415],[-57.513,-11.381],[-57.523,-11.364],[-57.536,-11.368],[-57.551,-11.363],[-57.556,-11.338],[-57.556,-11.328],[-57.547,-11.32],[-57.505,-11.31],[-57.493,-11.298],[-57.486,-11.3],[-57.474,-11.292],[-57.465,-11.291],[-57.455,-11.298],[-57.451,-11.296],[-57.437,-11.301],[-57.426,-11.297],[-57.4,-11.29],[-57.391,-11.283],[-57.364,-11.279],[-57.357,-11.276],[-57.351,-11.277],[-57.348,-11.274],[-57.323,-11.274],[-57.311,-11.277],[-57.305,-11.268],[-57.296,-11.269],[-57.285,-11.276]]]}},{"type":"Feature","properties":{"id":"5106281","nome":"Novo S\u00e3o Joaquim"},"geometry":{"type":"Polygon","coordinates":[[[-52.919,-14.738],[-52.916,-14.747],[-52.914,-14.749],[-52.904,-14.755],[-52.89,-14.745],[-52.881,-14.755],[-52.87,-14.75],[-52.863,-14.766],[-52.855,-14.765],[-52.853,-14.776],[-52.841,-14.771],[-52.823,-14.769],[-52.814,-14.779],[-52.805,-14.776],[-52.805,-14.772],[-52.798,-14.775],[-52.793,-14.772],[-52.772,-14.78],[-52.771,-14.786],[-52.776,-14.786],[-52.77,-14.795],[-52.765,-14.791],[-52.748,-14.784],[-52.744,-14.789],[-52.738,-14.783],[-52.74,-14.777],[-52.734,-14.775],[-52.727,-14.787],[-52.72,-14.785],[-52.713,-14.789],[-52.705,-14.784],[-52.702,-14.773],[-52.694,-14.777],[-52.683,-14.776],[-52.681,-14.781],[-52.676,-14.779],[-52.671,-14.786],[-52.657,-14.781],[-52.641,-14.799],[-52.657,-14.798],[-52.662,-14.803],[-52.663,-14.811],[-52.675,-14.823],[-52.675,-14.836],[-52.669,-14.845],[-52.676,-14.856],[-52.677,-14.862],[-52.678,-14.87],[-52.691,-14.889],[-52.698,-14.918],[-52.725,-14.94],[-52.728,-14.956],[-52.73,-14.974],[-52.726,-14.98],[-52.726,-14.986],[-52.732,-15.004],[-52.744,-15.016],[-52.739,-15.023],[-52.751,-15.04],[-52.757,-15.041],[-52.762,-15.056],[-52.765,-15.056],[-52.779,-15.076],[-52.797,-15.089],[-52.802,-15.093],[-52.813,-15.102],[-52.845,-15.131],[-52.858,-15.155],[-52.86,-15.165],[-52.874,-15.182],[-52.88,-15.197],[-52.895,-15.207],[-52.901,-15.22],[-52.899,-15.24],[-52.904,-15.243],[-52.911,-15.24],[-52.925,-15.248],[-52.936,-15.269],[-52.94,-15.274],[-52.959,-15.272],[-52.969,-15.28],[-52.976,-15.269],[-52.981,-15.269],[-52.988,-15.284],[-52.994,-15.286],[-52.997,-15.281],[-52.993,-15.275],[-53.01,-15.267],[-53.017,-15.26],[-53.024,-15.262],[-53.039,-15.273],[-53.044,-15.271],[-53.05,-15.26],[-53.046,-15.25],[-53.051,-15.246],[-53.059,-15.247],[-53.081,-15.249],[-53.095,-15.243],[-53.099,-15.238],[-53.108,-15.236],[-53.116,-15.229],[-53.127,-15.229],[-53.136,-15.235],[-53.144,-15.234],[-53.147,-15.226],[-53.162,-15.229],[-53.165,-15.217],[-53.175,-15.217],[-53.181,-15.222],[-53.189,-15.22],[-53.198,-15.211],[-53.206,-15.214],[-53.212,-15.222],[-53.219,-15.221],[-53.223,-15.227],[-53.234,-15.227],[-53.236,-15.236],[-53.254,-15.237],[-53.262,-15.241],[-53.278,-15.272],[-53.288,-15.279],[-53.286,-15.293],[-53.282,-15.295],[-53.286,-15.297],[-53.296,-15.294],[-53.3,-15.299],[-53.302,-15.305],[-53.299,-15.311],[-53.292,-15.31],[-53.295,-15.321],[-53.294,-15.336],[-53.312,-15.336],[-53.312,-15.345],[-53.321,-15.355],[-53.318,-15.364],[-53.337,-15.366],[-53.34,-15.375],[-53.365,-15.373],[-53.37,-15.37],[-53.379,-15.374],[-53.383,-15.359],[-53.393,-15.353],[-53.395,-15.347],[-53.414,-15.347],[-53.422,-15.34],[-53.43,-15.35],[-53.436,-15.345],[-53.442,-15.346],[-53.443,-15.353],[-53.448,-15.355],[-53.452,-15.354],[-53.456,-15.346],[-53.46,-15.347],[-53.461,-15.362],[-53.481,-15.369],[-53.485,-15.374],[-53.484,-15.381],[-53.497,-15.381],[-53.504,-15.375],[-53.507,-15.38],[-53.502,-15.394],[-53.509,-15.4],[-53.516,-15.398],[-53.52,-15.393],[-53.511,-15.381],[-53.516,-15.378],[-53.512,-15.367],[-53.514,-15.359],[-53.521,-15.364],[-53.53,-15.364],[-53.547,-15.375],[-53.552,-15.372],[-53.553,-15.365],[-53.562,-15.359],[-53.572,-15.362],[-53.591,-15.355],[-53.598,-15.357],[-53.607,-15.347],[-53.614,-15.355],[-53.613,-15.365],[-53.622,-15.365],[-53.638,-15.348],[-53.649,-15.348],[-53.655,-15.341],[-53.66,-15.343],[-53.662,-15.351],[-53.669,-15.347],[-53.676,-15.352],[-53.682,-15.35],[-53.682,-15.342],[-53.692,-15.333],[-53.692,-15.34],[-53.695,-15.343],[-53.712,-15.34],[-53.719,-15.347],[-53.722,-15.345],[-53.723,-15.341],[-53.732,-15.343],[-53.74,-15.34],[-53.733,-15.329],[-53.748,-15.33],[-53.754,-15.318],[-53.766,-15.321],[-53.771,-15.317],[-53.774,-15.312],[-53.773,-15.302],[-53.783,-15.307],[-53.78,-15.312],[-53.787,-15.311],[-53.786,-15.292],[-53.792,-15.287],[-53.795,-15.279],[-53.803,-15.277],[-53.808,-15.282],[-53.809,-15.267],[-53.856,-15.253],[-53.86,-15.245],[-53.874,-15.248],[-53.875,-15.265],[-53.884,-15.263],[-53.888,-15.258],[-53.898,-15.261],[-53.914,-15.258],[-53.912,-15.252],[-53.906,-15.249],[-53.908,-15.245],[-53.921,-15.244],[-53.923,-15.25],[-53.928,-15.252],[-53.933,-15.241],[-53.947,-15.247],[-53.949,-15.245],[-53.946,-15.237],[-53.913,-15.202],[-53.909,-15.161],[-53.857,-15.11],[-53.796,-15.137],[-53.774,-15.142],[-53.734,-15.152],[-53.664,-15.098],[-53.63,-15.079],[-53.596,-15.031],[-53.579,-14.995],[-53.565,-14.982],[-53.541,-14.939],[-53.531,-14.94],[-53.502,-14.973],[-53.489,-14.957],[-53.465,-14.956],[-53.445,-14.943],[-53.438,-14.932],[-53.418,-14.925],[-53.41,-14.933],[-53.394,-14.933],[-53.381,-14.925],[-53.373,-14.928],[-53.36,-14.924],[-53.341,-14.902],[-53.323,-14.892],[-53.309,-14.88],[-53.301,-14.866],[-53.291,-14.862],[-53.281,-14.87],[-53.275,-14.868],[-53.259,-14.875],[-53.254,-14.874],[-53.253,-14.877],[-53.245,-14.875],[-53.242,-14.872],[-53.238,-14.876],[-53.226,-14.869],[-53.224,-14.874],[-53.203,-14.877],[-53.199,-14.873],[-53.193,-14.875],[-53.194,-14.87],[-53.177,-14.864],[-53.168,-14.864],[-53.155,-14.873],[-53.153,-14.87],[-53.14,-14.87],[-53.129,-14.873],[-53.129,-14.869],[-53.119,-14.866],[-53.099,-14.879],[-53.09,-14.874],[-53.09,-14.868],[-53.084,-14.864],[-53.085,-14.852],[-53.076,-14.842],[-53.071,-14.844],[-53.068,-14.836],[-53.07,-14.834],[-53.063,-14.827],[-53.055,-14.828],[-53.057,-14.825],[-53.05,-14.819],[-53.053,-14.813],[-53.049,-14.814],[-53.043,-14.81],[-53.042,-14.801],[-53.035,-14.799],[-53.037,-14.783],[-53.034,-14.777],[-53.031,-14.776],[-53.03,-14.749],[-53.023,-14.738],[-53.009,-14.736],[-52.994,-14.742],[-52.98,-14.742],[-52.978,-14.736],[-52.96,-14.731],[-52.949,-14.724],[-52.931,-14.737],[-52.919,-14.738]]]}},{"type":"Feature","properties":{"id":"5106299","nome":"Parana\u00edta"},"geometry":{"type":"Polygon","coordinates":[[[-57.039,-9.197],[-57.034,-9.209],[-57.022,-9.219],[-57.008,-9.223],[-56.995,-9.233],[-56.952,-9.223],[-56.938,-9.23],[-56.879,-9.239],[-56.872,-9.239],[-56.86,-9.231],[-56.844,-9.24],[-56.82,-9.246],[-56.803,-9.267],[-56.785,-9.316],[-56.779,-9.317],[-56.775,-9.329],[-56.775,-9.364],[-56.769,-9.378],[-56.772,-9.391],[-56.761,-9.405],[-56.754,-9.406],[-56.736,-9.396],[-56.718,-9.383],[-56.711,-9.374],[-56.697,-9.374],[-56.671,-9.367],[-56.273,-9.4],[-56.276,-9.419],[-56.266,-9.442],[-56.254,-9.455],[-56.255,-9.473],[-56.261,-9.48],[-56.267,-9.499],[-56.281,-9.51],[-56.3,-9.534],[-56.308,-9.552],[-56.308,-9.554],[-56.32,-9.58],[-56.319,-9.591],[-56.325,-9.599],[-56.327,-9.607],[-56.331,-9.608],[-56.337,-9.623],[-56.335,-9.628],[-56.339,-9.63],[-56.341,-9.641],[-56.337,-9.649],[-56.343,-9.664],[-56.342,-9.688],[-56.346,-9.69],[-56.345,-9.698],[-56.354,-9.719],[-56.353,-9.734],[-56.35,-9.738],[-56.349,-9.753],[-56.355,-9.764],[-56.352,-9.774],[-56.347,-9.777],[-56.341,-9.791],[-56.353,-9.806],[-56.363,-9.811],[-56.359,-9.826],[-56.36,-9.839],[-56.371,-9.851],[-56.368,-9.863],[-56.373,-9.878],[-56.364,-9.89],[-56.346,-9.9],[-56.332,-9.895],[-56.33,-9.902],[-56.375,-9.919],[-56.444,-9.907],[-56.485,-9.93],[-56.503,-9.933],[-56.525,-9.935],[-56.537,-9.933],[-56.615,-9.941],[-56.642,-9.941],[-56.657,-9.936],[-56.901,-9.947],[-56.936,-9.935],[-56.921,-9.928],[-56.917,-9.917],[-56.91,-9.917],[-56.898,-9.91],[-56.892,-9.893],[-56.909,-9.88],[-56.909,-9.874],[-56.891,-9.852],[-56.879,-9.846],[-56.861,-9.848],[-56.859,-9.859],[-56.848,-9.87],[-56.844,-9.869],[-56.841,-9.858],[-56.85,-9.851],[-56.865,-9.822],[-56.863,-9.817],[-56.851,-9.814],[-56.849,-9.793],[-56.863,-9.797],[-56.882,-9.782],[-56.886,-9.768],[-56.876,-9.752],[-56.888,-9.741],[-56.882,-9.723],[-56.894,-9.714],[-56.893,-9.707],[-56.914,-9.669],[-56.929,-9.662],[-56.918,-9.645],[-56.92,-9.642],[-56.923,-9.644],[-56.927,-9.638],[-56.925,-9.626],[-56.936,-9.619],[-56.936,-9.605],[-56.94,-9.594],[-56.965,-9.587],[-56.963,-9.575],[-56.97,-9.573],[-56.973,-9.579],[-56.979,-9.576],[-56.977,-9.567],[-56.979,-9.56],[-56.988,-9.56],[-56.997,-9.566],[-57.003,-9.55],[-57.017,-9.557],[-57.021,-9.552],[-57.015,-9.547],[-57.019,-9.54],[-57.047,-9.535],[-57.052,-9.528],[-57.056,-9.527],[-57.057,-9.519],[-57.063,-9.511],[-57.047,-9.502],[-57.066,-9.476],[-57.057,-9.472],[-57.057,-9.462],[-57.064,-9.461],[-57.064,-9.457],[-57.068,-9.456],[-57.091,-9.458],[-57.098,-9.45],[-57.107,-9.446],[-57.111,-9.434],[-57.122,-9.432],[-57.125,-9.429],[-57.133,-9.419],[-57.129,-9.404],[-57.112,-9.398],[-57.108,-9.402],[-57.093,-9.402],[-57.091,-9.396],[-57.082,-9.391],[-57.084,-9.369],[-57.081,-9.362],[-57.076,-9.355],[-57.084,-9.356],[-57.087,-9.352],[-57.088,-9.331],[-57.094,-9.319],[-57.087,-9.317],[-57.086,-9.324],[-57.079,-9.327],[-57.076,-9.32],[-57.068,-9.312],[-57.068,-9.305],[-57.07,-9.297],[-57.085,-9.286],[-57.092,-9.277],[-57.08,-9.239],[-57.082,-9.233],[-57.087,-9.23],[-57.09,-9.233],[-57.095,-9.228],[-57.102,-9.207],[-57.095,-9.204],[-57.086,-9.206],[-57.074,-9.203],[-57.081,-9.199],[-57.084,-9.191],[-57.062,-9.191],[-57.06,-9.182],[-57.047,-9.194],[-57.039,-9.197]]]}},{"type":"Feature","properties":{"id":"5106307","nome":"Paranatinga"},"geometry":{"type":"Polygon","coordinates":[[[-53.538,-11.955],[-53.538,-11.96],[-53.543,-11.961],[-53.54,-11.965],[-53.538,-11.964],[-53.535,-11.978],[-53.531,-11.977],[-53.53,-11.982],[-53.526,-11.984],[-53.53,-11.985],[-53.525,-11.987],[-53.528,-11.991],[-53.522,-11.995],[-53.522,-12.005],[-53.525,-12.008],[-53.522,-12.014],[-53.535,-12.015],[-53.535,-12.019],[-53.54,-12.022],[-53.54,-12.027],[-53.537,-12.029],[-53.542,-12.038],[-53.537,-12.036],[-53.539,-12.046],[-53.534,-12.051],[-53.538,-12.053],[-53.537,-12.057],[-53.544,-12.059],[-53.542,-12.069],[-53.545,-12.066],[-53.549,-12.069],[-53.546,-12.074],[-53.553,-12.089],[-53.579,-12.106],[-53.579,-12.112],[-53.581,-12.113],[-53.577,-12.124],[-53.587,-12.13],[-53.582,-12.133],[-53.586,-12.134],[-53.59,-12.131],[-53.591,-12.134],[-53.593,-12.133],[-53.594,-12.138],[-53.59,-12.14],[-53.592,-12.146],[-53.595,-12.144],[-53.592,-12.148],[-53.596,-12.154],[-53.591,-12.163],[-53.593,-12.165],[-53.59,-12.167],[-53.593,-12.17],[-53.588,-12.171],[-53.593,-12.174],[-53.587,-12.173],[-53.594,-12.188],[-53.604,-12.188],[-53.603,-12.198],[-53.601,-12.197],[-53.598,-12.202],[-53.602,-12.213],[-53.604,-12.211],[-53.622,-12.224],[-53.62,-12.228],[-53.629,-12.234],[-53.631,-12.243],[-53.638,-12.239],[-53.644,-12.243],[-53.641,-12.248],[-53.647,-12.258],[-53.646,-12.263],[-53.648,-12.263],[-53.647,-12.269],[-53.65,-12.273],[-53.664,-12.273],[-53.659,-12.279],[-53.66,-12.289],[-53.664,-12.292],[-53.668,-12.291],[-53.678,-12.307],[-53.676,-12.314],[-53.684,-12.324],[-53.69,-12.347],[-53.692,-12.346],[-53.701,-12.358],[-53.712,-12.356],[-53.711,-12.36],[-53.718,-12.363],[-53.718,-12.378],[-53.713,-12.378],[-53.721,-12.379],[-53.718,-12.384],[-53.722,-12.381],[-53.719,-12.389],[-53.724,-12.39],[-53.721,-12.394],[-53.733,-12.41],[-53.739,-12.408],[-53.741,-12.414],[-53.738,-12.412],[-53.739,-12.419],[-53.743,-12.418],[-53.744,-12.423],[-53.747,-12.419],[-53.758,-12.423],[-53.766,-12.435],[-53.774,-12.431],[-53.774,-12.445],[-53.781,-12.444],[-53.781,-12.45],[-53.789,-12.448],[-53.783,-12.451],[-53.782,-12.456],[-53.784,-12.454],[-53.789,-12.46],[-53.785,-12.463],[-53.789,-12.464],[-53.786,-12.468],[-53.788,-12.472],[-53.791,-12.468],[-53.798,-12.476],[-53.797,-12.492],[-53.79,-12.495],[-53.799,-12.5],[-53.793,-12.5],[-53.798,-12.504],[-53.794,-12.502],[-53.796,-12.509],[-53.792,-12.513],[-53.797,-12.519],[-53.795,-12.528],[-53.784,-12.527],[-53.786,-12.532],[-53.782,-12.535],[-53.785,-12.535],[-53.786,-12.547],[-53.778,-12.546],[-53.776,-12.552],[-53.771,-12.55],[-53.773,-12.567],[-53.776,-12.573],[-53.78,-12.573],[-53.776,-12.576],[-53.782,-12.577],[-53.78,-12.58],[-53.784,-12.588],[-53.787,-12.587],[-53.788,-12.592],[-53.791,-12.591],[-53.799,-12.6],[-53.798,-12.607],[-53.803,-12.609],[-53.798,-12.62],[-53.801,-12.626],[-53.798,-12.624],[-53.799,-12.629],[-53.804,-12.629],[-53.798,-12.641],[-53.801,-12.647],[-53.806,-12.644],[-53.804,-12.649],[-53.809,-12.65],[-53.807,-12.654],[-53.812,-12.655],[-53.804,-12.66],[-53.815,-12.666],[-53.815,-12.67],[-53.811,-12.669],[-53.813,-12.681],[-53.818,-12.677],[-53.816,-12.686],[-53.821,-12.689],[-53.821,-12.695],[-53.829,-12.696],[-53.832,-12.691],[-53.835,-12.7],[-53.841,-12.703],[-53.837,-12.714],[-53.84,-12.715],[-53.839,-12.718],[-53.846,-12.719],[-53.842,-12.725],[-53.846,-12.728],[-53.84,-12.732],[-53.842,-12.741],[-53.835,-12.741],[-53.835,-12.747],[-53.831,-12.745],[-53.827,-12.749],[-53.834,-12.751],[-53.833,-12.758],[-53.838,-12.763],[-53.835,-12.778],[-53.836,-12.782],[-53.841,-12.784],[-53.838,-12.788],[-53.844,-12.795],[-53.848,-12.792],[-53.847,-12.795],[-53.862,-12.807],[-53.864,-12.823],[-53.872,-12.826],[-53.869,-12.828],[-53.872,-12.831],[-53.869,-12.835],[-53.878,-12.834],[-53.881,-12.836],[-53.878,-12.838],[-53.88,-12.84],[-53.892,-12.844],[-53.887,-12.85],[-53.89,-12.853],[-53.884,-12.855],[-53.887,-12.862],[-53.89,-12.86],[-53.891,-12.863],[-53.894,-12.862],[-53.893,-12.867],[-53.898,-12.871],[-53.889,-12.88],[-53.895,-12.878],[-53.894,-12.882],[-53.897,-12.887],[-53.901,-12.886],[-53.902,-12.891],[-53.906,-12.896],[-53.906,-12.89],[-53.924,-12.898],[-53.92,-12.902],[-53.92,-12.909],[-53.921,-12.905],[-53.926,-12.913],[-53.933,-12.914],[-53.93,-12.916],[-53.933,-12.918],[-53.928,-12.92],[-53.927,-12.926],[-53.933,-12.934],[-53.93,-12.939],[-53.934,-12.942],[-53.935,-12.953],[-53.939,-12.951],[-53.949,-12.968],[-53.954,-12.967],[-53.958,-12.971],[-53.963,-12.972],[-53.97,-12.983],[-53.98,-12.982],[-53.983,-12.998],[-53.989,-13.001],[-53.987,-13.004],[-53.992,-13.009],[-53.991,-13.012],[-53.995,-13.013],[-53.986,-13.028],[-53.982,-13.042],[-53.985,-13.044],[-53.982,-13.047],[-53.984,-13.053],[-53.977,-13.056],[-53.979,-13.061],[-53.976,-13.073],[-53.98,-13.075],[-53.977,-13.089],[-53.98,-13.089],[-53.98,-13.092],[-53.983,-13.094],[-53.982,-13.104],[-54.003,-13.125],[-54.006,-13.146],[-54.009,-13.147],[-54.002,-13.165],[-54.011,-13.174],[-54.009,-13.176],[-54.011,-13.182],[-54.006,-13.186],[-54.009,-13.205],[-54.015,-13.226],[-54.021,-13.228],[-54.024,-13.245],[-54.015,-13.259],[-54.006,-13.293],[-54.01,-13.301],[-54.006,-13.309],[-54.007,-13.327],[-54.013,-13.336],[-54.014,-13.352],[-54.007,-13.36],[-54.011,-13.363],[-54.017,-13.362],[-54.024,-13.374],[-54.021,-13.387],[-54.026,-13.39],[-54.018,-13.411],[-54.019,-13.433],[-54.024,-13.438],[-54.021,-13.443],[-54.028,-13.449],[-54.025,-13.46],[-54.031,-13.473],[-54.03,-13.481],[-54.035,-13.484],[-54.029,-13.495],[-54.035,-13.498],[-54.032,-13.502],[-54.036,-13.508],[-54.033,-13.511],[-54.035,-13.514],[-54.032,-13.522],[-54.037,-13.53],[-54.032,-13.537],[-54.039,-13.542],[-54.034,-13.549],[-54.039,-13.568],[-54.047,-13.576],[-54.042,-13.603],[-54.051,-13.607],[-54.046,-13.622],[-54.05,-13.628],[-54.047,-13.634],[-54.053,-13.638],[-54.051,-13.646],[-54.053,-13.654],[-54.063,-13.664],[-54.07,-13.665],[-54.072,-13.671],[-54.077,-13.673],[-54.077,-13.692],[-54.082,-13.694],[-54.091,-13.71],[-54.089,-13.713],[-54.082,-13.712],[-54.085,-13.716],[-54.079,-13.717],[-54.078,-13.721],[-54.083,-13.726],[-54.083,-13.73],[-54.077,-13.731],[-54.08,-13.741],[-54.088,-13.743],[-54.091,-13.748],[-54.09,-13.751],[-54.084,-13.748],[-54.088,-13.753],[-54.089,-13.763],[-54.081,-13.763],[-54.08,-13.771],[-54.083,-13.775],[-54.077,-13.783],[-54.079,-13.795],[-54.086,-13.797],[-54.088,-13.805],[-54.083,-13.809],[-54.062,-13.813],[-54.044,-13.797],[-54.019,-13.802],[-54.013,-13.813],[-54.004,-13.797],[-53.997,-13.791],[-53.983,-13.788],[-53.972,-13.79],[-53.963,-13.798],[-53.956,-13.795],[-53.929,-13.779],[-53.925,-13.772],[-53.923,-13.754],[-53.917,-13.743],[-53.886,-13.732],[-53.853,-13.708],[-53.849,-13.7],[-53.853,-13.689],[-53.85,-13.683],[-53.826,-13.665],[-53.827,-13.66],[-53.82,-13.661],[-53.821,-13.655],[-53.814,-13.645],[-53.815,-13.638],[-53.808,-13.637],[-53.801,-13.624],[-53.804,-13.612],[-53.793,-13.609],[-53.792,-13.605],[-53.789,-13.606],[-53.786,-13.598],[-53.782,-13.598],[-53.785,-13.594],[-53.781,-13.589],[-53.775,-13.588],[-53.775,-13.581],[-53.772,-13.579],[-53.768,-13.587],[-53.761,-13.586],[-53.729,-13.57],[-53.722,-13.572],[-53.722,-13.564],[-53.705,-13.561],[-53.71,-13.549],[-53.705,-13.543],[-53.697,-13.545],[-53.693,-13.543],[-53.696,-13.539],[-53.689,-13.528],[-53.69,-13.523],[-53.681,-13.516],[-53.684,-13.509],[-53.675,-13.51],[-53.676,-13.505],[-53.67,-13.493],[-53.676,-13.491],[-53.668,-13.482],[-53.668,-13.473],[-53.661,-13.471],[-53.661,-13.464],[-53.658,-13.461],[-53.649,-13.462],[-53.643,-13.454],[-53.638,-13.465],[-53.644,-13.471],[-53.631,-13.473],[-53.638,-13.478],[-53.64,-13.484],[-53.632,-13.488],[-53.633,-13.512],[-53.638,-13.515],[-53.637,-13.52],[-53.643,-13.53],[-53.641,-13.533],[-53.644,-13.536],[-53.64,-13.537],[-53.64,-13.54],[-53.647,-13.547],[-53.646,-13.549],[-53.649,-13.548],[-53.639,-13.57],[-53.643,-13.576],[-53.643,-13.581],[-53.648,-13.583],[-53.65,-13.597],[-53.655,-13.607],[-53.66,-13.608],[-53.662,-13.616],[-53.667,-13.62],[-53.668,-13.627],[-53.672,-13.628],[-53.683,-13.641],[-53.681,-13.651],[-53.685,-13.653],[-53.684,-13.658],[-53.7,-13.662],[-53.702,-13.666],[-53.7,-13.669],[-53.704,-13.675],[-53.712,-13.675],[-53.7,-13.681],[-53.696,-13.696],[-53.698,-13.7],[-53.694,-13.707],[-53.704,-13.707],[-53.705,-13.714],[-53.72,-13.732],[-53.714,-13.736],[-53.708,-13.732],[-53.702,-13.738],[-53.706,-13.748],[-53.702,-13.75],[-53.703,-13.757],[-53.698,-13.766],[-53.68,-13.768],[-53.655,-13.76],[-53.635,-13.765],[-53.632,-13.775],[-53.611,-13.779],[-53.594,-13.773],[-53.583,-13.765],[-53.565,-13.762],[-53.554,-13.747],[-53.542,-13.746],[-53.528,-13.736],[-53.522,-13.729],[-53.52,-13.722],[-53.512,-13.719],[-53.506,-13.722],[-53.501,-13.716],[-53.491,-13.686],[-53.478,-13.665],[-53.472,-13.661],[-53.473,-13.653],[-53.467,-13.652],[-53.447,-13.657],[-53.447,-13.655],[-53.439,-13.655],[-53.429,-13.659],[-53.42,-13.653],[-53.42,-13.648],[-53.413,-13.652],[-53.408,-13.65],[-53.404,-13.655],[-53.416,-13.667],[-53.4,-13.685],[-53.399,-13.693],[-53.366,-13.694],[-53.361,-13.697],[-53.359,-13.71],[-53.355,-13.713],[-53.346,-13.715],[-53.327,-13.71],[-53.318,-13.715],[-53.288,-13.719],[-53.285,-13.722],[-53.288,-13.733],[-53.285,-13.753],[-53.28,-13.757],[-53.274,-13.756],[-53.25,-13.772],[-53.223,-13.775],[-53.225,-13.783],[-53.231,-13.785],[-53.249,-13.8],[-53.243,-13.806],[-53.249,-13.81],[-53.249,-13.815],[-53.251,-13.828],[-53.26,-13.831],[-53.261,-13.839],[-53.254,-13.856],[-53.261,-13.865],[-53.256,-13.871],[-53.257,-13.881],[-53.262,-13.885],[-53.263,-13.892],[-53.27,-13.9],[-53.283,-13.907],[-53.285,-13.926],[-53.293,-13.931],[-53.299,-13.948],[-53.298,-13.956],[-53.311,-13.957],[-53.315,-13.96],[-53.321,-13.976],[-53.319,-13.984],[-53.322,-13.992],[-53.319,-13.999],[-53.327,-14.003],[-53.34,-13.999],[-53.346,-14.005],[-53.343,-14.017],[-53.358,-14.024],[-53.355,-14.032],[-53.363,-14.042],[-53.356,-14.045],[-53.355,-14.054],[-53.364,-14.06],[-53.362,-14.071],[-53.367,-14.081],[-53.361,-14.089],[-53.362,-14.094],[-53.365,-14.09],[-53.363,-14.098],[-53.367,-14.099],[-53.364,-14.101],[-53.365,-14.11],[-53.361,-14.112],[-53.365,-14.115],[-53.362,-14.117],[-53.365,-14.118],[-53.365,-14.123],[-53.362,-14.124],[-53.365,-14.127],[-53.362,-14.132],[-53.365,-14.136],[-53.369,-14.139],[-53.363,-14.142],[-53.367,-14.142],[-53.373,-14.152],[-53.375,-14.164],[-53.39,-14.171],[-53.395,-14.181],[-53.4,-14.183],[-53.397,-14.192],[-53.407,-14.196],[-53.402,-14.208],[-53.415,-14.212],[-53.422,-14.235],[-53.429,-14.238],[-53.433,-14.249],[-53.455,-14.265],[-53.455,-14.291],[-53.463,-14.316],[-53.459,-14.324],[-53.457,-14.345],[-53.452,-14.354],[-53.456,-14.361],[-53.452,-14.366],[-53.452,-14.377],[-53.454,-14.389],[-53.466,-14.402],[-53.466,-14.403],[-53.471,-14.409],[-53.479,-14.411],[-53.481,-14.42],[-53.491,-14.422],[-53.492,-14.43],[-53.5,-14.442],[-53.517,-14.444],[-53.511,-14.449],[-53.518,-14.45],[-53.519,-14.464],[-53.533,-14.462],[-53.539,-14.474],[-53.545,-14.477],[-53.551,-14.493],[-53.56,-14.5],[-53.559,-14.51],[-53.555,-14.508],[-53.552,-14.513],[-53.558,-14.516],[-53.559,-14.521],[-53.567,-14.525],[-53.578,-14.545],[-53.583,-14.544],[-53.597,-14.557],[-53.632,-14.567],[-53.639,-14.566],[-53.649,-14.57],[-53.658,-14.567],[-53.673,-14.572],[-53.689,-14.572],[-53.7,-14.577],[-53.703,-14.584],[-53.709,-14.587],[-53.711,-14.597],[-53.722,-14.613],[-53.776,-14.634],[-53.796,-14.63],[-53.813,-14.621],[-53.83,-14.617],[-53.84,-14.621],[-53.848,-14.617],[-53.864,-14.621],[-53.866,-14.624],[-53.87,-14.62],[-53.877,-14.621],[-53.875,-14.628],[-53.882,-14.623],[-53.888,-14.624],[-53.922,-14.636],[-53.93,-14.62],[-53.941,-14.616],[-53.943,-14.611],[-53.96,-14.604],[-53.995,-14.612],[-54.012,-14.61],[-54.016,-14.614],[-54.028,-14.605],[-54.033,-14.61],[-54.036,-14.608],[-54.048,-14.616],[-54.051,-14.611],[-54.057,-14.617],[-54.066,-14.617],[-54.069,-14.614],[-54.079,-14.618],[-54.089,-14.617],[-54.094,-14.621],[-54.107,-14.614],[-54.109,-14.621],[-54.115,-14.62],[-54.12,-14.626],[-54.133,-14.627],[-54.145,-14.644],[-54.162,-14.651],[-54.184,-14.653],[-54.201,-14.689],[-54.225,-14.696],[-54.243,-14.706],[-54.263,-14.708],[-54.268,-14.713],[-54.325,-14.729],[-54.33,-14.692],[-54.334,-14.682],[-54.331,-14.641],[-54.338,-14.641],[-54.346,-14.635],[-54.36,-14.636],[-54.374,-14.633],[-54.386,-14.619],[-54.39,-14.612],[-54.386,-14.606],[-54.393,-14.602],[-54.397,-14.586],[-54.394,-14.58],[-54.396,-14.57],[-54.39,-14.558],[-54.39,-14.548],[-54.395,-14.544],[-54.399,-14.531],[-54.407,-14.53],[-54.411,-14.524],[-54.431,-14.518],[-54.425,-14.513],[-54.427,-14.509],[-54.429,-14.511],[-54.434,-14.507],[-54.442,-14.511],[-54.445,-14.509],[-54.449,-14.501],[-54.452,-14.5],[-54.452,-14.491],[-54.455,-14.488],[-54.45,-14.487],[-54.45,-14.484],[-54.452,-14.481],[-54.457,-14.481],[-54.457,-14.475],[-54.464,-14.474],[-54.476,-14.488],[-54.485,-14.483],[-54.488,-14.485],[-54.49,-14.481],[-54.493,-14.487],[-54.492,-14.497],[-54.495,-14.492],[-54.502,-14.491],[-54.496,-14.483],[-54.503,-14.484],[-54.505,-14.477],[-54.509,-14.491],[-54.516,-14.479],[-54.549,-14.475],[-54.554,-14.465],[-54.559,-14.463],[-54.559,-14.456],[-54.566,-14.459],[-54.569,-14.457],[-54.562,-14.449],[-54.556,-14.434],[-54.567,-14.429],[-54.574,-14.432],[-54.582,-14.429],[-54.588,-14.419],[-54.582,-14.414],[-54.581,-14.41],[-54.588,-14.403],[-54.595,-14.397],[-54.598,-14.405],[-54.595,-14.41],[-54.599,-14.413],[-54.602,-14.412],[-54.604,-14.396],[-54.617,-14.398],[-54.626,-14.392],[-54.625,-14.408],[-54.633,-14.415],[-54.637,-14.412],[-54.635,-14.407],[-54.641,-14.393],[-54.648,-14.414],[-54.651,-14.401],[-54.657,-14.399],[-54.658,-14.39],[-54.665,-14.383],[-54.696,-14.372],[-54.708,-14.372],[-54.698,-14.356],[-54.691,-14.356],[-54.688,-14.36],[-54.686,-14.356],[-54.697,-14.349],[-54.699,-14.342],[-54.708,-14.341],[-54.708,-14.336],[-54.702,-14.329],[-54.693,-14.328],[-54.683,-14.322],[-54.708,-14.319],[-54.719,-14.312],[-54.723,-14.318],[-54.713,-14.337],[-54.713,-14.342],[-54.72,-14.342],[-54.724,-14.334],[-54.74,-14.311],[-54.744,-14.322],[-54.757,-14.322],[-54.764,-14.309],[-54.769,-14.319],[-54.773,-14.32],[-54.786,-14.309],[-54.796,-14.29],[-54.797,-14.278],[-54.806,-14.291],[-54.806,-14.307],[-54.811,-14.305],[-54.814,-14.294],[-54.815,-14.284],[-54.807,-14.269],[-54.813,-14.26],[-54.813,-14.254],[-54.818,-14.25],[-54.824,-14.253],[-54.831,-14.252],[-54.84,-14.261],[-54.85,-14.228],[-54.864,-14.22],[-54.872,-14.222],[-54.875,-14.215],[-54.867,-14.178],[-54.872,-14.166],[-54.889,-14.154],[-54.89,-14.15],[-54.885,-14.144],[-54.897,-14.125],[-54.89,-14.121],[-54.886,-14.105],[-54.894,-14.102],[-54.898,-14.108],[-54.905,-14.109],[-54.907,-14.106],[-54.902,-14.094],[-54.91,-14.093],[-54.919,-14.096],[-54.926,-14.092],[-54.927,-14.076],[-54.92,-14.057],[-54.922,-14.042],[-54.93,-14.028],[-54.926,-14.027],[-54.915,-14.035],[-54.911,-14.035],[-54.908,-14.029],[-54.918,-14.0],[-54.898,-13.999],[-54.897,-13.996],[-54.904,-13.988],[-54.917,-13.988],[-54.92,-13.982],[-54.918,-13.979],[-54.907,-13.977],[-54.905,-13.97],[-54.909,-13.966],[-54.927,-13.967],[-54.933,-13.961],[-54.932,-13.934],[-54.935,-13.934],[-54.937,-13.947],[-54.946,-13.955],[-54.973,-13.93],[-54.974,-13.911],[-54.962,-13.897],[-54.972,-13.88],[-54.992,-13.888],[-55.014,-13.882],[-55.015,-13.875],[-55.004,-13.872],[-54.998,-13.875],[-54.979,-13.879],[-54.971,-13.867],[-55.0,-13.849],[-55.001,-13.844],[-54.997,-13.837],[-54.999,-13.827],[-54.995,-13.823],[-55.006,-13.815],[-55.018,-13.804],[-55.022,-13.796],[-55.029,-13.79],[-55.026,-13.785],[-55.031,-13.78],[-55.046,-13.778],[-55.049,-13.774],[-55.048,-13.758],[-55.044,-13.751],[-55.046,-13.748],[-55.071,-13.741],[-55.077,-13.734],[-55.086,-13.73],[-55.083,-13.716],[-55.095,-13.707],[-55.099,-13.699],[-54.996,-13.751],[-54.757,-13.87],[-54.697,-13.818],[-54.691,-13.821],[-54.67,-13.816],[-54.661,-13.812],[-54.639,-13.789],[-54.648,-13.773],[-54.653,-13.77],[-54.651,-13.769],[-54.655,-13.766],[-54.656,-13.751],[-54.663,-13.745],[-54.665,-13.733],[-54.67,-13.726],[-54.665,-13.717],[-54.661,-13.696],[-54.668,-13.685],[-54.665,-13.668],[-54.672,-13.649],[-54.671,-13.636],[-54.677,-13.633],[-54.677,-13.626],[-54.673,-13.62],[-54.674,-13.615],[-54.663,-13.604],[-54.666,-13.596],[-54.662,-13.594],[-54.659,-13.584],[-54.653,-13.58],[-54.651,-13.574],[-54.655,-13.566],[-54.65,-13.566],[-54.654,-13.562],[-54.654,-13.554],[-54.658,-13.554],[-54.667,-13.538],[-54.664,-13.528],[-54.669,-13.525],[-54.671,-13.514],[-54.646,-13.498],[-54.647,-13.481],[-54.652,-13.467],[-54.651,-13.456],[-54.634,-13.427],[-54.631,-13.431],[-54.63,-13.429],[-54.626,-13.412],[-54.628,-13.406],[-54.618,-13.398],[-54.618,-13.394],[-54.607,-13.391],[-54.605,-13.385],[-54.598,-13.388],[-54.597,-13.381],[-54.593,-13.379],[-54.593,-13.372],[-54.589,-13.37],[-54.589,-13.363],[-54.583,-13.358],[-54.58,-13.35],[-54.567,-13.341],[-54.558,-13.341],[-54.554,-13.338],[-54.554,-13.326],[-54.542,-13.297],[-54.542,-13.277],[-54.533,-13.262],[-54.524,-13.261],[-54.523,-13.257],[-54.509,-13.249],[-54.494,-13.245],[-54.472,-13.235],[-54.471,-13.226],[-54.465,-13.222],[-54.467,-13.208],[-54.461,-13.204],[-54.459,-13.198],[-54.466,-13.186],[-54.465,-13.179],[-54.455,-13.17],[-54.452,-13.151],[-54.447,-13.146],[-54.442,-13.131],[-54.435,-13.129],[-54.438,-13.123],[-54.424,-13.109],[-54.431,-13.099],[-54.423,-13.097],[-54.422,-13.078],[-54.402,-13.062],[-54.408,-13.052],[-54.402,-13.049],[-54.409,-13.033],[-54.398,-13.013],[-54.398,-13.01],[-54.404,-13.01],[-54.406,-13.005],[-54.376,-12.983],[-54.375,-12.978],[-54.36,-12.972],[-54.369,-12.956],[-54.361,-12.957],[-54.353,-12.953],[-54.355,-12.943],[-54.351,-12.943],[-54.355,-12.938],[-54.349,-12.932],[-54.352,-12.931],[-54.347,-12.922],[-54.341,-12.922],[-54.338,-12.898],[-54.331,-12.892],[-54.334,-12.889],[-54.323,-12.882],[-54.331,-12.874],[-54.325,-12.866],[-54.327,-12.853],[-54.332,-12.854],[-54.338,-12.848],[-54.335,-12.836],[-54.331,-12.836],[-54.331,-12.824],[-54.334,-12.819],[-54.328,-12.806],[-54.341,-12.798],[-54.335,-12.796],[-54.341,-12.778],[-54.344,-12.776],[-54.344,-12.763],[-54.349,-12.758],[-54.345,-12.753],[-54.343,-12.754],[-54.346,-12.744],[-54.341,-12.742],[-54.343,-12.739],[-54.34,-12.739],[-54.344,-12.735],[-54.342,-12.732],[-54.335,-12.724],[-54.341,-12.716],[-54.334,-12.716],[-54.34,-12.711],[-54.338,-12.707],[-54.342,-12.705],[-54.334,-12.7],[-54.328,-12.702],[-54.327,-12.694],[-54.323,-12.692],[-54.324,-12.683],[-54.32,-12.679],[-54.323,-12.674],[-54.326,-12.676],[-54.328,-12.67],[-54.323,-12.664],[-54.322,-12.653],[-54.316,-12.652],[-54.317,-12.648],[-54.325,-12.644],[-54.318,-12.636],[-54.318,-12.629],[-54.312,-12.624],[-54.317,-12.618],[-54.315,-12.613],[-54.308,-12.612],[-54.31,-12.596],[-54.305,-12.597],[-54.297,-12.59],[-54.302,-12.589],[-54.303,-12.584],[-54.298,-12.581],[-54.298,-12.572],[-54.296,-12.576],[-54.289,-12.573],[-54.285,-12.576],[-54.272,-12.557],[-54.256,-12.549],[-54.253,-12.556],[-54.252,-12.55],[-54.243,-12.542],[-54.248,-12.542],[-54.244,-12.537],[-54.228,-12.534],[-54.227,-12.54],[-54.222,-12.537],[-54.222,-12.533],[-54.217,-12.534],[-54.218,-12.529],[-54.208,-12.524],[-54.212,-12.52],[-54.207,-12.519],[-54.195,-12.505],[-54.199,-12.497],[-54.188,-12.491],[-54.185,-12.496],[-54.186,-12.487],[-54.178,-12.492],[-54.168,-12.488],[-54.172,-12.475],[-54.176,-12.472],[-54.172,-12.468],[-54.176,-12.458],[-54.172,-12.458],[-54.176,-12.453],[-54.172,-12.451],[-54.177,-12.447],[-54.176,-12.44],[-54.157,-12.424],[-54.157,-12.421],[-54.167,-12.416],[-54.149,-12.404],[-54.149,-12.4],[-54.159,-12.397],[-54.157,-12.393],[-54.149,-12.393],[-54.15,-12.389],[-54.145,-12.385],[-54.139,-12.386],[-54.137,-12.386],[-54.142,-12.38],[-54.13,-12.357],[-54.132,-12.35],[-54.116,-12.345],[-54.112,-12.339],[-54.111,-12.342],[-54.104,-12.339],[-54.097,-12.35],[-54.093,-12.34],[-54.085,-12.345],[-54.083,-12.337],[-54.078,-12.339],[-54.071,-12.332],[-54.08,-12.314],[-54.07,-12.315],[-54.067,-12.303],[-54.063,-12.304],[-54.058,-12.294],[-54.053,-12.303],[-54.051,-12.294],[-54.044,-12.294],[-54.034,-12.278],[-54.036,-12.273],[-54.031,-12.275],[-54.029,-12.272],[-54.031,-12.264],[-54.026,-12.261],[-54.023,-12.27],[-54.019,-12.267],[-54.017,-12.253],[-54.005,-12.258],[-53.991,-12.254],[-53.987,-12.25],[-53.988,-12.244],[-53.983,-12.244],[-53.985,-12.237],[-53.989,-12.239],[-53.987,-12.234],[-53.981,-12.235],[-53.986,-12.231],[-53.981,-12.23],[-53.985,-12.226],[-53.979,-12.227],[-53.969,-12.225],[-53.974,-12.219],[-53.97,-12.213],[-53.95,-12.218],[-53.941,-12.213],[-53.942,-12.223],[-53.938,-12.223],[-53.925,-12.216],[-53.927,-12.213],[-53.922,-12.207],[-53.917,-12.206],[-53.912,-12.208],[-53.922,-12.21],[-53.905,-12.221],[-53.91,-12.225],[-53.898,-12.23],[-53.903,-12.234],[-53.903,-12.24],[-53.89,-12.233],[-53.886,-12.223],[-53.882,-12.225],[-53.879,-12.234],[-53.873,-12.235],[-53.867,-12.229],[-53.864,-12.219],[-53.85,-12.214],[-53.851,-12.205],[-53.838,-12.2],[-53.841,-12.196],[-53.846,-12.197],[-53.845,-12.191],[-53.85,-12.195],[-53.85,-12.191],[-53.845,-12.188],[-53.839,-12.19],[-53.838,-12.186],[-53.847,-12.184],[-53.838,-12.177],[-53.833,-12.179],[-53.831,-12.174],[-53.821,-12.175],[-53.824,-12.167],[-53.818,-12.167],[-53.814,-12.158],[-53.819,-12.155],[-53.819,-12.152],[-53.816,-12.149],[-53.811,-12.152],[-53.808,-12.138],[-53.8,-12.136],[-53.789,-12.124],[-53.788,-12.11],[-53.782,-12.106],[-53.783,-12.101],[-53.779,-12.098],[-53.783,-12.093],[-53.784,-12.087],[-53.768,-12.091],[-53.75,-12.067],[-53.724,-12.055],[-53.721,-12.052],[-53.727,-12.041],[-53.726,-12.035],[-53.716,-12.039],[-53.713,-12.035],[-53.709,-12.035],[-53.699,-12.041],[-53.697,-12.048],[-53.694,-12.049],[-53.672,-12.045],[-53.664,-12.039],[-53.655,-12.039],[-53.653,-12.031],[-53.645,-12.032],[-53.646,-12.028],[-53.654,-12.021],[-53.642,-12.012],[-53.639,-12.004],[-53.634,-12.002],[-53.622,-12.007],[-53.619,-12.005],[-53.623,-11.992],[-53.632,-11.984],[-53.631,-11.977],[-53.612,-11.979],[-53.605,-11.975],[-53.605,-11.971],[-53.618,-11.963],[-53.618,-11.958],[-53.614,-11.955],[-53.597,-11.96],[-53.591,-11.955],[-53.58,-11.957],[-53.571,-11.952],[-53.558,-11.956],[-53.548,-11.949],[-53.538,-11.955]]]}},{"type":"Feature","properties":{"id":"5106315","nome":"Novo Santo Ant\u00f4nio"},"geometry":{"type":"Polygon","coordinates":[[[-50.707,-11.768],[-50.7,-11.803],[-50.688,-11.825],[-50.686,-11.859],[-50.682,-11.862],[-50.665,-11.864],[-50.639,-11.884],[-50.64,-11.902],[-50.659,-11.914],[-50.667,-11.927],[-50.654,-11.948],[-50.656,-11.966],[-50.682,-11.99],[-50.684,-12.01],[-50.677,-12.019],[-50.687,-12.035],[-50.686,-12.045],[-50.667,-12.064],[-50.667,-12.081],[-50.676,-12.123],[-50.67,-12.137],[-50.679,-12.155],[-50.679,-12.188],[-50.686,-12.202],[-50.678,-12.218],[-50.655,-12.218],[-50.643,-12.223],[-50.649,-12.249],[-50.63,-12.271],[-50.629,-12.281],[-50.648,-12.299],[-50.643,-12.319],[-50.637,-12.325],[-50.644,-12.347],[-50.632,-12.366],[-50.626,-12.384],[-50.632,-12.417],[-50.622,-12.422],[-50.618,-12.429],[-50.623,-12.455],[-50.627,-12.458],[-50.642,-12.452],[-50.653,-12.46],[-50.646,-12.482],[-50.659,-12.506],[-50.663,-12.537],[-50.677,-12.552],[-50.686,-12.569],[-50.669,-12.58],[-50.668,-12.596],[-50.673,-12.6],[-50.689,-12.593],[-50.7,-12.595],[-50.704,-12.599],[-50.706,-12.613],[-50.701,-12.624],[-50.699,-12.647],[-50.682,-12.647],[-50.684,-12.662],[-50.692,-12.67],[-50.708,-12.671],[-50.71,-12.694],[-50.717,-12.72],[-50.733,-12.735],[-50.734,-12.746],[-50.726,-12.748],[-50.726,-12.752],[-50.741,-12.753],[-50.74,-12.769],[-50.727,-12.768],[-50.728,-12.789],[-50.738,-12.8],[-50.765,-12.792],[-50.763,-12.798],[-50.749,-12.803],[-50.753,-12.813],[-50.77,-12.808],[-50.777,-12.815],[-50.772,-12.846],[-50.785,-12.848],[-50.779,-12.858],[-50.78,-12.868],[-50.79,-12.861],[-50.806,-12.861],[-50.819,-12.87],[-50.831,-12.889],[-50.842,-12.891],[-50.839,-12.898],[-50.896,-12.849],[-50.946,-12.691],[-50.936,-12.683],[-50.923,-12.683],[-50.923,-12.677],[-50.934,-12.662],[-50.929,-12.653],[-50.934,-12.644],[-50.933,-12.636],[-50.925,-12.625],[-50.93,-12.611],[-50.945,-12.592],[-50.95,-12.574],[-50.96,-12.566],[-50.96,-12.555],[-50.95,-12.545],[-50.956,-12.536],[-50.953,-12.52],[-50.958,-12.515],[-50.968,-12.525],[-50.973,-12.52],[-50.971,-12.515],[-50.958,-12.508],[-50.957,-12.5],[-50.97,-12.493],[-50.988,-12.494],[-50.995,-12.486],[-50.987,-12.462],[-50.988,-12.445],[-50.977,-12.425],[-50.979,-12.409],[-50.993,-12.402],[-50.99,-12.393],[-50.996,-12.389],[-51.006,-12.392],[-51.009,-12.386],[-51.013,-12.389],[-51.011,-12.397],[-51.017,-12.408],[-51.016,-12.401],[-51.022,-12.406],[-51.023,-12.402],[-51.031,-12.4],[-51.036,-12.406],[-51.041,-12.401],[-51.039,-12.412],[-51.045,-12.409],[-51.054,-12.418],[-51.07,-12.41],[-51.077,-12.418],[-51.076,-12.434],[-51.097,-12.434],[-51.102,-12.434],[-51.103,-12.439],[-51.105,-12.431],[-51.117,-12.429],[-51.118,-12.423],[-51.128,-12.432],[-51.125,-12.426],[-51.127,-12.421],[-51.138,-12.429],[-51.141,-12.427],[-51.135,-12.419],[-51.136,-12.417],[-51.143,-12.42],[-51.153,-12.405],[-51.156,-12.408],[-51.159,-12.405],[-51.163,-12.406],[-51.159,-12.395],[-51.189,-12.381],[-51.194,-12.372],[-51.204,-12.373],[-51.217,-12.366],[-51.222,-12.37],[-51.229,-12.361],[-51.24,-12.353],[-51.244,-12.343],[-51.254,-12.341],[-51.265,-12.344],[-51.273,-12.339],[-51.284,-12.347],[-51.302,-12.338],[-51.311,-12.32],[-51.302,-12.303],[-51.303,-12.282],[-51.288,-12.255],[-51.289,-12.246],[-51.294,-12.235],[-51.311,-12.222],[-51.31,-12.19],[-51.304,-12.17],[-51.297,-12.163],[-51.293,-12.153],[-51.284,-12.142],[-51.239,-12.114],[-51.232,-12.105],[-51.222,-12.11],[-51.204,-12.108],[-51.184,-12.098],[-51.166,-12.097],[-51.138,-12.08],[-51.132,-12.071],[-51.121,-12.072],[-51.116,-12.07],[-51.107,-12.078],[-51.094,-12.077],[-51.085,-12.083],[-51.074,-12.108],[-51.066,-12.117],[-51.049,-12.125],[-51.046,-12.121],[-51.029,-12.119],[-51.017,-12.123],[-51.008,-12.121],[-50.997,-12.112],[-50.986,-12.111],[-50.982,-12.103],[-50.979,-12.107],[-50.96,-12.108],[-50.957,-12.103],[-50.942,-12.1],[-50.948,-12.093],[-50.949,-12.081],[-50.943,-12.074],[-50.936,-12.077],[-50.93,-12.074],[-50.936,-12.067],[-50.917,-12.062],[-50.917,-12.059],[-50.921,-12.056],[-50.916,-12.051],[-50.92,-12.045],[-50.916,-12.046],[-50.912,-12.042],[-50.902,-12.04],[-50.902,-12.034],[-50.908,-12.034],[-50.909,-12.03],[-50.905,-12.029],[-50.905,-12.026],[-50.892,-12.031],[-50.891,-12.012],[-50.885,-12.013],[-50.881,-12.006],[-50.879,-12.009],[-50.874,-12.0],[-50.872,-11.989],[-50.873,-11.984],[-50.877,-11.982],[-50.875,-11.98],[-50.877,-11.975],[-50.871,-11.975],[-50.869,-11.97],[-50.867,-11.971],[-50.865,-11.964],[-50.861,-11.965],[-50.863,-11.959],[-50.856,-11.953],[-50.86,-11.949],[-50.857,-11.936],[-50.859,-11.929],[-50.855,-11.928],[-50.844,-11.905],[-50.847,-11.904],[-50.842,-11.89],[-50.842,-11.887],[-50.845,-11.887],[-50.844,-11.879],[-50.84,-11.871],[-50.831,-11.865],[-50.833,-11.856],[-50.827,-11.856],[-50.829,-11.853],[-50.826,-11.849],[-50.828,-11.846],[-50.82,-11.845],[-50.821,-11.841],[-50.815,-11.831],[-50.806,-11.831],[-50.804,-11.825],[-50.8,-11.823],[-50.777,-11.829],[-50.766,-11.826],[-50.753,-11.812],[-50.754,-11.795],[-50.742,-11.777],[-50.719,-11.776],[-50.714,-11.757],[-50.707,-11.768]]]}},{"type":"Feature","properties":{"id":"5106372","nome":"Pedra Preta"},"geometry":{"type":"Polygon","coordinates":[[[-54.034,-16.467],[-54.022,-16.478],[-54.012,-16.476],[-54.01,-16.481],[-54.002,-16.48],[-54.005,-16.486],[-54.003,-16.493],[-53.992,-16.492],[-53.989,-16.496],[-53.979,-16.5],[-53.982,-16.505],[-53.98,-16.511],[-53.982,-16.522],[-53.97,-16.53],[-53.958,-16.529],[-53.946,-16.542],[-53.936,-16.544],[-53.935,-16.552],[-53.929,-16.552],[-53.922,-16.56],[-53.917,-16.559],[-53.911,-16.57],[-53.891,-16.591],[-53.881,-16.592],[-53.878,-16.586],[-53.869,-16.584],[-53.859,-16.574],[-53.853,-16.574],[-53.847,-16.583],[-53.837,-16.578],[-53.834,-16.58],[-53.836,-16.594],[-53.842,-16.599],[-53.84,-16.608],[-53.846,-16.624],[-53.842,-16.626],[-53.843,-16.642],[-53.85,-16.656],[-53.846,-16.684],[-53.827,-16.706],[-53.825,-16.715],[-53.829,-16.721],[-53.829,-16.73],[-53.842,-16.738],[-53.848,-16.738],[-53.859,-16.749],[-53.862,-16.757],[-53.872,-16.766],[-53.877,-16.764],[-53.875,-16.767],[-53.883,-16.769],[-53.886,-16.78],[-53.882,-16.785],[-53.891,-16.802],[-53.921,-16.819],[-53.941,-16.825],[-53.954,-16.843],[-53.965,-16.849],[-53.977,-16.863],[-53.992,-16.87],[-54.0,-16.878],[-54.006,-16.894],[-54.001,-16.918],[-54.016,-16.925],[-54.015,-16.938],[-54.001,-16.949],[-53.994,-16.96],[-53.984,-16.963],[-53.975,-16.976],[-53.981,-16.984],[-53.978,-16.99],[-53.982,-16.999],[-53.978,-17.004],[-53.981,-17.005],[-53.974,-17.009],[-53.976,-17.017],[-54.159,-17.019],[-54.191,-17.032],[-54.21,-17.062],[-54.218,-17.068],[-54.233,-17.069],[-54.234,-17.068],[-54.256,-17.073],[-54.269,-17.069],[-54.289,-17.092],[-54.307,-17.086],[-54.322,-17.093],[-54.346,-17.091],[-54.351,-17.088],[-54.379,-17.1],[-54.389,-17.102],[-54.397,-17.097],[-54.419,-17.106],[-54.428,-17.103],[-54.44,-17.106],[-54.444,-17.103],[-54.453,-17.108],[-54.459,-17.105],[-54.466,-17.112],[-54.476,-17.111],[-54.49,-17.096],[-54.505,-17.092],[-54.512,-17.093],[-54.532,-17.079],[-54.555,-17.078],[-54.566,-17.073],[-54.614,-17.09],[-54.615,-16.987],[-54.615,-16.974],[-54.616,-16.947],[-54.619,-16.743],[-54.619,-16.736],[-54.627,-16.724],[-54.624,-16.719],[-54.614,-16.71],[-54.598,-16.702],[-54.588,-16.681],[-54.586,-16.672],[-54.568,-16.668],[-54.563,-16.657],[-54.547,-16.652],[-54.539,-16.64],[-54.539,-16.635],[-54.547,-16.626],[-54.552,-16.608],[-54.544,-16.594],[-54.533,-16.592],[-54.526,-16.573],[-54.53,-16.569],[-54.512,-16.567],[-54.5,-16.556],[-54.496,-16.559],[-54.496,-16.566],[-54.49,-16.567],[-54.482,-16.577],[-54.479,-16.579],[-54.444,-16.565],[-54.372,-16.595],[-54.361,-16.599],[-54.263,-16.639],[-54.235,-16.601],[-54.168,-16.507],[-54.167,-16.506],[-54.159,-16.503],[-54.152,-16.507],[-54.151,-16.502],[-54.139,-16.498],[-54.133,-16.502],[-54.129,-16.5],[-54.127,-16.49],[-54.122,-16.487],[-54.108,-16.496],[-54.106,-16.479],[-54.096,-16.481],[-54.09,-16.49],[-54.088,-16.477],[-54.074,-16.48],[-54.067,-16.473],[-54.059,-16.479],[-54.053,-16.468],[-54.034,-16.467]]]}},{"type":"Feature","properties":{"id":"5106422","nome":"Peixoto de Azevedo"},"geometry":{"type":"Polygon","coordinates":[[[-53.588,-9.611],[-53.451,-9.621],[-53.133,-9.645],[-52.62,-9.682],[-52.627,-9.732],[-52.648,-9.76],[-52.654,-9.778],[-52.675,-9.79],[-52.686,-9.791],[-52.704,-9.803],[-52.73,-9.803],[-52.746,-9.817],[-52.772,-9.83],[-52.781,-9.841],[-52.798,-9.879],[-52.824,-9.902],[-52.836,-9.909],[-52.846,-9.913],[-52.854,-9.919],[-52.862,-9.944],[-52.89,-9.964],[-52.897,-9.993],[-52.923,-10.008],[-52.944,-10.026],[-52.955,-10.042],[-52.968,-10.048],[-52.98,-10.055],[-52.996,-10.082],[-52.991,-10.105],[-53.003,-10.138],[-52.996,-10.156],[-52.985,-10.154],[-52.98,-10.161],[-52.977,-10.177],[-52.984,-10.208],[-52.98,-10.223],[-52.968,-10.235],[-52.973,-10.244],[-52.972,-10.253],[-52.966,-10.259],[-52.954,-10.264],[-52.954,-10.291],[-52.955,-10.298],[-52.962,-10.305],[-52.993,-10.313],[-53.01,-10.313],[-53.015,-10.317],[-53.046,-10.366],[-53.06,-10.414],[-53.065,-10.459],[-53.084,-10.506],[-53.083,-10.543],[-53.086,-10.568],[-53.083,-10.572],[-53.057,-10.58],[-53.05,-10.596],[-53.051,-10.607],[-53.091,-10.646],[-53.094,-10.683],[-53.083,-10.696],[-53.082,-10.702],[-53.092,-10.725],[-53.098,-10.777],[-53.126,-10.773],[-53.316,-10.643],[-53.433,-10.599],[-53.636,-10.524],[-53.665,-10.515],[-53.742,-10.541],[-53.786,-10.539],[-53.824,-10.546],[-53.861,-10.562],[-53.922,-10.565],[-53.943,-10.546],[-53.976,-10.515],[-54.041,-10.494],[-54.082,-10.448],[-54.094,-10.447],[-54.107,-10.452],[-54.153,-10.449],[-54.178,-10.44],[-54.181,-10.436],[-54.201,-10.444],[-54.216,-10.439],[-54.219,-10.444],[-54.225,-10.438],[-54.246,-10.433],[-54.254,-10.441],[-54.265,-10.437],[-54.264,-10.44],[-54.271,-10.446],[-54.281,-10.448],[-54.289,-10.455],[-54.301,-10.454],[-54.304,-10.46],[-54.313,-10.456],[-54.326,-10.457],[-54.326,-10.455],[-54.333,-10.459],[-54.34,-10.453],[-54.342,-10.456],[-54.351,-10.456],[-54.378,-10.471],[-54.388,-10.487],[-54.398,-10.494],[-54.399,-10.501],[-54.413,-10.506],[-54.409,-10.511],[-54.422,-10.534],[-54.429,-10.542],[-54.43,-10.539],[-54.437,-10.545],[-54.442,-10.544],[-54.445,-10.552],[-54.461,-10.551],[-54.482,-10.566],[-54.485,-10.564],[-54.492,-10.568],[-54.504,-10.564],[-54.519,-10.571],[-54.524,-10.57],[-54.535,-10.58],[-54.533,-10.589],[-54.535,-10.594],[-54.553,-10.606],[-54.56,-10.599],[-54.563,-10.601],[-54.568,-10.599],[-54.569,-10.593],[-54.578,-10.6],[-54.576,-10.597],[-54.584,-10.595],[-54.585,-10.6],[-54.581,-10.602],[-54.583,-10.606],[-54.592,-10.6],[-54.6,-10.608],[-54.604,-10.602],[-54.602,-10.59],[-54.605,-10.59],[-54.604,-10.578],[-54.6,-10.574],[-54.608,-10.571],[-54.605,-10.565],[-54.612,-10.555],[-54.61,-10.552],[-54.614,-10.552],[-54.613,-10.541],[-54.617,-10.537],[-54.619,-10.541],[-54.623,-10.539],[-54.63,-10.546],[-54.633,-10.543],[-54.632,-10.536],[-54.639,-10.537],[-54.642,-10.521],[-54.652,-10.506],[-54.644,-10.505],[-54.643,-10.495],[-54.649,-10.49],[-54.645,-10.482],[-54.652,-10.477],[-54.652,-10.465],[-54.661,-10.461],[-54.666,-10.452],[-54.661,-10.445],[-54.654,-10.444],[-54.661,-10.436],[-54.66,-10.43],[-54.691,-10.418],[-54.699,-10.424],[-54.705,-10.422],[-54.709,-10.419],[-54.706,-10.411],[-54.71,-10.407],[-54.719,-10.414],[-54.715,-10.401],[-54.718,-10.394],[-54.712,-10.394],[-54.708,-10.39],[-54.713,-10.388],[-54.709,-10.375],[-54.706,-10.369],[-54.709,-10.368],[-54.705,-10.358],[-54.71,-10.349],[-54.714,-10.349],[-54.718,-10.355],[-54.718,-10.368],[-54.723,-10.37],[-54.731,-10.364],[-54.731,-10.355],[-54.736,-10.36],[-54.747,-10.353],[-54.752,-10.32],[-54.759,-10.319],[-54.763,-10.335],[-54.774,-10.334],[-54.776,-10.331],[-54.785,-10.336],[-54.782,-10.341],[-54.785,-10.344],[-54.796,-10.346],[-54.807,-10.333],[-54.836,-10.34],[-54.842,-10.335],[-54.864,-10.331],[-54.94,-10.318],[-54.99,-10.308],[-55.031,-10.3],[-55.032,-10.299],[-55.168,-10.233],[-55.165,-10.217],[-55.147,-10.223],[-55.134,-10.209],[-55.115,-10.207],[-55.124,-10.202],[-55.143,-10.206],[-55.148,-10.197],[-55.136,-10.186],[-55.133,-10.174],[-55.124,-10.173],[-55.112,-10.18],[-55.098,-10.181],[-55.097,-10.173],[-55.108,-10.166],[-55.109,-10.162],[-55.107,-10.155],[-55.102,-10.153],[-55.079,-10.157],[-55.076,-10.166],[-55.071,-10.165],[-55.068,-10.162],[-55.075,-10.148],[-55.054,-10.126],[-55.035,-10.13],[-55.033,-10.143],[-55.038,-10.153],[-55.027,-10.168],[-55.008,-10.163],[-55.003,-10.151],[-55.008,-10.142],[-55.002,-10.136],[-54.995,-10.134],[-54.982,-10.136],[-54.977,-10.14],[-54.978,-10.153],[-54.985,-10.168],[-54.98,-10.197],[-54.969,-10.209],[-54.969,-10.219],[-54.965,-10.221],[-54.96,-10.214],[-54.95,-10.21],[-54.94,-10.223],[-54.932,-10.223],[-54.926,-10.229],[-54.909,-10.254],[-54.906,-10.247],[-54.909,-10.241],[-54.9,-10.231],[-54.859,-10.238],[-54.655,-10.354],[-54.623,-10.363],[-54.544,-10.372],[-54.527,-10.388],[-54.522,-10.388],[-54.505,-10.381],[-54.504,-10.383],[-54.502,-10.376],[-54.492,-10.375],[-54.494,-10.369],[-54.491,-10.366],[-54.495,-10.365],[-54.496,-10.361],[-54.487,-10.362],[-54.485,-10.354],[-54.475,-10.346],[-54.463,-10.343],[-54.466,-10.341],[-54.463,-10.338],[-54.46,-10.34],[-54.461,-10.345],[-54.457,-10.346],[-54.457,-10.34],[-54.454,-10.339],[-54.451,-10.34],[-54.451,-10.345],[-54.448,-10.345],[-54.446,-10.337],[-54.439,-10.334],[-54.434,-10.324],[-54.418,-10.323],[-54.403,-10.329],[-54.398,-10.325],[-54.396,-10.33],[-54.394,-10.329],[-54.381,-10.326],[-54.377,-10.332],[-54.368,-10.325],[-54.363,-10.326],[-54.359,-10.313],[-54.356,-10.311],[-54.358,-10.307],[-54.349,-10.295],[-54.347,-10.296],[-54.341,-10.282],[-54.33,-10.28],[-54.33,-10.285],[-54.317,-10.265],[-54.301,-10.263],[-54.29,-10.247],[-54.277,-10.242],[-54.264,-10.246],[-54.262,-10.253],[-54.252,-10.253],[-54.249,-10.256],[-54.244,-10.257],[-54.22,-10.242],[-54.216,-10.247],[-54.211,-10.246],[-54.211,-10.253],[-54.193,-10.256],[-54.183,-10.254],[-54.174,-10.244],[-54.159,-10.246],[-54.153,-10.24],[-54.141,-10.238],[-54.127,-10.245],[-54.126,-10.242],[-54.114,-10.243],[-54.099,-10.252],[-54.082,-10.25],[-54.078,-10.252],[-54.076,-10.263],[-54.049,-10.276],[-54.04,-10.29],[-54.032,-10.286],[-54.028,-10.279],[-54.017,-10.275],[-54.003,-10.275],[-53.986,-10.283],[-53.974,-10.283],[-54.142,-10.226],[-54.146,-10.228],[-54.151,-10.223],[-54.146,-10.208],[-54.145,-10.17],[-54.134,-10.16],[-54.128,-10.143],[-54.111,-10.114],[-54.108,-10.103],[-54.113,-10.094],[-54.093,-10.077],[-54.087,-10.065],[-54.087,-10.054],[-54.074,-10.043],[-54.066,-10.025],[-54.061,-10.022],[-54.056,-10.008],[-54.058,-10.002],[-54.055,-9.996],[-54.048,-9.995],[-54.046,-9.991],[-54.043,-9.993],[-54.041,-9.989],[-54.034,-9.99],[-54.029,-9.984],[-54.02,-9.99],[-54.005,-9.975],[-54.006,-9.965],[-54.001,-9.958],[-53.999,-9.94],[-53.988,-9.936],[-53.983,-9.925],[-53.983,-9.911],[-53.978,-9.903],[-53.984,-9.897],[-53.974,-9.888],[-53.965,-9.885],[-53.959,-9.886],[-53.954,-9.876],[-53.947,-9.876],[-53.95,-9.869],[-53.943,-9.85],[-53.92,-9.848],[-53.916,-9.851],[-53.911,-9.849],[-53.906,-9.856],[-53.901,-9.854],[-53.901,-9.847],[-53.891,-9.848],[-53.888,-9.844],[-53.885,-9.841],[-53.875,-9.845],[-53.864,-9.839],[-53.853,-9.844],[-53.848,-9.844],[-53.846,-9.841],[-53.841,-9.844],[-53.838,-9.826],[-53.846,-9.815],[-53.841,-9.816],[-53.839,-9.806],[-53.834,-9.804],[-53.838,-9.798],[-53.835,-9.79],[-53.825,-9.796],[-53.822,-9.789],[-53.815,-9.794],[-53.811,-9.792],[-53.799,-9.804],[-53.796,-9.792],[-53.789,-9.797],[-53.789,-9.787],[-53.793,-9.785],[-53.797,-9.787],[-53.798,-9.785],[-53.793,-9.78],[-53.788,-9.782],[-53.788,-9.777],[-53.779,-9.777],[-53.782,-9.767],[-53.77,-9.763],[-53.763,-9.766],[-53.763,-9.748],[-53.748,-9.743],[-53.747,-9.736],[-53.756,-9.731],[-53.752,-9.73],[-53.753,-9.726],[-53.767,-9.726],[-53.763,-9.72],[-53.767,-9.716],[-53.762,-9.715],[-53.76,-9.71],[-53.756,-9.708],[-53.747,-9.712],[-53.737,-9.707],[-53.735,-9.711],[-53.731,-9.703],[-53.734,-9.698],[-53.726,-9.699],[-53.726,-9.703],[-53.72,-9.701],[-53.715,-9.707],[-53.708,-9.695],[-53.696,-9.694],[-53.693,-9.689],[-53.689,-9.693],[-53.68,-9.691],[-53.681,-9.686],[-53.677,-9.678],[-53.656,-9.68],[-53.648,-9.671],[-53.648,-9.665],[-53.642,-9.658],[-53.638,-9.659],[-53.637,-9.662],[-53.631,-9.658],[-53.635,-9.665],[-53.626,-9.658],[-53.619,-9.657],[-53.61,-9.661],[-53.601,-9.653],[-53.601,-9.638],[-53.604,-9.632],[-53.607,-9.636],[-53.609,-9.625],[-53.593,-9.617],[-53.586,-9.62],[-53.588,-9.611]]]}},{"type":"Feature","properties":{"id":"5106455","nome":"Planalto da Serra"},"geometry":{"type":"Polygon","coordinates":[[[-54.796,-14.29],[-54.786,-14.309],[-54.773,-14.32],[-54.769,-14.319],[-54.764,-14.309],[-54.757,-14.322],[-54.744,-14.322],[-54.74,-14.311],[-54.724,-14.334],[-54.72,-14.342],[-54.713,-14.342],[-54.713,-14.337],[-54.723,-14.318],[-54.719,-14.312],[-54.708,-14.319],[-54.683,-14.322],[-54.693,-14.328],[-54.702,-14.329],[-54.708,-14.336],[-54.708,-14.341],[-54.699,-14.342],[-54.697,-14.349],[-54.686,-14.356],[-54.688,-14.36],[-54.691,-14.356],[-54.698,-14.356],[-54.708,-14.372],[-54.696,-14.372],[-54.665,-14.383],[-54.658,-14.39],[-54.657,-14.399],[-54.651,-14.401],[-54.648,-14.414],[-54.641,-14.393],[-54.635,-14.407],[-54.637,-14.412],[-54.633,-14.415],[-54.625,-14.408],[-54.626,-14.392],[-54.617,-14.398],[-54.604,-14.396],[-54.602,-14.412],[-54.599,-14.413],[-54.595,-14.41],[-54.598,-14.405],[-54.595,-14.397],[-54.588,-14.403],[-54.581,-14.41],[-54.582,-14.414],[-54.588,-14.419],[-54.582,-14.429],[-54.574,-14.432],[-54.567,-14.429],[-54.556,-14.434],[-54.562,-14.449],[-54.569,-14.457],[-54.566,-14.459],[-54.559,-14.456],[-54.559,-14.463],[-54.554,-14.465],[-54.549,-14.475],[-54.516,-14.479],[-54.509,-14.491],[-54.505,-14.477],[-54.503,-14.484],[-54.496,-14.483],[-54.502,-14.491],[-54.495,-14.492],[-54.492,-14.497],[-54.493,-14.487],[-54.49,-14.481],[-54.488,-14.485],[-54.485,-14.483],[-54.476,-14.488],[-54.464,-14.474],[-54.457,-14.475],[-54.457,-14.481],[-54.452,-14.481],[-54.45,-14.484],[-54.45,-14.487],[-54.455,-14.488],[-54.452,-14.491],[-54.452,-14.5],[-54.449,-14.501],[-54.445,-14.509],[-54.442,-14.511],[-54.434,-14.507],[-54.429,-14.511],[-54.427,-14.509],[-54.425,-14.513],[-54.431,-14.518],[-54.411,-14.524],[-54.407,-14.53],[-54.399,-14.531],[-54.395,-14.544],[-54.39,-14.548],[-54.39,-14.558],[-54.396,-14.57],[-54.394,-14.58],[-54.397,-14.586],[-54.393,-14.602],[-54.386,-14.606],[-54.39,-14.612],[-54.386,-14.619],[-54.374,-14.633],[-54.36,-14.636],[-54.346,-14.635],[-54.338,-14.641],[-54.331,-14.641],[-54.334,-14.682],[-54.33,-14.692],[-54.325,-14.729],[-54.341,-14.734],[-54.348,-14.745],[-54.372,-14.748],[-54.376,-14.753],[-54.382,-14.752],[-54.398,-14.763],[-54.429,-14.76],[-54.457,-14.771],[-54.472,-14.773],[-54.506,-14.784],[-54.527,-14.78],[-54.565,-14.785],[-54.583,-14.791],[-54.595,-14.788],[-54.601,-14.78],[-54.606,-14.779],[-54.615,-14.754],[-54.655,-14.763],[-54.676,-14.761],[-54.691,-14.77],[-54.694,-14.781],[-54.718,-14.782],[-54.718,-14.79],[-54.725,-14.79],[-54.735,-14.803],[-54.747,-14.797],[-54.766,-14.799],[-54.775,-14.792],[-54.782,-14.794],[-54.788,-14.802],[-54.806,-14.795],[-54.809,-14.799],[-54.816,-14.796],[-54.821,-14.798],[-54.828,-14.784],[-54.831,-14.788],[-54.837,-14.789],[-54.838,-14.786],[-54.848,-14.786],[-54.847,-14.781],[-54.867,-14.785],[-54.873,-14.781],[-54.874,-14.79],[-54.88,-14.784],[-54.889,-14.786],[-54.895,-14.789],[-54.898,-14.796],[-54.908,-14.794],[-54.916,-14.796],[-54.916,-14.793],[-54.925,-14.792],[-54.928,-14.785],[-54.929,-14.769],[-54.937,-14.768],[-54.934,-14.765],[-54.937,-14.763],[-54.936,-14.758],[-54.946,-14.75],[-54.948,-14.736],[-54.939,-14.736],[-54.938,-14.729],[-54.923,-14.727],[-54.918,-14.716],[-54.915,-14.716],[-54.926,-14.69],[-54.923,-14.679],[-54.912,-14.677],[-54.91,-14.662],[-54.912,-14.654],[-54.905,-14.652],[-54.908,-14.639],[-54.928,-14.54],[-54.924,-14.536],[-54.919,-14.518],[-54.903,-14.497],[-54.899,-14.483],[-54.901,-14.473],[-54.911,-14.462],[-54.914,-14.438],[-54.927,-14.427],[-54.93,-14.418],[-54.923,-14.413],[-54.914,-14.413],[-54.912,-14.403],[-54.909,-14.402],[-54.907,-14.406],[-54.902,-14.396],[-54.894,-14.395],[-54.895,-14.404],[-54.891,-14.397],[-54.883,-14.396],[-54.881,-14.391],[-54.87,-14.385],[-54.865,-14.377],[-54.867,-14.372],[-54.864,-14.367],[-54.866,-14.364],[-54.863,-14.36],[-54.864,-14.355],[-54.854,-14.353],[-54.857,-14.352],[-54.856,-14.348],[-54.859,-14.344],[-54.855,-14.337],[-54.851,-14.341],[-54.848,-14.339],[-54.857,-14.328],[-54.843,-14.325],[-54.844,-14.32],[-54.834,-14.316],[-54.831,-14.318],[-54.824,-14.295],[-54.819,-14.296],[-54.814,-14.294],[-54.811,-14.305],[-54.806,-14.307],[-54.806,-14.291],[-54.797,-14.278],[-54.796,-14.29]]]}},{"type":"Feature","properties":{"id":"5106505","nome":"Pocon\u00e9"},"geometry":{"type":"Polygon","coordinates":[[[-56.492,-15.786],[-56.496,-15.79],[-56.501,-15.788],[-56.512,-15.792],[-56.516,-15.808],[-56.533,-15.829],[-56.535,-15.837],[-56.542,-15.843],[-56.541,-15.85],[-56.552,-15.869],[-56.56,-15.875],[-56.562,-15.89],[-56.556,-15.895],[-56.554,-15.91],[-56.559,-15.938],[-56.55,-15.945],[-56.545,-15.955],[-56.538,-15.955],[-56.517,-15.968],[-56.507,-15.97],[-56.495,-15.994],[-56.479,-15.995],[-56.478,-15.996],[-56.469,-16.005],[-56.462,-16.005],[-56.449,-16.016],[-56.423,-16.023],[-56.418,-16.031],[-56.394,-16.04],[-56.392,-16.04],[-56.394,-16.044],[-56.389,-16.045],[-56.389,-16.049],[-56.391,-16.064],[-56.38,-16.074],[-56.382,-16.084],[-56.378,-16.1],[-56.384,-16.117],[-56.393,-16.126],[-56.4,-16.127],[-56.403,-16.136],[-56.411,-16.138],[-56.411,-16.145],[-56.425,-16.152],[-56.426,-16.158],[-56.434,-16.162],[-56.435,-16.168],[-56.431,-16.169],[-56.438,-16.179],[-56.442,-16.176],[-56.445,-16.179],[-56.448,-16.184],[-56.443,-16.183],[-56.441,-16.189],[-56.443,-16.194],[-56.446,-16.192],[-56.449,-16.207],[-56.455,-16.208],[-56.456,-16.219],[-56.483,-16.233],[-56.498,-16.228],[-56.513,-16.236],[-56.521,-16.253],[-56.516,-16.255],[-56.515,-16.262],[-56.519,-16.265],[-56.518,-16.274],[-56.522,-16.279],[-56.53,-16.281],[-56.538,-16.302],[-56.533,-16.307],[-56.527,-16.3],[-56.499,-16.294],[-56.495,-16.287],[-56.495,-16.278],[-56.481,-16.271],[-56.47,-16.274],[-56.467,-16.281],[-56.454,-16.279],[-56.45,-16.274],[-56.434,-16.267],[-56.427,-16.255],[-56.415,-16.26],[-56.392,-16.255],[-56.37,-16.26],[-56.366,-16.249],[-56.349,-16.247],[-56.345,-16.243],[-56.34,-16.245],[-56.327,-16.239],[-56.321,-16.227],[-56.322,-16.224],[-56.33,-16.222],[-56.33,-16.207],[-56.322,-16.203],[-56.313,-16.205],[-56.301,-16.194],[-56.243,-16.192],[-56.217,-16.198],[-56.219,-16.234],[-56.24,-16.257],[-56.248,-16.28],[-56.244,-16.292],[-56.247,-16.317],[-56.252,-16.326],[-56.263,-16.336],[-56.27,-16.35],[-56.299,-16.371],[-56.3,-16.386],[-56.297,-16.389],[-56.299,-16.397],[-56.305,-16.399],[-56.3,-16.406],[-56.303,-16.41],[-56.314,-16.407],[-56.312,-16.417],[-56.303,-16.425],[-56.305,-16.438],[-56.312,-16.436],[-56.315,-16.429],[-56.314,-16.443],[-56.326,-16.438],[-56.323,-16.451],[-56.326,-16.457],[-56.317,-16.462],[-56.32,-16.475],[-56.325,-16.477],[-56.323,-16.479],[-56.333,-16.488],[-56.335,-16.5],[-56.348,-16.487],[-56.358,-16.5],[-56.358,-16.511],[-56.368,-16.513],[-56.372,-16.509],[-56.374,-16.514],[-56.377,-16.526],[-56.388,-16.526],[-56.396,-16.521],[-56.391,-16.528],[-56.397,-16.532],[-56.398,-16.54],[-56.392,-16.54],[-56.392,-16.544],[-56.398,-16.548],[-56.402,-16.545],[-56.403,-16.555],[-56.398,-16.559],[-56.407,-16.558],[-56.407,-16.564],[-56.424,-16.571],[-56.425,-16.574],[-56.437,-16.576],[-56.439,-16.58],[-56.436,-16.591],[-56.438,-16.594],[-56.443,-16.593],[-56.446,-16.586],[-56.448,-16.588],[-56.441,-16.599],[-56.444,-16.603],[-56.454,-16.6],[-56.446,-16.609],[-56.45,-16.616],[-56.457,-16.616],[-56.451,-16.623],[-56.463,-16.623],[-56.451,-16.631],[-56.457,-16.637],[-56.464,-16.639],[-56.462,-16.648],[-56.471,-16.651],[-56.465,-16.659],[-56.478,-16.665],[-56.468,-16.671],[-56.47,-16.675],[-56.465,-16.68],[-56.466,-16.694],[-56.469,-16.696],[-56.476,-16.691],[-56.48,-16.704],[-56.485,-16.707],[-56.485,-16.7],[-56.489,-16.705],[-56.489,-16.715],[-56.492,-16.716],[-56.495,-16.708],[-56.499,-16.715],[-56.498,-16.729],[-56.505,-16.721],[-56.507,-16.731],[-56.501,-16.734],[-56.504,-16.741],[-56.495,-16.742],[-56.495,-16.745],[-56.504,-16.745],[-56.493,-16.76],[-56.506,-16.764],[-56.495,-16.775],[-56.502,-16.775],[-56.515,-16.789],[-56.53,-16.787],[-56.528,-16.795],[-56.542,-16.79],[-56.547,-16.795],[-56.545,-16.798],[-56.547,-16.802],[-56.556,-16.805],[-56.559,-16.798],[-56.564,-16.809],[-56.559,-16.818],[-56.563,-16.817],[-56.567,-16.822],[-56.572,-16.821],[-56.577,-16.836],[-56.587,-16.839],[-56.598,-16.836],[-56.608,-16.851],[-56.602,-16.86],[-56.617,-16.871],[-56.607,-16.882],[-56.605,-16.892],[-56.609,-16.901],[-56.612,-16.897],[-56.617,-16.91],[-56.624,-16.913],[-56.626,-16.922],[-56.634,-16.931],[-56.632,-16.936],[-56.623,-16.938],[-56.623,-16.943],[-56.63,-16.947],[-56.627,-16.947],[-56.624,-16.963],[-56.62,-16.967],[-56.626,-16.977],[-56.631,-16.978],[-56.626,-16.989],[-56.61,-16.991],[-56.608,-16.996],[-56.603,-16.996],[-56.596,-17.001],[-56.6,-17.008],[-56.593,-17.009],[-56.585,-17.015],[-56.582,-17.022],[-56.586,-17.028],[-56.586,-17.048],[-56.58,-17.054],[-56.589,-17.058],[-56.588,-17.065],[-56.601,-17.068],[-56.61,-17.092],[-56.617,-17.091],[-56.626,-17.102],[-56.632,-17.103],[-56.632,-17.122],[-56.641,-17.129],[-56.638,-17.132],[-56.64,-17.138],[-56.648,-17.151],[-56.642,-17.158],[-56.642,-17.167],[-56.646,-17.164],[-56.656,-17.172],[-56.653,-17.184],[-56.654,-17.195],[-56.66,-17.207],[-56.655,-17.21],[-56.665,-17.214],[-56.661,-17.219],[-56.671,-17.219],[-56.667,-17.228],[-56.67,-17.23],[-56.678,-17.226],[-56.686,-17.236],[-56.691,-17.236],[-56.694,-17.243],[-56.702,-17.239],[-56.707,-17.245],[-56.699,-17.251],[-56.701,-17.256],[-56.705,-17.259],[-56.716,-17.253],[-56.721,-17.26],[-56.717,-17.264],[-56.71,-17.263],[-56.714,-17.272],[-56.696,-17.283],[-56.7,-17.286],[-56.705,-17.281],[-56.711,-17.283],[-56.709,-17.292],[-56.72,-17.295],[-56.72,-17.307],[-56.733,-17.309],[-56.736,-17.321],[-56.743,-17.327],[-56.757,-17.326],[-56.757,-17.336],[-56.768,-17.34],[-56.769,-17.343],[-56.76,-17.351],[-56.762,-17.36],[-56.771,-17.365],[-56.786,-17.37],[-56.789,-17.376],[-56.785,-17.387],[-56.791,-17.391],[-56.804,-17.386],[-56.828,-17.39],[-56.831,-17.409],[-56.842,-17.418],[-56.834,-17.423],[-56.824,-17.423],[-56.819,-17.43],[-56.822,-17.437],[-56.828,-17.438],[-56.833,-17.435],[-56.84,-17.442],[-56.825,-17.453],[-56.825,-17.458],[-56.832,-17.463],[-56.847,-17.464],[-56.849,-17.47],[-56.846,-17.48],[-56.85,-17.486],[-56.861,-17.483],[-56.866,-17.495],[-56.861,-17.505],[-56.866,-17.515],[-56.87,-17.516],[-56.875,-17.533],[-56.895,-17.539],[-56.909,-17.532],[-56.917,-17.541],[-56.944,-17.553],[-56.95,-17.568],[-56.966,-17.571],[-56.973,-17.58],[-56.982,-17.58],[-56.978,-17.589],[-56.975,-17.596],[-56.982,-17.603],[-56.981,-17.611],[-56.972,-17.613],[-56.96,-17.605],[-56.957,-17.608],[-56.964,-17.621],[-56.983,-17.641],[-56.988,-17.659],[-57.0,-17.67],[-57.009,-17.67],[-57.014,-17.676],[-57.019,-17.685],[-57.019,-17.692],[-57.033,-17.694],[-57.044,-17.73],[-57.05,-17.732],[-57.056,-17.729],[-57.064,-17.735],[-57.073,-17.735],[-57.079,-17.749],[-57.092,-17.752],[-57.098,-17.77],[-57.113,-17.771],[-57.115,-17.781],[-57.146,-17.767],[-57.155,-17.778],[-57.174,-17.776],[-57.2,-17.788],[-57.215,-17.788],[-57.227,-17.782],[-57.228,-17.79],[-57.235,-17.788],[-57.242,-17.797],[-57.252,-17.793],[-57.245,-17.806],[-57.234,-17.808],[-57.232,-17.812],[-57.252,-17.81],[-57.264,-17.82],[-57.283,-17.812],[-57.283,-17.822],[-57.293,-17.819],[-57.288,-17.814],[-57.29,-17.811],[-57.299,-17.816],[-57.308,-17.81],[-57.311,-17.817],[-57.324,-17.824],[-57.325,-17.829],[-57.341,-17.83],[-57.342,-17.836],[-57.346,-17.834],[-57.353,-17.837],[-57.363,-17.833],[-57.368,-17.826],[-57.377,-17.826],[-57.385,-17.844],[-57.391,-17.845],[-57.398,-17.839],[-57.4,-17.847],[-57.409,-17.853],[-57.41,-17.858],[-57.421,-17.854],[-57.438,-17.871],[-57.446,-17.874],[-57.445,-17.892],[-57.452,-17.902],[-57.461,-17.898],[-57.477,-17.878],[-57.477,-17.859],[-57.511,-17.863],[-57.534,-17.853],[-57.531,-17.839],[-57.551,-17.828],[-57.558,-17.815],[-57.571,-17.815],[-57.576,-17.8],[-57.602,-17.804],[-57.605,-17.802],[-57.612,-17.779],[-57.602,-17.779],[-57.6,-17.775],[-57.614,-17.766],[-57.62,-17.754],[-57.611,-17.75],[-57.618,-17.747],[-57.623,-17.736],[-57.64,-17.717],[-57.644,-17.718],[-57.645,-17.724],[-57.663,-17.729],[-57.667,-17.726],[-57.671,-17.728],[-57.672,-17.719],[-57.684,-17.716],[-57.68,-17.704],[-57.683,-17.696],[-57.68,-17.684],[-57.67,-17.681],[-57.672,-17.677],[-57.668,-17.671],[-57.672,-17.67],[-57.671,-17.664],[-57.679,-17.657],[-57.676,-17.652],[-57.682,-17.65],[-57.682,-17.642],[-57.689,-17.64],[-57.686,-17.629],[-57.692,-17.626],[-57.689,-17.625],[-57.682,-17.609],[-57.676,-17.604],[-57.658,-17.605],[-57.648,-17.612],[-57.643,-17.607],[-57.631,-17.618],[-57.625,-17.61],[-57.631,-17.604],[-57.615,-17.598],[-57.619,-17.587],[-57.612,-17.589],[-57.61,-17.596],[-57.605,-17.581],[-57.593,-17.581],[-57.589,-17.573],[-57.583,-17.577],[-57.57,-17.578],[-57.575,-17.573],[-57.563,-17.568],[-57.556,-17.575],[-57.555,-17.569],[-57.559,-17.565],[-57.556,-17.562],[-57.542,-17.562],[-57.541,-17.55],[-57.536,-17.545],[-57.524,-17.552],[-57.527,-17.545],[-57.517,-17.535],[-57.511,-17.537],[-57.508,-17.548],[-57.505,-17.548],[-57.504,-17.544],[-57.514,-17.53],[-57.5,-17.535],[-57.492,-17.523],[-57.478,-17.523],[-57.48,-17.519],[-57.486,-17.517],[-57.483,-17.509],[-57.477,-17.514],[-57.479,-17.508],[-57.475,-17.502],[-57.481,-17.497],[-57.476,-17.491],[-57.48,-17.48],[-57.474,-17.476],[-57.474,-17.471],[-57.469,-17.467],[-57.462,-17.472],[-57.457,-17.471],[-57.453,-17.463],[-57.462,-17.459],[-57.46,-17.455],[-57.451,-17.451],[-57.455,-17.455],[-57.447,-17.459],[-57.444,-17.457],[-57.447,-17.45],[-57.43,-17.442],[-57.44,-17.433],[-57.432,-17.433],[-57.432,-17.427],[-57.428,-17.425],[-57.426,-17.418],[-57.418,-17.418],[-57.405,-17.41],[-57.404,-17.399],[-57.397,-17.403],[-57.395,-17.396],[-57.384,-17.394],[-57.384,-17.381],[-57.382,-17.378],[-57.375,-17.377],[-57.368,-17.384],[-57.364,-17.379],[-57.362,-17.374],[-57.367,-17.369],[-57.366,-17.353],[-57.353,-17.358],[-57.336,-17.358],[-57.335,-17.341],[-57.342,-17.331],[-57.322,-17.323],[-57.335,-17.321],[-57.338,-17.314],[-57.328,-17.317],[-57.329,-17.308],[-57.334,-17.304],[-57.331,-17.281],[-57.345,-17.285],[-57.347,-17.283],[-57.338,-17.27],[-57.347,-17.244],[-57.342,-17.238],[-57.343,-17.233],[-57.333,-17.221],[-57.335,-17.219],[-57.341,-17.223],[-57.343,-17.218],[-57.337,-17.215],[-57.333,-17.208],[-57.346,-17.2],[-57.353,-17.203],[-57.353,-17.198],[-57.348,-17.191],[-57.354,-17.184],[-57.348,-17.181],[-57.357,-17.172],[-57.362,-17.176],[-57.367,-17.152],[-57.357,-17.146],[-57.366,-17.14],[-57.364,-17.128],[-57.371,-17.122],[-57.369,-17.111],[-57.376,-17.107],[-57.377,-17.096],[-57.385,-17.089],[-57.387,-17.081],[-57.394,-17.077],[-57.388,-17.077],[-57.384,-17.072],[-57.391,-17.062],[-57.389,-17.05],[-57.402,-17.067],[-57.404,-17.062],[-57.399,-17.045],[-57.406,-17.047],[-57.405,-17.042],[-57.391,-17.031],[-57.376,-17.029],[-57.383,-17.023],[-57.375,-17.016],[-57.387,-17.012],[-57.391,-17.005],[-57.389,-17.002],[-57.374,-17.003],[-57.369,-16.998],[-57.372,-16.992],[-57.375,-16.999],[-57.382,-16.996],[-57.384,-16.991],[-57.38,-16.984],[-57.395,-16.983],[-57.386,-16.978],[-57.387,-16.973],[-57.394,-16.975],[-57.4,-16.965],[-57.404,-16.964],[-57.411,-16.975],[-57.424,-16.969],[-57.409,-16.964],[-57.409,-16.952],[-57.416,-16.953],[-57.417,-16.962],[-57.42,-16.962],[-57.417,-16.945],[-57.421,-16.941],[-57.434,-16.94],[-57.432,-16.923],[-57.441,-16.924],[-57.446,-16.921],[-57.449,-16.926],[-57.457,-16.918],[-57.467,-16.918],[-57.471,-16.911],[-57.48,-16.91],[-57.476,-16.901],[-57.489,-16.901],[-57.491,-16.89],[-57.496,-16.889],[-57.5,-16.878],[-57.504,-16.881],[-57.506,-16.875],[-57.518,-16.87],[-57.519,-16.859],[-57.528,-16.862],[-57.531,-16.877],[-57.535,-16.865],[-57.563,-16.858],[-57.566,-16.863],[-57.571,-16.855],[-57.584,-16.849],[-57.589,-16.839],[-57.595,-16.837],[-57.6,-16.843],[-57.593,-16.856],[-57.6,-16.859],[-57.61,-16.843],[-57.624,-16.846],[-57.625,-16.838],[-57.618,-16.837],[-57.616,-16.834],[-57.625,-16.827],[-57.628,-16.813],[-57.618,-16.805],[-57.613,-16.811],[-57.612,-16.805],[-57.595,-16.813],[-57.591,-16.806],[-57.585,-16.812],[-57.577,-16.811],[-57.573,-16.815],[-57.57,-16.81],[-57.553,-16.83],[-57.539,-16.819],[-57.525,-16.819],[-57.517,-16.824],[-57.508,-16.82],[-57.5,-16.829],[-57.493,-16.822],[-57.477,-16.834],[-57.472,-16.833],[-57.475,-16.839],[-57.469,-16.846],[-57.473,-16.855],[-57.466,-16.852],[-57.451,-16.861],[-57.438,-16.853],[-57.432,-16.865],[-57.439,-16.869],[-57.437,-16.874],[-57.423,-16.878],[-57.418,-16.874],[-57.416,-16.877],[-57.418,-16.882],[-57.408,-16.883],[-57.403,-16.876],[-57.396,-16.876],[-57.393,-16.884],[-57.39,-16.88],[-57.381,-16.879],[-57.384,-16.872],[-57.38,-16.875],[-57.38,-16.87],[-57.369,-16.858],[-57.37,-16.853],[-57.375,-16.853],[-57.37,-16.849],[-57.373,-16.839],[-57.368,-16.833],[-57.367,-16.825],[-57.361,-16.826],[-57.365,-16.818],[-57.372,-16.817],[-57.369,-16.814],[-57.375,-16.807],[-57.372,-16.786],[-57.384,-16.788],[-57.395,-16.778],[-57.394,-16.77],[-57.386,-16.765],[-57.407,-16.737],[-57.405,-16.732],[-57.404,-16.721],[-57.399,-16.717],[-57.399,-16.707],[-57.403,-16.704],[-57.401,-16.695],[-57.396,-16.692],[-57.394,-16.681],[-57.403,-16.677],[-57.409,-16.677],[-57.411,-16.67],[-57.397,-16.664],[-57.4,-16.649],[-57.398,-16.642],[-57.401,-16.635],[-57.39,-16.63],[-57.38,-16.616],[-57.38,-16.611],[-57.364,-16.607],[-57.352,-16.594],[-57.34,-16.601],[-57.334,-16.597],[-57.327,-16.597],[-57.31,-16.591],[-57.293,-16.597],[-57.264,-16.58],[-57.262,-16.568],[-57.248,-16.56],[-57.236,-16.544],[-57.211,-16.542],[-57.204,-16.534],[-57.199,-16.536],[-57.186,-16.528],[-57.186,-16.507],[-57.182,-16.5],[-57.185,-16.476],[-57.173,-16.468],[-57.173,-16.465],[-57.178,-16.466],[-57.179,-16.462],[-57.17,-16.45],[-57.169,-16.44],[-57.166,-16.443],[-57.161,-16.44],[-57.153,-16.445],[-57.15,-16.44],[-57.154,-16.44],[-57.155,-16.436],[-57.149,-16.44],[-57.149,-16.435],[-57.139,-16.431],[-57.13,-16.434],[-57.126,-16.43],[-57.114,-16.433],[-57.103,-16.423],[-57.098,-16.425],[-57.096,-16.42],[-57.079,-16.424],[-57.08,-16.42],[-57.074,-16.42],[-57.074,-16.415],[-57.08,-16.379],[-57.076,-16.35],[-57.083,-16.331],[-57.072,-16.294],[-57.075,-16.279],[-57.069,-16.265],[-57.081,-16.226],[-57.08,-16.212],[-57.088,-16.204],[-57.087,-16.19],[-57.093,-16.185],[-57.103,-16.17],[-57.107,-16.157],[-57.113,-16.151],[-57.12,-16.149],[-57.125,-16.136],[-57.117,-16.109],[-57.121,-16.105],[-57.122,-16.089],[-57.12,-16.084],[-57.124,-16.08],[-57.124,-16.073],[-57.118,-16.068],[-57.116,-16.058],[-57.12,-16.046],[-57.127,-16.04],[-57.137,-16.041],[-57.146,-16.036],[-57.146,-16.014],[-57.151,-16.008],[-57.15,-15.998],[-57.13,-15.983],[-57.132,-15.964],[-57.128,-15.955],[-57.123,-15.954],[-57.116,-15.959],[-57.11,-15.947],[-57.103,-15.942],[-57.104,-15.931],[-57.089,-15.918],[-57.085,-15.905],[-57.08,-15.902],[-57.083,-15.89],[-57.076,-15.888],[-57.078,-15.88],[-57.066,-15.87],[-57.051,-15.864],[-57.053,-15.861],[-57.047,-15.858],[-57.05,-15.855],[-57.047,-15.85],[-57.05,-15.848],[-57.04,-15.849],[-57.037,-15.838],[-57.028,-15.84],[-57.029,-15.833],[-57.024,-15.83],[-57.024,-15.823],[-57.016,-15.817],[-57.008,-15.804],[-56.999,-15.805],[-56.99,-15.797],[-56.984,-15.798],[-56.976,-15.794],[-56.959,-15.768],[-56.945,-15.771],[-56.938,-15.766],[-56.925,-15.765],[-56.92,-15.76],[-56.89,-15.769],[-56.894,-15.772],[-56.892,-15.78],[-56.879,-15.793],[-56.884,-15.801],[-56.874,-15.804],[-56.872,-15.799],[-56.868,-15.8],[-56.862,-15.817],[-56.856,-15.821],[-56.852,-15.817],[-56.849,-15.82],[-56.84,-15.819],[-56.827,-15.826],[-56.812,-15.815],[-56.801,-15.796],[-56.787,-15.785],[-56.781,-15.793],[-56.776,-15.788],[-56.767,-15.792],[-56.755,-15.788],[-56.748,-15.795],[-56.75,-15.803],[-56.734,-15.818],[-56.729,-15.816],[-56.728,-15.815],[-56.713,-15.809],[-56.447,-15.697],[-56.47,-15.73],[-56.479,-15.761],[-56.482,-15.763],[-56.478,-15.766],[-56.479,-15.77],[-56.492,-15.779],[-56.492,-15.786]]]}},{"type":"Feature","properties":{"id":"5106653","nome":"Pontal do Araguaia"},"geometry":{"type":"Polygon","coordinates":[[[-52.857,-15.698],[-52.853,-15.707],[-52.843,-15.711],[-52.824,-15.73],[-52.822,-15.735],[-52.809,-15.737],[-52.812,-15.723],[-52.809,-15.719],[-52.799,-15.726],[-52.784,-15.722],[-52.775,-15.733],[-52.766,-15.734],[-52.759,-15.732],[-52.75,-15.721],[-52.728,-15.727],[-52.726,-15.738],[-52.72,-15.741],[-52.708,-15.737],[-52.701,-15.729],[-52.695,-15.728],[-52.695,-15.722],[-52.69,-15.72],[-52.667,-15.727],[-52.662,-15.735],[-52.649,-15.735],[-52.652,-15.738],[-52.647,-15.745],[-52.628,-15.758],[-52.618,-15.769],[-52.605,-15.774],[-52.607,-15.798],[-52.598,-15.803],[-52.598,-15.807],[-52.595,-15.812],[-52.587,-15.812],[-52.577,-15.823],[-52.565,-15.829],[-52.545,-15.83],[-52.541,-15.844],[-52.509,-15.855],[-52.502,-15.863],[-52.443,-15.873],[-52.433,-15.867],[-52.423,-15.88],[-52.389,-15.882],[-52.367,-15.886],[-52.364,-15.904],[-52.352,-15.895],[-52.342,-15.899],[-52.327,-15.899],[-52.317,-15.906],[-52.306,-15.911],[-52.297,-15.91],[-52.291,-15.903],[-52.282,-15.907],[-52.269,-15.898],[-52.259,-15.903],[-52.252,-15.892],[-52.251,-15.908],[-52.258,-15.933],[-52.264,-15.937],[-52.265,-15.947],[-52.289,-15.966],[-52.29,-15.985],[-52.31,-16.007],[-52.315,-16.027],[-52.323,-16.037],[-52.32,-16.045],[-52.324,-16.05],[-52.328,-16.07],[-52.35,-16.084],[-52.361,-16.082],[-52.367,-16.084],[-52.37,-16.095],[-52.375,-16.098],[-52.397,-16.093],[-52.437,-16.11],[-52.458,-16.127],[-52.471,-16.126],[-52.475,-16.111],[-52.485,-16.108],[-52.486,-16.091],[-52.498,-16.091],[-52.5,-16.086],[-52.516,-16.088],[-52.518,-16.081],[-52.528,-16.082],[-52.538,-16.079],[-52.549,-16.086],[-52.552,-16.086],[-52.557,-16.073],[-52.564,-16.068],[-52.576,-16.077],[-52.579,-16.096],[-52.576,-16.101],[-52.579,-16.102],[-52.582,-16.097],[-52.59,-16.098],[-52.591,-16.102],[-52.597,-16.097],[-52.605,-16.099],[-52.618,-16.117],[-52.624,-16.112],[-52.63,-16.114],[-52.638,-16.097],[-52.646,-16.098],[-52.647,-16.108],[-52.655,-16.107],[-52.657,-16.102],[-52.661,-16.102],[-52.657,-16.091],[-52.66,-16.086],[-52.663,-16.088],[-52.668,-16.085],[-52.683,-16.096],[-52.693,-16.098],[-52.715,-16.082],[-52.728,-16.082],[-52.742,-16.089],[-52.744,-16.094],[-52.747,-16.091],[-52.76,-16.09],[-52.758,-16.08],[-52.763,-16.08],[-52.765,-16.072],[-52.774,-16.074],[-52.778,-16.072],[-52.78,-16.066],[-52.789,-16.065],[-52.784,-16.061],[-52.788,-16.051],[-52.786,-16.041],[-52.797,-16.048],[-52.799,-16.043],[-52.808,-16.041],[-52.803,-16.038],[-52.807,-16.035],[-52.815,-16.033],[-52.815,-16.039],[-52.819,-16.037],[-52.818,-16.033],[-52.818,-16.026],[-52.825,-16.033],[-52.83,-16.033],[-52.831,-16.036],[-52.838,-16.035],[-52.853,-16.041],[-52.85,-16.044],[-52.853,-16.047],[-52.86,-16.055],[-52.864,-16.054],[-52.867,-16.06],[-52.876,-16.058],[-52.879,-16.064],[-52.868,-16.08],[-52.881,-16.075],[-52.882,-16.078],[-52.89,-16.081],[-52.881,-16.091],[-52.879,-16.101],[-52.883,-16.106],[-52.883,-16.11],[-52.908,-16.112],[-52.894,-16.125],[-52.902,-16.129],[-52.904,-16.133],[-52.909,-16.13],[-52.916,-16.134],[-52.924,-16.13],[-52.927,-16.134],[-52.936,-16.135],[-52.937,-16.128],[-52.951,-16.132],[-52.962,-16.13],[-52.966,-16.125],[-52.981,-16.13],[-52.981,-16.133],[-52.999,-16.123],[-53.0,-16.114],[-53.006,-16.116],[-53.002,-16.11],[-53.003,-16.107],[-53.009,-16.107],[-53.009,-16.102],[-53.017,-16.106],[-53.035,-16.092],[-53.038,-16.084],[-53.042,-16.088],[-53.046,-16.082],[-53.052,-16.082],[-53.053,-16.076],[-53.064,-16.075],[-53.071,-16.047],[-53.062,-16.035],[-53.048,-16.019],[-53.043,-16.003],[-53.067,-15.965],[-53.067,-15.945],[-53.061,-15.939],[-53.073,-15.925],[-53.073,-15.917],[-53.078,-15.904],[-53.07,-15.887],[-53.047,-15.866],[-53.035,-15.863],[-53.032,-15.859],[-53.031,-15.839],[-53.026,-15.828],[-53.032,-15.815],[-53.027,-15.81],[-53.036,-15.794],[-53.025,-15.787],[-53.034,-15.781],[-53.041,-15.771],[-53.051,-15.765],[-53.041,-15.758],[-53.046,-15.745],[-53.041,-15.737],[-53.03,-15.738],[-53.017,-15.728],[-53.0,-15.726],[-52.995,-15.742],[-52.99,-15.737],[-52.98,-15.738],[-52.976,-15.731],[-52.959,-15.722],[-52.956,-15.725],[-52.956,-15.734],[-52.948,-15.723],[-52.933,-15.723],[-52.923,-15.718],[-52.921,-15.715],[-52.923,-15.709],[-52.921,-15.708],[-52.896,-15.716],[-52.891,-15.71],[-52.883,-15.708],[-52.882,-15.703],[-52.869,-15.699],[-52.862,-15.703],[-52.857,-15.698]]]}},{"type":"Feature","properties":{"id":"5106703","nome":"Ponte Branca"},"geometry":{"type":"Polygon","coordinates":[[[-53.071,-16.529],[-53.079,-16.545],[-53.053,-16.545],[-53.043,-16.548],[-53.035,-16.558],[-53.009,-16.553],[-53.005,-16.55],[-52.987,-16.552],[-52.983,-16.55],[-52.98,-16.552],[-52.981,-16.558],[-52.966,-16.561],[-52.96,-16.569],[-52.953,-16.57],[-52.952,-16.566],[-52.946,-16.564],[-52.94,-16.565],[-52.941,-16.577],[-52.946,-16.584],[-52.943,-16.593],[-52.932,-16.598],[-52.935,-16.615],[-52.893,-16.606],[-52.865,-16.618],[-52.833,-16.612],[-52.825,-16.61],[-52.826,-16.607],[-52.822,-16.609],[-52.816,-16.611],[-52.816,-16.605],[-52.806,-16.61],[-52.804,-16.608],[-52.795,-16.606],[-52.799,-16.601],[-52.796,-16.598],[-52.788,-16.604],[-52.78,-16.602],[-52.78,-16.598],[-52.773,-16.605],[-52.768,-16.602],[-52.765,-16.603],[-52.765,-16.59],[-52.755,-16.593],[-52.749,-16.59],[-52.753,-16.584],[-52.757,-16.586],[-52.759,-16.585],[-52.756,-16.581],[-52.76,-16.582],[-52.759,-16.579],[-52.752,-16.578],[-52.751,-16.573],[-52.746,-16.575],[-52.74,-16.572],[-52.743,-16.576],[-52.74,-16.578],[-52.75,-16.582],[-52.744,-16.581],[-52.733,-16.585],[-52.74,-16.59],[-52.731,-16.598],[-52.74,-16.603],[-52.741,-16.609],[-52.737,-16.613],[-52.726,-16.614],[-52.715,-16.639],[-52.724,-16.646],[-52.732,-16.634],[-52.739,-16.63],[-52.746,-16.63],[-52.748,-16.638],[-52.74,-16.656],[-52.746,-16.655],[-52.754,-16.662],[-52.771,-16.668],[-52.769,-16.672],[-52.755,-16.672],[-52.762,-16.682],[-52.763,-16.697],[-52.759,-16.703],[-52.761,-16.706],[-52.779,-16.708],[-52.788,-16.72],[-52.785,-16.741],[-52.792,-16.739],[-52.797,-16.746],[-52.8,-16.748],[-52.807,-16.741],[-52.823,-16.758],[-52.83,-16.76],[-52.829,-16.769],[-52.832,-16.772],[-52.842,-16.768],[-52.849,-16.766],[-52.854,-16.773],[-52.858,-16.767],[-52.867,-16.781],[-52.882,-16.776],[-52.894,-16.785],[-52.888,-16.787],[-52.892,-16.793],[-52.907,-16.799],[-52.907,-16.81],[-52.914,-16.812],[-52.918,-16.803],[-52.924,-16.801],[-52.932,-16.792],[-52.93,-16.781],[-52.935,-16.768],[-52.943,-16.77],[-52.945,-16.767],[-52.957,-16.771],[-52.961,-16.763],[-52.975,-16.762],[-52.981,-16.757],[-52.995,-16.757],[-52.999,-16.75],[-52.994,-16.736],[-53.001,-16.731],[-53.008,-16.734],[-53.013,-16.731],[-53.014,-16.724],[-53.01,-16.723],[-53.01,-16.717],[-53.017,-16.709],[-53.058,-16.696],[-53.06,-16.697],[-53.063,-16.693],[-53.06,-16.686],[-53.067,-16.686],[-53.072,-16.677],[-53.077,-16.678],[-53.078,-16.674],[-53.09,-16.667],[-53.08,-16.66],[-53.081,-16.647],[-53.089,-16.641],[-53.083,-16.623],[-53.165,-16.536],[-53.153,-16.54],[-53.151,-16.535],[-53.144,-16.534],[-53.139,-16.539],[-53.132,-16.541],[-53.126,-16.537],[-53.121,-16.539],[-53.117,-16.532],[-53.11,-16.536],[-53.096,-16.533],[-53.094,-16.529],[-53.076,-16.526],[-53.071,-16.529]]]}},{"type":"Feature","properties":{"id":"5106752","nome":"Pontes e Lacerda"},"geometry":{"type":"Polygon","coordinates":[[[-59.106,-14.659],[-59.094,-14.666],[-59.084,-14.664],[-59.048,-14.699],[-59.029,-14.721],[-59.027,-14.73],[-59.036,-14.768],[-59.04,-14.801],[-59.027,-14.918],[-59.034,-14.936],[-59.041,-14.96],[-59.035,-15.025],[-59.023,-15.044],[-59.0,-15.058],[-58.992,-15.059],[-58.982,-15.087],[-58.972,-15.1],[-58.964,-15.126],[-58.986,-15.142],[-58.989,-15.159],[-58.996,-15.17],[-58.998,-15.182],[-59.007,-15.188],[-59.012,-15.196],[-59.014,-15.229],[-59.015,-15.234],[-59.02,-15.233],[-59.019,-15.241],[-59.023,-15.239],[-59.021,-15.246],[-59.033,-15.243],[-59.042,-15.247],[-59.049,-15.237],[-59.061,-15.23],[-59.062,-15.227],[-59.072,-15.228],[-59.075,-15.221],[-59.085,-15.224],[-59.087,-15.221],[-59.096,-15.219],[-59.107,-15.222],[-59.119,-15.227],[-59.119,-15.232],[-59.134,-15.229],[-59.139,-15.236],[-59.146,-15.23],[-59.15,-15.23],[-59.158,-15.243],[-59.157,-15.249],[-59.165,-15.259],[-59.17,-15.258],[-59.174,-15.27],[-59.164,-15.283],[-59.159,-15.307],[-59.141,-15.318],[-59.133,-15.327],[-59.156,-15.347],[-59.153,-15.351],[-59.155,-15.383],[-59.15,-15.391],[-59.151,-15.397],[-59.145,-15.4],[-59.132,-15.414],[-59.128,-15.421],[-59.104,-15.44],[-59.099,-15.453],[-59.092,-15.47],[-59.091,-15.493],[-59.097,-15.496],[-59.093,-15.514],[-59.101,-15.526],[-59.101,-15.54],[-59.116,-15.581],[-59.111,-15.604],[-59.118,-15.616],[-59.13,-15.627],[-59.149,-15.633],[-59.153,-15.636],[-59.165,-15.635],[-59.167,-15.639],[-59.152,-15.666],[-59.156,-15.677],[-59.15,-15.704],[-59.148,-15.716],[-59.151,-15.721],[-59.157,-15.738],[-59.171,-15.742],[-59.201,-15.767],[-59.204,-15.78],[-59.217,-15.8],[-59.227,-15.808],[-59.228,-15.819],[-59.252,-15.847],[-59.257,-15.854],[-59.258,-15.87],[-59.27,-15.868],[-59.275,-15.877],[-59.285,-15.881],[-59.286,-15.902],[-59.295,-15.916],[-59.304,-15.947],[-59.317,-15.958],[-59.324,-15.959],[-59.328,-15.966],[-59.343,-15.966],[-59.362,-15.982],[-59.36,-15.988],[-59.369,-15.997],[-59.393,-16.004],[-59.398,-16.054],[-59.407,-16.067],[-59.42,-16.067],[-59.426,-16.062],[-59.444,-16.059],[-59.46,-16.063],[-59.474,-16.058],[-59.493,-16.046],[-59.507,-16.05],[-59.514,-16.062],[-59.527,-16.067],[-59.526,-16.08],[-59.517,-16.106],[-59.508,-16.115],[-59.503,-16.113],[-59.481,-16.12],[-59.48,-16.123],[-59.485,-16.127],[-59.478,-16.133],[-59.479,-16.143],[-59.471,-16.147],[-59.502,-16.154],[-59.512,-16.171],[-59.522,-16.172],[-59.539,-16.179],[-59.541,-16.177],[-59.555,-16.18],[-59.557,-16.177],[-59.563,-16.19],[-59.56,-16.197],[-59.563,-16.199],[-59.569,-16.194],[-59.576,-16.195],[-59.584,-16.186],[-59.589,-16.187],[-59.596,-16.178],[-59.628,-16.169],[-59.637,-16.16],[-59.667,-16.163],[-59.681,-16.15],[-59.681,-16.145],[-59.689,-16.133],[-59.699,-16.13],[-59.703,-16.125],[-59.707,-16.126],[-59.713,-16.11],[-59.736,-16.094],[-59.74,-16.086],[-59.76,-16.085],[-59.762,-16.07],[-59.758,-16.058],[-59.762,-16.047],[-59.786,-16.027],[-59.793,-16.027],[-59.792,-16.023],[-59.798,-16.019],[-59.796,-16.005],[-59.801,-15.991],[-59.816,-15.978],[-59.816,-15.969],[-59.823,-15.958],[-59.825,-15.955],[-59.832,-15.953],[-59.836,-15.958],[-59.846,-15.967],[-59.872,-15.973],[-59.875,-15.979],[-59.888,-15.983],[-59.913,-15.985],[-59.915,-15.977],[-59.921,-15.98],[-59.931,-15.966],[-59.937,-15.97],[-59.936,-15.955],[-59.941,-15.947],[-59.936,-15.942],[-59.937,-15.932],[-59.948,-15.926],[-59.943,-15.911],[-59.949,-15.908],[-59.954,-15.899],[-59.953,-15.889],[-59.95,-15.887],[-59.953,-15.871],[-59.961,-15.871],[-59.97,-15.863],[-59.977,-15.862],[-59.977,-15.851],[-59.97,-15.837],[-59.98,-15.809],[-59.986,-15.803],[-59.993,-15.803],[-59.999,-15.799],[-60.012,-15.78],[-60.009,-15.757],[-60.002,-15.743],[-60.003,-15.733],[-60.01,-15.724],[-60.023,-15.719],[-60.023,-15.709],[-60.031,-15.698],[-60.03,-15.685],[-60.041,-15.678],[-60.038,-15.669],[-60.044,-15.663],[-60.047,-15.637],[-60.041,-15.618],[-60.029,-15.599],[-60.032,-15.593],[-60.03,-15.582],[-60.023,-15.569],[-60.013,-15.562],[-59.734,-15.499],[-59.489,-15.441],[-59.484,-15.422],[-59.434,-15.228],[-59.433,-15.226],[-59.44,-15.228],[-59.444,-15.225],[-59.487,-15.157],[-59.495,-15.135],[-59.509,-15.121],[-59.508,-15.106],[-59.512,-15.094],[-59.536,-15.059],[-59.569,-15.018],[-59.583,-15.007],[-59.604,-14.977],[-59.601,-14.973],[-59.575,-14.977],[-59.567,-14.983],[-59.563,-14.977],[-59.547,-14.972],[-59.545,-14.965],[-59.536,-14.962],[-59.526,-14.962],[-59.521,-14.965],[-59.507,-14.962],[-59.497,-14.972],[-59.485,-14.977],[-59.479,-14.984],[-59.468,-14.975],[-59.453,-14.968],[-59.45,-14.96],[-59.446,-14.959],[-59.444,-14.96],[-59.419,-14.964],[-59.405,-14.961],[-59.394,-14.964],[-59.367,-14.956],[-59.364,-14.949],[-59.368,-14.93],[-59.351,-14.918],[-59.334,-14.879],[-59.314,-14.875],[-59.31,-14.869],[-59.298,-14.862],[-59.28,-14.858],[-59.281,-14.849],[-59.263,-14.834],[-59.254,-14.832],[-59.237,-14.838],[-59.225,-14.826],[-59.217,-14.827],[-59.217,-14.83],[-59.203,-14.827],[-59.198,-14.818],[-59.193,-14.817],[-59.178,-14.797],[-59.176,-14.789],[-59.146,-14.773],[-59.142,-14.767],[-59.141,-14.756],[-59.159,-14.755],[-59.165,-14.738],[-59.159,-14.711],[-59.16,-14.699],[-59.145,-14.669],[-59.131,-14.669],[-59.125,-14.665],[-59.117,-14.666],[-59.107,-14.661],[-59.106,-14.659]]]}},{"type":"Feature","properties":{"id":"5106778","nome":"Porto Alegre do Norte"},"geometry":{"type":"Polygon","coordinates":[[[-52.129,-10.517],[-52.123,-10.528],[-52.127,-10.543],[-52.123,-10.55],[-52.076,-10.537],[-52.054,-10.549],[-52.03,-10.538],[-51.997,-10.543],[-51.957,-10.549],[-51.963,-10.561],[-51.969,-10.565],[-51.97,-10.584],[-51.965,-10.596],[-51.966,-10.613],[-51.96,-10.624],[-51.951,-10.632],[-51.944,-10.657],[-51.925,-10.657],[-51.914,-10.653],[-51.911,-10.647],[-51.902,-10.645],[-51.868,-10.661],[-51.865,-10.668],[-51.838,-10.663],[-51.836,-10.671],[-51.829,-10.678],[-51.83,-10.683],[-51.823,-10.685],[-51.818,-10.694],[-51.826,-10.706],[-51.824,-10.71],[-51.819,-10.709],[-51.812,-10.713],[-51.817,-10.725],[-51.636,-10.734],[-51.597,-10.736],[-51.388,-10.746],[-51.38,-10.746],[-51.355,-10.747],[-51.106,-10.758],[-51.09,-10.759],[-51.004,-10.762],[-51.007,-10.78],[-51.029,-10.784],[-51.033,-10.796],[-51.027,-10.795],[-51.026,-10.805],[-51.03,-10.802],[-51.033,-10.804],[-51.028,-10.812],[-51.028,-10.815],[-51.037,-10.816],[-51.035,-10.828],[-51.043,-10.835],[-51.045,-10.832],[-51.058,-10.834],[-51.063,-10.84],[-51.062,-10.845],[-51.055,-10.847],[-51.056,-10.854],[-51.065,-10.857],[-51.067,-10.864],[-51.064,-10.865],[-51.071,-10.882],[-51.087,-10.884],[-51.088,-10.88],[-51.092,-10.877],[-51.096,-10.886],[-51.101,-10.887],[-51.103,-10.882],[-51.107,-10.887],[-51.112,-10.887],[-51.115,-10.897],[-51.121,-10.901],[-51.135,-10.896],[-51.146,-10.918],[-51.164,-10.928],[-51.184,-10.919],[-51.188,-10.921],[-51.189,-10.912],[-51.195,-10.912],[-51.197,-10.917],[-51.193,-10.921],[-51.201,-10.932],[-51.2,-10.939],[-51.203,-10.944],[-51.209,-10.942],[-51.217,-10.946],[-51.229,-10.946],[-51.232,-10.951],[-51.229,-10.958],[-51.231,-10.966],[-51.238,-10.971],[-51.243,-10.981],[-51.252,-10.98],[-51.263,-10.985],[-51.262,-10.993],[-51.275,-11.004],[-51.305,-11.007],[-51.317,-11.018],[-51.323,-11.018],[-51.331,-11.005],[-51.327,-11.0],[-51.327,-10.983],[-51.337,-10.973],[-51.341,-10.973],[-51.342,-10.976],[-51.336,-10.98],[-51.339,-10.989],[-51.334,-10.997],[-51.337,-11.002],[-51.346,-10.998],[-51.351,-11.0],[-51.351,-11.006],[-51.36,-11.005],[-51.361,-11.016],[-51.37,-11.015],[-51.372,-11.011],[-51.382,-11.015],[-51.391,-11.011],[-51.394,-11.015],[-51.392,-11.019],[-51.397,-11.024],[-51.408,-11.029],[-51.413,-11.026],[-51.414,-11.022],[-51.428,-11.031],[-51.432,-11.023],[-51.441,-11.031],[-51.449,-11.029],[-51.459,-11.033],[-51.462,-11.025],[-51.466,-11.029],[-51.482,-11.033],[-51.486,-11.041],[-51.489,-11.041],[-51.49,-11.034],[-51.496,-11.04],[-51.521,-11.03],[-51.526,-11.039],[-51.539,-11.032],[-51.553,-11.036],[-51.566,-11.029],[-51.565,-11.011],[-51.57,-11.001],[-51.583,-10.996],[-51.591,-10.999],[-51.602,-10.996],[-51.607,-11.0],[-51.61,-11.004],[-51.617,-11.002],[-51.627,-10.99],[-51.642,-10.998],[-51.651,-10.997],[-51.655,-10.993],[-51.665,-10.994],[-51.686,-10.976],[-51.69,-10.979],[-51.7,-10.968],[-51.731,-10.965],[-51.736,-10.96],[-51.733,-10.953],[-51.744,-10.939],[-51.767,-10.936],[-51.779,-10.942],[-51.807,-10.946],[-51.822,-10.94],[-51.832,-10.952],[-51.86,-10.947],[-51.876,-10.952],[-51.886,-10.96],[-51.89,-10.969],[-51.937,-10.991],[-51.952,-11.0],[-51.964,-11.011],[-51.977,-11.011],[-51.988,-11.02],[-52.029,-11.014],[-52.04,-11.007],[-52.052,-10.993],[-52.059,-11.014],[-52.061,-11.004],[-52.068,-10.995],[-52.112,-10.994],[-52.141,-10.982],[-52.148,-10.978],[-52.153,-10.965],[-52.168,-10.953],[-52.181,-10.949],[-52.189,-10.937],[-52.187,-10.932],[-52.201,-10.929],[-52.198,-10.922],[-52.189,-10.92],[-52.185,-10.916],[-52.185,-10.908],[-52.193,-10.893],[-52.186,-10.879],[-52.18,-10.875],[-52.191,-10.856],[-52.188,-10.844],[-52.199,-10.831],[-52.191,-10.824],[-52.185,-10.828],[-52.182,-10.822],[-52.188,-10.813],[-52.182,-10.803],[-52.185,-10.795],[-52.171,-10.784],[-52.177,-10.773],[-52.176,-10.761],[-52.184,-10.757],[-52.186,-10.751],[-52.178,-10.746],[-52.188,-10.739],[-52.171,-10.733],[-52.17,-10.728],[-52.173,-10.719],[-52.191,-10.709],[-52.189,-10.689],[-52.181,-10.686],[-52.197,-10.677],[-52.195,-10.668],[-52.183,-10.677],[-52.175,-10.674],[-52.184,-10.667],[-52.188,-10.659],[-52.204,-10.653],[-52.199,-10.64],[-52.192,-10.637],[-52.201,-10.631],[-52.203,-10.625],[-52.201,-10.622],[-52.191,-10.623],[-52.188,-10.605],[-52.182,-10.602],[-52.196,-10.589],[-52.192,-10.58],[-52.18,-10.568],[-52.178,-10.558],[-52.183,-10.552],[-52.193,-10.548],[-52.193,-10.533],[-52.202,-10.524],[-52.198,-10.52],[-52.187,-10.523],[-52.183,-10.522],[-52.184,-10.504],[-52.188,-10.5],[-52.199,-10.498],[-52.199,-10.488],[-52.179,-10.488],[-52.167,-10.494],[-52.158,-10.506],[-52.144,-10.509],[-52.129,-10.517]]]}},{"type":"Feature","properties":{"id":"5106802","nome":"Porto dos Ga\u00fachos"},"geometry":{"type":"Polygon","coordinates":[[[-57.026,-11.368],[-57.008,-11.376],[-57.002,-11.385],[-56.994,-11.39],[-56.972,-11.384],[-56.939,-11.39],[-56.928,-11.381],[-56.918,-11.38],[-56.907,-11.372],[-56.893,-11.368],[-56.889,-11.381],[-56.893,-11.407],[-56.899,-11.417],[-56.897,-11.437],[-56.891,-11.447],[-56.899,-11.472],[-56.909,-11.487],[-56.883,-11.492],[-56.873,-11.503],[-56.856,-11.508],[-56.843,-11.495],[-56.832,-11.499],[-56.792,-11.5],[-56.776,-11.498],[-56.762,-11.492],[-56.757,-11.493],[-56.761,-11.498],[-56.723,-11.491],[-56.545,-11.512],[-56.318,-11.58],[-56.301,-11.587],[-56.23,-11.625],[-56.168,-11.638],[-56.09,-11.634],[-56.049,-11.641],[-55.968,-11.62],[-55.972,-11.626],[-55.996,-11.641],[-56.024,-11.679],[-56.05,-11.689],[-56.063,-11.688],[-56.075,-11.695],[-56.077,-11.702],[-56.07,-11.716],[-56.072,-11.724],[-56.091,-11.753],[-56.098,-11.777],[-56.119,-11.797],[-56.108,-11.818],[-56.108,-11.826],[-56.16,-11.854],[-56.162,-11.86],[-56.156,-11.879],[-56.159,-11.894],[-56.165,-11.899],[-56.188,-11.9],[-56.202,-11.91],[-56.21,-11.92],[-56.206,-11.933],[-56.209,-11.941],[-56.242,-11.961],[-56.254,-11.986],[-56.261,-12.025],[-56.287,-12.059],[-56.3,-12.088],[-56.32,-12.106],[-56.323,-12.12],[-56.311,-12.131],[-56.313,-12.138],[-56.352,-12.158],[-56.377,-12.184],[-56.389,-12.184],[-56.403,-12.162],[-56.407,-12.138],[-56.405,-12.103],[-56.408,-12.088],[-56.432,-12.062],[-56.448,-12.053],[-56.445,-12.033],[-56.469,-12.012],[-56.466,-12.003],[-56.471,-11.992],[-56.491,-11.988],[-56.505,-11.977],[-56.535,-11.987],[-56.544,-11.987],[-56.55,-11.958],[-56.56,-11.949],[-56.58,-11.943],[-56.582,-11.96],[-56.586,-11.966],[-56.594,-11.972],[-56.612,-11.968],[-56.633,-11.975],[-56.639,-11.991],[-56.652,-11.99],[-56.663,-11.984],[-56.688,-11.988],[-56.7,-11.978],[-56.715,-11.976],[-56.731,-11.954],[-56.74,-11.951],[-56.748,-11.941],[-56.76,-11.941],[-56.776,-11.934],[-56.776,-11.929],[-56.784,-11.914],[-56.804,-11.916],[-56.811,-11.913],[-56.815,-11.916],[-56.82,-11.915],[-56.823,-11.921],[-56.826,-11.92],[-56.826,-11.924],[-56.832,-11.925],[-56.849,-11.926],[-56.867,-11.921],[-56.876,-11.924],[-56.894,-11.919],[-56.899,-11.924],[-56.912,-11.928],[-56.927,-11.945],[-56.933,-11.946],[-56.955,-11.958],[-56.992,-11.955],[-57.007,-11.971],[-57.081,-11.978],[-57.093,-11.985],[-57.102,-11.998],[-57.118,-12.003],[-57.125,-12.002],[-57.135,-12.008],[-57.144,-12.008],[-57.155,-11.98],[-57.166,-11.97],[-57.169,-11.941],[-57.19,-11.902],[-57.2,-11.85],[-57.213,-11.841],[-57.24,-11.833],[-57.249,-11.816],[-57.267,-11.804],[-57.283,-11.785],[-57.298,-11.775],[-57.312,-11.761],[-57.342,-11.779],[-57.352,-11.78],[-57.359,-11.776],[-57.369,-11.75],[-57.358,-11.745],[-57.355,-11.732],[-57.369,-11.715],[-57.378,-11.725],[-57.391,-11.732],[-57.401,-11.732],[-57.41,-11.727],[-57.418,-11.716],[-57.415,-11.704],[-57.401,-11.694],[-57.396,-11.682],[-57.403,-11.676],[-57.412,-11.655],[-57.392,-11.63],[-57.395,-11.627],[-57.418,-11.621],[-57.422,-11.607],[-57.416,-11.597],[-57.398,-11.59],[-57.391,-11.583],[-57.392,-11.576],[-57.4,-11.573],[-57.41,-11.576],[-57.431,-11.584],[-57.443,-11.576],[-57.444,-11.565],[-57.44,-11.551],[-57.424,-11.534],[-57.417,-11.526],[-57.407,-11.489],[-57.399,-11.498],[-57.392,-11.508],[-57.371,-11.522],[-57.354,-11.522],[-57.347,-11.527],[-57.329,-11.525],[-57.283,-11.511],[-57.259,-11.483],[-57.257,-11.469],[-57.225,-11.445],[-57.22,-11.433],[-57.213,-11.428],[-57.21,-11.43],[-57.194,-11.427],[-57.179,-11.433],[-57.174,-11.442],[-57.161,-11.443],[-57.141,-11.458],[-57.121,-11.462],[-57.117,-11.453],[-57.069,-11.433],[-57.058,-11.42],[-57.048,-11.401],[-57.056,-11.4],[-57.052,-11.386],[-57.058,-11.368],[-57.05,-11.369],[-57.034,-11.361],[-57.026,-11.368]]]}},{"type":"Feature","properties":{"id":"5106828","nome":"Porto Esperidi\u00e3o"},"geometry":{"type":"Polygon","coordinates":[[[-58.993,-15.567],[-58.958,-15.576],[-58.943,-15.574],[-58.917,-15.589],[-58.896,-15.593],[-58.88,-15.597],[-58.853,-15.598],[-58.848,-15.602],[-58.84,-15.613],[-58.825,-15.61],[-58.798,-15.619],[-58.777,-15.642],[-58.75,-15.645],[-58.733,-15.654],[-58.728,-15.672],[-58.726,-15.674],[-58.714,-15.684],[-58.673,-15.683],[-58.559,-15.692],[-58.554,-15.7],[-58.554,-15.716],[-58.549,-15.726],[-58.537,-15.735],[-58.536,-15.757],[-58.523,-15.777],[-58.514,-15.781],[-58.503,-15.78],[-58.492,-15.808],[-58.479,-15.815],[-58.475,-15.813],[-58.468,-15.821],[-58.46,-15.824],[-58.457,-15.831],[-58.465,-15.84],[-58.464,-15.851],[-58.454,-15.852],[-58.444,-15.86],[-58.44,-15.85],[-58.431,-15.85],[-58.422,-15.859],[-58.42,-15.855],[-58.417,-15.859],[-58.412,-15.859],[-58.411,-15.863],[-58.407,-15.862],[-58.404,-15.865],[-58.399,-15.863],[-58.397,-15.872],[-58.387,-15.883],[-58.39,-15.885],[-58.408,-15.89],[-58.414,-15.898],[-58.429,-15.906],[-58.446,-15.918],[-58.478,-15.924],[-58.5,-15.941],[-58.521,-15.947],[-58.554,-15.948],[-58.567,-15.941],[-58.581,-15.942],[-58.591,-15.962],[-58.638,-15.987],[-58.65,-15.994],[-58.649,-16.013],[-58.675,-16.014],[-58.693,-16.031],[-58.694,-16.046],[-58.685,-16.06],[-58.686,-16.073],[-58.705,-16.099],[-58.702,-16.113],[-58.711,-16.134],[-58.715,-16.141],[-58.736,-16.151],[-58.737,-16.159],[-58.752,-16.164],[-58.762,-16.173],[-58.77,-16.191],[-58.767,-16.204],[-58.783,-16.227],[-58.783,-16.234],[-58.792,-16.243],[-58.796,-16.252],[-58.791,-16.262],[-58.793,-16.275],[-58.788,-16.284],[-58.793,-16.296],[-58.785,-16.306],[-59.114,-16.293],[-59.47,-16.279],[-59.468,-16.274],[-59.452,-16.264],[-59.449,-16.242],[-59.457,-16.237],[-59.464,-16.225],[-59.459,-16.203],[-59.489,-16.174],[-59.471,-16.147],[-59.479,-16.143],[-59.478,-16.133],[-59.485,-16.127],[-59.48,-16.123],[-59.481,-16.12],[-59.503,-16.113],[-59.508,-16.115],[-59.517,-16.106],[-59.526,-16.08],[-59.527,-16.067],[-59.514,-16.062],[-59.507,-16.05],[-59.493,-16.046],[-59.474,-16.058],[-59.46,-16.063],[-59.444,-16.059],[-59.426,-16.062],[-59.42,-16.067],[-59.407,-16.067],[-59.398,-16.054],[-59.393,-16.004],[-59.369,-15.997],[-59.36,-15.988],[-59.362,-15.982],[-59.343,-15.966],[-59.328,-15.966],[-59.324,-15.959],[-59.317,-15.958],[-59.304,-15.947],[-59.295,-15.916],[-59.286,-15.902],[-59.285,-15.881],[-59.275,-15.877],[-59.27,-15.868],[-59.258,-15.87],[-59.257,-15.854],[-59.252,-15.847],[-59.228,-15.819],[-59.227,-15.808],[-59.217,-15.8],[-59.204,-15.78],[-59.201,-15.767],[-59.171,-15.742],[-59.157,-15.738],[-59.151,-15.721],[-59.148,-15.716],[-59.15,-15.704],[-59.156,-15.677],[-59.152,-15.666],[-59.167,-15.639],[-59.165,-15.635],[-59.153,-15.636],[-59.149,-15.633],[-59.13,-15.627],[-59.118,-15.616],[-59.111,-15.604],[-59.116,-15.581],[-59.101,-15.54],[-59.101,-15.526],[-59.093,-15.514],[-59.097,-15.496],[-59.091,-15.493],[-59.092,-15.47],[-59.084,-15.481],[-59.065,-15.489],[-59.05,-15.491],[-59.043,-15.507],[-59.032,-15.521],[-59.007,-15.532],[-58.993,-15.567]]]}},{"type":"Feature","properties":{"id":"5106851","nome":"Porto Estrela"},"geometry":{"type":"Polygon","coordinates":[[[-57.026,-15.208],[-57.022,-15.215],[-57.007,-15.212],[-56.998,-15.219],[-56.999,-15.222],[-56.996,-15.224],[-56.988,-15.222],[-56.977,-15.229],[-56.971,-15.227],[-56.966,-15.237],[-56.978,-15.252],[-56.983,-15.251],[-56.973,-15.259],[-56.981,-15.27],[-56.974,-15.277],[-56.979,-15.288],[-56.965,-15.288],[-56.964,-15.297],[-56.969,-15.298],[-56.97,-15.306],[-56.978,-15.303],[-56.98,-15.308],[-56.988,-15.308],[-56.985,-15.312],[-56.988,-15.324],[-56.993,-15.329],[-57.0,-15.326],[-57.005,-15.336],[-57.003,-15.338],[-57.0,-15.336],[-56.999,-15.342],[-56.992,-15.342],[-56.984,-15.348],[-56.978,-15.346],[-56.989,-15.376],[-56.982,-15.38],[-56.978,-15.389],[-56.985,-15.397],[-56.984,-15.403],[-56.99,-15.408],[-56.978,-15.419],[-56.985,-15.42],[-56.983,-15.423],[-56.985,-15.432],[-56.979,-15.438],[-56.971,-15.437],[-56.956,-15.454],[-56.968,-15.466],[-56.983,-15.463],[-56.982,-15.458],[-56.986,-15.456],[-56.987,-15.465],[-57.01,-15.477],[-57.011,-15.482],[-57.018,-15.478],[-57.014,-15.485],[-57.024,-15.483],[-57.018,-15.491],[-57.026,-15.504],[-57.034,-15.503],[-57.029,-15.508],[-57.031,-15.513],[-57.038,-15.512],[-57.037,-15.518],[-57.049,-15.518],[-57.041,-15.527],[-57.049,-15.527],[-57.055,-15.532],[-57.065,-15.53],[-57.061,-15.537],[-57.071,-15.537],[-57.07,-15.54],[-57.062,-15.542],[-57.057,-15.551],[-57.064,-15.558],[-57.059,-15.566],[-57.064,-15.569],[-57.068,-15.566],[-57.067,-15.571],[-57.079,-15.569],[-57.081,-15.573],[-57.077,-15.576],[-57.086,-15.575],[-57.085,-15.582],[-57.094,-15.588],[-57.092,-15.593],[-57.101,-15.602],[-57.097,-15.61],[-57.106,-15.612],[-57.108,-15.619],[-57.111,-15.619],[-57.111,-15.625],[-57.116,-15.626],[-57.113,-15.63],[-57.121,-15.631],[-57.116,-15.636],[-57.122,-15.637],[-57.121,-15.643],[-57.112,-15.649],[-57.115,-15.659],[-57.123,-15.668],[-57.121,-15.672],[-57.132,-15.666],[-57.135,-15.667],[-57.141,-15.677],[-57.136,-15.693],[-57.157,-15.72],[-57.156,-15.724],[-57.162,-15.733],[-57.175,-15.748],[-57.176,-15.758],[-57.181,-15.767],[-57.165,-15.787],[-57.176,-15.802],[-57.204,-15.819],[-57.215,-15.839],[-57.216,-15.85],[-57.216,-15.864],[-57.219,-15.864],[-57.23,-15.854],[-57.228,-15.817],[-57.234,-15.815],[-57.222,-15.799],[-57.221,-15.791],[-57.238,-15.792],[-57.242,-15.797],[-57.252,-15.794],[-57.255,-15.795],[-57.256,-15.808],[-57.285,-15.859],[-57.278,-15.833],[-57.313,-15.809],[-57.316,-15.799],[-57.314,-15.788],[-57.307,-15.782],[-57.309,-15.775],[-57.316,-15.771],[-57.32,-15.764],[-57.321,-15.751],[-57.326,-15.751],[-57.327,-15.744],[-57.334,-15.736],[-57.337,-15.738],[-57.349,-15.724],[-57.367,-15.719],[-57.368,-15.715],[-57.375,-15.713],[-57.388,-15.721],[-57.406,-15.719],[-57.42,-15.739],[-57.436,-15.747],[-57.446,-15.747],[-57.449,-15.754],[-57.453,-15.753],[-57.468,-15.749],[-57.474,-15.755],[-57.475,-15.749],[-57.48,-15.751],[-57.481,-15.755],[-57.489,-15.75],[-57.49,-15.745],[-57.5,-15.743],[-57.499,-15.75],[-57.504,-15.748],[-57.508,-15.751],[-57.519,-15.745],[-57.519,-15.73],[-57.514,-15.724],[-57.505,-15.722],[-57.516,-15.719],[-57.509,-15.71],[-57.519,-15.705],[-57.509,-15.701],[-57.509,-15.693],[-57.501,-15.696],[-57.505,-15.692],[-57.501,-15.684],[-57.492,-15.689],[-57.489,-15.686],[-57.493,-15.684],[-57.491,-15.675],[-57.496,-15.673],[-57.489,-15.671],[-57.484,-15.657],[-57.495,-15.656],[-57.498,-15.653],[-57.498,-15.639],[-57.492,-15.635],[-57.488,-15.634],[-57.486,-15.628],[-57.483,-15.629],[-57.483,-15.634],[-57.478,-15.631],[-57.46,-15.629],[-57.458,-15.625],[-57.464,-15.618],[-57.456,-15.618],[-57.45,-15.612],[-57.445,-15.614],[-57.437,-15.606],[-57.437,-15.601],[-57.443,-15.599],[-57.437,-15.586],[-57.445,-15.587],[-57.449,-15.583],[-57.44,-15.576],[-57.448,-15.572],[-57.451,-15.567],[-57.442,-15.566],[-57.44,-15.559],[-57.443,-15.551],[-57.438,-15.552],[-57.433,-15.548],[-57.438,-15.542],[-57.435,-15.536],[-57.43,-15.534],[-57.429,-15.539],[-57.419,-15.543],[-57.418,-15.533],[-57.415,-15.536],[-57.414,-15.532],[-57.404,-15.531],[-57.398,-15.538],[-57.399,-15.531],[-57.393,-15.534],[-57.379,-15.528],[-57.377,-15.53],[-57.383,-15.533],[-57.373,-15.536],[-57.376,-15.533],[-57.37,-15.524],[-57.373,-15.517],[-57.369,-15.519],[-57.371,-15.515],[-57.359,-15.51],[-57.363,-15.508],[-57.365,-15.494],[-57.37,-15.492],[-57.368,-15.486],[-57.361,-15.486],[-57.357,-15.489],[-57.356,-15.482],[-57.338,-15.478],[-57.343,-15.474],[-57.331,-15.465],[-57.327,-15.469],[-57.32,-15.465],[-57.318,-15.458],[-57.323,-15.453],[-57.314,-15.452],[-57.31,-15.445],[-57.317,-15.438],[-57.318,-15.425],[-57.32,-15.427],[-57.326,-15.422],[-57.322,-15.422],[-57.324,-15.417],[-57.326,-15.414],[-57.323,-15.409],[-57.322,-15.414],[-57.294,-15.403],[-57.291,-15.39],[-57.296,-15.387],[-57.3,-15.391],[-57.307,-15.386],[-57.297,-15.373],[-57.3,-15.349],[-57.296,-15.336],[-57.28,-15.33],[-57.273,-15.339],[-57.273,-15.331],[-57.267,-15.334],[-57.264,-15.328],[-57.257,-15.329],[-57.257,-15.336],[-57.252,-15.339],[-57.25,-15.33],[-57.24,-15.332],[-57.229,-15.325],[-57.229,-15.322],[-57.235,-15.322],[-57.227,-15.318],[-57.232,-15.305],[-57.25,-15.293],[-57.248,-15.285],[-57.252,-15.286],[-57.25,-15.281],[-57.253,-15.276],[-57.247,-15.279],[-57.24,-15.27],[-57.241,-15.268],[-57.245,-15.27],[-57.248,-15.265],[-57.242,-15.265],[-57.222,-15.271],[-57.211,-15.269],[-57.208,-15.262],[-57.198,-15.258],[-57.183,-15.26],[-57.156,-15.239],[-57.134,-15.233],[-57.128,-15.236],[-57.123,-15.247],[-57.104,-15.254],[-57.094,-15.251],[-57.086,-15.262],[-57.063,-15.268],[-57.054,-15.277],[-57.046,-15.257],[-57.024,-15.229],[-57.05,-15.209],[-57.051,-15.2],[-57.042,-15.202],[-57.037,-15.206],[-57.026,-15.208]]]}},{"type":"Feature","properties":{"id":"5107008","nome":"Poxor\u00e9o"},"geometry":{"type":"Polygon","coordinates":[[[-53.856,-15.253],[-53.809,-15.267],[-53.808,-15.282],[-53.803,-15.277],[-53.795,-15.279],[-53.792,-15.287],[-53.786,-15.292],[-53.787,-15.311],[-53.78,-15.312],[-53.783,-15.307],[-53.773,-15.302],[-53.774,-15.312],[-53.771,-15.317],[-53.766,-15.321],[-53.754,-15.318],[-53.748,-15.33],[-53.733,-15.329],[-53.74,-15.34],[-53.732,-15.343],[-53.732,-15.348],[-53.738,-15.345],[-53.74,-15.349],[-53.75,-15.348],[-53.752,-15.36],[-53.757,-15.364],[-53.761,-15.359],[-53.768,-15.365],[-53.796,-15.364],[-53.803,-15.369],[-53.806,-15.388],[-53.814,-15.411],[-53.836,-15.426],[-53.841,-15.432],[-53.839,-15.439],[-53.844,-15.437],[-53.85,-15.441],[-53.848,-15.45],[-53.852,-15.45],[-53.855,-15.456],[-53.864,-15.457],[-53.868,-15.462],[-53.871,-15.46],[-53.88,-15.484],[-53.886,-15.48],[-53.894,-15.489],[-53.905,-15.488],[-53.908,-15.491],[-53.914,-15.508],[-53.911,-15.519],[-53.917,-15.54],[-53.915,-15.55],[-53.924,-15.564],[-53.916,-15.572],[-53.917,-15.587],[-53.932,-15.604],[-53.93,-15.608],[-53.936,-15.613],[-53.937,-15.625],[-53.932,-15.637],[-53.911,-15.646],[-53.908,-15.656],[-53.905,-15.657],[-53.898,-15.673],[-53.906,-15.675],[-53.912,-15.695],[-53.907,-15.706],[-53.892,-15.711],[-53.884,-15.722],[-53.881,-15.743],[-53.888,-15.746],[-53.887,-15.763],[-53.878,-15.766],[-53.868,-15.786],[-53.862,-15.791],[-53.864,-15.796],[-53.859,-15.8],[-53.853,-15.814],[-53.853,-15.821],[-53.849,-15.831],[-53.833,-15.836],[-53.822,-15.846],[-53.802,-15.848],[-53.786,-15.859],[-53.768,-15.863],[-53.755,-15.861],[-53.744,-15.866],[-53.744,-15.871],[-53.762,-15.881],[-53.771,-15.892],[-53.781,-15.9],[-53.778,-15.907],[-53.782,-15.916],[-53.78,-15.925],[-53.793,-15.929],[-53.795,-15.934],[-53.776,-15.945],[-53.777,-15.949],[-53.797,-15.955],[-53.808,-15.963],[-53.804,-15.98],[-53.808,-16.003],[-53.832,-16.001],[-53.838,-16.003],[-53.842,-16.011],[-53.854,-16.009],[-53.863,-16.003],[-53.873,-16.005],[-53.864,-16.017],[-53.866,-16.027],[-53.86,-16.037],[-53.852,-16.049],[-53.858,-16.053],[-53.829,-16.059],[-53.811,-16.081],[-53.811,-16.089],[-53.83,-16.115],[-53.834,-16.131],[-53.819,-16.145],[-53.821,-16.153],[-53.829,-16.159],[-53.831,-16.162],[-53.817,-16.165],[-53.788,-16.184],[-53.789,-16.189],[-53.805,-16.195],[-53.806,-16.198],[-53.923,-16.196],[-53.941,-16.209],[-53.94,-16.212],[-53.934,-16.216],[-53.934,-16.225],[-53.926,-16.233],[-53.921,-16.249],[-53.915,-16.252],[-53.917,-16.255],[-53.942,-16.265],[-53.938,-16.276],[-53.947,-16.291],[-53.948,-16.299],[-53.955,-16.306],[-53.948,-16.312],[-53.947,-16.322],[-53.941,-16.325],[-53.943,-16.331],[-53.941,-16.339],[-53.948,-16.348],[-53.948,-16.357],[-53.954,-16.362],[-53.968,-16.359],[-53.98,-16.363],[-54.0,-16.363],[-54.004,-16.369],[-54.009,-16.367],[-54.023,-16.371],[-54.026,-16.371],[-54.031,-16.354],[-54.035,-16.36],[-54.04,-16.355],[-54.045,-16.355],[-54.047,-16.349],[-54.064,-16.352],[-54.067,-16.346],[-54.064,-16.332],[-54.085,-16.326],[-54.083,-16.318],[-54.099,-16.318],[-54.102,-16.319],[-54.102,-16.316],[-54.112,-16.315],[-54.117,-16.322],[-54.119,-16.317],[-54.123,-16.317],[-54.126,-16.306],[-54.131,-16.306],[-54.136,-16.311],[-54.145,-16.307],[-54.143,-16.303],[-54.147,-16.3],[-54.167,-16.304],[-54.182,-16.294],[-54.187,-16.297],[-54.187,-16.306],[-54.191,-16.31],[-54.201,-16.309],[-54.203,-16.316],[-54.211,-16.317],[-54.215,-16.326],[-54.224,-16.322],[-54.227,-16.314],[-54.231,-16.319],[-54.237,-16.318],[-54.246,-16.322],[-54.249,-16.317],[-54.254,-16.318],[-54.256,-16.324],[-54.267,-16.326],[-54.274,-16.344],[-54.282,-16.341],[-54.29,-16.331],[-54.299,-16.328],[-54.3,-16.337],[-54.31,-16.341],[-54.319,-16.341],[-54.319,-16.335],[-54.328,-16.325],[-54.329,-16.328],[-54.337,-16.325],[-54.34,-16.321],[-54.345,-16.321],[-54.349,-16.331],[-54.359,-16.334],[-54.387,-16.327],[-54.389,-16.314],[-54.388,-16.306],[-54.393,-16.304],[-54.394,-16.295],[-54.402,-16.293],[-54.407,-16.281],[-54.424,-16.268],[-54.432,-16.267],[-54.43,-16.271],[-54.433,-16.276],[-54.439,-16.275],[-54.454,-16.253],[-54.457,-16.244],[-54.462,-16.243],[-54.456,-16.223],[-54.459,-16.215],[-54.45,-16.205],[-54.447,-16.19],[-54.435,-16.186],[-54.424,-16.175],[-54.418,-16.163],[-54.417,-16.143],[-54.428,-16.142],[-54.429,-16.138],[-54.433,-16.141],[-54.444,-16.134],[-54.458,-16.133],[-54.471,-16.114],[-54.482,-16.107],[-54.476,-16.097],[-54.492,-16.093],[-54.485,-16.088],[-54.48,-16.07],[-54.478,-16.043],[-54.471,-15.982],[-54.463,-15.917],[-54.572,-15.883],[-54.58,-15.881],[-54.675,-15.848],[-54.638,-15.761],[-54.584,-15.632],[-54.561,-15.577],[-54.559,-15.568],[-54.55,-15.5],[-54.518,-15.4],[-54.509,-15.395],[-54.511,-15.4],[-54.498,-15.403],[-54.495,-15.409],[-54.49,-15.409],[-54.487,-15.399],[-54.481,-15.405],[-54.477,-15.405],[-54.473,-15.403],[-54.472,-15.395],[-54.467,-15.394],[-54.464,-15.402],[-54.46,-15.398],[-54.455,-15.4],[-54.456,-15.404],[-54.441,-15.399],[-54.44,-15.403],[-54.432,-15.405],[-54.424,-15.411],[-54.412,-15.398],[-54.419,-15.393],[-54.411,-15.38],[-54.404,-15.376],[-54.396,-15.379],[-54.375,-15.37],[-54.361,-15.359],[-54.359,-15.35],[-54.353,-15.349],[-54.35,-15.341],[-54.345,-15.342],[-54.341,-15.349],[-54.338,-15.341],[-54.335,-15.346],[-54.328,-15.338],[-54.319,-15.332],[-54.313,-15.334],[-54.311,-15.327],[-54.306,-15.325],[-54.306,-15.331],[-54.294,-15.328],[-54.297,-15.332],[-54.295,-15.337],[-54.287,-15.335],[-54.278,-15.327],[-54.274,-15.327],[-54.277,-15.331],[-54.273,-15.334],[-54.265,-15.334],[-54.261,-15.33],[-54.259,-15.334],[-54.263,-15.339],[-54.26,-15.341],[-54.261,-15.357],[-54.268,-15.371],[-54.276,-15.377],[-54.279,-15.387],[-54.276,-15.411],[-54.279,-15.421],[-54.293,-15.426],[-54.304,-15.438],[-54.32,-15.446],[-54.333,-15.444],[-54.344,-15.447],[-54.357,-15.458],[-54.362,-15.47],[-54.37,-15.477],[-54.37,-15.484],[-54.38,-15.496],[-54.39,-15.497],[-54.4,-15.502],[-54.417,-15.522],[-54.428,-15.557],[-54.483,-15.578],[-54.491,-15.581],[-54.483,-15.581],[-54.48,-15.586],[-54.482,-15.591],[-54.476,-15.59],[-54.474,-15.583],[-54.473,-15.589],[-54.467,-15.589],[-54.467,-15.592],[-54.441,-15.587],[-54.436,-15.588],[-54.434,-15.593],[-54.425,-15.591],[-54.426,-15.6],[-54.415,-15.595],[-54.416,-15.589],[-54.404,-15.586],[-54.408,-15.597],[-54.397,-15.59],[-54.395,-15.595],[-54.382,-15.594],[-54.363,-15.603],[-54.354,-15.595],[-54.288,-15.57],[-54.279,-15.56],[-54.276,-15.563],[-54.27,-15.56],[-54.265,-15.564],[-54.255,-15.563],[-54.252,-15.562],[-54.25,-15.554],[-54.244,-15.554],[-54.241,-15.558],[-54.234,-15.558],[-54.236,-15.561],[-54.229,-15.562],[-54.233,-15.558],[-54.231,-15.551],[-54.224,-15.547],[-54.22,-15.549],[-54.223,-15.538],[-54.214,-15.54],[-54.211,-15.532],[-54.21,-15.53],[-54.203,-15.533],[-54.202,-15.541],[-54.195,-15.54],[-54.193,-15.551],[-54.197,-15.553],[-54.195,-15.561],[-54.202,-15.566],[-54.203,-15.562],[-54.206,-15.562],[-54.213,-15.571],[-54.218,-15.568],[-54.222,-15.583],[-54.219,-15.594],[-54.221,-15.599],[-54.222,-15.596],[-54.229,-15.595],[-54.225,-15.606],[-54.229,-15.606],[-54.231,-15.612],[-54.221,-15.611],[-54.223,-15.616],[-54.22,-15.622],[-54.224,-15.63],[-54.223,-15.64],[-54.228,-15.644],[-54.225,-15.641],[-54.214,-15.645],[-54.211,-15.641],[-54.204,-15.64],[-54.203,-15.643],[-54.206,-15.648],[-54.201,-15.651],[-54.154,-15.649],[-54.161,-15.638],[-54.172,-15.629],[-54.126,-15.624],[-54.11,-15.627],[-54.044,-15.616],[-54.042,-15.609],[-54.048,-15.598],[-54.045,-15.578],[-54.028,-15.54],[-54.027,-15.514],[-54.03,-15.504],[-54.029,-15.493],[-54.033,-15.486],[-54.031,-15.467],[-54.039,-15.452],[-54.048,-15.418],[-54.055,-15.41],[-54.056,-15.39],[-54.044,-15.377],[-54.034,-15.356],[-54.033,-15.333],[-54.023,-15.326],[-54.014,-15.313],[-54.002,-15.305],[-53.99,-15.306],[-53.962,-15.298],[-53.938,-15.281],[-53.93,-15.281],[-53.92,-15.273],[-53.913,-15.275],[-53.908,-15.27],[-53.899,-15.27],[-53.898,-15.261],[-53.888,-15.258],[-53.884,-15.263],[-53.875,-15.265],[-53.874,-15.248],[-53.86,-15.245],[-53.856,-15.253]]]}},{"type":"Feature","properties":{"id":"5107040","nome":"Primavera do Leste"},"geometry":{"type":"Polygon","coordinates":[[[-53.943,-14.611],[-53.941,-14.616],[-53.93,-14.62],[-53.922,-14.636],[-53.888,-14.624],[-53.882,-14.623],[-53.875,-14.628],[-53.877,-14.621],[-53.87,-14.62],[-53.866,-14.624],[-53.864,-14.621],[-53.848,-14.617],[-53.84,-14.621],[-53.83,-14.617],[-53.813,-14.621],[-53.796,-14.63],[-53.776,-14.634],[-53.778,-14.647],[-53.796,-14.671],[-53.814,-14.674],[-53.821,-14.673],[-53.83,-14.687],[-53.839,-14.688],[-53.861,-14.703],[-53.868,-14.721],[-53.876,-14.722],[-53.881,-14.727],[-53.888,-14.726],[-53.896,-14.737],[-53.9,-14.735],[-53.908,-14.745],[-53.924,-14.745],[-53.929,-14.749],[-53.931,-14.755],[-53.956,-14.762],[-53.96,-14.768],[-53.971,-14.771],[-53.979,-14.768],[-53.99,-14.785],[-54.008,-14.789],[-54.012,-14.794],[-54.018,-14.792],[-54.027,-14.801],[-54.033,-14.814],[-54.039,-14.814],[-54.042,-14.819],[-54.064,-14.821],[-54.075,-14.828],[-54.098,-14.824],[-54.195,-14.825],[-54.162,-14.848],[-54.145,-14.848],[-54.118,-14.855],[-54.1,-14.869],[-54.076,-14.876],[-54.075,-14.879],[-54.061,-14.881],[-54.027,-14.898],[-54.016,-14.911],[-54.02,-14.922],[-54.014,-14.928],[-54.005,-14.927],[-54.0,-14.932],[-53.998,-14.945],[-53.993,-14.945],[-53.984,-14.957],[-53.984,-14.965],[-53.932,-14.992],[-53.936,-14.999],[-53.934,-15.007],[-53.943,-15.032],[-53.946,-15.044],[-53.94,-15.06],[-53.945,-15.074],[-53.941,-15.08],[-53.938,-15.077],[-53.926,-15.081],[-53.923,-15.087],[-53.937,-15.1],[-53.942,-15.113],[-53.937,-15.121],[-53.943,-15.131],[-53.937,-15.139],[-53.932,-15.14],[-53.94,-15.164],[-53.934,-15.17],[-53.932,-15.178],[-53.925,-15.18],[-53.928,-15.187],[-53.926,-15.19],[-53.931,-15.193],[-53.929,-15.196],[-53.933,-15.195],[-53.933,-15.202],[-53.944,-15.217],[-53.941,-15.228],[-53.944,-15.234],[-53.948,-15.234],[-53.946,-15.237],[-53.949,-15.245],[-53.947,-15.247],[-53.933,-15.241],[-53.928,-15.252],[-53.923,-15.25],[-53.921,-15.244],[-53.908,-15.245],[-53.906,-15.249],[-53.912,-15.252],[-53.914,-15.258],[-53.898,-15.261],[-53.899,-15.27],[-53.908,-15.27],[-53.913,-15.275],[-53.92,-15.273],[-53.93,-15.281],[-53.938,-15.281],[-53.962,-15.298],[-53.99,-15.306],[-54.002,-15.305],[-54.014,-15.313],[-54.023,-15.326],[-54.033,-15.333],[-54.034,-15.356],[-54.044,-15.377],[-54.056,-15.39],[-54.055,-15.41],[-54.048,-15.418],[-54.039,-15.452],[-54.031,-15.467],[-54.033,-15.486],[-54.029,-15.493],[-54.03,-15.504],[-54.027,-15.514],[-54.028,-15.54],[-54.045,-15.578],[-54.048,-15.598],[-54.042,-15.609],[-54.044,-15.616],[-54.11,-15.627],[-54.126,-15.624],[-54.172,-15.629],[-54.161,-15.638],[-54.154,-15.649],[-54.201,-15.651],[-54.206,-15.648],[-54.203,-15.643],[-54.204,-15.64],[-54.211,-15.641],[-54.214,-15.645],[-54.225,-15.641],[-54.228,-15.644],[-54.223,-15.64],[-54.224,-15.63],[-54.22,-15.622],[-54.223,-15.616],[-54.221,-15.611],[-54.231,-15.612],[-54.229,-15.606],[-54.225,-15.606],[-54.229,-15.595],[-54.222,-15.596],[-54.221,-15.599],[-54.219,-15.594],[-54.222,-15.583],[-54.218,-15.568],[-54.213,-15.571],[-54.206,-15.562],[-54.203,-15.562],[-54.202,-15.566],[-54.195,-15.561],[-54.197,-15.553],[-54.193,-15.551],[-54.195,-15.54],[-54.202,-15.541],[-54.203,-15.533],[-54.21,-15.53],[-54.211,-15.532],[-54.214,-15.54],[-54.223,-15.538],[-54.22,-15.549],[-54.224,-15.547],[-54.231,-15.551],[-54.233,-15.558],[-54.229,-15.562],[-54.236,-15.561],[-54.234,-15.558],[-54.241,-15.558],[-54.244,-15.554],[-54.25,-15.554],[-54.252,-15.562],[-54.255,-15.563],[-54.265,-15.564],[-54.27,-15.56],[-54.276,-15.563],[-54.279,-15.56],[-54.288,-15.57],[-54.354,-15.595],[-54.363,-15.603],[-54.382,-15.594],[-54.395,-15.595],[-54.397,-15.59],[-54.408,-15.597],[-54.404,-15.586],[-54.416,-15.589],[-54.415,-15.595],[-54.426,-15.6],[-54.425,-15.591],[-54.434,-15.593],[-54.436,-15.588],[-54.441,-15.587],[-54.467,-15.592],[-54.467,-15.589],[-54.473,-15.589],[-54.474,-15.583],[-54.476,-15.59],[-54.482,-15.591],[-54.48,-15.586],[-54.483,-15.581],[-54.491,-15.581],[-54.483,-15.578],[-54.428,-15.557],[-54.417,-15.522],[-54.4,-15.502],[-54.39,-15.497],[-54.38,-15.496],[-54.37,-15.484],[-54.37,-15.477],[-54.362,-15.47],[-54.357,-15.458],[-54.344,-15.447],[-54.333,-15.444],[-54.32,-15.446],[-54.304,-15.438],[-54.293,-15.426],[-54.279,-15.421],[-54.276,-15.411],[-54.279,-15.387],[-54.276,-15.377],[-54.268,-15.371],[-54.261,-15.357],[-54.26,-15.341],[-54.263,-15.339],[-54.259,-15.334],[-54.261,-15.33],[-54.265,-15.334],[-54.273,-15.334],[-54.277,-15.331],[-54.274,-15.327],[-54.278,-15.327],[-54.287,-15.335],[-54.295,-15.337],[-54.297,-15.332],[-54.294,-15.328],[-54.306,-15.331],[-54.306,-15.325],[-54.311,-15.327],[-54.313,-15.334],[-54.319,-15.332],[-54.328,-15.338],[-54.335,-15.346],[-54.338,-15.341],[-54.341,-15.349],[-54.345,-15.342],[-54.35,-15.341],[-54.353,-15.349],[-54.359,-15.35],[-54.361,-15.359],[-54.375,-15.37],[-54.396,-15.379],[-54.404,-15.376],[-54.411,-15.38],[-54.419,-15.393],[-54.412,-15.398],[-54.424,-15.411],[-54.432,-15.405],[-54.44,-15.403],[-54.441,-15.399],[-54.456,-15.404],[-54.455,-15.4],[-54.46,-15.398],[-54.464,-15.402],[-54.467,-15.394],[-54.472,-15.395],[-54.473,-15.403],[-54.477,-15.405],[-54.481,-15.405],[-54.487,-15.399],[-54.49,-15.409],[-54.495,-15.409],[-54.498,-15.403],[-54.511,-15.4],[-54.509,-15.395],[-54.518,-15.4],[-54.525,-15.401],[-54.53,-15.394],[-54.53,-15.377],[-54.541,-15.374],[-54.543,-15.37],[-54.551,-15.374],[-54.552,-15.365],[-54.555,-15.359],[-54.55,-15.332],[-54.544,-15.321],[-54.531,-15.31],[-54.529,-15.298],[-54.521,-15.286],[-54.539,-15.245],[-54.517,-15.237],[-54.455,-15.206],[-54.471,-15.171],[-54.487,-15.158],[-54.493,-15.131],[-54.479,-15.119],[-54.469,-15.118],[-54.461,-15.113],[-54.439,-15.111],[-54.443,-15.089],[-54.443,-15.082],[-54.439,-15.077],[-54.44,-15.064],[-54.452,-15.047],[-54.458,-15.042],[-54.48,-15.036],[-54.486,-15.027],[-54.505,-15.036],[-54.514,-15.027],[-54.514,-15.021],[-54.52,-15.014],[-54.536,-15.003],[-54.535,-14.996],[-54.552,-14.981],[-54.559,-14.968],[-54.576,-14.969],[-54.587,-14.974],[-54.597,-14.973],[-54.617,-14.98],[-54.631,-14.977],[-54.644,-14.969],[-54.652,-14.958],[-54.668,-14.957],[-54.695,-14.963],[-54.697,-14.953],[-54.673,-14.93],[-54.666,-14.926],[-54.656,-14.916],[-54.644,-14.915],[-54.582,-14.893],[-54.563,-14.892],[-54.554,-14.885],[-54.52,-14.88],[-54.501,-14.864],[-54.486,-14.836],[-54.493,-14.823],[-54.493,-14.792],[-54.472,-14.773],[-54.457,-14.771],[-54.429,-14.76],[-54.398,-14.763],[-54.382,-14.752],[-54.376,-14.753],[-54.372,-14.748],[-54.348,-14.745],[-54.341,-14.734],[-54.325,-14.729],[-54.268,-14.713],[-54.263,-14.708],[-54.243,-14.706],[-54.225,-14.696],[-54.201,-14.689],[-54.184,-14.653],[-54.162,-14.651],[-54.145,-14.644],[-54.133,-14.627],[-54.12,-14.626],[-54.115,-14.62],[-54.109,-14.621],[-54.107,-14.614],[-54.094,-14.621],[-54.089,-14.617],[-54.079,-14.618],[-54.069,-14.614],[-54.066,-14.617],[-54.057,-14.617],[-54.051,-14.611],[-54.048,-14.616],[-54.036,-14.608],[-54.033,-14.61],[-54.028,-14.605],[-54.016,-14.614],[-54.012,-14.61],[-53.995,-14.612],[-53.96,-14.604],[-53.943,-14.611]]]}},{"type":"Feature","properties":{"id":"5107065","nome":"Quer\u00eancia"},"geometry":{"type":"Polygon","coordinates":[[[-53.228,-11.253],[-53.225,-11.268],[-53.232,-11.27],[-53.237,-11.261],[-53.244,-11.265],[-53.241,-11.283],[-53.232,-11.294],[-53.231,-11.283],[-53.223,-11.28],[-53.204,-11.294],[-53.207,-11.298],[-53.2,-11.308],[-53.188,-11.311],[-53.181,-11.329],[-53.17,-11.327],[-53.168,-11.339],[-53.164,-11.34],[-53.157,-11.332],[-53.154,-11.333],[-53.15,-11.351],[-53.152,-11.362],[-53.141,-11.364],[-53.138,-11.371],[-53.128,-11.371],[-53.119,-11.379],[-53.115,-11.377],[-53.114,-11.372],[-53.11,-11.373],[-53.109,-11.394],[-53.114,-11.399],[-53.106,-11.413],[-53.098,-11.411],[-53.098,-11.402],[-53.092,-11.401],[-53.077,-11.41],[-53.076,-11.413],[-53.08,-11.416],[-53.083,-11.425],[-53.089,-11.419],[-53.097,-11.422],[-53.103,-11.454],[-53.093,-11.454],[-53.08,-11.462],[-53.072,-11.451],[-53.062,-11.453],[-53.061,-11.454],[-53.056,-11.47],[-53.041,-11.479],[-53.038,-11.498],[-53.043,-11.507],[-53.026,-11.513],[-53.023,-11.526],[-53.017,-11.532],[-53.01,-11.537],[-52.999,-11.534],[-52.995,-11.525],[-52.983,-11.517],[-52.968,-11.519],[-52.963,-11.523],[-52.962,-11.527],[-52.973,-11.537],[-52.976,-11.548],[-52.967,-11.554],[-52.959,-11.569],[-52.957,-11.587],[-52.96,-11.594],[-52.962,-11.602],[-52.958,-11.609],[-52.947,-11.616],[-52.944,-11.612],[-52.942,-11.594],[-52.934,-11.576],[-52.929,-11.574],[-52.892,-11.592],[-52.884,-11.593],[-52.88,-11.582],[-52.873,-11.581],[-52.864,-11.594],[-52.859,-11.603],[-52.842,-11.619],[-52.836,-11.605],[-52.83,-11.602],[-52.822,-11.608],[-52.815,-11.607],[-52.814,-11.62],[-52.805,-11.623],[-52.807,-11.608],[-52.805,-11.606],[-52.794,-11.609],[-52.792,-11.618],[-52.798,-11.621],[-52.801,-11.629],[-52.796,-11.637],[-52.787,-11.639],[-52.777,-11.631],[-52.771,-11.631],[-52.755,-11.644],[-52.748,-11.647],[-52.741,-11.642],[-52.734,-11.647],[-52.729,-11.634],[-52.719,-11.637],[-52.708,-11.659],[-52.695,-11.662],[-52.68,-11.675],[-52.671,-11.65],[-52.663,-11.649],[-52.652,-11.658],[-52.638,-11.683],[-52.628,-11.685],[-52.615,-11.694],[-52.611,-11.686],[-52.606,-11.685],[-52.581,-11.705],[-52.571,-11.695],[-52.573,-11.681],[-52.545,-11.67],[-52.54,-11.673],[-52.536,-11.687],[-52.516,-11.706],[-52.512,-11.704],[-52.505,-11.688],[-52.487,-11.686],[-52.483,-11.691],[-52.476,-11.685],[-52.461,-11.681],[-52.454,-11.687],[-52.471,-11.697],[-52.47,-11.702],[-52.463,-11.707],[-52.458,-11.699],[-52.449,-11.697],[-52.436,-11.7],[-52.418,-11.728],[-52.412,-11.719],[-52.414,-11.712],[-52.401,-11.72],[-52.398,-11.712],[-52.388,-11.709],[-52.392,-11.714],[-52.386,-11.713],[-52.388,-11.72],[-52.381,-11.721],[-52.378,-11.725],[-52.373,-11.721],[-52.362,-11.727],[-52.358,-11.734],[-52.358,-11.746],[-52.336,-11.752],[-52.336,-11.756],[-52.332,-11.762],[-52.32,-11.77],[-52.32,-11.765],[-52.312,-11.763],[-52.308,-11.77],[-52.296,-11.774],[-52.294,-11.789],[-52.289,-11.79],[-52.278,-11.779],[-52.272,-11.78],[-52.269,-11.786],[-52.274,-11.793],[-52.265,-11.796],[-52.249,-11.816],[-52.248,-11.82],[-52.253,-11.824],[-52.25,-11.828],[-52.254,-11.832],[-52.251,-11.855],[-52.243,-11.857],[-52.242,-11.849],[-52.234,-11.852],[-52.238,-11.854],[-52.237,-11.861],[-52.243,-11.873],[-52.24,-11.877],[-52.244,-11.882],[-52.229,-11.894],[-52.221,-11.894],[-52.22,-11.898],[-52.216,-11.898],[-52.218,-11.9],[-52.215,-11.904],[-52.219,-11.907],[-52.214,-11.913],[-52.214,-11.919],[-52.205,-11.917],[-52.195,-11.921],[-52.188,-11.951],[-52.179,-11.95],[-52.173,-11.944],[-52.173,-11.963],[-52.167,-11.958],[-52.167,-11.963],[-52.152,-11.961],[-52.143,-11.969],[-52.127,-11.975],[-52.119,-11.987],[-52.127,-11.989],[-52.149,-11.975],[-52.152,-11.977],[-52.141,-11.993],[-52.132,-11.992],[-52.123,-11.999],[-52.131,-11.999],[-52.129,-12.014],[-52.12,-12.012],[-52.123,-12.014],[-52.108,-12.032],[-52.115,-12.039],[-52.111,-12.042],[-52.115,-12.046],[-52.111,-12.056],[-52.119,-12.058],[-52.117,-12.062],[-52.121,-12.065],[-52.118,-12.066],[-52.121,-12.068],[-52.114,-12.078],[-52.122,-12.084],[-52.118,-12.089],[-52.119,-12.093],[-52.125,-12.092],[-52.13,-12.098],[-52.133,-12.092],[-52.137,-12.093],[-52.139,-12.1],[-52.135,-12.111],[-52.138,-12.114],[-52.146,-12.111],[-52.155,-12.121],[-52.149,-12.123],[-52.145,-12.131],[-52.149,-12.139],[-52.15,-12.137],[-52.155,-12.143],[-52.159,-12.143],[-52.159,-12.151],[-52.164,-12.159],[-52.159,-12.16],[-52.157,-12.167],[-52.174,-12.181],[-52.172,-12.187],[-52.17,-12.183],[-52.164,-12.186],[-52.164,-12.194],[-52.161,-12.194],[-52.167,-12.202],[-52.166,-12.214],[-52.158,-12.219],[-52.164,-12.222],[-52.164,-12.227],[-52.161,-12.225],[-52.161,-12.236],[-52.156,-12.232],[-52.149,-12.236],[-52.151,-12.244],[-52.149,-12.25],[-52.137,-12.249],[-52.133,-12.263],[-52.125,-12.262],[-52.122,-12.267],[-52.12,-12.263],[-52.12,-12.275],[-52.116,-12.274],[-52.116,-12.27],[-52.114,-12.273],[-52.108,-12.272],[-52.102,-12.284],[-52.097,-12.28],[-52.092,-12.281],[-52.091,-12.285],[-52.085,-12.281],[-52.084,-12.284],[-52.082,-12.278],[-52.078,-12.277],[-52.067,-12.283],[-52.067,-12.289],[-52.063,-12.293],[-52.064,-12.299],[-52.06,-12.301],[-52.063,-12.307],[-52.07,-12.308],[-52.069,-12.317],[-52.066,-12.318],[-52.066,-12.314],[-52.061,-12.321],[-52.055,-12.321],[-52.061,-12.331],[-52.063,-12.341],[-52.063,-12.344],[-52.061,-12.342],[-52.06,-12.345],[-52.063,-12.357],[-52.057,-12.364],[-52.06,-12.377],[-52.049,-12.379],[-52.044,-12.388],[-52.045,-12.393],[-52.054,-12.393],[-52.061,-12.398],[-52.061,-12.401],[-52.056,-12.404],[-52.056,-12.417],[-52.051,-12.422],[-52.053,-12.436],[-52.042,-12.435],[-52.049,-12.446],[-52.051,-12.443],[-52.053,-12.449],[-52.044,-12.461],[-52.057,-12.468],[-52.052,-12.475],[-52.045,-12.47],[-52.041,-12.473],[-52.053,-12.488],[-52.045,-12.492],[-52.047,-12.498],[-52.04,-12.503],[-52.039,-12.51],[-52.044,-12.515],[-52.044,-12.522],[-52.05,-12.522],[-52.05,-12.528],[-52.042,-12.53],[-52.046,-12.538],[-52.05,-12.539],[-52.046,-12.546],[-52.058,-12.549],[-52.055,-12.557],[-52.059,-12.565],[-52.056,-12.573],[-52.047,-12.575],[-52.046,-12.581],[-52.048,-12.588],[-52.055,-12.589],[-52.053,-12.598],[-52.056,-12.602],[-52.064,-12.602],[-52.058,-12.617],[-52.058,-12.623],[-52.063,-12.623],[-52.061,-12.63],[-52.076,-12.633],[-52.074,-12.638],[-52.077,-12.64],[-52.084,-12.638],[-52.096,-12.648],[-52.091,-12.654],[-52.092,-12.659],[-52.098,-12.664],[-52.102,-12.659],[-52.108,-12.662],[-52.11,-12.667],[-52.107,-12.669],[-52.109,-12.675],[-52.105,-12.69],[-52.111,-12.694],[-52.11,-12.705],[-52.12,-12.711],[-52.121,-12.721],[-52.114,-12.731],[-52.122,-12.734],[-52.113,-12.747],[-52.116,-12.751],[-52.115,-12.755],[-52.12,-12.757],[-52.12,-12.768],[-52.117,-12.762],[-52.111,-12.768],[-52.119,-12.789],[-52.112,-12.798],[-52.112,-12.808],[-52.116,-12.811],[-52.112,-12.826],[-52.118,-12.835],[-52.116,-12.841],[-52.123,-12.848],[-52.123,-12.855],[-52.129,-12.864],[-52.134,-12.865],[-52.135,-12.879],[-52.14,-12.886],[-52.136,-12.896],[-52.142,-12.903],[-52.135,-12.907],[-52.136,-12.912],[-52.133,-12.917],[-52.129,-12.939],[-52.134,-12.941],[-52.142,-12.971],[-52.132,-12.975],[-52.143,-12.985],[-52.133,-13.003],[-52.141,-13.009],[-52.135,-13.015],[-52.142,-13.018],[-52.141,-13.025],[-52.137,-13.022],[-52.139,-13.027],[-52.131,-13.028],[-52.139,-13.038],[-52.133,-13.042],[-52.136,-13.052],[-52.129,-13.062],[-52.136,-13.069],[-52.132,-13.071],[-52.132,-13.075],[-52.14,-13.077],[-52.142,-13.083],[-52.138,-13.082],[-52.138,-13.086],[-52.13,-13.079],[-52.126,-13.081],[-52.131,-13.086],[-52.126,-13.092],[-52.13,-13.094],[-52.132,-13.091],[-52.134,-13.093],[-52.13,-13.095],[-52.119,-13.1],[-52.125,-13.107],[-52.118,-13.115],[-52.136,-13.125],[-52.143,-13.136],[-52.14,-13.163],[-52.152,-13.174],[-52.156,-13.191],[-52.163,-13.196],[-52.19,-13.196],[-52.2,-13.206],[-52.215,-13.21],[-52.28,-13.256],[-52.282,-13.246],[-52.285,-13.237],[-52.293,-13.226],[-52.301,-13.223],[-52.327,-13.223],[-52.335,-13.204],[-52.342,-13.2],[-52.35,-13.199],[-52.346,-13.195],[-52.351,-13.191],[-52.347,-13.189],[-52.346,-13.181],[-52.357,-13.166],[-52.368,-13.169],[-52.383,-13.163],[-52.386,-13.155],[-52.392,-13.153],[-52.389,-13.148],[-52.393,-13.147],[-52.391,-13.142],[-52.4,-13.13],[-52.401,-13.118],[-52.407,-13.115],[-52.406,-13.113],[-52.411,-13.113],[-52.41,-13.095],[-52.416,-13.09],[-52.417,-13.072],[-52.426,-13.055],[-52.437,-13.054],[-52.442,-13.05],[-52.444,-13.053],[-52.449,-13.052],[-52.453,-13.036],[-52.461,-13.021],[-52.459,-13.017],[-52.463,-12.995],[-52.467,-12.993],[-52.459,-12.984],[-52.468,-12.978],[-52.468,-12.969],[-52.474,-12.961],[-52.47,-12.947],[-52.473,-12.948],[-52.47,-12.94],[-52.474,-12.935],[-52.469,-12.933],[-52.47,-12.925],[-52.467,-12.921],[-52.48,-12.909],[-52.476,-12.907],[-52.484,-12.902],[-52.48,-12.901],[-52.483,-12.894],[-52.479,-12.874],[-52.464,-12.867],[-52.466,-12.859],[-52.458,-12.855],[-52.462,-12.856],[-52.462,-12.851],[-52.468,-12.849],[-52.464,-12.847],[-52.469,-12.84],[-52.466,-12.837],[-52.472,-12.839],[-52.474,-12.838],[-52.469,-12.833],[-52.478,-12.833],[-52.487,-12.824],[-52.492,-12.825],[-52.497,-12.8],[-52.501,-12.8],[-52.5,-12.797],[-52.505,-12.792],[-52.499,-12.788],[-52.502,-12.776],[-52.494,-12.764],[-52.491,-12.764],[-52.499,-12.744],[-52.496,-12.737],[-52.498,-12.73],[-52.501,-12.731],[-52.513,-12.723],[-52.513,-12.718],[-52.52,-12.715],[-52.524,-12.72],[-52.531,-12.713],[-52.539,-12.719],[-52.555,-12.718],[-52.56,-12.722],[-52.564,-12.72],[-52.577,-12.731],[-52.579,-12.725],[-52.591,-12.724],[-52.598,-12.719],[-52.599,-12.713],[-52.608,-12.706],[-52.613,-12.696],[-52.619,-12.695],[-52.616,-12.687],[-52.622,-12.686],[-52.623,-12.68],[-52.626,-12.681],[-52.637,-12.673],[-52.634,-12.67],[-52.636,-12.665],[-52.641,-12.669],[-52.649,-12.663],[-52.68,-12.664],[-52.684,-12.656],[-52.693,-12.655],[-52.698,-12.65],[-52.709,-12.652],[-52.714,-12.66],[-52.718,-12.657],[-52.714,-12.655],[-52.716,-12.652],[-52.72,-12.654],[-52.723,-12.648],[-52.733,-12.644],[-52.733,-12.649],[-52.736,-12.651],[-52.739,-12.64],[-52.749,-12.637],[-52.753,-12.644],[-52.758,-12.645],[-52.76,-12.643],[-52.765,-12.651],[-52.775,-12.648],[-52.778,-12.643],[-52.78,-12.649],[-52.784,-12.65],[-52.796,-12.638],[-52.804,-12.643],[-52.801,-12.636],[-52.808,-12.631],[-52.811,-12.632],[-52.812,-12.627],[-52.818,-12.63],[-52.821,-12.624],[-52.822,-12.628],[-52.825,-12.627],[-52.828,-12.621],[-52.829,-12.627],[-52.838,-12.623],[-52.844,-12.611],[-52.847,-12.617],[-52.855,-12.611],[-52.868,-12.621],[-52.875,-12.618],[-52.875,-12.622],[-52.885,-12.618],[-52.884,-12.61],[-52.892,-12.616],[-52.891,-12.611],[-52.904,-12.603],[-52.917,-12.609],[-52.924,-12.604],[-52.937,-12.594],[-52.943,-12.584],[-52.961,-12.588],[-52.968,-12.585],[-52.971,-12.576],[-52.965,-12.555],[-52.98,-12.544],[-52.98,-12.538],[-52.985,-12.528],[-52.997,-12.519],[-53.006,-12.52],[-53.008,-12.525],[-53.007,-12.542],[-53.012,-12.546],[-53.017,-12.544],[-53.021,-12.536],[-53.016,-12.511],[-53.025,-12.509],[-53.034,-12.516],[-53.042,-12.512],[-53.042,-12.506],[-53.034,-12.497],[-53.033,-12.488],[-53.071,-12.466],[-53.087,-12.461],[-53.091,-12.445],[-53.107,-12.434],[-53.106,-12.414],[-53.113,-12.392],[-53.111,-12.386],[-53.1,-12.378],[-53.117,-12.368],[-53.122,-12.359],[-53.12,-12.35],[-53.144,-12.344],[-53.146,-12.335],[-53.141,-12.326],[-53.143,-12.322],[-53.163,-12.324],[-53.177,-12.314],[-53.184,-12.317],[-53.19,-12.314],[-53.191,-12.306],[-53.187,-12.295],[-53.193,-12.282],[-53.189,-12.274],[-53.191,-12.264],[-53.216,-12.272],[-53.225,-12.284],[-53.229,-12.28],[-53.229,-12.264],[-53.246,-12.253],[-53.249,-12.241],[-53.262,-12.228],[-53.28,-12.221],[-53.283,-12.232],[-53.31,-12.227],[-53.311,-12.221],[-53.3,-12.207],[-53.299,-12.202],[-53.317,-12.194],[-53.32,-12.186],[-53.315,-12.176],[-53.302,-12.169],[-53.301,-12.161],[-53.313,-12.153],[-53.34,-12.145],[-53.343,-12.13],[-53.342,-12.095],[-53.362,-12.081],[-53.363,-12.072],[-53.357,-12.058],[-53.359,-12.055],[-53.385,-12.046],[-53.386,-12.019],[-53.394,-12.015],[-53.409,-12.015],[-53.414,-12.002],[-53.438,-11.992],[-53.45,-11.975],[-53.458,-11.974],[-53.468,-11.983],[-53.477,-11.984],[-53.486,-11.962],[-53.488,-11.946],[-53.494,-11.944],[-53.505,-11.949],[-53.527,-11.939],[-53.534,-11.929],[-53.547,-11.937],[-53.548,-11.922],[-53.551,-11.916],[-53.566,-11.905],[-53.571,-11.896],[-53.574,-11.878],[-53.587,-11.859],[-53.586,-11.828],[-53.595,-11.797],[-53.6,-11.79],[-53.608,-11.745],[-53.602,-11.724],[-53.579,-11.678],[-53.569,-11.648],[-53.571,-11.62],[-53.569,-11.611],[-53.56,-11.602],[-53.54,-11.596],[-53.535,-11.585],[-53.548,-11.568],[-53.52,-11.547],[-53.506,-11.526],[-53.494,-11.519],[-53.492,-11.503],[-53.487,-11.502],[-53.477,-11.518],[-53.474,-11.515],[-53.468,-11.498],[-53.441,-11.466],[-53.438,-11.432],[-53.423,-11.424],[-53.408,-11.434],[-53.399,-11.434],[-53.385,-11.418],[-53.376,-11.392],[-53.341,-11.356],[-53.323,-11.333],[-53.316,-11.317],[-53.309,-11.312],[-53.301,-11.313],[-53.296,-11.31],[-53.277,-11.279],[-53.261,-11.276],[-53.254,-11.27],[-53.25,-11.259],[-53.263,-11.232],[-53.246,-11.213],[-53.232,-11.24],[-53.222,-11.249],[-53.228,-11.253]]]}},{"type":"Feature","properties":{"id":"5107107","nome":"S\u00e3o Jos\u00e9 dos Quatro Marcos"},"geometry":{"type":"Polygon","coordinates":[[[-58.036,-15.355],[-58.033,-15.358],[-58.018,-15.358],[-58.056,-15.451],[-58.072,-15.49],[-58.075,-15.497],[-58.139,-15.653],[-58.146,-15.67],[-58.157,-15.694],[-58.162,-15.696],[-58.167,-15.702],[-58.166,-15.709],[-58.174,-15.712],[-58.185,-15.705],[-58.203,-15.703],[-58.212,-15.696],[-58.226,-15.7],[-58.311,-15.705],[-58.315,-15.705],[-58.337,-15.704],[-58.382,-15.702],[-58.557,-15.692],[-58.547,-15.675],[-58.555,-15.671],[-58.558,-15.666],[-58.552,-15.658],[-58.557,-15.65],[-58.565,-15.645],[-58.566,-15.637],[-58.559,-15.634],[-58.562,-15.624],[-58.555,-15.617],[-58.559,-15.611],[-58.558,-15.603],[-58.552,-15.594],[-58.557,-15.594],[-58.555,-15.584],[-58.566,-15.584],[-58.572,-15.579],[-58.57,-15.572],[-58.58,-15.566],[-58.582,-15.555],[-58.574,-15.551],[-58.582,-15.547],[-58.585,-15.534],[-58.585,-15.53],[-58.578,-15.526],[-58.583,-15.516],[-58.579,-15.509],[-58.497,-15.514],[-58.483,-15.516],[-58.447,-15.517],[-58.345,-15.522],[-58.344,-15.522],[-58.299,-15.525],[-58.286,-15.525],[-58.276,-15.497],[-58.22,-15.352],[-58.211,-15.36],[-58.213,-15.376],[-58.194,-15.373],[-58.187,-15.389],[-58.164,-15.394],[-58.157,-15.403],[-58.138,-15.403],[-58.131,-15.41],[-58.116,-15.412],[-58.107,-15.411],[-58.093,-15.399],[-58.084,-15.389],[-58.081,-15.375],[-58.076,-15.372],[-58.07,-15.377],[-58.06,-15.367],[-58.052,-15.368],[-58.05,-15.36],[-58.04,-15.359],[-58.036,-15.355]]]}},{"type":"Feature","properties":{"id":"5107156","nome":"Reserva do Caba\u00e7al"},"geometry":{"type":"Polygon","coordinates":[[[-58.402,-14.731],[-58.404,-14.739],[-58.401,-14.743],[-58.383,-14.746],[-58.372,-14.752],[-58.371,-14.76],[-58.375,-14.765],[-58.37,-14.777],[-58.355,-14.785],[-58.343,-14.784],[-58.34,-14.796],[-58.326,-14.801],[-58.297,-14.803],[-58.297,-14.815],[-58.3,-14.815],[-58.302,-14.822],[-58.297,-14.835],[-58.308,-14.847],[-58.318,-14.874],[-58.329,-14.885],[-58.334,-14.885],[-58.336,-14.896],[-58.346,-14.914],[-58.337,-14.946],[-58.325,-14.961],[-58.329,-15.005],[-58.317,-15.041],[-58.312,-15.064],[-58.3,-15.074],[-58.298,-15.082],[-58.276,-15.102],[-58.256,-15.103],[-58.252,-15.107],[-58.259,-15.118],[-58.257,-15.123],[-58.261,-15.136],[-58.257,-15.151],[-58.277,-15.184],[-58.313,-15.183],[-58.32,-15.18],[-58.317,-15.176],[-58.321,-15.155],[-58.333,-15.15],[-58.331,-15.141],[-58.344,-15.136],[-58.362,-15.141],[-58.365,-15.134],[-58.38,-15.126],[-58.389,-15.126],[-58.396,-15.127],[-58.404,-15.119],[-58.425,-15.125],[-58.43,-15.12],[-58.435,-15.12],[-58.437,-15.116],[-58.442,-15.117],[-58.454,-15.109],[-58.458,-15.112],[-58.46,-15.108],[-58.467,-15.109],[-58.468,-15.113],[-58.47,-15.107],[-58.478,-15.107],[-58.48,-15.102],[-58.511,-15.109],[-58.519,-15.098],[-58.524,-15.088],[-58.522,-15.08],[-58.526,-15.07],[-58.527,-15.048],[-58.507,-15.031],[-58.504,-15.024],[-58.507,-15.005],[-58.721,-15.004],[-58.722,-15.004],[-58.72,-14.989],[-58.718,-14.991],[-58.716,-14.98],[-58.712,-14.981],[-58.711,-14.976],[-58.701,-14.974],[-58.697,-14.977],[-58.693,-14.97],[-58.69,-14.973],[-58.684,-14.968],[-58.687,-14.966],[-58.684,-14.965],[-58.684,-14.961],[-58.682,-14.965],[-58.68,-14.962],[-58.675,-14.964],[-58.674,-14.96],[-58.677,-14.96],[-58.673,-14.952],[-58.668,-14.952],[-58.667,-14.946],[-58.669,-14.944],[-58.664,-14.943],[-58.665,-14.935],[-58.652,-14.931],[-58.645,-14.922],[-58.649,-14.919],[-58.647,-14.916],[-58.643,-14.918],[-58.645,-14.909],[-58.652,-14.902],[-58.644,-14.902],[-58.643,-14.898],[-58.65,-14.899],[-58.651,-14.893],[-58.643,-14.89],[-58.642,-14.878],[-58.632,-14.875],[-58.631,-14.872],[-58.636,-14.873],[-58.637,-14.868],[-58.633,-14.869],[-58.628,-14.864],[-58.625,-14.866],[-58.627,-14.853],[-58.62,-14.853],[-58.623,-14.849],[-58.622,-14.838],[-58.625,-14.836],[-58.618,-14.828],[-58.616,-14.826],[-58.613,-14.824],[-58.61,-14.827],[-58.608,-14.819],[-58.602,-14.817],[-58.598,-14.806],[-58.596,-14.808],[-58.595,-14.803],[-58.593,-14.806],[-58.589,-14.8],[-58.591,-14.798],[-58.583,-14.797],[-58.581,-14.793],[-58.576,-14.794],[-58.573,-14.789],[-58.57,-14.789],[-58.571,-14.784],[-58.568,-14.776],[-58.563,-14.779],[-58.561,-14.775],[-58.555,-14.778],[-58.548,-14.774],[-58.553,-14.768],[-58.551,-14.757],[-58.548,-14.755],[-58.549,-14.751],[-58.539,-14.745],[-58.531,-14.748],[-58.522,-14.741],[-58.519,-14.743],[-58.519,-14.735],[-58.515,-14.735],[-58.508,-14.714],[-58.501,-14.706],[-58.503,-14.699],[-58.493,-14.692],[-58.491,-14.686],[-58.479,-14.684],[-58.392,-14.71],[-58.401,-14.719],[-58.396,-14.723],[-58.402,-14.731]]]}},{"type":"Feature","properties":{"id":"5107180","nome":"Ribeir\u00e3o Cascalheira"},"geometry":{"type":"Polygon","coordinates":[[[-51.947,-12.245],[-51.944,-12.248],[-51.942,-12.246],[-51.944,-12.252],[-51.94,-12.256],[-51.946,-12.258],[-51.945,-12.262],[-51.939,-12.263],[-51.935,-12.268],[-51.935,-12.271],[-51.939,-12.271],[-51.937,-12.275],[-51.927,-12.275],[-51.924,-12.28],[-51.926,-12.285],[-51.922,-12.288],[-51.904,-12.458],[-51.902,-12.502],[-51.889,-12.518],[-51.883,-12.517],[-51.88,-12.52],[-51.874,-12.516],[-51.867,-12.517],[-51.823,-12.547],[-51.779,-12.535],[-51.747,-12.545],[-51.701,-12.535],[-51.682,-12.521],[-51.663,-12.516],[-51.653,-12.509],[-51.647,-12.5],[-51.648,-12.486],[-51.645,-12.478],[-51.649,-12.471],[-51.548,-12.445],[-51.469,-12.452],[-51.448,-12.454],[-51.424,-12.457],[-51.426,-12.464],[-51.414,-12.465],[-51.402,-12.461],[-51.383,-12.461],[-51.373,-12.452],[-51.363,-12.451],[-51.33,-12.423],[-51.313,-12.419],[-51.28,-12.397],[-51.267,-12.401],[-51.252,-12.414],[-51.245,-12.412],[-51.241,-12.415],[-51.24,-12.415],[-51.202,-12.427],[-51.195,-12.433],[-51.183,-12.433],[-51.177,-12.427],[-51.167,-12.432],[-51.146,-12.433],[-51.132,-12.437],[-51.128,-12.432],[-51.118,-12.423],[-51.117,-12.429],[-51.105,-12.431],[-51.103,-12.439],[-51.102,-12.434],[-51.097,-12.434],[-51.076,-12.434],[-51.077,-12.418],[-51.07,-12.41],[-51.054,-12.418],[-51.045,-12.409],[-51.039,-12.412],[-51.041,-12.401],[-51.036,-12.406],[-51.031,-12.4],[-51.023,-12.402],[-51.022,-12.406],[-51.016,-12.401],[-51.017,-12.408],[-51.011,-12.397],[-51.013,-12.389],[-51.009,-12.386],[-51.006,-12.392],[-50.996,-12.389],[-50.99,-12.393],[-50.993,-12.402],[-50.979,-12.409],[-50.977,-12.425],[-50.988,-12.445],[-50.987,-12.462],[-50.995,-12.486],[-50.988,-12.494],[-50.97,-12.493],[-50.957,-12.5],[-50.958,-12.508],[-50.971,-12.515],[-50.973,-12.52],[-50.968,-12.525],[-50.958,-12.515],[-50.953,-12.52],[-50.956,-12.536],[-50.95,-12.545],[-50.96,-12.555],[-50.96,-12.566],[-50.95,-12.574],[-50.945,-12.592],[-50.93,-12.611],[-50.925,-12.625],[-50.933,-12.636],[-50.934,-12.644],[-50.929,-12.653],[-50.934,-12.662],[-50.923,-12.677],[-50.923,-12.683],[-50.936,-12.683],[-50.946,-12.691],[-50.956,-12.709],[-50.968,-12.717],[-50.992,-12.723],[-50.995,-12.728],[-50.994,-12.737],[-50.975,-12.751],[-50.974,-12.758],[-50.981,-12.768],[-51.002,-12.765],[-51.004,-12.77],[-50.994,-12.775],[-50.992,-12.782],[-51.009,-12.79],[-51.013,-12.803],[-51.024,-12.815],[-51.012,-12.825],[-51.007,-12.853],[-50.996,-12.865],[-51.002,-12.872],[-51.014,-12.866],[-51.034,-12.894],[-51.035,-12.903],[-51.027,-12.914],[-51.028,-12.92],[-51.045,-12.931],[-51.068,-12.929],[-51.083,-12.954],[-51.115,-12.964],[-51.11,-12.975],[-51.118,-12.984],[-51.11,-13.0],[-51.125,-13.02],[-51.122,-13.027],[-51.104,-13.038],[-51.106,-13.044],[-51.116,-13.042],[-51.118,-13.048],[-51.11,-13.067],[-51.101,-13.075],[-51.105,-13.086],[-51.121,-13.086],[-51.139,-13.096],[-51.144,-13.11],[-51.135,-13.125],[-51.141,-13.134],[-51.153,-13.137],[-51.175,-13.153],[-51.18,-13.169],[-51.196,-13.168],[-51.2,-13.171],[-51.199,-13.177],[-51.187,-13.199],[-51.188,-13.207],[-51.199,-13.211],[-51.205,-13.22],[-51.201,-13.235],[-51.202,-13.244],[-51.207,-13.245],[-51.221,-13.24],[-51.247,-13.251],[-51.265,-13.244],[-51.275,-13.249],[-51.275,-13.254],[-51.26,-13.271],[-51.266,-13.295],[-51.273,-13.303],[-51.299,-13.321],[-51.341,-13.339],[-51.343,-13.345],[-51.339,-13.354],[-51.333,-13.354],[-51.313,-13.345],[-51.306,-13.351],[-51.306,-13.362],[-51.328,-13.385],[-51.344,-13.395],[-51.35,-13.426],[-51.365,-13.432],[-51.382,-13.449],[-51.412,-13.436],[-51.427,-13.435],[-51.435,-13.427],[-51.473,-13.417],[-51.495,-13.406],[-51.504,-13.405],[-51.509,-13.411],[-51.518,-13.408],[-51.526,-13.397],[-51.534,-13.377],[-51.544,-13.364],[-51.579,-13.353],[-51.589,-13.355],[-51.604,-13.365],[-51.62,-13.37],[-51.625,-13.38],[-51.641,-13.379],[-51.649,-13.387],[-51.649,-13.392],[-51.653,-13.392],[-51.661,-13.401],[-51.66,-13.406],[-51.667,-13.401],[-51.681,-13.41],[-51.69,-13.423],[-51.698,-13.426],[-51.714,-13.428],[-51.73,-13.417],[-51.74,-13.417],[-51.746,-13.422],[-51.756,-13.421],[-51.761,-13.425],[-51.77,-13.422],[-51.782,-13.429],[-51.793,-13.427],[-51.802,-13.421],[-51.814,-13.421],[-51.833,-13.443],[-51.842,-13.445],[-51.877,-13.515],[-51.878,-13.509],[-51.87,-13.498],[-51.873,-13.487],[-51.878,-13.481],[-51.894,-13.48],[-51.899,-13.475],[-51.905,-13.463],[-51.911,-13.43],[-51.889,-13.392],[-51.888,-13.379],[-51.892,-13.374],[-51.903,-13.372],[-51.908,-13.363],[-51.902,-13.346],[-51.902,-13.322],[-51.916,-13.297],[-51.915,-13.261],[-51.932,-13.247],[-51.933,-13.23],[-51.931,-13.225],[-51.93,-13.214],[-51.939,-13.206],[-51.956,-13.204],[-51.966,-13.18],[-51.984,-13.174],[-51.994,-13.164],[-51.998,-13.153],[-52.006,-13.151],[-52.011,-13.144],[-52.014,-13.147],[-52.016,-13.141],[-52.029,-13.135],[-52.036,-13.127],[-52.038,-13.129],[-52.051,-13.123],[-52.056,-13.126],[-52.065,-13.111],[-52.08,-13.114],[-52.083,-13.11],[-52.085,-13.113],[-52.094,-13.108],[-52.098,-13.111],[-52.11,-13.108],[-52.111,-13.114],[-52.118,-13.115],[-52.125,-13.107],[-52.119,-13.1],[-52.13,-13.095],[-52.134,-13.093],[-52.132,-13.091],[-52.13,-13.094],[-52.126,-13.092],[-52.131,-13.086],[-52.126,-13.081],[-52.13,-13.079],[-52.138,-13.086],[-52.138,-13.082],[-52.142,-13.083],[-52.14,-13.077],[-52.132,-13.075],[-52.132,-13.071],[-52.136,-13.069],[-52.129,-13.062],[-52.136,-13.052],[-52.133,-13.042],[-52.139,-13.038],[-52.131,-13.028],[-52.139,-13.027],[-52.137,-13.022],[-52.141,-13.025],[-52.142,-13.018],[-52.135,-13.015],[-52.141,-13.009],[-52.133,-13.003],[-52.143,-12.985],[-52.132,-12.975],[-52.142,-12.971],[-52.134,-12.941],[-52.129,-12.939],[-52.133,-12.917],[-52.136,-12.912],[-52.135,-12.907],[-52.142,-12.903],[-52.136,-12.896],[-52.14,-12.886],[-52.135,-12.879],[-52.134,-12.865],[-52.129,-12.864],[-52.123,-12.855],[-52.123,-12.848],[-52.116,-12.841],[-52.118,-12.835],[-52.112,-12.826],[-52.116,-12.811],[-52.112,-12.808],[-52.112,-12.798],[-52.119,-12.789],[-52.111,-12.768],[-52.117,-12.762],[-52.12,-12.768],[-52.12,-12.757],[-52.115,-12.755],[-52.116,-12.751],[-52.113,-12.747],[-52.122,-12.734],[-52.114,-12.731],[-52.121,-12.721],[-52.12,-12.711],[-52.11,-12.705],[-52.111,-12.694],[-52.105,-12.69],[-52.109,-12.675],[-52.107,-12.669],[-52.11,-12.667],[-52.108,-12.662],[-52.102,-12.659],[-52.098,-12.664],[-52.092,-12.659],[-52.091,-12.654],[-52.096,-12.648],[-52.084,-12.638],[-52.077,-12.64],[-52.074,-12.638],[-52.076,-12.633],[-52.061,-12.63],[-52.063,-12.623],[-52.058,-12.623],[-52.058,-12.617],[-52.064,-12.602],[-52.056,-12.602],[-52.053,-12.598],[-52.055,-12.589],[-52.048,-12.588],[-52.046,-12.581],[-52.047,-12.575],[-52.056,-12.573],[-52.059,-12.565],[-52.055,-12.557],[-52.058,-12.549],[-52.046,-12.546],[-52.05,-12.539],[-52.046,-12.538],[-52.042,-12.53],[-52.05,-12.528],[-52.05,-12.522],[-52.044,-12.522],[-52.044,-12.515],[-52.039,-12.51],[-52.04,-12.503],[-52.047,-12.498],[-52.045,-12.492],[-52.053,-12.488],[-52.041,-12.473],[-52.045,-12.47],[-52.052,-12.475],[-52.057,-12.468],[-52.044,-12.461],[-52.053,-12.449],[-52.051,-12.443],[-52.049,-12.446],[-52.042,-12.435],[-52.053,-12.436],[-52.051,-12.422],[-52.056,-12.417],[-52.056,-12.404],[-52.061,-12.401],[-52.061,-12.398],[-52.054,-12.393],[-52.045,-12.393],[-52.044,-12.388],[-52.049,-12.379],[-52.06,-12.377],[-52.057,-12.364],[-52.063,-12.357],[-52.06,-12.345],[-52.061,-12.342],[-52.063,-12.344],[-52.063,-12.341],[-52.061,-12.331],[-52.055,-12.321],[-52.061,-12.321],[-52.066,-12.314],[-52.066,-12.318],[-52.069,-12.317],[-52.07,-12.308],[-52.063,-12.307],[-52.06,-12.301],[-52.064,-12.299],[-52.063,-12.293],[-52.067,-12.289],[-52.064,-12.291],[-52.057,-12.287],[-52.044,-12.274],[-52.034,-12.274],[-52.027,-12.282],[-52.022,-12.292],[-52.004,-12.31],[-51.985,-12.315],[-51.985,-12.283],[-51.957,-12.249],[-51.947,-12.245]]]}},{"type":"Feature","properties":{"id":"5107198","nome":"Ribeir\u00e3ozinho"},"geometry":{"type":"Polygon","coordinates":[[[-52.689,-16.356],[-52.693,-16.368],[-52.677,-16.38],[-52.679,-16.388],[-52.687,-16.391],[-52.688,-16.396],[-52.676,-16.412],[-52.65,-16.408],[-52.643,-16.412],[-52.641,-16.416],[-52.645,-16.426],[-52.638,-16.437],[-52.62,-16.445],[-52.616,-16.45],[-52.621,-16.457],[-52.62,-16.464],[-52.612,-16.458],[-52.604,-16.464],[-52.613,-16.47],[-52.606,-16.476],[-52.605,-16.486],[-52.615,-16.504],[-52.632,-16.5],[-52.637,-16.502],[-52.635,-16.512],[-52.629,-16.517],[-52.626,-16.521],[-52.626,-16.533],[-52.634,-16.538],[-52.635,-16.551],[-52.647,-16.545],[-52.65,-16.548],[-52.651,-16.561],[-52.662,-16.551],[-52.668,-16.55],[-52.67,-16.559],[-52.66,-16.57],[-52.673,-16.569],[-52.67,-16.582],[-52.675,-16.585],[-52.69,-16.584],[-52.7,-16.571],[-52.705,-16.571],[-52.707,-16.575],[-52.703,-16.595],[-52.708,-16.599],[-52.724,-16.586],[-52.733,-16.585],[-52.744,-16.581],[-52.75,-16.582],[-52.74,-16.578],[-52.743,-16.576],[-52.74,-16.572],[-52.746,-16.575],[-52.751,-16.573],[-52.752,-16.578],[-52.759,-16.579],[-52.76,-16.582],[-52.756,-16.581],[-52.759,-16.585],[-52.757,-16.586],[-52.753,-16.584],[-52.749,-16.59],[-52.755,-16.593],[-52.765,-16.59],[-52.765,-16.603],[-52.768,-16.602],[-52.773,-16.605],[-52.78,-16.598],[-52.78,-16.602],[-52.788,-16.604],[-52.796,-16.598],[-52.799,-16.601],[-52.795,-16.606],[-52.804,-16.608],[-52.806,-16.61],[-52.816,-16.605],[-52.816,-16.611],[-52.822,-16.609],[-52.826,-16.607],[-52.825,-16.61],[-52.833,-16.612],[-52.865,-16.618],[-52.893,-16.606],[-52.935,-16.615],[-52.932,-16.598],[-52.943,-16.593],[-52.946,-16.584],[-52.941,-16.577],[-52.94,-16.565],[-52.921,-16.551],[-52.92,-16.538],[-52.908,-16.53],[-52.894,-16.526],[-52.886,-16.509],[-52.88,-16.508],[-52.87,-16.497],[-52.867,-16.487],[-52.858,-16.479],[-52.848,-16.475],[-52.844,-16.469],[-52.836,-16.457],[-52.805,-16.441],[-52.8,-16.436],[-52.789,-16.435],[-52.784,-16.431],[-52.777,-16.435],[-52.773,-16.421],[-52.765,-16.417],[-52.763,-16.413],[-52.773,-16.394],[-52.777,-16.393],[-52.776,-16.387],[-52.781,-16.385],[-52.771,-16.366],[-52.773,-16.361],[-52.778,-16.362],[-52.761,-16.352],[-52.742,-16.333],[-52.729,-16.33],[-52.73,-16.32],[-52.719,-16.309],[-52.709,-16.305],[-52.705,-16.298],[-52.691,-16.298],[-52.682,-16.304],[-52.686,-16.315],[-52.681,-16.321],[-52.685,-16.328],[-52.682,-16.343],[-52.693,-16.351],[-52.689,-16.356]]]}},{"type":"Feature","properties":{"id":"5107206","nome":"Rio Branco"},"geometry":{"type":"Polygon","coordinates":[[[-58.247,-15.159],[-58.241,-15.174],[-58.244,-15.174],[-58.245,-15.177],[-58.238,-15.186],[-58.234,-15.186],[-58.224,-15.194],[-58.218,-15.19],[-58.213,-15.202],[-58.136,-15.197],[-58.135,-15.197],[-58.061,-15.192],[-58.037,-15.191],[-58.036,-15.206],[-58.025,-15.211],[-58.018,-15.22],[-58.004,-15.22],[-57.998,-15.225],[-57.981,-15.216],[-57.974,-15.215],[-57.955,-15.221],[-57.951,-15.231],[-57.947,-15.232],[-58.016,-15.258],[-58.02,-15.268],[-58.025,-15.27],[-58.028,-15.284],[-58.04,-15.287],[-58.046,-15.297],[-58.044,-15.304],[-58.062,-15.315],[-58.078,-15.34],[-58.088,-15.362],[-58.09,-15.382],[-58.096,-15.393],[-58.102,-15.4],[-58.116,-15.407],[-58.116,-15.412],[-58.131,-15.41],[-58.138,-15.403],[-58.157,-15.403],[-58.164,-15.394],[-58.187,-15.389],[-58.194,-15.373],[-58.213,-15.376],[-58.211,-15.36],[-58.22,-15.352],[-58.226,-15.342],[-58.234,-15.34],[-58.241,-15.333],[-58.242,-15.319],[-58.25,-15.315],[-58.25,-15.309],[-58.259,-15.293],[-58.274,-15.29],[-58.276,-15.279],[-58.271,-15.27],[-58.273,-15.265],[-58.27,-15.258],[-58.282,-15.248],[-58.277,-15.242],[-58.283,-15.224],[-58.291,-15.224],[-58.291,-15.215],[-58.308,-15.205],[-58.312,-15.19],[-58.313,-15.183],[-58.277,-15.184],[-58.257,-15.151],[-58.255,-15.157],[-58.247,-15.159]]]}},{"type":"Feature","properties":{"id":"5107248","nome":"Santa Carmem"},"geometry":{"type":"Polygon","coordinates":[[[-54.727,-11.649],[-54.715,-11.659],[-54.684,-11.658],[-54.673,-11.664],[-54.664,-11.679],[-54.658,-11.707],[-54.648,-11.715],[-54.636,-11.713],[-54.619,-11.702],[-54.603,-11.685],[-54.576,-11.679],[-54.588,-11.726],[-54.59,-11.73],[-54.584,-11.754],[-54.608,-11.783],[-54.596,-11.779],[-54.586,-11.784],[-54.585,-11.79],[-54.575,-11.8],[-54.565,-11.803],[-54.573,-11.815],[-54.576,-11.833],[-54.581,-11.84],[-54.602,-11.847],[-54.623,-11.879],[-54.635,-11.888],[-54.588,-11.876],[-54.579,-11.877],[-54.565,-11.863],[-54.554,-11.859],[-54.508,-11.865],[-54.499,-11.863],[-54.479,-11.875],[-54.471,-11.884],[-54.424,-11.874],[-54.406,-11.882],[-54.389,-11.883],[-54.324,-11.878],[-54.309,-11.872],[-54.295,-11.875],[-54.287,-11.873],[-54.284,-11.876],[-54.289,-11.879],[-54.3,-11.88],[-54.299,-11.885],[-54.291,-11.882],[-54.289,-11.884],[-54.3,-11.889],[-54.301,-11.899],[-54.305,-11.9],[-54.311,-11.912],[-54.313,-11.911],[-54.313,-11.918],[-54.322,-11.92],[-54.322,-11.925],[-54.329,-11.935],[-54.338,-11.936],[-54.336,-11.939],[-54.342,-11.943],[-54.347,-11.942],[-54.358,-11.95],[-54.357,-11.955],[-54.368,-11.965],[-54.372,-11.964],[-54.374,-11.969],[-54.377,-11.968],[-54.378,-11.975],[-54.387,-11.985],[-54.396,-11.986],[-54.404,-11.996],[-54.407,-11.993],[-54.421,-11.999],[-54.427,-11.998],[-54.433,-12.008],[-54.44,-12.004],[-54.443,-12.009],[-54.457,-12.008],[-54.466,-12.003],[-54.481,-12.007],[-54.486,-12.002],[-54.5,-12.005],[-54.508,-12.008],[-54.512,-12.015],[-54.53,-12.019],[-54.535,-12.023],[-54.535,-12.027],[-54.549,-12.027],[-54.556,-12.034],[-54.559,-12.03],[-54.587,-12.046],[-54.599,-12.043],[-54.61,-12.049],[-54.619,-12.048],[-54.654,-12.069],[-54.663,-12.07],[-54.672,-12.065],[-54.681,-12.069],[-54.693,-12.065],[-54.699,-12.068],[-54.708,-12.063],[-54.719,-12.068],[-54.734,-12.085],[-54.737,-12.091],[-54.754,-12.094],[-54.757,-12.1],[-54.769,-12.099],[-54.803,-12.117],[-54.829,-12.12],[-54.834,-12.127],[-54.85,-12.122],[-54.867,-12.124],[-54.885,-12.118],[-54.931,-12.129],[-54.975,-12.167],[-54.977,-12.176],[-54.97,-12.193],[-54.972,-12.201],[-54.984,-12.224],[-55.011,-12.244],[-55.012,-12.235],[-55.02,-12.213],[-55.033,-12.196],[-55.027,-12.165],[-55.03,-12.157],[-55.036,-12.153],[-55.055,-12.153],[-55.081,-12.179],[-55.086,-12.18],[-55.099,-12.182],[-55.116,-12.176],[-55.127,-12.175],[-55.137,-12.161],[-55.138,-12.148],[-55.126,-12.147],[-55.126,-12.145],[-55.133,-12.143],[-55.13,-12.135],[-55.14,-12.12],[-55.165,-12.119],[-55.189,-12.127],[-55.196,-12.121],[-55.223,-12.114],[-55.242,-12.117],[-55.251,-12.123],[-55.262,-12.114],[-55.272,-12.113],[-55.28,-12.114],[-55.286,-12.124],[-55.306,-12.136],[-55.323,-12.127],[-55.407,-12.083],[-55.379,-12.057],[-55.385,-12.025],[-55.391,-11.998],[-55.385,-11.989],[-55.385,-11.977],[-55.379,-11.968],[-55.367,-11.96],[-55.358,-11.961],[-55.331,-11.948],[-55.324,-11.931],[-55.309,-11.922],[-55.305,-11.914],[-55.304,-11.914],[-55.27,-11.903],[-55.257,-11.864],[-55.24,-11.847],[-55.207,-11.81],[-55.193,-11.808],[-55.191,-11.811],[-55.17,-11.812],[-55.166,-11.809],[-55.139,-11.809],[-55.128,-11.803],[-55.124,-11.806],[-55.119,-11.803],[-55.116,-11.794],[-55.103,-11.787],[-55.101,-11.776],[-55.105,-11.771],[-55.099,-11.748],[-55.089,-11.741],[-55.089,-11.736],[-55.081,-11.734],[-55.076,-11.728],[-55.072,-11.713],[-55.068,-11.71],[-55.071,-11.702],[-55.067,-11.702],[-55.066,-11.696],[-55.061,-11.696],[-55.056,-11.69],[-55.051,-11.693],[-55.044,-11.69],[-55.042,-11.684],[-55.037,-11.685],[-55.033,-11.681],[-55.026,-11.682],[-55.017,-11.672],[-55.012,-11.674],[-55.013,-11.669],[-55.009,-11.671],[-55.006,-11.662],[-55.001,-11.665],[-55.003,-11.658],[-55.0,-11.651],[-54.997,-11.656],[-54.989,-11.661],[-54.987,-11.668],[-54.97,-11.675],[-54.969,-11.682],[-54.953,-11.697],[-54.938,-11.705],[-54.923,-11.707],[-54.911,-11.718],[-54.876,-11.738],[-54.874,-11.752],[-54.869,-11.755],[-54.858,-11.755],[-54.862,-11.748],[-54.855,-11.739],[-54.847,-11.735],[-54.834,-11.746],[-54.831,-11.753],[-54.816,-11.769],[-54.808,-11.794],[-54.812,-11.802],[-54.805,-11.808],[-54.782,-11.814],[-54.763,-11.807],[-54.757,-11.808],[-54.756,-11.791],[-54.773,-11.768],[-54.773,-11.75],[-54.766,-11.737],[-54.764,-11.723],[-54.767,-11.715],[-54.757,-11.699],[-54.756,-11.689],[-54.727,-11.649]]]}},{"type":"Feature","properties":{"id":"5107263","nome":"Santo Afonso"},"geometry":{"type":"Polygon","coordinates":[[[-57.396,-14.343],[-57.392,-14.351],[-57.381,-14.341],[-57.373,-14.339],[-57.367,-14.331],[-57.357,-14.329],[-57.351,-14.362],[-57.342,-14.356],[-57.332,-14.358],[-57.328,-14.367],[-57.311,-14.381],[-57.295,-14.378],[-57.294,-14.388],[-57.298,-14.393],[-57.299,-14.418],[-57.303,-14.426],[-57.286,-14.419],[-57.278,-14.418],[-57.247,-14.421],[-57.232,-14.415],[-57.22,-14.412],[-57.201,-14.413],[-57.192,-14.406],[-57.163,-14.4],[-57.152,-14.395],[-57.148,-14.4],[-57.142,-14.421],[-57.13,-14.413],[-57.078,-14.42],[-57.076,-14.42],[-57.064,-14.417],[-57.058,-14.422],[-57.043,-14.42],[-57.015,-14.425],[-57.004,-14.416],[-56.991,-14.435],[-56.977,-14.436],[-56.977,-14.442],[-56.971,-14.441],[-56.961,-14.453],[-56.958,-14.467],[-56.953,-14.472],[-56.948,-14.476],[-56.931,-14.474],[-56.93,-14.478],[-56.927,-14.493],[-56.949,-14.504],[-56.956,-14.501],[-56.968,-14.505],[-56.986,-14.526],[-57.0,-14.529],[-57.01,-14.536],[-57.025,-14.532],[-57.044,-14.516],[-57.05,-14.519],[-57.053,-14.525],[-57.088,-14.53],[-57.1,-14.537],[-57.108,-14.557],[-57.111,-14.559],[-57.126,-14.56],[-57.127,-14.563],[-57.134,-14.565],[-57.144,-14.576],[-57.144,-14.56],[-57.15,-14.547],[-57.163,-14.541],[-57.173,-14.54],[-57.195,-14.548],[-57.228,-14.539],[-57.234,-14.541],[-57.244,-14.55],[-57.279,-14.556],[-57.288,-14.55],[-57.29,-14.544],[-57.295,-14.546],[-57.304,-14.548],[-57.305,-14.537],[-57.327,-14.527],[-57.327,-14.518],[-57.322,-14.512],[-57.329,-14.496],[-57.339,-14.49],[-57.342,-14.479],[-57.346,-14.478],[-57.344,-14.484],[-57.353,-14.484],[-57.358,-14.489],[-57.352,-14.498],[-57.357,-14.498],[-57.365,-14.494],[-57.366,-14.497],[-57.363,-14.497],[-57.372,-14.504],[-57.394,-14.497],[-57.391,-14.491],[-57.398,-14.493],[-57.407,-14.485],[-57.411,-14.486],[-57.433,-14.493],[-57.435,-14.491],[-57.432,-14.483],[-57.434,-14.474],[-57.447,-14.476],[-57.45,-14.474],[-57.441,-14.455],[-57.452,-14.448],[-57.451,-14.442],[-57.455,-14.439],[-57.462,-14.442],[-57.478,-14.449],[-57.48,-14.454],[-57.484,-14.451],[-57.482,-14.447],[-57.486,-14.439],[-57.493,-14.447],[-57.496,-14.447],[-57.493,-14.443],[-57.495,-14.441],[-57.5,-14.442],[-57.503,-14.439],[-57.509,-14.444],[-57.514,-14.46],[-57.529,-14.466],[-57.536,-14.476],[-57.544,-14.469],[-57.55,-14.474],[-57.557,-14.473],[-57.557,-14.48],[-57.564,-14.483],[-57.561,-14.488],[-57.571,-14.491],[-57.575,-14.501],[-57.58,-14.505],[-57.583,-14.502],[-57.59,-14.503],[-57.594,-14.497],[-57.598,-14.499],[-57.601,-14.495],[-57.605,-14.494],[-57.602,-14.503],[-57.596,-14.505],[-57.596,-14.512],[-57.6,-14.517],[-57.606,-14.516],[-57.618,-14.534],[-57.626,-14.535],[-57.625,-14.545],[-57.631,-14.545],[-57.633,-14.549],[-57.638,-14.543],[-57.647,-14.55],[-57.644,-14.562],[-57.653,-14.565],[-57.661,-14.557],[-57.67,-14.554],[-57.674,-14.542],[-57.682,-14.535],[-57.679,-14.524],[-57.689,-14.523],[-57.69,-14.519],[-57.702,-14.503],[-57.709,-14.502],[-57.712,-14.491],[-57.697,-14.455],[-57.701,-14.418],[-57.712,-14.399],[-57.711,-14.39],[-57.729,-14.377],[-57.68,-14.392],[-57.67,-14.411],[-57.671,-14.418],[-57.659,-14.422],[-57.655,-14.432],[-57.647,-14.434],[-57.653,-14.406],[-57.647,-14.386],[-57.649,-14.375],[-57.628,-14.381],[-57.616,-14.399],[-57.61,-14.392],[-57.586,-14.381],[-57.583,-14.371],[-57.574,-14.362],[-57.573,-14.354],[-57.584,-14.339],[-57.558,-14.34],[-57.545,-14.361],[-57.539,-14.365],[-57.537,-14.353],[-57.523,-14.346],[-57.522,-14.336],[-57.508,-14.326],[-57.509,-14.316],[-57.503,-14.32],[-57.501,-14.326],[-57.485,-14.328],[-57.473,-14.337],[-57.453,-14.345],[-57.439,-14.347],[-57.444,-14.334],[-57.436,-14.308],[-57.396,-14.343]]]}},{"type":"Feature","properties":{"id":"5107297","nome":"S\u00e3o Jos\u00e9 do Povo"},"geometry":{"type":"Polygon","coordinates":[[[-54.227,-16.314],[-54.224,-16.322],[-54.226,-16.33],[-54.218,-16.346],[-54.223,-16.359],[-54.211,-16.363],[-54.208,-16.368],[-54.193,-16.364],[-54.182,-16.366],[-54.184,-16.379],[-54.18,-16.384],[-54.18,-16.398],[-54.195,-16.404],[-54.213,-16.423],[-54.218,-16.434],[-54.205,-16.451],[-54.206,-16.471],[-54.215,-16.475],[-54.22,-16.474],[-54.224,-16.479],[-54.233,-16.475],[-54.237,-16.482],[-54.233,-16.488],[-54.23,-16.481],[-54.219,-16.499],[-54.206,-16.491],[-54.193,-16.493],[-54.186,-16.502],[-54.178,-16.498],[-54.168,-16.507],[-54.235,-16.601],[-54.245,-16.597],[-54.248,-16.592],[-54.256,-16.589],[-54.265,-16.58],[-54.285,-16.588],[-54.292,-16.586],[-54.297,-16.578],[-54.302,-16.58],[-54.303,-16.587],[-54.311,-16.595],[-54.317,-16.596],[-54.317,-16.588],[-54.323,-16.587],[-54.322,-16.582],[-54.336,-16.578],[-54.333,-16.569],[-54.34,-16.566],[-54.342,-16.551],[-54.35,-16.546],[-54.354,-16.539],[-54.359,-16.542],[-54.366,-16.539],[-54.368,-16.527],[-54.373,-16.522],[-54.382,-16.525],[-54.378,-16.519],[-54.38,-16.506],[-54.366,-16.506],[-54.356,-16.499],[-54.36,-16.488],[-54.367,-16.48],[-54.367,-16.479],[-54.345,-16.456],[-54.352,-16.427],[-54.346,-16.428],[-54.332,-16.413],[-54.332,-16.401],[-54.338,-16.399],[-54.346,-16.383],[-54.337,-16.36],[-54.323,-16.355],[-54.342,-16.332],[-54.342,-16.329],[-54.337,-16.325],[-54.329,-16.328],[-54.328,-16.325],[-54.319,-16.335],[-54.319,-16.341],[-54.31,-16.341],[-54.3,-16.337],[-54.299,-16.328],[-54.29,-16.331],[-54.282,-16.341],[-54.274,-16.344],[-54.267,-16.326],[-54.256,-16.324],[-54.254,-16.318],[-54.249,-16.317],[-54.246,-16.322],[-54.237,-16.318],[-54.231,-16.319],[-54.227,-16.314]]]}},{"type":"Feature","properties":{"id":"5107305","nome":"S\u00e3o Jos\u00e9 do Rio Claro"},"geometry":{"type":"Polygon","coordinates":[[[-56.73,-12.976],[-56.728,-12.991],[-56.721,-12.987],[-56.716,-12.989],[-56.714,-12.995],[-56.726,-12.999],[-56.727,-13.006],[-56.722,-13.024],[-56.735,-13.025],[-56.739,-13.03],[-56.735,-13.051],[-56.738,-13.062],[-56.746,-13.07],[-56.738,-13.075],[-56.734,-13.085],[-56.743,-13.099],[-56.724,-13.116],[-56.732,-13.128],[-56.722,-13.131],[-56.715,-13.138],[-56.712,-13.154],[-56.701,-13.156],[-56.692,-13.171],[-56.687,-13.194],[-56.677,-13.208],[-56.677,-13.218],[-56.674,-13.221],[-56.662,-13.222],[-56.66,-13.231],[-56.65,-13.236],[-56.648,-13.241],[-56.657,-13.247],[-56.657,-13.253],[-56.655,-13.255],[-56.642,-13.253],[-56.643,-13.287],[-56.63,-13.312],[-56.627,-13.336],[-56.612,-13.346],[-56.613,-13.374],[-56.609,-13.384],[-56.609,-13.402],[-56.599,-13.405],[-56.587,-13.403],[-56.577,-13.417],[-56.576,-13.433],[-56.565,-13.438],[-56.554,-13.438],[-56.555,-13.443],[-56.543,-13.451],[-56.541,-13.457],[-56.55,-13.46],[-56.555,-13.47],[-56.552,-13.471],[-56.54,-13.465],[-56.531,-13.469],[-56.531,-13.498],[-56.522,-13.516],[-56.5,-13.536],[-56.489,-13.541],[-56.48,-13.54],[-56.479,-13.553],[-56.469,-13.557],[-56.47,-13.562],[-56.464,-13.561],[-56.462,-13.574],[-56.459,-13.574],[-56.452,-13.567],[-56.449,-13.573],[-56.444,-13.57],[-56.435,-13.576],[-56.437,-13.584],[-56.429,-13.582],[-56.417,-13.588],[-56.418,-13.591],[-56.422,-13.595],[-56.425,-13.612],[-56.412,-13.612],[-56.403,-13.615],[-56.402,-13.618],[-56.412,-13.622],[-56.417,-13.629],[-56.407,-13.635],[-56.399,-13.653],[-56.392,-13.655],[-56.392,-13.67],[-56.383,-13.679],[-56.387,-13.688],[-56.384,-13.693],[-56.382,-13.725],[-56.393,-13.732],[-56.394,-13.743],[-56.403,-13.743],[-56.403,-13.751],[-56.416,-13.76],[-56.414,-13.768],[-56.41,-13.765],[-56.412,-13.77],[-56.408,-13.77],[-56.405,-13.777],[-56.407,-13.781],[-56.404,-13.788],[-56.41,-13.789],[-56.406,-13.797],[-56.413,-13.798],[-56.408,-13.805],[-56.401,-13.823],[-56.397,-13.824],[-56.4,-13.826],[-56.398,-13.83],[-56.403,-13.83],[-56.406,-13.834],[-56.411,-13.833],[-56.407,-13.838],[-56.411,-13.838],[-56.424,-13.836],[-56.446,-13.842],[-56.455,-13.84],[-56.468,-13.849],[-56.475,-13.849],[-56.48,-13.854],[-56.499,-13.86],[-56.51,-13.853],[-56.528,-13.851],[-56.538,-13.865],[-56.543,-13.866],[-56.557,-13.894],[-56.582,-13.877],[-56.6,-13.869],[-56.618,-13.867],[-56.629,-13.874],[-56.655,-13.865],[-56.675,-13.871],[-56.689,-13.848],[-56.695,-13.846],[-56.691,-13.815],[-56.688,-13.812],[-56.691,-13.802],[-56.689,-13.798],[-56.698,-13.798],[-56.703,-13.791],[-56.697,-13.775],[-56.701,-13.768],[-56.694,-13.765],[-56.691,-13.758],[-56.679,-13.752],[-56.68,-13.747],[-56.671,-13.75],[-56.669,-13.73],[-56.665,-13.726],[-56.671,-13.713],[-56.668,-13.702],[-56.675,-13.692],[-56.681,-13.691],[-56.68,-13.687],[-56.686,-13.688],[-56.703,-13.67],[-56.711,-13.672],[-56.718,-13.655],[-56.727,-13.655],[-56.733,-13.649],[-56.741,-13.647],[-56.753,-13.653],[-56.765,-13.663],[-56.764,-13.675],[-56.778,-13.689],[-56.78,-13.702],[-56.795,-13.71],[-56.796,-13.716],[-56.813,-13.73],[-56.817,-13.745],[-56.828,-13.747],[-56.832,-13.752],[-56.856,-13.758],[-56.887,-13.774],[-56.896,-13.792],[-56.907,-13.797],[-56.912,-13.791],[-56.923,-13.794],[-56.928,-13.799],[-56.937,-13.799],[-56.949,-13.79],[-56.969,-13.799],[-56.973,-13.805],[-56.978,-13.805],[-56.987,-13.814],[-56.989,-13.827],[-56.996,-13.831],[-57.006,-13.83],[-57.016,-13.822],[-57.039,-13.833],[-57.054,-13.846],[-57.057,-13.852],[-57.098,-13.856],[-57.109,-13.852],[-57.122,-13.856],[-57.133,-13.865],[-57.14,-13.865],[-57.152,-13.875],[-57.178,-13.872],[-57.184,-13.876],[-57.197,-13.902],[-57.21,-13.917],[-57.331,-13.876],[-57.34,-13.75],[-57.293,-13.795],[-57.279,-13.808],[-57.276,-13.8],[-57.28,-13.798],[-57.277,-13.795],[-57.28,-13.79],[-57.276,-13.773],[-57.272,-13.775],[-57.25,-13.747],[-57.251,-13.743],[-57.248,-13.741],[-57.252,-13.727],[-57.246,-13.725],[-57.242,-13.715],[-57.237,-13.715],[-57.234,-13.711],[-57.23,-13.715],[-57.224,-13.714],[-57.22,-13.703],[-57.215,-13.701],[-57.204,-13.704],[-57.19,-13.7],[-57.182,-13.692],[-57.184,-13.687],[-57.181,-13.685],[-57.176,-13.687],[-57.176,-13.684],[-57.172,-13.684],[-57.172,-13.671],[-57.153,-13.671],[-57.148,-13.663],[-57.142,-13.664],[-57.136,-13.654],[-57.133,-13.632],[-57.119,-13.614],[-57.12,-13.611],[-57.116,-13.612],[-57.115,-13.608],[-57.111,-13.607],[-57.106,-13.591],[-57.109,-13.587],[-57.101,-13.585],[-57.102,-13.579],[-57.097,-13.578],[-57.094,-13.583],[-57.087,-13.579],[-57.086,-13.574],[-57.077,-13.574],[-57.073,-13.557],[-57.065,-13.547],[-57.046,-13.55],[-57.036,-13.546],[-57.031,-13.55],[-57.033,-13.56],[-57.027,-13.562],[-57.022,-13.557],[-57.019,-13.559],[-57.012,-13.543],[-57.001,-13.536],[-57.0,-13.525],[-56.994,-13.525],[-56.993,-13.518],[-57.001,-13.513],[-56.996,-13.51],[-56.997,-13.506],[-57.0,-13.507],[-56.998,-13.495],[-56.995,-13.493],[-56.997,-13.488],[-56.995,-13.485],[-57.006,-13.478],[-57.013,-13.468],[-57.011,-13.453],[-57.017,-13.45],[-57.01,-13.445],[-57.014,-13.442],[-57.015,-13.446],[-57.02,-13.447],[-57.022,-13.442],[-57.018,-13.436],[-57.022,-13.428],[-57.015,-13.421],[-57.013,-13.412],[-57.018,-13.409],[-57.02,-13.405],[-57.018,-13.397],[-57.013,-13.394],[-57.014,-13.386],[-57.008,-13.382],[-57.016,-13.38],[-57.012,-13.375],[-57.018,-13.368],[-57.005,-13.345],[-57.001,-13.345],[-56.998,-13.341],[-56.999,-13.333],[-56.993,-13.332],[-56.987,-13.304],[-56.976,-13.296],[-56.971,-13.297],[-56.961,-13.29],[-56.96,-13.276],[-56.963,-13.27],[-56.959,-13.268],[-56.96,-13.266],[-56.957,-13.266],[-56.959,-13.262],[-56.951,-13.254],[-56.951,-13.229],[-56.923,-13.212],[-56.914,-13.213],[-56.915,-13.21],[-56.907,-13.208],[-56.907,-13.203],[-56.9,-13.194],[-56.892,-13.193],[-56.89,-13.189],[-56.887,-13.185],[-56.89,-13.178],[-56.87,-13.161],[-56.875,-13.155],[-56.867,-13.144],[-56.867,-13.127],[-56.86,-13.116],[-56.855,-13.114],[-56.855,-13.108],[-56.851,-13.107],[-56.853,-13.103],[-56.847,-13.1],[-56.841,-13.085],[-56.835,-13.081],[-56.833,-13.07],[-56.837,-13.061],[-56.828,-13.042],[-56.808,-13.025],[-56.803,-13.017],[-56.804,-13.012],[-56.791,-13.005],[-56.793,-13.002],[-56.79,-13.001],[-56.79,-12.996],[-56.784,-12.996],[-56.78,-12.986],[-56.773,-12.986],[-56.76,-12.975],[-56.753,-12.98],[-56.75,-12.971],[-56.741,-12.966],[-56.743,-12.964],[-56.739,-12.955],[-56.737,-12.962],[-56.727,-12.964],[-56.73,-12.976]]]}},{"type":"Feature","properties":{"id":"5107354","nome":"S\u00e3o Jos\u00e9 do Xingu"},"geometry":{"type":"Polygon","coordinates":[[[-52.143,-10.265],[-52.144,-10.271],[-52.154,-10.277],[-52.156,-10.294],[-52.164,-10.298],[-52.158,-10.308],[-52.167,-10.319],[-52.161,-10.333],[-52.164,-10.359],[-52.169,-10.361],[-52.183,-10.359],[-52.189,-10.363],[-52.173,-10.375],[-52.171,-10.382],[-52.184,-10.383],[-52.185,-10.389],[-52.198,-10.393],[-52.203,-10.403],[-52.191,-10.404],[-52.19,-10.41],[-52.194,-10.415],[-52.205,-10.413],[-52.209,-10.417],[-52.207,-10.423],[-52.189,-10.427],[-52.216,-10.439],[-52.217,-10.443],[-52.216,-10.449],[-52.207,-10.454],[-52.189,-10.46],[-52.191,-10.476],[-52.183,-10.478],[-52.179,-10.488],[-52.199,-10.488],[-52.199,-10.498],[-52.188,-10.5],[-52.184,-10.504],[-52.183,-10.522],[-52.187,-10.523],[-52.198,-10.52],[-52.202,-10.524],[-52.193,-10.533],[-52.193,-10.548],[-52.183,-10.552],[-52.178,-10.558],[-52.18,-10.568],[-52.192,-10.58],[-52.196,-10.589],[-52.182,-10.602],[-52.188,-10.605],[-52.191,-10.623],[-52.201,-10.622],[-52.203,-10.625],[-52.201,-10.631],[-52.192,-10.637],[-52.199,-10.64],[-52.204,-10.653],[-52.188,-10.659],[-52.184,-10.667],[-52.175,-10.674],[-52.183,-10.677],[-52.195,-10.668],[-52.197,-10.677],[-52.181,-10.686],[-52.189,-10.689],[-52.191,-10.709],[-52.173,-10.719],[-52.17,-10.728],[-52.171,-10.733],[-52.188,-10.739],[-52.178,-10.746],[-52.186,-10.751],[-52.184,-10.757],[-52.176,-10.761],[-52.177,-10.773],[-52.171,-10.784],[-52.185,-10.795],[-52.182,-10.803],[-52.188,-10.813],[-52.182,-10.822],[-52.185,-10.828],[-52.191,-10.824],[-52.199,-10.831],[-52.188,-10.844],[-52.191,-10.856],[-52.18,-10.875],[-52.186,-10.879],[-52.193,-10.893],[-52.185,-10.908],[-52.185,-10.916],[-52.189,-10.92],[-52.198,-10.922],[-52.201,-10.929],[-52.187,-10.932],[-52.189,-10.937],[-52.195,-10.936],[-52.198,-10.941],[-52.2,-10.938],[-52.208,-10.939],[-52.207,-10.945],[-52.2,-10.945],[-52.203,-10.953],[-52.222,-10.97],[-52.219,-10.978],[-52.228,-10.983],[-52.228,-10.987],[-52.223,-10.987],[-52.22,-10.982],[-52.216,-10.983],[-52.215,-10.987],[-52.221,-10.994],[-52.221,-10.999],[-52.215,-11.001],[-52.211,-10.999],[-52.206,-11.003],[-52.211,-11.006],[-52.216,-11.016],[-52.213,-11.03],[-52.216,-11.035],[-52.222,-11.032],[-52.252,-11.037],[-52.279,-11.047],[-52.291,-11.046],[-52.307,-11.054],[-52.326,-11.053],[-52.328,-11.051],[-52.342,-11.056],[-52.385,-11.055],[-52.401,-11.069],[-52.413,-11.075],[-52.415,-11.084],[-52.419,-11.091],[-52.441,-11.097],[-52.446,-11.068],[-52.455,-11.08],[-52.47,-11.084],[-52.487,-11.094],[-52.499,-11.095],[-52.532,-11.088],[-52.54,-11.072],[-52.558,-11.067],[-52.604,-11.07],[-52.618,-11.078],[-52.642,-11.07],[-52.668,-11.081],[-52.704,-11.055],[-52.734,-11.053],[-52.757,-11.045],[-52.771,-11.054],[-52.791,-11.096],[-52.798,-11.097],[-52.8,-11.102],[-52.811,-11.103],[-52.812,-11.108],[-52.826,-11.106],[-52.832,-11.101],[-52.846,-11.096],[-52.848,-11.103],[-52.851,-11.099],[-52.864,-11.093],[-52.866,-11.089],[-52.87,-11.088],[-52.87,-11.075],[-52.878,-11.069],[-52.881,-11.058],[-52.884,-11.061],[-52.886,-11.051],[-52.892,-11.046],[-52.896,-11.047],[-52.897,-11.043],[-52.901,-11.044],[-52.906,-11.039],[-52.907,-11.042],[-52.908,-11.038],[-52.913,-11.04],[-52.912,-11.021],[-52.917,-11.012],[-52.915,-11.01],[-52.921,-11.005],[-52.919,-11.003],[-52.922,-10.991],[-52.926,-10.988],[-52.926,-10.983],[-52.922,-10.982],[-52.923,-10.976],[-52.92,-10.974],[-52.924,-10.973],[-52.924,-10.966],[-52.931,-10.961],[-52.929,-10.956],[-52.935,-10.952],[-52.936,-10.954],[-52.935,-10.947],[-52.944,-10.945],[-52.948,-10.94],[-52.955,-10.939],[-52.957,-10.934],[-52.958,-10.937],[-52.96,-10.935],[-52.963,-10.926],[-52.969,-10.924],[-52.971,-10.917],[-52.979,-10.914],[-52.979,-10.911],[-52.986,-10.91],[-52.985,-10.907],[-52.997,-10.898],[-53.0,-10.902],[-53.006,-10.898],[-53.006,-10.89],[-53.014,-10.897],[-53.022,-10.892],[-53.026,-10.898],[-53.029,-10.892],[-53.032,-10.89],[-53.036,-10.895],[-53.042,-10.89],[-53.049,-10.896],[-53.052,-10.889],[-53.058,-10.888],[-53.064,-10.897],[-53.078,-10.893],[-53.075,-10.902],[-53.085,-10.902],[-53.09,-10.897],[-53.083,-10.895],[-53.087,-10.887],[-53.101,-10.889],[-53.115,-10.869],[-53.116,-10.861],[-53.128,-10.856],[-53.117,-10.839],[-53.118,-10.835],[-53.123,-10.834],[-53.121,-10.823],[-53.111,-10.812],[-53.101,-10.791],[-53.098,-10.778],[-53.098,-10.777],[-53.092,-10.725],[-53.082,-10.702],[-53.083,-10.696],[-53.094,-10.683],[-53.091,-10.646],[-53.051,-10.607],[-53.05,-10.596],[-53.057,-10.58],[-53.083,-10.572],[-53.086,-10.568],[-53.083,-10.543],[-53.084,-10.506],[-53.065,-10.459],[-53.06,-10.414],[-53.046,-10.366],[-53.015,-10.317],[-53.01,-10.313],[-52.993,-10.313],[-52.991,-10.318],[-52.987,-10.318],[-52.99,-10.323],[-52.987,-10.325],[-52.989,-10.332],[-52.984,-10.333],[-52.984,-10.33],[-52.981,-10.33],[-52.982,-10.336],[-52.973,-10.332],[-52.974,-10.334],[-52.971,-10.334],[-52.968,-10.34],[-52.952,-10.334],[-52.947,-10.336],[-52.951,-10.346],[-52.945,-10.347],[-52.943,-10.357],[-52.936,-10.354],[-52.942,-10.36],[-52.932,-10.36],[-52.927,-10.355],[-52.929,-10.358],[-52.92,-10.36],[-52.922,-10.366],[-52.917,-10.368],[-52.917,-10.373],[-52.913,-10.37],[-52.907,-10.374],[-52.899,-10.373],[-52.896,-10.395],[-52.884,-10.4],[-52.883,-10.401],[-52.882,-10.394],[-52.88,-10.396],[-52.877,-10.391],[-52.868,-10.389],[-52.868,-10.385],[-52.863,-10.388],[-52.859,-10.388],[-52.859,-10.384],[-52.85,-10.388],[-52.845,-10.379],[-52.839,-10.382],[-52.834,-10.379],[-52.83,-10.381],[-52.818,-10.376],[-52.797,-10.383],[-52.776,-10.382],[-52.773,-10.388],[-52.759,-10.393],[-52.735,-10.396],[-52.703,-10.389],[-52.699,-10.38],[-52.683,-10.371],[-52.655,-10.374],[-52.624,-10.363],[-52.606,-10.361],[-52.6,-10.355],[-52.571,-10.347],[-52.53,-10.349],[-52.517,-10.334],[-52.511,-10.334],[-52.511,-10.335],[-52.507,-10.349],[-52.502,-10.35],[-52.487,-10.338],[-52.486,-10.328],[-52.483,-10.325],[-52.468,-10.322],[-52.453,-10.329],[-52.423,-10.331],[-52.409,-10.35],[-52.4,-10.351],[-52.38,-10.345],[-52.364,-10.326],[-52.343,-10.333],[-52.336,-10.341],[-52.331,-10.341],[-52.33,-10.344],[-52.317,-10.35],[-52.309,-10.337],[-52.305,-10.337],[-52.287,-10.321],[-52.284,-10.323],[-52.282,-10.316],[-52.271,-10.31],[-52.26,-10.311],[-52.254,-10.309],[-52.25,-10.303],[-52.242,-10.301],[-52.241,-10.305],[-52.234,-10.301],[-52.229,-10.293],[-52.231,-10.288],[-52.227,-10.282],[-52.223,-10.282],[-52.221,-10.274],[-52.207,-10.268],[-52.202,-10.262],[-52.196,-10.266],[-52.174,-10.258],[-52.151,-10.259],[-52.143,-10.265]]]}},{"type":"Feature","properties":{"id":"5107404","nome":"S\u00e3o Pedro da Cipa"},"geometry":{"type":"Polygon","coordinates":[[[-54.572,-15.883],[-54.561,-15.912],[-54.566,-15.925],[-54.564,-15.93],[-54.569,-15.933],[-54.581,-15.934],[-54.587,-15.953],[-54.583,-15.959],[-54.587,-15.966],[-54.595,-15.97],[-54.597,-15.976],[-54.602,-15.973],[-54.606,-15.98],[-54.699,-15.988],[-54.783,-15.995],[-54.793,-16.001],[-54.802,-16.002],[-54.819,-16.009],[-54.836,-16.01],[-54.85,-16.002],[-54.861,-16.009],[-54.863,-16.017],[-54.867,-16.014],[-54.871,-16.007],[-54.882,-16.007],[-54.891,-16.001],[-54.896,-16.006],[-54.904,-16.018],[-54.916,-16.03],[-54.911,-16.035],[-54.909,-16.049],[-54.915,-16.054],[-54.916,-16.052],[-54.926,-16.055],[-54.937,-16.055],[-54.942,-16.044],[-54.94,-16.039],[-54.947,-16.035],[-54.943,-16.033],[-54.943,-16.026],[-54.937,-16.02],[-54.946,-16.013],[-54.943,-16.005],[-54.945,-16.0],[-54.939,-15.998],[-54.922,-15.997],[-54.919,-15.993],[-54.916,-15.995],[-54.91,-15.982],[-54.906,-15.976],[-54.909,-15.973],[-54.908,-15.97],[-54.901,-15.966],[-54.899,-15.95],[-54.895,-15.952],[-54.883,-15.946],[-54.861,-15.947],[-54.847,-15.942],[-54.842,-15.938],[-54.833,-15.94],[-54.828,-15.935],[-54.822,-15.939],[-54.808,-15.928],[-54.796,-15.929],[-54.78,-15.917],[-54.76,-15.92],[-54.758,-15.913],[-54.746,-15.905],[-54.744,-15.895],[-54.735,-15.894],[-54.731,-15.891],[-54.721,-15.892],[-54.715,-15.888],[-54.711,-15.892],[-54.704,-15.886],[-54.703,-15.889],[-54.698,-15.888],[-54.693,-15.892],[-54.686,-15.891],[-54.684,-15.893],[-54.675,-15.89],[-54.672,-15.896],[-54.668,-15.897],[-54.659,-15.891],[-54.654,-15.893],[-54.635,-15.886],[-54.631,-15.889],[-54.618,-15.885],[-54.609,-15.897],[-54.58,-15.881],[-54.572,-15.883]]]}},{"type":"Feature","properties":{"id":"5107578","nome":"Rondol\u00e2ndia"},"geometry":{"type":"Polygon","coordinates":[[[-60.639,-9.646],[-60.636,-9.654],[-60.639,-9.669],[-60.656,-9.698],[-60.66,-9.704],[-60.659,-9.714],[-60.663,-9.722],[-60.68,-9.734],[-60.687,-9.75],[-60.678,-9.759],[-60.671,-9.784],[-60.673,-9.793],[-60.69,-9.813],[-60.705,-9.819],[-60.702,-9.827],[-60.694,-9.833],[-60.674,-9.84],[-60.671,-9.858],[-60.658,-9.889],[-60.664,-9.9],[-60.676,-9.908],[-60.691,-9.934],[-60.695,-9.948],[-60.689,-9.964],[-60.671,-9.963],[-60.644,-9.956],[-60.63,-9.958],[-60.632,-9.972],[-60.639,-9.979],[-60.638,-9.984],[-60.611,-10.005],[-60.607,-10.02],[-60.617,-10.035],[-60.638,-10.036],[-60.639,-10.041],[-60.63,-10.048],[-60.619,-10.067],[-60.611,-10.074],[-60.614,-10.085],[-60.613,-10.096],[-60.616,-10.105],[-60.646,-10.134],[-60.646,-10.153],[-60.631,-10.174],[-60.629,-10.18],[-60.633,-10.188],[-60.627,-10.2],[-60.638,-10.237],[-60.626,-10.263],[-60.636,-10.272],[-60.636,-10.295],[-60.626,-10.314],[-60.602,-10.33],[-60.606,-10.369],[-60.599,-10.396],[-60.599,-10.41],[-60.585,-10.42],[-60.575,-10.421],[-60.569,-10.428],[-60.559,-10.432],[-60.524,-10.473],[-60.526,-10.484],[-60.536,-10.49],[-60.528,-10.526],[-60.527,-10.547],[-60.519,-10.559],[-60.52,-10.566],[-60.531,-10.576],[-60.531,-10.588],[-60.538,-10.591],[-60.53,-10.624],[-60.522,-10.631],[-60.518,-10.639],[-60.524,-10.667],[-60.515,-10.68],[-60.505,-10.689],[-60.488,-10.694],[-60.483,-10.715],[-60.477,-10.718],[-60.447,-10.713],[-60.438,-10.717],[-60.427,-10.732],[-60.426,-10.74],[-60.42,-10.745],[-60.397,-10.756],[-60.396,-10.763],[-60.401,-10.765],[-60.41,-10.777],[-60.419,-10.782],[-60.421,-10.798],[-60.427,-10.805],[-60.429,-10.814],[-60.43,-10.819],[-60.418,-10.829],[-60.404,-10.853],[-60.41,-10.871],[-60.428,-10.879],[-60.437,-10.898],[-60.451,-10.909],[-60.435,-10.932],[-60.443,-10.954],[-60.461,-10.975],[-60.464,-10.982],[-60.46,-10.989],[-60.806,-10.989],[-60.828,-10.989],[-60.832,-10.989],[-60.948,-10.988],[-60.949,-10.988],[-61.0,-10.988],[-61.0,-10.992],[-61.426,-10.987],[-61.428,-10.987],[-61.483,-10.986],[-61.514,-10.986],[-61.55,-10.986],[-61.55,-10.981],[-61.546,-10.977],[-61.538,-10.975],[-61.53,-10.979],[-61.527,-10.957],[-61.519,-10.949],[-61.523,-10.94],[-61.518,-10.917],[-61.514,-10.907],[-61.524,-10.904],[-61.519,-10.894],[-61.526,-10.885],[-61.523,-10.881],[-61.525,-10.855],[-61.521,-10.842],[-61.51,-10.837],[-61.509,-10.83],[-61.512,-10.822],[-61.503,-10.808],[-61.507,-10.796],[-61.511,-10.794],[-61.505,-10.789],[-61.505,-10.784],[-61.495,-10.782],[-61.491,-10.795],[-61.486,-10.8],[-61.473,-10.797],[-61.48,-10.785],[-61.476,-10.767],[-61.481,-10.76],[-61.48,-10.744],[-61.488,-10.736],[-61.486,-10.727],[-61.476,-10.722],[-61.472,-10.715],[-61.48,-10.714],[-61.498,-10.7],[-61.495,-10.683],[-61.492,-10.675],[-61.484,-10.673],[-61.481,-10.669],[-61.482,-10.653],[-61.478,-10.643],[-61.489,-10.629],[-61.476,-10.607],[-61.481,-10.596],[-61.477,-10.589],[-61.479,-10.569],[-61.47,-10.556],[-61.466,-10.541],[-61.479,-10.529],[-61.48,-10.487],[-61.47,-10.461],[-61.476,-10.454],[-61.467,-10.448],[-61.461,-10.42],[-61.464,-10.416],[-61.469,-10.415],[-61.476,-10.418],[-61.476,-10.41],[-61.471,-10.405],[-61.484,-10.4],[-61.489,-10.39],[-61.497,-10.389],[-61.503,-10.376],[-61.501,-10.353],[-61.511,-10.35],[-61.516,-10.334],[-61.521,-10.33],[-61.533,-10.331],[-61.54,-10.32],[-61.548,-10.316],[-61.553,-10.307],[-61.544,-10.301],[-61.554,-10.279],[-61.562,-10.272],[-61.576,-10.248],[-61.577,-10.226],[-61.573,-10.219],[-61.573,-10.209],[-61.551,-10.197],[-61.559,-10.193],[-61.558,-10.176],[-61.578,-10.163],[-61.596,-10.162],[-61.599,-10.159],[-61.601,-10.156],[-61.59,-10.121],[-61.591,-10.111],[-61.583,-10.095],[-61.583,-10.082],[-61.578,-10.079],[-61.584,-10.059],[-61.571,-10.046],[-61.555,-10.039],[-61.54,-10.001],[-61.54,-9.999],[-61.43,-10.0],[-61.42,-10.003],[-61.412,-10.019],[-61.406,-10.012],[-61.401,-10.018],[-61.397,-10.015],[-61.389,-10.015],[-61.385,-10.023],[-61.38,-10.024],[-61.361,-10.04],[-61.355,-10.04],[-61.348,-10.028],[-61.342,-10.032],[-61.338,-10.027],[-61.303,-10.027],[-61.297,-10.016],[-61.288,-10.01],[-61.279,-10.01],[-61.276,-9.993],[-61.28,-9.979],[-61.281,-9.963],[-61.289,-9.957],[-61.288,-9.939],[-61.276,-9.942],[-61.269,-9.949],[-61.235,-9.955],[-61.225,-9.967],[-61.213,-9.969],[-61.207,-9.992],[-61.197,-9.998],[-61.18,-10.002],[-61.18,-10.013],[-61.175,-10.018],[-61.17,-10.041],[-61.158,-10.048],[-61.141,-10.05],[-61.134,-10.053],[-61.127,-10.049],[-61.137,-10.033],[-61.131,-10.026],[-61.12,-10.023],[-61.113,-9.989],[-61.105,-9.992],[-61.099,-9.987],[-61.089,-9.987],[-61.071,-9.974],[-61.059,-9.972],[-61.056,-9.98],[-61.048,-9.982],[-61.031,-9.96],[-61.019,-9.959],[-61.011,-9.952],[-61.001,-9.939],[-60.996,-9.924],[-60.985,-9.923],[-60.98,-9.912],[-60.955,-9.881],[-60.948,-9.88],[-60.939,-9.866],[-60.928,-9.863],[-60.908,-9.846],[-60.91,-9.838],[-60.921,-9.839],[-60.927,-9.831],[-60.919,-9.819],[-60.904,-9.809],[-60.887,-9.782],[-60.881,-9.78],[-60.877,-9.772],[-60.85,-9.766],[-60.838,-9.76],[-60.832,-9.754],[-60.796,-9.738],[-60.786,-9.737],[-60.788,-9.731],[-60.786,-9.727],[-60.767,-9.72],[-60.768,-9.713],[-60.777,-9.704],[-60.765,-9.705],[-60.758,-9.696],[-60.744,-9.694],[-60.743,-9.701],[-60.732,-9.702],[-60.715,-9.714],[-60.711,-9.711],[-60.717,-9.701],[-60.712,-9.697],[-60.702,-9.701],[-60.698,-9.698],[-60.698,-9.689],[-60.69,-9.687],[-60.692,-9.683],[-60.689,-9.679],[-60.679,-9.673],[-60.677,-9.668],[-60.685,-9.657],[-60.678,-9.657],[-60.674,-9.652],[-60.677,-9.643],[-60.666,-9.639],[-60.655,-9.647],[-60.645,-9.636],[-60.635,-9.638],[-60.639,-9.646]]]}},{"type":"Feature","properties":{"id":"5107602","nome":"Rondon\u00f3polis"},"geometry":{"type":"Polygon","coordinates":[[[-54.48,-16.07],[-54.485,-16.088],[-54.492,-16.093],[-54.476,-16.097],[-54.482,-16.107],[-54.471,-16.114],[-54.458,-16.133],[-54.444,-16.134],[-54.433,-16.141],[-54.429,-16.138],[-54.428,-16.142],[-54.417,-16.143],[-54.418,-16.163],[-54.424,-16.175],[-54.435,-16.186],[-54.447,-16.19],[-54.45,-16.205],[-54.459,-16.215],[-54.456,-16.223],[-54.462,-16.243],[-54.457,-16.244],[-54.454,-16.253],[-54.439,-16.275],[-54.433,-16.276],[-54.43,-16.271],[-54.432,-16.267],[-54.424,-16.268],[-54.407,-16.281],[-54.402,-16.293],[-54.394,-16.295],[-54.393,-16.304],[-54.388,-16.306],[-54.389,-16.314],[-54.387,-16.327],[-54.359,-16.334],[-54.349,-16.331],[-54.345,-16.321],[-54.34,-16.321],[-54.337,-16.325],[-54.342,-16.329],[-54.342,-16.332],[-54.323,-16.355],[-54.337,-16.36],[-54.346,-16.383],[-54.338,-16.399],[-54.332,-16.401],[-54.332,-16.413],[-54.346,-16.428],[-54.352,-16.427],[-54.345,-16.456],[-54.367,-16.479],[-54.367,-16.48],[-54.36,-16.488],[-54.356,-16.499],[-54.366,-16.506],[-54.38,-16.506],[-54.378,-16.519],[-54.382,-16.525],[-54.373,-16.522],[-54.368,-16.527],[-54.366,-16.539],[-54.359,-16.542],[-54.354,-16.539],[-54.35,-16.546],[-54.342,-16.551],[-54.34,-16.566],[-54.333,-16.569],[-54.336,-16.578],[-54.322,-16.582],[-54.323,-16.587],[-54.317,-16.588],[-54.317,-16.596],[-54.311,-16.595],[-54.303,-16.587],[-54.302,-16.58],[-54.297,-16.578],[-54.292,-16.586],[-54.285,-16.588],[-54.265,-16.58],[-54.256,-16.589],[-54.248,-16.592],[-54.245,-16.597],[-54.235,-16.601],[-54.263,-16.639],[-54.361,-16.599],[-54.372,-16.595],[-54.444,-16.565],[-54.479,-16.579],[-54.482,-16.577],[-54.49,-16.567],[-54.496,-16.566],[-54.496,-16.559],[-54.5,-16.556],[-54.512,-16.567],[-54.53,-16.569],[-54.526,-16.573],[-54.533,-16.592],[-54.544,-16.594],[-54.552,-16.608],[-54.547,-16.626],[-54.539,-16.635],[-54.539,-16.64],[-54.547,-16.652],[-54.563,-16.657],[-54.568,-16.668],[-54.586,-16.672],[-54.588,-16.681],[-54.598,-16.702],[-54.614,-16.71],[-54.624,-16.719],[-54.627,-16.724],[-54.619,-16.736],[-54.619,-16.743],[-54.616,-16.947],[-54.615,-16.974],[-54.615,-16.987],[-54.638,-16.981],[-54.653,-16.983],[-54.673,-16.992],[-54.685,-17.013],[-54.714,-17.036],[-54.716,-17.035],[-54.719,-17.04],[-54.722,-17.04],[-54.841,-17.072],[-54.839,-17.066],[-54.845,-17.047],[-54.839,-17.026],[-54.844,-17.0],[-54.839,-16.998],[-54.85,-16.99],[-54.846,-16.983],[-54.848,-16.978],[-54.859,-16.975],[-54.866,-16.969],[-54.87,-16.959],[-54.875,-16.902],[-54.867,-16.867],[-54.855,-16.859],[-54.851,-16.85],[-54.854,-16.839],[-54.838,-16.825],[-54.844,-16.805],[-54.842,-16.792],[-54.827,-16.758],[-54.842,-16.751],[-54.853,-16.74],[-54.877,-16.697],[-54.891,-16.684],[-54.902,-16.679],[-54.906,-16.667],[-54.901,-16.626],[-54.891,-16.592],[-54.904,-16.564],[-54.912,-16.557],[-54.926,-16.546],[-54.929,-16.531],[-54.947,-16.524],[-54.963,-16.524],[-54.974,-16.486],[-54.971,-16.472],[-54.971,-16.471],[-54.973,-16.463],[-54.969,-16.459],[-54.977,-16.455],[-54.975,-16.441],[-54.969,-16.438],[-54.969,-16.423],[-54.957,-16.417],[-54.961,-16.415],[-54.956,-16.405],[-54.952,-16.409],[-54.948,-16.403],[-54.944,-16.404],[-54.941,-16.39],[-54.936,-16.392],[-54.938,-16.385],[-54.935,-16.383],[-54.934,-16.372],[-54.943,-16.355],[-54.941,-16.343],[-54.935,-16.34],[-54.939,-16.33],[-54.939,-16.327],[-54.931,-16.324],[-54.928,-16.316],[-54.922,-16.313],[-54.924,-16.309],[-54.911,-16.308],[-54.912,-16.302],[-54.908,-16.298],[-54.908,-16.286],[-54.912,-16.281],[-54.909,-16.272],[-54.906,-16.268],[-54.899,-16.272],[-54.896,-16.269],[-54.886,-16.271],[-54.88,-16.269],[-54.881,-16.266],[-54.862,-16.276],[-54.854,-16.275],[-54.857,-16.271],[-54.85,-16.268],[-54.845,-16.27],[-54.844,-16.264],[-54.832,-16.264],[-54.832,-16.261],[-54.825,-16.263],[-54.822,-16.254],[-54.803,-16.236],[-54.795,-16.21],[-54.786,-16.204],[-54.78,-16.203],[-54.775,-16.197],[-54.755,-16.193],[-54.751,-16.187],[-54.748,-16.189],[-54.747,-16.186],[-54.738,-16.183],[-54.739,-16.178],[-54.734,-16.179],[-54.724,-16.171],[-54.724,-16.168],[-54.718,-16.165],[-54.71,-16.165],[-54.704,-16.171],[-54.694,-16.172],[-54.688,-16.159],[-54.684,-16.16],[-54.676,-16.15],[-54.661,-16.144],[-54.655,-16.134],[-54.646,-16.138],[-54.632,-16.128],[-54.595,-16.12],[-54.579,-16.108],[-54.566,-16.106],[-54.533,-16.083],[-54.518,-16.084],[-54.501,-16.075],[-54.48,-16.07]]]}},{"type":"Feature","properties":{"id":"5107701","nome":"Ros\u00e1rio Oeste"},"geometry":{"type":"Polygon","coordinates":[[[-55.106,-14.212],[-55.094,-14.214],[-55.069,-14.204],[-55.04,-14.229],[-55.035,-14.24],[-55.036,-14.25],[-55.032,-14.256],[-55.027,-14.25],[-54.983,-14.225],[-54.971,-14.225],[-54.96,-14.222],[-54.957,-14.228],[-54.935,-14.241],[-54.912,-14.234],[-54.897,-14.22],[-54.875,-14.215],[-54.872,-14.222],[-54.864,-14.22],[-54.85,-14.228],[-54.84,-14.261],[-54.831,-14.252],[-54.824,-14.253],[-54.818,-14.25],[-54.813,-14.254],[-54.813,-14.26],[-54.807,-14.269],[-54.815,-14.284],[-54.814,-14.294],[-54.819,-14.296],[-54.824,-14.295],[-54.831,-14.318],[-54.834,-14.316],[-54.844,-14.32],[-54.843,-14.325],[-54.857,-14.328],[-54.848,-14.339],[-54.851,-14.341],[-54.855,-14.337],[-54.859,-14.344],[-54.856,-14.348],[-54.857,-14.352],[-54.854,-14.353],[-54.864,-14.355],[-54.863,-14.36],[-54.866,-14.364],[-54.864,-14.367],[-54.867,-14.372],[-54.865,-14.377],[-54.87,-14.385],[-54.881,-14.391],[-54.883,-14.396],[-54.891,-14.397],[-54.895,-14.404],[-54.894,-14.395],[-54.902,-14.396],[-54.907,-14.406],[-54.909,-14.402],[-54.912,-14.403],[-54.914,-14.413],[-54.923,-14.413],[-54.93,-14.418],[-54.932,-14.424],[-54.938,-14.424],[-54.937,-14.429],[-54.944,-14.427],[-54.956,-14.43],[-54.956,-14.437],[-54.965,-14.436],[-54.968,-14.44],[-54.97,-14.437],[-54.977,-14.44],[-54.986,-14.437],[-54.997,-14.45],[-54.996,-14.48],[-55.002,-14.492],[-55.007,-14.496],[-55.013,-14.493],[-55.019,-14.496],[-55.023,-14.517],[-55.036,-14.54],[-55.044,-14.545],[-55.052,-14.541],[-55.06,-14.542],[-55.07,-14.536],[-55.076,-14.542],[-55.104,-14.548],[-55.108,-14.561],[-55.113,-14.567],[-55.125,-14.57],[-55.137,-14.581],[-55.156,-14.616],[-55.186,-14.63],[-55.219,-14.639],[-55.233,-14.639],[-55.259,-14.629],[-55.29,-14.614],[-55.351,-14.576],[-55.357,-14.565],[-55.358,-14.564],[-55.36,-14.565],[-55.66,-14.729],[-55.713,-14.753],[-55.742,-14.779],[-55.763,-14.784],[-55.765,-14.786],[-55.76,-14.798],[-55.76,-14.812],[-55.766,-14.818],[-55.766,-14.825],[-55.782,-14.837],[-55.799,-14.839],[-55.808,-14.844],[-55.814,-14.841],[-55.828,-14.858],[-55.832,-14.845],[-55.835,-14.844],[-55.841,-14.855],[-55.858,-14.835],[-55.866,-14.84],[-55.876,-14.84],[-55.892,-14.854],[-55.909,-14.862],[-55.912,-14.869],[-55.915,-14.868],[-55.934,-14.87],[-55.949,-14.877],[-55.965,-14.872],[-55.972,-14.874],[-55.987,-14.887],[-55.998,-14.891],[-56.003,-14.901],[-56.013,-14.901],[-56.009,-14.914],[-55.985,-14.947],[-55.983,-14.954],[-55.973,-14.964],[-55.952,-14.997],[-55.947,-15.018],[-55.939,-15.02],[-55.943,-15.028],[-55.937,-15.041],[-55.942,-15.073],[-55.948,-15.081],[-55.974,-15.072],[-56.202,-14.99],[-56.24,-14.977],[-56.244,-14.988],[-56.254,-14.988],[-56.26,-14.994],[-56.267,-14.995],[-56.273,-15.008],[-56.288,-15.018],[-56.299,-15.018],[-56.31,-15.025],[-56.312,-15.038],[-56.318,-15.044],[-56.319,-15.039],[-56.33,-15.036],[-56.338,-15.045],[-56.362,-15.041],[-56.37,-15.044],[-56.387,-15.073],[-56.4,-15.064],[-56.409,-15.063],[-56.415,-15.07],[-56.432,-15.071],[-56.438,-15.076],[-56.442,-15.074],[-56.44,-15.078],[-56.44,-15.087],[-56.459,-15.083],[-56.465,-15.09],[-56.463,-15.098],[-56.451,-15.101],[-56.449,-15.106],[-56.451,-15.111],[-56.465,-15.114],[-56.467,-15.119],[-56.453,-15.13],[-56.45,-15.143],[-56.462,-15.133],[-56.472,-15.132],[-56.472,-15.126],[-56.486,-15.118],[-56.498,-15.122],[-56.512,-15.135],[-56.523,-15.137],[-56.537,-15.137],[-56.546,-15.143],[-56.552,-15.149],[-56.555,-15.164],[-56.571,-15.168],[-56.574,-15.177],[-56.579,-15.203],[-56.595,-15.228],[-56.61,-15.24],[-56.631,-15.234],[-56.647,-15.238],[-56.666,-15.247],[-56.686,-15.284],[-56.693,-15.28],[-56.706,-15.281],[-56.733,-15.318],[-56.756,-15.342],[-56.754,-15.35],[-56.746,-15.347],[-56.744,-15.355],[-56.738,-15.354],[-56.735,-15.357],[-56.732,-15.382],[-56.722,-15.391],[-56.72,-15.4],[-56.708,-15.409],[-56.701,-15.407],[-56.696,-15.417],[-56.688,-15.419],[-56.686,-15.428],[-56.681,-15.428],[-56.676,-15.424],[-56.669,-15.425],[-56.665,-15.431],[-56.657,-15.43],[-56.649,-15.439],[-56.658,-15.444],[-56.661,-15.451],[-56.666,-15.451],[-56.67,-15.465],[-56.681,-15.477],[-56.697,-15.475],[-56.716,-15.478],[-56.716,-15.495],[-56.726,-15.507],[-56.739,-15.511],[-56.743,-15.518],[-56.752,-15.52],[-56.759,-15.52],[-56.763,-15.512],[-56.781,-15.515],[-56.801,-15.5],[-56.809,-15.499],[-56.811,-15.482],[-56.821,-15.47],[-56.831,-15.476],[-56.897,-15.463],[-56.905,-15.47],[-56.914,-15.467],[-56.925,-15.472],[-56.937,-15.464],[-56.957,-15.48],[-56.964,-15.47],[-56.968,-15.466],[-56.956,-15.454],[-56.971,-15.437],[-56.979,-15.438],[-56.985,-15.432],[-56.983,-15.423],[-56.985,-15.42],[-56.978,-15.419],[-56.99,-15.408],[-56.984,-15.403],[-56.985,-15.397],[-56.978,-15.389],[-56.982,-15.38],[-56.898,-15.265],[-56.848,-15.204],[-56.828,-15.186],[-56.826,-15.182],[-56.833,-15.18],[-56.833,-15.176],[-56.813,-15.16],[-56.817,-15.145],[-56.788,-15.122],[-56.778,-15.097],[-56.757,-15.065],[-56.748,-15.046],[-56.718,-14.998],[-56.685,-14.959],[-56.676,-14.942],[-56.627,-14.89],[-56.568,-14.84],[-56.522,-14.811],[-56.516,-14.801],[-56.504,-14.792],[-56.484,-14.788],[-56.468,-14.778],[-56.406,-14.73],[-56.365,-14.778],[-56.352,-14.792],[-56.32,-14.792],[-56.316,-14.79],[-56.315,-14.781],[-56.329,-14.772],[-56.333,-14.766],[-56.32,-14.748],[-56.293,-14.769],[-56.286,-14.769],[-56.283,-14.757],[-56.269,-14.743],[-56.254,-14.733],[-56.261,-14.719],[-56.247,-14.71],[-56.256,-14.703],[-56.251,-14.697],[-56.244,-14.696],[-56.23,-14.693],[-56.23,-14.685],[-56.227,-14.68],[-56.216,-14.682],[-56.218,-14.674],[-56.216,-14.671],[-56.193,-14.668],[-56.171,-14.679],[-56.164,-14.672],[-56.168,-14.666],[-56.166,-14.662],[-56.145,-14.662],[-56.136,-14.652],[-56.13,-14.655],[-56.12,-14.663],[-56.12,-14.673],[-56.113,-14.67],[-56.109,-14.671],[-56.114,-14.677],[-56.101,-14.696],[-56.078,-14.693],[-56.069,-14.69],[-56.06,-14.694],[-56.056,-14.685],[-56.043,-14.685],[-56.038,-14.679],[-56.026,-14.681],[-56.03,-14.675],[-56.023,-14.675],[-56.021,-14.669],[-56.014,-14.665],[-55.999,-14.67],[-55.994,-14.679],[-55.99,-14.677],[-55.99,-14.668],[-55.983,-14.673],[-55.977,-14.669],[-55.97,-14.676],[-55.963,-14.678],[-55.96,-14.674],[-55.954,-14.68],[-55.949,-14.678],[-55.94,-14.683],[-55.929,-14.684],[-55.923,-14.679],[-55.916,-14.678],[-55.916,-14.667],[-55.899,-14.675],[-55.898,-14.67],[-55.893,-14.669],[-55.893,-14.661],[-55.887,-14.659],[-55.881,-14.666],[-55.877,-14.661],[-55.876,-14.654],[-55.873,-14.662],[-55.87,-14.663],[-55.871,-14.657],[-55.867,-14.659],[-55.862,-14.657],[-55.861,-14.645],[-55.854,-14.656],[-55.851,-14.649],[-55.845,-14.653],[-55.845,-14.646],[-55.835,-14.628],[-55.836,-14.62],[-55.832,-14.621],[-55.83,-14.618],[-55.843,-14.6],[-55.834,-14.601],[-55.831,-14.597],[-55.841,-14.585],[-55.849,-14.581],[-55.846,-14.577],[-55.836,-14.578],[-55.842,-14.563],[-55.855,-14.551],[-55.848,-14.544],[-55.844,-14.538],[-55.837,-14.536],[-55.835,-14.523],[-55.826,-14.515],[-55.82,-14.517],[-55.812,-14.51],[-55.804,-14.512],[-55.795,-14.506],[-55.781,-14.502],[-55.775,-14.511],[-55.77,-14.512],[-55.768,-14.498],[-55.763,-14.495],[-55.755,-14.497],[-55.756,-14.488],[-55.752,-14.49],[-55.751,-14.482],[-55.743,-14.486],[-55.743,-14.469],[-55.733,-14.472],[-55.727,-14.458],[-55.719,-14.459],[-55.719,-14.467],[-55.715,-14.469],[-55.705,-14.455],[-55.694,-14.473],[-55.684,-14.467],[-55.679,-14.447],[-55.667,-14.452],[-55.664,-14.444],[-55.66,-14.449],[-55.658,-14.439],[-55.653,-14.441],[-55.65,-14.448],[-55.642,-14.441],[-55.635,-14.451],[-55.631,-14.444],[-55.624,-14.446],[-55.622,-14.438],[-55.603,-14.441],[-55.599,-14.438],[-55.595,-14.427],[-55.585,-14.428],[-55.584,-14.421],[-55.576,-14.428],[-55.569,-14.424],[-55.571,-14.413],[-55.558,-14.413],[-55.557,-14.408],[-55.541,-14.405],[-55.539,-14.41],[-55.535,-14.409],[-55.533,-14.387],[-55.528,-14.39],[-55.511,-14.384],[-55.51,-14.376],[-55.501,-14.379],[-55.501,-14.365],[-55.493,-14.372],[-55.492,-14.362],[-55.483,-14.364],[-55.48,-14.355],[-55.469,-14.351],[-55.461,-14.363],[-55.463,-14.338],[-55.456,-14.351],[-55.452,-14.348],[-55.449,-14.332],[-55.443,-14.347],[-55.434,-14.349],[-55.428,-14.32],[-55.417,-14.328],[-55.412,-14.326],[-55.41,-14.32],[-55.407,-14.334],[-55.398,-14.336],[-55.395,-14.334],[-55.391,-14.337],[-55.387,-14.332],[-55.38,-14.338],[-55.377,-14.33],[-55.367,-14.337],[-55.359,-14.337],[-55.361,-14.32],[-55.356,-14.325],[-55.351,-14.326],[-55.35,-14.312],[-55.344,-14.314],[-55.343,-14.322],[-55.335,-14.325],[-55.329,-14.321],[-55.328,-14.324],[-55.324,-14.314],[-55.322,-14.319],[-55.32,-14.317],[-55.321,-14.308],[-55.309,-14.316],[-55.306,-14.305],[-55.308,-14.289],[-55.304,-14.292],[-55.301,-14.288],[-55.296,-14.296],[-55.292,-14.292],[-55.289,-14.302],[-55.286,-14.295],[-55.281,-14.3],[-55.278,-14.29],[-55.276,-14.295],[-55.27,-14.296],[-55.264,-14.289],[-55.258,-14.298],[-55.257,-14.293],[-55.251,-14.291],[-55.248,-14.296],[-55.247,-14.292],[-55.243,-14.292],[-55.241,-14.289],[-55.239,-14.291],[-55.233,-14.285],[-55.221,-14.287],[-55.219,-14.28],[-55.214,-14.277],[-55.214,-14.261],[-55.206,-14.26],[-55.201,-14.25],[-55.214,-14.243],[-55.241,-14.241],[-55.238,-14.239],[-55.228,-14.239],[-55.218,-14.234],[-55.199,-14.218],[-55.193,-14.217],[-55.185,-14.224],[-55.163,-14.211],[-55.141,-14.221],[-55.12,-14.203],[-55.106,-14.212]]]}},{"type":"Feature","properties":{"id":"5107743","nome":"Santa Cruz do Xingu"},"geometry":{"type":"Polygon","coordinates":[[[-52.217,-9.748],[-52.216,-9.763],[-52.242,-9.767],[-52.262,-9.762],[-52.275,-9.771],[-52.271,-9.779],[-52.252,-9.79],[-52.217,-9.792],[-52.209,-9.79],[-52.209,-9.778],[-52.205,-9.776],[-52.189,-9.798],[-52.192,-9.811],[-52.188,-9.834],[-52.199,-9.848],[-52.203,-9.852],[-52.211,-9.851],[-52.22,-9.838],[-52.237,-9.844],[-52.242,-9.852],[-52.239,-9.864],[-52.22,-9.879],[-52.224,-9.891],[-52.22,-9.921],[-52.222,-9.949],[-52.206,-9.988],[-52.214,-10.005],[-52.211,-10.018],[-52.194,-10.025],[-52.18,-10.025],[-52.169,-10.005],[-52.154,-10.003],[-52.151,-10.04],[-52.144,-10.044],[-52.133,-10.034],[-52.124,-10.044],[-52.102,-10.053],[-52.091,-10.086],[-52.078,-10.093],[-52.071,-10.093],[-52.063,-10.097],[-52.061,-10.106],[-52.071,-10.117],[-52.061,-10.122],[-52.06,-10.126],[-52.073,-10.147],[-52.068,-10.156],[-52.093,-10.173],[-52.077,-10.182],[-52.074,-10.195],[-52.064,-10.201],[-52.068,-10.211],[-52.087,-10.212],[-52.1,-10.23],[-52.116,-10.231],[-52.118,-10.238],[-52.112,-10.246],[-52.122,-10.263],[-52.128,-10.27],[-52.144,-10.271],[-52.143,-10.265],[-52.151,-10.259],[-52.174,-10.258],[-52.196,-10.266],[-52.202,-10.262],[-52.207,-10.268],[-52.221,-10.274],[-52.223,-10.282],[-52.227,-10.282],[-52.231,-10.288],[-52.229,-10.293],[-52.234,-10.301],[-52.241,-10.305],[-52.242,-10.301],[-52.25,-10.303],[-52.254,-10.309],[-52.26,-10.311],[-52.271,-10.31],[-52.282,-10.316],[-52.284,-10.323],[-52.287,-10.321],[-52.305,-10.337],[-52.309,-10.337],[-52.317,-10.35],[-52.33,-10.344],[-52.331,-10.341],[-52.336,-10.341],[-52.343,-10.333],[-52.364,-10.326],[-52.38,-10.345],[-52.4,-10.351],[-52.409,-10.35],[-52.423,-10.331],[-52.453,-10.329],[-52.468,-10.322],[-52.483,-10.325],[-52.486,-10.328],[-52.487,-10.338],[-52.502,-10.35],[-52.507,-10.349],[-52.511,-10.335],[-52.511,-10.334],[-52.517,-10.334],[-52.53,-10.349],[-52.571,-10.347],[-52.6,-10.355],[-52.606,-10.361],[-52.624,-10.363],[-52.655,-10.374],[-52.683,-10.371],[-52.699,-10.38],[-52.703,-10.389],[-52.735,-10.396],[-52.759,-10.393],[-52.773,-10.388],[-52.776,-10.382],[-52.797,-10.383],[-52.818,-10.376],[-52.83,-10.381],[-52.834,-10.379],[-52.839,-10.382],[-52.845,-10.379],[-52.85,-10.388],[-52.859,-10.384],[-52.859,-10.388],[-52.863,-10.388],[-52.868,-10.385],[-52.868,-10.389],[-52.877,-10.391],[-52.88,-10.396],[-52.882,-10.394],[-52.883,-10.401],[-52.884,-10.4],[-52.896,-10.395],[-52.899,-10.373],[-52.907,-10.374],[-52.913,-10.37],[-52.917,-10.373],[-52.917,-10.368],[-52.922,-10.366],[-52.92,-10.36],[-52.929,-10.358],[-52.927,-10.355],[-52.932,-10.36],[-52.942,-10.36],[-52.936,-10.354],[-52.943,-10.357],[-52.945,-10.347],[-52.951,-10.346],[-52.947,-10.336],[-52.952,-10.334],[-52.968,-10.34],[-52.971,-10.334],[-52.974,-10.334],[-52.973,-10.332],[-52.982,-10.336],[-52.981,-10.33],[-52.984,-10.33],[-52.984,-10.333],[-52.989,-10.332],[-52.987,-10.325],[-52.99,-10.323],[-52.987,-10.318],[-52.991,-10.318],[-52.993,-10.313],[-52.962,-10.305],[-52.955,-10.298],[-52.954,-10.291],[-52.954,-10.264],[-52.966,-10.259],[-52.972,-10.253],[-52.973,-10.244],[-52.968,-10.235],[-52.98,-10.223],[-52.984,-10.208],[-52.977,-10.177],[-52.98,-10.161],[-52.985,-10.154],[-52.996,-10.156],[-53.003,-10.138],[-52.991,-10.105],[-52.996,-10.082],[-52.98,-10.055],[-52.968,-10.048],[-52.955,-10.042],[-52.944,-10.026],[-52.923,-10.008],[-52.897,-9.993],[-52.89,-9.964],[-52.862,-9.944],[-52.854,-9.919],[-52.846,-9.913],[-52.836,-9.909],[-52.824,-9.902],[-52.798,-9.879],[-52.781,-9.841],[-52.772,-9.83],[-52.746,-9.817],[-52.73,-9.803],[-52.704,-9.803],[-52.686,-9.791],[-52.675,-9.79],[-52.654,-9.778],[-52.648,-9.76],[-52.627,-9.732],[-52.62,-9.682],[-52.619,-9.682],[-52.359,-9.7],[-52.255,-9.707],[-52.248,-9.713],[-52.248,-9.722],[-52.234,-9.723],[-52.228,-9.729],[-52.217,-9.748]]]}},{"type":"Feature","properties":{"id":"5107750","nome":"Salto do C\u00e9u"},"geometry":{"type":"Polygon","coordinates":[[[-58.24,-14.768],[-58.239,-14.771],[-58.228,-14.769],[-58.229,-14.775],[-58.219,-14.784],[-58.214,-14.8],[-58.221,-14.823],[-58.236,-14.836],[-58.239,-14.859],[-58.245,-14.872],[-58.238,-14.89],[-58.235,-14.913],[-58.127,-14.89],[-58.082,-14.914],[-58.075,-14.914],[-58.071,-14.92],[-58.06,-14.924],[-58.053,-14.935],[-58.058,-14.959],[-58.048,-14.97],[-58.037,-14.969],[-58.031,-14.98],[-58.018,-14.992],[-58.015,-15.004],[-57.967,-15.004],[-57.866,-15.004],[-57.735,-15.003],[-57.729,-15.003],[-57.722,-15.01],[-57.713,-15.024],[-57.698,-15.029],[-57.698,-15.041],[-57.692,-15.055],[-57.693,-15.064],[-57.689,-15.08],[-57.678,-15.097],[-57.676,-15.105],[-57.667,-15.116],[-57.67,-15.122],[-57.667,-15.129],[-57.677,-15.134],[-57.694,-15.131],[-57.703,-15.138],[-57.742,-15.146],[-57.822,-15.14],[-57.835,-15.197],[-57.876,-15.212],[-57.91,-15.225],[-57.933,-15.237],[-57.947,-15.232],[-57.951,-15.231],[-57.955,-15.221],[-57.974,-15.215],[-57.981,-15.216],[-57.998,-15.225],[-58.004,-15.22],[-58.018,-15.22],[-58.025,-15.211],[-58.036,-15.206],[-58.037,-15.191],[-58.061,-15.192],[-58.135,-15.197],[-58.136,-15.197],[-58.213,-15.202],[-58.218,-15.19],[-58.224,-15.194],[-58.234,-15.186],[-58.238,-15.186],[-58.245,-15.177],[-58.244,-15.174],[-58.241,-15.174],[-58.247,-15.159],[-58.255,-15.157],[-58.257,-15.151],[-58.261,-15.136],[-58.257,-15.123],[-58.259,-15.118],[-58.252,-15.107],[-58.256,-15.103],[-58.276,-15.102],[-58.298,-15.082],[-58.3,-15.074],[-58.312,-15.064],[-58.317,-15.041],[-58.329,-15.005],[-58.325,-14.961],[-58.337,-14.946],[-58.346,-14.914],[-58.336,-14.896],[-58.334,-14.885],[-58.329,-14.885],[-58.318,-14.874],[-58.308,-14.847],[-58.297,-14.835],[-58.302,-14.822],[-58.3,-14.815],[-58.297,-14.815],[-58.297,-14.803],[-58.272,-14.789],[-58.253,-14.772],[-58.24,-14.768]]]}},{"type":"Feature","properties":{"id":"5107768","nome":"Santa Rita do Trivelato"},"geometry":{"type":"Polygon","coordinates":[[[-55.58,-13.31],[-55.572,-13.314],[-55.558,-13.311],[-55.553,-13.316],[-55.552,-13.324],[-55.543,-13.327],[-55.499,-13.333],[-55.496,-13.341],[-55.497,-13.367],[-55.477,-13.39],[-55.462,-13.392],[-55.453,-13.381],[-55.461,-13.381],[-55.459,-13.376],[-55.451,-13.372],[-55.448,-13.372],[-55.44,-13.382],[-55.432,-13.383],[-55.426,-13.388],[-55.433,-13.41],[-55.441,-13.417],[-55.44,-13.421],[-55.428,-13.43],[-55.422,-13.428],[-55.418,-13.416],[-55.4,-13.416],[-55.39,-13.421],[-55.394,-13.463],[-55.383,-13.469],[-55.38,-13.474],[-55.393,-13.486],[-55.395,-13.492],[-55.391,-13.497],[-55.378,-13.5],[-55.368,-13.496],[-55.358,-13.489],[-55.355,-13.481],[-55.345,-13.48],[-55.339,-13.486],[-55.347,-13.49],[-55.341,-13.503],[-55.343,-13.515],[-55.339,-13.526],[-55.34,-13.541],[-55.334,-13.549],[-55.333,-13.56],[-55.327,-13.564],[-55.318,-13.563],[-55.311,-13.569],[-55.293,-13.57],[-55.292,-13.589],[-55.282,-13.593],[-55.272,-13.588],[-55.271,-13.579],[-55.264,-13.578],[-55.26,-13.587],[-55.267,-13.591],[-55.267,-13.597],[-55.256,-13.61],[-55.241,-13.603],[-55.228,-13.611],[-55.226,-13.601],[-55.216,-13.599],[-55.206,-13.61],[-55.194,-13.612],[-55.187,-13.619],[-55.176,-13.621],[-55.17,-13.637],[-55.162,-13.646],[-55.158,-13.646],[-55.152,-13.64],[-55.148,-13.642],[-55.151,-13.652],[-55.145,-13.653],[-55.137,-13.649],[-55.131,-13.65],[-55.125,-13.662],[-55.117,-13.666],[-55.111,-13.662],[-55.112,-13.653],[-55.107,-13.65],[-55.084,-13.662],[-55.084,-13.689],[-55.099,-13.699],[-55.095,-13.707],[-55.083,-13.716],[-55.086,-13.73],[-55.077,-13.734],[-55.071,-13.741],[-55.046,-13.748],[-55.044,-13.751],[-55.048,-13.758],[-55.049,-13.774],[-55.046,-13.778],[-55.031,-13.78],[-55.026,-13.785],[-55.029,-13.79],[-55.022,-13.796],[-55.018,-13.804],[-55.006,-13.815],[-54.995,-13.823],[-54.999,-13.827],[-54.997,-13.837],[-55.001,-13.844],[-55.0,-13.849],[-54.971,-13.867],[-54.979,-13.879],[-54.998,-13.875],[-55.004,-13.872],[-55.015,-13.875],[-55.014,-13.882],[-54.992,-13.888],[-54.972,-13.88],[-54.962,-13.897],[-54.974,-13.911],[-54.973,-13.93],[-54.946,-13.955],[-54.937,-13.947],[-54.935,-13.934],[-54.932,-13.934],[-54.933,-13.961],[-54.927,-13.967],[-54.909,-13.966],[-54.905,-13.97],[-54.907,-13.977],[-54.918,-13.979],[-54.92,-13.982],[-54.917,-13.988],[-54.904,-13.988],[-54.897,-13.996],[-54.898,-13.999],[-54.918,-14.0],[-54.908,-14.029],[-54.911,-14.035],[-54.915,-14.035],[-54.926,-14.027],[-54.93,-14.028],[-54.922,-14.042],[-54.92,-14.057],[-54.927,-14.076],[-54.926,-14.092],[-54.919,-14.096],[-54.91,-14.093],[-54.902,-14.094],[-54.907,-14.106],[-54.905,-14.109],[-54.898,-14.108],[-54.894,-14.102],[-54.886,-14.105],[-54.89,-14.121],[-54.897,-14.125],[-54.885,-14.144],[-54.89,-14.15],[-54.889,-14.154],[-54.872,-14.166],[-54.867,-14.178],[-54.875,-14.215],[-54.897,-14.22],[-54.912,-14.234],[-54.935,-14.241],[-54.957,-14.228],[-54.96,-14.222],[-54.971,-14.225],[-54.983,-14.225],[-55.027,-14.25],[-55.032,-14.256],[-55.036,-14.25],[-55.035,-14.24],[-55.04,-14.229],[-55.069,-14.204],[-55.094,-14.214],[-55.106,-14.212],[-55.12,-14.203],[-55.141,-14.221],[-55.163,-14.211],[-55.185,-14.224],[-55.193,-14.217],[-55.199,-14.218],[-55.218,-14.234],[-55.228,-14.239],[-55.238,-14.239],[-55.241,-14.241],[-55.257,-14.245],[-55.27,-14.243],[-55.301,-14.24],[-55.315,-14.229],[-55.327,-14.225],[-55.345,-14.169],[-55.379,-14.146],[-55.382,-14.139],[-55.397,-14.126],[-55.404,-14.117],[-55.43,-14.101],[-55.44,-14.081],[-55.448,-14.04],[-55.455,-14.022],[-55.464,-14.008],[-55.479,-14.003],[-55.48,-13.992],[-55.488,-13.984],[-55.496,-13.959],[-55.505,-13.953],[-55.513,-13.954],[-55.525,-13.941],[-55.527,-13.922],[-55.54,-13.905],[-55.536,-13.899],[-55.537,-13.889],[-55.526,-13.866],[-55.529,-13.848],[-55.527,-13.817],[-55.532,-13.812],[-55.542,-13.804],[-55.551,-13.773],[-55.551,-13.771],[-55.542,-13.767],[-55.567,-13.746],[-55.563,-13.727],[-55.565,-13.718],[-55.57,-13.71],[-55.58,-13.708],[-55.586,-13.71],[-55.606,-13.694],[-55.606,-13.682],[-55.603,-13.68],[-55.607,-13.657],[-55.602,-13.646],[-55.609,-13.63],[-55.603,-13.613],[-55.609,-13.607],[-55.611,-13.594],[-55.615,-13.596],[-55.622,-13.582],[-55.626,-13.564],[-55.638,-13.553],[-55.639,-13.545],[-55.644,-13.54],[-55.644,-13.519],[-55.649,-13.504],[-55.668,-13.492],[-55.668,-13.475],[-55.673,-13.465],[-55.687,-13.45],[-55.683,-13.428],[-55.688,-13.417],[-55.738,-13.396],[-55.759,-13.352],[-55.773,-13.341],[-55.754,-13.342],[-55.74,-13.36],[-55.721,-13.361],[-55.713,-13.368],[-55.699,-13.355],[-55.688,-13.354],[-55.644,-13.378],[-55.64,-13.364],[-55.622,-13.341],[-55.592,-13.321],[-55.589,-13.313],[-55.58,-13.31]]]}},{"type":"Feature","properties":{"id":"5107776","nome":"Santa Terezinha"},"geometry":{"type":"Polygon","coordinates":[[[-50.225,-9.854],[-50.243,-9.871],[-50.264,-9.908],[-50.267,-9.934],[-50.278,-9.955],[-50.277,-9.97],[-50.29,-9.99],[-50.294,-10.016],[-50.302,-10.035],[-50.312,-10.045],[-50.339,-10.061],[-50.354,-10.077],[-50.359,-10.094],[-50.377,-10.11],[-50.392,-10.134],[-50.398,-10.164],[-50.396,-10.17],[-50.389,-10.175],[-50.386,-10.187],[-50.382,-10.212],[-50.383,-10.225],[-50.398,-10.254],[-50.406,-10.288],[-50.424,-10.334],[-50.418,-10.356],[-50.424,-10.364],[-50.441,-10.375],[-50.448,-10.391],[-50.473,-10.404],[-50.486,-10.462],[-50.487,-10.468],[-50.486,-10.477],[-50.482,-10.488],[-50.487,-10.494],[-50.5,-10.495],[-50.503,-10.495],[-50.516,-10.505],[-50.514,-10.526],[-50.523,-10.54],[-50.519,-10.562],[-50.531,-10.58],[-50.537,-10.605],[-50.543,-10.609],[-50.563,-10.611],[-50.577,-10.629],[-50.582,-10.644],[-50.603,-10.66],[-50.617,-10.658],[-50.62,-10.663],[-50.617,-10.671],[-50.622,-10.676],[-50.63,-10.676],[-50.633,-10.685],[-50.638,-10.687],[-50.657,-10.685],[-50.659,-10.671],[-50.674,-10.678],[-50.679,-10.675],[-50.685,-10.676],[-50.687,-10.67],[-50.699,-10.675],[-50.702,-10.669],[-50.695,-10.658],[-50.7,-10.657],[-50.698,-10.652],[-50.713,-10.647],[-50.721,-10.646],[-50.729,-10.654],[-50.757,-10.651],[-50.767,-10.647],[-50.785,-10.648],[-50.799,-10.654],[-50.819,-10.665],[-50.818,-10.671],[-50.824,-10.676],[-50.825,-10.687],[-50.843,-10.691],[-50.847,-10.7],[-50.845,-10.705],[-50.842,-10.707],[-50.839,-10.705],[-50.841,-10.697],[-50.834,-10.699],[-50.831,-10.705],[-50.833,-10.71],[-50.841,-10.711],[-50.855,-10.704],[-50.864,-10.707],[-50.865,-10.712],[-50.869,-10.708],[-50.893,-10.713],[-50.898,-10.715],[-50.896,-10.722],[-50.901,-10.724],[-50.901,-10.727],[-50.909,-10.73],[-50.914,-10.728],[-50.915,-10.742],[-50.961,-10.755],[-50.967,-10.761],[-50.971,-10.775],[-50.991,-10.774],[-51.0,-10.762],[-51.004,-10.762],[-51.09,-10.759],[-51.106,-10.758],[-51.355,-10.747],[-51.347,-10.719],[-51.351,-10.71],[-51.362,-10.7],[-51.359,-10.696],[-51.356,-10.669],[-51.362,-10.665],[-51.371,-10.64],[-51.368,-10.634],[-51.361,-10.629],[-51.338,-10.62],[-51.323,-10.637],[-51.308,-10.644],[-51.323,-10.581],[-51.308,-10.578],[-51.303,-10.572],[-51.296,-10.573],[-51.291,-10.568],[-51.285,-10.56],[-51.291,-10.542],[-51.288,-10.54],[-51.293,-10.537],[-51.287,-10.532],[-51.28,-10.517],[-51.263,-10.502],[-51.273,-10.494],[-51.274,-10.473],[-51.287,-10.461],[-51.333,-10.427],[-51.307,-10.413],[-51.289,-10.411],[-51.277,-10.401],[-51.269,-10.389],[-51.267,-10.372],[-51.261,-10.357],[-51.25,-10.346],[-51.25,-10.333],[-51.24,-10.315],[-51.224,-10.285],[-51.191,-10.273],[-51.183,-10.274],[-51.178,-10.271],[-51.169,-10.272],[-51.151,-10.253],[-51.138,-10.249],[-51.127,-10.253],[-51.118,-10.25],[-51.11,-10.265],[-51.102,-10.267],[-51.08,-10.254],[-51.077,-10.258],[-51.066,-10.25],[-51.057,-10.248],[-51.049,-10.238],[-51.045,-10.234],[-51.041,-10.238],[-51.037,-10.236],[-51.038,-10.228],[-51.033,-10.225],[-51.021,-10.232],[-51.018,-10.228],[-51.002,-10.224],[-50.982,-10.207],[-50.968,-10.216],[-50.96,-10.214],[-50.953,-10.225],[-50.942,-10.232],[-50.942,-10.238],[-50.936,-10.241],[-50.938,-10.253],[-50.935,-10.266],[-50.923,-10.264],[-50.908,-10.275],[-50.902,-10.271],[-50.899,-10.273],[-50.891,-10.27],[-50.881,-10.276],[-50.87,-10.269],[-50.864,-10.271],[-50.86,-10.265],[-50.85,-10.267],[-50.848,-10.273],[-50.837,-10.274],[-50.813,-10.276],[-50.808,-10.267],[-50.792,-10.265],[-50.781,-10.271],[-50.781,-10.28],[-50.778,-10.277],[-50.771,-10.28],[-50.774,-10.274],[-50.764,-10.272],[-50.762,-10.28],[-50.752,-10.281],[-50.744,-10.295],[-50.734,-10.292],[-50.723,-10.301],[-50.725,-10.305],[-50.708,-10.305],[-50.706,-10.298],[-50.701,-10.299],[-50.699,-10.294],[-50.686,-10.299],[-50.684,-10.294],[-50.676,-10.292],[-50.673,-10.297],[-50.647,-10.295],[-50.641,-10.3],[-50.637,-10.295],[-50.633,-10.305],[-50.627,-10.301],[-50.617,-10.301],[-50.615,-10.307],[-50.618,-10.307],[-50.618,-10.311],[-50.596,-10.322],[-50.586,-10.32],[-50.586,-10.316],[-50.58,-10.318],[-50.58,-10.327],[-50.576,-10.326],[-50.576,-10.322],[-50.57,-10.324],[-50.562,-10.321],[-50.568,-10.288],[-50.564,-10.279],[-50.566,-10.273],[-50.58,-10.268],[-50.595,-10.259],[-50.615,-10.256],[-50.639,-10.229],[-50.646,-10.213],[-50.656,-10.202],[-50.63,-10.13],[-50.609,-10.075],[-50.771,-9.992],[-50.768,-9.982],[-50.769,-9.965],[-50.774,-9.96],[-50.779,-9.939],[-50.787,-9.93],[-50.802,-9.923],[-50.814,-9.901],[-50.823,-9.87],[-50.829,-9.863],[-50.836,-9.862],[-50.839,-9.867],[-50.843,-9.867],[-50.842,-9.8],[-50.696,-9.81],[-50.321,-9.835],[-50.224,-9.841],[-50.227,-9.845],[-50.225,-9.854]]]}},{"type":"Feature","properties":{"id":"5107792","nome":"Santo Ant\u00f4nio do Leste"},"geometry":{"type":"Polygon","coordinates":[[[-53.444,-14.456],[-53.44,-14.47],[-53.443,-14.478],[-53.432,-14.484],[-53.428,-14.477],[-53.421,-14.475],[-53.417,-14.479],[-53.407,-14.482],[-53.397,-14.496],[-53.398,-14.506],[-53.391,-14.522],[-53.373,-14.536],[-53.369,-14.545],[-53.365,-14.546],[-53.35,-14.578],[-53.355,-14.6],[-53.353,-14.617],[-53.367,-14.638],[-53.373,-14.673],[-53.38,-14.683],[-53.377,-14.692],[-53.395,-14.7],[-53.398,-14.709],[-53.396,-14.717],[-53.402,-14.729],[-53.395,-14.736],[-53.371,-14.734],[-53.362,-14.748],[-53.352,-14.751],[-53.359,-14.787],[-53.341,-14.81],[-53.332,-14.815],[-53.33,-14.821],[-53.309,-14.842],[-53.295,-14.85],[-53.291,-14.862],[-53.301,-14.866],[-53.309,-14.88],[-53.323,-14.892],[-53.341,-14.902],[-53.36,-14.924],[-53.373,-14.928],[-53.381,-14.925],[-53.394,-14.933],[-53.41,-14.933],[-53.418,-14.925],[-53.438,-14.932],[-53.445,-14.943],[-53.465,-14.956],[-53.489,-14.957],[-53.502,-14.973],[-53.531,-14.94],[-53.541,-14.939],[-53.565,-14.982],[-53.579,-14.995],[-53.596,-15.031],[-53.63,-15.079],[-53.664,-15.098],[-53.734,-15.152],[-53.774,-15.142],[-53.796,-15.137],[-53.857,-15.11],[-53.909,-15.161],[-53.913,-15.202],[-53.946,-15.237],[-53.948,-15.234],[-53.944,-15.234],[-53.941,-15.228],[-53.944,-15.217],[-53.933,-15.202],[-53.933,-15.195],[-53.929,-15.196],[-53.931,-15.193],[-53.926,-15.19],[-53.928,-15.187],[-53.925,-15.18],[-53.932,-15.178],[-53.934,-15.17],[-53.94,-15.164],[-53.932,-15.14],[-53.937,-15.139],[-53.943,-15.131],[-53.937,-15.121],[-53.942,-15.113],[-53.937,-15.1],[-53.923,-15.087],[-53.926,-15.081],[-53.938,-15.077],[-53.941,-15.08],[-53.945,-15.074],[-53.94,-15.06],[-53.946,-15.044],[-53.943,-15.032],[-53.934,-15.007],[-53.936,-14.999],[-53.932,-14.992],[-53.984,-14.965],[-53.984,-14.957],[-53.993,-14.945],[-53.998,-14.945],[-54.0,-14.932],[-54.005,-14.927],[-54.014,-14.928],[-54.02,-14.922],[-54.016,-14.911],[-54.027,-14.898],[-54.061,-14.881],[-54.075,-14.879],[-54.076,-14.876],[-54.1,-14.869],[-54.118,-14.855],[-54.145,-14.848],[-54.162,-14.848],[-54.195,-14.825],[-54.098,-14.824],[-54.075,-14.828],[-54.064,-14.821],[-54.042,-14.819],[-54.039,-14.814],[-54.033,-14.814],[-54.027,-14.801],[-54.018,-14.792],[-54.012,-14.794],[-54.008,-14.789],[-53.99,-14.785],[-53.979,-14.768],[-53.971,-14.771],[-53.96,-14.768],[-53.956,-14.762],[-53.931,-14.755],[-53.929,-14.749],[-53.924,-14.745],[-53.908,-14.745],[-53.9,-14.735],[-53.896,-14.737],[-53.888,-14.726],[-53.881,-14.727],[-53.876,-14.722],[-53.868,-14.721],[-53.861,-14.703],[-53.839,-14.688],[-53.83,-14.687],[-53.821,-14.673],[-53.814,-14.674],[-53.796,-14.671],[-53.778,-14.647],[-53.776,-14.634],[-53.722,-14.613],[-53.711,-14.597],[-53.709,-14.587],[-53.703,-14.584],[-53.7,-14.577],[-53.689,-14.572],[-53.673,-14.572],[-53.658,-14.567],[-53.649,-14.57],[-53.639,-14.566],[-53.632,-14.567],[-53.597,-14.557],[-53.583,-14.544],[-53.578,-14.545],[-53.567,-14.525],[-53.559,-14.521],[-53.558,-14.516],[-53.552,-14.513],[-53.555,-14.508],[-53.559,-14.51],[-53.56,-14.5],[-53.551,-14.493],[-53.545,-14.477],[-53.539,-14.474],[-53.533,-14.462],[-53.519,-14.464],[-53.518,-14.45],[-53.511,-14.449],[-53.517,-14.444],[-53.5,-14.442],[-53.492,-14.43],[-53.491,-14.422],[-53.481,-14.42],[-53.479,-14.411],[-53.471,-14.409],[-53.466,-14.403],[-53.454,-14.408],[-53.45,-14.423],[-53.452,-14.43],[-53.441,-14.448],[-53.437,-14.449],[-53.439,-14.456],[-53.444,-14.456]]]}},{"type":"Feature","properties":{"id":"5107800","nome":"Santo Ant\u00f4nio do Leverger"},"geometry":{"type":"Polygon","coordinates":[[[-55.471,-15.601],[-55.468,-15.604],[-55.46,-15.602],[-55.454,-15.604],[-55.454,-15.613],[-55.435,-15.635],[-55.423,-15.636],[-55.401,-15.629],[-55.389,-15.629],[-55.383,-15.634],[-55.398,-15.642],[-55.405,-15.643],[-55.408,-15.649],[-55.415,-15.65],[-55.423,-15.658],[-55.424,-15.664],[-55.419,-15.666],[-55.416,-15.675],[-55.413,-15.678],[-55.403,-15.677],[-55.396,-15.688],[-55.419,-15.712],[-55.419,-15.727],[-55.412,-15.734],[-55.421,-15.748],[-55.424,-15.775],[-55.419,-15.79],[-55.408,-15.82],[-55.406,-15.82],[-55.395,-15.822],[-55.382,-15.809],[-55.371,-15.808],[-55.355,-15.809],[-55.351,-15.82],[-55.348,-15.832],[-55.332,-15.823],[-55.325,-15.835],[-55.301,-15.849],[-55.301,-15.879],[-55.305,-15.896],[-55.302,-15.896],[-55.271,-16.033],[-55.242,-16.166],[-55.19,-16.398],[-55.187,-16.413],[-55.183,-16.432],[-55.149,-16.445],[-55.115,-16.449],[-55.096,-16.439],[-55.047,-16.45],[-55.033,-16.465],[-55.03,-16.482],[-55.021,-16.49],[-55.016,-16.514],[-55.009,-16.513],[-55.003,-16.505],[-54.995,-16.506],[-55.001,-16.494],[-54.997,-16.49],[-54.987,-16.496],[-54.982,-16.494],[-54.982,-16.489],[-54.991,-16.481],[-54.991,-16.478],[-54.98,-16.478],[-54.971,-16.472],[-54.974,-16.486],[-54.963,-16.524],[-54.947,-16.524],[-54.929,-16.531],[-54.926,-16.546],[-54.912,-16.557],[-54.904,-16.564],[-54.891,-16.592],[-54.901,-16.626],[-54.906,-16.667],[-54.902,-16.679],[-54.891,-16.684],[-54.877,-16.697],[-54.853,-16.74],[-54.842,-16.751],[-54.827,-16.758],[-54.842,-16.792],[-54.844,-16.805],[-54.838,-16.825],[-54.854,-16.839],[-54.851,-16.85],[-54.855,-16.859],[-54.867,-16.867],[-54.875,-16.902],[-54.87,-16.959],[-54.866,-16.969],[-54.859,-16.975],[-54.848,-16.978],[-54.846,-16.983],[-54.85,-16.99],[-54.839,-16.998],[-54.844,-17.0],[-54.839,-17.026],[-54.845,-17.047],[-54.839,-17.066],[-54.841,-17.072],[-54.845,-17.071],[-54.864,-17.077],[-54.889,-17.073],[-54.918,-17.092],[-54.919,-17.086],[-54.927,-17.085],[-54.927,-17.09],[-54.934,-17.086],[-54.943,-17.097],[-54.936,-17.101],[-54.937,-17.104],[-54.943,-17.101],[-54.944,-17.106],[-54.953,-17.109],[-54.965,-17.107],[-54.967,-17.114],[-54.976,-17.11],[-54.99,-17.117],[-55.002,-17.11],[-55.011,-17.113],[-55.012,-17.106],[-55.021,-17.103],[-55.027,-17.103],[-55.029,-17.108],[-55.035,-17.106],[-55.041,-17.11],[-55.045,-17.117],[-55.055,-17.12],[-55.055,-17.126],[-55.082,-17.135],[-55.079,-17.139],[-55.082,-17.143],[-55.087,-17.141],[-55.098,-17.153],[-55.095,-17.154],[-55.109,-17.17],[-55.113,-17.181],[-55.119,-17.185],[-55.121,-17.183],[-55.125,-17.187],[-55.13,-17.181],[-55.128,-17.189],[-55.132,-17.19],[-55.136,-17.195],[-55.144,-17.19],[-55.154,-17.191],[-55.157,-17.197],[-55.167,-17.2],[-55.17,-17.207],[-55.182,-17.209],[-55.184,-17.213],[-55.181,-17.223],[-55.186,-17.225],[-55.189,-17.222],[-55.191,-17.231],[-55.206,-17.241],[-55.207,-17.252],[-55.201,-17.257],[-55.206,-17.258],[-55.204,-17.264],[-55.209,-17.263],[-55.209,-17.269],[-55.214,-17.266],[-55.226,-17.271],[-55.228,-17.276],[-55.229,-17.271],[-55.238,-17.281],[-55.24,-17.278],[-55.248,-17.281],[-55.246,-17.287],[-55.249,-17.29],[-55.257,-17.292],[-55.258,-17.296],[-55.26,-17.29],[-55.27,-17.292],[-55.268,-17.295],[-55.275,-17.292],[-55.277,-17.297],[-55.29,-17.291],[-55.299,-17.29],[-55.297,-17.295],[-55.302,-17.301],[-55.299,-17.311],[-55.302,-17.317],[-55.308,-17.318],[-55.306,-17.321],[-55.311,-17.327],[-55.322,-17.331],[-55.324,-17.335],[-55.335,-17.331],[-55.338,-17.338],[-55.35,-17.338],[-55.349,-17.334],[-55.352,-17.335],[-55.352,-17.348],[-55.355,-17.344],[-55.359,-17.359],[-55.367,-17.363],[-55.37,-17.358],[-55.38,-17.357],[-55.38,-17.354],[-55.395,-17.363],[-55.406,-17.357],[-55.408,-17.363],[-55.412,-17.357],[-55.433,-17.371],[-55.434,-17.367],[-55.441,-17.367],[-55.441,-17.36],[-55.449,-17.363],[-55.45,-17.358],[-55.454,-17.36],[-55.457,-17.355],[-55.464,-17.353],[-55.461,-17.348],[-55.469,-17.347],[-55.478,-17.348],[-55.481,-17.345],[-55.487,-17.35],[-55.49,-17.344],[-55.495,-17.345],[-55.5,-17.352],[-55.503,-17.344],[-55.51,-17.341],[-55.506,-17.346],[-55.508,-17.347],[-55.514,-17.344],[-55.515,-17.339],[-55.518,-17.342],[-55.524,-17.339],[-55.524,-17.332],[-55.53,-17.333],[-55.53,-17.327],[-55.542,-17.33],[-55.545,-17.337],[-55.56,-17.336],[-55.563,-17.344],[-55.573,-17.342],[-55.567,-17.347],[-55.574,-17.348],[-55.576,-17.353],[-55.582,-17.353],[-55.583,-17.349],[-55.591,-17.352],[-55.591,-17.363],[-55.597,-17.358],[-55.595,-17.363],[-55.602,-17.365],[-55.561,-16.991],[-55.534,-16.761],[-55.534,-16.76],[-55.514,-16.58],[-55.494,-16.39],[-55.505,-16.374],[-55.52,-16.374],[-55.55,-16.361],[-55.552,-16.365],[-55.56,-16.357],[-55.567,-16.355],[-55.567,-16.35],[-55.578,-16.348],[-55.586,-16.354],[-55.59,-16.351],[-55.596,-16.357],[-55.602,-16.349],[-55.613,-16.345],[-55.616,-16.338],[-55.627,-16.336],[-55.627,-16.329],[-55.63,-16.33],[-55.633,-16.325],[-55.642,-16.328],[-55.644,-16.321],[-55.651,-16.32],[-55.652,-16.314],[-55.663,-16.3],[-55.677,-16.296],[-55.686,-16.3],[-55.692,-16.299],[-55.699,-16.293],[-55.709,-16.301],[-55.727,-16.298],[-55.739,-16.304],[-55.748,-16.299],[-55.767,-16.304],[-55.772,-16.298],[-55.775,-16.298],[-55.774,-16.293],[-55.781,-16.287],[-55.785,-16.288],[-55.785,-16.294],[-55.791,-16.298],[-55.802,-16.299],[-55.803,-16.306],[-55.813,-16.311],[-55.814,-16.315],[-55.815,-16.314],[-55.914,-16.168],[-55.928,-16.147],[-55.936,-16.151],[-55.942,-16.163],[-55.952,-16.168],[-55.954,-16.177],[-55.959,-16.172],[-55.967,-16.173],[-55.964,-16.18],[-55.965,-16.191],[-55.976,-16.201],[-55.984,-16.203],[-55.996,-16.197],[-55.997,-16.196],[-56.087,-16.07],[-56.103,-16.026],[-56.14,-15.935],[-56.143,-15.818],[-56.145,-15.767],[-56.069,-15.746],[-55.98,-15.722],[-55.892,-15.699],[-55.891,-15.698],[-55.89,-15.699],[-55.71,-15.704],[-55.631,-15.717],[-55.605,-15.717],[-55.565,-15.699],[-55.53,-15.671],[-55.523,-15.655],[-55.511,-15.639],[-55.482,-15.624],[-55.479,-15.615],[-55.471,-15.601]]]}},{"type":"Feature","properties":{"id":"5107859","nome":"S\u00e3o F\u00e9lix do Araguaia"},"geometry":{"type":"Polygon","coordinates":[[[-53.115,-10.869],[-53.101,-10.889],[-53.087,-10.887],[-53.083,-10.895],[-53.09,-10.897],[-53.085,-10.902],[-53.075,-10.902],[-53.078,-10.893],[-53.064,-10.897],[-53.058,-10.888],[-53.052,-10.889],[-53.049,-10.896],[-53.042,-10.89],[-53.036,-10.895],[-53.032,-10.89],[-53.029,-10.892],[-53.026,-10.898],[-53.022,-10.892],[-53.014,-10.897],[-53.006,-10.89],[-53.006,-10.898],[-53.0,-10.902],[-52.997,-10.898],[-52.985,-10.907],[-52.986,-10.91],[-52.979,-10.911],[-52.979,-10.914],[-52.971,-10.917],[-52.969,-10.924],[-52.963,-10.926],[-52.96,-10.935],[-52.958,-10.937],[-52.957,-10.934],[-52.955,-10.939],[-52.948,-10.94],[-52.944,-10.945],[-52.935,-10.947],[-52.936,-10.954],[-52.935,-10.952],[-52.929,-10.956],[-52.931,-10.961],[-52.924,-10.966],[-52.924,-10.973],[-52.92,-10.974],[-52.923,-10.976],[-52.922,-10.982],[-52.926,-10.983],[-52.926,-10.988],[-52.922,-10.991],[-52.919,-11.003],[-52.921,-11.005],[-52.915,-11.01],[-52.917,-11.012],[-52.912,-11.021],[-52.913,-11.04],[-52.908,-11.038],[-52.907,-11.042],[-52.906,-11.039],[-52.901,-11.044],[-52.897,-11.043],[-52.896,-11.047],[-52.892,-11.046],[-52.886,-11.051],[-52.884,-11.061],[-52.881,-11.058],[-52.878,-11.069],[-52.87,-11.075],[-52.87,-11.088],[-52.866,-11.089],[-52.864,-11.093],[-52.851,-11.099],[-52.848,-11.103],[-52.846,-11.096],[-52.832,-11.101],[-52.826,-11.106],[-52.812,-11.108],[-52.811,-11.103],[-52.8,-11.102],[-52.798,-11.097],[-52.791,-11.096],[-52.771,-11.054],[-52.757,-11.045],[-52.734,-11.053],[-52.704,-11.055],[-52.668,-11.081],[-52.642,-11.07],[-52.618,-11.078],[-52.604,-11.07],[-52.558,-11.067],[-52.54,-11.072],[-52.532,-11.088],[-52.499,-11.095],[-52.487,-11.094],[-52.47,-11.084],[-52.455,-11.08],[-52.446,-11.068],[-52.441,-11.097],[-52.419,-11.091],[-52.415,-11.084],[-52.413,-11.075],[-52.401,-11.069],[-52.385,-11.055],[-52.342,-11.056],[-52.328,-11.051],[-52.326,-11.053],[-52.307,-11.054],[-52.291,-11.046],[-52.279,-11.047],[-52.252,-11.037],[-52.222,-11.032],[-52.222,-11.038],[-52.216,-11.039],[-52.212,-11.049],[-52.203,-11.052],[-52.21,-11.055],[-52.208,-11.06],[-52.204,-11.059],[-52.2,-11.066],[-52.2,-11.072],[-52.207,-11.072],[-52.205,-11.075],[-52.195,-11.075],[-52.199,-11.087],[-52.196,-11.091],[-52.189,-11.086],[-52.181,-11.097],[-52.18,-11.094],[-52.172,-11.093],[-52.17,-11.107],[-52.163,-11.111],[-52.17,-11.115],[-52.166,-11.117],[-52.157,-11.127],[-52.151,-11.128],[-52.153,-11.134],[-52.149,-11.135],[-52.148,-11.131],[-52.141,-11.138],[-52.137,-11.137],[-52.131,-11.144],[-52.125,-11.144],[-52.123,-11.152],[-52.115,-11.154],[-52.118,-11.162],[-52.109,-11.16],[-52.112,-11.172],[-52.109,-11.174],[-52.117,-11.187],[-52.113,-11.194],[-52.121,-11.199],[-52.116,-11.201],[-52.119,-11.216],[-52.112,-11.227],[-52.113,-11.232],[-52.107,-11.239],[-52.11,-11.243],[-52.1,-11.253],[-52.093,-11.255],[-52.088,-11.264],[-52.082,-11.263],[-52.079,-11.27],[-52.068,-11.274],[-52.066,-11.271],[-52.065,-11.279],[-52.056,-11.276],[-52.051,-11.28],[-52.045,-11.28],[-52.04,-11.285],[-52.041,-11.291],[-52.028,-11.295],[-52.027,-11.311],[-52.024,-11.314],[-52.029,-11.315],[-52.031,-11.326],[-52.033,-11.328],[-52.034,-11.325],[-52.037,-11.33],[-52.031,-11.334],[-52.033,-11.352],[-52.029,-11.357],[-52.033,-11.363],[-52.022,-11.375],[-52.028,-11.38],[-52.02,-11.385],[-52.023,-11.387],[-52.02,-11.39],[-52.025,-11.393],[-52.02,-11.396],[-52.02,-11.402],[-52.017,-11.403],[-52.017,-11.4],[-52.012,-11.405],[-52.015,-11.413],[-52.012,-11.413],[-52.006,-11.42],[-52.008,-11.422],[-52.001,-11.43],[-51.998,-11.441],[-51.988,-11.445],[-51.987,-11.45],[-51.984,-11.448],[-51.983,-11.455],[-51.977,-11.458],[-51.972,-11.467],[-51.974,-11.47],[-51.965,-11.471],[-51.96,-11.482],[-51.964,-11.483],[-51.962,-11.486],[-51.956,-11.488],[-51.959,-11.489],[-51.955,-11.496],[-51.95,-11.497],[-51.948,-11.503],[-51.944,-11.504],[-51.945,-11.507],[-51.94,-11.511],[-51.937,-11.526],[-51.922,-11.518],[-51.851,-11.506],[-51.781,-11.518],[-51.768,-11.511],[-51.75,-11.484],[-51.731,-11.481],[-51.713,-11.465],[-51.703,-11.466],[-51.691,-11.461],[-51.678,-11.463],[-51.658,-11.459],[-51.648,-11.448],[-51.648,-11.438],[-51.636,-11.429],[-51.631,-11.42],[-51.628,-11.404],[-51.633,-11.395],[-51.634,-11.381],[-51.628,-11.367],[-51.6,-11.358],[-51.581,-11.355],[-51.567,-11.339],[-51.56,-11.326],[-51.563,-11.32],[-51.561,-11.311],[-51.544,-11.294],[-51.53,-11.288],[-51.512,-11.264],[-51.486,-11.251],[-51.487,-11.239],[-51.483,-11.229],[-51.486,-11.204],[-51.49,-11.198],[-51.496,-11.201],[-51.497,-11.196],[-51.505,-11.192],[-51.519,-11.176],[-51.517,-11.169],[-51.512,-11.165],[-51.509,-11.151],[-51.356,-11.181],[-51.076,-11.236],[-50.857,-11.279],[-50.723,-11.305],[-50.698,-11.31],[-50.707,-11.328],[-50.705,-11.341],[-50.712,-11.359],[-50.728,-11.382],[-50.727,-11.411],[-50.739,-11.435],[-50.742,-11.46],[-50.739,-11.471],[-50.739,-11.499],[-50.734,-11.511],[-50.741,-11.537],[-50.716,-11.579],[-50.682,-11.583],[-50.67,-11.581],[-50.657,-11.592],[-50.658,-11.616],[-50.664,-11.626],[-50.662,-11.646],[-50.662,-11.668],[-50.663,-11.677],[-50.674,-11.692],[-50.692,-11.701],[-50.721,-11.731],[-50.722,-11.739],[-50.714,-11.757],[-50.719,-11.776],[-50.742,-11.777],[-50.754,-11.795],[-50.753,-11.812],[-50.766,-11.826],[-50.777,-11.829],[-50.8,-11.823],[-50.804,-11.825],[-50.806,-11.831],[-50.815,-11.831],[-50.821,-11.841],[-50.82,-11.845],[-50.828,-11.846],[-50.826,-11.849],[-50.829,-11.853],[-50.827,-11.856],[-50.833,-11.856],[-50.831,-11.865],[-50.84,-11.871],[-50.844,-11.879],[-50.845,-11.887],[-50.842,-11.887],[-50.842,-11.89],[-50.847,-11.904],[-50.844,-11.905],[-50.855,-11.928],[-50.859,-11.929],[-50.857,-11.936],[-50.86,-11.949],[-50.856,-11.953],[-50.863,-11.959],[-50.861,-11.965],[-50.865,-11.964],[-50.867,-11.971],[-50.869,-11.97],[-50.871,-11.975],[-50.877,-11.975],[-50.875,-11.98],[-50.877,-11.982],[-50.873,-11.984],[-50.872,-11.989],[-50.874,-12.0],[-50.879,-12.009],[-50.881,-12.006],[-50.885,-12.013],[-50.891,-12.012],[-50.892,-12.031],[-50.905,-12.026],[-50.905,-12.029],[-50.909,-12.03],[-50.908,-12.034],[-50.902,-12.034],[-50.902,-12.04],[-50.912,-12.042],[-50.916,-12.046],[-50.92,-12.045],[-50.916,-12.051],[-50.921,-12.056],[-50.917,-12.059],[-50.917,-12.062],[-50.936,-12.067],[-50.93,-12.074],[-50.936,-12.077],[-50.943,-12.074],[-50.949,-12.081],[-50.948,-12.093],[-50.942,-12.1],[-50.957,-12.103],[-50.96,-12.108],[-50.979,-12.107],[-50.982,-12.103],[-50.986,-12.111],[-50.997,-12.112],[-51.008,-12.121],[-51.017,-12.123],[-51.029,-12.119],[-51.046,-12.121],[-51.049,-12.125],[-51.066,-12.117],[-51.074,-12.108],[-51.085,-12.083],[-51.102,-12.061],[-51.117,-12.058],[-51.122,-12.047],[-51.134,-12.041],[-51.142,-12.019],[-51.162,-12.005],[-51.179,-12.01],[-51.185,-12.007],[-51.196,-11.988],[-51.202,-11.984],[-51.211,-11.986],[-51.235,-11.983],[-51.296,-12.045],[-51.3,-12.024],[-51.297,-12.017],[-51.286,-12.01],[-51.281,-12.011],[-51.274,-12.006],[-51.273,-12.001],[-51.261,-11.995],[-51.255,-11.983],[-51.256,-11.975],[-51.251,-11.968],[-51.24,-11.964],[-51.22,-11.95],[-51.203,-11.933],[-51.183,-11.862],[-51.184,-11.841],[-51.153,-11.821],[-51.13,-11.813],[-51.122,-11.805],[-51.142,-11.802],[-51.156,-11.788],[-51.2,-11.815],[-51.23,-11.821],[-51.269,-11.82],[-51.289,-11.824],[-51.295,-11.823],[-51.305,-11.831],[-51.321,-11.836],[-51.325,-11.844],[-51.335,-11.846],[-51.338,-11.816],[-51.343,-11.813],[-51.356,-11.82],[-51.361,-11.807],[-51.372,-11.803],[-51.364,-11.798],[-51.366,-11.773],[-51.363,-11.763],[-51.369,-11.742],[-51.346,-11.723],[-51.329,-11.721],[-51.319,-11.715],[-51.306,-11.719],[-51.274,-11.712],[-51.281,-11.691],[-51.28,-11.677],[-51.284,-11.667],[-51.28,-11.659],[-51.274,-11.657],[-51.267,-11.648],[-51.291,-11.645],[-51.318,-11.654],[-51.324,-11.652],[-51.316,-11.639],[-51.288,-11.612],[-51.293,-11.611],[-51.302,-11.614],[-51.312,-11.613],[-51.32,-11.619],[-51.347,-11.624],[-51.353,-11.632],[-51.366,-11.638],[-51.375,-11.628],[-51.377,-11.617],[-51.392,-11.605],[-51.392,-11.6],[-51.387,-11.598],[-51.387,-11.584],[-51.394,-11.576],[-51.409,-11.575],[-51.412,-11.585],[-51.41,-11.587],[-51.413,-11.604],[-51.422,-11.617],[-51.445,-11.633],[-51.449,-11.644],[-51.445,-11.655],[-51.448,-11.659],[-51.452,-11.676],[-51.579,-11.684],[-51.593,-11.685],[-51.593,-11.691],[-51.604,-11.698],[-51.625,-11.703],[-51.658,-11.711],[-51.666,-11.711],[-51.683,-11.72],[-51.708,-11.725],[-51.721,-11.728],[-51.759,-11.715],[-51.78,-11.716],[-51.984,-11.728],[-51.988,-11.762],[-51.999,-11.778],[-52.024,-11.789],[-52.069,-11.777],[-52.108,-11.75],[-52.125,-11.746],[-52.157,-11.747],[-52.183,-11.76],[-52.233,-11.824],[-52.25,-11.828],[-52.253,-11.824],[-52.248,-11.82],[-52.249,-11.816],[-52.265,-11.796],[-52.274,-11.793],[-52.269,-11.786],[-52.272,-11.78],[-52.278,-11.779],[-52.289,-11.79],[-52.294,-11.789],[-52.296,-11.774],[-52.308,-11.77],[-52.312,-11.763],[-52.32,-11.765],[-52.32,-11.77],[-52.332,-11.762],[-52.336,-11.756],[-52.336,-11.752],[-52.358,-11.746],[-52.358,-11.734],[-52.362,-11.727],[-52.373,-11.721],[-52.378,-11.725],[-52.381,-11.721],[-52.388,-11.72],[-52.386,-11.713],[-52.392,-11.714],[-52.388,-11.709],[-52.398,-11.712],[-52.401,-11.72],[-52.414,-11.712],[-52.412,-11.719],[-52.418,-11.728],[-52.436,-11.7],[-52.449,-11.697],[-52.458,-11.699],[-52.463,-11.707],[-52.47,-11.702],[-52.471,-11.697],[-52.454,-11.687],[-52.461,-11.681],[-52.476,-11.685],[-52.483,-11.691],[-52.487,-11.686],[-52.505,-11.688],[-52.512,-11.704],[-52.516,-11.706],[-52.536,-11.687],[-52.54,-11.673],[-52.545,-11.67],[-52.573,-11.681],[-52.571,-11.695],[-52.581,-11.705],[-52.606,-11.685],[-52.611,-11.686],[-52.615,-11.694],[-52.628,-11.685],[-52.638,-11.683],[-52.652,-11.658],[-52.663,-11.649],[-52.671,-11.65],[-52.68,-11.675],[-52.695,-11.662],[-52.708,-11.659],[-52.719,-11.637],[-52.729,-11.634],[-52.734,-11.647],[-52.741,-11.642],[-52.748,-11.647],[-52.755,-11.644],[-52.771,-11.631],[-52.777,-11.631],[-52.787,-11.639],[-52.796,-11.637],[-52.801,-11.629],[-52.798,-11.621],[-52.792,-11.618],[-52.794,-11.609],[-52.805,-11.606],[-52.807,-11.608],[-52.805,-11.623],[-52.814,-11.62],[-52.815,-11.607],[-52.822,-11.608],[-52.83,-11.602],[-52.836,-11.605],[-52.842,-11.619],[-52.859,-11.603],[-52.864,-11.594],[-52.873,-11.581],[-52.88,-11.582],[-52.884,-11.593],[-52.892,-11.592],[-52.929,-11.574],[-52.934,-11.576],[-52.942,-11.594],[-52.944,-11.612],[-52.947,-11.616],[-52.958,-11.609],[-52.962,-11.602],[-52.96,-11.594],[-52.957,-11.587],[-52.959,-11.569],[-52.967,-11.554],[-52.976,-11.548],[-52.973,-11.537],[-52.962,-11.527],[-52.963,-11.523],[-52.968,-11.519],[-52.983,-11.517],[-52.995,-11.525],[-52.999,-11.534],[-53.01,-11.537],[-53.017,-11.532],[-53.023,-11.526],[-53.026,-11.513],[-53.043,-11.507],[-53.038,-11.498],[-53.041,-11.479],[-53.056,-11.47],[-53.061,-11.454],[-53.062,-11.453],[-53.072,-11.451],[-53.08,-11.462],[-53.093,-11.454],[-53.103,-11.454],[-53.097,-11.422],[-53.089,-11.419],[-53.083,-11.425],[-53.08,-11.416],[-53.076,-11.413],[-53.077,-11.41],[-53.092,-11.401],[-53.098,-11.402],[-53.098,-11.411],[-53.106,-11.413],[-53.114,-11.399],[-53.109,-11.394],[-53.11,-11.373],[-53.114,-11.372],[-53.115,-11.377],[-53.119,-11.379],[-53.128,-11.371],[-53.138,-11.371],[-53.141,-11.364],[-53.152,-11.362],[-53.15,-11.351],[-53.154,-11.333],[-53.157,-11.332],[-53.164,-11.34],[-53.168,-11.339],[-53.17,-11.327],[-53.181,-11.329],[-53.188,-11.311],[-53.2,-11.308],[-53.207,-11.298],[-53.204,-11.294],[-53.223,-11.28],[-53.231,-11.283],[-53.232,-11.294],[-53.241,-11.283],[-53.244,-11.265],[-53.237,-11.261],[-53.232,-11.27],[-53.225,-11.268],[-53.228,-11.253],[-53.222,-11.249],[-53.232,-11.24],[-53.246,-11.213],[-53.24,-11.201],[-53.237,-11.187],[-53.242,-11.173],[-53.244,-11.139],[-53.26,-11.118],[-53.266,-11.09],[-53.271,-11.086],[-53.285,-11.081],[-53.289,-11.069],[-53.286,-11.059],[-53.282,-11.048],[-53.284,-11.039],[-53.29,-11.03],[-53.295,-11.027],[-53.302,-11.02],[-53.316,-10.998],[-53.319,-10.974],[-53.317,-10.958],[-53.308,-10.944],[-53.293,-10.923],[-53.263,-10.9],[-53.251,-10.894],[-53.245,-10.887],[-53.237,-10.871],[-53.218,-10.863],[-53.189,-10.858],[-53.159,-10.857],[-53.134,-10.848],[-53.123,-10.834],[-53.118,-10.835],[-53.117,-10.839],[-53.128,-10.856],[-53.116,-10.861],[-53.115,-10.869]]]}},{"type":"Feature","properties":{"id":"5107875","nome":"Sapezal"},"geometry":{"type":"Polygon","coordinates":[[[-58.456,-11.993],[-58.467,-12.004],[-58.476,-12.02],[-58.488,-12.028],[-58.485,-12.037],[-58.476,-12.042],[-58.488,-12.058],[-58.489,-12.095],[-58.485,-12.11],[-58.49,-12.128],[-58.474,-12.145],[-58.474,-12.168],[-58.486,-12.179],[-58.492,-12.201],[-58.499,-12.208],[-58.5,-12.222],[-58.513,-12.245],[-58.523,-12.249],[-58.526,-12.255],[-58.524,-12.274],[-58.51,-12.28],[-58.506,-12.298],[-58.498,-12.303],[-58.484,-12.301],[-58.489,-12.308],[-58.482,-12.311],[-58.484,-12.318],[-58.492,-12.328],[-58.494,-12.334],[-58.488,-12.346],[-58.491,-12.354],[-58.472,-12.358],[-58.464,-12.398],[-58.455,-12.418],[-58.44,-12.432],[-58.441,-12.439],[-58.456,-12.462],[-58.455,-12.469],[-58.443,-12.484],[-58.441,-12.496],[-58.437,-12.502],[-58.427,-12.5],[-58.422,-12.506],[-58.423,-12.514],[-58.433,-12.524],[-58.447,-12.547],[-58.432,-12.576],[-58.43,-12.585],[-58.433,-12.595],[-58.429,-12.604],[-58.413,-12.622],[-58.415,-12.629],[-58.41,-12.65],[-58.412,-12.66],[-58.398,-12.673],[-58.407,-12.696],[-58.402,-12.711],[-58.402,-12.735],[-58.394,-12.751],[-58.398,-12.772],[-58.391,-12.782],[-58.397,-12.794],[-58.395,-12.798],[-58.389,-12.803],[-58.383,-12.821],[-58.362,-12.821],[-58.355,-12.827],[-58.352,-12.834],[-58.352,-12.849],[-58.344,-12.871],[-58.336,-12.882],[-58.326,-12.886],[-58.312,-12.906],[-58.295,-12.912],[-58.295,-12.928],[-58.282,-12.942],[-58.282,-12.951],[-58.276,-12.957],[-58.281,-12.974],[-58.278,-12.997],[-58.282,-13.005],[-58.272,-13.017],[-58.282,-13.033],[-58.278,-13.052],[-58.281,-13.056],[-58.279,-13.079],[-58.281,-13.083],[-58.274,-13.105],[-58.268,-13.109],[-58.268,-13.125],[-58.276,-13.139],[-58.276,-13.153],[-58.273,-13.154],[-58.279,-13.158],[-58.279,-13.175],[-58.276,-13.178],[-58.278,-13.186],[-58.284,-13.19],[-58.282,-13.193],[-58.289,-13.2],[-58.289,-13.21],[-58.292,-13.211],[-58.298,-13.226],[-58.302,-13.23],[-58.297,-13.239],[-58.304,-13.242],[-58.306,-13.25],[-58.303,-13.257],[-58.312,-13.26],[-58.316,-13.272],[-58.32,-13.274],[-58.32,-13.278],[-58.311,-13.291],[-58.332,-13.314],[-58.329,-13.317],[-58.335,-13.324],[-58.334,-13.332],[-58.336,-13.345],[-58.345,-13.367],[-58.345,-13.375],[-58.34,-13.38],[-58.346,-13.387],[-58.342,-13.41],[-58.343,-13.418],[-58.347,-13.421],[-58.345,-13.425],[-58.353,-13.473],[-58.357,-13.48],[-58.364,-13.479],[-58.365,-13.485],[-58.369,-13.488],[-58.366,-13.497],[-58.37,-13.496],[-58.375,-13.501],[-58.379,-13.51],[-58.373,-13.514],[-58.372,-13.52],[-58.376,-13.523],[-58.375,-13.519],[-58.382,-13.525],[-58.383,-13.53],[-58.388,-13.53],[-58.385,-13.538],[-58.391,-13.539],[-58.396,-13.535],[-58.399,-13.549],[-58.407,-13.557],[-58.406,-13.562],[-58.334,-13.708],[-58.294,-13.867],[-58.253,-13.904],[-58.219,-13.928],[-58.18,-13.975],[-58.083,-13.987],[-58.075,-13.987],[-58.085,-14.003],[-58.649,-14.0],[-58.796,-14.0],[-59.042,-13.998],[-59.044,-13.986],[-59.038,-13.982],[-59.038,-13.976],[-59.036,-13.975],[-59.031,-13.98],[-59.023,-13.975],[-59.027,-13.967],[-59.03,-13.968],[-59.031,-13.96],[-59.026,-13.956],[-59.021,-13.96],[-59.016,-13.952],[-59.02,-13.949],[-59.016,-13.934],[-59.02,-13.931],[-59.024,-13.933],[-59.027,-13.931],[-59.016,-13.925],[-59.019,-13.903],[-59.01,-13.899],[-59.009,-13.889],[-59.002,-13.881],[-59.004,-13.876],[-59.0,-13.872],[-59.001,-13.867],[-58.994,-13.861],[-58.995,-13.859],[-58.98,-13.853],[-58.982,-13.848],[-58.978,-13.844],[-58.979,-13.833],[-58.984,-13.832],[-58.984,-13.825],[-58.988,-13.821],[-58.99,-13.799],[-58.994,-13.798],[-59.0,-13.784],[-58.996,-13.776],[-59.002,-13.766],[-59.009,-13.766],[-59.002,-13.75],[-59.007,-13.75],[-59.009,-13.743],[-59.005,-13.738],[-59.007,-13.724],[-59.015,-13.722],[-59.017,-13.713],[-59.011,-13.707],[-59.003,-13.708],[-59.013,-13.699],[-59.009,-13.69],[-59.002,-13.689],[-59.0,-13.692],[-58.998,-13.687],[-59.01,-13.678],[-59.009,-13.674],[-59.016,-13.67],[-59.015,-13.66],[-59.021,-13.651],[-59.018,-13.646],[-59.009,-13.645],[-59.007,-13.64],[-59.011,-13.642],[-59.013,-13.632],[-59.005,-13.63],[-59.003,-13.626],[-59.006,-13.624],[-59.018,-13.602],[-59.03,-13.599],[-59.035,-13.592],[-59.029,-13.587],[-59.034,-13.567],[-59.025,-13.56],[-59.035,-13.551],[-59.031,-13.543],[-59.024,-13.541],[-59.027,-13.533],[-59.023,-13.526],[-59.026,-13.517],[-59.018,-13.516],[-59.014,-13.512],[-59.017,-13.505],[-59.022,-13.506],[-59.029,-13.501],[-59.029,-13.496],[-59.023,-13.489],[-59.019,-13.489],[-59.016,-13.494],[-59.014,-13.491],[-59.019,-13.484],[-59.013,-13.474],[-59.017,-13.461],[-59.014,-13.458],[-59.005,-13.46],[-59.001,-13.454],[-58.998,-13.439],[-59.005,-13.403],[-59.009,-13.399],[-59.006,-13.393],[-59.008,-13.387],[-59.011,-13.389],[-59.016,-13.386],[-59.013,-13.369],[-59.018,-13.368],[-59.025,-13.36],[-59.022,-13.354],[-59.019,-13.354],[-59.022,-13.345],[-59.031,-13.345],[-59.016,-13.33],[-59.028,-13.326],[-59.036,-13.311],[-59.028,-13.303],[-59.029,-13.289],[-59.023,-13.284],[-59.024,-13.268],[-59.016,-13.262],[-59.013,-13.251],[-59.016,-13.243],[-59.02,-13.244],[-59.022,-13.25],[-59.037,-13.243],[-59.031,-13.235],[-59.033,-13.229],[-59.028,-13.228],[-59.027,-13.215],[-59.019,-13.207],[-59.01,-13.211],[-59.006,-13.217],[-58.993,-13.217],[-58.983,-13.198],[-58.989,-13.184],[-59.004,-13.182],[-58.993,-13.16],[-58.985,-13.158],[-58.974,-13.151],[-58.964,-13.13],[-58.959,-13.126],[-58.965,-13.106],[-58.96,-13.1],[-58.963,-13.082],[-58.965,-13.079],[-58.975,-13.08],[-58.98,-13.065],[-58.973,-13.065],[-58.966,-13.06],[-58.97,-13.056],[-58.976,-13.056],[-58.967,-13.045],[-58.964,-13.034],[-58.966,-13.021],[-58.962,-13.022],[-58.96,-13.018],[-58.954,-12.994],[-58.933,-12.977],[-58.926,-12.966],[-58.928,-12.946],[-58.925,-12.933],[-58.92,-12.92],[-58.911,-12.912],[-58.914,-12.909],[-58.911,-12.899],[-58.915,-12.896],[-58.914,-12.886],[-58.921,-12.875],[-58.924,-12.861],[-58.924,-12.837],[-58.932,-12.823],[-58.925,-12.808],[-58.933,-12.788],[-58.933,-12.778],[-58.944,-12.757],[-58.946,-12.724],[-58.949,-12.721],[-58.945,-12.693],[-58.928,-12.667],[-58.924,-12.654],[-58.93,-12.641],[-58.936,-12.634],[-58.922,-12.619],[-58.926,-12.567],[-58.916,-12.555],[-58.905,-12.534],[-58.909,-12.509],[-58.907,-12.497],[-58.897,-12.488],[-58.892,-12.477],[-58.869,-12.465],[-58.859,-12.454],[-58.852,-12.432],[-58.856,-12.409],[-58.851,-12.39],[-58.853,-12.373],[-58.848,-12.36],[-58.843,-12.328],[-58.866,-12.28],[-58.866,-12.265],[-58.873,-12.254],[-58.867,-12.207],[-58.863,-12.203],[-58.839,-12.201],[-58.823,-12.181],[-58.797,-12.171],[-58.793,-12.164],[-58.788,-12.164],[-58.785,-12.153],[-58.754,-12.137],[-58.751,-12.133],[-58.734,-12.134],[-58.726,-12.13],[-58.719,-12.121],[-58.706,-12.113],[-58.697,-12.096],[-58.695,-12.085],[-58.693,-12.084],[-58.689,-12.093],[-58.681,-12.09],[-58.66,-12.051],[-58.637,-12.05],[-58.623,-12.045],[-58.61,-12.048],[-58.602,-12.043],[-58.598,-12.033],[-58.586,-12.034],[-58.583,-12.015],[-58.574,-12.007],[-58.568,-12.008],[-58.566,-12.013],[-58.558,-12.014],[-58.548,-12.006],[-58.554,-11.987],[-58.547,-11.986],[-58.541,-11.995],[-58.536,-11.998],[-58.529,-11.992],[-58.507,-11.946],[-58.497,-11.94],[-58.47,-11.932],[-58.463,-11.928],[-58.457,-11.919],[-58.444,-11.92],[-58.441,-11.923],[-58.451,-11.94],[-58.453,-11.952],[-58.459,-11.955],[-58.456,-11.993]]]}},{"type":"Feature","properties":{"id":"5107883","nome":"Serra Nova Dourada"},"geometry":{"type":"Polygon","coordinates":[[[-51.13,-11.813],[-51.153,-11.821],[-51.184,-11.841],[-51.183,-11.862],[-51.203,-11.933],[-51.22,-11.95],[-51.24,-11.964],[-51.251,-11.968],[-51.256,-11.975],[-51.255,-11.983],[-51.261,-11.995],[-51.273,-12.001],[-51.274,-12.006],[-51.281,-12.011],[-51.286,-12.01],[-51.297,-12.017],[-51.3,-12.024],[-51.296,-12.045],[-51.235,-11.983],[-51.211,-11.986],[-51.202,-11.984],[-51.196,-11.988],[-51.185,-12.007],[-51.179,-12.01],[-51.162,-12.005],[-51.142,-12.019],[-51.134,-12.041],[-51.122,-12.047],[-51.117,-12.058],[-51.102,-12.061],[-51.085,-12.083],[-51.094,-12.077],[-51.107,-12.078],[-51.116,-12.07],[-51.121,-12.072],[-51.132,-12.071],[-51.138,-12.08],[-51.166,-12.097],[-51.184,-12.098],[-51.204,-12.108],[-51.222,-12.11],[-51.232,-12.105],[-51.239,-12.114],[-51.284,-12.142],[-51.293,-12.153],[-51.297,-12.163],[-51.304,-12.17],[-51.31,-12.19],[-51.311,-12.222],[-51.294,-12.235],[-51.289,-12.246],[-51.288,-12.255],[-51.303,-12.282],[-51.302,-12.303],[-51.311,-12.32],[-51.302,-12.338],[-51.284,-12.347],[-51.287,-12.352],[-51.305,-12.346],[-51.307,-12.337],[-51.314,-12.333],[-51.317,-12.328],[-51.33,-12.328],[-51.333,-12.332],[-51.338,-12.325],[-51.345,-12.33],[-51.355,-12.329],[-51.361,-12.324],[-51.366,-12.31],[-51.369,-12.293],[-51.371,-12.274],[-51.389,-12.238],[-51.398,-12.24],[-51.401,-12.234],[-51.396,-12.232],[-51.396,-12.212],[-51.387,-12.204],[-51.394,-12.188],[-51.405,-12.181],[-51.415,-12.182],[-51.421,-12.179],[-51.439,-12.152],[-51.448,-12.149],[-51.472,-12.135],[-51.5,-12.105],[-51.506,-12.094],[-51.535,-12.068],[-51.542,-12.06],[-51.541,-12.05],[-51.546,-12.038],[-51.556,-12.03],[-51.557,-12.025],[-51.568,-12.02],[-51.585,-12.02],[-51.594,-12.006],[-51.594,-11.992],[-51.604,-11.98],[-51.634,-11.971],[-51.647,-11.973],[-51.66,-11.966],[-51.662,-11.956],[-51.657,-11.95],[-51.653,-11.937],[-51.654,-11.93],[-51.65,-11.926],[-51.609,-11.925],[-51.591,-11.916],[-51.574,-11.917],[-51.56,-11.914],[-51.551,-11.907],[-51.553,-11.898],[-51.564,-11.878],[-51.563,-11.865],[-51.474,-11.922],[-51.4,-11.866],[-51.375,-11.869],[-51.362,-11.864],[-51.355,-11.865],[-51.344,-11.859],[-51.335,-11.846],[-51.325,-11.844],[-51.321,-11.836],[-51.305,-11.831],[-51.295,-11.823],[-51.289,-11.824],[-51.269,-11.82],[-51.23,-11.821],[-51.2,-11.815],[-51.156,-11.788],[-51.142,-11.802],[-51.122,-11.805],[-51.13,-11.813]]]}},{"type":"Feature","properties":{"id":"5107909","nome":"Sinop"},"geometry":{"type":"Polygon","coordinates":[[[-55.664,-11.298],[-55.642,-11.308],[-55.625,-11.305],[-55.616,-11.309],[-55.615,-11.321],[-55.608,-11.328],[-55.59,-11.36],[-55.582,-11.362],[-55.577,-11.369],[-55.562,-11.374],[-55.55,-11.386],[-55.54,-11.388],[-55.529,-11.396],[-55.511,-11.403],[-55.491,-11.377],[-55.472,-11.37],[-55.461,-11.357],[-55.449,-11.368],[-55.444,-11.369],[-55.444,-11.373],[-55.437,-11.372],[-55.428,-11.385],[-55.422,-11.412],[-55.425,-11.416],[-55.422,-11.42],[-55.422,-11.436],[-55.429,-11.451],[-55.424,-11.476],[-55.412,-11.482],[-55.412,-11.49],[-55.392,-11.498],[-55.388,-11.499],[-55.383,-11.492],[-55.366,-11.496],[-55.362,-11.494],[-55.35,-11.493],[-55.348,-11.51],[-55.338,-11.512],[-55.335,-11.519],[-55.328,-11.519],[-55.322,-11.525],[-55.314,-11.521],[-55.311,-11.525],[-55.309,-11.549],[-55.326,-11.561],[-55.322,-11.589],[-55.317,-11.593],[-55.306,-11.597],[-55.303,-11.606],[-55.296,-11.611],[-55.285,-11.665],[-55.163,-11.67],[-55.152,-11.675],[-55.147,-11.69],[-55.14,-11.693],[-55.128,-11.695],[-55.104,-11.681],[-55.085,-11.681],[-55.066,-11.696],[-55.067,-11.702],[-55.071,-11.702],[-55.068,-11.71],[-55.072,-11.713],[-55.076,-11.728],[-55.081,-11.734],[-55.089,-11.736],[-55.089,-11.741],[-55.099,-11.748],[-55.105,-11.771],[-55.101,-11.776],[-55.103,-11.787],[-55.116,-11.794],[-55.119,-11.803],[-55.124,-11.806],[-55.128,-11.803],[-55.139,-11.809],[-55.166,-11.809],[-55.17,-11.812],[-55.191,-11.811],[-55.193,-11.808],[-55.207,-11.81],[-55.24,-11.847],[-55.257,-11.864],[-55.27,-11.903],[-55.304,-11.914],[-55.305,-11.914],[-55.309,-11.922],[-55.324,-11.931],[-55.331,-11.948],[-55.358,-11.961],[-55.367,-11.96],[-55.379,-11.968],[-55.385,-11.977],[-55.385,-11.989],[-55.391,-11.998],[-55.385,-12.025],[-55.379,-12.057],[-55.407,-12.083],[-55.323,-12.127],[-55.306,-12.136],[-55.372,-12.186],[-55.383,-12.177],[-55.387,-12.168],[-55.39,-12.167],[-55.391,-12.158],[-55.398,-12.154],[-55.405,-12.157],[-55.42,-12.15],[-55.429,-12.149],[-55.434,-12.151],[-55.435,-12.159],[-55.441,-12.165],[-55.451,-12.154],[-55.464,-12.151],[-55.475,-12.157],[-55.484,-12.148],[-55.493,-12.146],[-55.498,-12.149],[-55.501,-12.147],[-55.509,-12.155],[-55.513,-12.153],[-55.518,-12.151],[-55.517,-12.145],[-55.521,-12.14],[-55.534,-12.138],[-55.556,-12.118],[-55.573,-12.115],[-55.58,-12.11],[-55.591,-12.079],[-55.6,-12.067],[-55.598,-12.048],[-55.604,-12.035],[-55.597,-12.029],[-55.597,-12.024],[-55.617,-12.007],[-55.619,-11.988],[-55.629,-11.981],[-55.646,-11.982],[-55.646,-11.978],[-55.641,-11.971],[-55.642,-11.966],[-55.651,-11.961],[-55.659,-11.951],[-55.664,-11.953],[-55.669,-11.949],[-55.657,-11.934],[-55.664,-11.923],[-55.677,-11.914],[-55.657,-11.895],[-55.658,-11.887],[-55.67,-11.878],[-55.688,-11.874],[-55.705,-11.879],[-55.712,-11.875],[-55.699,-11.856],[-55.689,-11.849],[-55.668,-11.844],[-55.688,-11.831],[-55.691,-11.825],[-55.673,-11.807],[-55.701,-11.777],[-55.7,-11.773],[-55.696,-11.772],[-55.683,-11.781],[-55.681,-11.779],[-55.685,-11.771],[-55.698,-11.767],[-55.7,-11.759],[-55.707,-11.754],[-55.705,-11.748],[-55.697,-11.748],[-55.701,-11.745],[-55.716,-11.748],[-55.717,-11.743],[-55.711,-11.74],[-55.717,-11.737],[-55.736,-11.742],[-55.737,-11.737],[-55.724,-11.729],[-55.726,-11.725],[-55.733,-11.726],[-55.739,-11.723],[-55.735,-11.711],[-55.746,-11.697],[-55.747,-11.686],[-55.737,-11.681],[-55.724,-11.694],[-55.716,-11.691],[-55.711,-11.68],[-55.712,-11.668],[-55.7,-11.664],[-55.704,-11.652],[-55.697,-11.636],[-55.689,-11.63],[-55.689,-11.62],[-55.692,-11.615],[-55.718,-11.618],[-55.729,-11.61],[-55.737,-11.613],[-55.75,-11.603],[-55.769,-11.598],[-55.772,-11.591],[-55.782,-11.563],[-55.791,-11.559],[-55.797,-11.548],[-55.798,-11.524],[-55.814,-11.496],[-55.796,-11.461],[-55.79,-11.457],[-55.778,-11.457],[-55.785,-11.428],[-55.799,-11.384],[-55.808,-11.376],[-55.831,-11.342],[-55.829,-11.321],[-55.814,-11.318],[-55.817,-11.306],[-55.795,-11.307],[-55.76,-11.334],[-55.734,-11.339],[-55.736,-11.332],[-55.733,-11.326],[-55.69,-11.298],[-55.664,-11.298]]]}},{"type":"Feature","properties":{"id":"5107925","nome":"Sorriso"},"geometry":{"type":"Polygon","coordinates":[[[-55.746,-11.733],[-55.74,-11.735],[-55.732,-11.732],[-55.733,-11.726],[-55.726,-11.725],[-55.724,-11.729],[-55.737,-11.737],[-55.736,-11.742],[-55.717,-11.737],[-55.711,-11.74],[-55.717,-11.743],[-55.716,-11.748],[-55.701,-11.745],[-55.697,-11.748],[-55.705,-11.748],[-55.707,-11.754],[-55.7,-11.759],[-55.698,-11.767],[-55.685,-11.771],[-55.681,-11.779],[-55.683,-11.781],[-55.696,-11.772],[-55.7,-11.773],[-55.701,-11.777],[-55.673,-11.807],[-55.691,-11.825],[-55.688,-11.831],[-55.668,-11.844],[-55.689,-11.849],[-55.699,-11.856],[-55.712,-11.875],[-55.705,-11.879],[-55.688,-11.874],[-55.67,-11.878],[-55.658,-11.887],[-55.657,-11.895],[-55.677,-11.914],[-55.664,-11.923],[-55.657,-11.934],[-55.669,-11.949],[-55.664,-11.953],[-55.659,-11.951],[-55.651,-11.961],[-55.642,-11.966],[-55.641,-11.971],[-55.646,-11.978],[-55.646,-11.982],[-55.629,-11.981],[-55.619,-11.988],[-55.617,-12.007],[-55.597,-12.024],[-55.597,-12.029],[-55.604,-12.035],[-55.598,-12.048],[-55.6,-12.067],[-55.591,-12.079],[-55.58,-12.11],[-55.573,-12.115],[-55.556,-12.118],[-55.534,-12.138],[-55.521,-12.14],[-55.517,-12.145],[-55.518,-12.151],[-55.527,-12.161],[-55.533,-12.177],[-55.549,-12.179],[-55.571,-12.175],[-55.583,-12.181],[-55.583,-12.224],[-55.587,-12.234],[-55.588,-12.254],[-55.586,-12.265],[-55.576,-12.264],[-55.572,-12.261],[-55.572,-12.266],[-55.563,-12.273],[-55.568,-12.279],[-55.565,-12.282],[-55.567,-12.291],[-55.564,-12.306],[-55.567,-12.307],[-55.569,-12.323],[-55.566,-12.326],[-55.565,-12.338],[-55.559,-12.345],[-55.56,-12.356],[-55.557,-12.356],[-55.557,-12.36],[-55.554,-12.359],[-55.55,-12.365],[-55.551,-12.37],[-55.547,-12.373],[-55.55,-12.379],[-55.546,-12.382],[-55.547,-12.385],[-55.541,-12.388],[-55.538,-12.397],[-55.532,-12.4],[-55.531,-12.407],[-55.529,-12.405],[-55.522,-12.417],[-55.526,-12.422],[-55.527,-12.431],[-55.523,-12.439],[-55.523,-12.453],[-55.535,-12.472],[-55.534,-12.479],[-55.546,-12.505],[-55.553,-12.516],[-55.562,-12.518],[-55.565,-12.528],[-55.573,-12.531],[-55.571,-12.535],[-55.577,-12.536],[-55.578,-12.54],[-55.583,-12.564],[-55.576,-12.582],[-55.581,-12.59],[-55.577,-12.594],[-55.579,-12.603],[-55.575,-12.604],[-55.572,-12.613],[-55.569,-12.632],[-55.555,-12.65],[-55.545,-12.654],[-55.541,-12.66],[-55.53,-12.662],[-55.527,-12.669],[-55.507,-12.681],[-55.503,-12.688],[-55.506,-12.695],[-55.505,-12.702],[-55.501,-12.704],[-55.502,-12.71],[-55.492,-12.711],[-55.486,-12.718],[-55.491,-12.738],[-55.485,-12.739],[-55.48,-12.746],[-55.477,-12.745],[-55.474,-12.751],[-55.469,-12.751],[-55.463,-12.759],[-55.45,-12.767],[-55.451,-12.77],[-55.446,-12.774],[-55.451,-12.778],[-55.445,-12.78],[-55.448,-12.78],[-55.451,-12.789],[-55.454,-12.789],[-55.451,-12.797],[-55.456,-12.799],[-55.456,-12.804],[-55.468,-12.818],[-55.465,-12.821],[-55.469,-12.826],[-55.469,-12.844],[-55.466,-12.852],[-55.457,-12.856],[-55.445,-12.89],[-55.442,-12.889],[-55.434,-12.895],[-55.426,-12.897],[-55.426,-12.906],[-55.422,-12.906],[-55.408,-12.925],[-55.403,-12.924],[-55.404,-12.93],[-55.393,-12.946],[-55.382,-12.957],[-55.377,-12.957],[-55.375,-12.963],[-55.378,-12.964],[-55.372,-12.975],[-55.36,-12.979],[-55.351,-12.989],[-55.356,-12.999],[-55.353,-13.003],[-55.357,-13.004],[-55.356,-13.008],[-55.361,-13.009],[-55.357,-13.025],[-55.351,-13.028],[-55.357,-13.035],[-55.354,-13.037],[-55.354,-13.052],[-55.352,-13.061],[-55.345,-13.066],[-55.345,-13.07],[-55.339,-13.072],[-55.344,-13.084],[-55.339,-13.088],[-55.329,-13.088],[-55.314,-13.107],[-55.297,-13.12],[-55.293,-13.13],[-55.299,-13.157],[-55.312,-13.165],[-55.322,-13.185],[-55.325,-13.206],[-55.326,-13.224],[-55.321,-13.235],[-55.323,-13.252],[-55.309,-13.284],[-55.305,-13.287],[-55.291,-13.286],[-55.282,-13.297],[-55.281,-13.305],[-55.275,-13.315],[-55.255,-13.323],[-55.252,-13.34],[-55.244,-13.353],[-55.17,-13.352],[-55.176,-13.374],[-55.174,-13.388],[-55.145,-13.427],[-55.145,-13.454],[-55.138,-13.461],[-55.132,-13.489],[-55.122,-13.501],[-55.119,-13.511],[-55.097,-13.609],[-55.084,-13.662],[-55.107,-13.65],[-55.112,-13.653],[-55.111,-13.662],[-55.117,-13.666],[-55.125,-13.662],[-55.131,-13.65],[-55.137,-13.649],[-55.145,-13.653],[-55.151,-13.652],[-55.148,-13.642],[-55.152,-13.64],[-55.158,-13.646],[-55.162,-13.646],[-55.17,-13.637],[-55.176,-13.621],[-55.187,-13.619],[-55.194,-13.612],[-55.206,-13.61],[-55.216,-13.599],[-55.226,-13.601],[-55.228,-13.611],[-55.241,-13.603],[-55.256,-13.61],[-55.267,-13.597],[-55.267,-13.591],[-55.26,-13.587],[-55.264,-13.578],[-55.271,-13.579],[-55.272,-13.588],[-55.282,-13.593],[-55.292,-13.589],[-55.293,-13.57],[-55.311,-13.569],[-55.318,-13.563],[-55.327,-13.564],[-55.333,-13.56],[-55.334,-13.549],[-55.34,-13.541],[-55.339,-13.526],[-55.343,-13.515],[-55.341,-13.503],[-55.347,-13.49],[-55.339,-13.486],[-55.345,-13.48],[-55.355,-13.481],[-55.358,-13.489],[-55.368,-13.496],[-55.378,-13.5],[-55.391,-13.497],[-55.395,-13.492],[-55.393,-13.486],[-55.38,-13.474],[-55.383,-13.469],[-55.394,-13.463],[-55.39,-13.421],[-55.4,-13.416],[-55.418,-13.416],[-55.422,-13.428],[-55.428,-13.43],[-55.44,-13.421],[-55.441,-13.417],[-55.433,-13.41],[-55.426,-13.388],[-55.432,-13.383],[-55.44,-13.382],[-55.448,-13.372],[-55.451,-13.372],[-55.459,-13.376],[-55.461,-13.381],[-55.453,-13.381],[-55.462,-13.392],[-55.477,-13.39],[-55.497,-13.367],[-55.496,-13.341],[-55.499,-13.333],[-55.543,-13.327],[-55.552,-13.324],[-55.553,-13.316],[-55.558,-13.311],[-55.572,-13.314],[-55.58,-13.31],[-55.589,-13.313],[-55.592,-13.321],[-55.622,-13.341],[-55.64,-13.364],[-55.644,-13.378],[-55.688,-13.354],[-55.699,-13.355],[-55.713,-13.368],[-55.721,-13.361],[-55.74,-13.36],[-55.754,-13.342],[-55.773,-13.341],[-55.782,-13.335],[-55.781,-13.331],[-55.798,-13.334],[-55.802,-13.327],[-55.803,-13.33],[-55.807,-13.328],[-55.805,-13.321],[-55.81,-13.314],[-55.807,-13.31],[-55.813,-13.298],[-55.827,-13.3],[-55.827,-13.295],[-55.839,-13.29],[-55.838,-13.285],[-55.842,-13.284],[-55.842,-13.289],[-55.848,-13.286],[-55.851,-13.281],[-55.843,-13.277],[-55.851,-13.276],[-55.862,-13.258],[-55.87,-13.26],[-55.872,-13.256],[-55.878,-13.256],[-55.884,-13.252],[-55.875,-13.242],[-55.884,-13.234],[-55.876,-13.222],[-55.878,-13.213],[-55.896,-13.19],[-55.89,-13.189],[-55.884,-13.167],[-55.879,-13.161],[-55.883,-13.148],[-55.889,-13.142],[-55.88,-13.128],[-55.886,-13.128],[-55.884,-13.113],[-55.888,-13.108],[-55.893,-13.109],[-55.896,-13.102],[-55.888,-13.101],[-55.893,-13.092],[-55.889,-13.085],[-55.893,-13.079],[-55.876,-13.084],[-55.874,-13.078],[-55.879,-13.072],[-55.884,-13.078],[-55.888,-13.076],[-55.885,-13.065],[-55.89,-13.06],[-55.89,-13.055],[-55.894,-13.058],[-55.894,-13.053],[-55.889,-13.05],[-55.893,-13.042],[-55.897,-13.046],[-55.901,-13.044],[-55.903,-13.05],[-55.908,-13.051],[-55.905,-13.006],[-55.913,-12.997],[-55.914,-12.992],[-55.919,-12.99],[-55.923,-12.967],[-55.931,-12.96],[-55.938,-12.946],[-55.937,-12.937],[-55.948,-12.929],[-55.947,-12.916],[-55.955,-12.912],[-55.96,-12.917],[-55.962,-12.91],[-55.959,-12.906],[-55.962,-12.9],[-55.967,-12.897],[-55.978,-12.9],[-55.981,-12.897],[-55.974,-12.892],[-55.974,-12.886],[-55.993,-12.873],[-55.998,-12.872],[-55.992,-12.87],[-55.989,-12.858],[-55.984,-12.853],[-55.985,-12.85],[-55.994,-12.849],[-55.993,-12.838],[-56.0,-12.836],[-56.0,-12.83],[-55.991,-12.819],[-55.999,-12.815],[-56.0,-12.807],[-55.995,-12.795],[-56.011,-12.792],[-56.01,-12.775],[-56.013,-12.769],[-56.016,-12.768],[-56.019,-12.772],[-56.024,-12.765],[-56.03,-12.766],[-56.036,-12.777],[-56.039,-12.775],[-56.032,-12.757],[-56.031,-12.743],[-56.022,-12.738],[-56.023,-12.735],[-56.035,-12.734],[-56.034,-12.725],[-56.04,-12.714],[-56.038,-12.704],[-56.041,-12.698],[-56.052,-12.703],[-56.054,-12.7],[-56.049,-12.694],[-56.054,-12.686],[-56.063,-12.684],[-56.074,-12.677],[-56.083,-12.684],[-56.075,-12.685],[-56.082,-12.693],[-56.092,-12.683],[-56.094,-12.671],[-56.088,-12.663],[-56.094,-12.655],[-56.105,-12.654],[-56.104,-12.647],[-56.114,-12.643],[-56.117,-12.638],[-56.108,-12.635],[-56.102,-12.638],[-56.106,-12.624],[-56.113,-12.618],[-56.111,-12.615],[-56.102,-12.612],[-56.105,-12.607],[-56.112,-12.607],[-56.11,-12.6],[-56.102,-12.607],[-56.093,-12.606],[-56.097,-12.595],[-56.081,-12.591],[-56.083,-12.578],[-56.073,-12.574],[-56.068,-12.566],[-56.072,-12.561],[-56.076,-12.558],[-56.073,-12.545],[-56.084,-12.54],[-56.081,-12.531],[-56.088,-12.528],[-56.093,-12.52],[-56.092,-12.503],[-56.09,-12.498],[-56.084,-12.496],[-56.082,-12.488],[-56.075,-12.488],[-56.085,-12.48],[-56.067,-12.476],[-56.079,-12.469],[-56.069,-12.464],[-56.076,-12.455],[-56.059,-12.456],[-56.066,-12.44],[-56.064,-12.433],[-56.058,-12.436],[-56.059,-12.428],[-56.049,-12.421],[-56.056,-12.418],[-56.054,-12.405],[-56.06,-12.398],[-56.059,-12.392],[-56.041,-12.397],[-56.044,-12.389],[-56.049,-12.387],[-56.048,-12.381],[-56.039,-12.383],[-56.036,-12.377],[-56.036,-12.368],[-56.028,-12.372],[-56.016,-12.365],[-56.021,-12.359],[-56.012,-12.341],[-56.012,-12.335],[-56.018,-12.328],[-56.012,-12.316],[-56.003,-12.318],[-55.994,-12.301],[-55.99,-12.31],[-55.976,-12.298],[-55.97,-12.297],[-55.968,-12.291],[-55.957,-12.283],[-55.959,-12.275],[-55.95,-12.27],[-55.95,-12.259],[-55.933,-12.247],[-55.931,-12.238],[-55.915,-12.234],[-55.923,-12.225],[-55.924,-12.217],[-55.903,-12.208],[-55.912,-12.203],[-55.911,-12.198],[-55.902,-12.194],[-55.901,-12.204],[-55.892,-12.203],[-55.896,-12.195],[-55.894,-12.187],[-55.902,-12.181],[-55.9,-12.175],[-55.904,-12.164],[-55.895,-12.151],[-55.903,-12.138],[-55.887,-12.141],[-55.886,-12.138],[-55.888,-12.128],[-55.896,-12.124],[-55.905,-12.127],[-55.901,-12.121],[-55.895,-12.121],[-55.894,-12.118],[-55.91,-12.113],[-55.908,-12.11],[-55.898,-12.116],[-55.896,-12.112],[-55.901,-12.106],[-55.911,-12.101],[-55.903,-12.099],[-55.901,-12.093],[-55.91,-12.085],[-55.903,-12.083],[-55.896,-12.075],[-55.898,-12.072],[-55.905,-12.074],[-55.909,-12.071],[-55.905,-12.064],[-55.91,-12.059],[-55.9,-12.037],[-55.908,-12.032],[-55.905,-12.027],[-55.897,-12.028],[-55.907,-12.007],[-55.901,-12.005],[-55.898,-12.015],[-55.894,-12.015],[-55.899,-11.998],[-55.887,-11.986],[-55.891,-11.969],[-55.883,-11.965],[-55.882,-11.955],[-55.879,-11.954],[-55.89,-11.938],[-55.879,-11.94],[-55.884,-11.935],[-55.886,-11.926],[-55.893,-11.923],[-55.889,-11.92],[-55.89,-11.911],[-55.884,-11.913],[-55.878,-11.911],[-55.877,-11.893],[-55.876,-11.89],[-55.87,-11.891],[-55.868,-11.88],[-55.877,-11.884],[-55.878,-11.881],[-55.872,-11.865],[-55.858,-11.86],[-55.864,-11.854],[-55.861,-11.847],[-55.854,-11.845],[-55.845,-11.851],[-55.836,-11.842],[-55.839,-11.831],[-55.831,-11.809],[-55.827,-11.81],[-55.827,-11.815],[-55.822,-11.813],[-55.822,-11.806],[-55.84,-11.795],[-55.842,-11.79],[-55.84,-11.78],[-55.836,-11.779],[-55.831,-11.786],[-55.827,-11.786],[-55.824,-11.781],[-55.831,-11.753],[-55.826,-11.752],[-55.817,-11.761],[-55.815,-11.757],[-55.821,-11.747],[-55.819,-11.742],[-55.812,-11.745],[-55.81,-11.75],[-55.792,-11.752],[-55.791,-11.749],[-55.8,-11.745],[-55.8,-11.74],[-55.791,-11.736],[-55.782,-11.738],[-55.77,-11.725],[-55.758,-11.721],[-55.746,-11.733]]]}},{"type":"Feature","properties":{"id":"5107941","nome":"Tabapor\u00e3"},"geometry":{"type":"Polygon","coordinates":[[[-56.707,-10.514],[-56.697,-10.523],[-56.693,-10.522],[-56.689,-10.532],[-56.683,-10.533],[-56.682,-10.544],[-56.672,-10.547],[-56.671,-10.549],[-56.675,-10.551],[-56.667,-10.556],[-56.648,-10.584],[-56.624,-10.6],[-56.614,-10.596],[-56.614,-10.599],[-56.6,-10.601],[-56.583,-10.6],[-56.557,-10.615],[-56.552,-10.614],[-56.546,-10.621],[-56.545,-10.627],[-56.538,-10.625],[-56.524,-10.639],[-56.499,-10.646],[-56.467,-10.667],[-56.445,-10.674],[-56.432,-10.683],[-56.414,-10.7],[-56.403,-10.769],[-56.404,-10.8],[-56.443,-10.847],[-56.457,-10.849],[-56.468,-10.86],[-56.499,-10.873],[-56.508,-10.883],[-56.522,-10.912],[-56.537,-10.926],[-56.549,-10.93],[-56.551,-10.944],[-56.561,-10.951],[-56.56,-10.959],[-56.545,-10.971],[-56.548,-10.975],[-56.563,-10.98],[-56.58,-10.996],[-56.582,-11.003],[-56.592,-11.005],[-56.601,-11.012],[-56.615,-11.034],[-56.616,-11.042],[-56.612,-11.049],[-56.58,-11.055],[-56.558,-11.053],[-56.542,-11.064],[-56.522,-11.069],[-56.512,-11.074],[-56.498,-11.099],[-56.459,-11.1],[-56.444,-11.107],[-56.404,-11.087],[-56.384,-11.088],[-56.361,-11.093],[-56.322,-11.1],[-56.295,-11.099],[-56.252,-11.111],[-56.2,-11.14],[-56.179,-11.144],[-56.156,-11.154],[-56.141,-11.153],[-56.13,-11.162],[-56.088,-11.177],[-56.073,-11.179],[-56.04,-11.199],[-56.027,-11.211],[-56.002,-11.212],[-55.995,-11.218],[-55.943,-11.24],[-55.868,-11.271],[-55.826,-11.303],[-55.817,-11.306],[-55.814,-11.318],[-55.829,-11.321],[-55.831,-11.342],[-55.808,-11.376],[-55.799,-11.384],[-55.785,-11.428],[-55.787,-11.443],[-55.828,-11.482],[-55.832,-11.492],[-55.833,-11.546],[-55.842,-11.559],[-55.856,-11.565],[-55.858,-11.576],[-55.898,-11.59],[-55.916,-11.608],[-55.924,-11.61],[-55.946,-11.589],[-55.952,-11.589],[-55.959,-11.596],[-55.958,-11.607],[-55.968,-11.62],[-56.049,-11.641],[-56.09,-11.634],[-56.168,-11.638],[-56.23,-11.625],[-56.301,-11.587],[-56.318,-11.58],[-56.545,-11.512],[-56.723,-11.491],[-56.761,-11.498],[-56.757,-11.493],[-56.762,-11.492],[-56.776,-11.498],[-56.792,-11.5],[-56.832,-11.499],[-56.843,-11.495],[-56.856,-11.508],[-56.873,-11.503],[-56.883,-11.492],[-56.909,-11.487],[-56.899,-11.472],[-56.891,-11.447],[-56.897,-11.437],[-56.899,-11.417],[-56.893,-11.407],[-56.889,-11.381],[-56.893,-11.368],[-56.907,-11.372],[-56.918,-11.38],[-56.928,-11.381],[-56.939,-11.39],[-56.972,-11.384],[-56.994,-11.39],[-57.002,-11.385],[-57.008,-11.376],[-57.026,-11.368],[-57.034,-11.361],[-57.05,-11.369],[-57.058,-11.368],[-57.062,-11.346],[-57.073,-11.342],[-57.097,-11.346],[-57.108,-11.359],[-57.118,-11.354],[-57.128,-11.353],[-57.139,-11.344],[-57.137,-11.32],[-57.107,-11.306],[-57.088,-11.304],[-57.086,-11.294],[-57.092,-11.29],[-57.092,-11.286],[-57.082,-11.276],[-57.069,-11.271],[-57.068,-11.263],[-57.059,-11.251],[-57.073,-11.227],[-57.075,-11.213],[-57.072,-11.199],[-57.061,-11.178],[-57.043,-11.167],[-57.025,-11.15],[-57.012,-11.125],[-57.017,-11.12],[-57.014,-11.108],[-57.021,-11.097],[-57.023,-11.08],[-57.028,-11.072],[-57.025,-11.063],[-57.035,-11.058],[-57.035,-11.05],[-57.042,-11.044],[-57.049,-11.025],[-57.067,-11.015],[-57.067,-11.009],[-57.061,-11.002],[-57.072,-10.991],[-57.065,-10.985],[-57.053,-10.988],[-57.047,-10.984],[-57.052,-10.96],[-57.048,-10.956],[-57.038,-10.96],[-57.032,-10.973],[-57.01,-10.97],[-57.002,-10.983],[-56.986,-10.971],[-56.973,-10.975],[-56.963,-10.974],[-56.955,-10.966],[-56.949,-10.965],[-56.934,-10.975],[-56.933,-10.965],[-56.947,-10.947],[-56.947,-10.942],[-56.924,-10.943],[-56.919,-10.948],[-56.919,-10.957],[-56.896,-10.943],[-56.883,-10.957],[-56.867,-10.947],[-56.847,-10.949],[-56.847,-10.965],[-56.837,-10.975],[-56.812,-10.971],[-56.799,-10.983],[-56.782,-10.985],[-56.771,-11.004],[-56.771,-11.019],[-56.765,-11.02],[-56.756,-11.011],[-56.751,-11.012],[-56.732,-11.031],[-56.736,-11.043],[-56.733,-11.047],[-56.718,-11.044],[-56.724,-11.02],[-56.699,-11.031],[-56.697,-11.032],[-56.698,-10.957],[-56.698,-10.931],[-56.707,-10.925],[-56.717,-10.907],[-56.719,-10.892],[-56.733,-10.881],[-56.732,-10.864],[-56.754,-10.84],[-56.766,-10.817],[-56.776,-10.808],[-56.787,-10.791],[-56.8,-10.781],[-56.807,-10.769],[-56.817,-10.738],[-56.812,-10.719],[-56.804,-10.711],[-56.802,-10.674],[-56.797,-10.668],[-56.8,-10.659],[-56.794,-10.648],[-56.795,-10.644],[-56.788,-10.627],[-56.792,-10.598],[-56.787,-10.595],[-56.784,-10.575],[-56.759,-10.545],[-56.748,-10.54],[-56.748,-10.526],[-56.735,-10.517],[-56.731,-10.507],[-56.716,-10.498],[-56.716,-10.493],[-56.709,-10.5],[-56.711,-10.507],[-56.707,-10.514]]]}},{"type":"Feature","properties":{"id":"5107958","nome":"Tangar\u00e1 da Serra"},"geometry":{"type":"Polygon","coordinates":[[[-58.095,-14.073],[-58.091,-14.08],[-58.091,-14.084],[-58.099,-14.09],[-58.088,-14.097],[-58.086,-14.109],[-58.093,-14.121],[-58.088,-14.131],[-58.1,-14.138],[-58.101,-14.144],[-58.102,-14.149],[-58.096,-14.158],[-58.11,-14.165],[-58.108,-14.168],[-58.116,-14.176],[-58.112,-14.18],[-58.115,-14.185],[-58.119,-14.186],[-58.126,-14.199],[-58.133,-14.198],[-58.144,-14.205],[-58.148,-14.216],[-58.159,-14.229],[-58.169,-14.23],[-58.172,-14.236],[-58.169,-14.243],[-58.174,-14.242],[-58.178,-14.247],[-58.175,-14.251],[-58.176,-14.256],[-58.188,-14.262],[-58.196,-14.276],[-58.207,-14.28],[-58.208,-14.29],[-58.217,-14.301],[-58.215,-14.308],[-58.223,-14.325],[-58.221,-14.333],[-58.228,-14.342],[-58.226,-14.372],[-58.231,-14.385],[-58.167,-14.371],[-57.987,-14.331],[-57.959,-14.325],[-57.893,-14.311],[-57.832,-14.297],[-57.813,-14.302],[-57.735,-14.291],[-57.716,-14.291],[-57.727,-14.318],[-57.722,-14.334],[-57.725,-14.363],[-57.729,-14.377],[-57.711,-14.39],[-57.712,-14.399],[-57.701,-14.418],[-57.697,-14.455],[-57.712,-14.491],[-57.709,-14.502],[-57.702,-14.503],[-57.69,-14.519],[-57.689,-14.523],[-57.679,-14.524],[-57.682,-14.535],[-57.674,-14.542],[-57.67,-14.554],[-57.661,-14.557],[-57.653,-14.565],[-57.644,-14.562],[-57.647,-14.55],[-57.638,-14.543],[-57.633,-14.549],[-57.631,-14.545],[-57.625,-14.545],[-57.626,-14.535],[-57.618,-14.534],[-57.606,-14.516],[-57.6,-14.517],[-57.596,-14.512],[-57.596,-14.505],[-57.602,-14.503],[-57.605,-14.494],[-57.601,-14.495],[-57.598,-14.499],[-57.594,-14.497],[-57.59,-14.503],[-57.583,-14.502],[-57.58,-14.505],[-57.575,-14.501],[-57.571,-14.491],[-57.561,-14.488],[-57.564,-14.483],[-57.557,-14.48],[-57.557,-14.473],[-57.55,-14.474],[-57.544,-14.469],[-57.536,-14.476],[-57.529,-14.466],[-57.514,-14.46],[-57.509,-14.444],[-57.503,-14.439],[-57.5,-14.442],[-57.495,-14.441],[-57.493,-14.443],[-57.496,-14.447],[-57.493,-14.447],[-57.486,-14.439],[-57.482,-14.447],[-57.484,-14.451],[-57.48,-14.454],[-57.478,-14.449],[-57.462,-14.442],[-57.455,-14.439],[-57.451,-14.442],[-57.452,-14.448],[-57.441,-14.455],[-57.45,-14.474],[-57.447,-14.476],[-57.434,-14.474],[-57.432,-14.483],[-57.435,-14.491],[-57.433,-14.493],[-57.411,-14.486],[-57.407,-14.485],[-57.398,-14.493],[-57.391,-14.491],[-57.394,-14.497],[-57.372,-14.504],[-57.363,-14.497],[-57.366,-14.497],[-57.365,-14.494],[-57.357,-14.498],[-57.352,-14.498],[-57.358,-14.489],[-57.353,-14.484],[-57.344,-14.484],[-57.346,-14.478],[-57.342,-14.479],[-57.339,-14.49],[-57.329,-14.496],[-57.322,-14.512],[-57.327,-14.518],[-57.327,-14.527],[-57.305,-14.537],[-57.304,-14.548],[-57.295,-14.546],[-57.29,-14.544],[-57.288,-14.55],[-57.279,-14.556],[-57.244,-14.55],[-57.234,-14.541],[-57.228,-14.539],[-57.195,-14.548],[-57.173,-14.54],[-57.163,-14.541],[-57.15,-14.547],[-57.144,-14.56],[-57.144,-14.576],[-57.163,-14.592],[-57.167,-14.606],[-57.225,-14.631],[-57.264,-14.645],[-57.273,-14.653],[-57.28,-14.653],[-57.288,-14.649],[-57.302,-14.649],[-57.308,-14.648],[-57.309,-14.652],[-57.314,-14.668],[-57.333,-14.672],[-57.355,-14.668],[-57.365,-14.67],[-57.378,-14.67],[-57.385,-14.664],[-57.407,-14.669],[-57.414,-14.672],[-57.409,-14.684],[-57.411,-14.69],[-57.426,-14.683],[-57.435,-14.69],[-57.438,-14.703],[-57.436,-14.716],[-57.448,-14.721],[-57.463,-14.721],[-57.47,-14.716],[-57.475,-14.721],[-57.494,-14.719],[-57.495,-14.722],[-57.515,-14.718],[-57.526,-14.707],[-57.535,-14.704],[-57.548,-14.724],[-57.549,-14.734],[-57.561,-14.739],[-57.578,-14.734],[-57.606,-14.737],[-57.616,-14.729],[-57.632,-14.723],[-57.647,-14.728],[-57.66,-14.752],[-57.676,-14.758],[-57.677,-14.762],[-57.691,-14.771],[-57.7,-14.769],[-57.708,-14.774],[-57.714,-14.774],[-57.722,-14.782],[-57.728,-14.803],[-57.738,-14.809],[-57.749,-14.827],[-57.744,-14.833],[-57.75,-14.835],[-57.748,-14.842],[-57.751,-14.844],[-57.749,-14.848],[-57.743,-14.849],[-57.748,-14.858],[-57.746,-14.86],[-57.752,-14.863],[-57.758,-14.858],[-57.763,-14.859],[-57.775,-14.867],[-57.801,-14.861],[-57.825,-14.867],[-57.828,-14.855],[-57.83,-14.85],[-57.842,-14.851],[-57.849,-14.846],[-57.846,-14.837],[-57.858,-14.832],[-57.866,-14.836],[-57.87,-14.825],[-57.878,-14.827],[-57.883,-14.823],[-57.883,-14.818],[-57.878,-14.815],[-57.878,-14.812],[-57.884,-14.816],[-57.901,-14.816],[-57.902,-14.826],[-57.905,-14.831],[-57.909,-14.831],[-57.92,-14.819],[-57.936,-14.81],[-57.94,-14.811],[-57.949,-14.807],[-57.947,-14.8],[-57.952,-14.795],[-57.958,-14.794],[-57.955,-14.8],[-57.958,-14.801],[-57.973,-14.788],[-57.978,-14.793],[-57.985,-14.792],[-58.008,-14.762],[-58.02,-14.758],[-58.038,-14.76],[-58.045,-14.755],[-58.047,-14.758],[-58.055,-14.758],[-58.049,-14.749],[-58.055,-14.746],[-58.08,-14.749],[-58.1,-14.744],[-58.103,-14.737],[-58.11,-14.736],[-58.126,-14.722],[-58.137,-14.718],[-58.163,-14.714],[-58.172,-14.72],[-58.175,-14.718],[-58.195,-14.727],[-58.194,-14.73],[-58.202,-14.735],[-58.202,-14.744],[-58.21,-14.747],[-58.215,-14.759],[-58.228,-14.769],[-58.239,-14.771],[-58.24,-14.768],[-58.253,-14.772],[-58.272,-14.789],[-58.297,-14.803],[-58.326,-14.801],[-58.34,-14.796],[-58.343,-14.784],[-58.355,-14.785],[-58.37,-14.777],[-58.375,-14.765],[-58.371,-14.76],[-58.372,-14.752],[-58.383,-14.746],[-58.401,-14.743],[-58.404,-14.739],[-58.402,-14.731],[-58.396,-14.723],[-58.401,-14.719],[-58.392,-14.71],[-58.479,-14.684],[-58.491,-14.686],[-58.493,-14.692],[-58.503,-14.699],[-58.501,-14.706],[-58.508,-14.714],[-58.515,-14.735],[-58.519,-14.735],[-58.519,-14.743],[-58.522,-14.741],[-58.531,-14.748],[-58.539,-14.745],[-58.549,-14.751],[-58.548,-14.755],[-58.551,-14.757],[-58.553,-14.768],[-58.548,-14.774],[-58.555,-14.778],[-58.561,-14.775],[-58.563,-14.779],[-58.568,-14.776],[-58.571,-14.784],[-58.57,-14.789],[-58.573,-14.789],[-58.576,-14.794],[-58.581,-14.793],[-58.583,-14.797],[-58.591,-14.798],[-58.589,-14.8],[-58.593,-14.806],[-58.595,-14.803],[-58.596,-14.808],[-58.598,-14.806],[-58.602,-14.817],[-58.608,-14.819],[-58.61,-14.827],[-58.613,-14.824],[-58.616,-14.826],[-58.626,-14.82],[-58.627,-14.813],[-58.642,-14.8],[-58.646,-14.792],[-58.643,-14.78],[-58.66,-14.763],[-58.668,-14.759],[-58.659,-14.745],[-58.663,-14.735],[-58.672,-14.73],[-58.674,-14.723],[-58.671,-14.719],[-58.675,-14.719],[-58.676,-14.712],[-58.677,-14.71],[-58.684,-14.698],[-58.695,-14.692],[-58.71,-14.668],[-58.717,-14.664],[-58.721,-14.654],[-58.733,-14.648],[-58.751,-14.615],[-58.769,-14.601],[-58.773,-14.602],[-58.874,-14.598],[-58.95,-14.587],[-58.968,-14.587],[-59.018,-14.621],[-59.057,-14.655],[-59.084,-14.664],[-59.094,-14.666],[-59.106,-14.659],[-59.107,-14.655],[-59.102,-14.652],[-59.099,-14.655],[-59.094,-14.652],[-59.079,-14.653],[-59.076,-14.656],[-59.059,-14.643],[-59.047,-14.643],[-59.037,-14.63],[-59.036,-14.607],[-59.046,-14.599],[-59.05,-14.59],[-59.046,-14.582],[-59.048,-14.576],[-59.045,-14.562],[-59.048,-14.533],[-59.059,-14.526],[-59.06,-14.521],[-59.072,-14.524],[-59.075,-14.521],[-59.074,-14.515],[-59.068,-14.51],[-59.071,-14.504],[-59.068,-14.499],[-59.071,-14.498],[-59.073,-14.492],[-59.067,-14.49],[-59.07,-14.479],[-59.063,-14.474],[-59.068,-14.467],[-59.066,-14.456],[-59.07,-14.454],[-59.07,-14.442],[-59.063,-14.438],[-59.058,-14.427],[-59.066,-14.42],[-59.062,-14.411],[-59.066,-14.407],[-59.062,-14.381],[-59.054,-14.372],[-59.052,-14.361],[-59.056,-14.35],[-59.054,-14.336],[-59.06,-14.326],[-59.055,-14.325],[-59.059,-14.32],[-59.056,-14.31],[-59.064,-14.301],[-59.069,-14.288],[-59.089,-14.276],[-59.092,-14.274],[-59.092,-14.263],[-59.084,-14.259],[-59.088,-14.255],[-59.093,-14.256],[-59.098,-14.248],[-59.095,-14.242],[-59.103,-14.23],[-59.099,-14.224],[-59.1,-14.219],[-59.094,-14.212],[-59.095,-14.205],[-59.091,-14.192],[-59.082,-14.184],[-59.081,-14.179],[-59.069,-14.173],[-59.066,-14.165],[-59.069,-14.158],[-59.068,-14.152],[-59.07,-14.149],[-59.074,-14.15],[-59.077,-14.138],[-59.069,-14.129],[-59.066,-14.13],[-59.067,-14.12],[-59.06,-14.119],[-59.065,-14.108],[-59.063,-14.104],[-59.058,-14.105],[-59.055,-14.102],[-59.063,-14.094],[-59.053,-14.09],[-59.059,-14.085],[-59.049,-14.078],[-59.044,-14.069],[-59.047,-14.067],[-59.046,-14.061],[-59.049,-14.053],[-59.043,-14.053],[-59.045,-14.058],[-59.043,-14.06],[-59.037,-14.057],[-59.039,-14.051],[-59.044,-14.05],[-59.04,-14.048],[-59.041,-14.044],[-59.036,-14.039],[-59.037,-14.032],[-59.044,-14.029],[-59.037,-14.024],[-59.035,-14.017],[-59.038,-14.01],[-59.035,-14.008],[-59.042,-14.004],[-59.042,-13.998],[-58.796,-14.0],[-58.649,-14.0],[-58.085,-14.003],[-58.087,-14.006],[-58.082,-14.009],[-58.08,-14.016],[-58.089,-14.026],[-58.082,-14.029],[-58.083,-14.034],[-58.092,-14.038],[-58.089,-14.04],[-58.091,-14.047],[-58.088,-14.052],[-58.091,-14.06],[-58.097,-14.062],[-58.095,-14.073]]]}},{"type":"Feature","properties":{"id":"5108006","nome":"Tapurah"},"geometry":{"type":"Polygon","coordinates":[[[-56.343,-12.302],[-56.285,-12.362],[-56.274,-12.383],[-56.246,-12.418],[-56.243,-12.427],[-56.243,-12.454],[-56.188,-12.384],[-56.179,-12.395],[-56.162,-12.398],[-56.151,-12.404],[-56.146,-12.402],[-56.137,-12.406],[-56.131,-12.401],[-56.12,-12.402],[-56.118,-12.422],[-56.12,-12.428],[-56.106,-12.434],[-56.1,-12.428],[-56.092,-12.428],[-56.083,-12.424],[-56.059,-12.428],[-56.058,-12.436],[-56.064,-12.433],[-56.066,-12.44],[-56.059,-12.456],[-56.076,-12.455],[-56.069,-12.464],[-56.079,-12.469],[-56.067,-12.476],[-56.085,-12.48],[-56.075,-12.488],[-56.082,-12.488],[-56.084,-12.496],[-56.09,-12.498],[-56.092,-12.503],[-56.093,-12.52],[-56.088,-12.528],[-56.081,-12.531],[-56.084,-12.54],[-56.073,-12.545],[-56.076,-12.558],[-56.072,-12.561],[-56.068,-12.566],[-56.073,-12.574],[-56.083,-12.578],[-56.081,-12.591],[-56.097,-12.595],[-56.093,-12.606],[-56.102,-12.607],[-56.11,-12.6],[-56.112,-12.607],[-56.105,-12.607],[-56.102,-12.612],[-56.111,-12.615],[-56.113,-12.618],[-56.106,-12.624],[-56.102,-12.638],[-56.108,-12.635],[-56.117,-12.638],[-56.124,-12.644],[-56.136,-12.646],[-56.138,-12.651],[-56.155,-12.653],[-56.165,-12.671],[-56.173,-12.676],[-56.179,-12.689],[-56.188,-12.691],[-56.194,-12.688],[-56.204,-12.693],[-56.203,-12.696],[-56.212,-12.697],[-56.229,-12.69],[-56.242,-12.695],[-56.25,-12.702],[-56.267,-12.702],[-56.284,-12.716],[-56.305,-12.747],[-56.301,-12.76],[-56.323,-12.769],[-56.336,-12.78],[-56.34,-12.811],[-56.37,-12.844],[-56.376,-12.86],[-56.378,-12.88],[-56.39,-12.889],[-56.405,-12.888],[-56.41,-12.894],[-56.412,-12.899],[-56.432,-12.895],[-56.514,-12.898],[-56.524,-12.898],[-56.522,-12.884],[-56.54,-12.874],[-56.577,-12.882],[-56.613,-12.877],[-56.638,-12.869],[-56.654,-12.855],[-56.709,-12.846],[-56.727,-12.832],[-56.73,-12.824],[-56.736,-12.819],[-56.755,-12.819],[-56.772,-12.833],[-56.798,-12.79],[-56.801,-12.768],[-56.798,-12.756],[-56.812,-12.752],[-56.827,-12.737],[-56.834,-12.712],[-56.846,-12.702],[-56.845,-12.677],[-56.863,-12.674],[-56.868,-12.656],[-56.887,-12.64],[-56.898,-12.637],[-56.902,-12.63],[-56.902,-12.611],[-56.893,-12.604],[-56.898,-12.589],[-56.899,-12.567],[-56.903,-12.56],[-56.918,-12.554],[-56.932,-12.558],[-56.937,-12.544],[-56.931,-12.534],[-56.931,-12.526],[-56.936,-12.523],[-56.952,-12.525],[-56.958,-12.522],[-56.953,-12.513],[-56.942,-12.511],[-56.945,-12.498],[-56.943,-12.475],[-56.952,-12.469],[-56.946,-12.451],[-56.955,-12.444],[-56.957,-12.438],[-56.941,-12.427],[-56.947,-12.42],[-56.947,-12.404],[-56.963,-12.402],[-56.967,-12.398],[-56.963,-12.379],[-56.974,-12.363],[-56.97,-12.334],[-56.98,-12.315],[-56.979,-12.309],[-56.957,-12.304],[-56.955,-12.3],[-56.953,-12.288],[-56.942,-12.29],[-56.933,-12.288],[-56.932,-12.292],[-56.929,-12.292],[-56.931,-12.297],[-56.922,-12.3],[-56.918,-12.312],[-56.913,-12.307],[-56.908,-12.324],[-56.902,-12.325],[-56.9,-12.318],[-56.898,-12.318],[-56.898,-12.331],[-56.892,-12.331],[-56.892,-12.336],[-56.887,-12.335],[-56.885,-12.34],[-56.878,-12.339],[-56.872,-12.344],[-56.875,-12.348],[-56.868,-12.353],[-56.863,-12.352],[-56.866,-12.356],[-56.857,-12.362],[-56.856,-12.367],[-56.848,-12.367],[-56.843,-12.372],[-56.827,-12.36],[-56.827,-12.365],[-56.817,-12.365],[-56.81,-12.374],[-56.806,-12.369],[-56.804,-12.374],[-56.801,-12.373],[-56.802,-12.37],[-56.795,-12.368],[-56.793,-12.362],[-56.789,-12.367],[-56.772,-12.352],[-56.767,-12.354],[-56.768,-12.343],[-56.765,-12.344],[-56.753,-12.335],[-56.748,-12.338],[-56.744,-12.334],[-56.744,-12.327],[-56.739,-12.334],[-56.72,-12.328],[-56.721,-12.319],[-56.712,-12.327],[-56.7,-12.319],[-56.698,-12.324],[-56.692,-12.315],[-56.675,-12.325],[-56.67,-12.322],[-56.658,-12.335],[-56.661,-12.338],[-56.658,-12.342],[-56.647,-12.339],[-56.643,-12.343],[-56.642,-12.348],[-56.632,-12.346],[-56.627,-12.348],[-56.635,-12.358],[-56.633,-12.363],[-56.622,-12.368],[-56.614,-12.361],[-56.607,-12.355],[-56.605,-12.342],[-56.6,-12.336],[-56.579,-12.336],[-56.563,-12.349],[-56.545,-12.342],[-56.529,-12.348],[-56.519,-12.341],[-56.513,-12.329],[-56.506,-12.329],[-56.495,-12.322],[-56.48,-12.321],[-56.476,-12.315],[-56.467,-12.312],[-56.464,-12.303],[-56.363,-12.265],[-56.362,-12.276],[-56.343,-12.302]]]}},{"type":"Feature","properties":{"id":"5108055","nome":"Terra Nova do Norte"},"geometry":{"type":"Polygon","coordinates":[[[-54.842,-10.335],[-54.836,-10.34],[-54.807,-10.333],[-54.796,-10.346],[-54.785,-10.344],[-54.782,-10.341],[-54.785,-10.336],[-54.776,-10.331],[-54.774,-10.334],[-54.763,-10.335],[-54.759,-10.319],[-54.752,-10.32],[-54.747,-10.353],[-54.736,-10.36],[-54.731,-10.355],[-54.731,-10.364],[-54.723,-10.37],[-54.718,-10.368],[-54.718,-10.355],[-54.714,-10.349],[-54.71,-10.349],[-54.705,-10.358],[-54.709,-10.368],[-54.706,-10.369],[-54.709,-10.375],[-54.713,-10.388],[-54.708,-10.39],[-54.712,-10.394],[-54.718,-10.394],[-54.715,-10.401],[-54.719,-10.414],[-54.71,-10.407],[-54.706,-10.411],[-54.709,-10.419],[-54.705,-10.422],[-54.699,-10.424],[-54.691,-10.418],[-54.66,-10.43],[-54.661,-10.436],[-54.654,-10.444],[-54.661,-10.445],[-54.666,-10.452],[-54.661,-10.461],[-54.652,-10.465],[-54.652,-10.477],[-54.645,-10.482],[-54.649,-10.49],[-54.643,-10.495],[-54.644,-10.505],[-54.652,-10.506],[-54.642,-10.521],[-54.639,-10.537],[-54.644,-10.545],[-54.641,-10.549],[-54.643,-10.556],[-54.647,-10.559],[-54.648,-10.555],[-54.658,-10.559],[-54.662,-10.558],[-54.671,-10.567],[-54.668,-10.574],[-54.674,-10.576],[-54.674,-10.582],[-54.667,-10.585],[-54.672,-10.593],[-54.679,-10.592],[-54.683,-10.597],[-54.684,-10.592],[-54.687,-10.592],[-54.693,-10.601],[-54.697,-10.599],[-54.698,-10.604],[-54.705,-10.604],[-54.706,-10.61],[-54.718,-10.602],[-54.724,-10.605],[-54.722,-10.61],[-54.729,-10.614],[-54.728,-10.607],[-54.735,-10.605],[-54.747,-10.611],[-54.757,-10.611],[-54.765,-10.605],[-54.766,-10.612],[-54.774,-10.613],[-54.785,-10.619],[-54.797,-10.619],[-54.799,-10.616],[-54.798,-10.618],[-54.807,-10.633],[-54.816,-10.638],[-54.814,-10.648],[-54.819,-10.67],[-54.825,-10.676],[-54.834,-10.678],[-54.833,-10.686],[-54.836,-10.692],[-54.841,-10.695],[-54.843,-10.706],[-54.863,-10.712],[-54.867,-10.721],[-54.88,-10.727],[-54.904,-10.717],[-54.917,-10.722],[-54.925,-10.721],[-54.935,-10.728],[-54.943,-10.726],[-54.946,-10.721],[-54.953,-10.721],[-54.956,-10.716],[-54.974,-10.724],[-54.996,-10.726],[-55.079,-10.722],[-55.077,-10.734],[-55.082,-10.747],[-55.102,-10.753],[-55.114,-10.744],[-55.135,-10.739],[-55.139,-10.733],[-55.155,-10.734],[-55.162,-10.724],[-55.164,-10.706],[-55.158,-10.7],[-55.172,-10.686],[-55.176,-10.672],[-55.185,-10.67],[-55.191,-10.664],[-55.188,-10.656],[-55.192,-10.647],[-55.203,-10.638],[-55.203,-10.631],[-55.21,-10.629],[-55.216,-10.622],[-55.217,-10.609],[-55.224,-10.608],[-55.228,-10.604],[-55.228,-10.595],[-55.24,-10.565],[-55.249,-10.561],[-55.25,-10.556],[-55.258,-10.558],[-55.259,-10.553],[-55.271,-10.552],[-55.274,-10.548],[-55.277,-10.547],[-55.282,-10.541],[-55.298,-10.534],[-55.31,-10.535],[-55.32,-10.521],[-55.333,-10.511],[-55.33,-10.5],[-55.334,-10.491],[-55.35,-10.482],[-55.331,-10.463],[-55.322,-10.463],[-55.313,-10.458],[-55.294,-10.477],[-55.263,-10.482],[-55.256,-10.476],[-55.251,-10.464],[-55.242,-10.457],[-55.225,-10.438],[-55.225,-10.428],[-55.221,-10.417],[-55.212,-10.413],[-55.201,-10.378],[-55.197,-10.378],[-55.19,-10.366],[-55.181,-10.366],[-55.167,-10.354],[-55.164,-10.339],[-55.172,-10.322],[-55.17,-10.317],[-55.171,-10.311],[-55.168,-10.304],[-55.156,-10.301],[-55.154,-10.278],[-55.165,-10.263],[-55.168,-10.233],[-55.032,-10.299],[-55.031,-10.3],[-54.99,-10.308],[-54.94,-10.318],[-54.864,-10.331],[-54.842,-10.335]]]}},{"type":"Feature","properties":{"id":"5108105","nome":"Tesouro"},"geometry":{"type":"Polygon","coordinates":[[[-53.419,-15.579],[-53.414,-15.585],[-53.387,-15.58],[-53.369,-15.581],[-53.357,-15.583],[-53.349,-15.594],[-53.344,-15.595],[-53.33,-15.587],[-53.287,-15.59],[-53.287,-15.622],[-53.284,-15.626],[-53.277,-15.626],[-53.257,-15.618],[-53.243,-15.622],[-53.242,-15.628],[-53.226,-15.626],[-53.194,-15.636],[-53.191,-15.647],[-53.196,-15.652],[-53.192,-15.664],[-53.163,-15.692],[-53.165,-15.703],[-53.159,-15.71],[-53.161,-15.713],[-53.157,-15.716],[-53.158,-15.724],[-53.139,-15.723],[-53.136,-15.732],[-53.141,-15.733],[-53.139,-15.737],[-53.133,-15.734],[-53.12,-15.74],[-53.114,-15.737],[-53.109,-15.744],[-53.106,-15.743],[-53.101,-15.735],[-53.104,-15.728],[-53.099,-15.726],[-53.072,-15.733],[-53.065,-15.726],[-53.058,-15.726],[-53.053,-15.733],[-53.043,-15.736],[-53.041,-15.737],[-53.046,-15.745],[-53.041,-15.758],[-53.051,-15.765],[-53.041,-15.771],[-53.034,-15.781],[-53.025,-15.787],[-53.036,-15.794],[-53.027,-15.81],[-53.032,-15.815],[-53.026,-15.828],[-53.031,-15.839],[-53.032,-15.859],[-53.035,-15.863],[-53.047,-15.866],[-53.07,-15.887],[-53.097,-15.885],[-53.112,-15.898],[-53.111,-15.912],[-53.116,-15.931],[-53.113,-15.948],[-53.106,-15.96],[-53.115,-15.964],[-53.125,-15.958],[-53.142,-15.979],[-53.162,-15.995],[-53.202,-15.996],[-53.21,-16.011],[-53.233,-16.012],[-53.24,-16.01],[-53.248,-16.012],[-53.254,-16.019],[-53.257,-16.035],[-53.269,-16.048],[-53.266,-16.065],[-53.269,-16.074],[-53.242,-16.104],[-53.249,-16.106],[-53.25,-16.101],[-53.254,-16.1],[-53.267,-16.105],[-53.278,-16.099],[-53.286,-16.117],[-53.278,-16.133],[-53.279,-16.138],[-53.292,-16.141],[-53.294,-16.149],[-53.287,-16.169],[-53.292,-16.172],[-53.304,-16.169],[-53.33,-16.167],[-53.341,-16.154],[-53.357,-16.15],[-53.359,-16.142],[-53.49,-16.145],[-53.506,-16.138],[-53.515,-16.144],[-53.526,-16.139],[-53.539,-16.137],[-53.54,-16.131],[-53.55,-16.123],[-53.555,-16.126],[-53.564,-16.122],[-53.571,-16.123],[-53.566,-16.14],[-53.577,-16.147],[-53.567,-16.157],[-53.579,-16.157],[-53.585,-16.163],[-53.588,-16.172],[-53.584,-16.179],[-53.59,-16.188],[-53.598,-16.187],[-53.605,-16.19],[-53.605,-16.196],[-53.61,-16.201],[-53.61,-16.213],[-53.608,-16.216],[-53.596,-16.216],[-53.604,-16.225],[-53.615,-16.227],[-53.616,-16.235],[-53.623,-16.232],[-53.625,-16.226],[-53.633,-16.226],[-53.631,-16.223],[-53.634,-16.218],[-53.636,-16.22],[-53.64,-16.216],[-53.655,-16.214],[-53.66,-16.21],[-53.661,-16.203],[-53.671,-16.204],[-53.675,-16.191],[-53.685,-16.19],[-53.689,-16.194],[-53.7,-16.194],[-53.696,-16.187],[-53.704,-16.171],[-53.7,-16.159],[-53.829,-16.159],[-53.821,-16.153],[-53.819,-16.145],[-53.834,-16.131],[-53.83,-16.115],[-53.811,-16.089],[-53.811,-16.081],[-53.829,-16.059],[-53.858,-16.053],[-53.852,-16.049],[-53.86,-16.037],[-53.866,-16.027],[-53.864,-16.017],[-53.873,-16.005],[-53.863,-16.003],[-53.854,-16.009],[-53.842,-16.011],[-53.838,-16.003],[-53.832,-16.001],[-53.808,-16.003],[-53.804,-15.98],[-53.808,-15.963],[-53.797,-15.955],[-53.777,-15.949],[-53.776,-15.945],[-53.795,-15.934],[-53.793,-15.929],[-53.78,-15.925],[-53.782,-15.916],[-53.778,-15.907],[-53.781,-15.9],[-53.771,-15.892],[-53.762,-15.881],[-53.744,-15.871],[-53.744,-15.866],[-53.755,-15.856],[-53.764,-15.84],[-53.786,-15.819],[-53.789,-15.813],[-53.788,-15.803],[-53.774,-15.783],[-53.773,-15.769],[-53.763,-15.749],[-53.763,-15.742],[-53.781,-15.73],[-53.777,-15.725],[-53.762,-15.725],[-53.753,-15.729],[-53.743,-15.74],[-53.736,-15.739],[-53.732,-15.727],[-53.725,-15.72],[-53.694,-15.735],[-53.66,-15.725],[-53.65,-15.725],[-53.627,-15.725],[-53.626,-15.711],[-53.611,-15.707],[-53.605,-15.697],[-53.581,-15.687],[-53.578,-15.657],[-53.569,-15.656],[-53.559,-15.666],[-53.554,-15.666],[-53.535,-15.644],[-53.527,-15.646],[-53.523,-15.642],[-53.51,-15.615],[-53.5,-15.611],[-53.496,-15.605],[-53.498,-15.6],[-53.49,-15.591],[-53.472,-15.581],[-53.463,-15.581],[-53.446,-15.584],[-53.43,-15.577],[-53.419,-15.579]]]}},{"type":"Feature","properties":{"id":"5108204","nome":"Torixor\u00e9u"},"geometry":{"type":"Polygon","coordinates":[[[-52.818,-16.033],[-52.819,-16.037],[-52.815,-16.039],[-52.815,-16.033],[-52.807,-16.035],[-52.803,-16.038],[-52.808,-16.041],[-52.799,-16.043],[-52.797,-16.048],[-52.786,-16.041],[-52.788,-16.051],[-52.784,-16.061],[-52.789,-16.065],[-52.78,-16.066],[-52.778,-16.072],[-52.774,-16.074],[-52.765,-16.072],[-52.763,-16.08],[-52.758,-16.08],[-52.76,-16.09],[-52.747,-16.091],[-52.744,-16.094],[-52.742,-16.089],[-52.728,-16.082],[-52.715,-16.082],[-52.693,-16.098],[-52.683,-16.096],[-52.668,-16.085],[-52.663,-16.088],[-52.66,-16.086],[-52.657,-16.091],[-52.661,-16.102],[-52.657,-16.102],[-52.655,-16.107],[-52.647,-16.108],[-52.646,-16.098],[-52.638,-16.097],[-52.63,-16.114],[-52.624,-16.112],[-52.618,-16.117],[-52.605,-16.099],[-52.597,-16.097],[-52.591,-16.102],[-52.59,-16.098],[-52.582,-16.097],[-52.579,-16.102],[-52.576,-16.101],[-52.579,-16.096],[-52.576,-16.077],[-52.564,-16.068],[-52.557,-16.073],[-52.552,-16.086],[-52.549,-16.086],[-52.538,-16.079],[-52.528,-16.082],[-52.518,-16.081],[-52.516,-16.088],[-52.5,-16.086],[-52.498,-16.091],[-52.486,-16.091],[-52.485,-16.108],[-52.475,-16.111],[-52.471,-16.126],[-52.476,-16.126],[-52.488,-16.13],[-52.492,-16.138],[-52.5,-16.142],[-52.513,-16.133],[-52.516,-16.135],[-52.525,-16.14],[-52.527,-16.156],[-52.548,-16.165],[-52.543,-16.18],[-52.55,-16.189],[-52.546,-16.219],[-52.545,-16.223],[-52.548,-16.225],[-52.566,-16.225],[-52.569,-16.228],[-52.568,-16.234],[-52.546,-16.258],[-52.547,-16.262],[-52.553,-16.265],[-52.562,-16.265],[-52.576,-16.25],[-52.58,-16.251],[-52.586,-16.267],[-52.59,-16.269],[-52.61,-16.272],[-52.623,-16.287],[-52.637,-16.283],[-52.647,-16.285],[-52.653,-16.28],[-52.662,-16.283],[-52.673,-16.294],[-52.676,-16.302],[-52.682,-16.304],[-52.691,-16.298],[-52.705,-16.298],[-52.709,-16.305],[-52.719,-16.309],[-52.73,-16.32],[-52.729,-16.33],[-52.742,-16.333],[-52.761,-16.352],[-52.778,-16.362],[-52.773,-16.361],[-52.771,-16.366],[-52.781,-16.385],[-52.776,-16.387],[-52.777,-16.393],[-52.773,-16.394],[-52.763,-16.413],[-52.765,-16.417],[-52.773,-16.421],[-52.777,-16.435],[-52.784,-16.431],[-52.789,-16.435],[-52.8,-16.436],[-52.805,-16.441],[-52.836,-16.457],[-52.844,-16.469],[-52.848,-16.475],[-52.858,-16.479],[-52.867,-16.487],[-52.87,-16.497],[-52.88,-16.508],[-52.886,-16.509],[-52.894,-16.526],[-52.908,-16.53],[-52.92,-16.538],[-52.921,-16.551],[-52.94,-16.565],[-52.946,-16.564],[-52.952,-16.566],[-52.953,-16.57],[-52.96,-16.569],[-52.966,-16.561],[-52.981,-16.558],[-52.98,-16.552],[-52.983,-16.55],[-52.987,-16.552],[-53.005,-16.55],[-53.009,-16.553],[-53.035,-16.558],[-53.043,-16.548],[-53.053,-16.545],[-53.079,-16.545],[-53.071,-16.529],[-53.076,-16.526],[-53.094,-16.529],[-53.096,-16.533],[-53.11,-16.536],[-53.117,-16.532],[-53.121,-16.539],[-53.126,-16.537],[-53.132,-16.541],[-53.139,-16.539],[-53.144,-16.534],[-53.151,-16.535],[-53.153,-16.54],[-53.165,-16.536],[-53.164,-16.531],[-53.169,-16.527],[-53.179,-16.527],[-53.177,-16.521],[-53.183,-16.515],[-53.182,-16.511],[-53.19,-16.507],[-53.187,-16.501],[-53.192,-16.501],[-53.204,-16.494],[-53.203,-16.481],[-53.21,-16.476],[-53.202,-16.466],[-53.204,-16.462],[-53.211,-16.462],[-53.206,-16.443],[-53.199,-16.429],[-53.191,-16.422],[-53.191,-16.418],[-53.183,-16.41],[-53.177,-16.412],[-53.161,-16.407],[-53.156,-16.409],[-53.155,-16.394],[-53.146,-16.392],[-53.147,-16.387],[-53.152,-16.384],[-53.146,-16.378],[-53.152,-16.376],[-53.154,-16.372],[-53.148,-16.368],[-53.152,-16.362],[-53.149,-16.353],[-53.155,-16.351],[-53.149,-16.346],[-53.158,-16.337],[-53.154,-16.321],[-53.158,-16.314],[-53.153,-16.307],[-53.154,-16.302],[-53.161,-16.302],[-53.163,-16.293],[-53.169,-16.288],[-53.167,-16.286],[-53.172,-16.282],[-53.169,-16.278],[-53.171,-16.271],[-53.168,-16.272],[-53.165,-16.267],[-53.167,-16.262],[-53.154,-16.252],[-53.152,-16.246],[-53.146,-16.244],[-53.141,-16.236],[-53.144,-16.233],[-53.138,-16.228],[-53.141,-16.222],[-53.128,-16.219],[-53.125,-16.215],[-53.12,-16.217],[-53.113,-16.214],[-53.101,-16.193],[-53.092,-16.198],[-53.088,-16.19],[-53.085,-16.191],[-53.082,-16.19],[-53.074,-16.196],[-53.065,-16.186],[-53.06,-16.187],[-53.06,-16.182],[-53.052,-16.18],[-53.05,-16.17],[-53.031,-16.181],[-53.033,-16.178],[-53.031,-16.173],[-53.021,-16.171],[-53.019,-16.166],[-53.006,-16.171],[-53.003,-16.161],[-52.995,-16.156],[-52.998,-16.151],[-52.99,-16.15],[-52.978,-16.145],[-52.981,-16.133],[-52.981,-16.13],[-52.966,-16.125],[-52.962,-16.13],[-52.951,-16.132],[-52.937,-16.128],[-52.936,-16.135],[-52.927,-16.134],[-52.924,-16.13],[-52.916,-16.134],[-52.909,-16.13],[-52.904,-16.133],[-52.902,-16.129],[-52.894,-16.125],[-52.908,-16.112],[-52.883,-16.11],[-52.883,-16.106],[-52.879,-16.101],[-52.881,-16.091],[-52.89,-16.081],[-52.882,-16.078],[-52.881,-16.075],[-52.868,-16.08],[-52.879,-16.064],[-52.876,-16.058],[-52.867,-16.06],[-52.864,-16.054],[-52.86,-16.055],[-52.853,-16.047],[-52.85,-16.044],[-52.853,-16.041],[-52.838,-16.035],[-52.831,-16.036],[-52.83,-16.033],[-52.825,-16.033],[-52.818,-16.026],[-52.818,-16.033]]]}},{"type":"Feature","properties":{"id":"5108303","nome":"Uni\u00e3o do Sul"},"geometry":{"type":"Polygon","coordinates":[[[-54.584,-11.19],[-54.578,-11.209],[-54.566,-11.222],[-54.566,-11.239],[-54.556,-11.26],[-54.559,-11.281],[-54.543,-11.302],[-54.543,-11.314],[-54.554,-11.337],[-54.55,-11.354],[-54.511,-11.415],[-54.491,-11.401],[-54.476,-11.396],[-54.47,-11.381],[-54.447,-11.365],[-54.433,-11.344],[-54.431,-11.334],[-54.422,-11.327],[-54.422,-11.309],[-54.393,-11.324],[-54.369,-11.325],[-54.364,-11.32],[-54.348,-11.345],[-54.336,-11.354],[-54.317,-11.354],[-54.302,-11.369],[-54.277,-11.358],[-54.269,-11.358],[-54.266,-11.352],[-54.249,-11.345],[-54.244,-11.337],[-54.225,-11.327],[-54.203,-11.321],[-54.191,-11.301],[-54.186,-11.298],[-54.166,-11.292],[-54.147,-11.294],[-54.132,-11.301],[-54.129,-11.3],[-54.128,-11.294],[-54.126,-11.294],[-54.127,-11.297],[-54.124,-11.292],[-54.119,-11.294],[-54.118,-11.288],[-54.112,-11.284],[-54.093,-11.286],[-54.085,-11.282],[-54.084,-11.285],[-54.076,-11.283],[-54.067,-11.272],[-54.066,-11.275],[-54.064,-11.27],[-54.057,-11.271],[-54.055,-11.267],[-54.053,-11.27],[-54.052,-11.264],[-54.051,-11.266],[-54.044,-11.262],[-54.042,-11.265],[-54.029,-11.256],[-54.025,-11.258],[-54.017,-11.248],[-54.012,-11.255],[-54.006,-11.251],[-54.001,-11.254],[-54.001,-11.251],[-53.998,-11.253],[-53.985,-11.248],[-53.966,-11.257],[-53.964,-11.253],[-53.968,-11.252],[-53.963,-11.251],[-53.96,-11.253],[-53.959,-11.249],[-53.953,-11.251],[-53.947,-11.242],[-53.938,-11.246],[-53.921,-11.242],[-53.923,-11.245],[-53.919,-11.246],[-53.918,-11.242],[-53.913,-11.245],[-53.911,-11.24],[-53.906,-11.244],[-53.904,-11.239],[-53.903,-11.243],[-53.899,-11.245],[-53.89,-11.241],[-53.889,-11.244],[-53.885,-11.241],[-53.878,-11.247],[-53.871,-11.244],[-53.868,-11.25],[-53.865,-11.247],[-53.85,-11.252],[-53.853,-11.255],[-53.852,-11.258],[-53.846,-11.252],[-53.837,-11.258],[-53.827,-11.255],[-53.826,-11.261],[-53.819,-11.262],[-53.816,-11.267],[-53.801,-11.267],[-53.799,-11.269],[-53.802,-11.271],[-53.797,-11.274],[-53.788,-11.272],[-53.793,-11.285],[-53.791,-11.288],[-53.78,-11.29],[-53.783,-11.295],[-53.786,-11.294],[-53.787,-11.306],[-53.794,-11.315],[-53.792,-11.324],[-53.798,-11.326],[-53.798,-11.341],[-53.805,-11.345],[-53.808,-11.353],[-53.824,-11.356],[-53.836,-11.37],[-53.833,-11.394],[-53.838,-11.39],[-53.841,-11.396],[-53.831,-11.398],[-53.829,-11.402],[-53.836,-11.405],[-53.837,-11.409],[-53.841,-11.407],[-53.844,-11.41],[-53.837,-11.42],[-53.84,-11.431],[-53.835,-11.432],[-53.838,-11.437],[-53.841,-11.434],[-53.844,-11.437],[-53.841,-11.444],[-53.838,-11.442],[-53.835,-11.446],[-53.838,-11.452],[-53.843,-11.45],[-53.847,-11.454],[-53.848,-11.463],[-53.858,-11.465],[-53.857,-11.474],[-53.853,-11.473],[-53.856,-11.478],[-53.852,-11.479],[-53.859,-11.49],[-53.851,-11.492],[-53.85,-11.496],[-53.865,-11.498],[-53.874,-11.504],[-53.871,-11.507],[-53.874,-11.511],[-53.882,-11.51],[-53.885,-11.515],[-53.889,-11.51],[-53.897,-11.51],[-53.902,-11.515],[-53.908,-11.51],[-53.915,-11.511],[-53.92,-11.518],[-53.925,-11.519],[-53.926,-11.526],[-53.932,-11.528],[-53.935,-11.535],[-53.942,-11.533],[-53.945,-11.538],[-53.951,-11.538],[-53.953,-11.534],[-53.951,-11.531],[-53.958,-11.531],[-53.961,-11.537],[-53.963,-11.534],[-53.969,-11.533],[-53.981,-11.546],[-53.982,-11.55],[-53.978,-11.553],[-53.983,-11.56],[-53.994,-11.559],[-53.992,-11.567],[-53.996,-11.572],[-53.995,-11.575],[-54.0,-11.576],[-54.006,-11.585],[-54.012,-11.586],[-54.017,-11.595],[-54.032,-11.595],[-54.031,-11.59],[-54.035,-11.596],[-54.042,-11.601],[-54.045,-11.614],[-54.05,-11.611],[-54.056,-11.611],[-54.054,-11.616],[-54.057,-11.619],[-54.066,-11.615],[-54.066,-11.619],[-54.07,-11.617],[-54.071,-11.621],[-54.085,-11.625],[-54.096,-11.636],[-54.108,-11.634],[-54.112,-11.638],[-54.11,-11.646],[-54.114,-11.653],[-54.125,-11.652],[-54.121,-11.665],[-54.135,-11.663],[-54.134,-11.674],[-54.137,-11.675],[-54.142,-11.688],[-54.147,-11.688],[-54.149,-11.693],[-54.147,-11.699],[-54.153,-11.702],[-54.15,-11.706],[-54.157,-11.721],[-54.163,-11.721],[-54.162,-11.729],[-54.174,-11.726],[-54.171,-11.741],[-54.183,-11.741],[-54.186,-11.743],[-54.184,-11.749],[-54.191,-11.748],[-54.19,-11.765],[-54.199,-11.772],[-54.198,-11.783],[-54.203,-11.784],[-54.203,-11.779],[-54.207,-11.782],[-54.208,-11.792],[-54.214,-11.789],[-54.22,-11.794],[-54.219,-11.802],[-54.225,-11.803],[-54.227,-11.812],[-54.235,-11.813],[-54.236,-11.82],[-54.246,-11.822],[-54.247,-11.832],[-54.254,-11.831],[-54.255,-11.835],[-54.263,-11.841],[-54.27,-11.839],[-54.266,-11.845],[-54.27,-11.844],[-54.269,-11.847],[-54.278,-11.85],[-54.28,-11.858],[-54.276,-11.861],[-54.282,-11.862],[-54.287,-11.873],[-54.295,-11.875],[-54.309,-11.872],[-54.324,-11.878],[-54.389,-11.883],[-54.406,-11.882],[-54.424,-11.874],[-54.471,-11.884],[-54.479,-11.875],[-54.499,-11.863],[-54.508,-11.865],[-54.554,-11.859],[-54.565,-11.863],[-54.579,-11.877],[-54.588,-11.876],[-54.635,-11.888],[-54.623,-11.879],[-54.602,-11.847],[-54.581,-11.84],[-54.576,-11.833],[-54.573,-11.815],[-54.565,-11.803],[-54.575,-11.8],[-54.585,-11.79],[-54.586,-11.784],[-54.596,-11.779],[-54.608,-11.783],[-54.584,-11.754],[-54.59,-11.73],[-54.588,-11.726],[-54.576,-11.679],[-54.603,-11.685],[-54.619,-11.702],[-54.636,-11.713],[-54.648,-11.715],[-54.658,-11.707],[-54.664,-11.679],[-54.673,-11.664],[-54.684,-11.658],[-54.715,-11.659],[-54.727,-11.649],[-54.725,-11.635],[-54.719,-11.623],[-54.72,-11.605],[-54.716,-11.595],[-54.717,-11.582],[-54.712,-11.568],[-54.719,-11.548],[-54.731,-11.538],[-54.718,-11.509],[-54.712,-11.512],[-54.71,-11.508],[-54.718,-11.502],[-54.716,-11.496],[-54.707,-11.492],[-54.715,-11.476],[-54.707,-11.471],[-54.706,-11.463],[-54.699,-11.457],[-54.705,-11.446],[-54.697,-11.439],[-54.706,-11.427],[-54.702,-11.425],[-54.7,-11.411],[-54.686,-11.405],[-54.69,-11.401],[-54.694,-11.402],[-54.694,-11.406],[-54.697,-11.406],[-54.701,-11.398],[-54.701,-11.387],[-54.697,-11.39],[-54.689,-11.389],[-54.697,-11.367],[-54.689,-11.36],[-54.696,-11.352],[-54.69,-11.348],[-54.69,-11.327],[-54.683,-11.318],[-54.687,-11.313],[-54.678,-11.314],[-54.691,-11.304],[-54.688,-11.296],[-54.699,-11.282],[-54.693,-11.274],[-54.698,-11.273],[-54.7,-11.268],[-54.686,-11.268],[-54.692,-11.264],[-54.695,-11.265],[-54.697,-11.257],[-54.684,-11.256],[-54.669,-11.247],[-54.663,-11.225],[-54.647,-11.227],[-54.644,-11.218],[-54.647,-11.212],[-54.643,-11.204],[-54.622,-11.21],[-54.618,-11.194],[-54.608,-11.196],[-54.599,-11.188],[-54.594,-11.184],[-54.584,-11.19]]]}},{"type":"Feature","properties":{"id":"5108352","nome":"Vale de S\u00e3o Domingos"},"geometry":{"type":"Polygon","coordinates":[[[-58.874,-14.598],[-58.773,-14.602],[-58.769,-14.601],[-58.76,-14.631],[-58.765,-14.642],[-58.76,-14.653],[-58.772,-14.666],[-58.774,-14.675],[-58.768,-14.7],[-58.763,-14.703],[-58.761,-14.724],[-58.767,-14.736],[-58.768,-14.752],[-58.774,-14.761],[-58.782,-14.766],[-58.796,-14.768],[-58.801,-14.777],[-58.793,-14.792],[-58.784,-14.799],[-58.792,-14.823],[-58.781,-14.851],[-58.802,-14.861],[-58.818,-14.862],[-58.827,-14.881],[-58.845,-14.899],[-58.845,-14.905],[-58.832,-14.912],[-58.829,-14.926],[-58.854,-14.975],[-58.852,-14.985],[-58.858,-15.004],[-58.875,-15.014],[-58.887,-15.047],[-58.876,-15.066],[-58.871,-15.103],[-58.871,-15.112],[-58.878,-15.128],[-58.876,-15.137],[-58.882,-15.157],[-58.898,-15.157],[-58.909,-15.168],[-58.923,-15.165],[-58.945,-15.18],[-58.959,-15.184],[-58.961,-15.195],[-58.952,-15.195],[-58.938,-15.21],[-58.93,-15.207],[-58.915,-15.21],[-58.9,-15.222],[-58.898,-15.227],[-58.916,-15.268],[-58.932,-15.279],[-58.943,-15.297],[-58.952,-15.298],[-58.968,-15.309],[-58.961,-15.313],[-58.954,-15.325],[-58.946,-15.327],[-58.943,-15.333],[-58.965,-15.36],[-58.973,-15.361],[-58.979,-15.353],[-58.987,-15.353],[-58.997,-15.36],[-59.0,-15.366],[-59.014,-15.376],[-59.009,-15.393],[-59.017,-15.398],[-59.014,-15.411],[-59.015,-15.418],[-59.022,-15.422],[-59.028,-15.421],[-59.027,-15.431],[-59.033,-15.44],[-59.051,-15.445],[-59.055,-15.456],[-59.062,-15.46],[-59.087,-15.447],[-59.094,-15.446],[-59.099,-15.453],[-59.104,-15.44],[-59.128,-15.421],[-59.132,-15.414],[-59.145,-15.4],[-59.151,-15.397],[-59.15,-15.391],[-59.155,-15.383],[-59.153,-15.351],[-59.156,-15.347],[-59.133,-15.327],[-59.141,-15.318],[-59.159,-15.307],[-59.164,-15.283],[-59.174,-15.27],[-59.17,-15.258],[-59.165,-15.259],[-59.157,-15.249],[-59.158,-15.243],[-59.15,-15.23],[-59.146,-15.23],[-59.139,-15.236],[-59.134,-15.229],[-59.119,-15.232],[-59.119,-15.227],[-59.107,-15.222],[-59.096,-15.219],[-59.087,-15.221],[-59.085,-15.224],[-59.075,-15.221],[-59.072,-15.228],[-59.062,-15.227],[-59.061,-15.23],[-59.049,-15.237],[-59.042,-15.247],[-59.033,-15.243],[-59.021,-15.246],[-59.023,-15.239],[-59.019,-15.241],[-59.02,-15.233],[-59.015,-15.234],[-59.014,-15.229],[-59.012,-15.196],[-59.007,-15.188],[-58.998,-15.182],[-58.996,-15.17],[-58.989,-15.159],[-58.986,-15.142],[-58.964,-15.126],[-58.972,-15.1],[-58.982,-15.087],[-58.992,-15.059],[-59.0,-15.058],[-59.023,-15.044],[-59.035,-15.025],[-59.041,-14.96],[-59.034,-14.936],[-59.027,-14.918],[-59.04,-14.801],[-59.036,-14.768],[-59.027,-14.73],[-59.029,-14.721],[-59.048,-14.699],[-59.084,-14.664],[-59.057,-14.655],[-59.018,-14.621],[-58.968,-14.587],[-58.95,-14.587],[-58.874,-14.598]]]}},{"type":"Feature","properties":{"id":"5108402","nome":"V\u00e1rzea Grande"},"geometry":{"type":"Polygon","coordinates":[[[-56.23,-15.412],[-56.245,-15.434],[-56.245,-15.456],[-56.235,-15.465],[-56.217,-15.47],[-56.201,-15.497],[-56.183,-15.509],[-56.183,-15.513],[-56.192,-15.52],[-56.192,-15.524],[-56.172,-15.534],[-56.173,-15.544],[-56.167,-15.555],[-56.16,-15.559],[-56.142,-15.561],[-56.14,-15.567],[-56.134,-15.575],[-56.134,-15.582],[-56.143,-15.592],[-56.132,-15.624],[-56.124,-15.628],[-56.106,-15.616],[-56.102,-15.617],[-56.08,-15.635],[-56.071,-15.643],[-56.07,-15.659],[-56.071,-15.68],[-56.079,-15.685],[-56.106,-15.688],[-56.113,-15.695],[-56.113,-15.699],[-56.103,-15.714],[-56.103,-15.721],[-56.11,-15.74],[-56.12,-15.751],[-56.126,-15.757],[-56.142,-15.756],[-56.145,-15.767],[-56.15,-15.765],[-56.155,-15.751],[-56.161,-15.751],[-56.171,-15.751],[-56.191,-15.777],[-56.206,-15.776],[-56.216,-15.772],[-56.234,-15.762],[-56.244,-15.76],[-56.244,-15.733],[-56.265,-15.711],[-56.261,-15.698],[-56.265,-15.684],[-56.221,-15.647],[-56.21,-15.632],[-56.21,-15.625],[-56.215,-15.617],[-56.367,-15.587],[-56.372,-15.586],[-56.474,-15.566],[-56.481,-15.568],[-56.489,-15.577],[-56.506,-15.565],[-56.509,-15.567],[-56.523,-15.565],[-56.528,-15.56],[-56.527,-15.548],[-56.514,-15.535],[-56.517,-15.522],[-56.508,-15.51],[-56.502,-15.51],[-56.495,-15.497],[-56.484,-15.489],[-56.467,-15.468],[-56.464,-15.456],[-56.452,-15.446],[-56.443,-15.444],[-56.427,-15.434],[-56.417,-15.437],[-56.412,-15.436],[-56.411,-15.433],[-56.402,-15.435],[-56.395,-15.421],[-56.377,-15.409],[-56.37,-15.414],[-56.354,-15.412],[-56.347,-15.399],[-56.332,-15.395],[-56.328,-15.383],[-56.309,-15.375],[-56.31,-15.372],[-56.306,-15.368],[-56.309,-15.366],[-56.304,-15.36],[-56.296,-15.357],[-56.287,-15.347],[-56.287,-15.342],[-56.279,-15.339],[-56.252,-15.358],[-56.243,-15.364],[-56.237,-15.399],[-56.23,-15.412]]]}},{"type":"Feature","properties":{"id":"5108501","nome":"Vera"},"geometry":{"type":"Polygon","coordinates":[[[-55.262,-12.114],[-55.251,-12.123],[-55.242,-12.117],[-55.223,-12.114],[-55.196,-12.121],[-55.189,-12.127],[-55.165,-12.119],[-55.14,-12.12],[-55.13,-12.135],[-55.133,-12.143],[-55.126,-12.145],[-55.126,-12.147],[-55.138,-12.148],[-55.137,-12.161],[-55.127,-12.175],[-55.119,-12.197],[-55.125,-12.2],[-55.126,-12.205],[-55.133,-12.204],[-55.133,-12.209],[-55.137,-12.212],[-55.129,-12.234],[-55.123,-12.236],[-55.124,-12.24],[-55.117,-12.243],[-55.11,-12.249],[-55.113,-12.256],[-55.108,-12.257],[-55.106,-12.263],[-55.111,-12.267],[-55.095,-12.29],[-55.093,-12.302],[-55.087,-12.306],[-55.087,-12.312],[-55.092,-12.316],[-55.08,-12.338],[-55.083,-12.346],[-55.08,-12.353],[-55.068,-12.358],[-55.071,-12.361],[-55.068,-12.365],[-55.078,-12.378],[-55.079,-12.392],[-55.083,-12.391],[-55.094,-12.403],[-55.094,-12.419],[-55.091,-12.426],[-55.099,-12.437],[-55.095,-12.443],[-55.098,-12.449],[-55.095,-12.452],[-55.101,-12.453],[-55.102,-12.461],[-55.098,-12.469],[-55.115,-12.488],[-55.119,-12.499],[-55.116,-12.504],[-55.119,-12.51],[-55.126,-12.515],[-55.124,-12.521],[-55.129,-12.53],[-55.132,-12.531],[-55.135,-12.536],[-55.138,-12.535],[-55.136,-12.542],[-55.141,-12.555],[-55.151,-12.556],[-55.154,-12.561],[-55.151,-12.567],[-55.153,-12.571],[-55.156,-12.571],[-55.155,-12.575],[-55.166,-12.576],[-55.17,-12.573],[-55.176,-12.578],[-55.181,-12.574],[-55.188,-12.581],[-55.192,-12.589],[-55.19,-12.59],[-55.196,-12.59],[-55.197,-12.595],[-55.215,-12.593],[-55.223,-12.6],[-55.227,-12.596],[-55.237,-12.604],[-55.239,-12.607],[-55.228,-12.615],[-55.235,-12.639],[-55.236,-12.639],[-55.243,-12.641],[-55.249,-12.648],[-55.265,-12.648],[-55.275,-12.655],[-55.278,-12.672],[-55.29,-12.689],[-55.303,-12.694],[-55.336,-12.731],[-55.36,-12.736],[-55.376,-12.749],[-55.387,-12.784],[-55.398,-12.799],[-55.375,-12.831],[-55.377,-12.855],[-55.421,-12.847],[-55.43,-12.833],[-55.426,-12.814],[-55.437,-12.804],[-55.451,-12.797],[-55.454,-12.789],[-55.451,-12.789],[-55.448,-12.78],[-55.445,-12.78],[-55.451,-12.778],[-55.446,-12.774],[-55.451,-12.77],[-55.45,-12.767],[-55.463,-12.759],[-55.469,-12.751],[-55.474,-12.751],[-55.477,-12.745],[-55.48,-12.746],[-55.485,-12.739],[-55.491,-12.738],[-55.486,-12.718],[-55.492,-12.711],[-55.502,-12.71],[-55.501,-12.704],[-55.505,-12.702],[-55.506,-12.695],[-55.503,-12.688],[-55.507,-12.681],[-55.527,-12.669],[-55.53,-12.662],[-55.541,-12.66],[-55.545,-12.654],[-55.555,-12.65],[-55.569,-12.632],[-55.572,-12.613],[-55.575,-12.604],[-55.579,-12.603],[-55.577,-12.594],[-55.581,-12.59],[-55.576,-12.582],[-55.583,-12.564],[-55.578,-12.54],[-55.577,-12.536],[-55.571,-12.535],[-55.573,-12.531],[-55.565,-12.528],[-55.562,-12.518],[-55.553,-12.516],[-55.546,-12.505],[-55.534,-12.479],[-55.535,-12.472],[-55.523,-12.453],[-55.523,-12.439],[-55.527,-12.431],[-55.526,-12.422],[-55.522,-12.417],[-55.529,-12.405],[-55.531,-12.407],[-55.532,-12.4],[-55.538,-12.397],[-55.541,-12.388],[-55.547,-12.385],[-55.546,-12.382],[-55.55,-12.379],[-55.547,-12.373],[-55.551,-12.37],[-55.55,-12.365],[-55.554,-12.359],[-55.557,-12.36],[-55.557,-12.356],[-55.56,-12.356],[-55.559,-12.345],[-55.565,-12.338],[-55.566,-12.326],[-55.569,-12.323],[-55.567,-12.307],[-55.564,-12.306],[-55.567,-12.291],[-55.565,-12.282],[-55.568,-12.279],[-55.563,-12.273],[-55.572,-12.266],[-55.572,-12.261],[-55.576,-12.264],[-55.586,-12.265],[-55.588,-12.254],[-55.587,-12.234],[-55.583,-12.224],[-55.583,-12.181],[-55.571,-12.175],[-55.549,-12.179],[-55.533,-12.177],[-55.527,-12.161],[-55.518,-12.151],[-55.513,-12.153],[-55.509,-12.155],[-55.501,-12.147],[-55.498,-12.149],[-55.493,-12.146],[-55.484,-12.148],[-55.475,-12.157],[-55.464,-12.151],[-55.451,-12.154],[-55.441,-12.165],[-55.435,-12.159],[-55.434,-12.151],[-55.429,-12.149],[-55.42,-12.15],[-55.405,-12.157],[-55.398,-12.154],[-55.391,-12.158],[-55.39,-12.167],[-55.387,-12.168],[-55.383,-12.177],[-55.372,-12.186],[-55.306,-12.136],[-55.286,-12.124],[-55.28,-12.114],[-55.272,-12.113],[-55.262,-12.114]]]}},{"type":"Feature","properties":{"id":"5108600","nome":"Vila Rica"},"geometry":{"type":"Polygon","coordinates":[[[-51.488,-9.76],[-51.304,-9.772],[-51.058,-9.787],[-50.842,-9.8],[-50.843,-9.867],[-50.839,-9.867],[-50.836,-9.862],[-50.829,-9.863],[-50.823,-9.87],[-50.814,-9.901],[-50.802,-9.923],[-50.787,-9.93],[-50.779,-9.939],[-50.774,-9.96],[-50.769,-9.965],[-50.768,-9.982],[-50.771,-9.992],[-50.609,-10.075],[-50.63,-10.13],[-50.656,-10.202],[-50.646,-10.213],[-50.639,-10.229],[-50.615,-10.256],[-50.595,-10.259],[-50.58,-10.268],[-50.566,-10.273],[-50.564,-10.279],[-50.568,-10.288],[-50.562,-10.321],[-50.57,-10.324],[-50.576,-10.322],[-50.576,-10.326],[-50.58,-10.327],[-50.58,-10.318],[-50.586,-10.316],[-50.586,-10.32],[-50.596,-10.322],[-50.618,-10.311],[-50.618,-10.307],[-50.615,-10.307],[-50.617,-10.301],[-50.627,-10.301],[-50.633,-10.305],[-50.637,-10.295],[-50.641,-10.3],[-50.647,-10.295],[-50.673,-10.297],[-50.676,-10.292],[-50.684,-10.294],[-50.686,-10.299],[-50.699,-10.294],[-50.701,-10.299],[-50.706,-10.298],[-50.708,-10.305],[-50.725,-10.305],[-50.723,-10.301],[-50.734,-10.292],[-50.744,-10.295],[-50.752,-10.281],[-50.762,-10.28],[-50.764,-10.272],[-50.774,-10.274],[-50.771,-10.28],[-50.778,-10.277],[-50.781,-10.28],[-50.781,-10.271],[-50.792,-10.265],[-50.808,-10.267],[-50.813,-10.276],[-50.837,-10.274],[-50.848,-10.273],[-50.85,-10.267],[-50.86,-10.265],[-50.864,-10.271],[-50.87,-10.269],[-50.881,-10.276],[-50.891,-10.27],[-50.899,-10.273],[-50.902,-10.271],[-50.908,-10.275],[-50.923,-10.264],[-50.935,-10.266],[-50.938,-10.253],[-50.936,-10.241],[-50.942,-10.238],[-50.942,-10.232],[-50.953,-10.225],[-50.96,-10.214],[-50.968,-10.216],[-50.982,-10.207],[-51.002,-10.224],[-51.018,-10.228],[-51.021,-10.232],[-51.033,-10.225],[-51.038,-10.228],[-51.037,-10.236],[-51.041,-10.238],[-51.045,-10.234],[-51.049,-10.238],[-51.057,-10.248],[-51.066,-10.25],[-51.077,-10.258],[-51.08,-10.254],[-51.102,-10.267],[-51.11,-10.265],[-51.118,-10.25],[-51.127,-10.253],[-51.138,-10.249],[-51.151,-10.253],[-51.166,-10.241],[-51.177,-10.244],[-51.18,-10.24],[-51.195,-10.235],[-51.2,-10.238],[-51.211,-10.237],[-51.224,-10.232],[-51.229,-10.226],[-51.248,-10.221],[-51.271,-10.234],[-51.276,-10.233],[-51.29,-10.24],[-51.301,-10.252],[-51.316,-10.244],[-51.336,-10.235],[-51.346,-10.22],[-51.37,-10.197],[-51.368,-10.192],[-51.36,-10.188],[-51.359,-10.167],[-51.375,-10.169],[-51.382,-10.173],[-51.389,-10.166],[-51.395,-10.171],[-51.404,-10.172],[-51.412,-10.164],[-51.432,-10.154],[-51.436,-10.143],[-51.444,-10.138],[-51.446,-10.132],[-51.456,-10.129],[-51.463,-10.121],[-51.47,-10.129],[-51.492,-10.125],[-51.501,-10.127],[-51.523,-10.12],[-51.551,-10.136],[-51.554,-10.142],[-51.563,-10.146],[-51.562,-10.15],[-51.57,-10.151],[-51.575,-10.148],[-51.585,-10.149],[-51.599,-10.142],[-51.606,-10.13],[-51.615,-10.123],[-51.624,-10.107],[-51.632,-10.103],[-51.638,-10.106],[-51.639,-10.101],[-51.653,-10.099],[-51.653,-10.096],[-51.658,-10.094],[-51.661,-10.099],[-51.668,-10.099],[-51.674,-10.074],[-51.682,-10.078],[-51.685,-10.075],[-51.693,-10.077],[-51.701,-10.073],[-51.71,-10.078],[-51.714,-10.07],[-51.718,-10.067],[-51.731,-10.07],[-51.735,-10.074],[-51.736,-10.083],[-51.739,-10.082],[-51.748,-10.091],[-51.745,-10.092],[-51.742,-10.103],[-51.748,-10.105],[-51.753,-10.117],[-51.784,-10.111],[-51.793,-10.106],[-51.794,-10.103],[-51.825,-10.104],[-51.83,-10.109],[-51.841,-10.108],[-51.848,-10.111],[-51.857,-10.108],[-51.857,-10.104],[-51.861,-10.103],[-51.869,-10.106],[-51.875,-10.102],[-51.899,-10.097],[-51.904,-10.105],[-51.913,-10.097],[-51.915,-10.104],[-51.927,-10.098],[-51.95,-10.095],[-51.955,-10.088],[-51.959,-10.091],[-51.965,-10.083],[-51.973,-10.081],[-51.974,-10.076],[-51.982,-10.073],[-51.982,-10.077],[-51.995,-10.084],[-51.998,-10.081],[-52.006,-10.091],[-52.018,-10.081],[-52.022,-10.083],[-52.022,-10.076],[-52.031,-10.082],[-52.033,-10.08],[-52.043,-10.089],[-52.055,-10.09],[-52.058,-10.095],[-52.061,-10.092],[-52.063,-10.097],[-52.071,-10.093],[-52.078,-10.093],[-52.091,-10.086],[-52.102,-10.053],[-52.124,-10.044],[-52.133,-10.034],[-52.144,-10.044],[-52.151,-10.04],[-52.154,-10.003],[-52.169,-10.005],[-52.18,-10.025],[-52.194,-10.025],[-52.211,-10.018],[-52.214,-10.005],[-52.206,-9.988],[-52.222,-9.949],[-52.22,-9.921],[-52.224,-9.891],[-52.22,-9.879],[-52.239,-9.864],[-52.242,-9.852],[-52.237,-9.844],[-52.22,-9.838],[-52.211,-9.851],[-52.203,-9.852],[-52.199,-9.848],[-52.188,-9.834],[-52.192,-9.811],[-52.189,-9.798],[-52.205,-9.776],[-52.209,-9.778],[-52.209,-9.79],[-52.217,-9.792],[-52.252,-9.79],[-52.271,-9.779],[-52.275,-9.771],[-52.262,-9.762],[-52.242,-9.767],[-52.216,-9.763],[-52.217,-9.748],[-52.228,-9.729],[-52.234,-9.723],[-52.248,-9.722],[-52.248,-9.713],[-52.255,-9.707],[-51.488,-9.76]]]}},{"type":"Feature","properties":{"id":"5108808","nome":"Nova Guarita"},"geometry":{"type":"Polygon","coordinates":[[[-55.494,-10.098],[-55.479,-10.125],[-55.457,-10.123],[-55.44,-10.141],[-55.423,-10.152],[-55.417,-10.162],[-55.378,-10.166],[-55.363,-10.174],[-55.35,-10.186],[-55.344,-10.185],[-55.333,-10.173],[-55.325,-10.175],[-55.316,-10.164],[-55.293,-10.155],[-55.275,-10.145],[-55.268,-10.126],[-55.266,-10.112],[-55.243,-10.091],[-55.236,-10.1],[-55.229,-10.118],[-55.244,-10.132],[-55.241,-10.144],[-55.228,-10.175],[-55.229,-10.188],[-55.219,-10.201],[-55.219,-10.213],[-55.223,-10.223],[-55.211,-10.227],[-55.205,-10.226],[-55.207,-10.211],[-55.205,-10.206],[-55.184,-10.213],[-55.173,-10.21],[-55.165,-10.217],[-55.168,-10.233],[-55.165,-10.263],[-55.154,-10.278],[-55.156,-10.301],[-55.168,-10.304],[-55.171,-10.311],[-55.17,-10.317],[-55.172,-10.322],[-55.164,-10.339],[-55.167,-10.354],[-55.181,-10.366],[-55.19,-10.366],[-55.197,-10.378],[-55.201,-10.378],[-55.212,-10.413],[-55.221,-10.417],[-55.225,-10.428],[-55.225,-10.438],[-55.242,-10.457],[-55.251,-10.464],[-55.256,-10.476],[-55.263,-10.482],[-55.294,-10.477],[-55.313,-10.458],[-55.322,-10.463],[-55.331,-10.463],[-55.35,-10.482],[-55.355,-10.473],[-55.375,-10.463],[-55.387,-10.458],[-55.401,-10.458],[-55.429,-10.441],[-55.431,-10.431],[-55.434,-10.427],[-55.438,-10.39],[-55.448,-10.38],[-55.445,-10.371],[-55.448,-10.37],[-55.449,-10.36],[-55.456,-10.356],[-55.458,-10.348],[-55.454,-10.344],[-55.455,-10.337],[-55.463,-10.327],[-55.463,-10.304],[-55.465,-10.302],[-55.463,-10.299],[-55.473,-10.288],[-55.472,-10.282],[-55.474,-10.275],[-55.471,-10.268],[-55.477,-10.251],[-55.483,-10.246],[-55.473,-10.241],[-55.474,-10.233],[-55.465,-10.228],[-55.475,-10.211],[-55.498,-10.198],[-55.515,-10.149],[-55.567,-10.116],[-55.559,-10.1],[-55.561,-10.08],[-55.555,-10.061],[-55.546,-10.061],[-55.542,-10.064],[-55.528,-10.079],[-55.524,-10.093],[-55.517,-10.097],[-55.494,-10.098]]]}},{"type":"Feature","properties":{"id":"5108857","nome":"Nova Maril\u00e2ndia"},"geometry":{"type":"Polygon","coordinates":[[[-57.141,-14.164],[-57.125,-14.173],[-57.11,-14.171],[-57.093,-14.173],[-57.083,-14.185],[-57.068,-14.192],[-57.048,-14.194],[-57.033,-14.184],[-57.022,-14.19],[-57.018,-14.202],[-57.01,-14.202],[-56.988,-14.192],[-56.98,-14.186],[-56.971,-14.169],[-56.951,-14.172],[-56.91,-14.197],[-56.904,-14.207],[-56.886,-14.223],[-56.876,-14.226],[-56.871,-14.234],[-56.875,-14.25],[-56.865,-14.264],[-56.87,-14.276],[-56.874,-14.28],[-56.874,-14.288],[-56.879,-14.297],[-56.878,-14.323],[-56.882,-14.333],[-56.878,-14.352],[-56.886,-14.36],[-56.898,-14.367],[-56.907,-14.37],[-56.922,-14.39],[-56.93,-14.389],[-56.935,-14.396],[-56.965,-14.408],[-56.979,-14.418],[-56.983,-14.422],[-56.977,-14.436],[-56.991,-14.435],[-57.004,-14.416],[-57.015,-14.425],[-57.043,-14.42],[-57.058,-14.422],[-57.064,-14.417],[-57.076,-14.42],[-57.078,-14.42],[-57.13,-14.413],[-57.142,-14.421],[-57.148,-14.4],[-57.152,-14.395],[-57.163,-14.4],[-57.192,-14.406],[-57.201,-14.413],[-57.22,-14.412],[-57.232,-14.415],[-57.247,-14.421],[-57.278,-14.418],[-57.286,-14.419],[-57.303,-14.426],[-57.299,-14.418],[-57.298,-14.393],[-57.294,-14.388],[-57.295,-14.378],[-57.311,-14.381],[-57.328,-14.367],[-57.332,-14.358],[-57.342,-14.356],[-57.351,-14.362],[-57.357,-14.329],[-57.367,-14.331],[-57.373,-14.339],[-57.381,-14.341],[-57.392,-14.351],[-57.396,-14.343],[-57.436,-14.308],[-57.444,-14.334],[-57.439,-14.347],[-57.453,-14.345],[-57.473,-14.337],[-57.485,-14.328],[-57.501,-14.326],[-57.503,-14.32],[-57.509,-14.316],[-57.508,-14.326],[-57.522,-14.336],[-57.523,-14.346],[-57.537,-14.353],[-57.539,-14.365],[-57.545,-14.361],[-57.558,-14.34],[-57.584,-14.339],[-57.573,-14.354],[-57.574,-14.362],[-57.583,-14.371],[-57.586,-14.381],[-57.61,-14.392],[-57.616,-14.399],[-57.628,-14.381],[-57.649,-14.375],[-57.647,-14.386],[-57.653,-14.406],[-57.647,-14.434],[-57.655,-14.432],[-57.659,-14.422],[-57.671,-14.418],[-57.67,-14.411],[-57.68,-14.392],[-57.729,-14.377],[-57.725,-14.363],[-57.722,-14.334],[-57.727,-14.318],[-57.716,-14.291],[-57.669,-14.254],[-57.652,-14.231],[-57.636,-14.22],[-57.606,-14.185],[-57.579,-14.167],[-57.562,-14.172],[-57.54,-14.204],[-57.522,-14.212],[-57.498,-14.213],[-57.453,-14.189],[-57.435,-14.191],[-57.383,-14.161],[-57.372,-14.164],[-57.354,-14.179],[-57.337,-14.184],[-57.288,-14.163],[-57.264,-14.165],[-57.245,-14.171],[-57.223,-14.173],[-57.198,-14.195],[-57.178,-14.191],[-57.149,-14.166],[-57.141,-14.164]]]}},{"type":"Feature","properties":{"id":"5108907","nome":"Nova Maring\u00e1"},"geometry":{"type":"Polygon","coordinates":[[[-57.355,-11.732],[-57.358,-11.745],[-57.369,-11.75],[-57.359,-11.776],[-57.352,-11.78],[-57.342,-11.779],[-57.312,-11.761],[-57.298,-11.775],[-57.283,-11.785],[-57.267,-11.804],[-57.249,-11.816],[-57.24,-11.833],[-57.213,-11.841],[-57.2,-11.85],[-57.19,-11.902],[-57.169,-11.941],[-57.166,-11.97],[-57.155,-11.98],[-57.144,-12.008],[-57.143,-12.013],[-57.134,-12.021],[-57.135,-12.046],[-57.117,-12.073],[-57.103,-12.087],[-57.094,-12.101],[-57.089,-12.119],[-57.074,-12.139],[-57.067,-12.163],[-57.075,-12.183],[-57.07,-12.19],[-57.056,-12.193],[-57.044,-12.206],[-57.042,-12.223],[-57.035,-12.232],[-57.041,-12.259],[-57.02,-12.268],[-57.014,-12.274],[-57.005,-12.286],[-56.987,-12.287],[-56.98,-12.29],[-56.972,-12.302],[-56.963,-12.294],[-56.957,-12.296],[-56.955,-12.3],[-56.957,-12.304],[-56.979,-12.309],[-56.98,-12.315],[-56.97,-12.334],[-56.974,-12.363],[-56.963,-12.379],[-56.967,-12.398],[-56.963,-12.402],[-56.947,-12.404],[-56.947,-12.42],[-56.941,-12.427],[-56.957,-12.438],[-56.955,-12.444],[-56.946,-12.451],[-56.952,-12.469],[-56.943,-12.475],[-56.945,-12.498],[-56.942,-12.511],[-56.953,-12.513],[-56.958,-12.522],[-56.952,-12.525],[-56.936,-12.523],[-56.931,-12.526],[-56.931,-12.534],[-56.937,-12.544],[-56.932,-12.558],[-56.918,-12.554],[-56.903,-12.56],[-56.899,-12.567],[-56.898,-12.589],[-56.893,-12.604],[-56.902,-12.611],[-56.902,-12.63],[-56.898,-12.637],[-56.887,-12.64],[-56.868,-12.656],[-56.863,-12.674],[-56.845,-12.677],[-56.846,-12.702],[-56.834,-12.712],[-56.827,-12.737],[-56.812,-12.752],[-56.798,-12.756],[-56.801,-12.768],[-56.798,-12.79],[-56.772,-12.833],[-56.762,-12.839],[-56.753,-12.865],[-56.753,-12.873],[-56.764,-12.889],[-56.763,-12.896],[-56.757,-12.899],[-56.763,-12.909],[-56.759,-12.92],[-56.754,-12.922],[-56.755,-12.931],[-56.745,-12.943],[-56.744,-12.949],[-56.739,-12.955],[-56.743,-12.964],[-56.741,-12.966],[-56.75,-12.971],[-56.753,-12.98],[-56.76,-12.975],[-56.773,-12.986],[-56.78,-12.986],[-56.784,-12.996],[-56.79,-12.996],[-56.79,-13.001],[-56.793,-13.002],[-56.791,-13.005],[-56.804,-13.012],[-56.803,-13.017],[-56.808,-13.025],[-56.828,-13.042],[-56.837,-13.061],[-56.833,-13.07],[-56.835,-13.081],[-56.841,-13.085],[-56.847,-13.1],[-56.853,-13.103],[-56.851,-13.107],[-56.855,-13.108],[-56.855,-13.114],[-56.86,-13.116],[-56.867,-13.127],[-56.867,-13.144],[-56.875,-13.155],[-56.87,-13.161],[-56.89,-13.178],[-56.887,-13.185],[-56.89,-13.189],[-56.892,-13.193],[-56.9,-13.194],[-56.907,-13.203],[-56.907,-13.208],[-56.915,-13.21],[-56.914,-13.213],[-56.923,-13.212],[-56.951,-13.229],[-56.951,-13.254],[-56.959,-13.262],[-56.957,-13.266],[-56.96,-13.266],[-56.959,-13.268],[-56.963,-13.27],[-56.96,-13.276],[-56.961,-13.29],[-56.971,-13.297],[-56.976,-13.296],[-56.987,-13.304],[-56.993,-13.332],[-56.999,-13.333],[-56.998,-13.341],[-57.001,-13.345],[-57.005,-13.345],[-57.018,-13.368],[-57.012,-13.375],[-57.016,-13.38],[-57.008,-13.382],[-57.014,-13.386],[-57.013,-13.394],[-57.018,-13.397],[-57.02,-13.405],[-57.018,-13.409],[-57.013,-13.412],[-57.015,-13.421],[-57.022,-13.428],[-57.018,-13.436],[-57.022,-13.442],[-57.02,-13.447],[-57.015,-13.446],[-57.014,-13.442],[-57.01,-13.445],[-57.017,-13.45],[-57.011,-13.453],[-57.013,-13.468],[-57.006,-13.478],[-56.995,-13.485],[-56.997,-13.488],[-56.995,-13.493],[-56.998,-13.495],[-57.0,-13.507],[-56.997,-13.506],[-56.996,-13.51],[-57.001,-13.513],[-56.993,-13.518],[-56.994,-13.525],[-57.0,-13.525],[-57.001,-13.536],[-57.012,-13.543],[-57.019,-13.559],[-57.022,-13.557],[-57.027,-13.562],[-57.033,-13.56],[-57.031,-13.55],[-57.036,-13.546],[-57.046,-13.55],[-57.065,-13.547],[-57.073,-13.557],[-57.077,-13.574],[-57.086,-13.574],[-57.087,-13.579],[-57.094,-13.583],[-57.097,-13.578],[-57.102,-13.579],[-57.101,-13.585],[-57.109,-13.587],[-57.106,-13.591],[-57.111,-13.607],[-57.115,-13.608],[-57.116,-13.612],[-57.12,-13.611],[-57.119,-13.614],[-57.133,-13.632],[-57.136,-13.654],[-57.142,-13.664],[-57.148,-13.663],[-57.153,-13.671],[-57.172,-13.671],[-57.172,-13.684],[-57.176,-13.684],[-57.176,-13.687],[-57.181,-13.685],[-57.184,-13.687],[-57.182,-13.692],[-57.19,-13.7],[-57.204,-13.704],[-57.215,-13.701],[-57.22,-13.703],[-57.224,-13.714],[-57.23,-13.715],[-57.234,-13.711],[-57.237,-13.715],[-57.242,-13.715],[-57.246,-13.725],[-57.252,-13.727],[-57.248,-13.741],[-57.251,-13.743],[-57.25,-13.747],[-57.272,-13.775],[-57.276,-13.773],[-57.28,-13.79],[-57.277,-13.795],[-57.28,-13.798],[-57.276,-13.8],[-57.279,-13.808],[-57.293,-13.795],[-57.34,-13.75],[-57.352,-13.738],[-57.354,-13.707],[-57.357,-13.698],[-57.35,-13.69],[-57.348,-13.679],[-57.351,-13.665],[-57.341,-13.655],[-57.345,-13.647],[-57.33,-13.624],[-57.334,-13.612],[-57.331,-13.607],[-57.333,-13.6],[-57.349,-13.6],[-57.352,-13.593],[-57.359,-13.593],[-57.365,-13.586],[-57.351,-13.569],[-57.344,-13.555],[-57.357,-13.552],[-57.37,-13.554],[-57.404,-13.567],[-57.417,-13.565],[-57.434,-13.574],[-57.439,-13.572],[-57.446,-13.578],[-57.457,-13.58],[-57.542,-13.582],[-57.538,-13.56],[-57.542,-13.546],[-57.542,-13.527],[-57.544,-13.521],[-57.555,-13.513],[-57.558,-13.501],[-57.556,-13.49],[-57.566,-13.454],[-57.594,-13.436],[-57.598,-13.427],[-57.609,-13.417],[-57.617,-13.418],[-57.625,-13.419],[-57.625,-13.412],[-57.631,-13.41],[-57.622,-13.396],[-57.626,-13.392],[-57.622,-13.373],[-57.618,-13.371],[-57.62,-13.362],[-57.613,-13.354],[-57.618,-13.34],[-57.609,-13.328],[-57.597,-13.321],[-57.591,-13.302],[-57.581,-13.296],[-57.576,-13.283],[-57.566,-13.282],[-57.555,-13.273],[-57.543,-13.248],[-57.537,-13.241],[-57.533,-13.242],[-57.538,-13.236],[-57.531,-13.235],[-57.524,-13.229],[-57.519,-13.223],[-57.519,-13.216],[-57.513,-13.213],[-57.514,-13.208],[-57.506,-13.205],[-57.508,-13.196],[-57.503,-13.187],[-57.497,-13.183],[-57.496,-13.177],[-57.485,-13.177],[-57.488,-13.169],[-57.484,-13.162],[-57.488,-13.154],[-57.472,-13.149],[-57.472,-13.141],[-57.469,-13.143],[-57.463,-13.138],[-57.452,-13.138],[-57.431,-13.117],[-57.425,-13.119],[-57.419,-13.115],[-57.411,-13.116],[-57.414,-13.111],[-57.408,-13.108],[-57.406,-13.096],[-57.395,-13.095],[-57.394,-13.089],[-57.384,-13.087],[-57.379,-13.077],[-57.372,-13.077],[-57.37,-13.069],[-57.366,-13.073],[-57.352,-13.053],[-57.347,-13.052],[-57.347,-13.048],[-57.327,-13.044],[-57.327,-13.031],[-57.323,-13.026],[-57.317,-13.026],[-57.31,-13.011],[-57.311,-12.995],[-57.305,-12.992],[-57.313,-12.984],[-57.305,-12.97],[-57.305,-12.961],[-57.301,-12.958],[-57.304,-12.94],[-57.293,-12.93],[-57.292,-12.919],[-57.301,-12.917],[-57.304,-12.907],[-57.312,-12.896],[-57.321,-12.893],[-57.325,-12.884],[-57.334,-12.877],[-57.349,-12.871],[-57.357,-12.855],[-57.367,-12.851],[-57.368,-12.844],[-57.38,-12.83],[-57.395,-12.785],[-57.406,-12.764],[-57.408,-12.752],[-57.407,-12.742],[-57.402,-12.736],[-57.404,-12.73],[-57.393,-12.712],[-57.397,-12.706],[-57.403,-12.697],[-57.397,-12.688],[-57.405,-12.686],[-57.41,-12.679],[-57.41,-12.67],[-57.407,-12.661],[-57.412,-12.651],[-57.41,-12.645],[-57.415,-12.636],[-57.414,-12.628],[-57.427,-12.614],[-57.441,-12.563],[-57.431,-12.527],[-57.43,-12.514],[-57.436,-12.506],[-57.432,-12.48],[-57.438,-12.477],[-57.442,-12.466],[-57.465,-12.451],[-57.469,-12.442],[-57.467,-12.435],[-57.471,-12.428],[-57.478,-12.423],[-57.49,-12.422],[-57.496,-12.409],[-57.508,-12.41],[-57.52,-12.403],[-57.53,-12.404],[-57.536,-12.384],[-57.547,-12.385],[-57.55,-12.38],[-57.563,-12.379],[-57.575,-12.371],[-57.58,-12.358],[-57.592,-12.351],[-57.605,-12.348],[-57.611,-12.342],[-57.624,-12.34],[-57.625,-12.338],[-57.62,-12.337],[-57.61,-12.323],[-57.626,-12.319],[-57.626,-12.305],[-57.631,-12.299],[-57.632,-12.29],[-57.643,-12.286],[-57.649,-12.288],[-57.652,-12.285],[-57.653,-12.278],[-57.646,-12.276],[-57.641,-12.257],[-57.658,-12.244],[-57.667,-12.245],[-57.67,-12.237],[-57.68,-12.231],[-57.685,-12.222],[-57.695,-12.225],[-57.705,-12.22],[-57.716,-12.22],[-57.731,-12.209],[-57.724,-12.197],[-57.713,-12.187],[-57.701,-12.178],[-57.688,-12.175],[-57.679,-12.168],[-57.67,-12.152],[-57.652,-12.137],[-57.634,-12.137],[-57.615,-12.126],[-57.614,-12.101],[-57.596,-12.094],[-57.588,-12.084],[-57.544,-12.064],[-57.538,-12.064],[-57.536,-12.071],[-57.517,-12.084],[-57.5,-12.087],[-57.478,-12.085],[-57.464,-12.092],[-57.4,-12.1],[-57.411,-12.091],[-57.414,-12.072],[-57.421,-12.06],[-57.421,-12.052],[-57.409,-12.028],[-57.41,-12.018],[-57.429,-11.996],[-57.424,-11.976],[-57.425,-11.96],[-57.427,-11.939],[-57.433,-11.93],[-57.438,-11.909],[-57.43,-11.89],[-57.435,-11.881],[-57.434,-11.866],[-57.417,-11.85],[-57.404,-11.845],[-57.399,-11.839],[-57.396,-11.823],[-57.397,-11.792],[-57.416,-11.744],[-57.41,-11.727],[-57.401,-11.732],[-57.391,-11.732],[-57.378,-11.725],[-57.369,-11.715],[-57.355,-11.732]]]}},{"type":"Feature","properties":{"id":"5108956","nome":"Nova Monte Verde"},"geometry":{"type":"Polygon","coordinates":[[[-57.021,-9.552],[-57.017,-9.557],[-57.003,-9.55],[-56.997,-9.566],[-56.988,-9.56],[-56.979,-9.56],[-56.977,-9.567],[-56.979,-9.576],[-56.973,-9.579],[-56.97,-9.573],[-56.963,-9.575],[-56.965,-9.587],[-56.94,-9.594],[-56.936,-9.605],[-56.936,-9.619],[-56.925,-9.626],[-56.927,-9.638],[-56.923,-9.644],[-56.92,-9.642],[-56.918,-9.645],[-56.929,-9.662],[-56.914,-9.669],[-56.893,-9.707],[-56.894,-9.714],[-56.882,-9.723],[-56.888,-9.741],[-56.876,-9.752],[-56.886,-9.768],[-56.882,-9.782],[-56.863,-9.797],[-56.849,-9.793],[-56.851,-9.814],[-56.863,-9.817],[-56.865,-9.822],[-56.85,-9.851],[-56.841,-9.858],[-56.844,-9.869],[-56.848,-9.87],[-56.859,-9.859],[-56.861,-9.848],[-56.879,-9.846],[-56.891,-9.852],[-56.909,-9.874],[-56.909,-9.88],[-56.892,-9.893],[-56.898,-9.91],[-56.91,-9.917],[-56.917,-9.917],[-56.921,-9.928],[-56.936,-9.935],[-56.94,-9.951],[-56.924,-9.961],[-56.931,-9.976],[-56.927,-9.986],[-56.93,-9.994],[-56.913,-10.011],[-56.91,-10.025],[-56.904,-10.031],[-56.904,-10.039],[-56.91,-10.047],[-56.898,-10.054],[-56.901,-10.059],[-56.935,-10.066],[-56.948,-10.083],[-56.95,-10.097],[-56.958,-10.109],[-56.974,-10.119],[-56.952,-10.129],[-56.943,-10.147],[-56.929,-10.143],[-56.931,-10.15],[-56.944,-10.153],[-56.942,-10.166],[-56.95,-10.182],[-56.942,-10.191],[-56.943,-10.222],[-56.932,-10.233],[-56.94,-10.243],[-56.935,-10.251],[-56.935,-10.258],[-56.929,-10.267],[-56.925,-10.271],[-56.928,-10.276],[-56.957,-10.279],[-56.964,-10.285],[-56.988,-10.293],[-56.996,-10.292],[-57.032,-10.3],[-57.051,-10.311],[-57.06,-10.311],[-57.076,-10.303],[-57.09,-10.308],[-57.091,-10.313],[-57.099,-10.316],[-57.126,-10.309],[-57.154,-10.312],[-57.158,-10.315],[-57.162,-10.325],[-57.182,-10.314],[-57.194,-10.302],[-57.212,-10.293],[-57.229,-10.293],[-57.24,-10.301],[-57.252,-10.285],[-57.275,-10.271],[-57.297,-10.271],[-57.312,-10.28],[-57.333,-10.277],[-57.353,-10.286],[-57.365,-10.28],[-57.388,-10.278],[-57.409,-10.273],[-57.421,-10.266],[-57.429,-10.266],[-57.454,-10.253],[-57.468,-10.257],[-57.48,-10.265],[-57.49,-10.264],[-57.497,-10.271],[-57.508,-10.273],[-57.525,-10.27],[-57.541,-10.276],[-57.55,-10.275],[-57.556,-10.267],[-57.569,-10.266],[-57.579,-10.261],[-57.586,-10.249],[-57.603,-10.249],[-57.605,-10.238],[-57.597,-10.227],[-57.602,-10.226],[-57.598,-10.224],[-57.603,-10.217],[-57.602,-10.196],[-57.592,-10.183],[-57.586,-10.163],[-57.578,-10.163],[-57.58,-10.154],[-57.592,-10.141],[-57.586,-10.14],[-57.579,-10.133],[-57.585,-10.128],[-57.581,-10.115],[-57.586,-10.114],[-57.584,-10.096],[-57.596,-10.086],[-57.597,-10.076],[-57.604,-10.071],[-57.6,-10.059],[-57.602,-10.052],[-57.612,-10.05],[-57.613,-10.04],[-57.62,-10.036],[-57.617,-10.033],[-57.623,-10.027],[-57.614,-10.007],[-57.618,-10.006],[-57.626,-10.01],[-57.627,-10.004],[-57.636,-10.002],[-57.64,-9.988],[-57.645,-9.985],[-57.642,-9.981],[-57.643,-9.976],[-57.658,-9.964],[-57.659,-9.957],[-57.653,-9.952],[-57.654,-9.942],[-57.648,-9.937],[-57.652,-9.926],[-57.649,-9.924],[-57.655,-9.917],[-57.651,-9.905],[-57.644,-9.906],[-57.646,-9.899],[-57.652,-9.898],[-57.652,-9.892],[-57.659,-9.891],[-57.662,-9.886],[-57.674,-9.884],[-57.677,-9.889],[-57.68,-9.887],[-57.683,-9.883],[-57.673,-9.873],[-57.675,-9.869],[-57.688,-9.868],[-57.699,-9.873],[-57.688,-9.849],[-57.677,-9.838],[-57.673,-9.824],[-57.653,-9.804],[-57.642,-9.784],[-57.644,-9.764],[-57.641,-9.751],[-57.646,-9.741],[-57.634,-9.725],[-57.623,-9.729],[-57.62,-9.724],[-57.625,-9.713],[-57.623,-9.708],[-57.617,-9.711],[-57.592,-9.71],[-57.59,-9.715],[-57.584,-9.711],[-57.577,-9.717],[-57.563,-9.72],[-57.547,-9.707],[-57.54,-9.707],[-57.524,-9.707],[-57.513,-9.701],[-57.502,-9.705],[-57.485,-9.688],[-57.464,-9.688],[-57.458,-9.685],[-57.453,-9.677],[-57.438,-9.68],[-57.425,-9.675],[-57.417,-9.682],[-57.418,-9.692],[-57.412,-9.695],[-57.402,-9.693],[-57.398,-9.687],[-57.388,-9.688],[-57.377,-9.682],[-57.358,-9.683],[-57.354,-9.689],[-57.345,-9.686],[-57.341,-9.688],[-57.34,-9.684],[-57.337,-9.686],[-57.332,-9.704],[-57.333,-9.715],[-57.329,-9.717],[-57.327,-9.738],[-57.322,-9.745],[-57.331,-9.759],[-57.33,-9.763],[-57.323,-9.768],[-57.326,-9.772],[-57.325,-9.775],[-57.313,-9.78],[-57.293,-9.781],[-57.291,-9.795],[-57.295,-9.808],[-57.273,-9.816],[-57.277,-9.805],[-57.258,-9.788],[-57.246,-9.793],[-57.234,-9.789],[-57.225,-9.798],[-57.219,-9.798],[-57.206,-9.79],[-57.195,-9.795],[-57.187,-9.781],[-57.192,-9.772],[-57.19,-9.76],[-57.198,-9.752],[-57.193,-9.745],[-57.187,-9.744],[-57.188,-9.739],[-57.181,-9.732],[-57.185,-9.727],[-57.173,-9.719],[-57.175,-9.715],[-57.169,-9.707],[-57.175,-9.701],[-57.169,-9.698],[-57.172,-9.688],[-57.165,-9.685],[-57.165,-9.665],[-57.151,-9.665],[-57.143,-9.66],[-57.146,-9.644],[-57.142,-9.634],[-57.133,-9.628],[-57.13,-9.607],[-57.123,-9.604],[-57.12,-9.597],[-57.109,-9.59],[-57.114,-9.579],[-57.108,-9.571],[-57.109,-9.567],[-57.105,-9.566],[-57.106,-9.569],[-57.101,-9.57],[-57.091,-9.567],[-57.084,-9.57],[-57.084,-9.561],[-57.067,-9.55],[-57.066,-9.545],[-57.055,-9.539],[-57.052,-9.528],[-57.047,-9.535],[-57.019,-9.54],[-57.015,-9.547],[-57.021,-9.552]]]}}]}