{"type":"FeatureCollection","features":[{"type":"Feature","properties":{"id":"2500106","nome":"\u00c1gua Branca"},"geometry":{"type":"Polygon","coordinates":[[[-37.704,-7.373],[-37.692,-7.379],[-37.672,-7.376],[-37.649,-7.402],[-37.642,-7.412],[-37.612,-7.411],[-37.609,-7.411],[-37.595,-7.417],[-37.593,-7.429],[-37.57,-7.453],[-37.57,-7.454],[-37.568,-7.456],[-37.574,-7.459],[-37.565,-7.483],[-37.571,-7.489],[-37.586,-7.499],[-37.609,-7.508],[-37.611,-7.518],[-37.62,-7.525],[-37.63,-7.532],[-37.644,-7.529],[-37.649,-7.53],[-37.659,-7.523],[-37.676,-7.535],[-37.682,-7.548],[-37.706,-7.55],[-37.71,-7.559],[-37.706,-7.569],[-37.711,-7.573],[-37.721,-7.581],[-37.728,-7.579],[-37.735,-7.597],[-37.749,-7.566],[-37.749,-7.556],[-37.732,-7.545],[-37.727,-7.541],[-37.705,-7.476],[-37.701,-7.462],[-37.711,-7.436],[-37.726,-7.432],[-37.724,-7.409],[-37.727,-7.394],[-37.72,-7.384],[-37.721,-7.382],[-37.711,-7.381],[-37.707,-7.385],[-37.704,-7.373]]]}},{"type":"Feature","properties":{"id":"2500205","nome":"Aguiar"},"geometry":{"type":"Polygon","coordinates":[[[-38.205,-7.01],[-38.156,-7.009],[-38.132,-7.008],[-38.09,-7.012],[-38.089,-7.015],[-38.058,-7.087],[-38.091,-7.09],[-38.095,-7.091],[-38.098,-7.086],[-38.106,-7.088],[-38.124,-7.086],[-38.13,-7.09],[-38.134,-7.087],[-38.143,-7.088],[-38.153,-7.099],[-38.161,-7.108],[-38.175,-7.108],[-38.181,-7.119],[-38.187,-7.118],[-38.188,-7.114],[-38.198,-7.12],[-38.204,-7.12],[-38.232,-7.131],[-38.231,-7.146],[-38.227,-7.151],[-38.172,-7.161],[-38.23,-7.157],[-38.243,-7.167],[-38.272,-7.177],[-38.291,-7.175],[-38.295,-7.157],[-38.295,-7.156],[-38.294,-7.145],[-38.284,-7.129],[-38.301,-7.127],[-38.331,-7.142],[-38.331,-7.116],[-38.331,-7.107],[-38.331,-7.106],[-38.322,-7.096],[-38.318,-7.084],[-38.31,-7.082],[-38.335,-7.064],[-38.322,-7.062],[-38.298,-7.036],[-38.284,-7.012],[-38.277,-7.004],[-38.262,-6.993],[-38.254,-6.994],[-38.23,-7.003],[-38.205,-7.01]]]}},{"type":"Feature","properties":{"id":"2500304","nome":"Alagoa Grande"},"geometry":{"type":"Polygon","coordinates":[[[-35.535,-7.009],[-35.523,-7.031],[-35.515,-7.03],[-35.51,-7.032],[-35.507,-7.025],[-35.501,-7.026],[-35.497,-7.033],[-35.491,-7.066],[-35.514,-7.062],[-35.511,-7.071],[-35.505,-7.075],[-35.507,-7.084],[-35.5,-7.094],[-35.523,-7.105],[-35.526,-7.11],[-35.527,-7.114],[-35.533,-7.12],[-35.569,-7.122],[-35.613,-7.134],[-35.614,-7.134],[-35.624,-7.132],[-35.635,-7.133],[-35.647,-7.145],[-35.653,-7.14],[-35.66,-7.139],[-35.672,-7.147],[-35.68,-7.148],[-35.688,-7.135],[-35.702,-7.113],[-35.708,-7.104],[-35.708,-7.09],[-35.711,-7.089],[-35.705,-7.082],[-35.705,-7.073],[-35.701,-7.062],[-35.696,-7.064],[-35.683,-7.046],[-35.671,-7.048],[-35.666,-7.038],[-35.662,-7.034],[-35.678,-7.04],[-35.691,-7.036],[-35.693,-7.027],[-35.684,-7.026],[-35.672,-7.017],[-35.665,-7.012],[-35.644,-6.984],[-35.637,-6.98],[-35.613,-6.977],[-35.601,-6.968],[-35.594,-6.953],[-35.593,-6.948],[-35.58,-6.941],[-35.574,-6.969],[-35.559,-6.977],[-35.559,-6.978],[-35.556,-6.981],[-35.535,-7.009]]]}},{"type":"Feature","properties":{"id":"2500403","nome":"Alagoa Nova"},"geometry":{"type":"Polygon","coordinates":[[[-35.796,-7.023],[-35.788,-7.029],[-35.779,-7.027],[-35.768,-7.031],[-35.763,-7.033],[-35.755,-7.027],[-35.753,-7.031],[-35.743,-7.029],[-35.736,-7.022],[-35.715,-7.025],[-35.712,-7.023],[-35.693,-7.027],[-35.691,-7.036],[-35.678,-7.04],[-35.662,-7.034],[-35.666,-7.038],[-35.671,-7.048],[-35.683,-7.046],[-35.696,-7.064],[-35.701,-7.062],[-35.705,-7.073],[-35.705,-7.082],[-35.711,-7.089],[-35.718,-7.091],[-35.721,-7.096],[-35.723,-7.099],[-35.753,-7.108],[-35.769,-7.104],[-35.775,-7.102],[-35.795,-7.106],[-35.805,-7.101],[-35.813,-7.102],[-35.812,-7.095],[-35.815,-7.085],[-35.818,-7.077],[-35.816,-7.075],[-35.823,-7.072],[-35.827,-7.07],[-35.834,-7.06],[-35.842,-7.056],[-35.855,-7.05],[-35.841,-7.041],[-35.832,-7.029],[-35.825,-7.03],[-35.809,-7.032],[-35.796,-7.023]]]}},{"type":"Feature","properties":{"id":"2500502","nome":"Alagoinha"},"geometry":{"type":"Polygon","coordinates":[[[-35.563,-6.908],[-35.534,-6.929],[-35.479,-6.923],[-35.472,-6.923],[-35.472,-6.935],[-35.466,-6.952],[-35.458,-6.957],[-35.46,-6.964],[-35.459,-6.974],[-35.463,-6.981],[-35.479,-6.99],[-35.519,-6.986],[-35.524,-6.991],[-35.515,-7.006],[-35.52,-7.019],[-35.515,-7.022],[-35.515,-7.03],[-35.523,-7.031],[-35.535,-7.009],[-35.556,-6.981],[-35.559,-6.978],[-35.559,-6.977],[-35.574,-6.969],[-35.58,-6.941],[-35.571,-6.935],[-35.582,-6.919],[-35.563,-6.908]]]}},{"type":"Feature","properties":{"id":"2500536","nome":"Alcantil"},"geometry":{"type":"Polygon","coordinates":[[[-36.032,-7.587],[-36.021,-7.591],[-36.019,-7.595],[-36.017,-7.588],[-36.006,-7.59],[-36.003,-7.587],[-35.99,-7.595],[-35.991,-7.601],[-35.976,-7.613],[-35.971,-7.624],[-35.972,-7.633],[-35.963,-7.64],[-35.965,-7.648],[-35.96,-7.652],[-35.972,-7.668],[-35.977,-7.684],[-35.982,-7.692],[-35.981,-7.694],[-35.974,-7.694],[-35.976,-7.706],[-35.979,-7.705],[-35.981,-7.717],[-35.984,-7.718],[-35.987,-7.726],[-35.985,-7.731],[-35.992,-7.731],[-35.991,-7.737],[-35.985,-7.737],[-35.993,-7.743],[-35.996,-7.762],[-36.0,-7.763],[-36.005,-7.759],[-36.008,-7.761],[-36.01,-7.758],[-36.011,-7.766],[-36.015,-7.765],[-36.03,-7.786],[-36.031,-7.795],[-36.035,-7.796],[-36.043,-7.793],[-36.054,-7.801],[-36.069,-7.781],[-36.103,-7.779],[-36.117,-7.785],[-36.126,-7.784],[-36.127,-7.769],[-36.119,-7.752],[-36.117,-7.734],[-36.107,-7.725],[-36.105,-7.717],[-36.131,-7.668],[-36.126,-7.66],[-36.128,-7.65],[-36.126,-7.644],[-36.131,-7.639],[-36.123,-7.636],[-36.116,-7.641],[-36.11,-7.636],[-36.117,-7.63],[-36.111,-7.623],[-36.104,-7.63],[-36.103,-7.62],[-36.098,-7.624],[-36.096,-7.616],[-36.092,-7.616],[-36.089,-7.613],[-36.087,-7.616],[-36.076,-7.614],[-36.071,-7.613],[-36.071,-7.604],[-36.07,-7.602],[-36.063,-7.608],[-36.063,-7.603],[-36.056,-7.602],[-36.059,-7.597],[-36.055,-7.589],[-36.051,-7.591],[-36.035,-7.589],[-36.032,-7.587]]]}},{"type":"Feature","properties":{"id":"2500577","nome":"Algod\u00e3o de Janda\u00edra"},"geometry":{"type":"Polygon","coordinates":[[[-35.839,-6.846],[-35.829,-6.856],[-35.81,-6.863],[-35.803,-6.866],[-35.807,-6.873],[-35.809,-6.88],[-35.819,-6.874],[-35.849,-6.855],[-35.873,-6.861],[-35.893,-6.876],[-35.903,-6.89],[-35.952,-6.89],[-35.945,-6.902],[-35.951,-6.909],[-35.964,-6.922],[-35.98,-6.924],[-35.984,-6.931],[-36.011,-6.944],[-36.011,-6.948],[-36.018,-6.952],[-36.02,-6.961],[-36.049,-6.977],[-36.056,-6.971],[-36.078,-6.971],[-36.113,-6.931],[-36.098,-6.923],[-36.071,-6.907],[-36.055,-6.893],[-36.032,-6.882],[-36.024,-6.879],[-36.002,-6.869],[-35.939,-6.829],[-35.938,-6.828],[-35.923,-6.815],[-35.916,-6.796],[-35.897,-6.793],[-35.891,-6.793],[-35.869,-6.817],[-35.844,-6.836],[-35.839,-6.846]]]}},{"type":"Feature","properties":{"id":"2500601","nome":"Alhandra"},"geometry":{"type":"Polygon","coordinates":[[[-34.926,-7.273],[-34.92,-7.28],[-34.917,-7.289],[-34.92,-7.3],[-34.918,-7.303],[-34.881,-7.324],[-34.874,-7.333],[-34.865,-7.338],[-34.86,-7.343],[-34.87,-7.355],[-34.871,-7.361],[-34.874,-7.365],[-34.897,-7.393],[-34.91,-7.41],[-34.901,-7.417],[-34.886,-7.416],[-34.881,-7.417],[-34.871,-7.429],[-34.863,-7.434],[-34.862,-7.429],[-34.849,-7.438],[-34.856,-7.439],[-34.86,-7.454],[-34.876,-7.456],[-34.886,-7.459],[-34.906,-7.447],[-34.91,-7.445],[-34.92,-7.439],[-34.924,-7.431],[-34.941,-7.422],[-34.942,-7.416],[-34.954,-7.405],[-34.953,-7.388],[-34.958,-7.381],[-34.967,-7.368],[-34.956,-7.35],[-34.98,-7.328],[-34.983,-7.326],[-35.043,-7.278],[-35.039,-7.276],[-35.017,-7.27],[-34.991,-7.268],[-34.974,-7.274],[-34.969,-7.282],[-34.963,-7.282],[-34.95,-7.275],[-34.944,-7.249],[-34.934,-7.252],[-34.938,-7.261],[-34.939,-7.273],[-34.926,-7.273]]]}},{"type":"Feature","properties":{"id":"2500700","nome":"S\u00e3o Jo\u00e3o do Rio do Peixe"},"geometry":{"type":"Polygon","coordinates":[[[-38.348,-6.581],[-38.342,-6.582],[-38.334,-6.578],[-38.342,-6.591],[-38.342,-6.603],[-38.353,-6.614],[-38.353,-6.62],[-38.341,-6.629],[-38.346,-6.637],[-38.351,-6.659],[-38.355,-6.681],[-38.355,-6.694],[-38.356,-6.757],[-38.36,-6.762],[-38.372,-6.772],[-38.353,-6.772],[-38.351,-6.794],[-38.352,-6.796],[-38.353,-6.799],[-38.363,-6.824],[-38.364,-6.851],[-38.364,-6.856],[-38.37,-6.864],[-38.358,-6.879],[-38.348,-6.881],[-38.356,-6.895],[-38.363,-6.91],[-38.369,-6.914],[-38.365,-6.92],[-38.367,-6.921],[-38.378,-6.919],[-38.381,-6.924],[-38.383,-6.928],[-38.401,-6.929],[-38.411,-6.926],[-38.426,-6.931],[-38.427,-6.937],[-38.431,-6.912],[-38.432,-6.898],[-38.426,-6.892],[-38.419,-6.867],[-38.418,-6.849],[-38.419,-6.837],[-38.423,-6.809],[-38.43,-6.814],[-38.466,-6.81],[-38.495,-6.805],[-38.532,-6.804],[-38.562,-6.796],[-38.547,-6.791],[-38.525,-6.796],[-38.517,-6.797],[-38.509,-6.79],[-38.495,-6.786],[-38.496,-6.769],[-38.489,-6.757],[-38.49,-6.749],[-38.486,-6.737],[-38.49,-6.736],[-38.489,-6.726],[-38.494,-6.72],[-38.503,-6.717],[-38.503,-6.708],[-38.522,-6.704],[-38.519,-6.695],[-38.524,-6.674],[-38.508,-6.672],[-38.497,-6.662],[-38.493,-6.664],[-38.483,-6.66],[-38.475,-6.649],[-38.476,-6.636],[-38.455,-6.608],[-38.449,-6.59],[-38.436,-6.574],[-38.412,-6.601],[-38.41,-6.6],[-38.385,-6.581],[-38.36,-6.568],[-38.349,-6.574],[-38.348,-6.581]]]}},{"type":"Feature","properties":{"id":"2500734","nome":"Amparo"},"geometry":{"type":"Polygon","coordinates":[[[-36.999,-7.606],[-36.982,-7.62],[-36.988,-7.63],[-37.045,-7.609],[-37.06,-7.611],[-37.069,-7.609],[-37.076,-7.599],[-37.086,-7.596],[-37.096,-7.572],[-37.09,-7.569],[-37.094,-7.56],[-37.09,-7.556],[-37.086,-7.517],[-37.068,-7.517],[-37.053,-7.504],[-37.043,-7.504],[-37.03,-7.498],[-37.026,-7.497],[-37.025,-7.496],[-37.023,-7.502],[-37.012,-7.504],[-36.978,-7.543],[-37.0,-7.564],[-37.002,-7.568],[-36.999,-7.575],[-37.002,-7.579],[-36.998,-7.585],[-36.999,-7.606]]]}},{"type":"Feature","properties":{"id":"2500775","nome":"Aparecida"},"geometry":{"type":"Polygon","coordinates":[[[-38.016,-6.67],[-38.012,-6.675],[-37.998,-6.677],[-37.983,-6.696],[-37.986,-6.712],[-38.029,-6.717],[-38.025,-6.764],[-38.016,-6.772],[-38.014,-6.781],[-38.016,-6.788],[-38.01,-6.797],[-38.0,-6.816],[-37.99,-6.827],[-37.995,-6.828],[-38.003,-6.824],[-38.01,-6.831],[-38.012,-6.848],[-38.001,-6.855],[-37.997,-6.872],[-38.014,-6.884],[-38.026,-6.881],[-38.03,-6.887],[-38.041,-6.887],[-38.068,-6.879],[-38.089,-6.887],[-38.105,-6.887],[-38.123,-6.897],[-38.134,-6.892],[-38.151,-6.895],[-38.137,-6.872],[-38.133,-6.871],[-38.131,-6.86],[-38.119,-6.853],[-38.13,-6.818],[-38.136,-6.788],[-38.14,-6.753],[-38.101,-6.723],[-38.092,-6.689],[-38.087,-6.688],[-38.086,-6.685],[-38.069,-6.673],[-38.049,-6.675],[-38.039,-6.669],[-38.016,-6.67]]]}},{"type":"Feature","properties":{"id":"2500809","nome":"Ara\u00e7agi"},"geometry":{"type":"Polygon","coordinates":[[[-35.323,-6.799],[-35.327,-6.824],[-35.306,-6.832],[-35.3,-6.851],[-35.318,-6.86],[-35.316,-6.871],[-35.305,-6.884],[-35.305,-6.896],[-35.302,-6.903],[-35.302,-6.908],[-35.296,-6.913],[-35.292,-6.925],[-35.287,-6.943],[-35.277,-6.943],[-35.274,-6.948],[-35.266,-6.953],[-35.263,-6.955],[-35.262,-6.955],[-35.263,-6.955],[-35.278,-6.969],[-35.316,-6.985],[-35.317,-6.985],[-35.341,-6.956],[-35.343,-6.942],[-35.346,-6.941],[-35.362,-6.94],[-35.381,-6.933],[-35.382,-6.924],[-35.384,-6.901],[-35.385,-6.894],[-35.389,-6.856],[-35.392,-6.854],[-35.39,-6.848],[-35.393,-6.845],[-35.398,-6.847],[-35.4,-6.844],[-35.403,-6.848],[-35.403,-6.845],[-35.406,-6.833],[-35.41,-6.835],[-35.411,-6.83],[-35.416,-6.831],[-35.419,-6.833],[-35.417,-6.825],[-35.422,-6.823],[-35.418,-6.813],[-35.428,-6.815],[-35.43,-6.813],[-35.459,-6.821],[-35.464,-6.812],[-35.462,-6.809],[-35.446,-6.792],[-35.435,-6.787],[-35.424,-6.777],[-35.417,-6.774],[-35.409,-6.765],[-35.39,-6.761],[-35.374,-6.756],[-35.373,-6.755],[-35.372,-6.755],[-35.359,-6.757],[-35.35,-6.774],[-35.34,-6.779],[-35.325,-6.779],[-35.321,-6.788],[-35.316,-6.789],[-35.323,-6.799]]]}},{"type":"Feature","properties":{"id":"2500908","nome":"Arara"},"geometry":{"type":"Polygon","coordinates":[[[-35.729,-6.817],[-35.72,-6.825],[-35.716,-6.821],[-35.706,-6.819],[-35.702,-6.815],[-35.701,-6.814],[-35.702,-6.833],[-35.709,-6.841],[-35.699,-6.846],[-35.693,-6.86],[-35.688,-6.862],[-35.678,-6.867],[-35.674,-6.866],[-35.659,-6.868],[-35.653,-6.882],[-35.646,-6.882],[-35.645,-6.883],[-35.65,-6.91],[-35.656,-6.91],[-35.659,-6.907],[-35.669,-6.9],[-35.68,-6.891],[-35.721,-6.894],[-35.727,-6.894],[-35.73,-6.893],[-35.75,-6.883],[-35.765,-6.883],[-35.767,-6.875],[-35.775,-6.876],[-35.783,-6.874],[-35.786,-6.873],[-35.8,-6.864],[-35.803,-6.866],[-35.81,-6.863],[-35.808,-6.848],[-35.812,-6.843],[-35.806,-6.841],[-35.805,-6.834],[-35.796,-6.834],[-35.792,-6.826],[-35.787,-6.824],[-35.762,-6.824],[-35.759,-6.824],[-35.755,-6.825],[-35.752,-6.825],[-35.742,-6.813],[-35.729,-6.817]]]}},{"type":"Feature","properties":{"id":"2501005","nome":"Araruna"},"geometry":{"type":"Polygon","coordinates":[[[-35.657,-6.445],[-35.636,-6.454],[-35.653,-6.491],[-35.664,-6.5],[-35.687,-6.534],[-35.692,-6.554],[-35.713,-6.565],[-35.721,-6.566],[-35.719,-6.569],[-35.708,-6.589],[-35.69,-6.591],[-35.707,-6.599],[-35.718,-6.601],[-35.723,-6.611],[-35.735,-6.614],[-35.737,-6.601],[-35.74,-6.597],[-35.749,-6.598],[-35.755,-6.592],[-35.777,-6.596],[-35.81,-6.578],[-35.821,-6.573],[-35.831,-6.564],[-35.859,-6.547],[-35.868,-6.545],[-35.853,-6.487],[-35.817,-6.485],[-35.782,-6.483],[-35.78,-6.483],[-35.773,-6.482],[-35.75,-6.478],[-35.743,-6.473],[-35.741,-6.476],[-35.726,-6.469],[-35.722,-6.471],[-35.711,-6.471],[-35.698,-6.462],[-35.682,-6.448],[-35.671,-6.451],[-35.665,-6.45],[-35.663,-6.446],[-35.657,-6.445]]]}},{"type":"Feature","properties":{"id":"2501104","nome":"Areia"},"geometry":{"type":"Polygon","coordinates":[[[-35.783,-6.874],[-35.775,-6.876],[-35.767,-6.875],[-35.765,-6.883],[-35.75,-6.883],[-35.73,-6.893],[-35.727,-6.894],[-35.721,-6.894],[-35.68,-6.891],[-35.669,-6.9],[-35.659,-6.907],[-35.656,-6.91],[-35.65,-6.91],[-35.649,-6.91],[-35.613,-6.916],[-35.605,-6.917],[-35.583,-6.919],[-35.582,-6.919],[-35.571,-6.935],[-35.58,-6.941],[-35.593,-6.948],[-35.594,-6.953],[-35.601,-6.968],[-35.613,-6.977],[-35.637,-6.98],[-35.644,-6.984],[-35.665,-7.012],[-35.672,-7.017],[-35.684,-7.026],[-35.693,-7.027],[-35.712,-7.023],[-35.715,-7.025],[-35.736,-7.022],[-35.743,-7.029],[-35.753,-7.031],[-35.755,-7.027],[-35.763,-7.033],[-35.768,-7.031],[-35.779,-7.027],[-35.778,-7.021],[-35.782,-7.019],[-35.778,-7.003],[-35.775,-6.996],[-35.774,-6.989],[-35.776,-6.984],[-35.774,-6.962],[-35.791,-6.938],[-35.791,-6.936],[-35.792,-6.915],[-35.793,-6.896],[-35.807,-6.873],[-35.803,-6.866],[-35.8,-6.864],[-35.786,-6.873],[-35.783,-6.874]]]}},{"type":"Feature","properties":{"id":"2501153","nome":"Areia de Bara\u00fanas"},"geometry":{"type":"Polygon","coordinates":[[[-36.937,-7.047],[-36.929,-7.057],[-36.916,-7.08],[-36.922,-7.087],[-36.924,-7.105],[-36.932,-7.109],[-36.923,-7.118],[-36.926,-7.122],[-36.931,-7.15],[-36.944,-7.151],[-36.954,-7.149],[-36.964,-7.15],[-36.976,-7.16],[-36.992,-7.18],[-37.002,-7.175],[-37.0,-7.174],[-36.995,-7.168],[-36.994,-7.157],[-36.996,-7.148],[-37.003,-7.145],[-37.0,-7.136],[-37.003,-7.131],[-37.005,-7.127],[-36.995,-7.126],[-36.993,-7.12],[-37.006,-7.075],[-37.007,-7.052],[-37.005,-7.051],[-36.997,-7.061],[-36.993,-7.061],[-36.975,-7.057],[-36.959,-7.048],[-36.948,-7.048],[-36.943,-7.045],[-36.937,-7.047]]]}},{"type":"Feature","properties":{"id":"2501203","nome":"Areial"},"geometry":{"type":"Polygon","coordinates":[[[-35.953,-7.015],[-35.947,-7.02],[-35.928,-7.017],[-35.927,-7.017],[-35.915,-7.029],[-35.911,-7.033],[-35.904,-7.039],[-35.903,-7.046],[-35.903,-7.056],[-35.912,-7.071],[-35.922,-7.08],[-35.927,-7.078],[-35.962,-7.069],[-35.963,-7.069],[-35.969,-7.068],[-35.965,-7.062],[-35.958,-7.059],[-35.959,-7.046],[-35.95,-7.029],[-35.956,-7.024],[-35.963,-7.024],[-35.957,-7.017],[-35.957,-7.016],[-35.953,-7.015]]]}},{"type":"Feature","properties":{"id":"2501302","nome":"Aroeiras"},"geometry":{"type":"Polygon","coordinates":[[[-35.584,-7.45],[-35.582,-7.462],[-35.588,-7.481],[-35.591,-7.489],[-35.592,-7.505],[-35.595,-7.525],[-35.594,-7.54],[-35.602,-7.553],[-35.601,-7.579],[-35.6,-7.589],[-35.59,-7.604],[-35.595,-7.616],[-35.597,-7.618],[-35.61,-7.618],[-35.617,-7.606],[-35.624,-7.608],[-35.634,-7.612],[-35.652,-7.612],[-35.658,-7.619],[-35.67,-7.622],[-35.675,-7.627],[-35.677,-7.636],[-35.685,-7.641],[-35.711,-7.642],[-35.724,-7.638],[-35.733,-7.63],[-35.729,-7.626],[-35.734,-7.621],[-35.734,-7.615],[-35.729,-7.608],[-35.734,-7.597],[-35.746,-7.592],[-35.745,-7.584],[-35.757,-7.572],[-35.758,-7.572],[-35.785,-7.546],[-35.79,-7.541],[-35.796,-7.535],[-35.806,-7.531],[-35.813,-7.526],[-35.83,-7.494],[-35.831,-7.466],[-35.825,-7.46],[-35.821,-7.464],[-35.814,-7.46],[-35.806,-7.464],[-35.809,-7.466],[-35.807,-7.471],[-35.796,-7.471],[-35.791,-7.464],[-35.786,-7.466],[-35.787,-7.472],[-35.786,-7.475],[-35.779,-7.47],[-35.773,-7.474],[-35.773,-7.48],[-35.77,-7.481],[-35.764,-7.477],[-35.759,-7.478],[-35.754,-7.469],[-35.747,-7.474],[-35.737,-7.468],[-35.734,-7.474],[-35.723,-7.465],[-35.722,-7.471],[-35.72,-7.474],[-35.712,-7.47],[-35.707,-7.472],[-35.699,-7.468],[-35.693,-7.477],[-35.686,-7.476],[-35.686,-7.468],[-35.679,-7.468],[-35.678,-7.46],[-35.667,-7.466],[-35.662,-7.46],[-35.642,-7.454],[-35.631,-7.45],[-35.624,-7.452],[-35.617,-7.449],[-35.605,-7.45],[-35.601,-7.45],[-35.595,-7.454],[-35.59,-7.447],[-35.584,-7.45]]]}},{"type":"Feature","properties":{"id":"2501351","nome":"Assun\u00e7\u00e3o"},"geometry":{"type":"Polygon","coordinates":[[[-36.672,-7.1],[-36.661,-7.117],[-36.661,-7.127],[-36.675,-7.124],[-36.694,-7.126],[-36.698,-7.135],[-36.712,-7.141],[-36.729,-7.124],[-36.728,-7.114],[-36.752,-7.121],[-36.778,-7.112],[-36.751,-7.08],[-36.75,-7.058],[-36.754,-7.043],[-36.742,-7.033],[-36.742,-7.025],[-36.73,-7.019],[-36.725,-7.003],[-36.703,-7.007],[-36.686,-7.009],[-36.676,-7.015],[-36.657,-7.05],[-36.662,-7.056],[-36.658,-7.062],[-36.665,-7.071],[-36.657,-7.073],[-36.669,-7.079],[-36.666,-7.098],[-36.672,-7.1]]]}},{"type":"Feature","properties":{"id":"2501401","nome":"Ba\u00eda da Trai\u00e7\u00e3o"},"geometry":{"type":"Polygon","coordinates":[[[-34.993,-6.595],[-34.978,-6.6],[-34.972,-6.596],[-34.972,-6.601],[-34.965,-6.603],[-34.962,-6.64],[-34.956,-6.662],[-34.947,-6.681],[-34.931,-6.688],[-34.934,-6.698],[-34.934,-6.71],[-34.932,-6.72],[-34.944,-6.714],[-34.972,-6.715],[-35.008,-6.704],[-35.027,-6.708],[-35.031,-6.704],[-35.037,-6.669],[-35.022,-6.624],[-35.017,-6.615],[-35.005,-6.598],[-35.001,-6.596],[-34.993,-6.595]]]}},{"type":"Feature","properties":{"id":"2501500","nome":"Bananeiras"},"geometry":{"type":"Polygon","coordinates":[[[-35.56,-6.6],[-35.552,-6.609],[-35.545,-6.61],[-35.536,-6.602],[-35.529,-6.605],[-35.525,-6.608],[-35.526,-6.644],[-35.526,-6.645],[-35.526,-6.662],[-35.531,-6.674],[-35.54,-6.687],[-35.54,-6.695],[-35.54,-6.7],[-35.545,-6.709],[-35.545,-6.721],[-35.542,-6.723],[-35.537,-6.726],[-35.537,-6.737],[-35.532,-6.745],[-35.521,-6.752],[-35.521,-6.758],[-35.528,-6.771],[-35.536,-6.771],[-35.567,-6.792],[-35.568,-6.791],[-35.59,-6.784],[-35.607,-6.781],[-35.613,-6.78],[-35.644,-6.775],[-35.647,-6.762],[-35.648,-6.758],[-35.652,-6.755],[-35.663,-6.747],[-35.673,-6.732],[-35.676,-6.726],[-35.673,-6.717],[-35.673,-6.703],[-35.678,-6.687],[-35.685,-6.683],[-35.689,-6.67],[-35.683,-6.659],[-35.679,-6.651],[-35.67,-6.65],[-35.668,-6.645],[-35.67,-6.637],[-35.66,-6.636],[-35.651,-6.644],[-35.642,-6.643],[-35.626,-6.656],[-35.61,-6.652],[-35.602,-6.637],[-35.598,-6.634],[-35.594,-6.627],[-35.587,-6.617],[-35.575,-6.607],[-35.571,-6.607],[-35.56,-6.6]]]}},{"type":"Feature","properties":{"id":"2501534","nome":"Bara\u00fana"},"geometry":{"type":"Polygon","coordinates":[[[-36.251,-6.684],[-36.266,-6.699],[-36.266,-6.696],[-36.271,-6.686],[-36.277,-6.657],[-36.274,-6.643],[-36.273,-6.636],[-36.273,-6.605],[-36.295,-6.571],[-36.299,-6.566],[-36.301,-6.543],[-36.291,-6.558],[-36.27,-6.572],[-36.252,-6.579],[-36.234,-6.594],[-36.234,-6.595],[-36.243,-6.641],[-36.243,-6.642],[-36.251,-6.684]]]}},{"type":"Feature","properties":{"id":"2501575","nome":"Barra de Santana"},"geometry":{"type":"Polygon","coordinates":[[[-35.958,-7.493],[-35.954,-7.495],[-35.951,-7.493],[-35.938,-7.505],[-35.919,-7.513],[-35.915,-7.506],[-35.902,-7.508],[-35.9,-7.516],[-35.891,-7.51],[-35.874,-7.512],[-35.873,-7.519],[-35.883,-7.53],[-35.884,-7.54],[-35.879,-7.545],[-35.871,-7.545],[-35.864,-7.55],[-35.857,-7.557],[-35.847,-7.556],[-35.827,-7.563],[-35.829,-7.57],[-35.826,-7.571],[-35.827,-7.573],[-35.851,-7.577],[-35.864,-7.589],[-35.865,-7.589],[-35.872,-7.604],[-35.879,-7.609],[-35.867,-7.637],[-35.864,-7.642],[-35.868,-7.648],[-35.866,-7.651],[-35.866,-7.663],[-35.889,-7.663],[-35.897,-7.669],[-35.918,-7.677],[-35.922,-7.682],[-35.931,-7.681],[-35.934,-7.668],[-35.945,-7.662],[-35.953,-7.649],[-35.96,-7.652],[-35.965,-7.648],[-35.963,-7.64],[-35.972,-7.633],[-35.971,-7.624],[-35.976,-7.613],[-35.991,-7.601],[-35.99,-7.595],[-36.003,-7.587],[-36.006,-7.59],[-36.017,-7.588],[-36.019,-7.595],[-36.021,-7.591],[-36.032,-7.587],[-36.035,-7.589],[-36.051,-7.591],[-36.055,-7.589],[-36.059,-7.597],[-36.056,-7.602],[-36.063,-7.603],[-36.063,-7.608],[-36.07,-7.602],[-36.071,-7.604],[-36.087,-7.6],[-36.095,-7.594],[-36.095,-7.581],[-36.115,-7.572],[-36.118,-7.56],[-36.113,-7.555],[-36.116,-7.552],[-36.111,-7.55],[-36.112,-7.546],[-36.11,-7.545],[-36.1,-7.544],[-36.092,-7.539],[-36.083,-7.541],[-36.083,-7.534],[-36.073,-7.531],[-36.067,-7.53],[-36.058,-7.518],[-36.049,-7.482],[-36.01,-7.454],[-36.009,-7.453],[-35.993,-7.46],[-35.991,-7.467],[-35.981,-7.47],[-35.973,-7.479],[-35.965,-7.482],[-35.964,-7.488],[-35.958,-7.493]]]}},{"type":"Feature","properties":{"id":"2501609","nome":"Barra de Santa Rosa"},"geometry":{"type":"Polygon","coordinates":[[[-35.974,-6.605],[-35.994,-6.64],[-36.006,-6.65],[-36.004,-6.653],[-36.008,-6.664],[-36.006,-6.672],[-35.997,-6.68],[-35.998,-6.685],[-35.994,-6.692],[-35.976,-6.705],[-35.971,-6.705],[-35.962,-6.697],[-35.949,-6.698],[-35.942,-6.705],[-35.934,-6.718],[-35.922,-6.72],[-35.922,-6.731],[-35.899,-6.744],[-35.896,-6.75],[-35.903,-6.758],[-35.899,-6.773],[-35.905,-6.778],[-35.907,-6.784],[-35.897,-6.793],[-35.916,-6.796],[-35.923,-6.815],[-35.938,-6.828],[-35.939,-6.829],[-36.002,-6.869],[-36.024,-6.879],[-36.032,-6.882],[-36.055,-6.893],[-36.071,-6.907],[-36.098,-6.923],[-36.113,-6.931],[-36.146,-6.943],[-36.147,-6.944],[-36.17,-6.941],[-36.189,-6.921],[-36.261,-6.845],[-36.249,-6.831],[-36.166,-6.737],[-36.149,-6.717],[-36.106,-6.668],[-36.065,-6.652],[-36.045,-6.638],[-36.044,-6.638],[-36.037,-6.638],[-36.011,-6.622],[-36.0,-6.618],[-35.988,-6.607],[-35.969,-6.589],[-35.974,-6.605]]]}},{"type":"Feature","properties":{"id":"2501708","nome":"Barra de S\u00e3o Miguel"},"geometry":{"type":"Polygon","coordinates":[[[-36.22,-7.598],[-36.204,-7.616],[-36.197,-7.64],[-36.198,-7.644],[-36.198,-7.645],[-36.16,-7.688],[-36.159,-7.694],[-36.163,-7.731],[-36.158,-7.752],[-36.154,-7.757],[-36.135,-7.762],[-36.127,-7.769],[-36.126,-7.784],[-36.143,-7.781],[-36.182,-7.783],[-36.201,-7.789],[-36.206,-7.77],[-36.216,-7.764],[-36.246,-7.785],[-36.254,-7.796],[-36.254,-7.801],[-36.239,-7.811],[-36.24,-7.817],[-36.253,-7.83],[-36.263,-7.831],[-36.271,-7.83],[-36.294,-7.811],[-36.309,-7.806],[-36.337,-7.809],[-36.36,-7.805],[-36.373,-7.812],[-36.396,-7.808],[-36.399,-7.766],[-36.441,-7.683],[-36.445,-7.674],[-36.357,-7.674],[-36.353,-7.667],[-36.36,-7.661],[-36.371,-7.638],[-36.366,-7.636],[-36.362,-7.62],[-36.367,-7.62],[-36.368,-7.613],[-36.361,-7.604],[-36.353,-7.599],[-36.332,-7.602],[-36.319,-7.61],[-36.301,-7.598],[-36.296,-7.592],[-36.29,-7.586],[-36.298,-7.585],[-36.3,-7.58],[-36.29,-7.574],[-36.284,-7.563],[-36.262,-7.552],[-36.246,-7.532],[-36.237,-7.53],[-36.23,-7.536],[-36.225,-7.542],[-36.224,-7.554],[-36.227,-7.574],[-36.22,-7.598]]]}},{"type":"Feature","properties":{"id":"2501807","nome":"Bayeux"},"geometry":{"type":"Polygon","coordinates":[[[-34.891,-7.111],[-34.895,-7.122],[-34.902,-7.12],[-34.904,-7.127],[-34.913,-7.128],[-34.919,-7.134],[-34.918,-7.143],[-34.911,-7.149],[-34.911,-7.154],[-34.917,-7.166],[-34.924,-7.171],[-34.927,-7.167],[-34.934,-7.169],[-34.947,-7.163],[-34.953,-7.169],[-34.964,-7.168],[-34.973,-7.175],[-34.954,-7.145],[-34.941,-7.125],[-34.926,-7.118],[-34.921,-7.122],[-34.919,-7.115],[-34.915,-7.116],[-34.912,-7.107],[-34.914,-7.103],[-34.909,-7.102],[-34.915,-7.094],[-34.912,-7.079],[-34.903,-7.088],[-34.892,-7.095],[-34.895,-7.106],[-34.891,-7.111]]]}},{"type":"Feature","properties":{"id":"2501906","nome":"Bel\u00e9m"},"geometry":{"type":"Polygon","coordinates":[[[-35.475,-6.77],[-35.483,-6.774],[-35.492,-6.774],[-35.498,-6.772],[-35.501,-6.771],[-35.51,-6.758],[-35.521,-6.758],[-35.521,-6.752],[-35.532,-6.745],[-35.537,-6.737],[-35.537,-6.726],[-35.542,-6.723],[-35.545,-6.721],[-35.545,-6.709],[-35.54,-6.7],[-35.54,-6.695],[-35.54,-6.687],[-35.531,-6.674],[-35.526,-6.662],[-35.526,-6.645],[-35.526,-6.644],[-35.508,-6.648],[-35.492,-6.651],[-35.423,-6.667],[-35.446,-6.676],[-35.455,-6.689],[-35.466,-6.704],[-35.496,-6.73],[-35.498,-6.732],[-35.475,-6.74],[-35.443,-6.751],[-35.459,-6.753],[-35.475,-6.77]]]}},{"type":"Feature","properties":{"id":"2502003","nome":"Bel\u00e9m do Brejo do Cruz"},"geometry":{"type":"Polygon","coordinates":[[[-37.232,-6.027],[-37.222,-6.042],[-37.204,-6.038],[-37.194,-6.048],[-37.174,-6.048],[-37.175,-6.055],[-37.17,-6.083],[-37.172,-6.098],[-37.167,-6.11],[-37.175,-6.142],[-37.166,-6.154],[-37.157,-6.152],[-37.165,-6.17],[-37.174,-6.18],[-37.193,-6.183],[-37.194,-6.198],[-37.201,-6.205],[-37.234,-6.213],[-37.239,-6.204],[-37.249,-6.202],[-37.247,-6.193],[-37.251,-6.19],[-37.266,-6.191],[-37.27,-6.187],[-37.279,-6.187],[-37.289,-6.186],[-37.289,-6.191],[-37.292,-6.187],[-37.301,-6.189],[-37.327,-6.177],[-37.333,-6.17],[-37.342,-6.168],[-37.366,-6.174],[-37.374,-6.174],[-37.401,-6.192],[-37.412,-6.192],[-37.43,-6.2],[-37.435,-6.199],[-37.437,-6.209],[-37.445,-6.216],[-37.459,-6.221],[-37.467,-6.233],[-37.484,-6.243],[-37.495,-6.243],[-37.518,-6.241],[-37.524,-6.246],[-37.532,-6.245],[-37.533,-6.243],[-37.541,-6.244],[-37.551,-6.24],[-37.576,-6.246],[-37.587,-6.258],[-37.607,-6.264],[-37.613,-6.27],[-37.615,-6.26],[-37.624,-6.247],[-37.617,-6.23],[-37.619,-6.206],[-37.616,-6.176],[-37.6,-6.174],[-37.585,-6.162],[-37.573,-6.158],[-37.569,-6.155],[-37.56,-6.164],[-37.54,-6.166],[-37.536,-6.152],[-37.522,-6.151],[-37.503,-6.152],[-37.503,-6.144],[-37.489,-6.144],[-37.483,-6.151],[-37.474,-6.148],[-37.459,-6.145],[-37.454,-6.12],[-37.445,-6.112],[-37.426,-6.109],[-37.407,-6.112],[-37.392,-6.108],[-37.382,-6.085],[-37.378,-6.085],[-37.371,-6.082],[-37.354,-6.086],[-37.335,-6.067],[-37.328,-6.064],[-37.309,-6.057],[-37.3,-6.05],[-37.295,-6.05],[-37.287,-6.058],[-37.272,-6.055],[-37.263,-6.046],[-37.256,-6.028],[-37.25,-6.026],[-37.232,-6.027]]]}},{"type":"Feature","properties":{"id":"2502052","nome":"Bernardino Batista"},"geometry":{"type":"Polygon","coordinates":[[[-38.521,-6.472],[-38.513,-6.493],[-38.537,-6.492],[-38.536,-6.511],[-38.542,-6.512],[-38.571,-6.514],[-38.592,-6.519],[-38.602,-6.526],[-38.607,-6.529],[-38.61,-6.532],[-38.616,-6.528],[-38.612,-6.513],[-38.595,-6.5],[-38.57,-6.47],[-38.569,-6.454],[-38.565,-6.451],[-38.556,-6.447],[-38.555,-6.437],[-38.545,-6.434],[-38.535,-6.445],[-38.521,-6.472]]]}},{"type":"Feature","properties":{"id":"2502102","nome":"Boa Ventura"},"geometry":{"type":"Polygon","coordinates":[[[-38.118,-7.416],[-38.095,-7.476],[-38.095,-7.477],[-38.144,-7.479],[-38.154,-7.463],[-38.174,-7.47],[-38.222,-7.487],[-38.229,-7.486],[-38.257,-7.484],[-38.256,-7.468],[-38.262,-7.461],[-38.252,-7.45],[-38.246,-7.423],[-38.244,-7.412],[-38.259,-7.388],[-38.245,-7.38],[-38.246,-7.368],[-38.202,-7.368],[-38.174,-7.369],[-38.141,-7.396],[-38.141,-7.397],[-38.132,-7.406],[-38.119,-7.411],[-38.118,-7.416]]]}},{"type":"Feature","properties":{"id":"2502151","nome":"Boa Vista"},"geometry":{"type":"Polygon","coordinates":[[[-36.092,-7.195],[-36.094,-7.209],[-36.102,-7.22],[-36.105,-7.231],[-36.103,-7.236],[-36.106,-7.238],[-36.109,-7.252],[-36.111,-7.256],[-36.114,-7.255],[-36.114,-7.27],[-36.114,-7.271],[-36.119,-7.302],[-36.128,-7.358],[-36.147,-7.346],[-36.175,-7.347],[-36.196,-7.361],[-36.202,-7.363],[-36.211,-7.355],[-36.226,-7.37],[-36.237,-7.368],[-36.239,-7.366],[-36.233,-7.36],[-36.241,-7.355],[-36.252,-7.362],[-36.272,-7.358],[-36.281,-7.369],[-36.323,-7.372],[-36.345,-7.367],[-36.331,-7.307],[-36.343,-7.283],[-36.326,-7.188],[-36.285,-7.193],[-36.222,-7.2],[-36.224,-7.197],[-36.17,-7.201],[-36.14,-7.164],[-36.109,-7.152],[-36.095,-7.154],[-36.092,-7.195]]]}},{"type":"Feature","properties":{"id":"2502201","nome":"Bom Jesus"},"geometry":{"type":"Polygon","coordinates":[[[-38.567,-6.791],[-38.574,-6.801],[-38.587,-6.8],[-38.586,-6.804],[-38.592,-6.804],[-38.598,-6.812],[-38.607,-6.814],[-38.608,-6.82],[-38.618,-6.832],[-38.615,-6.841],[-38.627,-6.841],[-38.628,-6.847],[-38.641,-6.854],[-38.649,-6.877],[-38.65,-6.876],[-38.657,-6.866],[-38.672,-6.854],[-38.672,-6.847],[-38.67,-6.843],[-38.678,-6.834],[-38.675,-6.83],[-38.661,-6.823],[-38.658,-6.816],[-38.655,-6.814],[-38.654,-6.813],[-38.648,-6.807],[-38.635,-6.804],[-38.642,-6.791],[-38.64,-6.789],[-38.629,-6.79],[-38.617,-6.794],[-38.614,-6.782],[-38.597,-6.787],[-38.567,-6.791]]]}},{"type":"Feature","properties":{"id":"2502300","nome":"Bom Sucesso"},"geometry":{"type":"Polygon","coordinates":[[[-37.955,-6.408],[-37.945,-6.422],[-37.928,-6.421],[-37.919,-6.411],[-37.914,-6.413],[-37.912,-6.42],[-37.9,-6.421],[-37.899,-6.421],[-37.864,-6.45],[-37.887,-6.499],[-37.892,-6.512],[-37.893,-6.513],[-37.904,-6.541],[-37.916,-6.533],[-37.932,-6.529],[-37.98,-6.531],[-37.998,-6.527],[-38.015,-6.527],[-38.026,-6.528],[-38.027,-6.525],[-38.019,-6.503],[-38.017,-6.479],[-38.026,-6.474],[-38.021,-6.468],[-38.013,-6.468],[-38.02,-6.446],[-38.008,-6.432],[-38.014,-6.43],[-38.013,-6.427],[-37.989,-6.428],[-37.98,-6.427],[-37.979,-6.426],[-37.968,-6.418],[-37.968,-6.405],[-37.955,-6.398],[-37.955,-6.408]]]}},{"type":"Feature","properties":{"id":"2502409","nome":"Bonito de Santa F\u00e9"},"geometry":{"type":"Polygon","coordinates":[[[-38.444,-7.213],[-38.443,-7.221],[-38.431,-7.226],[-38.406,-7.207],[-38.406,-7.221],[-38.412,-7.238],[-38.403,-7.248],[-38.413,-7.254],[-38.416,-7.261],[-38.419,-7.27],[-38.417,-7.281],[-38.421,-7.289],[-38.422,-7.303],[-38.413,-7.306],[-38.413,-7.321],[-38.408,-7.331],[-38.415,-7.343],[-38.433,-7.343],[-38.44,-7.358],[-38.453,-7.361],[-38.463,-7.371],[-38.477,-7.375],[-38.48,-7.382],[-38.486,-7.379],[-38.487,-7.379],[-38.495,-7.375],[-38.503,-7.375],[-38.505,-7.365],[-38.516,-7.367],[-38.516,-7.37],[-38.52,-7.365],[-38.524,-7.364],[-38.528,-7.35],[-38.544,-7.339],[-38.549,-7.335],[-38.549,-7.325],[-38.55,-7.315],[-38.54,-7.306],[-38.534,-7.293],[-38.542,-7.278],[-38.542,-7.265],[-38.552,-7.263],[-38.554,-7.251],[-38.551,-7.251],[-38.545,-7.248],[-38.544,-7.238],[-38.531,-7.231],[-38.524,-7.231],[-38.499,-7.217],[-38.48,-7.217],[-38.473,-7.215],[-38.467,-7.207],[-38.47,-7.2],[-38.46,-7.193],[-38.454,-7.211],[-38.444,-7.213]]]}},{"type":"Feature","properties":{"id":"2502508","nome":"Boqueir\u00e3o"},"geometry":{"type":"Polygon","coordinates":[[[-36.099,-7.392],[-36.097,-7.406],[-36.096,-7.41],[-36.102,-7.419],[-36.103,-7.43],[-36.098,-7.437],[-36.105,-7.44],[-36.104,-7.444],[-36.095,-7.45],[-36.095,-7.455],[-36.067,-7.471],[-36.049,-7.482],[-36.058,-7.518],[-36.067,-7.53],[-36.073,-7.531],[-36.083,-7.534],[-36.083,-7.541],[-36.092,-7.539],[-36.1,-7.544],[-36.11,-7.545],[-36.112,-7.546],[-36.111,-7.55],[-36.116,-7.552],[-36.113,-7.555],[-36.118,-7.56],[-36.115,-7.572],[-36.095,-7.581],[-36.095,-7.594],[-36.087,-7.6],[-36.103,-7.602],[-36.116,-7.611],[-36.121,-7.609],[-36.127,-7.611],[-36.137,-7.623],[-36.142,-7.62],[-36.142,-7.624],[-36.146,-7.624],[-36.153,-7.631],[-36.152,-7.635],[-36.158,-7.638],[-36.161,-7.636],[-36.169,-7.64],[-36.174,-7.635],[-36.179,-7.64],[-36.186,-7.641],[-36.189,-7.638],[-36.193,-7.646],[-36.198,-7.645],[-36.198,-7.644],[-36.197,-7.64],[-36.204,-7.616],[-36.22,-7.598],[-36.227,-7.574],[-36.224,-7.554],[-36.221,-7.532],[-36.218,-7.511],[-36.221,-7.458],[-36.223,-7.434],[-36.217,-7.445],[-36.207,-7.442],[-36.202,-7.427],[-36.194,-7.424],[-36.191,-7.407],[-36.197,-7.405],[-36.195,-7.397],[-36.189,-7.398],[-36.146,-7.391],[-36.142,-7.356],[-36.147,-7.346],[-36.128,-7.358],[-36.123,-7.373],[-36.111,-7.385],[-36.099,-7.392]]]}},{"type":"Feature","properties":{"id":"2502607","nome":"Igaracy"},"geometry":{"type":"Polygon","coordinates":[[[-38.124,-7.086],[-38.106,-7.088],[-38.098,-7.086],[-38.095,-7.091],[-38.091,-7.09],[-38.058,-7.087],[-38.058,-7.095],[-38.065,-7.115],[-38.063,-7.119],[-38.071,-7.122],[-38.078,-7.139],[-38.076,-7.149],[-38.067,-7.167],[-38.053,-7.181],[-38.052,-7.192],[-38.051,-7.199],[-38.056,-7.202],[-38.053,-7.207],[-38.057,-7.214],[-38.056,-7.219],[-38.064,-7.221],[-38.067,-7.219],[-38.069,-7.221],[-38.084,-7.218],[-38.092,-7.235],[-38.117,-7.225],[-38.133,-7.223],[-38.156,-7.221],[-38.158,-7.189],[-38.172,-7.161],[-38.227,-7.151],[-38.231,-7.146],[-38.232,-7.131],[-38.204,-7.12],[-38.198,-7.12],[-38.188,-7.114],[-38.187,-7.118],[-38.181,-7.119],[-38.175,-7.108],[-38.161,-7.108],[-38.153,-7.099],[-38.143,-7.088],[-38.134,-7.087],[-38.13,-7.09],[-38.124,-7.086]]]}},{"type":"Feature","properties":{"id":"2502706","nome":"Borborema"},"geometry":{"type":"Polygon","coordinates":[[[-35.528,-6.771],[-35.567,-6.8],[-35.574,-6.806],[-35.599,-6.811],[-35.6,-6.811],[-35.606,-6.811],[-35.617,-6.809],[-35.628,-6.807],[-35.636,-6.8],[-35.644,-6.775],[-35.613,-6.78],[-35.607,-6.781],[-35.59,-6.784],[-35.568,-6.791],[-35.567,-6.792],[-35.536,-6.771],[-35.528,-6.771]]]}},{"type":"Feature","properties":{"id":"2502805","nome":"Brejo do Cruz"},"geometry":{"type":"Polygon","coordinates":[[[-37.551,-6.24],[-37.541,-6.244],[-37.533,-6.243],[-37.532,-6.245],[-37.524,-6.246],[-37.518,-6.241],[-37.495,-6.243],[-37.484,-6.243],[-37.48,-6.259],[-37.471,-6.27],[-37.448,-6.28],[-37.442,-6.292],[-37.44,-6.288],[-37.433,-6.286],[-37.417,-6.285],[-37.411,-6.291],[-37.394,-6.286],[-37.387,-6.277],[-37.384,-6.281],[-37.371,-6.282],[-37.351,-6.298],[-37.346,-6.299],[-37.344,-6.305],[-37.334,-6.308],[-37.363,-6.322],[-37.377,-6.344],[-37.378,-6.35],[-37.377,-6.369],[-37.382,-6.373],[-37.388,-6.379],[-37.388,-6.391],[-37.412,-6.39],[-37.459,-6.395],[-37.46,-6.395],[-37.478,-6.404],[-37.49,-6.406],[-37.51,-6.412],[-37.524,-6.407],[-37.541,-6.413],[-37.55,-6.415],[-37.562,-6.411],[-37.572,-6.414],[-37.577,-6.421],[-37.577,-6.412],[-37.584,-6.405],[-37.6,-6.388],[-37.604,-6.37],[-37.606,-6.358],[-37.602,-6.343],[-37.606,-6.335],[-37.606,-6.326],[-37.606,-6.313],[-37.605,-6.288],[-37.606,-6.284],[-37.613,-6.279],[-37.613,-6.27],[-37.607,-6.264],[-37.587,-6.258],[-37.576,-6.246],[-37.551,-6.24]]]}},{"type":"Feature","properties":{"id":"2502904","nome":"Brejo dos Santos"},"geometry":{"type":"Polygon","coordinates":[[[-37.795,-6.366],[-37.806,-6.406],[-37.818,-6.448],[-37.82,-6.447],[-37.835,-6.44],[-37.852,-6.444],[-37.864,-6.45],[-37.899,-6.421],[-37.9,-6.421],[-37.912,-6.42],[-37.914,-6.413],[-37.919,-6.411],[-37.901,-6.399],[-37.89,-6.4],[-37.886,-6.397],[-37.884,-6.391],[-37.888,-6.387],[-37.888,-6.364],[-37.859,-6.374],[-37.854,-6.366],[-37.84,-6.361],[-37.844,-6.354],[-37.834,-6.342],[-37.843,-6.333],[-37.81,-6.347],[-37.795,-6.366]]]}},{"type":"Feature","properties":{"id":"2503001","nome":"Caapor\u00e3"},"geometry":{"type":"Polygon","coordinates":[[[-34.906,-7.447],[-34.886,-7.459],[-34.876,-7.456],[-34.86,-7.454],[-34.856,-7.439],[-34.849,-7.438],[-34.855,-7.463],[-34.855,-7.507],[-34.855,-7.508],[-34.85,-7.533],[-34.854,-7.539],[-34.858,-7.538],[-34.87,-7.549],[-34.873,-7.543],[-34.888,-7.535],[-34.895,-7.545],[-34.902,-7.543],[-34.9,-7.537],[-34.91,-7.538],[-34.911,-7.543],[-34.917,-7.541],[-34.924,-7.532],[-34.932,-7.528],[-34.95,-7.537],[-34.96,-7.538],[-34.969,-7.521],[-34.979,-7.509],[-34.984,-7.507],[-34.985,-7.5],[-34.985,-7.499],[-34.977,-7.469],[-34.981,-7.456],[-34.978,-7.441],[-34.976,-7.436],[-34.969,-7.434],[-34.954,-7.405],[-34.942,-7.416],[-34.941,-7.422],[-34.924,-7.431],[-34.92,-7.439],[-34.91,-7.445],[-34.906,-7.447]]]}},{"type":"Feature","properties":{"id":"2503100","nome":"Cabaceiras"},"geometry":{"type":"Polygon","coordinates":[[[-36.345,-7.367],[-36.323,-7.372],[-36.281,-7.369],[-36.272,-7.358],[-36.252,-7.362],[-36.241,-7.355],[-36.233,-7.36],[-36.239,-7.366],[-36.237,-7.368],[-36.226,-7.37],[-36.211,-7.355],[-36.202,-7.363],[-36.196,-7.361],[-36.175,-7.347],[-36.147,-7.346],[-36.142,-7.356],[-36.146,-7.391],[-36.189,-7.398],[-36.195,-7.397],[-36.197,-7.405],[-36.191,-7.407],[-36.194,-7.424],[-36.202,-7.427],[-36.207,-7.442],[-36.217,-7.445],[-36.223,-7.434],[-36.221,-7.458],[-36.218,-7.511],[-36.221,-7.532],[-36.224,-7.554],[-36.225,-7.542],[-36.23,-7.536],[-36.237,-7.53],[-36.246,-7.532],[-36.262,-7.552],[-36.284,-7.563],[-36.29,-7.574],[-36.3,-7.58],[-36.298,-7.585],[-36.29,-7.586],[-36.296,-7.592],[-36.301,-7.598],[-36.315,-7.592],[-36.333,-7.565],[-36.328,-7.549],[-36.348,-7.548],[-36.353,-7.542],[-36.358,-7.54],[-36.367,-7.526],[-36.371,-7.526],[-36.372,-7.514],[-36.382,-7.511],[-36.385,-7.506],[-36.387,-7.509],[-36.39,-7.505],[-36.394,-7.507],[-36.395,-7.501],[-36.401,-7.502],[-36.409,-7.494],[-36.421,-7.494],[-36.427,-7.488],[-36.381,-7.403],[-36.331,-7.307],[-36.345,-7.367]]]}},{"type":"Feature","properties":{"id":"2503209","nome":"Cabedelo"},"geometry":{"type":"Polygon","coordinates":[[[-34.864,-6.98],[-34.858,-6.984],[-34.847,-6.982],[-34.849,-7.0],[-34.859,-7.015],[-34.865,-7.004],[-34.867,-6.987],[-34.864,-6.98]],[[-34.825,-7.007],[-34.83,-7.03],[-34.841,-7.042],[-34.843,-7.055],[-34.85,-7.062],[-34.845,-7.099],[-34.857,-7.095],[-34.866,-7.08],[-34.86,-7.075],[-34.859,-7.067],[-34.857,-7.063],[-34.865,-7.058],[-34.859,-7.027],[-34.855,-7.027],[-34.848,-7.011],[-34.835,-6.998],[-34.835,-6.979],[-34.842,-6.966],[-34.83,-6.966],[-34.825,-7.007]]]}},{"type":"Feature","properties":{"id":"2503308","nome":"Cachoeira dos \u00cdndios"},"geometry":{"type":"Polygon","coordinates":[[[-38.657,-6.866],[-38.65,-6.876],[-38.649,-6.877],[-38.654,-6.888],[-38.649,-6.892],[-38.652,-6.9],[-38.645,-6.925],[-38.652,-6.937],[-38.649,-6.942],[-38.655,-6.952],[-38.661,-6.952],[-38.661,-6.956],[-38.658,-6.963],[-38.663,-6.967],[-38.658,-6.97],[-38.66,-6.975],[-38.657,-6.976],[-38.659,-6.982],[-38.665,-6.986],[-38.662,-6.99],[-38.672,-6.997],[-38.668,-7.001],[-38.67,-7.012],[-38.662,-7.018],[-38.674,-7.039],[-38.673,-7.046],[-38.689,-7.04],[-38.691,-7.029],[-38.713,-7.018],[-38.717,-7.017],[-38.73,-7.012],[-38.751,-6.997],[-38.758,-6.998],[-38.765,-6.993],[-38.761,-6.99],[-38.752,-6.988],[-38.743,-6.975],[-38.748,-6.966],[-38.747,-6.96],[-38.757,-6.958],[-38.765,-6.948],[-38.755,-6.94],[-38.757,-6.934],[-38.762,-6.926],[-38.758,-6.925],[-38.759,-6.916],[-38.765,-6.911],[-38.756,-6.903],[-38.73,-6.896],[-38.731,-6.889],[-38.728,-6.887],[-38.714,-6.886],[-38.714,-6.876],[-38.709,-6.874],[-38.7,-6.876],[-38.686,-6.865],[-38.678,-6.864],[-38.675,-6.861],[-38.677,-6.854],[-38.672,-6.847],[-38.672,-6.854],[-38.657,-6.866]]]}},{"type":"Feature","properties":{"id":"2503407","nome":"Cacimba de Areia"},"geometry":{"type":"Polygon","coordinates":[[[-37.189,-7.059],[-37.177,-7.066],[-37.17,-7.065],[-37.141,-7.077],[-37.13,-7.086],[-37.096,-7.099],[-37.087,-7.109],[-37.097,-7.117],[-37.095,-7.128],[-37.089,-7.169],[-37.087,-7.182],[-37.09,-7.187],[-37.099,-7.187],[-37.106,-7.179],[-37.115,-7.178],[-37.133,-7.187],[-37.134,-7.189],[-37.148,-7.194],[-37.16,-7.191],[-37.172,-7.199],[-37.169,-7.207],[-37.166,-7.211],[-37.17,-7.218],[-37.174,-7.224],[-37.171,-7.227],[-37.176,-7.23],[-37.21,-7.204],[-37.247,-7.197],[-37.247,-7.193],[-37.245,-7.113],[-37.245,-7.11],[-37.217,-7.085],[-37.217,-7.084],[-37.213,-7.081],[-37.189,-7.059]]]}},{"type":"Feature","properties":{"id":"2503506","nome":"Cacimba de Dentro"},"geometry":{"type":"Polygon","coordinates":[[[-35.777,-6.596],[-35.755,-6.592],[-35.749,-6.598],[-35.74,-6.597],[-35.737,-6.601],[-35.735,-6.614],[-35.739,-6.615],[-35.743,-6.612],[-35.754,-6.625],[-35.742,-6.677],[-35.744,-6.677],[-35.745,-6.677],[-35.749,-6.685],[-35.76,-6.691],[-35.78,-6.691],[-35.804,-6.681],[-35.829,-6.676],[-35.833,-6.667],[-35.84,-6.67],[-35.847,-6.667],[-35.851,-6.671],[-35.849,-6.683],[-35.867,-6.679],[-35.871,-6.632],[-35.872,-6.626],[-35.875,-6.593],[-35.877,-6.578],[-35.868,-6.545],[-35.859,-6.547],[-35.831,-6.564],[-35.821,-6.573],[-35.81,-6.578],[-35.777,-6.596]]]}},{"type":"Feature","properties":{"id":"2503555","nome":"Cacimbas"},"geometry":{"type":"Polygon","coordinates":[[[-37.002,-7.175],[-37.019,-7.19],[-37.034,-7.19],[-37.029,-7.205],[-37.015,-7.25],[-37.03,-7.249],[-37.034,-7.255],[-37.041,-7.255],[-37.052,-7.256],[-37.054,-7.253],[-37.063,-7.251],[-37.066,-7.244],[-37.071,-7.244],[-37.073,-7.235],[-37.077,-7.234],[-37.087,-7.237],[-37.124,-7.242],[-37.145,-7.246],[-37.172,-7.237],[-37.176,-7.23],[-37.171,-7.227],[-37.174,-7.224],[-37.17,-7.218],[-37.166,-7.211],[-37.169,-7.207],[-37.172,-7.199],[-37.16,-7.191],[-37.148,-7.194],[-37.134,-7.189],[-37.133,-7.187],[-37.115,-7.178],[-37.106,-7.179],[-37.099,-7.187],[-37.09,-7.187],[-37.087,-7.182],[-37.089,-7.169],[-37.074,-7.164],[-37.07,-7.158],[-37.063,-7.155],[-37.045,-7.158],[-37.0,-7.174],[-37.002,-7.175]]]}},{"type":"Feature","properties":{"id":"2503605","nome":"Cai\u00e7ara"},"geometry":{"type":"Polygon","coordinates":[[[-35.389,-6.598],[-35.376,-6.603],[-35.372,-6.598],[-35.361,-6.598],[-35.354,-6.596],[-35.347,-6.598],[-35.341,-6.589],[-35.335,-6.592],[-35.331,-6.589],[-35.331,-6.596],[-35.326,-6.602],[-35.328,-6.621],[-35.347,-6.62],[-35.357,-6.613],[-35.357,-6.616],[-35.359,-6.632],[-35.375,-6.628],[-35.378,-6.643],[-35.379,-6.648],[-35.391,-6.649],[-35.393,-6.662],[-35.402,-6.659],[-35.415,-6.673],[-35.416,-6.674],[-35.423,-6.667],[-35.492,-6.651],[-35.508,-6.648],[-35.503,-6.645],[-35.503,-6.632],[-35.494,-6.635],[-35.49,-6.623],[-35.481,-6.616],[-35.473,-6.616],[-35.47,-6.611],[-35.467,-6.611],[-35.465,-6.611],[-35.454,-6.612],[-35.448,-6.628],[-35.444,-6.63],[-35.429,-6.617],[-35.425,-6.578],[-35.423,-6.564],[-35.406,-6.53],[-35.407,-6.489],[-35.4,-6.491],[-35.379,-6.503],[-35.364,-6.512],[-35.376,-6.53],[-35.396,-6.562],[-35.395,-6.573],[-35.389,-6.598]]]}},{"type":"Feature","properties":{"id":"2503704","nome":"Cajazeiras"},"geometry":{"type":"Polygon","coordinates":[[[-38.562,-6.796],[-38.532,-6.804],[-38.495,-6.805],[-38.466,-6.81],[-38.43,-6.814],[-38.423,-6.809],[-38.419,-6.837],[-38.418,-6.849],[-38.419,-6.867],[-38.426,-6.892],[-38.432,-6.898],[-38.431,-6.912],[-38.427,-6.937],[-38.423,-6.962],[-38.422,-6.966],[-38.405,-6.968],[-38.387,-6.987],[-38.433,-6.986],[-38.447,-6.987],[-38.453,-6.984],[-38.472,-6.989],[-38.503,-6.989],[-38.504,-6.996],[-38.514,-6.999],[-38.521,-7.009],[-38.529,-7.012],[-38.546,-7.032],[-38.561,-7.025],[-38.567,-7.026],[-38.576,-7.034],[-38.589,-7.055],[-38.6,-7.055],[-38.612,-7.055],[-38.634,-7.045],[-38.64,-7.046],[-38.663,-7.036],[-38.669,-7.047],[-38.673,-7.046],[-38.674,-7.039],[-38.662,-7.018],[-38.67,-7.012],[-38.668,-7.001],[-38.672,-6.997],[-38.662,-6.99],[-38.665,-6.986],[-38.659,-6.982],[-38.657,-6.976],[-38.66,-6.975],[-38.658,-6.97],[-38.663,-6.967],[-38.658,-6.963],[-38.661,-6.956],[-38.661,-6.952],[-38.655,-6.952],[-38.649,-6.942],[-38.652,-6.937],[-38.645,-6.925],[-38.652,-6.9],[-38.649,-6.892],[-38.654,-6.888],[-38.649,-6.877],[-38.641,-6.854],[-38.628,-6.847],[-38.627,-6.841],[-38.615,-6.841],[-38.618,-6.832],[-38.608,-6.82],[-38.607,-6.814],[-38.598,-6.812],[-38.592,-6.804],[-38.586,-6.804],[-38.587,-6.8],[-38.574,-6.801],[-38.567,-6.791],[-38.562,-6.796]]]}},{"type":"Feature","properties":{"id":"2503753","nome":"Cajazeirinhas"},"geometry":{"type":"Polygon","coordinates":[[[-37.82,-6.875],[-37.805,-6.876],[-37.801,-6.874],[-37.795,-6.879],[-37.785,-6.879],[-37.785,-6.88],[-37.754,-6.89],[-37.754,-6.898],[-37.75,-6.901],[-37.751,-6.909],[-37.743,-6.912],[-37.744,-6.929],[-37.74,-6.94],[-37.74,-6.954],[-37.727,-6.991],[-37.694,-6.96],[-37.677,-6.97],[-37.667,-7.008],[-37.676,-7.015],[-37.705,-7.021],[-37.748,-7.024],[-37.779,-7.019],[-37.821,-7.019],[-37.833,-7.022],[-37.87,-7.019],[-37.878,-7.008],[-37.885,-7.006],[-37.9,-6.989],[-37.905,-6.99],[-37.916,-6.979],[-37.919,-6.971],[-37.908,-6.963],[-37.906,-6.953],[-37.895,-6.948],[-37.891,-6.945],[-37.888,-6.941],[-37.89,-6.932],[-37.877,-6.925],[-37.876,-6.912],[-37.871,-6.902],[-37.857,-6.899],[-37.844,-6.871],[-37.84,-6.868],[-37.82,-6.875]]]}},{"type":"Feature","properties":{"id":"2503803","nome":"Caldas Brand\u00e3o"},"geometry":{"type":"Polygon","coordinates":[[[-35.313,-7.111],[-35.316,-7.118],[-35.31,-7.115],[-35.306,-7.119],[-35.299,-7.112],[-35.291,-7.112],[-35.287,-7.109],[-35.306,-7.141],[-35.312,-7.151],[-35.327,-7.156],[-35.332,-7.175],[-35.334,-7.179],[-35.337,-7.187],[-35.349,-7.194],[-35.354,-7.176],[-35.353,-7.17],[-35.353,-7.168],[-35.354,-7.166],[-35.358,-7.155],[-35.354,-7.144],[-35.354,-7.128],[-35.357,-7.121],[-35.35,-7.116],[-35.353,-7.103],[-35.363,-7.078],[-35.375,-7.078],[-35.376,-7.033],[-35.332,-7.097],[-35.325,-7.098],[-35.321,-7.102],[-35.323,-7.109],[-35.313,-7.111]]]}},{"type":"Feature","properties":{"id":"2503902","nome":"Camala\u00fa"},"geometry":{"type":"Polygon","coordinates":[[[-36.728,-7.789],[-36.728,-7.807],[-36.722,-7.813],[-36.719,-7.819],[-36.706,-7.826],[-36.702,-7.825],[-36.689,-7.84],[-36.681,-7.844],[-36.667,-7.866],[-36.656,-7.876],[-36.646,-7.882],[-36.624,-7.892],[-36.605,-7.91],[-36.601,-7.913],[-36.572,-7.936],[-36.673,-7.944],[-36.738,-7.951],[-36.814,-7.956],[-36.838,-7.983],[-36.847,-7.988],[-36.868,-8.012],[-36.879,-8.017],[-36.893,-8.014],[-36.905,-8.019],[-36.911,-8.027],[-36.918,-8.029],[-36.925,-8.037],[-36.929,-7.965],[-36.929,-7.962],[-36.934,-7.873],[-36.936,-7.871],[-36.961,-7.831],[-36.829,-7.812],[-36.834,-7.842],[-36.815,-7.831],[-36.803,-7.828],[-36.794,-7.83],[-36.773,-7.819],[-36.769,-7.817],[-36.76,-7.818],[-36.759,-7.803],[-36.752,-7.8],[-36.75,-7.802],[-36.746,-7.802],[-36.742,-7.793],[-36.734,-7.788],[-36.726,-7.775],[-36.724,-7.776],[-36.728,-7.789]]]}},{"type":"Feature","properties":{"id":"2504009","nome":"Campina Grande"},"geometry":{"type":"Polygon","coordinates":[[[-36.045,-7.165],[-36.034,-7.173],[-36.033,-7.173],[-36.033,-7.166],[-36.029,-7.165],[-35.996,-7.164],[-35.987,-7.16],[-35.979,-7.173],[-35.979,-7.176],[-35.964,-7.194],[-35.955,-7.197],[-35.954,-7.196],[-35.954,-7.195],[-35.947,-7.193],[-35.938,-7.194],[-35.939,-7.186],[-35.94,-7.174],[-35.938,-7.175],[-35.905,-7.182],[-35.904,-7.181],[-35.895,-7.168],[-35.888,-7.156],[-35.884,-7.174],[-35.873,-7.187],[-35.873,-7.194],[-35.866,-7.202],[-35.865,-7.211],[-35.852,-7.202],[-35.843,-7.192],[-35.841,-7.195],[-35.834,-7.195],[-35.814,-7.207],[-35.835,-7.24],[-35.84,-7.25],[-35.839,-7.251],[-35.836,-7.252],[-35.813,-7.257],[-35.8,-7.267],[-35.788,-7.269],[-35.783,-7.275],[-35.773,-7.276],[-35.77,-7.281],[-35.764,-7.281],[-35.752,-7.272],[-35.744,-7.278],[-35.732,-7.277],[-35.716,-7.263],[-35.704,-7.26],[-35.726,-7.305],[-35.736,-7.324],[-35.74,-7.318],[-35.756,-7.326],[-35.769,-7.323],[-35.783,-7.318],[-35.795,-7.321],[-35.809,-7.319],[-35.824,-7.328],[-35.838,-7.331],[-35.838,-7.329],[-35.842,-7.301],[-35.872,-7.3],[-35.888,-7.292],[-35.888,-7.286],[-35.909,-7.286],[-35.939,-7.286],[-35.945,-7.285],[-35.944,-7.28],[-35.951,-7.279],[-35.957,-7.287],[-35.962,-7.288],[-35.962,-7.298],[-35.983,-7.296],[-35.977,-7.301],[-35.978,-7.313],[-35.978,-7.32],[-35.983,-7.322],[-35.98,-7.339],[-35.983,-7.34],[-35.982,-7.344],[-35.987,-7.345],[-35.986,-7.348],[-35.986,-7.368],[-36.004,-7.381],[-36.003,-7.384],[-36.008,-7.383],[-36.014,-7.386],[-36.016,-7.38],[-36.019,-7.381],[-36.034,-7.37],[-36.039,-7.367],[-36.128,-7.358],[-36.119,-7.302],[-36.114,-7.271],[-36.114,-7.27],[-36.114,-7.255],[-36.111,-7.256],[-36.109,-7.252],[-36.106,-7.238],[-36.103,-7.236],[-36.105,-7.231],[-36.102,-7.22],[-36.094,-7.209],[-36.092,-7.195],[-36.095,-7.154],[-36.089,-7.155],[-36.063,-7.166],[-36.045,-7.165]]]}},{"type":"Feature","properties":{"id":"2504033","nome":"Capim"},"geometry":{"type":"Polygon","coordinates":[[[-35.165,-6.851],[-35.167,-6.856],[-35.158,-6.884],[-35.159,-6.893],[-35.13,-6.898],[-35.124,-6.895],[-35.101,-6.938],[-35.106,-6.937],[-35.132,-6.94],[-35.149,-6.942],[-35.155,-6.94],[-35.179,-6.952],[-35.179,-6.95],[-35.181,-6.942],[-35.178,-6.933],[-35.177,-6.929],[-35.194,-6.919],[-35.205,-6.904],[-35.214,-6.893],[-35.223,-6.888],[-35.227,-6.869],[-35.221,-6.866],[-35.216,-6.863],[-35.218,-6.858],[-35.198,-6.851],[-35.194,-6.854],[-35.187,-6.851],[-35.182,-6.846],[-35.169,-6.85],[-35.165,-6.851]]]}},{"type":"Feature","properties":{"id":"2504074","nome":"Cara\u00fabas"},"geometry":{"type":"Polygon","coordinates":[[[-36.558,-7.632],[-36.559,-7.636],[-36.541,-7.635],[-36.528,-7.641],[-36.513,-7.637],[-36.512,-7.633],[-36.494,-7.632],[-36.492,-7.643],[-36.479,-7.653],[-36.459,-7.659],[-36.457,-7.655],[-36.453,-7.657],[-36.45,-7.652],[-36.443,-7.653],[-36.445,-7.674],[-36.441,-7.683],[-36.399,-7.766],[-36.396,-7.808],[-36.407,-7.814],[-36.424,-7.815],[-36.43,-7.827],[-36.429,-7.867],[-36.44,-7.878],[-36.432,-7.88],[-36.43,-7.885],[-36.434,-7.896],[-36.445,-7.908],[-36.443,-7.914],[-36.446,-7.916],[-36.464,-7.915],[-36.48,-7.924],[-36.488,-7.915],[-36.499,-7.92],[-36.513,-7.914],[-36.536,-7.901],[-36.568,-7.861],[-36.561,-7.842],[-36.556,-7.828],[-36.559,-7.817],[-36.555,-7.807],[-36.57,-7.801],[-36.589,-7.771],[-36.614,-7.761],[-36.621,-7.752],[-36.616,-7.743],[-36.618,-7.74],[-36.624,-7.728],[-36.617,-7.705],[-36.614,-7.702],[-36.608,-7.708],[-36.596,-7.71],[-36.579,-7.717],[-36.565,-7.69],[-36.561,-7.685],[-36.552,-7.682],[-36.547,-7.671],[-36.589,-7.633],[-36.577,-7.626],[-36.558,-7.632]]]}},{"type":"Feature","properties":{"id":"2504108","nome":"Carrapateira"},"geometry":{"type":"Polygon","coordinates":[[[-38.322,-7.096],[-38.331,-7.106],[-38.342,-7.087],[-38.367,-7.043],[-38.362,-6.988],[-38.315,-6.993],[-38.311,-6.993],[-38.262,-6.993],[-38.277,-7.004],[-38.284,-7.012],[-38.298,-7.036],[-38.322,-7.062],[-38.335,-7.064],[-38.31,-7.082],[-38.318,-7.084],[-38.322,-7.096]]]}},{"type":"Feature","properties":{"id":"2504157","nome":"Casserengue"},"geometry":{"type":"Polygon","coordinates":[[[-35.847,-6.667],[-35.84,-6.67],[-35.833,-6.667],[-35.829,-6.676],[-35.804,-6.681],[-35.78,-6.691],[-35.779,-6.697],[-35.782,-6.701],[-35.78,-6.705],[-35.785,-6.715],[-35.789,-6.749],[-35.794,-6.749],[-35.798,-6.753],[-35.794,-6.756],[-35.81,-6.769],[-35.804,-6.787],[-35.789,-6.819],[-35.787,-6.824],[-35.792,-6.826],[-35.796,-6.834],[-35.805,-6.834],[-35.806,-6.841],[-35.812,-6.843],[-35.808,-6.848],[-35.81,-6.863],[-35.829,-6.856],[-35.839,-6.846],[-35.844,-6.836],[-35.869,-6.817],[-35.891,-6.793],[-35.897,-6.793],[-35.907,-6.784],[-35.905,-6.778],[-35.899,-6.773],[-35.903,-6.758],[-35.896,-6.75],[-35.899,-6.744],[-35.922,-6.731],[-35.922,-6.72],[-35.911,-6.717],[-35.907,-6.709],[-35.901,-6.706],[-35.899,-6.705],[-35.901,-6.7],[-35.893,-6.691],[-35.874,-6.691],[-35.867,-6.679],[-35.849,-6.683],[-35.851,-6.671],[-35.847,-6.667]]]}},{"type":"Feature","properties":{"id":"2504207","nome":"Catingueira"},"geometry":{"type":"Polygon","coordinates":[[[-37.627,-6.993],[-37.603,-6.998],[-37.588,-6.994],[-37.519,-7.0],[-37.519,-7.006],[-37.514,-7.087],[-37.512,-7.11],[-37.543,-7.109],[-37.494,-7.227],[-37.497,-7.238],[-37.511,-7.249],[-37.507,-7.259],[-37.514,-7.262],[-37.523,-7.267],[-37.522,-7.277],[-37.547,-7.292],[-37.559,-7.31],[-37.566,-7.315],[-37.57,-7.317],[-37.58,-7.308],[-37.585,-7.288],[-37.593,-7.284],[-37.596,-7.271],[-37.614,-7.27],[-37.615,-7.264],[-37.623,-7.262],[-37.63,-7.249],[-37.648,-7.237],[-37.649,-7.233],[-37.657,-7.231],[-37.66,-7.234],[-37.661,-7.225],[-37.673,-7.213],[-37.669,-7.204],[-37.676,-7.191],[-37.677,-7.172],[-37.703,-7.175],[-37.704,-7.175],[-37.668,-7.154],[-37.672,-7.115],[-37.676,-7.029],[-37.676,-7.015],[-37.667,-7.008],[-37.654,-7.0],[-37.627,-6.993]]]}},{"type":"Feature","properties":{"id":"2504306","nome":"Catol\u00e9 do Rocha"},"geometry":{"type":"Polygon","coordinates":[[[-37.68,-6.189],[-37.646,-6.189],[-37.638,-6.179],[-37.616,-6.176],[-37.619,-6.206],[-37.617,-6.23],[-37.624,-6.247],[-37.615,-6.26],[-37.613,-6.27],[-37.613,-6.279],[-37.606,-6.284],[-37.605,-6.288],[-37.606,-6.313],[-37.606,-6.326],[-37.606,-6.335],[-37.602,-6.343],[-37.606,-6.358],[-37.604,-6.37],[-37.6,-6.388],[-37.584,-6.405],[-37.577,-6.412],[-37.577,-6.421],[-37.578,-6.434],[-37.639,-6.417],[-37.724,-6.393],[-37.734,-6.391],[-37.733,-6.436],[-37.733,-6.444],[-37.733,-6.488],[-37.74,-6.481],[-37.746,-6.478],[-37.743,-6.465],[-37.801,-6.456],[-37.809,-6.45],[-37.818,-6.448],[-37.806,-6.406],[-37.795,-6.366],[-37.81,-6.347],[-37.843,-6.333],[-37.833,-6.321],[-37.822,-6.317],[-37.814,-6.315],[-37.814,-6.312],[-37.824,-6.306],[-37.81,-6.291],[-37.794,-6.289],[-37.771,-6.291],[-37.757,-6.29],[-37.757,-6.287],[-37.771,-6.273],[-37.77,-6.265],[-37.76,-6.254],[-37.776,-6.245],[-37.763,-6.241],[-37.762,-6.235],[-37.775,-6.231],[-37.764,-6.219],[-37.753,-6.214],[-37.753,-6.198],[-37.742,-6.189],[-37.716,-6.179],[-37.709,-6.177],[-37.698,-6.186],[-37.68,-6.189]]]}},{"type":"Feature","properties":{"id":"2504355","nome":"Caturit\u00e9"},"geometry":{"type":"Polygon","coordinates":[[[-36.034,-7.37],[-36.019,-7.381],[-36.016,-7.38],[-36.014,-7.386],[-36.008,-7.383],[-36.003,-7.384],[-35.999,-7.39],[-36.008,-7.396],[-36.009,-7.402],[-36.009,-7.403],[-35.999,-7.408],[-35.998,-7.412],[-36.004,-7.411],[-36.017,-7.42],[-36.017,-7.422],[-36.004,-7.424],[-36.008,-7.438],[-36.016,-7.438],[-36.015,-7.442],[-36.021,-7.444],[-36.009,-7.449],[-36.009,-7.453],[-36.01,-7.454],[-36.049,-7.482],[-36.067,-7.471],[-36.095,-7.455],[-36.095,-7.45],[-36.104,-7.444],[-36.105,-7.44],[-36.098,-7.437],[-36.103,-7.43],[-36.102,-7.419],[-36.096,-7.41],[-36.097,-7.406],[-36.099,-7.392],[-36.111,-7.385],[-36.123,-7.373],[-36.128,-7.358],[-36.039,-7.367],[-36.034,-7.37]]]}},{"type":"Feature","properties":{"id":"2504405","nome":"Concei\u00e7\u00e3o"},"geometry":{"type":"Polygon","coordinates":[[[-38.52,-7.365],[-38.516,-7.37],[-38.516,-7.367],[-38.505,-7.365],[-38.503,-7.375],[-38.495,-7.375],[-38.487,-7.379],[-38.486,-7.379],[-38.48,-7.382],[-38.477,-7.375],[-38.463,-7.371],[-38.453,-7.361],[-38.44,-7.358],[-38.433,-7.343],[-38.415,-7.343],[-38.413,-7.342],[-38.412,-7.347],[-38.406,-7.346],[-38.413,-7.362],[-38.41,-7.365],[-38.414,-7.369],[-38.414,-7.372],[-38.408,-7.371],[-38.402,-7.375],[-38.41,-7.391],[-38.41,-7.398],[-38.407,-7.402],[-38.396,-7.408],[-38.401,-7.416],[-38.401,-7.424],[-38.404,-7.426],[-38.407,-7.423],[-38.426,-7.423],[-38.441,-7.429],[-38.476,-7.433],[-38.491,-7.438],[-38.491,-7.44],[-38.475,-7.52],[-38.48,-7.523],[-38.481,-7.53],[-38.471,-7.538],[-38.441,-7.542],[-38.424,-7.552],[-38.423,-7.565],[-38.436,-7.583],[-38.439,-7.585],[-38.446,-7.581],[-38.445,-7.588],[-38.45,-7.594],[-38.448,-7.595],[-38.439,-7.602],[-38.439,-7.607],[-38.446,-7.618],[-38.445,-7.625],[-38.438,-7.633],[-38.446,-7.644],[-38.45,-7.668],[-38.434,-7.72],[-38.45,-7.717],[-38.457,-7.718],[-38.449,-7.707],[-38.45,-7.703],[-38.455,-7.697],[-38.466,-7.695],[-38.475,-7.687],[-38.477,-7.678],[-38.47,-7.665],[-38.473,-7.659],[-38.47,-7.652],[-38.476,-7.652],[-38.481,-7.649],[-38.496,-7.652],[-38.5,-7.655],[-38.509,-7.649],[-38.525,-7.634],[-38.523,-7.615],[-38.53,-7.6],[-38.544,-7.597],[-38.568,-7.6],[-38.583,-7.596],[-38.6,-7.603],[-38.62,-7.598],[-38.631,-7.587],[-38.668,-7.586],[-38.679,-7.574],[-38.674,-7.569],[-38.655,-7.565],[-38.659,-7.56],[-38.653,-7.554],[-38.656,-7.546],[-38.652,-7.539],[-38.651,-7.527],[-38.654,-7.522],[-38.646,-7.517],[-38.646,-7.502],[-38.631,-7.487],[-38.635,-7.475],[-38.641,-7.465],[-38.646,-7.463],[-38.645,-7.46],[-38.603,-7.457],[-38.602,-7.453],[-38.605,-7.444],[-38.596,-7.438],[-38.595,-7.434],[-38.584,-7.433],[-38.584,-7.416],[-38.596,-7.414],[-38.59,-7.401],[-38.583,-7.398],[-38.576,-7.376],[-38.561,-7.358],[-38.552,-7.34],[-38.549,-7.335],[-38.544,-7.339],[-38.528,-7.35],[-38.524,-7.364],[-38.52,-7.365]]]}},{"type":"Feature","properties":{"id":"2504504","nome":"Condado"},"geometry":{"type":"Polygon","coordinates":[[[-37.638,-6.722],[-37.629,-6.731],[-37.605,-6.73],[-37.599,-6.797],[-37.592,-6.804],[-37.576,-6.806],[-37.576,-6.812],[-37.565,-6.895],[-37.556,-6.905],[-37.555,-6.908],[-37.552,-6.924],[-37.543,-6.934],[-37.538,-6.943],[-37.545,-6.969],[-37.519,-7.0],[-37.588,-6.994],[-37.603,-6.998],[-37.627,-6.993],[-37.654,-7.0],[-37.667,-7.008],[-37.677,-6.97],[-37.694,-6.96],[-37.696,-6.944],[-37.677,-6.938],[-37.678,-6.927],[-37.685,-6.917],[-37.68,-6.913],[-37.68,-6.906],[-37.681,-6.905],[-37.679,-6.898],[-37.668,-6.884],[-37.658,-6.879],[-37.645,-6.863],[-37.636,-6.859],[-37.633,-6.852],[-37.633,-6.841],[-37.627,-6.826],[-37.631,-6.806],[-37.633,-6.796],[-37.624,-6.787],[-37.622,-6.78],[-37.633,-6.767],[-37.631,-6.757],[-37.644,-6.744],[-37.647,-6.729],[-37.657,-6.722],[-37.638,-6.722]]]}},{"type":"Feature","properties":{"id":"2504603","nome":"Conde"},"geometry":{"type":"Polygon","coordinates":[[[-34.872,-7.221],[-34.87,-7.227],[-34.865,-7.226],[-34.862,-7.23],[-34.853,-7.23],[-34.849,-7.235],[-34.845,-7.232],[-34.846,-7.235],[-34.842,-7.236],[-34.84,-7.234],[-34.838,-7.237],[-34.838,-7.231],[-34.832,-7.228],[-34.823,-7.23],[-34.825,-7.234],[-34.818,-7.234],[-34.818,-7.239],[-34.807,-7.236],[-34.808,-7.243],[-34.805,-7.24],[-34.804,-7.26],[-34.799,-7.278],[-34.8,-7.294],[-34.798,-7.3],[-34.799,-7.306],[-34.801,-7.315],[-34.799,-7.321],[-34.794,-7.329],[-34.8,-7.357],[-34.797,-7.367],[-34.802,-7.383],[-34.808,-7.376],[-34.81,-7.367],[-34.813,-7.368],[-34.813,-7.364],[-34.818,-7.365],[-34.815,-7.354],[-34.82,-7.349],[-34.844,-7.344],[-34.852,-7.347],[-34.857,-7.341],[-34.86,-7.343],[-34.865,-7.338],[-34.874,-7.333],[-34.881,-7.324],[-34.918,-7.303],[-34.92,-7.3],[-34.917,-7.289],[-34.92,-7.28],[-34.926,-7.273],[-34.939,-7.273],[-34.938,-7.261],[-34.934,-7.252],[-34.944,-7.249],[-34.941,-7.241],[-34.935,-7.239],[-34.93,-7.226],[-34.912,-7.213],[-34.904,-7.212],[-34.872,-7.221]]]}},{"type":"Feature","properties":{"id":"2504702","nome":"Congo"},"geometry":{"type":"Polygon","coordinates":[[[-36.669,-7.683],[-36.658,-7.684],[-36.647,-7.683],[-36.639,-7.692],[-36.631,-7.695],[-36.625,-7.705],[-36.617,-7.705],[-36.624,-7.728],[-36.618,-7.74],[-36.616,-7.743],[-36.621,-7.752],[-36.614,-7.761],[-36.589,-7.771],[-36.57,-7.801],[-36.555,-7.807],[-36.559,-7.817],[-36.556,-7.828],[-36.561,-7.842],[-36.568,-7.861],[-36.536,-7.901],[-36.552,-7.898],[-36.568,-7.903],[-36.574,-7.907],[-36.578,-7.915],[-36.572,-7.936],[-36.601,-7.913],[-36.605,-7.91],[-36.624,-7.892],[-36.646,-7.882],[-36.656,-7.876],[-36.667,-7.866],[-36.681,-7.844],[-36.689,-7.84],[-36.702,-7.825],[-36.706,-7.826],[-36.719,-7.819],[-36.722,-7.813],[-36.728,-7.807],[-36.728,-7.789],[-36.724,-7.776],[-36.726,-7.775],[-36.764,-7.728],[-36.754,-7.715],[-36.745,-7.714],[-36.73,-7.705],[-36.728,-7.701],[-36.713,-7.695],[-36.707,-7.697],[-36.669,-7.683]]]}},{"type":"Feature","properties":{"id":"2504801","nome":"Coremas"},"geometry":{"type":"Polygon","coordinates":[[[-37.87,-7.019],[-37.833,-7.022],[-37.821,-7.019],[-37.822,-7.056],[-37.823,-7.094],[-37.841,-7.099],[-37.854,-7.087],[-37.872,-7.085],[-37.894,-7.089],[-37.896,-7.089],[-37.916,-7.086],[-37.95,-7.089],[-37.953,-7.099],[-37.97,-7.104],[-37.973,-7.118],[-37.978,-7.121],[-37.984,-7.144],[-37.981,-7.153],[-37.99,-7.162],[-37.99,-7.173],[-38.017,-7.175],[-38.017,-7.185],[-38.024,-7.18],[-38.025,-7.175],[-38.035,-7.165],[-38.026,-7.158],[-38.025,-7.15],[-38.031,-7.139],[-38.05,-7.123],[-38.052,-7.117],[-38.05,-7.112],[-38.058,-7.087],[-38.089,-7.015],[-38.09,-7.012],[-38.089,-7.008],[-38.069,-7.002],[-38.073,-6.99],[-38.062,-6.98],[-38.035,-6.974],[-38.026,-6.956],[-38.014,-6.949],[-38.006,-6.944],[-38.0,-6.949],[-37.978,-6.963],[-37.948,-6.982],[-37.929,-6.994],[-37.892,-7.01],[-37.87,-7.019]]]}},{"type":"Feature","properties":{"id":"2504850","nome":"Coxixola"},"geometry":{"type":"Polygon","coordinates":[[[-36.589,-7.633],[-36.547,-7.671],[-36.552,-7.682],[-36.561,-7.685],[-36.565,-7.69],[-36.579,-7.717],[-36.596,-7.71],[-36.608,-7.708],[-36.614,-7.702],[-36.617,-7.705],[-36.625,-7.705],[-36.631,-7.695],[-36.639,-7.692],[-36.647,-7.683],[-36.658,-7.684],[-36.661,-7.68],[-36.67,-7.683],[-36.679,-7.677],[-36.688,-7.676],[-36.693,-7.679],[-36.699,-7.675],[-36.709,-7.621],[-36.714,-7.593],[-36.712,-7.592],[-36.64,-7.585],[-36.6,-7.582],[-36.589,-7.633]]]}},{"type":"Feature","properties":{"id":"2504900","nome":"Cruz do Esp\u00edrito Santo"},"geometry":{"type":"Polygon","coordinates":[[[-35.054,-7.184],[-35.067,-7.229],[-35.078,-7.228],[-35.093,-7.232],[-35.11,-7.23],[-35.126,-7.235],[-35.136,-7.251],[-35.139,-7.216],[-35.151,-7.213],[-35.155,-7.207],[-35.159,-7.209],[-35.17,-7.197],[-35.182,-7.183],[-35.186,-7.183],[-35.187,-7.177],[-35.179,-7.173],[-35.172,-7.164],[-35.168,-7.16],[-35.152,-7.149],[-35.143,-7.141],[-35.14,-7.132],[-35.128,-7.099],[-35.118,-7.07],[-35.138,-7.052],[-35.146,-7.045],[-35.161,-7.032],[-35.059,-7.081],[-35.052,-7.101],[-35.047,-7.116],[-35.045,-7.121],[-35.047,-7.128],[-35.039,-7.129],[-35.043,-7.136],[-35.042,-7.143],[-35.054,-7.184]]]}},{"type":"Feature","properties":{"id":"2505006","nome":"Cubati"},"geometry":{"type":"Polygon","coordinates":[[[-36.317,-6.79],[-36.286,-6.808],[-36.275,-6.807],[-36.27,-6.81],[-36.259,-6.809],[-36.261,-6.845],[-36.283,-6.89],[-36.291,-6.905],[-36.299,-6.931],[-36.309,-6.939],[-36.32,-6.939],[-36.326,-6.939],[-36.331,-6.93],[-36.362,-6.913],[-36.377,-6.894],[-36.382,-6.886],[-36.369,-6.873],[-36.364,-6.86],[-36.37,-6.855],[-36.365,-6.85],[-36.362,-6.841],[-36.363,-6.832],[-36.369,-6.821],[-36.365,-6.82],[-36.365,-6.815],[-36.358,-6.813],[-36.352,-6.811],[-36.342,-6.818],[-36.339,-6.817],[-36.336,-6.823],[-36.33,-6.822],[-36.316,-6.796],[-36.317,-6.79]]]}},{"type":"Feature","properties":{"id":"2505105","nome":"Cuit\u00e9"},"geometry":{"type":"Polygon","coordinates":[[[-36.073,-6.414],[-36.067,-6.415],[-36.061,-6.41],[-36.051,-6.432],[-36.036,-6.444],[-36.013,-6.455],[-36.008,-6.465],[-36.012,-6.474],[-36.007,-6.474],[-36.005,-6.481],[-35.977,-6.489],[-35.972,-6.487],[-35.965,-6.484],[-35.944,-6.493],[-35.87,-6.488],[-35.853,-6.487],[-35.868,-6.545],[-35.877,-6.578],[-35.878,-6.562],[-35.966,-6.584],[-35.969,-6.589],[-35.988,-6.607],[-36.0,-6.618],[-36.011,-6.622],[-36.037,-6.638],[-36.044,-6.638],[-36.045,-6.638],[-36.065,-6.652],[-36.106,-6.668],[-36.139,-6.679],[-36.149,-6.677],[-36.157,-6.68],[-36.172,-6.679],[-36.188,-6.675],[-36.19,-6.674],[-36.212,-6.662],[-36.228,-6.647],[-36.235,-6.641],[-36.243,-6.641],[-36.234,-6.595],[-36.234,-6.594],[-36.225,-6.559],[-36.18,-6.47],[-36.18,-6.469],[-36.174,-6.43],[-36.143,-6.425],[-36.11,-6.429],[-36.107,-6.426],[-36.103,-6.421],[-36.098,-6.42],[-36.096,-6.42],[-36.086,-6.415],[-36.08,-6.405],[-36.072,-6.41],[-36.073,-6.414]]]}},{"type":"Feature","properties":{"id":"2505204","nome":"Cuitegi"},"geometry":{"type":"Polygon","coordinates":[[[-35.472,-6.923],[-35.479,-6.923],[-35.534,-6.929],[-35.563,-6.908],[-35.565,-6.887],[-35.565,-6.886],[-35.549,-6.883],[-35.531,-6.88],[-35.504,-6.875],[-35.503,-6.881],[-35.499,-6.889],[-35.493,-6.893],[-35.482,-6.901],[-35.482,-6.917],[-35.474,-6.917],[-35.472,-6.923]]]}},{"type":"Feature","properties":{"id":"2505238","nome":"Cuit\u00e9 de Mamanguape"},"geometry":{"type":"Polygon","coordinates":[[[-35.264,-6.851],[-35.26,-6.853],[-35.254,-6.859],[-35.241,-6.863],[-35.239,-6.871],[-35.233,-6.869],[-35.227,-6.869],[-35.223,-6.888],[-35.214,-6.893],[-35.205,-6.904],[-35.194,-6.919],[-35.177,-6.929],[-35.178,-6.933],[-35.181,-6.942],[-35.179,-6.95],[-35.184,-6.954],[-35.207,-6.94],[-35.219,-6.942],[-35.221,-6.946],[-35.222,-6.946],[-35.222,-6.947],[-35.244,-6.954],[-35.256,-6.953],[-35.262,-6.955],[-35.263,-6.955],[-35.266,-6.953],[-35.274,-6.948],[-35.277,-6.943],[-35.287,-6.943],[-35.292,-6.925],[-35.296,-6.913],[-35.302,-6.908],[-35.302,-6.903],[-35.305,-6.896],[-35.305,-6.884],[-35.316,-6.871],[-35.318,-6.86],[-35.3,-6.851],[-35.294,-6.854],[-35.28,-6.854],[-35.272,-6.845],[-35.264,-6.851]]]}},{"type":"Feature","properties":{"id":"2505279","nome":"Curral de Cima"},"geometry":{"type":"Polygon","coordinates":[[[-35.219,-6.707],[-35.215,-6.716],[-35.214,-6.718],[-35.221,-6.732],[-35.22,-6.751],[-35.231,-6.761],[-35.24,-6.752],[-35.246,-6.751],[-35.263,-6.757],[-35.274,-6.76],[-35.289,-6.752],[-35.317,-6.762],[-35.35,-6.774],[-35.359,-6.757],[-35.372,-6.755],[-35.35,-6.749],[-35.346,-6.742],[-35.347,-6.725],[-35.334,-6.703],[-35.328,-6.702],[-35.325,-6.71],[-35.32,-6.708],[-35.313,-6.708],[-35.31,-6.714],[-35.297,-6.717],[-35.291,-6.714],[-35.285,-6.707],[-35.282,-6.708],[-35.272,-6.707],[-35.263,-6.709],[-35.253,-6.705],[-35.244,-6.7],[-35.243,-6.695],[-35.237,-6.694],[-35.233,-6.688],[-35.227,-6.688],[-35.228,-6.693],[-35.223,-6.697],[-35.219,-6.707]]]}},{"type":"Feature","properties":{"id":"2505303","nome":"Curral Velho"},"geometry":{"type":"Polygon","coordinates":[[[-38.154,-7.463],[-38.144,-7.479],[-38.095,-7.477],[-38.073,-7.528],[-38.108,-7.549],[-38.1,-7.556],[-38.102,-7.569],[-38.103,-7.57],[-38.105,-7.571],[-38.125,-7.591],[-38.135,-7.599],[-38.169,-7.613],[-38.183,-7.613],[-38.186,-7.611],[-38.228,-7.592],[-38.226,-7.586],[-38.243,-7.581],[-38.249,-7.574],[-38.247,-7.569],[-38.243,-7.548],[-38.245,-7.544],[-38.232,-7.536],[-38.235,-7.53],[-38.232,-7.527],[-38.243,-7.518],[-38.241,-7.513],[-38.246,-7.51],[-38.249,-7.495],[-38.257,-7.484],[-38.229,-7.486],[-38.222,-7.487],[-38.174,-7.47],[-38.154,-7.463]]]}},{"type":"Feature","properties":{"id":"2505352","nome":"Dami\u00e3o"},"geometry":{"type":"Polygon","coordinates":[[[-35.867,-6.679],[-35.874,-6.691],[-35.893,-6.691],[-35.901,-6.7],[-35.899,-6.705],[-35.901,-6.706],[-35.907,-6.709],[-35.911,-6.717],[-35.922,-6.72],[-35.934,-6.718],[-35.942,-6.705],[-35.949,-6.698],[-35.962,-6.697],[-35.971,-6.705],[-35.976,-6.705],[-35.994,-6.692],[-35.998,-6.685],[-35.997,-6.68],[-36.006,-6.672],[-36.008,-6.664],[-36.004,-6.653],[-36.006,-6.65],[-35.994,-6.64],[-35.974,-6.605],[-35.969,-6.589],[-35.966,-6.584],[-35.878,-6.562],[-35.877,-6.578],[-35.875,-6.593],[-35.872,-6.626],[-35.871,-6.632],[-35.867,-6.679]]]}},{"type":"Feature","properties":{"id":"2505402","nome":"Desterro"},"geometry":{"type":"Polygon","coordinates":[[[-37.054,-7.253],[-37.052,-7.256],[-37.041,-7.255],[-37.034,-7.255],[-37.03,-7.249],[-37.015,-7.25],[-37.012,-7.283],[-37.027,-7.287],[-37.029,-7.293],[-37.039,-7.329],[-37.053,-7.379],[-37.069,-7.382],[-37.073,-7.368],[-37.081,-7.363],[-37.085,-7.358],[-37.097,-7.354],[-37.102,-7.356],[-37.106,-7.353],[-37.121,-7.351],[-37.128,-7.344],[-37.135,-7.346],[-37.14,-7.342],[-37.145,-7.335],[-37.157,-7.338],[-37.165,-7.336],[-37.168,-7.332],[-37.168,-7.32],[-37.177,-7.309],[-37.15,-7.273],[-37.147,-7.263],[-37.145,-7.246],[-37.124,-7.242],[-37.087,-7.237],[-37.077,-7.234],[-37.073,-7.235],[-37.071,-7.244],[-37.066,-7.244],[-37.063,-7.251],[-37.054,-7.253]]]}},{"type":"Feature","properties":{"id":"2505501","nome":"Vista Serrana"},"geometry":{"type":"Polygon","coordinates":[[[-37.54,-6.724],[-37.548,-6.738],[-37.543,-6.742],[-37.539,-6.752],[-37.544,-6.765],[-37.552,-6.775],[-37.556,-6.787],[-37.554,-6.8],[-37.56,-6.8],[-37.576,-6.812],[-37.576,-6.806],[-37.592,-6.804],[-37.599,-6.797],[-37.605,-6.73],[-37.629,-6.731],[-37.638,-6.722],[-37.556,-6.717],[-37.518,-6.712],[-37.54,-6.724]]]}},{"type":"Feature","properties":{"id":"2505600","nome":"Diamante"},"geometry":{"type":"Polygon","coordinates":[[[-38.342,-7.316],[-38.335,-7.321],[-38.327,-7.321],[-38.324,-7.326],[-38.322,-7.33],[-38.322,-7.34],[-38.309,-7.342],[-38.298,-7.357],[-38.292,-7.359],[-38.288,-7.357],[-38.285,-7.36],[-38.259,-7.388],[-38.244,-7.412],[-38.246,-7.423],[-38.252,-7.45],[-38.262,-7.461],[-38.256,-7.468],[-38.257,-7.484],[-38.249,-7.495],[-38.246,-7.51],[-38.241,-7.513],[-38.243,-7.518],[-38.232,-7.527],[-38.235,-7.53],[-38.232,-7.536],[-38.245,-7.544],[-38.243,-7.548],[-38.247,-7.569],[-38.253,-7.574],[-38.265,-7.57],[-38.268,-7.575],[-38.273,-7.573],[-38.27,-7.566],[-38.276,-7.563],[-38.279,-7.544],[-38.282,-7.542],[-38.284,-7.53],[-38.294,-7.533],[-38.296,-7.531],[-38.295,-7.523],[-38.31,-7.518],[-38.314,-7.5],[-38.328,-7.487],[-38.328,-7.478],[-38.322,-7.474],[-38.319,-7.457],[-38.315,-7.455],[-38.341,-7.437],[-38.345,-7.437],[-38.351,-7.433],[-38.352,-7.425],[-38.354,-7.423],[-38.354,-7.421],[-38.361,-7.424],[-38.365,-7.418],[-38.374,-7.426],[-38.378,-7.419],[-38.398,-7.426],[-38.401,-7.424],[-38.401,-7.416],[-38.396,-7.408],[-38.407,-7.402],[-38.41,-7.398],[-38.41,-7.391],[-38.402,-7.375],[-38.408,-7.371],[-38.414,-7.372],[-38.414,-7.369],[-38.41,-7.365],[-38.413,-7.362],[-38.406,-7.346],[-38.412,-7.347],[-38.413,-7.342],[-38.368,-7.318],[-38.352,-7.317],[-38.348,-7.319],[-38.342,-7.316]]]}},{"type":"Feature","properties":{"id":"2505709","nome":"Dona In\u00eas"},"geometry":{"type":"Polygon","coordinates":[[[-35.602,-6.544],[-35.579,-6.552],[-35.558,-6.546],[-35.568,-6.559],[-35.567,-6.566],[-35.565,-6.57],[-35.556,-6.572],[-35.551,-6.576],[-35.536,-6.602],[-35.545,-6.61],[-35.552,-6.609],[-35.56,-6.6],[-35.571,-6.607],[-35.575,-6.607],[-35.587,-6.617],[-35.594,-6.627],[-35.598,-6.634],[-35.602,-6.637],[-35.61,-6.652],[-35.626,-6.656],[-35.642,-6.643],[-35.651,-6.644],[-35.66,-6.636],[-35.67,-6.637],[-35.668,-6.645],[-35.67,-6.65],[-35.679,-6.651],[-35.683,-6.659],[-35.688,-6.654],[-35.698,-6.657],[-35.711,-6.654],[-35.715,-6.664],[-35.722,-6.67],[-35.739,-6.673],[-35.742,-6.677],[-35.754,-6.625],[-35.743,-6.612],[-35.739,-6.615],[-35.735,-6.614],[-35.723,-6.611],[-35.718,-6.601],[-35.707,-6.599],[-35.69,-6.591],[-35.675,-6.583],[-35.66,-6.581],[-35.657,-6.575],[-35.64,-6.567],[-35.621,-6.566],[-35.616,-6.547],[-35.612,-6.546],[-35.602,-6.544]]]}},{"type":"Feature","properties":{"id":"2505808","nome":"Duas Estradas"},"geometry":{"type":"Polygon","coordinates":[[[-35.373,-6.755],[-35.374,-6.756],[-35.372,-6.748],[-35.381,-6.741],[-35.412,-6.732],[-35.417,-6.727],[-35.419,-6.726],[-35.425,-6.714],[-35.434,-6.707],[-35.431,-6.707],[-35.421,-6.689],[-35.418,-6.683],[-35.416,-6.674],[-35.408,-6.676],[-35.407,-6.684],[-35.406,-6.691],[-35.4,-6.709],[-35.379,-6.718],[-35.371,-6.723],[-35.35,-6.749],[-35.372,-6.755],[-35.373,-6.755]]]}},{"type":"Feature","properties":{"id":"2505907","nome":"Emas"},"geometry":{"type":"Polygon","coordinates":[[[-37.779,-7.019],[-37.748,-7.024],[-37.705,-7.021],[-37.676,-7.015],[-37.676,-7.029],[-37.672,-7.115],[-37.668,-7.154],[-37.704,-7.175],[-37.741,-7.174],[-37.749,-7.161],[-37.754,-7.141],[-37.776,-7.142],[-37.781,-7.139],[-37.791,-7.122],[-37.799,-7.132],[-37.806,-7.123],[-37.824,-7.118],[-37.823,-7.094],[-37.822,-7.056],[-37.821,-7.019],[-37.779,-7.019]]]}},{"type":"Feature","properties":{"id":"2506004","nome":"Esperan\u00e7a"},"geometry":{"type":"Polygon","coordinates":[[[-35.818,-7.0],[-35.811,-7.01],[-35.806,-7.014],[-35.804,-7.02],[-35.794,-7.014],[-35.782,-7.019],[-35.778,-7.021],[-35.779,-7.027],[-35.788,-7.029],[-35.796,-7.023],[-35.809,-7.032],[-35.825,-7.03],[-35.832,-7.029],[-35.841,-7.041],[-35.855,-7.05],[-35.864,-7.057],[-35.872,-7.058],[-35.881,-7.053],[-35.886,-7.063],[-35.886,-7.064],[-35.895,-7.082],[-35.896,-7.084],[-35.91,-7.084],[-35.922,-7.08],[-35.912,-7.071],[-35.903,-7.056],[-35.903,-7.046],[-35.904,-7.039],[-35.911,-7.033],[-35.915,-7.029],[-35.927,-7.017],[-35.928,-7.017],[-35.947,-7.02],[-35.953,-7.015],[-35.957,-7.016],[-35.979,-6.984],[-35.967,-6.974],[-35.965,-6.966],[-35.939,-6.948],[-35.941,-6.938],[-35.919,-6.932],[-35.905,-6.937],[-35.898,-6.944],[-35.885,-6.951],[-35.865,-6.954],[-35.852,-6.967],[-35.833,-6.974],[-35.823,-6.98],[-35.815,-6.984],[-35.817,-6.987],[-35.818,-7.0]]]}},{"type":"Feature","properties":{"id":"2506103","nome":"Fagundes"},"geometry":{"type":"Polygon","coordinates":[[[-35.783,-7.318],[-35.769,-7.323],[-35.756,-7.326],[-35.74,-7.318],[-35.736,-7.324],[-35.745,-7.342],[-35.723,-7.333],[-35.702,-7.338],[-35.713,-7.364],[-35.713,-7.365],[-35.733,-7.416],[-35.754,-7.469],[-35.759,-7.478],[-35.764,-7.477],[-35.77,-7.481],[-35.773,-7.48],[-35.773,-7.474],[-35.779,-7.47],[-35.786,-7.475],[-35.787,-7.472],[-35.786,-7.466],[-35.791,-7.464],[-35.796,-7.471],[-35.807,-7.471],[-35.809,-7.466],[-35.806,-7.464],[-35.814,-7.46],[-35.821,-7.464],[-35.825,-7.46],[-35.827,-7.453],[-35.837,-7.455],[-35.835,-7.45],[-35.838,-7.44],[-35.832,-7.428],[-35.82,-7.422],[-35.829,-7.405],[-35.837,-7.395],[-35.84,-7.382],[-35.837,-7.362],[-35.838,-7.36],[-35.837,-7.356],[-35.837,-7.341],[-35.838,-7.331],[-35.824,-7.328],[-35.809,-7.319],[-35.795,-7.321],[-35.783,-7.318]]]}},{"type":"Feature","properties":{"id":"2506202","nome":"Frei Martinho"},"geometry":{"type":"Polygon","coordinates":[[[-36.394,-6.294],[-36.362,-6.31],[-36.344,-6.302],[-36.347,-6.309],[-36.343,-6.314],[-36.338,-6.314],[-36.336,-6.321],[-36.341,-6.328],[-36.35,-6.34],[-36.352,-6.35],[-36.37,-6.348],[-36.376,-6.354],[-36.367,-6.36],[-36.377,-6.378],[-36.376,-6.385],[-36.375,-6.392],[-36.39,-6.412],[-36.396,-6.406],[-36.416,-6.4],[-36.422,-6.406],[-36.438,-6.431],[-36.435,-6.436],[-36.42,-6.436],[-36.423,-6.441],[-36.43,-6.444],[-36.439,-6.457],[-36.425,-6.46],[-36.419,-6.464],[-36.42,-6.476],[-36.459,-6.518],[-36.469,-6.549],[-36.479,-6.539],[-36.482,-6.519],[-36.519,-6.502],[-36.526,-6.501],[-36.528,-6.479],[-36.53,-6.471],[-36.531,-6.452],[-36.507,-6.4],[-36.504,-6.386],[-36.5,-6.358],[-36.448,-6.362],[-36.444,-6.362],[-36.43,-6.362],[-36.394,-6.294]]]}},{"type":"Feature","properties":{"id":"2506251","nome":"Gado Bravo"},"geometry":{"type":"Polygon","coordinates":[[[-35.83,-7.494],[-35.813,-7.526],[-35.806,-7.531],[-35.796,-7.535],[-35.79,-7.541],[-35.785,-7.546],[-35.758,-7.572],[-35.757,-7.572],[-35.745,-7.584],[-35.746,-7.592],[-35.734,-7.597],[-35.729,-7.608],[-35.734,-7.615],[-35.734,-7.621],[-35.729,-7.626],[-35.733,-7.63],[-35.724,-7.638],[-35.711,-7.642],[-35.737,-7.646],[-35.75,-7.651],[-35.761,-7.648],[-35.763,-7.639],[-35.774,-7.635],[-35.778,-7.643],[-35.798,-7.655],[-35.808,-7.643],[-35.812,-7.646],[-35.813,-7.66],[-35.817,-7.663],[-35.835,-7.661],[-35.856,-7.666],[-35.866,-7.663],[-35.866,-7.651],[-35.868,-7.648],[-35.864,-7.642],[-35.867,-7.637],[-35.879,-7.609],[-35.872,-7.604],[-35.865,-7.589],[-35.864,-7.589],[-35.851,-7.577],[-35.827,-7.573],[-35.826,-7.571],[-35.829,-7.57],[-35.827,-7.563],[-35.847,-7.556],[-35.857,-7.557],[-35.864,-7.55],[-35.871,-7.545],[-35.879,-7.545],[-35.884,-7.54],[-35.883,-7.53],[-35.873,-7.519],[-35.874,-7.512],[-35.872,-7.51],[-35.871,-7.512],[-35.869,-7.508],[-35.864,-7.51],[-35.859,-7.504],[-35.854,-7.506],[-35.847,-7.492],[-35.836,-7.49],[-35.837,-7.468],[-35.825,-7.46],[-35.831,-7.466],[-35.83,-7.494]]]}},{"type":"Feature","properties":{"id":"2506301","nome":"Guarabira"},"geometry":{"type":"Polygon","coordinates":[[[-35.464,-6.812],[-35.459,-6.821],[-35.43,-6.813],[-35.428,-6.815],[-35.418,-6.813],[-35.422,-6.823],[-35.417,-6.825],[-35.419,-6.833],[-35.416,-6.831],[-35.411,-6.83],[-35.41,-6.835],[-35.406,-6.833],[-35.403,-6.845],[-35.403,-6.848],[-35.4,-6.844],[-35.398,-6.847],[-35.393,-6.845],[-35.39,-6.848],[-35.392,-6.854],[-35.389,-6.856],[-35.385,-6.894],[-35.384,-6.901],[-35.382,-6.924],[-35.381,-6.933],[-35.393,-6.929],[-35.411,-6.931],[-35.427,-6.935],[-35.428,-6.942],[-35.441,-6.944],[-35.445,-6.953],[-35.454,-6.963],[-35.46,-6.964],[-35.458,-6.957],[-35.466,-6.952],[-35.472,-6.935],[-35.472,-6.923],[-35.474,-6.917],[-35.482,-6.917],[-35.482,-6.901],[-35.493,-6.893],[-35.499,-6.889],[-35.503,-6.881],[-35.504,-6.875],[-35.531,-6.88],[-35.531,-6.859],[-35.52,-6.847],[-35.518,-6.845],[-35.508,-6.834],[-35.508,-6.823],[-35.503,-6.819],[-35.485,-6.819],[-35.464,-6.812]]]}},{"type":"Feature","properties":{"id":"2506400","nome":"Gurinh\u00e9m"},"geometry":{"type":"Polygon","coordinates":[[[-35.376,-7.033],[-35.375,-7.078],[-35.363,-7.078],[-35.353,-7.103],[-35.35,-7.116],[-35.357,-7.121],[-35.354,-7.128],[-35.354,-7.144],[-35.358,-7.155],[-35.354,-7.166],[-35.353,-7.168],[-35.353,-7.17],[-35.354,-7.176],[-35.349,-7.194],[-35.384,-7.209],[-35.376,-7.239],[-35.398,-7.239],[-35.405,-7.243],[-35.419,-7.239],[-35.431,-7.25],[-35.435,-7.246],[-35.45,-7.255],[-35.451,-7.254],[-35.449,-7.246],[-35.456,-7.229],[-35.453,-7.22],[-35.459,-7.216],[-35.462,-7.213],[-35.465,-7.189],[-35.458,-7.179],[-35.465,-7.177],[-35.47,-7.18],[-35.479,-7.179],[-35.482,-7.189],[-35.488,-7.192],[-35.488,-7.196],[-35.492,-7.195],[-35.507,-7.179],[-35.517,-7.168],[-35.534,-7.161],[-35.547,-7.158],[-35.529,-7.151],[-35.522,-7.138],[-35.533,-7.127],[-35.533,-7.12],[-35.527,-7.114],[-35.526,-7.11],[-35.523,-7.105],[-35.5,-7.094],[-35.507,-7.084],[-35.505,-7.075],[-35.511,-7.071],[-35.514,-7.062],[-35.491,-7.066],[-35.452,-7.074],[-35.442,-7.07],[-35.422,-7.056],[-35.417,-7.043],[-35.406,-7.043],[-35.391,-7.044],[-35.376,-7.032],[-35.376,-7.033]]]}},{"type":"Feature","properties":{"id":"2506509","nome":"Gurj\u00e3o"},"geometry":{"type":"Polygon","coordinates":[[[-36.418,-7.199],[-36.406,-7.218],[-36.326,-7.188],[-36.343,-7.283],[-36.331,-7.307],[-36.339,-7.313],[-36.349,-7.313],[-36.382,-7.298],[-36.392,-7.303],[-36.403,-7.3],[-36.423,-7.301],[-36.434,-7.309],[-36.443,-7.31],[-36.446,-7.306],[-36.478,-7.314],[-36.498,-7.33],[-36.537,-7.351],[-36.601,-7.351],[-36.607,-7.346],[-36.6,-7.339],[-36.584,-7.336],[-36.575,-7.323],[-36.567,-7.323],[-36.56,-7.269],[-36.574,-7.247],[-36.559,-7.245],[-36.549,-7.234],[-36.526,-7.228],[-36.543,-7.218],[-36.552,-7.189],[-36.557,-7.186],[-36.568,-7.179],[-36.514,-7.187],[-36.487,-7.19],[-36.486,-7.19],[-36.418,-7.199]]]}},{"type":"Feature","properties":{"id":"2506608","nome":"Ibiara"},"geometry":{"type":"Polygon","coordinates":[[[-38.378,-7.419],[-38.374,-7.426],[-38.365,-7.418],[-38.361,-7.424],[-38.354,-7.421],[-38.354,-7.423],[-38.352,-7.425],[-38.351,-7.433],[-38.345,-7.437],[-38.341,-7.437],[-38.315,-7.455],[-38.319,-7.457],[-38.322,-7.474],[-38.328,-7.478],[-38.328,-7.487],[-38.314,-7.5],[-38.31,-7.518],[-38.322,-7.527],[-38.345,-7.534],[-38.372,-7.537],[-38.384,-7.535],[-38.385,-7.54],[-38.393,-7.547],[-38.386,-7.569],[-38.39,-7.58],[-38.388,-7.594],[-38.429,-7.594],[-38.45,-7.594],[-38.445,-7.588],[-38.446,-7.581],[-38.439,-7.585],[-38.436,-7.583],[-38.423,-7.565],[-38.424,-7.552],[-38.441,-7.542],[-38.471,-7.538],[-38.481,-7.53],[-38.48,-7.523],[-38.475,-7.52],[-38.491,-7.44],[-38.491,-7.438],[-38.476,-7.433],[-38.441,-7.429],[-38.426,-7.423],[-38.407,-7.423],[-38.404,-7.426],[-38.401,-7.424],[-38.398,-7.426],[-38.378,-7.419]]]}},{"type":"Feature","properties":{"id":"2506707","nome":"Imaculada"},"geometry":{"type":"Polygon","coordinates":[[[-37.398,-7.315],[-37.393,-7.319],[-37.396,-7.333],[-37.395,-7.336],[-37.385,-7.356],[-37.408,-7.358],[-37.412,-7.361],[-37.425,-7.353],[-37.431,-7.356],[-37.444,-7.36],[-37.466,-7.358],[-37.478,-7.36],[-37.486,-7.362],[-37.498,-7.366],[-37.487,-7.395],[-37.494,-7.399],[-37.497,-7.403],[-37.499,-7.407],[-37.505,-7.419],[-37.513,-7.424],[-37.514,-7.433],[-37.521,-7.439],[-37.527,-7.448],[-37.528,-7.46],[-37.528,-7.465],[-37.533,-7.473],[-37.552,-7.479],[-37.571,-7.489],[-37.565,-7.483],[-37.574,-7.459],[-37.568,-7.456],[-37.57,-7.454],[-37.57,-7.453],[-37.593,-7.429],[-37.595,-7.417],[-37.609,-7.411],[-37.612,-7.411],[-37.642,-7.412],[-37.649,-7.402],[-37.672,-7.376],[-37.692,-7.379],[-37.704,-7.373],[-37.707,-7.385],[-37.711,-7.381],[-37.721,-7.382],[-37.737,-7.378],[-37.739,-7.366],[-37.724,-7.361],[-37.724,-7.345],[-37.722,-7.343],[-37.715,-7.343],[-37.705,-7.352],[-37.697,-7.335],[-37.683,-7.324],[-37.662,-7.329],[-37.65,-7.328],[-37.64,-7.323],[-37.625,-7.332],[-37.614,-7.33],[-37.608,-7.327],[-37.597,-7.332],[-37.584,-7.332],[-37.57,-7.317],[-37.566,-7.315],[-37.551,-7.319],[-37.531,-7.321],[-37.493,-7.322],[-37.477,-7.321],[-37.458,-7.313],[-37.448,-7.317],[-37.445,-7.31],[-37.397,-7.308],[-37.398,-7.315]]]}},{"type":"Feature","properties":{"id":"2506806","nome":"Ing\u00e1"},"geometry":{"type":"Polygon","coordinates":[[[-35.602,-7.196],[-35.59,-7.198],[-35.576,-7.187],[-35.571,-7.19],[-35.564,-7.188],[-35.545,-7.2],[-35.54,-7.197],[-35.529,-7.202],[-35.524,-7.199],[-35.515,-7.202],[-35.515,-7.206],[-35.514,-7.213],[-35.528,-7.22],[-35.521,-7.234],[-35.526,-7.236],[-35.535,-7.253],[-35.538,-7.275],[-35.565,-7.303],[-35.557,-7.325],[-35.548,-7.351],[-35.536,-7.387],[-35.544,-7.382],[-35.55,-7.382],[-35.558,-7.37],[-35.605,-7.353],[-35.617,-7.336],[-35.628,-7.336],[-35.648,-7.341],[-35.678,-7.343],[-35.702,-7.338],[-35.723,-7.333],[-35.745,-7.342],[-35.736,-7.324],[-35.726,-7.305],[-35.704,-7.26],[-35.678,-7.269],[-35.671,-7.266],[-35.665,-7.258],[-35.645,-7.251],[-35.635,-7.25],[-35.631,-7.254],[-35.632,-7.242],[-35.629,-7.233],[-35.622,-7.233],[-35.622,-7.229],[-35.625,-7.225],[-35.631,-7.227],[-35.636,-7.222],[-35.648,-7.219],[-35.671,-7.207],[-35.664,-7.195],[-35.662,-7.19],[-35.641,-7.184],[-35.623,-7.178],[-35.608,-7.168],[-35.616,-7.178],[-35.615,-7.184],[-35.602,-7.196]]]}},{"type":"Feature","properties":{"id":"2506905","nome":"Itabaiana"},"geometry":{"type":"Polygon","coordinates":[[[-35.381,-7.252],[-35.368,-7.265],[-35.353,-7.255],[-35.33,-7.281],[-35.322,-7.291],[-35.322,-7.292],[-35.311,-7.305],[-35.308,-7.322],[-35.292,-7.321],[-35.283,-7.34],[-35.271,-7.363],[-35.273,-7.369],[-35.286,-7.378],[-35.28,-7.387],[-35.306,-7.408],[-35.316,-7.405],[-35.324,-7.411],[-35.335,-7.406],[-35.333,-7.415],[-35.333,-7.422],[-35.342,-7.422],[-35.344,-7.422],[-35.348,-7.422],[-35.352,-7.422],[-35.348,-7.435],[-35.351,-7.44],[-35.363,-7.442],[-35.369,-7.44],[-35.376,-7.448],[-35.38,-7.448],[-35.383,-7.427],[-35.389,-7.426],[-35.392,-7.408],[-35.403,-7.412],[-35.418,-7.369],[-35.411,-7.345],[-35.41,-7.34],[-35.402,-7.335],[-35.417,-7.322],[-35.432,-7.319],[-35.4,-7.317],[-35.411,-7.299],[-35.417,-7.276],[-35.413,-7.269],[-35.397,-7.262],[-35.385,-7.26],[-35.381,-7.252]]]}},{"type":"Feature","properties":{"id":"2507002","nome":"Itaporanga"},"geometry":{"type":"Polygon","coordinates":[[[-38.172,-7.161],[-38.158,-7.189],[-38.156,-7.221],[-38.133,-7.223],[-38.117,-7.225],[-38.092,-7.235],[-38.09,-7.253],[-38.088,-7.287],[-38.086,-7.304],[-38.085,-7.324],[-38.053,-7.317],[-38.056,-7.35],[-38.064,-7.351],[-38.07,-7.357],[-38.08,-7.363],[-38.141,-7.397],[-38.141,-7.396],[-38.174,-7.369],[-38.202,-7.368],[-38.246,-7.368],[-38.245,-7.38],[-38.259,-7.388],[-38.285,-7.36],[-38.288,-7.357],[-38.292,-7.359],[-38.298,-7.357],[-38.309,-7.342],[-38.322,-7.34],[-38.322,-7.33],[-38.305,-7.312],[-38.298,-7.309],[-38.282,-7.305],[-38.274,-7.29],[-38.262,-7.29],[-38.257,-7.286],[-38.248,-7.271],[-38.253,-7.27],[-38.269,-7.267],[-38.274,-7.263],[-38.267,-7.233],[-38.273,-7.234],[-38.274,-7.202],[-38.29,-7.198],[-38.291,-7.175],[-38.272,-7.177],[-38.243,-7.167],[-38.23,-7.157],[-38.172,-7.161]]]}},{"type":"Feature","properties":{"id":"2507101","nome":"Itapororoca"},"geometry":{"type":"Polygon","coordinates":[[[-35.24,-6.752],[-35.231,-6.761],[-35.226,-6.775],[-35.22,-6.776],[-35.211,-6.785],[-35.199,-6.808],[-35.198,-6.809],[-35.165,-6.851],[-35.169,-6.85],[-35.182,-6.846],[-35.187,-6.851],[-35.194,-6.854],[-35.198,-6.851],[-35.218,-6.858],[-35.216,-6.863],[-35.221,-6.866],[-35.227,-6.869],[-35.233,-6.869],[-35.239,-6.871],[-35.241,-6.863],[-35.254,-6.859],[-35.26,-6.853],[-35.264,-6.851],[-35.272,-6.845],[-35.28,-6.854],[-35.294,-6.854],[-35.3,-6.851],[-35.306,-6.832],[-35.327,-6.824],[-35.323,-6.799],[-35.316,-6.789],[-35.321,-6.788],[-35.325,-6.779],[-35.34,-6.779],[-35.35,-6.774],[-35.317,-6.762],[-35.289,-6.752],[-35.274,-6.76],[-35.263,-6.757],[-35.246,-6.751],[-35.24,-6.752]]]}},{"type":"Feature","properties":{"id":"2507200","nome":"Itatuba"},"geometry":{"type":"Polygon","coordinates":[[[-35.702,-7.338],[-35.678,-7.343],[-35.648,-7.341],[-35.628,-7.336],[-35.617,-7.336],[-35.605,-7.353],[-35.558,-7.37],[-35.55,-7.382],[-35.544,-7.382],[-35.536,-7.387],[-35.535,-7.393],[-35.532,-7.393],[-35.539,-7.398],[-35.541,-7.405],[-35.543,-7.41],[-35.544,-7.428],[-35.551,-7.441],[-35.557,-7.444],[-35.568,-7.438],[-35.584,-7.45],[-35.59,-7.447],[-35.595,-7.454],[-35.601,-7.45],[-35.605,-7.45],[-35.617,-7.449],[-35.624,-7.452],[-35.631,-7.45],[-35.642,-7.454],[-35.662,-7.46],[-35.667,-7.466],[-35.678,-7.46],[-35.679,-7.468],[-35.686,-7.468],[-35.686,-7.476],[-35.693,-7.477],[-35.699,-7.468],[-35.707,-7.472],[-35.712,-7.47],[-35.72,-7.474],[-35.722,-7.471],[-35.723,-7.465],[-35.734,-7.474],[-35.737,-7.468],[-35.747,-7.474],[-35.754,-7.469],[-35.733,-7.416],[-35.713,-7.365],[-35.713,-7.364],[-35.702,-7.338]]]}},{"type":"Feature","properties":{"id":"2507309","nome":"Jacara\u00fa"},"geometry":{"type":"Polygon","coordinates":[[[-35.302,-6.544],[-35.274,-6.543],[-35.273,-6.543],[-35.253,-6.534],[-35.232,-6.531],[-35.224,-6.521],[-35.223,-6.516],[-35.218,-6.518],[-35.207,-6.543],[-35.199,-6.55],[-35.194,-6.55],[-35.206,-6.598],[-35.171,-6.63],[-35.144,-6.658],[-35.155,-6.662],[-35.158,-6.658],[-35.16,-6.662],[-35.163,-6.658],[-35.172,-6.663],[-35.182,-6.662],[-35.189,-6.669],[-35.203,-6.675],[-35.211,-6.672],[-35.215,-6.68],[-35.226,-6.688],[-35.227,-6.688],[-35.233,-6.688],[-35.237,-6.694],[-35.243,-6.695],[-35.259,-6.664],[-35.245,-6.664],[-35.246,-6.659],[-35.259,-6.649],[-35.261,-6.641],[-35.269,-6.636],[-35.287,-6.626],[-35.292,-6.627],[-35.316,-6.624],[-35.328,-6.621],[-35.326,-6.602],[-35.331,-6.596],[-35.331,-6.589],[-35.335,-6.592],[-35.341,-6.589],[-35.347,-6.598],[-35.354,-6.596],[-35.361,-6.598],[-35.372,-6.598],[-35.376,-6.603],[-35.389,-6.598],[-35.395,-6.573],[-35.396,-6.562],[-35.376,-6.53],[-35.364,-6.512],[-35.341,-6.538],[-35.33,-6.544],[-35.302,-6.544]]]}},{"type":"Feature","properties":{"id":"2507408","nome":"Jeric\u00f3"},"geometry":{"type":"Polygon","coordinates":[[[-37.802,-6.585],[-37.8,-6.595],[-37.831,-6.591],[-37.827,-6.583],[-37.826,-6.559],[-37.837,-6.557],[-37.85,-6.555],[-37.863,-6.542],[-37.904,-6.541],[-37.893,-6.513],[-37.892,-6.512],[-37.887,-6.499],[-37.864,-6.45],[-37.852,-6.444],[-37.835,-6.44],[-37.82,-6.447],[-37.818,-6.448],[-37.809,-6.45],[-37.801,-6.456],[-37.743,-6.465],[-37.746,-6.478],[-37.74,-6.481],[-37.733,-6.488],[-37.747,-6.49],[-37.751,-6.494],[-37.755,-6.526],[-37.765,-6.554],[-37.784,-6.564],[-37.795,-6.564],[-37.796,-6.567],[-37.802,-6.585]]]}},{"type":"Feature","properties":{"id":"2507507","nome":"Jo\u00e3o Pessoa"},"geometry":{"type":"Polygon","coordinates":[[[-34.834,-7.098],[-34.822,-7.111],[-34.822,-7.13],[-34.81,-7.145],[-34.797,-7.146],[-34.793,-7.154],[-34.794,-7.195],[-34.803,-7.21],[-34.805,-7.24],[-34.808,-7.243],[-34.807,-7.236],[-34.818,-7.239],[-34.818,-7.234],[-34.825,-7.234],[-34.823,-7.23],[-34.832,-7.228],[-34.838,-7.231],[-34.838,-7.237],[-34.84,-7.234],[-34.842,-7.236],[-34.846,-7.235],[-34.845,-7.232],[-34.849,-7.235],[-34.853,-7.23],[-34.862,-7.23],[-34.865,-7.226],[-34.87,-7.227],[-34.872,-7.221],[-34.904,-7.212],[-34.912,-7.213],[-34.93,-7.226],[-34.937,-7.213],[-34.964,-7.214],[-34.968,-7.216],[-34.97,-7.199],[-34.973,-7.175],[-34.964,-7.168],[-34.953,-7.169],[-34.947,-7.163],[-34.934,-7.169],[-34.927,-7.167],[-34.924,-7.171],[-34.917,-7.166],[-34.911,-7.154],[-34.911,-7.149],[-34.918,-7.143],[-34.919,-7.134],[-34.913,-7.128],[-34.904,-7.127],[-34.902,-7.12],[-34.895,-7.122],[-34.891,-7.111],[-34.895,-7.106],[-34.892,-7.095],[-34.865,-7.058],[-34.857,-7.063],[-34.859,-7.067],[-34.86,-7.075],[-34.866,-7.08],[-34.857,-7.095],[-34.845,-7.099],[-34.85,-7.062],[-34.843,-7.055],[-34.838,-7.068],[-34.83,-7.073],[-34.834,-7.098]]]}},{"type":"Feature","properties":{"id":"2507606","nome":"Juarez T\u00e1vora"},"geometry":{"type":"Polygon","coordinates":[[[-35.533,-7.127],[-35.522,-7.138],[-35.529,-7.151],[-35.547,-7.158],[-35.534,-7.161],[-35.517,-7.168],[-35.507,-7.179],[-35.492,-7.195],[-35.503,-7.196],[-35.507,-7.2],[-35.511,-7.198],[-35.515,-7.202],[-35.524,-7.199],[-35.529,-7.202],[-35.54,-7.197],[-35.545,-7.2],[-35.564,-7.188],[-35.571,-7.19],[-35.576,-7.187],[-35.59,-7.198],[-35.602,-7.196],[-35.615,-7.184],[-35.616,-7.178],[-35.608,-7.168],[-35.61,-7.161],[-35.62,-7.153],[-35.624,-7.132],[-35.614,-7.134],[-35.613,-7.134],[-35.569,-7.122],[-35.533,-7.12],[-35.533,-7.127]]]}},{"type":"Feature","properties":{"id":"2507705","nome":"Juazeirinho"},"geometry":{"type":"Polygon","coordinates":[[[-36.476,-7.0],[-36.488,-7.027],[-36.488,-7.032],[-36.487,-7.035],[-36.472,-7.122],[-36.47,-7.132],[-36.483,-7.144],[-36.488,-7.16],[-36.486,-7.19],[-36.487,-7.19],[-36.514,-7.187],[-36.568,-7.179],[-36.591,-7.172],[-36.613,-7.129],[-36.637,-7.129],[-36.662,-7.13],[-36.661,-7.127],[-36.661,-7.117],[-36.672,-7.1],[-36.666,-7.098],[-36.669,-7.079],[-36.657,-7.073],[-36.665,-7.071],[-36.658,-7.062],[-36.662,-7.056],[-36.657,-7.05],[-36.676,-7.015],[-36.661,-7.014],[-36.653,-7.009],[-36.635,-7.02],[-36.632,-7.014],[-36.63,-7.008],[-36.618,-7.001],[-36.622,-6.996],[-36.615,-6.99],[-36.599,-6.987],[-36.596,-6.979],[-36.575,-6.978],[-36.57,-6.973],[-36.575,-6.938],[-36.57,-6.934],[-36.571,-6.92],[-36.556,-6.909],[-36.554,-6.9],[-36.558,-6.889],[-36.544,-6.9],[-36.475,-6.948],[-36.473,-6.949],[-36.476,-6.994],[-36.476,-7.0]]]}},{"type":"Feature","properties":{"id":"2507804","nome":"Junco do Serid\u00f3"},"geometry":{"type":"Polygon","coordinates":[[[-36.731,-6.976],[-36.718,-6.982],[-36.712,-6.98],[-36.699,-6.948],[-36.694,-6.934],[-36.687,-6.926],[-36.655,-6.928],[-36.66,-6.934],[-36.661,-6.961],[-36.667,-6.969],[-36.671,-6.972],[-36.686,-6.969],[-36.696,-6.976],[-36.701,-6.986],[-36.695,-7.001],[-36.686,-7.009],[-36.703,-7.007],[-36.725,-7.003],[-36.73,-7.019],[-36.742,-7.025],[-36.77,-7.038],[-36.781,-7.034],[-36.787,-7.036],[-36.804,-7.03],[-36.82,-7.048],[-36.858,-7.064],[-36.866,-7.061],[-36.866,-7.012],[-36.791,-6.932],[-36.774,-6.915],[-36.76,-6.914],[-36.766,-6.935],[-36.755,-6.954],[-36.737,-6.972],[-36.731,-6.976]]]}},{"type":"Feature","properties":{"id":"2507903","nome":"Juripiranga"},"geometry":{"type":"Polygon","coordinates":[[[-35.22,-7.3],[-35.217,-7.304],[-35.211,-7.304],[-35.193,-7.311],[-35.196,-7.318],[-35.184,-7.338],[-35.181,-7.351],[-35.171,-7.351],[-35.151,-7.372],[-35.156,-7.377],[-35.153,-7.392],[-35.172,-7.388],[-35.18,-7.395],[-35.189,-7.397],[-35.19,-7.397],[-35.2,-7.387],[-35.224,-7.379],[-35.229,-7.378],[-35.234,-7.378],[-35.246,-7.374],[-35.28,-7.387],[-35.286,-7.378],[-35.273,-7.369],[-35.271,-7.363],[-35.27,-7.355],[-35.257,-7.346],[-35.255,-7.339],[-35.251,-7.339],[-35.25,-7.334],[-35.249,-7.336],[-35.245,-7.334],[-35.247,-7.33],[-35.24,-7.326],[-35.238,-7.314],[-35.229,-7.306],[-35.228,-7.302],[-35.224,-7.303],[-35.22,-7.3]]]}},{"type":"Feature","properties":{"id":"2508000","nome":"Juru"},"geometry":{"type":"Polygon","coordinates":[[[-37.727,-7.394],[-37.724,-7.409],[-37.726,-7.432],[-37.711,-7.436],[-37.701,-7.462],[-37.705,-7.476],[-37.727,-7.541],[-37.732,-7.545],[-37.749,-7.556],[-37.749,-7.566],[-37.735,-7.597],[-37.741,-7.597],[-37.744,-7.604],[-37.745,-7.609],[-37.756,-7.619],[-37.758,-7.634],[-37.774,-7.626],[-37.78,-7.615],[-37.797,-7.615],[-37.797,-7.61],[-37.802,-7.61],[-37.812,-7.606],[-37.817,-7.597],[-37.835,-7.588],[-37.841,-7.585],[-37.845,-7.586],[-37.847,-7.579],[-37.864,-7.581],[-37.861,-7.566],[-37.864,-7.561],[-37.897,-7.561],[-37.9,-7.549],[-37.895,-7.538],[-37.898,-7.536],[-37.901,-7.529],[-37.921,-7.475],[-37.886,-7.444],[-37.863,-7.437],[-37.855,-7.434],[-37.846,-7.427],[-37.839,-7.417],[-37.82,-7.412],[-37.804,-7.398],[-37.792,-7.397],[-37.784,-7.39],[-37.769,-7.398],[-37.766,-7.4],[-37.757,-7.392],[-37.745,-7.395],[-37.72,-7.384],[-37.727,-7.394]]]}},{"type":"Feature","properties":{"id":"2508109","nome":"Lagoa"},"geometry":{"type":"Polygon","coordinates":[[[-37.786,-6.606],[-37.789,-6.617],[-37.782,-6.637],[-37.784,-6.643],[-37.811,-6.641],[-37.845,-6.64],[-37.862,-6.639],[-37.877,-6.626],[-37.891,-6.632],[-37.906,-6.616],[-37.926,-6.622],[-37.944,-6.626],[-37.953,-6.622],[-37.96,-6.628],[-37.966,-6.614],[-37.962,-6.609],[-37.963,-6.605],[-37.973,-6.593],[-37.969,-6.578],[-37.962,-6.569],[-37.98,-6.531],[-37.932,-6.529],[-37.916,-6.533],[-37.904,-6.541],[-37.863,-6.542],[-37.85,-6.555],[-37.837,-6.557],[-37.826,-6.559],[-37.827,-6.583],[-37.831,-6.591],[-37.8,-6.595],[-37.788,-6.596],[-37.786,-6.606]]]}},{"type":"Feature","properties":{"id":"2508208","nome":"Lagoa de Dentro"},"geometry":{"type":"Polygon","coordinates":[[[-35.328,-6.621],[-35.335,-6.637],[-35.335,-6.638],[-35.34,-6.651],[-35.333,-6.652],[-35.322,-6.666],[-35.319,-6.676],[-35.32,-6.708],[-35.325,-6.71],[-35.328,-6.702],[-35.334,-6.703],[-35.347,-6.725],[-35.346,-6.742],[-35.35,-6.749],[-35.371,-6.723],[-35.379,-6.718],[-35.4,-6.709],[-35.406,-6.691],[-35.407,-6.684],[-35.408,-6.676],[-35.416,-6.674],[-35.415,-6.673],[-35.402,-6.659],[-35.393,-6.662],[-35.391,-6.649],[-35.379,-6.648],[-35.378,-6.643],[-35.375,-6.628],[-35.359,-6.632],[-35.357,-6.616],[-35.357,-6.613],[-35.347,-6.62],[-35.328,-6.621]]]}},{"type":"Feature","properties":{"id":"2508307","nome":"Lagoa Seca"},"geometry":{"type":"Polygon","coordinates":[[[-35.868,-7.112],[-35.863,-7.12],[-35.852,-7.117],[-35.845,-7.12],[-35.842,-7.116],[-35.839,-7.124],[-35.833,-7.124],[-35.83,-7.126],[-35.826,-7.134],[-35.819,-7.138],[-35.812,-7.126],[-35.806,-7.131],[-35.801,-7.129],[-35.794,-7.133],[-35.787,-7.133],[-35.783,-7.137],[-35.789,-7.143],[-35.786,-7.151],[-35.802,-7.156],[-35.809,-7.162],[-35.825,-7.174],[-35.823,-7.187],[-35.834,-7.195],[-35.841,-7.195],[-35.843,-7.192],[-35.852,-7.202],[-35.865,-7.211],[-35.866,-7.202],[-35.873,-7.194],[-35.873,-7.187],[-35.884,-7.174],[-35.888,-7.156],[-35.895,-7.168],[-35.904,-7.181],[-35.905,-7.182],[-35.91,-7.166],[-35.92,-7.156],[-35.922,-7.15],[-35.927,-7.143],[-35.928,-7.141],[-35.933,-7.136],[-35.93,-7.12],[-35.93,-7.107],[-35.929,-7.107],[-35.921,-7.102],[-35.896,-7.084],[-35.889,-7.088],[-35.874,-7.106],[-35.871,-7.109],[-35.868,-7.112]]]}},{"type":"Feature","properties":{"id":"2508406","nome":"Lastro"},"geometry":{"type":"Polygon","coordinates":[[[-38.192,-6.498],[-38.173,-6.499],[-38.161,-6.499],[-38.148,-6.491],[-38.135,-6.518],[-38.12,-6.522],[-38.125,-6.533],[-38.14,-6.54],[-38.152,-6.553],[-38.153,-6.558],[-38.155,-6.575],[-38.142,-6.581],[-38.127,-6.597],[-38.145,-6.605],[-38.163,-6.622],[-38.18,-6.598],[-38.185,-6.598],[-38.246,-6.597],[-38.224,-6.58],[-38.212,-6.555],[-38.195,-6.554],[-38.197,-6.55],[-38.227,-6.484],[-38.2,-6.488],[-38.192,-6.498]]]}},{"type":"Feature","properties":{"id":"2508505","nome":"Livramento"},"geometry":{"type":"Polygon","coordinates":[[[-36.836,-7.326],[-36.801,-7.33],[-36.797,-7.321],[-36.798,-7.31],[-36.787,-7.311],[-36.774,-7.301],[-36.774,-7.371],[-36.805,-7.369],[-36.837,-7.371],[-36.86,-7.367],[-36.865,-7.374],[-36.876,-7.376],[-36.884,-7.384],[-36.897,-7.383],[-36.903,-7.386],[-36.919,-7.386],[-36.932,-7.381],[-36.956,-7.383],[-36.98,-7.389],[-37.013,-7.403],[-37.028,-7.385],[-37.05,-7.377],[-37.053,-7.379],[-37.039,-7.329],[-37.029,-7.293],[-37.027,-7.287],[-37.012,-7.283],[-37.015,-7.25],[-36.98,-7.28],[-36.959,-7.286],[-36.955,-7.288],[-36.873,-7.314],[-36.87,-7.315],[-36.836,-7.326]]]}},{"type":"Feature","properties":{"id":"2508554","nome":"Logradouro"},"geometry":{"type":"Polygon","coordinates":[[[-35.429,-6.617],[-35.444,-6.63],[-35.448,-6.628],[-35.454,-6.612],[-35.448,-6.603],[-35.443,-6.576],[-35.449,-6.571],[-35.435,-6.56],[-35.432,-6.536],[-35.435,-6.532],[-35.43,-6.529],[-35.427,-6.509],[-35.44,-6.5],[-35.442,-6.486],[-35.424,-6.488],[-35.407,-6.489],[-35.406,-6.53],[-35.423,-6.564],[-35.425,-6.578],[-35.429,-6.617]]]}},{"type":"Feature","properties":{"id":"2508604","nome":"Lucena"},"geometry":{"type":"Polygon","coordinates":[[[-34.867,-6.936],[-34.861,-6.952],[-34.85,-6.964],[-34.855,-6.972],[-34.863,-6.976],[-34.869,-6.979],[-34.87,-6.966],[-34.882,-6.964],[-34.879,-6.959],[-34.882,-6.956],[-34.891,-6.959],[-34.898,-6.957],[-34.899,-6.954],[-34.902,-6.955],[-34.905,-6.95],[-34.907,-6.954],[-34.911,-6.949],[-34.922,-6.955],[-34.934,-6.947],[-34.97,-6.921],[-34.989,-6.908],[-34.975,-6.902],[-34.963,-6.9],[-34.95,-6.892],[-34.934,-6.89],[-34.928,-6.883],[-34.917,-6.872],[-34.902,-6.865],[-34.888,-6.884],[-34.868,-6.897],[-34.853,-6.9],[-34.863,-6.916],[-34.863,-6.917],[-34.867,-6.936]]]}},{"type":"Feature","properties":{"id":"2508703","nome":"M\u00e3e d'\u00c1gua"},"geometry":{"type":"Polygon","coordinates":[[[-37.365,-7.174],[-37.353,-7.185],[-37.34,-7.197],[-37.334,-7.208],[-37.335,-7.214],[-37.322,-7.214],[-37.325,-7.225],[-37.334,-7.228],[-37.346,-7.23],[-37.356,-7.24],[-37.357,-7.241],[-37.371,-7.241],[-37.387,-7.254],[-37.399,-7.257],[-37.405,-7.264],[-37.408,-7.269],[-37.394,-7.277],[-37.386,-7.291],[-37.381,-7.296],[-37.397,-7.308],[-37.445,-7.31],[-37.448,-7.317],[-37.458,-7.313],[-37.477,-7.321],[-37.493,-7.322],[-37.531,-7.321],[-37.551,-7.319],[-37.566,-7.315],[-37.559,-7.31],[-37.547,-7.292],[-37.522,-7.277],[-37.523,-7.267],[-37.514,-7.262],[-37.507,-7.259],[-37.511,-7.249],[-37.497,-7.238],[-37.494,-7.227],[-37.48,-7.207],[-37.472,-7.207],[-37.472,-7.197],[-37.462,-7.195],[-37.451,-7.19],[-37.446,-7.181],[-37.437,-7.185],[-37.43,-7.181],[-37.426,-7.175],[-37.425,-7.162],[-37.387,-7.164],[-37.366,-7.165],[-37.365,-7.174]]]}},{"type":"Feature","properties":{"id":"2508802","nome":"Malta"},"geometry":{"type":"Polygon","coordinates":[[[-37.519,-6.77],[-37.506,-6.78],[-37.506,-6.81],[-37.509,-6.814],[-37.526,-6.821],[-37.526,-6.829],[-37.517,-6.837],[-37.509,-6.853],[-37.499,-6.861],[-37.5,-6.866],[-37.509,-6.867],[-37.504,-6.871],[-37.494,-6.885],[-37.497,-6.9],[-37.485,-6.912],[-37.483,-6.915],[-37.472,-6.929],[-37.459,-6.931],[-37.465,-6.95],[-37.452,-6.956],[-37.452,-6.959],[-37.459,-6.966],[-37.471,-6.969],[-37.483,-6.97],[-37.492,-6.957],[-37.509,-6.96],[-37.511,-6.968],[-37.522,-6.972],[-37.524,-6.987],[-37.515,-6.991],[-37.518,-7.0],[-37.519,-7.0],[-37.545,-6.969],[-37.538,-6.943],[-37.543,-6.934],[-37.552,-6.924],[-37.555,-6.908],[-37.556,-6.905],[-37.565,-6.895],[-37.576,-6.812],[-37.56,-6.8],[-37.554,-6.8],[-37.556,-6.787],[-37.552,-6.775],[-37.541,-6.778],[-37.519,-6.77]]]}},{"type":"Feature","properties":{"id":"2508901","nome":"Mamanguape"},"geometry":{"type":"Polygon","coordinates":[[[-35.119,-6.545],[-35.134,-6.557],[-35.131,-6.565],[-35.136,-6.576],[-35.133,-6.584],[-35.128,-6.588],[-35.103,-6.59],[-35.104,-6.606],[-35.095,-6.614],[-35.088,-6.625],[-35.094,-6.627],[-35.106,-6.641],[-35.121,-6.648],[-35.122,-6.651],[-35.116,-6.666],[-35.113,-6.675],[-35.118,-6.707],[-35.12,-6.722],[-35.134,-6.748],[-35.134,-6.766],[-35.132,-6.777],[-35.113,-6.821],[-35.109,-6.824],[-35.106,-6.825],[-35.09,-6.825],[-35.088,-6.825],[-35.088,-6.831],[-35.092,-6.833],[-35.089,-6.838],[-35.092,-6.843],[-35.093,-6.847],[-35.098,-6.853],[-35.101,-6.865],[-35.099,-6.886],[-35.103,-6.89],[-35.12,-6.893],[-35.124,-6.895],[-35.13,-6.898],[-35.159,-6.893],[-35.158,-6.884],[-35.167,-6.856],[-35.165,-6.851],[-35.198,-6.809],[-35.199,-6.808],[-35.211,-6.785],[-35.22,-6.776],[-35.226,-6.775],[-35.231,-6.761],[-35.22,-6.751],[-35.221,-6.732],[-35.214,-6.718],[-35.215,-6.716],[-35.219,-6.707],[-35.223,-6.697],[-35.228,-6.693],[-35.227,-6.688],[-35.226,-6.688],[-35.215,-6.68],[-35.211,-6.672],[-35.203,-6.675],[-35.189,-6.669],[-35.182,-6.662],[-35.172,-6.663],[-35.163,-6.658],[-35.16,-6.662],[-35.158,-6.658],[-35.155,-6.662],[-35.144,-6.658],[-35.171,-6.63],[-35.206,-6.598],[-35.194,-6.55],[-35.17,-6.558],[-35.157,-6.551],[-35.145,-6.552],[-35.132,-6.535],[-35.123,-6.529],[-35.112,-6.505],[-35.112,-6.507],[-35.119,-6.545]]]}},{"type":"Feature","properties":{"id":"2509008","nome":"Mana\u00edra"},"geometry":{"type":"Polygon","coordinates":[[[-38.122,-7.597],[-38.133,-7.625],[-38.11,-7.661],[-38.125,-7.674],[-38.128,-7.68],[-38.121,-7.685],[-38.114,-7.687],[-38.12,-7.708],[-38.129,-7.725],[-38.126,-7.73],[-38.128,-7.735],[-38.116,-7.737],[-38.12,-7.756],[-38.117,-7.762],[-38.125,-7.771],[-38.131,-7.795],[-38.143,-7.783],[-38.162,-7.78],[-38.184,-7.795],[-38.206,-7.807],[-38.222,-7.82],[-38.235,-7.826],[-38.238,-7.83],[-38.257,-7.831],[-38.265,-7.828],[-38.276,-7.833],[-38.286,-7.83],[-38.297,-7.814],[-38.302,-7.788],[-38.295,-7.779],[-38.301,-7.768],[-38.299,-7.763],[-38.316,-7.764],[-38.302,-7.745],[-38.311,-7.739],[-38.298,-7.726],[-38.284,-7.703],[-38.272,-7.697],[-38.256,-7.68],[-38.244,-7.667],[-38.247,-7.661],[-38.241,-7.655],[-38.229,-7.646],[-38.199,-7.643],[-38.179,-7.64],[-38.183,-7.613],[-38.169,-7.613],[-38.135,-7.599],[-38.125,-7.591],[-38.105,-7.571],[-38.122,-7.597]]]}},{"type":"Feature","properties":{"id":"2509057","nome":"Marca\u00e7\u00e3o"},"geometry":{"type":"Polygon","coordinates":[[[-34.933,-6.756],[-34.932,-6.766],[-34.937,-6.77],[-34.95,-6.765],[-34.954,-6.78],[-34.956,-6.783],[-34.972,-6.793],[-34.981,-6.784],[-34.993,-6.785],[-34.996,-6.787],[-34.996,-6.795],[-35.001,-6.797],[-35.007,-6.794],[-35.012,-6.795],[-35.015,-6.789],[-35.021,-6.791],[-35.025,-6.786],[-35.045,-6.774],[-35.06,-6.774],[-35.067,-6.767],[-35.092,-6.739],[-35.086,-6.725],[-35.081,-6.722],[-35.056,-6.719],[-35.027,-6.708],[-35.008,-6.704],[-34.972,-6.715],[-34.944,-6.714],[-34.932,-6.72],[-34.934,-6.731],[-34.929,-6.739],[-34.939,-6.753],[-34.933,-6.756]]]}},{"type":"Feature","properties":{"id":"2509107","nome":"Mari"},"geometry":{"type":"Polygon","coordinates":[[[-35.287,-7.109],[-35.291,-7.112],[-35.299,-7.112],[-35.306,-7.119],[-35.31,-7.115],[-35.316,-7.118],[-35.313,-7.111],[-35.323,-7.109],[-35.321,-7.102],[-35.325,-7.098],[-35.332,-7.097],[-35.376,-7.033],[-35.376,-7.032],[-35.375,-7.023],[-35.371,-7.022],[-35.371,-7.007],[-35.364,-6.998],[-35.323,-6.987],[-35.317,-6.985],[-35.316,-6.985],[-35.278,-6.969],[-35.263,-6.955],[-35.262,-6.955],[-35.263,-6.964],[-35.253,-6.985],[-35.256,-7.013],[-35.256,-7.026],[-35.258,-7.037],[-35.248,-7.051],[-35.253,-7.058],[-35.254,-7.068],[-35.261,-7.076],[-35.261,-7.077],[-35.279,-7.105],[-35.287,-7.109]]]}},{"type":"Feature","properties":{"id":"2509156","nome":"Mariz\u00f3polis"},"geometry":{"type":"Polygon","coordinates":[[[-38.324,-6.875],[-38.348,-6.881],[-38.358,-6.879],[-38.37,-6.864],[-38.364,-6.856],[-38.364,-6.851],[-38.363,-6.824],[-38.353,-6.799],[-38.352,-6.796],[-38.351,-6.794],[-38.353,-6.772],[-38.29,-6.767],[-38.307,-6.804],[-38.309,-6.809],[-38.318,-6.828],[-38.317,-6.842],[-38.324,-6.875]]]}},{"type":"Feature","properties":{"id":"2509206","nome":"Massaranduba"},"geometry":{"type":"Polygon","coordinates":[[[-35.702,-7.113],[-35.688,-7.135],[-35.68,-7.148],[-35.688,-7.156],[-35.695,-7.156],[-35.697,-7.16],[-35.711,-7.167],[-35.711,-7.171],[-35.709,-7.184],[-35.704,-7.191],[-35.695,-7.203],[-35.698,-7.218],[-35.699,-7.222],[-35.7,-7.225],[-35.7,-7.226],[-35.704,-7.26],[-35.716,-7.263],[-35.732,-7.277],[-35.744,-7.278],[-35.752,-7.272],[-35.764,-7.281],[-35.77,-7.281],[-35.773,-7.276],[-35.783,-7.275],[-35.788,-7.269],[-35.8,-7.267],[-35.813,-7.257],[-35.836,-7.252],[-35.839,-7.251],[-35.84,-7.25],[-35.835,-7.24],[-35.814,-7.207],[-35.834,-7.195],[-35.823,-7.187],[-35.825,-7.174],[-35.809,-7.162],[-35.802,-7.156],[-35.786,-7.151],[-35.77,-7.139],[-35.764,-7.139],[-35.752,-7.134],[-35.74,-7.122],[-35.734,-7.124],[-35.729,-7.12],[-35.708,-7.104],[-35.702,-7.113]]]}},{"type":"Feature","properties":{"id":"2509305","nome":"Mataraca"},"geometry":{"type":"Polygon","coordinates":[[[-34.967,-6.492],[-34.965,-6.603],[-34.972,-6.601],[-34.972,-6.596],[-34.978,-6.6],[-34.993,-6.595],[-35.001,-6.596],[-35.02,-6.594],[-35.026,-6.592],[-35.04,-6.597],[-35.058,-6.609],[-35.088,-6.625],[-35.095,-6.614],[-35.104,-6.606],[-35.103,-6.59],[-35.128,-6.588],[-35.133,-6.584],[-35.136,-6.576],[-35.131,-6.565],[-35.134,-6.557],[-35.119,-6.545],[-35.112,-6.507],[-35.112,-6.505],[-35.103,-6.505],[-35.101,-6.5],[-35.095,-6.497],[-35.067,-6.524],[-35.057,-6.527],[-35.037,-6.517],[-35.028,-6.505],[-35.018,-6.503],[-35.011,-6.506],[-34.992,-6.501],[-34.979,-6.49],[-34.971,-6.485],[-34.968,-6.49],[-34.967,-6.492]]]}},{"type":"Feature","properties":{"id":"2509339","nome":"Matinhas"},"geometry":{"type":"Polygon","coordinates":[[[-35.708,-7.104],[-35.729,-7.12],[-35.734,-7.124],[-35.74,-7.122],[-35.752,-7.134],[-35.764,-7.139],[-35.77,-7.139],[-35.786,-7.151],[-35.789,-7.143],[-35.783,-7.137],[-35.787,-7.133],[-35.794,-7.133],[-35.801,-7.129],[-35.806,-7.131],[-35.812,-7.126],[-35.819,-7.138],[-35.826,-7.134],[-35.83,-7.126],[-35.825,-7.122],[-35.818,-7.109],[-35.816,-7.107],[-35.813,-7.102],[-35.805,-7.101],[-35.795,-7.106],[-35.775,-7.102],[-35.769,-7.104],[-35.753,-7.108],[-35.723,-7.099],[-35.721,-7.096],[-35.718,-7.091],[-35.711,-7.089],[-35.708,-7.09],[-35.708,-7.104]]]}},{"type":"Feature","properties":{"id":"2509370","nome":"Mato Grosso"},"geometry":{"type":"Polygon","coordinates":[[[-37.692,-6.519],[-37.691,-6.525],[-37.685,-6.524],[-37.684,-6.527],[-37.666,-6.537],[-37.665,-6.541],[-37.666,-6.548],[-37.689,-6.549],[-37.697,-6.546],[-37.69,-6.557],[-37.704,-6.563],[-37.715,-6.562],[-37.713,-6.571],[-37.718,-6.578],[-37.726,-6.58],[-37.744,-6.578],[-37.753,-6.585],[-37.754,-6.595],[-37.774,-6.598],[-37.788,-6.596],[-37.8,-6.595],[-37.802,-6.585],[-37.796,-6.567],[-37.795,-6.564],[-37.784,-6.564],[-37.765,-6.554],[-37.755,-6.526],[-37.751,-6.494],[-37.747,-6.49],[-37.733,-6.488],[-37.73,-6.496],[-37.717,-6.499],[-37.71,-6.5],[-37.702,-6.514],[-37.692,-6.519]]]}},{"type":"Feature","properties":{"id":"2509396","nome":"Matur\u00e9ia"},"geometry":{"type":"Polygon","coordinates":[[[-37.315,-7.279],[-37.314,-7.289],[-37.332,-7.289],[-37.346,-7.309],[-37.357,-7.323],[-37.349,-7.337],[-37.385,-7.356],[-37.395,-7.336],[-37.396,-7.333],[-37.393,-7.319],[-37.398,-7.315],[-37.397,-7.308],[-37.381,-7.296],[-37.386,-7.291],[-37.394,-7.277],[-37.408,-7.269],[-37.405,-7.264],[-37.399,-7.257],[-37.387,-7.254],[-37.371,-7.241],[-37.357,-7.241],[-37.356,-7.24],[-37.346,-7.23],[-37.334,-7.228],[-37.324,-7.234],[-37.323,-7.242],[-37.316,-7.241],[-37.304,-7.251],[-37.309,-7.253],[-37.306,-7.262],[-37.312,-7.271],[-37.315,-7.279]]]}},{"type":"Feature","properties":{"id":"2509404","nome":"Mogeiro"},"geometry":{"type":"Polygon","coordinates":[[[-35.465,-7.177],[-35.458,-7.179],[-35.465,-7.189],[-35.462,-7.213],[-35.459,-7.216],[-35.453,-7.22],[-35.456,-7.229],[-35.449,-7.246],[-35.451,-7.254],[-35.45,-7.255],[-35.417,-7.276],[-35.411,-7.299],[-35.4,-7.317],[-35.432,-7.319],[-35.438,-7.319],[-35.455,-7.329],[-35.448,-7.347],[-35.443,-7.353],[-35.444,-7.354],[-35.463,-7.36],[-35.483,-7.365],[-35.486,-7.365],[-35.493,-7.367],[-35.504,-7.374],[-35.513,-7.375],[-35.522,-7.383],[-35.522,-7.384],[-35.523,-7.385],[-35.523,-7.389],[-35.532,-7.393],[-35.535,-7.393],[-35.536,-7.387],[-35.548,-7.351],[-35.557,-7.325],[-35.565,-7.303],[-35.538,-7.275],[-35.535,-7.253],[-35.526,-7.236],[-35.521,-7.234],[-35.528,-7.22],[-35.514,-7.213],[-35.515,-7.206],[-35.515,-7.202],[-35.511,-7.198],[-35.507,-7.2],[-35.503,-7.196],[-35.492,-7.195],[-35.488,-7.196],[-35.488,-7.192],[-35.482,-7.189],[-35.479,-7.179],[-35.47,-7.18],[-35.465,-7.177]]]}},{"type":"Feature","properties":{"id":"2509503","nome":"Montadas"},"geometry":{"type":"Polygon","coordinates":[[[-35.93,-7.107],[-35.947,-7.109],[-35.968,-7.109],[-35.969,-7.109],[-35.979,-7.1],[-35.974,-7.079],[-35.962,-7.069],[-35.927,-7.078],[-35.922,-7.08],[-35.91,-7.084],[-35.896,-7.084],[-35.921,-7.102],[-35.929,-7.107],[-35.93,-7.107]]]}},{"type":"Feature","properties":{"id":"2509602","nome":"Monte Horebe"},"geometry":{"type":"Polygon","coordinates":[[[-38.518,-7.182],[-38.454,-7.184],[-38.451,-7.195],[-38.447,-7.197],[-38.432,-7.198],[-38.412,-7.191],[-38.406,-7.197],[-38.405,-7.2],[-38.406,-7.207],[-38.431,-7.226],[-38.443,-7.221],[-38.444,-7.213],[-38.454,-7.211],[-38.46,-7.193],[-38.47,-7.2],[-38.467,-7.207],[-38.473,-7.215],[-38.48,-7.217],[-38.499,-7.217],[-38.524,-7.231],[-38.531,-7.231],[-38.544,-7.238],[-38.545,-7.248],[-38.551,-7.251],[-38.554,-7.251],[-38.552,-7.243],[-38.557,-7.239],[-38.583,-7.248],[-38.595,-7.246],[-38.6,-7.234],[-38.605,-7.236],[-38.615,-7.23],[-38.619,-7.22],[-38.623,-7.207],[-38.619,-7.197],[-38.624,-7.191],[-38.636,-7.193],[-38.644,-7.183],[-38.635,-7.183],[-38.615,-7.182],[-38.57,-7.184],[-38.564,-7.175],[-38.555,-7.172],[-38.522,-7.17],[-38.518,-7.173],[-38.518,-7.182]]]}},{"type":"Feature","properties":{"id":"2509701","nome":"Monteiro"},"geometry":{"type":"Polygon","coordinates":[[[-37.013,-7.751],[-36.999,-7.772],[-36.976,-7.808],[-36.961,-7.831],[-36.936,-7.871],[-36.934,-7.873],[-36.929,-7.962],[-36.929,-7.965],[-36.925,-8.037],[-36.933,-8.044],[-36.946,-8.048],[-36.969,-8.06],[-36.978,-8.053],[-36.988,-8.053],[-37.025,-8.041],[-37.038,-8.044],[-37.068,-8.033],[-37.079,-8.046],[-37.093,-8.051],[-37.105,-8.048],[-37.112,-8.04],[-37.125,-8.039],[-37.13,-8.024],[-37.149,-8.023],[-37.149,-8.022],[-37.151,-8.009],[-37.16,-7.997],[-37.175,-7.996],[-37.178,-7.99],[-37.185,-7.99],[-37.188,-7.983],[-37.193,-7.982],[-37.192,-7.96],[-37.207,-7.952],[-37.213,-7.955],[-37.217,-7.956],[-37.221,-7.962],[-37.219,-7.972],[-37.228,-7.972],[-37.23,-7.969],[-37.237,-7.973],[-37.247,-7.969],[-37.263,-7.968],[-37.277,-7.972],[-37.295,-7.965],[-37.303,-7.97],[-37.317,-7.968],[-37.339,-7.979],[-37.341,-7.974],[-37.356,-7.975],[-37.356,-7.972],[-37.348,-7.955],[-37.35,-7.948],[-37.334,-7.943],[-37.317,-7.942],[-37.314,-7.936],[-37.309,-7.934],[-37.308,-7.927],[-37.311,-7.921],[-37.308,-7.915],[-37.313,-7.911],[-37.322,-7.913],[-37.318,-7.909],[-37.307,-7.907],[-37.303,-7.904],[-37.287,-7.903],[-37.253,-7.88],[-37.244,-7.873],[-37.247,-7.868],[-37.245,-7.861],[-37.25,-7.853],[-37.247,-7.846],[-37.222,-7.842],[-37.228,-7.821],[-37.24,-7.823],[-37.243,-7.819],[-37.23,-7.813],[-37.23,-7.806],[-37.223,-7.804],[-37.217,-7.806],[-37.198,-7.799],[-37.191,-7.791],[-37.183,-7.79],[-37.175,-7.796],[-37.17,-7.8],[-37.171,-7.795],[-37.168,-7.795],[-37.159,-7.793],[-37.152,-7.779],[-37.136,-7.782],[-37.127,-7.774],[-37.118,-7.776],[-37.115,-7.77],[-37.104,-7.774],[-37.098,-7.773],[-37.088,-7.761],[-37.079,-7.761],[-37.059,-7.751],[-37.054,-7.744],[-37.044,-7.737],[-37.025,-7.717],[-37.013,-7.751]]]}},{"type":"Feature","properties":{"id":"2509800","nome":"Mulungu"},"geometry":{"type":"Polygon","coordinates":[[[-35.341,-6.956],[-35.317,-6.985],[-35.323,-6.987],[-35.364,-6.998],[-35.371,-7.007],[-35.371,-7.022],[-35.375,-7.023],[-35.376,-7.032],[-35.391,-7.044],[-35.406,-7.043],[-35.417,-7.043],[-35.422,-7.056],[-35.442,-7.07],[-35.452,-7.074],[-35.491,-7.066],[-35.497,-7.033],[-35.501,-7.026],[-35.507,-7.025],[-35.51,-7.032],[-35.515,-7.03],[-35.515,-7.022],[-35.52,-7.019],[-35.515,-7.006],[-35.524,-6.991],[-35.519,-6.986],[-35.479,-6.99],[-35.463,-6.981],[-35.459,-6.974],[-35.46,-6.964],[-35.454,-6.963],[-35.445,-6.953],[-35.441,-6.944],[-35.428,-6.942],[-35.427,-6.935],[-35.411,-6.931],[-35.393,-6.929],[-35.381,-6.933],[-35.362,-6.94],[-35.346,-6.941],[-35.343,-6.942],[-35.341,-6.956]]]}},{"type":"Feature","properties":{"id":"2509909","nome":"Natuba"},"geometry":{"type":"Polygon","coordinates":[[[-35.568,-7.438],[-35.557,-7.444],[-35.551,-7.441],[-35.548,-7.448],[-35.543,-7.449],[-35.55,-7.465],[-35.546,-7.471],[-35.552,-7.475],[-35.552,-7.481],[-35.541,-7.493],[-35.538,-7.497],[-35.504,-7.499],[-35.502,-7.512],[-35.505,-7.514],[-35.509,-7.517],[-35.51,-7.528],[-35.519,-7.535],[-35.52,-7.55],[-35.524,-7.558],[-35.527,-7.57],[-35.537,-7.58],[-35.538,-7.586],[-35.531,-7.59],[-35.515,-7.585],[-35.518,-7.589],[-35.521,-7.596],[-35.518,-7.606],[-35.525,-7.607],[-35.531,-7.621],[-35.515,-7.643],[-35.527,-7.645],[-35.532,-7.654],[-35.548,-7.657],[-35.553,-7.658],[-35.56,-7.659],[-35.565,-7.656],[-35.573,-7.655],[-35.589,-7.65],[-35.597,-7.654],[-35.609,-7.653],[-35.615,-7.659],[-35.619,-7.664],[-35.652,-7.644],[-35.65,-7.637],[-35.64,-7.637],[-35.639,-7.629],[-35.63,-7.623],[-35.624,-7.608],[-35.617,-7.606],[-35.61,-7.618],[-35.597,-7.618],[-35.595,-7.616],[-35.59,-7.604],[-35.6,-7.589],[-35.601,-7.579],[-35.602,-7.553],[-35.594,-7.54],[-35.595,-7.525],[-35.592,-7.505],[-35.591,-7.489],[-35.588,-7.481],[-35.582,-7.462],[-35.584,-7.45],[-35.568,-7.438]]]}},{"type":"Feature","properties":{"id":"2510006","nome":"Nazarezinho"},"geometry":{"type":"Polygon","coordinates":[[[-38.313,-6.897],[-38.291,-6.909],[-38.281,-6.906],[-38.276,-6.91],[-38.257,-6.904],[-38.252,-6.905],[-38.245,-6.939],[-38.254,-6.994],[-38.262,-6.993],[-38.311,-6.993],[-38.315,-6.993],[-38.362,-6.988],[-38.387,-6.987],[-38.405,-6.968],[-38.422,-6.966],[-38.423,-6.962],[-38.427,-6.937],[-38.426,-6.931],[-38.411,-6.926],[-38.401,-6.929],[-38.383,-6.928],[-38.381,-6.924],[-38.378,-6.919],[-38.367,-6.921],[-38.365,-6.92],[-38.369,-6.914],[-38.363,-6.91],[-38.356,-6.895],[-38.348,-6.881],[-38.324,-6.875],[-38.313,-6.897]]]}},{"type":"Feature","properties":{"id":"2510105","nome":"Nova Floresta"},"geometry":{"type":"Polygon","coordinates":[[[-36.18,-6.47],[-36.225,-6.559],[-36.225,-6.513],[-36.225,-6.483],[-36.226,-6.467],[-36.226,-6.452],[-36.226,-6.434],[-36.204,-6.432],[-36.174,-6.43],[-36.18,-6.469],[-36.18,-6.47]]]}},{"type":"Feature","properties":{"id":"2510204","nome":"Nova Olinda"},"geometry":{"type":"Polygon","coordinates":[[[-37.982,-7.534],[-37.994,-7.538],[-38.001,-7.53],[-38.025,-7.524],[-38.046,-7.514],[-38.037,-7.507],[-38.035,-7.499],[-38.041,-7.483],[-38.044,-7.481],[-38.045,-7.48],[-38.05,-7.473],[-38.048,-7.463],[-38.051,-7.454],[-38.046,-7.45],[-38.048,-7.443],[-38.053,-7.435],[-38.052,-7.429],[-38.055,-7.424],[-38.061,-7.423],[-38.069,-7.409],[-38.066,-7.403],[-38.079,-7.389],[-38.053,-7.394],[-38.046,-7.403],[-38.05,-7.411],[-38.033,-7.428],[-38.023,-7.435],[-38.004,-7.441],[-37.996,-7.451],[-37.986,-7.476],[-37.972,-7.487],[-37.954,-7.501],[-37.98,-7.525],[-37.974,-7.532],[-37.982,-7.534]]]}},{"type":"Feature","properties":{"id":"2510303","nome":"Nova Palmeira"},"geometry":{"type":"Polygon","coordinates":[[[-36.473,-6.614],[-36.46,-6.634],[-36.449,-6.624],[-36.438,-6.629],[-36.431,-6.636],[-36.409,-6.657],[-36.406,-6.659],[-36.397,-6.641],[-36.385,-6.63],[-36.385,-6.602],[-36.38,-6.593],[-36.375,-6.596],[-36.35,-6.615],[-36.33,-6.629],[-36.308,-6.646],[-36.281,-6.678],[-36.291,-6.684],[-36.31,-6.686],[-36.315,-6.697],[-36.34,-6.712],[-36.345,-6.743],[-36.369,-6.739],[-36.379,-6.748],[-36.383,-6.746],[-36.402,-6.742],[-36.446,-6.725],[-36.459,-6.719],[-36.472,-6.724],[-36.481,-6.722],[-36.489,-6.727],[-36.496,-6.725],[-36.523,-6.728],[-36.527,-6.726],[-36.533,-6.733],[-36.544,-6.731],[-36.559,-6.709],[-36.557,-6.706],[-36.547,-6.695],[-36.541,-6.666],[-36.52,-6.61],[-36.523,-6.602],[-36.522,-6.597],[-36.513,-6.594],[-36.508,-6.595],[-36.502,-6.601],[-36.473,-6.614]]]}},{"type":"Feature","properties":{"id":"2510402","nome":"Olho d'\u00c1gua"},"geometry":{"type":"Polygon","coordinates":[[[-37.704,-7.175],[-37.703,-7.175],[-37.677,-7.172],[-37.676,-7.191],[-37.669,-7.204],[-37.673,-7.213],[-37.661,-7.225],[-37.66,-7.234],[-37.657,-7.231],[-37.649,-7.233],[-37.648,-7.237],[-37.63,-7.249],[-37.623,-7.262],[-37.615,-7.264],[-37.614,-7.27],[-37.596,-7.271],[-37.593,-7.284],[-37.585,-7.288],[-37.58,-7.308],[-37.57,-7.317],[-37.584,-7.332],[-37.597,-7.332],[-37.608,-7.327],[-37.614,-7.33],[-37.625,-7.332],[-37.64,-7.323],[-37.65,-7.328],[-37.662,-7.329],[-37.683,-7.324],[-37.697,-7.335],[-37.705,-7.352],[-37.715,-7.343],[-37.722,-7.343],[-37.724,-7.345],[-37.724,-7.361],[-37.739,-7.366],[-37.737,-7.378],[-37.721,-7.382],[-37.72,-7.384],[-37.745,-7.395],[-37.757,-7.392],[-37.766,-7.4],[-37.769,-7.398],[-37.784,-7.39],[-37.792,-7.397],[-37.804,-7.398],[-37.82,-7.412],[-37.839,-7.417],[-37.846,-7.427],[-37.855,-7.434],[-37.857,-7.433],[-37.859,-7.43],[-37.854,-7.42],[-37.861,-7.411],[-37.861,-7.385],[-37.865,-7.345],[-37.875,-7.335],[-37.882,-7.337],[-37.893,-7.329],[-37.899,-7.336],[-37.91,-7.341],[-37.911,-7.335],[-37.902,-7.325],[-37.907,-7.318],[-37.9,-7.309],[-37.902,-7.284],[-37.908,-7.273],[-37.875,-7.256],[-37.827,-7.233],[-37.819,-7.195],[-37.812,-7.161],[-37.776,-7.142],[-37.754,-7.141],[-37.749,-7.161],[-37.741,-7.174],[-37.704,-7.175]]]}},{"type":"Feature","properties":{"id":"2510501","nome":"Olivedos"},"geometry":{"type":"Polygon","coordinates":[[[-36.189,-6.921],[-36.17,-6.941],[-36.147,-6.944],[-36.153,-6.969],[-36.167,-6.978],[-36.176,-6.979],[-36.18,-6.985],[-36.187,-6.994],[-36.187,-7.002],[-36.194,-7.018],[-36.199,-7.025],[-36.201,-7.062],[-36.205,-7.067],[-36.229,-7.069],[-36.236,-7.074],[-36.24,-7.073],[-36.245,-7.08],[-36.24,-7.088],[-36.233,-7.089],[-36.233,-7.105],[-36.281,-7.091],[-36.305,-7.045],[-36.351,-6.956],[-36.334,-6.947],[-36.326,-6.939],[-36.32,-6.939],[-36.309,-6.939],[-36.299,-6.931],[-36.291,-6.905],[-36.283,-6.89],[-36.261,-6.845],[-36.189,-6.921]]]}},{"type":"Feature","properties":{"id":"2510600","nome":"Ouro Velho"},"geometry":{"type":"Polygon","coordinates":[[[-37.086,-7.63],[-37.087,-7.643],[-37.114,-7.64],[-37.127,-7.648],[-37.132,-7.661],[-37.139,-7.665],[-37.151,-7.671],[-37.151,-7.682],[-37.155,-7.693],[-37.161,-7.698],[-37.174,-7.684],[-37.18,-7.667],[-37.195,-7.652],[-37.197,-7.645],[-37.196,-7.629],[-37.184,-7.615],[-37.18,-7.602],[-37.173,-7.587],[-37.155,-7.567],[-37.133,-7.55],[-37.121,-7.536],[-37.106,-7.531],[-37.086,-7.517],[-37.09,-7.556],[-37.094,-7.56],[-37.09,-7.569],[-37.096,-7.572],[-37.086,-7.596],[-37.094,-7.606],[-37.087,-7.616],[-37.092,-7.624],[-37.086,-7.63]]]}},{"type":"Feature","properties":{"id":"2510659","nome":"Parari"},"geometry":{"type":"Polygon","coordinates":[[[-36.681,-7.241],[-36.669,-7.251],[-36.661,-7.248],[-36.658,-7.252],[-36.658,-7.258],[-36.663,-7.259],[-36.662,-7.264],[-36.655,-7.264],[-36.661,-7.268],[-36.662,-7.279],[-36.656,-7.278],[-36.651,-7.283],[-36.622,-7.337],[-36.607,-7.346],[-36.601,-7.351],[-36.602,-7.378],[-36.635,-7.393],[-36.635,-7.392],[-36.664,-7.389],[-36.683,-7.353],[-36.755,-7.327],[-36.757,-7.305],[-36.749,-7.305],[-36.737,-7.314],[-36.719,-7.316],[-36.715,-7.314],[-36.714,-7.318],[-36.701,-7.318],[-36.707,-7.291],[-36.716,-7.281],[-36.683,-7.241],[-36.68,-7.237],[-36.681,-7.241]]]}},{"type":"Feature","properties":{"id":"2510709","nome":"Passagem"},"geometry":{"type":"Polygon","coordinates":[[[-36.996,-7.148],[-36.994,-7.157],[-36.995,-7.168],[-37.0,-7.174],[-37.045,-7.158],[-37.063,-7.155],[-37.07,-7.158],[-37.074,-7.164],[-37.089,-7.169],[-37.095,-7.128],[-37.097,-7.117],[-37.087,-7.109],[-37.093,-7.1],[-37.089,-7.092],[-37.088,-7.081],[-37.083,-7.072],[-37.064,-7.071],[-37.06,-7.067],[-37.045,-7.063],[-37.039,-7.057],[-37.007,-7.052],[-37.006,-7.075],[-36.993,-7.12],[-36.995,-7.126],[-37.005,-7.127],[-37.003,-7.131],[-37.0,-7.136],[-37.003,-7.145],[-36.996,-7.148]]]}},{"type":"Feature","properties":{"id":"2510808","nome":"Patos"},"geometry":{"type":"Polygon","coordinates":[[[-37.485,-6.912],[-37.473,-6.915],[-37.462,-6.913],[-37.434,-6.917],[-37.409,-6.929],[-37.407,-6.932],[-37.396,-6.936],[-37.386,-6.936],[-37.377,-6.931],[-37.347,-6.927],[-37.299,-6.915],[-37.285,-6.914],[-37.256,-6.913],[-37.245,-6.909],[-37.219,-6.909],[-37.212,-6.906],[-37.198,-6.906],[-37.19,-6.917],[-37.178,-6.918],[-37.178,-6.921],[-37.193,-6.935],[-37.183,-6.936],[-37.173,-6.944],[-37.181,-6.964],[-37.174,-6.973],[-37.173,-6.982],[-37.204,-7.0],[-37.228,-7.019],[-37.224,-7.038],[-37.23,-7.046],[-37.233,-7.045],[-37.239,-7.057],[-37.217,-7.073],[-37.213,-7.081],[-37.217,-7.084],[-37.217,-7.085],[-37.245,-7.11],[-37.287,-7.076],[-37.321,-7.082],[-37.314,-7.084],[-37.316,-7.091],[-37.314,-7.094],[-37.323,-7.111],[-37.328,-7.114],[-37.328,-7.123],[-37.334,-7.129],[-37.337,-7.14],[-37.353,-7.144],[-37.356,-7.142],[-37.381,-7.153],[-37.388,-7.15],[-37.388,-7.144],[-37.39,-7.13],[-37.36,-7.126],[-37.361,-7.112],[-37.35,-7.114],[-37.347,-7.084],[-37.348,-7.053],[-37.352,-7.053],[-37.356,-7.042],[-37.369,-7.0],[-37.387,-6.999],[-37.41,-7.005],[-37.417,-7.004],[-37.424,-6.998],[-37.433,-6.998],[-37.437,-6.997],[-37.448,-6.997],[-37.457,-6.991],[-37.47,-6.991],[-37.493,-6.999],[-37.518,-7.0],[-37.515,-6.991],[-37.524,-6.987],[-37.522,-6.972],[-37.511,-6.968],[-37.509,-6.96],[-37.492,-6.957],[-37.483,-6.97],[-37.471,-6.969],[-37.459,-6.966],[-37.452,-6.959],[-37.452,-6.956],[-37.465,-6.95],[-37.459,-6.931],[-37.472,-6.929],[-37.483,-6.915],[-37.485,-6.912]]]}},{"type":"Feature","properties":{"id":"2510907","nome":"Paulista"},"geometry":{"type":"Polygon","coordinates":[[[-37.474,-6.538],[-37.483,-6.55],[-37.48,-6.559],[-37.474,-6.564],[-37.48,-6.594],[-37.48,-6.605],[-37.476,-6.608],[-37.474,-6.618],[-37.477,-6.642],[-37.466,-6.66],[-37.475,-6.672],[-37.471,-6.68],[-37.484,-6.71],[-37.518,-6.712],[-37.556,-6.717],[-37.638,-6.722],[-37.657,-6.722],[-37.658,-6.721],[-37.678,-6.709],[-37.717,-6.684],[-37.784,-6.643],[-37.782,-6.637],[-37.789,-6.617],[-37.786,-6.606],[-37.788,-6.596],[-37.774,-6.598],[-37.754,-6.595],[-37.753,-6.585],[-37.744,-6.578],[-37.726,-6.58],[-37.718,-6.578],[-37.713,-6.571],[-37.715,-6.562],[-37.704,-6.563],[-37.69,-6.557],[-37.697,-6.546],[-37.689,-6.549],[-37.666,-6.548],[-37.649,-6.547],[-37.644,-6.532],[-37.629,-6.528],[-37.62,-6.528],[-37.618,-6.515],[-37.614,-6.515],[-37.604,-6.536],[-37.581,-6.547],[-37.572,-6.55],[-37.539,-6.544],[-37.53,-6.54],[-37.508,-6.526],[-37.495,-6.524],[-37.493,-6.51],[-37.489,-6.512],[-37.464,-6.532],[-37.474,-6.538]]]}},{"type":"Feature","properties":{"id":"2511004","nome":"Pedra Branca"},"geometry":{"type":"Polygon","coordinates":[[[-38.086,-7.56],[-38.102,-7.569],[-38.1,-7.556],[-38.108,-7.549],[-38.073,-7.528],[-38.095,-7.477],[-38.095,-7.476],[-38.118,-7.416],[-38.119,-7.411],[-38.132,-7.406],[-38.141,-7.397],[-38.08,-7.363],[-38.07,-7.357],[-38.07,-7.366],[-38.08,-7.376],[-38.083,-7.38],[-38.079,-7.389],[-38.066,-7.403],[-38.069,-7.409],[-38.061,-7.423],[-38.055,-7.424],[-38.052,-7.429],[-38.053,-7.435],[-38.048,-7.443],[-38.046,-7.45],[-38.051,-7.454],[-38.048,-7.463],[-38.05,-7.473],[-38.045,-7.48],[-38.044,-7.481],[-38.041,-7.483],[-38.035,-7.499],[-38.037,-7.507],[-38.046,-7.514],[-38.047,-7.541],[-38.051,-7.55],[-38.086,-7.56]]]}},{"type":"Feature","properties":{"id":"2511103","nome":"Pedra Lavrada"},"geometry":{"type":"Polygon","coordinates":[[[-36.266,-6.696],[-36.266,-6.699],[-36.251,-6.684],[-36.253,-6.714],[-36.256,-6.767],[-36.256,-6.771],[-36.259,-6.809],[-36.27,-6.81],[-36.275,-6.807],[-36.286,-6.808],[-36.317,-6.79],[-36.316,-6.796],[-36.33,-6.822],[-36.336,-6.823],[-36.339,-6.817],[-36.342,-6.818],[-36.352,-6.811],[-36.358,-6.813],[-36.365,-6.815],[-36.365,-6.82],[-36.369,-6.821],[-36.363,-6.832],[-36.362,-6.841],[-36.365,-6.85],[-36.37,-6.855],[-36.375,-6.847],[-36.379,-6.849],[-36.385,-6.845],[-36.387,-6.848],[-36.394,-6.846],[-36.399,-6.85],[-36.406,-6.846],[-36.408,-6.855],[-36.414,-6.853],[-36.424,-6.842],[-36.427,-6.848],[-36.433,-6.848],[-36.439,-6.843],[-36.448,-6.848],[-36.464,-6.846],[-36.466,-6.848],[-36.469,-6.846],[-36.476,-6.848],[-36.476,-6.845],[-36.481,-6.845],[-36.482,-6.839],[-36.489,-6.836],[-36.504,-6.85],[-36.512,-6.844],[-36.512,-6.847],[-36.518,-6.845],[-36.519,-6.84],[-36.527,-6.837],[-36.53,-6.841],[-36.534,-6.837],[-36.538,-6.843],[-36.543,-6.842],[-36.529,-6.825],[-36.51,-6.818],[-36.505,-6.808],[-36.501,-6.777],[-36.504,-6.754],[-36.52,-6.745],[-36.525,-6.736],[-36.533,-6.733],[-36.527,-6.726],[-36.523,-6.728],[-36.496,-6.725],[-36.489,-6.727],[-36.481,-6.722],[-36.472,-6.724],[-36.459,-6.719],[-36.446,-6.725],[-36.402,-6.742],[-36.383,-6.746],[-36.379,-6.748],[-36.369,-6.739],[-36.345,-6.743],[-36.34,-6.712],[-36.315,-6.697],[-36.31,-6.686],[-36.291,-6.684],[-36.281,-6.678],[-36.266,-6.696]]]}},{"type":"Feature","properties":{"id":"2511202","nome":"Pedras de Fogo"},"geometry":{"type":"Polygon","coordinates":[[[-35.139,-7.216],[-35.136,-7.251],[-35.126,-7.235],[-35.11,-7.23],[-35.093,-7.232],[-35.078,-7.228],[-35.067,-7.229],[-35.055,-7.267],[-35.045,-7.274],[-35.045,-7.277],[-35.043,-7.278],[-34.983,-7.326],[-34.98,-7.328],[-34.956,-7.35],[-34.967,-7.368],[-34.958,-7.381],[-34.953,-7.388],[-34.954,-7.405],[-34.969,-7.434],[-34.976,-7.436],[-34.978,-7.441],[-34.981,-7.456],[-34.977,-7.469],[-34.985,-7.499],[-34.985,-7.5],[-34.99,-7.488],[-34.984,-7.469],[-34.985,-7.462],[-35.011,-7.445],[-35.029,-7.425],[-35.048,-7.417],[-35.07,-7.398],[-35.075,-7.397],[-35.079,-7.396],[-35.085,-7.402],[-35.097,-7.408],[-35.109,-7.407],[-35.125,-7.402],[-35.126,-7.4],[-35.126,-7.399],[-35.148,-7.394],[-35.153,-7.392],[-35.156,-7.377],[-35.151,-7.372],[-35.171,-7.351],[-35.181,-7.351],[-35.184,-7.338],[-35.196,-7.318],[-35.193,-7.311],[-35.192,-7.298],[-35.182,-7.295],[-35.177,-7.286],[-35.171,-7.272],[-35.171,-7.264],[-35.158,-7.229],[-35.151,-7.213],[-35.139,-7.216]]]}},{"type":"Feature","properties":{"id":"2511301","nome":"Pianc\u00f3"},"geometry":{"type":"Polygon","coordinates":[[[-38.024,-7.18],[-38.017,-7.185],[-38.017,-7.175],[-37.99,-7.173],[-37.99,-7.162],[-37.981,-7.153],[-37.984,-7.144],[-37.978,-7.121],[-37.973,-7.118],[-37.97,-7.104],[-37.953,-7.099],[-37.95,-7.089],[-37.916,-7.086],[-37.896,-7.089],[-37.894,-7.089],[-37.872,-7.085],[-37.854,-7.087],[-37.841,-7.099],[-37.823,-7.094],[-37.824,-7.118],[-37.806,-7.123],[-37.799,-7.132],[-37.791,-7.122],[-37.781,-7.139],[-37.776,-7.142],[-37.812,-7.161],[-37.819,-7.195],[-37.827,-7.233],[-37.875,-7.256],[-37.908,-7.273],[-37.902,-7.284],[-37.9,-7.309],[-37.957,-7.316],[-37.967,-7.313],[-38.009,-7.285],[-38.024,-7.291],[-38.053,-7.317],[-38.085,-7.324],[-38.086,-7.304],[-38.088,-7.287],[-38.09,-7.253],[-38.092,-7.235],[-38.084,-7.218],[-38.069,-7.221],[-38.067,-7.219],[-38.064,-7.221],[-38.056,-7.219],[-38.057,-7.214],[-38.053,-7.207],[-38.056,-7.202],[-38.051,-7.199],[-38.052,-7.192],[-38.053,-7.181],[-38.067,-7.167],[-38.076,-7.149],[-38.078,-7.139],[-38.071,-7.122],[-38.063,-7.119],[-38.065,-7.115],[-38.058,-7.095],[-38.058,-7.087],[-38.05,-7.112],[-38.052,-7.117],[-38.05,-7.123],[-38.031,-7.139],[-38.025,-7.15],[-38.026,-7.158],[-38.035,-7.165],[-38.025,-7.175],[-38.024,-7.18]]]}},{"type":"Feature","properties":{"id":"2511400","nome":"Picu\u00ed"},"geometry":{"type":"Polygon","coordinates":[[[-36.279,-6.317],[-36.278,-6.349],[-36.296,-6.37],[-36.299,-6.382],[-36.295,-6.394],[-36.283,-6.397],[-36.269,-6.401],[-36.262,-6.402],[-36.251,-6.404],[-36.249,-6.437],[-36.226,-6.434],[-36.226,-6.452],[-36.226,-6.467],[-36.225,-6.483],[-36.225,-6.513],[-36.225,-6.559],[-36.234,-6.594],[-36.252,-6.579],[-36.27,-6.572],[-36.291,-6.558],[-36.301,-6.543],[-36.299,-6.566],[-36.295,-6.571],[-36.273,-6.605],[-36.273,-6.636],[-36.274,-6.643],[-36.277,-6.657],[-36.271,-6.686],[-36.266,-6.696],[-36.281,-6.678],[-36.308,-6.646],[-36.33,-6.629],[-36.35,-6.615],[-36.375,-6.596],[-36.38,-6.593],[-36.385,-6.602],[-36.385,-6.63],[-36.397,-6.641],[-36.406,-6.659],[-36.409,-6.657],[-36.431,-6.636],[-36.438,-6.629],[-36.436,-6.625],[-36.441,-6.599],[-36.444,-6.558],[-36.449,-6.554],[-36.462,-6.55],[-36.469,-6.549],[-36.459,-6.518],[-36.42,-6.476],[-36.419,-6.464],[-36.425,-6.46],[-36.439,-6.457],[-36.43,-6.444],[-36.423,-6.441],[-36.42,-6.436],[-36.435,-6.436],[-36.438,-6.431],[-36.422,-6.406],[-36.416,-6.4],[-36.396,-6.406],[-36.39,-6.412],[-36.375,-6.392],[-36.376,-6.385],[-36.377,-6.378],[-36.367,-6.36],[-36.376,-6.354],[-36.37,-6.348],[-36.352,-6.35],[-36.35,-6.34],[-36.341,-6.328],[-36.336,-6.321],[-36.338,-6.314],[-36.343,-6.314],[-36.347,-6.309],[-36.344,-6.302],[-36.343,-6.302],[-36.307,-6.281],[-36.295,-6.292],[-36.287,-6.301],[-36.28,-6.308],[-36.279,-6.317]]]}},{"type":"Feature","properties":{"id":"2511509","nome":"Pilar"},"geometry":{"type":"Polygon","coordinates":[[[-35.232,-7.205],[-35.232,-7.217],[-35.239,-7.225],[-35.242,-7.241],[-35.233,-7.264],[-35.223,-7.292],[-35.22,-7.3],[-35.224,-7.303],[-35.228,-7.302],[-35.229,-7.306],[-35.238,-7.314],[-35.24,-7.326],[-35.247,-7.33],[-35.245,-7.334],[-35.249,-7.336],[-35.25,-7.334],[-35.251,-7.339],[-35.255,-7.339],[-35.257,-7.346],[-35.27,-7.355],[-35.271,-7.363],[-35.283,-7.34],[-35.292,-7.321],[-35.308,-7.322],[-35.311,-7.305],[-35.322,-7.292],[-35.322,-7.291],[-35.317,-7.285],[-35.312,-7.284],[-35.301,-7.29],[-35.295,-7.288],[-35.287,-7.266],[-35.291,-7.248],[-35.296,-7.234],[-35.303,-7.226],[-35.306,-7.227],[-35.304,-7.216],[-35.303,-7.214],[-35.29,-7.216],[-35.286,-7.212],[-35.282,-7.216],[-35.281,-7.213],[-35.274,-7.21],[-35.27,-7.214],[-35.254,-7.211],[-35.252,-7.213],[-35.238,-7.211],[-35.236,-7.205],[-35.232,-7.205]]]}},{"type":"Feature","properties":{"id":"2511608","nome":"Pil\u00f5es"},"geometry":{"type":"Polygon","coordinates":[[[-35.587,-6.839],[-35.578,-6.858],[-35.565,-6.886],[-35.565,-6.887],[-35.563,-6.908],[-35.582,-6.919],[-35.583,-6.919],[-35.605,-6.917],[-35.613,-6.916],[-35.649,-6.91],[-35.65,-6.91],[-35.645,-6.883],[-35.646,-6.882],[-35.653,-6.882],[-35.659,-6.868],[-35.641,-6.854],[-35.631,-6.853],[-35.63,-6.854],[-35.618,-6.852],[-35.587,-6.839]]]}},{"type":"Feature","properties":{"id":"2511707","nome":"Pil\u00f5ezinhos"},"geometry":{"type":"Polygon","coordinates":[[[-35.549,-6.883],[-35.565,-6.886],[-35.578,-6.858],[-35.587,-6.839],[-35.581,-6.825],[-35.58,-6.822],[-35.572,-6.822],[-35.553,-6.821],[-35.527,-6.82],[-35.503,-6.819],[-35.508,-6.823],[-35.508,-6.834],[-35.518,-6.845],[-35.52,-6.847],[-35.531,-6.859],[-35.531,-6.88],[-35.549,-6.883]]]}},{"type":"Feature","properties":{"id":"2511806","nome":"Pirpirituba"},"geometry":{"type":"Polygon","coordinates":[[[-35.447,-6.756],[-35.445,-6.768],[-35.433,-6.753],[-35.425,-6.758],[-35.418,-6.758],[-35.412,-6.764],[-35.409,-6.765],[-35.417,-6.774],[-35.424,-6.777],[-35.435,-6.787],[-35.446,-6.792],[-35.462,-6.809],[-35.464,-6.812],[-35.485,-6.819],[-35.503,-6.819],[-35.527,-6.82],[-35.553,-6.821],[-35.572,-6.822],[-35.58,-6.822],[-35.578,-6.817],[-35.574,-6.806],[-35.567,-6.8],[-35.528,-6.771],[-35.521,-6.758],[-35.51,-6.758],[-35.501,-6.771],[-35.498,-6.772],[-35.492,-6.774],[-35.483,-6.774],[-35.475,-6.77],[-35.459,-6.753],[-35.443,-6.751],[-35.443,-6.752],[-35.447,-6.756]]]}},{"type":"Feature","properties":{"id":"2511905","nome":"Pitimbu"},"geometry":{"type":"Polygon","coordinates":[[[-34.857,-7.341],[-34.852,-7.347],[-34.844,-7.344],[-34.82,-7.349],[-34.815,-7.354],[-34.818,-7.365],[-34.813,-7.364],[-34.813,-7.368],[-34.81,-7.367],[-34.808,-7.376],[-34.802,-7.383],[-34.811,-7.459],[-34.803,-7.472],[-34.811,-7.478],[-34.815,-7.486],[-34.809,-7.512],[-34.82,-7.528],[-34.826,-7.547],[-34.832,-7.549],[-34.838,-7.544],[-34.84,-7.543],[-34.854,-7.539],[-34.85,-7.533],[-34.855,-7.508],[-34.855,-7.507],[-34.855,-7.463],[-34.849,-7.438],[-34.862,-7.429],[-34.863,-7.434],[-34.871,-7.429],[-34.881,-7.417],[-34.886,-7.416],[-34.901,-7.417],[-34.91,-7.41],[-34.897,-7.393],[-34.874,-7.365],[-34.871,-7.361],[-34.87,-7.355],[-34.86,-7.343],[-34.857,-7.341]]]}},{"type":"Feature","properties":{"id":"2512002","nome":"Pocinhos"},"geometry":{"type":"Polygon","coordinates":[[[-35.965,-6.966],[-35.967,-6.974],[-35.979,-6.984],[-35.957,-7.016],[-35.957,-7.017],[-35.963,-7.024],[-35.956,-7.024],[-35.95,-7.029],[-35.959,-7.046],[-35.958,-7.059],[-35.965,-7.062],[-35.969,-7.068],[-35.963,-7.069],[-35.962,-7.069],[-35.974,-7.079],[-35.979,-7.1],[-36.001,-7.129],[-36.009,-7.138],[-36.009,-7.139],[-36.029,-7.165],[-36.033,-7.166],[-36.033,-7.173],[-36.034,-7.173],[-36.045,-7.165],[-36.063,-7.166],[-36.089,-7.155],[-36.095,-7.154],[-36.109,-7.152],[-36.14,-7.164],[-36.17,-7.201],[-36.224,-7.197],[-36.22,-7.188],[-36.218,-7.177],[-36.221,-7.167],[-36.218,-7.162],[-36.222,-7.161],[-36.22,-7.155],[-36.226,-7.137],[-36.223,-7.135],[-36.225,-7.121],[-36.231,-7.115],[-36.233,-7.105],[-36.233,-7.089],[-36.24,-7.088],[-36.245,-7.08],[-36.24,-7.073],[-36.236,-7.074],[-36.229,-7.069],[-36.205,-7.067],[-36.201,-7.062],[-36.199,-7.025],[-36.194,-7.018],[-36.187,-7.002],[-36.187,-6.994],[-36.18,-6.985],[-36.176,-6.979],[-36.167,-6.978],[-36.153,-6.969],[-36.147,-6.944],[-36.146,-6.943],[-36.113,-6.931],[-36.078,-6.971],[-36.056,-6.971],[-36.049,-6.977],[-36.02,-6.961],[-36.018,-6.952],[-36.011,-6.948],[-36.011,-6.944],[-35.984,-6.931],[-35.98,-6.924],[-35.964,-6.922],[-35.951,-6.909],[-35.95,-6.92],[-35.941,-6.938],[-35.939,-6.948],[-35.965,-6.966]]]}},{"type":"Feature","properties":{"id":"2512036","nome":"Po\u00e7o Dantas"},"geometry":{"type":"Polygon","coordinates":[[[-38.476,-6.345],[-38.49,-6.366],[-38.483,-6.381],[-38.486,-6.398],[-38.465,-6.396],[-38.47,-6.4],[-38.468,-6.411],[-38.481,-6.436],[-38.488,-6.439],[-38.489,-6.439],[-38.501,-6.441],[-38.505,-6.446],[-38.512,-6.448],[-38.535,-6.445],[-38.545,-6.434],[-38.555,-6.437],[-38.554,-6.432],[-38.524,-6.407],[-38.518,-6.408],[-38.526,-6.394],[-38.53,-6.393],[-38.542,-6.402],[-38.551,-6.398],[-38.573,-6.403],[-38.577,-6.402],[-38.582,-6.4],[-38.581,-6.396],[-38.589,-6.395],[-38.594,-6.396],[-38.602,-6.389],[-38.595,-6.386],[-38.592,-6.378],[-38.583,-6.374],[-38.573,-6.375],[-38.576,-6.362],[-38.567,-6.361],[-38.565,-6.356],[-38.563,-6.356],[-38.545,-6.353],[-38.549,-6.35],[-38.545,-6.344],[-38.534,-6.342],[-38.516,-6.346],[-38.505,-6.356],[-38.494,-6.344],[-38.485,-6.34],[-38.481,-6.337],[-38.475,-6.333],[-38.458,-6.33],[-38.476,-6.345]]]}},{"type":"Feature","properties":{"id":"2512077","nome":"Po\u00e7o de Jos\u00e9 de Moura"},"geometry":{"type":"Polygon","coordinates":[[[-38.533,-6.515],[-38.526,-6.522],[-38.503,-6.516],[-38.499,-6.527],[-38.495,-6.556],[-38.493,-6.572],[-38.458,-6.568],[-38.436,-6.574],[-38.449,-6.59],[-38.455,-6.608],[-38.476,-6.636],[-38.475,-6.649],[-38.483,-6.66],[-38.493,-6.664],[-38.497,-6.662],[-38.509,-6.66],[-38.516,-6.645],[-38.516,-6.638],[-38.515,-6.636],[-38.526,-6.636],[-38.528,-6.619],[-38.532,-6.609],[-38.539,-6.598],[-38.536,-6.594],[-38.545,-6.59],[-38.543,-6.579],[-38.538,-6.574],[-38.541,-6.55],[-38.532,-6.549],[-38.536,-6.523],[-38.532,-6.522],[-38.533,-6.515]]]}},{"type":"Feature","properties":{"id":"2512101","nome":"Pombal"},"geometry":{"type":"Polygon","coordinates":[[[-37.966,-6.614],[-37.96,-6.628],[-37.953,-6.622],[-37.944,-6.626],[-37.926,-6.622],[-37.906,-6.616],[-37.891,-6.632],[-37.877,-6.626],[-37.862,-6.639],[-37.845,-6.64],[-37.811,-6.641],[-37.784,-6.643],[-37.717,-6.684],[-37.678,-6.709],[-37.658,-6.721],[-37.657,-6.722],[-37.647,-6.729],[-37.644,-6.744],[-37.631,-6.757],[-37.633,-6.767],[-37.622,-6.78],[-37.624,-6.787],[-37.633,-6.796],[-37.631,-6.806],[-37.701,-6.801],[-37.703,-6.801],[-37.733,-6.798],[-37.738,-6.802],[-37.751,-6.813],[-37.751,-6.839],[-37.784,-6.849],[-37.785,-6.88],[-37.785,-6.879],[-37.795,-6.879],[-37.801,-6.874],[-37.805,-6.876],[-37.82,-6.875],[-37.84,-6.868],[-37.844,-6.871],[-37.857,-6.899],[-37.871,-6.902],[-37.876,-6.912],[-37.877,-6.925],[-37.89,-6.932],[-37.888,-6.941],[-37.891,-6.945],[-37.895,-6.948],[-37.906,-6.953],[-37.908,-6.963],[-37.919,-6.971],[-37.916,-6.979],[-37.905,-6.99],[-37.9,-6.989],[-37.885,-7.006],[-37.878,-7.008],[-37.87,-7.019],[-37.892,-7.01],[-37.929,-6.994],[-37.948,-6.982],[-37.978,-6.963],[-38.0,-6.949],[-38.006,-6.944],[-38.014,-6.884],[-37.997,-6.872],[-37.944,-6.871],[-37.942,-6.864],[-37.933,-6.86],[-37.928,-6.855],[-37.918,-6.842],[-37.89,-6.841],[-37.873,-6.823],[-37.877,-6.822],[-37.874,-6.816],[-37.876,-6.812],[-37.892,-6.807],[-37.892,-6.803],[-37.89,-6.793],[-37.897,-6.788],[-37.896,-6.784],[-37.9,-6.775],[-37.896,-6.768],[-37.897,-6.762],[-37.906,-6.757],[-37.894,-6.744],[-37.897,-6.734],[-37.917,-6.736],[-37.981,-6.748],[-38.01,-6.761],[-38.025,-6.764],[-38.029,-6.717],[-37.986,-6.712],[-37.983,-6.696],[-37.998,-6.677],[-38.012,-6.675],[-38.013,-6.668],[-38.017,-6.646],[-37.966,-6.614]]]}},{"type":"Feature","properties":{"id":"2512200","nome":"Prata"},"geometry":{"type":"Polygon","coordinates":[[[-37.086,-7.596],[-37.076,-7.612],[-37.071,-7.612],[-37.053,-7.625],[-37.046,-7.624],[-37.035,-7.635],[-37.025,-7.634],[-37.024,-7.658],[-37.022,-7.717],[-37.025,-7.717],[-37.044,-7.737],[-37.054,-7.744],[-37.059,-7.751],[-37.079,-7.761],[-37.088,-7.761],[-37.098,-7.773],[-37.104,-7.774],[-37.115,-7.77],[-37.118,-7.776],[-37.127,-7.774],[-37.136,-7.782],[-37.152,-7.779],[-37.156,-7.776],[-37.157,-7.773],[-37.139,-7.745],[-37.15,-7.729],[-37.15,-7.716],[-37.154,-7.706],[-37.161,-7.698],[-37.155,-7.693],[-37.151,-7.682],[-37.151,-7.671],[-37.139,-7.665],[-37.132,-7.661],[-37.127,-7.648],[-37.114,-7.64],[-37.087,-7.643],[-37.086,-7.63],[-37.092,-7.624],[-37.087,-7.616],[-37.094,-7.606],[-37.086,-7.596]]]}},{"type":"Feature","properties":{"id":"2512309","nome":"Princesa Isabel"},"geometry":{"type":"Polygon","coordinates":[[[-38.001,-7.53],[-37.994,-7.538],[-37.982,-7.534],[-37.974,-7.532],[-37.974,-7.538],[-37.982,-7.539],[-37.984,-7.537],[-37.985,-7.54],[-37.983,-7.546],[-37.976,-7.547],[-37.969,-7.554],[-37.958,-7.552],[-37.954,-7.558],[-37.94,-7.556],[-37.929,-7.561],[-37.933,-7.571],[-37.956,-7.584],[-37.954,-7.618],[-37.955,-7.62],[-37.953,-7.623],[-37.956,-7.628],[-37.956,-7.638],[-37.947,-7.646],[-37.943,-7.651],[-37.945,-7.658],[-37.937,-7.663],[-37.934,-7.672],[-37.923,-7.679],[-37.916,-7.683],[-37.911,-7.694],[-37.905,-7.697],[-37.903,-7.698],[-37.892,-7.711],[-37.894,-7.713],[-37.913,-7.709],[-37.917,-7.711],[-37.92,-7.713],[-37.921,-7.713],[-37.923,-7.716],[-37.922,-7.723],[-37.943,-7.741],[-37.944,-7.746],[-37.947,-7.756],[-37.958,-7.766],[-37.964,-7.772],[-37.966,-7.774],[-37.971,-7.777],[-37.983,-7.772],[-37.99,-7.778],[-38.0,-7.779],[-38.005,-7.777],[-38.008,-7.766],[-38.012,-7.765],[-38.03,-7.749],[-38.039,-7.748],[-38.069,-7.772],[-38.069,-7.759],[-38.08,-7.739],[-38.079,-7.725],[-38.066,-7.716],[-38.061,-7.695],[-38.064,-7.677],[-38.051,-7.643],[-38.055,-7.642],[-38.067,-7.642],[-38.084,-7.642],[-38.078,-7.611],[-38.073,-7.616],[-38.066,-7.616],[-38.064,-7.611],[-38.068,-7.605],[-38.065,-7.603],[-38.069,-7.593],[-38.082,-7.589],[-38.085,-7.584],[-38.089,-7.585],[-38.088,-7.581],[-38.093,-7.574],[-38.103,-7.57],[-38.102,-7.569],[-38.086,-7.56],[-38.051,-7.55],[-38.047,-7.541],[-38.046,-7.514],[-38.025,-7.524],[-38.001,-7.53]]]}},{"type":"Feature","properties":{"id":"2512408","nome":"Puxinan\u00e3"},"geometry":{"type":"Polygon","coordinates":[[[-35.968,-7.109],[-35.947,-7.109],[-35.93,-7.107],[-35.93,-7.12],[-35.933,-7.136],[-35.928,-7.141],[-35.927,-7.143],[-35.922,-7.15],[-35.92,-7.156],[-35.91,-7.166],[-35.905,-7.182],[-35.938,-7.175],[-35.94,-7.174],[-35.939,-7.186],[-35.938,-7.194],[-35.947,-7.193],[-35.954,-7.195],[-35.954,-7.196],[-35.955,-7.197],[-35.964,-7.194],[-35.979,-7.176],[-35.979,-7.173],[-35.987,-7.16],[-35.996,-7.164],[-36.029,-7.165],[-36.009,-7.139],[-36.009,-7.138],[-36.001,-7.129],[-35.979,-7.1],[-35.969,-7.109],[-35.968,-7.109]]]}},{"type":"Feature","properties":{"id":"2512507","nome":"Queimadas"},"geometry":{"type":"Polygon","coordinates":[[[-35.888,-7.292],[-35.872,-7.3],[-35.842,-7.301],[-35.838,-7.329],[-35.838,-7.331],[-35.837,-7.341],[-35.837,-7.356],[-35.838,-7.36],[-35.837,-7.362],[-35.84,-7.382],[-35.837,-7.395],[-35.829,-7.405],[-35.82,-7.422],[-35.832,-7.428],[-35.838,-7.44],[-35.835,-7.45],[-35.837,-7.455],[-35.827,-7.453],[-35.825,-7.46],[-35.837,-7.468],[-35.836,-7.49],[-35.847,-7.492],[-35.854,-7.506],[-35.859,-7.504],[-35.864,-7.51],[-35.869,-7.508],[-35.871,-7.512],[-35.872,-7.51],[-35.874,-7.512],[-35.891,-7.51],[-35.9,-7.516],[-35.902,-7.508],[-35.915,-7.506],[-35.919,-7.513],[-35.938,-7.505],[-35.951,-7.493],[-35.954,-7.495],[-35.958,-7.493],[-35.964,-7.488],[-35.965,-7.482],[-35.973,-7.479],[-35.981,-7.47],[-35.991,-7.467],[-35.993,-7.46],[-36.009,-7.453],[-36.009,-7.449],[-36.021,-7.444],[-36.015,-7.442],[-36.016,-7.438],[-36.008,-7.438],[-36.004,-7.424],[-36.017,-7.422],[-36.017,-7.42],[-36.004,-7.411],[-35.998,-7.412],[-35.999,-7.408],[-36.009,-7.403],[-36.009,-7.402],[-36.008,-7.396],[-35.999,-7.39],[-36.003,-7.384],[-36.004,-7.381],[-35.986,-7.368],[-35.986,-7.348],[-35.987,-7.345],[-35.982,-7.344],[-35.983,-7.34],[-35.98,-7.339],[-35.983,-7.322],[-35.978,-7.32],[-35.978,-7.313],[-35.977,-7.301],[-35.983,-7.296],[-35.962,-7.298],[-35.962,-7.288],[-35.957,-7.287],[-35.951,-7.279],[-35.944,-7.28],[-35.945,-7.285],[-35.939,-7.286],[-35.909,-7.286],[-35.888,-7.286],[-35.888,-7.292]]]}},{"type":"Feature","properties":{"id":"2512606","nome":"Quixab\u00e1"},"geometry":{"type":"Polygon","coordinates":[[[-37.093,-7.023],[-37.087,-7.023],[-37.072,-7.013],[-37.067,-7.02],[-37.056,-7.024],[-37.059,-7.037],[-37.018,-7.048],[-37.005,-7.051],[-37.007,-7.052],[-37.039,-7.057],[-37.045,-7.063],[-37.06,-7.067],[-37.064,-7.071],[-37.083,-7.072],[-37.088,-7.081],[-37.089,-7.092],[-37.093,-7.1],[-37.087,-7.109],[-37.096,-7.099],[-37.13,-7.086],[-37.141,-7.077],[-37.17,-7.065],[-37.177,-7.066],[-37.189,-7.059],[-37.213,-7.081],[-37.217,-7.073],[-37.239,-7.057],[-37.233,-7.045],[-37.23,-7.046],[-37.224,-7.038],[-37.228,-7.019],[-37.204,-7.0],[-37.173,-6.982],[-37.152,-6.991],[-37.14,-7.002],[-37.13,-7.002],[-37.126,-7.01],[-37.115,-7.012],[-37.104,-7.021],[-37.093,-7.023]]]}},{"type":"Feature","properties":{"id":"2512705","nome":"Rem\u00edgio"},"geometry":{"type":"Polygon","coordinates":[[[-35.819,-6.874],[-35.809,-6.88],[-35.807,-6.873],[-35.793,-6.896],[-35.792,-6.915],[-35.791,-6.936],[-35.791,-6.938],[-35.774,-6.962],[-35.776,-6.984],[-35.774,-6.989],[-35.775,-6.996],[-35.778,-7.003],[-35.782,-7.019],[-35.794,-7.014],[-35.804,-7.02],[-35.806,-7.014],[-35.811,-7.01],[-35.818,-7.0],[-35.817,-6.987],[-35.815,-6.984],[-35.823,-6.98],[-35.833,-6.974],[-35.852,-6.967],[-35.865,-6.954],[-35.885,-6.951],[-35.898,-6.944],[-35.905,-6.937],[-35.919,-6.932],[-35.941,-6.938],[-35.95,-6.92],[-35.951,-6.909],[-35.945,-6.902],[-35.952,-6.89],[-35.903,-6.89],[-35.893,-6.876],[-35.873,-6.861],[-35.849,-6.855],[-35.819,-6.874]]]}},{"type":"Feature","properties":{"id":"2512721","nome":"Pedro R\u00e9gis"},"geometry":{"type":"Polygon","coordinates":[[[-35.316,-6.624],[-35.292,-6.627],[-35.287,-6.626],[-35.269,-6.636],[-35.261,-6.641],[-35.259,-6.649],[-35.246,-6.659],[-35.245,-6.664],[-35.259,-6.664],[-35.243,-6.695],[-35.244,-6.7],[-35.253,-6.705],[-35.263,-6.709],[-35.272,-6.707],[-35.282,-6.708],[-35.285,-6.707],[-35.291,-6.714],[-35.297,-6.717],[-35.31,-6.714],[-35.313,-6.708],[-35.32,-6.708],[-35.319,-6.676],[-35.322,-6.666],[-35.333,-6.652],[-35.34,-6.651],[-35.335,-6.638],[-35.335,-6.637],[-35.328,-6.621],[-35.316,-6.624]]]}},{"type":"Feature","properties":{"id":"2512747","nome":"Riach\u00e3o"},"geometry":{"type":"Polygon","coordinates":[[[-35.57,-6.533],[-35.558,-6.546],[-35.579,-6.552],[-35.602,-6.544],[-35.612,-6.546],[-35.616,-6.547],[-35.621,-6.566],[-35.64,-6.567],[-35.657,-6.575],[-35.66,-6.581],[-35.675,-6.583],[-35.69,-6.591],[-35.708,-6.589],[-35.719,-6.569],[-35.721,-6.566],[-35.713,-6.565],[-35.692,-6.554],[-35.687,-6.534],[-35.664,-6.5],[-35.653,-6.491],[-35.629,-6.5],[-35.575,-6.527],[-35.57,-6.533]]]}},{"type":"Feature","properties":{"id":"2512754","nome":"Riach\u00e3o do Bacamarte"},"geometry":{"type":"Polygon","coordinates":[[[-35.636,-7.222],[-35.631,-7.227],[-35.625,-7.225],[-35.622,-7.229],[-35.622,-7.233],[-35.629,-7.233],[-35.632,-7.242],[-35.631,-7.254],[-35.635,-7.25],[-35.645,-7.251],[-35.665,-7.258],[-35.671,-7.266],[-35.678,-7.269],[-35.704,-7.26],[-35.7,-7.226],[-35.7,-7.225],[-35.699,-7.222],[-35.698,-7.218],[-35.695,-7.217],[-35.671,-7.207],[-35.648,-7.219],[-35.636,-7.222]]]}},{"type":"Feature","properties":{"id":"2512762","nome":"Riach\u00e3o do Po\u00e7o"},"geometry":{"type":"Polygon","coordinates":[[[-35.259,-7.164],[-35.281,-7.188],[-35.289,-7.186],[-35.294,-7.185],[-35.332,-7.175],[-35.327,-7.156],[-35.312,-7.151],[-35.306,-7.141],[-35.287,-7.109],[-35.284,-7.111],[-35.285,-7.116],[-35.273,-7.116],[-35.275,-7.121],[-35.271,-7.132],[-35.261,-7.138],[-35.256,-7.14],[-35.256,-7.145],[-35.259,-7.158],[-35.259,-7.164]]]}},{"type":"Feature","properties":{"id":"2512788","nome":"Riacho de Santo Ant\u00f4nio"},"geometry":{"type":"Polygon","coordinates":[[[-36.071,-7.604],[-36.071,-7.613],[-36.076,-7.614],[-36.087,-7.616],[-36.089,-7.613],[-36.092,-7.616],[-36.096,-7.616],[-36.098,-7.624],[-36.103,-7.62],[-36.104,-7.63],[-36.111,-7.623],[-36.117,-7.63],[-36.11,-7.636],[-36.116,-7.641],[-36.123,-7.636],[-36.131,-7.639],[-36.126,-7.644],[-36.128,-7.65],[-36.126,-7.66],[-36.131,-7.668],[-36.105,-7.717],[-36.107,-7.725],[-36.117,-7.734],[-36.119,-7.752],[-36.127,-7.769],[-36.135,-7.762],[-36.154,-7.757],[-36.158,-7.752],[-36.163,-7.731],[-36.159,-7.694],[-36.16,-7.688],[-36.198,-7.645],[-36.193,-7.646],[-36.189,-7.638],[-36.186,-7.641],[-36.179,-7.64],[-36.174,-7.635],[-36.169,-7.64],[-36.161,-7.636],[-36.158,-7.638],[-36.152,-7.635],[-36.153,-7.631],[-36.146,-7.624],[-36.142,-7.624],[-36.142,-7.62],[-36.137,-7.623],[-36.127,-7.611],[-36.121,-7.609],[-36.116,-7.611],[-36.103,-7.602],[-36.087,-7.6],[-36.071,-7.604]]]}},{"type":"Feature","properties":{"id":"2512804","nome":"Riacho dos Cavalos"},"geometry":{"type":"Polygon","coordinates":[[[-37.509,-6.508],[-37.508,-6.526],[-37.53,-6.54],[-37.539,-6.544],[-37.572,-6.55],[-37.581,-6.547],[-37.604,-6.536],[-37.614,-6.515],[-37.618,-6.515],[-37.62,-6.528],[-37.629,-6.528],[-37.644,-6.532],[-37.649,-6.547],[-37.666,-6.548],[-37.665,-6.541],[-37.666,-6.537],[-37.684,-6.527],[-37.685,-6.524],[-37.691,-6.525],[-37.692,-6.519],[-37.702,-6.514],[-37.71,-6.5],[-37.717,-6.499],[-37.73,-6.496],[-37.733,-6.488],[-37.733,-6.444],[-37.733,-6.436],[-37.734,-6.391],[-37.724,-6.393],[-37.639,-6.417],[-37.578,-6.434],[-37.585,-6.44],[-37.584,-6.443],[-37.575,-6.449],[-37.566,-6.467],[-37.556,-6.473],[-37.536,-6.497],[-37.517,-6.508],[-37.509,-6.508]]]}},{"type":"Feature","properties":{"id":"2512903","nome":"Rio Tinto"},"geometry":{"type":"Polygon","coordinates":[[[-35.025,-6.786],[-35.021,-6.791],[-35.015,-6.789],[-35.012,-6.795],[-35.007,-6.794],[-35.001,-6.797],[-34.996,-6.795],[-34.996,-6.787],[-34.993,-6.785],[-34.981,-6.784],[-34.972,-6.793],[-34.956,-6.783],[-34.954,-6.78],[-34.95,-6.765],[-34.937,-6.77],[-34.926,-6.771],[-34.919,-6.767],[-34.918,-6.77],[-34.915,-6.791],[-34.909,-6.84],[-34.902,-6.855],[-34.902,-6.865],[-34.917,-6.872],[-34.928,-6.883],[-34.934,-6.89],[-34.95,-6.892],[-34.963,-6.9],[-34.975,-6.902],[-34.989,-6.908],[-35.037,-6.919],[-35.059,-6.934],[-35.075,-6.935],[-35.09,-6.94],[-35.101,-6.938],[-35.124,-6.895],[-35.12,-6.893],[-35.103,-6.89],[-35.099,-6.886],[-35.101,-6.865],[-35.098,-6.853],[-35.093,-6.847],[-35.092,-6.843],[-35.089,-6.838],[-35.092,-6.833],[-35.088,-6.831],[-35.088,-6.825],[-35.09,-6.825],[-35.106,-6.825],[-35.109,-6.824],[-35.113,-6.821],[-35.132,-6.777],[-35.134,-6.766],[-35.134,-6.748],[-35.12,-6.722],[-35.118,-6.707],[-35.113,-6.675],[-35.116,-6.666],[-35.122,-6.651],[-35.121,-6.648],[-35.106,-6.641],[-35.094,-6.627],[-35.088,-6.625],[-35.058,-6.609],[-35.04,-6.597],[-35.026,-6.592],[-35.02,-6.594],[-35.001,-6.596],[-35.005,-6.598],[-35.017,-6.615],[-35.022,-6.624],[-35.037,-6.669],[-35.031,-6.704],[-35.027,-6.708],[-35.056,-6.719],[-35.081,-6.722],[-35.086,-6.725],[-35.092,-6.739],[-35.067,-6.767],[-35.06,-6.774],[-35.045,-6.774],[-35.025,-6.786]]]}},{"type":"Feature","properties":{"id":"2513000","nome":"Salgadinho"},"geometry":{"type":"Polygon","coordinates":[[[-36.742,-7.033],[-36.754,-7.043],[-36.75,-7.058],[-36.751,-7.08],[-36.778,-7.112],[-36.81,-7.15],[-36.833,-7.145],[-36.844,-7.146],[-36.85,-7.15],[-36.858,-7.149],[-36.88,-7.159],[-36.894,-7.16],[-36.905,-7.152],[-36.919,-7.155],[-36.931,-7.153],[-36.931,-7.15],[-36.926,-7.122],[-36.923,-7.118],[-36.932,-7.109],[-36.924,-7.105],[-36.922,-7.087],[-36.916,-7.08],[-36.898,-7.075],[-36.874,-7.061],[-36.866,-7.061],[-36.858,-7.064],[-36.82,-7.048],[-36.804,-7.03],[-36.787,-7.036],[-36.781,-7.034],[-36.77,-7.038],[-36.742,-7.025],[-36.742,-7.033]]]}},{"type":"Feature","properties":{"id":"2513109","nome":"Salgado de S\u00e3o F\u00e9lix"},"geometry":{"type":"Polygon","coordinates":[[[-35.418,-7.369],[-35.403,-7.412],[-35.392,-7.408],[-35.389,-7.426],[-35.383,-7.427],[-35.38,-7.448],[-35.382,-7.449],[-35.408,-7.461],[-35.415,-7.472],[-35.422,-7.475],[-35.434,-7.47],[-35.441,-7.457],[-35.452,-7.453],[-35.475,-7.444],[-35.489,-7.45],[-35.503,-7.456],[-35.507,-7.486],[-35.506,-7.497],[-35.504,-7.499],[-35.538,-7.497],[-35.541,-7.493],[-35.552,-7.481],[-35.552,-7.475],[-35.546,-7.471],[-35.55,-7.465],[-35.543,-7.449],[-35.548,-7.448],[-35.551,-7.441],[-35.544,-7.428],[-35.543,-7.41],[-35.541,-7.405],[-35.539,-7.398],[-35.532,-7.393],[-35.523,-7.389],[-35.523,-7.385],[-35.522,-7.384],[-35.522,-7.383],[-35.513,-7.375],[-35.504,-7.374],[-35.493,-7.367],[-35.486,-7.365],[-35.483,-7.365],[-35.463,-7.36],[-35.444,-7.354],[-35.443,-7.353],[-35.448,-7.347],[-35.455,-7.329],[-35.438,-7.319],[-35.432,-7.319],[-35.417,-7.322],[-35.402,-7.335],[-35.41,-7.34],[-35.411,-7.345],[-35.418,-7.369]]]}},{"type":"Feature","properties":{"id":"2513158","nome":"Santa Cec\u00edlia"},"geometry":{"type":"Polygon","coordinates":[[[-35.931,-7.681],[-35.922,-7.682],[-35.918,-7.677],[-35.897,-7.669],[-35.889,-7.663],[-35.866,-7.663],[-35.856,-7.666],[-35.835,-7.661],[-35.838,-7.664],[-35.836,-7.667],[-35.833,-7.666],[-35.837,-7.676],[-35.829,-7.681],[-35.828,-7.69],[-35.832,-7.713],[-35.828,-7.72],[-35.829,-7.738],[-35.825,-7.742],[-35.816,-7.741],[-35.816,-7.746],[-35.82,-7.748],[-35.829,-7.751],[-35.833,-7.749],[-35.841,-7.747],[-35.862,-7.751],[-35.872,-7.749],[-35.881,-7.756],[-35.881,-7.766],[-35.883,-7.772],[-35.893,-7.783],[-35.903,-7.791],[-35.905,-7.792],[-35.914,-7.79],[-35.933,-7.784],[-35.943,-7.79],[-35.959,-7.787],[-35.97,-7.789],[-35.979,-7.802],[-35.992,-7.8],[-35.998,-7.813],[-36.003,-7.812],[-36.021,-7.81],[-36.035,-7.796],[-36.031,-7.795],[-36.03,-7.786],[-36.015,-7.765],[-36.011,-7.766],[-36.01,-7.758],[-36.008,-7.761],[-36.005,-7.759],[-36.0,-7.763],[-35.996,-7.762],[-35.993,-7.743],[-35.985,-7.737],[-35.991,-7.737],[-35.992,-7.731],[-35.985,-7.731],[-35.987,-7.726],[-35.984,-7.718],[-35.981,-7.717],[-35.979,-7.705],[-35.976,-7.706],[-35.974,-7.694],[-35.981,-7.694],[-35.982,-7.692],[-35.977,-7.684],[-35.972,-7.668],[-35.96,-7.652],[-35.953,-7.649],[-35.945,-7.662],[-35.934,-7.668],[-35.931,-7.681]]]}},{"type":"Feature","properties":{"id":"2513208","nome":"Santa Cruz"},"geometry":{"type":"Polygon","coordinates":[[[-38.044,-6.452],[-38.036,-6.46],[-38.041,-6.471],[-38.034,-6.475],[-38.026,-6.474],[-38.017,-6.479],[-38.019,-6.503],[-38.027,-6.525],[-38.026,-6.528],[-38.015,-6.527],[-37.998,-6.527],[-37.98,-6.531],[-37.962,-6.569],[-37.969,-6.578],[-37.973,-6.593],[-37.963,-6.605],[-37.962,-6.609],[-37.966,-6.614],[-37.978,-6.609],[-37.988,-6.609],[-37.993,-6.605],[-38.011,-6.612],[-38.036,-6.614],[-38.043,-6.609],[-38.049,-6.598],[-38.049,-6.583],[-38.074,-6.582],[-38.089,-6.586],[-38.107,-6.604],[-38.118,-6.598],[-38.119,-6.595],[-38.127,-6.597],[-38.142,-6.581],[-38.155,-6.575],[-38.153,-6.558],[-38.152,-6.553],[-38.14,-6.54],[-38.125,-6.533],[-38.12,-6.522],[-38.117,-6.522],[-38.098,-6.509],[-38.095,-6.493],[-38.083,-6.485],[-38.071,-6.464],[-38.066,-6.46],[-38.062,-6.459],[-38.059,-6.453],[-38.054,-6.453],[-38.051,-6.442],[-38.046,-6.441],[-38.043,-6.443],[-38.044,-6.452]]]}},{"type":"Feature","properties":{"id":"2513307","nome":"Santa Helena"},"geometry":{"type":"Polygon","coordinates":[[[-38.571,-6.705],[-38.557,-6.706],[-38.546,-6.699],[-38.54,-6.7],[-38.535,-6.703],[-38.522,-6.704],[-38.503,-6.708],[-38.503,-6.717],[-38.494,-6.72],[-38.489,-6.726],[-38.49,-6.736],[-38.486,-6.737],[-38.49,-6.749],[-38.489,-6.757],[-38.496,-6.769],[-38.495,-6.786],[-38.509,-6.79],[-38.517,-6.797],[-38.525,-6.796],[-38.547,-6.791],[-38.562,-6.796],[-38.567,-6.791],[-38.597,-6.787],[-38.614,-6.782],[-38.629,-6.777],[-38.64,-6.764],[-38.652,-6.759],[-38.652,-6.757],[-38.65,-6.752],[-38.657,-6.74],[-38.656,-6.73],[-38.666,-6.719],[-38.673,-6.706],[-38.67,-6.702],[-38.673,-6.697],[-38.664,-6.68],[-38.66,-6.678],[-38.662,-6.674],[-38.652,-6.673],[-38.647,-6.664],[-38.647,-6.654],[-38.657,-6.642],[-38.655,-6.63],[-38.649,-6.627],[-38.628,-6.647],[-38.621,-6.649],[-38.611,-6.659],[-38.609,-6.669],[-38.602,-6.67],[-38.585,-6.69],[-38.579,-6.704],[-38.571,-6.705]]]}},{"type":"Feature","properties":{"id":"2513356","nome":"Santa In\u00eas"},"geometry":{"type":"Polygon","coordinates":[[[-38.679,-7.574],[-38.668,-7.586],[-38.631,-7.587],[-38.62,-7.598],[-38.6,-7.603],[-38.583,-7.596],[-38.568,-7.6],[-38.544,-7.597],[-38.53,-7.6],[-38.523,-7.615],[-38.525,-7.634],[-38.509,-7.649],[-38.5,-7.655],[-38.496,-7.652],[-38.481,-7.649],[-38.476,-7.652],[-38.47,-7.652],[-38.473,-7.659],[-38.47,-7.665],[-38.477,-7.678],[-38.475,-7.687],[-38.466,-7.695],[-38.455,-7.697],[-38.45,-7.703],[-38.449,-7.707],[-38.457,-7.718],[-38.464,-7.73],[-38.49,-7.734],[-38.495,-7.738],[-38.496,-7.75],[-38.516,-7.749],[-38.529,-7.755],[-38.546,-7.749],[-38.56,-7.757],[-38.572,-7.751],[-38.574,-7.754],[-38.579,-7.746],[-38.59,-7.755],[-38.593,-7.754],[-38.597,-7.742],[-38.607,-7.739],[-38.608,-7.726],[-38.616,-7.713],[-38.625,-7.708],[-38.626,-7.694],[-38.641,-7.686],[-38.642,-7.677],[-38.651,-7.677],[-38.65,-7.668],[-38.658,-7.662],[-38.663,-7.657],[-38.67,-7.66],[-38.672,-7.658],[-38.679,-7.646],[-38.686,-7.635],[-38.696,-7.632],[-38.705,-7.622],[-38.715,-7.622],[-38.717,-7.626],[-38.715,-7.616],[-38.718,-7.609],[-38.713,-7.608],[-38.711,-7.586],[-38.702,-7.581],[-38.688,-7.582],[-38.679,-7.574]]]}},{"type":"Feature","properties":{"id":"2513406","nome":"Santa Luzia"},"geometry":{"type":"Polygon","coordinates":[[[-36.904,-6.763],[-36.9,-6.789],[-36.897,-6.792],[-36.899,-6.803],[-36.897,-6.814],[-36.868,-6.83],[-36.868,-6.831],[-36.859,-6.84],[-36.865,-6.856],[-36.842,-6.873],[-36.836,-6.869],[-36.835,-6.882],[-36.828,-6.883],[-36.818,-6.875],[-36.813,-6.882],[-36.801,-6.884],[-36.796,-6.886],[-36.792,-6.894],[-36.786,-6.895],[-36.785,-6.902],[-36.777,-6.908],[-36.774,-6.915],[-36.791,-6.932],[-36.866,-7.012],[-36.866,-7.061],[-36.874,-7.061],[-36.898,-7.075],[-36.916,-7.08],[-36.929,-7.057],[-36.937,-7.047],[-36.943,-7.045],[-36.948,-7.048],[-36.959,-7.048],[-36.962,-7.032],[-36.941,-7.015],[-36.936,-7.011],[-36.933,-6.997],[-36.933,-6.993],[-36.938,-6.988],[-36.943,-6.982],[-36.942,-6.959],[-36.948,-6.958],[-36.967,-6.966],[-36.971,-6.963],[-36.971,-6.954],[-36.963,-6.934],[-36.975,-6.933],[-36.988,-6.936],[-37.021,-6.913],[-37.035,-6.904],[-37.027,-6.892],[-37.012,-6.88],[-37.01,-6.874],[-37.01,-6.869],[-36.955,-6.818],[-36.964,-6.807],[-36.962,-6.8],[-36.966,-6.79],[-36.959,-6.783],[-36.957,-6.79],[-36.931,-6.768],[-36.91,-6.757],[-36.904,-6.763]]]}},{"type":"Feature","properties":{"id":"2513505","nome":"Santana de Mangueira"},"geometry":{"type":"Polygon","coordinates":[[[-38.296,-7.531],[-38.294,-7.533],[-38.284,-7.53],[-38.282,-7.542],[-38.279,-7.544],[-38.276,-7.563],[-38.27,-7.566],[-38.273,-7.573],[-38.268,-7.575],[-38.265,-7.57],[-38.253,-7.574],[-38.247,-7.569],[-38.249,-7.574],[-38.243,-7.581],[-38.226,-7.586],[-38.228,-7.592],[-38.186,-7.611],[-38.183,-7.613],[-38.179,-7.64],[-38.199,-7.643],[-38.229,-7.646],[-38.241,-7.655],[-38.247,-7.661],[-38.244,-7.667],[-38.256,-7.68],[-38.272,-7.697],[-38.284,-7.703],[-38.298,-7.726],[-38.311,-7.739],[-38.316,-7.728],[-38.312,-7.716],[-38.317,-7.715],[-38.316,-7.709],[-38.32,-7.698],[-38.326,-7.693],[-38.33,-7.696],[-38.337,-7.693],[-38.344,-7.695],[-38.357,-7.677],[-38.361,-7.686],[-38.37,-7.692],[-38.371,-7.698],[-38.382,-7.707],[-38.404,-7.714],[-38.401,-7.72],[-38.409,-7.73],[-38.412,-7.73],[-38.427,-7.73],[-38.434,-7.72],[-38.45,-7.668],[-38.446,-7.644],[-38.438,-7.633],[-38.445,-7.625],[-38.446,-7.618],[-38.439,-7.607],[-38.439,-7.602],[-38.448,-7.595],[-38.45,-7.594],[-38.429,-7.594],[-38.388,-7.594],[-38.39,-7.58],[-38.386,-7.569],[-38.393,-7.547],[-38.385,-7.54],[-38.384,-7.535],[-38.372,-7.537],[-38.345,-7.534],[-38.322,-7.527],[-38.31,-7.518],[-38.295,-7.523],[-38.296,-7.531]]]}},{"type":"Feature","properties":{"id":"2513604","nome":"Santana dos Garrotes"},"geometry":{"type":"Polygon","coordinates":[[[-37.967,-7.313],[-37.957,-7.316],[-37.9,-7.309],[-37.907,-7.318],[-37.902,-7.325],[-37.911,-7.335],[-37.91,-7.341],[-37.899,-7.336],[-37.893,-7.329],[-37.882,-7.337],[-37.875,-7.335],[-37.865,-7.345],[-37.861,-7.385],[-37.861,-7.411],[-37.854,-7.42],[-37.859,-7.43],[-37.857,-7.433],[-37.855,-7.434],[-37.863,-7.437],[-37.886,-7.444],[-37.921,-7.475],[-37.939,-7.493],[-37.945,-7.494],[-37.954,-7.501],[-37.972,-7.487],[-37.986,-7.476],[-37.996,-7.451],[-38.004,-7.441],[-38.023,-7.435],[-38.033,-7.428],[-38.05,-7.411],[-38.046,-7.403],[-38.053,-7.394],[-38.079,-7.389],[-38.083,-7.38],[-38.08,-7.376],[-38.07,-7.366],[-38.07,-7.357],[-38.064,-7.351],[-38.056,-7.35],[-38.053,-7.317],[-38.024,-7.291],[-38.009,-7.285],[-37.967,-7.313]]]}},{"type":"Feature","properties":{"id":"2513653","nome":"Santar\u00e9m"},"geometry":{"type":"Polygon","coordinates":[[[-38.454,-6.434],[-38.453,-6.47],[-38.45,-6.502],[-38.452,-6.517],[-38.458,-6.526],[-38.467,-6.531],[-38.499,-6.527],[-38.503,-6.516],[-38.509,-6.502],[-38.513,-6.493],[-38.521,-6.472],[-38.535,-6.445],[-38.512,-6.448],[-38.505,-6.446],[-38.501,-6.441],[-38.489,-6.439],[-38.488,-6.439],[-38.481,-6.436],[-38.468,-6.411],[-38.458,-6.411],[-38.454,-6.434]]]}},{"type":"Feature","properties":{"id":"2513703","nome":"Santa Rita"},"geometry":{"type":"Polygon","coordinates":[[[-34.97,-6.921],[-34.934,-6.947],[-34.922,-6.955],[-34.911,-6.949],[-34.907,-6.954],[-34.905,-6.95],[-34.902,-6.955],[-34.899,-6.954],[-34.898,-6.957],[-34.891,-6.959],[-34.882,-6.956],[-34.879,-6.959],[-34.882,-6.964],[-34.87,-6.966],[-34.869,-6.979],[-34.871,-6.985],[-34.868,-7.007],[-34.859,-7.027],[-34.865,-7.058],[-34.892,-7.095],[-34.903,-7.088],[-34.912,-7.079],[-34.915,-7.094],[-34.909,-7.102],[-34.914,-7.103],[-34.912,-7.107],[-34.915,-7.116],[-34.919,-7.115],[-34.921,-7.122],[-34.926,-7.118],[-34.941,-7.125],[-34.954,-7.145],[-34.973,-7.175],[-34.97,-7.199],[-34.968,-7.216],[-34.964,-7.214],[-34.937,-7.213],[-34.93,-7.226],[-34.935,-7.239],[-34.941,-7.241],[-34.944,-7.249],[-34.95,-7.275],[-34.963,-7.282],[-34.969,-7.282],[-34.974,-7.274],[-34.991,-7.268],[-35.017,-7.27],[-35.039,-7.276],[-35.043,-7.278],[-35.045,-7.277],[-35.045,-7.274],[-35.055,-7.267],[-35.067,-7.229],[-35.054,-7.184],[-35.042,-7.143],[-35.043,-7.136],[-35.039,-7.129],[-35.047,-7.128],[-35.045,-7.121],[-35.047,-7.116],[-35.052,-7.101],[-35.059,-7.081],[-35.161,-7.032],[-35.129,-7.011],[-35.127,-7.009],[-35.135,-7.007],[-35.138,-6.983],[-35.146,-6.973],[-35.14,-6.963],[-35.137,-6.944],[-35.132,-6.94],[-35.106,-6.937],[-35.101,-6.938],[-35.09,-6.94],[-35.075,-6.935],[-35.059,-6.934],[-35.037,-6.919],[-34.989,-6.908],[-34.97,-6.921]]]}},{"type":"Feature","properties":{"id":"2513802","nome":"Santa Teresinha"},"geometry":{"type":"Polygon","coordinates":[[[-37.457,-6.991],[-37.448,-6.997],[-37.437,-6.997],[-37.433,-6.998],[-37.424,-6.998],[-37.417,-7.004],[-37.41,-7.005],[-37.387,-6.999],[-37.369,-7.0],[-37.356,-7.042],[-37.352,-7.053],[-37.348,-7.053],[-37.347,-7.084],[-37.35,-7.114],[-37.361,-7.112],[-37.36,-7.126],[-37.39,-7.13],[-37.388,-7.144],[-37.388,-7.15],[-37.387,-7.164],[-37.425,-7.162],[-37.426,-7.175],[-37.43,-7.181],[-37.437,-7.185],[-37.446,-7.181],[-37.451,-7.19],[-37.462,-7.195],[-37.472,-7.197],[-37.472,-7.207],[-37.48,-7.207],[-37.494,-7.227],[-37.543,-7.109],[-37.512,-7.11],[-37.514,-7.087],[-37.519,-7.006],[-37.519,-7.0],[-37.518,-7.0],[-37.493,-6.999],[-37.47,-6.991],[-37.457,-6.991]]]}},{"type":"Feature","properties":{"id":"2513851","nome":"Santo Andr\u00e9"},"geometry":{"type":"Polygon","coordinates":[[[-36.549,-7.234],[-36.559,-7.245],[-36.574,-7.247],[-36.56,-7.269],[-36.567,-7.323],[-36.575,-7.323],[-36.584,-7.336],[-36.6,-7.339],[-36.607,-7.346],[-36.622,-7.337],[-36.651,-7.283],[-36.656,-7.278],[-36.662,-7.279],[-36.661,-7.268],[-36.655,-7.264],[-36.662,-7.264],[-36.663,-7.259],[-36.658,-7.258],[-36.658,-7.252],[-36.661,-7.248],[-36.669,-7.251],[-36.681,-7.241],[-36.68,-7.237],[-36.669,-7.214],[-36.669,-7.209],[-36.674,-7.209],[-36.659,-7.193],[-36.656,-7.186],[-36.659,-7.182],[-36.661,-7.174],[-36.659,-7.146],[-36.662,-7.13],[-36.637,-7.129],[-36.613,-7.129],[-36.591,-7.172],[-36.568,-7.179],[-36.557,-7.186],[-36.552,-7.189],[-36.543,-7.218],[-36.526,-7.228],[-36.549,-7.234]]]}},{"type":"Feature","properties":{"id":"2513901","nome":"S\u00e3o Bento"},"geometry":{"type":"Polygon","coordinates":[[[-37.396,-6.401],[-37.397,-6.416],[-37.386,-6.426],[-37.381,-6.436],[-37.381,-6.437],[-37.391,-6.452],[-37.397,-6.514],[-37.415,-6.531],[-37.436,-6.533],[-37.445,-6.533],[-37.464,-6.532],[-37.489,-6.512],[-37.493,-6.51],[-37.495,-6.524],[-37.508,-6.526],[-37.509,-6.508],[-37.517,-6.508],[-37.536,-6.497],[-37.556,-6.473],[-37.566,-6.467],[-37.575,-6.449],[-37.584,-6.443],[-37.585,-6.44],[-37.578,-6.434],[-37.577,-6.421],[-37.572,-6.414],[-37.562,-6.411],[-37.55,-6.415],[-37.541,-6.413],[-37.524,-6.407],[-37.51,-6.412],[-37.49,-6.406],[-37.478,-6.404],[-37.46,-6.395],[-37.459,-6.395],[-37.412,-6.39],[-37.388,-6.391],[-37.396,-6.401]]]}},{"type":"Feature","properties":{"id":"2513927","nome":"S\u00e3o Bentinho"},"geometry":{"type":"Polygon","coordinates":[[[-37.694,-6.96],[-37.727,-6.991],[-37.74,-6.954],[-37.74,-6.94],[-37.744,-6.929],[-37.743,-6.912],[-37.751,-6.909],[-37.75,-6.901],[-37.754,-6.898],[-37.754,-6.89],[-37.785,-6.88],[-37.784,-6.849],[-37.751,-6.839],[-37.751,-6.813],[-37.738,-6.802],[-37.733,-6.798],[-37.703,-6.801],[-37.701,-6.801],[-37.631,-6.806],[-37.627,-6.826],[-37.633,-6.841],[-37.633,-6.852],[-37.636,-6.859],[-37.645,-6.863],[-37.658,-6.879],[-37.668,-6.884],[-37.679,-6.898],[-37.681,-6.905],[-37.68,-6.906],[-37.68,-6.913],[-37.685,-6.917],[-37.678,-6.927],[-37.677,-6.938],[-37.696,-6.944],[-37.694,-6.96]]]}},{"type":"Feature","properties":{"id":"2513943","nome":"S\u00e3o Domingos do Cariri"},"geometry":{"type":"Polygon","coordinates":[[[-36.409,-7.494],[-36.401,-7.502],[-36.395,-7.501],[-36.394,-7.507],[-36.39,-7.505],[-36.387,-7.509],[-36.385,-7.506],[-36.382,-7.511],[-36.372,-7.514],[-36.371,-7.526],[-36.367,-7.526],[-36.358,-7.54],[-36.353,-7.542],[-36.348,-7.548],[-36.328,-7.549],[-36.333,-7.565],[-36.315,-7.592],[-36.301,-7.598],[-36.319,-7.61],[-36.332,-7.602],[-36.353,-7.599],[-36.361,-7.604],[-36.368,-7.613],[-36.367,-7.62],[-36.362,-7.62],[-36.366,-7.636],[-36.371,-7.638],[-36.36,-7.661],[-36.353,-7.667],[-36.357,-7.674],[-36.445,-7.674],[-36.443,-7.653],[-36.45,-7.652],[-36.453,-7.657],[-36.457,-7.655],[-36.459,-7.659],[-36.479,-7.653],[-36.462,-7.599],[-36.427,-7.488],[-36.421,-7.494],[-36.409,-7.494]]]}},{"type":"Feature","properties":{"id":"2513968","nome":"S\u00e3o Domingos"},"geometry":{"type":"Polygon","coordinates":[[[-37.873,-6.823],[-37.89,-6.841],[-37.918,-6.842],[-37.928,-6.855],[-37.933,-6.86],[-37.942,-6.864],[-37.944,-6.871],[-37.997,-6.872],[-38.001,-6.855],[-38.012,-6.848],[-38.01,-6.831],[-38.003,-6.824],[-37.995,-6.828],[-37.99,-6.827],[-38.0,-6.816],[-38.01,-6.797],[-38.016,-6.788],[-38.014,-6.781],[-38.016,-6.772],[-38.025,-6.764],[-38.01,-6.761],[-37.981,-6.748],[-37.917,-6.736],[-37.897,-6.734],[-37.894,-6.744],[-37.906,-6.757],[-37.897,-6.762],[-37.896,-6.768],[-37.9,-6.775],[-37.896,-6.784],[-37.897,-6.788],[-37.89,-6.793],[-37.892,-6.803],[-37.892,-6.807],[-37.876,-6.812],[-37.874,-6.816],[-37.877,-6.822],[-37.873,-6.823]]]}},{"type":"Feature","properties":{"id":"2513984","nome":"S\u00e3o Francisco"},"geometry":{"type":"Polygon","coordinates":[[[-38.043,-6.609],[-38.036,-6.614],[-38.011,-6.612],[-37.993,-6.605],[-37.988,-6.609],[-37.978,-6.609],[-37.966,-6.614],[-38.017,-6.646],[-38.013,-6.668],[-38.012,-6.675],[-38.016,-6.67],[-38.039,-6.669],[-38.049,-6.675],[-38.069,-6.673],[-38.086,-6.685],[-38.087,-6.688],[-38.092,-6.689],[-38.094,-6.669],[-38.093,-6.666],[-38.102,-6.645],[-38.099,-6.631],[-38.103,-6.63],[-38.107,-6.604],[-38.089,-6.586],[-38.074,-6.582],[-38.049,-6.583],[-38.049,-6.598],[-38.043,-6.609]]]}},{"type":"Feature","properties":{"id":"2514008","nome":"S\u00e3o Jo\u00e3o do Cariri"},"geometry":{"type":"Polygon","coordinates":[[[-36.382,-7.298],[-36.349,-7.313],[-36.339,-7.313],[-36.331,-7.307],[-36.381,-7.403],[-36.427,-7.488],[-36.462,-7.599],[-36.479,-7.653],[-36.492,-7.643],[-36.494,-7.632],[-36.512,-7.633],[-36.513,-7.637],[-36.528,-7.641],[-36.541,-7.635],[-36.559,-7.636],[-36.558,-7.632],[-36.577,-7.626],[-36.589,-7.633],[-36.6,-7.582],[-36.541,-7.536],[-36.53,-7.528],[-36.593,-7.445],[-36.635,-7.393],[-36.602,-7.378],[-36.601,-7.351],[-36.537,-7.351],[-36.498,-7.33],[-36.478,-7.314],[-36.446,-7.306],[-36.443,-7.31],[-36.434,-7.309],[-36.423,-7.301],[-36.403,-7.3],[-36.392,-7.303],[-36.382,-7.298]]]}},{"type":"Feature","properties":{"id":"2514107","nome":"S\u00e3o Jo\u00e3o do Tigre"},"geometry":{"type":"Polygon","coordinates":[[[-36.572,-7.936],[-36.58,-7.948],[-36.574,-7.951],[-36.573,-7.956],[-36.576,-7.959],[-36.587,-7.958],[-36.612,-7.947],[-36.613,-7.956],[-36.622,-7.969],[-36.623,-7.982],[-36.628,-7.986],[-36.628,-8.014],[-36.628,-8.055],[-36.634,-8.059],[-36.653,-8.07],[-36.657,-8.075],[-36.657,-8.076],[-36.657,-8.082],[-36.648,-8.082],[-36.647,-8.092],[-36.637,-8.093],[-36.628,-8.102],[-36.628,-8.111],[-36.64,-8.119],[-36.668,-8.124],[-36.689,-8.137],[-36.694,-8.143],[-36.687,-8.155],[-36.708,-8.156],[-36.722,-8.151],[-36.725,-8.156],[-36.715,-8.167],[-36.722,-8.168],[-36.724,-8.172],[-36.742,-8.173],[-36.75,-8.175],[-36.753,-8.191],[-36.761,-8.196],[-36.775,-8.19],[-36.787,-8.189],[-36.795,-8.189],[-36.805,-8.195],[-36.812,-8.205],[-36.861,-8.222],[-36.879,-8.235],[-36.896,-8.24],[-36.908,-8.253],[-36.923,-8.269],[-36.945,-8.275],[-36.947,-8.279],[-36.947,-8.291],[-36.951,-8.296],[-36.963,-8.287],[-36.97,-8.273],[-36.968,-8.259],[-36.959,-8.249],[-36.958,-8.244],[-36.965,-8.215],[-36.963,-8.212],[-36.96,-8.212],[-36.957,-8.199],[-36.963,-8.193],[-36.964,-8.182],[-36.96,-8.176],[-36.953,-8.177],[-36.941,-8.165],[-36.936,-8.138],[-36.927,-8.126],[-36.922,-8.112],[-36.917,-8.108],[-36.916,-8.101],[-36.896,-8.086],[-36.896,-8.072],[-36.89,-8.052],[-36.882,-8.05],[-36.876,-8.043],[-36.875,-8.027],[-36.879,-8.017],[-36.868,-8.012],[-36.847,-7.988],[-36.838,-7.983],[-36.814,-7.956],[-36.738,-7.951],[-36.673,-7.944],[-36.572,-7.936]]]}},{"type":"Feature","properties":{"id":"2514206","nome":"S\u00e3o Jos\u00e9 da Lagoa Tapada"},"geometry":{"type":"Polygon","coordinates":[[[-38.164,-6.876],[-38.151,-6.895],[-38.134,-6.892],[-38.123,-6.897],[-38.105,-6.887],[-38.089,-6.887],[-38.068,-6.879],[-38.041,-6.887],[-38.03,-6.887],[-38.026,-6.881],[-38.014,-6.884],[-38.006,-6.944],[-38.014,-6.949],[-38.026,-6.956],[-38.035,-6.974],[-38.062,-6.98],[-38.073,-6.99],[-38.069,-7.002],[-38.089,-7.008],[-38.09,-7.012],[-38.132,-7.008],[-38.156,-7.009],[-38.205,-7.01],[-38.23,-7.003],[-38.254,-6.994],[-38.245,-6.939],[-38.252,-6.905],[-38.257,-6.904],[-38.271,-6.887],[-38.196,-6.869],[-38.167,-6.872],[-38.164,-6.876]]]}},{"type":"Feature","properties":{"id":"2514305","nome":"S\u00e3o Jos\u00e9 de Caiana"},"geometry":{"type":"Polygon","coordinates":[[[-38.274,-7.202],[-38.273,-7.234],[-38.267,-7.233],[-38.274,-7.263],[-38.269,-7.267],[-38.253,-7.27],[-38.248,-7.271],[-38.257,-7.286],[-38.262,-7.29],[-38.274,-7.29],[-38.282,-7.305],[-38.298,-7.309],[-38.305,-7.312],[-38.322,-7.33],[-38.324,-7.326],[-38.327,-7.321],[-38.335,-7.321],[-38.342,-7.316],[-38.348,-7.319],[-38.352,-7.317],[-38.368,-7.318],[-38.413,-7.342],[-38.415,-7.343],[-38.408,-7.331],[-38.413,-7.321],[-38.413,-7.306],[-38.413,-7.305],[-38.389,-7.283],[-38.386,-7.264],[-38.377,-7.26],[-38.361,-7.232],[-38.352,-7.234],[-38.35,-7.223],[-38.338,-7.201],[-38.337,-7.192],[-38.329,-7.184],[-38.33,-7.177],[-38.317,-7.169],[-38.318,-7.159],[-38.314,-7.159],[-38.312,-7.154],[-38.298,-7.156],[-38.295,-7.156],[-38.295,-7.157],[-38.291,-7.175],[-38.29,-7.198],[-38.274,-7.202]]]}},{"type":"Feature","properties":{"id":"2514404","nome":"S\u00e3o Jos\u00e9 de Espinharas"},"geometry":{"type":"Polygon","coordinates":[[[-37.283,-6.694],[-37.29,-6.713],[-37.28,-6.724],[-37.264,-6.732],[-37.269,-6.762],[-37.274,-6.766],[-37.257,-6.78],[-37.26,-6.787],[-37.255,-6.798],[-37.255,-6.811],[-37.252,-6.813],[-37.234,-6.824],[-37.218,-6.853],[-37.213,-6.886],[-37.212,-6.906],[-37.219,-6.909],[-37.245,-6.909],[-37.256,-6.913],[-37.285,-6.914],[-37.299,-6.915],[-37.347,-6.927],[-37.377,-6.931],[-37.386,-6.936],[-37.396,-6.936],[-37.407,-6.932],[-37.409,-6.929],[-37.434,-6.917],[-37.462,-6.913],[-37.473,-6.915],[-37.485,-6.912],[-37.497,-6.9],[-37.494,-6.885],[-37.504,-6.871],[-37.509,-6.867],[-37.5,-6.866],[-37.499,-6.861],[-37.509,-6.853],[-37.517,-6.837],[-37.526,-6.829],[-37.526,-6.821],[-37.509,-6.814],[-37.506,-6.81],[-37.506,-6.78],[-37.519,-6.77],[-37.541,-6.778],[-37.552,-6.775],[-37.544,-6.765],[-37.539,-6.752],[-37.543,-6.742],[-37.548,-6.738],[-37.54,-6.724],[-37.518,-6.712],[-37.484,-6.71],[-37.456,-6.705],[-37.427,-6.7],[-37.407,-6.697],[-37.4,-6.699],[-37.342,-6.701],[-37.314,-6.689],[-37.298,-6.691],[-37.283,-6.694]]]}},{"type":"Feature","properties":{"id":"2514453","nome":"S\u00e3o Jos\u00e9 dos Ramos"},"geometry":{"type":"Polygon","coordinates":[[[-35.323,-7.185],[-35.308,-7.205],[-35.304,-7.216],[-35.306,-7.227],[-35.303,-7.226],[-35.296,-7.234],[-35.291,-7.248],[-35.287,-7.266],[-35.295,-7.288],[-35.301,-7.29],[-35.312,-7.284],[-35.317,-7.285],[-35.322,-7.291],[-35.33,-7.281],[-35.353,-7.255],[-35.368,-7.265],[-35.381,-7.252],[-35.385,-7.26],[-35.397,-7.262],[-35.413,-7.269],[-35.417,-7.276],[-35.45,-7.255],[-35.435,-7.246],[-35.431,-7.25],[-35.419,-7.239],[-35.405,-7.243],[-35.398,-7.239],[-35.376,-7.239],[-35.384,-7.209],[-35.349,-7.194],[-35.337,-7.187],[-35.334,-7.179],[-35.323,-7.185]]]}},{"type":"Feature","properties":{"id":"2514503","nome":"S\u00e3o Jos\u00e9 de Piranhas"},"geometry":{"type":"Polygon","coordinates":[[[-38.453,-6.984],[-38.447,-6.987],[-38.433,-6.986],[-38.387,-6.987],[-38.362,-6.988],[-38.367,-7.043],[-38.342,-7.087],[-38.331,-7.106],[-38.331,-7.107],[-38.331,-7.116],[-38.331,-7.142],[-38.301,-7.127],[-38.284,-7.129],[-38.294,-7.145],[-38.295,-7.156],[-38.298,-7.156],[-38.312,-7.154],[-38.314,-7.159],[-38.318,-7.159],[-38.333,-7.16],[-38.335,-7.155],[-38.344,-7.155],[-38.384,-7.166],[-38.383,-7.176],[-38.385,-7.179],[-38.393,-7.179],[-38.405,-7.2],[-38.406,-7.197],[-38.412,-7.191],[-38.432,-7.198],[-38.447,-7.197],[-38.451,-7.195],[-38.454,-7.184],[-38.518,-7.182],[-38.518,-7.173],[-38.522,-7.17],[-38.555,-7.172],[-38.564,-7.175],[-38.57,-7.184],[-38.615,-7.182],[-38.635,-7.183],[-38.644,-7.183],[-38.673,-7.185],[-38.687,-7.19],[-38.683,-7.176],[-38.677,-7.171],[-38.676,-7.167],[-38.685,-7.161],[-38.675,-7.155],[-38.675,-7.143],[-38.677,-7.131],[-38.668,-7.117],[-38.662,-7.11],[-38.657,-7.094],[-38.659,-7.085],[-38.666,-7.081],[-38.671,-7.07],[-38.677,-7.067],[-38.669,-7.047],[-38.663,-7.036],[-38.64,-7.046],[-38.634,-7.045],[-38.612,-7.055],[-38.6,-7.055],[-38.589,-7.055],[-38.576,-7.034],[-38.567,-7.026],[-38.561,-7.025],[-38.546,-7.032],[-38.529,-7.012],[-38.521,-7.009],[-38.514,-6.999],[-38.504,-6.996],[-38.503,-6.989],[-38.472,-6.989],[-38.453,-6.984]]]}},{"type":"Feature","properties":{"id":"2514552","nome":"S\u00e3o Jos\u00e9 de Princesa"},"geometry":{"type":"Polygon","coordinates":[[[-38.088,-7.581],[-38.089,-7.585],[-38.085,-7.584],[-38.082,-7.589],[-38.069,-7.593],[-38.065,-7.603],[-38.068,-7.605],[-38.064,-7.611],[-38.066,-7.616],[-38.073,-7.616],[-38.078,-7.611],[-38.084,-7.642],[-38.067,-7.642],[-38.055,-7.642],[-38.051,-7.643],[-38.064,-7.677],[-38.061,-7.695],[-38.066,-7.716],[-38.079,-7.725],[-38.08,-7.739],[-38.069,-7.759],[-38.069,-7.772],[-38.075,-7.789],[-38.073,-7.793],[-38.075,-7.805],[-38.066,-7.817],[-38.069,-7.826],[-38.077,-7.83],[-38.08,-7.829],[-38.083,-7.828],[-38.097,-7.827],[-38.12,-7.819],[-38.124,-7.813],[-38.122,-7.807],[-38.131,-7.803],[-38.131,-7.795],[-38.125,-7.771],[-38.117,-7.762],[-38.12,-7.756],[-38.116,-7.737],[-38.128,-7.735],[-38.126,-7.73],[-38.129,-7.725],[-38.12,-7.708],[-38.114,-7.687],[-38.121,-7.685],[-38.128,-7.68],[-38.125,-7.674],[-38.11,-7.661],[-38.133,-7.625],[-38.122,-7.597],[-38.105,-7.571],[-38.103,-7.57],[-38.093,-7.574],[-38.088,-7.581]]]}},{"type":"Feature","properties":{"id":"2514602","nome":"S\u00e3o Jos\u00e9 do Bonfim"},"geometry":{"type":"Polygon","coordinates":[[[-37.245,-7.113],[-37.247,-7.193],[-37.247,-7.197],[-37.277,-7.194],[-37.303,-7.191],[-37.335,-7.214],[-37.334,-7.208],[-37.34,-7.197],[-37.353,-7.185],[-37.365,-7.174],[-37.366,-7.165],[-37.387,-7.164],[-37.388,-7.15],[-37.381,-7.153],[-37.356,-7.142],[-37.353,-7.144],[-37.337,-7.14],[-37.334,-7.129],[-37.328,-7.123],[-37.328,-7.114],[-37.323,-7.111],[-37.314,-7.094],[-37.316,-7.091],[-37.314,-7.084],[-37.321,-7.082],[-37.287,-7.076],[-37.245,-7.11],[-37.245,-7.113]]]}},{"type":"Feature","properties":{"id":"2514651","nome":"S\u00e3o Jos\u00e9 do Brejo do Cruz"},"geometry":{"type":"Polygon","coordinates":[[[-37.327,-6.177],[-37.301,-6.189],[-37.292,-6.187],[-37.289,-6.191],[-37.289,-6.186],[-37.279,-6.187],[-37.27,-6.187],[-37.266,-6.191],[-37.251,-6.19],[-37.247,-6.193],[-37.249,-6.202],[-37.239,-6.204],[-37.234,-6.213],[-37.251,-6.226],[-37.27,-6.251],[-37.274,-6.281],[-37.287,-6.282],[-37.306,-6.278],[-37.318,-6.279],[-37.328,-6.303],[-37.334,-6.308],[-37.344,-6.305],[-37.346,-6.299],[-37.351,-6.298],[-37.371,-6.282],[-37.384,-6.281],[-37.387,-6.277],[-37.394,-6.286],[-37.411,-6.291],[-37.417,-6.285],[-37.433,-6.286],[-37.44,-6.288],[-37.442,-6.292],[-37.448,-6.28],[-37.471,-6.27],[-37.48,-6.259],[-37.484,-6.243],[-37.467,-6.233],[-37.459,-6.221],[-37.445,-6.216],[-37.437,-6.209],[-37.435,-6.199],[-37.43,-6.2],[-37.412,-6.192],[-37.401,-6.192],[-37.374,-6.174],[-37.366,-6.174],[-37.342,-6.168],[-37.333,-6.17],[-37.327,-6.177]]]}},{"type":"Feature","properties":{"id":"2514701","nome":"S\u00e3o Jos\u00e9 do Sabugi"},"geometry":{"type":"Polygon","coordinates":[[[-36.772,-6.787],[-36.769,-6.838],[-36.76,-6.838],[-36.73,-6.836],[-36.745,-6.879],[-36.756,-6.896],[-36.76,-6.914],[-36.774,-6.915],[-36.777,-6.908],[-36.785,-6.902],[-36.786,-6.895],[-36.792,-6.894],[-36.796,-6.886],[-36.801,-6.884],[-36.813,-6.882],[-36.818,-6.875],[-36.828,-6.883],[-36.835,-6.882],[-36.836,-6.869],[-36.842,-6.873],[-36.865,-6.856],[-36.859,-6.84],[-36.868,-6.831],[-36.868,-6.83],[-36.897,-6.814],[-36.899,-6.803],[-36.897,-6.792],[-36.9,-6.789],[-36.904,-6.763],[-36.91,-6.757],[-36.874,-6.743],[-36.835,-6.731],[-36.789,-6.772],[-36.772,-6.787]]]}},{"type":"Feature","properties":{"id":"2514800","nome":"S\u00e3o Jos\u00e9 dos Cordeiros"},"geometry":{"type":"Polygon","coordinates":[[[-36.683,-7.353],[-36.664,-7.389],[-36.674,-7.381],[-36.681,-7.388],[-36.692,-7.386],[-36.708,-7.392],[-36.712,-7.395],[-36.716,-7.401],[-36.727,-7.406],[-36.727,-7.411],[-36.735,-7.422],[-36.737,-7.452],[-36.768,-7.463],[-36.834,-7.485],[-36.854,-7.5],[-36.884,-7.493],[-36.901,-7.498],[-36.901,-7.501],[-36.916,-7.507],[-36.924,-7.503],[-36.937,-7.505],[-36.95,-7.501],[-36.96,-7.485],[-36.984,-7.482],[-36.985,-7.475],[-36.995,-7.472],[-36.994,-7.464],[-36.997,-7.459],[-37.01,-7.453],[-37.013,-7.445],[-37.021,-7.44],[-37.022,-7.436],[-37.023,-7.433],[-37.014,-7.43],[-37.017,-7.424],[-37.026,-7.422],[-37.013,-7.404],[-37.013,-7.403],[-36.98,-7.389],[-36.956,-7.383],[-36.932,-7.381],[-36.919,-7.386],[-36.903,-7.386],[-36.897,-7.383],[-36.884,-7.384],[-36.876,-7.376],[-36.865,-7.374],[-36.86,-7.367],[-36.837,-7.371],[-36.805,-7.369],[-36.774,-7.371],[-36.774,-7.301],[-36.757,-7.305],[-36.755,-7.327],[-36.683,-7.353]]]}},{"type":"Feature","properties":{"id":"2514909","nome":"S\u00e3o Mamede"},"geometry":{"type":"Polygon","coordinates":[[[-37.107,-6.807],[-37.094,-6.807],[-37.08,-6.802],[-37.084,-6.813],[-37.067,-6.833],[-37.06,-6.843],[-37.044,-6.838],[-37.035,-6.846],[-37.033,-6.858],[-37.021,-6.86],[-37.022,-6.873],[-37.01,-6.874],[-37.012,-6.88],[-37.027,-6.892],[-37.035,-6.904],[-37.021,-6.913],[-36.988,-6.936],[-36.975,-6.933],[-36.963,-6.934],[-36.971,-6.954],[-36.971,-6.963],[-36.967,-6.966],[-36.948,-6.958],[-36.942,-6.959],[-36.943,-6.982],[-36.938,-6.988],[-36.933,-6.993],[-36.933,-6.997],[-36.936,-7.011],[-36.941,-7.015],[-36.962,-7.032],[-36.959,-7.048],[-36.975,-7.057],[-36.993,-7.061],[-36.997,-7.061],[-37.005,-7.051],[-37.018,-7.048],[-37.059,-7.037],[-37.056,-7.024],[-37.067,-7.02],[-37.072,-7.013],[-37.087,-7.023],[-37.093,-7.023],[-37.104,-7.021],[-37.115,-7.012],[-37.126,-7.01],[-37.13,-7.002],[-37.14,-7.002],[-37.152,-6.991],[-37.173,-6.982],[-37.174,-6.973],[-37.181,-6.964],[-37.173,-6.944],[-37.183,-6.936],[-37.193,-6.935],[-37.178,-6.921],[-37.178,-6.918],[-37.19,-6.917],[-37.198,-6.906],[-37.212,-6.906],[-37.213,-6.886],[-37.218,-6.853],[-37.234,-6.824],[-37.214,-6.824],[-37.19,-6.825],[-37.152,-6.798],[-37.138,-6.786],[-37.109,-6.8],[-37.107,-6.807]]]}},{"type":"Feature","properties":{"id":"2515005","nome":"S\u00e3o Miguel de Taipu"},"geometry":{"type":"Polygon","coordinates":[[[-35.17,-7.197],[-35.159,-7.209],[-35.155,-7.207],[-35.151,-7.213],[-35.158,-7.229],[-35.171,-7.264],[-35.171,-7.272],[-35.177,-7.286],[-35.182,-7.295],[-35.192,-7.298],[-35.193,-7.311],[-35.211,-7.304],[-35.217,-7.304],[-35.22,-7.3],[-35.223,-7.292],[-35.233,-7.264],[-35.242,-7.241],[-35.239,-7.225],[-35.232,-7.217],[-35.232,-7.205],[-35.23,-7.192],[-35.219,-7.191],[-35.202,-7.187],[-35.188,-7.177],[-35.187,-7.177],[-35.186,-7.183],[-35.182,-7.183],[-35.17,-7.197]]]}},{"type":"Feature","properties":{"id":"2515104","nome":"S\u00e3o Sebasti\u00e3o de Lagoa de Ro\u00e7a"},"geometry":{"type":"Polygon","coordinates":[[[-35.842,-7.056],[-35.834,-7.06],[-35.827,-7.07],[-35.823,-7.072],[-35.816,-7.075],[-35.818,-7.077],[-35.815,-7.085],[-35.812,-7.095],[-35.813,-7.102],[-35.816,-7.107],[-35.818,-7.109],[-35.825,-7.122],[-35.83,-7.126],[-35.833,-7.124],[-35.839,-7.124],[-35.842,-7.116],[-35.845,-7.12],[-35.852,-7.117],[-35.863,-7.12],[-35.868,-7.112],[-35.871,-7.109],[-35.874,-7.106],[-35.889,-7.088],[-35.896,-7.084],[-35.895,-7.082],[-35.886,-7.064],[-35.886,-7.063],[-35.881,-7.053],[-35.872,-7.058],[-35.864,-7.057],[-35.855,-7.05],[-35.842,-7.056]]]}},{"type":"Feature","properties":{"id":"2515203","nome":"S\u00e3o Sebasti\u00e3o do Umbuzeiro"},"geometry":{"type":"Polygon","coordinates":[[[-36.89,-8.052],[-36.896,-8.072],[-36.896,-8.086],[-36.916,-8.101],[-36.917,-8.108],[-36.922,-8.112],[-36.927,-8.126],[-36.936,-8.138],[-36.941,-8.165],[-36.953,-8.177],[-36.96,-8.176],[-36.964,-8.182],[-36.963,-8.193],[-36.957,-8.199],[-36.96,-8.212],[-36.963,-8.212],[-36.965,-8.215],[-36.958,-8.244],[-36.959,-8.249],[-36.968,-8.259],[-36.97,-8.273],[-36.963,-8.287],[-36.951,-8.296],[-36.955,-8.299],[-36.978,-8.297],[-36.991,-8.303],[-37.015,-8.292],[-37.02,-8.289],[-37.04,-8.266],[-37.081,-8.266],[-37.08,-8.241],[-37.066,-8.233],[-37.067,-8.23],[-37.081,-8.221],[-37.09,-8.231],[-37.1,-8.233],[-37.123,-8.209],[-37.126,-8.191],[-37.118,-8.18],[-37.118,-8.175],[-37.126,-8.173],[-37.141,-8.177],[-37.16,-8.17],[-37.163,-8.158],[-37.151,-8.15],[-37.158,-8.138],[-37.153,-8.127],[-37.144,-8.125],[-37.133,-8.123],[-37.121,-8.128],[-37.118,-8.126],[-37.106,-8.127],[-37.093,-8.121],[-37.084,-8.11],[-37.069,-8.106],[-37.061,-8.1],[-37.049,-8.099],[-37.043,-8.103],[-37.026,-8.1],[-37.021,-8.094],[-37.028,-8.081],[-37.032,-8.069],[-37.03,-8.061],[-37.038,-8.044],[-37.025,-8.041],[-36.988,-8.053],[-36.978,-8.053],[-36.969,-8.06],[-36.946,-8.048],[-36.933,-8.044],[-36.925,-8.037],[-36.918,-8.029],[-36.911,-8.027],[-36.905,-8.019],[-36.893,-8.014],[-36.879,-8.017],[-36.875,-8.027],[-36.876,-8.043],[-36.882,-8.05],[-36.89,-8.052]]]}},{"type":"Feature","properties":{"id":"2515302","nome":"Sap\u00e9"},"geometry":{"type":"Polygon","coordinates":[[[-35.207,-6.94],[-35.184,-6.954],[-35.179,-6.95],[-35.179,-6.952],[-35.155,-6.94],[-35.149,-6.942],[-35.132,-6.94],[-35.137,-6.944],[-35.14,-6.963],[-35.146,-6.973],[-35.138,-6.983],[-35.135,-7.007],[-35.127,-7.009],[-35.129,-7.011],[-35.161,-7.032],[-35.146,-7.045],[-35.138,-7.052],[-35.118,-7.07],[-35.128,-7.099],[-35.14,-7.132],[-35.143,-7.141],[-35.152,-7.149],[-35.168,-7.16],[-35.172,-7.164],[-35.179,-7.173],[-35.187,-7.177],[-35.188,-7.177],[-35.19,-7.176],[-35.191,-7.171],[-35.197,-7.174],[-35.201,-7.172],[-35.209,-7.175],[-35.212,-7.165],[-35.217,-7.165],[-35.217,-7.159],[-35.228,-7.161],[-35.227,-7.15],[-35.231,-7.149],[-35.232,-7.142],[-35.238,-7.138],[-35.239,-7.13],[-35.236,-7.123],[-35.238,-7.119],[-35.251,-7.122],[-35.261,-7.129],[-35.261,-7.138],[-35.271,-7.132],[-35.275,-7.121],[-35.273,-7.116],[-35.285,-7.116],[-35.284,-7.111],[-35.287,-7.109],[-35.279,-7.105],[-35.261,-7.077],[-35.261,-7.076],[-35.254,-7.068],[-35.253,-7.058],[-35.248,-7.051],[-35.258,-7.037],[-35.256,-7.026],[-35.256,-7.013],[-35.253,-6.985],[-35.263,-6.964],[-35.262,-6.955],[-35.256,-6.953],[-35.244,-6.954],[-35.222,-6.947],[-35.222,-6.946],[-35.221,-6.946],[-35.219,-6.942],[-35.207,-6.94]]]}},{"type":"Feature","properties":{"id":"2515401","nome":"Serid\u00f3"},"geometry":{"type":"Polygon","coordinates":[[[-36.534,-6.837],[-36.53,-6.841],[-36.527,-6.837],[-36.519,-6.84],[-36.518,-6.845],[-36.512,-6.847],[-36.512,-6.844],[-36.504,-6.85],[-36.489,-6.836],[-36.482,-6.839],[-36.481,-6.845],[-36.476,-6.845],[-36.476,-6.848],[-36.469,-6.846],[-36.466,-6.848],[-36.464,-6.846],[-36.448,-6.848],[-36.439,-6.843],[-36.433,-6.848],[-36.427,-6.848],[-36.424,-6.842],[-36.414,-6.853],[-36.408,-6.855],[-36.406,-6.846],[-36.399,-6.85],[-36.394,-6.846],[-36.387,-6.848],[-36.385,-6.845],[-36.379,-6.849],[-36.375,-6.847],[-36.37,-6.855],[-36.364,-6.86],[-36.369,-6.873],[-36.382,-6.886],[-36.377,-6.894],[-36.362,-6.913],[-36.331,-6.93],[-36.326,-6.939],[-36.334,-6.947],[-36.351,-6.956],[-36.375,-6.971],[-36.394,-6.983],[-36.445,-6.99],[-36.476,-6.994],[-36.473,-6.949],[-36.475,-6.948],[-36.544,-6.9],[-36.558,-6.889],[-36.568,-6.874],[-36.566,-6.866],[-36.574,-6.857],[-36.569,-6.848],[-36.56,-6.84],[-36.543,-6.842],[-36.538,-6.843],[-36.534,-6.837]]]}},{"type":"Feature","properties":{"id":"2515500","nome":"Serra Branca"},"geometry":{"type":"Polygon","coordinates":[[[-36.674,-7.381],[-36.664,-7.389],[-36.635,-7.392],[-36.635,-7.393],[-36.593,-7.445],[-36.53,-7.528],[-36.541,-7.536],[-36.6,-7.582],[-36.64,-7.585],[-36.712,-7.592],[-36.714,-7.593],[-36.709,-7.621],[-36.699,-7.675],[-36.693,-7.679],[-36.688,-7.676],[-36.679,-7.677],[-36.67,-7.683],[-36.661,-7.68],[-36.658,-7.684],[-36.669,-7.683],[-36.707,-7.697],[-36.713,-7.695],[-36.728,-7.701],[-36.73,-7.705],[-36.745,-7.714],[-36.754,-7.715],[-36.764,-7.728],[-36.787,-7.69],[-36.797,-7.673],[-36.796,-7.665],[-36.795,-7.662],[-36.783,-7.656],[-36.783,-7.648],[-36.81,-7.646],[-36.815,-7.619],[-36.823,-7.608],[-36.839,-7.593],[-36.824,-7.58],[-36.839,-7.559],[-36.829,-7.539],[-36.829,-7.537],[-36.874,-7.535],[-36.887,-7.534],[-36.901,-7.534],[-36.876,-7.516],[-36.854,-7.5],[-36.834,-7.485],[-36.768,-7.463],[-36.737,-7.452],[-36.735,-7.422],[-36.727,-7.411],[-36.727,-7.406],[-36.716,-7.401],[-36.712,-7.395],[-36.708,-7.392],[-36.692,-7.386],[-36.681,-7.388],[-36.674,-7.381]]]}},{"type":"Feature","properties":{"id":"2515609","nome":"Serra da Raiz"},"geometry":{"type":"Polygon","coordinates":[[[-35.454,-6.727],[-35.475,-6.74],[-35.498,-6.732],[-35.496,-6.73],[-35.466,-6.704],[-35.455,-6.689],[-35.446,-6.676],[-35.423,-6.667],[-35.416,-6.674],[-35.418,-6.683],[-35.421,-6.689],[-35.431,-6.707],[-35.434,-6.707],[-35.439,-6.712],[-35.442,-6.723],[-35.454,-6.727]]]}},{"type":"Feature","properties":{"id":"2515708","nome":"Serra Grande"},"geometry":{"type":"Polygon","coordinates":[[[-38.33,-7.177],[-38.329,-7.184],[-38.337,-7.192],[-38.338,-7.201],[-38.35,-7.223],[-38.352,-7.234],[-38.361,-7.232],[-38.377,-7.26],[-38.386,-7.264],[-38.389,-7.283],[-38.413,-7.305],[-38.413,-7.306],[-38.422,-7.303],[-38.421,-7.289],[-38.417,-7.281],[-38.419,-7.27],[-38.416,-7.261],[-38.413,-7.254],[-38.403,-7.248],[-38.412,-7.238],[-38.406,-7.221],[-38.406,-7.207],[-38.405,-7.2],[-38.393,-7.179],[-38.385,-7.179],[-38.383,-7.176],[-38.384,-7.166],[-38.344,-7.155],[-38.335,-7.155],[-38.333,-7.16],[-38.318,-7.159],[-38.317,-7.169],[-38.33,-7.177]]]}},{"type":"Feature","properties":{"id":"2515807","nome":"Serra Redonda"},"geometry":{"type":"Polygon","coordinates":[[[-35.624,-7.132],[-35.62,-7.153],[-35.61,-7.161],[-35.608,-7.168],[-35.623,-7.178],[-35.641,-7.184],[-35.662,-7.19],[-35.664,-7.195],[-35.671,-7.207],[-35.695,-7.217],[-35.698,-7.218],[-35.695,-7.203],[-35.704,-7.191],[-35.709,-7.184],[-35.711,-7.171],[-35.711,-7.167],[-35.697,-7.16],[-35.695,-7.156],[-35.688,-7.156],[-35.68,-7.148],[-35.672,-7.147],[-35.66,-7.139],[-35.653,-7.14],[-35.647,-7.145],[-35.635,-7.133],[-35.624,-7.132]]]}},{"type":"Feature","properties":{"id":"2515906","nome":"Serraria"},"geometry":{"type":"Polygon","coordinates":[[[-35.606,-6.811],[-35.6,-6.811],[-35.599,-6.811],[-35.574,-6.806],[-35.578,-6.817],[-35.58,-6.822],[-35.581,-6.825],[-35.587,-6.839],[-35.618,-6.852],[-35.63,-6.854],[-35.631,-6.853],[-35.641,-6.854],[-35.659,-6.868],[-35.674,-6.866],[-35.678,-6.867],[-35.688,-6.862],[-35.693,-6.86],[-35.699,-6.846],[-35.709,-6.841],[-35.702,-6.833],[-35.701,-6.814],[-35.679,-6.827],[-35.668,-6.811],[-35.636,-6.8],[-35.628,-6.807],[-35.617,-6.809],[-35.606,-6.811]]]}},{"type":"Feature","properties":{"id":"2515930","nome":"Sert\u00e3ozinho"},"geometry":{"type":"Polygon","coordinates":[[[-35.372,-6.748],[-35.374,-6.756],[-35.39,-6.761],[-35.409,-6.765],[-35.412,-6.764],[-35.418,-6.758],[-35.425,-6.758],[-35.433,-6.753],[-35.445,-6.768],[-35.447,-6.756],[-35.443,-6.752],[-35.443,-6.751],[-35.475,-6.74],[-35.454,-6.727],[-35.442,-6.723],[-35.439,-6.712],[-35.434,-6.707],[-35.425,-6.714],[-35.419,-6.726],[-35.417,-6.727],[-35.412,-6.732],[-35.381,-6.741],[-35.372,-6.748]]]}},{"type":"Feature","properties":{"id":"2515971","nome":"Sobrado"},"geometry":{"type":"Polygon","coordinates":[[[-35.227,-7.15],[-35.228,-7.161],[-35.217,-7.159],[-35.217,-7.165],[-35.212,-7.165],[-35.209,-7.175],[-35.201,-7.172],[-35.197,-7.174],[-35.191,-7.171],[-35.19,-7.176],[-35.188,-7.177],[-35.202,-7.187],[-35.219,-7.191],[-35.23,-7.192],[-35.232,-7.205],[-35.236,-7.205],[-35.238,-7.211],[-35.252,-7.213],[-35.254,-7.211],[-35.27,-7.214],[-35.274,-7.21],[-35.281,-7.213],[-35.282,-7.216],[-35.286,-7.212],[-35.29,-7.216],[-35.303,-7.214],[-35.304,-7.216],[-35.308,-7.205],[-35.323,-7.185],[-35.334,-7.179],[-35.332,-7.175],[-35.294,-7.185],[-35.289,-7.186],[-35.281,-7.188],[-35.259,-7.164],[-35.259,-7.158],[-35.256,-7.145],[-35.256,-7.14],[-35.261,-7.138],[-35.261,-7.129],[-35.251,-7.122],[-35.238,-7.119],[-35.236,-7.123],[-35.239,-7.13],[-35.238,-7.138],[-35.232,-7.142],[-35.231,-7.149],[-35.227,-7.15]]]}},{"type":"Feature","properties":{"id":"2516003","nome":"Sol\u00e2nea"},"geometry":{"type":"Polygon","coordinates":[[[-35.711,-6.654],[-35.698,-6.657],[-35.688,-6.654],[-35.683,-6.659],[-35.689,-6.67],[-35.685,-6.683],[-35.678,-6.687],[-35.673,-6.703],[-35.673,-6.717],[-35.676,-6.726],[-35.673,-6.732],[-35.663,-6.747],[-35.652,-6.755],[-35.648,-6.758],[-35.647,-6.762],[-35.644,-6.775],[-35.636,-6.8],[-35.668,-6.811],[-35.679,-6.827],[-35.701,-6.814],[-35.702,-6.815],[-35.706,-6.819],[-35.716,-6.821],[-35.72,-6.825],[-35.729,-6.817],[-35.742,-6.813],[-35.752,-6.825],[-35.755,-6.825],[-35.759,-6.824],[-35.762,-6.824],[-35.787,-6.824],[-35.789,-6.819],[-35.804,-6.787],[-35.81,-6.769],[-35.794,-6.756],[-35.798,-6.753],[-35.794,-6.749],[-35.789,-6.749],[-35.785,-6.715],[-35.78,-6.705],[-35.782,-6.701],[-35.779,-6.697],[-35.78,-6.691],[-35.76,-6.691],[-35.749,-6.685],[-35.745,-6.677],[-35.744,-6.677],[-35.742,-6.677],[-35.739,-6.673],[-35.722,-6.67],[-35.715,-6.664],[-35.711,-6.654]]]}},{"type":"Feature","properties":{"id":"2516102","nome":"Soledade"},"geometry":{"type":"Polygon","coordinates":[[[-36.218,-7.177],[-36.22,-7.188],[-36.224,-7.197],[-36.222,-7.2],[-36.285,-7.193],[-36.326,-7.188],[-36.406,-7.218],[-36.418,-7.199],[-36.486,-7.19],[-36.488,-7.16],[-36.483,-7.144],[-36.47,-7.132],[-36.472,-7.122],[-36.487,-7.035],[-36.488,-7.032],[-36.488,-7.027],[-36.476,-7.0],[-36.476,-6.994],[-36.445,-6.99],[-36.394,-6.983],[-36.375,-6.971],[-36.351,-6.956],[-36.305,-7.045],[-36.281,-7.091],[-36.233,-7.105],[-36.231,-7.115],[-36.225,-7.121],[-36.223,-7.135],[-36.226,-7.137],[-36.22,-7.155],[-36.222,-7.161],[-36.218,-7.162],[-36.221,-7.167],[-36.218,-7.177]]]}},{"type":"Feature","properties":{"id":"2516151","nome":"Soss\u00eago"},"geometry":{"type":"Polygon","coordinates":[[[-36.172,-6.679],[-36.157,-6.68],[-36.149,-6.677],[-36.139,-6.679],[-36.106,-6.668],[-36.149,-6.717],[-36.166,-6.737],[-36.249,-6.831],[-36.261,-6.845],[-36.259,-6.809],[-36.256,-6.771],[-36.256,-6.767],[-36.253,-6.714],[-36.251,-6.684],[-36.243,-6.642],[-36.243,-6.641],[-36.235,-6.641],[-36.228,-6.647],[-36.212,-6.662],[-36.19,-6.674],[-36.188,-6.675],[-36.172,-6.679]]]}},{"type":"Feature","properties":{"id":"2516201","nome":"Sousa"},"geometry":{"type":"Polygon","coordinates":[[[-38.18,-6.598],[-38.163,-6.622],[-38.145,-6.605],[-38.127,-6.597],[-38.119,-6.595],[-38.118,-6.598],[-38.107,-6.604],[-38.103,-6.63],[-38.099,-6.631],[-38.102,-6.645],[-38.093,-6.666],[-38.094,-6.669],[-38.092,-6.689],[-38.101,-6.723],[-38.14,-6.753],[-38.136,-6.788],[-38.13,-6.818],[-38.119,-6.853],[-38.131,-6.86],[-38.133,-6.871],[-38.137,-6.872],[-38.151,-6.895],[-38.164,-6.876],[-38.167,-6.872],[-38.196,-6.869],[-38.271,-6.887],[-38.257,-6.904],[-38.276,-6.91],[-38.281,-6.906],[-38.291,-6.909],[-38.313,-6.897],[-38.324,-6.875],[-38.317,-6.842],[-38.318,-6.828],[-38.309,-6.809],[-38.307,-6.804],[-38.29,-6.767],[-38.353,-6.772],[-38.372,-6.772],[-38.36,-6.762],[-38.356,-6.757],[-38.355,-6.694],[-38.355,-6.681],[-38.351,-6.659],[-38.346,-6.637],[-38.341,-6.629],[-38.353,-6.62],[-38.353,-6.614],[-38.338,-6.617],[-38.314,-6.613],[-38.303,-6.627],[-38.292,-6.63],[-38.283,-6.646],[-38.271,-6.628],[-38.264,-6.62],[-38.263,-6.613],[-38.256,-6.608],[-38.246,-6.597],[-38.185,-6.598],[-38.18,-6.598]]]}},{"type":"Feature","properties":{"id":"2516300","nome":"Sum\u00e9"},"geometry":{"type":"Polygon","coordinates":[[[-36.96,-7.485],[-36.95,-7.501],[-36.937,-7.505],[-36.924,-7.503],[-36.916,-7.507],[-36.901,-7.501],[-36.901,-7.498],[-36.884,-7.493],[-36.854,-7.5],[-36.876,-7.516],[-36.901,-7.534],[-36.887,-7.534],[-36.874,-7.535],[-36.829,-7.537],[-36.829,-7.539],[-36.839,-7.559],[-36.824,-7.58],[-36.839,-7.593],[-36.823,-7.608],[-36.815,-7.619],[-36.81,-7.646],[-36.783,-7.648],[-36.783,-7.656],[-36.795,-7.662],[-36.796,-7.665],[-36.797,-7.673],[-36.787,-7.69],[-36.764,-7.728],[-36.726,-7.775],[-36.734,-7.788],[-36.742,-7.793],[-36.746,-7.802],[-36.75,-7.802],[-36.752,-7.8],[-36.759,-7.803],[-36.76,-7.818],[-36.769,-7.817],[-36.773,-7.819],[-36.794,-7.83],[-36.803,-7.828],[-36.815,-7.831],[-36.834,-7.842],[-36.829,-7.812],[-36.961,-7.831],[-36.976,-7.808],[-36.999,-7.772],[-37.013,-7.751],[-37.025,-7.717],[-37.022,-7.717],[-37.024,-7.658],[-37.025,-7.634],[-37.035,-7.635],[-37.046,-7.624],[-37.053,-7.625],[-37.071,-7.612],[-37.076,-7.612],[-37.086,-7.596],[-37.076,-7.599],[-37.069,-7.609],[-37.06,-7.611],[-37.045,-7.609],[-36.988,-7.63],[-36.982,-7.62],[-36.999,-7.606],[-36.998,-7.585],[-37.002,-7.579],[-36.999,-7.575],[-37.002,-7.568],[-37.0,-7.564],[-36.978,-7.543],[-37.012,-7.504],[-37.023,-7.502],[-37.025,-7.496],[-37.01,-7.489],[-37.003,-7.496],[-36.984,-7.482],[-36.96,-7.485]]]}},{"type":"Feature","properties":{"id":"2516409","nome":"Campo de Santana"},"geometry":{"type":"Polygon","coordinates":[[[-35.62,-6.457],[-35.617,-6.462],[-35.6,-6.46],[-35.592,-6.471],[-35.591,-6.477],[-35.581,-6.485],[-35.564,-6.487],[-35.564,-6.491],[-35.558,-6.492],[-35.552,-6.49],[-35.546,-6.481],[-35.54,-6.483],[-35.538,-6.48],[-35.533,-6.483],[-35.527,-6.479],[-35.526,-6.476],[-35.514,-6.478],[-35.501,-6.477],[-35.495,-6.483],[-35.492,-6.48],[-35.479,-6.486],[-35.464,-6.482],[-35.46,-6.476],[-35.446,-6.486],[-35.442,-6.479],[-35.441,-6.482],[-35.442,-6.486],[-35.44,-6.5],[-35.427,-6.509],[-35.43,-6.529],[-35.435,-6.532],[-35.432,-6.536],[-35.435,-6.56],[-35.449,-6.571],[-35.443,-6.576],[-35.448,-6.603],[-35.454,-6.612],[-35.465,-6.611],[-35.467,-6.611],[-35.47,-6.611],[-35.473,-6.616],[-35.481,-6.616],[-35.49,-6.623],[-35.494,-6.635],[-35.503,-6.632],[-35.503,-6.645],[-35.508,-6.648],[-35.526,-6.644],[-35.525,-6.608],[-35.529,-6.605],[-35.536,-6.602],[-35.551,-6.576],[-35.556,-6.572],[-35.565,-6.57],[-35.567,-6.566],[-35.568,-6.559],[-35.558,-6.546],[-35.57,-6.533],[-35.575,-6.527],[-35.629,-6.5],[-35.653,-6.491],[-35.636,-6.454],[-35.62,-6.457]]]}},{"type":"Feature","properties":{"id":"2516508","nome":"Tapero\u00e1"},"geometry":{"type":"Polygon","coordinates":[[[-36.778,-7.112],[-36.752,-7.121],[-36.728,-7.114],[-36.729,-7.124],[-36.712,-7.141],[-36.698,-7.135],[-36.694,-7.126],[-36.675,-7.124],[-36.661,-7.127],[-36.662,-7.13],[-36.659,-7.146],[-36.661,-7.174],[-36.659,-7.182],[-36.656,-7.186],[-36.659,-7.193],[-36.674,-7.209],[-36.669,-7.209],[-36.669,-7.214],[-36.68,-7.237],[-36.683,-7.241],[-36.716,-7.281],[-36.707,-7.291],[-36.701,-7.318],[-36.714,-7.318],[-36.715,-7.314],[-36.719,-7.316],[-36.737,-7.314],[-36.749,-7.305],[-36.757,-7.305],[-36.774,-7.301],[-36.787,-7.311],[-36.798,-7.31],[-36.797,-7.321],[-36.801,-7.33],[-36.836,-7.326],[-36.87,-7.315],[-36.873,-7.314],[-36.955,-7.288],[-36.959,-7.286],[-36.98,-7.28],[-37.015,-7.25],[-37.029,-7.205],[-37.034,-7.19],[-37.019,-7.19],[-37.002,-7.175],[-36.992,-7.18],[-36.976,-7.16],[-36.964,-7.15],[-36.954,-7.149],[-36.944,-7.151],[-36.931,-7.15],[-36.931,-7.153],[-36.919,-7.155],[-36.905,-7.152],[-36.894,-7.16],[-36.88,-7.159],[-36.858,-7.149],[-36.85,-7.15],[-36.844,-7.146],[-36.833,-7.145],[-36.81,-7.15],[-36.778,-7.112]]]}},{"type":"Feature","properties":{"id":"2516607","nome":"Tavares"},"geometry":{"type":"Polygon","coordinates":[[[-37.898,-7.536],[-37.895,-7.538],[-37.9,-7.549],[-37.897,-7.561],[-37.864,-7.561],[-37.861,-7.566],[-37.864,-7.581],[-37.847,-7.579],[-37.845,-7.586],[-37.841,-7.585],[-37.835,-7.588],[-37.817,-7.597],[-37.812,-7.606],[-37.802,-7.61],[-37.797,-7.61],[-37.797,-7.615],[-37.78,-7.615],[-37.774,-7.626],[-37.758,-7.634],[-37.764,-7.631],[-37.767,-7.657],[-37.767,-7.656],[-37.768,-7.656],[-37.768,-7.655],[-37.767,-7.655],[-37.768,-7.648],[-37.772,-7.648],[-37.776,-7.646],[-37.776,-7.634],[-37.781,-7.627],[-37.79,-7.626],[-37.808,-7.644],[-37.844,-7.647],[-37.857,-7.652],[-37.869,-7.667],[-37.88,-7.683],[-37.897,-7.69],[-37.903,-7.698],[-37.905,-7.697],[-37.911,-7.694],[-37.916,-7.683],[-37.923,-7.679],[-37.934,-7.672],[-37.937,-7.663],[-37.945,-7.658],[-37.943,-7.651],[-37.947,-7.646],[-37.956,-7.638],[-37.956,-7.628],[-37.953,-7.623],[-37.955,-7.62],[-37.954,-7.618],[-37.956,-7.584],[-37.933,-7.571],[-37.929,-7.561],[-37.94,-7.556],[-37.954,-7.558],[-37.958,-7.552],[-37.969,-7.554],[-37.976,-7.547],[-37.983,-7.546],[-37.985,-7.54],[-37.984,-7.537],[-37.982,-7.539],[-37.974,-7.538],[-37.974,-7.532],[-37.98,-7.525],[-37.954,-7.501],[-37.945,-7.494],[-37.939,-7.493],[-37.921,-7.475],[-37.901,-7.529],[-37.898,-7.536]]]}},{"type":"Feature","properties":{"id":"2516706","nome":"Teixeira"},"geometry":{"type":"Polygon","coordinates":[[[-37.147,-7.263],[-37.15,-7.273],[-37.177,-7.309],[-37.196,-7.294],[-37.214,-7.291],[-37.233,-7.275],[-37.233,-7.274],[-37.26,-7.274],[-37.277,-7.275],[-37.288,-7.288],[-37.307,-7.289],[-37.314,-7.289],[-37.315,-7.279],[-37.312,-7.271],[-37.306,-7.262],[-37.309,-7.253],[-37.304,-7.251],[-37.316,-7.241],[-37.323,-7.242],[-37.324,-7.234],[-37.334,-7.228],[-37.325,-7.225],[-37.322,-7.214],[-37.335,-7.214],[-37.303,-7.191],[-37.277,-7.194],[-37.247,-7.197],[-37.21,-7.204],[-37.176,-7.23],[-37.172,-7.237],[-37.145,-7.246],[-37.147,-7.263]]]}},{"type":"Feature","properties":{"id":"2516755","nome":"Ten\u00f3rio"},"geometry":{"type":"Polygon","coordinates":[[[-36.57,-6.934],[-36.575,-6.938],[-36.57,-6.973],[-36.575,-6.978],[-36.596,-6.979],[-36.599,-6.987],[-36.615,-6.99],[-36.622,-6.996],[-36.618,-7.001],[-36.63,-7.008],[-36.632,-7.014],[-36.635,-7.02],[-36.653,-7.009],[-36.661,-7.014],[-36.676,-7.015],[-36.686,-7.009],[-36.695,-7.001],[-36.701,-6.986],[-36.696,-6.976],[-36.686,-6.969],[-36.671,-6.972],[-36.667,-6.969],[-36.661,-6.961],[-36.66,-6.934],[-36.655,-6.928],[-36.637,-6.933],[-36.616,-6.934],[-36.609,-6.936],[-36.568,-6.874],[-36.558,-6.889],[-36.554,-6.9],[-36.556,-6.909],[-36.571,-6.92],[-36.57,-6.934]]]}},{"type":"Feature","properties":{"id":"2516805","nome":"Triunfo"},"geometry":{"type":"Polygon","coordinates":[[[-38.509,-6.502],[-38.503,-6.516],[-38.526,-6.522],[-38.533,-6.515],[-38.532,-6.522],[-38.536,-6.523],[-38.532,-6.549],[-38.541,-6.55],[-38.538,-6.574],[-38.543,-6.579],[-38.545,-6.59],[-38.536,-6.594],[-38.539,-6.598],[-38.532,-6.609],[-38.528,-6.619],[-38.526,-6.636],[-38.515,-6.636],[-38.516,-6.638],[-38.516,-6.645],[-38.509,-6.66],[-38.497,-6.662],[-38.508,-6.672],[-38.524,-6.674],[-38.519,-6.695],[-38.522,-6.704],[-38.535,-6.703],[-38.54,-6.7],[-38.546,-6.699],[-38.557,-6.706],[-38.571,-6.705],[-38.579,-6.704],[-38.585,-6.69],[-38.602,-6.67],[-38.609,-6.669],[-38.611,-6.659],[-38.621,-6.649],[-38.628,-6.647],[-38.649,-6.627],[-38.646,-6.616],[-38.629,-6.604],[-38.632,-6.59],[-38.643,-6.581],[-38.633,-6.569],[-38.632,-6.562],[-38.625,-6.558],[-38.626,-6.553],[-38.607,-6.529],[-38.602,-6.526],[-38.592,-6.519],[-38.571,-6.514],[-38.542,-6.512],[-38.536,-6.511],[-38.537,-6.492],[-38.513,-6.493],[-38.509,-6.502]]]}},{"type":"Feature","properties":{"id":"2516904","nome":"Uira\u00fana"},"geometry":{"type":"Polygon","coordinates":[[[-38.438,-6.409],[-38.426,-6.414],[-38.406,-6.41],[-38.403,-6.409],[-38.401,-6.409],[-38.391,-6.416],[-38.388,-6.419],[-38.383,-6.424],[-38.382,-6.432],[-38.375,-6.437],[-38.373,-6.455],[-38.363,-6.453],[-38.361,-6.462],[-38.355,-6.457],[-38.343,-6.456],[-38.339,-6.46],[-38.332,-6.458],[-38.328,-6.46],[-38.318,-6.473],[-38.316,-6.482],[-38.312,-6.488],[-38.309,-6.489],[-38.297,-6.487],[-38.294,-6.489],[-38.288,-6.505],[-38.283,-6.522],[-38.305,-6.527],[-38.299,-6.559],[-38.304,-6.572],[-38.318,-6.577],[-38.334,-6.578],[-38.342,-6.582],[-38.348,-6.581],[-38.349,-6.574],[-38.36,-6.568],[-38.385,-6.581],[-38.41,-6.6],[-38.412,-6.601],[-38.436,-6.574],[-38.458,-6.568],[-38.493,-6.572],[-38.495,-6.556],[-38.499,-6.527],[-38.467,-6.531],[-38.458,-6.526],[-38.452,-6.517],[-38.45,-6.502],[-38.453,-6.47],[-38.454,-6.434],[-38.458,-6.411],[-38.468,-6.411],[-38.47,-6.4],[-38.465,-6.396],[-38.452,-6.392],[-38.448,-6.394],[-38.448,-6.403],[-38.441,-6.404],[-38.438,-6.409]]]}},{"type":"Feature","properties":{"id":"2517001","nome":"Umbuzeiro"},"geometry":{"type":"Polygon","coordinates":[[[-35.624,-7.608],[-35.63,-7.623],[-35.639,-7.629],[-35.64,-7.637],[-35.65,-7.637],[-35.652,-7.644],[-35.619,-7.664],[-35.622,-7.67],[-35.627,-7.675],[-35.645,-7.692],[-35.655,-7.697],[-35.657,-7.697],[-35.659,-7.697],[-35.675,-7.7],[-35.681,-7.7],[-35.693,-7.699],[-35.695,-7.694],[-35.7,-7.691],[-35.708,-7.697],[-35.711,-7.705],[-35.721,-7.709],[-35.736,-7.709],[-35.743,-7.713],[-35.746,-7.72],[-35.746,-7.721],[-35.751,-7.723],[-35.765,-7.724],[-35.78,-7.738],[-35.79,-7.74],[-35.792,-7.74],[-35.797,-7.74],[-35.806,-7.746],[-35.816,-7.746],[-35.816,-7.741],[-35.825,-7.742],[-35.829,-7.738],[-35.828,-7.72],[-35.832,-7.713],[-35.828,-7.69],[-35.829,-7.681],[-35.837,-7.676],[-35.833,-7.666],[-35.836,-7.667],[-35.838,-7.664],[-35.835,-7.661],[-35.817,-7.663],[-35.813,-7.66],[-35.812,-7.646],[-35.808,-7.643],[-35.798,-7.655],[-35.778,-7.643],[-35.774,-7.635],[-35.763,-7.639],[-35.761,-7.648],[-35.75,-7.651],[-35.737,-7.646],[-35.711,-7.642],[-35.685,-7.641],[-35.677,-7.636],[-35.675,-7.627],[-35.67,-7.622],[-35.658,-7.619],[-35.652,-7.612],[-35.634,-7.612],[-35.624,-7.608]]]}},{"type":"Feature","properties":{"id":"2517100","nome":"V\u00e1rzea"},"geometry":{"type":"Polygon","coordinates":[[[-36.971,-6.74],[-36.972,-6.765],[-36.964,-6.774],[-36.952,-6.775],[-36.959,-6.783],[-36.966,-6.79],[-36.962,-6.8],[-36.964,-6.807],[-36.955,-6.818],[-37.01,-6.869],[-37.01,-6.874],[-37.022,-6.873],[-37.021,-6.86],[-37.033,-6.858],[-37.035,-6.846],[-37.044,-6.838],[-37.06,-6.843],[-37.067,-6.833],[-37.084,-6.813],[-37.08,-6.802],[-37.094,-6.807],[-37.107,-6.807],[-37.109,-6.8],[-37.138,-6.786],[-37.152,-6.798],[-37.129,-6.766],[-37.12,-6.767],[-37.075,-6.754],[-37.059,-6.749],[-37.035,-6.734],[-37.012,-6.716],[-37.01,-6.714],[-37.003,-6.709],[-36.99,-6.709],[-36.977,-6.721],[-36.971,-6.74]]]}},{"type":"Feature","properties":{"id":"2517209","nome":"Vieir\u00f3polis"},"geometry":{"type":"Polygon","coordinates":[[[-38.227,-6.484],[-38.197,-6.55],[-38.195,-6.554],[-38.212,-6.555],[-38.224,-6.58],[-38.246,-6.597],[-38.256,-6.608],[-38.263,-6.613],[-38.264,-6.62],[-38.271,-6.628],[-38.283,-6.646],[-38.292,-6.63],[-38.303,-6.627],[-38.314,-6.613],[-38.338,-6.617],[-38.353,-6.614],[-38.342,-6.603],[-38.342,-6.591],[-38.334,-6.578],[-38.318,-6.577],[-38.304,-6.572],[-38.299,-6.559],[-38.305,-6.527],[-38.283,-6.522],[-38.288,-6.505],[-38.269,-6.494],[-38.261,-6.485],[-38.256,-6.483],[-38.253,-6.485],[-38.239,-6.48],[-38.229,-6.483],[-38.227,-6.484]]]}},{"type":"Feature","properties":{"id":"2517407","nome":"Zabel\u00ea"},"geometry":{"type":"Polygon","coordinates":[[[-37.105,-8.048],[-37.093,-8.051],[-37.079,-8.046],[-37.068,-8.033],[-37.038,-8.044],[-37.03,-8.061],[-37.032,-8.069],[-37.028,-8.081],[-37.021,-8.094],[-37.026,-8.1],[-37.043,-8.103],[-37.049,-8.099],[-37.061,-8.1],[-37.069,-8.106],[-37.084,-8.11],[-37.093,-8.121],[-37.106,-8.127],[-37.118,-8.126],[-37.121,-8.128],[-37.133,-8.123],[-37.144,-8.125],[-37.142,-8.118],[-37.147,-8.1],[-37.143,-8.088],[-37.145,-8.082],[-37.157,-8.064],[-37.158,-8.051],[-37.148,-8.035],[-37.149,-8.023],[-37.13,-8.024],[-37.125,-8.039],[-37.112,-8.04],[-37.105,-8.048]]]}}]}