{"type":"FeatureCollection","features":[{"type":"Feature","properties":{"id":"2200053","nome":"Acau\u00e3"},"geometry":{"type":"Polygon","coordinates":[[[-40.96,-8.107],[-40.958,-8.111],[-40.952,-8.111],[-40.924,-8.139],[-40.901,-8.153],[-40.89,-8.149],[-40.878,-8.152],[-40.863,-8.148],[-40.855,-8.15],[-40.849,-8.165],[-40.852,-8.168],[-40.848,-8.173],[-40.842,-8.175],[-40.833,-8.172],[-40.834,-8.17],[-40.821,-8.174],[-40.817,-8.173],[-40.806,-8.185],[-40.799,-8.188],[-40.798,-8.213],[-40.79,-8.221],[-40.783,-8.235],[-40.764,-8.244],[-40.769,-8.249],[-40.782,-8.253],[-40.784,-8.261],[-40.778,-8.286],[-40.781,-8.293],[-40.78,-8.296],[-40.78,-8.302],[-40.786,-8.306],[-40.792,-8.32],[-40.819,-8.321],[-40.818,-8.33],[-40.822,-8.337],[-40.819,-8.362],[-40.825,-8.368],[-40.836,-8.38],[-40.858,-8.379],[-40.857,-8.375],[-40.861,-8.37],[-40.862,-8.365],[-40.87,-8.358],[-40.893,-8.357],[-40.897,-8.368],[-40.892,-8.371],[-40.889,-8.386],[-40.894,-8.392],[-40.907,-8.399],[-40.901,-8.408],[-40.902,-8.423],[-40.909,-8.427],[-40.914,-8.436],[-40.926,-8.446],[-40.938,-8.435],[-40.957,-8.423],[-40.958,-8.419],[-40.965,-8.416],[-40.965,-8.412],[-40.979,-8.398],[-41.0,-8.4],[-41.003,-8.405],[-41.007,-8.421],[-41.039,-8.431],[-41.048,-8.448],[-41.056,-8.447],[-41.084,-8.445],[-41.099,-8.437],[-41.103,-8.42],[-41.102,-8.409],[-41.109,-8.393],[-41.117,-8.387],[-41.129,-8.364],[-41.137,-8.357],[-41.099,-8.19],[-41.098,-8.187],[-41.01,-8.11],[-40.997,-8.112],[-40.966,-8.107],[-40.962,-8.11],[-40.96,-8.107]]]}},{"type":"Feature","properties":{"id":"2200103","nome":"Agricol\u00e2ndia"},"geometry":{"type":"Polygon","coordinates":[[[-42.671,-5.712],[-42.67,-5.717],[-42.68,-5.719],[-42.686,-5.714],[-42.686,-5.72],[-42.693,-5.719],[-42.689,-5.725],[-42.698,-5.728],[-42.69,-5.729],[-42.687,-5.736],[-42.678,-5.742],[-42.67,-5.733],[-42.658,-5.73],[-42.652,-5.734],[-42.651,-5.729],[-42.644,-5.735],[-42.64,-5.727],[-42.633,-5.728],[-42.634,-5.743],[-42.64,-5.746],[-42.633,-5.751],[-42.622,-5.748],[-42.624,-5.752],[-42.616,-5.758],[-42.625,-5.775],[-42.634,-5.784],[-42.643,-5.786],[-42.656,-5.832],[-42.71,-5.819],[-42.72,-5.817],[-42.721,-5.79],[-42.724,-5.746],[-42.737,-5.737],[-42.743,-5.721],[-42.744,-5.717],[-42.73,-5.72],[-42.74,-5.712],[-42.734,-5.713],[-42.73,-5.709],[-42.727,-5.711],[-42.724,-5.707],[-42.719,-5.708],[-42.723,-5.731],[-42.719,-5.736],[-42.713,-5.711],[-42.706,-5.723],[-42.706,-5.708],[-42.699,-5.715],[-42.695,-5.706],[-42.672,-5.704],[-42.668,-5.706],[-42.671,-5.712]]]}},{"type":"Feature","properties":{"id":"2200202","nome":"\u00c1gua Branca"},"geometry":{"type":"Polygon","coordinates":[[[-42.662,-5.952],[-42.686,-5.958],[-42.678,-5.907],[-42.676,-5.896],[-42.661,-5.894],[-42.659,-5.864],[-42.626,-5.861],[-42.615,-5.852],[-42.601,-5.853],[-42.613,-5.887],[-42.604,-5.89],[-42.601,-5.892],[-42.585,-5.903],[-42.584,-5.92],[-42.548,-5.933],[-42.547,-5.943],[-42.58,-5.947],[-42.635,-5.95],[-42.662,-5.952]]]}},{"type":"Feature","properties":{"id":"2200251","nome":"Alagoinha do Piau\u00ed"},"geometry":{"type":"Polygon","coordinates":[[[-40.884,-6.79],[-40.882,-6.792],[-40.873,-6.791],[-40.847,-6.784],[-40.839,-6.796],[-40.837,-6.835],[-40.837,-6.837],[-40.836,-6.847],[-40.834,-6.874],[-40.828,-6.928],[-40.839,-6.956],[-40.85,-6.985],[-40.861,-7.008],[-40.875,-7.036],[-40.9,-7.062],[-40.92,-7.084],[-40.934,-7.083],[-40.96,-7.107],[-40.977,-7.121],[-40.996,-7.136],[-40.997,-7.137],[-40.997,-7.135],[-41.001,-7.088],[-40.993,-7.038],[-40.992,-7.025],[-40.99,-7.014],[-40.989,-7.011],[-40.984,-6.965],[-40.984,-6.961],[-40.982,-6.897],[-40.983,-6.813],[-40.981,-6.772],[-40.917,-6.767],[-40.896,-6.77],[-40.884,-6.79]]]}},{"type":"Feature","properties":{"id":"2200277","nome":"Alegrete do Piau\u00ed"},"geometry":{"type":"Polygon","coordinates":[[[-40.789,-7.116],[-40.78,-7.134],[-40.71,-7.135],[-40.699,-7.156],[-40.679,-7.193],[-40.671,-7.209],[-40.738,-7.249],[-40.759,-7.256],[-40.838,-7.272],[-40.86,-7.274],[-40.867,-7.263],[-40.868,-7.263],[-40.883,-7.241],[-40.876,-7.226],[-40.861,-7.207],[-40.866,-7.192],[-40.863,-7.175],[-40.883,-7.161],[-40.879,-7.151],[-40.863,-7.143],[-40.859,-7.137],[-40.859,-7.13],[-40.844,-7.126],[-40.844,-7.135],[-40.829,-7.133],[-40.83,-7.121],[-40.822,-7.12],[-40.821,-7.12],[-40.789,-7.116]]]}},{"type":"Feature","properties":{"id":"2200301","nome":"Alto Long\u00e1"},"geometry":{"type":"Polygon","coordinates":[[[-42.191,-5.119],[-42.159,-5.128],[-42.14,-5.124],[-42.132,-5.134],[-42.12,-5.138],[-42.11,-5.134],[-42.079,-5.123],[-42.038,-5.159],[-42.023,-5.163],[-41.994,-5.167],[-42.0,-5.187],[-41.999,-5.2],[-42.008,-5.209],[-42.008,-5.222],[-42.02,-5.233],[-42.017,-5.237],[-42.009,-5.233],[-42.0,-5.24],[-42.001,-5.251],[-42.014,-5.263],[-42.015,-5.267],[-42.009,-5.273],[-41.997,-5.276],[-41.993,-5.287],[-42.0,-5.295],[-42.011,-5.299],[-42.012,-5.299],[-42.014,-5.301],[-42.023,-5.299],[-42.032,-5.308],[-42.028,-5.314],[-42.033,-5.326],[-42.031,-5.334],[-42.035,-5.338],[-42.028,-5.343],[-42.027,-5.349],[-42.021,-5.349],[-42.021,-5.346],[-42.015,-5.345],[-42.012,-5.349],[-42.004,-5.346],[-42.005,-5.356],[-42.001,-5.357],[-41.999,-5.362],[-42.002,-5.366],[-41.996,-5.371],[-41.996,-5.378],[-41.992,-5.381],[-41.991,-5.387],[-41.983,-5.388],[-41.979,-5.396],[-41.972,-5.391],[-41.96,-5.39],[-41.959,-5.397],[-41.953,-5.394],[-41.944,-5.407],[-41.943,-5.41],[-41.948,-5.428],[-41.957,-5.443],[-41.955,-5.456],[-41.969,-5.463],[-41.976,-5.478],[-41.992,-5.494],[-41.999,-5.507],[-41.999,-5.522],[-42.013,-5.535],[-42.028,-5.552],[-42.032,-5.556],[-42.058,-5.561],[-42.092,-5.581],[-42.096,-5.589],[-42.105,-5.591],[-42.118,-5.599],[-42.131,-5.603],[-42.138,-5.616],[-42.141,-5.642],[-42.155,-5.651],[-42.174,-5.648],[-42.201,-5.652],[-42.204,-5.657],[-42.207,-5.661],[-42.213,-5.665],[-42.228,-5.671],[-42.236,-5.64],[-42.256,-5.621],[-42.257,-5.616],[-42.262,-5.581],[-42.273,-5.563],[-42.266,-5.555],[-42.298,-5.482],[-42.301,-5.458],[-42.317,-5.441],[-42.327,-5.414],[-42.334,-5.395],[-42.346,-5.39],[-42.355,-5.382],[-42.349,-5.361],[-42.357,-5.352],[-42.361,-5.33],[-42.368,-5.32],[-42.347,-5.309],[-42.343,-5.311],[-42.33,-5.301],[-42.327,-5.298],[-42.317,-5.282],[-42.321,-5.269],[-42.312,-5.251],[-42.312,-5.235],[-42.28,-5.235],[-42.27,-5.217],[-42.254,-5.19],[-42.228,-5.164],[-42.198,-5.146],[-42.197,-5.14],[-42.193,-5.128],[-42.191,-5.119]]]}},{"type":"Feature","properties":{"id":"2200400","nome":"Altos"},"geometry":{"type":"Polygon","coordinates":[[[-42.379,-5.152],[-42.393,-5.17],[-42.399,-5.17],[-42.413,-5.181],[-42.421,-5.183],[-42.419,-5.189],[-42.43,-5.195],[-42.443,-5.212],[-42.445,-5.214],[-42.45,-5.207],[-42.458,-5.205],[-42.465,-5.202],[-42.469,-5.19],[-42.475,-5.184],[-42.478,-5.168],[-42.578,-5.169],[-42.586,-5.181],[-42.595,-5.184],[-42.599,-5.194],[-42.6,-5.121],[-42.601,-5.066],[-42.601,-5.062],[-42.601,-5.005],[-42.601,-5.002],[-42.601,-4.904],[-42.571,-4.894],[-42.495,-4.87],[-42.483,-4.867],[-42.42,-4.847],[-42.37,-4.832],[-42.354,-4.861],[-42.313,-4.938],[-42.353,-5.043],[-42.39,-5.139],[-42.39,-5.14],[-42.379,-5.152]]]}},{"type":"Feature","properties":{"id":"2200459","nome":"Alvorada do Gurgu\u00e9ia"},"geometry":{"type":"Polygon","coordinates":[[[-43.63,-8.263],[-43.66,-8.451],[-43.677,-8.563],[-43.683,-8.599],[-43.702,-8.6],[-43.719,-8.594],[-43.729,-8.598],[-43.745,-8.592],[-43.747,-8.591],[-43.768,-8.584],[-44.024,-8.603],[-44.028,-8.61],[-44.208,-8.627],[-44.205,-8.553],[-44.325,-8.499],[-44.408,-8.461],[-44.4,-8.431],[-44.383,-8.366],[-44.106,-8.369],[-44.059,-8.381],[-44.013,-8.403],[-43.919,-8.387],[-43.879,-8.313],[-43.826,-8.315],[-43.83,-8.308],[-43.824,-8.302],[-43.829,-8.294],[-43.826,-8.29],[-43.828,-8.288],[-43.82,-8.285],[-43.823,-8.281],[-43.817,-8.284],[-43.817,-8.28],[-43.814,-8.284],[-43.812,-8.278],[-43.822,-8.263],[-43.822,-8.253],[-43.647,-8.252],[-43.63,-8.263]]]}},{"type":"Feature","properties":{"id":"2200509","nome":"Amarante"},"geometry":{"type":"Polygon","coordinates":[[[-42.799,-6.153],[-42.788,-6.202],[-42.769,-6.186],[-42.739,-6.178],[-42.726,-6.175],[-42.719,-6.199],[-42.719,-6.215],[-42.716,-6.246],[-42.714,-6.263],[-42.669,-6.29],[-42.657,-6.321],[-42.631,-6.391],[-42.603,-6.463],[-42.593,-6.49],[-42.653,-6.504],[-42.706,-6.511],[-42.707,-6.511],[-42.791,-6.521],[-42.794,-6.535],[-42.814,-6.606],[-42.841,-6.705],[-42.857,-6.662],[-42.876,-6.656],[-42.892,-6.655],[-42.895,-6.657],[-42.915,-6.646],[-42.917,-6.637],[-42.904,-6.597],[-42.891,-6.582],[-42.884,-6.568],[-42.884,-6.56],[-42.889,-6.538],[-42.871,-6.512],[-42.885,-6.509],[-42.886,-6.505],[-42.883,-6.494],[-42.869,-6.487],[-42.866,-6.482],[-42.871,-6.466],[-42.869,-6.45],[-42.877,-6.428],[-42.877,-6.417],[-42.857,-6.39],[-42.856,-6.37],[-42.852,-6.359],[-42.831,-6.342],[-42.829,-6.337],[-42.837,-6.325],[-42.854,-6.333],[-42.86,-6.33],[-42.85,-6.307],[-42.847,-6.282],[-42.855,-6.267],[-42.855,-6.253],[-42.862,-6.239],[-42.868,-6.233],[-42.877,-6.225],[-42.893,-6.226],[-42.916,-6.213],[-42.934,-6.193],[-42.951,-6.187],[-42.968,-6.178],[-42.975,-6.167],[-42.979,-6.138],[-42.908,-6.124],[-42.793,-6.1],[-42.799,-6.133],[-42.799,-6.153]]]}},{"type":"Feature","properties":{"id":"2200608","nome":"Angical do Piau\u00ed"},"geometry":{"type":"Polygon","coordinates":[[[-42.777,-5.975],[-42.784,-6.015],[-42.734,-6.011],[-42.739,-6.027],[-42.736,-6.035],[-42.735,-6.041],[-42.728,-6.054],[-42.704,-6.08],[-42.701,-6.101],[-42.688,-6.111],[-42.687,-6.129],[-42.682,-6.138],[-42.69,-6.164],[-42.684,-6.178],[-42.676,-6.189],[-42.677,-6.194],[-42.688,-6.199],[-42.689,-6.205],[-42.682,-6.214],[-42.702,-6.214],[-42.719,-6.215],[-42.719,-6.199],[-42.726,-6.175],[-42.739,-6.178],[-42.769,-6.186],[-42.788,-6.202],[-42.799,-6.153],[-42.799,-6.133],[-42.793,-6.1],[-42.792,-6.072],[-42.82,-5.991],[-42.811,-5.994],[-42.78,-5.963],[-42.777,-5.975]]]}},{"type":"Feature","properties":{"id":"2200707","nome":"An\u00edsio de Abreu"},"geometry":{"type":"Polygon","coordinates":[[[-43.017,-9.088],[-43.007,-9.1],[-43.006,-9.101],[-42.982,-9.129],[-42.994,-9.136],[-42.988,-9.142],[-42.975,-9.157],[-42.966,-9.182],[-42.973,-9.185],[-42.978,-9.2],[-42.988,-9.208],[-42.986,-9.265],[-42.965,-9.308],[-42.984,-9.307],[-42.997,-9.318],[-43.022,-9.318],[-43.037,-9.33],[-43.053,-9.334],[-43.057,-9.341],[-43.058,-9.348],[-43.053,-9.354],[-43.062,-9.383],[-43.059,-9.397],[-43.066,-9.394],[-43.074,-9.399],[-43.087,-9.288],[-43.105,-9.247],[-43.107,-9.243],[-43.083,-9.199],[-43.084,-9.193],[-43.086,-9.166],[-43.098,-9.155],[-43.107,-9.146],[-43.111,-9.101],[-43.103,-9.096],[-43.091,-9.089],[-43.044,-9.089],[-43.047,-9.081],[-43.017,-9.088]]]}},{"type":"Feature","properties":{"id":"2200806","nome":"Ant\u00f4nio Almeida"},"geometry":{"type":"Polygon","coordinates":[[[-44.176,-7.117],[-44.167,-7.12],[-44.161,-7.116],[-44.151,-7.117],[-44.069,-7.199],[-44.09,-7.218],[-44.071,-7.268],[-44.184,-7.417],[-44.246,-7.295],[-44.243,-7.291],[-44.257,-7.273],[-44.266,-7.243],[-44.297,-7.263],[-44.351,-7.227],[-44.333,-7.208],[-44.327,-7.188],[-44.329,-7.179],[-44.324,-7.17],[-44.328,-7.161],[-44.322,-7.147],[-44.321,-7.129],[-44.315,-7.118],[-44.306,-7.117],[-44.285,-7.084],[-44.274,-7.071],[-44.279,-7.046],[-44.264,-7.047],[-44.256,-7.057],[-44.247,-7.059],[-44.232,-7.082],[-44.223,-7.086],[-44.2,-7.089],[-44.199,-7.092],[-44.184,-7.103],[-44.176,-7.117]]]}},{"type":"Feature","properties":{"id":"2200905","nome":"Aroazes"},"geometry":{"type":"Polygon","coordinates":[[[-41.799,-5.974],[-41.763,-6.029],[-41.757,-6.025],[-41.667,-5.972],[-41.678,-6.032],[-41.64,-6.073],[-41.703,-6.145],[-41.716,-6.16],[-41.735,-6.209],[-41.634,-6.271],[-41.642,-6.274],[-41.646,-6.27],[-41.65,-6.277],[-41.656,-6.277],[-41.659,-6.272],[-41.671,-6.275],[-41.684,-6.266],[-41.698,-6.269],[-41.704,-6.264],[-41.724,-6.27],[-41.731,-6.258],[-41.746,-6.258],[-41.75,-6.251],[-41.759,-6.255],[-41.779,-6.255],[-41.791,-6.251],[-41.798,-6.257],[-41.814,-6.242],[-41.82,-6.241],[-41.828,-6.233],[-41.845,-6.229],[-41.851,-6.221],[-41.867,-6.218],[-41.866,-6.212],[-41.874,-6.201],[-41.891,-6.202],[-41.901,-6.199],[-41.908,-6.188],[-41.921,-6.195],[-41.936,-6.184],[-41.944,-6.187],[-41.948,-6.185],[-41.949,-6.181],[-41.956,-6.179],[-41.968,-6.183],[-41.977,-6.176],[-41.981,-6.18],[-41.982,-6.188],[-42.007,-6.192],[-42.013,-6.201],[-42.018,-6.199],[-42.022,-6.207],[-42.035,-6.203],[-42.036,-6.189],[-42.049,-6.183],[-42.044,-6.182],[-42.048,-6.173],[-42.042,-6.156],[-42.049,-6.149],[-42.045,-6.139],[-42.056,-6.117],[-42.055,-6.113],[-42.036,-6.112],[-42.06,-6.052],[-41.971,-6.087],[-41.967,-6.085],[-41.929,-6.071],[-41.903,-6.062],[-41.882,-6.059],[-41.85,-6.026],[-41.824,-5.991],[-41.799,-5.974]]]}},{"type":"Feature","properties":{"id":"2200954","nome":"Aroeiras do Itaim"},"geometry":{"type":"Polygon","coordinates":[[[-41.506,-7.161],[-41.477,-7.187],[-41.462,-7.187],[-41.455,-7.209],[-41.443,-7.219],[-41.431,-7.25],[-41.422,-7.272],[-41.429,-7.275],[-41.454,-7.299],[-41.478,-7.318],[-41.55,-7.293],[-41.551,-7.292],[-41.565,-7.288],[-41.594,-7.291],[-41.654,-7.298],[-41.617,-7.242],[-41.616,-7.241],[-41.605,-7.225],[-41.569,-7.19],[-41.559,-7.179],[-41.559,-7.18],[-41.548,-7.168],[-41.506,-7.161]]]}},{"type":"Feature","properties":{"id":"2201002","nome":"Arraial"},"geometry":{"type":"Polygon","coordinates":[[[-42.476,-6.518],[-42.354,-6.518],[-42.349,-6.507],[-42.309,-6.507],[-42.309,-6.514],[-42.356,-6.528],[-42.375,-6.676],[-42.383,-6.671],[-42.389,-6.671],[-42.394,-6.665],[-42.408,-6.662],[-42.418,-6.671],[-42.428,-6.661],[-42.435,-6.668],[-42.455,-6.667],[-42.459,-6.669],[-42.466,-6.663],[-42.478,-6.667],[-42.479,-6.677],[-42.471,-6.679],[-42.489,-6.708],[-42.506,-6.713],[-42.513,-6.72],[-42.516,-6.72],[-42.519,-6.713],[-42.531,-6.706],[-42.547,-6.72],[-42.558,-6.722],[-42.548,-6.739],[-42.563,-6.755],[-42.566,-6.765],[-42.563,-6.77],[-42.57,-6.788],[-42.573,-6.79],[-42.58,-6.787],[-42.579,-6.791],[-42.598,-6.799],[-42.606,-6.808],[-42.623,-6.798],[-42.647,-6.761],[-42.628,-6.709],[-42.622,-6.691],[-42.612,-6.664],[-42.631,-6.625],[-42.638,-6.611],[-42.644,-6.609],[-42.653,-6.504],[-42.593,-6.49],[-42.582,-6.519],[-42.509,-6.518],[-42.476,-6.518]]]}},{"type":"Feature","properties":{"id":"2201051","nome":"Assun\u00e7\u00e3o do Piau\u00ed"},"geometry":{"type":"Polygon","coordinates":[[[-41.193,-6.098],[-41.259,-6.11],[-41.259,-5.931],[-41.259,-5.875],[-41.253,-5.869],[-41.197,-5.814],[-41.194,-5.811],[-41.168,-5.786],[-41.167,-5.659],[-41.167,-5.641],[-40.961,-5.642],[-40.907,-5.642],[-40.911,-5.656],[-40.929,-5.663],[-40.938,-5.673],[-40.93,-5.686],[-40.925,-5.709],[-40.913,-5.726],[-40.917,-5.744],[-40.909,-5.765],[-40.905,-5.801],[-40.909,-5.825],[-40.905,-5.849],[-40.893,-5.883],[-40.893,-5.884],[-40.897,-5.901],[-40.888,-5.912],[-40.88,-5.917],[-40.873,-5.966],[-40.875,-5.977],[-40.887,-5.989],[-40.888,-5.995],[-40.888,-5.998],[-40.889,-6.004],[-40.904,-6.02],[-40.907,-6.044],[-40.906,-6.046],[-40.916,-6.048],[-40.989,-6.061],[-41.095,-6.08],[-41.193,-6.098]]]}},{"type":"Feature","properties":{"id":"2201101","nome":"Avelino Lopes"},"geometry":{"type":"Polygon","coordinates":[[[-43.975,-9.976],[-43.971,-9.98],[-43.97,-9.979],[-43.95,-9.978],[-43.941,-9.974],[-43.932,-9.977],[-43.903,-9.972],[-43.885,-9.973],[-43.874,-9.988],[-43.872,-9.998],[-43.863,-10.003],[-43.863,-10.026],[-43.856,-10.033],[-43.865,-10.044],[-43.865,-10.05],[-43.851,-10.044],[-43.827,-10.051],[-43.796,-10.052],[-43.791,-10.055],[-43.788,-10.068],[-43.775,-10.076],[-43.768,-10.085],[-43.773,-10.098],[-43.766,-10.12],[-43.767,-10.136],[-43.768,-10.143],[-43.774,-10.168],[-43.784,-10.191],[-43.809,-10.221],[-43.834,-10.246],[-43.838,-10.266],[-43.834,-10.277],[-43.838,-10.304],[-43.847,-10.316],[-43.871,-10.33],[-43.884,-10.344],[-43.895,-10.354],[-43.898,-10.367],[-43.914,-10.384],[-43.916,-10.426],[-43.928,-10.434],[-43.942,-10.435],[-43.944,-10.435],[-43.977,-10.431],[-43.998,-10.41],[-44.007,-10.405],[-44.023,-10.408],[-44.031,-10.402],[-44.038,-10.392],[-44.033,-10.378],[-44.03,-10.345],[-44.033,-10.308],[-44.037,-10.288],[-44.033,-10.276],[-44.043,-10.262],[-44.029,-10.251],[-44.021,-10.238],[-44.03,-10.226],[-44.033,-10.203],[-44.04,-10.195],[-44.049,-10.189],[-44.058,-10.176],[-44.073,-10.169],[-44.083,-10.169],[-44.116,-10.182],[-44.134,-10.18],[-44.126,-10.16],[-44.128,-10.139],[-44.126,-10.126],[-44.13,-10.11],[-44.136,-10.102],[-44.137,-10.097],[-44.133,-10.093],[-44.134,-10.083],[-44.137,-10.07],[-44.115,-10.024],[-44.103,-10.012],[-44.09,-10.007],[-44.084,-10.008],[-44.076,-10.017],[-44.028,-9.968],[-44.028,-9.962],[-44.022,-9.952],[-44.029,-9.939],[-44.023,-9.93],[-44.007,-9.932],[-43.987,-9.951],[-43.985,-9.959],[-43.975,-9.962],[-43.975,-9.976]]]}},{"type":"Feature","properties":{"id":"2201150","nome":"Baixa Grande do Ribeiro"},"geometry":{"type":"Polygon","coordinates":[[[-45.181,-7.804],[-45.163,-7.833],[-45.122,-7.83],[-44.94,-7.865],[-44.918,-7.87],[-44.853,-8.227],[-44.846,-8.263],[-44.842,-8.265],[-44.845,-8.272],[-44.841,-8.282],[-44.846,-8.299],[-44.843,-8.298],[-44.844,-8.309],[-44.832,-8.319],[-44.833,-8.324],[-44.823,-8.329],[-44.822,-8.336],[-44.819,-8.338],[-44.821,-8.339],[-44.818,-8.346],[-44.821,-8.353],[-44.815,-8.376],[-44.813,-8.38],[-44.818,-8.391],[-44.815,-8.393],[-44.816,-8.4],[-44.822,-8.404],[-44.829,-8.424],[-44.827,-8.426],[-44.827,-8.433],[-44.829,-8.431],[-44.83,-8.435],[-44.835,-8.437],[-44.833,-8.443],[-44.838,-8.456],[-44.84,-8.473],[-44.845,-8.48],[-44.844,-8.482],[-44.849,-8.483],[-44.848,-8.499],[-44.854,-8.508],[-44.86,-8.51],[-44.861,-8.515],[-44.866,-8.518],[-44.866,-8.523],[-44.874,-8.528],[-44.877,-8.536],[-44.874,-8.564],[-44.879,-8.577],[-44.877,-8.593],[-44.884,-8.605],[-44.889,-8.655],[-44.884,-8.661],[-44.886,-8.743],[-44.894,-8.759],[-44.895,-8.769],[-44.899,-8.772],[-44.897,-8.782],[-44.904,-8.787],[-44.906,-8.808],[-44.913,-8.817],[-44.912,-8.823],[-44.923,-8.844],[-44.939,-8.855],[-44.947,-8.871],[-44.956,-8.868],[-44.961,-8.875],[-44.958,-8.882],[-44.963,-8.885],[-44.972,-8.908],[-44.99,-8.93],[-45.016,-8.953],[-45.031,-8.96],[-45.041,-8.959],[-45.056,-8.969],[-45.061,-8.974],[-45.061,-8.98],[-45.084,-8.996],[-45.122,-9.031],[-45.129,-9.033],[-45.142,-9.047],[-45.141,-9.05],[-45.149,-9.052],[-45.162,-9.066],[-45.165,-9.075],[-45.171,-9.08],[-45.174,-9.08],[-45.176,-9.085],[-45.182,-9.086],[-45.185,-9.096],[-45.188,-9.106],[-45.193,-9.107],[-45.192,-9.115],[-45.197,-9.122],[-45.209,-9.137],[-45.24,-9.162],[-45.245,-9.176],[-45.259,-9.197],[-45.312,-9.242],[-45.511,-9.172],[-45.519,-9.157],[-45.531,-9.147],[-45.534,-9.14],[-45.53,-9.126],[-45.532,-9.118],[-45.526,-9.11],[-45.528,-9.105],[-45.542,-9.085],[-45.553,-9.077],[-45.56,-9.065],[-45.562,-9.051],[-45.556,-9.038],[-45.542,-9.038],[-45.537,-9.03],[-45.515,-9.012],[-45.516,-9.008],[-45.506,-8.997],[-45.503,-8.975],[-45.495,-8.966],[-45.484,-8.965],[-45.485,-8.96],[-45.481,-8.959],[-45.473,-8.938],[-45.466,-8.931],[-45.447,-8.91],[-45.437,-8.899],[-45.428,-8.896],[-45.424,-8.882],[-45.401,-8.87],[-45.397,-8.862],[-45.399,-8.854],[-45.394,-8.851],[-45.392,-8.811],[-45.395,-8.81],[-45.394,-8.806],[-45.398,-8.798],[-45.392,-8.789],[-45.398,-8.78],[-45.393,-8.768],[-45.395,-8.758],[-45.392,-8.751],[-45.397,-8.738],[-45.394,-8.738],[-45.396,-8.73],[-45.391,-8.722],[-45.394,-8.714],[-45.389,-8.707],[-45.39,-8.7],[-45.381,-8.683],[-45.387,-8.661],[-45.385,-8.657],[-45.405,-8.633],[-45.33,-8.344],[-45.426,-8.35],[-45.447,-8.278],[-45.387,-8.07],[-45.384,-8.06],[-45.354,-8.076],[-45.311,-8.055],[-45.261,-8.006],[-45.257,-7.997],[-45.239,-7.99],[-45.233,-7.983],[-45.234,-7.967],[-45.231,-7.954],[-45.305,-7.911],[-45.246,-7.801],[-45.2,-7.788],[-45.196,-7.791],[-45.181,-7.804]]]}},{"type":"Feature","properties":{"id":"2201176","nome":"Barra D'Alc\u00e2ntara"},"geometry":{"type":"Polygon","coordinates":[[[-42.09,-6.467],[-42.086,-6.469],[-42.079,-6.464],[-42.067,-6.445],[-42.048,-6.441],[-42.013,-6.443],[-42.013,-6.474],[-42.023,-6.483],[-42.027,-6.482],[-42.05,-6.494],[-42.048,-6.509],[-42.037,-6.511],[-42.061,-6.526],[-42.061,-6.527],[-42.056,-6.567],[-42.057,-6.602],[-42.078,-6.608],[-42.081,-6.61],[-42.082,-6.629],[-42.087,-6.636],[-42.113,-6.633],[-42.122,-6.644],[-42.145,-6.642],[-42.151,-6.635],[-42.158,-6.635],[-42.154,-6.615],[-42.158,-6.602],[-42.16,-6.564],[-42.164,-6.557],[-42.145,-6.55],[-42.155,-6.529],[-42.165,-6.524],[-42.186,-6.488],[-42.187,-6.474],[-42.192,-6.466],[-42.19,-6.461],[-42.174,-6.449],[-42.151,-6.468],[-42.137,-6.473],[-42.128,-6.457],[-42.13,-6.433],[-42.127,-6.431],[-42.101,-6.434],[-42.098,-6.445],[-42.093,-6.449],[-42.093,-6.455],[-42.093,-6.457],[-42.09,-6.467]]]}},{"type":"Feature","properties":{"id":"2201200","nome":"Barras"},"geometry":{"type":"Polygon","coordinates":[[[-42.245,-3.928],[-42.23,-3.97],[-42.227,-3.975],[-42.222,-3.976],[-42.226,-3.981],[-42.235,-3.978],[-42.237,-3.984],[-42.235,-3.997],[-42.263,-4.011],[-42.266,-4.024],[-42.261,-4.03],[-42.258,-4.048],[-42.265,-4.054],[-42.256,-4.064],[-42.254,-4.079],[-42.264,-4.088],[-42.258,-4.106],[-42.259,-4.122],[-42.252,-4.129],[-42.254,-4.14],[-42.261,-4.15],[-42.261,-4.155],[-42.266,-4.164],[-42.26,-4.169],[-42.247,-4.162],[-42.241,-4.168],[-42.234,-4.196],[-42.239,-4.204],[-42.237,-4.214],[-42.236,-4.226],[-42.232,-4.228],[-42.214,-4.219],[-42.209,-4.229],[-42.207,-4.224],[-42.198,-4.222],[-42.195,-4.218],[-42.186,-4.217],[-42.183,-4.22],[-42.176,-4.22],[-42.173,-4.217],[-42.135,-4.218],[-42.131,-4.215],[-42.116,-4.208],[-42.113,-4.214],[-42.1,-4.206],[-42.077,-4.206],[-42.062,-4.194],[-42.056,-4.192],[-42.051,-4.185],[-42.052,-4.18],[-42.015,-4.2],[-41.997,-4.207],[-41.996,-4.239],[-41.996,-4.245],[-41.999,-4.261],[-42.0,-4.272],[-42.01,-4.267],[-42.03,-4.266],[-42.052,-4.273],[-42.077,-4.272],[-42.1,-4.27],[-42.122,-4.265],[-42.125,-4.273],[-42.154,-4.274],[-42.16,-4.271],[-42.178,-4.269],[-42.196,-4.271],[-42.186,-4.28],[-42.186,-4.289],[-42.193,-4.301],[-42.183,-4.308],[-42.179,-4.328],[-42.182,-4.348],[-42.174,-4.371],[-42.183,-4.382],[-42.193,-4.377],[-42.195,-4.381],[-42.198,-4.38],[-42.265,-4.368],[-42.266,-4.367],[-42.307,-4.36],[-42.308,-4.36],[-42.338,-4.354],[-42.343,-4.353],[-42.417,-4.34],[-42.419,-4.343],[-42.429,-4.34],[-42.447,-4.334],[-42.482,-4.344],[-42.535,-4.344],[-42.548,-4.345],[-42.548,-4.344],[-42.578,-4.296],[-42.594,-4.271],[-42.618,-4.231],[-42.641,-4.148],[-42.646,-4.131],[-42.625,-4.13],[-42.621,-4.127],[-42.612,-4.132],[-42.589,-4.131],[-42.573,-4.12],[-42.57,-4.117],[-42.567,-4.114],[-42.556,-4.105],[-42.55,-4.106],[-42.535,-4.101],[-42.523,-4.072],[-42.524,-4.065],[-42.507,-4.057],[-42.509,-4.051],[-42.514,-4.043],[-42.511,-4.041],[-42.453,-3.991],[-42.439,-3.968],[-42.388,-3.986],[-42.38,-3.985],[-42.367,-3.983],[-42.361,-3.974],[-42.331,-3.986],[-42.326,-3.994],[-42.309,-3.998],[-42.291,-3.977],[-42.276,-3.978],[-42.272,-3.961],[-42.274,-3.956],[-42.27,-3.953],[-42.269,-3.945],[-42.265,-3.939],[-42.254,-3.939],[-42.252,-3.936],[-42.245,-3.935],[-42.245,-3.928]]]}},{"type":"Feature","properties":{"id":"2201309","nome":"Barreiras do Piau\u00ed"},"geometry":{"type":"Polygon","coordinates":[[[-45.734,-9.752],[-45.665,-9.802],[-45.557,-9.739],[-45.557,-9.743],[-45.55,-9.749],[-45.537,-9.752],[-45.536,-9.758],[-45.548,-9.764],[-45.54,-9.778],[-45.543,-9.783],[-45.539,-9.787],[-45.532,-9.783],[-45.529,-9.796],[-45.523,-9.801],[-45.529,-9.806],[-45.525,-9.812],[-45.519,-9.809],[-45.509,-9.82],[-45.513,-9.827],[-45.507,-9.828],[-45.504,-9.819],[-45.491,-9.828],[-45.494,-9.833],[-45.493,-9.838],[-45.487,-9.838],[-45.482,-9.83],[-45.475,-9.835],[-45.478,-9.836],[-45.475,-9.84],[-45.47,-9.84],[-45.468,-9.844],[-45.468,-9.853],[-45.457,-9.852],[-45.456,-9.856],[-45.448,-9.859],[-45.447,-9.871],[-45.451,-9.867],[-45.453,-9.87],[-45.442,-9.878],[-45.436,-9.881],[-45.439,-9.89],[-45.436,-9.889],[-45.431,-9.895],[-45.421,-9.896],[-45.423,-9.904],[-45.42,-9.904],[-45.417,-9.909],[-45.412,-9.906],[-45.404,-9.907],[-45.402,-9.913],[-45.395,-9.918],[-45.387,-9.931],[-45.394,-9.939],[-45.39,-9.941],[-45.393,-9.946],[-45.384,-9.97],[-45.377,-9.976],[-45.379,-9.98],[-45.44,-9.978],[-45.555,-9.974],[-45.551,-9.976],[-45.552,-9.981],[-45.549,-9.988],[-45.556,-10.006],[-45.552,-10.009],[-45.557,-10.012],[-45.551,-10.02],[-45.553,-10.025],[-45.548,-10.028],[-45.548,-10.037],[-45.545,-10.035],[-45.543,-10.04],[-45.541,-10.038],[-45.529,-10.052],[-45.525,-10.064],[-45.526,-10.074],[-45.521,-10.078],[-45.522,-10.085],[-45.516,-10.089],[-45.512,-10.106],[-45.514,-10.116],[-45.51,-10.122],[-45.516,-10.137],[-45.512,-10.144],[-45.504,-10.145],[-45.502,-10.149],[-45.513,-10.163],[-45.525,-10.165],[-45.548,-10.179],[-45.556,-10.216],[-45.567,-10.201],[-45.571,-10.186],[-45.565,-10.16],[-45.567,-10.139],[-45.583,-10.117],[-45.598,-10.108],[-45.605,-10.108],[-45.639,-10.126],[-45.648,-10.127],[-45.669,-10.145],[-45.684,-10.153],[-45.703,-10.157],[-45.716,-10.152],[-45.723,-10.155],[-45.726,-10.156],[-45.735,-10.172],[-45.734,-10.185],[-45.726,-10.207],[-45.733,-10.228],[-45.744,-10.24],[-45.793,-10.267],[-45.843,-10.259],[-45.877,-10.239],[-45.925,-10.25],[-45.946,-10.258],[-45.955,-10.218],[-45.945,-10.206],[-45.945,-10.196],[-45.938,-10.19],[-45.931,-10.19],[-45.924,-10.171],[-45.915,-10.164],[-45.913,-10.158],[-45.9,-10.152],[-45.897,-10.136],[-45.886,-10.114],[-45.878,-10.11],[-45.874,-10.085],[-45.87,-10.08],[-45.87,-10.069],[-45.877,-10.063],[-45.88,-10.058],[-45.874,-10.055],[-45.877,-10.051],[-45.865,-10.007],[-45.854,-9.996],[-45.857,-9.984],[-45.852,-9.982],[-45.847,-9.962],[-45.849,-9.956],[-45.842,-9.941],[-45.846,-9.924],[-45.852,-9.919],[-45.858,-9.907],[-45.86,-9.888],[-45.863,-9.881],[-45.861,-9.874],[-45.866,-9.871],[-45.86,-9.852],[-45.855,-9.848],[-45.856,-9.842],[-45.851,-9.838],[-45.845,-9.808],[-45.838,-9.796],[-45.828,-9.791],[-45.821,-9.773],[-45.823,-9.763],[-45.82,-9.756],[-45.827,-9.746],[-45.82,-9.74],[-45.828,-9.724],[-45.825,-9.717],[-45.831,-9.713],[-45.828,-9.703],[-45.838,-9.696],[-45.829,-9.68],[-45.806,-9.688],[-45.799,-9.696],[-45.783,-9.704],[-45.765,-9.723],[-45.756,-9.726],[-45.734,-9.752]]]}},{"type":"Feature","properties":{"id":"2201408","nome":"Barro Duro"},"geometry":{"type":"Polygon","coordinates":[[[-42.489,-5.76],[-42.462,-5.772],[-42.455,-5.77],[-42.447,-5.768],[-42.43,-5.811],[-42.438,-5.812],[-42.457,-5.829],[-42.451,-5.856],[-42.446,-5.856],[-42.439,-5.867],[-42.452,-5.872],[-42.451,-5.876],[-42.457,-5.878],[-42.465,-5.894],[-42.512,-5.863],[-42.545,-5.842],[-42.539,-5.799],[-42.535,-5.768],[-42.531,-5.742],[-42.489,-5.76]]]}},{"type":"Feature","properties":{"id":"2201507","nome":"Batalha"},"geometry":{"type":"Polygon","coordinates":[[[-41.98,-3.784],[-41.898,-3.796],[-41.902,-3.864],[-41.903,-3.887],[-41.91,-3.94],[-41.894,-3.949],[-41.847,-3.973],[-41.853,-4.016],[-41.855,-4.042],[-41.856,-4.042],[-41.864,-4.037],[-41.864,-4.044],[-41.871,-4.045],[-41.873,-4.042],[-41.883,-4.04],[-41.895,-4.045],[-41.908,-4.042],[-41.913,-4.035],[-41.914,-4.05],[-41.92,-4.062],[-41.934,-4.069],[-41.897,-4.085],[-41.907,-4.119],[-41.915,-4.143],[-41.931,-4.193],[-41.932,-4.197],[-41.921,-4.184],[-41.919,-4.223],[-41.933,-4.225],[-41.954,-4.22],[-41.964,-4.234],[-41.979,-4.246],[-41.996,-4.245],[-41.996,-4.239],[-41.997,-4.207],[-42.015,-4.2],[-42.052,-4.18],[-42.051,-4.185],[-42.056,-4.192],[-42.062,-4.194],[-42.077,-4.206],[-42.1,-4.206],[-42.113,-4.214],[-42.116,-4.208],[-42.131,-4.215],[-42.135,-4.218],[-42.173,-4.217],[-42.176,-4.22],[-42.183,-4.22],[-42.186,-4.217],[-42.195,-4.218],[-42.198,-4.222],[-42.207,-4.224],[-42.209,-4.229],[-42.214,-4.219],[-42.232,-4.228],[-42.236,-4.226],[-42.237,-4.214],[-42.239,-4.204],[-42.234,-4.196],[-42.241,-4.168],[-42.247,-4.162],[-42.26,-4.169],[-42.266,-4.164],[-42.261,-4.155],[-42.261,-4.15],[-42.254,-4.14],[-42.252,-4.129],[-42.259,-4.122],[-42.258,-4.106],[-42.264,-4.088],[-42.254,-4.079],[-42.256,-4.064],[-42.265,-4.054],[-42.258,-4.048],[-42.261,-4.03],[-42.266,-4.024],[-42.263,-4.011],[-42.235,-3.997],[-42.237,-3.984],[-42.235,-3.978],[-42.226,-3.981],[-42.222,-3.976],[-42.227,-3.975],[-42.23,-3.97],[-42.245,-3.928],[-42.244,-3.916],[-42.236,-3.909],[-42.231,-3.905],[-42.222,-3.901],[-42.212,-3.901],[-42.208,-3.908],[-42.21,-3.916],[-42.206,-3.921],[-42.187,-3.906],[-42.18,-3.914],[-42.175,-3.914],[-42.172,-3.91],[-42.172,-3.897],[-42.166,-3.891],[-42.148,-3.904],[-42.121,-3.898],[-42.118,-3.901],[-42.117,-3.911],[-42.106,-3.917],[-42.097,-3.912],[-42.091,-3.916],[-42.075,-3.918],[-42.074,-3.919],[-42.065,-3.909],[-42.068,-3.901],[-42.062,-3.897],[-42.063,-3.894],[-42.068,-3.891],[-42.068,-3.886],[-42.053,-3.887],[-42.042,-3.875],[-41.996,-3.873],[-41.99,-3.871],[-41.977,-3.856],[-41.978,-3.845],[-41.981,-3.841],[-41.986,-3.838],[-41.99,-3.827],[-41.979,-3.817],[-41.974,-3.806],[-41.979,-3.803],[-41.988,-3.807],[-41.995,-3.8],[-42.021,-3.81],[-42.024,-3.809],[-42.031,-3.798],[-42.035,-3.792],[-42.04,-3.79],[-42.05,-3.792],[-42.05,-3.747],[-42.05,-3.68],[-42.028,-3.68],[-41.999,-3.679],[-41.962,-3.679],[-41.974,-3.693],[-41.977,-3.724],[-41.979,-3.733],[-41.975,-3.76],[-41.981,-3.775],[-41.98,-3.784]]]}},{"type":"Feature","properties":{"id":"2201556","nome":"Bela Vista do Piau\u00ed"},"geometry":{"type":"Polygon","coordinates":[[[-41.88,-7.895],[-41.874,-7.916],[-41.858,-7.935],[-41.854,-7.946],[-41.817,-7.932],[-41.809,-7.935],[-41.791,-7.933],[-41.786,-7.941],[-41.79,-7.96],[-41.735,-7.998],[-41.747,-8.022],[-41.862,-8.011],[-41.915,-8.006],[-41.998,-7.997],[-42.026,-7.996],[-42.056,-7.974],[-41.999,-7.91],[-41.987,-7.879],[-41.938,-7.904],[-41.924,-7.887],[-41.913,-7.875],[-41.89,-7.886],[-41.888,-7.891],[-41.88,-7.895]]]}},{"type":"Feature","properties":{"id":"2201572","nome":"Bel\u00e9m do Piau\u00ed"},"geometry":{"type":"Polygon","coordinates":[[[-40.997,-7.249],[-40.986,-7.257],[-40.972,-7.303],[-40.979,-7.307],[-40.94,-7.332],[-40.936,-7.343],[-40.933,-7.361],[-40.92,-7.436],[-40.917,-7.454],[-40.934,-7.486],[-40.936,-7.497],[-40.941,-7.507],[-40.95,-7.51],[-40.956,-7.517],[-40.964,-7.517],[-40.987,-7.532],[-40.994,-7.52],[-40.994,-7.496],[-41.004,-7.489],[-41.009,-7.481],[-41.009,-7.444],[-41.017,-7.436],[-41.006,-7.424],[-41.01,-7.395],[-41.013,-7.37],[-41.032,-7.318],[-41.041,-7.301],[-41.033,-7.287],[-41.032,-7.268],[-41.027,-7.271],[-41.028,-7.258],[-41.016,-7.251],[-41.007,-7.254],[-40.997,-7.249]]]}},{"type":"Feature","properties":{"id":"2201606","nome":"Beneditinos"},"geometry":{"type":"Polygon","coordinates":[[[-42.507,-5.297],[-42.502,-5.308],[-42.493,-5.307],[-42.495,-5.318],[-42.492,-5.317],[-42.485,-5.311],[-42.463,-5.303],[-42.452,-5.31],[-42.434,-5.311],[-42.418,-5.306],[-42.412,-5.304],[-42.406,-5.307],[-42.393,-5.319],[-42.379,-5.316],[-42.374,-5.321],[-42.368,-5.32],[-42.361,-5.33],[-42.357,-5.352],[-42.349,-5.361],[-42.355,-5.382],[-42.346,-5.39],[-42.334,-5.395],[-42.327,-5.414],[-42.317,-5.441],[-42.301,-5.458],[-42.298,-5.482],[-42.266,-5.555],[-42.273,-5.563],[-42.262,-5.581],[-42.257,-5.616],[-42.256,-5.621],[-42.236,-5.64],[-42.228,-5.671],[-42.24,-5.669],[-42.25,-5.659],[-42.259,-5.656],[-42.269,-5.645],[-42.276,-5.647],[-42.286,-5.658],[-42.294,-5.658],[-42.304,-5.652],[-42.307,-5.642],[-42.312,-5.638],[-42.34,-5.633],[-42.352,-5.638],[-42.355,-5.634],[-42.355,-5.622],[-42.349,-5.61],[-42.359,-5.596],[-42.374,-5.602],[-42.383,-5.602],[-42.394,-5.611],[-42.391,-5.616],[-42.397,-5.623],[-42.418,-5.633],[-42.503,-5.555],[-42.484,-5.545],[-42.475,-5.544],[-42.464,-5.537],[-42.459,-5.507],[-42.461,-5.497],[-42.454,-5.496],[-42.469,-5.48],[-42.471,-5.459],[-42.478,-5.457],[-42.496,-5.458],[-42.52,-5.423],[-42.514,-5.411],[-42.528,-5.393],[-42.557,-5.383],[-42.567,-5.366],[-42.591,-5.351],[-42.599,-5.35],[-42.585,-5.334],[-42.585,-5.328],[-42.584,-5.316],[-42.567,-5.315],[-42.562,-5.306],[-42.548,-5.313],[-42.541,-5.302],[-42.533,-5.308],[-42.528,-5.304],[-42.512,-5.303],[-42.507,-5.297]]]}},{"type":"Feature","properties":{"id":"2201705","nome":"Bertol\u00ednia"},"geometry":{"type":"Polygon","coordinates":[[[-43.825,-7.489],[-43.817,-7.514],[-43.822,-7.53],[-43.819,-7.538],[-43.763,-7.569],[-43.753,-7.574],[-43.701,-7.644],[-43.713,-7.653],[-43.706,-7.652],[-43.708,-7.661],[-43.712,-7.658],[-43.712,-7.663],[-43.724,-7.669],[-43.737,-7.686],[-43.738,-7.7],[-43.743,-7.699],[-43.742,-7.707],[-43.745,-7.705],[-43.745,-7.71],[-43.749,-7.706],[-43.752,-7.707],[-43.752,-7.719],[-43.758,-7.717],[-43.758,-7.721],[-43.764,-7.723],[-43.771,-7.726],[-43.774,-7.742],[-43.78,-7.739],[-43.782,-7.752],[-43.785,-7.75],[-43.789,-7.755],[-43.787,-7.76],[-43.793,-7.758],[-43.796,-7.762],[-43.799,-7.777],[-43.792,-7.775],[-43.794,-7.78],[-43.788,-7.784],[-43.788,-7.792],[-43.799,-7.801],[-43.792,-7.808],[-43.794,-7.811],[-43.789,-7.813],[-43.79,-7.819],[-43.788,-7.82],[-43.785,-7.815],[-43.781,-7.818],[-43.785,-7.82],[-43.78,-7.826],[-43.782,-7.837],[-43.78,-7.842],[-43.783,-7.845],[-43.781,-7.852],[-43.782,-7.848],[-43.783,-7.853],[-43.786,-7.852],[-43.788,-7.855],[-43.789,-7.859],[-43.787,-7.858],[-43.786,-7.862],[-43.788,-7.862],[-43.792,-7.867],[-43.788,-7.87],[-43.787,-7.88],[-43.793,-7.884],[-43.792,-7.899],[-43.788,-7.907],[-43.791,-7.909],[-43.788,-7.91],[-43.795,-7.915],[-43.785,-7.935],[-43.788,-7.941],[-43.789,-7.958],[-43.793,-7.964],[-43.791,-7.968],[-43.794,-7.973],[-43.79,-7.973],[-43.787,-7.979],[-43.786,-7.983],[-43.791,-7.982],[-43.862,-7.976],[-43.975,-8.003],[-43.995,-7.756],[-44.008,-7.594],[-43.987,-7.593],[-43.966,-7.602],[-43.954,-7.584],[-43.951,-7.569],[-43.932,-7.554],[-43.907,-7.515],[-43.886,-7.497],[-43.854,-7.514],[-43.846,-7.51],[-43.839,-7.499],[-43.832,-7.494],[-43.828,-7.495],[-43.825,-7.489]]]}},{"type":"Feature","properties":{"id":"2201739","nome":"Bet\u00e2nia do Piau\u00ed"},"geometry":{"type":"Polygon","coordinates":[[[-40.952,-7.826],[-40.951,-7.864],[-40.896,-7.911],[-40.853,-7.935],[-40.729,-8.024],[-40.712,-8.036],[-40.619,-8.042],[-40.582,-8.044],[-40.598,-8.08],[-40.603,-8.103],[-40.599,-8.115],[-40.596,-8.118],[-40.591,-8.123],[-40.589,-8.137],[-40.601,-8.144],[-40.601,-8.15],[-40.632,-8.139],[-40.638,-8.147],[-40.642,-8.15],[-40.643,-8.157],[-40.658,-8.156],[-40.666,-8.162],[-40.669,-8.177],[-40.675,-8.184],[-40.684,-8.187],[-40.694,-8.2],[-40.7,-8.202],[-40.705,-8.22],[-40.711,-8.225],[-40.729,-8.225],[-40.736,-8.228],[-40.744,-8.24],[-40.764,-8.244],[-40.783,-8.235],[-40.79,-8.221],[-40.798,-8.213],[-40.799,-8.188],[-40.806,-8.185],[-40.817,-8.173],[-40.821,-8.174],[-40.834,-8.17],[-40.833,-8.172],[-40.842,-8.175],[-40.848,-8.173],[-40.852,-8.168],[-40.849,-8.165],[-40.855,-8.15],[-40.863,-8.148],[-40.878,-8.152],[-40.89,-8.149],[-40.901,-8.153],[-40.924,-8.139],[-40.952,-8.111],[-40.958,-8.111],[-40.96,-8.107],[-40.963,-8.1],[-40.958,-8.088],[-40.966,-8.08],[-40.976,-8.079],[-40.976,-8.062],[-40.981,-8.056],[-40.988,-8.056],[-40.983,-8.038],[-40.987,-8.036],[-40.994,-8.037],[-40.995,-8.033],[-41.005,-8.003],[-41.005,-7.998],[-41.013,-8.001],[-41.019,-7.999],[-41.017,-7.992],[-41.027,-7.985],[-41.021,-7.978],[-41.023,-7.973],[-41.02,-7.968],[-41.016,-7.971],[-41.009,-7.967],[-41.023,-7.96],[-41.019,-7.953],[-41.03,-7.932],[-41.028,-7.929],[-41.035,-7.931],[-41.038,-7.924],[-41.037,-7.919],[-41.03,-7.917],[-41.038,-7.907],[-41.042,-7.896],[-41.048,-7.897],[-41.047,-7.885],[-41.034,-7.875],[-41.036,-7.865],[-41.021,-7.852],[-41.016,-7.851],[-41.0,-7.854],[-40.992,-7.866],[-40.98,-7.861],[-40.978,-7.846],[-40.966,-7.827],[-40.958,-7.824],[-40.952,-7.826]]]}},{"type":"Feature","properties":{"id":"2201770","nome":"Boa Hora"},"geometry":{"type":"Polygon","coordinates":[[[-42.077,-4.272],[-42.052,-4.273],[-42.03,-4.266],[-42.01,-4.267],[-42.0,-4.272],[-42.0,-4.273],[-42.0,-4.34],[-42.0,-4.344],[-42.027,-4.354],[-42.079,-4.374],[-42.058,-4.403],[-42.061,-4.434],[-42.12,-4.465],[-42.15,-4.482],[-42.153,-4.474],[-42.162,-4.476],[-42.168,-4.473],[-42.168,-4.465],[-42.173,-4.467],[-42.178,-4.462],[-42.166,-4.449],[-42.165,-4.438],[-42.167,-4.423],[-42.181,-4.413],[-42.176,-4.4],[-42.184,-4.393],[-42.195,-4.381],[-42.193,-4.377],[-42.183,-4.382],[-42.174,-4.371],[-42.182,-4.348],[-42.179,-4.328],[-42.183,-4.308],[-42.193,-4.301],[-42.186,-4.289],[-42.186,-4.28],[-42.196,-4.271],[-42.178,-4.269],[-42.16,-4.271],[-42.154,-4.274],[-42.125,-4.273],[-42.122,-4.265],[-42.1,-4.27],[-42.077,-4.272]]]}},{"type":"Feature","properties":{"id":"2201804","nome":"Bocaina"},"geometry":{"type":"Polygon","coordinates":[[[-41.218,-6.825],[-41.195,-6.892],[-41.198,-6.894],[-41.247,-6.952],[-41.299,-6.955],[-41.302,-6.966],[-41.31,-6.989],[-41.332,-6.975],[-41.343,-6.967],[-41.353,-6.96],[-41.367,-6.951],[-41.389,-6.937],[-41.433,-6.882],[-41.413,-6.862],[-41.404,-6.862],[-41.343,-6.868],[-41.339,-6.867],[-41.328,-6.863],[-41.269,-6.843],[-41.218,-6.825]]]}},{"type":"Feature","properties":{"id":"2201903","nome":"Bom Jesus"},"geometry":{"type":"Polygon","coordinates":[[[-44.293,-8.969],[-44.293,-8.974],[-44.296,-8.974],[-44.295,-8.981],[-44.298,-8.981],[-44.303,-8.992],[-44.308,-8.985],[-44.307,-8.99],[-44.31,-8.987],[-44.316,-8.991],[-44.309,-8.995],[-44.315,-8.997],[-44.309,-9.005],[-44.311,-9.007],[-44.314,-9.005],[-44.313,-9.016],[-44.316,-9.014],[-44.318,-9.017],[-44.316,-9.023],[-44.313,-9.02],[-44.311,-9.029],[-44.306,-9.034],[-44.238,-9.093],[-43.869,-9.313],[-43.858,-9.331],[-43.782,-9.452],[-43.786,-9.457],[-43.925,-9.527],[-44.043,-9.586],[-44.218,-9.429],[-44.392,-9.363],[-44.428,-9.345],[-44.508,-9.316],[-44.509,-9.328],[-44.515,-9.334],[-44.51,-9.338],[-44.516,-9.342],[-44.514,-9.345],[-44.518,-9.349],[-44.513,-9.351],[-44.515,-9.353],[-44.514,-9.359],[-44.518,-9.361],[-44.515,-9.364],[-44.52,-9.367],[-44.522,-9.378],[-44.726,-9.268],[-44.817,-9.462],[-44.968,-9.395],[-44.988,-9.386],[-45.114,-9.33],[-45.312,-9.242],[-45.259,-9.197],[-45.245,-9.176],[-45.24,-9.162],[-45.209,-9.137],[-45.197,-9.122],[-45.192,-9.115],[-45.193,-9.107],[-45.188,-9.106],[-45.185,-9.096],[-45.182,-9.086],[-45.176,-9.085],[-45.174,-9.08],[-45.171,-9.08],[-45.165,-9.075],[-45.162,-9.066],[-45.149,-9.052],[-45.141,-9.05],[-45.142,-9.047],[-45.129,-9.033],[-45.122,-9.031],[-45.084,-8.996],[-45.083,-9.004],[-45.062,-9.028],[-44.798,-9.031],[-44.731,-9.031],[-44.636,-9.032],[-44.428,-9.034],[-44.375,-9.031],[-44.355,-9.04],[-44.35,-9.027],[-44.333,-8.982],[-44.303,-8.943],[-44.291,-8.968],[-44.293,-8.969]]]}},{"type":"Feature","properties":{"id":"2201919","nome":"Bom Princ\u00edpio do Piau\u00ed"},"geometry":{"type":"Polygon","coordinates":[[[-41.684,-3.306],[-41.693,-3.307],[-41.692,-3.305],[-41.666,-3.248],[-41.771,-3.12],[-41.714,-3.059],[-41.695,-3.04],[-41.674,-3.011],[-41.658,-3.016],[-41.645,-3.026],[-41.614,-3.052],[-41.603,-3.062],[-41.599,-3.106],[-41.598,-3.122],[-41.557,-3.123],[-41.464,-3.125],[-41.463,-3.147],[-41.463,-3.148],[-41.463,-3.16],[-41.471,-3.165],[-41.472,-3.165],[-41.511,-3.185],[-41.517,-3.188],[-41.516,-3.212],[-41.558,-3.234],[-41.616,-3.278],[-41.615,-3.293],[-41.626,-3.295],[-41.627,-3.295],[-41.684,-3.306]]]}},{"type":"Feature","properties":{"id":"2201929","nome":"Bonfim do Piau\u00ed"},"geometry":{"type":"Polygon","coordinates":[[[-42.795,-9.137],[-42.811,-9.167],[-42.803,-9.184],[-42.798,-9.194],[-42.82,-9.233],[-42.834,-9.251],[-42.835,-9.253],[-42.843,-9.264],[-42.856,-9.273],[-42.865,-9.298],[-42.865,-9.307],[-42.88,-9.292],[-42.9,-9.273],[-42.898,-9.259],[-42.913,-9.253],[-42.915,-9.246],[-42.913,-9.235],[-42.912,-9.23],[-42.903,-9.226],[-42.904,-9.222],[-42.9,-9.222],[-42.904,-9.215],[-42.906,-9.212],[-42.912,-9.213],[-42.935,-9.202],[-42.939,-9.201],[-42.939,-9.191],[-42.951,-9.173],[-42.969,-9.146],[-42.975,-9.157],[-42.988,-9.142],[-42.994,-9.136],[-42.982,-9.129],[-42.925,-9.108],[-42.917,-9.105],[-42.845,-9.069],[-42.819,-9.09],[-42.818,-9.091],[-42.816,-9.094],[-42.8,-9.12],[-42.795,-9.137]]]}},{"type":"Feature","properties":{"id":"2201945","nome":"Boqueir\u00e3o do Piau\u00ed"},"geometry":{"type":"Polygon","coordinates":[[[-42.056,-4.515],[-42.055,-4.527],[-42.013,-4.529],[-42.007,-4.544],[-42.0,-4.54],[-42.036,-4.604],[-42.059,-4.642],[-42.065,-4.634],[-42.072,-4.634],[-42.075,-4.622],[-42.081,-4.618],[-42.085,-4.615],[-42.085,-4.606],[-42.105,-4.606],[-42.132,-4.601],[-42.131,-4.593],[-42.136,-4.59],[-42.146,-4.59],[-42.146,-4.603],[-42.174,-4.603],[-42.18,-4.584],[-42.178,-4.571],[-42.175,-4.566],[-42.152,-4.575],[-42.144,-4.572],[-42.15,-4.562],[-42.146,-4.551],[-42.151,-4.535],[-42.147,-4.528],[-42.164,-4.542],[-42.165,-4.549],[-42.171,-4.549],[-42.174,-4.56],[-42.18,-4.557],[-42.187,-4.559],[-42.191,-4.558],[-42.195,-4.55],[-42.21,-4.556],[-42.216,-4.544],[-42.245,-4.551],[-42.25,-4.535],[-42.15,-4.482],[-42.12,-4.465],[-42.061,-4.434],[-42.049,-4.452],[-42.057,-4.464],[-42.056,-4.486],[-42.056,-4.515]]]}},{"type":"Feature","properties":{"id":"2201960","nome":"Brasileira"},"geometry":{"type":"Polygon","coordinates":[[[-41.908,-4.042],[-41.895,-4.045],[-41.883,-4.04],[-41.873,-4.042],[-41.871,-4.045],[-41.864,-4.044],[-41.864,-4.037],[-41.856,-4.042],[-41.855,-4.042],[-41.771,-4.034],[-41.738,-4.045],[-41.738,-4.047],[-41.736,-4.064],[-41.74,-4.074],[-41.751,-4.08],[-41.762,-4.099],[-41.774,-4.1],[-41.746,-4.107],[-41.676,-4.124],[-41.674,-4.125],[-41.632,-4.135],[-41.631,-4.13],[-41.622,-4.06],[-41.558,-4.057],[-41.5,-4.042],[-41.484,-4.041],[-41.336,-4.051],[-41.333,-4.061],[-41.313,-4.147],[-41.331,-4.151],[-41.333,-4.148],[-41.332,-4.141],[-41.339,-4.145],[-41.347,-4.137],[-41.36,-4.144],[-41.362,-4.15],[-41.366,-4.146],[-41.371,-4.148],[-41.376,-4.158],[-41.392,-4.162],[-41.41,-4.149],[-41.42,-4.159],[-41.427,-4.161],[-41.432,-4.181],[-41.44,-4.182],[-41.449,-4.193],[-41.456,-4.186],[-41.473,-4.187],[-41.497,-4.181],[-41.517,-4.173],[-41.528,-4.163],[-41.54,-4.16],[-41.547,-4.163],[-41.563,-4.159],[-41.571,-4.161],[-41.575,-4.158],[-41.577,-4.152],[-41.574,-4.146],[-41.577,-4.146],[-41.656,-4.219],[-41.688,-4.216],[-41.705,-4.214],[-41.761,-4.208],[-41.789,-4.182],[-41.8,-4.173],[-41.799,-4.189],[-41.803,-4.192],[-41.804,-4.202],[-41.831,-4.197],[-41.875,-4.189],[-41.921,-4.181],[-41.921,-4.184],[-41.932,-4.197],[-41.931,-4.193],[-41.915,-4.143],[-41.907,-4.119],[-41.897,-4.085],[-41.934,-4.069],[-41.92,-4.062],[-41.914,-4.05],[-41.913,-4.035],[-41.908,-4.042]]]}},{"type":"Feature","properties":{"id":"2201988","nome":"Brejo do Piau\u00ed"},"geometry":{"type":"Polygon","coordinates":[[[-42.633,-8.079],[-42.612,-8.106],[-42.586,-8.14],[-42.589,-8.164],[-42.59,-8.193],[-42.593,-8.195],[-42.591,-8.2],[-42.589,-8.214],[-42.586,-8.216],[-42.588,-8.223],[-42.584,-8.231],[-42.592,-8.24],[-42.589,-8.248],[-42.597,-8.261],[-42.596,-8.27],[-42.603,-8.296],[-42.608,-8.302],[-42.621,-8.385],[-42.651,-8.471],[-42.652,-8.474],[-42.661,-8.515],[-42.68,-8.551],[-42.697,-8.594],[-42.726,-8.689],[-42.737,-8.69],[-42.747,-8.69],[-42.777,-8.691],[-42.831,-8.692],[-42.849,-8.694],[-42.982,-8.718],[-43.0,-8.722],[-43.018,-8.726],[-43.076,-8.74],[-42.982,-8.508],[-42.898,-8.489],[-42.88,-8.485],[-42.865,-8.425],[-42.892,-8.361],[-42.894,-8.341],[-42.891,-8.312],[-42.882,-8.292],[-42.879,-8.278],[-42.893,-8.263],[-42.878,-8.25],[-42.892,-8.195],[-42.892,-8.193],[-42.842,-8.163],[-42.816,-8.148],[-42.824,-8.144],[-42.822,-8.131],[-42.827,-8.124],[-42.836,-8.119],[-42.843,-8.11],[-42.86,-8.077],[-42.739,-8.098],[-42.732,-8.091],[-42.724,-8.094],[-42.709,-8.088],[-42.697,-8.077],[-42.688,-8.074],[-42.671,-8.04],[-42.665,-8.037],[-42.633,-8.079]]]}},{"type":"Feature","properties":{"id":"2202000","nome":"Buriti dos Lopes"},"geometry":{"type":"Polygon","coordinates":[[[-41.771,-3.12],[-41.666,-3.248],[-41.692,-3.305],[-41.693,-3.307],[-41.683,-3.313],[-41.677,-3.317],[-41.675,-3.324],[-41.674,-3.329],[-41.662,-3.379],[-41.673,-3.437],[-41.674,-3.482],[-41.689,-3.452],[-41.711,-3.467],[-41.719,-3.466],[-41.732,-3.471],[-41.746,-3.463],[-41.747,-3.453],[-41.74,-3.434],[-41.737,-3.368],[-41.734,-3.343],[-41.731,-3.334],[-41.75,-3.333],[-41.743,-3.321],[-41.797,-3.253],[-41.828,-3.263],[-41.831,-3.269],[-41.841,-3.265],[-41.841,-3.278],[-41.857,-3.28],[-41.854,-3.294],[-41.863,-3.294],[-41.869,-3.305],[-41.882,-3.307],[-41.882,-3.331],[-41.882,-3.333],[-41.924,-3.333],[-41.927,-3.326],[-41.932,-3.3],[-41.911,-3.314],[-41.903,-3.315],[-41.913,-3.298],[-41.91,-3.281],[-41.914,-3.272],[-41.927,-3.257],[-41.929,-3.235],[-41.938,-3.231],[-41.958,-3.232],[-41.973,-3.224],[-41.979,-3.218],[-41.974,-3.213],[-41.971,-3.192],[-41.964,-3.179],[-41.956,-3.178],[-41.943,-3.189],[-41.939,-3.187],[-41.937,-3.156],[-41.936,-3.151],[-41.924,-3.137],[-41.926,-3.115],[-41.922,-3.108],[-41.913,-3.099],[-41.899,-3.097],[-41.897,-3.096],[-41.88,-3.079],[-41.869,-3.06],[-41.803,-3.101],[-41.78,-3.115],[-41.771,-3.12]]]}},{"type":"Feature","properties":{"id":"2202026","nome":"Buriti dos Montes"},"geometry":{"type":"Polygon","coordinates":[[[-41.209,-4.946],[-41.203,-4.949],[-41.198,-4.937],[-41.189,-4.94],[-41.18,-4.947],[-41.151,-4.992],[-41.146,-4.992],[-41.138,-4.984],[-41.135,-4.997],[-41.122,-5.008],[-41.121,-5.024],[-41.132,-5.048],[-41.097,-5.053],[-41.095,-5.061],[-41.088,-5.065],[-41.087,-5.073],[-41.08,-5.078],[-41.08,-5.091],[-41.052,-5.103],[-41.04,-5.091],[-41.034,-5.091],[-41.026,-5.109],[-41.014,-5.105],[-41.011,-5.123],[-40.988,-5.138],[-40.982,-5.153],[-40.968,-5.149],[-40.958,-5.154],[-40.949,-5.166],[-40.937,-5.166],[-40.929,-5.171],[-40.925,-5.182],[-40.932,-5.201],[-40.922,-5.226],[-40.926,-5.232],[-40.934,-5.236],[-40.94,-5.237],[-40.941,-5.242],[-40.933,-5.245],[-40.911,-5.268],[-40.911,-5.271],[-40.919,-5.271],[-40.924,-5.274],[-40.922,-5.284],[-40.926,-5.292],[-40.923,-5.301],[-40.913,-5.308],[-40.912,-5.309],[-40.913,-5.319],[-40.918,-5.338],[-40.933,-5.349],[-40.936,-5.366],[-40.929,-5.375],[-41.074,-5.4],[-41.14,-5.411],[-41.225,-5.426],[-41.24,-5.416],[-41.238,-5.41],[-41.247,-5.405],[-41.257,-5.384],[-41.268,-5.379],[-41.288,-5.363],[-41.292,-5.343],[-41.298,-5.335],[-41.297,-5.329],[-41.303,-5.323],[-41.322,-5.318],[-41.327,-5.309],[-41.325,-5.306],[-41.336,-5.298],[-41.34,-5.299],[-41.344,-5.283],[-41.35,-5.278],[-41.358,-5.278],[-41.362,-5.282],[-41.373,-5.273],[-41.382,-5.272],[-41.382,-5.269],[-41.397,-5.275],[-41.401,-5.269],[-41.401,-5.259],[-41.437,-5.285],[-41.431,-5.209],[-41.451,-5.209],[-41.482,-5.178],[-41.475,-5.035],[-41.458,-5.031],[-41.498,-5.014],[-41.493,-5.011],[-41.486,-5.007],[-41.486,-4.996],[-41.479,-4.993],[-41.48,-4.99],[-41.472,-5.002],[-41.47,-4.993],[-41.458,-4.986],[-41.457,-4.975],[-41.452,-4.977],[-41.449,-4.984],[-41.441,-4.978],[-41.44,-4.97],[-41.444,-4.964],[-41.434,-4.963],[-41.43,-4.959],[-41.437,-4.958],[-41.438,-4.953],[-41.432,-4.94],[-41.437,-4.936],[-41.435,-4.928],[-41.43,-4.924],[-41.432,-4.909],[-41.425,-4.895],[-41.42,-4.893],[-41.415,-4.876],[-41.409,-4.87],[-41.412,-4.817],[-41.358,-4.816],[-41.295,-4.815],[-41.248,-4.761],[-41.242,-4.765],[-41.212,-4.772],[-41.208,-4.776],[-41.21,-4.783],[-41.224,-4.79],[-41.225,-4.797],[-41.232,-4.804],[-41.232,-4.815],[-41.242,-4.825],[-41.24,-4.848],[-41.24,-4.856],[-41.249,-4.869],[-41.228,-4.891],[-41.235,-4.905],[-41.223,-4.926],[-41.221,-4.938],[-41.21,-4.938],[-41.209,-4.946]]]}},{"type":"Feature","properties":{"id":"2202059","nome":"Cabeceiras do Piau\u00ed"},"geometry":{"type":"Polygon","coordinates":[[[-42.429,-4.34],[-42.419,-4.343],[-42.417,-4.34],[-42.343,-4.353],[-42.338,-4.354],[-42.308,-4.36],[-42.307,-4.36],[-42.266,-4.367],[-42.265,-4.368],[-42.198,-4.38],[-42.195,-4.381],[-42.184,-4.393],[-42.176,-4.4],[-42.181,-4.413],[-42.167,-4.423],[-42.165,-4.438],[-42.166,-4.449],[-42.178,-4.462],[-42.173,-4.467],[-42.168,-4.465],[-42.168,-4.473],[-42.162,-4.476],[-42.153,-4.474],[-42.15,-4.482],[-42.25,-4.535],[-42.277,-4.549],[-42.295,-4.551],[-42.302,-4.547],[-42.353,-4.52],[-42.435,-4.477],[-42.42,-4.468],[-42.423,-4.464],[-42.444,-4.44],[-42.46,-4.437],[-42.473,-4.434],[-42.539,-4.369],[-42.546,-4.362],[-42.551,-4.367],[-42.557,-4.367],[-42.548,-4.345],[-42.535,-4.344],[-42.482,-4.344],[-42.447,-4.334],[-42.429,-4.34]]]}},{"type":"Feature","properties":{"id":"2202075","nome":"Cajazeiras do Piau\u00ed"},"geometry":{"type":"Polygon","coordinates":[[[-42.428,-6.661],[-42.418,-6.671],[-42.408,-6.662],[-42.394,-6.665],[-42.389,-6.671],[-42.383,-6.671],[-42.375,-6.676],[-42.361,-6.68],[-42.364,-6.694],[-42.36,-6.701],[-42.365,-6.708],[-42.364,-6.713],[-42.358,-6.719],[-42.349,-6.719],[-42.334,-6.729],[-42.331,-6.74],[-42.333,-6.748],[-42.325,-6.758],[-42.318,-6.76],[-42.319,-6.769],[-42.334,-6.799],[-42.36,-6.805],[-42.36,-6.806],[-42.369,-6.822],[-42.393,-6.832],[-42.396,-6.843],[-42.407,-6.856],[-42.408,-6.864],[-42.433,-6.901],[-42.441,-6.901],[-42.449,-6.909],[-42.461,-6.91],[-42.473,-6.905],[-42.473,-6.899],[-42.468,-6.894],[-42.475,-6.896],[-42.487,-6.88],[-42.493,-6.877],[-42.494,-6.877],[-42.502,-6.88],[-42.541,-6.862],[-42.554,-6.869],[-42.566,-6.869],[-42.574,-6.858],[-42.579,-6.856],[-42.584,-6.845],[-42.592,-6.848],[-42.598,-6.837],[-42.604,-6.837],[-42.602,-6.83],[-42.606,-6.824],[-42.606,-6.808],[-42.598,-6.799],[-42.579,-6.791],[-42.58,-6.787],[-42.573,-6.79],[-42.57,-6.788],[-42.563,-6.77],[-42.566,-6.765],[-42.563,-6.755],[-42.548,-6.739],[-42.558,-6.722],[-42.547,-6.72],[-42.531,-6.706],[-42.519,-6.713],[-42.516,-6.72],[-42.513,-6.72],[-42.506,-6.713],[-42.489,-6.708],[-42.471,-6.679],[-42.479,-6.677],[-42.478,-6.667],[-42.466,-6.663],[-42.459,-6.669],[-42.455,-6.667],[-42.435,-6.668],[-42.428,-6.661]]]}},{"type":"Feature","properties":{"id":"2202083","nome":"Cajueiro da Praia"},"geometry":{"type":"Polygon","coordinates":[[[-41.399,-2.904],[-41.374,-2.917],[-41.367,-2.916],[-41.35,-2.923],[-41.338,-2.927],[-41.332,-2.921],[-41.322,-2.921],[-41.321,-2.935],[-41.323,-2.951],[-41.317,-2.96],[-41.298,-2.968],[-41.283,-2.967],[-41.272,-2.97],[-41.269,-2.985],[-41.257,-3.004],[-41.255,-3.02],[-41.249,-3.028],[-41.255,-3.032],[-41.253,-3.037],[-41.26,-3.048],[-41.261,-3.053],[-41.321,-3.046],[-41.321,-3.048],[-41.376,-3.057],[-41.383,-3.058],[-41.427,-3.076],[-41.441,-3.079],[-41.441,-3.078],[-41.433,-3.055],[-41.437,-3.045],[-41.432,-3.046],[-41.43,-3.039],[-41.438,-3.023],[-41.434,-3.003],[-41.442,-2.993],[-41.439,-2.982],[-41.445,-2.962],[-41.433,-2.955],[-41.431,-2.944],[-41.445,-2.93],[-41.444,-2.92],[-41.44,-2.917],[-41.438,-2.911],[-41.434,-2.906],[-41.418,-2.91],[-41.399,-2.904]]]}},{"type":"Feature","properties":{"id":"2202091","nome":"Caldeir\u00e3o Grande do Piau\u00ed"},"geometry":{"type":"Polygon","coordinates":[[[-40.652,-7.208],[-40.601,-7.214],[-40.575,-7.21],[-40.506,-7.21],[-40.51,-7.224],[-40.515,-7.269],[-40.515,-7.275],[-40.511,-7.299],[-40.514,-7.307],[-40.523,-7.318],[-40.541,-7.332],[-40.54,-7.344],[-40.548,-7.392],[-40.589,-7.408],[-40.652,-7.433],[-40.694,-7.392],[-40.714,-7.373],[-40.737,-7.35],[-40.74,-7.337],[-40.741,-7.326],[-40.746,-7.305],[-40.759,-7.256],[-40.738,-7.249],[-40.671,-7.209],[-40.652,-7.208]]]}},{"type":"Feature","properties":{"id":"2202109","nome":"Campinas do Piau\u00ed"},"geometry":{"type":"Polygon","coordinates":[[[-41.731,-7.53],[-41.712,-7.635],[-41.71,-7.645],[-41.722,-7.666],[-41.75,-7.717],[-41.751,-7.717],[-41.757,-7.728],[-41.774,-7.821],[-41.821,-7.83],[-41.833,-7.82],[-41.855,-7.799],[-41.865,-7.791],[-41.886,-7.772],[-41.889,-7.758],[-41.935,-7.757],[-41.937,-7.754],[-41.965,-7.71],[-42.044,-7.626],[-42.057,-7.612],[-42.038,-7.576],[-42.017,-7.537],[-41.994,-7.538],[-41.923,-7.539],[-41.892,-7.537],[-41.861,-7.536],[-41.831,-7.529],[-41.775,-7.53],[-41.731,-7.53]]]}},{"type":"Feature","properties":{"id":"2202117","nome":"Campo Alegre do Fidalgo"},"geometry":{"type":"Polygon","coordinates":[[[-41.771,-8.29],[-41.749,-8.312],[-41.729,-8.298],[-41.706,-8.29],[-41.696,-8.284],[-41.688,-8.274],[-41.657,-8.299],[-41.677,-8.328],[-41.669,-8.35],[-41.673,-8.392],[-41.727,-8.4],[-41.735,-8.4],[-41.927,-8.399],[-41.937,-8.399],[-41.949,-8.373],[-41.957,-8.372],[-41.952,-8.356],[-41.924,-8.256],[-41.895,-8.147],[-41.891,-8.134],[-41.882,-8.131],[-41.74,-8.088],[-41.776,-8.121],[-41.772,-8.135],[-41.764,-8.143],[-41.755,-8.16],[-41.735,-8.162],[-41.729,-8.171],[-41.734,-8.179],[-41.743,-8.181],[-41.768,-8.206],[-41.783,-8.222],[-41.783,-8.251],[-41.771,-8.29]]]}},{"type":"Feature","properties":{"id":"2202133","nome":"Campo Grande do Piau\u00ed"},"geometry":{"type":"Polygon","coordinates":[[[-41.001,-7.088],[-40.997,-7.135],[-40.997,-7.137],[-40.994,-7.172],[-40.967,-7.169],[-40.973,-7.195],[-40.986,-7.257],[-40.997,-7.249],[-41.007,-7.254],[-41.016,-7.251],[-41.028,-7.258],[-41.027,-7.271],[-41.032,-7.268],[-41.089,-7.274],[-41.132,-7.279],[-41.138,-7.263],[-41.146,-7.258],[-41.142,-7.25],[-41.143,-7.206],[-41.143,-7.165],[-41.131,-7.121],[-41.105,-7.124],[-41.103,-7.124],[-41.066,-7.069],[-41.029,-7.08],[-41.001,-7.088]]]}},{"type":"Feature","properties":{"id":"2202174","nome":"Campo Largo do Piau\u00ed"},"geometry":{"type":"Polygon","coordinates":[[[-42.571,-3.779],[-42.548,-3.804],[-42.54,-3.808],[-42.537,-3.819],[-42.53,-3.824],[-42.525,-3.833],[-42.504,-3.855],[-42.494,-3.858],[-42.491,-3.864],[-42.49,-3.872],[-42.414,-3.899],[-42.399,-3.898],[-42.388,-3.986],[-42.439,-3.968],[-42.453,-3.991],[-42.511,-4.041],[-42.514,-4.043],[-42.523,-4.023],[-42.533,-3.965],[-42.597,-3.91],[-42.612,-3.897],[-42.622,-3.904],[-42.646,-3.895],[-42.654,-3.884],[-42.669,-3.861],[-42.672,-3.851],[-42.664,-3.841],[-42.656,-3.806],[-42.663,-3.792],[-42.67,-3.793],[-42.668,-3.791],[-42.683,-3.769],[-42.683,-3.762],[-42.678,-3.754],[-42.671,-3.746],[-42.668,-3.729],[-42.683,-3.701],[-42.683,-3.694],[-42.656,-3.722],[-42.591,-3.758],[-42.579,-3.77],[-42.571,-3.779]]]}},{"type":"Feature","properties":{"id":"2202208","nome":"Campo Maior"},"geometry":{"type":"Polygon","coordinates":[[[-42.282,-4.679],[-42.317,-4.727],[-42.305,-4.726],[-42.292,-4.731],[-42.286,-4.743],[-42.278,-4.747],[-42.271,-4.742],[-42.257,-4.743],[-42.253,-4.736],[-42.252,-4.695],[-42.26,-4.67],[-42.272,-4.653],[-42.244,-4.653],[-42.25,-4.66],[-42.245,-4.666],[-42.233,-4.668],[-42.225,-4.665],[-42.218,-4.671],[-42.216,-4.672],[-42.218,-4.682],[-42.213,-4.695],[-42.217,-4.702],[-42.214,-4.705],[-42.213,-4.713],[-42.207,-4.717],[-42.205,-4.726],[-42.192,-4.724],[-42.186,-4.706],[-42.178,-4.707],[-42.173,-4.711],[-42.172,-4.719],[-42.161,-4.727],[-42.144,-4.721],[-42.15,-4.7],[-42.103,-4.725],[-42.088,-4.708],[-42.087,-4.704],[-42.078,-4.672],[-42.062,-4.661],[-42.044,-4.669],[-42.034,-4.688],[-42.016,-4.692],[-42.011,-4.698],[-41.994,-4.7],[-41.986,-4.699],[-41.98,-4.694],[-41.956,-4.692],[-41.951,-4.689],[-41.951,-4.684],[-41.937,-4.686],[-41.908,-4.688],[-41.903,-4.689],[-41.901,-4.696],[-41.89,-4.705],[-41.888,-4.716],[-41.901,-4.725],[-41.908,-4.738],[-41.92,-4.745],[-41.931,-4.761],[-41.944,-4.76],[-41.959,-4.765],[-41.978,-4.763],[-41.987,-4.776],[-41.991,-4.789],[-42.001,-4.791],[-42.014,-4.804],[-42.015,-4.818],[-42.001,-4.827],[-42.0,-4.839],[-42.008,-4.855],[-42.016,-4.857],[-42.019,-4.859],[-42.023,-4.866],[-42.089,-4.847],[-42.074,-4.879],[-42.051,-4.909],[-42.043,-4.932],[-42.047,-4.976],[-42.04,-4.985],[-42.018,-4.99],[-42.016,-4.991],[-41.995,-4.995],[-41.98,-5.0],[-41.96,-5.012],[-41.95,-5.026],[-41.946,-5.028],[-41.965,-5.105],[-41.979,-5.164],[-41.981,-5.169],[-41.994,-5.167],[-42.023,-5.163],[-42.038,-5.159],[-42.079,-5.123],[-42.11,-5.134],[-42.12,-5.138],[-42.132,-5.134],[-42.14,-5.124],[-42.159,-5.128],[-42.191,-5.119],[-42.184,-5.11],[-42.182,-5.1],[-42.185,-5.095],[-42.172,-5.087],[-42.168,-5.077],[-42.173,-5.069],[-42.166,-5.067],[-42.156,-5.068],[-42.151,-5.065],[-42.195,-5.03],[-42.242,-4.993],[-42.313,-4.938],[-42.354,-4.861],[-42.37,-4.832],[-42.367,-4.816],[-42.352,-4.75],[-42.346,-4.723],[-42.335,-4.672],[-42.295,-4.551],[-42.277,-4.549],[-42.265,-4.558],[-42.259,-4.569],[-42.276,-4.582],[-42.279,-4.594],[-42.285,-4.625],[-42.282,-4.679]]]}},{"type":"Feature","properties":{"id":"2202251","nome":"Canavieira"},"geometry":{"type":"Polygon","coordinates":[[[-43.65,-7.246],[-43.641,-7.272],[-43.621,-7.262],[-43.607,-7.261],[-43.599,-7.265],[-43.588,-7.26],[-43.518,-7.284],[-43.452,-7.283],[-43.393,-7.283],[-43.389,-7.288],[-43.385,-7.312],[-43.386,-7.321],[-43.403,-7.353],[-43.4,-7.355],[-43.325,-7.404],[-43.473,-7.554],[-43.48,-7.578],[-43.507,-7.679],[-43.562,-7.842],[-43.55,-7.883],[-43.764,-7.723],[-43.758,-7.721],[-43.758,-7.717],[-43.752,-7.719],[-43.752,-7.707],[-43.749,-7.706],[-43.745,-7.71],[-43.745,-7.705],[-43.742,-7.707],[-43.743,-7.699],[-43.738,-7.7],[-43.737,-7.686],[-43.724,-7.669],[-43.712,-7.663],[-43.712,-7.658],[-43.708,-7.661],[-43.706,-7.652],[-43.713,-7.653],[-43.701,-7.644],[-43.753,-7.574],[-43.741,-7.518],[-43.663,-7.435],[-43.691,-7.332],[-43.692,-7.327],[-43.784,-7.365],[-43.741,-7.311],[-43.732,-7.3],[-43.717,-7.263],[-43.704,-7.267],[-43.692,-7.265],[-43.687,-7.256],[-43.674,-7.247],[-43.656,-7.245],[-43.65,-7.246]]]}},{"type":"Feature","properties":{"id":"2202307","nome":"Canto do Buriti"},"geometry":{"type":"Polygon","coordinates":[[[-43.041,-7.943],[-43.019,-7.961],[-43.015,-7.97],[-42.995,-7.983],[-42.995,-7.991],[-42.989,-7.998],[-42.975,-8.026],[-42.965,-8.046],[-42.935,-8.063],[-42.86,-8.077],[-42.843,-8.11],[-42.836,-8.119],[-42.827,-8.124],[-42.822,-8.131],[-42.824,-8.144],[-42.816,-8.148],[-42.842,-8.163],[-42.892,-8.193],[-42.892,-8.195],[-42.878,-8.25],[-42.893,-8.263],[-42.892,-8.251],[-42.9,-8.241],[-42.896,-8.215],[-42.916,-8.227],[-42.939,-8.225],[-42.967,-8.247],[-42.975,-8.248],[-42.987,-8.257],[-43.002,-8.27],[-43.164,-8.336],[-43.226,-8.362],[-43.236,-8.376],[-43.235,-8.397],[-43.242,-8.437],[-43.241,-8.473],[-43.247,-8.487],[-43.244,-8.495],[-43.269,-8.526],[-43.27,-8.527],[-43.274,-8.533],[-43.275,-8.545],[-43.26,-8.593],[-43.272,-8.617],[-43.26,-8.635],[-43.266,-8.678],[-43.26,-8.69],[-43.253,-8.728],[-43.467,-8.73],[-43.704,-8.731],[-43.702,-8.717],[-43.683,-8.599],[-43.677,-8.563],[-43.66,-8.451],[-43.63,-8.263],[-43.579,-8.256],[-43.521,-8.167],[-43.518,-8.147],[-43.5,-8.129],[-43.492,-8.12],[-43.412,-8.038],[-43.375,-8.055],[-43.321,-8.078],[-43.268,-8.049],[-43.145,-7.979],[-43.126,-7.969],[-43.137,-7.936],[-43.071,-7.957],[-43.063,-7.934],[-43.041,-7.943]]]}},{"type":"Feature","properties":{"id":"2202406","nome":"Capit\u00e3o de Campos"},"geometry":{"type":"Polygon","coordinates":[[[-42.021,-4.372],[-42.017,-4.384],[-42.008,-4.381],[-41.998,-4.387],[-41.994,-4.386],[-41.99,-4.392],[-41.989,-4.392],[-41.968,-4.405],[-41.968,-4.415],[-41.958,-4.426],[-41.949,-4.422],[-41.933,-4.428],[-41.925,-4.432],[-41.91,-4.427],[-41.901,-4.43],[-41.898,-4.433],[-41.896,-4.431],[-41.891,-4.434],[-41.888,-4.447],[-41.88,-4.449],[-41.864,-4.465],[-41.854,-4.459],[-41.843,-4.464],[-41.837,-4.471],[-41.836,-4.478],[-41.831,-4.484],[-41.826,-4.485],[-41.825,-4.495],[-41.82,-4.497],[-41.818,-4.504],[-41.812,-4.501],[-41.809,-4.51],[-41.787,-4.515],[-41.787,-4.521],[-41.781,-4.522],[-41.78,-4.532],[-41.773,-4.538],[-41.766,-4.537],[-41.762,-4.542],[-41.762,-4.536],[-41.758,-4.536],[-41.756,-4.539],[-41.759,-4.542],[-41.756,-4.545],[-41.757,-4.549],[-41.751,-4.55],[-41.751,-4.554],[-41.747,-4.555],[-41.747,-4.559],[-41.744,-4.56],[-41.744,-4.565],[-41.74,-4.566],[-41.739,-4.57],[-41.745,-4.59],[-41.776,-4.688],[-41.778,-4.692],[-41.785,-4.693],[-41.818,-4.697],[-41.883,-4.679],[-41.878,-4.671],[-41.847,-4.613],[-41.862,-4.603],[-41.918,-4.565],[-41.93,-4.557],[-41.965,-4.532],[-41.966,-4.532],[-41.995,-4.53],[-42.013,-4.529],[-42.055,-4.527],[-42.056,-4.515],[-42.056,-4.486],[-42.057,-4.464],[-42.049,-4.452],[-42.061,-4.434],[-42.058,-4.403],[-42.079,-4.374],[-42.027,-4.354],[-42.017,-4.365],[-42.021,-4.372]]]}},{"type":"Feature","properties":{"id":"2202455","nome":"Capit\u00e3o Gerv\u00e1sio Oliveira"},"geometry":{"type":"Polygon","coordinates":[[[-41.712,-8.5],[-41.74,-8.577],[-41.745,-8.59],[-41.75,-8.605],[-41.737,-8.732],[-41.747,-8.733],[-41.75,-8.729],[-41.76,-8.731],[-41.762,-8.729],[-41.76,-8.726],[-41.763,-8.719],[-41.77,-8.717],[-41.775,-8.721],[-41.776,-8.715],[-41.794,-8.702],[-41.793,-8.695],[-41.801,-8.695],[-41.807,-8.689],[-41.806,-8.686],[-41.808,-8.684],[-41.814,-8.689],[-41.816,-8.695],[-41.831,-8.693],[-41.841,-8.702],[-41.849,-8.7],[-41.866,-8.68],[-41.879,-8.672],[-41.893,-8.67],[-41.897,-8.674],[-41.909,-8.653],[-41.918,-8.657],[-41.93,-8.644],[-41.947,-8.645],[-41.949,-8.638],[-41.968,-8.635],[-41.969,-8.626],[-41.98,-8.623],[-41.994,-8.601],[-42.0,-8.599],[-42.01,-8.601],[-42.024,-8.586],[-42.035,-8.586],[-42.04,-8.586],[-42.04,-8.59],[-42.052,-8.597],[-42.055,-8.592],[-42.059,-8.594],[-42.064,-8.581],[-42.07,-8.585],[-42.076,-8.584],[-42.078,-8.572],[-42.108,-8.581],[-42.113,-8.582],[-42.115,-8.577],[-42.125,-8.572],[-42.125,-8.566],[-42.144,-8.501],[-42.152,-8.473],[-42.033,-8.46],[-41.989,-8.34],[-41.985,-8.326],[-41.957,-8.372],[-41.949,-8.373],[-41.937,-8.399],[-41.927,-8.399],[-41.735,-8.4],[-41.727,-8.4],[-41.72,-8.404],[-41.732,-8.41],[-41.754,-8.423],[-41.732,-8.463],[-41.712,-8.5]]]}},{"type":"Feature","properties":{"id":"2202505","nome":"Caracol"},"geometry":{"type":"Polygon","coordinates":[[[-43.24,-9.084],[-43.206,-9.157],[-43.188,-9.195],[-43.213,-9.241],[-43.218,-9.283],[-43.21,-9.285],[-43.223,-9.313],[-43.206,-9.317],[-43.206,-9.322],[-43.205,-9.345],[-43.205,-9.352],[-43.213,-9.355],[-43.218,-9.4],[-43.229,-9.403],[-43.242,-9.411],[-43.266,-9.411],[-43.272,-9.422],[-43.278,-9.424],[-43.285,-9.42],[-43.293,-9.401],[-43.302,-9.393],[-43.315,-9.389],[-43.324,-9.376],[-43.336,-9.368],[-43.353,-9.369],[-43.361,-9.364],[-43.376,-9.348],[-43.392,-9.322],[-43.399,-9.308],[-43.427,-9.272],[-43.438,-9.266],[-43.458,-9.261],[-43.485,-9.265],[-43.497,-9.272],[-43.525,-9.3],[-43.54,-9.308],[-43.541,-9.273],[-43.541,-9.237],[-43.53,-9.222],[-43.458,-9.126],[-43.419,-9.138],[-43.422,-9.125],[-43.42,-9.103],[-43.415,-9.087],[-43.416,-9.073],[-43.421,-9.06],[-43.441,-9.041],[-43.45,-9.021],[-43.445,-8.973],[-43.447,-8.936],[-43.453,-8.912],[-43.451,-8.876],[-43.419,-8.807],[-43.416,-8.786],[-43.428,-8.764],[-43.44,-8.756],[-43.467,-8.73],[-43.253,-8.728],[-43.26,-8.746],[-43.283,-8.749],[-43.279,-9.0],[-43.24,-9.084]]]}},{"type":"Feature","properties":{"id":"2202539","nome":"Cara\u00fabas do Piau\u00ed"},"geometry":{"type":"Polygon","coordinates":[[[-41.689,-3.452],[-41.674,-3.482],[-41.701,-3.545],[-41.711,-3.555],[-41.746,-3.586],[-41.773,-3.572],[-41.775,-3.577],[-41.794,-3.624],[-41.81,-3.645],[-41.866,-3.721],[-41.904,-3.693],[-41.923,-3.677],[-41.921,-3.673],[-41.926,-3.653],[-41.925,-3.639],[-41.939,-3.635],[-41.936,-3.623],[-41.94,-3.616],[-41.937,-3.596],[-41.927,-3.583],[-41.933,-3.57],[-41.925,-3.557],[-41.914,-3.551],[-41.909,-3.533],[-41.913,-3.528],[-41.893,-3.52],[-41.874,-3.532],[-41.866,-3.528],[-41.874,-3.523],[-41.882,-3.5],[-41.886,-3.476],[-41.876,-3.477],[-41.872,-3.473],[-41.866,-3.477],[-41.858,-3.474],[-41.867,-3.46],[-41.812,-3.456],[-41.785,-3.466],[-41.772,-3.469],[-41.746,-3.463],[-41.732,-3.471],[-41.719,-3.466],[-41.711,-3.467],[-41.689,-3.452]]]}},{"type":"Feature","properties":{"id":"2202554","nome":"Caridade do Piau\u00ed"},"geometry":{"type":"Polygon","coordinates":[[[-40.896,-7.609],[-40.85,-7.639],[-40.846,-7.635],[-40.801,-7.688],[-40.797,-7.693],[-40.802,-7.705],[-40.8,-7.724],[-40.804,-7.749],[-40.829,-7.737],[-40.882,-7.71],[-40.904,-7.699],[-40.945,-7.807],[-40.952,-7.826],[-41.051,-7.784],[-41.092,-7.766],[-41.093,-7.718],[-41.089,-7.713],[-41.038,-7.654],[-41.02,-7.633],[-40.948,-7.598],[-40.947,-7.598],[-40.916,-7.597],[-40.896,-7.609]]]}},{"type":"Feature","properties":{"id":"2202604","nome":"Castelo do Piau\u00ed"},"geometry":{"type":"Polygon","coordinates":[[[-41.475,-5.035],[-41.482,-5.178],[-41.451,-5.209],[-41.431,-5.209],[-41.437,-5.285],[-41.401,-5.259],[-41.401,-5.269],[-41.397,-5.275],[-41.382,-5.269],[-41.382,-5.272],[-41.373,-5.273],[-41.362,-5.282],[-41.358,-5.278],[-41.35,-5.278],[-41.344,-5.283],[-41.34,-5.299],[-41.336,-5.298],[-41.325,-5.306],[-41.327,-5.309],[-41.322,-5.318],[-41.303,-5.323],[-41.297,-5.329],[-41.298,-5.335],[-41.292,-5.343],[-41.288,-5.363],[-41.268,-5.379],[-41.257,-5.384],[-41.247,-5.405],[-41.238,-5.41],[-41.24,-5.416],[-41.225,-5.426],[-41.277,-5.429],[-41.293,-5.433],[-41.367,-5.456],[-41.404,-5.467],[-41.452,-5.482],[-41.737,-5.568],[-41.756,-5.56],[-41.76,-5.558],[-41.698,-5.482],[-41.676,-5.441],[-41.685,-5.435],[-41.691,-5.435],[-41.694,-5.437],[-41.695,-5.457],[-41.707,-5.454],[-41.71,-5.444],[-41.716,-5.442],[-41.722,-5.432],[-41.73,-5.432],[-41.724,-5.422],[-41.742,-5.42],[-41.756,-5.412],[-41.75,-5.411],[-41.751,-5.406],[-41.756,-5.403],[-41.774,-5.403],[-41.768,-5.399],[-41.776,-5.392],[-41.78,-5.386],[-41.785,-5.395],[-41.793,-5.399],[-41.803,-5.392],[-41.803,-5.387],[-41.813,-5.384],[-41.817,-5.375],[-41.826,-5.373],[-41.831,-5.375],[-41.842,-5.361],[-41.829,-5.354],[-41.839,-5.353],[-41.844,-5.352],[-41.861,-5.36],[-41.852,-5.339],[-41.838,-5.34],[-41.835,-5.328],[-41.819,-5.331],[-41.813,-5.327],[-41.799,-5.321],[-41.801,-5.22],[-41.8,-5.194],[-41.776,-5.137],[-41.745,-5.064],[-41.734,-5.038],[-41.733,-5.055],[-41.731,-5.189],[-41.722,-5.175],[-41.714,-5.173],[-41.708,-5.172],[-41.712,-5.179],[-41.709,-5.188],[-41.702,-5.189],[-41.688,-5.171],[-41.657,-5.155],[-41.653,-5.144],[-41.64,-5.128],[-41.619,-5.119],[-41.618,-5.102],[-41.598,-5.09],[-41.597,-5.079],[-41.587,-5.079],[-41.58,-5.075],[-41.564,-5.073],[-41.552,-5.06],[-41.532,-5.056],[-41.523,-5.062],[-41.515,-5.063],[-41.51,-5.059],[-41.513,-5.039],[-41.505,-5.033],[-41.504,-5.022],[-41.498,-5.014],[-41.458,-5.031],[-41.475,-5.035]]]}},{"type":"Feature","properties":{"id":"2202653","nome":"Caxing\u00f3"},"geometry":{"type":"Polygon","coordinates":[[[-41.797,-3.253],[-41.743,-3.321],[-41.75,-3.333],[-41.731,-3.334],[-41.734,-3.343],[-41.737,-3.368],[-41.74,-3.434],[-41.747,-3.453],[-41.746,-3.463],[-41.772,-3.469],[-41.785,-3.466],[-41.812,-3.456],[-41.867,-3.46],[-41.858,-3.474],[-41.866,-3.477],[-41.872,-3.473],[-41.876,-3.477],[-41.886,-3.476],[-41.882,-3.5],[-41.874,-3.523],[-41.866,-3.528],[-41.874,-3.532],[-41.893,-3.52],[-41.913,-3.528],[-41.974,-3.521],[-41.974,-3.507],[-41.976,-3.45],[-41.97,-3.454],[-41.963,-3.449],[-41.955,-3.45],[-41.925,-3.467],[-41.917,-3.464],[-41.918,-3.46],[-41.908,-3.454],[-41.906,-3.437],[-41.913,-3.428],[-41.916,-3.412],[-41.925,-3.411],[-41.938,-3.396],[-41.946,-3.399],[-41.951,-3.398],[-41.948,-3.382],[-41.946,-3.378],[-41.946,-3.373],[-41.956,-3.362],[-41.96,-3.36],[-41.977,-3.362],[-41.983,-3.351],[-42.003,-3.345],[-42.004,-3.338],[-41.965,-3.335],[-41.961,-3.332],[-41.927,-3.326],[-41.924,-3.333],[-41.882,-3.333],[-41.882,-3.331],[-41.882,-3.307],[-41.869,-3.305],[-41.863,-3.294],[-41.854,-3.294],[-41.857,-3.28],[-41.841,-3.278],[-41.841,-3.265],[-41.831,-3.269],[-41.828,-3.263],[-41.797,-3.253]]]}},{"type":"Feature","properties":{"id":"2202703","nome":"Cocal"},"geometry":{"type":"Polygon","coordinates":[[[-41.423,-3.368],[-41.418,-3.37],[-41.402,-3.362],[-41.4,-3.378],[-41.403,-3.396],[-41.393,-3.399],[-41.388,-3.412],[-41.356,-3.41],[-41.348,-3.414],[-41.344,-3.419],[-41.344,-3.44],[-41.348,-3.452],[-41.338,-3.459],[-41.329,-3.465],[-41.327,-3.491],[-41.32,-3.494],[-41.306,-3.488],[-41.299,-3.491],[-41.32,-3.497],[-41.324,-3.503],[-41.325,-3.536],[-41.336,-3.554],[-41.364,-3.558],[-41.367,-3.562],[-41.395,-3.547],[-41.418,-3.523],[-41.428,-3.535],[-41.428,-3.546],[-41.453,-3.551],[-41.459,-3.549],[-41.47,-3.551],[-41.485,-3.552],[-41.518,-3.567],[-41.512,-3.582],[-41.503,-3.592],[-41.521,-3.605],[-41.599,-3.626],[-41.649,-3.64],[-41.674,-3.661],[-41.678,-3.664],[-41.745,-3.672],[-41.746,-3.632],[-41.746,-3.586],[-41.711,-3.555],[-41.701,-3.545],[-41.674,-3.482],[-41.673,-3.437],[-41.662,-3.379],[-41.674,-3.329],[-41.675,-3.324],[-41.677,-3.317],[-41.683,-3.313],[-41.693,-3.307],[-41.684,-3.306],[-41.627,-3.295],[-41.626,-3.295],[-41.615,-3.293],[-41.616,-3.278],[-41.558,-3.234],[-41.516,-3.212],[-41.517,-3.188],[-41.511,-3.185],[-41.503,-3.198],[-41.481,-3.233],[-41.493,-3.269],[-41.503,-3.28],[-41.499,-3.286],[-41.49,-3.29],[-41.483,-3.301],[-41.486,-3.315],[-41.446,-3.34],[-41.414,-3.35],[-41.423,-3.368]]]}},{"type":"Feature","properties":{"id":"2202711","nome":"Cocal de Telha"},"geometry":{"type":"Polygon","coordinates":[[[-41.965,-4.532],[-41.93,-4.557],[-41.918,-4.565],[-41.862,-4.603],[-41.847,-4.613],[-41.878,-4.671],[-41.905,-4.672],[-41.908,-4.688],[-41.937,-4.686],[-41.951,-4.684],[-41.951,-4.689],[-41.956,-4.692],[-41.98,-4.694],[-41.986,-4.699],[-41.994,-4.7],[-42.011,-4.698],[-42.016,-4.692],[-42.034,-4.688],[-42.044,-4.669],[-42.062,-4.661],[-42.051,-4.652],[-42.059,-4.642],[-42.036,-4.604],[-42.0,-4.54],[-42.007,-4.544],[-42.013,-4.529],[-41.995,-4.53],[-41.966,-4.532],[-41.965,-4.532]]]}},{"type":"Feature","properties":{"id":"2202729","nome":"Cocal dos Alves"},"geometry":{"type":"Polygon","coordinates":[[[-41.395,-3.547],[-41.367,-3.562],[-41.371,-3.567],[-41.37,-3.574],[-41.362,-3.583],[-41.353,-3.585],[-41.345,-3.588],[-41.331,-3.624],[-41.339,-3.67],[-41.343,-3.676],[-41.341,-3.68],[-41.326,-3.687],[-41.307,-3.684],[-41.29,-3.689],[-41.279,-3.7],[-41.255,-3.703],[-41.239,-3.712],[-41.239,-3.72],[-41.252,-3.723],[-41.257,-3.73],[-41.261,-3.757],[-41.278,-3.77],[-41.313,-3.739],[-41.334,-3.691],[-41.371,-3.718],[-41.411,-3.748],[-41.442,-3.771],[-41.455,-3.719],[-41.429,-3.709],[-41.433,-3.698],[-41.434,-3.697],[-41.444,-3.666],[-41.49,-3.664],[-41.459,-3.627],[-41.515,-3.614],[-41.521,-3.605],[-41.503,-3.592],[-41.512,-3.582],[-41.518,-3.567],[-41.485,-3.552],[-41.47,-3.551],[-41.459,-3.549],[-41.453,-3.551],[-41.428,-3.546],[-41.428,-3.535],[-41.418,-3.523],[-41.395,-3.547]]]}},{"type":"Feature","properties":{"id":"2202737","nome":"Coivaras"},"geometry":{"type":"Polygon","coordinates":[[[-42.151,-5.065],[-42.156,-5.068],[-42.166,-5.067],[-42.173,-5.069],[-42.168,-5.077],[-42.172,-5.087],[-42.185,-5.095],[-42.182,-5.1],[-42.184,-5.11],[-42.191,-5.119],[-42.193,-5.128],[-42.197,-5.14],[-42.198,-5.146],[-42.228,-5.164],[-42.254,-5.19],[-42.27,-5.217],[-42.28,-5.235],[-42.312,-5.235],[-42.312,-5.251],[-42.321,-5.269],[-42.317,-5.282],[-42.327,-5.298],[-42.339,-5.232],[-42.347,-5.216],[-42.35,-5.19],[-42.368,-5.165],[-42.379,-5.152],[-42.39,-5.14],[-42.39,-5.139],[-42.353,-5.043],[-42.313,-4.938],[-42.242,-4.993],[-42.195,-5.03],[-42.151,-5.065]]]}},{"type":"Feature","properties":{"id":"2202752","nome":"Col\u00f4nia do Gurgu\u00e9ia"},"geometry":{"type":"Polygon","coordinates":[[[-43.733,-8.044],[-43.723,-8.157],[-43.612,-8.149],[-43.585,-8.135],[-43.571,-8.157],[-43.536,-8.151],[-43.518,-8.147],[-43.521,-8.167],[-43.579,-8.256],[-43.63,-8.263],[-43.647,-8.252],[-43.822,-8.253],[-43.814,-8.243],[-43.813,-8.236],[-43.82,-8.227],[-43.815,-8.215],[-43.814,-8.2],[-43.809,-8.2],[-43.813,-8.193],[-43.819,-8.193],[-43.811,-8.182],[-43.819,-8.177],[-43.813,-8.159],[-43.818,-8.152],[-43.814,-8.146],[-43.81,-8.143],[-43.814,-8.14],[-43.811,-8.135],[-43.81,-8.139],[-43.805,-8.138],[-43.808,-8.13],[-43.815,-8.13],[-43.812,-8.128],[-43.815,-8.122],[-43.811,-8.12],[-43.812,-8.116],[-43.805,-8.101],[-43.805,-8.095],[-43.81,-8.093],[-43.806,-8.094],[-43.804,-8.09],[-43.808,-8.085],[-43.802,-8.075],[-43.794,-8.074],[-43.796,-8.068],[-43.788,-8.068],[-43.733,-8.044]]]}},{"type":"Feature","properties":{"id":"2202778","nome":"Col\u00f4nia do Piau\u00ed"},"geometry":{"type":"Polygon","coordinates":[[[-42.097,-7.155],[-42.052,-7.318],[-42.022,-7.301],[-41.992,-7.266],[-41.952,-7.323],[-42.039,-7.366],[-42.045,-7.369],[-42.188,-7.44],[-42.218,-7.438],[-42.304,-7.432],[-42.306,-7.432],[-42.312,-7.431],[-42.319,-7.434],[-42.36,-7.417],[-42.313,-7.235],[-42.313,-7.234],[-42.31,-7.223],[-42.306,-7.211],[-42.306,-7.195],[-42.303,-7.191],[-42.296,-7.175],[-42.29,-7.18],[-42.274,-7.171],[-42.264,-7.176],[-42.25,-7.171],[-42.247,-7.167],[-42.231,-7.138],[-42.21,-7.133],[-42.18,-7.108],[-42.168,-7.105],[-42.161,-7.11],[-42.097,-7.155]]]}},{"type":"Feature","properties":{"id":"2202802","nome":"Concei\u00e7\u00e3o do Canind\u00e9"},"geometry":{"type":"Polygon","coordinates":[[[-41.382,-7.787],[-41.404,-7.882],[-41.504,-7.919],[-41.539,-7.932],[-41.482,-7.989],[-41.484,-8.003],[-41.467,-8.006],[-41.468,-8.032],[-41.468,-8.062],[-41.522,-8.061],[-41.524,-8.068],[-41.539,-8.068],[-41.542,-8.07],[-41.54,-8.072],[-41.549,-8.073],[-41.574,-8.071],[-41.582,-8.077],[-41.601,-8.08],[-41.6,-8.075],[-41.589,-8.064],[-41.585,-8.046],[-41.574,-8.038],[-41.609,-8.046],[-41.636,-8.068],[-41.658,-8.066],[-41.693,-8.071],[-41.726,-8.083],[-41.734,-8.086],[-41.747,-8.022],[-41.735,-7.998],[-41.702,-7.929],[-41.746,-7.862],[-41.663,-7.837],[-41.657,-7.83],[-41.656,-7.829],[-41.606,-7.767],[-41.587,-7.758],[-41.57,-7.764],[-41.485,-7.793],[-41.477,-7.75],[-41.464,-7.755],[-41.434,-7.767],[-41.391,-7.784],[-41.382,-7.787]]]}},{"type":"Feature","properties":{"id":"2202851","nome":"Coronel Jos\u00e9 Dias"},"geometry":{"type":"Polygon","coordinates":[[[-42.21,-8.649],[-42.177,-8.681],[-42.129,-8.728],[-42.202,-8.832],[-42.197,-8.842],[-42.221,-8.846],[-42.235,-8.863],[-42.236,-8.927],[-42.232,-8.965],[-42.225,-9.012],[-42.179,-9.133],[-42.142,-9.153],[-42.124,-9.179],[-42.069,-9.257],[-42.099,-9.28],[-42.121,-9.284],[-42.142,-9.288],[-42.179,-9.285],[-42.194,-9.291],[-42.206,-9.292],[-42.226,-9.283],[-42.208,-9.194],[-42.214,-9.19],[-42.246,-9.188],[-42.262,-9.182],[-42.298,-9.181],[-42.307,-9.185],[-42.315,-9.19],[-42.331,-9.188],[-42.329,-9.185],[-42.331,-9.182],[-42.33,-9.178],[-42.339,-9.175],[-42.342,-9.179],[-42.344,-9.174],[-42.353,-9.175],[-42.359,-9.17],[-42.357,-9.163],[-42.36,-9.156],[-42.357,-9.153],[-42.366,-9.15],[-42.361,-9.147],[-42.365,-9.142],[-42.37,-9.145],[-42.37,-9.131],[-42.378,-9.127],[-42.37,-9.125],[-42.371,-9.121],[-42.376,-9.12],[-42.367,-9.106],[-42.368,-9.088],[-42.361,-9.082],[-42.357,-9.081],[-42.36,-9.079],[-42.357,-9.068],[-42.346,-9.06],[-42.345,-9.052],[-42.342,-9.041],[-42.337,-9.039],[-42.337,-9.034],[-42.332,-9.006],[-42.322,-8.994],[-42.336,-8.96],[-42.342,-8.945],[-42.367,-8.908],[-42.403,-8.953],[-42.408,-8.944],[-42.435,-8.944],[-42.49,-8.93],[-42.522,-8.907],[-42.558,-8.938],[-42.574,-8.907],[-42.582,-8.858],[-42.583,-8.853],[-42.604,-8.728],[-42.475,-8.657],[-42.34,-8.661],[-42.331,-8.662],[-42.31,-8.662],[-42.291,-8.63],[-42.21,-8.649]]]}},{"type":"Feature","properties":{"id":"2202901","nome":"Corrente"},"geometry":{"type":"Polygon","coordinates":[[[-44.8,-10.423],[-44.806,-10.428],[-44.814,-10.431],[-44.818,-10.428],[-44.814,-10.439],[-44.81,-10.444],[-44.812,-10.449],[-44.827,-10.448],[-44.83,-10.452],[-44.83,-10.466],[-44.836,-10.472],[-44.844,-10.47],[-44.849,-10.475],[-44.844,-10.49],[-44.852,-10.498],[-44.87,-10.505],[-44.883,-10.505],[-44.884,-10.508],[-44.889,-10.506],[-44.936,-10.574],[-44.965,-10.616],[-45.028,-10.615],[-45.024,-10.655],[-45.111,-10.621],[-45.162,-10.601],[-45.191,-10.589],[-45.212,-10.593],[-45.304,-10.607],[-45.414,-10.645],[-45.429,-10.634],[-45.437,-10.615],[-45.436,-10.576],[-45.44,-10.569],[-45.447,-10.556],[-45.44,-10.541],[-45.438,-10.525],[-45.447,-10.507],[-45.426,-10.484],[-45.4,-10.463],[-45.396,-10.452],[-45.396,-10.445],[-45.424,-10.426],[-45.43,-10.403],[-45.425,-10.37],[-45.43,-10.36],[-45.456,-10.338],[-45.473,-10.315],[-45.484,-10.304],[-45.49,-10.301],[-45.388,-10.244],[-45.34,-10.224],[-45.285,-10.201],[-45.192,-10.144],[-45.17,-10.143],[-45.106,-10.138],[-45.058,-10.135],[-45.0,-10.13],[-44.942,-10.186],[-44.794,-10.328],[-44.831,-10.34],[-44.799,-10.406],[-44.808,-10.41],[-44.808,-10.416],[-44.8,-10.423]]]}},{"type":"Feature","properties":{"id":"2203008","nome":"Cristal\u00e2ndia do Piau\u00ed"},"geometry":{"type":"Polygon","coordinates":[[[-44.882,-10.752],[-44.863,-10.885],[-44.884,-10.902],[-44.897,-10.903],[-44.901,-10.91],[-44.91,-10.912],[-44.931,-10.928],[-44.968,-10.9],[-44.974,-10.891],[-44.995,-10.883],[-45.002,-10.887],[-45.016,-10.884],[-45.03,-10.866],[-45.045,-10.859],[-45.05,-10.852],[-45.063,-10.848],[-45.073,-10.84],[-45.086,-10.84],[-45.105,-10.846],[-45.116,-10.84],[-45.153,-10.839],[-45.154,-10.839],[-45.215,-10.83],[-45.219,-10.826],[-45.219,-10.817],[-45.248,-10.822],[-45.257,-10.811],[-45.266,-10.781],[-45.272,-10.773],[-45.289,-10.765],[-45.322,-10.76],[-45.356,-10.733],[-45.358,-10.732],[-45.369,-10.68],[-45.377,-10.663],[-45.39,-10.648],[-45.414,-10.645],[-45.304,-10.607],[-45.212,-10.593],[-45.191,-10.589],[-45.162,-10.601],[-45.111,-10.621],[-45.024,-10.655],[-45.007,-10.661],[-44.994,-10.666],[-44.89,-10.745],[-44.882,-10.752]]]}},{"type":"Feature","properties":{"id":"2203107","nome":"Cristino Castro"},"geometry":{"type":"Polygon","coordinates":[[[-43.745,-8.592],[-43.729,-8.598],[-43.719,-8.594],[-43.702,-8.6],[-43.683,-8.599],[-43.702,-8.717],[-43.792,-8.814],[-43.792,-8.815],[-43.839,-8.939],[-43.846,-8.958],[-43.846,-8.959],[-43.869,-9.018],[-44.194,-8.901],[-44.244,-8.883],[-44.262,-8.883],[-44.263,-8.872],[-44.268,-8.862],[-44.275,-8.862],[-44.3,-8.847],[-44.269,-8.823],[-44.305,-8.799],[-44.272,-8.799],[-44.239,-8.798],[-44.226,-8.787],[-44.202,-8.771],[-44.193,-8.772],[-44.191,-8.765],[-44.186,-8.764],[-44.187,-8.761],[-44.182,-8.761],[-44.174,-8.751],[-44.156,-8.747],[-44.151,-8.734],[-44.151,-8.727],[-44.139,-8.7],[-44.134,-8.696],[-44.128,-8.694],[-44.118,-8.698],[-44.116,-8.693],[-44.11,-8.693],[-44.084,-8.668],[-44.074,-8.664],[-44.068,-8.666],[-44.062,-8.66],[-44.059,-8.663],[-44.05,-8.662],[-44.05,-8.658],[-44.041,-8.655],[-44.047,-8.652],[-44.044,-8.648],[-44.039,-8.649],[-44.042,-8.645],[-44.04,-8.641],[-44.033,-8.64],[-44.033,-8.636],[-44.037,-8.635],[-44.031,-8.633],[-44.034,-8.63],[-44.031,-8.627],[-44.028,-8.63],[-44.02,-8.622],[-44.023,-8.62],[-44.021,-8.616],[-44.027,-8.619],[-44.022,-8.614],[-44.027,-8.614],[-44.028,-8.61],[-44.024,-8.603],[-43.768,-8.584],[-43.747,-8.591],[-43.745,-8.592]]]}},{"type":"Feature","properties":{"id":"2203206","nome":"Curimat\u00e1"},"geometry":{"type":"Polygon","coordinates":[[[-44.132,-9.718],[-44.115,-9.731],[-44.115,-9.747],[-44.12,-9.759],[-44.116,-9.768],[-44.119,-9.785],[-44.113,-9.801],[-44.109,-9.803],[-44.106,-9.809],[-44.113,-9.814],[-44.113,-9.819],[-44.142,-9.834],[-44.149,-9.833],[-44.138,-9.843],[-44.134,-9.851],[-44.127,-9.854],[-44.119,-9.869],[-44.102,-9.877],[-44.095,-9.886],[-44.11,-9.898],[-44.116,-9.913],[-44.126,-9.92],[-44.125,-9.926],[-44.131,-9.935],[-44.125,-9.95],[-44.111,-9.95],[-44.119,-10.028],[-44.115,-10.024],[-44.137,-10.07],[-44.134,-10.083],[-44.133,-10.093],[-44.137,-10.097],[-44.136,-10.102],[-44.13,-10.11],[-44.126,-10.126],[-44.128,-10.139],[-44.126,-10.16],[-44.134,-10.18],[-44.116,-10.182],[-44.083,-10.169],[-44.073,-10.169],[-44.058,-10.176],[-44.2,-10.241],[-44.222,-10.251],[-44.223,-10.251],[-44.307,-10.29],[-44.309,-10.275],[-44.335,-10.239],[-44.364,-10.216],[-44.359,-10.187],[-44.362,-10.168],[-44.377,-10.159],[-44.392,-10.14],[-44.39,-10.12],[-44.392,-10.112],[-44.421,-10.102],[-44.414,-10.087],[-44.41,-10.05],[-44.442,-10.011],[-44.449,-9.99],[-44.442,-9.978],[-44.459,-9.973],[-44.469,-9.964],[-44.482,-9.962],[-44.49,-9.954],[-44.481,-9.93],[-44.488,-9.922],[-44.49,-9.923],[-44.506,-9.913],[-44.512,-9.914],[-44.526,-9.904],[-44.553,-9.902],[-44.563,-9.892],[-44.564,-9.876],[-44.575,-9.863],[-44.582,-9.861],[-44.588,-9.849],[-44.595,-9.851],[-44.607,-9.838],[-44.61,-9.832],[-44.604,-9.826],[-44.608,-9.814],[-44.614,-9.811],[-44.626,-9.789],[-44.624,-9.767],[-44.609,-9.763],[-44.605,-9.766],[-44.601,-9.763],[-44.596,-9.766],[-44.575,-9.754],[-44.561,-9.75],[-44.557,-9.751],[-44.542,-9.744],[-44.526,-9.745],[-44.518,-9.738],[-44.496,-9.73],[-44.485,-9.731],[-44.466,-9.722],[-44.467,-9.719],[-44.458,-9.715],[-44.459,-9.71],[-44.456,-9.707],[-44.44,-9.699],[-44.421,-9.71],[-44.415,-9.709],[-44.409,-9.718],[-44.37,-9.719],[-44.361,-9.727],[-44.348,-9.729],[-44.329,-9.725],[-44.304,-9.718],[-44.188,-9.659],[-44.156,-9.685],[-44.132,-9.718]]]}},{"type":"Feature","properties":{"id":"2203230","nome":"Currais"},"geometry":{"type":"Polygon","coordinates":[[[-44.827,-8.426],[-44.727,-8.532],[-44.516,-8.665],[-44.502,-8.674],[-44.305,-8.799],[-44.332,-8.817],[-44.345,-8.819],[-44.353,-8.832],[-44.341,-8.86],[-44.303,-8.943],[-44.333,-8.982],[-44.35,-9.027],[-44.355,-9.04],[-44.375,-9.031],[-44.428,-9.034],[-44.636,-9.032],[-44.731,-9.031],[-44.798,-9.031],[-45.062,-9.028],[-45.083,-9.004],[-45.084,-8.996],[-45.061,-8.98],[-45.061,-8.974],[-45.056,-8.969],[-45.041,-8.959],[-45.031,-8.96],[-45.016,-8.953],[-44.99,-8.93],[-44.972,-8.908],[-44.963,-8.885],[-44.958,-8.882],[-44.961,-8.875],[-44.956,-8.868],[-44.947,-8.871],[-44.939,-8.855],[-44.923,-8.844],[-44.912,-8.823],[-44.913,-8.817],[-44.906,-8.808],[-44.904,-8.787],[-44.897,-8.782],[-44.899,-8.772],[-44.895,-8.769],[-44.894,-8.759],[-44.886,-8.743],[-44.884,-8.661],[-44.889,-8.655],[-44.884,-8.605],[-44.877,-8.593],[-44.879,-8.577],[-44.874,-8.564],[-44.877,-8.536],[-44.874,-8.528],[-44.866,-8.523],[-44.866,-8.518],[-44.861,-8.515],[-44.86,-8.51],[-44.854,-8.508],[-44.848,-8.499],[-44.849,-8.483],[-44.844,-8.482],[-44.845,-8.48],[-44.84,-8.473],[-44.838,-8.456],[-44.833,-8.443],[-44.835,-8.437],[-44.83,-8.435],[-44.829,-8.431],[-44.827,-8.433],[-44.827,-8.426]]]}},{"type":"Feature","properties":{"id":"2203255","nome":"Curralinhos"},"geometry":{"type":"Polygon","coordinates":[[[-42.748,-5.54],[-42.753,-5.575],[-42.761,-5.625],[-42.749,-5.629],[-42.735,-5.634],[-42.734,-5.661],[-42.739,-5.662],[-42.781,-5.671],[-42.814,-5.678],[-42.858,-5.688],[-42.897,-5.696],[-42.936,-5.704],[-42.951,-5.696],[-42.975,-5.682],[-42.953,-5.652],[-42.959,-5.638],[-42.972,-5.628],[-42.914,-5.626],[-42.941,-5.586],[-42.931,-5.574],[-42.914,-5.556],[-42.861,-5.569],[-42.856,-5.57],[-42.862,-5.559],[-42.855,-5.55],[-42.847,-5.546],[-42.849,-5.54],[-42.846,-5.536],[-42.819,-5.524],[-42.811,-5.501],[-42.79,-5.52],[-42.771,-5.522],[-42.759,-5.529],[-42.748,-5.54]]]}},{"type":"Feature","properties":{"id":"2203271","nome":"Curral Novo do Piau\u00ed"},"geometry":{"type":"Polygon","coordinates":[[[-40.703,-7.895],[-40.696,-7.9],[-40.69,-7.897],[-40.686,-7.905],[-40.688,-7.908],[-40.683,-7.908],[-40.686,-7.912],[-40.683,-7.918],[-40.674,-7.928],[-40.664,-7.922],[-40.665,-7.927],[-40.657,-7.936],[-40.647,-7.939],[-40.644,-7.937],[-40.631,-7.933],[-40.631,-7.939],[-40.616,-7.951],[-40.61,-7.949],[-40.597,-7.955],[-40.58,-7.947],[-40.576,-7.952],[-40.57,-7.953],[-40.554,-7.948],[-40.543,-7.958],[-40.575,-8.03],[-40.582,-8.044],[-40.619,-8.042],[-40.712,-8.036],[-40.729,-8.024],[-40.853,-7.935],[-40.896,-7.911],[-40.951,-7.864],[-40.952,-7.826],[-40.945,-7.807],[-40.904,-7.699],[-40.882,-7.71],[-40.829,-7.737],[-40.804,-7.749],[-40.807,-7.766],[-40.803,-7.767],[-40.762,-7.775],[-40.672,-7.793],[-40.686,-7.84],[-40.7,-7.888],[-40.703,-7.895]]]}},{"type":"Feature","properties":{"id":"2203305","nome":"Demerval Lob\u00e3o"},"geometry":{"type":"Polygon","coordinates":[[[-42.601,-5.251],[-42.599,-5.35],[-42.631,-5.392],[-42.662,-5.391],[-42.713,-5.42],[-42.726,-5.427],[-42.748,-5.424],[-42.748,-5.371],[-42.748,-5.339],[-42.708,-5.3],[-42.677,-5.273],[-42.661,-5.276],[-42.633,-5.246],[-42.63,-5.247],[-42.601,-5.251]]]}},{"type":"Feature","properties":{"id":"2203354","nome":"Dirceu Arcoverde"},"geometry":{"type":"Polygon","coordinates":[[[-42.369,-9.187],[-42.337,-9.188],[-42.329,-9.185],[-42.331,-9.188],[-42.315,-9.19],[-42.307,-9.185],[-42.298,-9.181],[-42.262,-9.182],[-42.246,-9.188],[-42.214,-9.19],[-42.208,-9.194],[-42.226,-9.283],[-42.243,-9.288],[-42.261,-9.304],[-42.268,-9.309],[-42.29,-9.309],[-42.312,-9.316],[-42.32,-9.321],[-42.325,-9.333],[-42.355,-9.349],[-42.359,-9.377],[-42.364,-9.381],[-42.398,-9.397],[-42.425,-9.417],[-42.428,-9.439],[-42.44,-9.456],[-42.451,-9.462],[-42.471,-9.458],[-42.489,-9.462],[-42.491,-9.469],[-42.486,-9.483],[-42.491,-9.493],[-42.522,-9.503],[-42.549,-9.495],[-42.569,-9.501],[-42.586,-9.496],[-42.595,-9.504],[-42.603,-9.516],[-42.627,-9.445],[-42.66,-9.416],[-42.661,-9.416],[-42.677,-9.402],[-42.665,-9.401],[-42.673,-9.383],[-42.687,-9.383],[-42.722,-9.341],[-42.643,-9.331],[-42.584,-9.303],[-42.583,-9.303],[-42.493,-9.255],[-42.47,-9.193],[-42.462,-9.172],[-42.454,-9.17],[-42.402,-9.177],[-42.369,-9.187]]]}},{"type":"Feature","properties":{"id":"2203404","nome":"Dom Expedito Lopes"},"geometry":{"type":"Polygon","coordinates":[[[-41.703,-6.901],[-41.7,-6.915],[-41.647,-6.903],[-41.622,-6.899],[-41.62,-6.901],[-41.615,-6.906],[-41.616,-6.927],[-41.616,-6.946],[-41.617,-7.0],[-41.641,-7.028],[-41.641,-7.033],[-41.661,-7.031],[-41.715,-7.0],[-41.717,-7.003],[-41.73,-7.019],[-41.731,-7.017],[-41.738,-7.012],[-41.78,-6.963],[-41.797,-6.987],[-41.802,-6.96],[-41.808,-6.929],[-41.811,-6.921],[-41.806,-6.921],[-41.763,-6.921],[-41.76,-6.913],[-41.703,-6.901]]]}},{"type":"Feature","properties":{"id":"2203420","nome":"Domingos Mour\u00e3o"},"geometry":{"type":"Polygon","coordinates":[[[-41.347,-4.137],[-41.339,-4.145],[-41.332,-4.141],[-41.333,-4.148],[-41.331,-4.151],[-41.313,-4.147],[-41.31,-4.145],[-41.303,-4.148],[-41.303,-4.156],[-41.298,-4.157],[-41.294,-4.167],[-41.279,-4.169],[-41.263,-4.161],[-41.258,-4.144],[-41.25,-4.139],[-41.243,-4.142],[-41.238,-4.153],[-41.232,-4.157],[-41.217,-4.158],[-41.209,-4.151],[-41.208,-4.147],[-41.204,-4.147],[-41.196,-4.148],[-41.19,-4.159],[-41.182,-4.161],[-41.176,-4.177],[-41.164,-4.188],[-41.142,-4.185],[-41.136,-4.178],[-41.126,-4.176],[-41.099,-4.181],[-41.099,-4.182],[-41.136,-4.233],[-41.119,-4.306],[-41.119,-4.324],[-41.209,-4.337],[-41.229,-4.34],[-41.24,-4.375],[-41.316,-4.354],[-41.319,-4.353],[-41.356,-4.343],[-41.363,-4.338],[-41.38,-4.433],[-41.386,-4.432],[-41.387,-4.432],[-41.399,-4.388],[-41.418,-4.348],[-41.427,-4.321],[-41.414,-4.314],[-41.415,-4.311],[-41.429,-4.307],[-41.435,-4.306],[-41.453,-4.301],[-41.478,-4.303],[-41.477,-4.313],[-41.487,-4.303],[-41.493,-4.282],[-41.495,-4.274],[-41.525,-4.256],[-41.497,-4.181],[-41.473,-4.187],[-41.456,-4.186],[-41.449,-4.193],[-41.44,-4.182],[-41.432,-4.181],[-41.427,-4.161],[-41.42,-4.159],[-41.41,-4.149],[-41.392,-4.162],[-41.376,-4.158],[-41.371,-4.148],[-41.366,-4.146],[-41.362,-4.15],[-41.36,-4.144],[-41.347,-4.137]]]}},{"type":"Feature","properties":{"id":"2203453","nome":"Dom Inoc\u00eancio"},"geometry":{"type":"Polygon","coordinates":[[[-42.115,-8.577],[-42.113,-8.582],[-42.108,-8.581],[-42.078,-8.572],[-42.076,-8.584],[-42.07,-8.585],[-42.064,-8.581],[-42.059,-8.594],[-42.055,-8.592],[-42.052,-8.597],[-42.04,-8.59],[-42.04,-8.586],[-42.035,-8.586],[-42.024,-8.586],[-42.01,-8.601],[-42.0,-8.599],[-41.994,-8.601],[-41.98,-8.623],[-41.969,-8.626],[-41.968,-8.635],[-41.949,-8.638],[-41.947,-8.645],[-41.93,-8.644],[-41.918,-8.657],[-41.909,-8.653],[-41.897,-8.674],[-41.893,-8.67],[-41.879,-8.672],[-41.866,-8.68],[-41.849,-8.7],[-41.841,-8.702],[-41.831,-8.693],[-41.816,-8.695],[-41.814,-8.689],[-41.808,-8.684],[-41.806,-8.686],[-41.807,-8.689],[-41.801,-8.695],[-41.793,-8.695],[-41.794,-8.702],[-41.776,-8.715],[-41.775,-8.721],[-41.77,-8.717],[-41.763,-8.719],[-41.76,-8.726],[-41.762,-8.729],[-41.76,-8.731],[-41.75,-8.729],[-41.747,-8.733],[-41.737,-8.732],[-41.729,-8.737],[-41.72,-8.738],[-41.713,-8.728],[-41.705,-8.729],[-41.698,-8.75],[-41.685,-8.746],[-41.676,-8.756],[-41.66,-8.75],[-41.655,-8.758],[-41.647,-8.758],[-41.64,-8.763],[-41.632,-8.761],[-41.631,-8.769],[-41.623,-8.777],[-41.614,-8.777],[-41.614,-8.786],[-41.607,-8.788],[-41.601,-8.795],[-41.598,-8.791],[-41.589,-8.791],[-41.58,-8.798],[-41.579,-8.792],[-41.562,-8.787],[-41.56,-8.779],[-41.554,-8.781],[-41.547,-8.78],[-41.542,-8.782],[-41.538,-8.789],[-41.53,-8.79],[-41.527,-8.785],[-41.519,-8.791],[-41.514,-8.791],[-41.515,-8.803],[-41.498,-8.806],[-41.489,-8.786],[-41.472,-8.779],[-41.467,-8.769],[-41.463,-8.769],[-41.455,-8.756],[-41.449,-8.754],[-41.429,-8.756],[-41.423,-8.766],[-41.411,-8.774],[-41.424,-8.802],[-41.432,-8.797],[-41.462,-8.828],[-41.472,-8.843],[-41.487,-8.843],[-41.494,-8.861],[-41.502,-8.863],[-41.51,-8.876],[-41.507,-8.892],[-41.521,-8.901],[-41.522,-8.905],[-41.531,-8.927],[-41.544,-8.938],[-41.544,-8.96],[-41.559,-8.966],[-41.567,-8.969],[-41.57,-8.955],[-41.578,-8.954],[-41.589,-8.955],[-41.597,-8.958],[-41.605,-8.957],[-41.61,-8.967],[-41.621,-8.97],[-41.624,-8.981],[-41.629,-8.984],[-41.669,-8.99],[-41.67,-9.003],[-41.68,-9.012],[-41.723,-9.013],[-41.728,-9.02],[-41.733,-9.046],[-41.731,-9.069],[-41.735,-9.094],[-41.759,-9.116],[-41.776,-9.125],[-41.8,-9.148],[-41.8,-9.165],[-41.819,-9.189],[-41.831,-9.229],[-41.838,-9.242],[-41.847,-9.244],[-41.859,-9.237],[-41.87,-9.237],[-41.885,-9.253],[-41.904,-9.259],[-41.909,-9.273],[-41.918,-9.278],[-41.924,-9.277],[-41.937,-9.267],[-41.949,-9.263],[-41.958,-9.262],[-41.972,-9.248],[-42.0,-9.266],[-42.022,-9.249],[-42.035,-9.256],[-42.058,-9.254],[-42.069,-9.257],[-42.124,-9.179],[-42.142,-9.153],[-42.179,-9.133],[-42.225,-9.012],[-42.232,-8.965],[-42.236,-8.927],[-42.235,-8.863],[-42.221,-8.846],[-42.197,-8.842],[-42.202,-8.832],[-42.129,-8.728],[-42.177,-8.681],[-42.21,-8.649],[-42.189,-8.584],[-42.158,-8.59],[-42.125,-8.566],[-42.125,-8.572],[-42.115,-8.577]]]}},{"type":"Feature","properties":{"id":"2203503","nome":"Elesb\u00e3o Veloso"},"geometry":{"type":"Polygon","coordinates":[[[-42.257,-5.955],[-42.167,-6.027],[-42.142,-6.047],[-42.085,-6.067],[-42.06,-6.052],[-42.036,-6.112],[-42.055,-6.113],[-42.056,-6.117],[-42.045,-6.139],[-42.049,-6.149],[-42.042,-6.156],[-42.048,-6.173],[-42.044,-6.182],[-42.049,-6.183],[-42.036,-6.189],[-42.035,-6.203],[-42.022,-6.207],[-42.026,-6.222],[-42.024,-6.229],[-42.028,-6.242],[-42.022,-6.249],[-42.031,-6.257],[-42.036,-6.257],[-42.038,-6.262],[-42.033,-6.264],[-42.044,-6.268],[-42.045,-6.272],[-42.039,-6.275],[-42.044,-6.278],[-42.047,-6.279],[-42.046,-6.284],[-42.021,-6.284],[-42.03,-6.298],[-42.015,-6.31],[-42.036,-6.385],[-42.042,-6.396],[-42.093,-6.457],[-42.093,-6.455],[-42.093,-6.449],[-42.098,-6.445],[-42.101,-6.434],[-42.127,-6.431],[-42.126,-6.399],[-42.126,-6.393],[-42.126,-6.391],[-42.219,-6.354],[-42.29,-6.326],[-42.282,-6.304],[-42.311,-6.297],[-42.316,-6.283],[-42.314,-6.278],[-42.313,-6.269],[-42.318,-6.258],[-42.318,-6.249],[-42.319,-6.238],[-42.329,-6.216],[-42.328,-6.212],[-42.338,-6.2],[-42.342,-6.194],[-42.37,-6.178],[-42.377,-6.165],[-42.376,-6.161],[-42.385,-6.155],[-42.37,-6.15],[-42.386,-6.108],[-42.26,-6.067],[-42.262,-6.057],[-42.264,-6.041],[-42.269,-6.037],[-42.277,-6.023],[-42.288,-6.046],[-42.391,-5.976],[-42.392,-5.953],[-42.305,-5.94],[-42.257,-5.955]]]}},{"type":"Feature","properties":{"id":"2203602","nome":"Eliseu Martins"},"geometry":{"type":"Polygon","coordinates":[[[-43.764,-7.723],[-43.55,-7.883],[-43.54,-7.914],[-43.493,-8.064],[-43.492,-8.12],[-43.5,-8.129],[-43.518,-8.147],[-43.536,-8.151],[-43.571,-8.157],[-43.585,-8.135],[-43.612,-8.149],[-43.723,-8.157],[-43.733,-8.044],[-43.788,-8.068],[-43.796,-8.068],[-43.801,-8.068],[-43.803,-8.061],[-43.798,-8.05],[-43.801,-8.044],[-43.798,-8.046],[-43.796,-8.042],[-43.801,-8.031],[-43.795,-8.03],[-43.792,-8.026],[-43.8,-8.024],[-43.795,-8.001],[-43.787,-7.994],[-43.791,-7.99],[-43.791,-7.982],[-43.786,-7.983],[-43.787,-7.979],[-43.79,-7.973],[-43.794,-7.973],[-43.791,-7.968],[-43.793,-7.964],[-43.789,-7.958],[-43.788,-7.941],[-43.785,-7.935],[-43.795,-7.915],[-43.788,-7.91],[-43.791,-7.909],[-43.788,-7.907],[-43.792,-7.899],[-43.793,-7.884],[-43.787,-7.88],[-43.788,-7.87],[-43.792,-7.867],[-43.788,-7.862],[-43.786,-7.862],[-43.787,-7.858],[-43.789,-7.859],[-43.788,-7.855],[-43.786,-7.852],[-43.783,-7.853],[-43.782,-7.848],[-43.781,-7.852],[-43.783,-7.845],[-43.78,-7.842],[-43.782,-7.837],[-43.78,-7.826],[-43.785,-7.82],[-43.781,-7.818],[-43.785,-7.815],[-43.788,-7.82],[-43.79,-7.819],[-43.789,-7.813],[-43.794,-7.811],[-43.792,-7.808],[-43.799,-7.801],[-43.788,-7.792],[-43.788,-7.784],[-43.794,-7.78],[-43.792,-7.775],[-43.799,-7.777],[-43.796,-7.762],[-43.793,-7.758],[-43.787,-7.76],[-43.789,-7.755],[-43.785,-7.75],[-43.782,-7.752],[-43.78,-7.739],[-43.774,-7.742],[-43.771,-7.726],[-43.764,-7.723]]]}},{"type":"Feature","properties":{"id":"2203701","nome":"Esperantina"},"geometry":{"type":"Polygon","coordinates":[[[-42.05,-3.68],[-42.05,-3.747],[-42.05,-3.792],[-42.04,-3.79],[-42.035,-3.792],[-42.031,-3.798],[-42.024,-3.809],[-42.021,-3.81],[-41.995,-3.8],[-41.988,-3.807],[-41.979,-3.803],[-41.974,-3.806],[-41.979,-3.817],[-41.99,-3.827],[-41.986,-3.838],[-41.981,-3.841],[-41.978,-3.845],[-41.977,-3.856],[-41.99,-3.871],[-41.996,-3.873],[-42.042,-3.875],[-42.053,-3.887],[-42.068,-3.886],[-42.068,-3.891],[-42.063,-3.894],[-42.062,-3.897],[-42.068,-3.901],[-42.065,-3.909],[-42.074,-3.919],[-42.075,-3.918],[-42.091,-3.916],[-42.097,-3.912],[-42.106,-3.917],[-42.117,-3.911],[-42.118,-3.901],[-42.121,-3.898],[-42.148,-3.904],[-42.166,-3.891],[-42.172,-3.897],[-42.172,-3.91],[-42.175,-3.914],[-42.18,-3.914],[-42.187,-3.906],[-42.206,-3.921],[-42.21,-3.916],[-42.208,-3.908],[-42.212,-3.901],[-42.222,-3.901],[-42.231,-3.905],[-42.236,-3.909],[-42.244,-3.916],[-42.245,-3.928],[-42.245,-3.935],[-42.252,-3.936],[-42.254,-3.939],[-42.265,-3.939],[-42.269,-3.945],[-42.27,-3.953],[-42.274,-3.956],[-42.272,-3.961],[-42.276,-3.978],[-42.291,-3.977],[-42.309,-3.998],[-42.326,-3.994],[-42.331,-3.986],[-42.361,-3.974],[-42.367,-3.983],[-42.38,-3.985],[-42.388,-3.986],[-42.399,-3.898],[-42.376,-3.876],[-42.382,-3.861],[-42.393,-3.832],[-42.346,-3.837],[-42.333,-3.824],[-42.293,-3.785],[-42.275,-3.783],[-42.274,-3.783],[-42.258,-3.784],[-42.249,-3.774],[-42.248,-3.764],[-42.236,-3.762],[-42.228,-3.764],[-42.215,-3.753],[-42.206,-3.752],[-42.208,-3.737],[-42.202,-3.73],[-42.188,-3.724],[-42.197,-3.717],[-42.208,-3.7],[-42.209,-3.696],[-42.205,-3.691],[-42.193,-3.686],[-42.178,-3.686],[-42.178,-3.684],[-42.175,-3.664],[-42.157,-3.615],[-42.158,-3.606],[-42.116,-3.591],[-42.116,-3.665],[-42.116,-3.673],[-42.05,-3.68]]]}},{"type":"Feature","properties":{"id":"2203750","nome":"Fartura do Piau\u00ed"},"geometry":{"type":"Polygon","coordinates":[[[-42.722,-9.341],[-42.687,-9.383],[-42.673,-9.383],[-42.665,-9.401],[-42.677,-9.402],[-42.661,-9.416],[-42.66,-9.416],[-42.627,-9.445],[-42.603,-9.516],[-42.621,-9.541],[-42.632,-9.538],[-42.64,-9.543],[-42.654,-9.541],[-42.667,-9.548],[-42.68,-9.549],[-42.691,-9.545],[-42.712,-9.53],[-42.72,-9.531],[-42.722,-9.537],[-42.716,-9.551],[-42.718,-9.558],[-42.732,-9.569],[-42.742,-9.582],[-42.757,-9.589],[-42.761,-9.609],[-42.765,-9.616],[-42.784,-9.62],[-42.804,-9.622],[-42.82,-9.619],[-42.821,-9.598],[-42.829,-9.581],[-42.828,-9.56],[-42.837,-9.55],[-42.848,-9.549],[-42.862,-9.56],[-42.868,-9.564],[-42.876,-9.561],[-42.904,-9.526],[-42.928,-9.527],[-42.946,-9.518],[-42.951,-9.51],[-42.951,-9.497],[-42.962,-9.469],[-42.962,-9.457],[-42.956,-9.438],[-42.958,-9.429],[-42.944,-9.412],[-42.887,-9.407],[-42.876,-9.381],[-42.867,-9.385],[-42.828,-9.369],[-42.816,-9.371],[-42.781,-9.377],[-42.776,-9.365],[-42.735,-9.359],[-42.731,-9.358],[-42.732,-9.339],[-42.722,-9.341]]]}},{"type":"Feature","properties":{"id":"2203800","nome":"Flores do Piau\u00ed"},"geometry":{"type":"Polygon","coordinates":[[[-42.679,-7.623],[-42.703,-7.643],[-42.727,-7.633],[-42.728,-7.654],[-42.756,-7.702],[-42.803,-7.649],[-42.845,-7.753],[-42.875,-7.827],[-42.889,-7.862],[-42.898,-7.884],[-43.059,-7.91],[-43.057,-7.87],[-43.049,-7.874],[-43.045,-7.799],[-43.045,-7.798],[-43.042,-7.739],[-43.035,-7.734],[-42.968,-7.682],[-42.927,-7.651],[-42.886,-7.62],[-42.861,-7.619],[-42.804,-7.561],[-42.823,-7.434],[-42.817,-7.421],[-42.798,-7.386],[-42.682,-7.47],[-42.678,-7.591],[-42.679,-7.623]]]}},{"type":"Feature","properties":{"id":"2203859","nome":"Floresta do Piau\u00ed"},"geometry":{"type":"Polygon","coordinates":[[[-41.727,-7.523],[-41.731,-7.53],[-41.775,-7.53],[-41.831,-7.529],[-41.861,-7.536],[-41.861,-7.532],[-41.866,-7.53],[-41.866,-7.52],[-41.858,-7.502],[-41.866,-7.49],[-41.862,-7.476],[-41.864,-7.468],[-41.859,-7.465],[-41.854,-7.43],[-41.861,-7.416],[-41.857,-7.406],[-41.83,-7.343],[-41.82,-7.356],[-41.819,-7.357],[-41.78,-7.424],[-41.741,-7.461],[-41.737,-7.479],[-41.733,-7.499],[-41.727,-7.523]]]}},{"type":"Feature","properties":{"id":"2203909","nome":"Floriano"},"geometry":{"type":"Polygon","coordinates":[[[-42.915,-6.646],[-42.895,-6.657],[-42.892,-6.655],[-42.876,-6.656],[-42.857,-6.662],[-42.841,-6.705],[-42.828,-6.724],[-42.793,-6.774],[-42.798,-6.915],[-42.854,-6.999],[-42.873,-7.026],[-42.94,-7.127],[-42.944,-7.133],[-42.93,-7.193],[-42.852,-7.214],[-42.815,-7.279],[-42.842,-7.354],[-42.885,-7.358],[-42.897,-7.355],[-43.033,-7.324],[-43.038,-7.323],[-43.075,-7.314],[-43.126,-7.249],[-43.126,-7.248],[-43.147,-7.222],[-43.225,-7.283],[-43.356,-7.204],[-43.306,-6.995],[-43.306,-6.991],[-43.441,-6.944],[-43.429,-6.922],[-43.419,-6.892],[-43.398,-6.873],[-43.392,-6.854],[-43.391,-6.834],[-43.387,-6.817],[-43.364,-6.819],[-43.349,-6.798],[-43.302,-6.801],[-43.278,-6.796],[-43.263,-6.786],[-43.251,-6.77],[-43.244,-6.766],[-43.215,-6.763],[-43.178,-6.766],[-43.168,-6.769],[-43.152,-6.782],[-43.146,-6.783],[-43.13,-6.781],[-43.105,-6.77],[-43.082,-6.748],[-43.065,-6.749],[-43.046,-6.761],[-43.033,-6.762],[-43.017,-6.761],[-43.001,-6.754],[-42.991,-6.745],[-42.982,-6.722],[-42.974,-6.714],[-42.962,-6.709],[-42.949,-6.704],[-42.919,-6.67],[-42.914,-6.653],[-42.915,-6.646]]]}},{"type":"Feature","properties":{"id":"2204006","nome":"Francin\u00f3polis"},"geometry":{"type":"Polygon","coordinates":[[[-42.13,-6.433],[-42.128,-6.457],[-42.137,-6.473],[-42.151,-6.468],[-42.174,-6.449],[-42.19,-6.461],[-42.192,-6.461],[-42.249,-6.484],[-42.252,-6.485],[-42.309,-6.507],[-42.349,-6.507],[-42.338,-6.487],[-42.337,-6.485],[-42.29,-6.396],[-42.29,-6.391],[-42.29,-6.326],[-42.219,-6.354],[-42.126,-6.391],[-42.126,-6.393],[-42.126,-6.399],[-42.127,-6.431],[-42.13,-6.433]]]}},{"type":"Feature","properties":{"id":"2204105","nome":"Francisco Ayres"},"geometry":{"type":"Polygon","coordinates":[[[-42.623,-6.798],[-42.665,-6.852],[-42.687,-6.839],[-42.694,-6.835],[-42.793,-6.774],[-42.828,-6.724],[-42.841,-6.705],[-42.814,-6.606],[-42.794,-6.535],[-42.791,-6.521],[-42.707,-6.511],[-42.706,-6.511],[-42.653,-6.504],[-42.644,-6.609],[-42.638,-6.611],[-42.631,-6.625],[-42.612,-6.664],[-42.622,-6.691],[-42.628,-6.709],[-42.647,-6.761],[-42.623,-6.798]]]}},{"type":"Feature","properties":{"id":"2204154","nome":"Francisco Macedo"},"geometry":{"type":"Polygon","coordinates":[[[-40.775,-7.404],[-40.79,-7.416],[-40.803,-7.404],[-40.83,-7.369],[-40.835,-7.357],[-40.85,-7.326],[-40.86,-7.274],[-40.838,-7.272],[-40.759,-7.256],[-40.746,-7.305],[-40.741,-7.326],[-40.74,-7.337],[-40.737,-7.35],[-40.756,-7.383],[-40.765,-7.386],[-40.775,-7.404]]]}},{"type":"Feature","properties":{"id":"2204204","nome":"Francisco Santos"},"geometry":{"type":"Polygon","coordinates":[[[-41.097,-7.087],[-41.105,-7.124],[-41.131,-7.121],[-41.143,-7.165],[-41.143,-7.206],[-41.164,-7.223],[-41.165,-7.258],[-41.211,-7.257],[-41.223,-7.249],[-41.264,-7.225],[-41.257,-7.216],[-41.192,-7.114],[-41.187,-6.995],[-41.18,-6.966],[-41.166,-6.899],[-41.158,-6.864],[-41.143,-6.75],[-41.095,-6.756],[-41.088,-6.873],[-41.082,-6.962],[-41.08,-6.997],[-41.081,-6.997],[-41.097,-7.087]]]}},{"type":"Feature","properties":{"id":"2204303","nome":"Fronteiras"},"geometry":{"type":"Polygon","coordinates":[[[-40.539,-6.939],[-40.525,-6.942],[-40.518,-6.937],[-40.513,-6.941],[-40.505,-6.938],[-40.497,-6.949],[-40.488,-6.952],[-40.481,-6.95],[-40.461,-6.937],[-40.453,-6.937],[-40.453,-6.944],[-40.448,-6.944],[-40.441,-6.943],[-40.425,-6.935],[-40.424,-6.937],[-40.429,-6.948],[-40.429,-6.994],[-40.411,-6.999],[-40.406,-7.005],[-40.427,-7.015],[-40.428,-7.018],[-40.438,-7.016],[-40.432,-7.025],[-40.429,-7.027],[-40.427,-7.029],[-40.427,-7.033],[-40.443,-7.048],[-40.444,-7.056],[-40.459,-7.078],[-40.469,-7.087],[-40.47,-7.094],[-40.489,-7.118],[-40.484,-7.133],[-40.495,-7.169],[-40.494,-7.182],[-40.501,-7.188],[-40.506,-7.21],[-40.575,-7.21],[-40.601,-7.214],[-40.652,-7.208],[-40.671,-7.209],[-40.679,-7.193],[-40.699,-7.156],[-40.71,-7.135],[-40.748,-7.094],[-40.75,-7.071],[-40.753,-7.039],[-40.791,-7.001],[-40.779,-6.993],[-40.772,-6.987],[-40.759,-6.996],[-40.754,-7.008],[-40.738,-7.014],[-40.73,-7.01],[-40.725,-7.018],[-40.704,-7.022],[-40.694,-7.029],[-40.685,-7.026],[-40.684,-7.021],[-40.674,-7.013],[-40.669,-7.015],[-40.655,-7.01],[-40.645,-6.998],[-40.628,-6.994],[-40.618,-6.985],[-40.618,-6.982],[-40.606,-6.973],[-40.606,-6.959],[-40.599,-6.953],[-40.586,-6.95],[-40.581,-6.953],[-40.576,-6.951],[-40.57,-6.954],[-40.563,-6.95],[-40.558,-6.947],[-40.555,-6.951],[-40.549,-6.949],[-40.54,-6.936],[-40.539,-6.939]]]}},{"type":"Feature","properties":{"id":"2204352","nome":"Geminiano"},"geometry":{"type":"Polygon","coordinates":[[[-41.192,-7.114],[-41.257,-7.216],[-41.264,-7.225],[-41.223,-7.249],[-41.234,-7.254],[-41.235,-7.255],[-41.275,-7.274],[-41.304,-7.3],[-41.31,-7.307],[-41.39,-7.259],[-41.397,-7.262],[-41.422,-7.272],[-41.431,-7.25],[-41.443,-7.219],[-41.455,-7.209],[-41.462,-7.187],[-41.463,-7.121],[-41.454,-7.115],[-41.442,-7.12],[-41.428,-7.124],[-41.409,-7.123],[-41.401,-7.129],[-41.401,-7.122],[-41.385,-7.093],[-41.333,-7.099],[-41.27,-7.106],[-41.233,-7.11],[-41.192,-7.114]]]}},{"type":"Feature","properties":{"id":"2204402","nome":"Gilbu\u00e9s"},"geometry":{"type":"Polygon","coordinates":[[[-45.114,-9.33],[-45.261,-9.562],[-45.324,-9.662],[-45.334,-9.682],[-45.312,-9.685],[-45.3,-9.693],[-45.306,-9.71],[-45.331,-9.74],[-45.327,-9.763],[-45.325,-9.773],[-45.316,-9.776],[-45.308,-9.78],[-45.305,-9.796],[-45.284,-9.809],[-45.277,-9.802],[-45.246,-9.823],[-45.233,-9.821],[-45.181,-9.801],[-45.155,-9.804],[-45.108,-9.794],[-45.1,-9.795],[-45.087,-9.806],[-45.082,-9.808],[-45.072,-9.806],[-45.076,-9.813],[-45.07,-9.816],[-45.068,-9.813],[-45.061,-9.823],[-45.057,-9.81],[-45.036,-9.818],[-45.026,-9.812],[-45.011,-9.806],[-45.009,-9.812],[-44.987,-9.81],[-44.984,-9.818],[-44.977,-9.816],[-44.97,-9.821],[-44.956,-9.824],[-45.027,-9.974],[-45.078,-9.957],[-45.14,-9.935],[-45.257,-9.935],[-45.258,-9.939],[-45.263,-9.94],[-45.261,-9.944],[-45.256,-9.945],[-45.257,-9.956],[-45.262,-9.953],[-45.265,-9.962],[-45.269,-9.961],[-45.274,-9.966],[-45.269,-9.969],[-45.273,-9.976],[-45.269,-9.98],[-45.266,-9.977],[-45.272,-9.985],[-45.327,-9.982],[-45.379,-9.98],[-45.377,-9.976],[-45.384,-9.97],[-45.393,-9.946],[-45.39,-9.941],[-45.394,-9.939],[-45.387,-9.931],[-45.395,-9.918],[-45.402,-9.913],[-45.404,-9.907],[-45.412,-9.906],[-45.417,-9.909],[-45.42,-9.904],[-45.423,-9.904],[-45.421,-9.896],[-45.431,-9.895],[-45.436,-9.889],[-45.439,-9.89],[-45.436,-9.881],[-45.442,-9.878],[-45.453,-9.87],[-45.451,-9.867],[-45.447,-9.871],[-45.448,-9.859],[-45.456,-9.856],[-45.457,-9.852],[-45.468,-9.853],[-45.468,-9.844],[-45.47,-9.84],[-45.475,-9.84],[-45.478,-9.836],[-45.475,-9.835],[-45.482,-9.83],[-45.487,-9.838],[-45.493,-9.838],[-45.494,-9.833],[-45.491,-9.828],[-45.504,-9.819],[-45.507,-9.828],[-45.513,-9.827],[-45.509,-9.82],[-45.519,-9.809],[-45.525,-9.812],[-45.529,-9.806],[-45.523,-9.801],[-45.529,-9.796],[-45.532,-9.783],[-45.539,-9.787],[-45.543,-9.783],[-45.54,-9.778],[-45.548,-9.764],[-45.536,-9.758],[-45.537,-9.752],[-45.55,-9.749],[-45.557,-9.743],[-45.557,-9.739],[-45.665,-9.802],[-45.734,-9.752],[-45.756,-9.726],[-45.765,-9.723],[-45.783,-9.704],[-45.799,-9.696],[-45.806,-9.688],[-45.829,-9.68],[-45.832,-9.653],[-45.825,-9.636],[-45.825,-9.626],[-45.819,-9.625],[-45.82,-9.618],[-45.825,-9.607],[-45.836,-9.602],[-45.837,-9.591],[-45.833,-9.59],[-45.833,-9.587],[-45.842,-9.576],[-45.841,-9.562],[-45.827,-9.546],[-45.832,-9.536],[-45.82,-9.526],[-45.821,-9.519],[-45.81,-9.503],[-45.798,-9.495],[-45.796,-9.487],[-45.788,-9.482],[-45.777,-9.487],[-45.77,-9.485],[-45.771,-9.489],[-45.766,-9.504],[-45.752,-9.502],[-45.739,-9.511],[-45.746,-9.513],[-45.741,-9.518],[-45.744,-9.522],[-45.736,-9.528],[-45.731,-9.528],[-45.728,-9.536],[-45.736,-9.535],[-45.735,-9.538],[-45.729,-9.541],[-45.724,-9.537],[-45.715,-9.546],[-45.711,-9.544],[-45.71,-9.547],[-45.713,-9.548],[-45.706,-9.551],[-45.712,-9.554],[-45.711,-9.556],[-45.698,-9.553],[-45.695,-9.558],[-45.687,-9.557],[-45.683,-9.545],[-45.675,-9.544],[-45.667,-9.535],[-45.64,-9.531],[-45.613,-9.513],[-45.591,-9.515],[-45.587,-9.513],[-45.584,-9.517],[-45.573,-9.512],[-45.564,-9.513],[-45.561,-9.506],[-45.531,-9.496],[-45.515,-9.483],[-45.517,-9.47],[-45.513,-9.467],[-45.513,-9.458],[-45.463,-9.458],[-45.41,-9.458],[-45.501,-9.2],[-45.511,-9.172],[-45.312,-9.242],[-45.114,-9.33]]]}},{"type":"Feature","properties":{"id":"2204501","nome":"Guadalupe"},"geometry":{"type":"Polygon","coordinates":[[[-43.707,-6.699],[-43.698,-6.709],[-43.672,-6.706],[-43.659,-6.71],[-43.637,-6.719],[-43.621,-6.735],[-43.599,-6.743],[-43.584,-6.757],[-43.576,-6.756],[-43.571,-6.749],[-43.561,-6.749],[-43.551,-6.759],[-43.546,-6.783],[-43.537,-6.792],[-43.506,-6.8],[-43.495,-6.809],[-43.489,-6.819],[-43.581,-6.985],[-43.664,-6.979],[-43.724,-6.954],[-43.813,-6.934],[-43.818,-6.933],[-43.824,-6.941],[-43.847,-6.944],[-43.857,-6.951],[-43.868,-6.944],[-43.875,-6.95],[-43.883,-6.95],[-43.884,-6.954],[-43.905,-6.96],[-43.908,-6.968],[-43.914,-6.965],[-43.921,-6.933],[-43.899,-6.9],[-43.862,-6.876],[-43.832,-6.842],[-43.855,-6.82],[-43.865,-6.816],[-43.881,-6.803],[-43.9,-6.777],[-43.918,-6.778],[-43.93,-6.771],[-43.913,-6.752],[-43.88,-6.757],[-43.853,-6.735],[-43.82,-6.727],[-43.808,-6.72],[-43.8,-6.707],[-43.797,-6.703],[-43.79,-6.702],[-43.774,-6.715],[-43.76,-6.702],[-43.753,-6.703],[-43.728,-6.704],[-43.715,-6.698],[-43.707,-6.699]]]}},{"type":"Feature","properties":{"id":"2204550","nome":"Guaribas"},"geometry":{"type":"Polygon","coordinates":[[[-43.42,-9.103],[-43.422,-9.125],[-43.419,-9.138],[-43.458,-9.126],[-43.53,-9.222],[-43.541,-9.237],[-43.541,-9.273],[-43.54,-9.308],[-43.543,-9.308],[-43.572,-9.316],[-43.605,-9.35],[-43.621,-9.371],[-43.689,-9.419],[-43.751,-9.434],[-43.769,-9.442],[-43.782,-9.452],[-43.858,-9.331],[-43.869,-9.313],[-43.87,-9.312],[-43.956,-9.174],[-43.942,-9.149],[-43.869,-9.018],[-43.846,-8.959],[-43.846,-8.958],[-43.839,-8.939],[-43.792,-8.815],[-43.792,-8.814],[-43.702,-8.717],[-43.704,-8.731],[-43.467,-8.73],[-43.44,-8.756],[-43.428,-8.764],[-43.416,-8.786],[-43.419,-8.807],[-43.451,-8.876],[-43.453,-8.912],[-43.447,-8.936],[-43.445,-8.973],[-43.45,-9.021],[-43.441,-9.041],[-43.421,-9.06],[-43.416,-9.073],[-43.415,-9.087],[-43.42,-9.103]]]}},{"type":"Feature","properties":{"id":"2204600","nome":"Hugo Napole\u00e3o"},"geometry":{"type":"Polygon","coordinates":[[[-42.489,-5.936],[-42.496,-5.944],[-42.5,-5.943],[-42.5,-5.953],[-42.496,-5.958],[-42.5,-5.977],[-42.489,-5.982],[-42.485,-5.99],[-42.481,-5.999],[-42.475,-6.0],[-42.468,-6.008],[-42.458,-6.011],[-42.452,-6.02],[-42.441,-6.024],[-42.434,-6.035],[-42.435,-6.044],[-42.431,-6.046],[-42.427,-6.065],[-42.422,-6.073],[-42.424,-6.076],[-42.421,-6.082],[-42.418,-6.109],[-42.411,-6.121],[-42.393,-6.137],[-42.397,-6.146],[-42.429,-6.141],[-42.474,-6.106],[-42.5,-6.101],[-42.575,-6.073],[-42.606,-6.061],[-42.629,-6.04],[-42.59,-6.015],[-42.586,-5.989],[-42.58,-5.947],[-42.547,-5.943],[-42.489,-5.936]]]}},{"type":"Feature","properties":{"id":"2204659","nome":"Ilha Grande"},"geometry":{"type":"Polygon","coordinates":[[[-41.784,-2.871],[-41.801,-2.881],[-41.803,-2.879],[-41.816,-2.886],[-41.816,-2.892],[-41.81,-2.897],[-41.825,-2.903],[-41.826,-2.911],[-41.835,-2.915],[-41.865,-2.878],[-41.86,-2.854],[-41.862,-2.831],[-41.842,-2.823],[-41.841,-2.818],[-41.846,-2.805],[-41.849,-2.773],[-41.824,-2.756],[-41.814,-2.739],[-41.801,-2.748],[-41.785,-2.77],[-41.755,-2.841],[-41.771,-2.847],[-41.776,-2.853],[-41.784,-2.871]]]}},{"type":"Feature","properties":{"id":"2204709","nome":"Inhuma"},"geometry":{"type":"Polygon","coordinates":[[[-41.622,-6.559],[-41.511,-6.608],[-41.508,-6.631],[-41.49,-6.68],[-41.444,-6.688],[-41.449,-6.707],[-41.458,-6.743],[-41.51,-6.74],[-41.542,-6.738],[-41.565,-6.772],[-41.59,-6.808],[-41.606,-6.833],[-41.66,-6.83],[-41.66,-6.796],[-41.738,-6.793],[-41.766,-6.79],[-41.816,-6.715],[-41.843,-6.705],[-41.87,-6.688],[-41.898,-6.686],[-41.912,-6.668],[-41.912,-6.65],[-41.922,-6.646],[-41.927,-6.644],[-41.888,-6.608],[-41.865,-6.612],[-41.861,-6.605],[-41.839,-6.569],[-41.73,-6.559],[-41.729,-6.559],[-41.723,-6.529],[-41.694,-6.529],[-41.689,-6.531],[-41.622,-6.559]]]}},{"type":"Feature","properties":{"id":"2204808","nome":"Ipiranga do Piau\u00ed"},"geometry":{"type":"Polygon","coordinates":[[[-41.617,-6.878],[-41.62,-6.901],[-41.622,-6.899],[-41.647,-6.903],[-41.7,-6.915],[-41.703,-6.901],[-41.76,-6.913],[-41.763,-6.921],[-41.806,-6.921],[-41.811,-6.921],[-41.808,-6.929],[-41.812,-6.94],[-41.842,-6.902],[-41.877,-6.858],[-41.916,-6.83],[-41.916,-6.791],[-41.916,-6.74],[-41.932,-6.67],[-41.922,-6.646],[-41.912,-6.65],[-41.912,-6.668],[-41.898,-6.686],[-41.87,-6.688],[-41.843,-6.705],[-41.816,-6.715],[-41.766,-6.79],[-41.738,-6.793],[-41.66,-6.796],[-41.66,-6.83],[-41.606,-6.833],[-41.617,-6.878]]]}},{"type":"Feature","properties":{"id":"2204907","nome":"Isa\u00edas Coelho"},"geometry":{"type":"Polygon","coordinates":[[[-41.477,-7.75],[-41.485,-7.793],[-41.57,-7.764],[-41.587,-7.758],[-41.606,-7.767],[-41.656,-7.829],[-41.657,-7.83],[-41.663,-7.837],[-41.755,-7.824],[-41.774,-7.821],[-41.757,-7.728],[-41.751,-7.717],[-41.75,-7.717],[-41.722,-7.666],[-41.71,-7.645],[-41.712,-7.635],[-41.731,-7.53],[-41.727,-7.523],[-41.733,-7.499],[-41.737,-7.479],[-41.741,-7.461],[-41.78,-7.424],[-41.669,-7.402],[-41.629,-7.394],[-41.644,-7.409],[-41.639,-7.42],[-41.635,-7.472],[-41.628,-7.498],[-41.628,-7.547],[-41.63,-7.548],[-41.646,-7.62],[-41.568,-7.651],[-41.54,-7.662],[-41.512,-7.672],[-41.512,-7.673],[-41.469,-7.697],[-41.471,-7.712],[-41.477,-7.75]]]}},{"type":"Feature","properties":{"id":"2205003","nome":"Itain\u00f3polis"},"geometry":{"type":"Polygon","coordinates":[[[-41.31,-7.307],[-41.32,-7.316],[-41.335,-7.355],[-41.333,-7.369],[-41.338,-7.391],[-41.343,-7.405],[-41.354,-7.444],[-41.364,-7.478],[-41.375,-7.516],[-41.393,-7.543],[-41.399,-7.55],[-41.427,-7.538],[-41.447,-7.534],[-41.489,-7.526],[-41.494,-7.533],[-41.505,-7.539],[-41.504,-7.544],[-41.51,-7.551],[-41.515,-7.553],[-41.522,-7.54],[-41.531,-7.541],[-41.537,-7.537],[-41.539,-7.528],[-41.546,-7.519],[-41.628,-7.547],[-41.628,-7.498],[-41.635,-7.472],[-41.639,-7.42],[-41.644,-7.409],[-41.629,-7.394],[-41.609,-7.366],[-41.605,-7.351],[-41.594,-7.291],[-41.565,-7.288],[-41.551,-7.292],[-41.55,-7.293],[-41.478,-7.318],[-41.454,-7.299],[-41.429,-7.275],[-41.422,-7.272],[-41.397,-7.262],[-41.39,-7.259],[-41.31,-7.307]]]}},{"type":"Feature","properties":{"id":"2205102","nome":"Itaueira"},"geometry":{"type":"Polygon","coordinates":[[[-42.897,-7.355],[-42.885,-7.358],[-42.842,-7.354],[-42.798,-7.386],[-42.817,-7.421],[-42.823,-7.434],[-42.804,-7.561],[-42.861,-7.619],[-42.886,-7.62],[-42.927,-7.651],[-42.968,-7.682],[-43.035,-7.734],[-43.044,-7.722],[-43.073,-7.683],[-43.087,-7.671],[-43.117,-7.655],[-43.128,-7.65],[-43.196,-7.614],[-43.207,-7.624],[-43.286,-7.695],[-43.296,-7.654],[-43.367,-7.701],[-43.507,-7.679],[-43.48,-7.578],[-43.473,-7.554],[-43.325,-7.404],[-43.225,-7.283],[-43.147,-7.222],[-43.126,-7.248],[-43.126,-7.249],[-43.075,-7.314],[-43.038,-7.323],[-43.033,-7.324],[-42.897,-7.355]]]}},{"type":"Feature","properties":{"id":"2205151","nome":"Jacobina do Piau\u00ed"},"geometry":{"type":"Polygon","coordinates":[[[-41.207,-7.713],[-41.181,-7.736],[-41.16,-7.756],[-41.093,-7.718],[-41.092,-7.766],[-41.051,-7.784],[-40.952,-7.826],[-40.958,-7.824],[-40.966,-7.827],[-40.978,-7.846],[-40.98,-7.861],[-40.992,-7.866],[-41.0,-7.854],[-41.016,-7.851],[-41.021,-7.852],[-41.036,-7.865],[-41.034,-7.875],[-41.047,-7.885],[-41.048,-7.897],[-41.052,-7.9],[-41.091,-7.936],[-41.179,-8.019],[-41.232,-8.0],[-41.284,-7.99],[-41.348,-8.034],[-41.365,-8.057],[-41.372,-8.061],[-41.388,-8.069],[-41.419,-8.065],[-41.438,-8.079],[-41.442,-8.077],[-41.443,-8.065],[-41.458,-8.055],[-41.46,-8.046],[-41.468,-8.032],[-41.467,-8.006],[-41.484,-8.003],[-41.482,-7.989],[-41.539,-7.932],[-41.504,-7.919],[-41.404,-7.882],[-41.382,-7.787],[-41.353,-7.799],[-41.308,-7.725],[-41.294,-7.727],[-41.257,-7.732],[-41.248,-7.733],[-41.231,-7.725],[-41.209,-7.714],[-41.207,-7.713]]]}},{"type":"Feature","properties":{"id":"2205201","nome":"Jaic\u00f3s"},"geometry":{"type":"Polygon","coordinates":[[[-41.142,-7.25],[-41.146,-7.258],[-41.138,-7.263],[-41.132,-7.279],[-41.089,-7.274],[-41.032,-7.268],[-41.033,-7.287],[-41.041,-7.301],[-41.032,-7.318],[-41.013,-7.37],[-41.01,-7.395],[-41.006,-7.424],[-41.061,-7.424],[-41.146,-7.423],[-41.153,-7.423],[-41.156,-7.423],[-41.161,-7.47],[-41.24,-7.48],[-41.24,-7.485],[-41.237,-7.547],[-41.236,-7.556],[-41.243,-7.604],[-41.246,-7.619],[-41.262,-7.625],[-41.266,-7.616],[-41.265,-7.611],[-41.271,-7.605],[-41.276,-7.598],[-41.272,-7.592],[-41.275,-7.579],[-41.282,-7.58],[-41.293,-7.578],[-41.297,-7.571],[-41.296,-7.557],[-41.291,-7.552],[-41.294,-7.546],[-41.301,-7.54],[-41.323,-7.541],[-41.333,-7.535],[-41.339,-7.527],[-41.36,-7.525],[-41.375,-7.516],[-41.364,-7.478],[-41.354,-7.444],[-41.343,-7.405],[-41.338,-7.391],[-41.333,-7.369],[-41.335,-7.355],[-41.32,-7.316],[-41.31,-7.307],[-41.304,-7.3],[-41.275,-7.274],[-41.235,-7.255],[-41.234,-7.254],[-41.223,-7.249],[-41.211,-7.257],[-41.165,-7.258],[-41.164,-7.223],[-41.143,-7.206],[-41.142,-7.25]]]}},{"type":"Feature","properties":{"id":"2205250","nome":"Jardim do Mulato"},"geometry":{"type":"Polygon","coordinates":[[[-42.575,-6.073],[-42.5,-6.101],[-42.474,-6.106],[-42.429,-6.141],[-42.397,-6.146],[-42.393,-6.137],[-42.385,-6.155],[-42.376,-6.161],[-42.377,-6.165],[-42.37,-6.178],[-42.342,-6.194],[-42.338,-6.2],[-42.328,-6.212],[-42.329,-6.216],[-42.319,-6.238],[-42.439,-6.254],[-42.443,-6.218],[-42.535,-6.22],[-42.546,-6.202],[-42.622,-6.173],[-42.676,-6.177],[-42.684,-6.178],[-42.69,-6.164],[-42.682,-6.138],[-42.687,-6.129],[-42.688,-6.111],[-42.701,-6.101],[-42.704,-6.08],[-42.651,-6.081],[-42.64,-6.089],[-42.629,-6.04],[-42.606,-6.061],[-42.575,-6.073]]]}},{"type":"Feature","properties":{"id":"2205276","nome":"Jatob\u00e1 do Piau\u00ed"},"geometry":{"type":"Polygon","coordinates":[[[-41.883,-4.679],[-41.818,-4.697],[-41.785,-4.693],[-41.778,-4.692],[-41.776,-4.688],[-41.747,-4.703],[-41.76,-4.719],[-41.756,-4.733],[-41.759,-4.733],[-41.767,-4.744],[-41.774,-4.748],[-41.768,-4.764],[-41.775,-4.787],[-41.792,-4.793],[-41.794,-4.79],[-41.799,-4.799],[-41.811,-4.803],[-41.818,-4.814],[-41.819,-4.825],[-41.816,-4.827],[-41.821,-4.838],[-41.824,-4.839],[-41.824,-4.85],[-41.83,-4.853],[-41.829,-4.856],[-41.833,-4.86],[-41.84,-4.858],[-41.844,-4.865],[-41.843,-4.871],[-41.848,-4.873],[-41.851,-4.868],[-41.856,-4.874],[-41.868,-4.879],[-41.874,-4.885],[-41.871,-4.891],[-41.877,-4.906],[-41.946,-5.027],[-41.946,-5.028],[-41.95,-5.026],[-41.96,-5.012],[-41.98,-5.0],[-41.995,-4.995],[-42.016,-4.991],[-42.018,-4.99],[-42.04,-4.985],[-42.047,-4.976],[-42.043,-4.932],[-42.051,-4.909],[-42.074,-4.879],[-42.089,-4.847],[-42.023,-4.866],[-42.019,-4.859],[-42.016,-4.857],[-42.008,-4.855],[-42.0,-4.839],[-42.001,-4.827],[-42.015,-4.818],[-42.014,-4.804],[-42.001,-4.791],[-41.991,-4.789],[-41.987,-4.776],[-41.978,-4.763],[-41.959,-4.765],[-41.944,-4.76],[-41.931,-4.761],[-41.92,-4.745],[-41.908,-4.738],[-41.901,-4.725],[-41.888,-4.716],[-41.89,-4.705],[-41.901,-4.696],[-41.903,-4.689],[-41.908,-4.688],[-41.905,-4.672],[-41.878,-4.671],[-41.883,-4.679]]]}},{"type":"Feature","properties":{"id":"2205300","nome":"Jerumenha"},"geometry":{"type":"Polygon","coordinates":[[[-43.482,-6.835],[-43.454,-6.846],[-43.444,-6.838],[-43.42,-6.843],[-43.409,-6.841],[-43.399,-6.833],[-43.391,-6.834],[-43.392,-6.854],[-43.398,-6.873],[-43.419,-6.892],[-43.429,-6.922],[-43.441,-6.944],[-43.306,-6.991],[-43.306,-6.995],[-43.356,-7.204],[-43.225,-7.283],[-43.325,-7.404],[-43.4,-7.355],[-43.403,-7.353],[-43.386,-7.321],[-43.385,-7.312],[-43.389,-7.288],[-43.393,-7.283],[-43.452,-7.283],[-43.518,-7.284],[-43.588,-7.26],[-43.599,-7.265],[-43.607,-7.261],[-43.621,-7.262],[-43.641,-7.272],[-43.65,-7.246],[-43.656,-7.245],[-43.674,-7.247],[-43.687,-7.256],[-43.692,-7.265],[-43.704,-7.267],[-43.717,-7.263],[-43.684,-7.133],[-43.74,-7.113],[-43.741,-7.107],[-43.76,-7.093],[-43.797,-7.066],[-43.781,-7.05],[-43.724,-6.954],[-43.664,-6.979],[-43.581,-6.985],[-43.489,-6.819],[-43.482,-6.835]]]}},{"type":"Feature","properties":{"id":"2205359","nome":"Jo\u00e3o Costa"},"geometry":{"type":"Polygon","coordinates":[[[-42.19,-8.508],[-42.158,-8.59],[-42.189,-8.584],[-42.21,-8.649],[-42.291,-8.63],[-42.31,-8.662],[-42.331,-8.662],[-42.34,-8.661],[-42.475,-8.657],[-42.604,-8.728],[-42.733,-8.8],[-42.726,-8.689],[-42.697,-8.594],[-42.68,-8.551],[-42.661,-8.515],[-42.652,-8.474],[-42.651,-8.471],[-42.621,-8.385],[-42.608,-8.302],[-42.333,-8.398],[-42.302,-8.441],[-42.296,-8.448],[-42.19,-8.508]]]}},{"type":"Feature","properties":{"id":"2205409","nome":"Joaquim Pires"},"geometry":{"type":"Polygon","coordinates":[[[-42.079,-3.451],[-42.058,-3.452],[-42.051,-3.449],[-42.044,-3.472],[-42.053,-3.49],[-42.041,-3.495],[-42.034,-3.501],[-42.021,-3.504],[-41.991,-3.503],[-41.974,-3.507],[-41.974,-3.521],[-41.913,-3.528],[-41.909,-3.533],[-41.914,-3.551],[-41.925,-3.557],[-41.933,-3.57],[-41.927,-3.583],[-41.937,-3.596],[-41.94,-3.616],[-41.936,-3.623],[-41.939,-3.635],[-41.925,-3.639],[-41.926,-3.653],[-41.921,-3.673],[-41.923,-3.677],[-41.94,-3.681],[-41.954,-3.675],[-41.962,-3.679],[-41.999,-3.679],[-42.028,-3.68],[-42.05,-3.68],[-42.116,-3.673],[-42.116,-3.665],[-42.116,-3.591],[-42.158,-3.606],[-42.153,-3.589],[-42.191,-3.553],[-42.194,-3.57],[-42.204,-3.581],[-42.206,-3.595],[-42.217,-3.598],[-42.222,-3.605],[-42.259,-3.596],[-42.241,-3.583],[-42.223,-3.542],[-42.223,-3.505],[-42.223,-3.491],[-42.223,-3.468],[-42.223,-3.446],[-42.204,-3.435],[-42.197,-3.424],[-42.198,-3.405],[-42.194,-3.398],[-42.188,-3.393],[-42.152,-3.387],[-42.145,-3.368],[-42.14,-3.357],[-42.123,-3.352],[-42.125,-3.345],[-42.111,-3.356],[-42.063,-3.395],[-42.078,-3.411],[-42.091,-3.434],[-42.098,-3.439],[-42.097,-3.439],[-42.079,-3.451]]]}},{"type":"Feature","properties":{"id":"2205458","nome":"Joca Marques"},"geometry":{"type":"Polygon","coordinates":[[[-42.415,-3.473],[-42.409,-3.475],[-42.399,-3.472],[-42.389,-3.492],[-42.367,-3.508],[-42.377,-3.528],[-42.383,-3.541],[-42.377,-3.595],[-42.381,-3.604],[-42.385,-3.613],[-42.392,-3.616],[-42.396,-3.618],[-42.433,-3.629],[-42.452,-3.625],[-42.464,-3.606],[-42.48,-3.601],[-42.474,-3.585],[-42.468,-3.57],[-42.454,-3.565],[-42.461,-3.554],[-42.458,-3.546],[-42.472,-3.538],[-42.475,-3.521],[-42.494,-3.515],[-42.489,-3.51],[-42.466,-3.485],[-42.458,-3.485],[-42.448,-3.478],[-42.432,-3.454],[-42.423,-3.454],[-42.417,-3.458],[-42.415,-3.473]]]}},{"type":"Feature","properties":{"id":"2205508","nome":"Jos\u00e9 de Freitas"},"geometry":{"type":"Polygon","coordinates":[[[-42.335,-4.672],[-42.346,-4.723],[-42.352,-4.75],[-42.367,-4.816],[-42.37,-4.832],[-42.42,-4.847],[-42.483,-4.867],[-42.495,-4.87],[-42.571,-4.894],[-42.601,-4.904],[-42.629,-4.911],[-42.629,-4.912],[-42.703,-4.905],[-42.713,-4.905],[-42.719,-4.876],[-42.731,-4.823],[-42.743,-4.822],[-42.788,-4.817],[-42.778,-4.763],[-42.769,-4.755],[-42.722,-4.712],[-42.713,-4.716],[-42.717,-4.702],[-42.697,-4.681],[-42.691,-4.675],[-42.688,-4.672],[-42.614,-4.606],[-42.613,-4.606],[-42.553,-4.589],[-42.549,-4.577],[-42.541,-4.547],[-42.484,-4.522],[-42.482,-4.521],[-42.479,-4.504],[-42.436,-4.478],[-42.435,-4.477],[-42.353,-4.52],[-42.302,-4.547],[-42.295,-4.551],[-42.335,-4.672]]]}},{"type":"Feature","properties":{"id":"2205516","nome":"Juazeiro do Piau\u00ed"},"geometry":{"type":"Polygon","coordinates":[[[-41.415,-4.876],[-41.42,-4.893],[-41.425,-4.895],[-41.432,-4.909],[-41.43,-4.924],[-41.435,-4.928],[-41.437,-4.936],[-41.432,-4.94],[-41.438,-4.953],[-41.437,-4.958],[-41.43,-4.959],[-41.434,-4.963],[-41.444,-4.964],[-41.44,-4.97],[-41.441,-4.978],[-41.449,-4.984],[-41.452,-4.977],[-41.457,-4.975],[-41.458,-4.986],[-41.47,-4.993],[-41.472,-5.002],[-41.48,-4.99],[-41.479,-4.993],[-41.486,-4.996],[-41.486,-5.007],[-41.493,-5.011],[-41.498,-5.014],[-41.504,-5.022],[-41.505,-5.033],[-41.513,-5.039],[-41.51,-5.059],[-41.515,-5.063],[-41.523,-5.062],[-41.532,-5.056],[-41.552,-5.06],[-41.564,-5.073],[-41.58,-5.075],[-41.587,-5.079],[-41.597,-5.079],[-41.598,-5.09],[-41.618,-5.102],[-41.619,-5.119],[-41.64,-5.128],[-41.653,-5.144],[-41.657,-5.155],[-41.688,-5.171],[-41.702,-5.189],[-41.709,-5.188],[-41.712,-5.179],[-41.708,-5.172],[-41.714,-5.173],[-41.722,-5.175],[-41.731,-5.189],[-41.733,-5.055],[-41.734,-5.038],[-41.734,-4.987],[-41.716,-4.954],[-41.688,-4.901],[-41.687,-4.901],[-41.646,-4.826],[-41.603,-4.88],[-41.581,-4.872],[-41.538,-4.857],[-41.517,-4.849],[-41.516,-4.849],[-41.429,-4.817],[-41.412,-4.817],[-41.409,-4.87],[-41.415,-4.876]]]}},{"type":"Feature","properties":{"id":"2205524","nome":"J\u00falio Borges"},"geometry":{"type":"Polygon","coordinates":[[[-44.058,-10.538],[-44.072,-10.581],[-44.082,-10.588],[-44.1,-10.591],[-44.11,-10.597],[-44.123,-10.62],[-44.131,-10.634],[-44.153,-10.644],[-44.165,-10.642],[-44.178,-10.631],[-44.193,-10.628],[-44.208,-10.615],[-44.214,-10.614],[-44.241,-10.627],[-44.264,-10.624],[-44.283,-10.607],[-44.301,-10.572],[-44.314,-10.557],[-44.333,-10.548],[-44.344,-10.549],[-44.344,-10.525],[-44.347,-10.516],[-44.351,-10.495],[-44.347,-10.472],[-44.338,-10.446],[-44.33,-10.432],[-44.319,-10.401],[-44.286,-10.327],[-44.287,-10.321],[-44.305,-10.303],[-44.307,-10.29],[-44.223,-10.251],[-44.222,-10.251],[-44.2,-10.241],[-44.058,-10.176],[-44.049,-10.189],[-44.04,-10.195],[-44.033,-10.203],[-44.03,-10.226],[-44.021,-10.238],[-44.029,-10.251],[-44.043,-10.262],[-44.033,-10.276],[-44.037,-10.288],[-44.033,-10.308],[-44.03,-10.345],[-44.033,-10.378],[-44.038,-10.392],[-44.031,-10.402],[-44.023,-10.408],[-44.029,-10.417],[-44.035,-10.435],[-44.034,-10.449],[-44.025,-10.475],[-44.029,-10.484],[-44.041,-10.493],[-44.051,-10.506],[-44.058,-10.538]]]}},{"type":"Feature","properties":{"id":"2205532","nome":"Jurema"},"geometry":{"type":"Polygon","coordinates":[[[-43.018,-8.726],[-43.016,-8.815],[-43.079,-8.812],[-43.113,-8.992],[-43.106,-9.063],[-43.103,-9.096],[-43.111,-9.101],[-43.107,-9.146],[-43.098,-9.155],[-43.086,-9.166],[-43.084,-9.193],[-43.083,-9.199],[-43.107,-9.243],[-43.105,-9.247],[-43.087,-9.288],[-43.074,-9.399],[-43.082,-9.397],[-43.085,-9.391],[-43.095,-9.385],[-43.104,-9.386],[-43.107,-9.378],[-43.111,-9.38],[-43.119,-9.371],[-43.123,-9.379],[-43.129,-9.38],[-43.133,-9.387],[-43.147,-9.376],[-43.158,-9.377],[-43.174,-9.411],[-43.191,-9.42],[-43.198,-9.418],[-43.202,-9.406],[-43.207,-9.401],[-43.214,-9.399],[-43.218,-9.4],[-43.213,-9.355],[-43.205,-9.352],[-43.205,-9.345],[-43.206,-9.322],[-43.206,-9.317],[-43.223,-9.313],[-43.21,-9.285],[-43.218,-9.283],[-43.213,-9.241],[-43.188,-9.195],[-43.206,-9.157],[-43.24,-9.084],[-43.279,-9.0],[-43.283,-8.749],[-43.26,-8.746],[-43.141,-8.742],[-43.115,-8.741],[-43.076,-8.74],[-43.018,-8.726]]]}},{"type":"Feature","properties":{"id":"2205540","nome":"Lagoinha do Piau\u00ed"},"geometry":{"type":"Polygon","coordinates":[[[-42.586,-5.83],[-42.601,-5.853],[-42.615,-5.852],[-42.626,-5.861],[-42.659,-5.864],[-42.661,-5.894],[-42.676,-5.896],[-42.674,-5.879],[-42.656,-5.832],[-42.643,-5.786],[-42.634,-5.784],[-42.625,-5.775],[-42.616,-5.758],[-42.618,-5.745],[-42.608,-5.73],[-42.599,-5.764],[-42.6,-5.768],[-42.609,-5.788],[-42.586,-5.83]]]}},{"type":"Feature","properties":{"id":"2205557","nome":"Lagoa Alegre"},"geometry":{"type":"Polygon","coordinates":[[[-42.546,-4.362],[-42.539,-4.369],[-42.473,-4.434],[-42.46,-4.437],[-42.444,-4.44],[-42.423,-4.464],[-42.42,-4.468],[-42.435,-4.477],[-42.436,-4.478],[-42.479,-4.504],[-42.482,-4.521],[-42.484,-4.522],[-42.541,-4.547],[-42.549,-4.577],[-42.553,-4.589],[-42.613,-4.606],[-42.614,-4.606],[-42.668,-4.554],[-42.68,-4.542],[-42.678,-4.527],[-42.674,-4.492],[-42.672,-4.476],[-42.597,-4.435],[-42.581,-4.427],[-42.586,-4.396],[-42.581,-4.385],[-42.572,-4.378],[-42.571,-4.373],[-42.557,-4.367],[-42.551,-4.367],[-42.546,-4.362]]]}},{"type":"Feature","properties":{"id":"2205565","nome":"Lagoa do Barro do Piau\u00ed"},"geometry":{"type":"Polygon","coordinates":[[[-41.648,-8.305],[-41.6,-8.321],[-41.587,-8.32],[-41.565,-8.312],[-41.572,-8.318],[-41.573,-8.324],[-41.563,-8.339],[-41.557,-8.339],[-41.546,-8.346],[-41.542,-8.353],[-41.549,-8.359],[-41.537,-8.369],[-41.529,-8.387],[-41.52,-8.393],[-41.503,-8.394],[-41.498,-8.41],[-41.514,-8.431],[-41.497,-8.456],[-41.502,-8.542],[-41.498,-8.567],[-41.506,-8.62],[-41.523,-8.726],[-41.517,-8.735],[-41.503,-8.742],[-41.488,-8.736],[-41.47,-8.719],[-41.43,-8.671],[-41.419,-8.677],[-41.399,-8.705],[-41.381,-8.707],[-41.394,-8.724],[-41.4,-8.746],[-41.411,-8.774],[-41.423,-8.766],[-41.429,-8.756],[-41.449,-8.754],[-41.455,-8.756],[-41.463,-8.769],[-41.467,-8.769],[-41.472,-8.779],[-41.489,-8.786],[-41.498,-8.806],[-41.515,-8.803],[-41.514,-8.791],[-41.519,-8.791],[-41.527,-8.785],[-41.53,-8.79],[-41.538,-8.789],[-41.542,-8.782],[-41.547,-8.78],[-41.554,-8.781],[-41.56,-8.779],[-41.562,-8.787],[-41.579,-8.792],[-41.58,-8.798],[-41.589,-8.791],[-41.598,-8.791],[-41.601,-8.795],[-41.607,-8.788],[-41.614,-8.786],[-41.614,-8.777],[-41.623,-8.777],[-41.631,-8.769],[-41.632,-8.761],[-41.64,-8.763],[-41.647,-8.758],[-41.655,-8.758],[-41.66,-8.75],[-41.676,-8.756],[-41.685,-8.746],[-41.698,-8.75],[-41.705,-8.729],[-41.713,-8.728],[-41.72,-8.738],[-41.729,-8.737],[-41.737,-8.732],[-41.75,-8.605],[-41.745,-8.59],[-41.74,-8.577],[-41.712,-8.5],[-41.732,-8.463],[-41.754,-8.423],[-41.732,-8.41],[-41.72,-8.404],[-41.727,-8.4],[-41.673,-8.392],[-41.669,-8.35],[-41.677,-8.328],[-41.657,-8.299],[-41.648,-8.305]]]}},{"type":"Feature","properties":{"id":"2205573","nome":"Lagoa de S\u00e3o Francisco"},"geometry":{"type":"Polygon","coordinates":[[[-41.583,-4.303],[-41.579,-4.309],[-41.568,-4.306],[-41.561,-4.31],[-41.562,-4.314],[-41.559,-4.314],[-41.559,-4.319],[-41.551,-4.32],[-41.541,-4.328],[-41.536,-4.321],[-41.53,-4.331],[-41.513,-4.331],[-41.507,-4.352],[-41.501,-4.358],[-41.506,-4.375],[-41.501,-4.382],[-41.505,-4.383],[-41.509,-4.392],[-41.511,-4.4],[-41.519,-4.4],[-41.521,-4.407],[-41.526,-4.406],[-41.527,-4.411],[-41.535,-4.404],[-41.543,-4.407],[-41.548,-4.404],[-41.552,-4.409],[-41.556,-4.406],[-41.563,-4.409],[-41.567,-4.414],[-41.571,-4.407],[-41.575,-4.413],[-41.585,-4.413],[-41.587,-4.416],[-41.59,-4.406],[-41.595,-4.409],[-41.598,-4.404],[-41.605,-4.404],[-41.605,-4.409],[-41.612,-4.405],[-41.622,-4.405],[-41.625,-4.409],[-41.63,-4.406],[-41.642,-4.408],[-41.644,-4.402],[-41.64,-4.399],[-41.644,-4.396],[-41.649,-4.403],[-41.654,-4.398],[-41.661,-4.403],[-41.662,-4.399],[-41.658,-4.392],[-41.663,-4.387],[-41.659,-4.387],[-41.657,-4.384],[-41.665,-4.359],[-41.666,-4.349],[-41.668,-4.348],[-41.665,-4.345],[-41.659,-4.347],[-41.655,-4.344],[-41.654,-4.347],[-41.647,-4.348],[-41.642,-4.346],[-41.636,-4.35],[-41.628,-4.34],[-41.617,-4.338],[-41.619,-4.334],[-41.615,-4.333],[-41.613,-4.326],[-41.618,-4.321],[-41.615,-4.316],[-41.612,-4.316],[-41.607,-4.311],[-41.608,-4.301],[-41.597,-4.296],[-41.594,-4.302],[-41.583,-4.303]]]}},{"type":"Feature","properties":{"id":"2205581","nome":"Lagoa do Piau\u00ed"},"geometry":{"type":"Polygon","coordinates":[[[-42.557,-5.383],[-42.528,-5.393],[-42.514,-5.411],[-42.52,-5.423],[-42.496,-5.458],[-42.478,-5.457],[-42.471,-5.459],[-42.469,-5.48],[-42.454,-5.496],[-42.461,-5.497],[-42.459,-5.507],[-42.464,-5.537],[-42.475,-5.544],[-42.484,-5.545],[-42.503,-5.555],[-42.572,-5.491],[-42.574,-5.493],[-42.599,-5.515],[-42.604,-5.515],[-42.638,-5.514],[-42.645,-5.514],[-42.648,-5.524],[-42.667,-5.518],[-42.67,-5.53],[-42.694,-5.515],[-42.712,-5.543],[-42.718,-5.541],[-42.728,-5.537],[-42.747,-5.53],[-42.748,-5.424],[-42.726,-5.427],[-42.713,-5.42],[-42.662,-5.391],[-42.631,-5.392],[-42.599,-5.35],[-42.591,-5.351],[-42.567,-5.366],[-42.557,-5.383]]]}},{"type":"Feature","properties":{"id":"2205599","nome":"Lagoa do S\u00edtio"},"geometry":{"type":"Polygon","coordinates":[[[-41.574,-6.339],[-41.562,-6.381],[-41.531,-6.362],[-41.527,-6.375],[-41.446,-6.348],[-41.393,-6.364],[-41.388,-6.365],[-41.399,-6.407],[-41.406,-6.435],[-41.374,-6.503],[-41.314,-6.5],[-41.318,-6.52],[-41.316,-6.524],[-41.306,-6.527],[-41.303,-6.531],[-41.304,-6.535],[-41.299,-6.538],[-41.303,-6.544],[-41.299,-6.554],[-41.281,-6.559],[-41.279,-6.566],[-41.276,-6.567],[-41.27,-6.578],[-41.264,-6.606],[-41.271,-6.609],[-41.265,-6.61],[-41.264,-6.613],[-41.282,-6.651],[-41.329,-6.618],[-41.426,-6.565],[-41.508,-6.556],[-41.511,-6.608],[-41.622,-6.559],[-41.689,-6.531],[-41.689,-6.519],[-41.669,-6.501],[-41.664,-6.487],[-41.661,-6.473],[-41.665,-6.461],[-41.636,-6.422],[-41.597,-6.373],[-41.593,-6.361],[-41.585,-6.354],[-41.578,-6.351],[-41.574,-6.339]]]}},{"type":"Feature","properties":{"id":"2205607","nome":"Landri Sales"},"geometry":{"type":"Polygon","coordinates":[[[-43.684,-7.133],[-43.717,-7.263],[-43.732,-7.3],[-43.741,-7.311],[-43.784,-7.365],[-43.832,-7.352],[-43.908,-7.379],[-44.036,-7.423],[-44.042,-7.428],[-44.123,-7.5],[-44.134,-7.534],[-44.184,-7.418],[-44.184,-7.417],[-44.071,-7.268],[-44.09,-7.218],[-44.069,-7.199],[-44.048,-7.22],[-44.038,-7.231],[-43.909,-7.204],[-43.88,-7.198],[-43.841,-7.135],[-43.774,-7.139],[-43.773,-7.125],[-43.779,-7.114],[-43.773,-7.111],[-43.773,-7.106],[-43.76,-7.093],[-43.741,-7.107],[-43.74,-7.113],[-43.684,-7.133]]]}},{"type":"Feature","properties":{"id":"2205706","nome":"Lu\u00eds Correia"},"geometry":{"type":"Polygon","coordinates":[[[-41.593,-2.905],[-41.581,-2.907],[-41.56,-2.901],[-41.559,-2.898],[-41.533,-2.909],[-41.51,-2.911],[-41.495,-2.902],[-41.481,-2.896],[-41.445,-2.905],[-41.44,-2.91],[-41.437,-2.909],[-41.438,-2.911],[-41.44,-2.917],[-41.444,-2.92],[-41.445,-2.93],[-41.431,-2.944],[-41.433,-2.955],[-41.445,-2.962],[-41.439,-2.982],[-41.442,-2.993],[-41.434,-3.003],[-41.438,-3.023],[-41.43,-3.039],[-41.432,-3.046],[-41.437,-3.045],[-41.433,-3.055],[-41.441,-3.078],[-41.441,-3.079],[-41.427,-3.076],[-41.383,-3.058],[-41.376,-3.057],[-41.321,-3.048],[-41.321,-3.046],[-41.261,-3.053],[-41.261,-3.067],[-41.256,-3.071],[-41.256,-3.088],[-41.268,-3.093],[-41.272,-3.101],[-41.285,-3.103],[-41.285,-3.113],[-41.299,-3.128],[-41.302,-3.13],[-41.319,-3.145],[-41.319,-3.15],[-41.328,-3.161],[-41.326,-3.169],[-41.322,-3.179],[-41.36,-3.244],[-41.386,-3.288],[-41.39,-3.294],[-41.4,-3.318],[-41.398,-3.327],[-41.412,-3.34],[-41.414,-3.35],[-41.446,-3.34],[-41.486,-3.315],[-41.483,-3.301],[-41.49,-3.29],[-41.499,-3.286],[-41.503,-3.28],[-41.493,-3.269],[-41.481,-3.233],[-41.503,-3.198],[-41.511,-3.185],[-41.472,-3.165],[-41.471,-3.165],[-41.463,-3.16],[-41.463,-3.148],[-41.463,-3.147],[-41.464,-3.125],[-41.557,-3.123],[-41.598,-3.122],[-41.599,-3.106],[-41.603,-3.062],[-41.614,-3.052],[-41.645,-3.026],[-41.658,-3.016],[-41.674,-3.011],[-41.695,-3.04],[-41.713,-3.025],[-41.71,-3.021],[-41.712,-3.019],[-41.713,-3.008],[-41.704,-3.0],[-41.691,-2.998],[-41.693,-2.989],[-41.686,-2.978],[-41.68,-2.976],[-41.684,-2.957],[-41.681,-2.946],[-41.666,-2.926],[-41.663,-2.927],[-41.661,-2.913],[-41.665,-2.907],[-41.669,-2.906],[-41.668,-2.901],[-41.673,-2.894],[-41.67,-2.877],[-41.655,-2.867],[-41.633,-2.886],[-41.593,-2.905]]]}},{"type":"Feature","properties":{"id":"2205805","nome":"Luzil\u00e2ndia"},"geometry":{"type":"Polygon","coordinates":[[[-42.204,-3.435],[-42.223,-3.446],[-42.223,-3.468],[-42.223,-3.491],[-42.223,-3.505],[-42.223,-3.542],[-42.241,-3.583],[-42.259,-3.596],[-42.26,-3.639],[-42.296,-3.66],[-42.312,-3.691],[-42.312,-3.692],[-42.328,-3.723],[-42.328,-3.743],[-42.358,-3.76],[-42.368,-3.768],[-42.377,-3.752],[-42.398,-3.756],[-42.413,-3.754],[-42.419,-3.743],[-42.426,-3.748],[-42.428,-3.743],[-42.435,-3.75],[-42.443,-3.749],[-42.448,-3.759],[-42.464,-3.769],[-42.471,-3.77],[-42.488,-3.757],[-42.518,-3.683],[-42.554,-3.667],[-42.558,-3.648],[-42.546,-3.63],[-42.529,-3.618],[-42.512,-3.615],[-42.505,-3.616],[-42.489,-3.604],[-42.48,-3.601],[-42.464,-3.606],[-42.452,-3.625],[-42.433,-3.629],[-42.396,-3.618],[-42.392,-3.616],[-42.385,-3.613],[-42.381,-3.604],[-42.377,-3.595],[-42.383,-3.541],[-42.377,-3.528],[-42.367,-3.508],[-42.389,-3.492],[-42.399,-3.472],[-42.392,-3.46],[-42.392,-3.447],[-42.377,-3.451],[-42.373,-3.453],[-42.366,-3.452],[-42.354,-3.448],[-42.33,-3.433],[-42.32,-3.436],[-42.298,-3.453],[-42.292,-3.453],[-42.272,-3.445],[-42.267,-3.442],[-42.243,-3.433],[-42.21,-3.436],[-42.202,-3.428],[-42.204,-3.435]]]}},{"type":"Feature","properties":{"id":"2205854","nome":"Madeiro"},"geometry":{"type":"Polygon","coordinates":[[[-42.489,-3.604],[-42.505,-3.616],[-42.512,-3.615],[-42.529,-3.618],[-42.546,-3.63],[-42.558,-3.648],[-42.554,-3.667],[-42.616,-3.612],[-42.613,-3.594],[-42.609,-3.586],[-42.599,-3.58],[-42.591,-3.576],[-42.569,-3.568],[-42.562,-3.556],[-42.549,-3.537],[-42.537,-3.524],[-42.532,-3.516],[-42.533,-3.507],[-42.535,-3.5],[-42.529,-3.492],[-42.506,-3.478],[-42.504,-3.456],[-42.494,-3.447],[-42.487,-3.449],[-42.487,-3.467],[-42.484,-3.474],[-42.474,-3.483],[-42.466,-3.485],[-42.489,-3.51],[-42.494,-3.515],[-42.475,-3.521],[-42.472,-3.538],[-42.458,-3.546],[-42.461,-3.554],[-42.454,-3.565],[-42.468,-3.57],[-42.474,-3.585],[-42.48,-3.601],[-42.489,-3.604]]]}},{"type":"Feature","properties":{"id":"2205904","nome":"Manoel Em\u00eddio"},"geometry":{"type":"Polygon","coordinates":[[[-43.796,-8.042],[-43.798,-8.046],[-43.801,-8.044],[-43.798,-8.05],[-43.803,-8.061],[-43.801,-8.068],[-43.796,-8.068],[-43.794,-8.074],[-43.802,-8.075],[-43.808,-8.085],[-43.804,-8.09],[-43.806,-8.094],[-43.81,-8.093],[-43.805,-8.095],[-43.805,-8.101],[-43.812,-8.116],[-43.811,-8.12],[-43.815,-8.122],[-43.812,-8.128],[-43.815,-8.13],[-43.808,-8.13],[-43.805,-8.138],[-43.81,-8.139],[-43.811,-8.135],[-43.814,-8.14],[-43.81,-8.143],[-43.814,-8.146],[-43.818,-8.152],[-43.813,-8.159],[-43.819,-8.177],[-43.811,-8.182],[-43.819,-8.193],[-43.813,-8.193],[-43.809,-8.2],[-43.814,-8.2],[-43.815,-8.215],[-43.82,-8.227],[-43.813,-8.236],[-43.814,-8.243],[-43.822,-8.253],[-43.822,-8.263],[-43.812,-8.278],[-43.814,-8.284],[-43.817,-8.28],[-43.817,-8.284],[-43.823,-8.281],[-43.82,-8.285],[-43.828,-8.288],[-43.826,-8.29],[-43.829,-8.294],[-43.824,-8.302],[-43.83,-8.308],[-43.826,-8.315],[-43.879,-8.313],[-43.919,-8.387],[-44.013,-8.403],[-44.059,-8.381],[-44.106,-8.369],[-44.383,-8.366],[-44.362,-8.295],[-44.172,-8.278],[-44.129,-8.274],[-44.101,-8.049],[-44.099,-8.029],[-43.975,-8.003],[-43.862,-7.976],[-43.791,-7.982],[-43.791,-7.99],[-43.787,-7.994],[-43.795,-8.001],[-43.8,-8.024],[-43.792,-8.026],[-43.795,-8.03],[-43.801,-8.031],[-43.796,-8.042]]]}},{"type":"Feature","properties":{"id":"2205953","nome":"Marcol\u00e2ndia"},"geometry":{"type":"Polygon","coordinates":[[[-40.713,-7.473],[-40.715,-7.48],[-40.758,-7.477],[-40.765,-7.475],[-40.782,-7.479],[-40.827,-7.458],[-40.829,-7.456],[-40.813,-7.44],[-40.8,-7.426],[-40.79,-7.416],[-40.775,-7.404],[-40.765,-7.386],[-40.756,-7.383],[-40.737,-7.35],[-40.714,-7.373],[-40.694,-7.392],[-40.652,-7.433],[-40.655,-7.441],[-40.658,-7.446],[-40.66,-7.448],[-40.701,-7.456],[-40.704,-7.458],[-40.713,-7.473]]]}},{"type":"Feature","properties":{"id":"2206001","nome":"Marcos Parente"},"geometry":{"type":"Polygon","coordinates":[[[-43.813,-6.934],[-43.724,-6.954],[-43.781,-7.05],[-43.797,-7.066],[-43.76,-7.093],[-43.773,-7.106],[-43.773,-7.111],[-43.779,-7.114],[-43.773,-7.125],[-43.774,-7.139],[-43.841,-7.135],[-43.88,-7.198],[-43.909,-7.204],[-44.038,-7.231],[-44.048,-7.22],[-44.008,-7.095],[-43.99,-7.004],[-43.99,-6.992],[-43.99,-6.984],[-43.984,-6.978],[-43.981,-6.978],[-43.981,-6.99],[-43.935,-6.99],[-43.935,-6.966],[-43.929,-6.965],[-43.926,-6.969],[-43.92,-6.962],[-43.914,-6.965],[-43.908,-6.968],[-43.905,-6.96],[-43.884,-6.954],[-43.883,-6.95],[-43.875,-6.95],[-43.868,-6.944],[-43.857,-6.951],[-43.847,-6.944],[-43.824,-6.941],[-43.818,-6.933],[-43.813,-6.934]]]}},{"type":"Feature","properties":{"id":"2206050","nome":"Massap\u00ea do Piau\u00ed"},"geometry":{"type":"Polygon","coordinates":[[[-40.951,-7.596],[-40.947,-7.598],[-40.948,-7.598],[-41.02,-7.633],[-41.038,-7.654],[-41.087,-7.642],[-41.145,-7.628],[-41.157,-7.625],[-41.18,-7.62],[-41.157,-7.585],[-41.236,-7.556],[-41.237,-7.547],[-41.24,-7.485],[-41.24,-7.48],[-41.161,-7.47],[-41.156,-7.423],[-41.153,-7.423],[-41.146,-7.423],[-41.061,-7.424],[-41.006,-7.424],[-41.017,-7.436],[-41.009,-7.444],[-41.009,-7.481],[-41.004,-7.489],[-40.994,-7.496],[-40.994,-7.52],[-40.99,-7.54],[-40.982,-7.558],[-40.967,-7.569],[-40.965,-7.577],[-40.97,-7.583],[-40.965,-7.591],[-40.951,-7.596]]]}},{"type":"Feature","properties":{"id":"2206100","nome":"Matias Ol\u00edmpio"},"geometry":{"type":"Polygon","coordinates":[[[-42.528,-3.786],[-42.548,-3.804],[-42.571,-3.779],[-42.579,-3.77],[-42.591,-3.758],[-42.656,-3.722],[-42.683,-3.694],[-42.675,-3.675],[-42.642,-3.635],[-42.635,-3.632],[-42.623,-3.624],[-42.616,-3.612],[-42.554,-3.667],[-42.518,-3.683],[-42.488,-3.757],[-42.492,-3.76],[-42.506,-3.768],[-42.522,-3.771],[-42.527,-3.772],[-42.528,-3.786]]]}},{"type":"Feature","properties":{"id":"2206209","nome":"Miguel Alves"},"geometry":{"type":"Polygon","coordinates":[[[-42.791,-3.983],[-42.771,-4.017],[-42.77,-4.017],[-42.748,-4.053],[-42.734,-4.064],[-42.709,-4.089],[-42.69,-4.097],[-42.686,-4.095],[-42.658,-4.077],[-42.646,-4.131],[-42.641,-4.148],[-42.618,-4.231],[-42.594,-4.271],[-42.578,-4.296],[-42.548,-4.344],[-42.548,-4.345],[-42.557,-4.367],[-42.571,-4.373],[-42.572,-4.378],[-42.581,-4.385],[-42.586,-4.396],[-42.581,-4.427],[-42.626,-4.417],[-42.669,-4.407],[-42.707,-4.398],[-42.772,-4.395],[-42.815,-4.397],[-42.836,-4.392],[-42.866,-4.375],[-42.887,-4.363],[-42.963,-4.354],[-42.963,-4.351],[-42.962,-4.334],[-42.967,-4.324],[-42.98,-4.305],[-42.986,-4.273],[-42.987,-4.257],[-42.988,-4.247],[-42.989,-4.234],[-42.982,-4.214],[-42.942,-4.167],[-42.936,-4.161],[-42.935,-4.161],[-42.926,-4.156],[-42.911,-4.156],[-42.888,-4.155],[-42.887,-4.147],[-42.904,-4.132],[-42.903,-4.124],[-42.896,-4.117],[-42.876,-4.11],[-42.863,-4.092],[-42.855,-4.077],[-42.842,-4.036],[-42.838,-4.028],[-42.821,-3.99],[-42.815,-3.987],[-42.805,-3.997],[-42.798,-3.996],[-42.79,-3.979],[-42.791,-3.983]]]}},{"type":"Feature","properties":{"id":"2206308","nome":"Miguel Le\u00e3o"},"geometry":{"type":"Polygon","coordinates":[[[-42.689,-5.678],[-42.641,-5.698],[-42.622,-5.705],[-42.602,-5.713],[-42.608,-5.73],[-42.618,-5.745],[-42.616,-5.758],[-42.624,-5.752],[-42.622,-5.748],[-42.633,-5.751],[-42.64,-5.746],[-42.634,-5.743],[-42.633,-5.728],[-42.64,-5.727],[-42.644,-5.735],[-42.651,-5.729],[-42.652,-5.734],[-42.658,-5.73],[-42.67,-5.733],[-42.678,-5.742],[-42.687,-5.736],[-42.69,-5.729],[-42.698,-5.728],[-42.689,-5.725],[-42.693,-5.719],[-42.686,-5.72],[-42.686,-5.714],[-42.68,-5.719],[-42.67,-5.717],[-42.671,-5.712],[-42.668,-5.706],[-42.672,-5.704],[-42.695,-5.706],[-42.699,-5.715],[-42.706,-5.708],[-42.706,-5.723],[-42.713,-5.711],[-42.719,-5.736],[-42.723,-5.731],[-42.719,-5.708],[-42.724,-5.707],[-42.727,-5.711],[-42.73,-5.709],[-42.734,-5.713],[-42.74,-5.712],[-42.73,-5.72],[-42.744,-5.717],[-42.754,-5.704],[-42.767,-5.689],[-42.793,-5.694],[-42.807,-5.697],[-42.814,-5.678],[-42.781,-5.671],[-42.739,-5.662],[-42.734,-5.661],[-42.689,-5.678]]]}},{"type":"Feature","properties":{"id":"2206357","nome":"Milton Brand\u00e3o"},"geometry":{"type":"Polygon","coordinates":[[[-41.581,-4.872],[-41.603,-4.88],[-41.646,-4.826],[-41.699,-4.761],[-41.747,-4.703],[-41.776,-4.688],[-41.745,-4.59],[-41.729,-4.589],[-41.586,-4.583],[-41.495,-4.578],[-41.486,-4.577],[-41.434,-4.572],[-41.341,-4.561],[-41.294,-4.556],[-41.294,-4.629],[-41.295,-4.815],[-41.358,-4.816],[-41.412,-4.817],[-41.429,-4.817],[-41.516,-4.849],[-41.517,-4.849],[-41.538,-4.857],[-41.581,-4.872]]]}},{"type":"Feature","properties":{"id":"2206407","nome":"Monsenhor Gil"},"geometry":{"type":"Polygon","coordinates":[[[-42.572,-5.491],[-42.503,-5.555],[-42.418,-5.633],[-42.424,-5.631],[-42.431,-5.636],[-42.438,-5.632],[-42.445,-5.638],[-42.453,-5.636],[-42.453,-5.641],[-42.469,-5.65],[-42.48,-5.648],[-42.485,-5.643],[-42.495,-5.664],[-42.51,-5.675],[-42.517,-5.675],[-42.519,-5.681],[-42.525,-5.68],[-42.526,-5.694],[-42.531,-5.7],[-42.532,-5.7],[-42.544,-5.701],[-42.545,-5.709],[-42.556,-5.712],[-42.557,-5.722],[-42.564,-5.728],[-42.602,-5.713],[-42.622,-5.705],[-42.641,-5.698],[-42.689,-5.678],[-42.734,-5.661],[-42.735,-5.634],[-42.749,-5.629],[-42.761,-5.625],[-42.753,-5.575],[-42.748,-5.54],[-42.747,-5.53],[-42.728,-5.537],[-42.718,-5.541],[-42.712,-5.543],[-42.694,-5.515],[-42.67,-5.53],[-42.667,-5.518],[-42.648,-5.524],[-42.645,-5.514],[-42.638,-5.514],[-42.604,-5.515],[-42.599,-5.515],[-42.574,-5.493],[-42.572,-5.491]]]}},{"type":"Feature","properties":{"id":"2206506","nome":"Monsenhor Hip\u00f3lito"},"geometry":{"type":"Polygon","coordinates":[[[-40.993,-7.038],[-41.001,-7.088],[-41.029,-7.08],[-41.066,-7.069],[-41.103,-7.124],[-41.105,-7.124],[-41.097,-7.087],[-41.081,-6.997],[-41.08,-6.997],[-41.082,-6.962],[-41.088,-6.873],[-41.095,-6.756],[-41.029,-6.761],[-40.994,-6.768],[-40.993,-6.769],[-40.981,-6.772],[-40.983,-6.813],[-40.982,-6.897],[-40.984,-6.961],[-40.984,-6.965],[-40.989,-7.011],[-40.99,-7.014],[-40.992,-7.025],[-40.993,-7.038]]]}},{"type":"Feature","properties":{"id":"2206605","nome":"Monte Alegre do Piau\u00ed"},"geometry":{"type":"Polygon","coordinates":[[[-44.658,-9.583],[-44.806,-9.68],[-44.825,-9.647],[-44.827,-9.653],[-44.834,-9.652],[-44.84,-9.663],[-44.837,-9.668],[-44.848,-9.673],[-44.843,-9.682],[-44.847,-9.691],[-44.842,-9.699],[-44.847,-9.712],[-44.844,-9.723],[-44.85,-9.734],[-44.868,-9.742],[-44.862,-9.754],[-44.868,-9.762],[-44.876,-9.758],[-44.872,-9.765],[-44.874,-9.773],[-44.881,-9.779],[-44.896,-9.775],[-44.903,-9.777],[-44.904,-9.798],[-44.909,-9.798],[-44.914,-9.794],[-44.923,-9.802],[-44.928,-9.796],[-44.944,-9.806],[-44.956,-9.824],[-44.97,-9.821],[-44.977,-9.816],[-44.984,-9.818],[-44.987,-9.81],[-45.009,-9.812],[-45.011,-9.806],[-45.026,-9.812],[-45.036,-9.818],[-45.057,-9.81],[-45.061,-9.823],[-45.068,-9.813],[-45.07,-9.816],[-45.076,-9.813],[-45.072,-9.806],[-45.082,-9.808],[-45.087,-9.806],[-45.1,-9.795],[-45.108,-9.794],[-45.155,-9.804],[-45.181,-9.801],[-45.233,-9.821],[-45.246,-9.823],[-45.277,-9.802],[-45.284,-9.809],[-45.305,-9.796],[-45.308,-9.78],[-45.316,-9.776],[-45.325,-9.773],[-45.327,-9.763],[-45.331,-9.74],[-45.306,-9.71],[-45.3,-9.693],[-45.312,-9.685],[-45.334,-9.682],[-45.324,-9.662],[-45.261,-9.562],[-45.114,-9.33],[-44.988,-9.386],[-44.968,-9.395],[-44.817,-9.462],[-44.743,-9.508],[-44.68,-9.547],[-44.67,-9.553],[-44.666,-9.561],[-44.658,-9.583]]]}},{"type":"Feature","properties":{"id":"2206654","nome":"Morro Cabe\u00e7a no Tempo"},"geometry":{"type":"Polygon","coordinates":[[[-43.717,-9.802],[-43.708,-9.805],[-43.693,-9.805],[-43.682,-9.815],[-43.664,-9.823],[-43.653,-9.839],[-43.653,-9.845],[-43.665,-9.855],[-43.666,-9.869],[-43.677,-9.886],[-43.694,-9.891],[-43.696,-9.901],[-43.705,-9.906],[-43.709,-9.913],[-43.706,-9.922],[-43.692,-9.925],[-43.69,-9.929],[-43.689,-9.939],[-43.703,-9.966],[-43.684,-9.982],[-43.669,-9.987],[-43.665,-9.991],[-43.662,-10.004],[-43.669,-10.03],[-43.69,-10.044],[-43.692,-10.06],[-43.693,-10.077],[-43.73,-10.072],[-43.745,-10.072],[-43.762,-10.075],[-43.768,-10.085],[-43.775,-10.076],[-43.788,-10.068],[-43.791,-10.055],[-43.796,-10.052],[-43.827,-10.051],[-43.851,-10.044],[-43.865,-10.05],[-43.865,-10.044],[-43.856,-10.033],[-43.863,-10.026],[-43.863,-10.003],[-43.872,-9.998],[-43.874,-9.988],[-43.885,-9.973],[-43.903,-9.972],[-43.932,-9.977],[-43.941,-9.974],[-43.95,-9.978],[-43.97,-9.979],[-43.971,-9.98],[-43.975,-9.976],[-43.975,-9.962],[-43.985,-9.959],[-43.987,-9.951],[-44.007,-9.932],[-44.023,-9.93],[-44.029,-9.939],[-44.022,-9.952],[-44.028,-9.962],[-44.028,-9.968],[-44.076,-10.017],[-44.084,-10.008],[-44.09,-10.007],[-44.103,-10.012],[-44.115,-10.024],[-44.119,-10.028],[-44.111,-9.95],[-44.125,-9.95],[-44.131,-9.935],[-44.125,-9.926],[-44.126,-9.92],[-44.116,-9.913],[-44.11,-9.898],[-44.095,-9.886],[-44.102,-9.877],[-44.119,-9.869],[-44.127,-9.854],[-44.134,-9.851],[-44.138,-9.843],[-44.149,-9.833],[-44.142,-9.834],[-44.113,-9.819],[-44.113,-9.814],[-44.106,-9.809],[-44.109,-9.803],[-44.113,-9.801],[-44.119,-9.785],[-44.116,-9.768],[-44.12,-9.759],[-44.115,-9.747],[-44.115,-9.731],[-44.132,-9.718],[-44.156,-9.685],[-44.188,-9.659],[-44.068,-9.598],[-44.043,-9.586],[-43.925,-9.527],[-43.786,-9.457],[-43.799,-9.479],[-43.816,-9.492],[-43.821,-9.5],[-43.849,-9.548],[-43.852,-9.562],[-43.841,-9.586],[-43.842,-9.612],[-43.834,-9.618],[-43.834,-9.622],[-43.84,-9.626],[-43.842,-9.637],[-43.826,-9.649],[-43.8,-9.691],[-43.799,-9.692],[-43.793,-9.712],[-43.797,-9.727],[-43.785,-9.762],[-43.767,-9.77],[-43.761,-9.777],[-43.721,-9.793],[-43.717,-9.802]]]}},{"type":"Feature","properties":{"id":"2206670","nome":"Morro do Chap\u00e9u do Piau\u00ed"},"geometry":{"type":"Polygon","coordinates":[[[-42.153,-3.589],[-42.158,-3.606],[-42.157,-3.615],[-42.175,-3.664],[-42.178,-3.684],[-42.178,-3.686],[-42.193,-3.686],[-42.205,-3.691],[-42.209,-3.696],[-42.208,-3.7],[-42.197,-3.717],[-42.188,-3.724],[-42.202,-3.73],[-42.208,-3.737],[-42.206,-3.752],[-42.215,-3.753],[-42.228,-3.764],[-42.236,-3.762],[-42.248,-3.764],[-42.249,-3.774],[-42.258,-3.784],[-42.274,-3.783],[-42.275,-3.783],[-42.293,-3.785],[-42.333,-3.824],[-42.346,-3.837],[-42.393,-3.832],[-42.389,-3.803],[-42.387,-3.781],[-42.368,-3.768],[-42.358,-3.76],[-42.328,-3.743],[-42.328,-3.723],[-42.312,-3.692],[-42.312,-3.691],[-42.296,-3.66],[-42.26,-3.639],[-42.259,-3.596],[-42.222,-3.605],[-42.217,-3.598],[-42.206,-3.595],[-42.204,-3.581],[-42.194,-3.57],[-42.191,-3.553],[-42.153,-3.589]]]}},{"type":"Feature","properties":{"id":"2206696","nome":"Murici dos Portelas"},"geometry":{"type":"Polygon","coordinates":[[[-41.973,-3.224],[-41.958,-3.232],[-41.938,-3.231],[-41.929,-3.235],[-41.927,-3.257],[-41.914,-3.272],[-41.91,-3.281],[-41.913,-3.298],[-41.903,-3.315],[-41.911,-3.314],[-41.932,-3.3],[-41.927,-3.326],[-41.961,-3.332],[-41.965,-3.335],[-42.004,-3.338],[-42.003,-3.345],[-41.983,-3.351],[-41.977,-3.362],[-41.96,-3.36],[-41.956,-3.362],[-41.946,-3.373],[-41.946,-3.378],[-41.948,-3.382],[-41.951,-3.398],[-41.946,-3.399],[-41.938,-3.396],[-41.925,-3.411],[-41.916,-3.412],[-41.913,-3.428],[-41.906,-3.437],[-41.908,-3.454],[-41.918,-3.46],[-41.917,-3.464],[-41.925,-3.467],[-41.955,-3.45],[-41.963,-3.449],[-41.97,-3.454],[-41.976,-3.45],[-41.974,-3.507],[-41.991,-3.503],[-42.021,-3.504],[-42.034,-3.501],[-42.041,-3.495],[-42.053,-3.49],[-42.044,-3.472],[-42.051,-3.449],[-42.058,-3.452],[-42.079,-3.451],[-42.097,-3.439],[-42.098,-3.439],[-42.091,-3.434],[-42.078,-3.411],[-42.063,-3.395],[-42.111,-3.356],[-42.125,-3.345],[-42.128,-3.343],[-42.121,-3.32],[-42.113,-3.314],[-42.1,-3.311],[-42.095,-3.303],[-42.098,-3.296],[-42.11,-3.291],[-42.132,-3.29],[-42.135,-3.281],[-42.131,-3.275],[-42.115,-3.262],[-42.092,-3.259],[-42.076,-3.258],[-42.066,-3.253],[-42.045,-3.25],[-42.03,-3.246],[-42.01,-3.246],[-42.0,-3.241],[-41.983,-3.223],[-41.979,-3.218],[-41.973,-3.224]]]}},{"type":"Feature","properties":{"id":"2206704","nome":"Nazar\u00e9 do Piau\u00ed"},"geometry":{"type":"Polygon","coordinates":[[[-42.687,-6.839],[-42.665,-6.852],[-42.623,-6.798],[-42.606,-6.808],[-42.606,-6.824],[-42.602,-6.83],[-42.604,-6.837],[-42.598,-6.837],[-42.592,-6.848],[-42.584,-6.845],[-42.579,-6.856],[-42.574,-6.858],[-42.566,-6.869],[-42.601,-6.968],[-42.625,-6.997],[-42.643,-6.986],[-42.646,-7.008],[-42.646,-7.011],[-42.655,-7.094],[-42.651,-7.109],[-42.637,-7.158],[-42.653,-7.187],[-42.662,-7.202],[-42.604,-7.379],[-42.622,-7.352],[-42.66,-7.352],[-42.674,-7.31],[-42.697,-7.292],[-42.688,-7.263],[-42.706,-7.192],[-42.726,-7.191],[-42.777,-7.281],[-42.785,-7.295],[-42.815,-7.279],[-42.852,-7.214],[-42.93,-7.193],[-42.944,-7.133],[-42.94,-7.127],[-42.873,-7.026],[-42.854,-6.999],[-42.798,-6.915],[-42.793,-6.774],[-42.694,-6.835],[-42.687,-6.839]]]}},{"type":"Feature","properties":{"id":"2206753","nome":"Nossa Senhora de Nazar\u00e9"},"geometry":{"type":"Polygon","coordinates":[[[-42.146,-4.551],[-42.15,-4.562],[-42.144,-4.572],[-42.152,-4.575],[-42.175,-4.566],[-42.178,-4.571],[-42.18,-4.584],[-42.174,-4.603],[-42.146,-4.603],[-42.146,-4.59],[-42.136,-4.59],[-42.131,-4.593],[-42.132,-4.601],[-42.105,-4.606],[-42.085,-4.606],[-42.085,-4.615],[-42.081,-4.618],[-42.075,-4.622],[-42.072,-4.634],[-42.065,-4.634],[-42.059,-4.642],[-42.051,-4.652],[-42.062,-4.661],[-42.078,-4.672],[-42.087,-4.704],[-42.088,-4.708],[-42.103,-4.725],[-42.15,-4.7],[-42.144,-4.721],[-42.161,-4.727],[-42.172,-4.719],[-42.173,-4.711],[-42.178,-4.707],[-42.186,-4.706],[-42.192,-4.724],[-42.205,-4.726],[-42.207,-4.717],[-42.213,-4.713],[-42.214,-4.705],[-42.217,-4.702],[-42.213,-4.695],[-42.218,-4.682],[-42.216,-4.672],[-42.218,-4.671],[-42.225,-4.665],[-42.233,-4.668],[-42.245,-4.666],[-42.25,-4.66],[-42.244,-4.653],[-42.272,-4.653],[-42.26,-4.67],[-42.252,-4.695],[-42.253,-4.736],[-42.257,-4.743],[-42.271,-4.742],[-42.278,-4.747],[-42.286,-4.743],[-42.292,-4.731],[-42.305,-4.726],[-42.317,-4.727],[-42.282,-4.679],[-42.285,-4.625],[-42.279,-4.594],[-42.276,-4.582],[-42.259,-4.569],[-42.265,-4.558],[-42.277,-4.549],[-42.25,-4.535],[-42.245,-4.551],[-42.216,-4.544],[-42.21,-4.556],[-42.195,-4.55],[-42.191,-4.558],[-42.187,-4.559],[-42.18,-4.557],[-42.174,-4.56],[-42.171,-4.549],[-42.165,-4.549],[-42.164,-4.542],[-42.147,-4.528],[-42.151,-4.535],[-42.146,-4.551]]]}},{"type":"Feature","properties":{"id":"2206803","nome":"Nossa Senhora dos Rem\u00e9dios"},"geometry":{"type":"Polygon","coordinates":[[[-42.523,-4.072],[-42.535,-4.101],[-42.55,-4.106],[-42.556,-4.105],[-42.567,-4.114],[-42.57,-4.117],[-42.573,-4.12],[-42.589,-4.131],[-42.612,-4.132],[-42.621,-4.127],[-42.625,-4.13],[-42.646,-4.131],[-42.658,-4.077],[-42.686,-4.095],[-42.691,-4.087],[-42.689,-4.076],[-42.696,-4.077],[-42.701,-4.07],[-42.693,-4.055],[-42.695,-4.048],[-42.688,-4.04],[-42.692,-4.012],[-42.697,-4.01],[-42.696,-3.985],[-42.681,-3.972],[-42.636,-3.936],[-42.625,-3.927],[-42.622,-3.904],[-42.612,-3.897],[-42.597,-3.91],[-42.533,-3.965],[-42.523,-4.023],[-42.514,-4.043],[-42.509,-4.051],[-42.507,-4.057],[-42.524,-4.065],[-42.523,-4.072]]]}},{"type":"Feature","properties":{"id":"2206902","nome":"Novo Oriente do Piau\u00ed"},"geometry":{"type":"Polygon","coordinates":[[[-41.898,-6.41],[-41.896,-6.445],[-41.893,-6.54],[-41.918,-6.532],[-41.899,-6.556],[-41.891,-6.562],[-41.877,-6.578],[-41.877,-6.588],[-41.861,-6.605],[-41.865,-6.612],[-41.888,-6.608],[-41.927,-6.644],[-41.988,-6.62],[-41.999,-6.617],[-42.043,-6.627],[-42.064,-6.638],[-42.122,-6.644],[-42.113,-6.633],[-42.087,-6.636],[-42.082,-6.629],[-42.081,-6.61],[-42.078,-6.608],[-42.057,-6.602],[-42.056,-6.567],[-42.061,-6.527],[-42.061,-6.526],[-42.037,-6.511],[-42.048,-6.509],[-42.05,-6.494],[-42.027,-6.482],[-42.023,-6.483],[-42.013,-6.474],[-42.013,-6.443],[-42.048,-6.441],[-42.067,-6.445],[-42.079,-6.464],[-42.086,-6.469],[-42.09,-6.467],[-42.093,-6.457],[-42.042,-6.396],[-42.036,-6.385],[-42.015,-6.31],[-41.913,-6.398],[-41.898,-6.41]]]}},{"type":"Feature","properties":{"id":"2206951","nome":"Novo Santo Ant\u00f4nio"},"geometry":{"type":"Polygon","coordinates":[[[-41.801,-5.22],[-41.799,-5.321],[-41.813,-5.327],[-41.819,-5.331],[-41.835,-5.328],[-41.838,-5.34],[-41.852,-5.339],[-41.861,-5.36],[-41.879,-5.36],[-41.888,-5.377],[-41.902,-5.376],[-41.909,-5.38],[-41.925,-5.381],[-41.938,-5.389],[-41.944,-5.407],[-41.953,-5.394],[-41.959,-5.397],[-41.96,-5.39],[-41.972,-5.391],[-41.979,-5.396],[-41.983,-5.388],[-41.991,-5.387],[-41.992,-5.381],[-41.996,-5.378],[-41.996,-5.371],[-42.002,-5.366],[-41.999,-5.362],[-42.001,-5.357],[-42.005,-5.356],[-42.004,-5.346],[-42.012,-5.349],[-42.015,-5.345],[-42.021,-5.346],[-42.021,-5.349],[-42.027,-5.349],[-42.028,-5.343],[-42.035,-5.338],[-42.031,-5.334],[-42.033,-5.326],[-42.028,-5.314],[-42.032,-5.308],[-42.023,-5.299],[-42.014,-5.301],[-42.012,-5.299],[-42.011,-5.299],[-42.0,-5.295],[-41.993,-5.287],[-41.997,-5.276],[-42.009,-5.273],[-42.015,-5.267],[-42.014,-5.263],[-42.001,-5.251],[-42.0,-5.24],[-42.009,-5.233],[-42.017,-5.237],[-42.02,-5.233],[-42.008,-5.222],[-42.008,-5.209],[-41.999,-5.2],[-42.0,-5.187],[-41.994,-5.167],[-41.981,-5.169],[-41.896,-5.181],[-41.88,-5.183],[-41.815,-5.192],[-41.8,-5.194],[-41.801,-5.22]]]}},{"type":"Feature","properties":{"id":"2207009","nome":"Oeiras"},"geometry":{"type":"Polygon","coordinates":[[[-41.988,-6.62],[-41.927,-6.644],[-41.922,-6.646],[-41.932,-6.67],[-41.916,-6.74],[-41.916,-6.791],[-41.916,-6.83],[-41.922,-6.833],[-41.93,-6.831],[-41.936,-6.843],[-41.947,-6.847],[-41.962,-6.861],[-41.964,-6.867],[-41.961,-6.871],[-41.965,-6.881],[-41.978,-6.896],[-41.979,-6.905],[-41.984,-6.907],[-41.993,-6.925],[-41.992,-6.947],[-42.002,-6.952],[-41.993,-6.961],[-41.971,-6.978],[-41.965,-6.99],[-41.973,-7.014],[-41.879,-7.022],[-41.878,-7.03],[-41.888,-7.037],[-41.898,-7.051],[-41.918,-7.062],[-41.915,-7.071],[-41.899,-7.124],[-41.917,-7.179],[-41.919,-7.184],[-41.946,-7.221],[-42.005,-7.248],[-41.992,-7.266],[-42.022,-7.301],[-42.052,-7.318],[-42.097,-7.155],[-42.161,-7.11],[-42.168,-7.105],[-42.18,-7.108],[-42.21,-7.133],[-42.231,-7.138],[-42.247,-7.167],[-42.25,-7.171],[-42.264,-7.176],[-42.274,-7.171],[-42.29,-7.18],[-42.296,-7.175],[-42.303,-7.191],[-42.306,-7.195],[-42.306,-7.211],[-42.31,-7.223],[-42.404,-7.168],[-42.411,-7.145],[-42.406,-7.096],[-42.416,-7.055],[-42.421,-6.988],[-42.42,-6.967],[-42.425,-6.968],[-42.461,-6.974],[-42.563,-6.99],[-42.625,-6.997],[-42.601,-6.968],[-42.566,-6.869],[-42.554,-6.869],[-42.541,-6.862],[-42.502,-6.88],[-42.494,-6.877],[-42.493,-6.877],[-42.487,-6.88],[-42.475,-6.896],[-42.468,-6.894],[-42.473,-6.899],[-42.473,-6.905],[-42.461,-6.91],[-42.449,-6.909],[-42.441,-6.901],[-42.433,-6.901],[-42.408,-6.864],[-42.407,-6.856],[-42.396,-6.843],[-42.393,-6.832],[-42.369,-6.822],[-42.36,-6.806],[-42.361,-6.818],[-42.339,-6.825],[-42.33,-6.835],[-42.318,-6.829],[-42.314,-6.831],[-42.314,-6.839],[-42.306,-6.839],[-42.306,-6.832],[-42.299,-6.823],[-42.289,-6.834],[-42.288,-6.85],[-42.291,-6.873],[-42.287,-6.88],[-42.281,-6.879],[-42.273,-6.87],[-42.254,-6.865],[-42.244,-6.866],[-42.237,-6.871],[-42.242,-6.895],[-42.24,-6.906],[-42.204,-6.922],[-42.2,-6.916],[-42.204,-6.91],[-42.194,-6.906],[-42.192,-6.901],[-42.175,-6.899],[-42.174,-6.887],[-42.178,-6.883],[-42.17,-6.875],[-42.152,-6.865],[-42.16,-6.854],[-42.139,-6.848],[-42.136,-6.85],[-42.132,-6.845],[-42.125,-6.844],[-42.122,-6.837],[-42.116,-6.835],[-42.117,-6.828],[-42.113,-6.825],[-42.116,-6.82],[-42.119,-6.818],[-42.125,-6.811],[-42.125,-6.807],[-42.121,-6.8],[-42.112,-6.796],[-42.109,-6.791],[-42.111,-6.785],[-42.112,-6.766],[-42.111,-6.753],[-42.131,-6.744],[-42.136,-6.732],[-42.146,-6.642],[-42.145,-6.642],[-42.122,-6.644],[-42.064,-6.638],[-42.043,-6.627],[-41.999,-6.617],[-41.988,-6.62]]]}},{"type":"Feature","properties":{"id":"2207108","nome":"Olho D'\u00c1gua do Piau\u00ed"},"geometry":{"type":"Polygon","coordinates":[[[-42.531,-5.7],[-42.531,-5.742],[-42.535,-5.768],[-42.539,-5.799],[-42.545,-5.842],[-42.512,-5.863],[-42.465,-5.894],[-42.463,-5.909],[-42.48,-5.923],[-42.489,-5.936],[-42.547,-5.943],[-42.548,-5.933],[-42.584,-5.92],[-42.585,-5.903],[-42.601,-5.892],[-42.604,-5.89],[-42.613,-5.887],[-42.601,-5.853],[-42.586,-5.83],[-42.609,-5.788],[-42.6,-5.768],[-42.599,-5.764],[-42.608,-5.73],[-42.602,-5.713],[-42.564,-5.728],[-42.557,-5.722],[-42.556,-5.712],[-42.545,-5.709],[-42.544,-5.701],[-42.532,-5.7],[-42.531,-5.7]]]}},{"type":"Feature","properties":{"id":"2207207","nome":"Padre Marcos"},"geometry":{"type":"Polygon","coordinates":[[[-40.813,-7.44],[-40.829,-7.456],[-40.827,-7.458],[-40.782,-7.479],[-40.806,-7.484],[-40.87,-7.448],[-40.877,-7.453],[-40.879,-7.456],[-40.888,-7.459],[-40.89,-7.468],[-40.895,-7.469],[-40.901,-7.475],[-40.902,-7.486],[-40.909,-7.489],[-40.918,-7.487],[-40.926,-7.492],[-40.932,-7.498],[-40.936,-7.497],[-40.934,-7.486],[-40.917,-7.454],[-40.92,-7.436],[-40.933,-7.361],[-40.936,-7.343],[-40.94,-7.332],[-40.979,-7.307],[-40.972,-7.303],[-40.945,-7.291],[-40.929,-7.283],[-40.901,-7.271],[-40.868,-7.263],[-40.867,-7.263],[-40.86,-7.274],[-40.85,-7.326],[-40.835,-7.357],[-40.83,-7.369],[-40.803,-7.404],[-40.79,-7.416],[-40.8,-7.426],[-40.813,-7.44]]]}},{"type":"Feature","properties":{"id":"2207306","nome":"Paes Landim"},"geometry":{"type":"Polygon","coordinates":[[[-42.267,-7.951],[-42.335,-7.968],[-42.351,-7.857],[-42.357,-7.81],[-42.405,-7.766],[-42.415,-7.757],[-42.393,-7.751],[-42.369,-7.733],[-42.36,-7.731],[-42.355,-7.724],[-42.311,-7.723],[-42.189,-7.722],[-42.163,-7.744],[-42.161,-7.747],[-42.19,-7.785],[-42.198,-7.796],[-42.228,-7.885],[-42.215,-7.894],[-42.235,-7.917],[-42.267,-7.951]]]}},{"type":"Feature","properties":{"id":"2207355","nome":"Paje\u00fa do Piau\u00ed"},"geometry":{"type":"Polygon","coordinates":[[[-42.709,-8.088],[-42.724,-8.094],[-42.732,-8.091],[-42.739,-8.098],[-42.86,-8.077],[-42.935,-8.063],[-42.965,-8.046],[-42.975,-8.026],[-42.989,-7.998],[-42.995,-7.991],[-42.995,-7.983],[-43.015,-7.97],[-43.019,-7.961],[-43.041,-7.943],[-43.063,-7.934],[-43.059,-7.91],[-42.898,-7.884],[-42.889,-7.862],[-42.875,-7.827],[-42.845,-7.753],[-42.803,-7.649],[-42.756,-7.702],[-42.738,-7.722],[-42.686,-7.779],[-42.687,-7.787],[-42.697,-7.862],[-42.709,-7.956],[-42.712,-7.976],[-42.665,-8.037],[-42.671,-8.04],[-42.688,-8.074],[-42.697,-8.077],[-42.709,-8.088]]]}},{"type":"Feature","properties":{"id":"2207405","nome":"Palmeira do Piau\u00ed"},"geometry":{"type":"Polygon","coordinates":[[[-44.842,-8.265],[-44.534,-8.404],[-44.408,-8.461],[-44.325,-8.499],[-44.205,-8.553],[-44.208,-8.627],[-44.028,-8.61],[-44.027,-8.614],[-44.022,-8.614],[-44.027,-8.619],[-44.021,-8.616],[-44.023,-8.62],[-44.02,-8.622],[-44.028,-8.63],[-44.031,-8.627],[-44.034,-8.63],[-44.031,-8.633],[-44.037,-8.635],[-44.033,-8.636],[-44.033,-8.64],[-44.04,-8.641],[-44.042,-8.645],[-44.039,-8.649],[-44.044,-8.648],[-44.047,-8.652],[-44.041,-8.655],[-44.05,-8.658],[-44.05,-8.662],[-44.059,-8.663],[-44.062,-8.66],[-44.068,-8.666],[-44.074,-8.664],[-44.084,-8.668],[-44.11,-8.693],[-44.116,-8.693],[-44.118,-8.698],[-44.128,-8.694],[-44.134,-8.696],[-44.139,-8.7],[-44.151,-8.727],[-44.151,-8.734],[-44.156,-8.747],[-44.174,-8.751],[-44.182,-8.761],[-44.187,-8.761],[-44.186,-8.764],[-44.191,-8.765],[-44.193,-8.772],[-44.202,-8.771],[-44.226,-8.787],[-44.239,-8.798],[-44.272,-8.799],[-44.305,-8.799],[-44.502,-8.674],[-44.516,-8.665],[-44.727,-8.532],[-44.827,-8.426],[-44.829,-8.424],[-44.822,-8.404],[-44.816,-8.4],[-44.815,-8.393],[-44.818,-8.391],[-44.813,-8.38],[-44.815,-8.376],[-44.821,-8.353],[-44.818,-8.346],[-44.821,-8.339],[-44.819,-8.338],[-44.822,-8.336],[-44.823,-8.329],[-44.833,-8.324],[-44.832,-8.319],[-44.844,-8.309],[-44.843,-8.298],[-44.846,-8.299],[-44.841,-8.282],[-44.845,-8.272],[-44.842,-8.265]]]}},{"type":"Feature","properties":{"id":"2207504","nome":"Palmeirais"},"geometry":{"type":"Polygon","coordinates":[[[-42.97,-5.561],[-42.959,-5.568],[-42.955,-5.567],[-42.941,-5.586],[-42.914,-5.626],[-42.972,-5.628],[-42.959,-5.638],[-42.953,-5.652],[-42.975,-5.682],[-42.951,-5.696],[-42.936,-5.704],[-42.94,-5.721],[-42.892,-5.791],[-42.853,-5.848],[-42.851,-5.87],[-42.817,-5.859],[-42.777,-5.847],[-42.745,-5.849],[-42.777,-5.959],[-42.778,-5.961],[-42.78,-5.963],[-42.811,-5.994],[-42.82,-5.991],[-42.792,-6.072],[-42.793,-6.1],[-42.908,-6.124],[-42.979,-6.138],[-42.982,-6.128],[-42.994,-6.116],[-43.011,-6.111],[-43.034,-6.111],[-43.05,-6.099],[-43.06,-6.071],[-43.075,-6.054],[-43.075,-6.04],[-43.056,-6.027],[-43.05,-6.015],[-43.048,-6.0],[-43.051,-5.989],[-43.055,-5.986],[-43.073,-5.974],[-43.081,-5.961],[-43.087,-5.945],[-43.087,-5.921],[-43.095,-5.91],[-43.099,-5.906],[-43.099,-5.899],[-43.076,-5.867],[-43.077,-5.864],[-43.096,-5.834],[-43.091,-5.806],[-43.098,-5.793],[-43.101,-5.762],[-43.097,-5.745],[-43.094,-5.74],[-43.08,-5.742],[-43.076,-5.729],[-43.088,-5.683],[-43.088,-5.67],[-43.084,-5.659],[-43.084,-5.64],[-43.091,-5.633],[-43.099,-5.633],[-43.095,-5.615],[-43.089,-5.604],[-43.08,-5.599],[-43.048,-5.592],[-43.034,-5.592],[-43.027,-5.579],[-43.024,-5.56],[-43.011,-5.548],[-43.005,-5.542],[-42.986,-5.558],[-42.97,-5.561]]]}},{"type":"Feature","properties":{"id":"2207553","nome":"Paquet\u00e1"},"geometry":{"type":"Polygon","coordinates":[[[-41.715,-7.0],[-41.661,-7.031],[-41.641,-7.033],[-41.585,-7.033],[-41.589,-7.037],[-41.601,-7.041],[-41.608,-7.048],[-41.603,-7.065],[-41.591,-7.075],[-41.588,-7.088],[-41.58,-7.098],[-41.593,-7.103],[-41.599,-7.101],[-41.604,-7.107],[-41.614,-7.106],[-41.617,-7.098],[-41.626,-7.148],[-41.617,-7.156],[-41.605,-7.225],[-41.616,-7.241],[-41.617,-7.242],[-41.654,-7.298],[-41.689,-7.308],[-41.71,-7.325],[-41.721,-7.299],[-41.698,-7.207],[-41.729,-7.189],[-41.726,-7.166],[-41.749,-7.152],[-41.748,-7.146],[-41.765,-7.107],[-41.776,-7.097],[-41.815,-7.066],[-41.778,-7.036],[-41.731,-7.017],[-41.73,-7.019],[-41.717,-7.003],[-41.715,-7.0]]]}},{"type":"Feature","properties":{"id":"2207603","nome":"Parnagu\u00e1"},"geometry":{"type":"Polygon","coordinates":[[[-44.526,-9.904],[-44.512,-9.914],[-44.506,-9.913],[-44.49,-9.923],[-44.488,-9.922],[-44.481,-9.93],[-44.49,-9.954],[-44.482,-9.962],[-44.469,-9.964],[-44.459,-9.973],[-44.442,-9.978],[-44.449,-9.99],[-44.442,-10.011],[-44.41,-10.05],[-44.414,-10.087],[-44.421,-10.102],[-44.392,-10.112],[-44.39,-10.12],[-44.392,-10.14],[-44.377,-10.159],[-44.362,-10.168],[-44.359,-10.187],[-44.364,-10.216],[-44.335,-10.239],[-44.309,-10.275],[-44.307,-10.29],[-44.305,-10.303],[-44.287,-10.321],[-44.286,-10.327],[-44.319,-10.401],[-44.33,-10.432],[-44.338,-10.446],[-44.347,-10.472],[-44.351,-10.495],[-44.347,-10.516],[-44.344,-10.525],[-44.344,-10.549],[-44.398,-10.606],[-44.423,-10.613],[-44.443,-10.606],[-44.456,-10.608],[-44.463,-10.615],[-44.476,-10.639],[-44.504,-10.65],[-44.522,-10.649],[-44.551,-10.628],[-44.577,-10.626],[-44.589,-10.632],[-44.609,-10.662],[-44.627,-10.675],[-44.655,-10.676],[-44.666,-10.682],[-44.669,-10.692],[-44.661,-10.732],[-44.662,-10.75],[-44.666,-10.758],[-44.72,-10.677],[-44.734,-10.644],[-44.769,-10.566],[-44.708,-10.508],[-44.801,-10.432],[-44.806,-10.428],[-44.8,-10.423],[-44.808,-10.416],[-44.808,-10.41],[-44.799,-10.406],[-44.831,-10.34],[-44.794,-10.328],[-44.796,-10.21],[-44.784,-10.17],[-44.777,-10.144],[-44.819,-10.008],[-44.807,-10.007],[-44.785,-10.014],[-44.771,-10.011],[-44.761,-10.015],[-44.759,-10.024],[-44.73,-10.046],[-44.705,-10.048],[-44.688,-10.056],[-44.679,-10.065],[-44.667,-10.064],[-44.658,-10.067],[-44.646,-10.054],[-44.639,-10.03],[-44.623,-10.027],[-44.618,-10.02],[-44.616,-10.016],[-44.622,-10.01],[-44.62,-10.006],[-44.63,-9.998],[-44.636,-9.984],[-44.632,-9.977],[-44.629,-9.98],[-44.613,-9.981],[-44.609,-9.975],[-44.612,-9.974],[-44.609,-9.972],[-44.612,-9.963],[-44.6,-9.955],[-44.6,-9.949],[-44.594,-9.947],[-44.593,-9.939],[-44.588,-9.934],[-44.588,-9.927],[-44.584,-9.926],[-44.592,-9.913],[-44.601,-9.908],[-44.597,-9.9],[-44.6,-9.899],[-44.597,-9.894],[-44.599,-9.886],[-44.589,-9.882],[-44.582,-9.868],[-44.575,-9.863],[-44.564,-9.876],[-44.563,-9.892],[-44.553,-9.902],[-44.526,-9.904]]]}},{"type":"Feature","properties":{"id":"2207702","nome":"Parna\u00edba"},"geometry":{"type":"Polygon","coordinates":[[[-41.75,-2.801],[-41.735,-2.807],[-41.729,-2.803],[-41.684,-2.844],[-41.659,-2.86],[-41.655,-2.867],[-41.67,-2.877],[-41.673,-2.894],[-41.668,-2.901],[-41.669,-2.906],[-41.665,-2.907],[-41.661,-2.913],[-41.663,-2.927],[-41.666,-2.926],[-41.681,-2.946],[-41.684,-2.957],[-41.68,-2.976],[-41.686,-2.978],[-41.693,-2.989],[-41.691,-2.998],[-41.704,-3.0],[-41.713,-3.008],[-41.712,-3.019],[-41.71,-3.021],[-41.713,-3.025],[-41.695,-3.04],[-41.714,-3.059],[-41.771,-3.12],[-41.78,-3.115],[-41.803,-3.101],[-41.869,-3.06],[-41.867,-3.055],[-41.861,-3.047],[-41.83,-3.031],[-41.824,-3.024],[-41.82,-3.013],[-41.817,-2.992],[-41.81,-2.98],[-41.796,-2.968],[-41.796,-2.959],[-41.799,-2.951],[-41.8,-2.949],[-41.807,-2.938],[-41.835,-2.915],[-41.826,-2.911],[-41.825,-2.903],[-41.81,-2.897],[-41.816,-2.892],[-41.816,-2.886],[-41.803,-2.879],[-41.801,-2.881],[-41.784,-2.871],[-41.776,-2.853],[-41.771,-2.847],[-41.755,-2.841],[-41.785,-2.77],[-41.75,-2.801]]]}},{"type":"Feature","properties":{"id":"2207751","nome":"Passagem Franca do Piau\u00ed"},"geometry":{"type":"Polygon","coordinates":[[[-42.359,-5.596],[-42.349,-5.61],[-42.355,-5.622],[-42.355,-5.634],[-42.352,-5.638],[-42.34,-5.633],[-42.312,-5.638],[-42.307,-5.642],[-42.304,-5.652],[-42.309,-5.663],[-42.305,-5.667],[-42.303,-5.681],[-42.309,-5.685],[-42.319,-5.685],[-42.324,-5.701],[-42.329,-5.705],[-42.328,-5.716],[-42.323,-5.717],[-42.327,-5.737],[-42.322,-5.743],[-42.311,-5.744],[-42.305,-5.768],[-42.307,-5.828],[-42.309,-5.866],[-42.361,-5.877],[-42.369,-5.887],[-42.384,-5.929],[-42.392,-5.953],[-42.391,-5.976],[-42.288,-6.046],[-42.277,-6.023],[-42.269,-6.037],[-42.264,-6.041],[-42.262,-6.057],[-42.26,-6.067],[-42.386,-6.108],[-42.37,-6.15],[-42.385,-6.155],[-42.393,-6.137],[-42.411,-6.121],[-42.418,-6.109],[-42.421,-6.082],[-42.424,-6.076],[-42.422,-6.073],[-42.427,-6.065],[-42.431,-6.046],[-42.435,-6.044],[-42.434,-6.035],[-42.441,-6.024],[-42.452,-6.02],[-42.458,-6.011],[-42.468,-6.008],[-42.475,-6.0],[-42.481,-5.999],[-42.485,-5.99],[-42.489,-5.982],[-42.5,-5.977],[-42.496,-5.958],[-42.5,-5.953],[-42.5,-5.943],[-42.496,-5.944],[-42.489,-5.936],[-42.48,-5.923],[-42.463,-5.909],[-42.465,-5.894],[-42.457,-5.878],[-42.451,-5.876],[-42.452,-5.872],[-42.439,-5.867],[-42.446,-5.856],[-42.451,-5.856],[-42.457,-5.829],[-42.438,-5.812],[-42.43,-5.811],[-42.447,-5.768],[-42.455,-5.77],[-42.462,-5.772],[-42.489,-5.76],[-42.531,-5.742],[-42.531,-5.7],[-42.526,-5.694],[-42.525,-5.68],[-42.519,-5.681],[-42.517,-5.675],[-42.51,-5.675],[-42.495,-5.664],[-42.485,-5.643],[-42.48,-5.648],[-42.469,-5.65],[-42.453,-5.641],[-42.453,-5.636],[-42.445,-5.638],[-42.438,-5.632],[-42.431,-5.636],[-42.424,-5.631],[-42.418,-5.633],[-42.397,-5.623],[-42.391,-5.616],[-42.394,-5.611],[-42.383,-5.602],[-42.374,-5.602],[-42.359,-5.596]]]}},{"type":"Feature","properties":{"id":"2207777","nome":"Patos do Piau\u00ed"},"geometry":{"type":"Polygon","coordinates":[[[-41.333,-7.535],[-41.323,-7.541],[-41.301,-7.54],[-41.294,-7.546],[-41.291,-7.552],[-41.296,-7.557],[-41.297,-7.571],[-41.293,-7.578],[-41.282,-7.58],[-41.275,-7.579],[-41.272,-7.592],[-41.276,-7.598],[-41.271,-7.605],[-41.265,-7.611],[-41.266,-7.616],[-41.262,-7.625],[-41.246,-7.619],[-41.243,-7.604],[-41.236,-7.556],[-41.157,-7.585],[-41.18,-7.62],[-41.157,-7.625],[-41.145,-7.628],[-41.087,-7.642],[-41.038,-7.654],[-41.089,-7.713],[-41.093,-7.718],[-41.16,-7.756],[-41.181,-7.736],[-41.207,-7.713],[-41.209,-7.714],[-41.231,-7.725],[-41.248,-7.733],[-41.257,-7.732],[-41.294,-7.727],[-41.308,-7.725],[-41.353,-7.799],[-41.382,-7.787],[-41.391,-7.784],[-41.434,-7.767],[-41.464,-7.755],[-41.477,-7.75],[-41.471,-7.712],[-41.469,-7.697],[-41.458,-7.695],[-41.454,-7.685],[-41.439,-7.645],[-41.431,-7.621],[-41.397,-7.579],[-41.4,-7.575],[-41.385,-7.556],[-41.399,-7.55],[-41.393,-7.543],[-41.375,-7.516],[-41.36,-7.525],[-41.339,-7.527],[-41.333,-7.535]]]}},{"type":"Feature","properties":{"id":"2207793","nome":"Pau D'Arco do Piau\u00ed"},"geometry":{"type":"Polygon","coordinates":[[[-42.368,-5.165],[-42.35,-5.19],[-42.347,-5.216],[-42.339,-5.232],[-42.327,-5.298],[-42.33,-5.301],[-42.343,-5.311],[-42.347,-5.309],[-42.368,-5.32],[-42.374,-5.321],[-42.379,-5.316],[-42.393,-5.319],[-42.406,-5.307],[-42.412,-5.304],[-42.418,-5.306],[-42.434,-5.311],[-42.452,-5.31],[-42.463,-5.303],[-42.485,-5.311],[-42.492,-5.317],[-42.495,-5.318],[-42.493,-5.307],[-42.502,-5.308],[-42.507,-5.297],[-42.512,-5.303],[-42.528,-5.304],[-42.533,-5.308],[-42.541,-5.302],[-42.548,-5.313],[-42.562,-5.306],[-42.567,-5.315],[-42.584,-5.316],[-42.585,-5.328],[-42.585,-5.334],[-42.599,-5.35],[-42.601,-5.251],[-42.599,-5.197],[-42.599,-5.194],[-42.595,-5.184],[-42.586,-5.181],[-42.578,-5.169],[-42.478,-5.168],[-42.475,-5.184],[-42.469,-5.19],[-42.465,-5.202],[-42.458,-5.205],[-42.45,-5.207],[-42.445,-5.214],[-42.443,-5.212],[-42.43,-5.195],[-42.419,-5.189],[-42.421,-5.183],[-42.413,-5.181],[-42.399,-5.17],[-42.393,-5.17],[-42.379,-5.152],[-42.368,-5.165]]]}},{"type":"Feature","properties":{"id":"2207801","nome":"Paulistana"},"geometry":{"type":"Polygon","coordinates":[[[-41.038,-7.924],[-41.035,-7.931],[-41.028,-7.929],[-41.03,-7.932],[-41.019,-7.953],[-41.023,-7.96],[-41.009,-7.967],[-41.016,-7.971],[-41.02,-7.968],[-41.023,-7.973],[-41.021,-7.978],[-41.027,-7.985],[-41.017,-7.992],[-41.019,-7.999],[-41.013,-8.001],[-41.005,-7.998],[-41.005,-8.003],[-40.995,-8.033],[-40.994,-8.037],[-40.987,-8.036],[-40.983,-8.038],[-40.988,-8.056],[-40.981,-8.056],[-40.976,-8.062],[-40.976,-8.079],[-40.966,-8.08],[-40.958,-8.088],[-40.963,-8.1],[-40.96,-8.107],[-40.962,-8.11],[-40.966,-8.107],[-40.997,-8.112],[-41.01,-8.11],[-41.098,-8.187],[-41.099,-8.19],[-41.137,-8.357],[-41.129,-8.364],[-41.117,-8.387],[-41.133,-8.403],[-41.143,-8.409],[-41.151,-8.408],[-41.162,-8.418],[-41.203,-8.392],[-41.237,-8.411],[-41.242,-8.402],[-41.258,-8.396],[-41.258,-8.386],[-41.271,-8.381],[-41.278,-8.367],[-41.299,-8.37],[-41.309,-8.363],[-41.323,-8.363],[-41.335,-8.352],[-41.36,-8.346],[-41.364,-8.342],[-41.372,-8.351],[-41.378,-8.349],[-41.378,-8.344],[-41.38,-8.334],[-41.397,-8.31],[-41.4,-8.31],[-41.413,-8.294],[-41.418,-8.289],[-41.415,-8.283],[-41.409,-8.278],[-41.4,-8.28],[-41.405,-8.27],[-41.399,-8.265],[-41.393,-8.265],[-41.39,-8.257],[-41.379,-8.254],[-41.374,-8.247],[-41.377,-8.237],[-41.371,-8.215],[-41.379,-8.219],[-41.383,-8.218],[-41.399,-8.201],[-41.415,-8.195],[-41.427,-8.191],[-41.444,-8.191],[-41.448,-8.189],[-41.452,-8.179],[-41.477,-8.173],[-41.463,-8.158],[-41.456,-8.14],[-41.444,-8.133],[-41.436,-8.124],[-41.453,-8.099],[-41.436,-8.085],[-41.438,-8.079],[-41.419,-8.065],[-41.388,-8.069],[-41.372,-8.061],[-41.365,-8.057],[-41.348,-8.034],[-41.284,-7.99],[-41.232,-8.0],[-41.179,-8.019],[-41.091,-7.936],[-41.052,-7.9],[-41.048,-7.897],[-41.042,-7.896],[-41.038,-7.907],[-41.03,-7.917],[-41.037,-7.919],[-41.038,-7.924]]]}},{"type":"Feature","properties":{"id":"2207850","nome":"Pavussu"},"geometry":{"type":"Polygon","coordinates":[[[-43.286,-7.695],[-43.262,-7.78],[-43.261,-7.783],[-43.237,-7.868],[-43.227,-7.868],[-43.225,-7.872],[-43.199,-7.867],[-43.177,-7.854],[-43.173,-7.856],[-43.172,-7.856],[-43.107,-7.904],[-43.137,-7.936],[-43.126,-7.969],[-43.145,-7.979],[-43.268,-8.049],[-43.321,-8.078],[-43.375,-8.055],[-43.412,-8.038],[-43.492,-8.12],[-43.493,-8.064],[-43.54,-7.914],[-43.55,-7.883],[-43.562,-7.842],[-43.507,-7.679],[-43.367,-7.701],[-43.296,-7.654],[-43.286,-7.695]]]}},{"type":"Feature","properties":{"id":"2207900","nome":"Pedro II"},"geometry":{"type":"Polygon","coordinates":[[[-41.487,-4.303],[-41.477,-4.313],[-41.478,-4.303],[-41.453,-4.301],[-41.435,-4.306],[-41.429,-4.307],[-41.415,-4.311],[-41.414,-4.314],[-41.427,-4.321],[-41.418,-4.348],[-41.399,-4.388],[-41.387,-4.432],[-41.386,-4.432],[-41.38,-4.433],[-41.363,-4.338],[-41.356,-4.343],[-41.319,-4.353],[-41.316,-4.354],[-41.24,-4.375],[-41.229,-4.34],[-41.209,-4.337],[-41.119,-4.324],[-41.12,-4.33],[-41.133,-4.34],[-41.149,-4.367],[-41.151,-4.37],[-41.16,-4.381],[-41.16,-4.389],[-41.159,-4.41],[-41.177,-4.441],[-41.176,-4.447],[-41.177,-4.467],[-41.189,-4.488],[-41.19,-4.515],[-41.203,-4.528],[-41.208,-4.547],[-41.214,-4.552],[-41.222,-4.567],[-41.24,-4.568],[-41.242,-4.571],[-41.239,-4.573],[-41.221,-4.579],[-41.223,-4.589],[-41.233,-4.61],[-41.229,-4.62],[-41.202,-4.638],[-41.185,-4.662],[-41.175,-4.665],[-41.174,-4.668],[-41.181,-4.673],[-41.202,-4.702],[-41.234,-4.733],[-41.236,-4.738],[-41.235,-4.746],[-41.249,-4.756],[-41.248,-4.761],[-41.295,-4.815],[-41.294,-4.629],[-41.294,-4.556],[-41.341,-4.561],[-41.434,-4.572],[-41.486,-4.577],[-41.495,-4.578],[-41.586,-4.583],[-41.729,-4.589],[-41.745,-4.59],[-41.739,-4.57],[-41.732,-4.553],[-41.73,-4.547],[-41.684,-4.505],[-41.639,-4.463],[-41.638,-4.463],[-41.62,-4.437],[-41.605,-4.409],[-41.605,-4.404],[-41.598,-4.404],[-41.595,-4.409],[-41.59,-4.406],[-41.587,-4.416],[-41.585,-4.413],[-41.575,-4.413],[-41.571,-4.407],[-41.567,-4.414],[-41.563,-4.409],[-41.556,-4.406],[-41.552,-4.409],[-41.548,-4.404],[-41.543,-4.407],[-41.535,-4.404],[-41.527,-4.411],[-41.526,-4.406],[-41.521,-4.407],[-41.519,-4.4],[-41.511,-4.4],[-41.509,-4.392],[-41.505,-4.383],[-41.501,-4.382],[-41.506,-4.375],[-41.501,-4.358],[-41.507,-4.352],[-41.513,-4.331],[-41.53,-4.331],[-41.536,-4.321],[-41.541,-4.328],[-41.551,-4.32],[-41.559,-4.319],[-41.559,-4.314],[-41.562,-4.314],[-41.561,-4.31],[-41.546,-4.289],[-41.536,-4.274],[-41.525,-4.256],[-41.495,-4.274],[-41.493,-4.282],[-41.487,-4.303]]]}},{"type":"Feature","properties":{"id":"2207934","nome":"Pedro Laurentino"},"geometry":{"type":"Polygon","coordinates":[[[-42.155,-8.237],[-42.163,-8.248],[-42.168,-8.246],[-42.282,-8.193],[-42.325,-8.173],[-42.469,-8.105],[-42.556,-8.066],[-42.561,-8.032],[-42.424,-7.993],[-42.335,-7.968],[-42.267,-7.951],[-42.235,-7.917],[-42.215,-7.894],[-42.11,-7.971],[-42.135,-8.006],[-42.218,-8.124],[-42.242,-8.159],[-42.137,-8.205],[-42.142,-8.224],[-42.149,-8.233],[-42.155,-8.237]]]}},{"type":"Feature","properties":{"id":"2207959","nome":"Nova Santa Rita"},"geometry":{"type":"Polygon","coordinates":[[[-41.924,-8.256],[-41.987,-8.295],[-42.03,-8.282],[-42.031,-8.282],[-42.053,-8.273],[-42.12,-8.219],[-42.137,-8.205],[-42.242,-8.159],[-42.218,-8.124],[-42.135,-8.006],[-42.11,-7.971],[-42.097,-7.952],[-42.095,-7.95],[-42.056,-7.974],[-42.026,-7.996],[-41.998,-7.997],[-41.915,-8.006],[-41.862,-8.011],[-41.747,-8.022],[-41.734,-8.086],[-41.74,-8.088],[-41.882,-8.131],[-41.891,-8.134],[-41.895,-8.147],[-41.924,-8.256]]]}},{"type":"Feature","properties":{"id":"2208007","nome":"Picos"},"geometry":{"type":"Polygon","coordinates":[[[-41.336,-7.068],[-41.333,-7.099],[-41.385,-7.093],[-41.401,-7.122],[-41.401,-7.129],[-41.409,-7.123],[-41.428,-7.124],[-41.442,-7.12],[-41.454,-7.115],[-41.463,-7.121],[-41.462,-7.187],[-41.477,-7.187],[-41.506,-7.161],[-41.548,-7.168],[-41.559,-7.18],[-41.559,-7.179],[-41.569,-7.19],[-41.605,-7.225],[-41.617,-7.156],[-41.626,-7.148],[-41.617,-7.098],[-41.614,-7.106],[-41.604,-7.107],[-41.599,-7.101],[-41.593,-7.103],[-41.58,-7.098],[-41.588,-7.088],[-41.591,-7.075],[-41.603,-7.065],[-41.608,-7.048],[-41.601,-7.041],[-41.589,-7.037],[-41.585,-7.033],[-41.641,-7.033],[-41.641,-7.028],[-41.617,-7.0],[-41.616,-6.946],[-41.616,-6.927],[-41.615,-6.906],[-41.62,-6.901],[-41.617,-6.878],[-41.603,-6.88],[-41.578,-6.914],[-41.565,-6.922],[-41.552,-6.937],[-41.539,-6.96],[-41.534,-6.969],[-41.475,-6.996],[-41.474,-6.996],[-41.448,-6.999],[-41.442,-7.026],[-41.44,-7.027],[-41.418,-7.029],[-41.415,-7.034],[-41.413,-7.037],[-41.409,-7.045],[-41.4,-7.059],[-41.336,-7.068]]]}},{"type":"Feature","properties":{"id":"2208106","nome":"Pimenteiras"},"geometry":{"type":"Polygon","coordinates":[[[-40.906,-6.046],[-40.902,-6.049],[-40.884,-6.047],[-40.872,-6.056],[-40.857,-6.105],[-40.845,-6.135],[-40.85,-6.152],[-40.852,-6.175],[-40.847,-6.203],[-40.852,-6.224],[-40.834,-6.244],[-40.82,-6.263],[-40.81,-6.287],[-40.804,-6.292],[-40.787,-6.304],[-40.782,-6.316],[-40.78,-6.327],[-40.779,-6.343],[-40.79,-6.371],[-40.8,-6.381],[-40.805,-6.393],[-40.796,-6.426],[-40.793,-6.46],[-40.796,-6.47],[-40.79,-6.5],[-40.885,-6.58],[-40.902,-6.595],[-41.095,-6.756],[-41.143,-6.75],[-41.13,-6.655],[-41.19,-6.663],[-41.197,-6.679],[-41.254,-6.681],[-41.274,-6.678],[-41.293,-6.674],[-41.282,-6.651],[-41.264,-6.613],[-41.265,-6.61],[-41.271,-6.609],[-41.264,-6.606],[-41.27,-6.578],[-41.276,-6.567],[-41.279,-6.566],[-41.281,-6.559],[-41.299,-6.554],[-41.303,-6.544],[-41.299,-6.538],[-41.304,-6.535],[-41.303,-6.531],[-41.306,-6.527],[-41.316,-6.524],[-41.318,-6.52],[-41.314,-6.5],[-41.374,-6.503],[-41.406,-6.435],[-41.399,-6.407],[-41.388,-6.365],[-41.393,-6.364],[-41.446,-6.348],[-41.527,-6.375],[-41.531,-6.362],[-41.562,-6.381],[-41.574,-6.339],[-41.521,-6.312],[-41.522,-6.302],[-41.513,-6.285],[-41.512,-6.282],[-41.522,-6.286],[-41.527,-6.277],[-41.535,-6.284],[-41.561,-6.272],[-41.557,-6.261],[-41.561,-6.265],[-41.564,-6.261],[-41.575,-6.258],[-41.593,-6.258],[-41.599,-6.266],[-41.609,-6.259],[-41.619,-6.263],[-41.624,-6.268],[-41.625,-6.275],[-41.63,-6.273],[-41.634,-6.271],[-41.735,-6.209],[-41.716,-6.16],[-41.703,-6.145],[-41.64,-6.073],[-41.605,-6.087],[-41.596,-6.079],[-41.595,-6.091],[-41.5,-6.113],[-41.509,-6.149],[-41.416,-6.128],[-41.392,-6.137],[-41.368,-6.147],[-41.363,-6.177],[-41.318,-6.158],[-41.33,-6.133],[-41.259,-6.11],[-41.193,-6.098],[-41.095,-6.08],[-40.989,-6.061],[-40.916,-6.048],[-40.906,-6.046]]]}},{"type":"Feature","properties":{"id":"2208205","nome":"Pio IX"},"geometry":{"type":"Polygon","coordinates":[[[-40.459,-6.754],[-40.457,-6.762],[-40.452,-6.783],[-40.443,-6.789],[-40.439,-6.806],[-40.432,-6.812],[-40.416,-6.812],[-40.404,-6.802],[-40.388,-6.797],[-40.37,-6.803],[-40.37,-6.808],[-40.381,-6.819],[-40.387,-6.83],[-40.402,-6.84],[-40.407,-6.851],[-40.41,-6.855],[-40.428,-6.864],[-40.429,-6.884],[-40.433,-6.896],[-40.425,-6.935],[-40.441,-6.943],[-40.448,-6.944],[-40.453,-6.944],[-40.453,-6.937],[-40.461,-6.937],[-40.481,-6.95],[-40.488,-6.952],[-40.497,-6.949],[-40.505,-6.938],[-40.513,-6.941],[-40.518,-6.937],[-40.525,-6.942],[-40.539,-6.939],[-40.54,-6.936],[-40.549,-6.949],[-40.555,-6.951],[-40.558,-6.947],[-40.563,-6.95],[-40.57,-6.954],[-40.576,-6.951],[-40.581,-6.953],[-40.586,-6.95],[-40.599,-6.953],[-40.606,-6.959],[-40.606,-6.973],[-40.618,-6.982],[-40.618,-6.985],[-40.628,-6.994],[-40.645,-6.998],[-40.655,-7.01],[-40.669,-7.015],[-40.674,-7.013],[-40.684,-7.021],[-40.685,-7.026],[-40.694,-7.029],[-40.704,-7.022],[-40.725,-7.018],[-40.73,-7.01],[-40.738,-7.014],[-40.754,-7.008],[-40.759,-6.996],[-40.772,-6.987],[-40.779,-6.993],[-40.791,-7.001],[-40.796,-6.998],[-40.796,-6.988],[-40.805,-6.981],[-40.814,-6.989],[-40.832,-6.983],[-40.833,-6.988],[-40.836,-6.989],[-40.844,-6.989],[-40.85,-6.985],[-40.839,-6.956],[-40.828,-6.928],[-40.834,-6.874],[-40.836,-6.847],[-40.837,-6.837],[-40.837,-6.835],[-40.839,-6.796],[-40.847,-6.784],[-40.873,-6.791],[-40.882,-6.792],[-40.884,-6.79],[-40.896,-6.77],[-40.917,-6.767],[-40.981,-6.772],[-40.993,-6.769],[-40.994,-6.768],[-41.029,-6.761],[-41.095,-6.756],[-40.902,-6.595],[-40.885,-6.58],[-40.79,-6.5],[-40.792,-6.512],[-40.787,-6.523],[-40.745,-6.565],[-40.74,-6.577],[-40.736,-6.6],[-40.722,-6.617],[-40.723,-6.621],[-40.732,-6.653],[-40.726,-6.663],[-40.71,-6.676],[-40.649,-6.678],[-40.632,-6.699],[-40.616,-6.71],[-40.602,-6.716],[-40.561,-6.72],[-40.517,-6.73],[-40.492,-6.732],[-40.474,-6.734],[-40.472,-6.745],[-40.459,-6.754]]]}},{"type":"Feature","properties":{"id":"2208304","nome":"Piracuruca"},"geometry":{"type":"Polygon","coordinates":[[[-41.746,-3.632],[-41.745,-3.672],[-41.678,-3.664],[-41.674,-3.661],[-41.649,-3.64],[-41.599,-3.626],[-41.521,-3.605],[-41.515,-3.614],[-41.459,-3.627],[-41.49,-3.664],[-41.444,-3.666],[-41.434,-3.697],[-41.433,-3.698],[-41.429,-3.709],[-41.455,-3.719],[-41.442,-3.771],[-41.411,-3.748],[-41.371,-3.718],[-41.334,-3.691],[-41.313,-3.739],[-41.278,-3.77],[-41.365,-3.884],[-41.451,-3.997],[-41.484,-4.041],[-41.5,-4.042],[-41.558,-4.057],[-41.622,-4.06],[-41.631,-4.13],[-41.632,-4.135],[-41.674,-4.125],[-41.676,-4.124],[-41.746,-4.107],[-41.774,-4.1],[-41.762,-4.099],[-41.751,-4.08],[-41.74,-4.074],[-41.736,-4.064],[-41.738,-4.047],[-41.738,-4.045],[-41.771,-4.034],[-41.855,-4.042],[-41.853,-4.016],[-41.847,-3.973],[-41.894,-3.949],[-41.91,-3.94],[-41.903,-3.887],[-41.865,-3.848],[-41.85,-3.848],[-41.849,-3.848],[-41.835,-3.848],[-41.686,-3.797],[-41.687,-3.781],[-41.713,-3.771],[-41.741,-3.766],[-41.814,-3.754],[-41.829,-3.753],[-41.866,-3.721],[-41.81,-3.645],[-41.794,-3.624],[-41.775,-3.577],[-41.773,-3.572],[-41.746,-3.586],[-41.746,-3.632]]]}},{"type":"Feature","properties":{"id":"2208403","nome":"Piripiri"},"geometry":{"type":"Polygon","coordinates":[[[-41.575,-4.158],[-41.571,-4.161],[-41.563,-4.159],[-41.547,-4.163],[-41.54,-4.16],[-41.528,-4.163],[-41.517,-4.173],[-41.497,-4.181],[-41.525,-4.256],[-41.536,-4.274],[-41.546,-4.289],[-41.561,-4.31],[-41.568,-4.306],[-41.579,-4.309],[-41.583,-4.303],[-41.594,-4.302],[-41.597,-4.296],[-41.608,-4.301],[-41.607,-4.311],[-41.612,-4.316],[-41.615,-4.316],[-41.618,-4.321],[-41.613,-4.326],[-41.615,-4.333],[-41.619,-4.334],[-41.617,-4.338],[-41.628,-4.34],[-41.636,-4.35],[-41.642,-4.346],[-41.647,-4.348],[-41.654,-4.347],[-41.655,-4.344],[-41.659,-4.347],[-41.665,-4.345],[-41.668,-4.348],[-41.666,-4.349],[-41.665,-4.359],[-41.657,-4.384],[-41.659,-4.387],[-41.663,-4.387],[-41.658,-4.392],[-41.662,-4.399],[-41.661,-4.403],[-41.654,-4.398],[-41.649,-4.403],[-41.644,-4.396],[-41.64,-4.399],[-41.644,-4.402],[-41.642,-4.408],[-41.63,-4.406],[-41.625,-4.409],[-41.622,-4.405],[-41.612,-4.405],[-41.605,-4.409],[-41.62,-4.437],[-41.638,-4.463],[-41.639,-4.463],[-41.684,-4.505],[-41.73,-4.547],[-41.732,-4.553],[-41.739,-4.57],[-41.74,-4.566],[-41.744,-4.565],[-41.744,-4.56],[-41.747,-4.559],[-41.747,-4.555],[-41.751,-4.554],[-41.751,-4.55],[-41.757,-4.549],[-41.756,-4.545],[-41.759,-4.542],[-41.756,-4.539],[-41.758,-4.536],[-41.762,-4.536],[-41.762,-4.542],[-41.766,-4.537],[-41.773,-4.538],[-41.78,-4.532],[-41.781,-4.522],[-41.787,-4.521],[-41.787,-4.515],[-41.809,-4.51],[-41.812,-4.501],[-41.818,-4.504],[-41.82,-4.497],[-41.825,-4.495],[-41.826,-4.485],[-41.831,-4.484],[-41.836,-4.478],[-41.837,-4.471],[-41.843,-4.464],[-41.854,-4.459],[-41.864,-4.465],[-41.88,-4.449],[-41.888,-4.447],[-41.891,-4.434],[-41.896,-4.431],[-41.898,-4.433],[-41.901,-4.43],[-41.91,-4.427],[-41.925,-4.432],[-41.933,-4.428],[-41.949,-4.422],[-41.958,-4.426],[-41.968,-4.415],[-41.968,-4.405],[-41.989,-4.392],[-41.99,-4.392],[-41.994,-4.386],[-41.998,-4.387],[-42.008,-4.381],[-42.017,-4.384],[-42.021,-4.372],[-42.017,-4.365],[-42.027,-4.354],[-42.0,-4.344],[-42.0,-4.34],[-42.0,-4.273],[-42.0,-4.272],[-41.999,-4.261],[-41.996,-4.245],[-41.979,-4.246],[-41.964,-4.234],[-41.954,-4.22],[-41.933,-4.225],[-41.919,-4.223],[-41.921,-4.184],[-41.921,-4.181],[-41.875,-4.189],[-41.831,-4.197],[-41.804,-4.202],[-41.803,-4.192],[-41.799,-4.189],[-41.8,-4.173],[-41.789,-4.182],[-41.761,-4.208],[-41.705,-4.214],[-41.688,-4.216],[-41.656,-4.219],[-41.577,-4.146],[-41.574,-4.146],[-41.577,-4.152],[-41.575,-4.158]]]}},{"type":"Feature","properties":{"id":"2208502","nome":"Porto"},"geometry":{"type":"Polygon","coordinates":[[[-42.701,-4.07],[-42.696,-4.077],[-42.689,-4.076],[-42.691,-4.087],[-42.686,-4.095],[-42.69,-4.097],[-42.709,-4.089],[-42.734,-4.064],[-42.748,-4.053],[-42.77,-4.017],[-42.771,-4.017],[-42.791,-3.983],[-42.79,-3.979],[-42.788,-3.963],[-42.784,-3.957],[-42.783,-3.955],[-42.737,-3.924],[-42.726,-3.91],[-42.723,-3.895],[-42.723,-3.894],[-42.722,-3.887],[-42.722,-3.882],[-42.721,-3.875],[-42.685,-3.807],[-42.67,-3.793],[-42.663,-3.792],[-42.656,-3.806],[-42.664,-3.841],[-42.672,-3.851],[-42.669,-3.861],[-42.654,-3.884],[-42.646,-3.895],[-42.622,-3.904],[-42.625,-3.927],[-42.636,-3.936],[-42.681,-3.972],[-42.696,-3.985],[-42.697,-4.01],[-42.692,-4.012],[-42.688,-4.04],[-42.695,-4.048],[-42.693,-4.055],[-42.701,-4.07]]]}},{"type":"Feature","properties":{"id":"2208551","nome":"Porto Alegre do Piau\u00ed"},"geometry":{"type":"Polygon","coordinates":[[[-43.945,-6.765],[-43.93,-6.771],[-43.918,-6.778],[-43.9,-6.777],[-43.881,-6.803],[-43.865,-6.816],[-43.855,-6.82],[-43.832,-6.842],[-43.862,-6.876],[-43.899,-6.9],[-43.921,-6.933],[-43.914,-6.965],[-43.92,-6.962],[-43.926,-6.969],[-43.929,-6.965],[-43.935,-6.966],[-43.935,-6.99],[-43.981,-6.99],[-43.981,-6.978],[-43.984,-6.978],[-43.99,-6.984],[-43.99,-6.992],[-43.99,-7.004],[-44.008,-7.095],[-44.048,-7.22],[-44.069,-7.199],[-44.151,-7.117],[-44.161,-7.116],[-44.167,-7.12],[-44.176,-7.117],[-44.184,-7.103],[-44.199,-7.092],[-44.2,-7.089],[-44.223,-7.086],[-44.232,-7.082],[-44.247,-7.059],[-44.256,-7.057],[-44.264,-7.047],[-44.279,-7.046],[-44.274,-7.031],[-44.264,-7.021],[-44.262,-6.998],[-44.248,-6.998],[-44.236,-6.998],[-44.206,-6.963],[-44.201,-6.932],[-44.192,-6.926],[-44.176,-6.928],[-44.173,-6.924],[-44.176,-6.905],[-44.16,-6.872],[-44.139,-6.864],[-44.125,-6.835],[-44.119,-6.832],[-44.115,-6.838],[-44.114,-6.852],[-44.109,-6.857],[-44.104,-6.856],[-44.098,-6.84],[-44.113,-6.823],[-44.116,-6.805],[-44.107,-6.802],[-44.088,-6.803],[-44.077,-6.821],[-44.069,-6.821],[-44.059,-6.808],[-44.06,-6.79],[-44.057,-6.774],[-44.053,-6.768],[-44.042,-6.769],[-44.038,-6.764],[-44.033,-6.76],[-43.987,-6.757],[-43.97,-6.744],[-43.961,-6.742],[-43.949,-6.751],[-43.945,-6.765]]]}},{"type":"Feature","properties":{"id":"2208601","nome":"Prata do Piau\u00ed"},"geometry":{"type":"Polygon","coordinates":[[[-42.136,-5.661],[-42.129,-5.668],[-42.117,-5.667],[-42.111,-5.673],[-42.112,-5.683],[-42.104,-5.689],[-42.098,-5.7],[-42.106,-5.731],[-42.105,-5.742],[-42.1,-5.766],[-42.093,-5.776],[-42.086,-5.788],[-42.139,-5.787],[-42.202,-5.786],[-42.226,-5.776],[-42.231,-5.748],[-42.228,-5.671],[-42.213,-5.665],[-42.207,-5.661],[-42.204,-5.657],[-42.201,-5.652],[-42.174,-5.648],[-42.155,-5.651],[-42.15,-5.657],[-42.136,-5.661]]]}},{"type":"Feature","properties":{"id":"2208650","nome":"Queimada Nova"},"geometry":{"type":"Polygon","coordinates":[[[-41.445,-8.28],[-41.429,-8.295],[-41.413,-8.294],[-41.4,-8.31],[-41.397,-8.31],[-41.38,-8.334],[-41.378,-8.344],[-41.378,-8.349],[-41.372,-8.351],[-41.364,-8.342],[-41.36,-8.346],[-41.335,-8.352],[-41.323,-8.363],[-41.309,-8.363],[-41.299,-8.37],[-41.278,-8.367],[-41.271,-8.381],[-41.258,-8.386],[-41.258,-8.396],[-41.242,-8.402],[-41.237,-8.411],[-41.203,-8.392],[-41.162,-8.418],[-41.151,-8.408],[-41.143,-8.409],[-41.133,-8.403],[-41.117,-8.387],[-41.109,-8.393],[-41.102,-8.409],[-41.103,-8.42],[-41.099,-8.437],[-41.084,-8.445],[-41.056,-8.447],[-41.048,-8.448],[-41.048,-8.449],[-41.051,-8.48],[-41.079,-8.472],[-41.084,-8.501],[-41.09,-8.512],[-41.098,-8.52],[-41.104,-8.522],[-41.111,-8.533],[-41.126,-8.542],[-41.134,-8.533],[-41.149,-8.534],[-41.152,-8.546],[-41.169,-8.583],[-41.178,-8.588],[-41.18,-8.593],[-41.198,-8.592],[-41.203,-8.599],[-41.212,-8.602],[-41.207,-8.61],[-41.208,-8.618],[-41.206,-8.633],[-41.217,-8.646],[-41.233,-8.647],[-41.239,-8.655],[-41.251,-8.661],[-41.268,-8.663],[-41.287,-8.66],[-41.296,-8.672],[-41.308,-8.69],[-41.337,-8.708],[-41.358,-8.707],[-41.365,-8.705],[-41.381,-8.707],[-41.399,-8.705],[-41.419,-8.677],[-41.43,-8.671],[-41.47,-8.719],[-41.488,-8.736],[-41.503,-8.742],[-41.517,-8.735],[-41.523,-8.726],[-41.506,-8.62],[-41.498,-8.567],[-41.502,-8.542],[-41.497,-8.456],[-41.514,-8.431],[-41.498,-8.41],[-41.503,-8.394],[-41.52,-8.393],[-41.529,-8.387],[-41.537,-8.369],[-41.549,-8.359],[-41.542,-8.353],[-41.537,-8.36],[-41.53,-8.362],[-41.523,-8.373],[-41.508,-8.368],[-41.476,-8.367],[-41.474,-8.352],[-41.467,-8.338],[-41.477,-8.324],[-41.472,-8.31],[-41.474,-8.296],[-41.451,-8.28],[-41.445,-8.28]]]}},{"type":"Feature","properties":{"id":"2208700","nome":"Reden\u00e7\u00e3o do Gurgu\u00e9ia"},"geometry":{"type":"Polygon","coordinates":[[[-44.726,-9.268],[-44.522,-9.378],[-44.52,-9.367],[-44.515,-9.364],[-44.518,-9.361],[-44.514,-9.359],[-44.515,-9.353],[-44.513,-9.351],[-44.518,-9.349],[-44.514,-9.345],[-44.516,-9.342],[-44.51,-9.338],[-44.515,-9.334],[-44.509,-9.328],[-44.508,-9.316],[-44.428,-9.345],[-44.392,-9.363],[-44.218,-9.429],[-44.043,-9.586],[-44.068,-9.598],[-44.188,-9.659],[-44.304,-9.718],[-44.329,-9.725],[-44.348,-9.729],[-44.361,-9.727],[-44.37,-9.719],[-44.409,-9.718],[-44.415,-9.709],[-44.421,-9.71],[-44.44,-9.699],[-44.456,-9.707],[-44.459,-9.71],[-44.458,-9.715],[-44.467,-9.719],[-44.466,-9.722],[-44.485,-9.731],[-44.496,-9.73],[-44.518,-9.738],[-44.526,-9.745],[-44.542,-9.744],[-44.557,-9.751],[-44.561,-9.75],[-44.575,-9.754],[-44.596,-9.766],[-44.601,-9.763],[-44.605,-9.766],[-44.609,-9.763],[-44.624,-9.767],[-44.63,-9.758],[-44.632,-9.736],[-44.617,-9.725],[-44.633,-9.708],[-44.621,-9.695],[-44.62,-9.668],[-44.623,-9.643],[-44.631,-9.635],[-44.635,-9.623],[-44.633,-9.617],[-44.628,-9.617],[-44.621,-9.605],[-44.622,-9.597],[-44.618,-9.59],[-44.622,-9.589],[-44.622,-9.581],[-44.616,-9.572],[-44.611,-9.571],[-44.617,-9.57],[-44.612,-9.566],[-44.616,-9.562],[-44.609,-9.555],[-44.607,-9.547],[-44.607,-9.544],[-44.612,-9.548],[-44.61,-9.541],[-44.62,-9.548],[-44.62,-9.542],[-44.629,-9.537],[-44.627,-9.545],[-44.666,-9.561],[-44.67,-9.553],[-44.68,-9.547],[-44.743,-9.508],[-44.817,-9.462],[-44.726,-9.268]]]}},{"type":"Feature","properties":{"id":"2208809","nome":"Regenera\u00e7\u00e3o"},"geometry":{"type":"Polygon","coordinates":[[[-42.546,-6.202],[-42.535,-6.22],[-42.443,-6.218],[-42.439,-6.254],[-42.319,-6.238],[-42.318,-6.249],[-42.318,-6.258],[-42.313,-6.269],[-42.314,-6.278],[-42.316,-6.283],[-42.311,-6.297],[-42.282,-6.304],[-42.29,-6.326],[-42.29,-6.391],[-42.29,-6.396],[-42.337,-6.485],[-42.338,-6.487],[-42.349,-6.507],[-42.354,-6.518],[-42.476,-6.518],[-42.509,-6.518],[-42.582,-6.519],[-42.593,-6.49],[-42.603,-6.463],[-42.631,-6.391],[-42.657,-6.321],[-42.669,-6.29],[-42.714,-6.263],[-42.716,-6.246],[-42.719,-6.215],[-42.702,-6.214],[-42.682,-6.214],[-42.689,-6.205],[-42.688,-6.199],[-42.677,-6.194],[-42.676,-6.189],[-42.684,-6.178],[-42.676,-6.177],[-42.622,-6.173],[-42.546,-6.202]]]}},{"type":"Feature","properties":{"id":"2208858","nome":"Riacho Frio"},"geometry":{"type":"Polygon","coordinates":[[[-44.62,-9.542],[-44.62,-9.548],[-44.61,-9.541],[-44.612,-9.548],[-44.607,-9.544],[-44.607,-9.547],[-44.609,-9.555],[-44.616,-9.562],[-44.612,-9.566],[-44.617,-9.57],[-44.611,-9.571],[-44.616,-9.572],[-44.622,-9.581],[-44.622,-9.589],[-44.618,-9.59],[-44.622,-9.597],[-44.621,-9.605],[-44.628,-9.617],[-44.633,-9.617],[-44.635,-9.623],[-44.631,-9.635],[-44.623,-9.643],[-44.62,-9.668],[-44.621,-9.695],[-44.633,-9.708],[-44.617,-9.725],[-44.632,-9.736],[-44.63,-9.758],[-44.624,-9.767],[-44.626,-9.789],[-44.614,-9.811],[-44.608,-9.814],[-44.604,-9.826],[-44.61,-9.832],[-44.607,-9.838],[-44.595,-9.851],[-44.588,-9.849],[-44.582,-9.861],[-44.575,-9.863],[-44.582,-9.868],[-44.589,-9.882],[-44.599,-9.886],[-44.597,-9.894],[-44.6,-9.899],[-44.597,-9.9],[-44.601,-9.908],[-44.592,-9.913],[-44.584,-9.926],[-44.588,-9.927],[-44.588,-9.934],[-44.593,-9.939],[-44.594,-9.947],[-44.6,-9.949],[-44.6,-9.955],[-44.612,-9.963],[-44.609,-9.972],[-44.612,-9.974],[-44.609,-9.975],[-44.613,-9.981],[-44.629,-9.98],[-44.632,-9.977],[-44.636,-9.984],[-44.63,-9.998],[-44.62,-10.006],[-44.622,-10.01],[-44.616,-10.016],[-44.618,-10.02],[-44.623,-10.027],[-44.639,-10.03],[-44.646,-10.054],[-44.658,-10.067],[-44.667,-10.064],[-44.679,-10.065],[-44.688,-10.056],[-44.705,-10.048],[-44.73,-10.046],[-44.759,-10.024],[-44.761,-10.015],[-44.771,-10.011],[-44.785,-10.014],[-44.807,-10.007],[-44.819,-10.008],[-44.777,-10.144],[-44.784,-10.17],[-44.796,-10.21],[-44.794,-10.328],[-44.942,-10.186],[-45.0,-10.13],[-45.058,-10.135],[-45.106,-10.138],[-45.045,-10.013],[-45.027,-9.974],[-44.956,-9.824],[-44.944,-9.806],[-44.928,-9.796],[-44.923,-9.802],[-44.914,-9.794],[-44.909,-9.798],[-44.904,-9.798],[-44.903,-9.777],[-44.896,-9.775],[-44.881,-9.779],[-44.874,-9.773],[-44.872,-9.765],[-44.876,-9.758],[-44.868,-9.762],[-44.862,-9.754],[-44.868,-9.742],[-44.85,-9.734],[-44.844,-9.723],[-44.847,-9.712],[-44.842,-9.699],[-44.847,-9.691],[-44.843,-9.682],[-44.848,-9.673],[-44.837,-9.668],[-44.84,-9.663],[-44.834,-9.652],[-44.827,-9.653],[-44.825,-9.647],[-44.806,-9.68],[-44.658,-9.583],[-44.666,-9.561],[-44.627,-9.545],[-44.629,-9.537],[-44.62,-9.542]]]}},{"type":"Feature","properties":{"id":"2208874","nome":"Ribeira do Piau\u00ed"},"geometry":{"type":"Polygon","coordinates":[[[-42.581,-7.584],[-42.584,-7.68],[-42.599,-7.694],[-42.598,-7.729],[-42.595,-7.813],[-42.588,-7.862],[-42.558,-7.865],[-42.546,-7.88],[-42.541,-7.893],[-42.55,-7.895],[-42.562,-7.89],[-42.583,-7.892],[-42.572,-7.965],[-42.572,-7.966],[-42.561,-8.032],[-42.556,-8.066],[-42.469,-8.105],[-42.462,-8.2],[-42.465,-8.202],[-42.464,-8.221],[-42.461,-8.234],[-42.492,-8.242],[-42.533,-8.224],[-42.546,-8.247],[-42.546,-8.254],[-42.536,-8.271],[-42.537,-8.29],[-42.559,-8.296],[-42.573,-8.304],[-42.608,-8.302],[-42.603,-8.296],[-42.596,-8.27],[-42.597,-8.261],[-42.589,-8.248],[-42.592,-8.24],[-42.584,-8.231],[-42.588,-8.223],[-42.586,-8.216],[-42.589,-8.214],[-42.591,-8.2],[-42.593,-8.195],[-42.59,-8.193],[-42.589,-8.164],[-42.586,-8.14],[-42.612,-8.106],[-42.633,-8.079],[-42.665,-8.037],[-42.712,-7.976],[-42.709,-7.956],[-42.697,-7.862],[-42.687,-7.787],[-42.686,-7.779],[-42.738,-7.722],[-42.756,-7.702],[-42.728,-7.654],[-42.727,-7.633],[-42.703,-7.643],[-42.679,-7.623],[-42.678,-7.591],[-42.619,-7.586],[-42.581,-7.584]]]}},{"type":"Feature","properties":{"id":"2208908","nome":"Ribeiro Gon\u00e7alves"},"geometry":{"type":"Polygon","coordinates":[[[-44.983,-7.482],[-44.965,-7.592],[-44.923,-7.839],[-44.918,-7.87],[-44.94,-7.865],[-45.122,-7.83],[-45.163,-7.833],[-45.181,-7.804],[-45.196,-7.791],[-45.2,-7.788],[-45.246,-7.801],[-45.305,-7.911],[-45.231,-7.954],[-45.234,-7.967],[-45.233,-7.983],[-45.239,-7.99],[-45.257,-7.997],[-45.261,-8.006],[-45.311,-8.055],[-45.354,-8.076],[-45.384,-8.06],[-45.387,-8.07],[-45.447,-8.278],[-45.426,-8.35],[-45.33,-8.344],[-45.405,-8.633],[-45.418,-8.62],[-45.421,-8.606],[-45.43,-8.6],[-45.431,-8.593],[-45.436,-8.594],[-45.439,-8.582],[-45.445,-8.579],[-45.444,-8.575],[-45.455,-8.564],[-45.462,-8.563],[-45.46,-8.561],[-45.463,-8.559],[-45.466,-8.561],[-45.468,-8.555],[-45.474,-8.555],[-45.478,-8.553],[-45.481,-8.556],[-45.503,-8.547],[-45.504,-8.544],[-45.508,-8.544],[-45.511,-8.53],[-45.514,-8.535],[-45.519,-8.531],[-45.519,-8.526],[-45.524,-8.528],[-45.529,-8.522],[-45.534,-8.523],[-45.535,-8.516],[-45.54,-8.521],[-45.541,-8.512],[-45.546,-8.515],[-45.548,-8.509],[-45.551,-8.513],[-45.56,-8.509],[-45.562,-8.507],[-45.56,-8.502],[-45.563,-8.502],[-45.566,-8.507],[-45.569,-8.505],[-45.567,-8.499],[-45.574,-8.502],[-45.574,-8.497],[-45.583,-8.492],[-45.586,-8.494],[-45.591,-8.491],[-45.594,-8.496],[-45.601,-8.496],[-45.602,-8.499],[-45.606,-8.495],[-45.622,-8.495],[-45.624,-8.491],[-45.632,-8.487],[-45.63,-8.482],[-45.639,-8.483],[-45.636,-8.474],[-45.644,-8.466],[-45.64,-8.463],[-45.649,-8.463],[-45.649,-8.455],[-45.655,-8.45],[-45.657,-8.452],[-45.659,-8.438],[-45.663,-8.437],[-45.662,-8.43],[-45.678,-8.416],[-45.682,-8.408],[-45.687,-8.407],[-45.69,-8.412],[-45.697,-8.41],[-45.695,-8.406],[-45.697,-8.402],[-45.699,-8.403],[-45.702,-8.397],[-45.708,-8.394],[-45.706,-8.388],[-45.7,-8.381],[-45.703,-8.368],[-45.691,-8.363],[-45.687,-8.355],[-45.687,-8.336],[-45.679,-8.322],[-45.676,-8.304],[-45.671,-8.294],[-45.664,-8.288],[-45.661,-8.25],[-45.648,-8.238],[-45.608,-8.205],[-45.612,-8.194],[-45.611,-8.187],[-45.607,-8.185],[-45.599,-8.175],[-45.591,-8.173],[-45.581,-8.156],[-45.586,-8.136],[-45.585,-8.129],[-45.575,-8.114],[-45.584,-8.1],[-45.567,-8.071],[-45.567,-8.053],[-45.561,-8.047],[-45.576,-8.029],[-45.563,-8.014],[-45.554,-8.017],[-45.549,-8.014],[-45.551,-8.008],[-45.567,-7.997],[-45.559,-7.981],[-45.556,-7.973],[-45.548,-7.969],[-45.545,-7.96],[-45.556,-7.954],[-45.547,-7.947],[-45.544,-7.939],[-45.541,-7.929],[-45.543,-7.921],[-45.539,-7.919],[-45.532,-7.923],[-45.523,-7.912],[-45.524,-7.908],[-45.543,-7.897],[-45.539,-7.893],[-45.52,-7.888],[-45.522,-7.883],[-45.537,-7.872],[-45.54,-7.864],[-45.536,-7.861],[-45.525,-7.857],[-45.526,-7.84],[-45.515,-7.834],[-45.51,-7.82],[-45.51,-7.802],[-45.498,-7.798],[-45.5,-7.785],[-45.493,-7.788],[-45.49,-7.786],[-45.492,-7.777],[-45.484,-7.763],[-45.491,-7.756],[-45.496,-7.75],[-45.493,-7.747],[-45.489,-7.746],[-45.486,-7.75],[-45.482,-7.751],[-45.481,-7.743],[-45.486,-7.729],[-45.483,-7.719],[-45.48,-7.714],[-45.468,-7.714],[-45.469,-7.689],[-45.457,-7.689],[-45.449,-7.685],[-45.449,-7.682],[-45.46,-7.678],[-45.456,-7.67],[-45.44,-7.678],[-45.435,-7.675],[-45.437,-7.667],[-45.432,-7.661],[-45.417,-7.658],[-45.414,-7.654],[-45.415,-7.645],[-45.404,-7.644],[-45.399,-7.64],[-45.398,-7.623],[-45.394,-7.613],[-45.382,-7.613],[-45.373,-7.618],[-45.343,-7.593],[-45.339,-7.58],[-45.323,-7.575],[-45.298,-7.574],[-45.285,-7.566],[-45.261,-7.57],[-45.25,-7.558],[-45.231,-7.549],[-45.223,-7.56],[-45.222,-7.566],[-45.217,-7.568],[-45.204,-7.551],[-45.183,-7.543],[-45.174,-7.528],[-45.154,-7.512],[-45.146,-7.521],[-45.137,-7.521],[-45.111,-7.51],[-45.085,-7.502],[-45.069,-7.503],[-45.047,-7.512],[-45.018,-7.495],[-45.004,-7.496],[-44.988,-7.482],[-44.983,-7.482]]]}},{"type":"Feature","properties":{"id":"2209005","nome":"Rio Grande do Piau\u00ed"},"geometry":{"type":"Polygon","coordinates":[[[-43.045,-7.799],[-43.049,-7.874],[-43.057,-7.87],[-43.059,-7.91],[-43.063,-7.934],[-43.071,-7.957],[-43.137,-7.936],[-43.107,-7.904],[-43.172,-7.856],[-43.173,-7.856],[-43.177,-7.854],[-43.199,-7.867],[-43.225,-7.872],[-43.227,-7.868],[-43.237,-7.868],[-43.261,-7.783],[-43.262,-7.78],[-43.286,-7.695],[-43.207,-7.624],[-43.196,-7.614],[-43.128,-7.65],[-43.117,-7.655],[-43.087,-7.671],[-43.073,-7.683],[-43.044,-7.722],[-43.035,-7.734],[-43.042,-7.739],[-43.045,-7.798],[-43.045,-7.799]]]}},{"type":"Feature","properties":{"id":"2209104","nome":"Santa Cruz do Piau\u00ed"},"geometry":{"type":"Polygon","coordinates":[[[-41.721,-7.299],[-41.71,-7.325],[-41.689,-7.308],[-41.654,-7.298],[-41.594,-7.291],[-41.605,-7.351],[-41.609,-7.366],[-41.629,-7.394],[-41.669,-7.402],[-41.78,-7.424],[-41.819,-7.357],[-41.787,-7.354],[-41.784,-7.343],[-41.778,-7.339],[-41.776,-7.324],[-41.78,-7.322],[-41.782,-7.311],[-41.776,-7.306],[-41.784,-7.296],[-41.788,-7.281],[-41.792,-7.276],[-41.787,-7.246],[-41.841,-7.199],[-41.913,-7.185],[-41.919,-7.184],[-41.917,-7.179],[-41.899,-7.124],[-41.915,-7.071],[-41.918,-7.062],[-41.898,-7.051],[-41.86,-7.044],[-41.815,-7.066],[-41.776,-7.097],[-41.765,-7.107],[-41.748,-7.146],[-41.749,-7.152],[-41.726,-7.166],[-41.729,-7.189],[-41.698,-7.207],[-41.721,-7.299]]]}},{"type":"Feature","properties":{"id":"2209153","nome":"Santa Cruz dos Milagres"},"geometry":{"type":"Polygon","coordinates":[[[-42.09,-5.742],[-42.085,-5.755],[-42.075,-5.745],[-42.051,-5.751],[-42.046,-5.756],[-42.026,-5.762],[-42.021,-5.768],[-42.006,-5.76],[-41.98,-5.775],[-41.976,-5.784],[-41.977,-5.796],[-41.971,-5.8],[-41.96,-5.801],[-41.953,-5.798],[-41.949,-5.807],[-41.943,-5.806],[-41.935,-5.796],[-41.931,-5.804],[-41.911,-5.805],[-41.902,-5.801],[-41.88,-5.818],[-41.87,-5.817],[-41.846,-5.818],[-41.83,-5.816],[-41.826,-5.812],[-41.812,-5.815],[-41.796,-5.804],[-41.787,-5.801],[-41.784,-5.795],[-41.777,-5.804],[-41.77,-5.802],[-41.767,-5.796],[-41.761,-5.8],[-41.742,-5.788],[-41.736,-5.791],[-41.718,-5.788],[-41.673,-5.894],[-41.656,-5.935],[-41.658,-5.942],[-41.665,-5.965],[-41.667,-5.972],[-41.757,-6.025],[-41.763,-6.029],[-41.799,-5.974],[-41.824,-5.991],[-41.85,-6.026],[-41.882,-6.059],[-41.903,-6.062],[-41.929,-6.071],[-41.967,-6.085],[-41.971,-6.087],[-42.06,-6.052],[-41.999,-6.053],[-41.999,-6.047],[-41.971,-6.044],[-41.966,-5.942],[-41.966,-5.928],[-41.973,-5.915],[-41.983,-5.918],[-41.986,-5.926],[-41.99,-5.927],[-41.998,-5.922],[-41.997,-5.919],[-42.012,-5.904],[-42.039,-5.9],[-42.041,-5.896],[-42.044,-5.883],[-42.049,-5.876],[-42.045,-5.876],[-42.047,-5.871],[-42.043,-5.87],[-42.046,-5.864],[-42.044,-5.862],[-42.05,-5.861],[-42.052,-5.849],[-42.056,-5.845],[-42.058,-5.846],[-42.069,-5.834],[-42.062,-5.823],[-42.054,-5.799],[-42.062,-5.787],[-42.073,-5.787],[-42.081,-5.779],[-42.093,-5.776],[-42.1,-5.766],[-42.105,-5.742],[-42.098,-5.747],[-42.095,-5.741],[-42.09,-5.742]]]}},{"type":"Feature","properties":{"id":"2209203","nome":"Santa Filomena"},"geometry":{"type":"Polygon","coordinates":[[[-45.702,-8.397],[-45.699,-8.403],[-45.697,-8.402],[-45.695,-8.406],[-45.697,-8.41],[-45.69,-8.412],[-45.687,-8.407],[-45.682,-8.408],[-45.678,-8.416],[-45.662,-8.43],[-45.663,-8.437],[-45.659,-8.438],[-45.657,-8.452],[-45.655,-8.45],[-45.649,-8.455],[-45.649,-8.463],[-45.64,-8.463],[-45.644,-8.466],[-45.636,-8.474],[-45.639,-8.483],[-45.63,-8.482],[-45.632,-8.487],[-45.624,-8.491],[-45.622,-8.495],[-45.606,-8.495],[-45.602,-8.499],[-45.601,-8.496],[-45.594,-8.496],[-45.591,-8.491],[-45.586,-8.494],[-45.583,-8.492],[-45.574,-8.497],[-45.574,-8.502],[-45.567,-8.499],[-45.569,-8.505],[-45.566,-8.507],[-45.563,-8.502],[-45.56,-8.502],[-45.562,-8.507],[-45.56,-8.509],[-45.551,-8.513],[-45.548,-8.509],[-45.546,-8.515],[-45.541,-8.512],[-45.54,-8.521],[-45.535,-8.516],[-45.534,-8.523],[-45.529,-8.522],[-45.524,-8.528],[-45.519,-8.526],[-45.519,-8.531],[-45.514,-8.535],[-45.511,-8.53],[-45.508,-8.544],[-45.504,-8.544],[-45.503,-8.547],[-45.481,-8.556],[-45.478,-8.553],[-45.474,-8.555],[-45.468,-8.555],[-45.466,-8.561],[-45.463,-8.559],[-45.46,-8.561],[-45.462,-8.563],[-45.455,-8.564],[-45.444,-8.575],[-45.445,-8.579],[-45.439,-8.582],[-45.436,-8.594],[-45.431,-8.593],[-45.43,-8.6],[-45.421,-8.606],[-45.418,-8.62],[-45.405,-8.633],[-45.385,-8.657],[-45.387,-8.661],[-45.381,-8.683],[-45.39,-8.7],[-45.389,-8.707],[-45.394,-8.714],[-45.391,-8.722],[-45.396,-8.73],[-45.394,-8.738],[-45.397,-8.738],[-45.392,-8.751],[-45.395,-8.758],[-45.393,-8.768],[-45.398,-8.78],[-45.392,-8.789],[-45.398,-8.798],[-45.394,-8.806],[-45.395,-8.81],[-45.392,-8.811],[-45.394,-8.851],[-45.399,-8.854],[-45.397,-8.862],[-45.401,-8.87],[-45.424,-8.882],[-45.428,-8.896],[-45.437,-8.899],[-45.447,-8.91],[-45.466,-8.931],[-45.473,-8.938],[-45.481,-8.959],[-45.485,-8.96],[-45.484,-8.965],[-45.495,-8.966],[-45.503,-8.975],[-45.506,-8.997],[-45.516,-9.008],[-45.515,-9.012],[-45.537,-9.03],[-45.542,-9.038],[-45.556,-9.038],[-45.562,-9.051],[-45.56,-9.065],[-45.553,-9.077],[-45.542,-9.085],[-45.528,-9.105],[-45.526,-9.11],[-45.532,-9.118],[-45.53,-9.126],[-45.534,-9.14],[-45.531,-9.147],[-45.519,-9.157],[-45.511,-9.172],[-45.501,-9.2],[-45.41,-9.458],[-45.463,-9.458],[-45.513,-9.458],[-45.513,-9.467],[-45.517,-9.47],[-45.515,-9.483],[-45.531,-9.496],[-45.561,-9.506],[-45.564,-9.513],[-45.573,-9.512],[-45.584,-9.517],[-45.587,-9.513],[-45.591,-9.515],[-45.613,-9.513],[-45.64,-9.531],[-45.667,-9.535],[-45.675,-9.544],[-45.683,-9.545],[-45.687,-9.557],[-45.695,-9.558],[-45.698,-9.553],[-45.711,-9.556],[-45.712,-9.554],[-45.706,-9.551],[-45.713,-9.548],[-45.71,-9.547],[-45.711,-9.544],[-45.715,-9.546],[-45.724,-9.537],[-45.729,-9.541],[-45.735,-9.538],[-45.736,-9.535],[-45.728,-9.536],[-45.731,-9.528],[-45.736,-9.528],[-45.744,-9.522],[-45.741,-9.518],[-45.746,-9.513],[-45.739,-9.511],[-45.752,-9.502],[-45.766,-9.504],[-45.771,-9.489],[-45.77,-9.485],[-45.777,-9.487],[-45.788,-9.482],[-45.783,-9.479],[-45.789,-9.47],[-45.789,-9.464],[-45.795,-9.46],[-45.788,-9.458],[-45.794,-9.45],[-45.793,-9.445],[-45.797,-9.442],[-45.794,-9.438],[-45.801,-9.435],[-45.802,-9.425],[-45.797,-9.417],[-45.818,-9.389],[-45.824,-9.375],[-45.847,-9.356],[-45.863,-9.359],[-45.875,-9.353],[-45.879,-9.346],[-45.887,-9.348],[-45.893,-9.342],[-45.891,-9.331],[-45.896,-9.328],[-45.897,-9.319],[-45.902,-9.317],[-45.9,-9.313],[-45.907,-9.298],[-45.905,-9.292],[-45.897,-9.29],[-45.896,-9.281],[-45.903,-9.268],[-45.898,-9.263],[-45.901,-9.252],[-45.896,-9.235],[-45.903,-9.231],[-45.898,-9.209],[-45.905,-9.191],[-45.899,-9.191],[-45.897,-9.186],[-45.905,-9.175],[-45.913,-9.167],[-45.928,-9.134],[-45.927,-9.116],[-45.924,-9.112],[-45.927,-9.102],[-45.923,-9.1],[-45.923,-9.09],[-45.931,-9.088],[-45.932,-9.085],[-45.927,-9.08],[-45.929,-9.069],[-45.937,-9.063],[-45.94,-9.056],[-45.935,-9.039],[-45.945,-9.025],[-45.943,-9.015],[-45.959,-9.001],[-45.967,-8.979],[-45.98,-8.966],[-45.99,-8.95],[-45.994,-8.926],[-45.985,-8.918],[-45.986,-8.91],[-45.979,-8.902],[-45.983,-8.89],[-45.98,-8.884],[-45.967,-8.875],[-45.972,-8.869],[-45.971,-8.862],[-45.959,-8.851],[-45.957,-8.84],[-45.949,-8.845],[-45.945,-8.84],[-45.945,-8.831],[-45.958,-8.826],[-45.96,-8.818],[-45.953,-8.807],[-45.939,-8.795],[-45.938,-8.785],[-45.935,-8.779],[-45.928,-8.777],[-45.907,-8.758],[-45.891,-8.762],[-45.889,-8.739],[-45.874,-8.731],[-45.863,-8.729],[-45.864,-8.715],[-45.853,-8.709],[-45.84,-8.715],[-45.821,-8.665],[-45.811,-8.656],[-45.819,-8.654],[-45.821,-8.649],[-45.815,-8.633],[-45.803,-8.622],[-45.798,-8.621],[-45.797,-8.613],[-45.778,-8.617],[-45.765,-8.609],[-45.781,-8.598],[-45.794,-8.592],[-45.793,-8.584],[-45.771,-8.574],[-45.761,-8.561],[-45.76,-8.549],[-45.755,-8.544],[-45.753,-8.54],[-45.756,-8.527],[-45.738,-8.501],[-45.746,-8.493],[-45.742,-8.481],[-45.741,-8.468],[-45.742,-8.448],[-45.734,-8.436],[-45.728,-8.429],[-45.733,-8.422],[-45.731,-8.412],[-45.719,-8.403],[-45.721,-8.394],[-45.711,-8.388],[-45.706,-8.388],[-45.708,-8.394],[-45.702,-8.397]]]}},{"type":"Feature","properties":{"id":"2209302","nome":"Santa Luz"},"geometry":{"type":"Polygon","coordinates":[[[-44.3,-8.847],[-44.275,-8.862],[-44.268,-8.862],[-44.263,-8.872],[-44.262,-8.883],[-44.244,-8.883],[-44.194,-8.901],[-43.869,-9.018],[-43.942,-9.149],[-43.956,-9.174],[-43.87,-9.312],[-43.869,-9.313],[-44.238,-9.093],[-44.306,-9.034],[-44.311,-9.029],[-44.313,-9.02],[-44.316,-9.023],[-44.318,-9.017],[-44.316,-9.014],[-44.313,-9.016],[-44.314,-9.005],[-44.311,-9.007],[-44.309,-9.005],[-44.315,-8.997],[-44.309,-8.995],[-44.316,-8.991],[-44.31,-8.987],[-44.307,-8.99],[-44.308,-8.985],[-44.303,-8.992],[-44.298,-8.981],[-44.295,-8.981],[-44.296,-8.974],[-44.293,-8.974],[-44.293,-8.969],[-44.291,-8.968],[-44.303,-8.943],[-44.341,-8.86],[-44.353,-8.832],[-44.345,-8.819],[-44.332,-8.817],[-44.305,-8.799],[-44.269,-8.823],[-44.3,-8.847]]]}},{"type":"Feature","properties":{"id":"2209351","nome":"Santana do Piau\u00ed"},"geometry":{"type":"Polygon","coordinates":[[[-41.517,-6.907],[-41.509,-6.911],[-41.456,-6.896],[-41.451,-6.898],[-41.448,-6.909],[-41.442,-6.911],[-41.44,-6.918],[-41.442,-6.932],[-41.438,-6.954],[-41.432,-6.96],[-41.431,-6.966],[-41.421,-6.983],[-41.421,-6.997],[-41.42,-7.003],[-41.413,-7.004],[-41.448,-6.999],[-41.474,-6.996],[-41.475,-6.996],[-41.534,-6.969],[-41.539,-6.96],[-41.552,-6.937],[-41.565,-6.922],[-41.578,-6.914],[-41.603,-6.88],[-41.617,-6.878],[-41.582,-6.87],[-41.517,-6.907]]]}},{"type":"Feature","properties":{"id":"2209377","nome":"Santa Rosa do Piau\u00ed"},"geometry":{"type":"Polygon","coordinates":[[[-42.244,-6.752],[-42.163,-6.766],[-42.165,-6.756],[-42.159,-6.753],[-42.157,-6.745],[-42.146,-6.734],[-42.136,-6.732],[-42.131,-6.744],[-42.111,-6.753],[-42.112,-6.766],[-42.111,-6.785],[-42.109,-6.791],[-42.112,-6.796],[-42.121,-6.8],[-42.125,-6.807],[-42.125,-6.811],[-42.119,-6.818],[-42.116,-6.82],[-42.113,-6.825],[-42.117,-6.828],[-42.116,-6.835],[-42.122,-6.837],[-42.125,-6.844],[-42.132,-6.845],[-42.136,-6.85],[-42.139,-6.848],[-42.16,-6.854],[-42.152,-6.865],[-42.17,-6.875],[-42.178,-6.883],[-42.174,-6.887],[-42.175,-6.899],[-42.192,-6.901],[-42.194,-6.906],[-42.204,-6.91],[-42.2,-6.916],[-42.204,-6.922],[-42.24,-6.906],[-42.242,-6.895],[-42.237,-6.871],[-42.244,-6.866],[-42.254,-6.865],[-42.273,-6.87],[-42.281,-6.879],[-42.287,-6.88],[-42.291,-6.873],[-42.288,-6.85],[-42.289,-6.834],[-42.299,-6.823],[-42.306,-6.832],[-42.306,-6.839],[-42.314,-6.839],[-42.314,-6.831],[-42.318,-6.829],[-42.33,-6.835],[-42.339,-6.825],[-42.361,-6.818],[-42.36,-6.806],[-42.36,-6.805],[-42.334,-6.799],[-42.319,-6.769],[-42.318,-6.76],[-42.325,-6.758],[-42.333,-6.748],[-42.331,-6.74],[-42.334,-6.729],[-42.317,-6.705],[-42.308,-6.713],[-42.254,-6.75],[-42.244,-6.752]]]}},{"type":"Feature","properties":{"id":"2209401","nome":"Santo Ant\u00f4nio de Lisboa"},"geometry":{"type":"Polygon","coordinates":[[[-41.187,-6.995],[-41.192,-7.114],[-41.233,-7.11],[-41.272,-7.058],[-41.317,-7.007],[-41.31,-6.989],[-41.302,-6.966],[-41.299,-6.955],[-41.247,-6.952],[-41.198,-6.894],[-41.195,-6.892],[-41.218,-6.825],[-41.229,-6.792],[-41.208,-6.78],[-41.198,-6.768],[-41.198,-6.746],[-41.188,-6.733],[-41.197,-6.679],[-41.19,-6.663],[-41.13,-6.655],[-41.143,-6.75],[-41.158,-6.864],[-41.166,-6.899],[-41.18,-6.966],[-41.187,-6.995]]]}},{"type":"Feature","properties":{"id":"2209450","nome":"Santo Ant\u00f4nio dos Milagres"},"geometry":{"type":"Polygon","coordinates":[[[-42.682,-6.031],[-42.681,-6.074],[-42.67,-6.071],[-42.651,-6.081],[-42.704,-6.08],[-42.728,-6.054],[-42.735,-6.041],[-42.736,-6.035],[-42.724,-6.02],[-42.691,-6.021],[-42.682,-6.031]]]}},{"type":"Feature","properties":{"id":"2209500","nome":"Santo In\u00e1cio do Piau\u00ed"},"geometry":{"type":"Polygon","coordinates":[[[-41.854,-7.43],[-41.859,-7.465],[-41.864,-7.468],[-41.862,-7.476],[-41.866,-7.49],[-41.858,-7.502],[-41.866,-7.52],[-41.866,-7.53],[-41.861,-7.532],[-41.861,-7.536],[-41.892,-7.537],[-41.923,-7.539],[-41.994,-7.538],[-42.017,-7.537],[-42.038,-7.576],[-42.216,-7.623],[-42.17,-7.521],[-42.218,-7.438],[-42.188,-7.44],[-42.045,-7.369],[-42.039,-7.366],[-41.952,-7.323],[-41.901,-7.295],[-41.879,-7.283],[-41.877,-7.286],[-41.83,-7.343],[-41.857,-7.406],[-41.861,-7.416],[-41.854,-7.43]]]}},{"type":"Feature","properties":{"id":"2209559","nome":"S\u00e3o Braz do Piau\u00ed"},"geometry":{"type":"Polygon","coordinates":[[[-42.977,-8.81],[-42.964,-8.844],[-42.953,-8.915],[-42.957,-8.946],[-42.938,-8.971],[-42.923,-8.979],[-42.915,-9.004],[-42.899,-9.028],[-42.89,-9.032],[-42.845,-9.069],[-42.917,-9.105],[-42.925,-9.108],[-42.982,-9.129],[-43.006,-9.101],[-43.007,-9.1],[-43.017,-9.088],[-43.047,-9.081],[-43.044,-9.089],[-43.091,-9.089],[-43.103,-9.096],[-43.106,-9.063],[-43.113,-8.992],[-43.079,-8.812],[-43.016,-8.815],[-43.018,-8.726],[-43.0,-8.722],[-42.982,-8.718],[-42.977,-8.81]]]}},{"type":"Feature","properties":{"id":"2209609","nome":"S\u00e3o F\u00e9lix do Piau\u00ed"},"geometry":{"type":"Polygon","coordinates":[[[-42.073,-5.787],[-42.062,-5.787],[-42.054,-5.799],[-42.062,-5.823],[-42.069,-5.834],[-42.058,-5.846],[-42.056,-5.845],[-42.052,-5.849],[-42.05,-5.861],[-42.044,-5.862],[-42.046,-5.864],[-42.043,-5.87],[-42.047,-5.871],[-42.045,-5.876],[-42.049,-5.876],[-42.044,-5.883],[-42.041,-5.896],[-42.039,-5.9],[-42.012,-5.904],[-41.997,-5.919],[-41.998,-5.922],[-41.99,-5.927],[-41.986,-5.926],[-41.983,-5.918],[-41.973,-5.915],[-41.966,-5.928],[-41.966,-5.942],[-41.971,-6.044],[-41.999,-6.047],[-41.999,-6.053],[-42.06,-6.052],[-42.085,-6.067],[-42.142,-6.047],[-42.167,-6.027],[-42.257,-5.955],[-42.256,-5.948],[-42.247,-5.934],[-42.245,-5.914],[-42.249,-5.907],[-42.246,-5.897],[-42.251,-5.888],[-42.272,-5.885],[-42.276,-5.881],[-42.277,-5.852],[-42.264,-5.846],[-42.255,-5.853],[-42.247,-5.848],[-42.229,-5.852],[-42.199,-5.885],[-42.177,-5.881],[-42.169,-5.883],[-42.166,-5.878],[-42.161,-5.875],[-42.155,-5.88],[-42.155,-5.887],[-42.145,-5.893],[-42.125,-5.898],[-42.12,-5.894],[-42.126,-5.893],[-42.136,-5.872],[-42.134,-5.867],[-42.142,-5.849],[-42.141,-5.845],[-42.15,-5.847],[-42.204,-5.825],[-42.202,-5.786],[-42.139,-5.787],[-42.086,-5.788],[-42.093,-5.776],[-42.081,-5.779],[-42.073,-5.787]]]}},{"type":"Feature","properties":{"id":"2209658","nome":"S\u00e3o Francisco de Assis do Piau\u00ed"},"geometry":{"type":"Polygon","coordinates":[[[-41.458,-8.055],[-41.443,-8.065],[-41.442,-8.077],[-41.438,-8.079],[-41.436,-8.085],[-41.453,-8.099],[-41.436,-8.124],[-41.444,-8.133],[-41.456,-8.14],[-41.463,-8.158],[-41.477,-8.173],[-41.452,-8.179],[-41.448,-8.189],[-41.444,-8.191],[-41.427,-8.191],[-41.415,-8.195],[-41.399,-8.201],[-41.383,-8.218],[-41.379,-8.219],[-41.371,-8.215],[-41.377,-8.237],[-41.374,-8.247],[-41.379,-8.254],[-41.39,-8.257],[-41.393,-8.265],[-41.399,-8.265],[-41.405,-8.27],[-41.4,-8.28],[-41.409,-8.278],[-41.415,-8.283],[-41.418,-8.289],[-41.413,-8.294],[-41.429,-8.295],[-41.445,-8.28],[-41.451,-8.28],[-41.474,-8.296],[-41.472,-8.31],[-41.477,-8.324],[-41.467,-8.338],[-41.474,-8.352],[-41.476,-8.367],[-41.508,-8.368],[-41.523,-8.373],[-41.53,-8.362],[-41.537,-8.36],[-41.542,-8.353],[-41.546,-8.346],[-41.557,-8.339],[-41.563,-8.339],[-41.573,-8.324],[-41.572,-8.318],[-41.565,-8.312],[-41.587,-8.32],[-41.6,-8.321],[-41.648,-8.305],[-41.657,-8.299],[-41.688,-8.274],[-41.696,-8.284],[-41.706,-8.29],[-41.729,-8.298],[-41.749,-8.312],[-41.771,-8.29],[-41.783,-8.251],[-41.783,-8.222],[-41.768,-8.206],[-41.743,-8.181],[-41.734,-8.179],[-41.729,-8.171],[-41.735,-8.162],[-41.755,-8.16],[-41.764,-8.143],[-41.772,-8.135],[-41.776,-8.121],[-41.74,-8.088],[-41.734,-8.086],[-41.726,-8.083],[-41.693,-8.071],[-41.658,-8.066],[-41.636,-8.068],[-41.609,-8.046],[-41.574,-8.038],[-41.585,-8.046],[-41.589,-8.064],[-41.6,-8.075],[-41.601,-8.08],[-41.582,-8.077],[-41.574,-8.071],[-41.549,-8.073],[-41.54,-8.072],[-41.542,-8.07],[-41.539,-8.068],[-41.524,-8.068],[-41.522,-8.061],[-41.468,-8.062],[-41.468,-8.032],[-41.46,-8.046],[-41.458,-8.055]]]}},{"type":"Feature","properties":{"id":"2209708","nome":"S\u00e3o Francisco do Piau\u00ed"},"geometry":{"type":"Polygon","coordinates":[[[-42.421,-6.988],[-42.416,-7.055],[-42.406,-7.096],[-42.411,-7.145],[-42.404,-7.168],[-42.31,-7.223],[-42.313,-7.234],[-42.313,-7.235],[-42.36,-7.417],[-42.425,-7.401],[-42.531,-7.374],[-42.566,-7.391],[-42.582,-7.387],[-42.604,-7.379],[-42.662,-7.202],[-42.653,-7.187],[-42.637,-7.158],[-42.651,-7.109],[-42.655,-7.094],[-42.646,-7.011],[-42.646,-7.008],[-42.643,-6.986],[-42.625,-6.997],[-42.563,-6.99],[-42.461,-6.974],[-42.425,-6.968],[-42.42,-6.967],[-42.421,-6.988]]]}},{"type":"Feature","properties":{"id":"2209757","nome":"S\u00e3o Gon\u00e7alo do Gurgu\u00e9ia"},"geometry":{"type":"Polygon","coordinates":[[[-45.14,-9.935],[-45.078,-9.957],[-45.027,-9.974],[-45.045,-10.013],[-45.106,-10.138],[-45.17,-10.143],[-45.192,-10.144],[-45.285,-10.201],[-45.34,-10.224],[-45.388,-10.244],[-45.49,-10.301],[-45.517,-10.286],[-45.522,-10.276],[-45.523,-10.244],[-45.526,-10.237],[-45.556,-10.216],[-45.548,-10.179],[-45.525,-10.165],[-45.513,-10.163],[-45.502,-10.149],[-45.504,-10.145],[-45.512,-10.144],[-45.516,-10.137],[-45.51,-10.122],[-45.514,-10.116],[-45.512,-10.106],[-45.516,-10.089],[-45.522,-10.085],[-45.521,-10.078],[-45.526,-10.074],[-45.525,-10.064],[-45.529,-10.052],[-45.541,-10.038],[-45.543,-10.04],[-45.545,-10.035],[-45.548,-10.037],[-45.548,-10.028],[-45.553,-10.025],[-45.551,-10.02],[-45.557,-10.012],[-45.552,-10.009],[-45.556,-10.006],[-45.549,-9.988],[-45.552,-9.981],[-45.551,-9.976],[-45.555,-9.974],[-45.44,-9.978],[-45.379,-9.98],[-45.327,-9.982],[-45.272,-9.985],[-45.266,-9.977],[-45.269,-9.98],[-45.273,-9.976],[-45.269,-9.969],[-45.274,-9.966],[-45.269,-9.961],[-45.265,-9.962],[-45.262,-9.953],[-45.257,-9.956],[-45.256,-9.945],[-45.261,-9.944],[-45.263,-9.94],[-45.258,-9.939],[-45.257,-9.935],[-45.14,-9.935]]]}},{"type":"Feature","properties":{"id":"2209807","nome":"S\u00e3o Gon\u00e7alo do Piau\u00ed"},"geometry":{"type":"Polygon","coordinates":[[[-42.59,-6.015],[-42.629,-6.04],[-42.64,-6.089],[-42.651,-6.081],[-42.67,-6.071],[-42.681,-6.074],[-42.682,-6.031],[-42.691,-6.021],[-42.724,-6.02],[-42.736,-6.035],[-42.739,-6.027],[-42.734,-6.011],[-42.723,-6.01],[-42.721,-6.002],[-42.714,-5.966],[-42.686,-5.958],[-42.662,-5.952],[-42.635,-5.95],[-42.58,-5.947],[-42.586,-5.989],[-42.59,-6.015]]]}},{"type":"Feature","properties":{"id":"2209856","nome":"S\u00e3o Jo\u00e3o da Canabrava"},"geometry":{"type":"Polygon","coordinates":[[[-41.338,-6.828],[-41.343,-6.868],[-41.404,-6.862],[-41.413,-6.862],[-41.421,-6.839],[-41.437,-6.793],[-41.404,-6.778],[-41.425,-6.747],[-41.458,-6.743],[-41.449,-6.707],[-41.444,-6.688],[-41.49,-6.68],[-41.508,-6.631],[-41.511,-6.608],[-41.508,-6.556],[-41.426,-6.565],[-41.329,-6.618],[-41.282,-6.651],[-41.293,-6.674],[-41.274,-6.678],[-41.323,-6.742],[-41.326,-6.75],[-41.309,-6.768],[-41.303,-6.792],[-41.303,-6.795],[-41.303,-6.8],[-41.318,-6.801],[-41.332,-6.808],[-41.338,-6.828]]]}},{"type":"Feature","properties":{"id":"2209872","nome":"S\u00e3o Jo\u00e3o da Fronteira"},"geometry":{"type":"Polygon","coordinates":[[[-41.3,-3.826],[-41.295,-3.83],[-41.287,-3.822],[-41.282,-3.826],[-41.276,-3.825],[-41.268,-3.844],[-41.27,-3.853],[-41.267,-3.861],[-41.26,-3.864],[-41.258,-3.87],[-41.247,-3.882],[-41.245,-3.896],[-41.227,-3.915],[-41.22,-3.941],[-41.229,-3.968],[-41.234,-3.967],[-41.24,-3.979],[-41.244,-3.979],[-41.244,-3.986],[-41.249,-3.989],[-41.245,-4.006],[-41.238,-4.015],[-41.254,-4.027],[-41.256,-4.034],[-41.25,-4.037],[-41.24,-4.03],[-41.22,-4.026],[-41.209,-4.025],[-41.199,-4.018],[-41.192,-4.02],[-41.182,-4.018],[-41.183,-4.024],[-41.171,-4.032],[-41.16,-4.031],[-41.143,-4.036],[-41.12,-4.036],[-41.114,-4.04],[-41.114,-4.051],[-41.127,-4.061],[-41.122,-4.077],[-41.139,-4.121],[-41.143,-4.124],[-41.128,-4.139],[-41.126,-4.152],[-41.118,-4.165],[-41.091,-4.17],[-41.099,-4.181],[-41.126,-4.176],[-41.136,-4.178],[-41.142,-4.185],[-41.164,-4.188],[-41.176,-4.177],[-41.182,-4.161],[-41.19,-4.159],[-41.196,-4.148],[-41.204,-4.147],[-41.208,-4.147],[-41.209,-4.151],[-41.217,-4.158],[-41.232,-4.157],[-41.238,-4.153],[-41.243,-4.142],[-41.25,-4.139],[-41.258,-4.144],[-41.263,-4.161],[-41.279,-4.169],[-41.294,-4.167],[-41.298,-4.157],[-41.303,-4.156],[-41.303,-4.148],[-41.31,-4.145],[-41.313,-4.147],[-41.333,-4.061],[-41.336,-4.051],[-41.484,-4.041],[-41.451,-3.997],[-41.365,-3.884],[-41.278,-3.77],[-41.261,-3.757],[-41.254,-3.775],[-41.264,-3.791],[-41.3,-3.826]]]}},{"type":"Feature","properties":{"id":"2209906","nome":"S\u00e3o Jo\u00e3o da Serra"},"geometry":{"type":"Polygon","coordinates":[[[-41.829,-5.354],[-41.842,-5.361],[-41.831,-5.375],[-41.826,-5.373],[-41.817,-5.375],[-41.813,-5.384],[-41.803,-5.387],[-41.803,-5.392],[-41.793,-5.399],[-41.785,-5.395],[-41.78,-5.386],[-41.776,-5.392],[-41.768,-5.399],[-41.774,-5.403],[-41.756,-5.403],[-41.751,-5.406],[-41.75,-5.411],[-41.756,-5.412],[-41.742,-5.42],[-41.724,-5.422],[-41.73,-5.432],[-41.722,-5.432],[-41.716,-5.442],[-41.71,-5.444],[-41.707,-5.454],[-41.695,-5.457],[-41.694,-5.437],[-41.691,-5.435],[-41.685,-5.435],[-41.676,-5.441],[-41.698,-5.482],[-41.76,-5.558],[-41.802,-5.577],[-41.791,-5.593],[-41.766,-5.632],[-41.77,-5.647],[-41.768,-5.739],[-41.799,-5.722],[-41.808,-5.712],[-41.814,-5.706],[-41.844,-5.702],[-41.915,-5.693],[-41.988,-5.658],[-42.118,-5.599],[-42.105,-5.591],[-42.096,-5.589],[-42.092,-5.581],[-42.058,-5.561],[-42.032,-5.556],[-42.028,-5.552],[-42.013,-5.535],[-41.999,-5.522],[-41.999,-5.507],[-41.992,-5.494],[-41.976,-5.478],[-41.969,-5.463],[-41.955,-5.456],[-41.957,-5.443],[-41.948,-5.428],[-41.943,-5.41],[-41.944,-5.407],[-41.938,-5.389],[-41.925,-5.381],[-41.909,-5.38],[-41.902,-5.376],[-41.888,-5.377],[-41.879,-5.36],[-41.861,-5.36],[-41.844,-5.352],[-41.839,-5.353],[-41.829,-5.354]]]}},{"type":"Feature","properties":{"id":"2209955","nome":"S\u00e3o Jo\u00e3o da Varjota"},"geometry":{"type":"Polygon","coordinates":[[[-41.916,-6.83],[-41.877,-6.858],[-41.842,-6.902],[-41.812,-6.94],[-41.808,-6.929],[-41.802,-6.96],[-41.797,-6.987],[-41.78,-6.963],[-41.738,-7.012],[-41.731,-7.017],[-41.778,-7.036],[-41.815,-7.066],[-41.86,-7.044],[-41.898,-7.051],[-41.888,-7.037],[-41.878,-7.03],[-41.879,-7.022],[-41.973,-7.014],[-41.965,-6.99],[-41.971,-6.978],[-41.993,-6.961],[-42.002,-6.952],[-41.992,-6.947],[-41.993,-6.925],[-41.984,-6.907],[-41.979,-6.905],[-41.978,-6.896],[-41.965,-6.881],[-41.961,-6.871],[-41.964,-6.867],[-41.962,-6.861],[-41.947,-6.847],[-41.936,-6.843],[-41.93,-6.831],[-41.922,-6.833],[-41.916,-6.83]]]}},{"type":"Feature","properties":{"id":"2209971","nome":"S\u00e3o Jo\u00e3o do Arraial"},"geometry":{"type":"Polygon","coordinates":[[[-42.428,-3.743],[-42.426,-3.748],[-42.419,-3.743],[-42.413,-3.754],[-42.398,-3.756],[-42.377,-3.752],[-42.368,-3.768],[-42.387,-3.781],[-42.389,-3.803],[-42.393,-3.832],[-42.382,-3.861],[-42.376,-3.876],[-42.399,-3.898],[-42.414,-3.899],[-42.49,-3.872],[-42.491,-3.864],[-42.494,-3.858],[-42.504,-3.855],[-42.525,-3.833],[-42.53,-3.824],[-42.537,-3.819],[-42.54,-3.808],[-42.548,-3.804],[-42.528,-3.786],[-42.527,-3.772],[-42.522,-3.771],[-42.506,-3.768],[-42.492,-3.76],[-42.488,-3.757],[-42.471,-3.77],[-42.464,-3.769],[-42.448,-3.759],[-42.443,-3.749],[-42.435,-3.75],[-42.428,-3.743]]]}},{"type":"Feature","properties":{"id":"2210003","nome":"S\u00e3o Jo\u00e3o do Piau\u00ed"},"geometry":{"type":"Polygon","coordinates":[[[-42.282,-8.193],[-42.168,-8.246],[-42.163,-8.248],[-42.155,-8.237],[-42.149,-8.233],[-42.142,-8.224],[-42.137,-8.205],[-42.12,-8.219],[-42.053,-8.273],[-42.031,-8.282],[-42.03,-8.282],[-41.987,-8.295],[-41.924,-8.256],[-41.952,-8.356],[-41.957,-8.372],[-41.985,-8.326],[-41.989,-8.34],[-42.033,-8.46],[-42.152,-8.473],[-42.144,-8.501],[-42.125,-8.566],[-42.158,-8.59],[-42.19,-8.508],[-42.296,-8.448],[-42.302,-8.441],[-42.333,-8.398],[-42.608,-8.302],[-42.573,-8.304],[-42.559,-8.296],[-42.537,-8.29],[-42.536,-8.271],[-42.546,-8.254],[-42.546,-8.247],[-42.533,-8.224],[-42.492,-8.242],[-42.461,-8.234],[-42.464,-8.221],[-42.465,-8.202],[-42.462,-8.2],[-42.469,-8.105],[-42.325,-8.173],[-42.282,-8.193]]]}},{"type":"Feature","properties":{"id":"2210052","nome":"S\u00e3o Jos\u00e9 do Divino"},"geometry":{"type":"Polygon","coordinates":[[[-41.954,-3.675],[-41.94,-3.681],[-41.923,-3.677],[-41.904,-3.693],[-41.866,-3.721],[-41.829,-3.753],[-41.814,-3.754],[-41.741,-3.766],[-41.713,-3.771],[-41.687,-3.781],[-41.686,-3.797],[-41.835,-3.848],[-41.849,-3.848],[-41.85,-3.848],[-41.865,-3.848],[-41.903,-3.887],[-41.902,-3.864],[-41.898,-3.796],[-41.98,-3.784],[-41.981,-3.775],[-41.975,-3.76],[-41.979,-3.733],[-41.977,-3.724],[-41.974,-3.693],[-41.962,-3.679],[-41.954,-3.675]]]}},{"type":"Feature","properties":{"id":"2210102","nome":"S\u00e3o Jos\u00e9 do Peixe"},"geometry":{"type":"Polygon","coordinates":[[[-42.697,-7.292],[-42.674,-7.31],[-42.66,-7.352],[-42.622,-7.352],[-42.604,-7.379],[-42.582,-7.387],[-42.566,-7.391],[-42.531,-7.374],[-42.425,-7.401],[-42.36,-7.417],[-42.319,-7.434],[-42.312,-7.431],[-42.32,-7.457],[-42.347,-7.48],[-42.369,-7.517],[-42.383,-7.53],[-42.395,-7.535],[-42.406,-7.536],[-42.419,-7.524],[-42.428,-7.526],[-42.435,-7.532],[-42.439,-7.531],[-42.448,-7.535],[-42.488,-7.526],[-42.485,-7.554],[-42.485,-7.555],[-42.482,-7.638],[-42.476,-7.701],[-42.482,-7.836],[-42.492,-7.838],[-42.508,-7.842],[-42.584,-7.68],[-42.581,-7.584],[-42.619,-7.586],[-42.678,-7.591],[-42.682,-7.47],[-42.798,-7.386],[-42.842,-7.354],[-42.815,-7.279],[-42.785,-7.295],[-42.777,-7.281],[-42.726,-7.191],[-42.706,-7.192],[-42.688,-7.263],[-42.697,-7.292]]]}},{"type":"Feature","properties":{"id":"2210201","nome":"S\u00e3o Jos\u00e9 do Piau\u00ed"},"geometry":{"type":"Polygon","coordinates":[[[-41.413,-6.862],[-41.433,-6.882],[-41.448,-6.891],[-41.456,-6.896],[-41.509,-6.911],[-41.517,-6.907],[-41.582,-6.87],[-41.617,-6.878],[-41.606,-6.833],[-41.59,-6.808],[-41.565,-6.772],[-41.542,-6.738],[-41.51,-6.74],[-41.458,-6.743],[-41.425,-6.747],[-41.404,-6.778],[-41.437,-6.793],[-41.421,-6.839],[-41.413,-6.862]]]}},{"type":"Feature","properties":{"id":"2210300","nome":"S\u00e3o Juli\u00e3o"},"geometry":{"type":"Polygon","coordinates":[[[-40.796,-6.988],[-40.796,-6.998],[-40.791,-7.001],[-40.753,-7.039],[-40.75,-7.071],[-40.748,-7.094],[-40.71,-7.135],[-40.78,-7.134],[-40.789,-7.116],[-40.821,-7.12],[-40.822,-7.12],[-40.83,-7.121],[-40.829,-7.133],[-40.844,-7.135],[-40.844,-7.126],[-40.859,-7.13],[-40.859,-7.137],[-40.863,-7.143],[-40.879,-7.151],[-40.883,-7.161],[-40.885,-7.159],[-40.906,-7.14],[-40.94,-7.115],[-40.96,-7.107],[-40.934,-7.083],[-40.92,-7.084],[-40.9,-7.062],[-40.875,-7.036],[-40.861,-7.008],[-40.85,-6.985],[-40.844,-6.989],[-40.836,-6.989],[-40.833,-6.988],[-40.832,-6.983],[-40.814,-6.989],[-40.805,-6.981],[-40.796,-6.988]]]}},{"type":"Feature","properties":{"id":"2210359","nome":"S\u00e3o Louren\u00e7o do Piau\u00ed"},"geometry":{"type":"Polygon","coordinates":[[[-42.37,-9.131],[-42.37,-9.145],[-42.365,-9.142],[-42.361,-9.147],[-42.366,-9.15],[-42.357,-9.153],[-42.36,-9.156],[-42.357,-9.163],[-42.359,-9.17],[-42.353,-9.175],[-42.344,-9.174],[-42.342,-9.179],[-42.339,-9.175],[-42.33,-9.178],[-42.331,-9.182],[-42.329,-9.185],[-42.337,-9.188],[-42.369,-9.187],[-42.402,-9.177],[-42.454,-9.17],[-42.462,-9.172],[-42.47,-9.193],[-42.493,-9.255],[-42.583,-9.303],[-42.584,-9.303],[-42.643,-9.331],[-42.645,-9.329],[-42.677,-9.299],[-42.685,-9.294],[-42.68,-9.283],[-42.675,-9.281],[-42.682,-9.258],[-42.677,-9.232],[-42.684,-9.224],[-42.68,-9.217],[-42.684,-9.196],[-42.677,-9.181],[-42.672,-9.159],[-42.67,-9.148],[-42.631,-9.088],[-42.596,-9.115],[-42.591,-9.065],[-42.538,-9.073],[-42.532,-9.082],[-42.518,-9.08],[-42.496,-9.062],[-42.481,-9.052],[-42.474,-9.094],[-42.458,-9.142],[-42.452,-9.147],[-42.439,-9.083],[-42.413,-9.041],[-42.413,-9.034],[-42.378,-9.018],[-42.337,-9.034],[-42.337,-9.039],[-42.342,-9.041],[-42.345,-9.052],[-42.346,-9.06],[-42.357,-9.068],[-42.36,-9.079],[-42.357,-9.081],[-42.361,-9.082],[-42.368,-9.088],[-42.367,-9.106],[-42.376,-9.12],[-42.371,-9.121],[-42.37,-9.125],[-42.378,-9.127],[-42.37,-9.131]]]}},{"type":"Feature","properties":{"id":"2210375","nome":"S\u00e3o Luis do Piau\u00ed"},"geometry":{"type":"Polygon","coordinates":[[[-41.274,-6.678],[-41.254,-6.681],[-41.197,-6.679],[-41.188,-6.733],[-41.198,-6.746],[-41.198,-6.768],[-41.208,-6.78],[-41.229,-6.792],[-41.218,-6.825],[-41.269,-6.843],[-41.328,-6.863],[-41.339,-6.867],[-41.343,-6.868],[-41.338,-6.828],[-41.332,-6.808],[-41.318,-6.801],[-41.303,-6.8],[-41.303,-6.795],[-41.303,-6.792],[-41.309,-6.768],[-41.326,-6.75],[-41.323,-6.742],[-41.274,-6.678]]]}},{"type":"Feature","properties":{"id":"2210383","nome":"S\u00e3o Miguel da Baixa Grande"},"geometry":{"type":"Polygon","coordinates":[[[-42.259,-5.656],[-42.25,-5.659],[-42.24,-5.669],[-42.228,-5.671],[-42.231,-5.748],[-42.226,-5.776],[-42.202,-5.786],[-42.204,-5.825],[-42.15,-5.847],[-42.141,-5.845],[-42.142,-5.849],[-42.134,-5.867],[-42.136,-5.872],[-42.126,-5.893],[-42.12,-5.894],[-42.125,-5.898],[-42.145,-5.893],[-42.155,-5.887],[-42.155,-5.88],[-42.161,-5.875],[-42.166,-5.878],[-42.169,-5.883],[-42.177,-5.881],[-42.199,-5.885],[-42.229,-5.852],[-42.247,-5.848],[-42.255,-5.853],[-42.264,-5.846],[-42.277,-5.852],[-42.276,-5.881],[-42.272,-5.885],[-42.251,-5.888],[-42.246,-5.897],[-42.249,-5.907],[-42.245,-5.914],[-42.247,-5.934],[-42.256,-5.948],[-42.257,-5.955],[-42.305,-5.94],[-42.392,-5.953],[-42.384,-5.929],[-42.369,-5.887],[-42.361,-5.877],[-42.309,-5.866],[-42.307,-5.828],[-42.305,-5.768],[-42.311,-5.744],[-42.322,-5.743],[-42.327,-5.737],[-42.323,-5.717],[-42.328,-5.716],[-42.329,-5.705],[-42.324,-5.701],[-42.319,-5.685],[-42.309,-5.685],[-42.303,-5.681],[-42.305,-5.667],[-42.309,-5.663],[-42.304,-5.652],[-42.294,-5.658],[-42.286,-5.658],[-42.276,-5.647],[-42.269,-5.645],[-42.259,-5.656]]]}},{"type":"Feature","properties":{"id":"2210391","nome":"S\u00e3o Miguel do Fidalgo"},"geometry":{"type":"Polygon","coordinates":[[[-42.17,-7.521],[-42.216,-7.623],[-42.219,-7.629],[-42.299,-7.627],[-42.284,-7.64],[-42.197,-7.715],[-42.189,-7.722],[-42.311,-7.723],[-42.355,-7.724],[-42.36,-7.731],[-42.369,-7.733],[-42.393,-7.751],[-42.415,-7.757],[-42.476,-7.701],[-42.482,-7.638],[-42.485,-7.555],[-42.485,-7.554],[-42.488,-7.526],[-42.448,-7.535],[-42.439,-7.531],[-42.435,-7.532],[-42.428,-7.526],[-42.419,-7.524],[-42.406,-7.536],[-42.395,-7.535],[-42.383,-7.53],[-42.369,-7.517],[-42.347,-7.48],[-42.32,-7.457],[-42.312,-7.431],[-42.306,-7.432],[-42.304,-7.432],[-42.218,-7.438],[-42.17,-7.521]]]}},{"type":"Feature","properties":{"id":"2210409","nome":"S\u00e3o Miguel do Tapuio"},"geometry":{"type":"Polygon","coordinates":[[[-40.911,-5.407],[-40.917,-5.416],[-40.938,-5.416],[-40.942,-5.419],[-40.941,-5.431],[-40.937,-5.438],[-40.921,-5.45],[-40.915,-5.466],[-40.918,-5.474],[-40.929,-5.483],[-40.929,-5.493],[-40.933,-5.5],[-40.928,-5.507],[-40.929,-5.517],[-40.936,-5.526],[-40.931,-5.536],[-40.933,-5.547],[-40.914,-5.567],[-40.912,-5.59],[-40.901,-5.611],[-40.902,-5.629],[-40.907,-5.642],[-40.961,-5.642],[-41.167,-5.641],[-41.167,-5.659],[-41.168,-5.786],[-41.194,-5.811],[-41.197,-5.814],[-41.253,-5.869],[-41.259,-5.875],[-41.259,-5.931],[-41.259,-6.11],[-41.33,-6.133],[-41.318,-6.158],[-41.363,-6.177],[-41.368,-6.147],[-41.392,-6.137],[-41.416,-6.128],[-41.509,-6.149],[-41.5,-6.113],[-41.595,-6.091],[-41.596,-6.079],[-41.605,-6.087],[-41.64,-6.073],[-41.678,-6.032],[-41.667,-5.972],[-41.665,-5.965],[-41.658,-5.942],[-41.656,-5.935],[-41.673,-5.894],[-41.718,-5.788],[-41.736,-5.791],[-41.742,-5.788],[-41.761,-5.8],[-41.767,-5.796],[-41.77,-5.802],[-41.777,-5.804],[-41.784,-5.795],[-41.787,-5.801],[-41.796,-5.804],[-41.812,-5.815],[-41.826,-5.812],[-41.83,-5.816],[-41.846,-5.818],[-41.87,-5.817],[-41.88,-5.818],[-41.902,-5.801],[-41.911,-5.805],[-41.931,-5.804],[-41.935,-5.796],[-41.943,-5.806],[-41.949,-5.807],[-41.953,-5.798],[-41.96,-5.801],[-41.971,-5.8],[-41.977,-5.796],[-41.976,-5.784],[-41.98,-5.775],[-42.006,-5.76],[-42.021,-5.768],[-42.026,-5.762],[-42.046,-5.756],[-42.051,-5.751],[-42.075,-5.745],[-42.085,-5.755],[-42.09,-5.742],[-42.095,-5.741],[-42.098,-5.747],[-42.105,-5.742],[-42.106,-5.731],[-42.098,-5.7],[-42.104,-5.689],[-42.112,-5.683],[-42.111,-5.673],[-42.117,-5.667],[-42.129,-5.668],[-42.136,-5.661],[-42.15,-5.657],[-42.155,-5.651],[-42.141,-5.642],[-42.138,-5.616],[-42.131,-5.603],[-42.118,-5.599],[-41.988,-5.658],[-41.915,-5.693],[-41.844,-5.702],[-41.814,-5.706],[-41.808,-5.712],[-41.799,-5.722],[-41.768,-5.739],[-41.77,-5.647],[-41.766,-5.632],[-41.791,-5.593],[-41.802,-5.577],[-41.76,-5.558],[-41.756,-5.56],[-41.737,-5.568],[-41.452,-5.482],[-41.404,-5.467],[-41.367,-5.456],[-41.293,-5.433],[-41.277,-5.429],[-41.225,-5.426],[-41.14,-5.411],[-41.074,-5.4],[-40.929,-5.375],[-40.915,-5.393],[-40.911,-5.407]]]}},{"type":"Feature","properties":{"id":"2210508","nome":"S\u00e3o Pedro do Piau\u00ed"},"geometry":{"type":"Polygon","coordinates":[[[-42.814,-5.678],[-42.807,-5.697],[-42.793,-5.694],[-42.767,-5.689],[-42.754,-5.704],[-42.744,-5.717],[-42.743,-5.721],[-42.737,-5.737],[-42.724,-5.746],[-42.721,-5.79],[-42.72,-5.817],[-42.71,-5.819],[-42.656,-5.832],[-42.674,-5.879],[-42.676,-5.896],[-42.678,-5.907],[-42.686,-5.958],[-42.714,-5.966],[-42.721,-6.002],[-42.723,-6.01],[-42.734,-6.011],[-42.784,-6.015],[-42.777,-5.975],[-42.78,-5.963],[-42.778,-5.961],[-42.777,-5.959],[-42.745,-5.849],[-42.777,-5.847],[-42.817,-5.859],[-42.851,-5.87],[-42.853,-5.848],[-42.892,-5.791],[-42.94,-5.721],[-42.936,-5.704],[-42.897,-5.696],[-42.858,-5.688],[-42.814,-5.678]]]}},{"type":"Feature","properties":{"id":"2210607","nome":"S\u00e3o Raimundo Nonato"},"geometry":{"type":"Polygon","coordinates":[[[-42.726,-8.689],[-42.733,-8.8],[-42.604,-8.728],[-42.583,-8.853],[-42.582,-8.858],[-42.574,-8.907],[-42.558,-8.938],[-42.522,-8.907],[-42.49,-8.93],[-42.435,-8.944],[-42.408,-8.944],[-42.403,-8.953],[-42.367,-8.908],[-42.342,-8.945],[-42.336,-8.96],[-42.322,-8.994],[-42.332,-9.006],[-42.337,-9.034],[-42.378,-9.018],[-42.413,-9.034],[-42.413,-9.041],[-42.439,-9.083],[-42.452,-9.147],[-42.458,-9.142],[-42.474,-9.094],[-42.481,-9.052],[-42.496,-9.062],[-42.518,-9.08],[-42.532,-9.082],[-42.538,-9.073],[-42.591,-9.065],[-42.596,-9.115],[-42.631,-9.088],[-42.67,-9.148],[-42.672,-9.159],[-42.677,-9.181],[-42.684,-9.196],[-42.68,-9.217],[-42.684,-9.224],[-42.677,-9.232],[-42.682,-9.258],[-42.675,-9.281],[-42.68,-9.283],[-42.685,-9.294],[-42.677,-9.299],[-42.645,-9.329],[-42.643,-9.331],[-42.722,-9.341],[-42.732,-9.339],[-42.731,-9.358],[-42.735,-9.359],[-42.776,-9.365],[-42.771,-9.333],[-42.772,-9.3],[-42.767,-9.288],[-42.803,-9.281],[-42.824,-9.283],[-42.829,-9.277],[-42.83,-9.257],[-42.835,-9.253],[-42.834,-9.251],[-42.82,-9.233],[-42.798,-9.194],[-42.803,-9.184],[-42.811,-9.167],[-42.795,-9.137],[-42.8,-9.12],[-42.816,-9.094],[-42.818,-9.091],[-42.819,-9.09],[-42.845,-9.069],[-42.89,-9.032],[-42.899,-9.028],[-42.915,-9.004],[-42.923,-8.979],[-42.938,-8.971],[-42.957,-8.946],[-42.953,-8.915],[-42.964,-8.844],[-42.977,-8.81],[-42.982,-8.718],[-42.849,-8.694],[-42.831,-8.692],[-42.777,-8.691],[-42.747,-8.69],[-42.737,-8.69],[-42.726,-8.689]]]}},{"type":"Feature","properties":{"id":"2210623","nome":"Sebasti\u00e3o Barros"},"geometry":{"type":"Polygon","coordinates":[[[-44.818,-10.428],[-44.814,-10.431],[-44.806,-10.428],[-44.801,-10.432],[-44.708,-10.508],[-44.769,-10.566],[-44.734,-10.644],[-44.72,-10.677],[-44.666,-10.758],[-44.685,-10.769],[-44.711,-10.761],[-44.723,-10.767],[-44.751,-10.782],[-44.758,-10.789],[-44.759,-10.804],[-44.778,-10.804],[-44.788,-10.808],[-44.81,-10.846],[-44.808,-10.855],[-44.811,-10.87],[-44.822,-10.875],[-44.844,-10.9],[-44.85,-10.898],[-44.855,-10.884],[-44.863,-10.885],[-44.882,-10.752],[-44.89,-10.745],[-44.994,-10.666],[-45.007,-10.661],[-45.024,-10.655],[-45.028,-10.615],[-44.965,-10.616],[-44.936,-10.574],[-44.889,-10.506],[-44.884,-10.508],[-44.883,-10.505],[-44.87,-10.505],[-44.852,-10.498],[-44.844,-10.49],[-44.849,-10.475],[-44.844,-10.47],[-44.836,-10.472],[-44.83,-10.466],[-44.83,-10.452],[-44.827,-10.448],[-44.812,-10.449],[-44.81,-10.444],[-44.814,-10.439],[-44.818,-10.428]]]}},{"type":"Feature","properties":{"id":"2210631","nome":"Sebasti\u00e3o Leal"},"geometry":{"type":"Polygon","coordinates":[[[-44.184,-7.418],[-44.134,-7.534],[-44.123,-7.5],[-44.042,-7.428],[-44.036,-7.423],[-43.908,-7.379],[-43.832,-7.352],[-43.784,-7.365],[-43.692,-7.327],[-43.691,-7.332],[-43.663,-7.435],[-43.741,-7.518],[-43.753,-7.574],[-43.763,-7.569],[-43.819,-7.538],[-43.822,-7.53],[-43.817,-7.514],[-43.825,-7.489],[-43.828,-7.495],[-43.832,-7.494],[-43.839,-7.499],[-43.846,-7.51],[-43.854,-7.514],[-43.886,-7.497],[-43.907,-7.515],[-43.932,-7.554],[-43.951,-7.569],[-43.954,-7.584],[-43.966,-7.602],[-43.987,-7.593],[-44.008,-7.594],[-43.995,-7.756],[-43.975,-8.003],[-44.099,-8.029],[-44.101,-8.049],[-44.129,-8.274],[-44.172,-8.278],[-44.362,-8.295],[-44.261,-7.935],[-44.207,-7.755],[-44.144,-7.545],[-44.244,-7.487],[-44.291,-7.46],[-44.353,-7.425],[-44.356,-7.407],[-44.358,-7.368],[-44.355,-7.353],[-44.357,-7.338],[-44.339,-7.298],[-44.297,-7.263],[-44.266,-7.243],[-44.257,-7.273],[-44.243,-7.291],[-44.246,-7.295],[-44.184,-7.417],[-44.184,-7.418]]]}},{"type":"Feature","properties":{"id":"2210656","nome":"Sigefredo Pacheco"},"geometry":{"type":"Polygon","coordinates":[[[-41.747,-4.703],[-41.699,-4.761],[-41.646,-4.826],[-41.687,-4.901],[-41.688,-4.901],[-41.716,-4.954],[-41.734,-4.987],[-41.734,-5.038],[-41.745,-5.064],[-41.776,-5.137],[-41.8,-5.194],[-41.815,-5.192],[-41.88,-5.183],[-41.896,-5.181],[-41.981,-5.169],[-41.979,-5.164],[-41.965,-5.105],[-41.946,-5.028],[-41.946,-5.027],[-41.877,-4.906],[-41.871,-4.891],[-41.874,-4.885],[-41.868,-4.879],[-41.856,-4.874],[-41.851,-4.868],[-41.848,-4.873],[-41.843,-4.871],[-41.844,-4.865],[-41.84,-4.858],[-41.833,-4.86],[-41.829,-4.856],[-41.83,-4.853],[-41.824,-4.85],[-41.824,-4.839],[-41.821,-4.838],[-41.816,-4.827],[-41.819,-4.825],[-41.818,-4.814],[-41.811,-4.803],[-41.799,-4.799],[-41.794,-4.79],[-41.792,-4.793],[-41.775,-4.787],[-41.768,-4.764],[-41.774,-4.748],[-41.767,-4.744],[-41.759,-4.733],[-41.756,-4.733],[-41.76,-4.719],[-41.747,-4.703]]]}},{"type":"Feature","properties":{"id":"2210706","nome":"Sim\u00f5es"},"geometry":{"type":"Polygon","coordinates":[[[-40.87,-7.448],[-40.806,-7.484],[-40.782,-7.479],[-40.765,-7.475],[-40.758,-7.477],[-40.715,-7.48],[-40.709,-7.503],[-40.694,-7.538],[-40.667,-7.573],[-40.665,-7.576],[-40.662,-7.579],[-40.654,-7.586],[-40.644,-7.596],[-40.626,-7.631],[-40.622,-7.659],[-40.625,-7.677],[-40.635,-7.699],[-40.666,-7.726],[-40.674,-7.742],[-40.675,-7.752],[-40.672,-7.764],[-40.653,-7.782],[-40.628,-7.792],[-40.568,-7.808],[-40.551,-7.822],[-40.546,-7.83],[-40.542,-7.838],[-40.538,-7.864],[-40.543,-7.907],[-40.545,-7.947],[-40.543,-7.958],[-40.554,-7.948],[-40.57,-7.953],[-40.576,-7.952],[-40.58,-7.947],[-40.597,-7.955],[-40.61,-7.949],[-40.616,-7.951],[-40.631,-7.939],[-40.631,-7.933],[-40.644,-7.937],[-40.647,-7.939],[-40.657,-7.936],[-40.665,-7.927],[-40.664,-7.922],[-40.674,-7.928],[-40.683,-7.918],[-40.686,-7.912],[-40.683,-7.908],[-40.688,-7.908],[-40.686,-7.905],[-40.69,-7.897],[-40.696,-7.9],[-40.703,-7.895],[-40.7,-7.888],[-40.686,-7.84],[-40.672,-7.793],[-40.762,-7.775],[-40.803,-7.767],[-40.807,-7.766],[-40.804,-7.749],[-40.8,-7.724],[-40.802,-7.705],[-40.797,-7.693],[-40.801,-7.688],[-40.846,-7.635],[-40.85,-7.639],[-40.896,-7.609],[-40.916,-7.597],[-40.947,-7.598],[-40.951,-7.596],[-40.965,-7.591],[-40.97,-7.583],[-40.965,-7.577],[-40.967,-7.569],[-40.982,-7.558],[-40.99,-7.54],[-40.994,-7.52],[-40.987,-7.532],[-40.964,-7.517],[-40.956,-7.517],[-40.95,-7.51],[-40.941,-7.507],[-40.936,-7.497],[-40.932,-7.498],[-40.926,-7.492],[-40.918,-7.487],[-40.909,-7.489],[-40.902,-7.486],[-40.901,-7.475],[-40.895,-7.469],[-40.89,-7.468],[-40.888,-7.459],[-40.879,-7.456],[-40.877,-7.453],[-40.87,-7.448]]]}},{"type":"Feature","properties":{"id":"2210805","nome":"Simpl\u00edcio Mendes"},"geometry":{"type":"Polygon","coordinates":[[[-42.057,-7.612],[-42.044,-7.626],[-41.965,-7.71],[-41.937,-7.754],[-41.935,-7.757],[-41.889,-7.758],[-41.886,-7.772],[-41.865,-7.791],[-41.855,-7.799],[-41.833,-7.82],[-41.821,-7.83],[-41.774,-7.821],[-41.755,-7.824],[-41.663,-7.837],[-41.746,-7.862],[-41.702,-7.929],[-41.735,-7.998],[-41.79,-7.96],[-41.786,-7.941],[-41.791,-7.933],[-41.809,-7.935],[-41.817,-7.932],[-41.854,-7.946],[-41.858,-7.935],[-41.874,-7.916],[-41.88,-7.895],[-41.888,-7.891],[-41.89,-7.886],[-41.913,-7.875],[-41.924,-7.887],[-41.938,-7.904],[-41.987,-7.879],[-41.999,-7.91],[-42.056,-7.974],[-42.095,-7.95],[-42.097,-7.952],[-42.11,-7.971],[-42.215,-7.894],[-42.228,-7.885],[-42.198,-7.796],[-42.19,-7.785],[-42.161,-7.747],[-42.163,-7.744],[-42.189,-7.722],[-42.197,-7.715],[-42.284,-7.64],[-42.299,-7.627],[-42.219,-7.629],[-42.216,-7.623],[-42.038,-7.576],[-42.057,-7.612]]]}},{"type":"Feature","properties":{"id":"2210904","nome":"Socorro do Piau\u00ed"},"geometry":{"type":"Polygon","coordinates":[[[-42.584,-7.68],[-42.508,-7.842],[-42.492,-7.838],[-42.482,-7.836],[-42.476,-7.701],[-42.415,-7.757],[-42.405,-7.766],[-42.357,-7.81],[-42.351,-7.857],[-42.335,-7.968],[-42.424,-7.993],[-42.561,-8.032],[-42.572,-7.966],[-42.572,-7.965],[-42.583,-7.892],[-42.562,-7.89],[-42.55,-7.895],[-42.541,-7.893],[-42.546,-7.88],[-42.558,-7.865],[-42.588,-7.862],[-42.595,-7.813],[-42.598,-7.729],[-42.599,-7.694],[-42.584,-7.68]]]}},{"type":"Feature","properties":{"id":"2210938","nome":"Sussuapara"},"geometry":{"type":"Polygon","coordinates":[[[-41.31,-6.989],[-41.317,-7.007],[-41.272,-7.058],[-41.233,-7.11],[-41.27,-7.106],[-41.333,-7.099],[-41.336,-7.068],[-41.4,-7.059],[-41.409,-7.045],[-41.413,-7.037],[-41.415,-7.034],[-41.418,-7.029],[-41.44,-7.027],[-41.442,-7.026],[-41.448,-6.999],[-41.413,-7.004],[-41.42,-7.003],[-41.421,-6.997],[-41.421,-6.983],[-41.431,-6.966],[-41.432,-6.96],[-41.438,-6.954],[-41.442,-6.932],[-41.44,-6.918],[-41.442,-6.911],[-41.448,-6.909],[-41.451,-6.898],[-41.456,-6.896],[-41.448,-6.891],[-41.433,-6.882],[-41.389,-6.937],[-41.367,-6.951],[-41.353,-6.96],[-41.343,-6.967],[-41.332,-6.975],[-41.31,-6.989]]]}},{"type":"Feature","properties":{"id":"2210953","nome":"Tamboril do Piau\u00ed"},"geometry":{"type":"Polygon","coordinates":[[[-42.896,-8.215],[-42.9,-8.241],[-42.892,-8.251],[-42.893,-8.263],[-42.879,-8.278],[-42.882,-8.292],[-42.891,-8.312],[-42.894,-8.341],[-42.892,-8.361],[-42.865,-8.425],[-42.88,-8.485],[-42.898,-8.489],[-42.982,-8.508],[-43.076,-8.74],[-43.115,-8.741],[-43.141,-8.742],[-43.26,-8.746],[-43.253,-8.728],[-43.26,-8.69],[-43.266,-8.678],[-43.26,-8.635],[-43.272,-8.617],[-43.26,-8.593],[-43.275,-8.545],[-43.274,-8.533],[-43.27,-8.527],[-43.269,-8.526],[-43.244,-8.495],[-43.247,-8.487],[-43.241,-8.473],[-43.242,-8.437],[-43.235,-8.397],[-43.236,-8.376],[-43.226,-8.362],[-43.164,-8.336],[-43.002,-8.27],[-42.987,-8.257],[-42.975,-8.248],[-42.967,-8.247],[-42.939,-8.225],[-42.916,-8.227],[-42.896,-8.215]]]}},{"type":"Feature","properties":{"id":"2210979","nome":"Tanque do Piau\u00ed"},"geometry":{"type":"Polygon","coordinates":[[[-42.205,-6.624],[-42.182,-6.647],[-42.146,-6.642],[-42.136,-6.732],[-42.146,-6.734],[-42.157,-6.745],[-42.159,-6.753],[-42.165,-6.756],[-42.163,-6.766],[-42.244,-6.752],[-42.254,-6.75],[-42.308,-6.713],[-42.317,-6.705],[-42.334,-6.729],[-42.349,-6.719],[-42.358,-6.719],[-42.364,-6.713],[-42.365,-6.708],[-42.36,-6.701],[-42.364,-6.694],[-42.361,-6.68],[-42.375,-6.676],[-42.356,-6.528],[-42.309,-6.514],[-42.305,-6.589],[-42.286,-6.594],[-42.277,-6.597],[-42.273,-6.599],[-42.213,-6.621],[-42.205,-6.624]]]}},{"type":"Feature","properties":{"id":"2211001","nome":"Teresina"},"geometry":{"type":"Polygon","coordinates":[[[-42.703,-4.905],[-42.629,-4.912],[-42.629,-4.911],[-42.601,-4.904],[-42.601,-5.002],[-42.601,-5.005],[-42.601,-5.062],[-42.601,-5.066],[-42.6,-5.121],[-42.599,-5.194],[-42.599,-5.197],[-42.601,-5.251],[-42.63,-5.247],[-42.633,-5.246],[-42.661,-5.276],[-42.677,-5.273],[-42.708,-5.3],[-42.748,-5.339],[-42.748,-5.371],[-42.748,-5.424],[-42.747,-5.53],[-42.748,-5.54],[-42.759,-5.529],[-42.771,-5.522],[-42.79,-5.52],[-42.811,-5.501],[-42.819,-5.524],[-42.846,-5.536],[-42.849,-5.54],[-42.847,-5.546],[-42.855,-5.55],[-42.862,-5.559],[-42.856,-5.57],[-42.861,-5.569],[-42.914,-5.556],[-42.931,-5.574],[-42.941,-5.586],[-42.955,-5.567],[-42.959,-5.568],[-42.97,-5.561],[-42.986,-5.558],[-43.005,-5.542],[-42.995,-5.507],[-42.99,-5.499],[-42.974,-5.484],[-42.973,-5.48],[-42.968,-5.452],[-42.962,-5.446],[-42.929,-5.437],[-42.923,-5.428],[-42.912,-5.396],[-42.908,-5.392],[-42.9,-5.389],[-42.883,-5.39],[-42.869,-5.377],[-42.865,-5.368],[-42.833,-5.353],[-42.826,-5.348],[-42.815,-5.314],[-42.811,-5.284],[-42.817,-5.272],[-42.826,-5.251],[-42.827,-5.233],[-42.8,-5.199],[-42.798,-5.183],[-42.801,-5.166],[-42.803,-5.15],[-42.812,-5.133],[-42.813,-5.13],[-42.818,-5.093],[-42.835,-5.074],[-42.836,-5.073],[-42.841,-5.055],[-42.841,-5.03],[-42.859,-4.982],[-42.861,-4.973],[-42.855,-4.935],[-42.868,-4.927],[-42.871,-4.916],[-42.89,-4.895],[-42.89,-4.894],[-42.894,-4.886],[-42.818,-4.789],[-42.814,-4.787],[-42.788,-4.817],[-42.743,-4.822],[-42.731,-4.823],[-42.719,-4.876],[-42.713,-4.905],[-42.703,-4.905]]]}},{"type":"Feature","properties":{"id":"2211100","nome":"Uni\u00e3o"},"geometry":{"type":"Polygon","coordinates":[[[-42.866,-4.375],[-42.836,-4.392],[-42.815,-4.397],[-42.772,-4.395],[-42.707,-4.398],[-42.669,-4.407],[-42.626,-4.417],[-42.581,-4.427],[-42.597,-4.435],[-42.672,-4.476],[-42.674,-4.492],[-42.678,-4.527],[-42.68,-4.542],[-42.668,-4.554],[-42.614,-4.606],[-42.688,-4.672],[-42.691,-4.675],[-42.697,-4.681],[-42.717,-4.702],[-42.713,-4.716],[-42.722,-4.712],[-42.769,-4.755],[-42.778,-4.763],[-42.788,-4.817],[-42.814,-4.787],[-42.818,-4.789],[-42.894,-4.886],[-42.893,-4.858],[-42.897,-4.842],[-42.935,-4.813],[-42.947,-4.798],[-42.95,-4.789],[-42.948,-4.766],[-42.925,-4.749],[-42.921,-4.741],[-42.92,-4.737],[-42.923,-4.721],[-42.942,-4.708],[-42.953,-4.695],[-42.951,-4.68],[-42.932,-4.663],[-42.92,-4.654],[-42.913,-4.647],[-42.883,-4.596],[-42.876,-4.586],[-42.867,-4.566],[-42.868,-4.559],[-42.874,-4.535],[-42.86,-4.515],[-42.859,-4.5],[-42.852,-4.494],[-42.849,-4.482],[-42.852,-4.477],[-42.876,-4.464],[-42.878,-4.451],[-42.872,-4.428],[-42.892,-4.406],[-42.903,-4.398],[-42.931,-4.381],[-42.95,-4.386],[-42.958,-4.383],[-42.963,-4.376],[-42.963,-4.351],[-42.963,-4.354],[-42.887,-4.363],[-42.866,-4.375]]]}},{"type":"Feature","properties":{"id":"2211209","nome":"Uru\u00e7u\u00ed"},"geometry":{"type":"Polygon","coordinates":[[[-44.315,-7.118],[-44.321,-7.129],[-44.322,-7.147],[-44.328,-7.161],[-44.324,-7.17],[-44.329,-7.179],[-44.327,-7.188],[-44.333,-7.208],[-44.351,-7.227],[-44.297,-7.263],[-44.339,-7.298],[-44.357,-7.338],[-44.355,-7.353],[-44.358,-7.368],[-44.356,-7.407],[-44.353,-7.425],[-44.291,-7.46],[-44.244,-7.487],[-44.144,-7.545],[-44.207,-7.755],[-44.261,-7.935],[-44.362,-8.295],[-44.383,-8.366],[-44.4,-8.431],[-44.408,-8.461],[-44.534,-8.404],[-44.842,-8.265],[-44.846,-8.263],[-44.853,-8.227],[-44.918,-7.87],[-44.923,-7.839],[-44.965,-7.592],[-44.983,-7.482],[-44.969,-7.483],[-44.957,-7.475],[-44.937,-7.47],[-44.932,-7.472],[-44.924,-7.47],[-44.92,-7.454],[-44.909,-7.443],[-44.901,-7.426],[-44.896,-7.424],[-44.882,-7.427],[-44.869,-7.422],[-44.863,-7.411],[-44.852,-7.402],[-44.854,-7.396],[-44.848,-7.386],[-44.822,-7.377],[-44.816,-7.361],[-44.786,-7.371],[-44.781,-7.378],[-44.743,-7.361],[-44.729,-7.391],[-44.712,-7.397],[-44.704,-7.392],[-44.7,-7.395],[-44.688,-7.394],[-44.679,-7.359],[-44.672,-7.352],[-44.663,-7.331],[-44.656,-7.327],[-44.646,-7.325],[-44.64,-7.314],[-44.618,-7.309],[-44.596,-7.277],[-44.595,-7.269],[-44.579,-7.257],[-44.573,-7.248],[-44.568,-7.231],[-44.564,-7.227],[-44.548,-7.226],[-44.541,-7.226],[-44.522,-7.219],[-44.514,-7.196],[-44.5,-7.184],[-44.49,-7.182],[-44.486,-7.176],[-44.464,-7.161],[-44.437,-7.155],[-44.406,-7.131],[-44.391,-7.124],[-44.38,-7.119],[-44.363,-7.121],[-44.333,-7.108],[-44.315,-7.118]]]}},{"type":"Feature","properties":{"id":"2211308","nome":"Valen\u00e7a do Piau\u00ed"},"geometry":{"type":"Polygon","coordinates":[[[-41.977,-6.176],[-41.968,-6.183],[-41.956,-6.179],[-41.949,-6.181],[-41.948,-6.185],[-41.944,-6.187],[-41.936,-6.184],[-41.921,-6.195],[-41.908,-6.188],[-41.901,-6.199],[-41.891,-6.202],[-41.874,-6.201],[-41.866,-6.212],[-41.867,-6.218],[-41.851,-6.221],[-41.845,-6.229],[-41.828,-6.233],[-41.82,-6.241],[-41.814,-6.242],[-41.798,-6.257],[-41.791,-6.251],[-41.779,-6.255],[-41.759,-6.255],[-41.75,-6.251],[-41.746,-6.258],[-41.731,-6.258],[-41.724,-6.27],[-41.704,-6.264],[-41.698,-6.269],[-41.684,-6.266],[-41.671,-6.275],[-41.659,-6.272],[-41.656,-6.277],[-41.65,-6.277],[-41.646,-6.27],[-41.642,-6.274],[-41.634,-6.271],[-41.63,-6.273],[-41.625,-6.275],[-41.624,-6.268],[-41.619,-6.263],[-41.609,-6.259],[-41.599,-6.266],[-41.593,-6.258],[-41.575,-6.258],[-41.564,-6.261],[-41.561,-6.265],[-41.557,-6.261],[-41.561,-6.272],[-41.535,-6.284],[-41.527,-6.277],[-41.522,-6.286],[-41.512,-6.282],[-41.513,-6.285],[-41.522,-6.302],[-41.521,-6.312],[-41.574,-6.339],[-41.578,-6.351],[-41.585,-6.354],[-41.593,-6.361],[-41.597,-6.373],[-41.636,-6.422],[-41.665,-6.461],[-41.661,-6.473],[-41.664,-6.487],[-41.669,-6.501],[-41.689,-6.519],[-41.689,-6.531],[-41.694,-6.529],[-41.723,-6.529],[-41.729,-6.559],[-41.73,-6.559],[-41.839,-6.569],[-41.861,-6.605],[-41.877,-6.588],[-41.877,-6.578],[-41.891,-6.562],[-41.899,-6.556],[-41.918,-6.532],[-41.893,-6.54],[-41.896,-6.445],[-41.898,-6.41],[-41.913,-6.398],[-42.015,-6.31],[-42.03,-6.298],[-42.021,-6.284],[-42.046,-6.284],[-42.047,-6.279],[-42.044,-6.278],[-42.039,-6.275],[-42.045,-6.272],[-42.044,-6.268],[-42.033,-6.264],[-42.038,-6.262],[-42.036,-6.257],[-42.031,-6.257],[-42.022,-6.249],[-42.028,-6.242],[-42.024,-6.229],[-42.026,-6.222],[-42.022,-6.207],[-42.018,-6.199],[-42.013,-6.201],[-42.007,-6.192],[-41.982,-6.188],[-41.981,-6.18],[-41.977,-6.176]]]}},{"type":"Feature","properties":{"id":"2211357","nome":"V\u00e1rzea Branca"},"geometry":{"type":"Polygon","coordinates":[[[-42.935,-9.202],[-42.912,-9.213],[-42.906,-9.212],[-42.904,-9.215],[-42.9,-9.222],[-42.904,-9.222],[-42.903,-9.226],[-42.912,-9.23],[-42.913,-9.235],[-42.915,-9.246],[-42.913,-9.253],[-42.898,-9.259],[-42.9,-9.273],[-42.88,-9.292],[-42.865,-9.307],[-42.865,-9.298],[-42.856,-9.273],[-42.843,-9.264],[-42.835,-9.253],[-42.83,-9.257],[-42.829,-9.277],[-42.824,-9.283],[-42.803,-9.281],[-42.767,-9.288],[-42.772,-9.3],[-42.771,-9.333],[-42.776,-9.365],[-42.781,-9.377],[-42.816,-9.371],[-42.828,-9.369],[-42.867,-9.385],[-42.876,-9.381],[-42.887,-9.407],[-42.944,-9.412],[-42.958,-9.429],[-42.97,-9.409],[-42.987,-9.401],[-42.998,-9.404],[-43.006,-9.409],[-43.012,-9.407],[-43.04,-9.414],[-43.052,-9.413],[-43.057,-9.419],[-43.059,-9.397],[-43.062,-9.383],[-43.053,-9.354],[-43.058,-9.348],[-43.057,-9.341],[-43.053,-9.334],[-43.037,-9.33],[-43.022,-9.318],[-42.997,-9.318],[-42.984,-9.307],[-42.965,-9.308],[-42.986,-9.265],[-42.988,-9.208],[-42.978,-9.2],[-42.973,-9.185],[-42.966,-9.182],[-42.975,-9.157],[-42.969,-9.146],[-42.951,-9.173],[-42.939,-9.191],[-42.939,-9.201],[-42.935,-9.202]]]}},{"type":"Feature","properties":{"id":"2211407","nome":"V\u00e1rzea Grande"},"geometry":{"type":"Polygon","coordinates":[[[-42.146,-6.642],[-42.182,-6.647],[-42.205,-6.624],[-42.213,-6.621],[-42.273,-6.599],[-42.277,-6.597],[-42.286,-6.594],[-42.305,-6.589],[-42.309,-6.514],[-42.309,-6.507],[-42.252,-6.485],[-42.249,-6.484],[-42.192,-6.461],[-42.19,-6.461],[-42.192,-6.466],[-42.187,-6.474],[-42.186,-6.488],[-42.165,-6.524],[-42.155,-6.529],[-42.145,-6.55],[-42.164,-6.557],[-42.16,-6.564],[-42.158,-6.602],[-42.154,-6.615],[-42.158,-6.635],[-42.151,-6.635],[-42.145,-6.642],[-42.146,-6.642]]]}},{"type":"Feature","properties":{"id":"2211506","nome":"Vera Mendes"},"geometry":{"type":"Polygon","coordinates":[[[-41.537,-7.537],[-41.531,-7.541],[-41.522,-7.54],[-41.515,-7.553],[-41.51,-7.551],[-41.504,-7.544],[-41.505,-7.539],[-41.494,-7.533],[-41.489,-7.526],[-41.447,-7.534],[-41.427,-7.538],[-41.399,-7.55],[-41.385,-7.556],[-41.4,-7.575],[-41.397,-7.579],[-41.431,-7.621],[-41.439,-7.645],[-41.454,-7.685],[-41.458,-7.695],[-41.469,-7.697],[-41.512,-7.673],[-41.512,-7.672],[-41.54,-7.662],[-41.568,-7.651],[-41.646,-7.62],[-41.63,-7.548],[-41.628,-7.547],[-41.546,-7.519],[-41.539,-7.528],[-41.537,-7.537]]]}},{"type":"Feature","properties":{"id":"2211605","nome":"Vila Nova do Piau\u00ed"},"geometry":{"type":"Polygon","coordinates":[[[-40.883,-7.161],[-40.863,-7.175],[-40.866,-7.192],[-40.861,-7.207],[-40.876,-7.226],[-40.883,-7.241],[-40.868,-7.263],[-40.901,-7.271],[-40.929,-7.283],[-40.945,-7.291],[-40.972,-7.303],[-40.986,-7.257],[-40.973,-7.195],[-40.967,-7.169],[-40.994,-7.172],[-40.997,-7.137],[-40.996,-7.136],[-40.977,-7.121],[-40.96,-7.107],[-40.94,-7.115],[-40.906,-7.14],[-40.885,-7.159],[-40.883,-7.161]]]}},{"type":"Feature","properties":{"id":"2211704","nome":"Wall Ferraz"},"geometry":{"type":"Polygon","coordinates":[[[-41.792,-7.276],[-41.788,-7.281],[-41.784,-7.296],[-41.776,-7.306],[-41.782,-7.311],[-41.78,-7.322],[-41.776,-7.324],[-41.778,-7.339],[-41.784,-7.343],[-41.787,-7.354],[-41.819,-7.357],[-41.82,-7.356],[-41.83,-7.343],[-41.877,-7.286],[-41.879,-7.283],[-41.901,-7.295],[-41.952,-7.323],[-41.992,-7.266],[-42.005,-7.248],[-41.946,-7.221],[-41.919,-7.184],[-41.913,-7.185],[-41.841,-7.199],[-41.787,-7.246],[-41.792,-7.276]]]}}]}