{"type":"FeatureCollection","features":[{"type":"Feature","properties":{"id":"3300100","nome":"Angra dos Reis"},"geometry":{"type":"Polygon","coordinates":[[[-44.196,-23.098],[-44.194,-23.103],[-44.19,-23.102],[-44.2,-23.109],[-44.201,-23.105],[-44.207,-23.104],[-44.217,-23.106],[-44.216,-23.109],[-44.208,-23.111],[-44.206,-23.108],[-44.201,-23.12],[-44.197,-23.122],[-44.169,-23.119],[-44.172,-23.129],[-44.17,-23.138],[-44.163,-23.142],[-44.156,-23.139],[-44.158,-23.135],[-44.152,-23.134],[-44.147,-23.125],[-44.127,-23.12],[-44.124,-23.125],[-44.141,-23.139],[-44.138,-23.146],[-44.133,-23.146],[-44.14,-23.158],[-44.138,-23.16],[-44.129,-23.154],[-44.127,-23.156],[-44.116,-23.148],[-44.117,-23.154],[-44.107,-23.164],[-44.097,-23.164],[-44.091,-23.168],[-44.095,-23.175],[-44.109,-23.178],[-44.117,-23.186],[-44.132,-23.187],[-44.124,-23.178],[-44.129,-23.171],[-44.137,-23.168],[-44.159,-23.172],[-44.171,-23.185],[-44.178,-23.18],[-44.186,-23.18],[-44.19,-23.188],[-44.182,-23.191],[-44.182,-23.195],[-44.197,-23.204],[-44.197,-23.197],[-44.207,-23.192],[-44.227,-23.196],[-44.232,-23.2],[-44.245,-23.2],[-44.251,-23.205],[-44.259,-23.202],[-44.252,-23.197],[-44.253,-23.191],[-44.261,-23.191],[-44.272,-23.197],[-44.267,-23.186],[-44.273,-23.18],[-44.285,-23.176],[-44.286,-23.179],[-44.294,-23.176],[-44.311,-23.18],[-44.318,-23.186],[-44.315,-23.19],[-44.323,-23.203],[-44.331,-23.21],[-44.333,-23.223],[-44.349,-23.226],[-44.34,-23.218],[-44.351,-23.216],[-44.351,-23.214],[-44.349,-23.203],[-44.34,-23.191],[-44.341,-23.181],[-44.346,-23.18],[-44.358,-23.191],[-44.362,-23.178],[-44.371,-23.183],[-44.378,-23.176],[-44.377,-23.171],[-44.368,-23.164],[-44.361,-23.165],[-44.354,-23.159],[-44.349,-23.16],[-44.34,-23.153],[-44.327,-23.154],[-44.32,-23.144],[-44.324,-23.14],[-44.317,-23.135],[-44.311,-23.137],[-44.314,-23.133],[-44.31,-23.125],[-44.297,-23.115],[-44.295,-23.114],[-44.294,-23.122],[-44.297,-23.131],[-44.291,-23.132],[-44.29,-23.137],[-44.284,-23.136],[-44.28,-23.125],[-44.273,-23.123],[-44.275,-23.117],[-44.266,-23.115],[-44.26,-23.116],[-44.257,-23.112],[-44.25,-23.109],[-44.251,-23.1],[-44.259,-23.099],[-44.237,-23.093],[-44.238,-23.086],[-44.235,-23.085],[-44.233,-23.09],[-44.217,-23.089],[-44.209,-23.092],[-44.21,-23.099],[-44.196,-23.098]],[[-44.471,-22.876],[-44.466,-22.885],[-44.445,-22.876],[-44.437,-22.872],[-44.433,-22.861],[-44.424,-22.852],[-44.418,-22.848],[-44.403,-22.848],[-44.401,-22.854],[-44.392,-22.852],[-44.387,-22.857],[-44.374,-22.858],[-44.363,-22.853],[-44.326,-22.838],[-44.32,-22.84],[-44.323,-22.849],[-44.318,-22.845],[-44.311,-22.843],[-44.302,-22.854],[-44.296,-22.844],[-44.286,-22.843],[-44.282,-22.842],[-44.28,-22.845],[-44.266,-22.848],[-44.26,-22.847],[-44.251,-22.854],[-44.244,-22.868],[-44.24,-22.869],[-44.237,-22.872],[-44.232,-22.87],[-44.231,-22.873],[-44.237,-22.886],[-44.236,-22.897],[-44.241,-22.902],[-44.237,-22.905],[-44.241,-22.912],[-44.239,-22.916],[-44.231,-22.921],[-44.223,-22.928],[-44.215,-22.931],[-44.207,-22.93],[-44.193,-22.928],[-44.187,-22.939],[-44.189,-22.951],[-44.174,-22.986],[-44.163,-23.009],[-44.165,-23.016],[-44.166,-23.032],[-44.176,-23.037],[-44.175,-23.042],[-44.171,-23.043],[-44.173,-23.048],[-44.179,-23.05],[-44.182,-23.045],[-44.184,-23.052],[-44.194,-23.054],[-44.193,-23.042],[-44.2,-23.038],[-44.237,-23.056],[-44.244,-23.054],[-44.246,-23.049],[-44.251,-23.05],[-44.243,-23.044],[-44.236,-23.026],[-44.221,-23.017],[-44.222,-23.011],[-44.229,-23.014],[-44.242,-23.0],[-44.249,-23.001],[-44.248,-22.996],[-44.261,-23.007],[-44.267,-23.002],[-44.274,-23.007],[-44.279,-23.013],[-44.278,-23.017],[-44.283,-23.014],[-44.289,-23.017],[-44.29,-23.024],[-44.298,-23.026],[-44.306,-23.023],[-44.298,-23.01],[-44.3,-23.003],[-44.304,-23.002],[-44.307,-23.007],[-44.316,-23.008],[-44.316,-23.014],[-44.32,-23.01],[-44.322,-23.015],[-44.328,-23.015],[-44.326,-23.021],[-44.332,-23.02],[-44.336,-23.025],[-44.338,-23.022],[-44.342,-23.023],[-44.35,-23.03],[-44.35,-23.022],[-44.358,-23.023],[-44.358,-23.019],[-44.362,-23.018],[-44.359,-23.011],[-44.362,-23.01],[-44.357,-23.008],[-44.354,-22.998],[-44.345,-22.991],[-44.328,-22.994],[-44.329,-22.983],[-44.323,-22.982],[-44.321,-22.986],[-44.309,-22.98],[-44.312,-22.973],[-44.306,-22.963],[-44.302,-22.962],[-44.299,-22.958],[-44.302,-22.956],[-44.313,-22.959],[-44.318,-22.956],[-44.329,-22.96],[-44.332,-22.967],[-44.336,-22.964],[-44.337,-22.957],[-44.328,-22.954],[-44.333,-22.953],[-44.333,-22.945],[-44.323,-22.941],[-44.322,-22.941],[-44.319,-22.936],[-44.325,-22.936],[-44.322,-22.929],[-44.324,-22.927],[-44.328,-22.926],[-44.327,-22.923],[-44.331,-22.928],[-44.345,-22.921],[-44.35,-22.922],[-44.347,-22.924],[-44.352,-22.928],[-44.355,-22.929],[-44.359,-22.923],[-44.365,-22.924],[-44.36,-22.926],[-44.366,-22.929],[-44.36,-22.931],[-44.371,-22.937],[-44.369,-22.946],[-44.366,-22.947],[-44.364,-22.94],[-44.349,-22.946],[-44.359,-22.956],[-44.362,-22.954],[-44.366,-22.96],[-44.372,-22.958],[-44.377,-22.969],[-44.38,-22.966],[-44.383,-22.972],[-44.387,-22.969],[-44.379,-22.958],[-44.394,-22.949],[-44.407,-22.952],[-44.412,-22.941],[-44.413,-22.946],[-44.423,-22.951],[-44.422,-22.959],[-44.426,-22.956],[-44.426,-22.962],[-44.435,-22.964],[-44.436,-22.972],[-44.43,-22.978],[-44.434,-22.979],[-44.435,-22.987],[-44.44,-22.991],[-44.438,-22.995],[-44.429,-22.993],[-44.425,-22.998],[-44.442,-23.005],[-44.446,-23.012],[-44.44,-23.02],[-44.431,-23.02],[-44.445,-23.027],[-44.453,-23.016],[-44.46,-23.018],[-44.458,-23.011],[-44.463,-23.006],[-44.468,-23.006],[-44.469,-23.011],[-44.477,-23.006],[-44.483,-23.008],[-44.489,-23.02],[-44.505,-23.03],[-44.511,-23.026],[-44.519,-23.027],[-44.531,-23.021],[-44.537,-23.024],[-44.546,-23.02],[-44.544,-23.008],[-44.549,-23.009],[-44.549,-23.006],[-44.545,-23.006],[-44.541,-22.998],[-44.545,-22.992],[-44.543,-22.986],[-44.55,-22.972],[-44.555,-22.974],[-44.56,-22.971],[-44.557,-22.963],[-44.561,-22.954],[-44.576,-22.947],[-44.594,-22.947],[-44.605,-22.943],[-44.61,-22.939],[-44.621,-22.939],[-44.63,-22.917],[-44.638,-22.914],[-44.633,-22.905],[-44.629,-22.904],[-44.607,-22.885],[-44.6,-22.888],[-44.576,-22.878],[-44.562,-22.884],[-44.555,-22.889],[-44.543,-22.884],[-44.545,-22.881],[-44.533,-22.869],[-44.519,-22.865],[-44.505,-22.851],[-44.494,-22.846],[-44.484,-22.846],[-44.476,-22.856],[-44.481,-22.866],[-44.476,-22.867],[-44.476,-22.874],[-44.471,-22.876]]]}},{"type":"Feature","properties":{"id":"3300159","nome":"Aperib\u00e9"},"geometry":{"type":"Polygon","coordinates":[[[-42.115,-21.604],[-42.116,-21.61],[-42.113,-21.612],[-42.11,-21.614],[-42.095,-21.624],[-42.092,-21.627],[-42.078,-21.626],[-42.074,-21.633],[-42.059,-21.636],[-42.041,-21.633],[-42.042,-21.634],[-42.072,-21.656],[-42.08,-21.661],[-42.084,-21.663],[-42.096,-21.672],[-42.113,-21.687],[-42.118,-21.697],[-42.133,-21.704],[-42.149,-21.692],[-42.157,-21.693],[-42.159,-21.692],[-42.177,-21.69],[-42.186,-21.679],[-42.185,-21.676],[-42.195,-21.668],[-42.195,-21.655],[-42.205,-21.648],[-42.188,-21.629],[-42.187,-21.623],[-42.185,-21.626],[-42.181,-21.632],[-42.162,-21.625],[-42.157,-21.619],[-42.139,-21.61],[-42.139,-21.605],[-42.135,-21.606],[-42.133,-21.602],[-42.126,-21.601],[-42.118,-21.603],[-42.115,-21.604]]]}},{"type":"Feature","properties":{"id":"3300209","nome":"Araruama"},"geometry":{"type":"Polygon","coordinates":[[[-42.182,-22.552],[-42.132,-22.652],[-42.167,-22.679],[-42.168,-22.681],[-42.188,-22.716],[-42.207,-22.749],[-42.215,-22.764],[-42.219,-22.77],[-42.229,-22.776],[-42.251,-22.789],[-42.254,-22.791],[-42.245,-22.823],[-42.24,-22.84],[-42.249,-22.848],[-42.24,-22.861],[-42.238,-22.864],[-42.284,-22.9],[-42.277,-22.906],[-42.275,-22.917],[-42.283,-22.926],[-42.291,-22.928],[-42.291,-22.939],[-42.367,-22.935],[-42.378,-22.908],[-42.387,-22.896],[-42.386,-22.888],[-42.383,-22.884],[-42.373,-22.845],[-42.37,-22.835],[-42.413,-22.829],[-42.427,-22.826],[-42.448,-22.823],[-42.446,-22.795],[-42.446,-22.794],[-42.444,-22.769],[-42.444,-22.765],[-42.441,-22.731],[-42.42,-22.736],[-42.411,-22.729],[-42.401,-22.73],[-42.395,-22.721],[-42.38,-22.718],[-42.369,-22.724],[-42.361,-22.713],[-42.357,-22.713],[-42.333,-22.704],[-42.331,-22.696],[-42.324,-22.683],[-42.312,-22.641],[-42.297,-22.624],[-42.283,-22.623],[-42.271,-22.614],[-42.263,-22.608],[-42.248,-22.613],[-42.241,-22.608],[-42.237,-22.609],[-42.233,-22.604],[-42.238,-22.599],[-42.226,-22.596],[-42.228,-22.59],[-42.225,-22.592],[-42.22,-22.59],[-42.219,-22.593],[-42.216,-22.592],[-42.215,-22.586],[-42.204,-22.581],[-42.205,-22.577],[-42.199,-22.576],[-42.192,-22.567],[-42.193,-22.558],[-42.188,-22.555],[-42.186,-22.55],[-42.182,-22.552]]]}},{"type":"Feature","properties":{"id":"3300225","nome":"Areal"},"geometry":{"type":"Polygon","coordinates":[[[-43.059,-22.189],[-43.048,-22.207],[-43.047,-22.208],[-43.064,-22.218],[-43.081,-22.227],[-43.089,-22.237],[-43.094,-22.242],[-43.091,-22.25],[-43.09,-22.261],[-43.095,-22.266],[-43.101,-22.264],[-43.109,-22.282],[-43.11,-22.283],[-43.125,-22.276],[-43.128,-22.277],[-43.13,-22.281],[-43.134,-22.285],[-43.137,-22.294],[-43.146,-22.298],[-43.146,-22.304],[-43.151,-22.307],[-43.155,-22.306],[-43.16,-22.311],[-43.171,-22.309],[-43.174,-22.312],[-43.181,-22.301],[-43.177,-22.298],[-43.183,-22.296],[-43.181,-22.292],[-43.175,-22.269],[-43.177,-22.264],[-43.173,-22.243],[-43.164,-22.224],[-43.167,-22.214],[-43.162,-22.211],[-43.16,-22.203],[-43.159,-22.193],[-43.163,-22.192],[-43.168,-22.187],[-43.167,-22.187],[-43.166,-22.186],[-43.164,-22.185],[-43.142,-22.194],[-43.131,-22.191],[-43.119,-22.199],[-43.108,-22.199],[-43.104,-22.192],[-43.101,-22.192],[-43.098,-22.192],[-43.095,-22.191],[-43.093,-22.183],[-43.081,-22.181],[-43.055,-22.164],[-43.038,-22.163],[-43.034,-22.166],[-43.04,-22.169],[-43.042,-22.179],[-43.051,-22.182],[-43.059,-22.189]]]}},{"type":"Feature","properties":{"id":"3300233","nome":"Arma\u00e7\u00e3o dos B\u00fazios"},"geometry":{"type":"Polygon","coordinates":[[[-41.934,-22.766],[-41.919,-22.771],[-41.91,-22.764],[-41.912,-22.755],[-41.905,-22.755],[-41.901,-22.75],[-41.888,-22.754],[-41.882,-22.748],[-41.882,-22.74],[-41.875,-22.742],[-41.872,-22.737],[-41.868,-22.741],[-41.874,-22.751],[-41.864,-22.754],[-41.866,-22.761],[-41.871,-22.761],[-41.874,-22.766],[-41.877,-22.762],[-41.878,-22.775],[-41.885,-22.768],[-41.889,-22.77],[-41.883,-22.777],[-41.882,-22.784],[-41.885,-22.784],[-41.887,-22.777],[-41.897,-22.786],[-41.9,-22.781],[-41.905,-22.783],[-41.907,-22.778],[-41.912,-22.779],[-41.931,-22.797],[-41.933,-22.804],[-41.927,-22.808],[-41.93,-22.813],[-41.941,-22.809],[-41.945,-22.813],[-41.97,-22.821],[-42.002,-22.795],[-42.008,-22.781],[-42.004,-22.771],[-41.987,-22.75],[-41.974,-22.73],[-41.955,-22.732],[-41.957,-22.738],[-41.934,-22.766]]]}},{"type":"Feature","properties":{"id":"3300258","nome":"Arraial do Cabo"},"geometry":{"type":"Polygon","coordinates":[[[-42.238,-22.864],[-42.234,-22.874],[-42.227,-22.869],[-42.22,-22.869],[-42.211,-22.878],[-42.199,-22.879],[-42.19,-22.874],[-42.177,-22.875],[-42.173,-22.873],[-42.161,-22.879],[-42.153,-22.89],[-42.148,-22.894],[-42.123,-22.907],[-42.09,-22.932],[-42.035,-22.934],[-42.032,-22.946],[-42.021,-22.946],[-42.025,-22.956],[-42.021,-22.961],[-42.014,-22.955],[-42.002,-22.95],[-42.009,-22.96],[-42.006,-22.962],[-42.003,-22.959],[-41.997,-22.96],[-42.003,-22.969],[-42.013,-22.964],[-42.016,-22.967],[-42.012,-22.97],[-42.019,-22.971],[-42.019,-22.979],[-42.01,-22.979],[-42.007,-22.983],[-42.012,-22.988],[-42.013,-22.997],[-42.02,-22.983],[-42.03,-22.983],[-42.035,-22.979],[-42.034,-22.971],[-42.046,-22.963],[-42.076,-22.955],[-42.144,-22.949],[-42.291,-22.939],[-42.291,-22.928],[-42.283,-22.926],[-42.275,-22.917],[-42.277,-22.906],[-42.284,-22.9],[-42.238,-22.864]]]}},{"type":"Feature","properties":{"id":"3300308","nome":"Barra do Pira\u00ed"},"geometry":{"type":"Polygon","coordinates":[[[-43.971,-22.325],[-43.966,-22.343],[-43.959,-22.339],[-43.951,-22.344],[-43.95,-22.35],[-43.941,-22.349],[-43.937,-22.345],[-43.93,-22.351],[-43.933,-22.358],[-43.938,-22.356],[-43.947,-22.367],[-43.94,-22.372],[-43.941,-22.375],[-43.941,-22.38],[-43.914,-22.35],[-43.893,-22.345],[-43.885,-22.329],[-43.869,-22.325],[-43.855,-22.314],[-43.849,-22.315],[-43.842,-22.328],[-43.85,-22.337],[-43.857,-22.37],[-43.858,-22.373],[-43.847,-22.369],[-43.845,-22.384],[-43.837,-22.386],[-43.837,-22.374],[-43.83,-22.375],[-43.823,-22.368],[-43.809,-22.352],[-43.804,-22.356],[-43.803,-22.356],[-43.796,-22.357],[-43.796,-22.363],[-43.783,-22.361],[-43.781,-22.365],[-43.775,-22.368],[-43.775,-22.375],[-43.766,-22.389],[-43.749,-22.403],[-43.756,-22.411],[-43.758,-22.416],[-43.762,-22.423],[-43.772,-22.436],[-43.778,-22.438],[-43.778,-22.44],[-43.766,-22.443],[-43.765,-22.448],[-43.759,-22.449],[-43.76,-22.456],[-43.755,-22.459],[-43.766,-22.459],[-43.77,-22.517],[-43.778,-22.531],[-43.792,-22.534],[-43.793,-22.538],[-43.797,-22.551],[-43.809,-22.553],[-43.812,-22.548],[-43.817,-22.548],[-43.817,-22.536],[-43.82,-22.534],[-43.805,-22.521],[-43.811,-22.512],[-43.824,-22.517],[-43.84,-22.51],[-43.844,-22.503],[-43.854,-22.507],[-43.854,-22.516],[-43.865,-22.524],[-43.865,-22.529],[-43.912,-22.52],[-43.913,-22.52],[-43.943,-22.515],[-43.952,-22.519],[-43.98,-22.515],[-43.992,-22.517],[-43.999,-22.514],[-44.003,-22.509],[-44.004,-22.5],[-44.017,-22.486],[-44.021,-22.484],[-44.027,-22.486],[-44.03,-22.497],[-44.053,-22.48],[-44.055,-22.471],[-44.061,-22.462],[-44.071,-22.459],[-44.061,-22.452],[-44.05,-22.445],[-44.037,-22.429],[-44.028,-22.426],[-44.002,-22.408],[-44.005,-22.407],[-44.056,-22.391],[-44.085,-22.382],[-44.085,-22.375],[-44.076,-22.356],[-44.069,-22.352],[-44.064,-22.335],[-44.022,-22.304],[-44.024,-22.296],[-44.023,-22.295],[-44.017,-22.305],[-44.008,-22.31],[-43.988,-22.308],[-43.975,-22.312],[-43.971,-22.325]]]}},{"type":"Feature","properties":{"id":"3300407","nome":"Barra Mansa"},"geometry":{"type":"Polygon","coordinates":[[[-44.022,-22.304],[-44.064,-22.335],[-44.069,-22.352],[-44.076,-22.356],[-44.085,-22.375],[-44.085,-22.382],[-44.056,-22.391],[-44.005,-22.407],[-44.089,-22.406],[-44.096,-22.408],[-44.106,-22.419],[-44.128,-22.427],[-44.141,-22.435],[-44.151,-22.452],[-44.154,-22.486],[-44.155,-22.494],[-44.153,-22.523],[-44.142,-22.527],[-44.139,-22.531],[-44.139,-22.535],[-44.135,-22.536],[-44.115,-22.534],[-44.091,-22.528],[-44.086,-22.545],[-44.09,-22.56],[-44.09,-22.564],[-44.097,-22.577],[-44.091,-22.579],[-44.094,-22.588],[-44.096,-22.597],[-44.088,-22.604],[-44.09,-22.607],[-44.086,-22.642],[-44.088,-22.648],[-44.117,-22.644],[-44.148,-22.648],[-44.157,-22.671],[-44.161,-22.678],[-44.171,-22.659],[-44.19,-22.648],[-44.191,-22.645],[-44.184,-22.637],[-44.19,-22.63],[-44.198,-22.63],[-44.203,-22.626],[-44.204,-22.615],[-44.208,-22.613],[-44.219,-22.617],[-44.226,-22.604],[-44.233,-22.608],[-44.248,-22.606],[-44.253,-22.612],[-44.271,-22.6],[-44.283,-22.604],[-44.285,-22.609],[-44.295,-22.602],[-44.295,-22.598],[-44.303,-22.599],[-44.312,-22.595],[-44.318,-22.597],[-44.326,-22.588],[-44.339,-22.59],[-44.343,-22.588],[-44.345,-22.584],[-44.346,-22.573],[-44.328,-22.572],[-44.33,-22.569],[-44.324,-22.564],[-44.326,-22.553],[-44.321,-22.55],[-44.328,-22.519],[-44.324,-22.518],[-44.325,-22.513],[-44.321,-22.512],[-44.319,-22.507],[-44.322,-22.499],[-44.331,-22.493],[-44.33,-22.491],[-44.336,-22.469],[-44.333,-22.467],[-44.319,-22.468],[-44.313,-22.46],[-44.308,-22.452],[-44.307,-22.452],[-44.301,-22.447],[-44.297,-22.45],[-44.29,-22.455],[-44.287,-22.458],[-44.259,-22.475],[-44.257,-22.482],[-44.246,-22.485],[-44.242,-22.486],[-44.241,-22.487],[-44.234,-22.483],[-44.231,-22.477],[-44.222,-22.48],[-44.225,-22.474],[-44.221,-22.473],[-44.217,-22.463],[-44.222,-22.463],[-44.225,-22.458],[-44.225,-22.454],[-44.219,-22.453],[-44.223,-22.444],[-44.219,-22.441],[-44.221,-22.435],[-44.218,-22.433],[-44.216,-22.422],[-44.211,-22.419],[-44.214,-22.412],[-44.211,-22.409],[-44.212,-22.403],[-44.206,-22.399],[-44.206,-22.391],[-44.205,-22.388],[-44.207,-22.387],[-44.202,-22.383],[-44.171,-22.375],[-44.157,-22.375],[-44.155,-22.372],[-44.168,-22.332],[-44.147,-22.331],[-44.141,-22.337],[-44.135,-22.336],[-44.124,-22.338],[-44.117,-22.329],[-44.096,-22.329],[-44.067,-22.315],[-44.053,-22.313],[-44.047,-22.307],[-44.024,-22.296],[-44.022,-22.304]]]}},{"type":"Feature","properties":{"id":"3300456","nome":"Belford Roxo"},"geometry":{"type":"Polygon","coordinates":[[[-43.365,-22.685],[-43.35,-22.698],[-43.328,-22.695],[-43.327,-22.706],[-43.32,-22.709],[-43.321,-22.711],[-43.33,-22.756],[-43.362,-22.762],[-43.384,-22.766],[-43.391,-22.772],[-43.396,-22.777],[-43.411,-22.768],[-43.416,-22.764],[-43.414,-22.754],[-43.423,-22.75],[-43.43,-22.733],[-43.434,-22.722],[-43.428,-22.716],[-43.43,-22.703],[-43.423,-22.704],[-43.41,-22.699],[-43.407,-22.694],[-43.386,-22.689],[-43.384,-22.691],[-43.382,-22.688],[-43.37,-22.693],[-43.365,-22.685]]]}},{"type":"Feature","properties":{"id":"3300506","nome":"Bom Jardim"},"geometry":{"type":"Polygon","coordinates":[[[-42.447,-22.117],[-42.438,-22.122],[-42.428,-22.114],[-42.424,-22.115],[-42.423,-22.119],[-42.42,-22.118],[-42.396,-22.12],[-42.393,-22.128],[-42.39,-22.129],[-42.38,-22.125],[-42.376,-22.117],[-42.364,-22.116],[-42.346,-22.106],[-42.341,-22.115],[-42.342,-22.125],[-42.328,-22.122],[-42.323,-22.114],[-42.315,-22.109],[-42.299,-22.124],[-42.294,-22.116],[-42.294,-22.115],[-42.28,-22.123],[-42.277,-22.13],[-42.28,-22.141],[-42.291,-22.14],[-42.297,-22.151],[-42.292,-22.16],[-42.292,-22.169],[-42.282,-22.18],[-42.281,-22.191],[-42.286,-22.2],[-42.281,-22.208],[-42.276,-22.208],[-42.266,-22.216],[-42.255,-22.214],[-42.254,-22.219],[-42.253,-22.22],[-42.244,-22.221],[-42.236,-22.229],[-42.234,-22.232],[-42.251,-22.236],[-42.249,-22.248],[-42.254,-22.251],[-42.252,-22.256],[-42.26,-22.258],[-42.262,-22.264],[-42.28,-22.273],[-42.283,-22.279],[-42.294,-22.285],[-42.293,-22.289],[-42.286,-22.289],[-42.288,-22.293],[-42.315,-22.298],[-42.336,-22.3],[-42.346,-22.306],[-42.351,-22.301],[-42.358,-22.303],[-42.372,-22.294],[-42.377,-22.29],[-42.39,-22.282],[-42.405,-22.271],[-42.408,-22.269],[-42.453,-22.24],[-42.453,-22.239],[-42.475,-22.225],[-42.475,-22.223],[-42.472,-22.212],[-42.48,-22.204],[-42.485,-22.2],[-42.486,-22.194],[-42.486,-22.193],[-42.525,-22.16],[-42.502,-22.149],[-42.467,-22.131],[-42.464,-22.129],[-42.471,-22.118],[-42.47,-22.112],[-42.447,-22.117]]]}},{"type":"Feature","properties":{"id":"3300605","nome":"Bom Jesus do Itabapoana"},"geometry":{"type":"Polygon","coordinates":[[[-41.727,-20.864],[-41.712,-20.871],[-41.719,-20.875],[-41.727,-20.892],[-41.725,-20.897],[-41.719,-20.897],[-41.723,-20.922],[-41.737,-20.927],[-41.737,-20.93],[-41.733,-20.943],[-41.717,-20.955],[-41.716,-20.976],[-41.712,-20.981],[-41.71,-20.989],[-41.716,-20.992],[-41.722,-21.011],[-41.715,-21.016],[-41.716,-21.022],[-41.723,-21.025],[-41.726,-21.032],[-41.721,-21.045],[-41.716,-21.047],[-41.72,-21.055],[-41.724,-21.056],[-41.729,-21.05],[-41.732,-21.066],[-41.723,-21.067],[-41.721,-21.073],[-41.731,-21.087],[-41.735,-21.099],[-41.735,-21.103],[-41.729,-21.106],[-41.722,-21.103],[-41.717,-21.105],[-41.707,-21.107],[-41.705,-21.111],[-41.718,-21.116],[-41.718,-21.123],[-41.704,-21.127],[-41.705,-21.12],[-41.695,-21.115],[-41.691,-21.116],[-41.688,-21.121],[-41.682,-21.121],[-41.678,-21.125],[-41.679,-21.131],[-41.676,-21.133],[-41.671,-21.127],[-41.662,-21.125],[-41.665,-21.132],[-41.653,-21.137],[-41.654,-21.142],[-41.646,-21.143],[-41.639,-21.146],[-41.629,-21.144],[-41.616,-21.151],[-41.613,-21.155],[-41.608,-21.155],[-41.606,-21.154],[-41.592,-21.149],[-41.587,-21.149],[-41.582,-21.166],[-41.57,-21.171],[-41.57,-21.179],[-41.565,-21.182],[-41.558,-21.172],[-41.552,-21.176],[-41.548,-21.182],[-41.538,-21.181],[-41.531,-21.179],[-41.521,-21.187],[-41.517,-21.187],[-41.512,-21.175],[-41.505,-21.176],[-41.498,-21.185],[-41.488,-21.18],[-41.482,-21.183],[-41.479,-21.182],[-41.479,-21.193],[-41.47,-21.202],[-41.468,-21.216],[-41.467,-21.224],[-41.467,-21.226],[-41.471,-21.231],[-41.486,-21.238],[-41.498,-21.248],[-41.502,-21.261],[-41.515,-21.261],[-41.525,-21.268],[-41.524,-21.274],[-41.536,-21.281],[-41.537,-21.279],[-41.55,-21.292],[-41.579,-21.306],[-41.587,-21.312],[-41.588,-21.311],[-41.586,-21.303],[-41.602,-21.294],[-41.607,-21.286],[-41.606,-21.279],[-41.62,-21.274],[-41.62,-21.268],[-41.627,-21.263],[-41.628,-21.263],[-41.638,-21.26],[-41.63,-21.254],[-41.636,-21.248],[-41.641,-21.244],[-41.648,-21.245],[-41.657,-21.245],[-41.674,-21.25],[-41.682,-21.257],[-41.689,-21.243],[-41.7,-21.237],[-41.705,-21.222],[-41.705,-21.218],[-41.719,-21.224],[-41.727,-21.221],[-41.72,-21.203],[-41.731,-21.204],[-41.719,-21.189],[-41.719,-21.181],[-41.728,-21.175],[-41.728,-21.168],[-41.742,-21.169],[-41.763,-21.177],[-41.765,-21.168],[-41.765,-21.152],[-41.795,-21.143],[-41.804,-21.143],[-41.804,-21.137],[-41.799,-21.131],[-41.799,-21.115],[-41.811,-21.119],[-41.819,-21.122],[-41.83,-21.121],[-41.823,-21.11],[-41.816,-21.106],[-41.816,-21.103],[-41.825,-21.1],[-41.83,-21.089],[-41.836,-21.086],[-41.839,-21.08],[-41.839,-21.075],[-41.842,-21.073],[-41.84,-21.069],[-41.847,-21.072],[-41.848,-21.058],[-41.853,-21.056],[-41.838,-21.054],[-41.835,-21.045],[-41.824,-21.031],[-41.82,-21.025],[-41.801,-20.986],[-41.795,-20.984],[-41.792,-20.974],[-41.792,-20.962],[-41.797,-20.963],[-41.8,-20.957],[-41.808,-20.957],[-41.813,-20.945],[-41.788,-20.909],[-41.777,-20.897],[-41.761,-20.882],[-41.757,-20.875],[-41.749,-20.871],[-41.741,-20.872],[-41.729,-20.87],[-41.727,-20.864]]]}},{"type":"Feature","properties":{"id":"3300704","nome":"Cabo Frio"},"geometry":{"type":"Polygon","coordinates":[[[-42.132,-22.546],[-42.133,-22.555],[-42.127,-22.558],[-42.121,-22.554],[-42.124,-22.564],[-42.12,-22.566],[-42.11,-22.567],[-42.105,-22.56],[-42.1,-22.564],[-42.096,-22.561],[-42.092,-22.563],[-42.093,-22.572],[-42.084,-22.57],[-42.081,-22.575],[-42.073,-22.568],[-42.061,-22.572],[-42.061,-22.56],[-42.048,-22.562],[-42.042,-22.568],[-42.036,-22.56],[-42.033,-22.561],[-42.03,-22.571],[-42.021,-22.569],[-42.021,-22.576],[-42.017,-22.578],[-42.011,-22.571],[-42.005,-22.584],[-41.999,-22.576],[-41.996,-22.575],[-41.992,-22.578],[-41.996,-22.593],[-41.993,-22.597],[-41.998,-22.609],[-41.998,-22.663],[-41.988,-22.709],[-41.979,-22.726],[-41.974,-22.73],[-41.987,-22.75],[-42.004,-22.771],[-42.008,-22.781],[-42.002,-22.795],[-41.97,-22.821],[-41.986,-22.848],[-41.986,-22.862],[-41.983,-22.866],[-41.979,-22.864],[-41.983,-22.868],[-41.981,-22.872],[-41.991,-22.882],[-41.999,-22.884],[-42.001,-22.889],[-42.005,-22.885],[-42.011,-22.884],[-42.024,-22.893],[-42.032,-22.907],[-42.035,-22.934],[-42.09,-22.932],[-42.123,-22.907],[-42.114,-22.908],[-42.107,-22.898],[-42.104,-22.884],[-42.108,-22.868],[-42.098,-22.861],[-42.087,-22.864],[-42.082,-22.863],[-42.076,-22.86],[-42.061,-22.867],[-42.053,-22.862],[-42.046,-22.867],[-42.041,-22.865],[-42.023,-22.795],[-42.024,-22.794],[-42.024,-22.793],[-42.034,-22.773],[-42.042,-22.758],[-42.055,-22.742],[-42.071,-22.724],[-42.075,-22.718],[-42.089,-22.703],[-42.132,-22.653],[-42.132,-22.652],[-42.182,-22.552],[-42.179,-22.548],[-42.176,-22.545],[-42.172,-22.548],[-42.156,-22.546],[-42.151,-22.548],[-42.154,-22.551],[-42.151,-22.556],[-42.141,-22.549],[-42.148,-22.54],[-42.139,-22.54],[-42.132,-22.546]]]}},{"type":"Feature","properties":{"id":"3300803","nome":"Cachoeiras de Macacu"},"geometry":{"type":"Polygon","coordinates":[[[-42.711,-22.377],[-42.697,-22.379],[-42.696,-22.388],[-42.684,-22.393],[-42.662,-22.385],[-42.655,-22.387],[-42.656,-22.392],[-42.652,-22.395],[-42.634,-22.392],[-42.617,-22.385],[-42.61,-22.374],[-42.596,-22.368],[-42.585,-22.355],[-42.565,-22.36],[-42.554,-22.373],[-42.558,-22.377],[-42.551,-22.386],[-42.558,-22.405],[-42.559,-22.411],[-42.555,-22.411],[-42.559,-22.424],[-42.576,-22.441],[-42.572,-22.443],[-42.571,-22.449],[-42.563,-22.446],[-42.557,-22.45],[-42.55,-22.452],[-42.552,-22.455],[-42.552,-22.466],[-42.565,-22.467],[-42.566,-22.484],[-42.575,-22.49],[-42.588,-22.524],[-42.593,-22.525],[-42.592,-22.531],[-42.602,-22.541],[-42.592,-22.561],[-42.581,-22.585],[-42.58,-22.586],[-42.564,-22.62],[-42.572,-22.625],[-42.584,-22.625],[-42.604,-22.642],[-42.622,-22.656],[-42.627,-22.656],[-42.638,-22.645],[-42.637,-22.643],[-42.644,-22.644],[-42.655,-22.637],[-42.667,-22.637],[-42.675,-22.641],[-42.692,-22.642],[-42.692,-22.646],[-42.689,-22.646],[-42.691,-22.654],[-42.706,-22.667],[-42.746,-22.686],[-42.756,-22.674],[-42.764,-22.664],[-42.766,-22.663],[-42.777,-22.65],[-42.786,-22.64],[-42.786,-22.639],[-42.791,-22.635],[-42.798,-22.638],[-42.805,-22.635],[-42.825,-22.638],[-42.845,-22.636],[-42.88,-22.645],[-42.907,-22.655],[-42.906,-22.653],[-42.9,-22.636],[-42.903,-22.625],[-42.91,-22.617],[-42.906,-22.6],[-42.888,-22.592],[-42.885,-22.586],[-42.875,-22.576],[-42.866,-22.571],[-42.869,-22.562],[-42.882,-22.549],[-42.887,-22.542],[-42.888,-22.541],[-42.889,-22.538],[-42.892,-22.523],[-42.898,-22.519],[-42.891,-22.514],[-42.888,-22.512],[-42.892,-22.503],[-42.907,-22.496],[-42.921,-22.475],[-42.92,-22.46],[-42.912,-22.454],[-42.909,-22.455],[-42.896,-22.457],[-42.891,-22.457],[-42.879,-22.447],[-42.875,-22.448],[-42.877,-22.443],[-42.87,-22.438],[-42.87,-22.431],[-42.857,-22.426],[-42.852,-22.425],[-42.852,-22.416],[-42.841,-22.411],[-42.827,-22.412],[-42.811,-22.402],[-42.815,-22.391],[-42.803,-22.386],[-42.803,-22.377],[-42.79,-22.378],[-42.769,-22.383],[-42.763,-22.376],[-42.747,-22.373],[-42.74,-22.36],[-42.727,-22.355],[-42.717,-22.357],[-42.71,-22.362],[-42.711,-22.373],[-42.711,-22.377]]]}},{"type":"Feature","properties":{"id":"3300902","nome":"Cambuci"},"geometry":{"type":"Polygon","coordinates":[[[-41.815,-21.326],[-41.799,-21.353],[-41.778,-21.387],[-41.78,-21.393],[-41.778,-21.401],[-41.748,-21.426],[-41.712,-21.455],[-41.715,-21.456],[-41.743,-21.464],[-41.791,-21.475],[-41.792,-21.475],[-41.824,-21.482],[-41.817,-21.49],[-41.824,-21.504],[-41.823,-21.512],[-41.832,-21.515],[-41.849,-21.534],[-41.867,-21.55],[-41.872,-21.56],[-41.868,-21.574],[-41.884,-21.579],[-41.897,-21.575],[-41.903,-21.577],[-41.93,-21.591],[-41.934,-21.594],[-41.938,-21.597],[-41.978,-21.625],[-41.983,-21.627],[-41.992,-21.633],[-41.994,-21.634],[-42.01,-21.639],[-42.018,-21.632],[-42.026,-21.63],[-42.041,-21.633],[-42.059,-21.636],[-42.074,-21.633],[-42.078,-21.626],[-42.092,-21.627],[-42.095,-21.624],[-42.11,-21.614],[-42.113,-21.612],[-42.116,-21.61],[-42.115,-21.604],[-42.104,-21.602],[-42.088,-21.585],[-42.087,-21.579],[-42.078,-21.575],[-42.055,-21.546],[-42.054,-21.526],[-42.044,-21.521],[-42.04,-21.514],[-42.002,-21.495],[-41.997,-21.488],[-41.993,-21.486],[-41.97,-21.47],[-41.971,-21.465],[-41.962,-21.456],[-41.958,-21.444],[-41.952,-21.443],[-41.951,-21.432],[-41.941,-21.426],[-41.917,-21.411],[-41.898,-21.393],[-41.9,-21.384],[-41.867,-21.364],[-41.857,-21.346],[-41.837,-21.338],[-41.831,-21.339],[-41.825,-21.33],[-41.815,-21.326]]]}},{"type":"Feature","properties":{"id":"3300936","nome":"Carapebus"},"geometry":{"type":"Polygon","coordinates":[[[-41.638,-22.123],[-41.615,-22.128],[-41.592,-22.134],[-41.574,-22.139],[-41.557,-22.155],[-41.552,-22.164],[-41.547,-22.179],[-41.543,-22.187],[-41.539,-22.19],[-41.539,-22.196],[-41.549,-22.2],[-41.553,-22.201],[-41.55,-22.212],[-41.548,-22.226],[-41.534,-22.229],[-41.538,-22.233],[-41.576,-22.247],[-41.591,-22.254],[-41.605,-22.259],[-41.62,-22.266],[-41.689,-22.3],[-41.695,-22.286],[-41.7,-22.281],[-41.705,-22.276],[-41.708,-22.266],[-41.705,-22.257],[-41.771,-22.179],[-41.753,-22.162],[-41.721,-22.134],[-41.693,-22.109],[-41.638,-22.123]]]}},{"type":"Feature","properties":{"id":"3300951","nome":"Comendador Levy Gasparian"},"geometry":{"type":"Polygon","coordinates":[[[-43.339,-22.01],[-43.33,-22.01],[-43.324,-22.006],[-43.317,-22.006],[-43.316,-22.016],[-43.299,-22.02],[-43.28,-22.011],[-43.269,-22.012],[-43.262,-22.008],[-43.254,-22.012],[-43.246,-22.007],[-43.236,-22.012],[-43.236,-22.022],[-43.233,-22.023],[-43.227,-22.028],[-43.223,-22.031],[-43.215,-22.03],[-43.211,-22.03],[-43.204,-22.025],[-43.203,-22.025],[-43.204,-22.035],[-43.202,-22.037],[-43.18,-22.029],[-43.169,-22.022],[-43.164,-22.022],[-43.163,-22.028],[-43.155,-22.032],[-43.147,-22.031],[-43.144,-22.033],[-43.131,-22.029],[-43.131,-22.035],[-43.141,-22.039],[-43.143,-22.046],[-43.198,-22.062],[-43.211,-22.066],[-43.213,-22.066],[-43.214,-22.067],[-43.219,-22.071],[-43.259,-22.102],[-43.255,-22.056],[-43.262,-22.059],[-43.268,-22.072],[-43.274,-22.075],[-43.281,-22.073],[-43.283,-22.067],[-43.292,-22.068],[-43.298,-22.063],[-43.316,-22.064],[-43.34,-22.05],[-43.346,-22.054],[-43.346,-22.017],[-43.346,-22.003],[-43.339,-22.01]]]}},{"type":"Feature","properties":{"id":"3301009","nome":"Campos dos Goytacazes"},"geometry":{"type":"Polygon","coordinates":[[[-41.377,-21.195],[-41.377,-21.201],[-41.371,-21.204],[-41.363,-21.202],[-41.343,-21.209],[-41.338,-21.207],[-41.334,-21.209],[-41.332,-21.214],[-41.326,-21.218],[-41.326,-21.213],[-41.317,-21.213],[-41.317,-21.221],[-41.311,-21.219],[-41.297,-21.234],[-41.288,-21.234],[-41.286,-21.237],[-41.283,-21.234],[-41.277,-21.24],[-41.272,-21.246],[-41.281,-21.249],[-41.287,-21.256],[-41.289,-21.271],[-41.299,-21.286],[-41.302,-21.298],[-41.31,-21.302],[-41.312,-21.311],[-41.307,-21.313],[-41.299,-21.311],[-41.296,-21.316],[-41.277,-21.312],[-41.262,-21.314],[-41.249,-21.309],[-41.25,-21.32],[-41.263,-21.332],[-41.259,-21.332],[-41.258,-21.34],[-41.263,-21.34],[-41.27,-21.354],[-41.265,-21.355],[-41.264,-21.363],[-41.255,-21.362],[-41.243,-21.366],[-41.237,-21.375],[-41.237,-21.381],[-41.243,-21.387],[-41.257,-21.388],[-41.257,-21.395],[-41.266,-21.407],[-41.258,-21.421],[-41.255,-21.444],[-41.258,-21.466],[-41.255,-21.476],[-41.257,-21.486],[-41.261,-21.489],[-41.259,-21.491],[-41.249,-21.5],[-41.229,-21.499],[-41.244,-21.52],[-41.245,-21.522],[-41.264,-21.552],[-41.233,-21.564],[-41.217,-21.58],[-41.194,-21.59],[-41.187,-21.59],[-41.181,-21.598],[-41.182,-21.621],[-41.191,-21.66],[-41.196,-21.682],[-41.189,-21.682],[-41.188,-21.687],[-41.178,-21.688],[-41.164,-21.681],[-41.159,-21.675],[-41.146,-21.675],[-41.148,-21.671],[-41.139,-21.671],[-41.141,-21.677],[-41.136,-21.677],[-41.144,-21.694],[-41.152,-21.697],[-41.164,-21.709],[-41.172,-21.711],[-41.176,-21.718],[-41.192,-21.726],[-41.192,-21.731],[-41.177,-21.743],[-41.172,-21.749],[-41.177,-21.775],[-41.167,-21.789],[-41.154,-21.808],[-41.15,-21.815],[-41.15,-21.816],[-41.151,-21.838],[-41.153,-21.86],[-41.159,-21.865],[-41.159,-21.871],[-41.154,-21.882],[-41.14,-21.894],[-41.127,-21.912],[-41.084,-21.913],[-41.077,-21.913],[-41.053,-21.913],[-41.052,-21.913],[-41.032,-21.914],[-41.031,-21.914],[-41.002,-21.915],[-40.982,-21.915],[-40.98,-21.915],[-40.975,-21.93],[-40.974,-21.968],[-40.985,-21.999],[-40.992,-22.009],[-41.009,-22.022],[-41.048,-22.041],[-41.131,-22.091],[-41.132,-22.09],[-41.145,-22.089],[-41.141,-22.095],[-41.145,-22.098],[-41.149,-22.095],[-41.152,-22.098],[-41.152,-22.095],[-41.159,-22.094],[-41.16,-22.102],[-41.177,-22.095],[-41.179,-22.099],[-41.189,-22.099],[-41.19,-22.101],[-41.193,-22.097],[-41.191,-22.103],[-41.195,-22.104],[-41.199,-22.101],[-41.201,-22.104],[-41.208,-22.096],[-41.223,-22.097],[-41.23,-22.095],[-41.24,-22.099],[-41.257,-22.099],[-41.277,-22.065],[-41.309,-22.049],[-41.349,-22.029],[-41.44,-21.982],[-41.449,-21.973],[-41.452,-21.975],[-41.453,-21.982],[-41.466,-21.986],[-41.471,-22.001],[-41.475,-22.003],[-41.479,-21.999],[-41.5,-22.009],[-41.517,-22.016],[-41.532,-22.036],[-41.543,-22.053],[-41.558,-22.054],[-41.59,-22.047],[-41.601,-22.051],[-41.616,-22.046],[-41.621,-22.05],[-41.645,-22.052],[-41.653,-22.058],[-41.658,-22.057],[-41.676,-22.058],[-41.683,-22.054],[-41.691,-22.05],[-41.697,-22.053],[-41.7,-22.049],[-41.717,-22.059],[-41.723,-22.069],[-41.726,-22.069],[-41.734,-22.076],[-41.737,-22.083],[-41.74,-22.086],[-41.75,-22.085],[-41.754,-22.082],[-41.755,-22.071],[-41.761,-22.063],[-41.759,-22.053],[-41.766,-22.045],[-41.763,-22.043],[-41.763,-22.034],[-41.773,-22.021],[-41.763,-22.017],[-41.763,-22.024],[-41.749,-22.01],[-41.741,-22.008],[-41.73,-21.996],[-41.721,-21.992],[-41.716,-21.982],[-41.719,-21.967],[-41.712,-21.961],[-41.72,-21.944],[-41.714,-21.923],[-41.716,-21.909],[-41.711,-21.905],[-41.713,-21.902],[-41.707,-21.893],[-41.705,-21.892],[-41.711,-21.892],[-41.719,-21.887],[-41.739,-21.89],[-41.788,-21.888],[-41.789,-21.88],[-41.797,-21.876],[-41.838,-21.887],[-41.857,-21.885],[-41.887,-21.88],[-41.884,-21.872],[-41.889,-21.863],[-41.854,-21.839],[-41.84,-21.834],[-41.833,-21.819],[-41.821,-21.813],[-41.811,-21.804],[-41.809,-21.797],[-41.795,-21.793],[-41.794,-21.787],[-41.795,-21.784],[-41.789,-21.781],[-41.776,-21.786],[-41.747,-21.789],[-41.751,-21.78],[-41.736,-21.763],[-41.731,-21.763],[-41.717,-21.752],[-41.712,-21.754],[-41.699,-21.739],[-41.701,-21.725],[-41.696,-21.714],[-41.692,-21.709],[-41.689,-21.711],[-41.683,-21.707],[-41.683,-21.703],[-41.665,-21.695],[-41.65,-21.687],[-41.64,-21.669],[-41.618,-21.67],[-41.61,-21.664],[-41.59,-21.664],[-41.584,-21.653],[-41.574,-21.649],[-41.574,-21.645],[-41.569,-21.64],[-41.564,-21.642],[-41.556,-21.639],[-41.551,-21.628],[-41.541,-21.627],[-41.539,-21.621],[-41.534,-21.623],[-41.504,-21.65],[-41.49,-21.674],[-41.428,-21.617],[-41.428,-21.616],[-41.425,-21.61],[-41.419,-21.61],[-41.408,-21.607],[-41.402,-21.601],[-41.4,-21.583],[-41.397,-21.562],[-41.373,-21.541],[-41.369,-21.533],[-41.374,-21.52],[-41.37,-21.514],[-41.373,-21.511],[-41.372,-21.505],[-41.39,-21.482],[-41.389,-21.479],[-41.394,-21.479],[-41.398,-21.472],[-41.413,-21.463],[-41.412,-21.452],[-41.412,-21.44],[-41.417,-21.434],[-41.424,-21.427],[-41.43,-21.414],[-41.447,-21.406],[-41.449,-21.398],[-41.45,-21.398],[-41.512,-21.417],[-41.547,-21.428],[-41.552,-21.429],[-41.553,-21.426],[-41.572,-21.358],[-41.584,-21.316],[-41.587,-21.312],[-41.579,-21.306],[-41.55,-21.292],[-41.537,-21.279],[-41.536,-21.281],[-41.524,-21.274],[-41.525,-21.268],[-41.515,-21.261],[-41.502,-21.261],[-41.498,-21.248],[-41.486,-21.238],[-41.471,-21.231],[-41.467,-21.226],[-41.467,-21.224],[-41.468,-21.216],[-41.47,-21.202],[-41.467,-21.204],[-41.46,-21.207],[-41.454,-21.208],[-41.448,-21.214],[-41.435,-21.216],[-41.417,-21.199],[-41.413,-21.201],[-41.41,-21.199],[-41.406,-21.202],[-41.403,-21.198],[-41.395,-21.201],[-41.393,-21.202],[-41.388,-21.199],[-41.382,-21.2],[-41.381,-21.196],[-41.377,-21.195]]]}},{"type":"Feature","properties":{"id":"3301108","nome":"Cantagalo"},"geometry":{"type":"Polygon","coordinates":[[[-42.237,-21.698],[-42.227,-21.725],[-42.224,-21.735],[-42.202,-21.791],[-42.192,-21.81],[-42.182,-21.83],[-42.167,-21.859],[-42.171,-21.866],[-42.182,-21.869],[-42.184,-21.875],[-42.19,-21.874],[-42.199,-21.881],[-42.207,-21.877],[-42.21,-21.88],[-42.21,-21.888],[-42.215,-21.891],[-42.213,-21.897],[-42.218,-21.905],[-42.221,-21.909],[-42.214,-21.91],[-42.21,-21.919],[-42.221,-21.918],[-42.225,-21.93],[-42.231,-21.935],[-42.233,-21.937],[-42.243,-21.953],[-42.24,-21.964],[-42.243,-21.973],[-42.249,-21.977],[-42.25,-21.977],[-42.257,-21.99],[-42.262,-21.988],[-42.272,-21.984],[-42.278,-21.988],[-42.289,-21.979],[-42.292,-21.981],[-42.3,-21.974],[-42.301,-21.987],[-42.308,-21.981],[-42.314,-21.997],[-42.318,-21.997],[-42.354,-22.003],[-42.374,-22.003],[-42.384,-22.002],[-42.391,-22.01],[-42.392,-22.015],[-42.401,-22.02],[-42.403,-22.03],[-42.411,-22.033],[-42.415,-22.04],[-42.441,-22.003],[-42.482,-21.947],[-42.504,-21.915],[-42.51,-21.908],[-42.509,-21.907],[-42.495,-21.902],[-42.48,-21.892],[-42.473,-21.893],[-42.463,-21.883],[-42.459,-21.88],[-42.457,-21.879],[-42.452,-21.877],[-42.439,-21.879],[-42.43,-21.871],[-42.435,-21.865],[-42.453,-21.852],[-42.452,-21.847],[-42.44,-21.84],[-42.447,-21.832],[-42.44,-21.829],[-42.449,-21.825],[-42.448,-21.82],[-42.452,-21.817],[-42.454,-21.817],[-42.462,-21.811],[-42.469,-21.798],[-42.462,-21.795],[-42.46,-21.785],[-42.391,-21.76],[-42.383,-21.753],[-42.378,-21.749],[-42.376,-21.748],[-42.356,-21.741],[-42.335,-21.746],[-42.324,-21.742],[-42.311,-21.735],[-42.307,-21.729],[-42.267,-21.714],[-42.25,-21.707],[-42.237,-21.698]]]}},{"type":"Feature","properties":{"id":"3301157","nome":"Cardoso Moreira"},"geometry":{"type":"Polygon","coordinates":[[[-41.413,-21.463],[-41.398,-21.472],[-41.394,-21.479],[-41.389,-21.479],[-41.39,-21.482],[-41.372,-21.505],[-41.373,-21.511],[-41.37,-21.514],[-41.374,-21.52],[-41.369,-21.533],[-41.373,-21.541],[-41.397,-21.562],[-41.4,-21.583],[-41.402,-21.601],[-41.408,-21.607],[-41.419,-21.61],[-41.425,-21.61],[-41.428,-21.616],[-41.428,-21.617],[-41.49,-21.674],[-41.504,-21.65],[-41.534,-21.623],[-41.539,-21.621],[-41.548,-21.615],[-41.542,-21.561],[-41.556,-21.565],[-41.627,-21.596],[-41.633,-21.573],[-41.642,-21.535],[-41.655,-21.479],[-41.653,-21.478],[-41.631,-21.474],[-41.618,-21.471],[-41.602,-21.482],[-41.594,-21.469],[-41.579,-21.458],[-41.574,-21.446],[-41.569,-21.444],[-41.559,-21.437],[-41.552,-21.429],[-41.547,-21.428],[-41.512,-21.417],[-41.45,-21.398],[-41.449,-21.398],[-41.447,-21.406],[-41.43,-21.414],[-41.424,-21.427],[-41.417,-21.434],[-41.412,-21.44],[-41.412,-21.452],[-41.413,-21.463]]]}},{"type":"Feature","properties":{"id":"3301207","nome":"Carmo"},"geometry":{"type":"Polygon","coordinates":[[[-42.44,-21.84],[-42.452,-21.847],[-42.453,-21.852],[-42.435,-21.865],[-42.43,-21.871],[-42.439,-21.879],[-42.452,-21.877],[-42.457,-21.879],[-42.459,-21.88],[-42.463,-21.883],[-42.473,-21.893],[-42.48,-21.892],[-42.495,-21.902],[-42.509,-21.907],[-42.51,-21.908],[-42.512,-21.912],[-42.518,-21.913],[-42.527,-21.907],[-42.538,-21.916],[-42.538,-21.928],[-42.546,-21.93],[-42.544,-21.935],[-42.549,-21.949],[-42.547,-21.952],[-42.551,-21.954],[-42.555,-21.951],[-42.558,-21.957],[-42.555,-21.961],[-42.557,-21.966],[-42.551,-21.967],[-42.553,-21.975],[-42.547,-21.984],[-42.551,-21.991],[-42.547,-21.993],[-42.547,-21.996],[-42.553,-22.001],[-42.56,-21.999],[-42.56,-22.004],[-42.571,-22.011],[-42.572,-22.019],[-42.638,-21.991],[-42.691,-21.969],[-42.689,-21.963],[-42.697,-21.963],[-42.699,-21.961],[-42.691,-21.951],[-42.68,-21.949],[-42.673,-21.936],[-42.671,-21.922],[-42.664,-21.916],[-42.662,-21.906],[-42.669,-21.897],[-42.664,-21.891],[-42.666,-21.885],[-42.668,-21.88],[-42.669,-21.874],[-42.663,-21.872],[-42.656,-21.869],[-42.647,-21.867],[-42.612,-21.855],[-42.608,-21.852],[-42.605,-21.855],[-42.597,-21.853],[-42.579,-21.845],[-42.582,-21.837],[-42.552,-21.825],[-42.54,-21.821],[-42.464,-21.786],[-42.46,-21.785],[-42.462,-21.795],[-42.469,-21.798],[-42.462,-21.811],[-42.454,-21.817],[-42.452,-21.817],[-42.448,-21.82],[-42.449,-21.825],[-42.44,-21.829],[-42.447,-21.832],[-42.44,-21.84]]]}},{"type":"Feature","properties":{"id":"3301306","nome":"Casimiro de Abreu"},"geometry":{"type":"Polygon","coordinates":[[[-42.211,-22.361],[-42.206,-22.368],[-42.205,-22.37],[-42.216,-22.374],[-42.216,-22.382],[-42.211,-22.381],[-42.207,-22.387],[-42.214,-22.391],[-42.211,-22.395],[-42.219,-22.406],[-42.205,-22.413],[-42.207,-22.42],[-42.203,-22.428],[-42.189,-22.433],[-42.179,-22.428],[-42.172,-22.421],[-42.162,-22.428],[-42.162,-22.423],[-42.153,-22.421],[-42.146,-22.427],[-42.141,-22.424],[-42.138,-22.413],[-42.127,-22.412],[-42.124,-22.405],[-42.117,-22.402],[-42.099,-22.405],[-42.099,-22.418],[-42.106,-22.436],[-42.088,-22.439],[-42.077,-22.431],[-42.072,-22.432],[-42.069,-22.435],[-42.064,-22.434],[-42.064,-22.422],[-42.047,-22.424],[-42.037,-22.428],[-42.036,-22.432],[-42.015,-22.425],[-42.02,-22.43],[-42.021,-22.444],[-42.02,-22.444],[-42.019,-22.449],[-42.029,-22.455],[-42.027,-22.468],[-42.016,-22.484],[-42.006,-22.485],[-41.991,-22.503],[-41.99,-22.506],[-41.99,-22.507],[-41.99,-22.514],[-41.987,-22.54],[-41.987,-22.546],[-41.979,-22.562],[-41.989,-22.599],[-41.993,-22.597],[-41.996,-22.593],[-41.992,-22.578],[-41.996,-22.575],[-41.999,-22.576],[-42.005,-22.584],[-42.011,-22.571],[-42.017,-22.578],[-42.021,-22.576],[-42.021,-22.569],[-42.03,-22.571],[-42.033,-22.561],[-42.036,-22.56],[-42.042,-22.568],[-42.048,-22.562],[-42.061,-22.56],[-42.061,-22.572],[-42.073,-22.568],[-42.081,-22.575],[-42.084,-22.57],[-42.093,-22.572],[-42.092,-22.563],[-42.096,-22.561],[-42.1,-22.564],[-42.105,-22.56],[-42.11,-22.567],[-42.12,-22.566],[-42.124,-22.564],[-42.121,-22.554],[-42.127,-22.558],[-42.133,-22.555],[-42.132,-22.546],[-42.139,-22.54],[-42.148,-22.54],[-42.141,-22.549],[-42.151,-22.556],[-42.154,-22.551],[-42.151,-22.548],[-42.156,-22.546],[-42.172,-22.548],[-42.176,-22.545],[-42.179,-22.548],[-42.182,-22.552],[-42.186,-22.55],[-42.188,-22.555],[-42.193,-22.547],[-42.197,-22.548],[-42.205,-22.541],[-42.215,-22.538],[-42.247,-22.546],[-42.252,-22.544],[-42.255,-22.532],[-42.262,-22.531],[-42.261,-22.527],[-42.266,-22.519],[-42.261,-22.505],[-42.267,-22.498],[-42.271,-22.486],[-42.283,-22.478],[-42.29,-22.466],[-42.294,-22.465],[-42.302,-22.465],[-42.304,-22.458],[-42.297,-22.442],[-42.294,-22.43],[-42.289,-22.428],[-42.28,-22.412],[-42.271,-22.402],[-42.279,-22.402],[-42.29,-22.391],[-42.276,-22.379],[-42.26,-22.371],[-42.258,-22.366],[-42.252,-22.367],[-42.24,-22.361],[-42.223,-22.358],[-42.226,-22.352],[-42.218,-22.355],[-42.217,-22.359],[-42.211,-22.361]]]}},{"type":"Feature","properties":{"id":"3301405","nome":"Concei\u00e7\u00e3o de Macabu"},"geometry":{"type":"Polygon","coordinates":[[[-41.888,-22.049],[-41.877,-22.055],[-41.867,-22.052],[-41.861,-22.062],[-41.859,-22.062],[-41.857,-22.063],[-41.849,-22.071],[-41.837,-22.071],[-41.839,-22.074],[-41.832,-22.078],[-41.821,-22.099],[-41.792,-22.1],[-41.778,-22.096],[-41.766,-22.084],[-41.75,-22.085],[-41.74,-22.086],[-41.737,-22.083],[-41.734,-22.076],[-41.726,-22.069],[-41.723,-22.069],[-41.717,-22.059],[-41.7,-22.049],[-41.697,-22.053],[-41.691,-22.05],[-41.683,-22.054],[-41.676,-22.058],[-41.658,-22.057],[-41.662,-22.059],[-41.663,-22.068],[-41.667,-22.068],[-41.675,-22.076],[-41.693,-22.109],[-41.721,-22.134],[-41.753,-22.162],[-41.771,-22.179],[-41.824,-22.145],[-41.819,-22.186],[-41.84,-22.199],[-41.85,-22.234],[-41.852,-22.243],[-41.859,-22.267],[-41.863,-22.274],[-41.878,-22.274],[-41.886,-22.268],[-41.886,-22.259],[-41.892,-22.256],[-41.894,-22.248],[-41.906,-22.243],[-41.9,-22.238],[-41.902,-22.231],[-41.915,-22.23],[-41.919,-22.224],[-41.918,-22.215],[-41.904,-22.198],[-41.901,-22.187],[-41.911,-22.184],[-41.908,-22.174],[-41.914,-22.169],[-41.919,-22.171],[-41.921,-22.161],[-41.934,-22.164],[-41.941,-22.158],[-41.953,-22.151],[-41.973,-22.156],[-41.971,-22.131],[-41.961,-22.126],[-41.958,-22.117],[-41.962,-22.105],[-41.959,-22.098],[-41.962,-22.095],[-41.96,-22.077],[-41.942,-22.07],[-41.934,-22.056],[-41.91,-22.067],[-41.904,-22.064],[-41.903,-22.057],[-41.899,-22.054],[-41.895,-22.055],[-41.888,-22.049]]]}},{"type":"Feature","properties":{"id":"3301504","nome":"Cordeiro"},"geometry":{"type":"Polygon","coordinates":[[[-42.318,-21.997],[-42.316,-22.002],[-42.311,-22.031],[-42.304,-22.028],[-42.298,-22.03],[-42.296,-22.041],[-42.301,-22.049],[-42.311,-22.057],[-42.312,-22.069],[-42.298,-22.082],[-42.283,-22.087],[-42.278,-22.091],[-42.269,-22.089],[-42.278,-22.095],[-42.275,-22.097],[-42.276,-22.107],[-42.27,-22.104],[-42.266,-22.106],[-42.263,-22.118],[-42.266,-22.121],[-42.286,-22.113],[-42.294,-22.115],[-42.294,-22.116],[-42.299,-22.124],[-42.315,-22.109],[-42.323,-22.114],[-42.328,-22.122],[-42.342,-22.125],[-42.341,-22.115],[-42.346,-22.106],[-42.349,-22.103],[-42.392,-22.066],[-42.415,-22.04],[-42.411,-22.033],[-42.403,-22.03],[-42.401,-22.02],[-42.392,-22.015],[-42.391,-22.01],[-42.384,-22.002],[-42.374,-22.003],[-42.354,-22.003],[-42.318,-21.997]]]}},{"type":"Feature","properties":{"id":"3301603","nome":"Duas Barras"},"geometry":{"type":"Polygon","coordinates":[[[-42.527,-21.907],[-42.518,-21.913],[-42.512,-21.912],[-42.51,-21.908],[-42.504,-21.915],[-42.482,-21.947],[-42.441,-22.003],[-42.415,-22.04],[-42.392,-22.066],[-42.349,-22.103],[-42.346,-22.106],[-42.364,-22.116],[-42.376,-22.117],[-42.38,-22.125],[-42.39,-22.129],[-42.393,-22.128],[-42.396,-22.12],[-42.42,-22.118],[-42.423,-22.119],[-42.424,-22.115],[-42.428,-22.114],[-42.438,-22.122],[-42.447,-22.117],[-42.47,-22.112],[-42.471,-22.118],[-42.464,-22.129],[-42.467,-22.131],[-42.502,-22.149],[-42.525,-22.16],[-42.529,-22.157],[-42.545,-22.155],[-42.553,-22.159],[-42.557,-22.163],[-42.565,-22.161],[-42.574,-22.163],[-42.578,-22.141],[-42.611,-22.14],[-42.613,-22.137],[-42.617,-22.134],[-42.607,-22.127],[-42.609,-22.121],[-42.606,-22.116],[-42.602,-22.111],[-42.594,-22.11],[-42.587,-22.103],[-42.595,-22.098],[-42.603,-22.097],[-42.605,-22.087],[-42.598,-22.078],[-42.588,-22.077],[-42.574,-22.065],[-42.574,-22.058],[-42.581,-22.049],[-42.573,-22.048],[-42.565,-22.038],[-42.563,-22.03],[-42.575,-22.025],[-42.572,-22.019],[-42.571,-22.011],[-42.56,-22.004],[-42.56,-21.999],[-42.553,-22.001],[-42.547,-21.996],[-42.547,-21.993],[-42.551,-21.991],[-42.547,-21.984],[-42.553,-21.975],[-42.551,-21.967],[-42.557,-21.966],[-42.555,-21.961],[-42.558,-21.957],[-42.555,-21.951],[-42.551,-21.954],[-42.547,-21.952],[-42.549,-21.949],[-42.544,-21.935],[-42.546,-21.93],[-42.538,-21.928],[-42.538,-21.916],[-42.527,-21.907]]]}},{"type":"Feature","properties":{"id":"3301702","nome":"Duque de Caxias"},"geometry":{"type":"Polygon","coordinates":[[[-43.238,-22.51],[-43.233,-22.519],[-43.226,-22.516],[-43.221,-22.521],[-43.226,-22.523],[-43.226,-22.529],[-43.233,-22.522],[-43.246,-22.526],[-43.253,-22.543],[-43.258,-22.556],[-43.26,-22.561],[-43.255,-22.574],[-43.251,-22.574],[-43.25,-22.573],[-43.225,-22.563],[-43.224,-22.565],[-43.205,-22.602],[-43.202,-22.608],[-43.194,-22.622],[-43.195,-22.629],[-43.211,-22.642],[-43.22,-22.661],[-43.224,-22.675],[-43.219,-22.68],[-43.218,-22.687],[-43.215,-22.701],[-43.214,-22.707],[-43.218,-22.707],[-43.224,-22.715],[-43.221,-22.724],[-43.215,-22.727],[-43.212,-22.73],[-43.216,-22.735],[-43.227,-22.74],[-43.236,-22.735],[-43.233,-22.74],[-43.239,-22.741],[-43.244,-22.746],[-43.242,-22.75],[-43.253,-22.757],[-43.259,-22.755],[-43.254,-22.759],[-43.272,-22.772],[-43.271,-22.774],[-43.278,-22.781],[-43.277,-22.785],[-43.288,-22.8],[-43.288,-22.808],[-43.291,-22.81],[-43.299,-22.806],[-43.307,-22.798],[-43.314,-22.802],[-43.32,-22.8],[-43.327,-22.802],[-43.33,-22.802],[-43.33,-22.756],[-43.321,-22.711],[-43.32,-22.709],[-43.327,-22.706],[-43.328,-22.695],[-43.35,-22.698],[-43.365,-22.685],[-43.365,-22.684],[-43.366,-22.68],[-43.375,-22.672],[-43.395,-22.664],[-43.401,-22.656],[-43.392,-22.642],[-43.383,-22.631],[-43.383,-22.622],[-43.401,-22.611],[-43.41,-22.611],[-43.415,-22.601],[-43.415,-22.593],[-43.403,-22.587],[-43.388,-22.572],[-43.392,-22.556],[-43.409,-22.545],[-43.404,-22.542],[-43.404,-22.535],[-43.384,-22.53],[-43.378,-22.523],[-43.375,-22.52],[-43.367,-22.526],[-43.356,-22.522],[-43.332,-22.519],[-43.332,-22.512],[-43.3,-22.483],[-43.296,-22.475],[-43.276,-22.488],[-43.238,-22.51]]]}},{"type":"Feature","properties":{"id":"3301801","nome":"Engenheiro Paulo de Frontin"},"geometry":{"type":"Polygon","coordinates":[[[-43.561,-22.504],[-43.573,-22.524],[-43.585,-22.544],[-43.597,-22.564],[-43.622,-22.526],[-43.625,-22.53],[-43.623,-22.542],[-43.635,-22.557],[-43.634,-22.571],[-43.659,-22.581],[-43.672,-22.586],[-43.693,-22.577],[-43.69,-22.574],[-43.69,-22.567],[-43.682,-22.558],[-43.683,-22.555],[-43.689,-22.551],[-43.705,-22.564],[-43.713,-22.562],[-43.714,-22.561],[-43.713,-22.55],[-43.698,-22.541],[-43.717,-22.496],[-43.657,-22.478],[-43.651,-22.476],[-43.634,-22.471],[-43.584,-22.456],[-43.573,-22.461],[-43.569,-22.474],[-43.561,-22.504]]]}},{"type":"Feature","properties":{"id":"3301850","nome":"Guapimirim"},"geometry":{"type":"Polygon","coordinates":[[[-43.04,-22.455],[-43.033,-22.462],[-43.026,-22.455],[-43.025,-22.461],[-43.016,-22.466],[-42.999,-22.459],[-42.989,-22.462],[-42.987,-22.462],[-42.974,-22.47],[-42.963,-22.464],[-42.957,-22.465],[-42.954,-22.457],[-42.945,-22.455],[-42.942,-22.457],[-42.928,-22.449],[-42.925,-22.453],[-42.912,-22.454],[-42.92,-22.46],[-42.921,-22.475],[-42.907,-22.496],[-42.892,-22.503],[-42.888,-22.512],[-42.891,-22.514],[-42.898,-22.519],[-42.892,-22.523],[-42.889,-22.538],[-42.888,-22.541],[-42.887,-22.542],[-42.882,-22.549],[-42.869,-22.562],[-42.866,-22.571],[-42.875,-22.576],[-42.885,-22.586],[-42.888,-22.592],[-42.906,-22.6],[-42.91,-22.617],[-42.903,-22.625],[-42.9,-22.636],[-42.906,-22.653],[-42.907,-22.655],[-42.912,-22.656],[-42.909,-22.66],[-42.915,-22.663],[-42.912,-22.671],[-42.928,-22.693],[-42.934,-22.693],[-42.934,-22.697],[-42.943,-22.698],[-42.944,-22.706],[-42.952,-22.712],[-42.959,-22.715],[-42.962,-22.724],[-42.967,-22.722],[-42.974,-22.731],[-42.978,-22.727],[-42.992,-22.727],[-43.006,-22.714],[-43.013,-22.718],[-43.014,-22.724],[-43.027,-22.725],[-43.035,-22.716],[-43.035,-22.71],[-43.032,-22.705],[-43.026,-22.705],[-43.035,-22.698],[-43.032,-22.692],[-43.038,-22.688],[-43.04,-22.691],[-43.044,-22.685],[-43.041,-22.678],[-43.036,-22.679],[-43.032,-22.674],[-43.028,-22.665],[-43.022,-22.664],[-43.022,-22.651],[-43.013,-22.637],[-43.015,-22.57],[-43.016,-22.562],[-43.016,-22.557],[-43.016,-22.552],[-43.019,-22.526],[-43.023,-22.522],[-43.022,-22.515],[-43.028,-22.513],[-43.028,-22.499],[-43.047,-22.488],[-43.055,-22.488],[-43.062,-22.485],[-43.062,-22.483],[-43.056,-22.48],[-43.055,-22.468],[-43.047,-22.46],[-43.042,-22.459],[-43.04,-22.455]]]}},{"type":"Feature","properties":{"id":"3301876","nome":"Iguaba Grande"},"geometry":{"type":"Polygon","coordinates":[[[-42.196,-22.855],[-42.199,-22.879],[-42.211,-22.878],[-42.22,-22.869],[-42.227,-22.869],[-42.234,-22.874],[-42.238,-22.864],[-42.24,-22.861],[-42.249,-22.848],[-42.24,-22.84],[-42.245,-22.823],[-42.254,-22.791],[-42.21,-22.785],[-42.204,-22.78],[-42.201,-22.787],[-42.197,-22.793],[-42.201,-22.796],[-42.194,-22.801],[-42.196,-22.807],[-42.193,-22.816],[-42.193,-22.822],[-42.177,-22.827],[-42.196,-22.855]]]}},{"type":"Feature","properties":{"id":"3301900","nome":"Itabora\u00ed"},"geometry":{"type":"Polygon","coordinates":[[[-42.845,-22.636],[-42.825,-22.638],[-42.805,-22.635],[-42.798,-22.638],[-42.791,-22.635],[-42.786,-22.639],[-42.786,-22.64],[-42.777,-22.65],[-42.766,-22.663],[-42.764,-22.664],[-42.756,-22.674],[-42.746,-22.686],[-42.755,-22.702],[-42.77,-22.709],[-42.77,-22.71],[-42.762,-22.719],[-42.761,-22.724],[-42.763,-22.726],[-42.764,-22.739],[-42.799,-22.736],[-42.806,-22.743],[-42.799,-22.75],[-42.8,-22.754],[-42.795,-22.756],[-42.791,-22.753],[-42.787,-22.759],[-42.791,-22.772],[-42.783,-22.775],[-42.79,-22.787],[-42.797,-22.787],[-42.799,-22.79],[-42.798,-22.793],[-42.803,-22.794],[-42.798,-22.8],[-42.784,-22.804],[-42.758,-22.796],[-42.75,-22.802],[-42.738,-22.807],[-42.739,-22.812],[-42.751,-22.825],[-42.752,-22.829],[-42.739,-22.833],[-42.733,-22.841],[-42.749,-22.85],[-42.756,-22.85],[-42.765,-22.843],[-42.797,-22.85],[-42.818,-22.859],[-42.825,-22.859],[-42.834,-22.869],[-42.837,-22.871],[-42.846,-22.872],[-42.859,-22.869],[-42.862,-22.87],[-42.864,-22.872],[-42.866,-22.872],[-42.874,-22.87],[-42.886,-22.867],[-42.896,-22.842],[-42.906,-22.817],[-42.91,-22.816],[-42.919,-22.819],[-42.943,-22.795],[-42.941,-22.776],[-42.944,-22.769],[-42.95,-22.769],[-42.962,-22.758],[-42.99,-22.749],[-42.991,-22.744],[-42.998,-22.734],[-43.001,-22.738],[-43.011,-22.737],[-43.017,-22.743],[-43.026,-22.742],[-43.03,-22.733],[-43.027,-22.725],[-43.014,-22.724],[-43.013,-22.718],[-43.006,-22.714],[-42.992,-22.727],[-42.978,-22.727],[-42.974,-22.731],[-42.967,-22.722],[-42.962,-22.724],[-42.959,-22.715],[-42.952,-22.712],[-42.944,-22.706],[-42.943,-22.698],[-42.934,-22.697],[-42.934,-22.693],[-42.928,-22.693],[-42.912,-22.671],[-42.915,-22.663],[-42.909,-22.66],[-42.912,-22.656],[-42.907,-22.655],[-42.88,-22.645],[-42.845,-22.636]]]}},{"type":"Feature","properties":{"id":"3302007","nome":"Itagua\u00ed"},"geometry":{"type":"Polygon","coordinates":[[[-43.828,-23.057],[-43.794,-23.061],[-43.711,-23.055],[-43.667,-23.042],[-43.668,-23.054],[-43.778,-23.061],[-43.859,-23.072],[-43.864,-23.044],[-43.828,-23.057]],[[-43.858,-22.955],[-43.863,-22.955],[-43.861,-22.953],[-43.863,-22.947],[-43.857,-22.945],[-43.86,-22.947],[-43.856,-22.95],[-43.858,-22.955]],[[-43.864,-22.945],[-43.865,-22.945],[-43.866,-22.945],[-43.866,-22.944],[-43.866,-22.943],[-43.865,-22.944],[-43.864,-22.945]],[[-43.865,-22.924],[-43.865,-22.924],[-43.865,-22.924],[-43.865,-22.924]],[[-43.873,-22.947],[-43.88,-22.95],[-43.884,-22.947],[-43.884,-22.946],[-43.884,-22.94],[-43.884,-22.927],[-43.882,-22.924],[-43.868,-22.926],[-43.878,-22.94],[-43.875,-22.941],[-43.876,-22.946],[-43.873,-22.947]],[[-43.785,-22.693],[-43.783,-22.696],[-43.772,-22.693],[-43.765,-22.701],[-43.759,-22.702],[-43.753,-22.699],[-43.74,-22.705],[-43.738,-22.709],[-43.743,-22.713],[-43.745,-22.72],[-43.75,-22.727],[-43.765,-22.728],[-43.77,-22.734],[-43.771,-22.75],[-43.765,-22.755],[-43.77,-22.757],[-43.775,-22.769],[-43.796,-22.772],[-43.797,-22.773],[-43.8,-22.779],[-43.804,-22.789],[-43.802,-22.803],[-43.784,-22.818],[-43.773,-22.82],[-43.772,-22.82],[-43.761,-22.83],[-43.757,-22.832],[-43.733,-22.841],[-43.73,-22.843],[-43.718,-22.848],[-43.717,-22.848],[-43.674,-22.864],[-43.697,-22.864],[-43.733,-22.877],[-43.749,-22.878],[-43.751,-22.888],[-43.764,-22.892],[-43.767,-22.895],[-43.773,-22.893],[-43.774,-22.896],[-43.78,-22.895],[-43.784,-22.903],[-43.787,-22.9],[-43.794,-22.903],[-43.791,-22.913],[-43.795,-22.917],[-43.805,-22.914],[-43.816,-22.919],[-43.815,-22.912],[-43.822,-22.911],[-43.819,-22.921],[-43.833,-22.928],[-43.841,-22.929],[-43.844,-22.925],[-43.852,-22.924],[-43.85,-22.92],[-43.854,-22.918],[-43.836,-22.913],[-43.832,-22.908],[-43.836,-22.903],[-43.856,-22.902],[-43.871,-22.905],[-43.88,-22.911],[-43.884,-22.922],[-43.885,-22.896],[-43.885,-22.885],[-43.893,-22.881],[-43.905,-22.886],[-43.912,-22.884],[-43.924,-22.894],[-43.936,-22.892],[-43.938,-22.888],[-43.938,-22.887],[-43.94,-22.878],[-43.93,-22.874],[-43.925,-22.863],[-43.91,-22.845],[-43.912,-22.836],[-43.905,-22.83],[-43.897,-22.832],[-43.891,-22.829],[-43.889,-22.822],[-43.879,-22.817],[-43.879,-22.812],[-43.869,-22.807],[-43.839,-22.798],[-43.823,-22.783],[-43.823,-22.776],[-43.813,-22.771],[-43.822,-22.766],[-43.829,-22.767],[-43.838,-22.76],[-43.839,-22.755],[-43.834,-22.751],[-43.836,-22.745],[-43.832,-22.741],[-43.833,-22.729],[-43.785,-22.692],[-43.785,-22.693]]]}},{"type":"Feature","properties":{"id":"3302056","nome":"Italva"},"geometry":{"type":"Polygon","coordinates":[[[-41.584,-21.316],[-41.572,-21.358],[-41.553,-21.426],[-41.552,-21.429],[-41.559,-21.437],[-41.569,-21.444],[-41.574,-21.446],[-41.579,-21.458],[-41.594,-21.469],[-41.602,-21.482],[-41.618,-21.471],[-41.631,-21.474],[-41.653,-21.478],[-41.655,-21.479],[-41.642,-21.535],[-41.633,-21.573],[-41.627,-21.596],[-41.639,-21.578],[-41.673,-21.53],[-41.684,-21.516],[-41.703,-21.498],[-41.743,-21.464],[-41.715,-21.456],[-41.712,-21.455],[-41.748,-21.426],[-41.778,-21.401],[-41.769,-21.398],[-41.761,-21.389],[-41.738,-21.38],[-41.732,-21.372],[-41.721,-21.366],[-41.719,-21.367],[-41.709,-21.368],[-41.703,-21.371],[-41.701,-21.364],[-41.692,-21.356],[-41.683,-21.355],[-41.679,-21.348],[-41.668,-21.345],[-41.651,-21.358],[-41.647,-21.356],[-41.65,-21.348],[-41.647,-21.346],[-41.636,-21.353],[-41.634,-21.349],[-41.63,-21.355],[-41.622,-21.358],[-41.626,-21.34],[-41.617,-21.339],[-41.612,-21.333],[-41.59,-21.325],[-41.584,-21.316]]]}},{"type":"Feature","properties":{"id":"3302106","nome":"Itaocara"},"geometry":{"type":"Polygon","coordinates":[[[-41.938,-21.628],[-41.938,-21.646],[-41.938,-21.697],[-41.938,-21.741],[-41.952,-21.729],[-41.975,-21.734],[-41.976,-21.739],[-41.98,-21.739],[-41.982,-21.733],[-41.987,-21.735],[-41.987,-21.736],[-42.002,-21.741],[-42.005,-21.746],[-42.01,-21.744],[-42.022,-21.756],[-42.014,-21.765],[-42.014,-21.771],[-42.032,-21.766],[-42.04,-21.773],[-42.044,-21.783],[-42.051,-21.779],[-42.057,-21.786],[-42.06,-21.788],[-42.063,-21.791],[-42.059,-21.801],[-42.068,-21.8],[-42.07,-21.797],[-42.076,-21.801],[-42.089,-21.802],[-42.093,-21.813],[-42.103,-21.81],[-42.114,-21.825],[-42.119,-21.827],[-42.121,-21.823],[-42.125,-21.824],[-42.126,-21.83],[-42.117,-21.837],[-42.121,-21.85],[-42.124,-21.845],[-42.132,-21.843],[-42.132,-21.839],[-42.137,-21.837],[-42.139,-21.839],[-42.145,-21.843],[-42.139,-21.855],[-42.143,-21.859],[-42.144,-21.856],[-42.146,-21.86],[-42.167,-21.859],[-42.182,-21.83],[-42.192,-21.81],[-42.202,-21.791],[-42.224,-21.735],[-42.227,-21.725],[-42.237,-21.698],[-42.212,-21.69],[-42.196,-21.684],[-42.189,-21.684],[-42.187,-21.69],[-42.177,-21.69],[-42.159,-21.692],[-42.157,-21.693],[-42.149,-21.692],[-42.133,-21.704],[-42.118,-21.697],[-42.113,-21.687],[-42.096,-21.672],[-42.084,-21.663],[-42.08,-21.661],[-42.072,-21.656],[-42.042,-21.634],[-42.041,-21.633],[-42.026,-21.63],[-42.018,-21.632],[-42.01,-21.639],[-41.994,-21.634],[-41.992,-21.633],[-41.983,-21.627],[-41.978,-21.625],[-41.938,-21.597],[-41.938,-21.628]]]}},{"type":"Feature","properties":{"id":"3302205","nome":"Itaperuna"},"geometry":{"type":"Polygon","coordinates":[[[-42.08,-21.03],[-42.051,-21.039],[-42.038,-21.067],[-42.039,-21.074],[-42.025,-21.073],[-42.024,-21.073],[-42.016,-21.081],[-42.024,-21.093],[-42.024,-21.101],[-42.029,-21.102],[-42.036,-21.114],[-42.029,-21.128],[-42.027,-21.133],[-42.021,-21.134],[-42.015,-21.133],[-42.016,-21.126],[-42.009,-21.122],[-41.999,-21.125],[-41.977,-21.121],[-41.974,-21.133],[-41.964,-21.134],[-41.945,-21.151],[-41.93,-21.156],[-41.924,-21.15],[-41.926,-21.146],[-41.92,-21.136],[-41.913,-21.136],[-41.919,-21.13],[-41.917,-21.129],[-41.916,-21.13],[-41.905,-21.137],[-41.898,-21.134],[-41.894,-21.117],[-41.876,-21.115],[-41.872,-21.101],[-41.863,-21.099],[-41.846,-21.089],[-41.839,-21.08],[-41.836,-21.086],[-41.83,-21.089],[-41.825,-21.1],[-41.816,-21.103],[-41.816,-21.106],[-41.823,-21.11],[-41.83,-21.121],[-41.819,-21.122],[-41.811,-21.119],[-41.799,-21.115],[-41.799,-21.131],[-41.804,-21.137],[-41.804,-21.143],[-41.795,-21.143],[-41.765,-21.152],[-41.765,-21.168],[-41.763,-21.177],[-41.742,-21.169],[-41.728,-21.168],[-41.728,-21.175],[-41.719,-21.181],[-41.719,-21.189],[-41.731,-21.204],[-41.72,-21.203],[-41.727,-21.221],[-41.719,-21.224],[-41.705,-21.218],[-41.705,-21.222],[-41.7,-21.237],[-41.689,-21.243],[-41.682,-21.257],[-41.674,-21.25],[-41.657,-21.245],[-41.648,-21.245],[-41.641,-21.244],[-41.636,-21.248],[-41.63,-21.254],[-41.638,-21.26],[-41.628,-21.263],[-41.627,-21.263],[-41.62,-21.268],[-41.62,-21.274],[-41.606,-21.279],[-41.607,-21.286],[-41.602,-21.294],[-41.586,-21.303],[-41.588,-21.311],[-41.587,-21.312],[-41.584,-21.316],[-41.59,-21.325],[-41.612,-21.333],[-41.617,-21.339],[-41.626,-21.34],[-41.622,-21.358],[-41.63,-21.355],[-41.634,-21.349],[-41.636,-21.353],[-41.647,-21.346],[-41.65,-21.348],[-41.647,-21.356],[-41.651,-21.358],[-41.668,-21.345],[-41.679,-21.348],[-41.683,-21.355],[-41.692,-21.356],[-41.701,-21.364],[-41.703,-21.371],[-41.709,-21.368],[-41.719,-21.367],[-41.721,-21.366],[-41.732,-21.372],[-41.738,-21.38],[-41.761,-21.389],[-41.769,-21.398],[-41.778,-21.401],[-41.78,-21.393],[-41.778,-21.387],[-41.799,-21.353],[-41.815,-21.326],[-41.834,-21.296],[-41.839,-21.288],[-41.854,-21.3],[-41.869,-21.304],[-41.873,-21.299],[-41.883,-21.299],[-41.885,-21.295],[-41.9,-21.302],[-41.905,-21.298],[-41.917,-21.295],[-41.932,-21.311],[-41.94,-21.308],[-41.95,-21.311],[-41.951,-21.311],[-41.956,-21.314],[-41.962,-21.31],[-41.986,-21.313],[-41.988,-21.321],[-41.994,-21.321],[-42.0,-21.328],[-42.022,-21.328],[-42.034,-21.343],[-42.046,-21.348],[-42.05,-21.354],[-42.065,-21.355],[-42.07,-21.352],[-42.075,-21.355],[-42.096,-21.348],[-42.093,-21.344],[-42.088,-21.336],[-42.085,-21.337],[-42.083,-21.324],[-42.076,-21.324],[-42.074,-21.315],[-42.079,-21.311],[-42.088,-21.307],[-42.079,-21.299],[-42.076,-21.279],[-42.08,-21.274],[-42.07,-21.265],[-42.061,-21.266],[-42.055,-21.253],[-42.05,-21.255],[-42.042,-21.251],[-42.029,-21.245],[-42.029,-21.241],[-42.035,-21.238],[-42.054,-21.234],[-42.053,-21.225],[-42.044,-21.221],[-42.044,-21.218],[-42.051,-21.213],[-42.049,-21.196],[-42.056,-21.196],[-42.047,-21.18],[-42.061,-21.18],[-42.072,-21.179],[-42.081,-21.177],[-42.087,-21.194],[-42.097,-21.186],[-42.102,-21.184],[-42.105,-21.198],[-42.111,-21.202],[-42.111,-21.206],[-42.106,-21.209],[-42.108,-21.212],[-42.112,-21.214],[-42.123,-21.205],[-42.125,-21.203],[-42.126,-21.199],[-42.126,-21.198],[-42.12,-21.198],[-42.12,-21.195],[-42.133,-21.18],[-42.129,-21.174],[-42.13,-21.17],[-42.123,-21.171],[-42.122,-21.168],[-42.149,-21.16],[-42.165,-21.174],[-42.163,-21.167],[-42.166,-21.165],[-42.165,-21.161],[-42.16,-21.16],[-42.162,-21.158],[-42.17,-21.16],[-42.175,-21.178],[-42.186,-21.174],[-42.191,-21.164],[-42.187,-21.161],[-42.192,-21.158],[-42.195,-21.16],[-42.192,-21.148],[-42.179,-21.14],[-42.175,-21.132],[-42.17,-21.128],[-42.17,-21.114],[-42.164,-21.101],[-42.14,-21.103],[-42.136,-21.094],[-42.133,-21.081],[-42.121,-21.078],[-42.119,-21.075],[-42.12,-21.069],[-42.101,-21.049],[-42.101,-21.034],[-42.093,-21.037],[-42.08,-21.036],[-42.08,-21.03]]]}},{"type":"Feature","properties":{"id":"3302254","nome":"Itatiaia"},"geometry":{"type":"Polygon","coordinates":[[[-44.587,-22.321],[-44.581,-22.327],[-44.571,-22.324],[-44.569,-22.327],[-44.564,-22.332],[-44.561,-22.33],[-44.554,-22.33],[-44.545,-22.323],[-44.543,-22.331],[-44.542,-22.334],[-44.549,-22.34],[-44.549,-22.356],[-44.556,-22.364],[-44.565,-22.364],[-44.576,-22.357],[-44.6,-22.372],[-44.601,-22.372],[-44.614,-22.387],[-44.603,-22.392],[-44.599,-22.398],[-44.593,-22.397],[-44.572,-22.405],[-44.569,-22.406],[-44.55,-22.413],[-44.535,-22.418],[-44.506,-22.429],[-44.505,-22.429],[-44.485,-22.437],[-44.486,-22.442],[-44.48,-22.449],[-44.479,-22.449],[-44.479,-22.458],[-44.481,-22.459],[-44.489,-22.462],[-44.488,-22.464],[-44.485,-22.467],[-44.51,-22.472],[-44.514,-22.474],[-44.515,-22.485],[-44.529,-22.486],[-44.536,-22.494],[-44.55,-22.497],[-44.569,-22.51],[-44.576,-22.517],[-44.577,-22.526],[-44.566,-22.528],[-44.564,-22.533],[-44.582,-22.544],[-44.586,-22.56],[-44.597,-22.565],[-44.614,-22.556],[-44.626,-22.535],[-44.628,-22.517],[-44.619,-22.508],[-44.616,-22.493],[-44.633,-22.451],[-44.636,-22.444],[-44.66,-22.38],[-44.658,-22.374],[-44.646,-22.365],[-44.642,-22.353],[-44.628,-22.345],[-44.626,-22.336],[-44.617,-22.331],[-44.615,-22.33],[-44.612,-22.328],[-44.589,-22.32],[-44.587,-22.321]]]}},{"type":"Feature","properties":{"id":"3302270","nome":"Japeri"},"geometry":{"type":"Polygon","coordinates":[[[-43.559,-22.636],[-43.553,-22.646],[-43.554,-22.65],[-43.547,-22.655],[-43.534,-22.654],[-43.544,-22.668],[-43.55,-22.67],[-43.556,-22.677],[-43.556,-22.678],[-43.557,-22.689],[-43.585,-22.692],[-43.597,-22.684],[-43.603,-22.692],[-43.61,-22.691],[-43.614,-22.699],[-43.629,-22.721],[-43.638,-22.719],[-43.638,-22.714],[-43.651,-22.682],[-43.65,-22.677],[-43.648,-22.674],[-43.645,-22.67],[-43.636,-22.669],[-43.634,-22.658],[-43.64,-22.651],[-43.65,-22.652],[-43.657,-22.659],[-43.664,-22.657],[-43.67,-22.652],[-43.669,-22.644],[-43.664,-22.621],[-43.653,-22.615],[-43.624,-22.64],[-43.622,-22.642],[-43.621,-22.641],[-43.592,-22.619],[-43.581,-22.617],[-43.569,-22.609],[-43.568,-22.623],[-43.573,-22.631],[-43.559,-22.636]]]}},{"type":"Feature","properties":{"id":"3302304","nome":"Laje do Muria\u00e9"},"geometry":{"type":"Polygon","coordinates":[[[-42.186,-21.174],[-42.175,-21.178],[-42.17,-21.16],[-42.162,-21.158],[-42.16,-21.16],[-42.165,-21.161],[-42.166,-21.165],[-42.163,-21.167],[-42.165,-21.174],[-42.149,-21.16],[-42.122,-21.168],[-42.123,-21.171],[-42.13,-21.17],[-42.129,-21.174],[-42.133,-21.18],[-42.12,-21.195],[-42.12,-21.198],[-42.126,-21.198],[-42.126,-21.199],[-42.125,-21.203],[-42.123,-21.205],[-42.112,-21.214],[-42.108,-21.212],[-42.106,-21.209],[-42.111,-21.206],[-42.111,-21.202],[-42.105,-21.198],[-42.102,-21.184],[-42.097,-21.186],[-42.087,-21.194],[-42.081,-21.177],[-42.072,-21.179],[-42.061,-21.18],[-42.047,-21.18],[-42.056,-21.196],[-42.049,-21.196],[-42.051,-21.213],[-42.044,-21.218],[-42.044,-21.221],[-42.053,-21.225],[-42.054,-21.234],[-42.035,-21.238],[-42.029,-21.241],[-42.029,-21.245],[-42.042,-21.251],[-42.05,-21.255],[-42.055,-21.253],[-42.061,-21.266],[-42.07,-21.265],[-42.08,-21.274],[-42.076,-21.279],[-42.079,-21.299],[-42.088,-21.307],[-42.079,-21.311],[-42.074,-21.315],[-42.076,-21.324],[-42.083,-21.324],[-42.085,-21.337],[-42.088,-21.336],[-42.093,-21.344],[-42.1,-21.337],[-42.114,-21.336],[-42.125,-21.324],[-42.125,-21.319],[-42.131,-21.317],[-42.13,-21.308],[-42.135,-21.31],[-42.139,-21.312],[-42.142,-21.306],[-42.146,-21.306],[-42.162,-21.318],[-42.173,-21.313],[-42.19,-21.313],[-42.198,-21.316],[-42.204,-21.325],[-42.221,-21.333],[-42.224,-21.338],[-42.229,-21.328],[-42.236,-21.325],[-42.238,-21.318],[-42.229,-21.308],[-42.229,-21.285],[-42.224,-21.276],[-42.212,-21.272],[-42.21,-21.266],[-42.193,-21.253],[-42.189,-21.249],[-42.195,-21.238],[-42.188,-21.23],[-42.191,-21.223],[-42.197,-21.226],[-42.203,-21.221],[-42.201,-21.208],[-42.195,-21.201],[-42.206,-21.186],[-42.208,-21.178],[-42.203,-21.174],[-42.194,-21.164],[-42.195,-21.16],[-42.192,-21.158],[-42.187,-21.161],[-42.191,-21.164],[-42.186,-21.174]]]}},{"type":"Feature","properties":{"id":"3302403","nome":"Maca\u00e9"},"geometry":{"type":"Polygon","coordinates":[[[-41.698,-22.41],[-41.695,-22.417],[-41.702,-22.416],[-41.705,-22.41],[-41.705,-22.407],[-41.697,-22.403],[-41.694,-22.407],[-41.698,-22.41]],[[-41.686,-22.397],[-41.687,-22.402],[-41.692,-22.4],[-41.692,-22.397],[-41.686,-22.397]],[[-41.971,-22.131],[-41.973,-22.156],[-41.953,-22.151],[-41.941,-22.158],[-41.934,-22.164],[-41.921,-22.161],[-41.919,-22.171],[-41.914,-22.169],[-41.908,-22.174],[-41.911,-22.184],[-41.901,-22.187],[-41.904,-22.198],[-41.918,-22.215],[-41.919,-22.224],[-41.915,-22.23],[-41.902,-22.231],[-41.9,-22.238],[-41.906,-22.243],[-41.894,-22.248],[-41.892,-22.256],[-41.886,-22.259],[-41.886,-22.268],[-41.878,-22.274],[-41.863,-22.274],[-41.859,-22.267],[-41.852,-22.243],[-41.85,-22.234],[-41.84,-22.199],[-41.819,-22.186],[-41.824,-22.145],[-41.771,-22.179],[-41.705,-22.257],[-41.708,-22.266],[-41.705,-22.276],[-41.7,-22.281],[-41.695,-22.286],[-41.689,-22.3],[-41.695,-22.303],[-41.741,-22.34],[-41.753,-22.346],[-41.767,-22.355],[-41.773,-22.364],[-41.774,-22.374],[-41.767,-22.377],[-41.771,-22.384],[-41.768,-22.388],[-41.787,-22.398],[-41.79,-22.4],[-41.817,-22.416],[-41.825,-22.409],[-41.847,-22.41],[-41.854,-22.408],[-41.861,-22.418],[-41.866,-22.42],[-41.872,-22.419],[-41.873,-22.418],[-41.877,-22.419],[-41.893,-22.412],[-41.907,-22.399],[-41.941,-22.392],[-41.937,-22.377],[-41.942,-22.379],[-41.945,-22.392],[-41.951,-22.393],[-41.953,-22.388],[-41.965,-22.387],[-41.99,-22.398],[-42.001,-22.398],[-42.008,-22.395],[-42.018,-22.391],[-42.024,-22.389],[-42.047,-22.403],[-42.064,-22.422],[-42.064,-22.434],[-42.069,-22.435],[-42.072,-22.432],[-42.077,-22.431],[-42.088,-22.439],[-42.106,-22.436],[-42.099,-22.418],[-42.099,-22.405],[-42.117,-22.402],[-42.124,-22.405],[-42.127,-22.412],[-42.138,-22.413],[-42.141,-22.424],[-42.146,-22.427],[-42.153,-22.421],[-42.162,-22.423],[-42.162,-22.428],[-42.172,-22.421],[-42.179,-22.428],[-42.189,-22.433],[-42.203,-22.428],[-42.207,-22.42],[-42.205,-22.413],[-42.219,-22.406],[-42.211,-22.395],[-42.214,-22.391],[-42.207,-22.387],[-42.211,-22.381],[-42.216,-22.382],[-42.216,-22.374],[-42.205,-22.37],[-42.206,-22.368],[-42.208,-22.361],[-42.216,-22.341],[-42.262,-22.321],[-42.266,-22.315],[-42.253,-22.31],[-42.251,-22.306],[-42.248,-22.293],[-42.239,-22.286],[-42.234,-22.288],[-42.227,-22.274],[-42.211,-22.26],[-42.204,-22.254],[-42.194,-22.245],[-42.183,-22.243],[-42.178,-22.233],[-42.168,-22.224],[-42.163,-22.221],[-42.159,-22.215],[-42.147,-22.21],[-42.128,-22.214],[-42.114,-22.206],[-42.108,-22.209],[-42.097,-22.202],[-42.093,-22.201],[-42.096,-22.192],[-42.093,-22.189],[-42.097,-22.183],[-42.089,-22.172],[-42.076,-22.163],[-42.04,-22.161],[-42.027,-22.157],[-42.024,-22.152],[-42.02,-22.147],[-42.006,-22.142],[-41.978,-22.125],[-41.971,-22.131]]]}},{"type":"Feature","properties":{"id":"3302452","nome":"Macuco"},"geometry":{"type":"Polygon","coordinates":[[[-42.3,-21.974],[-42.292,-21.981],[-42.289,-21.979],[-42.278,-21.988],[-42.272,-21.984],[-42.262,-21.988],[-42.257,-21.99],[-42.25,-21.977],[-42.249,-21.977],[-42.243,-21.973],[-42.242,-21.973],[-42.23,-21.975],[-42.226,-21.988],[-42.22,-21.996],[-42.224,-22.006],[-42.219,-22.009],[-42.224,-22.013],[-42.233,-22.029],[-42.24,-22.024],[-42.251,-22.028],[-42.24,-22.034],[-42.249,-22.044],[-42.26,-22.046],[-42.261,-22.063],[-42.269,-22.069],[-42.265,-22.082],[-42.269,-22.089],[-42.278,-22.091],[-42.283,-22.087],[-42.298,-22.082],[-42.312,-22.069],[-42.311,-22.057],[-42.301,-22.049],[-42.296,-22.041],[-42.298,-22.03],[-42.304,-22.028],[-42.311,-22.031],[-42.316,-22.002],[-42.318,-21.997],[-42.314,-21.997],[-42.308,-21.981],[-42.301,-21.987],[-42.3,-21.974]]]}},{"type":"Feature","properties":{"id":"3302502","nome":"Mag\u00e9"},"geometry":{"type":"Polygon","coordinates":[[[-43.062,-22.485],[-43.055,-22.488],[-43.047,-22.488],[-43.028,-22.499],[-43.028,-22.513],[-43.022,-22.515],[-43.023,-22.522],[-43.019,-22.526],[-43.016,-22.552],[-43.016,-22.557],[-43.016,-22.562],[-43.015,-22.57],[-43.013,-22.637],[-43.022,-22.651],[-43.022,-22.664],[-43.028,-22.665],[-43.032,-22.674],[-43.036,-22.679],[-43.041,-22.678],[-43.044,-22.685],[-43.05,-22.689],[-43.055,-22.681],[-43.056,-22.685],[-43.065,-22.686],[-43.086,-22.677],[-43.092,-22.685],[-43.104,-22.687],[-43.108,-22.687],[-43.106,-22.694],[-43.109,-22.693],[-43.114,-22.688],[-43.112,-22.693],[-43.116,-22.696],[-43.117,-22.706],[-43.127,-22.714],[-43.134,-22.714],[-43.142,-22.708],[-43.152,-22.707],[-43.164,-22.71],[-43.166,-22.714],[-43.181,-22.72],[-43.215,-22.727],[-43.221,-22.724],[-43.224,-22.715],[-43.218,-22.707],[-43.214,-22.707],[-43.215,-22.701],[-43.218,-22.687],[-43.219,-22.68],[-43.224,-22.675],[-43.22,-22.661],[-43.211,-22.642],[-43.195,-22.629],[-43.194,-22.622],[-43.202,-22.608],[-43.205,-22.602],[-43.224,-22.565],[-43.225,-22.563],[-43.196,-22.561],[-43.149,-22.539],[-43.122,-22.53],[-43.107,-22.533],[-43.071,-22.504],[-43.071,-22.498],[-43.077,-22.491],[-43.08,-22.49],[-43.078,-22.487],[-43.062,-22.483],[-43.062,-22.485]]]}},{"type":"Feature","properties":{"id":"3302601","nome":"Mangaratiba"},"geometry":{"type":"Polygon","coordinates":[[[-44.136,-23.043],[-44.137,-23.044],[-44.138,-23.043],[-44.139,-23.043],[-44.139,-23.042],[-44.138,-23.041],[-44.136,-23.04],[-44.136,-23.042],[-44.136,-23.043]],[[-44.123,-23.04],[-44.129,-23.042],[-44.131,-23.038],[-44.129,-23.035],[-44.123,-23.04]],[[-44.158,-23.04],[-44.161,-23.04],[-44.159,-23.036],[-44.158,-23.04]],[[-43.864,-23.044],[-43.859,-23.072],[-43.956,-23.088],[-43.987,-23.102],[-44.007,-23.095],[-44.008,-23.082],[-44.012,-23.078],[-44.007,-23.071],[-43.999,-23.072],[-43.993,-23.067],[-43.991,-23.057],[-43.984,-23.059],[-43.974,-23.045],[-43.955,-23.04],[-43.949,-23.049],[-43.931,-23.057],[-43.919,-23.058],[-43.899,-23.068],[-43.885,-23.067],[-43.877,-23.058],[-43.88,-23.042],[-43.907,-23.026],[-43.912,-23.02],[-43.901,-23.029],[-43.864,-23.044]],[[-43.953,-23.022],[-43.951,-23.025],[-43.954,-23.024],[-43.953,-23.022]],[[-43.944,-23.02],[-43.944,-23.023],[-43.947,-23.023],[-43.944,-23.02]],[[-44.109,-23.023],[-44.11,-23.024],[-44.111,-23.023],[-44.11,-23.023],[-44.11,-23.022],[-44.109,-23.022],[-44.109,-23.023]],[[-43.949,-23.006],[-43.952,-23.009],[-43.955,-23.006],[-43.949,-23.006]],[[-43.953,-23.003],[-43.954,-23.003],[-43.954,-23.002],[-43.954,-23.001],[-43.953,-23.001],[-43.953,-23.0],[-43.952,-23.0],[-43.952,-23.001],[-43.953,-23.002],[-43.953,-23.003]],[[-43.908,-22.989],[-43.91,-22.994],[-43.912,-22.993],[-43.908,-22.989]],[[-44.034,-22.996],[-44.03,-23.007],[-44.038,-23.011],[-44.043,-23.006],[-44.047,-23.011],[-44.052,-23.005],[-44.049,-23.001],[-44.034,-22.996]],[[-43.926,-23.0],[-43.934,-23.015],[-43.937,-23.004],[-43.937,-22.998],[-43.931,-22.995],[-43.928,-22.989],[-43.918,-22.988],[-43.917,-22.993],[-43.926,-23.0]],[[-43.92,-22.987],[-43.922,-22.987],[-43.923,-22.987],[-43.924,-22.987],[-43.923,-22.986],[-43.922,-22.985],[-43.922,-22.984],[-43.919,-22.984],[-43.918,-22.985],[-43.919,-22.986],[-43.92,-22.987]],[[-43.908,-22.979],[-43.91,-22.983],[-43.914,-22.983],[-43.914,-22.979],[-43.908,-22.979]],[[-44.041,-22.986],[-44.04,-22.989],[-44.044,-22.988],[-44.041,-22.986]],[[-43.95,-22.959],[-43.949,-22.959],[-43.948,-22.959],[-43.947,-22.96],[-43.947,-22.961],[-43.95,-22.96],[-43.951,-22.96],[-43.95,-22.959]],[[-43.966,-22.944],[-43.967,-22.945],[-43.968,-22.945],[-43.967,-22.945],[-43.967,-22.944],[-43.968,-22.943],[-43.966,-22.943],[-43.966,-22.944]],[[-43.962,-22.944],[-43.963,-22.945],[-43.964,-22.945],[-43.964,-22.944],[-43.964,-22.943],[-43.963,-22.943],[-43.962,-22.942],[-43.962,-22.943],[-43.962,-22.944]],[[-43.915,-22.939],[-43.915,-22.94],[-43.915,-22.941],[-43.916,-22.942],[-43.918,-22.943],[-43.92,-22.944],[-43.92,-22.945],[-43.92,-22.944],[-43.92,-22.942],[-43.919,-22.941],[-43.919,-22.94],[-43.918,-22.94],[-43.916,-22.94],[-43.915,-22.939]],[[-43.884,-22.927],[-43.884,-22.94],[-43.884,-22.946],[-43.884,-22.947],[-43.896,-22.958],[-43.905,-22.958],[-43.909,-22.955],[-43.905,-22.947],[-43.912,-22.942],[-43.912,-22.934],[-43.901,-22.93],[-43.893,-22.933],[-43.892,-22.928],[-43.886,-22.931],[-43.884,-22.927]],[[-44.113,-22.86],[-44.088,-22.883],[-44.079,-22.879],[-44.051,-22.877],[-44.04,-22.882],[-44.019,-22.871],[-44.004,-22.859],[-44.003,-22.86],[-43.997,-22.866],[-43.995,-22.868],[-43.98,-22.864],[-43.967,-22.885],[-43.938,-22.887],[-43.938,-22.888],[-43.936,-22.892],[-43.924,-22.894],[-43.912,-22.884],[-43.905,-22.886],[-43.893,-22.881],[-43.885,-22.885],[-43.885,-22.896],[-43.884,-22.922],[-43.893,-22.922],[-43.91,-22.93],[-43.93,-22.929],[-43.941,-22.93],[-43.951,-22.927],[-43.965,-22.934],[-43.977,-22.931],[-43.989,-22.935],[-43.994,-22.941],[-44.0,-22.942],[-44.003,-22.938],[-44.012,-22.95],[-44.022,-22.956],[-44.022,-22.963],[-44.03,-22.964],[-44.034,-22.981],[-44.047,-22.984],[-44.056,-22.981],[-44.041,-22.962],[-44.045,-22.956],[-44.039,-22.95],[-44.046,-22.938],[-44.062,-22.949],[-44.075,-22.952],[-44.081,-22.959],[-44.081,-22.956],[-44.083,-22.959],[-44.075,-22.973],[-44.081,-22.991],[-44.096,-22.996],[-44.095,-23.004],[-44.105,-23.015],[-44.13,-23.032],[-44.147,-23.035],[-44.152,-23.04],[-44.157,-23.033],[-44.166,-23.032],[-44.165,-23.016],[-44.163,-23.009],[-44.174,-22.986],[-44.189,-22.951],[-44.187,-22.939],[-44.193,-22.928],[-44.182,-22.926],[-44.176,-22.93],[-44.174,-22.918],[-44.169,-22.911],[-44.163,-22.9],[-44.161,-22.903],[-44.156,-22.902],[-44.142,-22.882],[-44.127,-22.876],[-44.118,-22.861],[-44.113,-22.86]]]}},{"type":"Feature","properties":{"id":"3302700","nome":"Maric\u00e1"},"geometry":{"type":"Polygon","coordinates":[[[-42.732,-22.841],[-42.715,-22.853],[-42.702,-22.849],[-42.699,-22.856],[-42.67,-22.857],[-42.661,-22.859],[-42.672,-22.87],[-42.679,-22.878],[-42.677,-22.898],[-42.676,-22.904],[-42.68,-22.91],[-42.67,-22.91],[-42.656,-22.904],[-42.642,-22.91],[-42.636,-22.937],[-42.678,-22.946],[-42.684,-22.95],[-42.685,-22.959],[-42.692,-22.962],[-42.698,-22.957],[-42.714,-22.956],[-42.813,-22.961],[-42.854,-22.964],[-42.876,-22.966],[-42.918,-22.974],[-42.994,-22.969],[-43.011,-22.971],[-43.014,-22.976],[-43.023,-22.971],[-43.022,-22.96],[-43.0,-22.942],[-42.992,-22.939],[-42.974,-22.918],[-42.955,-22.908],[-42.954,-22.9],[-42.954,-22.892],[-42.923,-22.882],[-42.902,-22.878],[-42.886,-22.867],[-42.874,-22.87],[-42.866,-22.872],[-42.864,-22.872],[-42.862,-22.87],[-42.859,-22.869],[-42.846,-22.872],[-42.837,-22.871],[-42.834,-22.869],[-42.825,-22.859],[-42.818,-22.859],[-42.797,-22.85],[-42.765,-22.843],[-42.756,-22.85],[-42.749,-22.85],[-42.733,-22.841],[-42.732,-22.841]]]}},{"type":"Feature","properties":{"id":"3302809","nome":"Mendes"},"geometry":{"type":"Polygon","coordinates":[[[-43.698,-22.541],[-43.713,-22.55],[-43.714,-22.561],[-43.729,-22.564],[-43.766,-22.594],[-43.771,-22.595],[-43.772,-22.606],[-43.775,-22.597],[-43.771,-22.59],[-43.778,-22.581],[-43.777,-22.567],[-43.782,-22.564],[-43.788,-22.55],[-43.79,-22.552],[-43.794,-22.549],[-43.797,-22.551],[-43.793,-22.538],[-43.792,-22.534],[-43.778,-22.531],[-43.77,-22.517],[-43.766,-22.459],[-43.755,-22.459],[-43.749,-22.463],[-43.752,-22.466],[-43.747,-22.473],[-43.741,-22.482],[-43.717,-22.496],[-43.698,-22.541]]]}},{"type":"Feature","properties":{"id":"3302858","nome":"Mesquita"},"geometry":{"type":"Polygon","coordinates":[[[-43.396,-22.777],[-43.411,-22.792],[-43.437,-22.808],[-43.448,-22.825],[-43.47,-22.84],[-43.485,-22.83],[-43.49,-22.816],[-43.494,-22.816],[-43.492,-22.802],[-43.477,-22.799],[-43.476,-22.788],[-43.471,-22.787],[-43.468,-22.782],[-43.463,-22.784],[-43.433,-22.766],[-43.423,-22.764],[-43.419,-22.768],[-43.411,-22.768],[-43.396,-22.777]]]}},{"type":"Feature","properties":{"id":"3302908","nome":"Miguel Pereira"},"geometry":{"type":"Polygon","coordinates":[[[-43.449,-22.44],[-43.439,-22.445],[-43.442,-22.449],[-43.438,-22.456],[-43.435,-22.46],[-43.441,-22.467],[-43.438,-22.471],[-43.43,-22.475],[-43.429,-22.472],[-43.421,-22.469],[-43.408,-22.47],[-43.396,-22.464],[-43.395,-22.464],[-43.383,-22.46],[-43.37,-22.451],[-43.365,-22.453],[-43.351,-22.448],[-43.35,-22.451],[-43.342,-22.451],[-43.322,-22.458],[-43.313,-22.455],[-43.306,-22.457],[-43.298,-22.452],[-43.288,-22.46],[-43.291,-22.464],[-43.297,-22.464],[-43.3,-22.471],[-43.303,-22.474],[-43.296,-22.475],[-43.3,-22.483],[-43.332,-22.512],[-43.332,-22.519],[-43.356,-22.522],[-43.367,-22.526],[-43.375,-22.52],[-43.378,-22.523],[-43.384,-22.53],[-43.404,-22.535],[-43.419,-22.538],[-43.447,-22.527],[-43.465,-22.538],[-43.468,-22.544],[-43.473,-22.54],[-43.485,-22.549],[-43.492,-22.55],[-43.51,-22.571],[-43.514,-22.572],[-43.521,-22.567],[-43.533,-22.566],[-43.536,-22.57],[-43.542,-22.565],[-43.545,-22.571],[-43.55,-22.573],[-43.558,-22.567],[-43.559,-22.576],[-43.563,-22.579],[-43.565,-22.576],[-43.583,-22.581],[-43.588,-22.592],[-43.594,-22.595],[-43.623,-22.618],[-43.622,-22.642],[-43.624,-22.64],[-43.653,-22.615],[-43.611,-22.583],[-43.598,-22.569],[-43.597,-22.564],[-43.585,-22.544],[-43.573,-22.524],[-43.561,-22.504],[-43.557,-22.515],[-43.554,-22.526],[-43.544,-22.471],[-43.54,-22.451],[-43.53,-22.442],[-43.517,-22.446],[-43.505,-22.434],[-43.508,-22.426],[-43.492,-22.419],[-43.491,-22.419],[-43.473,-22.428],[-43.449,-22.44]]]}},{"type":"Feature","properties":{"id":"3303005","nome":"Miracema"},"geometry":{"type":"Polygon","coordinates":[[[-42.142,-21.306],[-42.139,-21.312],[-42.135,-21.31],[-42.13,-21.308],[-42.131,-21.317],[-42.125,-21.319],[-42.125,-21.324],[-42.114,-21.336],[-42.1,-21.337],[-42.093,-21.344],[-42.096,-21.348],[-42.075,-21.355],[-42.07,-21.352],[-42.065,-21.355],[-42.05,-21.354],[-42.046,-21.348],[-42.034,-21.343],[-42.038,-21.357],[-42.039,-21.366],[-42.028,-21.376],[-42.031,-21.384],[-42.03,-21.39],[-42.037,-21.396],[-42.058,-21.433],[-42.08,-21.45],[-42.083,-21.447],[-42.094,-21.454],[-42.099,-21.451],[-42.106,-21.452],[-42.123,-21.474],[-42.135,-21.47],[-42.136,-21.47],[-42.136,-21.471],[-42.137,-21.471],[-42.197,-21.469],[-42.202,-21.469],[-42.231,-21.452],[-42.237,-21.449],[-42.275,-21.428],[-42.279,-21.41],[-42.274,-21.403],[-42.267,-21.4],[-42.26,-21.41],[-42.239,-21.403],[-42.238,-21.392],[-42.25,-21.39],[-42.252,-21.386],[-42.241,-21.377],[-42.241,-21.373],[-42.229,-21.366],[-42.232,-21.354],[-42.229,-21.351],[-42.236,-21.343],[-42.224,-21.338],[-42.221,-21.333],[-42.204,-21.325],[-42.198,-21.316],[-42.19,-21.313],[-42.173,-21.313],[-42.162,-21.318],[-42.146,-21.306],[-42.142,-21.306]]]}},{"type":"Feature","properties":{"id":"3303104","nome":"Natividade"},"geometry":{"type":"Polygon","coordinates":[[[-41.913,-20.94],[-41.918,-20.946],[-41.916,-20.954],[-41.906,-20.965],[-41.897,-20.965],[-41.895,-20.969],[-41.892,-20.972],[-41.868,-20.973],[-41.861,-20.969],[-41.855,-20.949],[-41.837,-20.956],[-41.827,-20.95],[-41.82,-20.955],[-41.817,-20.963],[-41.811,-20.961],[-41.817,-20.974],[-41.801,-20.986],[-41.82,-21.025],[-41.824,-21.031],[-41.835,-21.045],[-41.838,-21.054],[-41.853,-21.056],[-41.848,-21.058],[-41.847,-21.072],[-41.84,-21.069],[-41.842,-21.073],[-41.839,-21.075],[-41.839,-21.08],[-41.846,-21.089],[-41.863,-21.099],[-41.872,-21.101],[-41.876,-21.115],[-41.894,-21.117],[-41.898,-21.134],[-41.905,-21.137],[-41.916,-21.13],[-41.917,-21.129],[-41.919,-21.13],[-41.913,-21.136],[-41.92,-21.136],[-41.926,-21.146],[-41.924,-21.15],[-41.93,-21.156],[-41.945,-21.151],[-41.964,-21.134],[-41.974,-21.133],[-41.977,-21.121],[-41.999,-21.125],[-42.009,-21.122],[-42.016,-21.126],[-42.015,-21.133],[-42.021,-21.134],[-42.027,-21.133],[-42.029,-21.128],[-42.036,-21.114],[-42.029,-21.102],[-42.024,-21.101],[-42.024,-21.093],[-42.016,-21.081],[-42.024,-21.073],[-42.025,-21.073],[-42.039,-21.074],[-42.038,-21.067],[-42.051,-21.039],[-42.08,-21.03],[-42.084,-21.028],[-42.085,-21.022],[-42.066,-21.025],[-42.06,-21.021],[-42.051,-21.023],[-42.046,-21.019],[-42.02,-21.014],[-42.014,-21.015],[-42.011,-21.013],[-42.004,-21.01],[-42.002,-21.013],[-42.0,-20.996],[-42.004,-20.992],[-42.0,-20.984],[-42.003,-20.982],[-42.003,-20.976],[-42.0,-20.976],[-42.002,-20.967],[-41.981,-20.957],[-41.979,-20.959],[-41.955,-20.96],[-41.952,-20.96],[-41.949,-20.939],[-41.943,-20.938],[-41.938,-20.946],[-41.933,-20.944],[-41.926,-20.933],[-41.911,-20.929],[-41.913,-20.94]]]}},{"type":"Feature","properties":{"id":"3303203","nome":"Nil\u00f3polis"},"geometry":{"type":"Polygon","coordinates":[[[-43.425,-22.834],[-43.458,-22.849],[-43.463,-22.845],[-43.47,-22.84],[-43.448,-22.825],[-43.437,-22.808],[-43.411,-22.792],[-43.402,-22.802],[-43.399,-22.805],[-43.391,-22.814],[-43.414,-22.821],[-43.425,-22.834]]]}},{"type":"Feature","properties":{"id":"3303302","nome":"Niter\u00f3i"},"geometry":{"type":"Polygon","coordinates":[[[-43.029,-22.876],[-43.008,-22.892],[-42.99,-22.888],[-42.987,-22.893],[-42.986,-22.911],[-42.98,-22.917],[-42.975,-22.906],[-42.954,-22.9],[-42.955,-22.908],[-42.974,-22.918],[-42.992,-22.939],[-43.0,-22.942],[-43.022,-22.96],[-43.023,-22.971],[-43.014,-22.976],[-43.023,-22.975],[-43.024,-22.98],[-43.028,-22.981],[-43.031,-22.976],[-43.039,-22.975],[-43.052,-22.982],[-43.052,-22.978],[-43.046,-22.972],[-43.054,-22.963],[-43.082,-22.955],[-43.111,-22.954],[-43.114,-22.952],[-43.114,-22.947],[-43.12,-22.946],[-43.117,-22.938],[-43.135,-22.939],[-43.126,-22.935],[-43.124,-22.923],[-43.12,-22.923],[-43.116,-22.931],[-43.113,-22.929],[-43.114,-22.933],[-43.108,-22.938],[-43.102,-22.936],[-43.095,-22.926],[-43.096,-22.915],[-43.111,-22.916],[-43.117,-22.905],[-43.124,-22.906],[-43.131,-22.912],[-43.137,-22.903],[-43.125,-22.895],[-43.126,-22.885],[-43.134,-22.885],[-43.133,-22.88],[-43.13,-22.877],[-43.122,-22.878],[-43.12,-22.883],[-43.115,-22.881],[-43.112,-22.868],[-43.103,-22.857],[-43.099,-22.859],[-43.051,-22.874],[-43.029,-22.876]]]}},{"type":"Feature","properties":{"id":"3303401","nome":"Nova Friburgo"},"geometry":{"type":"Polygon","coordinates":[[[-42.525,-22.16],[-42.486,-22.193],[-42.486,-22.194],[-42.485,-22.2],[-42.48,-22.204],[-42.472,-22.212],[-42.475,-22.223],[-42.475,-22.225],[-42.453,-22.239],[-42.453,-22.24],[-42.408,-22.269],[-42.405,-22.271],[-42.39,-22.282],[-42.377,-22.29],[-42.372,-22.294],[-42.358,-22.303],[-42.351,-22.301],[-42.346,-22.306],[-42.336,-22.3],[-42.315,-22.298],[-42.288,-22.293],[-42.279,-22.294],[-42.274,-22.302],[-42.269,-22.302],[-42.265,-22.307],[-42.256,-22.304],[-42.251,-22.306],[-42.253,-22.31],[-42.266,-22.315],[-42.262,-22.321],[-42.216,-22.341],[-42.208,-22.361],[-42.206,-22.368],[-42.211,-22.361],[-42.217,-22.359],[-42.218,-22.355],[-42.226,-22.352],[-42.223,-22.358],[-42.24,-22.361],[-42.252,-22.367],[-42.258,-22.366],[-42.26,-22.371],[-42.276,-22.379],[-42.29,-22.391],[-42.279,-22.402],[-42.315,-22.424],[-42.325,-22.421],[-42.325,-22.426],[-42.333,-22.425],[-42.335,-22.429],[-42.344,-22.424],[-42.355,-22.429],[-42.366,-22.419],[-42.371,-22.425],[-42.39,-22.421],[-42.404,-22.429],[-42.41,-22.428],[-42.423,-22.428],[-42.433,-22.432],[-42.445,-22.433],[-42.453,-22.434],[-42.457,-22.443],[-42.467,-22.447],[-42.478,-22.448],[-42.483,-22.442],[-42.496,-22.435],[-42.509,-22.436],[-42.512,-22.433],[-42.536,-22.456],[-42.543,-22.457],[-42.552,-22.455],[-42.55,-22.452],[-42.557,-22.45],[-42.563,-22.446],[-42.571,-22.449],[-42.572,-22.443],[-42.576,-22.441],[-42.559,-22.424],[-42.555,-22.411],[-42.559,-22.411],[-42.558,-22.405],[-42.551,-22.386],[-42.558,-22.377],[-42.554,-22.373],[-42.565,-22.36],[-42.585,-22.355],[-42.596,-22.368],[-42.61,-22.374],[-42.617,-22.385],[-42.634,-22.392],[-42.652,-22.395],[-42.656,-22.392],[-42.655,-22.387],[-42.662,-22.385],[-42.684,-22.393],[-42.696,-22.388],[-42.697,-22.379],[-42.711,-22.377],[-42.711,-22.373],[-42.71,-22.362],[-42.717,-22.357],[-42.727,-22.355],[-42.723,-22.35],[-42.728,-22.335],[-42.724,-22.335],[-42.719,-22.331],[-42.718,-22.328],[-42.726,-22.315],[-42.72,-22.306],[-42.716,-22.296],[-42.712,-22.293],[-42.711,-22.287],[-42.718,-22.277],[-42.714,-22.267],[-42.712,-22.266],[-42.704,-22.259],[-42.69,-22.253],[-42.674,-22.24],[-42.671,-22.223],[-42.659,-22.218],[-42.659,-22.209],[-42.652,-22.213],[-42.644,-22.212],[-42.643,-22.208],[-42.647,-22.205],[-42.639,-22.201],[-42.643,-22.196],[-42.642,-22.191],[-42.641,-22.187],[-42.631,-22.186],[-42.613,-22.196],[-42.606,-22.193],[-42.603,-22.189],[-42.592,-22.179],[-42.582,-22.177],[-42.577,-22.179],[-42.572,-22.175],[-42.566,-22.178],[-42.564,-22.172],[-42.555,-22.172],[-42.557,-22.163],[-42.553,-22.159],[-42.545,-22.155],[-42.529,-22.157],[-42.525,-22.16]]]}},{"type":"Feature","properties":{"id":"3303500","nome":"Nova Igua\u00e7u"},"geometry":{"type":"Polygon","coordinates":[[[-43.447,-22.527],[-43.419,-22.538],[-43.404,-22.535],[-43.404,-22.542],[-43.409,-22.545],[-43.392,-22.556],[-43.388,-22.572],[-43.403,-22.587],[-43.415,-22.593],[-43.415,-22.601],[-43.41,-22.611],[-43.401,-22.611],[-43.383,-22.622],[-43.383,-22.631],[-43.392,-22.642],[-43.401,-22.656],[-43.395,-22.664],[-43.375,-22.672],[-43.366,-22.68],[-43.365,-22.684],[-43.365,-22.685],[-43.37,-22.693],[-43.382,-22.688],[-43.384,-22.691],[-43.386,-22.689],[-43.407,-22.694],[-43.41,-22.699],[-43.423,-22.704],[-43.43,-22.703],[-43.428,-22.716],[-43.434,-22.722],[-43.43,-22.733],[-43.423,-22.75],[-43.414,-22.754],[-43.416,-22.764],[-43.411,-22.768],[-43.419,-22.768],[-43.423,-22.764],[-43.433,-22.766],[-43.463,-22.784],[-43.468,-22.782],[-43.471,-22.787],[-43.476,-22.788],[-43.477,-22.799],[-43.492,-22.802],[-43.494,-22.816],[-43.516,-22.82],[-43.535,-22.824],[-43.567,-22.831],[-43.576,-22.832],[-43.588,-22.838],[-43.593,-22.86],[-43.597,-22.857],[-43.624,-22.862],[-43.644,-22.856],[-43.662,-22.864],[-43.674,-22.864],[-43.671,-22.853],[-43.654,-22.848],[-43.624,-22.826],[-43.623,-22.82],[-43.629,-22.811],[-43.627,-22.806],[-43.635,-22.783],[-43.623,-22.782],[-43.622,-22.774],[-43.627,-22.772],[-43.617,-22.763],[-43.613,-22.748],[-43.602,-22.747],[-43.597,-22.753],[-43.582,-22.754],[-43.569,-22.752],[-43.559,-22.758],[-43.542,-22.754],[-43.535,-22.751],[-43.534,-22.748],[-43.532,-22.738],[-43.542,-22.735],[-43.538,-22.717],[-43.542,-22.715],[-43.535,-22.707],[-43.536,-22.703],[-43.521,-22.694],[-43.514,-22.694],[-43.513,-22.69],[-43.534,-22.688],[-43.542,-22.68],[-43.556,-22.678],[-43.556,-22.677],[-43.55,-22.67],[-43.544,-22.668],[-43.534,-22.654],[-43.547,-22.655],[-43.554,-22.65],[-43.553,-22.646],[-43.559,-22.636],[-43.573,-22.631],[-43.568,-22.623],[-43.569,-22.609],[-43.581,-22.617],[-43.592,-22.619],[-43.621,-22.641],[-43.622,-22.642],[-43.623,-22.618],[-43.594,-22.595],[-43.588,-22.592],[-43.583,-22.581],[-43.565,-22.576],[-43.563,-22.579],[-43.559,-22.576],[-43.558,-22.567],[-43.55,-22.573],[-43.545,-22.571],[-43.542,-22.565],[-43.536,-22.57],[-43.533,-22.566],[-43.521,-22.567],[-43.514,-22.572],[-43.51,-22.571],[-43.492,-22.55],[-43.485,-22.549],[-43.473,-22.54],[-43.468,-22.544],[-43.465,-22.538],[-43.447,-22.527]]]}},{"type":"Feature","properties":{"id":"3303609","nome":"Paracambi"},"geometry":{"type":"Polygon","coordinates":[[[-43.598,-22.569],[-43.611,-22.583],[-43.653,-22.615],[-43.664,-22.621],[-43.669,-22.644],[-43.67,-22.652],[-43.678,-22.647],[-43.691,-22.65],[-43.709,-22.639],[-43.713,-22.641],[-43.711,-22.647],[-43.748,-22.685],[-43.753,-22.699],[-43.759,-22.702],[-43.765,-22.701],[-43.772,-22.693],[-43.783,-22.696],[-43.785,-22.693],[-43.785,-22.692],[-43.804,-22.691],[-43.81,-22.687],[-43.815,-22.687],[-43.814,-22.681],[-43.82,-22.679],[-43.817,-22.674],[-43.817,-22.667],[-43.825,-22.657],[-43.834,-22.655],[-43.839,-22.648],[-43.821,-22.638],[-43.8,-22.625],[-43.794,-22.614],[-43.779,-22.611],[-43.772,-22.606],[-43.771,-22.595],[-43.766,-22.594],[-43.729,-22.564],[-43.714,-22.561],[-43.713,-22.562],[-43.705,-22.564],[-43.689,-22.551],[-43.683,-22.555],[-43.682,-22.558],[-43.69,-22.567],[-43.69,-22.574],[-43.693,-22.577],[-43.672,-22.586],[-43.659,-22.581],[-43.634,-22.571],[-43.635,-22.557],[-43.623,-22.542],[-43.625,-22.53],[-43.622,-22.526],[-43.597,-22.564],[-43.598,-22.569]]]}},{"type":"Feature","properties":{"id":"3303708","nome":"Para\u00edba do Sul"},"geometry":{"type":"Polygon","coordinates":[[[-43.346,-22.017],[-43.346,-22.054],[-43.34,-22.05],[-43.316,-22.064],[-43.298,-22.063],[-43.292,-22.068],[-43.283,-22.067],[-43.281,-22.073],[-43.274,-22.075],[-43.268,-22.072],[-43.262,-22.059],[-43.255,-22.056],[-43.259,-22.102],[-43.25,-22.13],[-43.25,-22.131],[-43.245,-22.138],[-43.242,-22.141],[-43.238,-22.144],[-43.201,-22.177],[-43.198,-22.2],[-43.168,-22.187],[-43.163,-22.192],[-43.159,-22.193],[-43.16,-22.203],[-43.162,-22.211],[-43.167,-22.214],[-43.164,-22.224],[-43.173,-22.243],[-43.177,-22.264],[-43.175,-22.269],[-43.181,-22.292],[-43.183,-22.296],[-43.177,-22.298],[-43.181,-22.301],[-43.184,-22.301],[-43.201,-22.303],[-43.207,-22.299],[-43.212,-22.3],[-43.216,-22.305],[-43.224,-22.304],[-43.228,-22.31],[-43.236,-22.311],[-43.242,-22.303],[-43.249,-22.312],[-43.253,-22.314],[-43.263,-22.321],[-43.262,-22.327],[-43.262,-22.332],[-43.269,-22.335],[-43.269,-22.34],[-43.274,-22.346],[-43.283,-22.364],[-43.296,-22.344],[-43.323,-22.305],[-43.329,-22.295],[-43.349,-22.275],[-43.363,-22.259],[-43.363,-22.258],[-43.397,-22.223],[-43.403,-22.216],[-43.404,-22.208],[-43.408,-22.19],[-43.426,-22.11],[-43.427,-22.103],[-43.437,-22.06],[-43.428,-22.054],[-43.419,-22.053],[-43.388,-22.032],[-43.368,-22.02],[-43.365,-22.011],[-43.352,-22.008],[-43.349,-22.003],[-43.346,-22.003],[-43.346,-22.017]]]}},{"type":"Feature","properties":{"id":"3303807","nome":"Paraty"},"geometry":{"type":"Polygon","coordinates":[[[-44.718,-23.359],[-44.719,-23.359],[-44.72,-23.359],[-44.72,-23.358],[-44.719,-23.358],[-44.718,-23.359]],[[-44.672,-23.357],[-44.673,-23.357],[-44.673,-23.356],[-44.673,-23.355],[-44.672,-23.355],[-44.671,-23.355],[-44.671,-23.356],[-44.672,-23.357]],[[-44.569,-23.348],[-44.568,-23.348],[-44.567,-23.348],[-44.567,-23.349],[-44.567,-23.35],[-44.567,-23.351],[-44.568,-23.351],[-44.568,-23.352],[-44.569,-23.352],[-44.57,-23.353],[-44.571,-23.353],[-44.57,-23.351],[-44.57,-23.35],[-44.57,-23.349],[-44.57,-23.348],[-44.569,-23.348]],[[-44.571,-23.268],[-44.571,-23.267],[-44.571,-23.266],[-44.57,-23.266],[-44.569,-23.265],[-44.568,-23.264],[-44.567,-23.265],[-44.568,-23.265],[-44.569,-23.266],[-44.57,-23.267],[-44.571,-23.268]],[[-44.668,-23.24],[-44.67,-23.24],[-44.671,-23.24],[-44.671,-23.239],[-44.67,-23.239],[-44.668,-23.239],[-44.668,-23.24]],[[-44.634,-23.225],[-44.649,-23.231],[-44.646,-23.227],[-44.634,-23.225]],[[-44.556,-23.224],[-44.557,-23.224],[-44.557,-23.223],[-44.557,-23.222],[-44.556,-23.221],[-44.554,-23.221],[-44.554,-23.22],[-44.554,-23.221],[-44.554,-23.222],[-44.555,-23.222],[-44.555,-23.223],[-44.556,-23.224]],[[-44.582,-23.211],[-44.583,-23.212],[-44.584,-23.212],[-44.585,-23.212],[-44.585,-23.211],[-44.584,-23.211],[-44.583,-23.211],[-44.582,-23.211]],[[-44.689,-23.214],[-44.691,-23.218],[-44.693,-23.216],[-44.689,-23.214]],[[-44.594,-23.202],[-44.587,-23.207],[-44.584,-23.205],[-44.586,-23.21],[-44.6,-23.217],[-44.602,-23.223],[-44.618,-23.224],[-44.62,-23.222],[-44.605,-23.215],[-44.594,-23.202]],[[-44.58,-23.199],[-44.579,-23.203],[-44.584,-23.201],[-44.58,-23.199]],[[-44.709,-23.205],[-44.71,-23.205],[-44.71,-23.204],[-44.709,-23.204],[-44.709,-23.205]],[[-44.573,-23.189],[-44.577,-23.19],[-44.573,-23.184],[-44.573,-23.189]],[[-44.658,-23.181],[-44.657,-23.188],[-44.659,-23.185],[-44.658,-23.181]],[[-44.682,-23.179],[-44.684,-23.179],[-44.684,-23.178],[-44.684,-23.177],[-44.682,-23.177],[-44.682,-23.178],[-44.682,-23.179]],[[-44.664,-23.163],[-44.665,-23.163],[-44.666,-23.161],[-44.665,-23.16],[-44.664,-23.16],[-44.664,-23.159],[-44.662,-23.159],[-44.662,-23.16],[-44.662,-23.161],[-44.663,-23.162],[-44.664,-23.163]],[[-44.682,-23.157],[-44.692,-23.169],[-44.694,-23.161],[-44.694,-23.156],[-44.684,-23.151],[-44.682,-23.157]],[[-44.675,-23.133],[-44.676,-23.133],[-44.676,-23.132],[-44.675,-23.132],[-44.675,-23.133]],[[-44.686,-23.131],[-44.687,-23.131],[-44.687,-23.13],[-44.688,-23.13],[-44.687,-23.13],[-44.686,-23.129],[-44.685,-23.128],[-44.684,-23.128],[-44.684,-23.129],[-44.684,-23.13],[-44.685,-23.13],[-44.686,-23.131]],[[-44.678,-23.127],[-44.679,-23.127],[-44.68,-23.127],[-44.68,-23.126],[-44.678,-23.124],[-44.677,-23.125],[-44.677,-23.126],[-44.678,-23.126],[-44.678,-23.127]],[[-44.676,-23.111],[-44.675,-23.111],[-44.674,-23.111],[-44.673,-23.111],[-44.673,-23.112],[-44.674,-23.113],[-44.675,-23.114],[-44.676,-23.114],[-44.677,-23.115],[-44.678,-23.114],[-44.678,-23.113],[-44.677,-23.113],[-44.677,-23.111],[-44.676,-23.111]],[[-44.68,-23.108],[-44.679,-23.108],[-44.679,-23.109],[-44.679,-23.11],[-44.68,-23.11],[-44.681,-23.109],[-44.681,-23.108],[-44.68,-23.108]],[[-44.688,-23.11],[-44.689,-23.109],[-44.688,-23.108],[-44.687,-23.107],[-44.687,-23.106],[-44.686,-23.106],[-44.685,-23.107],[-44.686,-23.107],[-44.686,-23.108],[-44.687,-23.109],[-44.688,-23.11]],[[-44.669,-23.097],[-44.67,-23.098],[-44.671,-23.098],[-44.671,-23.099],[-44.672,-23.099],[-44.673,-23.099],[-44.673,-23.098],[-44.672,-23.098],[-44.672,-23.097],[-44.67,-23.097],[-44.67,-23.096],[-44.669,-23.097]],[[-44.596,-23.089],[-44.596,-23.09],[-44.597,-23.089],[-44.596,-23.089],[-44.596,-23.088],[-44.595,-23.087],[-44.595,-23.086],[-44.595,-23.085],[-44.593,-23.086],[-44.593,-23.087],[-44.594,-23.088],[-44.595,-23.089],[-44.596,-23.089]],[[-44.684,-23.088],[-44.684,-23.089],[-44.685,-23.088],[-44.684,-23.088],[-44.684,-23.087],[-44.684,-23.086],[-44.683,-23.087],[-44.684,-23.088]],[[-44.602,-23.068],[-44.602,-23.069],[-44.603,-23.069],[-44.603,-23.068],[-44.604,-23.068],[-44.605,-23.068],[-44.604,-23.067],[-44.603,-23.067],[-44.602,-23.067],[-44.602,-23.068]],[[-44.631,-23.068],[-44.63,-23.071],[-44.633,-23.07],[-44.631,-23.068]],[[-44.596,-23.067],[-44.597,-23.067],[-44.596,-23.066],[-44.595,-23.065],[-44.595,-23.066],[-44.595,-23.067],[-44.596,-23.067]],[[-44.642,-23.075],[-44.645,-23.075],[-44.645,-23.072],[-44.642,-23.068],[-44.636,-23.068],[-44.642,-23.075]],[[-44.628,-23.06],[-44.627,-23.061],[-44.626,-23.061],[-44.627,-23.062],[-44.627,-23.063],[-44.628,-23.063],[-44.629,-23.063],[-44.63,-23.063],[-44.63,-23.062],[-44.629,-23.061],[-44.628,-23.06]],[[-44.557,-23.063],[-44.563,-23.067],[-44.564,-23.065],[-44.557,-23.056],[-44.552,-23.056],[-44.557,-23.063]],[[-44.608,-23.064],[-44.609,-23.064],[-44.609,-23.063],[-44.609,-23.062],[-44.609,-23.061],[-44.608,-23.06],[-44.604,-23.058],[-44.604,-23.057],[-44.603,-23.057],[-44.602,-23.056],[-44.601,-23.056],[-44.601,-23.057],[-44.602,-23.057],[-44.602,-23.058],[-44.603,-23.059],[-44.604,-23.059],[-44.605,-23.06],[-44.606,-23.06],[-44.606,-23.061],[-44.607,-23.062],[-44.607,-23.064],[-44.608,-23.064]],[[-44.62,-23.059],[-44.621,-23.059],[-44.622,-23.059],[-44.623,-23.059],[-44.623,-23.06],[-44.624,-23.06],[-44.624,-23.059],[-44.624,-23.058],[-44.624,-23.057],[-44.623,-23.057],[-44.621,-23.057],[-44.62,-23.058],[-44.62,-23.059]],[[-44.559,-23.053],[-44.56,-23.053],[-44.561,-23.053],[-44.562,-23.053],[-44.563,-23.053],[-44.562,-23.052],[-44.561,-23.051],[-44.56,-23.051],[-44.56,-23.052],[-44.559,-23.053]],[[-44.545,-23.049],[-44.546,-23.05],[-44.546,-23.049],[-44.546,-23.048],[-44.545,-23.047],[-44.544,-23.047],[-44.545,-23.049]],[[-44.63,-22.917],[-44.621,-22.939],[-44.61,-22.939],[-44.605,-22.943],[-44.594,-22.947],[-44.576,-22.947],[-44.561,-22.954],[-44.557,-22.963],[-44.56,-22.971],[-44.555,-22.974],[-44.55,-22.972],[-44.543,-22.986],[-44.545,-22.992],[-44.541,-22.998],[-44.545,-23.006],[-44.549,-23.006],[-44.549,-23.009],[-44.544,-23.008],[-44.546,-23.02],[-44.537,-23.024],[-44.531,-23.021],[-44.519,-23.027],[-44.529,-23.028],[-44.55,-23.037],[-44.56,-23.039],[-44.568,-23.047],[-44.576,-23.048],[-44.578,-23.054],[-44.585,-23.057],[-44.583,-23.058],[-44.599,-23.063],[-44.59,-23.052],[-44.591,-23.049],[-44.596,-23.045],[-44.608,-23.05],[-44.611,-23.048],[-44.614,-23.051],[-44.614,-23.046],[-44.618,-23.043],[-44.638,-23.052],[-44.639,-23.048],[-44.645,-23.047],[-44.651,-23.056],[-44.656,-23.052],[-44.661,-23.056],[-44.668,-23.054],[-44.678,-23.063],[-44.676,-23.071],[-44.683,-23.071],[-44.688,-23.077],[-44.685,-23.079],[-44.691,-23.083],[-44.687,-23.091],[-44.693,-23.093],[-44.696,-23.102],[-44.698,-23.121],[-44.688,-23.127],[-44.692,-23.131],[-44.699,-23.132],[-44.699,-23.135],[-44.698,-23.143],[-44.693,-23.146],[-44.699,-23.155],[-44.705,-23.156],[-44.707,-23.167],[-44.699,-23.169],[-44.698,-23.174],[-44.71,-23.177],[-44.712,-23.183],[-44.717,-23.185],[-44.715,-23.187],[-44.706,-23.186],[-44.715,-23.19],[-44.714,-23.194],[-44.718,-23.194],[-44.721,-23.202],[-44.714,-23.211],[-44.711,-23.211],[-44.708,-23.22],[-44.712,-23.222],[-44.709,-23.226],[-44.712,-23.233],[-44.705,-23.234],[-44.7,-23.232],[-44.695,-23.232],[-44.69,-23.222],[-44.684,-23.223],[-44.676,-23.218],[-44.673,-23.215],[-44.677,-23.212],[-44.671,-23.211],[-44.669,-23.206],[-44.666,-23.209],[-44.663,-23.206],[-44.659,-23.207],[-44.651,-23.188],[-44.643,-23.185],[-44.644,-23.196],[-44.626,-23.196],[-44.626,-23.202],[-44.616,-23.203],[-44.616,-23.206],[-44.622,-23.207],[-44.627,-23.213],[-44.624,-23.221],[-44.628,-23.224],[-44.633,-23.222],[-44.634,-23.217],[-44.641,-23.219],[-44.636,-23.211],[-44.651,-23.222],[-44.653,-23.217],[-44.663,-23.214],[-44.659,-23.222],[-44.664,-23.228],[-44.657,-23.224],[-44.655,-23.227],[-44.666,-23.235],[-44.673,-23.231],[-44.678,-23.238],[-44.672,-23.24],[-44.677,-23.242],[-44.681,-23.24],[-44.684,-23.242],[-44.679,-23.247],[-44.692,-23.253],[-44.679,-23.252],[-44.669,-23.244],[-44.669,-23.249],[-44.663,-23.248],[-44.658,-23.239],[-44.651,-23.235],[-44.638,-23.235],[-44.633,-23.24],[-44.629,-23.239],[-44.613,-23.234],[-44.624,-23.245],[-44.641,-23.277],[-44.657,-23.293],[-44.655,-23.295],[-44.639,-23.301],[-44.643,-23.296],[-44.646,-23.29],[-44.641,-23.287],[-44.638,-23.29],[-44.631,-23.283],[-44.62,-23.258],[-44.597,-23.244],[-44.599,-23.237],[-44.596,-23.235],[-44.574,-23.234],[-44.56,-23.227],[-44.561,-23.232],[-44.576,-23.245],[-44.575,-23.254],[-44.584,-23.266],[-44.579,-23.271],[-44.575,-23.269],[-44.559,-23.274],[-44.551,-23.271],[-44.549,-23.275],[-44.537,-23.267],[-44.518,-23.281],[-44.52,-23.285],[-44.515,-23.286],[-44.512,-23.292],[-44.505,-23.291],[-44.502,-23.296],[-44.509,-23.301],[-44.513,-23.293],[-44.529,-23.288],[-44.535,-23.293],[-44.54,-23.306],[-44.542,-23.303],[-44.551,-23.308],[-44.556,-23.305],[-44.566,-23.324],[-44.561,-23.33],[-44.585,-23.359],[-44.591,-23.362],[-44.599,-23.359],[-44.605,-23.367],[-44.608,-23.364],[-44.607,-23.349],[-44.613,-23.348],[-44.618,-23.352],[-44.619,-23.342],[-44.624,-23.341],[-44.628,-23.35],[-44.634,-23.353],[-44.629,-23.339],[-44.64,-23.333],[-44.648,-23.335],[-44.652,-23.342],[-44.662,-23.339],[-44.66,-23.348],[-44.672,-23.345],[-44.676,-23.336],[-44.681,-23.34],[-44.681,-23.348],[-44.687,-23.352],[-44.687,-23.348],[-44.702,-23.341],[-44.718,-23.347],[-44.722,-23.353],[-44.719,-23.354],[-44.721,-23.358],[-44.727,-23.354],[-44.731,-23.359],[-44.724,-23.368],[-44.737,-23.363],[-44.742,-23.358],[-44.75,-23.358],[-44.753,-23.352],[-44.76,-23.342],[-44.778,-23.339],[-44.776,-23.333],[-44.782,-23.326],[-44.78,-23.323],[-44.78,-23.315],[-44.788,-23.305],[-44.786,-23.299],[-44.797,-23.294],[-44.805,-23.29],[-44.807,-23.283],[-44.826,-23.291],[-44.824,-23.28],[-44.83,-23.269],[-44.84,-23.263],[-44.836,-23.256],[-44.843,-23.255],[-44.854,-23.248],[-44.875,-23.249],[-44.878,-23.232],[-44.885,-23.233],[-44.888,-23.224],[-44.881,-23.215],[-44.882,-23.202],[-44.876,-23.197],[-44.875,-23.192],[-44.872,-23.183],[-44.86,-23.181],[-44.853,-23.176],[-44.854,-23.172],[-44.846,-23.173],[-44.845,-23.168],[-44.84,-23.167],[-44.84,-23.166],[-44.825,-23.163],[-44.823,-23.158],[-44.825,-23.143],[-44.816,-23.14],[-44.819,-23.133],[-44.811,-23.125],[-44.813,-23.121],[-44.811,-23.115],[-44.816,-23.11],[-44.809,-23.099],[-44.812,-23.098],[-44.812,-23.092],[-44.818,-23.09],[-44.814,-23.08],[-44.811,-23.07],[-44.814,-23.067],[-44.807,-23.062],[-44.811,-23.054],[-44.809,-23.052],[-44.803,-23.05],[-44.801,-23.031],[-44.796,-23.024],[-44.797,-23.023],[-44.798,-23.02],[-44.793,-23.01],[-44.802,-22.999],[-44.793,-22.993],[-44.793,-22.99],[-44.792,-22.982],[-44.787,-22.982],[-44.783,-22.979],[-44.775,-22.978],[-44.765,-22.983],[-44.759,-22.978],[-44.755,-22.98],[-44.756,-22.975],[-44.749,-22.97],[-44.752,-22.962],[-44.743,-22.947],[-44.721,-22.935],[-44.713,-22.93],[-44.703,-22.936],[-44.696,-22.932],[-44.688,-22.936],[-44.673,-22.918],[-44.659,-22.927],[-44.638,-22.914],[-44.63,-22.917]]]}},{"type":"Feature","properties":{"id":"3303856","nome":"Paty do Alferes"},"geometry":{"type":"Polygon","coordinates":[[[-43.323,-22.305],[-43.296,-22.344],[-43.283,-22.364],[-43.289,-22.363],[-43.317,-22.383],[-43.319,-22.391],[-43.326,-22.394],[-43.328,-22.402],[-43.334,-22.404],[-43.338,-22.415],[-43.342,-22.416],[-43.361,-22.42],[-43.362,-22.425],[-43.373,-22.435],[-43.372,-22.441],[-43.377,-22.443],[-43.371,-22.446],[-43.37,-22.451],[-43.383,-22.46],[-43.395,-22.464],[-43.396,-22.464],[-43.408,-22.47],[-43.421,-22.469],[-43.429,-22.472],[-43.43,-22.475],[-43.438,-22.471],[-43.441,-22.467],[-43.435,-22.46],[-43.438,-22.456],[-43.442,-22.449],[-43.439,-22.445],[-43.449,-22.44],[-43.473,-22.428],[-43.491,-22.419],[-43.492,-22.419],[-43.493,-22.417],[-43.508,-22.401],[-43.501,-22.389],[-43.489,-22.378],[-43.488,-22.373],[-43.495,-22.37],[-43.498,-22.364],[-43.5,-22.351],[-43.504,-22.348],[-43.507,-22.332],[-43.513,-22.334],[-43.514,-22.329],[-43.506,-22.311],[-43.47,-22.303],[-43.454,-22.299],[-43.399,-22.286],[-43.386,-22.283],[-43.349,-22.275],[-43.329,-22.295],[-43.323,-22.305]]]}},{"type":"Feature","properties":{"id":"3303906","nome":"Petr\u00f3polis"},"geometry":{"type":"Polygon","coordinates":[[[-43.023,-22.211],[-43.018,-22.222],[-43.008,-22.219],[-42.996,-22.226],[-42.992,-22.239],[-42.98,-22.249],[-42.98,-22.264],[-42.983,-22.263],[-42.988,-22.269],[-42.989,-22.278],[-42.997,-22.281],[-43.005,-22.287],[-43.017,-22.29],[-43.013,-22.298],[-43.024,-22.306],[-43.039,-22.311],[-43.044,-22.318],[-43.045,-22.32],[-43.048,-22.327],[-43.034,-22.328],[-43.03,-22.338],[-43.025,-22.339],[-43.034,-22.345],[-43.028,-22.345],[-43.026,-22.352],[-43.02,-22.355],[-43.024,-22.359],[-43.034,-22.369],[-43.029,-22.377],[-43.034,-22.39],[-43.027,-22.392],[-43.038,-22.416],[-43.032,-22.42],[-43.035,-22.423],[-43.032,-22.433],[-43.022,-22.44],[-43.024,-22.442],[-43.026,-22.455],[-43.033,-22.462],[-43.04,-22.455],[-43.042,-22.459],[-43.047,-22.46],[-43.055,-22.468],[-43.056,-22.48],[-43.062,-22.483],[-43.078,-22.487],[-43.08,-22.49],[-43.077,-22.491],[-43.071,-22.498],[-43.071,-22.504],[-43.107,-22.533],[-43.122,-22.53],[-43.149,-22.539],[-43.196,-22.561],[-43.225,-22.563],[-43.25,-22.573],[-43.251,-22.574],[-43.255,-22.574],[-43.26,-22.561],[-43.258,-22.556],[-43.253,-22.543],[-43.246,-22.526],[-43.233,-22.522],[-43.226,-22.529],[-43.226,-22.523],[-43.221,-22.521],[-43.226,-22.516],[-43.233,-22.519],[-43.238,-22.51],[-43.276,-22.488],[-43.296,-22.475],[-43.303,-22.474],[-43.3,-22.471],[-43.297,-22.464],[-43.291,-22.464],[-43.288,-22.46],[-43.298,-22.452],[-43.306,-22.457],[-43.313,-22.455],[-43.322,-22.458],[-43.342,-22.451],[-43.35,-22.451],[-43.351,-22.448],[-43.365,-22.453],[-43.37,-22.451],[-43.371,-22.446],[-43.377,-22.443],[-43.372,-22.441],[-43.373,-22.435],[-43.362,-22.425],[-43.361,-22.42],[-43.342,-22.416],[-43.338,-22.415],[-43.334,-22.404],[-43.328,-22.402],[-43.326,-22.394],[-43.319,-22.391],[-43.317,-22.383],[-43.289,-22.363],[-43.283,-22.364],[-43.274,-22.346],[-43.269,-22.34],[-43.269,-22.335],[-43.262,-22.332],[-43.262,-22.327],[-43.263,-22.321],[-43.253,-22.314],[-43.249,-22.312],[-43.242,-22.303],[-43.236,-22.311],[-43.228,-22.31],[-43.224,-22.304],[-43.216,-22.305],[-43.212,-22.3],[-43.207,-22.299],[-43.201,-22.303],[-43.184,-22.301],[-43.181,-22.301],[-43.174,-22.312],[-43.171,-22.309],[-43.16,-22.311],[-43.155,-22.306],[-43.151,-22.307],[-43.146,-22.304],[-43.146,-22.298],[-43.137,-22.294],[-43.134,-22.285],[-43.13,-22.281],[-43.128,-22.277],[-43.125,-22.276],[-43.11,-22.283],[-43.109,-22.282],[-43.101,-22.264],[-43.095,-22.266],[-43.09,-22.261],[-43.091,-22.25],[-43.094,-22.242],[-43.089,-22.237],[-43.081,-22.227],[-43.064,-22.218],[-43.047,-22.208],[-43.029,-22.203],[-43.026,-22.205],[-43.023,-22.211]]]}},{"type":"Feature","properties":{"id":"3303955","nome":"Pinheiral"},"geometry":{"type":"Polygon","coordinates":[[[-43.999,-22.514],[-43.992,-22.517],[-43.98,-22.515],[-43.952,-22.519],[-43.943,-22.515],[-43.913,-22.52],[-43.915,-22.522],[-43.956,-22.563],[-43.983,-22.548],[-43.992,-22.561],[-43.994,-22.571],[-43.996,-22.58],[-44.003,-22.583],[-44.011,-22.585],[-44.024,-22.58],[-44.039,-22.581],[-44.068,-22.592],[-44.063,-22.578],[-44.054,-22.553],[-44.041,-22.551],[-44.038,-22.54],[-44.033,-22.538],[-44.035,-22.531],[-44.029,-22.52],[-44.028,-22.507],[-44.031,-22.504],[-44.03,-22.497],[-44.027,-22.486],[-44.021,-22.484],[-44.017,-22.486],[-44.004,-22.5],[-44.003,-22.509],[-43.999,-22.514]]]}},{"type":"Feature","properties":{"id":"3304003","nome":"Pira\u00ed"},"geometry":{"type":"Polygon","coordinates":[[[-43.84,-22.51],[-43.824,-22.517],[-43.811,-22.512],[-43.805,-22.521],[-43.82,-22.534],[-43.817,-22.536],[-43.817,-22.548],[-43.812,-22.548],[-43.809,-22.553],[-43.797,-22.551],[-43.794,-22.549],[-43.79,-22.552],[-43.788,-22.55],[-43.782,-22.564],[-43.777,-22.567],[-43.778,-22.581],[-43.771,-22.59],[-43.775,-22.597],[-43.772,-22.606],[-43.779,-22.611],[-43.794,-22.614],[-43.8,-22.625],[-43.821,-22.638],[-43.839,-22.648],[-43.834,-22.655],[-43.825,-22.657],[-43.817,-22.667],[-43.817,-22.674],[-43.82,-22.679],[-43.814,-22.681],[-43.815,-22.687],[-43.81,-22.687],[-43.804,-22.691],[-43.785,-22.692],[-43.833,-22.729],[-43.832,-22.741],[-43.836,-22.745],[-43.834,-22.751],[-43.839,-22.755],[-43.838,-22.76],[-43.829,-22.767],[-43.822,-22.766],[-43.813,-22.771],[-43.823,-22.776],[-43.823,-22.783],[-43.839,-22.798],[-43.869,-22.807],[-43.879,-22.812],[-43.884,-22.802],[-43.885,-22.794],[-43.891,-22.789],[-43.891,-22.78],[-43.896,-22.777],[-43.889,-22.774],[-43.891,-22.766],[-43.886,-22.763],[-43.889,-22.759],[-43.886,-22.756],[-43.905,-22.753],[-43.907,-22.748],[-43.902,-22.749],[-43.903,-22.744],[-43.898,-22.744],[-43.898,-22.734],[-43.89,-22.735],[-43.885,-22.732],[-43.885,-22.728],[-43.88,-22.728],[-43.88,-22.714],[-43.883,-22.711],[-43.882,-22.701],[-43.889,-22.701],[-43.893,-22.708],[-43.899,-22.709],[-43.902,-22.708],[-43.912,-22.713],[-43.917,-22.703],[-43.923,-22.699],[-43.936,-22.711],[-43.945,-22.708],[-43.947,-22.702],[-43.942,-22.695],[-43.946,-22.692],[-43.954,-22.684],[-43.958,-22.685],[-43.961,-22.665],[-43.96,-22.663],[-43.971,-22.662],[-43.995,-22.684],[-44.005,-22.686],[-44.013,-22.683],[-44.021,-22.675],[-44.009,-22.649],[-44.017,-22.64],[-44.024,-22.643],[-44.028,-22.64],[-44.048,-22.639],[-44.056,-22.648],[-44.071,-22.655],[-44.075,-22.666],[-44.074,-22.669],[-44.078,-22.671],[-44.075,-22.681],[-44.078,-22.682],[-44.084,-22.672],[-44.085,-22.653],[-44.08,-22.647],[-44.088,-22.648],[-44.086,-22.642],[-44.072,-22.604],[-44.068,-22.592],[-44.039,-22.581],[-44.024,-22.58],[-44.011,-22.585],[-44.003,-22.583],[-43.996,-22.58],[-43.994,-22.571],[-43.992,-22.561],[-43.983,-22.548],[-43.956,-22.563],[-43.915,-22.522],[-43.913,-22.52],[-43.912,-22.52],[-43.865,-22.529],[-43.865,-22.524],[-43.854,-22.516],[-43.854,-22.507],[-43.844,-22.503],[-43.84,-22.51]]]}},{"type":"Feature","properties":{"id":"3304102","nome":"Porci\u00fancula"},"geometry":{"type":"Polygon","coordinates":[[[-41.825,-20.788],[-41.828,-20.796],[-41.816,-20.8],[-41.807,-20.797],[-41.814,-20.805],[-41.801,-20.805],[-41.794,-20.798],[-41.782,-20.798],[-41.775,-20.799],[-41.786,-20.809],[-41.799,-20.815],[-41.809,-20.828],[-41.827,-20.841],[-41.852,-20.856],[-41.858,-20.856],[-41.859,-20.856],[-41.862,-20.863],[-41.869,-20.869],[-41.903,-20.876],[-41.904,-20.878],[-41.903,-20.901],[-41.9,-20.902],[-41.892,-20.913],[-41.883,-20.925],[-41.896,-20.927],[-41.905,-20.924],[-41.911,-20.929],[-41.926,-20.933],[-41.933,-20.944],[-41.938,-20.946],[-41.943,-20.938],[-41.949,-20.939],[-41.952,-20.96],[-41.955,-20.96],[-41.979,-20.959],[-41.981,-20.957],[-42.002,-20.967],[-42.0,-20.976],[-42.003,-20.976],[-42.003,-20.982],[-42.0,-20.984],[-42.004,-20.992],[-42.0,-20.996],[-42.002,-21.013],[-42.004,-21.01],[-42.011,-21.013],[-42.014,-21.015],[-42.02,-21.014],[-42.046,-21.019],[-42.051,-21.023],[-42.06,-21.021],[-42.066,-21.025],[-42.085,-21.022],[-42.102,-21.014],[-42.109,-21.014],[-42.11,-21.013],[-42.115,-21.009],[-42.117,-21.002],[-42.126,-21.003],[-42.141,-20.993],[-42.141,-20.987],[-42.151,-20.98],[-42.15,-20.975],[-42.151,-20.974],[-42.138,-20.96],[-42.125,-20.955],[-42.121,-20.959],[-42.115,-20.959],[-42.115,-20.95],[-42.109,-20.947],[-42.094,-20.936],[-42.087,-20.939],[-42.065,-20.938],[-42.046,-20.933],[-42.038,-20.927],[-42.023,-20.925],[-42.019,-20.927],[-42.004,-20.932],[-41.998,-20.926],[-41.976,-20.935],[-41.979,-20.922],[-41.972,-20.916],[-41.967,-20.916],[-41.964,-20.906],[-41.967,-20.899],[-41.965,-20.892],[-41.96,-20.882],[-41.95,-20.874],[-41.954,-20.865],[-41.949,-20.857],[-41.935,-20.854],[-41.931,-20.848],[-41.929,-20.844],[-41.926,-20.838],[-41.935,-20.828],[-41.925,-20.801],[-41.928,-20.795],[-41.916,-20.792],[-41.906,-20.797],[-41.901,-20.796],[-41.896,-20.789],[-41.885,-20.785],[-41.878,-20.778],[-41.879,-20.774],[-41.873,-20.77],[-41.875,-20.766],[-41.861,-20.764],[-41.853,-20.764],[-41.848,-20.775],[-41.837,-20.78],[-41.825,-20.788]]]}},{"type":"Feature","properties":{"id":"3304110","nome":"Porto Real"},"geometry":{"type":"Polygon","coordinates":[[[-44.274,-22.406],[-44.277,-22.417],[-44.284,-22.424],[-44.301,-22.447],[-44.307,-22.452],[-44.308,-22.452],[-44.313,-22.46],[-44.319,-22.468],[-44.333,-22.467],[-44.336,-22.469],[-44.33,-22.491],[-44.351,-22.491],[-44.363,-22.476],[-44.363,-22.469],[-44.367,-22.465],[-44.373,-22.461],[-44.37,-22.453],[-44.355,-22.444],[-44.349,-22.433],[-44.351,-22.413],[-44.327,-22.415],[-44.317,-22.405],[-44.314,-22.402],[-44.306,-22.397],[-44.274,-22.406]]]}},{"type":"Feature","properties":{"id":"3304128","nome":"Quatis"},"geometry":{"type":"Polygon","coordinates":[[[-44.181,-22.24],[-44.18,-22.243],[-44.175,-22.241],[-44.164,-22.252],[-44.159,-22.249],[-44.157,-22.252],[-44.156,-22.257],[-44.168,-22.27],[-44.146,-22.281],[-44.15,-22.293],[-44.146,-22.296],[-44.146,-22.302],[-44.157,-22.312],[-44.154,-22.318],[-44.148,-22.32],[-44.147,-22.331],[-44.168,-22.332],[-44.155,-22.372],[-44.157,-22.375],[-44.171,-22.375],[-44.202,-22.383],[-44.207,-22.387],[-44.205,-22.388],[-44.206,-22.391],[-44.206,-22.399],[-44.212,-22.403],[-44.211,-22.409],[-44.214,-22.412],[-44.211,-22.419],[-44.216,-22.422],[-44.218,-22.433],[-44.221,-22.435],[-44.219,-22.441],[-44.223,-22.444],[-44.219,-22.453],[-44.225,-22.454],[-44.225,-22.458],[-44.222,-22.463],[-44.217,-22.463],[-44.221,-22.473],[-44.225,-22.474],[-44.222,-22.48],[-44.231,-22.477],[-44.234,-22.483],[-44.241,-22.487],[-44.242,-22.486],[-44.246,-22.485],[-44.257,-22.482],[-44.259,-22.475],[-44.287,-22.458],[-44.29,-22.455],[-44.297,-22.45],[-44.301,-22.447],[-44.284,-22.424],[-44.277,-22.417],[-44.274,-22.406],[-44.306,-22.397],[-44.314,-22.402],[-44.317,-22.402],[-44.322,-22.398],[-44.33,-22.394],[-44.336,-22.387],[-44.333,-22.384],[-44.341,-22.379],[-44.34,-22.368],[-44.34,-22.359],[-44.332,-22.357],[-44.333,-22.343],[-44.327,-22.332],[-44.322,-22.334],[-44.301,-22.328],[-44.292,-22.319],[-44.272,-22.32],[-44.271,-22.31],[-44.262,-22.304],[-44.244,-22.315],[-44.239,-22.318],[-44.236,-22.315],[-44.259,-22.301],[-44.256,-22.29],[-44.257,-22.286],[-44.259,-22.283],[-44.26,-22.268],[-44.25,-22.26],[-44.246,-22.267],[-44.239,-22.262],[-44.235,-22.266],[-44.224,-22.259],[-44.224,-22.253],[-44.213,-22.246],[-44.208,-22.251],[-44.203,-22.248],[-44.201,-22.251],[-44.189,-22.24],[-44.181,-22.24]]]}},{"type":"Feature","properties":{"id":"3304144","nome":"Queimados"},"geometry":{"type":"Polygon","coordinates":[[[-43.534,-22.688],[-43.513,-22.69],[-43.514,-22.694],[-43.521,-22.694],[-43.536,-22.703],[-43.535,-22.707],[-43.542,-22.715],[-43.538,-22.717],[-43.542,-22.735],[-43.532,-22.738],[-43.534,-22.748],[-43.535,-22.751],[-43.542,-22.754],[-43.559,-22.758],[-43.569,-22.752],[-43.582,-22.754],[-43.597,-22.753],[-43.602,-22.747],[-43.613,-22.748],[-43.617,-22.763],[-43.627,-22.772],[-43.622,-22.774],[-43.623,-22.782],[-43.635,-22.783],[-43.632,-22.774],[-43.644,-22.754],[-43.644,-22.737],[-43.64,-22.728],[-43.639,-22.723],[-43.638,-22.719],[-43.629,-22.721],[-43.614,-22.699],[-43.61,-22.691],[-43.603,-22.692],[-43.597,-22.684],[-43.585,-22.692],[-43.557,-22.689],[-43.556,-22.678],[-43.542,-22.68],[-43.534,-22.688]]]}},{"type":"Feature","properties":{"id":"3304151","nome":"Quissam\u00e3"},"geometry":{"type":"Polygon","coordinates":[[[-41.44,-21.982],[-41.349,-22.029],[-41.309,-22.049],[-41.277,-22.065],[-41.257,-22.099],[-41.24,-22.099],[-41.23,-22.095],[-41.223,-22.097],[-41.208,-22.096],[-41.201,-22.104],[-41.199,-22.101],[-41.195,-22.104],[-41.191,-22.103],[-41.193,-22.097],[-41.19,-22.101],[-41.189,-22.099],[-41.179,-22.099],[-41.177,-22.095],[-41.16,-22.102],[-41.159,-22.094],[-41.152,-22.095],[-41.152,-22.098],[-41.149,-22.095],[-41.145,-22.098],[-41.141,-22.095],[-41.145,-22.089],[-41.132,-22.09],[-41.131,-22.091],[-41.158,-22.11],[-41.203,-22.132],[-41.242,-22.147],[-41.294,-22.162],[-41.422,-22.194],[-41.425,-22.195],[-41.461,-22.205],[-41.467,-22.207],[-41.483,-22.212],[-41.499,-22.217],[-41.538,-22.233],[-41.534,-22.229],[-41.548,-22.226],[-41.55,-22.212],[-41.553,-22.201],[-41.549,-22.2],[-41.539,-22.196],[-41.539,-22.19],[-41.543,-22.187],[-41.547,-22.179],[-41.552,-22.164],[-41.557,-22.155],[-41.574,-22.139],[-41.592,-22.134],[-41.615,-22.128],[-41.638,-22.123],[-41.693,-22.109],[-41.675,-22.076],[-41.667,-22.068],[-41.663,-22.068],[-41.662,-22.059],[-41.658,-22.057],[-41.653,-22.058],[-41.645,-22.052],[-41.621,-22.05],[-41.616,-22.046],[-41.601,-22.051],[-41.59,-22.047],[-41.558,-22.054],[-41.543,-22.053],[-41.532,-22.036],[-41.517,-22.016],[-41.5,-22.009],[-41.479,-21.999],[-41.475,-22.003],[-41.471,-22.001],[-41.466,-21.986],[-41.453,-21.982],[-41.452,-21.975],[-41.449,-21.973],[-41.44,-21.982]]]}},{"type":"Feature","properties":{"id":"3304201","nome":"Resende"},"geometry":{"type":"Polygon","coordinates":[[[-44.291,-22.243],[-44.289,-22.247],[-44.284,-22.243],[-44.276,-22.243],[-44.268,-22.244],[-44.267,-22.248],[-44.264,-22.244],[-44.263,-22.243],[-44.26,-22.268],[-44.259,-22.283],[-44.257,-22.286],[-44.256,-22.29],[-44.259,-22.301],[-44.236,-22.315],[-44.239,-22.318],[-44.244,-22.315],[-44.262,-22.304],[-44.271,-22.31],[-44.272,-22.32],[-44.292,-22.319],[-44.301,-22.328],[-44.322,-22.334],[-44.327,-22.332],[-44.333,-22.343],[-44.332,-22.357],[-44.34,-22.359],[-44.34,-22.368],[-44.341,-22.379],[-44.333,-22.384],[-44.336,-22.387],[-44.33,-22.394],[-44.322,-22.398],[-44.317,-22.402],[-44.314,-22.402],[-44.317,-22.405],[-44.327,-22.415],[-44.351,-22.413],[-44.349,-22.433],[-44.355,-22.444],[-44.37,-22.453],[-44.373,-22.461],[-44.367,-22.465],[-44.363,-22.469],[-44.363,-22.476],[-44.351,-22.491],[-44.33,-22.491],[-44.331,-22.493],[-44.322,-22.499],[-44.319,-22.507],[-44.321,-22.512],[-44.325,-22.513],[-44.324,-22.518],[-44.328,-22.519],[-44.321,-22.55],[-44.326,-22.553],[-44.324,-22.564],[-44.33,-22.569],[-44.328,-22.572],[-44.346,-22.573],[-44.345,-22.584],[-44.343,-22.588],[-44.347,-22.59],[-44.346,-22.597],[-44.35,-22.595],[-44.351,-22.599],[-44.349,-22.609],[-44.356,-22.614],[-44.361,-22.611],[-44.361,-22.592],[-44.366,-22.593],[-44.37,-22.589],[-44.36,-22.581],[-44.364,-22.578],[-44.371,-22.58],[-44.384,-22.573],[-44.391,-22.573],[-44.395,-22.581],[-44.409,-22.588],[-44.405,-22.591],[-44.404,-22.6],[-44.398,-22.603],[-44.406,-22.608],[-44.416,-22.601],[-44.43,-22.598],[-44.442,-22.604],[-44.446,-22.61],[-44.454,-22.609],[-44.466,-22.615],[-44.478,-22.612],[-44.483,-22.604],[-44.488,-22.606],[-44.485,-22.611],[-44.487,-22.612],[-44.504,-22.636],[-44.509,-22.64],[-44.514,-22.63],[-44.53,-22.63],[-44.534,-22.633],[-44.531,-22.639],[-44.535,-22.637],[-44.537,-22.632],[-44.526,-22.619],[-44.533,-22.615],[-44.537,-22.617],[-44.548,-22.606],[-44.55,-22.605],[-44.554,-22.609],[-44.563,-22.611],[-44.573,-22.601],[-44.584,-22.626],[-44.591,-22.622],[-44.597,-22.61],[-44.602,-22.607],[-44.604,-22.614],[-44.609,-22.617],[-44.622,-22.605],[-44.634,-22.609],[-44.645,-22.603],[-44.643,-22.6],[-44.647,-22.584],[-44.642,-22.577],[-44.641,-22.559],[-44.648,-22.552],[-44.65,-22.557],[-44.661,-22.55],[-44.677,-22.561],[-44.676,-22.544],[-44.669,-22.539],[-44.688,-22.521],[-44.696,-22.518],[-44.698,-22.513],[-44.701,-22.511],[-44.715,-22.514],[-44.71,-22.5],[-44.712,-22.493],[-44.72,-22.492],[-44.723,-22.484],[-44.723,-22.475],[-44.717,-22.468],[-44.724,-22.456],[-44.724,-22.451],[-44.728,-22.448],[-44.73,-22.44],[-44.733,-22.433],[-44.74,-22.425],[-44.755,-22.414],[-44.77,-22.415],[-44.778,-22.408],[-44.809,-22.405],[-44.804,-22.393],[-44.793,-22.387],[-44.787,-22.388],[-44.78,-22.382],[-44.776,-22.384],[-44.762,-22.376],[-44.744,-22.376],[-44.73,-22.361],[-44.724,-22.359],[-44.705,-22.373],[-44.691,-22.37],[-44.678,-22.374],[-44.666,-22.373],[-44.66,-22.38],[-44.636,-22.444],[-44.633,-22.451],[-44.616,-22.493],[-44.619,-22.508],[-44.628,-22.517],[-44.626,-22.535],[-44.614,-22.556],[-44.597,-22.565],[-44.586,-22.56],[-44.582,-22.544],[-44.564,-22.533],[-44.566,-22.528],[-44.577,-22.526],[-44.576,-22.517],[-44.569,-22.51],[-44.55,-22.497],[-44.536,-22.494],[-44.529,-22.486],[-44.515,-22.485],[-44.514,-22.474],[-44.51,-22.472],[-44.485,-22.467],[-44.488,-22.464],[-44.489,-22.462],[-44.481,-22.459],[-44.479,-22.458],[-44.479,-22.449],[-44.48,-22.449],[-44.486,-22.442],[-44.485,-22.437],[-44.505,-22.429],[-44.506,-22.429],[-44.535,-22.418],[-44.55,-22.413],[-44.569,-22.406],[-44.572,-22.405],[-44.593,-22.397],[-44.599,-22.398],[-44.603,-22.392],[-44.614,-22.387],[-44.601,-22.372],[-44.6,-22.372],[-44.576,-22.357],[-44.565,-22.364],[-44.556,-22.364],[-44.549,-22.356],[-44.549,-22.34],[-44.542,-22.334],[-44.543,-22.331],[-44.532,-22.328],[-44.53,-22.323],[-44.517,-22.316],[-44.513,-22.309],[-44.496,-22.302],[-44.482,-22.293],[-44.479,-22.288],[-44.476,-22.288],[-44.468,-22.279],[-44.461,-22.28],[-44.463,-22.275],[-44.459,-22.27],[-44.462,-22.266],[-44.456,-22.257],[-44.446,-22.255],[-44.444,-22.257],[-44.44,-22.254],[-44.438,-22.258],[-44.434,-22.252],[-44.432,-22.251],[-44.423,-22.255],[-44.414,-22.254],[-44.394,-22.258],[-44.391,-22.268],[-44.387,-22.272],[-44.384,-22.267],[-44.377,-22.268],[-44.375,-22.262],[-44.36,-22.252],[-44.352,-22.257],[-44.344,-22.253],[-44.337,-22.258],[-44.324,-22.255],[-44.322,-22.261],[-44.314,-22.254],[-44.301,-22.253],[-44.291,-22.243]]]}},{"type":"Feature","properties":{"id":"3304300","nome":"Rio Bonito"},"geometry":{"type":"Polygon","coordinates":[[[-42.553,-22.618],[-42.528,-22.63],[-42.527,-22.68],[-42.527,-22.682],[-42.529,-22.717],[-42.514,-22.719],[-42.499,-22.725],[-42.492,-22.722],[-42.479,-22.725],[-42.471,-22.723],[-42.46,-22.719],[-42.454,-22.725],[-42.441,-22.731],[-42.444,-22.765],[-42.444,-22.769],[-42.446,-22.794],[-42.446,-22.795],[-42.448,-22.823],[-42.454,-22.823],[-42.479,-22.823],[-42.485,-22.83],[-42.488,-22.828],[-42.523,-22.824],[-42.528,-22.816],[-42.529,-22.814],[-42.533,-22.809],[-42.547,-22.814],[-42.56,-22.811],[-42.568,-22.804],[-42.581,-22.805],[-42.592,-22.811],[-42.596,-22.814],[-42.601,-22.816],[-42.602,-22.819],[-42.636,-22.838],[-42.634,-22.846],[-42.646,-22.855],[-42.647,-22.845],[-42.661,-22.849],[-42.67,-22.844],[-42.658,-22.827],[-42.669,-22.822],[-42.667,-22.819],[-42.671,-22.811],[-42.665,-22.804],[-42.667,-22.802],[-42.661,-22.799],[-42.68,-22.797],[-42.685,-22.794],[-42.689,-22.792],[-42.689,-22.785],[-42.678,-22.775],[-42.677,-22.77],[-42.685,-22.768],[-42.69,-22.762],[-42.688,-22.758],[-42.695,-22.753],[-42.699,-22.729],[-42.715,-22.72],[-42.746,-22.686],[-42.706,-22.667],[-42.691,-22.654],[-42.689,-22.646],[-42.692,-22.646],[-42.692,-22.642],[-42.675,-22.641],[-42.667,-22.637],[-42.655,-22.637],[-42.644,-22.644],[-42.637,-22.643],[-42.638,-22.645],[-42.627,-22.656],[-42.622,-22.656],[-42.604,-22.642],[-42.584,-22.625],[-42.572,-22.625],[-42.564,-22.62],[-42.559,-22.62],[-42.553,-22.618]]]}},{"type":"Feature","properties":{"id":"3304409","nome":"Rio Claro"},"geometry":{"type":"Polygon","coordinates":[[[-44.028,-22.64],[-44.024,-22.643],[-44.017,-22.64],[-44.009,-22.649],[-44.021,-22.675],[-44.013,-22.683],[-44.005,-22.686],[-43.995,-22.684],[-43.971,-22.662],[-43.96,-22.663],[-43.961,-22.665],[-43.958,-22.685],[-43.954,-22.684],[-43.946,-22.692],[-43.942,-22.695],[-43.947,-22.702],[-43.945,-22.708],[-43.936,-22.711],[-43.923,-22.699],[-43.917,-22.703],[-43.912,-22.713],[-43.902,-22.708],[-43.899,-22.709],[-43.893,-22.708],[-43.889,-22.701],[-43.882,-22.701],[-43.883,-22.711],[-43.88,-22.714],[-43.88,-22.728],[-43.885,-22.728],[-43.885,-22.732],[-43.89,-22.735],[-43.898,-22.734],[-43.898,-22.744],[-43.903,-22.744],[-43.902,-22.749],[-43.907,-22.748],[-43.905,-22.753],[-43.886,-22.756],[-43.889,-22.759],[-43.886,-22.763],[-43.891,-22.766],[-43.889,-22.774],[-43.896,-22.777],[-43.891,-22.78],[-43.891,-22.789],[-43.885,-22.794],[-43.884,-22.802],[-43.879,-22.812],[-43.879,-22.817],[-43.889,-22.822],[-43.891,-22.829],[-43.897,-22.832],[-43.905,-22.83],[-43.912,-22.836],[-43.91,-22.845],[-43.925,-22.863],[-43.93,-22.874],[-43.94,-22.878],[-43.938,-22.887],[-43.967,-22.885],[-43.98,-22.864],[-43.995,-22.868],[-43.997,-22.866],[-44.003,-22.86],[-44.004,-22.859],[-44.019,-22.871],[-44.04,-22.882],[-44.051,-22.877],[-44.079,-22.879],[-44.088,-22.883],[-44.113,-22.86],[-44.118,-22.861],[-44.127,-22.876],[-44.142,-22.882],[-44.156,-22.902],[-44.161,-22.903],[-44.163,-22.9],[-44.169,-22.911],[-44.174,-22.918],[-44.176,-22.93],[-44.182,-22.926],[-44.193,-22.928],[-44.207,-22.93],[-44.215,-22.931],[-44.223,-22.928],[-44.231,-22.921],[-44.239,-22.916],[-44.241,-22.912],[-44.237,-22.905],[-44.241,-22.902],[-44.236,-22.897],[-44.237,-22.886],[-44.231,-22.873],[-44.232,-22.87],[-44.237,-22.872],[-44.24,-22.869],[-44.244,-22.868],[-44.251,-22.854],[-44.26,-22.847],[-44.266,-22.848],[-44.28,-22.845],[-44.282,-22.842],[-44.286,-22.843],[-44.296,-22.844],[-44.302,-22.854],[-44.311,-22.843],[-44.318,-22.845],[-44.317,-22.839],[-44.308,-22.832],[-44.296,-22.827],[-44.286,-22.828],[-44.283,-22.835],[-44.273,-22.832],[-44.268,-22.829],[-44.261,-22.805],[-44.244,-22.802],[-44.24,-22.791],[-44.242,-22.788],[-44.248,-22.79],[-44.256,-22.786],[-44.253,-22.781],[-44.257,-22.778],[-44.257,-22.766],[-44.25,-22.757],[-44.238,-22.755],[-44.242,-22.75],[-44.226,-22.733],[-44.202,-22.732],[-44.198,-22.724],[-44.202,-22.723],[-44.203,-22.716],[-44.196,-22.715],[-44.184,-22.712],[-44.178,-22.707],[-44.174,-22.702],[-44.176,-22.693],[-44.168,-22.687],[-44.164,-22.68],[-44.161,-22.678],[-44.157,-22.671],[-44.148,-22.648],[-44.117,-22.644],[-44.088,-22.648],[-44.08,-22.647],[-44.085,-22.653],[-44.084,-22.672],[-44.078,-22.682],[-44.075,-22.681],[-44.078,-22.671],[-44.074,-22.669],[-44.075,-22.666],[-44.071,-22.655],[-44.056,-22.648],[-44.048,-22.639],[-44.028,-22.64]]]}},{"type":"Feature","properties":{"id":"3304508","nome":"Rio das Flores"},"geometry":{"type":"Polygon","coordinates":[[[-43.586,-22.052],[-43.584,-22.07],[-43.574,-22.077],[-43.569,-22.077],[-43.567,-22.087],[-43.563,-22.088],[-43.562,-22.087],[-43.556,-22.082],[-43.555,-22.082],[-43.525,-22.072],[-43.519,-22.061],[-43.513,-22.059],[-43.505,-22.066],[-43.507,-22.074],[-43.492,-22.074],[-43.486,-22.073],[-43.476,-22.069],[-43.462,-22.072],[-43.437,-22.06],[-43.427,-22.103],[-43.426,-22.11],[-43.408,-22.19],[-43.404,-22.208],[-43.403,-22.216],[-43.417,-22.224],[-43.42,-22.23],[-43.431,-22.237],[-43.456,-22.216],[-43.467,-22.215],[-43.471,-22.217],[-43.471,-22.231],[-43.481,-22.249],[-43.504,-22.241],[-43.514,-22.236],[-43.519,-22.244],[-43.516,-22.25],[-43.516,-22.26],[-43.526,-22.276],[-43.561,-22.265],[-43.577,-22.279],[-43.584,-22.285],[-43.586,-22.286],[-43.589,-22.288],[-43.592,-22.286],[-43.594,-22.284],[-43.587,-22.276],[-43.588,-22.268],[-43.594,-22.266],[-43.588,-22.264],[-43.592,-22.26],[-43.598,-22.261],[-43.599,-22.258],[-43.608,-22.258],[-43.61,-22.252],[-43.603,-22.247],[-43.611,-22.243],[-43.608,-22.226],[-43.622,-22.222],[-43.629,-22.218],[-43.632,-22.215],[-43.634,-22.21],[-43.635,-22.206],[-43.651,-22.204],[-43.656,-22.198],[-43.659,-22.196],[-43.655,-22.186],[-43.657,-22.18],[-43.663,-22.18],[-43.666,-22.173],[-43.674,-22.166],[-43.665,-22.162],[-43.666,-22.158],[-43.661,-22.155],[-43.664,-22.147],[-43.664,-22.146],[-43.659,-22.104],[-43.662,-22.091],[-43.668,-22.086],[-43.665,-22.074],[-43.656,-22.073],[-43.652,-22.067],[-43.645,-22.065],[-43.644,-22.066],[-43.638,-22.068],[-43.628,-22.076],[-43.621,-22.075],[-43.62,-22.083],[-43.613,-22.082],[-43.611,-22.071],[-43.603,-22.072],[-43.599,-22.059],[-43.596,-22.06],[-43.592,-22.055],[-43.586,-22.052]]]}},{"type":"Feature","properties":{"id":"3304524","nome":"Rio das Ostras"},"geometry":{"type":"Polygon","coordinates":[[[-41.937,-22.377],[-41.941,-22.392],[-41.907,-22.399],[-41.893,-22.412],[-41.877,-22.419],[-41.873,-22.418],[-41.872,-22.419],[-41.866,-22.42],[-41.861,-22.418],[-41.854,-22.408],[-41.847,-22.41],[-41.825,-22.409],[-41.817,-22.416],[-41.841,-22.435],[-41.852,-22.446],[-41.858,-22.459],[-41.862,-22.477],[-41.868,-22.478],[-41.878,-22.488],[-41.891,-22.487],[-41.899,-22.494],[-41.917,-22.517],[-41.92,-22.526],[-41.932,-22.538],[-41.937,-22.537],[-41.944,-22.528],[-41.957,-22.532],[-41.969,-22.543],[-41.979,-22.562],[-41.987,-22.546],[-41.987,-22.54],[-41.99,-22.514],[-41.99,-22.507],[-41.99,-22.506],[-41.991,-22.503],[-42.006,-22.485],[-42.016,-22.484],[-42.027,-22.468],[-42.029,-22.455],[-42.019,-22.449],[-42.02,-22.444],[-42.021,-22.444],[-42.02,-22.43],[-42.015,-22.425],[-42.036,-22.432],[-42.037,-22.428],[-42.047,-22.424],[-42.064,-22.422],[-42.047,-22.403],[-42.024,-22.389],[-42.018,-22.391],[-42.008,-22.395],[-42.001,-22.398],[-41.99,-22.398],[-41.965,-22.387],[-41.953,-22.388],[-41.951,-22.393],[-41.945,-22.392],[-41.942,-22.379],[-41.937,-22.377]]]}},{"type":"Feature","properties":{"id":"3304557","nome":"Rio de Janeiro"},"geometry":{"type":"Polygon","coordinates":[[[-43.198,-23.075],[-43.199,-23.075],[-43.199,-23.074],[-43.2,-23.073],[-43.199,-23.073],[-43.198,-23.073],[-43.198,-23.074],[-43.198,-23.075]],[[-43.191,-23.072],[-43.193,-23.074],[-43.199,-23.071],[-43.194,-23.067],[-43.191,-23.072]],[[-43.149,-23.059],[-43.142,-23.065],[-43.147,-23.065],[-43.149,-23.059]],[[-43.56,-23.081],[-43.564,-23.082],[-43.561,-23.078],[-43.56,-23.081]],[[-43.508,-23.065],[-43.514,-23.066],[-43.511,-23.06],[-43.508,-23.065]],[[-43.197,-23.036],[-43.198,-23.037],[-43.2,-23.038],[-43.201,-23.038],[-43.202,-23.038],[-43.203,-23.038],[-43.204,-23.039],[-43.205,-23.039],[-43.205,-23.04],[-43.207,-23.041],[-43.208,-23.041],[-43.208,-23.04],[-43.207,-23.039],[-43.207,-23.038],[-43.205,-23.038],[-43.204,-23.038],[-43.203,-23.038],[-43.202,-23.037],[-43.201,-23.037],[-43.2,-23.037],[-43.199,-23.036],[-43.199,-23.035],[-43.198,-23.035],[-43.197,-23.035],[-43.197,-23.036]],[[-43.508,-23.054],[-43.509,-23.055],[-43.51,-23.055],[-43.51,-23.054],[-43.509,-23.053],[-43.508,-23.053],[-43.508,-23.054]],[[-43.191,-23.031],[-43.192,-23.031],[-43.192,-23.03],[-43.193,-23.03],[-43.192,-23.029],[-43.191,-23.03],[-43.191,-23.031]],[[-43.303,-23.038],[-43.307,-23.039],[-43.304,-23.036],[-43.303,-23.038]],[[-43.191,-23.027],[-43.191,-23.028],[-43.192,-23.028],[-43.193,-23.028],[-43.194,-23.028],[-43.195,-23.028],[-43.195,-23.027],[-43.194,-23.027],[-43.194,-23.026],[-43.193,-23.026],[-43.192,-23.025],[-43.191,-23.025],[-43.191,-23.026],[-43.191,-23.027]],[[-43.206,-23.026],[-43.205,-23.026],[-43.204,-23.026],[-43.203,-23.026],[-43.202,-23.026],[-43.201,-23.027],[-43.202,-23.027],[-43.203,-23.028],[-43.204,-23.027],[-43.205,-23.027],[-43.206,-23.027],[-43.206,-23.026]],[[-43.299,-23.031],[-43.298,-23.034],[-43.301,-23.033],[-43.299,-23.031]],[[-43.275,-23.03],[-43.276,-23.031],[-43.276,-23.03],[-43.277,-23.031],[-43.278,-23.03],[-43.279,-23.03],[-43.278,-23.03],[-43.278,-23.029],[-43.276,-23.029],[-43.276,-23.03],[-43.275,-23.03]],[[-43.703,-22.987],[-43.706,-22.989],[-43.706,-22.988],[-43.704,-22.987],[-43.703,-22.987]],[[-43.242,-22.837],[-43.235,-22.839],[-43.229,-22.836],[-43.221,-22.841],[-43.222,-22.848],[-43.225,-22.841],[-43.233,-22.846],[-43.225,-22.857],[-43.209,-22.858],[-43.22,-22.861],[-43.214,-22.866],[-43.216,-22.87],[-43.221,-22.869],[-43.222,-22.865],[-43.232,-22.866],[-43.233,-22.862],[-43.237,-22.861],[-43.236,-22.858],[-43.242,-22.837]],[[-43.307,-22.798],[-43.299,-22.806],[-43.291,-22.81],[-43.288,-22.808],[-43.283,-22.816],[-43.273,-22.811],[-43.275,-22.818],[-43.267,-22.822],[-43.255,-22.836],[-43.244,-22.842],[-43.241,-22.858],[-43.239,-22.862],[-43.242,-22.868],[-43.238,-22.877],[-43.23,-22.871],[-43.226,-22.875],[-43.223,-22.873],[-43.218,-22.876],[-43.209,-22.869],[-43.201,-22.876],[-43.211,-22.887],[-43.208,-22.893],[-43.189,-22.888],[-43.18,-22.891],[-43.181,-22.895],[-43.179,-22.892],[-43.179,-22.895],[-43.174,-22.893],[-43.167,-22.895],[-43.171,-22.898],[-43.167,-22.899],[-43.165,-22.896],[-43.167,-22.899],[-43.177,-22.896],[-43.169,-22.904],[-43.161,-22.904],[-43.161,-22.912],[-43.157,-22.913],[-43.161,-22.917],[-43.168,-22.914],[-43.172,-22.917],[-43.17,-22.92],[-43.169,-22.917],[-43.167,-22.922],[-43.171,-22.932],[-43.168,-22.938],[-43.174,-22.944],[-43.179,-22.944],[-43.18,-22.948],[-43.17,-22.952],[-43.162,-22.943],[-43.151,-22.938],[-43.155,-22.943],[-43.15,-22.95],[-43.164,-22.954],[-43.159,-22.957],[-43.16,-22.961],[-43.159,-22.964],[-43.167,-22.963],[-43.182,-22.972],[-43.187,-22.982],[-43.181,-22.986],[-43.187,-22.988],[-43.191,-22.99],[-43.222,-22.988],[-43.243,-23.001],[-43.275,-23.003],[-43.286,-23.009],[-43.286,-23.016],[-43.296,-23.017],[-43.294,-23.012],[-43.301,-23.009],[-43.306,-23.001],[-43.312,-22.997],[-43.32,-22.997],[-43.323,-22.99],[-43.334,-22.99],[-43.342,-22.982],[-43.348,-22.98],[-43.351,-22.978],[-43.364,-22.973],[-43.376,-22.976],[-43.383,-22.974],[-43.394,-22.983],[-43.404,-22.975],[-43.406,-22.979],[-43.403,-22.985],[-43.406,-22.981],[-43.415,-22.987],[-43.412,-22.986],[-43.412,-22.989],[-43.407,-22.992],[-43.39,-22.988],[-43.388,-22.992],[-43.392,-22.994],[-43.389,-22.994],[-43.385,-22.99],[-43.387,-22.983],[-43.381,-22.978],[-43.35,-22.979],[-43.344,-22.984],[-43.357,-22.985],[-43.35,-22.987],[-43.347,-22.992],[-43.351,-22.994],[-43.358,-22.99],[-43.36,-22.993],[-43.323,-22.996],[-43.323,-23.0],[-43.317,-23.0],[-43.311,-23.006],[-43.295,-23.012],[-43.306,-23.016],[-43.358,-23.011],[-43.443,-23.022],[-43.466,-23.029],[-43.47,-23.033],[-43.469,-23.038],[-43.473,-23.032],[-43.494,-23.035],[-43.506,-23.042],[-43.508,-23.048],[-43.536,-23.051],[-43.537,-23.056],[-43.549,-23.062],[-43.552,-23.071],[-43.549,-23.073],[-43.554,-23.076],[-43.557,-23.074],[-43.572,-23.073],[-43.568,-23.071],[-43.568,-23.063],[-43.577,-23.057],[-43.595,-23.052],[-43.668,-23.054],[-43.667,-23.042],[-43.614,-23.031],[-43.606,-23.034],[-43.603,-23.04],[-43.568,-23.054],[-43.568,-23.064],[-43.559,-23.054],[-43.557,-23.049],[-43.559,-23.048],[-43.563,-23.046],[-43.564,-23.053],[-43.572,-23.049],[-43.58,-23.039],[-43.579,-23.043],[-43.588,-23.036],[-43.585,-23.035],[-43.594,-23.032],[-43.599,-23.023],[-43.625,-23.007],[-43.639,-23.006],[-43.644,-23.002],[-43.653,-23.003],[-43.664,-22.987],[-43.677,-22.981],[-43.687,-22.986],[-43.69,-22.992],[-43.695,-22.985],[-43.701,-22.986],[-43.713,-22.97],[-43.72,-22.974],[-43.719,-22.967],[-43.73,-22.955],[-43.749,-22.946],[-43.763,-22.935],[-43.763,-22.931],[-43.768,-22.932],[-43.777,-22.925],[-43.775,-22.921],[-43.784,-22.923],[-43.795,-22.917],[-43.791,-22.913],[-43.794,-22.903],[-43.787,-22.9],[-43.784,-22.903],[-43.78,-22.895],[-43.774,-22.896],[-43.773,-22.893],[-43.767,-22.895],[-43.764,-22.892],[-43.751,-22.888],[-43.749,-22.878],[-43.733,-22.877],[-43.697,-22.864],[-43.674,-22.864],[-43.662,-22.864],[-43.644,-22.856],[-43.624,-22.862],[-43.597,-22.857],[-43.593,-22.86],[-43.588,-22.838],[-43.576,-22.832],[-43.567,-22.831],[-43.535,-22.824],[-43.516,-22.82],[-43.494,-22.816],[-43.49,-22.816],[-43.485,-22.83],[-43.47,-22.84],[-43.463,-22.845],[-43.458,-22.849],[-43.425,-22.834],[-43.414,-22.821],[-43.391,-22.814],[-43.39,-22.814],[-43.377,-22.81],[-43.359,-22.803],[-43.33,-22.802],[-43.327,-22.802],[-43.32,-22.8],[-43.314,-22.802],[-43.307,-22.798]],[[-43.172,-22.776],[-43.171,-22.783],[-43.165,-22.777],[-43.157,-22.778],[-43.157,-22.786],[-43.182,-22.804],[-43.177,-22.806],[-43.175,-22.82],[-43.165,-22.82],[-43.169,-22.826],[-43.173,-22.831],[-43.176,-22.824],[-43.185,-22.833],[-43.191,-22.82],[-43.204,-22.819],[-43.209,-22.815],[-43.226,-22.82],[-43.242,-22.833],[-43.248,-22.829],[-43.247,-22.825],[-43.258,-22.819],[-43.263,-22.809],[-43.259,-22.804],[-43.251,-22.808],[-43.244,-22.807],[-43.243,-22.8],[-43.229,-22.788],[-43.229,-22.783],[-43.218,-22.785],[-43.208,-22.794],[-43.19,-22.796],[-43.189,-22.786],[-43.183,-22.781],[-43.178,-22.782],[-43.175,-22.777],[-43.172,-22.776]],[[-43.103,-22.765],[-43.108,-22.77],[-43.114,-22.767],[-43.11,-22.758],[-43.112,-22.753],[-43.108,-22.748],[-43.104,-22.748],[-43.103,-22.753],[-43.108,-22.759],[-43.103,-22.765]]]}},{"type":"Feature","properties":{"id":"3304607","nome":"Santa Maria Madalena"},"geometry":{"type":"Polygon","coordinates":[[[-41.952,-21.855],[-41.937,-21.871],[-41.932,-21.87],[-41.928,-21.872],[-41.926,-21.875],[-41.895,-21.878],[-41.892,-21.866],[-41.901,-21.867],[-41.9,-21.864],[-41.889,-21.863],[-41.884,-21.872],[-41.887,-21.88],[-41.857,-21.885],[-41.838,-21.887],[-41.797,-21.876],[-41.789,-21.88],[-41.788,-21.888],[-41.739,-21.89],[-41.719,-21.887],[-41.711,-21.892],[-41.705,-21.892],[-41.707,-21.893],[-41.713,-21.902],[-41.711,-21.905],[-41.716,-21.909],[-41.714,-21.923],[-41.72,-21.944],[-41.712,-21.961],[-41.719,-21.967],[-41.716,-21.982],[-41.721,-21.992],[-41.73,-21.996],[-41.741,-22.008],[-41.749,-22.01],[-41.763,-22.024],[-41.763,-22.017],[-41.773,-22.021],[-41.763,-22.034],[-41.763,-22.043],[-41.766,-22.045],[-41.759,-22.053],[-41.761,-22.063],[-41.755,-22.071],[-41.754,-22.082],[-41.75,-22.085],[-41.766,-22.084],[-41.778,-22.096],[-41.792,-22.1],[-41.821,-22.099],[-41.832,-22.078],[-41.839,-22.074],[-41.837,-22.071],[-41.849,-22.071],[-41.857,-22.063],[-41.859,-22.062],[-41.861,-22.062],[-41.867,-22.052],[-41.877,-22.055],[-41.888,-22.049],[-41.895,-22.055],[-41.899,-22.054],[-41.903,-22.057],[-41.904,-22.064],[-41.91,-22.067],[-41.934,-22.056],[-41.942,-22.07],[-41.96,-22.077],[-41.989,-22.062],[-42.001,-22.057],[-42.052,-22.059],[-42.061,-22.057],[-42.102,-22.047],[-42.1,-22.03],[-42.136,-22.033],[-42.139,-22.029],[-42.136,-22.024],[-42.135,-22.023],[-42.13,-22.019],[-42.133,-22.011],[-42.132,-22.007],[-42.122,-22.002],[-42.114,-21.984],[-42.1,-21.98],[-42.097,-21.975],[-42.103,-21.968],[-42.101,-21.956],[-42.093,-21.955],[-42.089,-21.96],[-42.083,-21.952],[-42.082,-21.949],[-42.087,-21.951],[-42.094,-21.944],[-42.09,-21.936],[-42.097,-21.935],[-42.095,-21.933],[-42.101,-21.926],[-42.095,-21.924],[-42.083,-21.936],[-42.079,-21.936],[-42.076,-21.935],[-42.079,-21.932],[-42.074,-21.924],[-42.077,-21.916],[-42.074,-21.914],[-42.062,-21.918],[-42.043,-21.89],[-42.035,-21.886],[-42.027,-21.869],[-42.022,-21.867],[-42.024,-21.862],[-42.018,-21.858],[-42.013,-21.85],[-42.005,-21.846],[-42.001,-21.839],[-42.005,-21.836],[-41.973,-21.804],[-41.97,-21.803],[-41.967,-21.819],[-41.964,-21.829],[-41.955,-21.836],[-41.952,-21.855]]]}},{"type":"Feature","properties":{"id":"3304706","nome":"Santo Ant\u00f4nio de P\u00e1dua"},"geometry":{"type":"Polygon","coordinates":[[[-42.137,-21.471],[-42.136,-21.471],[-42.136,-21.47],[-42.135,-21.47],[-42.123,-21.474],[-42.106,-21.452],[-42.099,-21.451],[-42.094,-21.454],[-42.083,-21.447],[-42.08,-21.45],[-42.058,-21.433],[-42.048,-21.437],[-42.036,-21.434],[-42.023,-21.436],[-42.009,-21.428],[-42.006,-21.432],[-42.001,-21.433],[-41.998,-21.452],[-41.993,-21.457],[-41.995,-21.463],[-42.001,-21.465],[-42.007,-21.475],[-42.005,-21.482],[-41.997,-21.488],[-42.002,-21.495],[-42.04,-21.514],[-42.044,-21.521],[-42.054,-21.526],[-42.055,-21.546],[-42.078,-21.575],[-42.087,-21.579],[-42.088,-21.585],[-42.104,-21.602],[-42.115,-21.604],[-42.118,-21.603],[-42.126,-21.601],[-42.133,-21.602],[-42.135,-21.606],[-42.139,-21.605],[-42.139,-21.61],[-42.157,-21.619],[-42.162,-21.625],[-42.181,-21.632],[-42.185,-21.626],[-42.187,-21.623],[-42.188,-21.629],[-42.205,-21.648],[-42.195,-21.655],[-42.195,-21.668],[-42.185,-21.676],[-42.186,-21.679],[-42.177,-21.69],[-42.187,-21.69],[-42.189,-21.684],[-42.196,-21.684],[-42.212,-21.69],[-42.237,-21.698],[-42.25,-21.707],[-42.267,-21.714],[-42.271,-21.714],[-42.266,-21.708],[-42.272,-21.704],[-42.271,-21.699],[-42.265,-21.694],[-42.27,-21.681],[-42.275,-21.676],[-42.283,-21.68],[-42.287,-21.672],[-42.283,-21.67],[-42.291,-21.664],[-42.295,-21.66],[-42.301,-21.655],[-42.31,-21.66],[-42.316,-21.655],[-42.32,-21.66],[-42.324,-21.656],[-42.331,-21.661],[-42.336,-21.66],[-42.338,-21.661],[-42.343,-21.659],[-42.343,-21.655],[-42.347,-21.643],[-42.355,-21.647],[-42.365,-21.646],[-42.369,-21.64],[-42.364,-21.631],[-42.358,-21.631],[-42.355,-21.625],[-42.359,-21.621],[-42.364,-21.624],[-42.369,-21.619],[-42.361,-21.602],[-42.353,-21.592],[-42.346,-21.582],[-42.326,-21.57],[-42.327,-21.562],[-42.331,-21.56],[-42.314,-21.555],[-42.309,-21.55],[-42.31,-21.547],[-42.303,-21.539],[-42.306,-21.529],[-42.297,-21.524],[-42.286,-21.528],[-42.283,-21.523],[-42.273,-21.504],[-42.26,-21.496],[-42.257,-21.494],[-42.253,-21.493],[-42.252,-21.489],[-42.271,-21.475],[-42.268,-21.468],[-42.292,-21.46],[-42.284,-21.446],[-42.286,-21.442],[-42.279,-21.435],[-42.281,-21.432],[-42.275,-21.428],[-42.237,-21.449],[-42.231,-21.452],[-42.202,-21.469],[-42.197,-21.469],[-42.137,-21.471]]]}},{"type":"Feature","properties":{"id":"3304755","nome":"S\u00e3o Francisco de Itabapoana"},"geometry":{"type":"Polygon","coordinates":[[[-41.228,-21.226],[-41.227,-21.231],[-41.224,-21.227],[-41.225,-21.23],[-41.22,-21.229],[-41.221,-21.233],[-41.212,-21.235],[-41.205,-21.243],[-41.204,-21.239],[-41.199,-21.244],[-41.193,-21.244],[-41.193,-21.241],[-41.191,-21.248],[-41.188,-21.243],[-41.183,-21.244],[-41.186,-21.241],[-41.182,-21.236],[-41.181,-21.239],[-41.178,-21.239],[-41.181,-21.241],[-41.174,-21.241],[-41.176,-21.244],[-41.164,-21.243],[-41.161,-21.246],[-41.158,-21.241],[-41.155,-21.245],[-41.156,-21.24],[-41.141,-21.238],[-41.137,-21.228],[-41.134,-21.226],[-41.119,-21.23],[-41.104,-21.219],[-41.102,-21.222],[-41.092,-21.218],[-41.091,-21.221],[-41.088,-21.22],[-41.081,-21.222],[-41.073,-21.23],[-41.07,-21.228],[-41.055,-21.238],[-41.041,-21.255],[-41.025,-21.246],[-41.012,-21.251],[-41.006,-21.252],[-40.998,-21.266],[-40.999,-21.278],[-40.994,-21.286],[-40.985,-21.286],[-40.978,-21.281],[-40.976,-21.286],[-40.98,-21.288],[-40.975,-21.289],[-40.972,-21.294],[-40.965,-21.295],[-40.965,-21.299],[-40.956,-21.303],[-40.96,-21.318],[-40.964,-21.344],[-40.96,-21.361],[-40.965,-21.363],[-40.982,-21.393],[-40.987,-21.391],[-40.997,-21.398],[-41.006,-21.42],[-41.023,-21.445],[-41.037,-21.461],[-41.047,-21.467],[-41.064,-21.487],[-41.07,-21.499],[-41.074,-21.522],[-41.071,-21.544],[-41.057,-21.584],[-41.038,-21.603],[-41.02,-21.604],[-41.013,-21.608],[-41.014,-21.605],[-41.01,-21.612],[-41.029,-21.617],[-41.053,-21.618],[-41.075,-21.631],[-41.095,-21.653],[-41.101,-21.662],[-41.103,-21.673],[-41.111,-21.677],[-41.127,-21.673],[-41.136,-21.677],[-41.141,-21.677],[-41.139,-21.671],[-41.148,-21.671],[-41.146,-21.675],[-41.159,-21.675],[-41.164,-21.681],[-41.178,-21.688],[-41.188,-21.687],[-41.189,-21.682],[-41.196,-21.682],[-41.191,-21.66],[-41.182,-21.621],[-41.181,-21.598],[-41.187,-21.59],[-41.194,-21.59],[-41.217,-21.58],[-41.233,-21.564],[-41.264,-21.552],[-41.245,-21.522],[-41.244,-21.52],[-41.229,-21.499],[-41.249,-21.5],[-41.259,-21.491],[-41.261,-21.489],[-41.257,-21.486],[-41.255,-21.476],[-41.258,-21.466],[-41.255,-21.444],[-41.258,-21.421],[-41.266,-21.407],[-41.257,-21.395],[-41.257,-21.388],[-41.243,-21.387],[-41.237,-21.381],[-41.237,-21.375],[-41.243,-21.366],[-41.255,-21.362],[-41.264,-21.363],[-41.265,-21.355],[-41.27,-21.354],[-41.263,-21.34],[-41.258,-21.34],[-41.259,-21.332],[-41.263,-21.332],[-41.25,-21.32],[-41.249,-21.309],[-41.262,-21.314],[-41.277,-21.312],[-41.296,-21.316],[-41.299,-21.311],[-41.307,-21.313],[-41.312,-21.311],[-41.31,-21.302],[-41.302,-21.298],[-41.299,-21.286],[-41.289,-21.271],[-41.287,-21.256],[-41.281,-21.249],[-41.272,-21.246],[-41.277,-21.24],[-41.275,-21.236],[-41.271,-21.237],[-41.272,-21.233],[-41.265,-21.233],[-41.262,-21.236],[-41.257,-21.225],[-41.249,-21.222],[-41.247,-21.221],[-41.241,-21.221],[-41.228,-21.226]]]}},{"type":"Feature","properties":{"id":"3304805","nome":"S\u00e3o Fid\u00e9lis"},"geometry":{"type":"Polygon","coordinates":[[[-41.673,-21.53],[-41.639,-21.578],[-41.627,-21.596],[-41.556,-21.565],[-41.542,-21.561],[-41.548,-21.615],[-41.539,-21.621],[-41.541,-21.627],[-41.551,-21.628],[-41.556,-21.639],[-41.564,-21.642],[-41.569,-21.64],[-41.574,-21.645],[-41.574,-21.649],[-41.584,-21.653],[-41.59,-21.664],[-41.61,-21.664],[-41.618,-21.67],[-41.64,-21.669],[-41.65,-21.687],[-41.665,-21.695],[-41.683,-21.703],[-41.683,-21.707],[-41.689,-21.711],[-41.692,-21.709],[-41.696,-21.714],[-41.701,-21.725],[-41.699,-21.739],[-41.712,-21.754],[-41.717,-21.752],[-41.731,-21.763],[-41.736,-21.763],[-41.751,-21.78],[-41.747,-21.789],[-41.776,-21.786],[-41.789,-21.781],[-41.795,-21.784],[-41.794,-21.787],[-41.795,-21.793],[-41.809,-21.797],[-41.811,-21.804],[-41.821,-21.813],[-41.833,-21.819],[-41.84,-21.834],[-41.854,-21.839],[-41.889,-21.863],[-41.9,-21.864],[-41.901,-21.867],[-41.892,-21.866],[-41.895,-21.878],[-41.926,-21.875],[-41.928,-21.872],[-41.932,-21.87],[-41.937,-21.871],[-41.952,-21.855],[-41.955,-21.836],[-41.964,-21.829],[-41.967,-21.819],[-41.97,-21.803],[-41.959,-21.792],[-41.952,-21.77],[-41.945,-21.772],[-41.936,-21.767],[-41.937,-21.749],[-41.931,-21.742],[-41.937,-21.741],[-41.938,-21.741],[-41.938,-21.697],[-41.938,-21.646],[-41.938,-21.628],[-41.938,-21.597],[-41.934,-21.594],[-41.93,-21.591],[-41.903,-21.577],[-41.897,-21.575],[-41.884,-21.579],[-41.868,-21.574],[-41.872,-21.56],[-41.867,-21.55],[-41.849,-21.534],[-41.832,-21.515],[-41.823,-21.512],[-41.824,-21.504],[-41.817,-21.49],[-41.824,-21.482],[-41.792,-21.475],[-41.791,-21.475],[-41.743,-21.464],[-41.703,-21.498],[-41.684,-21.516],[-41.673,-21.53]]]}},{"type":"Feature","properties":{"id":"3304904","nome":"S\u00e3o Gon\u00e7alo"},"geometry":{"type":"Polygon","coordinates":[[[-42.998,-22.734],[-42.991,-22.744],[-42.99,-22.749],[-42.962,-22.758],[-42.95,-22.769],[-42.944,-22.769],[-42.941,-22.776],[-42.943,-22.795],[-42.919,-22.819],[-42.91,-22.816],[-42.906,-22.817],[-42.896,-22.842],[-42.886,-22.867],[-42.902,-22.878],[-42.923,-22.882],[-42.954,-22.892],[-42.954,-22.9],[-42.975,-22.906],[-42.98,-22.917],[-42.986,-22.911],[-42.987,-22.893],[-42.99,-22.888],[-43.008,-22.892],[-43.029,-22.876],[-43.051,-22.874],[-43.099,-22.859],[-43.103,-22.857],[-43.099,-22.848],[-43.093,-22.84],[-43.097,-22.834],[-43.095,-22.827],[-43.08,-22.819],[-43.066,-22.802],[-43.079,-22.799],[-43.081,-22.787],[-43.07,-22.779],[-43.068,-22.769],[-43.062,-22.763],[-43.029,-22.747],[-43.026,-22.742],[-43.017,-22.743],[-43.011,-22.737],[-43.001,-22.738],[-42.998,-22.734]]]}},{"type":"Feature","properties":{"id":"3305000","nome":"S\u00e3o Jo\u00e3o da Barra"},"geometry":{"type":"Polygon","coordinates":[[[-41.01,-21.612],[-41.016,-21.647],[-41.024,-21.68],[-41.026,-21.721],[-41.009,-21.797],[-40.98,-21.915],[-40.982,-21.915],[-41.002,-21.915],[-41.031,-21.914],[-41.032,-21.914],[-41.052,-21.913],[-41.053,-21.913],[-41.077,-21.913],[-41.084,-21.913],[-41.127,-21.912],[-41.14,-21.894],[-41.154,-21.882],[-41.159,-21.871],[-41.159,-21.865],[-41.153,-21.86],[-41.151,-21.838],[-41.15,-21.816],[-41.15,-21.815],[-41.154,-21.808],[-41.167,-21.789],[-41.177,-21.775],[-41.172,-21.749],[-41.177,-21.743],[-41.192,-21.731],[-41.192,-21.726],[-41.176,-21.718],[-41.172,-21.711],[-41.164,-21.709],[-41.152,-21.697],[-41.144,-21.694],[-41.136,-21.677],[-41.127,-21.673],[-41.111,-21.677],[-41.103,-21.673],[-41.101,-21.662],[-41.095,-21.653],[-41.075,-21.631],[-41.053,-21.618],[-41.029,-21.617],[-41.01,-21.612]]]}},{"type":"Feature","properties":{"id":"3305109","nome":"S\u00e3o Jo\u00e3o de Meriti"},"geometry":{"type":"Polygon","coordinates":[[[-43.33,-22.756],[-43.33,-22.802],[-43.359,-22.803],[-43.377,-22.81],[-43.39,-22.814],[-43.391,-22.814],[-43.399,-22.805],[-43.402,-22.802],[-43.411,-22.792],[-43.396,-22.777],[-43.391,-22.772],[-43.384,-22.766],[-43.362,-22.762],[-43.33,-22.756]]]}},{"type":"Feature","properties":{"id":"3305133","nome":"S\u00e3o Jos\u00e9 de Ub\u00e1"},"geometry":{"type":"Polygon","coordinates":[[[-41.834,-21.296],[-41.815,-21.326],[-41.825,-21.33],[-41.831,-21.339],[-41.837,-21.338],[-41.857,-21.346],[-41.867,-21.364],[-41.9,-21.384],[-41.898,-21.393],[-41.917,-21.411],[-41.941,-21.426],[-41.951,-21.432],[-41.952,-21.443],[-41.958,-21.444],[-41.962,-21.456],[-41.971,-21.465],[-41.97,-21.47],[-41.993,-21.486],[-41.997,-21.488],[-42.005,-21.482],[-42.007,-21.475],[-42.001,-21.465],[-41.995,-21.463],[-41.993,-21.457],[-41.998,-21.452],[-42.001,-21.433],[-42.006,-21.432],[-42.009,-21.428],[-42.023,-21.436],[-42.036,-21.434],[-42.048,-21.437],[-42.058,-21.433],[-42.037,-21.396],[-42.03,-21.39],[-42.031,-21.384],[-42.028,-21.376],[-42.039,-21.366],[-42.038,-21.357],[-42.034,-21.343],[-42.022,-21.328],[-42.0,-21.328],[-41.994,-21.321],[-41.988,-21.321],[-41.986,-21.313],[-41.962,-21.31],[-41.956,-21.314],[-41.951,-21.311],[-41.95,-21.311],[-41.94,-21.308],[-41.932,-21.311],[-41.917,-21.295],[-41.905,-21.298],[-41.9,-21.302],[-41.885,-21.295],[-41.883,-21.299],[-41.873,-21.299],[-41.869,-21.304],[-41.854,-21.3],[-41.839,-21.288],[-41.834,-21.296]]]}},{"type":"Feature","properties":{"id":"3305158","nome":"S\u00e3o Jos\u00e9 do Vale do Rio Preto"},"geometry":{"type":"Polygon","coordinates":[[[-42.935,-22.095],[-42.928,-22.104],[-42.924,-22.102],[-42.915,-22.099],[-42.912,-22.109],[-42.907,-22.112],[-42.898,-22.111],[-42.882,-22.102],[-42.881,-22.101],[-42.872,-22.102],[-42.869,-22.112],[-42.865,-22.127],[-42.873,-22.145],[-42.874,-22.156],[-42.864,-22.165],[-42.838,-22.153],[-42.828,-22.143],[-42.82,-22.147],[-42.811,-22.135],[-42.806,-22.134],[-42.793,-22.122],[-42.779,-22.12],[-42.769,-22.123],[-42.755,-22.117],[-42.747,-22.123],[-42.761,-22.127],[-42.763,-22.127],[-42.765,-22.128],[-42.769,-22.132],[-42.775,-22.13],[-42.78,-22.133],[-42.794,-22.145],[-42.802,-22.149],[-42.806,-22.157],[-42.815,-22.163],[-42.839,-22.175],[-42.845,-22.174],[-42.852,-22.178],[-42.854,-22.183],[-42.868,-22.19],[-42.876,-22.191],[-42.878,-22.186],[-42.887,-22.188],[-42.893,-22.19],[-42.9,-22.209],[-42.907,-22.225],[-42.914,-22.223],[-42.926,-22.225],[-42.937,-22.232],[-42.957,-22.253],[-42.97,-22.254],[-42.974,-22.262],[-42.98,-22.264],[-42.98,-22.249],[-42.992,-22.239],[-42.996,-22.226],[-43.008,-22.219],[-43.018,-22.222],[-43.023,-22.211],[-43.026,-22.205],[-43.029,-22.203],[-43.047,-22.208],[-43.048,-22.207],[-43.018,-22.151],[-43.013,-22.147],[-43.001,-22.151],[-42.974,-22.143],[-42.956,-22.138],[-42.964,-22.127],[-42.967,-22.105],[-42.973,-22.099],[-42.969,-22.088],[-42.957,-22.085],[-42.949,-22.093],[-42.948,-22.095],[-42.935,-22.095]]]}},{"type":"Feature","properties":{"id":"3305208","nome":"S\u00e3o Pedro da Aldeia"},"geometry":{"type":"Polygon","coordinates":[[[-42.042,-22.758],[-42.034,-22.773],[-42.024,-22.793],[-42.024,-22.794],[-42.023,-22.795],[-42.041,-22.865],[-42.046,-22.867],[-42.053,-22.862],[-42.061,-22.867],[-42.076,-22.86],[-42.082,-22.863],[-42.087,-22.864],[-42.098,-22.861],[-42.108,-22.868],[-42.104,-22.884],[-42.107,-22.898],[-42.114,-22.908],[-42.123,-22.907],[-42.148,-22.894],[-42.153,-22.89],[-42.161,-22.879],[-42.173,-22.873],[-42.177,-22.875],[-42.19,-22.874],[-42.199,-22.879],[-42.196,-22.855],[-42.177,-22.827],[-42.193,-22.822],[-42.193,-22.816],[-42.196,-22.807],[-42.194,-22.801],[-42.201,-22.796],[-42.197,-22.793],[-42.201,-22.787],[-42.204,-22.78],[-42.21,-22.785],[-42.254,-22.791],[-42.251,-22.789],[-42.229,-22.776],[-42.219,-22.77],[-42.215,-22.764],[-42.207,-22.749],[-42.188,-22.716],[-42.168,-22.681],[-42.167,-22.679],[-42.132,-22.652],[-42.132,-22.653],[-42.089,-22.703],[-42.075,-22.718],[-42.071,-22.724],[-42.055,-22.742],[-42.042,-22.758]]]}},{"type":"Feature","properties":{"id":"3305307","nome":"S\u00e3o Sebasti\u00e3o do Alto"},"geometry":{"type":"Polygon","coordinates":[[[-41.952,-21.729],[-41.938,-21.741],[-41.937,-21.741],[-41.931,-21.742],[-41.937,-21.749],[-41.936,-21.767],[-41.945,-21.772],[-41.952,-21.77],[-41.959,-21.792],[-41.97,-21.803],[-41.973,-21.804],[-42.005,-21.836],[-42.001,-21.839],[-42.005,-21.846],[-42.013,-21.85],[-42.018,-21.858],[-42.024,-21.862],[-42.022,-21.867],[-42.027,-21.869],[-42.035,-21.886],[-42.043,-21.89],[-42.062,-21.918],[-42.074,-21.914],[-42.077,-21.916],[-42.074,-21.924],[-42.079,-21.932],[-42.076,-21.935],[-42.079,-21.936],[-42.083,-21.936],[-42.095,-21.924],[-42.101,-21.926],[-42.095,-21.933],[-42.097,-21.935],[-42.09,-21.936],[-42.094,-21.944],[-42.087,-21.951],[-42.082,-21.949],[-42.083,-21.952],[-42.089,-21.96],[-42.093,-21.955],[-42.101,-21.956],[-42.103,-21.968],[-42.097,-21.975],[-42.1,-21.98],[-42.114,-21.984],[-42.122,-22.002],[-42.132,-22.007],[-42.133,-22.011],[-42.13,-22.019],[-42.135,-22.023],[-42.136,-22.024],[-42.138,-22.019],[-42.148,-22.024],[-42.155,-22.01],[-42.173,-22.004],[-42.18,-22.007],[-42.186,-22.018],[-42.195,-22.013],[-42.205,-22.015],[-42.219,-22.009],[-42.224,-22.006],[-42.22,-21.996],[-42.226,-21.988],[-42.23,-21.975],[-42.242,-21.973],[-42.243,-21.973],[-42.24,-21.964],[-42.243,-21.953],[-42.233,-21.937],[-42.231,-21.935],[-42.225,-21.93],[-42.221,-21.918],[-42.21,-21.919],[-42.214,-21.91],[-42.221,-21.909],[-42.218,-21.905],[-42.213,-21.897],[-42.215,-21.891],[-42.21,-21.888],[-42.21,-21.88],[-42.207,-21.877],[-42.199,-21.881],[-42.19,-21.874],[-42.184,-21.875],[-42.182,-21.869],[-42.171,-21.866],[-42.167,-21.859],[-42.146,-21.86],[-42.144,-21.856],[-42.143,-21.859],[-42.139,-21.855],[-42.145,-21.843],[-42.139,-21.839],[-42.137,-21.837],[-42.132,-21.839],[-42.132,-21.843],[-42.124,-21.845],[-42.121,-21.85],[-42.117,-21.837],[-42.126,-21.83],[-42.125,-21.824],[-42.121,-21.823],[-42.119,-21.827],[-42.114,-21.825],[-42.103,-21.81],[-42.093,-21.813],[-42.089,-21.802],[-42.076,-21.801],[-42.07,-21.797],[-42.068,-21.8],[-42.059,-21.801],[-42.063,-21.791],[-42.06,-21.788],[-42.057,-21.786],[-42.051,-21.779],[-42.044,-21.783],[-42.04,-21.773],[-42.032,-21.766],[-42.014,-21.771],[-42.014,-21.765],[-42.022,-21.756],[-42.01,-21.744],[-42.005,-21.746],[-42.002,-21.741],[-41.987,-21.736],[-41.987,-21.735],[-41.982,-21.733],[-41.98,-21.739],[-41.976,-21.739],[-41.975,-21.734],[-41.952,-21.729]]]}},{"type":"Feature","properties":{"id":"3305406","nome":"Sapucaia"},"geometry":{"type":"Polygon","coordinates":[[[-42.702,-21.993],[-42.697,-22.001],[-42.708,-22.013],[-42.708,-22.024],[-42.716,-22.025],[-42.71,-22.033],[-42.717,-22.052],[-42.725,-22.053],[-42.744,-22.047],[-42.742,-22.049],[-42.736,-22.06],[-42.73,-22.086],[-42.735,-22.095],[-42.76,-22.101],[-42.755,-22.117],[-42.769,-22.123],[-42.779,-22.12],[-42.793,-22.122],[-42.806,-22.134],[-42.811,-22.135],[-42.82,-22.147],[-42.828,-22.143],[-42.838,-22.153],[-42.864,-22.165],[-42.874,-22.156],[-42.873,-22.145],[-42.865,-22.127],[-42.869,-22.112],[-42.872,-22.102],[-42.881,-22.101],[-42.882,-22.102],[-42.898,-22.111],[-42.907,-22.112],[-42.912,-22.109],[-42.915,-22.099],[-42.924,-22.102],[-42.928,-22.104],[-42.935,-22.095],[-42.948,-22.095],[-42.949,-22.093],[-42.957,-22.085],[-42.969,-22.088],[-43.011,-22.083],[-43.014,-22.083],[-43.013,-22.075],[-43.008,-22.072],[-43.011,-22.056],[-43.005,-22.05],[-43.01,-22.039],[-43.003,-22.032],[-42.996,-22.036],[-42.969,-22.014],[-42.959,-22.015],[-42.947,-22.005],[-42.92,-21.995],[-42.909,-21.99],[-42.902,-21.984],[-42.882,-21.967],[-42.882,-21.96],[-42.846,-21.948],[-42.791,-21.93],[-42.767,-21.921],[-42.743,-21.91],[-42.719,-21.897],[-42.669,-21.874],[-42.668,-21.88],[-42.666,-21.885],[-42.664,-21.891],[-42.669,-21.897],[-42.662,-21.906],[-42.664,-21.916],[-42.671,-21.922],[-42.673,-21.936],[-42.68,-21.949],[-42.691,-21.951],[-42.699,-21.961],[-42.697,-21.963],[-42.689,-21.963],[-42.691,-21.969],[-42.699,-21.981],[-42.698,-21.989],[-42.702,-21.993]]]}},{"type":"Feature","properties":{"id":"3305505","nome":"Saquarema"},"geometry":{"type":"Polygon","coordinates":[[[-42.56,-22.811],[-42.547,-22.814],[-42.533,-22.809],[-42.529,-22.814],[-42.528,-22.816],[-42.523,-22.824],[-42.488,-22.828],[-42.485,-22.83],[-42.479,-22.823],[-42.454,-22.823],[-42.448,-22.823],[-42.427,-22.826],[-42.413,-22.829],[-42.37,-22.835],[-42.373,-22.845],[-42.383,-22.884],[-42.386,-22.888],[-42.387,-22.896],[-42.378,-22.908],[-42.367,-22.935],[-42.455,-22.935],[-42.476,-22.939],[-42.51,-22.934],[-42.586,-22.933],[-42.636,-22.937],[-42.642,-22.91],[-42.656,-22.904],[-42.67,-22.91],[-42.68,-22.91],[-42.676,-22.904],[-42.677,-22.898],[-42.679,-22.878],[-42.672,-22.87],[-42.661,-22.859],[-42.646,-22.855],[-42.634,-22.846],[-42.636,-22.838],[-42.602,-22.819],[-42.601,-22.816],[-42.596,-22.814],[-42.592,-22.811],[-42.581,-22.805],[-42.568,-22.804],[-42.56,-22.811]]]}},{"type":"Feature","properties":{"id":"3305554","nome":"Serop\u00e9dica"},"geometry":{"type":"Polygon","coordinates":[[[-43.709,-22.639],[-43.691,-22.65],[-43.678,-22.647],[-43.67,-22.652],[-43.664,-22.657],[-43.657,-22.659],[-43.65,-22.652],[-43.64,-22.651],[-43.634,-22.658],[-43.636,-22.669],[-43.645,-22.67],[-43.648,-22.674],[-43.65,-22.677],[-43.651,-22.682],[-43.638,-22.714],[-43.638,-22.719],[-43.639,-22.723],[-43.64,-22.728],[-43.644,-22.737],[-43.644,-22.754],[-43.632,-22.774],[-43.635,-22.783],[-43.627,-22.806],[-43.629,-22.811],[-43.623,-22.82],[-43.624,-22.826],[-43.654,-22.848],[-43.671,-22.853],[-43.674,-22.864],[-43.717,-22.848],[-43.718,-22.848],[-43.73,-22.843],[-43.733,-22.841],[-43.757,-22.832],[-43.761,-22.83],[-43.772,-22.82],[-43.773,-22.82],[-43.784,-22.818],[-43.802,-22.803],[-43.804,-22.789],[-43.8,-22.779],[-43.797,-22.773],[-43.796,-22.772],[-43.775,-22.769],[-43.77,-22.757],[-43.765,-22.755],[-43.771,-22.75],[-43.77,-22.734],[-43.765,-22.728],[-43.75,-22.727],[-43.745,-22.72],[-43.743,-22.713],[-43.738,-22.709],[-43.74,-22.705],[-43.753,-22.699],[-43.748,-22.685],[-43.711,-22.647],[-43.713,-22.641],[-43.709,-22.639]]]}},{"type":"Feature","properties":{"id":"3305604","nome":"Silva Jardim"},"geometry":{"type":"Polygon","coordinates":[[[-42.28,-22.412],[-42.289,-22.428],[-42.294,-22.43],[-42.297,-22.442],[-42.304,-22.458],[-42.302,-22.465],[-42.294,-22.465],[-42.29,-22.466],[-42.283,-22.478],[-42.271,-22.486],[-42.267,-22.498],[-42.261,-22.505],[-42.266,-22.519],[-42.261,-22.527],[-42.262,-22.531],[-42.255,-22.532],[-42.252,-22.544],[-42.247,-22.546],[-42.215,-22.538],[-42.205,-22.541],[-42.197,-22.548],[-42.193,-22.547],[-42.188,-22.555],[-42.193,-22.558],[-42.192,-22.567],[-42.199,-22.576],[-42.205,-22.577],[-42.204,-22.581],[-42.215,-22.586],[-42.216,-22.592],[-42.219,-22.593],[-42.22,-22.59],[-42.225,-22.592],[-42.228,-22.59],[-42.226,-22.596],[-42.238,-22.599],[-42.233,-22.604],[-42.237,-22.609],[-42.241,-22.608],[-42.248,-22.613],[-42.263,-22.608],[-42.271,-22.614],[-42.283,-22.623],[-42.297,-22.624],[-42.312,-22.641],[-42.324,-22.683],[-42.331,-22.696],[-42.333,-22.704],[-42.357,-22.713],[-42.361,-22.713],[-42.369,-22.724],[-42.38,-22.718],[-42.395,-22.721],[-42.401,-22.73],[-42.411,-22.729],[-42.42,-22.736],[-42.441,-22.731],[-42.454,-22.725],[-42.46,-22.719],[-42.471,-22.723],[-42.479,-22.725],[-42.492,-22.722],[-42.499,-22.725],[-42.514,-22.719],[-42.529,-22.717],[-42.527,-22.682],[-42.527,-22.68],[-42.528,-22.63],[-42.553,-22.618],[-42.559,-22.62],[-42.564,-22.62],[-42.58,-22.586],[-42.581,-22.585],[-42.592,-22.561],[-42.602,-22.541],[-42.592,-22.531],[-42.593,-22.525],[-42.588,-22.524],[-42.575,-22.49],[-42.566,-22.484],[-42.565,-22.467],[-42.552,-22.466],[-42.552,-22.455],[-42.543,-22.457],[-42.536,-22.456],[-42.512,-22.433],[-42.509,-22.436],[-42.496,-22.435],[-42.483,-22.442],[-42.478,-22.448],[-42.467,-22.447],[-42.457,-22.443],[-42.453,-22.434],[-42.445,-22.433],[-42.433,-22.432],[-42.423,-22.428],[-42.41,-22.428],[-42.404,-22.429],[-42.39,-22.421],[-42.371,-22.425],[-42.366,-22.419],[-42.355,-22.429],[-42.344,-22.424],[-42.335,-22.429],[-42.333,-22.425],[-42.325,-22.426],[-42.325,-22.421],[-42.315,-22.424],[-42.279,-22.402],[-42.271,-22.402],[-42.28,-22.412]]]}},{"type":"Feature","properties":{"id":"3305703","nome":"Sumidouro"},"geometry":{"type":"Polygon","coordinates":[[[-42.565,-22.038],[-42.573,-22.048],[-42.581,-22.049],[-42.574,-22.058],[-42.574,-22.065],[-42.588,-22.077],[-42.598,-22.078],[-42.605,-22.087],[-42.603,-22.097],[-42.595,-22.098],[-42.587,-22.103],[-42.594,-22.11],[-42.602,-22.111],[-42.606,-22.116],[-42.609,-22.121],[-42.607,-22.127],[-42.617,-22.134],[-42.613,-22.137],[-42.611,-22.14],[-42.578,-22.141],[-42.574,-22.163],[-42.565,-22.161],[-42.557,-22.163],[-42.555,-22.172],[-42.564,-22.172],[-42.566,-22.178],[-42.572,-22.175],[-42.577,-22.179],[-42.582,-22.177],[-42.592,-22.179],[-42.603,-22.189],[-42.606,-22.193],[-42.613,-22.196],[-42.631,-22.186],[-42.641,-22.187],[-42.642,-22.191],[-42.643,-22.196],[-42.639,-22.201],[-42.647,-22.205],[-42.643,-22.208],[-42.644,-22.212],[-42.652,-22.213],[-42.659,-22.209],[-42.659,-22.218],[-42.671,-22.223],[-42.674,-22.24],[-42.69,-22.253],[-42.704,-22.259],[-42.712,-22.266],[-42.714,-22.267],[-42.719,-22.259],[-42.716,-22.255],[-42.724,-22.245],[-42.744,-22.233],[-42.735,-22.222],[-42.737,-22.22],[-42.733,-22.217],[-42.733,-22.209],[-42.743,-22.2],[-42.745,-22.193],[-42.752,-22.19],[-42.751,-22.185],[-42.747,-22.185],[-42.748,-22.18],[-42.744,-22.175],[-42.748,-22.17],[-42.745,-22.165],[-42.756,-22.157],[-42.756,-22.149],[-42.751,-22.146],[-42.749,-22.136],[-42.745,-22.127],[-42.747,-22.123],[-42.755,-22.117],[-42.76,-22.101],[-42.735,-22.095],[-42.73,-22.086],[-42.736,-22.06],[-42.742,-22.049],[-42.744,-22.047],[-42.725,-22.053],[-42.717,-22.052],[-42.71,-22.033],[-42.716,-22.025],[-42.708,-22.024],[-42.708,-22.013],[-42.697,-22.001],[-42.702,-21.993],[-42.698,-21.989],[-42.699,-21.981],[-42.691,-21.969],[-42.638,-21.991],[-42.572,-22.019],[-42.575,-22.025],[-42.563,-22.03],[-42.565,-22.038]]]}},{"type":"Feature","properties":{"id":"3305752","nome":"Tangu\u00e1"},"geometry":{"type":"Polygon","coordinates":[[[-42.699,-22.729],[-42.695,-22.753],[-42.688,-22.758],[-42.69,-22.762],[-42.685,-22.768],[-42.677,-22.77],[-42.678,-22.775],[-42.689,-22.785],[-42.689,-22.792],[-42.685,-22.794],[-42.68,-22.797],[-42.661,-22.799],[-42.667,-22.802],[-42.665,-22.804],[-42.671,-22.811],[-42.667,-22.819],[-42.669,-22.822],[-42.658,-22.827],[-42.67,-22.844],[-42.661,-22.849],[-42.647,-22.845],[-42.646,-22.855],[-42.661,-22.859],[-42.67,-22.857],[-42.699,-22.856],[-42.702,-22.849],[-42.715,-22.853],[-42.732,-22.841],[-42.733,-22.841],[-42.739,-22.833],[-42.752,-22.829],[-42.751,-22.825],[-42.739,-22.812],[-42.738,-22.807],[-42.75,-22.802],[-42.758,-22.796],[-42.784,-22.804],[-42.798,-22.8],[-42.803,-22.794],[-42.798,-22.793],[-42.799,-22.79],[-42.797,-22.787],[-42.79,-22.787],[-42.783,-22.775],[-42.791,-22.772],[-42.787,-22.759],[-42.791,-22.753],[-42.795,-22.756],[-42.8,-22.754],[-42.799,-22.75],[-42.806,-22.743],[-42.799,-22.736],[-42.764,-22.739],[-42.763,-22.726],[-42.761,-22.724],[-42.762,-22.719],[-42.77,-22.71],[-42.77,-22.709],[-42.755,-22.702],[-42.746,-22.686],[-42.715,-22.72],[-42.699,-22.729]]]}},{"type":"Feature","properties":{"id":"3305802","nome":"Teres\u00f3polis"},"geometry":{"type":"Polygon","coordinates":[[[-42.745,-22.127],[-42.749,-22.136],[-42.751,-22.146],[-42.756,-22.149],[-42.756,-22.157],[-42.745,-22.165],[-42.748,-22.17],[-42.744,-22.175],[-42.748,-22.18],[-42.747,-22.185],[-42.751,-22.185],[-42.752,-22.19],[-42.745,-22.193],[-42.743,-22.2],[-42.733,-22.209],[-42.733,-22.217],[-42.737,-22.22],[-42.735,-22.222],[-42.744,-22.233],[-42.724,-22.245],[-42.716,-22.255],[-42.719,-22.259],[-42.714,-22.267],[-42.718,-22.277],[-42.711,-22.287],[-42.712,-22.293],[-42.716,-22.296],[-42.72,-22.306],[-42.726,-22.315],[-42.718,-22.328],[-42.719,-22.331],[-42.724,-22.335],[-42.728,-22.335],[-42.723,-22.35],[-42.727,-22.355],[-42.74,-22.36],[-42.747,-22.373],[-42.763,-22.376],[-42.769,-22.383],[-42.79,-22.378],[-42.803,-22.377],[-42.803,-22.386],[-42.815,-22.391],[-42.811,-22.402],[-42.827,-22.412],[-42.841,-22.411],[-42.852,-22.416],[-42.852,-22.425],[-42.857,-22.426],[-42.87,-22.431],[-42.87,-22.438],[-42.877,-22.443],[-42.875,-22.448],[-42.879,-22.447],[-42.891,-22.457],[-42.896,-22.457],[-42.909,-22.455],[-42.912,-22.454],[-42.925,-22.453],[-42.928,-22.449],[-42.942,-22.457],[-42.945,-22.455],[-42.954,-22.457],[-42.957,-22.465],[-42.963,-22.464],[-42.974,-22.47],[-42.987,-22.462],[-42.989,-22.462],[-42.999,-22.459],[-43.016,-22.466],[-43.025,-22.461],[-43.026,-22.455],[-43.024,-22.442],[-43.022,-22.44],[-43.032,-22.433],[-43.035,-22.423],[-43.032,-22.42],[-43.038,-22.416],[-43.027,-22.392],[-43.034,-22.39],[-43.029,-22.377],[-43.034,-22.369],[-43.024,-22.359],[-43.02,-22.355],[-43.026,-22.352],[-43.028,-22.345],[-43.034,-22.345],[-43.025,-22.339],[-43.03,-22.338],[-43.034,-22.328],[-43.048,-22.327],[-43.045,-22.32],[-43.044,-22.318],[-43.039,-22.311],[-43.024,-22.306],[-43.013,-22.298],[-43.017,-22.29],[-43.005,-22.287],[-42.997,-22.281],[-42.989,-22.278],[-42.988,-22.269],[-42.983,-22.263],[-42.98,-22.264],[-42.974,-22.262],[-42.97,-22.254],[-42.957,-22.253],[-42.937,-22.232],[-42.926,-22.225],[-42.914,-22.223],[-42.907,-22.225],[-42.9,-22.209],[-42.893,-22.19],[-42.887,-22.188],[-42.878,-22.186],[-42.876,-22.191],[-42.868,-22.19],[-42.854,-22.183],[-42.852,-22.178],[-42.845,-22.174],[-42.839,-22.175],[-42.815,-22.163],[-42.806,-22.157],[-42.802,-22.149],[-42.794,-22.145],[-42.78,-22.133],[-42.775,-22.13],[-42.769,-22.132],[-42.765,-22.128],[-42.763,-22.127],[-42.761,-22.127],[-42.747,-22.123],[-42.745,-22.127]]]}},{"type":"Feature","properties":{"id":"3305901","nome":"Trajano de Moraes"},"geometry":{"type":"Polygon","coordinates":[[[-42.155,-22.01],[-42.148,-22.024],[-42.138,-22.019],[-42.136,-22.024],[-42.139,-22.029],[-42.136,-22.033],[-42.1,-22.03],[-42.102,-22.047],[-42.061,-22.057],[-42.052,-22.059],[-42.001,-22.057],[-41.989,-22.062],[-41.96,-22.077],[-41.962,-22.095],[-41.959,-22.098],[-41.962,-22.105],[-41.958,-22.117],[-41.961,-22.126],[-41.971,-22.131],[-41.978,-22.125],[-42.006,-22.142],[-42.02,-22.147],[-42.024,-22.152],[-42.027,-22.157],[-42.04,-22.161],[-42.076,-22.163],[-42.089,-22.172],[-42.097,-22.183],[-42.093,-22.189],[-42.096,-22.192],[-42.093,-22.201],[-42.097,-22.202],[-42.108,-22.209],[-42.114,-22.206],[-42.128,-22.214],[-42.147,-22.21],[-42.159,-22.215],[-42.163,-22.221],[-42.168,-22.224],[-42.178,-22.233],[-42.183,-22.243],[-42.194,-22.245],[-42.204,-22.254],[-42.211,-22.26],[-42.227,-22.274],[-42.234,-22.288],[-42.239,-22.286],[-42.248,-22.293],[-42.251,-22.306],[-42.256,-22.304],[-42.265,-22.307],[-42.269,-22.302],[-42.274,-22.302],[-42.279,-22.294],[-42.288,-22.293],[-42.286,-22.289],[-42.293,-22.289],[-42.294,-22.285],[-42.283,-22.279],[-42.28,-22.273],[-42.262,-22.264],[-42.26,-22.258],[-42.252,-22.256],[-42.254,-22.251],[-42.249,-22.248],[-42.251,-22.236],[-42.234,-22.232],[-42.236,-22.229],[-42.244,-22.221],[-42.253,-22.22],[-42.254,-22.219],[-42.255,-22.214],[-42.266,-22.216],[-42.276,-22.208],[-42.281,-22.208],[-42.286,-22.2],[-42.281,-22.191],[-42.282,-22.18],[-42.292,-22.169],[-42.292,-22.16],[-42.297,-22.151],[-42.291,-22.14],[-42.28,-22.141],[-42.277,-22.13],[-42.28,-22.123],[-42.294,-22.115],[-42.286,-22.113],[-42.266,-22.121],[-42.263,-22.118],[-42.266,-22.106],[-42.27,-22.104],[-42.276,-22.107],[-42.275,-22.097],[-42.278,-22.095],[-42.269,-22.089],[-42.265,-22.082],[-42.269,-22.069],[-42.261,-22.063],[-42.26,-22.046],[-42.249,-22.044],[-42.24,-22.034],[-42.251,-22.028],[-42.24,-22.024],[-42.233,-22.029],[-42.224,-22.013],[-42.219,-22.009],[-42.205,-22.015],[-42.195,-22.013],[-42.186,-22.018],[-42.18,-22.007],[-42.173,-22.004],[-42.155,-22.01]]]}},{"type":"Feature","properties":{"id":"3306008","nome":"Tr\u00eas Rios"},"geometry":{"type":"Polygon","coordinates":[[[-43.146,-22.097],[-43.136,-22.109],[-43.127,-22.104],[-43.122,-22.091],[-43.106,-22.084],[-43.089,-22.087],[-43.078,-22.084],[-43.074,-22.093],[-43.053,-22.082],[-43.033,-22.065],[-43.032,-22.06],[-43.038,-22.052],[-43.039,-22.046],[-43.003,-22.032],[-43.01,-22.039],[-43.005,-22.05],[-43.011,-22.056],[-43.008,-22.072],[-43.013,-22.075],[-43.014,-22.083],[-43.011,-22.083],[-42.969,-22.088],[-42.973,-22.099],[-42.967,-22.105],[-42.964,-22.127],[-42.956,-22.138],[-42.974,-22.143],[-43.001,-22.151],[-43.013,-22.147],[-43.018,-22.151],[-43.048,-22.207],[-43.059,-22.189],[-43.051,-22.182],[-43.042,-22.179],[-43.04,-22.169],[-43.034,-22.166],[-43.038,-22.163],[-43.055,-22.164],[-43.081,-22.181],[-43.093,-22.183],[-43.095,-22.191],[-43.098,-22.192],[-43.101,-22.192],[-43.104,-22.192],[-43.108,-22.199],[-43.119,-22.199],[-43.131,-22.191],[-43.142,-22.194],[-43.164,-22.185],[-43.166,-22.186],[-43.167,-22.187],[-43.168,-22.187],[-43.198,-22.2],[-43.201,-22.177],[-43.238,-22.144],[-43.242,-22.141],[-43.245,-22.138],[-43.25,-22.131],[-43.25,-22.13],[-43.259,-22.102],[-43.219,-22.071],[-43.214,-22.067],[-43.213,-22.066],[-43.211,-22.066],[-43.198,-22.062],[-43.143,-22.046],[-43.141,-22.039],[-43.131,-22.035],[-43.128,-22.046],[-43.134,-22.059],[-43.15,-22.071],[-43.154,-22.077],[-43.146,-22.095],[-43.146,-22.097]]]}},{"type":"Feature","properties":{"id":"3306107","nome":"Valen\u00e7a"},"geometry":{"type":"Polygon","coordinates":[[[-43.766,-22.062],[-43.763,-22.073],[-43.756,-22.076],[-43.76,-22.081],[-43.746,-22.088],[-43.747,-22.092],[-43.741,-22.095],[-43.734,-22.097],[-43.72,-22.081],[-43.709,-22.081],[-43.709,-22.077],[-43.7,-22.077],[-43.691,-22.07],[-43.681,-22.071],[-43.68,-22.081],[-43.674,-22.089],[-43.668,-22.086],[-43.662,-22.091],[-43.659,-22.104],[-43.664,-22.146],[-43.664,-22.147],[-43.661,-22.155],[-43.666,-22.158],[-43.665,-22.162],[-43.674,-22.166],[-43.666,-22.173],[-43.663,-22.18],[-43.657,-22.18],[-43.655,-22.186],[-43.659,-22.196],[-43.656,-22.198],[-43.651,-22.204],[-43.635,-22.206],[-43.634,-22.21],[-43.632,-22.215],[-43.629,-22.218],[-43.622,-22.222],[-43.608,-22.226],[-43.611,-22.243],[-43.603,-22.247],[-43.61,-22.252],[-43.608,-22.258],[-43.599,-22.258],[-43.598,-22.261],[-43.592,-22.26],[-43.588,-22.264],[-43.594,-22.266],[-43.588,-22.268],[-43.587,-22.276],[-43.594,-22.284],[-43.592,-22.286],[-43.589,-22.288],[-43.606,-22.306],[-43.612,-22.308],[-43.616,-22.304],[-43.626,-22.305],[-43.639,-22.317],[-43.655,-22.313],[-43.657,-22.314],[-43.668,-22.324],[-43.669,-22.334],[-43.662,-22.337],[-43.662,-22.339],[-43.664,-22.343],[-43.676,-22.343],[-43.678,-22.35],[-43.677,-22.359],[-43.687,-22.36],[-43.689,-22.361],[-43.694,-22.362],[-43.694,-22.374],[-43.704,-22.386],[-43.71,-22.383],[-43.719,-22.376],[-43.731,-22.377],[-43.731,-22.387],[-43.741,-22.399],[-43.749,-22.403],[-43.766,-22.389],[-43.775,-22.375],[-43.775,-22.368],[-43.781,-22.365],[-43.783,-22.361],[-43.796,-22.363],[-43.796,-22.357],[-43.803,-22.356],[-43.804,-22.356],[-43.809,-22.352],[-43.823,-22.368],[-43.83,-22.375],[-43.837,-22.374],[-43.837,-22.386],[-43.845,-22.384],[-43.847,-22.369],[-43.858,-22.373],[-43.857,-22.37],[-43.85,-22.337],[-43.842,-22.328],[-43.849,-22.315],[-43.855,-22.314],[-43.869,-22.325],[-43.885,-22.329],[-43.893,-22.345],[-43.914,-22.35],[-43.941,-22.38],[-43.941,-22.375],[-43.94,-22.372],[-43.947,-22.367],[-43.938,-22.356],[-43.933,-22.358],[-43.93,-22.351],[-43.937,-22.345],[-43.941,-22.349],[-43.95,-22.35],[-43.951,-22.344],[-43.959,-22.339],[-43.966,-22.343],[-43.971,-22.325],[-43.975,-22.312],[-43.988,-22.308],[-44.008,-22.31],[-44.017,-22.305],[-44.023,-22.295],[-44.024,-22.296],[-44.047,-22.307],[-44.053,-22.313],[-44.067,-22.315],[-44.096,-22.329],[-44.117,-22.329],[-44.124,-22.338],[-44.135,-22.336],[-44.141,-22.337],[-44.147,-22.331],[-44.148,-22.32],[-44.154,-22.318],[-44.157,-22.312],[-44.146,-22.302],[-44.146,-22.296],[-44.15,-22.293],[-44.146,-22.281],[-44.168,-22.27],[-44.156,-22.257],[-44.157,-22.252],[-44.159,-22.249],[-44.164,-22.252],[-44.175,-22.241],[-44.18,-22.243],[-44.181,-22.24],[-44.189,-22.24],[-44.181,-22.233],[-44.18,-22.228],[-44.173,-22.23],[-44.166,-22.227],[-44.167,-22.232],[-44.164,-22.232],[-44.158,-22.225],[-44.153,-22.226],[-44.149,-22.213],[-44.141,-22.22],[-44.133,-22.21],[-44.127,-22.212],[-44.126,-22.208],[-44.121,-22.209],[-44.125,-22.2],[-44.121,-22.195],[-44.123,-22.188],[-44.119,-22.187],[-44.117,-22.19],[-44.105,-22.184],[-44.104,-22.177],[-44.1,-22.173],[-44.09,-22.175],[-44.087,-22.184],[-44.084,-22.175],[-44.076,-22.175],[-44.072,-22.164],[-44.066,-22.162],[-44.041,-22.16],[-44.038,-22.154],[-44.024,-22.151],[-44.005,-22.162],[-43.998,-22.156],[-43.993,-22.158],[-43.988,-22.15],[-43.977,-22.149],[-43.978,-22.146],[-43.961,-22.14],[-43.953,-22.141],[-43.94,-22.132],[-43.889,-22.114],[-43.88,-22.113],[-43.88,-22.108],[-43.879,-22.1],[-43.871,-22.103],[-43.87,-22.099],[-43.862,-22.099],[-43.857,-22.095],[-43.843,-22.098],[-43.838,-22.096],[-43.835,-22.095],[-43.818,-22.086],[-43.816,-22.086],[-43.811,-22.086],[-43.812,-22.083],[-43.81,-22.082],[-43.8,-22.082],[-43.777,-22.066],[-43.768,-22.067],[-43.766,-22.062]]]}},{"type":"Feature","properties":{"id":"3306156","nome":"Varre-Sai"},"geometry":{"type":"Polygon","coordinates":[[[-41.755,-20.807],[-41.75,-20.818],[-41.748,-20.813],[-41.741,-20.818],[-41.743,-20.825],[-41.739,-20.827],[-41.741,-20.83],[-41.737,-20.836],[-41.745,-20.853],[-41.743,-20.859],[-41.74,-20.866],[-41.741,-20.872],[-41.749,-20.871],[-41.757,-20.875],[-41.761,-20.882],[-41.777,-20.897],[-41.788,-20.909],[-41.813,-20.945],[-41.808,-20.957],[-41.8,-20.957],[-41.797,-20.963],[-41.792,-20.962],[-41.792,-20.974],[-41.795,-20.984],[-41.801,-20.986],[-41.817,-20.974],[-41.811,-20.961],[-41.817,-20.963],[-41.82,-20.955],[-41.827,-20.95],[-41.837,-20.956],[-41.855,-20.949],[-41.861,-20.969],[-41.868,-20.973],[-41.892,-20.972],[-41.895,-20.969],[-41.897,-20.965],[-41.906,-20.965],[-41.916,-20.954],[-41.918,-20.946],[-41.913,-20.94],[-41.911,-20.929],[-41.905,-20.924],[-41.896,-20.927],[-41.883,-20.925],[-41.892,-20.913],[-41.9,-20.902],[-41.903,-20.901],[-41.904,-20.878],[-41.903,-20.876],[-41.869,-20.869],[-41.862,-20.863],[-41.859,-20.856],[-41.858,-20.856],[-41.852,-20.856],[-41.827,-20.841],[-41.809,-20.828],[-41.799,-20.815],[-41.786,-20.809],[-41.775,-20.799],[-41.767,-20.802],[-41.764,-20.807],[-41.755,-20.807]]]}},{"type":"Feature","properties":{"id":"3306206","nome":"Vassouras"},"geometry":{"type":"Polygon","coordinates":[[[-43.456,-22.216],[-43.431,-22.237],[-43.42,-22.23],[-43.417,-22.224],[-43.403,-22.216],[-43.397,-22.223],[-43.363,-22.258],[-43.363,-22.259],[-43.349,-22.275],[-43.386,-22.283],[-43.399,-22.286],[-43.454,-22.299],[-43.47,-22.303],[-43.506,-22.311],[-43.514,-22.329],[-43.513,-22.334],[-43.507,-22.332],[-43.504,-22.348],[-43.5,-22.351],[-43.498,-22.364],[-43.495,-22.37],[-43.488,-22.373],[-43.489,-22.378],[-43.501,-22.389],[-43.508,-22.401],[-43.493,-22.417],[-43.492,-22.419],[-43.508,-22.426],[-43.505,-22.434],[-43.517,-22.446],[-43.53,-22.442],[-43.54,-22.451],[-43.544,-22.471],[-43.554,-22.526],[-43.557,-22.515],[-43.561,-22.504],[-43.569,-22.474],[-43.573,-22.461],[-43.584,-22.456],[-43.634,-22.471],[-43.651,-22.476],[-43.657,-22.478],[-43.717,-22.496],[-43.741,-22.482],[-43.747,-22.473],[-43.752,-22.466],[-43.749,-22.463],[-43.755,-22.459],[-43.76,-22.456],[-43.759,-22.449],[-43.765,-22.448],[-43.766,-22.443],[-43.778,-22.44],[-43.778,-22.438],[-43.772,-22.436],[-43.762,-22.423],[-43.758,-22.416],[-43.756,-22.411],[-43.749,-22.403],[-43.741,-22.399],[-43.731,-22.387],[-43.731,-22.377],[-43.719,-22.376],[-43.71,-22.383],[-43.704,-22.386],[-43.694,-22.374],[-43.694,-22.362],[-43.689,-22.361],[-43.687,-22.36],[-43.677,-22.359],[-43.678,-22.35],[-43.676,-22.343],[-43.664,-22.343],[-43.662,-22.339],[-43.662,-22.337],[-43.669,-22.334],[-43.668,-22.324],[-43.657,-22.314],[-43.655,-22.313],[-43.639,-22.317],[-43.626,-22.305],[-43.616,-22.304],[-43.612,-22.308],[-43.606,-22.306],[-43.589,-22.288],[-43.586,-22.286],[-43.584,-22.285],[-43.577,-22.279],[-43.561,-22.265],[-43.526,-22.276],[-43.516,-22.26],[-43.516,-22.25],[-43.519,-22.244],[-43.514,-22.236],[-43.504,-22.241],[-43.481,-22.249],[-43.471,-22.231],[-43.471,-22.217],[-43.467,-22.215],[-43.456,-22.216]]]}},{"type":"Feature","properties":{"id":"3306305","nome":"Volta Redonda"},"geometry":{"type":"Polygon","coordinates":[[[-44.029,-22.52],[-44.035,-22.531],[-44.033,-22.538],[-44.038,-22.54],[-44.041,-22.551],[-44.054,-22.553],[-44.063,-22.578],[-44.068,-22.592],[-44.072,-22.604],[-44.086,-22.642],[-44.09,-22.607],[-44.088,-22.604],[-44.096,-22.597],[-44.094,-22.588],[-44.091,-22.579],[-44.097,-22.577],[-44.09,-22.564],[-44.09,-22.56],[-44.086,-22.545],[-44.091,-22.528],[-44.115,-22.534],[-44.135,-22.536],[-44.139,-22.535],[-44.139,-22.531],[-44.142,-22.527],[-44.153,-22.523],[-44.155,-22.494],[-44.154,-22.486],[-44.151,-22.452],[-44.141,-22.435],[-44.128,-22.427],[-44.106,-22.419],[-44.096,-22.408],[-44.089,-22.406],[-44.005,-22.407],[-44.002,-22.408],[-44.028,-22.426],[-44.037,-22.429],[-44.05,-22.445],[-44.061,-22.452],[-44.071,-22.459],[-44.061,-22.462],[-44.055,-22.471],[-44.053,-22.48],[-44.03,-22.497],[-44.031,-22.504],[-44.028,-22.507],[-44.029,-22.52]]]}}]}