{"type":"FeatureCollection","features":[{"type":"Feature","properties":{"id":"2400109","nome":"Acari"},"geometry":{"type":"Polygon","coordinates":[[[-36.675,-6.27],[-36.672,-6.275],[-36.662,-6.278],[-36.654,-6.272],[-36.63,-6.268],[-36.626,-6.285],[-36.615,-6.293],[-36.604,-6.29],[-36.596,-6.288],[-36.592,-6.297],[-36.584,-6.3],[-36.584,-6.306],[-36.564,-6.312],[-36.56,-6.327],[-36.554,-6.33],[-36.553,-6.339],[-36.548,-6.344],[-36.551,-6.354],[-36.551,-6.361],[-36.546,-6.363],[-36.542,-6.373],[-36.517,-6.378],[-36.504,-6.386],[-36.507,-6.4],[-36.531,-6.452],[-36.53,-6.471],[-36.528,-6.479],[-36.551,-6.484],[-36.558,-6.478],[-36.568,-6.478],[-36.579,-6.473],[-36.587,-6.484],[-36.594,-6.485],[-36.625,-6.511],[-36.623,-6.516],[-36.631,-6.526],[-36.648,-6.539],[-36.677,-6.579],[-36.679,-6.551],[-36.695,-6.557],[-36.703,-6.538],[-36.712,-6.536],[-36.722,-6.529],[-36.736,-6.525],[-36.743,-6.516],[-36.747,-6.518],[-36.749,-6.513],[-36.751,-6.516],[-36.758,-6.513],[-36.761,-6.515],[-36.765,-6.508],[-36.773,-6.475],[-36.773,-6.473],[-36.761,-6.478],[-36.746,-6.414],[-36.741,-6.377],[-36.752,-6.353],[-36.748,-6.35],[-36.748,-6.341],[-36.739,-6.336],[-36.753,-6.321],[-36.754,-6.32],[-36.739,-6.303],[-36.716,-6.301],[-36.709,-6.277],[-36.701,-6.274],[-36.698,-6.276],[-36.693,-6.272],[-36.689,-6.274],[-36.681,-6.269],[-36.675,-6.27]]]}},{"type":"Feature","properties":{"id":"2400208","nome":"A\u00e7u"},"geometry":{"type":"Polygon","coordinates":[[[-37.015,-5.87],[-37.035,-5.891],[-36.994,-5.771],[-37.021,-5.755],[-37.05,-5.747],[-37.054,-5.745],[-37.062,-5.732],[-37.104,-5.656],[-37.136,-5.579],[-37.172,-5.49],[-37.168,-5.474],[-37.143,-5.374],[-37.139,-5.335],[-37.126,-5.293],[-37.051,-5.294],[-37.029,-5.325],[-36.924,-5.356],[-36.874,-5.389],[-36.856,-5.4],[-36.838,-5.403],[-36.841,-5.409],[-36.849,-5.414],[-36.86,-5.433],[-36.86,-5.442],[-36.874,-5.458],[-36.874,-5.466],[-36.869,-5.478],[-36.871,-5.483],[-36.886,-5.493],[-36.888,-5.503],[-36.899,-5.513],[-36.903,-5.534],[-36.899,-5.553],[-36.888,-5.565],[-36.882,-5.572],[-36.891,-5.586],[-36.893,-5.59],[-36.897,-5.603],[-36.891,-5.623],[-36.892,-5.63],[-36.883,-5.639],[-36.883,-5.669],[-36.887,-5.7],[-36.893,-5.71],[-36.944,-5.742],[-36.961,-5.752],[-36.965,-5.773],[-36.98,-5.783],[-36.977,-5.813],[-36.99,-5.817],[-37.006,-5.831],[-37.015,-5.87]]]}},{"type":"Feature","properties":{"id":"2400307","nome":"Afonso Bezerra"},"geometry":{"type":"Polygon","coordinates":[[[-36.44,-5.369],[-36.455,-5.486],[-36.467,-5.579],[-36.47,-5.598],[-36.492,-5.595],[-36.572,-5.586],[-36.579,-5.579],[-36.58,-5.528],[-36.644,-5.526],[-36.699,-5.526],[-36.699,-5.521],[-36.699,-5.463],[-36.851,-5.443],[-36.86,-5.442],[-36.86,-5.433],[-36.849,-5.414],[-36.841,-5.409],[-36.838,-5.403],[-36.838,-5.392],[-36.734,-5.399],[-36.708,-5.401],[-36.611,-5.407],[-36.537,-5.412],[-36.515,-5.402],[-36.44,-5.369]]]}},{"type":"Feature","properties":{"id":"2400406","nome":"\u00c1gua Nova"},"geometry":{"type":"Polygon","coordinates":[[[-38.309,-6.177],[-38.288,-6.188],[-38.281,-6.183],[-38.277,-6.181],[-38.269,-6.182],[-38.266,-6.184],[-38.271,-6.197],[-38.265,-6.209],[-38.272,-6.222],[-38.282,-6.24],[-38.29,-6.236],[-38.294,-6.239],[-38.299,-6.237],[-38.301,-6.241],[-38.358,-6.217],[-38.357,-6.201],[-38.328,-6.184],[-38.309,-6.177]]]}},{"type":"Feature","properties":{"id":"2400505","nome":"Alexandria"},"geometry":{"type":"Polygon","coordinates":[[[-37.902,-6.297],[-37.9,-6.318],[-37.864,-6.332],[-37.857,-6.33],[-37.843,-6.333],[-37.834,-6.342],[-37.844,-6.354],[-37.84,-6.361],[-37.854,-6.366],[-37.859,-6.374],[-37.888,-6.364],[-37.888,-6.387],[-37.884,-6.391],[-37.886,-6.397],[-37.89,-6.4],[-37.901,-6.399],[-37.919,-6.411],[-37.928,-6.421],[-37.945,-6.422],[-37.955,-6.408],[-37.955,-6.398],[-37.968,-6.405],[-37.968,-6.418],[-37.979,-6.426],[-37.98,-6.427],[-37.989,-6.428],[-38.013,-6.427],[-38.014,-6.43],[-38.008,-6.432],[-38.02,-6.446],[-38.013,-6.468],[-38.021,-6.468],[-38.026,-6.474],[-38.034,-6.475],[-38.041,-6.471],[-38.036,-6.46],[-38.044,-6.452],[-38.043,-6.443],[-38.046,-6.441],[-38.051,-6.442],[-38.054,-6.453],[-38.059,-6.453],[-38.062,-6.459],[-38.066,-6.46],[-38.071,-6.464],[-38.077,-6.463],[-38.089,-6.456],[-38.096,-6.442],[-38.098,-6.431],[-38.091,-6.415],[-38.105,-6.41],[-38.109,-6.397],[-38.106,-6.378],[-38.121,-6.372],[-38.125,-6.367],[-38.103,-6.356],[-38.1,-6.336],[-38.099,-6.33],[-38.089,-6.333],[-38.089,-6.317],[-38.063,-6.314],[-38.055,-6.311],[-38.043,-6.312],[-38.043,-6.32],[-38.028,-6.32],[-38.019,-6.318],[-37.984,-6.31],[-37.966,-6.272],[-37.963,-6.256],[-37.926,-6.264],[-37.881,-6.273],[-37.908,-6.285],[-37.902,-6.297]]]}},{"type":"Feature","properties":{"id":"2400604","nome":"Almino Afonso"},"geometry":{"type":"Polygon","coordinates":[[[-37.755,-6.095],[-37.75,-6.101],[-37.742,-6.121],[-37.711,-6.13],[-37.703,-6.128],[-37.687,-6.109],[-37.709,-6.177],[-37.716,-6.179],[-37.742,-6.189],[-37.753,-6.198],[-37.753,-6.214],[-37.764,-6.219],[-37.775,-6.231],[-37.762,-6.235],[-37.763,-6.241],[-37.776,-6.245],[-37.78,-6.236],[-37.791,-6.234],[-37.798,-6.223],[-37.797,-6.217],[-37.797,-6.192],[-37.808,-6.173],[-37.806,-6.169],[-37.809,-6.168],[-37.809,-6.164],[-37.802,-6.163],[-37.8,-6.155],[-37.801,-6.153],[-37.797,-6.149],[-37.802,-6.139],[-37.808,-6.135],[-37.806,-6.131],[-37.811,-6.124],[-37.81,-6.114],[-37.804,-6.106],[-37.806,-6.098],[-37.796,-6.101],[-37.789,-6.09],[-37.783,-6.084],[-37.783,-6.079],[-37.78,-6.079],[-37.777,-6.067],[-37.773,-6.067],[-37.757,-6.088],[-37.762,-6.092],[-37.755,-6.095]]]}},{"type":"Feature","properties":{"id":"2400703","nome":"Alto do Rodrigues"},"geometry":{"type":"Polygon","coordinates":[[[-36.754,-5.272],[-36.664,-5.372],[-36.555,-5.395],[-36.537,-5.412],[-36.611,-5.407],[-36.708,-5.401],[-36.734,-5.399],[-36.838,-5.392],[-36.842,-5.38],[-36.84,-5.372],[-36.834,-5.367],[-36.817,-5.369],[-36.811,-5.366],[-36.813,-5.359],[-36.809,-5.342],[-36.803,-5.334],[-36.78,-5.309],[-36.776,-5.292],[-36.766,-5.284],[-36.754,-5.272]]]}},{"type":"Feature","properties":{"id":"2400802","nome":"Angicos"},"geometry":{"type":"Polygon","coordinates":[[[-36.262,-5.679],[-36.273,-5.709],[-36.279,-5.714],[-36.291,-5.706],[-36.306,-5.707],[-36.311,-5.718],[-36.325,-5.721],[-36.341,-5.717],[-36.356,-5.717],[-36.363,-5.707],[-36.423,-5.705],[-36.444,-5.698],[-36.479,-5.703],[-36.485,-5.697],[-36.524,-5.699],[-36.523,-5.691],[-36.532,-5.691],[-36.534,-5.694],[-36.534,-5.695],[-36.536,-5.697],[-36.536,-5.698],[-36.568,-5.757],[-36.621,-5.756],[-36.63,-5.758],[-36.637,-5.755],[-36.644,-5.759],[-36.645,-5.748],[-36.657,-5.742],[-36.662,-5.721],[-36.674,-5.706],[-36.688,-5.703],[-36.699,-5.695],[-36.702,-5.701],[-36.714,-5.7],[-36.715,-5.694],[-36.725,-5.691],[-36.732,-5.683],[-36.734,-5.668],[-36.739,-5.665],[-36.739,-5.656],[-36.747,-5.654],[-36.751,-5.646],[-36.749,-5.64],[-36.756,-5.622],[-36.771,-5.616],[-36.771,-5.606],[-36.766,-5.6],[-36.756,-5.6],[-36.752,-5.593],[-36.744,-5.591],[-36.741,-5.585],[-36.725,-5.573],[-36.699,-5.526],[-36.644,-5.526],[-36.58,-5.528],[-36.579,-5.579],[-36.572,-5.586],[-36.492,-5.595],[-36.47,-5.598],[-36.303,-5.652],[-36.269,-5.68],[-36.262,-5.679]]]}},{"type":"Feature","properties":{"id":"2400901","nome":"Ant\u00f4nio Martins"},"geometry":{"type":"Polygon","coordinates":[[[-37.91,-6.14],[-37.902,-6.149],[-37.914,-6.15],[-37.915,-6.156],[-37.911,-6.15],[-37.908,-6.158],[-37.914,-6.164],[-37.909,-6.163],[-37.901,-6.152],[-37.894,-6.154],[-37.894,-6.162],[-37.905,-6.172],[-37.907,-6.175],[-37.9,-6.176],[-37.894,-6.173],[-37.896,-6.172],[-37.889,-6.166],[-37.887,-6.168],[-37.881,-6.171],[-37.797,-6.217],[-37.798,-6.223],[-37.791,-6.234],[-37.78,-6.236],[-37.776,-6.245],[-37.793,-6.256],[-37.807,-6.256],[-37.815,-6.254],[-37.835,-6.252],[-37.85,-6.255],[-37.859,-6.264],[-37.869,-6.268],[-37.878,-6.268],[-37.881,-6.273],[-37.926,-6.264],[-37.963,-6.256],[-37.974,-6.255],[-38.063,-6.253],[-38.057,-6.195],[-38.055,-6.161],[-38.041,-6.169],[-38.047,-6.172],[-38.046,-6.176],[-38.044,-6.183],[-38.032,-6.192],[-38.022,-6.209],[-38.007,-6.209],[-38.001,-6.214],[-37.992,-6.209],[-37.98,-6.2],[-37.962,-6.173],[-37.947,-6.16],[-37.942,-6.16],[-37.942,-6.163],[-37.934,-6.161],[-37.933,-6.165],[-37.932,-6.157],[-37.927,-6.155],[-37.922,-6.157],[-37.922,-6.165],[-37.919,-6.157],[-37.924,-6.148],[-37.92,-6.145],[-37.925,-6.143],[-37.919,-6.143],[-37.916,-6.141],[-37.913,-6.145],[-37.91,-6.14]]]}},{"type":"Feature","properties":{"id":"2401008","nome":"Apodi"},"geometry":{"type":"Polygon","coordinates":[[[-37.655,-5.432],[-37.711,-5.51],[-37.764,-5.582],[-37.738,-5.598],[-37.729,-5.595],[-37.71,-5.609],[-37.674,-5.632],[-37.681,-5.65],[-37.686,-5.649],[-37.691,-5.653],[-37.693,-5.672],[-37.699,-5.685],[-37.701,-5.692],[-37.707,-5.721],[-37.714,-5.731],[-37.721,-5.74],[-37.725,-5.807],[-37.73,-5.863],[-37.733,-5.911],[-37.734,-5.912],[-37.771,-5.922],[-37.808,-5.929],[-37.896,-5.941],[-37.9,-5.931],[-37.897,-5.928],[-37.912,-5.913],[-37.913,-5.903],[-37.872,-5.878],[-37.879,-5.77],[-37.88,-5.754],[-37.856,-5.746],[-37.881,-5.697],[-37.882,-5.697],[-37.938,-5.715],[-37.952,-5.72],[-37.99,-5.732],[-38.058,-5.754],[-38.047,-5.73],[-38.075,-5.723],[-38.087,-5.73],[-38.09,-5.72],[-38.082,-5.698],[-38.083,-5.672],[-38.079,-5.666],[-38.053,-5.646],[-38.034,-5.637],[-38.014,-5.594],[-37.998,-5.585],[-37.999,-5.575],[-37.997,-5.568],[-37.99,-5.555],[-37.948,-5.534],[-37.932,-5.503],[-37.917,-5.505],[-37.902,-5.5],[-37.902,-5.497],[-37.901,-5.495],[-37.9,-5.491],[-37.892,-5.48],[-37.889,-5.449],[-37.881,-5.436],[-37.871,-5.42],[-37.86,-5.406],[-37.859,-5.395],[-37.863,-5.374],[-37.847,-5.34],[-37.835,-5.335],[-37.812,-5.316],[-37.642,-5.415],[-37.655,-5.432]]]}},{"type":"Feature","properties":{"id":"2401107","nome":"Areia Branca"},"geometry":{"type":"Polygon","coordinates":[[[-36.962,-4.919],[-36.921,-4.947],[-36.901,-4.95],[-36.881,-4.949],[-36.855,-4.972],[-36.859,-4.977],[-36.863,-4.993],[-36.881,-5.011],[-36.912,-5.016],[-36.912,-4.985],[-36.966,-4.986],[-36.965,-5.021],[-37.011,-5.022],[-37.011,-5.042],[-37.028,-5.042],[-37.028,-5.059],[-37.047,-5.059],[-37.051,-5.059],[-37.05,-5.096],[-37.111,-5.096],[-37.111,-5.124],[-37.141,-5.101],[-37.152,-5.076],[-37.148,-5.061],[-37.152,-5.054],[-37.152,-5.047],[-37.143,-5.042],[-37.131,-5.029],[-37.132,-5.011],[-37.136,-5.005],[-37.132,-5.0],[-37.131,-4.992],[-37.147,-4.978],[-37.141,-4.961],[-37.137,-4.949],[-37.158,-4.934],[-37.133,-4.938],[-37.12,-4.932],[-37.109,-4.925],[-37.098,-4.925],[-37.083,-4.932],[-37.082,-4.929],[-37.057,-4.946],[-37.038,-4.951],[-37.03,-4.949],[-36.999,-4.931],[-36.981,-4.934],[-36.972,-4.931],[-36.964,-4.927],[-36.962,-4.919]]]}},{"type":"Feature","properties":{"id":"2401206","nome":"Ar\u00eas"},"geometry":{"type":"Polygon","coordinates":[[[-35.146,-6.163],[-35.133,-6.171],[-35.11,-6.187],[-35.128,-6.2],[-35.15,-6.218],[-35.157,-6.216],[-35.162,-6.218],[-35.169,-6.214],[-35.175,-6.216],[-35.186,-6.217],[-35.188,-6.214],[-35.192,-6.22],[-35.198,-6.219],[-35.208,-6.232],[-35.218,-6.237],[-35.229,-6.242],[-35.285,-6.205],[-35.298,-6.161],[-35.289,-6.163],[-35.259,-6.17],[-35.25,-6.166],[-35.237,-6.164],[-35.22,-6.17],[-35.213,-6.174],[-35.196,-6.163],[-35.175,-6.165],[-35.16,-6.154],[-35.157,-6.148],[-35.146,-6.155],[-35.146,-6.163]]]}},{"type":"Feature","properties":{"id":"2401305","nome":"Augusto Severo"},"geometry":{"type":"Polygon","coordinates":[[[-37.282,-5.713],[-37.277,-5.717],[-37.271,-5.712],[-37.254,-5.718],[-37.243,-5.708],[-37.22,-5.717],[-37.225,-5.789],[-37.179,-5.819],[-37.195,-5.823],[-37.228,-5.867],[-37.26,-5.908],[-37.233,-5.939],[-37.162,-6.021],[-37.162,-6.022],[-37.174,-6.048],[-37.194,-6.048],[-37.204,-6.038],[-37.222,-6.042],[-37.232,-6.027],[-37.25,-6.026],[-37.256,-6.028],[-37.263,-6.046],[-37.272,-6.055],[-37.287,-6.058],[-37.295,-6.05],[-37.3,-6.05],[-37.309,-6.057],[-37.328,-6.064],[-37.335,-6.067],[-37.354,-6.086],[-37.371,-6.082],[-37.378,-6.085],[-37.374,-6.07],[-37.382,-6.067],[-37.377,-6.042],[-37.376,-5.988],[-37.375,-5.96],[-37.4,-5.962],[-37.414,-5.975],[-37.436,-5.985],[-37.447,-5.904],[-37.447,-5.903],[-37.447,-5.902],[-37.454,-5.85],[-37.46,-5.804],[-37.467,-5.752],[-37.442,-5.742],[-37.435,-5.745],[-37.421,-5.739],[-37.393,-5.729],[-37.379,-5.729],[-37.368,-5.722],[-37.343,-5.719],[-37.332,-5.718],[-37.313,-5.71],[-37.295,-5.712],[-37.282,-5.713]]]}},{"type":"Feature","properties":{"id":"2401404","nome":"Ba\u00eda Formosa"},"geometry":{"type":"Polygon","coordinates":[[[-35.018,-6.368],[-35.012,-6.37],[-35.008,-6.367],[-34.999,-6.37],[-34.992,-6.373],[-34.98,-6.403],[-34.972,-6.437],[-34.974,-6.449],[-34.968,-6.487],[-34.968,-6.49],[-34.971,-6.485],[-34.979,-6.49],[-34.992,-6.501],[-35.011,-6.506],[-35.018,-6.503],[-35.028,-6.505],[-35.037,-6.517],[-35.057,-6.527],[-35.067,-6.524],[-35.095,-6.497],[-35.101,-6.5],[-35.103,-6.505],[-35.112,-6.505],[-35.11,-6.446],[-35.131,-6.407],[-35.127,-6.412],[-35.122,-6.409],[-35.115,-6.411],[-35.112,-6.406],[-35.115,-6.401],[-35.107,-6.398],[-35.101,-6.401],[-35.103,-6.395],[-35.099,-6.393],[-35.101,-6.39],[-35.096,-6.391],[-35.097,-6.386],[-35.093,-6.386],[-35.093,-6.379],[-35.084,-6.374],[-35.077,-6.375],[-35.062,-6.363],[-35.07,-6.35],[-35.037,-6.314],[-35.03,-6.344],[-35.022,-6.362],[-35.018,-6.368]]]}},{"type":"Feature","properties":{"id":"2401453","nome":"Bara\u00fana"},"geometry":{"type":"Polygon","coordinates":[[[-37.562,-5.22],[-37.583,-5.278],[-37.771,-5.224],[-37.788,-5.219],[-37.79,-5.211],[-37.776,-5.187],[-37.765,-5.139],[-37.74,-5.11],[-37.733,-5.1],[-37.731,-5.084],[-37.724,-5.069],[-37.71,-5.061],[-37.677,-5.054],[-37.677,-5.052],[-37.66,-4.998],[-37.651,-4.965],[-37.64,-4.926],[-37.591,-4.915],[-37.539,-4.903],[-37.467,-4.886],[-37.469,-4.899],[-37.474,-4.9],[-37.492,-4.924],[-37.491,-4.943],[-37.498,-4.996],[-37.497,-5.011],[-37.488,-5.017],[-37.494,-5.031],[-37.494,-5.032],[-37.526,-5.12],[-37.562,-5.22]]]}},{"type":"Feature","properties":{"id":"2401503","nome":"Barcelona"},"geometry":{"type":"Polygon","coordinates":[[[-35.911,-5.894],[-35.913,-5.902],[-35.902,-5.896],[-35.899,-5.9],[-35.895,-5.899],[-35.894,-5.903],[-35.891,-5.902],[-35.893,-5.906],[-35.887,-5.909],[-35.874,-5.905],[-35.872,-5.901],[-35.861,-5.911],[-35.851,-5.913],[-35.85,-5.915],[-35.849,-5.915],[-35.834,-5.947],[-35.865,-5.968],[-35.898,-5.992],[-35.924,-6.01],[-35.968,-6.034],[-36.032,-6.069],[-36.007,-6.047],[-36.005,-6.041],[-35.99,-6.033],[-35.988,-6.025],[-35.978,-6.016],[-35.979,-6.002],[-35.984,-5.998],[-35.978,-5.989],[-35.977,-5.979],[-35.963,-5.966],[-35.966,-5.901],[-35.919,-5.908],[-35.922,-5.898],[-35.916,-5.896],[-35.916,-5.893],[-35.911,-5.894]]]}},{"type":"Feature","properties":{"id":"2401602","nome":"Bento Fernandes"},"geometry":{"type":"Polygon","coordinates":[[[-35.864,-5.611],[-35.858,-5.612],[-35.854,-5.608],[-35.832,-5.61],[-35.827,-5.616],[-35.805,-5.619],[-35.794,-5.626],[-35.782,-5.627],[-35.775,-5.635],[-35.767,-5.636],[-35.761,-5.636],[-35.773,-5.619],[-35.768,-5.619],[-35.757,-5.628],[-35.754,-5.622],[-35.746,-5.619],[-35.747,-5.629],[-35.742,-5.634],[-35.737,-5.635],[-35.726,-5.631],[-35.711,-5.635],[-35.707,-5.64],[-35.697,-5.665],[-35.632,-5.714],[-35.656,-5.718],[-35.756,-5.716],[-35.777,-5.716],[-35.785,-5.717],[-35.825,-5.721],[-35.883,-5.727],[-35.939,-5.733],[-35.941,-5.725],[-35.934,-5.714],[-35.941,-5.668],[-35.932,-5.653],[-35.927,-5.651],[-35.923,-5.647],[-35.923,-5.641],[-35.923,-5.635],[-35.911,-5.629],[-35.903,-5.625],[-35.897,-5.624],[-35.886,-5.632],[-35.872,-5.624],[-35.869,-5.615],[-35.873,-5.608],[-35.868,-5.605],[-35.864,-5.611]]]}},{"type":"Feature","properties":{"id":"2401651","nome":"Bod\u00f3"},"geometry":{"type":"Polygon","coordinates":[[[-36.383,-5.854],[-36.377,-5.866],[-36.368,-5.874],[-36.351,-5.87],[-36.333,-5.872],[-36.33,-5.877],[-36.334,-5.889],[-36.333,-5.899],[-36.338,-5.907],[-36.372,-5.895],[-36.373,-5.911],[-36.363,-5.969],[-36.37,-5.969],[-36.376,-5.982],[-36.379,-5.986],[-36.392,-5.99],[-36.394,-6.013],[-36.41,-6.021],[-36.428,-6.016],[-36.448,-6.011],[-36.444,-6.041],[-36.448,-6.042],[-36.495,-6.046],[-36.521,-6.046],[-36.547,-6.056],[-36.54,-5.989],[-36.528,-5.978],[-36.507,-5.958],[-36.475,-5.926],[-36.435,-5.91],[-36.426,-5.904],[-36.414,-5.858],[-36.401,-5.859],[-36.387,-5.852],[-36.383,-5.854]]]}},{"type":"Feature","properties":{"id":"2401701","nome":"Bom Jesus"},"geometry":{"type":"Polygon","coordinates":[[[-35.557,-6.046],[-35.57,-6.079],[-35.647,-6.016],[-35.65,-5.976],[-35.601,-5.948],[-35.572,-5.932],[-35.556,-5.948],[-35.555,-5.948],[-35.541,-5.986],[-35.537,-5.995],[-35.557,-6.046]]]}},{"type":"Feature","properties":{"id":"2401800","nome":"Brejinho"},"geometry":{"type":"Polygon","coordinates":[[[-35.35,-6.224],[-35.358,-6.249],[-35.395,-6.246],[-35.401,-6.245],[-35.405,-6.263],[-35.421,-6.273],[-35.436,-6.253],[-35.403,-6.21],[-35.381,-6.158],[-35.352,-6.182],[-35.351,-6.182],[-35.339,-6.185],[-35.345,-6.195],[-35.345,-6.211],[-35.35,-6.224]]]}},{"type":"Feature","properties":{"id":"2401859","nome":"Cai\u00e7ara do Norte"},"geometry":{"type":"Polygon","coordinates":[[[-36.041,-5.239],[-36.037,-5.245],[-36.023,-5.247],[-36.002,-5.256],[-36.077,-5.276],[-36.12,-5.244],[-36.15,-5.256],[-36.151,-5.257],[-36.099,-5.076],[-36.078,-5.065],[-36.058,-5.063],[-36.036,-5.05],[-36.038,-5.053],[-36.044,-5.064],[-36.043,-5.067],[-36.038,-5.067],[-36.033,-5.073],[-36.042,-5.083],[-36.042,-5.108],[-36.053,-5.175],[-36.054,-5.202],[-36.061,-5.228],[-36.065,-5.234],[-36.058,-5.238],[-36.041,-5.239]]]}},{"type":"Feature","properties":{"id":"2401909","nome":"Cai\u00e7ara do Rio do Vento"},"geometry":{"type":"Polygon","coordinates":[[[-35.924,-5.765],[-35.938,-5.794],[-35.925,-5.8],[-35.925,-5.807],[-35.933,-5.808],[-35.941,-5.814],[-35.945,-5.812],[-35.946,-5.805],[-35.96,-5.804],[-35.967,-5.8],[-35.975,-5.794],[-35.983,-5.805],[-35.993,-5.809],[-36.001,-5.816],[-36.014,-5.835],[-36.027,-5.835],[-36.063,-5.858],[-36.067,-5.856],[-36.065,-5.849],[-36.079,-5.84],[-36.089,-5.839],[-36.093,-5.833],[-36.101,-5.83],[-36.108,-5.837],[-36.112,-5.842],[-36.115,-5.809],[-36.091,-5.749],[-36.062,-5.655],[-36.024,-5.698],[-35.97,-5.714],[-35.934,-5.714],[-35.941,-5.725],[-35.939,-5.733],[-35.937,-5.744],[-35.932,-5.752],[-35.926,-5.753],[-35.924,-5.765]]]}},{"type":"Feature","properties":{"id":"2402006","nome":"Caic\u00f3"},"geometry":{"type":"Polygon","coordinates":[[[-36.927,-6.215],[-36.923,-6.223],[-36.923,-6.239],[-36.901,-6.239],[-36.895,-6.239],[-36.911,-6.244],[-36.918,-6.267],[-36.925,-6.271],[-36.93,-6.279],[-36.917,-6.305],[-36.902,-6.318],[-36.905,-6.34],[-36.886,-6.342],[-36.873,-6.379],[-36.86,-6.388],[-36.874,-6.418],[-36.957,-6.491],[-36.962,-6.51],[-36.951,-6.522],[-36.951,-6.54],[-36.94,-6.561],[-36.951,-6.57],[-36.943,-6.571],[-36.937,-6.577],[-36.98,-6.617],[-36.979,-6.641],[-36.99,-6.673],[-37.003,-6.709],[-37.01,-6.714],[-37.012,-6.716],[-37.035,-6.734],[-37.04,-6.732],[-37.044,-6.725],[-37.059,-6.72],[-37.066,-6.706],[-37.084,-6.699],[-37.083,-6.691],[-37.1,-6.683],[-37.103,-6.684],[-37.105,-6.674],[-37.109,-6.672],[-37.109,-6.656],[-37.112,-6.654],[-37.12,-6.66],[-37.131,-6.652],[-37.149,-6.626],[-37.159,-6.623],[-37.163,-6.619],[-37.171,-6.618],[-37.175,-6.614],[-37.18,-6.614],[-37.218,-6.619],[-37.23,-6.57],[-37.23,-6.569],[-37.217,-6.559],[-37.213,-6.542],[-37.211,-6.531],[-37.213,-6.527],[-37.199,-6.513],[-37.205,-6.499],[-37.202,-6.478],[-37.206,-6.469],[-37.199,-6.463],[-37.195,-6.446],[-37.188,-6.439],[-37.18,-6.436],[-37.162,-6.444],[-37.14,-6.448],[-37.14,-6.428],[-37.102,-6.417],[-37.099,-6.413],[-37.085,-6.405],[-37.073,-6.403],[-37.075,-6.384],[-37.082,-6.359],[-37.075,-6.307],[-37.081,-6.292],[-37.048,-6.236],[-37.045,-6.224],[-37.033,-6.226],[-37.003,-6.221],[-36.99,-6.213],[-36.973,-6.192],[-36.957,-6.19],[-36.927,-6.215]]]}},{"type":"Feature","properties":{"id":"2402105","nome":"Campo Redondo"},"geometry":{"type":"Polygon","coordinates":[[[-36.257,-6.158],[-36.234,-6.164],[-36.226,-6.164],[-36.158,-6.166],[-36.15,-6.178],[-36.133,-6.21],[-36.14,-6.241],[-36.148,-6.277],[-36.153,-6.299],[-36.162,-6.299],[-36.181,-6.298],[-36.189,-6.302],[-36.205,-6.301],[-36.213,-6.308],[-36.22,-6.305],[-36.236,-6.312],[-36.246,-6.302],[-36.256,-6.303],[-36.266,-6.308],[-36.272,-6.307],[-36.279,-6.317],[-36.28,-6.308],[-36.287,-6.301],[-36.295,-6.292],[-36.291,-6.277],[-36.281,-6.273],[-36.278,-6.262],[-36.258,-6.245],[-36.266,-6.23],[-36.257,-6.198],[-36.257,-6.158]]]}},{"type":"Feature","properties":{"id":"2402204","nome":"Canguaretama"},"geometry":{"type":"Polygon","coordinates":[[[-35.118,-6.304],[-35.117,-6.333],[-35.084,-6.34],[-35.055,-6.327],[-35.069,-6.316],[-35.059,-6.317],[-35.063,-6.297],[-35.047,-6.296],[-35.047,-6.286],[-35.044,-6.283],[-35.035,-6.286],[-35.031,-6.308],[-35.037,-6.314],[-35.07,-6.35],[-35.062,-6.363],[-35.077,-6.375],[-35.084,-6.374],[-35.093,-6.379],[-35.093,-6.386],[-35.097,-6.386],[-35.096,-6.391],[-35.101,-6.39],[-35.099,-6.393],[-35.103,-6.395],[-35.101,-6.401],[-35.107,-6.398],[-35.115,-6.401],[-35.112,-6.406],[-35.115,-6.411],[-35.122,-6.409],[-35.127,-6.412],[-35.131,-6.407],[-35.11,-6.446],[-35.112,-6.505],[-35.123,-6.529],[-35.132,-6.535],[-35.145,-6.552],[-35.146,-6.532],[-35.15,-6.519],[-35.172,-6.446],[-35.171,-6.43],[-35.174,-6.433],[-35.18,-6.432],[-35.184,-6.416],[-35.192,-6.415],[-35.208,-6.419],[-35.229,-6.42],[-35.231,-6.403],[-35.241,-6.395],[-35.256,-6.39],[-35.271,-6.372],[-35.272,-6.37],[-35.236,-6.349],[-35.221,-6.357],[-35.198,-6.359],[-35.17,-6.355],[-35.166,-6.348],[-35.163,-6.336],[-35.167,-6.322],[-35.156,-6.313],[-35.145,-6.316],[-35.145,-6.299],[-35.131,-6.286],[-35.116,-6.281],[-35.118,-6.304]]]}},{"type":"Feature","properties":{"id":"2402303","nome":"Cara\u00fabas"},"geometry":{"type":"Polygon","coordinates":[[[-37.447,-5.621],[-37.467,-5.752],[-37.46,-5.804],[-37.454,-5.85],[-37.447,-5.902],[-37.45,-5.899],[-37.476,-5.899],[-37.48,-5.896],[-37.494,-5.894],[-37.499,-5.903],[-37.509,-5.907],[-37.51,-5.913],[-37.518,-5.909],[-37.521,-5.917],[-37.525,-5.917],[-37.532,-5.924],[-37.528,-5.916],[-37.554,-5.959],[-37.572,-5.966],[-37.583,-5.979],[-37.593,-5.982],[-37.648,-5.941],[-37.733,-5.911],[-37.73,-5.863],[-37.725,-5.807],[-37.721,-5.74],[-37.714,-5.731],[-37.707,-5.721],[-37.701,-5.692],[-37.699,-5.685],[-37.693,-5.672],[-37.691,-5.653],[-37.686,-5.649],[-37.681,-5.65],[-37.674,-5.632],[-37.658,-5.622],[-37.585,-5.575],[-37.583,-5.574],[-37.579,-5.571],[-37.578,-5.571],[-37.493,-5.566],[-37.442,-5.587],[-37.447,-5.621]]]}},{"type":"Feature","properties":{"id":"2402402","nome":"Carna\u00faba dos Dantas"},"geometry":{"type":"Polygon","coordinates":[[[-36.558,-6.478],[-36.551,-6.484],[-36.528,-6.479],[-36.526,-6.501],[-36.519,-6.502],[-36.482,-6.519],[-36.479,-6.539],[-36.469,-6.549],[-36.462,-6.55],[-36.449,-6.554],[-36.444,-6.558],[-36.441,-6.599],[-36.436,-6.625],[-36.438,-6.629],[-36.449,-6.624],[-36.46,-6.634],[-36.473,-6.614],[-36.502,-6.601],[-36.508,-6.595],[-36.513,-6.594],[-36.522,-6.597],[-36.523,-6.602],[-36.52,-6.61],[-36.532,-6.607],[-36.55,-6.608],[-36.556,-6.603],[-36.562,-6.597],[-36.566,-6.6],[-36.575,-6.598],[-36.587,-6.584],[-36.612,-6.585],[-36.624,-6.592],[-36.636,-6.592],[-36.647,-6.585],[-36.677,-6.579],[-36.648,-6.539],[-36.631,-6.526],[-36.623,-6.516],[-36.625,-6.511],[-36.594,-6.485],[-36.587,-6.484],[-36.579,-6.473],[-36.568,-6.478],[-36.558,-6.478]]]}},{"type":"Feature","properties":{"id":"2402501","nome":"Carnaubais"},"geometry":{"type":"Polygon","coordinates":[[[-36.791,-5.168],[-36.774,-5.173],[-36.769,-5.169],[-36.765,-5.155],[-36.748,-5.152],[-36.736,-5.162],[-36.733,-5.172],[-36.729,-5.175],[-36.722,-5.192],[-36.724,-5.199],[-36.716,-5.208],[-36.715,-5.214],[-36.724,-5.226],[-36.726,-5.236],[-36.721,-5.251],[-36.724,-5.26],[-36.728,-5.262],[-36.75,-5.268],[-36.754,-5.272],[-36.766,-5.284],[-36.776,-5.292],[-36.78,-5.309],[-36.803,-5.334],[-36.809,-5.342],[-36.813,-5.359],[-36.811,-5.366],[-36.817,-5.369],[-36.834,-5.367],[-36.84,-5.372],[-36.842,-5.38],[-36.838,-5.392],[-36.838,-5.403],[-36.856,-5.4],[-36.874,-5.389],[-36.924,-5.356],[-37.029,-5.325],[-37.051,-5.294],[-36.928,-5.293],[-36.929,-5.135],[-36.898,-5.133],[-36.829,-5.148],[-36.814,-5.156],[-36.798,-5.16],[-36.791,-5.168]]]}},{"type":"Feature","properties":{"id":"2402600","nome":"Cear\u00e1-Mirim"},"geometry":{"type":"Polygon","coordinates":[[[-35.403,-5.464],[-35.384,-5.468],[-35.371,-5.464],[-35.357,-5.47],[-35.329,-5.49],[-35.321,-5.488],[-35.312,-5.491],[-35.306,-5.486],[-35.298,-5.487],[-35.296,-5.492],[-35.287,-5.494],[-35.283,-5.492],[-35.279,-5.501],[-35.274,-5.502],[-35.269,-5.507],[-35.271,-5.512],[-35.267,-5.519],[-35.257,-5.53],[-35.254,-5.519],[-35.249,-5.528],[-35.249,-5.543],[-35.244,-5.557],[-35.237,-5.567],[-35.227,-5.58],[-35.225,-5.596],[-35.227,-5.612],[-35.228,-5.612],[-35.235,-5.613],[-35.279,-5.623],[-35.28,-5.623],[-35.284,-5.624],[-35.292,-5.635],[-35.293,-5.635],[-35.325,-5.68],[-35.336,-5.694],[-35.351,-5.715],[-35.361,-5.728],[-35.382,-5.733],[-35.41,-5.737],[-35.432,-5.732],[-35.447,-5.733],[-35.461,-5.716],[-35.47,-5.716],[-35.477,-5.712],[-35.486,-5.721],[-35.491,-5.719],[-35.495,-5.716],[-35.528,-5.712],[-35.529,-5.712],[-35.547,-5.709],[-35.547,-5.702],[-35.552,-5.703],[-35.55,-5.696],[-35.548,-5.688],[-35.494,-5.666],[-35.512,-5.65],[-35.514,-5.629],[-35.521,-5.577],[-35.511,-5.532],[-35.501,-5.492],[-35.497,-5.491],[-35.481,-5.484],[-35.471,-5.485],[-35.464,-5.476],[-35.455,-5.473],[-35.454,-5.469],[-35.434,-5.469],[-35.418,-5.457],[-35.411,-5.457],[-35.403,-5.464]]]}},{"type":"Feature","properties":{"id":"2402709","nome":"Cerro Cor\u00e1"},"geometry":{"type":"Polygon","coordinates":[[[-36.259,-5.863],[-36.224,-5.9],[-36.254,-5.986],[-36.255,-5.986],[-36.281,-6.044],[-36.302,-6.115],[-36.295,-6.122],[-36.321,-6.112],[-36.343,-6.098],[-36.353,-6.098],[-36.411,-6.104],[-36.415,-6.093],[-36.42,-6.09],[-36.426,-6.092],[-36.428,-6.088],[-36.444,-6.041],[-36.448,-6.011],[-36.428,-6.016],[-36.41,-6.021],[-36.394,-6.013],[-36.392,-5.99],[-36.379,-5.986],[-36.376,-5.982],[-36.37,-5.969],[-36.363,-5.969],[-36.373,-5.911],[-36.372,-5.895],[-36.338,-5.907],[-36.333,-5.899],[-36.334,-5.889],[-36.332,-5.894],[-36.32,-5.865],[-36.284,-5.859],[-36.263,-5.833],[-36.254,-5.831],[-36.259,-5.863]]]}},{"type":"Feature","properties":{"id":"2402808","nome":"Coronel Ezequiel"},"geometry":{"type":"Polygon","coordinates":[[[-36.153,-6.299],[-36.139,-6.329],[-36.112,-6.385],[-36.096,-6.42],[-36.098,-6.42],[-36.15,-6.411],[-36.196,-6.405],[-36.221,-6.402],[-36.266,-6.379],[-36.296,-6.37],[-36.278,-6.349],[-36.279,-6.317],[-36.272,-6.307],[-36.266,-6.308],[-36.256,-6.303],[-36.246,-6.302],[-36.236,-6.312],[-36.22,-6.305],[-36.213,-6.308],[-36.205,-6.301],[-36.189,-6.302],[-36.181,-6.298],[-36.162,-6.299],[-36.153,-6.299]]]}},{"type":"Feature","properties":{"id":"2402907","nome":"Coronel Jo\u00e3o Pessoa"},"geometry":{"type":"Polygon","coordinates":[[[-38.358,-6.217],[-38.372,-6.248],[-38.381,-6.257],[-38.379,-6.262],[-38.392,-6.274],[-38.402,-6.276],[-38.403,-6.279],[-38.399,-6.284],[-38.408,-6.293],[-38.421,-6.3],[-38.457,-6.329],[-38.456,-6.325],[-38.481,-6.304],[-38.488,-6.283],[-38.481,-6.252],[-38.47,-6.252],[-38.466,-6.244],[-38.462,-6.231],[-38.448,-6.221],[-38.429,-6.235],[-38.418,-6.218],[-38.365,-6.173],[-38.361,-6.185],[-38.357,-6.201],[-38.358,-6.217]]]}},{"type":"Feature","properties":{"id":"2403004","nome":"Cruzeta"},"geometry":{"type":"Polygon","coordinates":[[[-36.854,-6.264],[-36.851,-6.269],[-36.847,-6.264],[-36.837,-6.269],[-36.834,-6.285],[-36.828,-6.284],[-36.822,-6.292],[-36.822,-6.293],[-36.816,-6.296],[-36.815,-6.304],[-36.773,-6.298],[-36.754,-6.32],[-36.753,-6.321],[-36.739,-6.336],[-36.748,-6.341],[-36.748,-6.35],[-36.752,-6.353],[-36.741,-6.377],[-36.746,-6.414],[-36.761,-6.478],[-36.773,-6.473],[-36.773,-6.466],[-36.789,-6.468],[-36.803,-6.463],[-36.807,-6.455],[-36.813,-6.453],[-36.822,-6.436],[-36.828,-6.439],[-36.843,-6.437],[-36.849,-6.444],[-36.845,-6.434],[-36.847,-6.43],[-36.874,-6.418],[-36.86,-6.388],[-36.873,-6.379],[-36.886,-6.342],[-36.905,-6.34],[-36.902,-6.318],[-36.917,-6.305],[-36.93,-6.279],[-36.925,-6.271],[-36.918,-6.267],[-36.911,-6.244],[-36.895,-6.239],[-36.88,-6.25],[-36.87,-6.252],[-36.868,-6.257],[-36.862,-6.258],[-36.86,-6.263],[-36.854,-6.264]]]}},{"type":"Feature","properties":{"id":"2403103","nome":"Currais Novos"},"geometry":{"type":"Polygon","coordinates":[[[-36.502,-6.098],[-36.505,-6.104],[-36.503,-6.108],[-36.503,-6.103],[-36.495,-6.103],[-36.494,-6.107],[-36.493,-6.105],[-36.491,-6.11],[-36.489,-6.108],[-36.487,-6.111],[-36.492,-6.111],[-36.491,-6.115],[-36.495,-6.116],[-36.495,-6.111],[-36.497,-6.116],[-36.509,-6.122],[-36.506,-6.13],[-36.502,-6.137],[-36.498,-6.135],[-36.492,-6.136],[-36.48,-6.129],[-36.46,-6.115],[-36.449,-6.112],[-36.444,-6.117],[-36.429,-6.112],[-36.427,-6.124],[-36.43,-6.127],[-36.427,-6.132],[-36.433,-6.136],[-36.432,-6.142],[-36.427,-6.14],[-36.424,-6.131],[-36.413,-6.129],[-36.41,-6.127],[-36.398,-6.117],[-36.411,-6.104],[-36.353,-6.098],[-36.343,-6.098],[-36.321,-6.112],[-36.295,-6.122],[-36.257,-6.158],[-36.257,-6.198],[-36.266,-6.23],[-36.258,-6.245],[-36.278,-6.262],[-36.281,-6.273],[-36.291,-6.277],[-36.295,-6.292],[-36.307,-6.281],[-36.343,-6.302],[-36.344,-6.302],[-36.362,-6.31],[-36.394,-6.294],[-36.43,-6.362],[-36.444,-6.362],[-36.448,-6.362],[-36.5,-6.358],[-36.504,-6.386],[-36.517,-6.378],[-36.542,-6.373],[-36.546,-6.363],[-36.551,-6.361],[-36.551,-6.354],[-36.548,-6.344],[-36.553,-6.339],[-36.554,-6.33],[-36.56,-6.327],[-36.564,-6.312],[-36.584,-6.306],[-36.584,-6.3],[-36.592,-6.297],[-36.596,-6.288],[-36.604,-6.29],[-36.608,-6.287],[-36.606,-6.278],[-36.596,-6.262],[-36.591,-6.247],[-36.598,-6.241],[-36.598,-6.234],[-36.607,-6.229],[-36.601,-6.226],[-36.6,-6.214],[-36.619,-6.192],[-36.615,-6.174],[-36.618,-6.168],[-36.628,-6.155],[-36.622,-6.131],[-36.61,-6.131],[-36.605,-6.124],[-36.594,-6.127],[-36.592,-6.132],[-36.591,-6.139],[-36.585,-6.132],[-36.58,-6.132],[-36.581,-6.141],[-36.578,-6.141],[-36.572,-6.132],[-36.56,-6.134],[-36.553,-6.131],[-36.548,-6.143],[-36.545,-6.137],[-36.544,-6.141],[-36.54,-6.139],[-36.54,-6.134],[-36.534,-6.131],[-36.533,-6.13],[-36.53,-6.13],[-36.527,-6.125],[-36.522,-6.116],[-36.527,-6.116],[-36.526,-6.113],[-36.52,-6.112],[-36.522,-6.108],[-36.514,-6.108],[-36.518,-6.102],[-36.515,-6.099],[-36.51,-6.103],[-36.51,-6.101],[-36.502,-6.098]]]}},{"type":"Feature","properties":{"id":"2403202","nome":"Doutor Severiano"},"geometry":{"type":"Polygon","coordinates":[[[-38.382,-6.052],[-38.385,-6.064],[-38.378,-6.066],[-38.379,-6.073],[-38.371,-6.084],[-38.365,-6.088],[-38.35,-6.083],[-38.347,-6.08],[-38.346,-6.067],[-38.339,-6.077],[-38.346,-6.089],[-38.348,-6.122],[-38.349,-6.123],[-38.361,-6.148],[-38.372,-6.159],[-38.374,-6.167],[-38.378,-6.17],[-38.388,-6.163],[-38.396,-6.173],[-38.408,-6.177],[-38.414,-6.176],[-38.414,-6.168],[-38.424,-6.168],[-38.43,-6.157],[-38.441,-6.137],[-38.447,-6.126],[-38.457,-6.108],[-38.44,-6.096],[-38.447,-6.085],[-38.431,-6.075],[-38.427,-6.069],[-38.413,-6.058],[-38.405,-6.057],[-38.401,-6.053],[-38.395,-6.055],[-38.382,-6.052]]]}},{"type":"Feature","properties":{"id":"2403251","nome":"Parnamirim"},"geometry":{"type":"Polygon","coordinates":[[[-35.264,-5.856],[-35.254,-5.865],[-35.243,-5.864],[-35.225,-5.881],[-35.217,-5.868],[-35.176,-5.899],[-35.155,-5.898],[-35.157,-5.923],[-35.154,-5.928],[-35.152,-5.952],[-35.145,-5.964],[-35.129,-5.967],[-35.122,-5.983],[-35.123,-5.984],[-35.16,-5.954],[-35.175,-5.947],[-35.182,-5.937],[-35.204,-5.933],[-35.212,-5.934],[-35.246,-5.954],[-35.25,-5.962],[-35.267,-5.961],[-35.281,-5.957],[-35.296,-5.958],[-35.286,-5.883],[-35.286,-5.879],[-35.282,-5.849],[-35.264,-5.856]]]}},{"type":"Feature","properties":{"id":"2403301","nome":"Encanto"},"geometry":{"type":"Polygon","coordinates":[[[-38.261,-6.074],[-38.262,-6.102],[-38.266,-6.112],[-38.264,-6.116],[-38.249,-6.136],[-38.249,-6.163],[-38.277,-6.181],[-38.281,-6.183],[-38.288,-6.188],[-38.309,-6.177],[-38.328,-6.184],[-38.357,-6.201],[-38.361,-6.185],[-38.365,-6.173],[-38.365,-6.171],[-38.367,-6.163],[-38.353,-6.145],[-38.349,-6.123],[-38.348,-6.122],[-38.346,-6.089],[-38.339,-6.077],[-38.336,-6.08],[-38.32,-6.077],[-38.304,-6.087],[-38.29,-6.073],[-38.277,-6.07],[-38.275,-6.065],[-38.261,-6.074]]]}},{"type":"Feature","properties":{"id":"2403400","nome":"Equador"},"geometry":{"type":"Polygon","coordinates":[[[-36.575,-6.806],[-36.569,-6.82],[-36.572,-6.825],[-36.568,-6.835],[-36.56,-6.84],[-36.569,-6.848],[-36.574,-6.857],[-36.566,-6.866],[-36.568,-6.874],[-36.609,-6.936],[-36.616,-6.934],[-36.637,-6.933],[-36.655,-6.928],[-36.687,-6.926],[-36.694,-6.934],[-36.699,-6.948],[-36.712,-6.98],[-36.718,-6.982],[-36.731,-6.976],[-36.737,-6.972],[-36.755,-6.954],[-36.766,-6.935],[-36.76,-6.914],[-36.756,-6.896],[-36.745,-6.879],[-36.73,-6.836],[-36.726,-6.816],[-36.713,-6.816],[-36.702,-6.83],[-36.695,-6.833],[-36.676,-6.817],[-36.672,-6.818],[-36.67,-6.824],[-36.66,-6.826],[-36.651,-6.817],[-36.636,-6.818],[-36.625,-6.805],[-36.617,-6.8],[-36.611,-6.799],[-36.601,-6.805],[-36.585,-6.806],[-36.575,-6.806]]]}},{"type":"Feature","properties":{"id":"2403509","nome":"Esp\u00edrito Santo"},"geometry":{"type":"Polygon","coordinates":[[[-35.272,-6.37],[-35.271,-6.372],[-35.273,-6.37],[-35.291,-6.387],[-35.309,-6.403],[-35.339,-6.381],[-35.342,-6.375],[-35.342,-6.364],[-35.346,-6.358],[-35.346,-6.334],[-35.342,-6.315],[-35.333,-6.313],[-35.323,-6.271],[-35.324,-6.234],[-35.324,-6.206],[-35.319,-6.191],[-35.285,-6.205],[-35.271,-6.293],[-35.269,-6.304],[-35.266,-6.324],[-35.272,-6.37]]]}},{"type":"Feature","properties":{"id":"2403608","nome":"Extremoz"},"geometry":{"type":"Polygon","coordinates":[[[-35.198,-5.693],[-35.193,-5.698],[-35.204,-5.74],[-35.21,-5.737],[-35.233,-5.718],[-35.237,-5.714],[-35.244,-5.716],[-35.266,-5.703],[-35.275,-5.7],[-35.281,-5.706],[-35.285,-5.71],[-35.287,-5.722],[-35.313,-5.738],[-35.321,-5.734],[-35.34,-5.738],[-35.346,-5.731],[-35.361,-5.728],[-35.351,-5.715],[-35.336,-5.694],[-35.325,-5.68],[-35.293,-5.635],[-35.292,-5.635],[-35.284,-5.624],[-35.28,-5.623],[-35.279,-5.623],[-35.235,-5.613],[-35.228,-5.612],[-35.227,-5.612],[-35.226,-5.62],[-35.222,-5.629],[-35.217,-5.63],[-35.219,-5.668],[-35.214,-5.681],[-35.205,-5.693],[-35.198,-5.693]]]}},{"type":"Feature","properties":{"id":"2403707","nome":"Felipe Guerra"},"geometry":{"type":"Polygon","coordinates":[[[-37.643,-5.449],[-37.604,-5.473],[-37.596,-5.473],[-37.564,-5.492],[-37.568,-5.511],[-37.579,-5.571],[-37.583,-5.574],[-37.585,-5.575],[-37.658,-5.622],[-37.674,-5.632],[-37.71,-5.609],[-37.729,-5.595],[-37.738,-5.598],[-37.764,-5.582],[-37.711,-5.51],[-37.655,-5.432],[-37.647,-5.437],[-37.643,-5.449]]]}},{"type":"Feature","properties":{"id":"2403756","nome":"Fernando Pedroza"},"geometry":{"type":"Polygon","coordinates":[[[-36.523,-5.691],[-36.524,-5.699],[-36.485,-5.697],[-36.479,-5.703],[-36.444,-5.698],[-36.423,-5.705],[-36.363,-5.707],[-36.356,-5.717],[-36.341,-5.717],[-36.325,-5.721],[-36.311,-5.718],[-36.306,-5.707],[-36.291,-5.706],[-36.279,-5.714],[-36.273,-5.709],[-36.284,-5.859],[-36.356,-5.849],[-36.389,-5.795],[-36.433,-5.781],[-36.509,-5.756],[-36.525,-5.765],[-36.55,-5.769],[-36.568,-5.757],[-36.536,-5.698],[-36.536,-5.697],[-36.534,-5.695],[-36.534,-5.694],[-36.532,-5.691],[-36.523,-5.691]]]}},{"type":"Feature","properties":{"id":"2403806","nome":"Flor\u00e2nia"},"geometry":{"type":"Polygon","coordinates":[[[-36.836,-6.052],[-36.821,-6.053],[-36.801,-6.05],[-36.793,-6.04],[-36.788,-6.039],[-36.778,-6.058],[-36.776,-6.061],[-36.753,-6.063],[-36.731,-6.063],[-36.725,-6.063],[-36.72,-6.072],[-36.727,-6.085],[-36.72,-6.095],[-36.726,-6.103],[-36.739,-6.111],[-36.732,-6.11],[-36.726,-6.136],[-36.728,-6.144],[-36.729,-6.149],[-36.745,-6.163],[-36.754,-6.163],[-36.762,-6.18],[-36.783,-6.19],[-36.785,-6.194],[-36.782,-6.197],[-36.747,-6.207],[-36.738,-6.213],[-36.703,-6.22],[-36.717,-6.256],[-36.728,-6.266],[-36.735,-6.279],[-36.734,-6.291],[-36.739,-6.303],[-36.754,-6.32],[-36.773,-6.298],[-36.815,-6.304],[-36.816,-6.296],[-36.822,-6.293],[-36.822,-6.292],[-36.828,-6.284],[-36.834,-6.285],[-36.837,-6.269],[-36.847,-6.264],[-36.851,-6.269],[-36.854,-6.264],[-36.86,-6.263],[-36.862,-6.258],[-36.868,-6.257],[-36.87,-6.252],[-36.88,-6.25],[-36.895,-6.239],[-36.901,-6.239],[-36.923,-6.239],[-36.923,-6.223],[-36.927,-6.215],[-36.957,-6.19],[-36.946,-6.184],[-36.939,-6.184],[-36.934,-6.188],[-36.921,-6.181],[-36.911,-6.186],[-36.904,-6.184],[-36.892,-6.176],[-36.894,-6.145],[-36.897,-6.142],[-36.902,-6.134],[-36.924,-6.132],[-36.933,-6.093],[-36.934,-6.089],[-36.921,-6.082],[-36.899,-6.086],[-36.892,-6.078],[-36.869,-6.061],[-36.871,-6.053],[-36.867,-6.048],[-36.855,-6.044],[-36.843,-6.04],[-36.835,-6.041],[-36.836,-6.052]]]}},{"type":"Feature","properties":{"id":"2403905","nome":"Francisco Dantas"},"geometry":{"type":"Polygon","coordinates":[[[-38.123,-5.959],[-38.118,-5.961],[-38.114,-5.959],[-38.088,-6.012],[-38.086,-6.015],[-38.071,-6.028],[-38.074,-6.033],[-38.081,-6.034],[-38.085,-6.038],[-38.082,-6.049],[-38.078,-6.051],[-38.08,-6.04],[-38.076,-6.035],[-38.076,-6.042],[-38.054,-6.044],[-38.061,-6.061],[-38.07,-6.066],[-38.068,-6.076],[-38.061,-6.075],[-38.059,-6.071],[-38.05,-6.067],[-38.045,-6.067],[-38.035,-6.06],[-38.033,-6.06],[-38.025,-6.083],[-38.01,-6.088],[-38.008,-6.096],[-38.033,-6.117],[-38.043,-6.126],[-38.065,-6.118],[-38.103,-6.113],[-38.147,-6.096],[-38.168,-6.068],[-38.189,-6.046],[-38.192,-6.041],[-38.189,-6.036],[-38.183,-6.032],[-38.183,-6.015],[-38.177,-6.012],[-38.172,-6.014],[-38.163,-6.009],[-38.166,-6.002],[-38.16,-5.996],[-38.155,-5.986],[-38.148,-5.981],[-38.146,-5.972],[-38.13,-5.97],[-38.123,-5.959]]]}},{"type":"Feature","properties":{"id":"2404002","nome":"Frutuoso Gomes"},"geometry":{"type":"Polygon","coordinates":[[[-37.837,-6.12],[-37.819,-6.138],[-37.814,-6.143],[-37.803,-6.143],[-37.801,-6.153],[-37.8,-6.155],[-37.802,-6.163],[-37.809,-6.164],[-37.809,-6.168],[-37.806,-6.169],[-37.808,-6.173],[-37.797,-6.192],[-37.797,-6.217],[-37.881,-6.171],[-37.887,-6.168],[-37.889,-6.166],[-37.88,-6.15],[-37.87,-6.145],[-37.872,-6.142],[-37.869,-6.14],[-37.873,-6.139],[-37.87,-6.133],[-37.876,-6.132],[-37.88,-6.12],[-37.867,-6.126],[-37.857,-6.122],[-37.858,-6.115],[-37.865,-6.107],[-37.864,-6.104],[-37.837,-6.12]]]}},{"type":"Feature","properties":{"id":"2404101","nome":"Galinhos"},"geometry":{"type":"Polygon","coordinates":[[[-36.099,-5.076],[-36.151,-5.257],[-36.187,-5.266],[-36.276,-5.289],[-36.278,-5.224],[-36.276,-5.207],[-36.281,-5.181],[-36.286,-5.157],[-36.289,-5.155],[-36.288,-5.125],[-36.293,-5.114],[-36.307,-5.112],[-36.309,-5.107],[-36.309,-5.106],[-36.308,-5.102],[-36.289,-5.087],[-36.277,-5.09],[-36.273,-5.089],[-36.243,-5.095],[-36.192,-5.094],[-36.137,-5.093],[-36.122,-5.089],[-36.099,-5.076]]]}},{"type":"Feature","properties":{"id":"2404200","nome":"Goianinha"},"geometry":{"type":"Polygon","coordinates":[[[-35.285,-6.205],[-35.229,-6.242],[-35.218,-6.237],[-35.208,-6.232],[-35.198,-6.219],[-35.192,-6.22],[-35.188,-6.214],[-35.186,-6.217],[-35.175,-6.216],[-35.169,-6.214],[-35.162,-6.218],[-35.157,-6.216],[-35.15,-6.218],[-35.155,-6.246],[-35.154,-6.267],[-35.148,-6.274],[-35.148,-6.293],[-35.145,-6.299],[-35.145,-6.316],[-35.156,-6.313],[-35.167,-6.322],[-35.163,-6.336],[-35.166,-6.348],[-35.17,-6.355],[-35.198,-6.359],[-35.221,-6.357],[-35.236,-6.349],[-35.272,-6.37],[-35.266,-6.324],[-35.269,-6.304],[-35.271,-6.293],[-35.285,-6.205]]]}},{"type":"Feature","properties":{"id":"2404309","nome":"Governador Dix-Sept Rosado"},"geometry":{"type":"Polygon","coordinates":[[[-37.302,-5.463],[-37.294,-5.478],[-37.297,-5.478],[-37.382,-5.478],[-37.428,-5.562],[-37.442,-5.587],[-37.493,-5.566],[-37.578,-5.571],[-37.579,-5.571],[-37.568,-5.511],[-37.564,-5.492],[-37.596,-5.473],[-37.604,-5.473],[-37.643,-5.449],[-37.647,-5.437],[-37.655,-5.432],[-37.642,-5.415],[-37.812,-5.316],[-37.787,-5.297],[-37.783,-5.294],[-37.782,-5.286],[-37.792,-5.268],[-37.79,-5.255],[-37.783,-5.242],[-37.783,-5.229],[-37.788,-5.219],[-37.771,-5.224],[-37.583,-5.278],[-37.548,-5.285],[-37.434,-5.309],[-37.416,-5.317],[-37.391,-5.332],[-37.295,-5.391],[-37.297,-5.395],[-37.303,-5.397],[-37.297,-5.403],[-37.293,-5.417],[-37.294,-5.429],[-37.302,-5.443],[-37.298,-5.451],[-37.302,-5.463]]]}},{"type":"Feature","properties":{"id":"2404408","nome":"Grossos"},"geometry":{"type":"Polygon","coordinates":[[[-37.158,-4.934],[-37.137,-4.949],[-37.141,-4.961],[-37.147,-4.978],[-37.131,-4.992],[-37.132,-5.0],[-37.136,-5.005],[-37.166,-5.015],[-37.166,-5.003],[-37.176,-4.97],[-37.208,-4.991],[-37.22,-4.986],[-37.306,-4.946],[-37.308,-4.945],[-37.287,-4.941],[-37.27,-4.945],[-37.269,-4.911],[-37.262,-4.903],[-37.234,-4.893],[-37.233,-4.888],[-37.221,-4.881],[-37.21,-4.894],[-37.181,-4.917],[-37.167,-4.932],[-37.158,-4.934]]]}},{"type":"Feature","properties":{"id":"2404507","nome":"Guamar\u00e9"},"geometry":{"type":"Polygon","coordinates":[[[-36.406,-5.078],[-36.369,-5.09],[-36.35,-5.087],[-36.344,-5.082],[-36.327,-5.088],[-36.309,-5.099],[-36.308,-5.102],[-36.309,-5.106],[-36.309,-5.107],[-36.307,-5.112],[-36.293,-5.114],[-36.288,-5.125],[-36.289,-5.155],[-36.286,-5.157],[-36.281,-5.181],[-36.276,-5.207],[-36.278,-5.224],[-36.276,-5.289],[-36.368,-5.25],[-36.403,-5.184],[-36.43,-5.133],[-36.406,-5.078]]]}},{"type":"Feature","properties":{"id":"2404606","nome":"Ielmo Marinho"},"geometry":{"type":"Polygon","coordinates":[[[-35.495,-5.716],[-35.491,-5.719],[-35.486,-5.721],[-35.477,-5.712],[-35.47,-5.716],[-35.461,-5.716],[-35.447,-5.733],[-35.449,-5.744],[-35.451,-5.75],[-35.464,-5.805],[-35.471,-5.834],[-35.487,-5.829],[-35.488,-5.83],[-35.529,-5.881],[-35.594,-5.867],[-35.623,-5.822],[-35.635,-5.803],[-35.638,-5.79],[-35.643,-5.771],[-35.656,-5.718],[-35.632,-5.714],[-35.631,-5.714],[-35.629,-5.714],[-35.586,-5.718],[-35.557,-5.721],[-35.552,-5.703],[-35.547,-5.702],[-35.547,-5.709],[-35.529,-5.712],[-35.528,-5.712],[-35.495,-5.716]]]}},{"type":"Feature","properties":{"id":"2404705","nome":"Ipangua\u00e7u"},"geometry":{"type":"Polygon","coordinates":[[[-36.749,-5.64],[-36.751,-5.646],[-36.816,-5.642],[-36.897,-5.603],[-36.893,-5.59],[-36.891,-5.586],[-36.882,-5.572],[-36.888,-5.565],[-36.899,-5.553],[-36.903,-5.534],[-36.899,-5.513],[-36.888,-5.503],[-36.886,-5.493],[-36.871,-5.483],[-36.869,-5.478],[-36.874,-5.466],[-36.874,-5.458],[-36.86,-5.442],[-36.851,-5.443],[-36.699,-5.463],[-36.699,-5.521],[-36.699,-5.526],[-36.725,-5.573],[-36.741,-5.585],[-36.744,-5.591],[-36.752,-5.593],[-36.756,-5.6],[-36.766,-5.6],[-36.771,-5.606],[-36.771,-5.616],[-36.756,-5.622],[-36.749,-5.64]]]}},{"type":"Feature","properties":{"id":"2404804","nome":"Ipueira"},"geometry":{"type":"Polygon","coordinates":[[[-37.075,-6.754],[-37.12,-6.767],[-37.129,-6.766],[-37.152,-6.798],[-37.19,-6.825],[-37.214,-6.824],[-37.234,-6.824],[-37.252,-6.813],[-37.255,-6.811],[-37.255,-6.798],[-37.26,-6.787],[-37.257,-6.78],[-37.274,-6.766],[-37.269,-6.762],[-37.264,-6.732],[-37.258,-6.739],[-37.238,-6.742],[-37.204,-6.761],[-37.174,-6.751],[-37.151,-6.736],[-37.095,-6.724],[-37.083,-6.735],[-37.082,-6.741],[-37.076,-6.746],[-37.075,-6.754]]]}},{"type":"Feature","properties":{"id":"2404853","nome":"Itaj\u00e1"},"geometry":{"type":"Polygon","coordinates":[[[-36.72,-5.714],[-36.741,-5.736],[-36.755,-5.759],[-36.761,-5.756],[-36.767,-5.763],[-36.776,-5.763],[-36.789,-5.755],[-36.797,-5.756],[-36.803,-5.756],[-36.815,-5.744],[-36.823,-5.744],[-36.83,-5.738],[-36.837,-5.736],[-36.849,-5.724],[-36.861,-5.725],[-36.869,-5.719],[-36.893,-5.71],[-36.887,-5.7],[-36.883,-5.669],[-36.883,-5.639],[-36.892,-5.63],[-36.891,-5.623],[-36.897,-5.603],[-36.816,-5.642],[-36.751,-5.646],[-36.747,-5.654],[-36.739,-5.656],[-36.739,-5.665],[-36.734,-5.668],[-36.732,-5.683],[-36.725,-5.691],[-36.715,-5.694],[-36.714,-5.7],[-36.702,-5.701],[-36.72,-5.714]]]}},{"type":"Feature","properties":{"id":"2404903","nome":"Ita\u00fa"},"geometry":{"type":"Polygon","coordinates":[[[-37.879,-5.77],[-37.872,-5.878],[-37.913,-5.903],[-37.913,-5.899],[-37.917,-5.896],[-37.913,-5.885],[-37.917,-5.852],[-37.938,-5.857],[-37.951,-5.863],[-38.004,-5.856],[-38.014,-5.854],[-38.006,-5.839],[-38.002,-5.836],[-37.998,-5.838],[-37.995,-5.834],[-37.988,-5.828],[-37.979,-5.832],[-37.975,-5.816],[-37.914,-5.786],[-37.913,-5.786],[-37.909,-5.784],[-37.903,-5.755],[-37.881,-5.697],[-37.856,-5.746],[-37.88,-5.754],[-37.879,-5.77]]]}},{"type":"Feature","properties":{"id":"2405009","nome":"Ja\u00e7an\u00e3"},"geometry":{"type":"Polygon","coordinates":[[[-36.103,-6.421],[-36.107,-6.426],[-36.11,-6.429],[-36.143,-6.425],[-36.174,-6.43],[-36.204,-6.432],[-36.226,-6.434],[-36.249,-6.437],[-36.251,-6.404],[-36.262,-6.402],[-36.269,-6.401],[-36.283,-6.397],[-36.295,-6.394],[-36.299,-6.382],[-36.296,-6.37],[-36.266,-6.379],[-36.221,-6.402],[-36.196,-6.405],[-36.15,-6.411],[-36.098,-6.42],[-36.103,-6.421]]]}},{"type":"Feature","properties":{"id":"2405108","nome":"Janda\u00edra"},"geometry":{"type":"Polygon","coordinates":[[[-36.012,-5.399],[-36.0,-5.415],[-35.992,-5.463],[-36.028,-5.444],[-36.063,-5.405],[-36.128,-5.456],[-36.16,-5.434],[-36.223,-5.433],[-36.241,-5.384],[-36.276,-5.289],[-36.187,-5.266],[-36.151,-5.257],[-36.15,-5.256],[-36.12,-5.244],[-36.077,-5.276],[-36.054,-5.346],[-36.012,-5.399]]]}},{"type":"Feature","properties":{"id":"2405207","nome":"Jandu\u00eds"},"geometry":{"type":"Polygon","coordinates":[[[-37.447,-5.904],[-37.436,-5.985],[-37.414,-5.975],[-37.4,-5.962],[-37.375,-5.96],[-37.376,-5.988],[-37.377,-6.042],[-37.412,-6.065],[-37.441,-6.082],[-37.456,-6.096],[-37.503,-6.07],[-37.514,-6.064],[-37.557,-6.016],[-37.593,-5.982],[-37.583,-5.979],[-37.572,-5.966],[-37.554,-5.959],[-37.528,-5.916],[-37.532,-5.924],[-37.525,-5.917],[-37.521,-5.917],[-37.518,-5.909],[-37.51,-5.913],[-37.509,-5.907],[-37.499,-5.903],[-37.494,-5.894],[-37.48,-5.896],[-37.476,-5.899],[-37.45,-5.899],[-37.447,-5.902],[-37.447,-5.903],[-37.447,-5.904]]]}},{"type":"Feature","properties":{"id":"2405306","nome":"Janu\u00e1rio Cicco"},"geometry":{"type":"Polygon","coordinates":[[[-35.535,-6.142],[-35.55,-6.2],[-35.559,-6.199],[-35.567,-6.205],[-35.592,-6.211],[-35.604,-6.208],[-35.606,-6.204],[-35.607,-6.204],[-35.611,-6.198],[-35.616,-6.197],[-35.621,-6.205],[-35.626,-6.202],[-35.648,-6.219],[-35.66,-6.222],[-35.663,-6.199],[-35.74,-6.182],[-35.717,-6.171],[-35.704,-6.166],[-35.687,-6.16],[-35.664,-6.145],[-35.646,-6.134],[-35.605,-6.107],[-35.589,-6.096],[-35.58,-6.088],[-35.57,-6.079],[-35.557,-6.046],[-35.551,-6.048],[-35.546,-6.054],[-35.545,-6.055],[-35.537,-6.074],[-35.536,-6.088],[-35.531,-6.091],[-35.536,-6.093],[-35.541,-6.099],[-35.539,-6.118],[-35.535,-6.126],[-35.535,-6.142]]]}},{"type":"Feature","properties":{"id":"2405405","nome":"Japi"},"geometry":{"type":"Polygon","coordinates":[[[-35.87,-6.362],[-35.868,-6.384],[-35.858,-6.379],[-35.843,-6.377],[-35.847,-6.393],[-35.844,-6.402],[-35.848,-6.413],[-35.854,-6.434],[-35.847,-6.439],[-35.85,-6.44],[-35.848,-6.451],[-35.838,-6.452],[-35.79,-6.478],[-35.78,-6.483],[-35.782,-6.483],[-35.817,-6.485],[-35.853,-6.487],[-35.87,-6.488],[-35.944,-6.493],[-35.965,-6.484],[-35.965,-6.471],[-35.965,-6.387],[-35.955,-6.383],[-35.927,-6.372],[-35.918,-6.361],[-35.912,-6.359],[-35.907,-6.352],[-35.893,-6.352],[-35.87,-6.362]]]}},{"type":"Feature","properties":{"id":"2405504","nome":"Jardim de Angicos"},"geometry":{"type":"Polygon","coordinates":[[[-35.941,-5.668],[-35.934,-5.714],[-35.97,-5.714],[-36.024,-5.698],[-36.062,-5.655],[-36.056,-5.638],[-35.992,-5.463],[-35.957,-5.535],[-35.911,-5.629],[-35.923,-5.635],[-35.923,-5.641],[-35.923,-5.647],[-35.927,-5.651],[-35.932,-5.653],[-35.941,-5.668]]]}},{"type":"Feature","properties":{"id":"2405603","nome":"Jardim de Piranhas"},"geometry":{"type":"Polygon","coordinates":[[[-37.216,-6.245],[-37.218,-6.319],[-37.218,-6.331],[-37.219,-6.368],[-37.261,-6.404],[-37.318,-6.454],[-37.38,-6.437],[-37.381,-6.437],[-37.381,-6.436],[-37.386,-6.426],[-37.397,-6.416],[-37.396,-6.401],[-37.388,-6.391],[-37.388,-6.379],[-37.382,-6.373],[-37.377,-6.369],[-37.378,-6.35],[-37.377,-6.344],[-37.363,-6.322],[-37.334,-6.308],[-37.328,-6.303],[-37.318,-6.279],[-37.306,-6.278],[-37.287,-6.282],[-37.274,-6.281],[-37.27,-6.251],[-37.251,-6.226],[-37.234,-6.213],[-37.201,-6.205],[-37.194,-6.198],[-37.193,-6.183],[-37.174,-6.18],[-37.165,-6.17],[-37.157,-6.152],[-37.143,-6.15],[-37.126,-6.156],[-37.137,-6.169],[-37.133,-6.175],[-37.14,-6.181],[-37.15,-6.185],[-37.163,-6.201],[-37.172,-6.201],[-37.175,-6.206],[-37.188,-6.209],[-37.207,-6.224],[-37.216,-6.227],[-37.221,-6.234],[-37.216,-6.245]]]}},{"type":"Feature","properties":{"id":"2405702","nome":"Jardim do Serid\u00f3"},"geometry":{"type":"Polygon","coordinates":[[[-36.939,-6.513],[-36.921,-6.524],[-36.905,-6.517],[-36.898,-6.518],[-36.878,-6.528],[-36.83,-6.537],[-36.81,-6.534],[-36.8,-6.528],[-36.795,-6.527],[-36.791,-6.521],[-36.78,-6.526],[-36.771,-6.517],[-36.761,-6.515],[-36.758,-6.513],[-36.751,-6.516],[-36.749,-6.513],[-36.747,-6.518],[-36.743,-6.516],[-36.736,-6.525],[-36.722,-6.529],[-36.712,-6.536],[-36.703,-6.538],[-36.695,-6.557],[-36.679,-6.551],[-36.677,-6.579],[-36.669,-6.61],[-36.69,-6.617],[-36.697,-6.619],[-36.722,-6.646],[-36.744,-6.652],[-36.749,-6.659],[-36.766,-6.669],[-36.786,-6.668],[-36.788,-6.672],[-36.814,-6.682],[-36.816,-6.679],[-36.852,-6.649],[-36.858,-6.648],[-36.866,-6.655],[-36.87,-6.648],[-36.87,-6.63],[-36.883,-6.622],[-36.892,-6.623],[-36.893,-6.614],[-36.902,-6.614],[-36.904,-6.608],[-36.918,-6.6],[-36.919,-6.589],[-36.926,-6.587],[-36.931,-6.577],[-36.937,-6.577],[-36.943,-6.571],[-36.951,-6.57],[-36.94,-6.561],[-36.951,-6.54],[-36.951,-6.522],[-36.939,-6.513]]]}},{"type":"Feature","properties":{"id":"2405801","nome":"Jo\u00e3o C\u00e2mara"},"geometry":{"type":"Polygon","coordinates":[[[-35.832,-5.306],[-35.814,-5.464],[-35.798,-5.461],[-35.792,-5.453],[-35.776,-5.443],[-35.771,-5.443],[-35.764,-5.451],[-35.751,-5.459],[-35.745,-5.458],[-35.745,-5.519],[-35.746,-5.558],[-35.746,-5.582],[-35.746,-5.619],[-35.754,-5.622],[-35.757,-5.628],[-35.768,-5.619],[-35.773,-5.619],[-35.761,-5.636],[-35.767,-5.636],[-35.775,-5.635],[-35.782,-5.627],[-35.794,-5.626],[-35.805,-5.619],[-35.827,-5.616],[-35.832,-5.61],[-35.854,-5.608],[-35.858,-5.612],[-35.864,-5.611],[-35.868,-5.605],[-35.873,-5.608],[-35.869,-5.615],[-35.872,-5.624],[-35.886,-5.632],[-35.897,-5.624],[-35.903,-5.625],[-35.911,-5.629],[-35.957,-5.535],[-35.992,-5.463],[-36.0,-5.415],[-36.012,-5.399],[-36.002,-5.384],[-35.989,-5.347],[-35.985,-5.344],[-35.978,-5.344],[-35.978,-5.341],[-35.975,-5.332],[-35.875,-5.314],[-35.832,-5.306]]]}},{"type":"Feature","properties":{"id":"2405900","nome":"Jo\u00e3o Dias"},"geometry":{"type":"Polygon","coordinates":[[[-37.76,-6.254],[-37.77,-6.265],[-37.771,-6.273],[-37.757,-6.287],[-37.757,-6.29],[-37.771,-6.291],[-37.794,-6.289],[-37.81,-6.291],[-37.824,-6.306],[-37.814,-6.312],[-37.814,-6.315],[-37.822,-6.317],[-37.833,-6.321],[-37.843,-6.333],[-37.857,-6.33],[-37.864,-6.332],[-37.9,-6.318],[-37.902,-6.297],[-37.908,-6.285],[-37.881,-6.273],[-37.878,-6.268],[-37.869,-6.268],[-37.859,-6.264],[-37.85,-6.255],[-37.835,-6.252],[-37.815,-6.254],[-37.807,-6.256],[-37.793,-6.256],[-37.776,-6.245],[-37.76,-6.254]]]}},{"type":"Feature","properties":{"id":"2406007","nome":"Jos\u00e9 da Penha"},"geometry":{"type":"Polygon","coordinates":[[[-38.297,-6.278],[-38.271,-6.284],[-38.261,-6.28],[-38.256,-6.281],[-38.251,-6.289],[-38.247,-6.289],[-38.247,-6.331],[-38.247,-6.333],[-38.237,-6.338],[-38.225,-6.357],[-38.238,-6.37],[-38.238,-6.385],[-38.252,-6.418],[-38.257,-6.407],[-38.271,-6.402],[-38.271,-6.398],[-38.286,-6.391],[-38.275,-6.378],[-38.302,-6.378],[-38.309,-6.377],[-38.316,-6.383],[-38.336,-6.374],[-38.334,-6.355],[-38.333,-6.347],[-38.331,-6.328],[-38.332,-6.304],[-38.323,-6.297],[-38.316,-6.289],[-38.309,-6.29],[-38.307,-6.281],[-38.301,-6.282],[-38.297,-6.278]]]}},{"type":"Feature","properties":{"id":"2406106","nome":"Jucurutu"},"geometry":{"type":"Polygon","coordinates":[[[-36.936,-5.968],[-36.926,-5.971],[-36.914,-5.965],[-36.911,-5.973],[-36.893,-5.975],[-36.892,-5.977],[-36.888,-5.973],[-36.881,-5.974],[-36.88,-5.977],[-36.868,-5.973],[-36.866,-5.982],[-36.861,-5.981],[-36.858,-5.984],[-36.857,-5.994],[-36.849,-6.01],[-36.854,-6.025],[-36.848,-6.036],[-36.855,-6.044],[-36.867,-6.048],[-36.871,-6.053],[-36.869,-6.061],[-36.892,-6.078],[-36.899,-6.086],[-36.921,-6.082],[-36.934,-6.089],[-36.933,-6.093],[-36.924,-6.132],[-36.902,-6.134],[-36.897,-6.142],[-36.894,-6.145],[-36.892,-6.176],[-36.904,-6.184],[-36.911,-6.186],[-36.921,-6.181],[-36.934,-6.188],[-36.939,-6.184],[-36.946,-6.184],[-36.957,-6.19],[-36.973,-6.192],[-36.99,-6.213],[-37.003,-6.221],[-37.033,-6.226],[-37.045,-6.224],[-37.063,-6.218],[-37.07,-6.237],[-37.081,-6.24],[-37.085,-6.235],[-37.096,-6.232],[-37.104,-6.215],[-37.116,-6.213],[-37.116,-6.206],[-37.131,-6.208],[-37.134,-6.202],[-37.129,-6.192],[-37.14,-6.181],[-37.133,-6.175],[-37.137,-6.169],[-37.126,-6.156],[-37.143,-6.15],[-37.157,-6.152],[-37.166,-6.154],[-37.175,-6.142],[-37.167,-6.11],[-37.172,-6.098],[-37.17,-6.083],[-37.175,-6.055],[-37.174,-6.048],[-37.162,-6.022],[-37.162,-6.021],[-37.159,-6.01],[-37.154,-5.993],[-37.148,-5.99],[-37.143,-5.979],[-37.131,-5.968],[-37.128,-5.956],[-37.122,-5.954],[-37.067,-5.984],[-37.062,-5.97],[-37.035,-5.891],[-37.015,-5.87],[-37.006,-5.831],[-36.99,-5.817],[-36.977,-5.813],[-36.966,-5.846],[-36.955,-5.855],[-36.953,-5.856],[-36.942,-5.858],[-36.937,-5.868],[-36.955,-5.884],[-36.959,-5.899],[-36.972,-5.904],[-36.973,-5.912],[-36.964,-5.924],[-36.95,-5.93],[-36.95,-5.935],[-36.939,-5.951],[-36.941,-5.958],[-36.936,-5.968]]]}},{"type":"Feature","properties":{"id":"2406155","nome":"Jundi\u00e1"},"geometry":{"type":"Polygon","coordinates":[[[-35.333,-6.313],[-35.342,-6.315],[-35.36,-6.308],[-35.367,-6.299],[-35.357,-6.274],[-35.353,-6.245],[-35.35,-6.224],[-35.345,-6.211],[-35.345,-6.195],[-35.339,-6.185],[-35.319,-6.191],[-35.324,-6.206],[-35.324,-6.234],[-35.323,-6.271],[-35.333,-6.313]]]}},{"type":"Feature","properties":{"id":"2406205","nome":"Lagoa d'Anta"},"geometry":{"type":"Polygon","coordinates":[[[-35.65,-6.319],[-35.648,-6.326],[-35.643,-6.325],[-35.627,-6.341],[-35.615,-6.351],[-35.598,-6.383],[-35.593,-6.386],[-35.555,-6.391],[-35.544,-6.417],[-35.551,-6.423],[-35.558,-6.422],[-35.558,-6.43],[-35.599,-6.428],[-35.63,-6.424],[-35.633,-6.423],[-35.648,-6.42],[-35.671,-6.415],[-35.678,-6.4],[-35.681,-6.391],[-35.676,-6.379],[-35.683,-6.358],[-35.682,-6.352],[-35.67,-6.348],[-35.671,-6.314],[-35.666,-6.308],[-35.657,-6.318],[-35.65,-6.319]]]}},{"type":"Feature","properties":{"id":"2406304","nome":"Lagoa de Pedras"},"geometry":{"type":"Polygon","coordinates":[[[-35.381,-6.158],[-35.403,-6.21],[-35.436,-6.253],[-35.468,-6.23],[-35.47,-6.23],[-35.501,-6.222],[-35.513,-6.219],[-35.526,-6.216],[-35.567,-6.205],[-35.559,-6.199],[-35.55,-6.2],[-35.532,-6.201],[-35.527,-6.202],[-35.499,-6.18],[-35.484,-6.176],[-35.469,-6.166],[-35.445,-6.154],[-35.443,-6.147],[-35.447,-6.145],[-35.443,-6.14],[-35.436,-6.14],[-35.431,-6.135],[-35.414,-6.132],[-35.413,-6.132],[-35.381,-6.158]]]}},{"type":"Feature","properties":{"id":"2406403","nome":"Lagoa de Velhos"},"geometry":{"type":"Polygon","coordinates":[[[-35.799,-6.043],[-35.822,-6.073],[-35.871,-6.043],[-35.924,-6.01],[-35.898,-5.992],[-35.865,-5.968],[-35.834,-5.947],[-35.778,-6.015],[-35.799,-6.043]]]}},{"type":"Feature","properties":{"id":"2406502","nome":"Lagoa Nova"},"geometry":{"type":"Polygon","coordinates":[[[-36.444,-6.041],[-36.428,-6.088],[-36.426,-6.092],[-36.42,-6.09],[-36.415,-6.093],[-36.411,-6.104],[-36.398,-6.117],[-36.41,-6.127],[-36.413,-6.129],[-36.424,-6.131],[-36.427,-6.14],[-36.432,-6.142],[-36.433,-6.136],[-36.427,-6.132],[-36.43,-6.127],[-36.427,-6.124],[-36.429,-6.112],[-36.444,-6.117],[-36.449,-6.112],[-36.46,-6.115],[-36.48,-6.129],[-36.492,-6.136],[-36.498,-6.135],[-36.502,-6.137],[-36.506,-6.13],[-36.509,-6.122],[-36.497,-6.116],[-36.495,-6.111],[-36.495,-6.116],[-36.491,-6.115],[-36.492,-6.111],[-36.487,-6.111],[-36.489,-6.108],[-36.491,-6.11],[-36.493,-6.105],[-36.494,-6.107],[-36.495,-6.103],[-36.503,-6.103],[-36.503,-6.108],[-36.505,-6.104],[-36.502,-6.098],[-36.51,-6.101],[-36.51,-6.103],[-36.515,-6.099],[-36.518,-6.102],[-36.514,-6.108],[-36.522,-6.108],[-36.52,-6.112],[-36.526,-6.113],[-36.527,-6.116],[-36.522,-6.116],[-36.527,-6.125],[-36.53,-6.13],[-36.533,-6.13],[-36.534,-6.131],[-36.54,-6.134],[-36.54,-6.139],[-36.544,-6.141],[-36.545,-6.137],[-36.548,-6.143],[-36.553,-6.131],[-36.56,-6.134],[-36.572,-6.132],[-36.578,-6.141],[-36.581,-6.141],[-36.58,-6.132],[-36.585,-6.132],[-36.591,-6.139],[-36.592,-6.132],[-36.594,-6.127],[-36.605,-6.124],[-36.61,-6.131],[-36.622,-6.131],[-36.623,-6.119],[-36.627,-6.108],[-36.634,-6.102],[-36.638,-6.089],[-36.612,-6.079],[-36.611,-6.079],[-36.587,-6.07],[-36.554,-6.058],[-36.547,-6.056],[-36.521,-6.046],[-36.495,-6.046],[-36.448,-6.042],[-36.444,-6.041]]]}},{"type":"Feature","properties":{"id":"2406601","nome":"Lagoa Salgada"},"geometry":{"type":"Polygon","coordinates":[[[-35.49,-6.113],[-35.485,-6.118],[-35.483,-6.114],[-35.474,-6.119],[-35.466,-6.121],[-35.45,-6.134],[-35.443,-6.14],[-35.447,-6.145],[-35.443,-6.147],[-35.445,-6.154],[-35.469,-6.166],[-35.484,-6.176],[-35.499,-6.18],[-35.527,-6.202],[-35.532,-6.201],[-35.55,-6.2],[-35.535,-6.142],[-35.535,-6.126],[-35.539,-6.118],[-35.541,-6.099],[-35.536,-6.093],[-35.531,-6.091],[-35.526,-6.09],[-35.516,-6.098],[-35.5,-6.112],[-35.49,-6.113]]]}},{"type":"Feature","properties":{"id":"2406700","nome":"Lajes"},"geometry":{"type":"Polygon","coordinates":[[[-36.115,-5.809],[-36.112,-5.842],[-36.118,-5.859],[-36.129,-5.86],[-36.136,-5.864],[-36.142,-5.857],[-36.151,-5.858],[-36.156,-5.849],[-36.169,-5.856],[-36.178,-5.853],[-36.184,-5.856],[-36.196,-5.883],[-36.213,-5.873],[-36.224,-5.9],[-36.259,-5.863],[-36.254,-5.831],[-36.263,-5.833],[-36.284,-5.859],[-36.273,-5.709],[-36.262,-5.679],[-36.229,-5.6],[-36.197,-5.52],[-36.195,-5.515],[-36.181,-5.476],[-36.223,-5.433],[-36.16,-5.434],[-36.128,-5.456],[-36.141,-5.5],[-36.172,-5.544],[-36.143,-5.567],[-36.143,-5.591],[-36.138,-5.595],[-36.112,-5.615],[-36.062,-5.655],[-36.091,-5.749],[-36.115,-5.809]]]}},{"type":"Feature","properties":{"id":"2406809","nome":"Lajes Pintadas"},"geometry":{"type":"Polygon","coordinates":[[[-36.116,-6.093],[-36.117,-6.104],[-36.112,-6.102],[-36.107,-6.098],[-36.09,-6.099],[-36.086,-6.096],[-36.08,-6.102],[-36.08,-6.116],[-36.076,-6.168],[-36.078,-6.196],[-36.133,-6.21],[-36.15,-6.178],[-36.158,-6.166],[-36.226,-6.164],[-36.228,-6.156],[-36.224,-6.141],[-36.203,-6.13],[-36.181,-6.125],[-36.173,-6.119],[-36.164,-6.107],[-36.16,-6.105],[-36.153,-6.105],[-36.144,-6.098],[-36.122,-6.088],[-36.116,-6.093]]]}},{"type":"Feature","properties":{"id":"2406908","nome":"Lucr\u00e9cia"},"geometry":{"type":"Polygon","coordinates":[[[-37.789,-6.09],[-37.796,-6.101],[-37.806,-6.098],[-37.804,-6.106],[-37.81,-6.114],[-37.811,-6.124],[-37.806,-6.131],[-37.808,-6.135],[-37.802,-6.139],[-37.797,-6.149],[-37.801,-6.153],[-37.803,-6.143],[-37.814,-6.143],[-37.819,-6.138],[-37.837,-6.12],[-37.864,-6.104],[-37.841,-6.088],[-37.832,-6.082],[-37.845,-6.057],[-37.813,-6.08],[-37.789,-6.09]]]}},{"type":"Feature","properties":{"id":"2407005","nome":"Lu\u00eds Gomes"},"geometry":{"type":"Polygon","coordinates":[[[-38.396,-6.318],[-38.394,-6.345],[-38.353,-6.334],[-38.331,-6.328],[-38.333,-6.347],[-38.334,-6.355],[-38.336,-6.374],[-38.339,-6.387],[-38.34,-6.424],[-38.343,-6.435],[-38.347,-6.448],[-38.343,-6.456],[-38.355,-6.457],[-38.361,-6.462],[-38.363,-6.453],[-38.373,-6.455],[-38.375,-6.437],[-38.382,-6.432],[-38.383,-6.424],[-38.388,-6.419],[-38.391,-6.416],[-38.401,-6.409],[-38.403,-6.409],[-38.406,-6.41],[-38.426,-6.414],[-38.438,-6.409],[-38.441,-6.404],[-38.448,-6.403],[-38.448,-6.394],[-38.452,-6.392],[-38.465,-6.396],[-38.486,-6.398],[-38.483,-6.381],[-38.49,-6.366],[-38.476,-6.345],[-38.458,-6.33],[-38.457,-6.329],[-38.421,-6.3],[-38.408,-6.293],[-38.396,-6.318]]]}},{"type":"Feature","properties":{"id":"2407104","nome":"Maca\u00edba"},"geometry":{"type":"Polygon","coordinates":[[[-35.461,-5.837],[-35.398,-5.849],[-35.398,-5.845],[-35.393,-5.844],[-35.373,-5.841],[-35.356,-5.839],[-35.353,-5.839],[-35.309,-5.833],[-35.307,-5.837],[-35.301,-5.839],[-35.283,-5.829],[-35.282,-5.849],[-35.286,-5.879],[-35.286,-5.883],[-35.296,-5.958],[-35.305,-5.958],[-35.315,-5.967],[-35.331,-5.974],[-35.343,-5.973],[-35.373,-5.987],[-35.421,-6.006],[-35.422,-6.006],[-35.546,-6.054],[-35.551,-6.048],[-35.557,-6.046],[-35.537,-5.995],[-35.541,-5.986],[-35.555,-5.948],[-35.556,-5.948],[-35.572,-5.932],[-35.57,-5.929],[-35.529,-5.882],[-35.529,-5.881],[-35.488,-5.83],[-35.487,-5.829],[-35.471,-5.834],[-35.461,-5.837]]]}},{"type":"Feature","properties":{"id":"2407203","nome":"Macau"},"geometry":{"type":"Polygon","coordinates":[[[-36.7,-5.086],[-36.691,-5.093],[-36.688,-5.091],[-36.666,-5.085],[-36.628,-5.088],[-36.619,-5.076],[-36.607,-5.082],[-36.6,-5.08],[-36.596,-5.075],[-36.588,-5.08],[-36.558,-5.084],[-36.554,-5.08],[-36.527,-5.077],[-36.511,-5.064],[-36.501,-5.061],[-36.437,-5.068],[-36.406,-5.078],[-36.43,-5.133],[-36.403,-5.184],[-36.368,-5.25],[-36.38,-5.271],[-36.381,-5.314],[-36.414,-5.337],[-36.44,-5.369],[-36.515,-5.402],[-36.514,-5.301],[-36.542,-5.301],[-36.538,-5.281],[-36.54,-5.276],[-36.535,-5.264],[-36.545,-5.254],[-36.542,-5.243],[-36.549,-5.233],[-36.559,-5.227],[-36.557,-5.22],[-36.568,-5.217],[-36.572,-5.219],[-36.575,-5.214],[-36.579,-5.215],[-36.729,-5.175],[-36.733,-5.172],[-36.736,-5.162],[-36.748,-5.152],[-36.749,-5.144],[-36.744,-5.141],[-36.741,-5.15],[-36.735,-5.148],[-36.727,-5.153],[-36.721,-5.135],[-36.73,-5.133],[-36.73,-5.118],[-36.726,-5.115],[-36.719,-5.119],[-36.716,-5.114],[-36.72,-5.108],[-36.74,-5.106],[-36.75,-5.1],[-36.751,-5.095],[-36.744,-5.089],[-36.717,-5.082],[-36.712,-5.073],[-36.708,-5.065],[-36.704,-5.065],[-36.7,-5.086]]]}},{"type":"Feature","properties":{"id":"2407252","nome":"Major Sales"},"geometry":{"type":"Polygon","coordinates":[[[-38.336,-6.374],[-38.316,-6.383],[-38.309,-6.377],[-38.302,-6.378],[-38.275,-6.378],[-38.286,-6.391],[-38.289,-6.398],[-38.297,-6.406],[-38.299,-6.418],[-38.306,-6.426],[-38.347,-6.448],[-38.343,-6.435],[-38.34,-6.424],[-38.339,-6.387],[-38.336,-6.374]]]}},{"type":"Feature","properties":{"id":"2407302","nome":"Marcelino Vieira"},"geometry":{"type":"Polygon","coordinates":[[[-38.103,-6.356],[-38.125,-6.367],[-38.164,-6.386],[-38.182,-6.368],[-38.188,-6.361],[-38.203,-6.38],[-38.238,-6.385],[-38.238,-6.37],[-38.225,-6.357],[-38.237,-6.338],[-38.247,-6.333],[-38.247,-6.331],[-38.247,-6.289],[-38.248,-6.288],[-38.258,-6.275],[-38.249,-6.262],[-38.249,-6.249],[-38.231,-6.239],[-38.193,-6.22],[-38.183,-6.204],[-38.169,-6.194],[-38.15,-6.185],[-38.129,-6.175],[-38.081,-6.191],[-38.057,-6.195],[-38.063,-6.253],[-38.097,-6.314],[-38.099,-6.33],[-38.1,-6.336],[-38.103,-6.356]]]}},{"type":"Feature","properties":{"id":"2407401","nome":"Martins"},"geometry":{"type":"Polygon","coordinates":[[[-37.896,-6.008],[-37.861,-6.03],[-37.845,-6.057],[-37.832,-6.082],[-37.841,-6.088],[-37.864,-6.104],[-37.865,-6.107],[-37.858,-6.115],[-37.857,-6.122],[-37.867,-6.126],[-37.88,-6.12],[-37.876,-6.132],[-37.87,-6.133],[-37.873,-6.139],[-37.869,-6.14],[-37.872,-6.142],[-37.87,-6.145],[-37.88,-6.15],[-37.889,-6.166],[-37.896,-6.172],[-37.894,-6.173],[-37.9,-6.176],[-37.907,-6.175],[-37.905,-6.172],[-37.894,-6.162],[-37.894,-6.154],[-37.901,-6.152],[-37.909,-6.163],[-37.914,-6.164],[-37.908,-6.158],[-37.911,-6.15],[-37.915,-6.156],[-37.914,-6.15],[-37.902,-6.149],[-37.91,-6.14],[-37.913,-6.145],[-37.916,-6.141],[-37.919,-6.143],[-37.925,-6.143],[-37.92,-6.145],[-37.924,-6.148],[-37.919,-6.157],[-37.922,-6.165],[-37.922,-6.157],[-37.927,-6.155],[-37.932,-6.157],[-37.933,-6.165],[-37.934,-6.161],[-37.942,-6.163],[-37.942,-6.16],[-37.947,-6.16],[-37.94,-6.154],[-37.943,-6.15],[-37.949,-6.151],[-37.943,-6.143],[-37.939,-6.115],[-37.937,-6.108],[-37.941,-6.099],[-37.981,-6.075],[-37.962,-6.051],[-37.954,-6.029],[-37.946,-6.02],[-37.943,-6.009],[-37.935,-6.017],[-37.934,-6.004],[-37.926,-6.007],[-37.902,-6.008],[-37.896,-6.008]]]}},{"type":"Feature","properties":{"id":"2407500","nome":"Maxaranguape"},"geometry":{"type":"Polygon","coordinates":[[[-35.293,-5.427],[-35.289,-5.459],[-35.273,-5.479],[-35.266,-5.483],[-35.261,-5.48],[-35.26,-5.5],[-35.258,-5.515],[-35.254,-5.519],[-35.257,-5.53],[-35.267,-5.519],[-35.271,-5.512],[-35.269,-5.507],[-35.274,-5.502],[-35.279,-5.501],[-35.283,-5.492],[-35.287,-5.494],[-35.296,-5.492],[-35.298,-5.487],[-35.306,-5.486],[-35.312,-5.491],[-35.321,-5.488],[-35.329,-5.49],[-35.357,-5.47],[-35.371,-5.464],[-35.384,-5.468],[-35.403,-5.464],[-35.411,-5.457],[-35.418,-5.457],[-35.434,-5.469],[-35.454,-5.469],[-35.455,-5.473],[-35.464,-5.476],[-35.471,-5.485],[-35.481,-5.484],[-35.497,-5.491],[-35.501,-5.492],[-35.481,-5.453],[-35.45,-5.444],[-35.438,-5.446],[-35.413,-5.436],[-35.401,-5.437],[-35.387,-5.452],[-35.374,-5.416],[-35.362,-5.413],[-35.326,-5.381],[-35.321,-5.377],[-35.31,-5.391],[-35.311,-5.408],[-35.298,-5.426],[-35.293,-5.427]]]}},{"type":"Feature","properties":{"id":"2407609","nome":"Messias Targino"},"geometry":{"type":"Polygon","coordinates":[[[-37.503,-6.07],[-37.456,-6.096],[-37.441,-6.082],[-37.412,-6.065],[-37.377,-6.042],[-37.382,-6.067],[-37.374,-6.07],[-37.378,-6.085],[-37.382,-6.085],[-37.392,-6.108],[-37.407,-6.112],[-37.426,-6.109],[-37.445,-6.112],[-37.454,-6.12],[-37.459,-6.145],[-37.474,-6.148],[-37.483,-6.151],[-37.489,-6.144],[-37.503,-6.144],[-37.503,-6.152],[-37.522,-6.151],[-37.577,-6.034],[-37.557,-6.016],[-37.514,-6.064],[-37.503,-6.07]]]}},{"type":"Feature","properties":{"id":"2407708","nome":"Montanhas"},"geometry":{"type":"Polygon","coordinates":[[[-35.304,-6.446],[-35.294,-6.45],[-35.288,-6.448],[-35.278,-6.449],[-35.277,-6.459],[-35.275,-6.481],[-35.261,-6.492],[-35.224,-6.521],[-35.232,-6.531],[-35.253,-6.534],[-35.273,-6.543],[-35.274,-6.543],[-35.302,-6.544],[-35.33,-6.544],[-35.341,-6.538],[-35.328,-6.495],[-35.319,-6.465],[-35.314,-6.449],[-35.304,-6.446]]]}},{"type":"Feature","properties":{"id":"2407807","nome":"Monte Alegre"},"geometry":{"type":"Polygon","coordinates":[[[-35.427,-6.045],[-35.411,-6.053],[-35.391,-6.051],[-35.387,-6.058],[-35.379,-6.06],[-35.366,-6.058],[-35.365,-6.055],[-35.36,-6.057],[-35.353,-6.049],[-35.323,-6.048],[-35.319,-6.049],[-35.319,-6.054],[-35.31,-6.061],[-35.298,-6.066],[-35.298,-6.072],[-35.305,-6.085],[-35.315,-6.106],[-35.322,-6.109],[-35.323,-6.122],[-35.326,-6.14],[-35.33,-6.143],[-35.342,-6.157],[-35.34,-6.164],[-35.352,-6.182],[-35.381,-6.158],[-35.413,-6.132],[-35.414,-6.132],[-35.431,-6.135],[-35.436,-6.14],[-35.443,-6.14],[-35.45,-6.134],[-35.466,-6.121],[-35.474,-6.119],[-35.483,-6.114],[-35.485,-6.118],[-35.49,-6.113],[-35.5,-6.112],[-35.516,-6.098],[-35.526,-6.09],[-35.531,-6.091],[-35.536,-6.088],[-35.537,-6.074],[-35.545,-6.055],[-35.537,-6.052],[-35.508,-6.051],[-35.488,-6.063],[-35.492,-6.074],[-35.476,-6.072],[-35.459,-6.077],[-35.451,-6.077],[-35.444,-6.07],[-35.442,-6.062],[-35.436,-6.064],[-35.434,-6.057],[-35.427,-6.045]]]}},{"type":"Feature","properties":{"id":"2407906","nome":"Monte das Gameleiras"},"geometry":{"type":"Polygon","coordinates":[[[-35.773,-6.482],[-35.78,-6.483],[-35.79,-6.478],[-35.838,-6.452],[-35.848,-6.451],[-35.85,-6.44],[-35.847,-6.439],[-35.854,-6.434],[-35.848,-6.413],[-35.844,-6.402],[-35.847,-6.393],[-35.843,-6.377],[-35.791,-6.4],[-35.773,-6.407],[-35.764,-6.418],[-35.765,-6.421],[-35.766,-6.436],[-35.766,-6.443],[-35.776,-6.451],[-35.773,-6.482]]]}},{"type":"Feature","properties":{"id":"2408003","nome":"Mossor\u00f3"},"geometry":{"type":"Polygon","coordinates":[[[-37.446,-4.881],[-37.427,-4.911],[-37.411,-4.908],[-37.393,-4.911],[-37.365,-4.907],[-37.361,-4.917],[-37.345,-4.935],[-37.327,-4.943],[-37.314,-4.942],[-37.308,-4.945],[-37.306,-4.946],[-37.22,-4.986],[-37.208,-4.991],[-37.176,-4.97],[-37.166,-5.003],[-37.166,-5.015],[-37.136,-5.005],[-37.132,-5.011],[-37.131,-5.029],[-37.143,-5.042],[-37.152,-5.047],[-37.152,-5.054],[-37.148,-5.061],[-37.152,-5.076],[-37.141,-5.101],[-37.111,-5.124],[-37.111,-5.132],[-37.105,-5.132],[-37.105,-5.15],[-37.111,-5.15],[-37.111,-5.166],[-37.156,-5.166],[-37.155,-5.294],[-37.126,-5.293],[-37.139,-5.335],[-37.143,-5.374],[-37.168,-5.474],[-37.172,-5.49],[-37.294,-5.478],[-37.302,-5.463],[-37.298,-5.451],[-37.302,-5.443],[-37.294,-5.429],[-37.293,-5.417],[-37.297,-5.403],[-37.303,-5.397],[-37.297,-5.395],[-37.295,-5.391],[-37.391,-5.332],[-37.416,-5.317],[-37.434,-5.309],[-37.548,-5.285],[-37.583,-5.278],[-37.562,-5.22],[-37.526,-5.12],[-37.494,-5.032],[-37.494,-5.031],[-37.488,-5.017],[-37.497,-5.011],[-37.498,-4.996],[-37.491,-4.943],[-37.492,-4.924],[-37.474,-4.9],[-37.469,-4.899],[-37.467,-4.886],[-37.465,-4.885],[-37.446,-4.881]]]}},{"type":"Feature","properties":{"id":"2408102","nome":"Natal"},"geometry":{"type":"Polygon","coordinates":[[[-35.266,-5.703],[-35.244,-5.716],[-35.237,-5.714],[-35.233,-5.718],[-35.21,-5.737],[-35.204,-5.74],[-35.203,-5.757],[-35.196,-5.759],[-35.193,-5.781],[-35.186,-5.793],[-35.183,-5.792],[-35.181,-5.801],[-35.18,-5.868],[-35.171,-5.882],[-35.167,-5.884],[-35.161,-5.88],[-35.154,-5.883],[-35.155,-5.898],[-35.176,-5.899],[-35.217,-5.868],[-35.225,-5.881],[-35.243,-5.864],[-35.254,-5.865],[-35.264,-5.856],[-35.282,-5.849],[-35.283,-5.829],[-35.28,-5.819],[-35.258,-5.808],[-35.253,-5.799],[-35.248,-5.782],[-35.253,-5.775],[-35.287,-5.763],[-35.29,-5.731],[-35.277,-5.722],[-35.266,-5.703]]]}},{"type":"Feature","properties":{"id":"2408201","nome":"N\u00edsia Floresta"},"geometry":{"type":"Polygon","coordinates":[[[-35.175,-5.947],[-35.16,-5.954],[-35.123,-5.984],[-35.122,-5.983],[-35.114,-5.988],[-35.114,-5.994],[-35.107,-6.006],[-35.111,-6.041],[-35.107,-6.054],[-35.097,-6.057],[-35.101,-6.075],[-35.1,-6.084],[-35.099,-6.139],[-35.107,-6.135],[-35.111,-6.134],[-35.127,-6.146],[-35.131,-6.136],[-35.138,-6.142],[-35.145,-6.136],[-35.162,-6.136],[-35.157,-6.148],[-35.16,-6.154],[-35.175,-6.165],[-35.196,-6.163],[-35.213,-6.174],[-35.22,-6.17],[-35.226,-6.162],[-35.229,-6.122],[-35.233,-6.115],[-35.234,-6.101],[-35.226,-6.106],[-35.228,-6.084],[-35.228,-6.075],[-35.237,-6.068],[-35.236,-6.054],[-35.229,-6.019],[-35.232,-5.997],[-35.232,-5.996],[-35.229,-5.986],[-35.233,-5.955],[-35.237,-5.951],[-35.246,-5.954],[-35.212,-5.934],[-35.204,-5.933],[-35.182,-5.937],[-35.175,-5.947]]]}},{"type":"Feature","properties":{"id":"2408300","nome":"Nova Cruz"},"geometry":{"type":"Polygon","coordinates":[[[-35.373,-6.405],[-35.354,-6.408],[-35.342,-6.405],[-35.337,-6.396],[-35.323,-6.397],[-35.309,-6.403],[-35.311,-6.41],[-35.3,-6.418],[-35.312,-6.436],[-35.314,-6.449],[-35.319,-6.465],[-35.328,-6.495],[-35.341,-6.538],[-35.364,-6.512],[-35.379,-6.503],[-35.4,-6.491],[-35.407,-6.489],[-35.424,-6.488],[-35.442,-6.486],[-35.441,-6.482],[-35.442,-6.479],[-35.446,-6.486],[-35.46,-6.476],[-35.464,-6.482],[-35.479,-6.486],[-35.492,-6.48],[-35.495,-6.483],[-35.501,-6.477],[-35.514,-6.478],[-35.526,-6.476],[-35.527,-6.479],[-35.526,-6.471],[-35.538,-6.467],[-35.551,-6.469],[-35.575,-6.46],[-35.558,-6.43],[-35.558,-6.422],[-35.551,-6.423],[-35.544,-6.417],[-35.533,-6.413],[-35.517,-6.406],[-35.481,-6.406],[-35.449,-6.413],[-35.448,-6.414],[-35.447,-6.405],[-35.409,-6.381],[-35.386,-6.39],[-35.373,-6.405]]]}},{"type":"Feature","properties":{"id":"2408409","nome":"Olho-d'\u00c1gua do Borges"},"geometry":{"type":"Polygon","coordinates":[[[-37.674,-6.017],[-37.672,-6.048],[-37.7,-6.05],[-37.706,-6.048],[-37.721,-6.041],[-37.727,-6.032],[-37.731,-6.035],[-37.735,-6.033],[-37.734,-6.026],[-37.741,-6.021],[-37.74,-6.013],[-37.748,-6.008],[-37.772,-6.001],[-37.773,-5.998],[-37.766,-5.992],[-37.769,-5.983],[-37.772,-5.968],[-37.769,-5.965],[-37.774,-5.96],[-37.734,-5.912],[-37.733,-5.911],[-37.648,-5.941],[-37.657,-5.992],[-37.674,-6.017]]]}},{"type":"Feature","properties":{"id":"2408508","nome":"Ouro Branco"},"geometry":{"type":"Polygon","coordinates":[[[-36.893,-6.614],[-36.892,-6.623],[-36.883,-6.622],[-36.87,-6.63],[-36.87,-6.648],[-36.866,-6.655],[-36.858,-6.648],[-36.852,-6.649],[-36.816,-6.679],[-36.817,-6.681],[-36.842,-6.674],[-36.85,-6.689],[-36.841,-6.698],[-36.838,-6.706],[-36.841,-6.717],[-36.835,-6.731],[-36.874,-6.743],[-36.91,-6.757],[-36.931,-6.768],[-36.957,-6.79],[-36.959,-6.783],[-36.952,-6.775],[-36.964,-6.774],[-36.972,-6.765],[-36.971,-6.74],[-36.977,-6.721],[-36.99,-6.709],[-37.003,-6.709],[-36.99,-6.673],[-36.979,-6.641],[-36.98,-6.617],[-36.937,-6.577],[-36.931,-6.577],[-36.926,-6.587],[-36.919,-6.589],[-36.918,-6.6],[-36.904,-6.608],[-36.902,-6.614],[-36.893,-6.614]]]}},{"type":"Feature","properties":{"id":"2408607","nome":"Paran\u00e1"},"geometry":{"type":"Polygon","coordinates":[[[-38.251,-6.434],[-38.235,-6.47],[-38.229,-6.483],[-38.239,-6.48],[-38.253,-6.485],[-38.256,-6.483],[-38.261,-6.485],[-38.269,-6.494],[-38.288,-6.505],[-38.294,-6.489],[-38.297,-6.487],[-38.309,-6.489],[-38.312,-6.488],[-38.316,-6.482],[-38.318,-6.473],[-38.328,-6.46],[-38.332,-6.458],[-38.339,-6.46],[-38.343,-6.456],[-38.347,-6.448],[-38.306,-6.426],[-38.299,-6.418],[-38.297,-6.406],[-38.289,-6.398],[-38.286,-6.391],[-38.271,-6.398],[-38.271,-6.402],[-38.257,-6.407],[-38.252,-6.418],[-38.251,-6.434]]]}},{"type":"Feature","properties":{"id":"2408706","nome":"Para\u00fa"},"geometry":{"type":"Polygon","coordinates":[[[-37.104,-5.656],[-37.062,-5.732],[-37.054,-5.745],[-37.05,-5.747],[-37.021,-5.755],[-36.994,-5.771],[-37.035,-5.891],[-37.101,-5.872],[-37.13,-5.873],[-37.148,-5.866],[-37.195,-5.823],[-37.179,-5.819],[-37.225,-5.789],[-37.22,-5.717],[-37.203,-5.725],[-37.195,-5.718],[-37.185,-5.716],[-37.176,-5.723],[-37.169,-5.712],[-37.163,-5.713],[-37.145,-5.69],[-37.128,-5.676],[-37.12,-5.667],[-37.106,-5.662],[-37.104,-5.656]]]}},{"type":"Feature","properties":{"id":"2408805","nome":"Parazinho"},"geometry":{"type":"Polygon","coordinates":[[[-35.978,-5.341],[-35.978,-5.344],[-35.985,-5.344],[-35.989,-5.347],[-36.002,-5.384],[-36.012,-5.399],[-36.054,-5.346],[-36.077,-5.276],[-36.002,-5.256],[-35.952,-5.237],[-35.832,-5.21],[-35.832,-5.212],[-35.838,-5.229],[-35.838,-5.23],[-35.832,-5.306],[-35.875,-5.314],[-35.975,-5.332],[-35.978,-5.341]]]}},{"type":"Feature","properties":{"id":"2408904","nome":"Parelhas"},"geometry":{"type":"Polygon","coordinates":[[[-36.636,-6.592],[-36.624,-6.592],[-36.612,-6.585],[-36.587,-6.584],[-36.575,-6.598],[-36.566,-6.6],[-36.562,-6.597],[-36.556,-6.603],[-36.55,-6.608],[-36.532,-6.607],[-36.52,-6.61],[-36.541,-6.666],[-36.547,-6.695],[-36.557,-6.706],[-36.559,-6.709],[-36.544,-6.731],[-36.533,-6.733],[-36.525,-6.736],[-36.52,-6.745],[-36.504,-6.754],[-36.501,-6.777],[-36.505,-6.808],[-36.51,-6.818],[-36.529,-6.825],[-36.543,-6.842],[-36.56,-6.84],[-36.568,-6.835],[-36.572,-6.825],[-36.569,-6.82],[-36.575,-6.806],[-36.585,-6.806],[-36.601,-6.805],[-36.611,-6.799],[-36.617,-6.8],[-36.625,-6.805],[-36.636,-6.818],[-36.651,-6.817],[-36.66,-6.826],[-36.67,-6.824],[-36.672,-6.818],[-36.676,-6.817],[-36.695,-6.833],[-36.702,-6.83],[-36.713,-6.816],[-36.726,-6.816],[-36.731,-6.802],[-36.731,-6.792],[-36.705,-6.744],[-36.711,-6.735],[-36.701,-6.706],[-36.71,-6.709],[-36.717,-6.703],[-36.707,-6.695],[-36.711,-6.692],[-36.706,-6.68],[-36.716,-6.666],[-36.734,-6.661],[-36.727,-6.658],[-36.722,-6.647],[-36.722,-6.646],[-36.697,-6.619],[-36.69,-6.617],[-36.669,-6.61],[-36.677,-6.579],[-36.647,-6.585],[-36.636,-6.592]]]}},{"type":"Feature","properties":{"id":"2408953","nome":"Rio do Fogo"},"geometry":{"type":"Polygon","coordinates":[[[-35.374,-5.416],[-35.387,-5.452],[-35.401,-5.437],[-35.413,-5.436],[-35.438,-5.446],[-35.45,-5.444],[-35.481,-5.453],[-35.442,-5.378],[-35.418,-5.332],[-35.385,-5.27],[-35.384,-5.268],[-35.383,-5.269],[-35.38,-5.274],[-35.369,-5.293],[-35.359,-5.344],[-35.354,-5.358],[-35.339,-5.376],[-35.326,-5.381],[-35.362,-5.413],[-35.374,-5.416]]]}},{"type":"Feature","properties":{"id":"2409100","nome":"Passa e Fica"},"geometry":{"type":"Polygon","coordinates":[[[-35.558,-6.43],[-35.575,-6.46],[-35.551,-6.469],[-35.538,-6.467],[-35.526,-6.471],[-35.527,-6.479],[-35.533,-6.483],[-35.538,-6.48],[-35.54,-6.483],[-35.546,-6.481],[-35.552,-6.49],[-35.558,-6.492],[-35.564,-6.491],[-35.564,-6.487],[-35.581,-6.485],[-35.591,-6.477],[-35.592,-6.471],[-35.6,-6.46],[-35.617,-6.462],[-35.62,-6.457],[-35.636,-6.454],[-35.657,-6.445],[-35.663,-6.446],[-35.67,-6.431],[-35.665,-6.424],[-35.671,-6.415],[-35.648,-6.42],[-35.633,-6.423],[-35.63,-6.424],[-35.599,-6.428],[-35.558,-6.43]]]}},{"type":"Feature","properties":{"id":"2409209","nome":"Passagem"},"geometry":{"type":"Polygon","coordinates":[[[-35.369,-6.277],[-35.388,-6.322],[-35.425,-6.319],[-35.425,-6.28],[-35.421,-6.273],[-35.405,-6.263],[-35.401,-6.245],[-35.395,-6.246],[-35.358,-6.249],[-35.369,-6.277]]]}},{"type":"Feature","properties":{"id":"2409308","nome":"Patu"},"geometry":{"type":"Polygon","coordinates":[[[-37.536,-6.152],[-37.54,-6.166],[-37.56,-6.164],[-37.569,-6.155],[-37.573,-6.158],[-37.585,-6.162],[-37.6,-6.174],[-37.616,-6.176],[-37.638,-6.179],[-37.646,-6.189],[-37.68,-6.189],[-37.698,-6.186],[-37.709,-6.177],[-37.687,-6.109],[-37.674,-6.067],[-37.672,-6.048],[-37.674,-6.017],[-37.657,-5.992],[-37.648,-5.941],[-37.593,-5.982],[-37.557,-6.016],[-37.577,-6.034],[-37.522,-6.151],[-37.536,-6.152]]]}},{"type":"Feature","properties":{"id":"2409332","nome":"Santa Maria"},"geometry":{"type":"Polygon","coordinates":[[[-35.638,-5.79],[-35.662,-5.796],[-35.668,-5.794],[-35.67,-5.803],[-35.683,-5.869],[-35.691,-5.87],[-35.704,-5.864],[-35.704,-5.861],[-35.717,-5.86],[-35.721,-5.868],[-35.736,-5.869],[-35.742,-5.872],[-35.75,-5.87],[-35.752,-5.867],[-35.763,-5.861],[-35.773,-5.863],[-35.796,-5.853],[-35.779,-5.815],[-35.777,-5.716],[-35.756,-5.716],[-35.656,-5.718],[-35.643,-5.771],[-35.638,-5.79]]]}},{"type":"Feature","properties":{"id":"2409407","nome":"Pau dos Ferros"},"geometry":{"type":"Polygon","coordinates":[[[-38.043,-6.126],[-38.041,-6.169],[-38.055,-6.161],[-38.057,-6.195],[-38.081,-6.191],[-38.129,-6.175],[-38.15,-6.185],[-38.169,-6.194],[-38.161,-6.186],[-38.164,-6.179],[-38.173,-6.17],[-38.194,-6.16],[-38.207,-6.155],[-38.239,-6.163],[-38.249,-6.163],[-38.249,-6.136],[-38.264,-6.116],[-38.266,-6.112],[-38.262,-6.102],[-38.261,-6.074],[-38.275,-6.065],[-38.274,-6.063],[-38.27,-6.062],[-38.265,-6.054],[-38.259,-6.053],[-38.26,-6.049],[-38.252,-6.043],[-38.252,-6.01],[-38.215,-6.024],[-38.196,-6.04],[-38.189,-6.046],[-38.168,-6.068],[-38.147,-6.096],[-38.103,-6.113],[-38.065,-6.118],[-38.043,-6.126]]]}},{"type":"Feature","properties":{"id":"2409506","nome":"Pedra Grande"},"geometry":{"type":"Polygon","coordinates":[[[-35.852,-5.068],[-35.829,-5.075],[-35.802,-5.073],[-35.79,-5.077],[-35.805,-5.124],[-35.828,-5.199],[-35.832,-5.21],[-35.952,-5.237],[-35.914,-5.082],[-35.908,-5.059],[-35.882,-5.067],[-35.852,-5.068]]]}},{"type":"Feature","properties":{"id":"2409605","nome":"Pedra Preta"},"geometry":{"type":"Polygon","coordinates":[[[-36.056,-5.638],[-36.062,-5.655],[-36.112,-5.615],[-36.138,-5.595],[-36.143,-5.591],[-36.143,-5.567],[-36.172,-5.544],[-36.141,-5.5],[-36.128,-5.456],[-36.063,-5.405],[-36.028,-5.444],[-35.992,-5.463],[-36.056,-5.638]]]}},{"type":"Feature","properties":{"id":"2409704","nome":"Pedro Avelino"},"geometry":{"type":"Polygon","coordinates":[[[-36.229,-5.6],[-36.262,-5.679],[-36.269,-5.68],[-36.303,-5.652],[-36.47,-5.598],[-36.467,-5.579],[-36.455,-5.486],[-36.44,-5.369],[-36.414,-5.337],[-36.381,-5.314],[-36.38,-5.271],[-36.368,-5.25],[-36.276,-5.289],[-36.241,-5.384],[-36.223,-5.433],[-36.181,-5.476],[-36.195,-5.515],[-36.197,-5.52],[-36.229,-5.6]]]}},{"type":"Feature","properties":{"id":"2409803","nome":"Pedro Velho"},"geometry":{"type":"Polygon","coordinates":[[[-35.229,-6.42],[-35.208,-6.419],[-35.192,-6.415],[-35.184,-6.416],[-35.18,-6.432],[-35.174,-6.433],[-35.171,-6.43],[-35.172,-6.446],[-35.15,-6.519],[-35.146,-6.532],[-35.145,-6.552],[-35.157,-6.551],[-35.17,-6.558],[-35.194,-6.55],[-35.199,-6.55],[-35.207,-6.543],[-35.218,-6.518],[-35.223,-6.516],[-35.224,-6.521],[-35.261,-6.492],[-35.275,-6.481],[-35.277,-6.459],[-35.278,-6.449],[-35.288,-6.448],[-35.294,-6.45],[-35.304,-6.446],[-35.314,-6.449],[-35.312,-6.436],[-35.3,-6.418],[-35.311,-6.41],[-35.309,-6.403],[-35.291,-6.387],[-35.273,-6.37],[-35.271,-6.372],[-35.256,-6.39],[-35.241,-6.395],[-35.231,-6.403],[-35.229,-6.42]]]}},{"type":"Feature","properties":{"id":"2409902","nome":"Pend\u00eancias"},"geometry":{"type":"Polygon","coordinates":[[[-36.729,-5.175],[-36.579,-5.215],[-36.575,-5.214],[-36.572,-5.219],[-36.568,-5.217],[-36.557,-5.22],[-36.559,-5.227],[-36.549,-5.233],[-36.542,-5.243],[-36.545,-5.254],[-36.535,-5.264],[-36.54,-5.276],[-36.538,-5.281],[-36.542,-5.301],[-36.514,-5.301],[-36.515,-5.402],[-36.537,-5.412],[-36.555,-5.395],[-36.664,-5.372],[-36.754,-5.272],[-36.75,-5.268],[-36.728,-5.262],[-36.724,-5.26],[-36.721,-5.251],[-36.726,-5.236],[-36.724,-5.226],[-36.715,-5.214],[-36.716,-5.208],[-36.724,-5.199],[-36.722,-5.192],[-36.729,-5.175]]]}},{"type":"Feature","properties":{"id":"2410009","nome":"Pil\u00f5es"},"geometry":{"type":"Polygon","coordinates":[[[-37.966,-6.272],[-37.984,-6.31],[-38.019,-6.318],[-38.028,-6.32],[-38.043,-6.32],[-38.043,-6.312],[-38.055,-6.311],[-38.063,-6.314],[-38.089,-6.317],[-38.089,-6.333],[-38.099,-6.33],[-38.097,-6.314],[-38.063,-6.253],[-37.974,-6.255],[-37.963,-6.256],[-37.966,-6.272]]]}},{"type":"Feature","properties":{"id":"2410108","nome":"Po\u00e7o Branco"},"geometry":{"type":"Polygon","coordinates":[[[-35.642,-5.625],[-35.641,-5.633],[-35.631,-5.714],[-35.632,-5.714],[-35.697,-5.665],[-35.707,-5.64],[-35.711,-5.635],[-35.726,-5.631],[-35.737,-5.635],[-35.742,-5.634],[-35.747,-5.629],[-35.746,-5.619],[-35.746,-5.582],[-35.746,-5.558],[-35.745,-5.519],[-35.745,-5.458],[-35.735,-5.457],[-35.713,-5.463],[-35.683,-5.463],[-35.675,-5.467],[-35.658,-5.478],[-35.645,-5.479],[-35.625,-5.492],[-35.668,-5.496],[-35.658,-5.586],[-35.645,-5.611],[-35.642,-5.625]]]}},{"type":"Feature","properties":{"id":"2410207","nome":"Portalegre"},"geometry":{"type":"Polygon","coordinates":[[[-38.007,-5.964],[-38.006,-5.971],[-37.995,-5.971],[-37.993,-5.978],[-37.985,-5.975],[-37.982,-5.968],[-37.973,-5.982],[-37.978,-5.986],[-37.977,-5.994],[-37.988,-6.006],[-37.991,-6.015],[-37.975,-6.017],[-37.965,-6.009],[-37.954,-6.029],[-37.962,-6.051],[-37.981,-6.075],[-38.001,-6.09],[-38.008,-6.096],[-38.01,-6.088],[-38.025,-6.083],[-38.033,-6.06],[-38.035,-6.06],[-38.045,-6.067],[-38.05,-6.067],[-38.059,-6.071],[-38.061,-6.075],[-38.068,-6.076],[-38.07,-6.066],[-38.061,-6.061],[-38.054,-6.044],[-38.076,-6.042],[-38.076,-6.035],[-38.08,-6.04],[-38.078,-6.051],[-38.082,-6.049],[-38.085,-6.038],[-38.081,-6.034],[-38.074,-6.033],[-38.071,-6.028],[-38.086,-6.015],[-38.078,-6.014],[-38.067,-6.008],[-38.064,-5.997],[-38.059,-5.997],[-38.06,-6.006],[-38.053,-6.004],[-38.043,-6.008],[-38.041,-6.002],[-38.038,-6.003],[-38.035,-6.003],[-38.036,-5.997],[-38.027,-5.995],[-38.026,-5.991],[-38.022,-5.987],[-38.016,-5.975],[-38.014,-5.982],[-38.007,-5.98],[-38.002,-5.983],[-38.013,-5.964],[-38.007,-5.964]]]}},{"type":"Feature","properties":{"id":"2410256","nome":"Porto do Mangue"},"geometry":{"type":"Polygon","coordinates":[[[-36.735,-5.064],[-36.723,-5.075],[-36.712,-5.073],[-36.717,-5.082],[-36.744,-5.089],[-36.751,-5.095],[-36.75,-5.1],[-36.74,-5.106],[-36.72,-5.108],[-36.716,-5.114],[-36.719,-5.119],[-36.726,-5.115],[-36.73,-5.118],[-36.73,-5.133],[-36.721,-5.135],[-36.727,-5.153],[-36.735,-5.148],[-36.741,-5.15],[-36.744,-5.141],[-36.749,-5.144],[-36.748,-5.152],[-36.765,-5.155],[-36.769,-5.169],[-36.774,-5.173],[-36.791,-5.168],[-36.798,-5.16],[-36.814,-5.156],[-36.829,-5.148],[-36.898,-5.133],[-36.929,-5.135],[-36.929,-5.131],[-36.972,-5.131],[-36.972,-5.103],[-36.954,-5.076],[-36.911,-5.076],[-36.912,-5.016],[-36.881,-5.011],[-36.863,-4.993],[-36.859,-4.977],[-36.855,-4.972],[-36.818,-5.019],[-36.799,-5.038],[-36.75,-5.059],[-36.732,-5.059],[-36.735,-5.064]]]}},{"type":"Feature","properties":{"id":"2410306","nome":"Presidente Juscelino"},"geometry":{"type":"Polygon","coordinates":[[[-35.721,-6.074],[-35.71,-6.076],[-35.7,-6.071],[-35.687,-6.073],[-35.686,-6.073],[-35.673,-6.08],[-35.671,-6.088],[-35.664,-6.093],[-35.663,-6.093],[-35.662,-6.093],[-35.661,-6.093],[-35.66,-6.093],[-35.659,-6.093],[-35.658,-6.093],[-35.657,-6.094],[-35.656,-6.094],[-35.655,-6.095],[-35.654,-6.095],[-35.653,-6.096],[-35.653,-6.097],[-35.652,-6.098],[-35.651,-6.098],[-35.651,-6.099],[-35.65,-6.1],[-35.65,-6.101],[-35.65,-6.102],[-35.65,-6.103],[-35.64,-6.108],[-35.613,-6.101],[-35.61,-6.095],[-35.602,-6.091],[-35.589,-6.096],[-35.605,-6.107],[-35.646,-6.134],[-35.664,-6.145],[-35.687,-6.16],[-35.704,-6.166],[-35.717,-6.171],[-35.731,-6.142],[-35.732,-6.141],[-35.811,-6.118],[-35.822,-6.073],[-35.799,-6.043],[-35.783,-6.04],[-35.753,-6.061],[-35.746,-6.062],[-35.747,-6.065],[-35.721,-6.074]]]}},{"type":"Feature","properties":{"id":"2410405","nome":"Pureza"},"geometry":{"type":"Polygon","coordinates":[[[-35.58,-5.3],[-35.534,-5.338],[-35.508,-5.334],[-35.5,-5.337],[-35.491,-5.331],[-35.482,-5.332],[-35.475,-5.327],[-35.457,-5.324],[-35.455,-5.32],[-35.445,-5.316],[-35.437,-5.328],[-35.427,-5.328],[-35.418,-5.332],[-35.442,-5.378],[-35.481,-5.453],[-35.501,-5.492],[-35.529,-5.51],[-35.535,-5.512],[-35.543,-5.51],[-35.55,-5.5],[-35.556,-5.497],[-35.568,-5.494],[-35.577,-5.499],[-35.584,-5.495],[-35.59,-5.488],[-35.598,-5.487],[-35.608,-5.492],[-35.625,-5.492],[-35.645,-5.479],[-35.658,-5.478],[-35.675,-5.467],[-35.683,-5.463],[-35.713,-5.463],[-35.735,-5.457],[-35.745,-5.458],[-35.751,-5.459],[-35.764,-5.451],[-35.72,-5.391],[-35.704,-5.379],[-35.635,-5.331],[-35.586,-5.31],[-35.58,-5.3]]]}},{"type":"Feature","properties":{"id":"2410504","nome":"Rafael Fernandes"},"geometry":{"type":"Polygon","coordinates":[[[-38.194,-6.16],[-38.173,-6.17],[-38.164,-6.179],[-38.161,-6.186],[-38.169,-6.194],[-38.183,-6.204],[-38.193,-6.22],[-38.231,-6.239],[-38.249,-6.249],[-38.249,-6.247],[-38.256,-6.241],[-38.261,-6.228],[-38.272,-6.222],[-38.265,-6.209],[-38.271,-6.197],[-38.266,-6.184],[-38.269,-6.182],[-38.277,-6.181],[-38.249,-6.163],[-38.239,-6.163],[-38.207,-6.155],[-38.194,-6.16]]]}},{"type":"Feature","properties":{"id":"2410603","nome":"Rafael Godeiro"},"geometry":{"type":"Polygon","coordinates":[[[-37.735,-6.033],[-37.731,-6.035],[-37.727,-6.032],[-37.721,-6.041],[-37.706,-6.048],[-37.7,-6.05],[-37.672,-6.048],[-37.674,-6.067],[-37.687,-6.109],[-37.703,-6.128],[-37.711,-6.13],[-37.742,-6.121],[-37.75,-6.101],[-37.755,-6.095],[-37.762,-6.092],[-37.757,-6.088],[-37.773,-6.067],[-37.777,-6.067],[-37.784,-6.041],[-37.776,-6.019],[-37.779,-6.014],[-37.772,-6.006],[-37.772,-6.001],[-37.748,-6.008],[-37.74,-6.013],[-37.741,-6.021],[-37.734,-6.026],[-37.735,-6.033]]]}},{"type":"Feature","properties":{"id":"2410702","nome":"Riacho da Cruz"},"geometry":{"type":"Polygon","coordinates":[[[-37.9,-5.931],[-37.896,-5.941],[-37.901,-5.944],[-37.921,-5.959],[-37.97,-5.956],[-37.974,-5.961],[-37.982,-5.962],[-37.982,-5.968],[-37.985,-5.975],[-37.993,-5.978],[-37.995,-5.971],[-38.006,-5.971],[-38.007,-5.964],[-38.013,-5.964],[-38.002,-5.983],[-38.007,-5.98],[-38.014,-5.982],[-38.016,-5.975],[-38.022,-5.987],[-38.026,-5.991],[-38.045,-5.935],[-38.04,-5.934],[-38.034,-5.936],[-38.031,-5.931],[-38.03,-5.923],[-38.019,-5.922],[-38.009,-5.915],[-37.988,-5.891],[-37.986,-5.885],[-37.959,-5.872],[-37.951,-5.863],[-37.938,-5.857],[-37.917,-5.852],[-37.913,-5.885],[-37.917,-5.896],[-37.913,-5.899],[-37.913,-5.903],[-37.912,-5.913],[-37.897,-5.928],[-37.9,-5.931]]]}},{"type":"Feature","properties":{"id":"2410801","nome":"Riacho de Santana"},"geometry":{"type":"Polygon","coordinates":[[[-38.358,-6.217],[-38.301,-6.241],[-38.299,-6.237],[-38.294,-6.239],[-38.29,-6.236],[-38.282,-6.24],[-38.272,-6.222],[-38.261,-6.228],[-38.256,-6.241],[-38.249,-6.247],[-38.249,-6.249],[-38.249,-6.262],[-38.258,-6.275],[-38.248,-6.288],[-38.247,-6.289],[-38.251,-6.289],[-38.256,-6.281],[-38.261,-6.28],[-38.271,-6.284],[-38.297,-6.278],[-38.301,-6.282],[-38.307,-6.281],[-38.309,-6.29],[-38.316,-6.289],[-38.323,-6.297],[-38.332,-6.304],[-38.331,-6.328],[-38.353,-6.334],[-38.394,-6.345],[-38.396,-6.318],[-38.408,-6.293],[-38.399,-6.284],[-38.403,-6.279],[-38.402,-6.276],[-38.392,-6.274],[-38.379,-6.262],[-38.381,-6.257],[-38.372,-6.248],[-38.358,-6.217]]]}},{"type":"Feature","properties":{"id":"2410900","nome":"Riachuelo"},"geometry":{"type":"Polygon","coordinates":[[[-35.833,-5.909],[-35.849,-5.915],[-35.85,-5.915],[-35.851,-5.913],[-35.925,-5.8],[-35.938,-5.794],[-35.924,-5.765],[-35.926,-5.753],[-35.932,-5.752],[-35.937,-5.744],[-35.939,-5.733],[-35.883,-5.727],[-35.825,-5.721],[-35.785,-5.717],[-35.777,-5.716],[-35.779,-5.815],[-35.796,-5.853],[-35.833,-5.909]]]}},{"type":"Feature","properties":{"id":"2411007","nome":"Rodolfo Fernandes"},"geometry":{"type":"Polygon","coordinates":[[[-38.098,-5.92],[-38.114,-5.941],[-38.121,-5.945],[-38.121,-5.941],[-38.137,-5.936],[-38.143,-5.94],[-38.163,-5.939],[-38.165,-5.932],[-38.16,-5.925],[-38.159,-5.924],[-38.146,-5.916],[-38.142,-5.901],[-38.125,-5.887],[-38.116,-5.848],[-38.119,-5.832],[-38.111,-5.818],[-38.076,-5.781],[-38.058,-5.754],[-38.055,-5.761],[-38.046,-5.782],[-38.014,-5.854],[-38.004,-5.856],[-38.042,-5.887],[-38.06,-5.903],[-38.098,-5.92]]]}},{"type":"Feature","properties":{"id":"2411056","nome":"Tibau"},"geometry":{"type":"Polygon","coordinates":[[[-37.262,-4.903],[-37.269,-4.911],[-37.27,-4.945],[-37.287,-4.941],[-37.308,-4.945],[-37.314,-4.942],[-37.327,-4.943],[-37.345,-4.935],[-37.361,-4.917],[-37.365,-4.907],[-37.393,-4.911],[-37.411,-4.908],[-37.427,-4.911],[-37.446,-4.881],[-37.357,-4.858],[-37.253,-4.831],[-37.245,-4.843],[-37.221,-4.881],[-37.233,-4.888],[-37.234,-4.893],[-37.262,-4.903]]]}},{"type":"Feature","properties":{"id":"2411106","nome":"Ruy Barbosa"},"geometry":{"type":"Polygon","coordinates":[[[-35.945,-5.812],[-35.941,-5.814],[-35.933,-5.808],[-35.925,-5.807],[-35.925,-5.8],[-35.851,-5.913],[-35.861,-5.911],[-35.872,-5.901],[-35.874,-5.905],[-35.887,-5.909],[-35.893,-5.906],[-35.891,-5.902],[-35.894,-5.903],[-35.895,-5.899],[-35.899,-5.9],[-35.902,-5.896],[-35.913,-5.902],[-35.911,-5.894],[-35.916,-5.893],[-35.916,-5.896],[-35.922,-5.898],[-35.919,-5.908],[-35.966,-5.901],[-35.983,-5.877],[-36.014,-5.835],[-36.001,-5.816],[-35.993,-5.809],[-35.983,-5.805],[-35.975,-5.794],[-35.967,-5.8],[-35.96,-5.804],[-35.946,-5.805],[-35.945,-5.812]]]}},{"type":"Feature","properties":{"id":"2411205","nome":"Santa Cruz"},"geometry":{"type":"Polygon","coordinates":[[[-36.029,-6.069],[-36.005,-6.088],[-35.998,-6.086],[-35.986,-6.101],[-35.987,-6.107],[-35.983,-6.113],[-35.981,-6.124],[-35.987,-6.143],[-35.985,-6.146],[-35.961,-6.148],[-35.959,-6.155],[-35.967,-6.157],[-35.967,-6.171],[-35.949,-6.17],[-35.939,-6.165],[-35.93,-6.168],[-35.928,-6.164],[-35.918,-6.162],[-35.911,-6.189],[-35.894,-6.263],[-35.887,-6.293],[-35.88,-6.321],[-35.87,-6.362],[-35.893,-6.352],[-35.907,-6.352],[-35.912,-6.359],[-35.918,-6.361],[-35.927,-6.372],[-35.955,-6.383],[-35.965,-6.387],[-35.965,-6.471],[-36.015,-6.345],[-36.033,-6.299],[-36.042,-6.303],[-36.046,-6.3],[-36.046,-6.305],[-36.055,-6.309],[-36.068,-6.302],[-36.077,-6.303],[-36.124,-6.327],[-36.129,-6.323],[-36.139,-6.329],[-36.153,-6.299],[-36.148,-6.277],[-36.14,-6.241],[-36.133,-6.21],[-36.078,-6.196],[-36.076,-6.168],[-36.08,-6.116],[-36.08,-6.102],[-36.072,-6.1],[-36.062,-6.09],[-36.049,-6.085],[-36.04,-6.075],[-36.032,-6.069],[-36.029,-6.069]]]}},{"type":"Feature","properties":{"id":"2411403","nome":"Santana do Matos"},"geometry":{"type":"Polygon","coordinates":[[[-36.645,-5.748],[-36.644,-5.759],[-36.637,-5.755],[-36.63,-5.758],[-36.621,-5.756],[-36.568,-5.757],[-36.55,-5.769],[-36.525,-5.765],[-36.509,-5.756],[-36.433,-5.781],[-36.389,-5.795],[-36.356,-5.849],[-36.284,-5.859],[-36.32,-5.865],[-36.332,-5.894],[-36.334,-5.889],[-36.33,-5.877],[-36.333,-5.872],[-36.351,-5.87],[-36.368,-5.874],[-36.377,-5.866],[-36.383,-5.854],[-36.387,-5.852],[-36.401,-5.859],[-36.414,-5.858],[-36.426,-5.904],[-36.435,-5.91],[-36.475,-5.926],[-36.507,-5.958],[-36.528,-5.978],[-36.54,-5.989],[-36.547,-6.056],[-36.554,-6.058],[-36.587,-6.07],[-36.611,-6.079],[-36.612,-6.079],[-36.638,-6.089],[-36.653,-6.111],[-36.657,-6.1],[-36.666,-6.091],[-36.678,-6.098],[-36.684,-6.096],[-36.695,-6.105],[-36.71,-6.101],[-36.72,-6.095],[-36.727,-6.085],[-36.72,-6.072],[-36.725,-6.063],[-36.731,-6.063],[-36.753,-6.063],[-36.776,-6.061],[-36.778,-6.058],[-36.788,-6.039],[-36.793,-6.04],[-36.801,-6.05],[-36.821,-6.053],[-36.836,-6.052],[-36.835,-6.041],[-36.843,-6.04],[-36.855,-6.044],[-36.848,-6.036],[-36.854,-6.025],[-36.849,-6.01],[-36.857,-5.994],[-36.858,-5.984],[-36.861,-5.981],[-36.866,-5.982],[-36.868,-5.973],[-36.88,-5.977],[-36.881,-5.974],[-36.888,-5.973],[-36.892,-5.977],[-36.893,-5.975],[-36.878,-5.96],[-36.876,-5.963],[-36.835,-5.928],[-36.818,-5.913],[-36.793,-5.883],[-36.772,-5.858],[-36.772,-5.835],[-36.777,-5.826],[-36.774,-5.816],[-36.776,-5.803],[-36.77,-5.799],[-36.768,-5.793],[-36.776,-5.779],[-36.789,-5.755],[-36.776,-5.763],[-36.767,-5.763],[-36.761,-5.756],[-36.755,-5.759],[-36.741,-5.736],[-36.72,-5.714],[-36.702,-5.701],[-36.699,-5.695],[-36.688,-5.703],[-36.674,-5.706],[-36.662,-5.721],[-36.657,-5.742],[-36.645,-5.748]]]}},{"type":"Feature","properties":{"id":"2411429","nome":"Santana do Serid\u00f3"},"geometry":{"type":"Polygon","coordinates":[[[-36.716,-6.666],[-36.706,-6.68],[-36.711,-6.692],[-36.707,-6.695],[-36.717,-6.703],[-36.71,-6.709],[-36.701,-6.706],[-36.711,-6.735],[-36.705,-6.744],[-36.731,-6.792],[-36.731,-6.802],[-36.726,-6.816],[-36.73,-6.836],[-36.76,-6.838],[-36.769,-6.838],[-36.772,-6.787],[-36.789,-6.772],[-36.835,-6.731],[-36.841,-6.717],[-36.838,-6.706],[-36.841,-6.698],[-36.85,-6.689],[-36.842,-6.674],[-36.817,-6.681],[-36.816,-6.679],[-36.814,-6.682],[-36.788,-6.672],[-36.786,-6.668],[-36.766,-6.669],[-36.749,-6.659],[-36.744,-6.652],[-36.722,-6.646],[-36.722,-6.647],[-36.727,-6.658],[-36.734,-6.661],[-36.716,-6.666]]]}},{"type":"Feature","properties":{"id":"2411502","nome":"Santo Ant\u00f4nio"},"geometry":{"type":"Polygon","coordinates":[[[-35.425,-6.28],[-35.425,-6.319],[-35.388,-6.322],[-35.393,-6.329],[-35.4,-6.341],[-35.404,-6.36],[-35.409,-6.381],[-35.447,-6.405],[-35.448,-6.414],[-35.449,-6.413],[-35.481,-6.406],[-35.517,-6.406],[-35.533,-6.413],[-35.544,-6.417],[-35.555,-6.391],[-35.593,-6.386],[-35.598,-6.383],[-35.615,-6.351],[-35.627,-6.341],[-35.643,-6.325],[-35.64,-6.316],[-35.629,-6.307],[-35.621,-6.306],[-35.609,-6.315],[-35.601,-6.301],[-35.581,-6.302],[-35.575,-6.297],[-35.563,-6.296],[-35.556,-6.284],[-35.55,-6.288],[-35.529,-6.283],[-35.51,-6.289],[-35.503,-6.297],[-35.49,-6.289],[-35.469,-6.273],[-35.468,-6.23],[-35.436,-6.253],[-35.421,-6.273],[-35.425,-6.28]]]}},{"type":"Feature","properties":{"id":"2411601","nome":"S\u00e3o Bento do Norte"},"geometry":{"type":"Polygon","coordinates":[[[-35.949,-5.044],[-35.908,-5.059],[-35.914,-5.082],[-35.952,-5.237],[-36.002,-5.256],[-36.023,-5.247],[-36.037,-5.245],[-36.041,-5.239],[-36.058,-5.238],[-36.065,-5.234],[-36.061,-5.228],[-36.054,-5.202],[-36.053,-5.175],[-36.042,-5.108],[-36.042,-5.083],[-36.033,-5.073],[-36.038,-5.067],[-36.043,-5.067],[-36.044,-5.064],[-36.038,-5.053],[-36.036,-5.05],[-36.013,-5.049],[-36.0,-5.044],[-35.984,-5.046],[-35.98,-5.041],[-35.949,-5.044]]]}},{"type":"Feature","properties":{"id":"2411700","nome":"S\u00e3o Bento do Trair\u00ed"},"geometry":{"type":"Polygon","coordinates":[[[-36.033,-6.299],[-36.015,-6.345],[-35.965,-6.471],[-35.965,-6.484],[-35.972,-6.487],[-35.977,-6.489],[-36.005,-6.481],[-36.007,-6.474],[-36.012,-6.474],[-36.008,-6.465],[-36.013,-6.455],[-36.036,-6.444],[-36.051,-6.432],[-36.061,-6.41],[-36.067,-6.415],[-36.073,-6.414],[-36.072,-6.41],[-36.08,-6.405],[-36.086,-6.415],[-36.096,-6.42],[-36.112,-6.385],[-36.139,-6.329],[-36.129,-6.323],[-36.124,-6.327],[-36.077,-6.303],[-36.068,-6.302],[-36.055,-6.309],[-36.046,-6.305],[-36.046,-6.3],[-36.042,-6.303],[-36.033,-6.299]]]}},{"type":"Feature","properties":{"id":"2411809","nome":"S\u00e3o Fernando"},"geometry":{"type":"Polygon","coordinates":[[[-37.134,-6.202],[-37.131,-6.208],[-37.116,-6.206],[-37.116,-6.213],[-37.104,-6.215],[-37.096,-6.232],[-37.085,-6.235],[-37.081,-6.24],[-37.07,-6.237],[-37.063,-6.218],[-37.045,-6.224],[-37.048,-6.236],[-37.081,-6.292],[-37.075,-6.307],[-37.082,-6.359],[-37.075,-6.384],[-37.073,-6.403],[-37.085,-6.405],[-37.099,-6.413],[-37.102,-6.417],[-37.14,-6.428],[-37.14,-6.448],[-37.162,-6.444],[-37.18,-6.436],[-37.188,-6.439],[-37.22,-6.43],[-37.261,-6.404],[-37.219,-6.368],[-37.218,-6.331],[-37.218,-6.319],[-37.216,-6.245],[-37.221,-6.234],[-37.216,-6.227],[-37.207,-6.224],[-37.188,-6.209],[-37.175,-6.206],[-37.172,-6.201],[-37.163,-6.201],[-37.15,-6.185],[-37.14,-6.181],[-37.129,-6.192],[-37.134,-6.202]]]}},{"type":"Feature","properties":{"id":"2411908","nome":"S\u00e3o Francisco do Oeste"},"geometry":{"type":"Polygon","coordinates":[[[-38.137,-5.936],[-38.121,-5.941],[-38.121,-5.945],[-38.116,-5.949],[-38.118,-5.952],[-38.114,-5.959],[-38.118,-5.961],[-38.123,-5.959],[-38.13,-5.97],[-38.146,-5.972],[-38.148,-5.981],[-38.155,-5.986],[-38.16,-5.996],[-38.166,-6.002],[-38.163,-6.009],[-38.172,-6.014],[-38.177,-6.012],[-38.183,-6.015],[-38.183,-6.032],[-38.189,-6.036],[-38.192,-6.041],[-38.189,-6.046],[-38.196,-6.04],[-38.215,-6.024],[-38.252,-6.01],[-38.244,-5.999],[-38.23,-5.986],[-38.218,-5.977],[-38.206,-5.964],[-38.192,-5.959],[-38.183,-5.95],[-38.175,-5.953],[-38.164,-5.946],[-38.163,-5.939],[-38.143,-5.94],[-38.137,-5.936]]]}},{"type":"Feature","properties":{"id":"2412005","nome":"S\u00e3o Gon\u00e7alo do Amarante"},"geometry":{"type":"Polygon","coordinates":[[[-35.29,-5.731],[-35.287,-5.763],[-35.253,-5.775],[-35.248,-5.782],[-35.253,-5.799],[-35.258,-5.808],[-35.28,-5.819],[-35.283,-5.829],[-35.301,-5.839],[-35.307,-5.837],[-35.309,-5.833],[-35.353,-5.839],[-35.356,-5.839],[-35.373,-5.841],[-35.393,-5.844],[-35.398,-5.845],[-35.398,-5.849],[-35.461,-5.837],[-35.471,-5.834],[-35.464,-5.805],[-35.451,-5.75],[-35.449,-5.744],[-35.447,-5.733],[-35.432,-5.732],[-35.41,-5.737],[-35.382,-5.733],[-35.361,-5.728],[-35.346,-5.731],[-35.34,-5.738],[-35.321,-5.734],[-35.313,-5.738],[-35.287,-5.722],[-35.285,-5.71],[-35.281,-5.706],[-35.275,-5.7],[-35.266,-5.703],[-35.277,-5.722],[-35.29,-5.731]]]}},{"type":"Feature","properties":{"id":"2412104","nome":"S\u00e3o Jo\u00e3o do Sabugi"},"geometry":{"type":"Polygon","coordinates":[[[-37.131,-6.652],[-37.12,-6.66],[-37.112,-6.654],[-37.109,-6.656],[-37.109,-6.672],[-37.105,-6.674],[-37.103,-6.684],[-37.1,-6.683],[-37.083,-6.691],[-37.084,-6.699],[-37.066,-6.706],[-37.059,-6.72],[-37.044,-6.725],[-37.04,-6.732],[-37.035,-6.734],[-37.059,-6.749],[-37.075,-6.754],[-37.076,-6.746],[-37.082,-6.741],[-37.083,-6.735],[-37.095,-6.724],[-37.151,-6.736],[-37.174,-6.751],[-37.204,-6.761],[-37.238,-6.742],[-37.258,-6.739],[-37.264,-6.732],[-37.28,-6.724],[-37.29,-6.713],[-37.283,-6.694],[-37.298,-6.691],[-37.314,-6.689],[-37.311,-6.666],[-37.301,-6.652],[-37.251,-6.646],[-37.218,-6.619],[-37.18,-6.614],[-37.175,-6.614],[-37.171,-6.618],[-37.163,-6.619],[-37.159,-6.623],[-37.149,-6.626],[-37.131,-6.652]]]}},{"type":"Feature","properties":{"id":"2412203","nome":"S\u00e3o Jos\u00e9 de Mipibu"},"geometry":{"type":"Polygon","coordinates":[[[-35.233,-5.955],[-35.229,-5.986],[-35.232,-5.996],[-35.232,-5.997],[-35.229,-6.019],[-35.236,-6.054],[-35.237,-6.068],[-35.228,-6.075],[-35.228,-6.084],[-35.226,-6.106],[-35.234,-6.101],[-35.233,-6.115],[-35.229,-6.122],[-35.226,-6.162],[-35.22,-6.17],[-35.237,-6.164],[-35.25,-6.166],[-35.259,-6.17],[-35.289,-6.163],[-35.298,-6.161],[-35.285,-6.205],[-35.319,-6.191],[-35.339,-6.185],[-35.351,-6.182],[-35.352,-6.182],[-35.34,-6.164],[-35.342,-6.157],[-35.33,-6.143],[-35.326,-6.14],[-35.323,-6.122],[-35.322,-6.109],[-35.315,-6.106],[-35.305,-6.085],[-35.298,-6.072],[-35.298,-6.066],[-35.31,-6.061],[-35.319,-6.054],[-35.319,-6.049],[-35.323,-6.048],[-35.353,-6.049],[-35.36,-6.057],[-35.365,-6.055],[-35.369,-6.053],[-35.373,-6.04],[-35.369,-6.038],[-35.382,-6.021],[-35.382,-6.018],[-35.374,-6.013],[-35.37,-6.005],[-35.371,-5.988],[-35.373,-5.987],[-35.343,-5.973],[-35.331,-5.974],[-35.315,-5.967],[-35.305,-5.958],[-35.296,-5.958],[-35.281,-5.957],[-35.267,-5.961],[-35.25,-5.962],[-35.246,-5.954],[-35.237,-5.951],[-35.233,-5.955]]]}},{"type":"Feature","properties":{"id":"2412302","nome":"S\u00e3o Jos\u00e9 do Campestre"},"geometry":{"type":"Polygon","coordinates":[[[-35.74,-6.182],[-35.663,-6.199],[-35.66,-6.222],[-35.666,-6.239],[-35.664,-6.246],[-35.661,-6.267],[-35.643,-6.325],[-35.648,-6.326],[-35.65,-6.319],[-35.657,-6.318],[-35.666,-6.308],[-35.671,-6.314],[-35.67,-6.348],[-35.682,-6.352],[-35.683,-6.358],[-35.723,-6.388],[-35.764,-6.418],[-35.773,-6.407],[-35.791,-6.4],[-35.843,-6.377],[-35.858,-6.379],[-35.868,-6.384],[-35.87,-6.362],[-35.85,-6.362],[-35.841,-6.357],[-35.826,-6.342],[-35.827,-6.338],[-35.804,-6.319],[-35.796,-6.3],[-35.793,-6.284],[-35.799,-6.277],[-35.786,-6.268],[-35.784,-6.266],[-35.786,-6.252],[-35.783,-6.246],[-35.79,-6.229],[-35.783,-6.223],[-35.772,-6.221],[-35.766,-6.21],[-35.769,-6.2],[-35.768,-6.196],[-35.76,-6.201],[-35.756,-6.19],[-35.75,-6.189],[-35.74,-6.182]]]}},{"type":"Feature","properties":{"id":"2412401","nome":"S\u00e3o Jos\u00e9 do Serid\u00f3"},"geometry":{"type":"Polygon","coordinates":[[[-36.845,-6.434],[-36.849,-6.444],[-36.843,-6.437],[-36.828,-6.439],[-36.822,-6.436],[-36.813,-6.453],[-36.807,-6.455],[-36.803,-6.463],[-36.789,-6.468],[-36.773,-6.466],[-36.773,-6.473],[-36.773,-6.475],[-36.765,-6.508],[-36.761,-6.515],[-36.771,-6.517],[-36.78,-6.526],[-36.791,-6.521],[-36.795,-6.527],[-36.8,-6.528],[-36.81,-6.534],[-36.83,-6.537],[-36.878,-6.528],[-36.898,-6.518],[-36.905,-6.517],[-36.921,-6.524],[-36.939,-6.513],[-36.951,-6.522],[-36.962,-6.51],[-36.957,-6.491],[-36.874,-6.418],[-36.847,-6.43],[-36.845,-6.434]]]}},{"type":"Feature","properties":{"id":"2412500","nome":"S\u00e3o Miguel"},"geometry":{"type":"Polygon","coordinates":[[[-38.414,-6.176],[-38.408,-6.177],[-38.396,-6.173],[-38.388,-6.163],[-38.378,-6.17],[-38.374,-6.167],[-38.372,-6.159],[-38.361,-6.148],[-38.349,-6.123],[-38.353,-6.145],[-38.367,-6.163],[-38.365,-6.171],[-38.365,-6.173],[-38.418,-6.218],[-38.429,-6.235],[-38.448,-6.221],[-38.462,-6.231],[-38.466,-6.244],[-38.47,-6.252],[-38.481,-6.252],[-38.488,-6.283],[-38.481,-6.304],[-38.492,-6.295],[-38.541,-6.286],[-38.57,-6.293],[-38.571,-6.284],[-38.578,-6.28],[-38.563,-6.268],[-38.554,-6.263],[-38.545,-6.245],[-38.538,-6.246],[-38.529,-6.239],[-38.523,-6.228],[-38.519,-6.223],[-38.529,-6.213],[-38.526,-6.198],[-38.527,-6.193],[-38.512,-6.192],[-38.501,-6.191],[-38.5,-6.179],[-38.491,-6.17],[-38.473,-6.152],[-38.472,-6.148],[-38.476,-6.144],[-38.473,-6.136],[-38.457,-6.108],[-38.447,-6.126],[-38.441,-6.137],[-38.43,-6.157],[-38.424,-6.168],[-38.414,-6.168],[-38.414,-6.176]]]}},{"type":"Feature","properties":{"id":"2412559","nome":"S\u00e3o Miguel do Gostoso"},"geometry":{"type":"Polygon","coordinates":[[[-35.717,-5.097],[-35.708,-5.104],[-35.697,-5.102],[-35.645,-5.117],[-35.635,-5.121],[-35.627,-5.12],[-35.626,-5.125],[-35.635,-5.128],[-35.633,-5.132],[-35.645,-5.133],[-35.655,-5.164],[-35.66,-5.179],[-35.64,-5.196],[-35.629,-5.2],[-35.622,-5.211],[-35.641,-5.209],[-35.65,-5.214],[-35.673,-5.216],[-35.676,-5.223],[-35.685,-5.222],[-35.703,-5.258],[-35.708,-5.256],[-35.715,-5.291],[-35.75,-5.287],[-35.758,-5.291],[-35.78,-5.271],[-35.811,-5.258],[-35.809,-5.255],[-35.812,-5.249],[-35.824,-5.243],[-35.838,-5.229],[-35.832,-5.212],[-35.832,-5.21],[-35.828,-5.199],[-35.805,-5.124],[-35.79,-5.077],[-35.784,-5.075],[-35.757,-5.089],[-35.717,-5.097]]]}},{"type":"Feature","properties":{"id":"2412609","nome":"S\u00e3o Paulo do Potengi"},"geometry":{"type":"Polygon","coordinates":[[[-35.796,-5.853],[-35.773,-5.863],[-35.763,-5.861],[-35.752,-5.867],[-35.75,-5.87],[-35.742,-5.872],[-35.736,-5.869],[-35.721,-5.868],[-35.717,-5.86],[-35.704,-5.861],[-35.704,-5.864],[-35.691,-5.87],[-35.683,-5.869],[-35.686,-5.898],[-35.687,-5.919],[-35.674,-5.974],[-35.668,-5.983],[-35.709,-6.0],[-35.778,-6.015],[-35.834,-5.947],[-35.849,-5.915],[-35.833,-5.909],[-35.796,-5.853]]]}},{"type":"Feature","properties":{"id":"2412708","nome":"S\u00e3o Pedro"},"geometry":{"type":"Polygon","coordinates":[[[-35.638,-5.79],[-35.635,-5.803],[-35.623,-5.822],[-35.594,-5.867],[-35.529,-5.881],[-35.529,-5.882],[-35.57,-5.929],[-35.572,-5.932],[-35.601,-5.948],[-35.65,-5.976],[-35.668,-5.983],[-35.674,-5.974],[-35.687,-5.919],[-35.686,-5.898],[-35.683,-5.869],[-35.67,-5.803],[-35.668,-5.794],[-35.662,-5.796],[-35.638,-5.79]]]}},{"type":"Feature","properties":{"id":"2412807","nome":"S\u00e3o Rafael"},"geometry":{"type":"Polygon","coordinates":[[[-36.869,-5.719],[-36.861,-5.725],[-36.849,-5.724],[-36.837,-5.736],[-36.83,-5.738],[-36.823,-5.744],[-36.815,-5.744],[-36.803,-5.756],[-36.797,-5.756],[-36.789,-5.755],[-36.776,-5.779],[-36.768,-5.793],[-36.77,-5.799],[-36.776,-5.803],[-36.774,-5.816],[-36.777,-5.826],[-36.772,-5.835],[-36.772,-5.858],[-36.793,-5.883],[-36.818,-5.913],[-36.835,-5.928],[-36.876,-5.963],[-36.878,-5.96],[-36.893,-5.975],[-36.911,-5.973],[-36.914,-5.965],[-36.926,-5.971],[-36.936,-5.968],[-36.941,-5.958],[-36.939,-5.951],[-36.95,-5.935],[-36.95,-5.93],[-36.964,-5.924],[-36.973,-5.912],[-36.972,-5.904],[-36.959,-5.899],[-36.955,-5.884],[-36.937,-5.868],[-36.942,-5.858],[-36.953,-5.856],[-36.955,-5.855],[-36.966,-5.846],[-36.977,-5.813],[-36.98,-5.783],[-36.965,-5.773],[-36.961,-5.752],[-36.944,-5.742],[-36.893,-5.71],[-36.869,-5.719]]]}},{"type":"Feature","properties":{"id":"2412906","nome":"S\u00e3o Tom\u00e9"},"geometry":{"type":"Polygon","coordinates":[[[-36.067,-5.856],[-36.063,-5.858],[-36.027,-5.835],[-36.014,-5.835],[-35.983,-5.877],[-35.966,-5.901],[-35.963,-5.966],[-35.977,-5.979],[-35.978,-5.989],[-35.984,-5.998],[-35.979,-6.002],[-35.978,-6.016],[-35.988,-6.025],[-35.99,-6.033],[-36.005,-6.041],[-36.007,-6.047],[-36.032,-6.069],[-36.04,-6.075],[-36.049,-6.085],[-36.062,-6.09],[-36.072,-6.1],[-36.08,-6.102],[-36.086,-6.096],[-36.09,-6.099],[-36.107,-6.098],[-36.112,-6.102],[-36.117,-6.104],[-36.116,-6.093],[-36.122,-6.088],[-36.144,-6.098],[-36.153,-6.105],[-36.16,-6.105],[-36.164,-6.107],[-36.173,-6.119],[-36.181,-6.125],[-36.203,-6.13],[-36.224,-6.141],[-36.228,-6.156],[-36.226,-6.164],[-36.234,-6.164],[-36.257,-6.158],[-36.295,-6.122],[-36.302,-6.115],[-36.281,-6.044],[-36.255,-5.986],[-36.254,-5.986],[-36.224,-5.9],[-36.213,-5.873],[-36.196,-5.883],[-36.184,-5.856],[-36.178,-5.853],[-36.169,-5.856],[-36.156,-5.849],[-36.151,-5.858],[-36.142,-5.857],[-36.136,-5.864],[-36.129,-5.86],[-36.118,-5.859],[-36.112,-5.842],[-36.108,-5.837],[-36.101,-5.83],[-36.093,-5.833],[-36.089,-5.839],[-36.079,-5.84],[-36.065,-5.849],[-36.067,-5.856]]]}},{"type":"Feature","properties":{"id":"2413003","nome":"S\u00e3o Vicente"},"geometry":{"type":"Polygon","coordinates":[[[-36.596,-6.262],[-36.606,-6.278],[-36.608,-6.287],[-36.604,-6.29],[-36.615,-6.293],[-36.626,-6.285],[-36.63,-6.268],[-36.654,-6.272],[-36.662,-6.278],[-36.672,-6.275],[-36.675,-6.27],[-36.681,-6.269],[-36.689,-6.274],[-36.693,-6.272],[-36.698,-6.276],[-36.701,-6.274],[-36.709,-6.277],[-36.716,-6.301],[-36.739,-6.303],[-36.734,-6.291],[-36.735,-6.279],[-36.728,-6.266],[-36.717,-6.256],[-36.703,-6.22],[-36.702,-6.219],[-36.713,-6.205],[-36.716,-6.196],[-36.707,-6.188],[-36.705,-6.168],[-36.7,-6.163],[-36.701,-6.15],[-36.7,-6.145],[-36.683,-6.128],[-36.653,-6.111],[-36.638,-6.089],[-36.634,-6.102],[-36.627,-6.108],[-36.623,-6.119],[-36.622,-6.131],[-36.628,-6.155],[-36.618,-6.168],[-36.615,-6.174],[-36.619,-6.192],[-36.6,-6.214],[-36.601,-6.226],[-36.607,-6.229],[-36.598,-6.234],[-36.598,-6.241],[-36.591,-6.247],[-36.596,-6.262]]]}},{"type":"Feature","properties":{"id":"2413102","nome":"Senador El\u00f3i de Souza"},"geometry":{"type":"Polygon","coordinates":[[[-35.647,-6.016],[-35.57,-6.079],[-35.58,-6.088],[-35.589,-6.096],[-35.602,-6.091],[-35.61,-6.095],[-35.613,-6.101],[-35.64,-6.108],[-35.65,-6.103],[-35.65,-6.102],[-35.65,-6.101],[-35.65,-6.1],[-35.651,-6.099],[-35.651,-6.098],[-35.652,-6.098],[-35.653,-6.097],[-35.653,-6.096],[-35.654,-6.095],[-35.655,-6.095],[-35.656,-6.094],[-35.657,-6.094],[-35.658,-6.093],[-35.659,-6.093],[-35.66,-6.093],[-35.661,-6.093],[-35.662,-6.093],[-35.663,-6.093],[-35.664,-6.093],[-35.671,-6.088],[-35.673,-6.08],[-35.686,-6.073],[-35.687,-6.073],[-35.7,-6.071],[-35.71,-6.076],[-35.721,-6.074],[-35.747,-6.065],[-35.746,-6.062],[-35.753,-6.061],[-35.783,-6.04],[-35.799,-6.043],[-35.778,-6.015],[-35.709,-6.0],[-35.668,-5.983],[-35.65,-5.976],[-35.647,-6.016]]]}},{"type":"Feature","properties":{"id":"2413201","nome":"Senador Georgino Avelino"},"geometry":{"type":"Polygon","coordinates":[[[-35.145,-6.136],[-35.138,-6.142],[-35.131,-6.136],[-35.127,-6.146],[-35.111,-6.134],[-35.107,-6.135],[-35.099,-6.139],[-35.094,-6.181],[-35.091,-6.178],[-35.099,-6.188],[-35.11,-6.187],[-35.133,-6.171],[-35.146,-6.163],[-35.146,-6.155],[-35.157,-6.148],[-35.162,-6.136],[-35.145,-6.136]]]}},{"type":"Feature","properties":{"id":"2413300","nome":"Serra de S\u00e3o Bento"},"geometry":{"type":"Polygon","coordinates":[[[-35.663,-6.446],[-35.665,-6.45],[-35.671,-6.451],[-35.682,-6.448],[-35.698,-6.462],[-35.711,-6.471],[-35.722,-6.471],[-35.726,-6.469],[-35.741,-6.476],[-35.743,-6.473],[-35.75,-6.478],[-35.773,-6.482],[-35.776,-6.451],[-35.766,-6.443],[-35.766,-6.436],[-35.765,-6.421],[-35.764,-6.418],[-35.723,-6.388],[-35.683,-6.358],[-35.676,-6.379],[-35.681,-6.391],[-35.678,-6.4],[-35.671,-6.415],[-35.665,-6.424],[-35.67,-6.431],[-35.663,-6.446]]]}},{"type":"Feature","properties":{"id":"2413359","nome":"Serra do Mel"},"geometry":{"type":"Polygon","coordinates":[[[-36.912,-5.016],[-36.911,-5.076],[-36.954,-5.076],[-36.972,-5.103],[-36.972,-5.131],[-36.929,-5.131],[-36.929,-5.135],[-36.928,-5.293],[-37.051,-5.294],[-37.126,-5.293],[-37.155,-5.294],[-37.156,-5.166],[-37.111,-5.166],[-37.111,-5.15],[-37.105,-5.15],[-37.105,-5.132],[-37.111,-5.132],[-37.111,-5.124],[-37.111,-5.096],[-37.05,-5.096],[-37.051,-5.059],[-37.047,-5.059],[-37.028,-5.059],[-37.028,-5.042],[-37.011,-5.042],[-37.011,-5.022],[-36.965,-5.021],[-36.966,-4.986],[-36.912,-4.985],[-36.912,-5.016]]]}},{"type":"Feature","properties":{"id":"2413409","nome":"Serra Negra do Norte"},"geometry":{"type":"Polygon","coordinates":[[[-37.261,-6.527],[-37.254,-6.545],[-37.23,-6.569],[-37.23,-6.57],[-37.218,-6.619],[-37.251,-6.646],[-37.301,-6.652],[-37.311,-6.666],[-37.314,-6.689],[-37.342,-6.701],[-37.4,-6.699],[-37.407,-6.697],[-37.427,-6.7],[-37.456,-6.705],[-37.484,-6.71],[-37.471,-6.68],[-37.475,-6.672],[-37.466,-6.66],[-37.477,-6.642],[-37.474,-6.618],[-37.476,-6.608],[-37.48,-6.605],[-37.48,-6.594],[-37.474,-6.564],[-37.48,-6.559],[-37.483,-6.55],[-37.474,-6.538],[-37.464,-6.532],[-37.445,-6.533],[-37.436,-6.533],[-37.415,-6.531],[-37.397,-6.514],[-37.391,-6.452],[-37.381,-6.437],[-37.38,-6.437],[-37.318,-6.454],[-37.3,-6.475],[-37.26,-6.523],[-37.261,-6.527]]]}},{"type":"Feature","properties":{"id":"2413508","nome":"Serrinha"},"geometry":{"type":"Polygon","coordinates":[[[-35.606,-6.204],[-35.604,-6.208],[-35.592,-6.211],[-35.567,-6.205],[-35.526,-6.216],[-35.513,-6.219],[-35.501,-6.222],[-35.47,-6.23],[-35.468,-6.23],[-35.469,-6.273],[-35.49,-6.289],[-35.503,-6.297],[-35.51,-6.289],[-35.529,-6.283],[-35.55,-6.288],[-35.556,-6.284],[-35.563,-6.296],[-35.575,-6.297],[-35.581,-6.302],[-35.601,-6.301],[-35.609,-6.315],[-35.621,-6.306],[-35.629,-6.307],[-35.64,-6.316],[-35.643,-6.325],[-35.661,-6.267],[-35.664,-6.246],[-35.666,-6.239],[-35.66,-6.222],[-35.648,-6.219],[-35.626,-6.202],[-35.621,-6.205],[-35.616,-6.197],[-35.611,-6.198],[-35.607,-6.204],[-35.606,-6.204]]]}},{"type":"Feature","properties":{"id":"2413557","nome":"Serrinha dos Pintos"},"geometry":{"type":"Polygon","coordinates":[[[-37.943,-6.143],[-37.949,-6.151],[-37.943,-6.15],[-37.94,-6.154],[-37.947,-6.16],[-37.962,-6.173],[-37.98,-6.2],[-37.992,-6.209],[-38.001,-6.214],[-38.007,-6.209],[-38.022,-6.209],[-38.032,-6.192],[-38.044,-6.183],[-38.046,-6.176],[-38.047,-6.172],[-38.041,-6.169],[-38.043,-6.126],[-38.033,-6.117],[-38.008,-6.096],[-38.001,-6.09],[-37.981,-6.075],[-37.941,-6.099],[-37.937,-6.108],[-37.939,-6.115],[-37.943,-6.143]]]}},{"type":"Feature","properties":{"id":"2413607","nome":"Severiano Melo"},"geometry":{"type":"Polygon","coordinates":[[[-37.975,-5.816],[-37.979,-5.832],[-37.988,-5.828],[-37.995,-5.834],[-37.998,-5.838],[-38.002,-5.836],[-38.006,-5.839],[-38.014,-5.854],[-38.046,-5.782],[-38.055,-5.761],[-38.058,-5.754],[-37.99,-5.732],[-37.952,-5.72],[-37.938,-5.715],[-37.882,-5.697],[-37.881,-5.697],[-37.903,-5.755],[-37.909,-5.784],[-37.913,-5.786],[-37.914,-5.786],[-37.975,-5.816]]]}},{"type":"Feature","properties":{"id":"2413706","nome":"S\u00edtio Novo"},"geometry":{"type":"Polygon","coordinates":[[[-35.822,-6.073],[-35.895,-6.141],[-35.918,-6.162],[-35.928,-6.164],[-35.93,-6.168],[-35.939,-6.165],[-35.949,-6.17],[-35.967,-6.171],[-35.967,-6.157],[-35.959,-6.155],[-35.961,-6.148],[-35.985,-6.146],[-35.987,-6.143],[-35.981,-6.124],[-35.983,-6.113],[-35.987,-6.107],[-35.986,-6.101],[-35.998,-6.086],[-36.005,-6.088],[-36.029,-6.069],[-36.032,-6.069],[-35.968,-6.034],[-35.924,-6.01],[-35.871,-6.043],[-35.822,-6.073]]]}},{"type":"Feature","properties":{"id":"2413805","nome":"Taboleiro Grande"},"geometry":{"type":"Polygon","coordinates":[[[-38.031,-5.931],[-38.034,-5.936],[-38.04,-5.934],[-38.045,-5.935],[-38.026,-5.991],[-38.027,-5.995],[-38.036,-5.997],[-38.035,-6.003],[-38.038,-6.003],[-38.041,-6.002],[-38.043,-6.008],[-38.053,-6.004],[-38.06,-6.006],[-38.059,-5.997],[-38.064,-5.997],[-38.067,-6.008],[-38.078,-6.014],[-38.086,-6.015],[-38.088,-6.012],[-38.114,-5.959],[-38.118,-5.952],[-38.116,-5.949],[-38.121,-5.945],[-38.114,-5.941],[-38.098,-5.92],[-38.06,-5.903],[-38.042,-5.887],[-38.004,-5.856],[-37.951,-5.863],[-37.959,-5.872],[-37.986,-5.885],[-37.988,-5.891],[-38.009,-5.915],[-38.019,-5.922],[-38.03,-5.923],[-38.031,-5.931]]]}},{"type":"Feature","properties":{"id":"2413904","nome":"Taipu"},"geometry":{"type":"Polygon","coordinates":[[[-35.59,-5.488],[-35.584,-5.495],[-35.577,-5.499],[-35.568,-5.494],[-35.556,-5.497],[-35.55,-5.5],[-35.543,-5.51],[-35.535,-5.512],[-35.529,-5.51],[-35.501,-5.492],[-35.511,-5.532],[-35.521,-5.577],[-35.514,-5.629],[-35.512,-5.65],[-35.494,-5.666],[-35.548,-5.688],[-35.55,-5.696],[-35.552,-5.703],[-35.557,-5.721],[-35.586,-5.718],[-35.629,-5.714],[-35.631,-5.714],[-35.641,-5.633],[-35.642,-5.625],[-35.645,-5.611],[-35.658,-5.586],[-35.668,-5.496],[-35.625,-5.492],[-35.608,-5.492],[-35.598,-5.487],[-35.59,-5.488]]]}},{"type":"Feature","properties":{"id":"2414001","nome":"Tangar\u00e1"},"geometry":{"type":"Polygon","coordinates":[[[-35.756,-6.19],[-35.76,-6.201],[-35.768,-6.196],[-35.769,-6.2],[-35.766,-6.21],[-35.772,-6.221],[-35.783,-6.223],[-35.79,-6.229],[-35.783,-6.246],[-35.786,-6.252],[-35.784,-6.266],[-35.786,-6.268],[-35.799,-6.277],[-35.793,-6.284],[-35.796,-6.3],[-35.804,-6.319],[-35.827,-6.338],[-35.826,-6.342],[-35.841,-6.357],[-35.85,-6.362],[-35.87,-6.362],[-35.88,-6.321],[-35.887,-6.293],[-35.894,-6.263],[-35.911,-6.189],[-35.918,-6.162],[-35.895,-6.141],[-35.822,-6.073],[-35.811,-6.118],[-35.732,-6.141],[-35.731,-6.142],[-35.717,-6.171],[-35.74,-6.182],[-35.75,-6.189],[-35.756,-6.19]]]}},{"type":"Feature","properties":{"id":"2414100","nome":"Tenente Ananias"},"geometry":{"type":"Polygon","coordinates":[[[-38.182,-6.368],[-38.164,-6.386],[-38.125,-6.367],[-38.121,-6.372],[-38.106,-6.378],[-38.109,-6.397],[-38.105,-6.41],[-38.091,-6.415],[-38.098,-6.431],[-38.096,-6.442],[-38.089,-6.456],[-38.077,-6.463],[-38.071,-6.464],[-38.083,-6.485],[-38.095,-6.493],[-38.098,-6.509],[-38.117,-6.522],[-38.12,-6.522],[-38.135,-6.518],[-38.148,-6.491],[-38.161,-6.499],[-38.173,-6.499],[-38.192,-6.498],[-38.2,-6.488],[-38.227,-6.484],[-38.229,-6.483],[-38.235,-6.47],[-38.251,-6.434],[-38.252,-6.418],[-38.238,-6.385],[-38.203,-6.38],[-38.188,-6.361],[-38.182,-6.368]]]}},{"type":"Feature","properties":{"id":"2414159","nome":"Tenente Laurentino Cruz"},"geometry":{"type":"Polygon","coordinates":[[[-36.666,-6.091],[-36.657,-6.1],[-36.653,-6.111],[-36.683,-6.128],[-36.7,-6.145],[-36.701,-6.15],[-36.7,-6.163],[-36.705,-6.168],[-36.707,-6.188],[-36.716,-6.196],[-36.713,-6.205],[-36.702,-6.219],[-36.703,-6.22],[-36.738,-6.213],[-36.747,-6.207],[-36.782,-6.197],[-36.785,-6.194],[-36.783,-6.19],[-36.762,-6.18],[-36.754,-6.163],[-36.745,-6.163],[-36.729,-6.149],[-36.728,-6.144],[-36.726,-6.136],[-36.732,-6.11],[-36.739,-6.111],[-36.726,-6.103],[-36.72,-6.095],[-36.71,-6.101],[-36.695,-6.105],[-36.684,-6.096],[-36.678,-6.098],[-36.666,-6.091]]]}},{"type":"Feature","properties":{"id":"2414209","nome":"Tibau do Sul"},"geometry":{"type":"Polygon","coordinates":[[[-35.091,-6.178],[-35.083,-6.189],[-35.078,-6.211],[-35.072,-6.221],[-35.067,-6.221],[-35.06,-6.227],[-35.042,-6.227],[-35.037,-6.236],[-35.035,-6.286],[-35.044,-6.283],[-35.061,-6.279],[-35.073,-6.267],[-35.076,-6.265],[-35.104,-6.27],[-35.116,-6.281],[-35.131,-6.286],[-35.145,-6.299],[-35.148,-6.293],[-35.148,-6.274],[-35.154,-6.267],[-35.155,-6.246],[-35.15,-6.218],[-35.128,-6.2],[-35.11,-6.187],[-35.099,-6.188],[-35.091,-6.178]]]}},{"type":"Feature","properties":{"id":"2414308","nome":"Timba\u00faba dos Batistas"},"geometry":{"type":"Polygon","coordinates":[[[-37.217,-6.559],[-37.23,-6.569],[-37.254,-6.545],[-37.261,-6.527],[-37.26,-6.523],[-37.3,-6.475],[-37.318,-6.454],[-37.261,-6.404],[-37.22,-6.43],[-37.188,-6.439],[-37.195,-6.446],[-37.199,-6.463],[-37.206,-6.469],[-37.202,-6.478],[-37.205,-6.499],[-37.199,-6.513],[-37.213,-6.527],[-37.211,-6.531],[-37.213,-6.542],[-37.217,-6.559]]]}},{"type":"Feature","properties":{"id":"2414407","nome":"Touros"},"geometry":{"type":"Polygon","coordinates":[[[-35.451,-5.203],[-35.418,-5.221],[-35.396,-5.246],[-35.384,-5.268],[-35.385,-5.27],[-35.418,-5.332],[-35.427,-5.328],[-35.437,-5.328],[-35.445,-5.316],[-35.455,-5.32],[-35.457,-5.324],[-35.475,-5.327],[-35.482,-5.332],[-35.491,-5.331],[-35.5,-5.337],[-35.508,-5.334],[-35.534,-5.338],[-35.58,-5.3],[-35.586,-5.31],[-35.635,-5.331],[-35.704,-5.379],[-35.72,-5.391],[-35.764,-5.451],[-35.771,-5.443],[-35.776,-5.443],[-35.792,-5.453],[-35.798,-5.461],[-35.814,-5.464],[-35.832,-5.306],[-35.838,-5.23],[-35.838,-5.229],[-35.824,-5.243],[-35.812,-5.249],[-35.809,-5.255],[-35.811,-5.258],[-35.78,-5.271],[-35.758,-5.291],[-35.75,-5.287],[-35.715,-5.291],[-35.708,-5.256],[-35.703,-5.258],[-35.685,-5.222],[-35.676,-5.223],[-35.673,-5.216],[-35.65,-5.214],[-35.641,-5.209],[-35.622,-5.211],[-35.629,-5.2],[-35.64,-5.196],[-35.66,-5.179],[-35.655,-5.164],[-35.645,-5.133],[-35.633,-5.132],[-35.635,-5.128],[-35.626,-5.125],[-35.627,-5.12],[-35.618,-5.118],[-35.617,-5.112],[-35.571,-5.134],[-35.567,-5.136],[-35.532,-5.144],[-35.51,-5.155],[-35.488,-5.159],[-35.465,-5.185],[-35.46,-5.196],[-35.451,-5.203]]]}},{"type":"Feature","properties":{"id":"2414456","nome":"Triunfo Potiguar"},"geometry":{"type":"Polygon","coordinates":[[[-37.035,-5.891],[-37.062,-5.97],[-37.067,-5.984],[-37.122,-5.954],[-37.128,-5.956],[-37.131,-5.968],[-37.143,-5.979],[-37.148,-5.99],[-37.154,-5.993],[-37.159,-6.01],[-37.162,-6.021],[-37.233,-5.939],[-37.26,-5.908],[-37.228,-5.867],[-37.195,-5.823],[-37.148,-5.866],[-37.13,-5.873],[-37.101,-5.872],[-37.035,-5.891]]]}},{"type":"Feature","properties":{"id":"2414506","nome":"Umarizal"},"geometry":{"type":"Polygon","coordinates":[[[-37.783,-6.084],[-37.789,-6.09],[-37.813,-6.08],[-37.845,-6.057],[-37.861,-6.03],[-37.896,-6.008],[-37.902,-6.008],[-37.926,-6.007],[-37.934,-6.004],[-37.921,-5.959],[-37.901,-5.944],[-37.896,-5.941],[-37.808,-5.929],[-37.771,-5.922],[-37.734,-5.912],[-37.774,-5.96],[-37.769,-5.965],[-37.772,-5.968],[-37.769,-5.983],[-37.766,-5.992],[-37.773,-5.998],[-37.772,-6.001],[-37.772,-6.006],[-37.779,-6.014],[-37.776,-6.019],[-37.784,-6.041],[-37.777,-6.067],[-37.78,-6.079],[-37.783,-6.079],[-37.783,-6.084]]]}},{"type":"Feature","properties":{"id":"2414605","nome":"Upanema"},"geometry":{"type":"Polygon","coordinates":[[[-37.145,-5.69],[-37.163,-5.713],[-37.169,-5.712],[-37.176,-5.723],[-37.185,-5.716],[-37.195,-5.718],[-37.203,-5.725],[-37.22,-5.717],[-37.243,-5.708],[-37.254,-5.718],[-37.271,-5.712],[-37.277,-5.717],[-37.282,-5.713],[-37.295,-5.712],[-37.313,-5.71],[-37.332,-5.718],[-37.343,-5.719],[-37.368,-5.722],[-37.379,-5.729],[-37.393,-5.729],[-37.421,-5.739],[-37.435,-5.745],[-37.442,-5.742],[-37.467,-5.752],[-37.447,-5.621],[-37.442,-5.587],[-37.428,-5.562],[-37.382,-5.478],[-37.297,-5.478],[-37.294,-5.478],[-37.172,-5.49],[-37.136,-5.579],[-37.104,-5.656],[-37.106,-5.662],[-37.12,-5.667],[-37.128,-5.676],[-37.145,-5.69]]]}},{"type":"Feature","properties":{"id":"2414704","nome":"V\u00e1rzea"},"geometry":{"type":"Polygon","coordinates":[[[-35.339,-6.381],[-35.309,-6.403],[-35.323,-6.397],[-35.337,-6.396],[-35.342,-6.405],[-35.354,-6.408],[-35.373,-6.405],[-35.386,-6.39],[-35.409,-6.381],[-35.404,-6.36],[-35.4,-6.341],[-35.393,-6.329],[-35.388,-6.322],[-35.369,-6.277],[-35.358,-6.249],[-35.35,-6.224],[-35.353,-6.245],[-35.357,-6.274],[-35.367,-6.299],[-35.36,-6.308],[-35.342,-6.315],[-35.346,-6.334],[-35.346,-6.358],[-35.342,-6.364],[-35.342,-6.375],[-35.339,-6.381]]]}},{"type":"Feature","properties":{"id":"2414753","nome":"Venha-Ver"},"geometry":{"type":"Polygon","coordinates":[[[-38.485,-6.34],[-38.494,-6.344],[-38.505,-6.356],[-38.516,-6.346],[-38.534,-6.342],[-38.545,-6.344],[-38.549,-6.35],[-38.545,-6.353],[-38.563,-6.356],[-38.563,-6.352],[-38.577,-6.347],[-38.581,-6.331],[-38.581,-6.316],[-38.566,-6.302],[-38.57,-6.3],[-38.57,-6.293],[-38.541,-6.286],[-38.492,-6.295],[-38.481,-6.304],[-38.456,-6.325],[-38.457,-6.329],[-38.458,-6.33],[-38.475,-6.333],[-38.481,-6.337],[-38.485,-6.34]]]}},{"type":"Feature","properties":{"id":"2414803","nome":"Vera Cruz"},"geometry":{"type":"Polygon","coordinates":[[[-35.373,-6.04],[-35.369,-6.053],[-35.365,-6.055],[-35.366,-6.058],[-35.379,-6.06],[-35.387,-6.058],[-35.391,-6.051],[-35.411,-6.053],[-35.427,-6.045],[-35.434,-6.057],[-35.436,-6.064],[-35.442,-6.062],[-35.444,-6.07],[-35.451,-6.077],[-35.459,-6.077],[-35.476,-6.072],[-35.492,-6.074],[-35.488,-6.063],[-35.508,-6.051],[-35.537,-6.052],[-35.545,-6.055],[-35.546,-6.054],[-35.422,-6.006],[-35.421,-6.006],[-35.373,-5.987],[-35.371,-5.988],[-35.37,-6.005],[-35.374,-6.013],[-35.382,-6.018],[-35.382,-6.021],[-35.369,-6.038],[-35.373,-6.04]]]}},{"type":"Feature","properties":{"id":"2414902","nome":"Vi\u00e7osa"},"geometry":{"type":"Polygon","coordinates":[[[-37.934,-6.004],[-37.935,-6.017],[-37.943,-6.009],[-37.946,-6.02],[-37.954,-6.029],[-37.965,-6.009],[-37.975,-6.017],[-37.991,-6.015],[-37.988,-6.006],[-37.977,-5.994],[-37.978,-5.986],[-37.973,-5.982],[-37.982,-5.968],[-37.982,-5.962],[-37.974,-5.961],[-37.97,-5.956],[-37.921,-5.959],[-37.934,-6.004]]]}},{"type":"Feature","properties":{"id":"2415008","nome":"Vila Flor"},"geometry":{"type":"Polygon","coordinates":[[[-35.063,-6.297],[-35.059,-6.317],[-35.069,-6.316],[-35.055,-6.327],[-35.084,-6.34],[-35.117,-6.333],[-35.118,-6.304],[-35.116,-6.281],[-35.104,-6.27],[-35.076,-6.265],[-35.073,-6.267],[-35.061,-6.279],[-35.044,-6.283],[-35.047,-6.286],[-35.047,-6.296],[-35.063,-6.297]]]}}]}