{"type":"FeatureCollection","features":[{"type":"Feature","properties":{"id":"1100015","nome":"Alta Floresta D'Oeste"},"geometry":{"type":"Polygon","coordinates":[[[-62.182,-11.867],[-62.162,-11.871],[-62.157,-11.87],[-62.14,-11.852],[-62.127,-11.845],[-62.124,-11.846],[-62.12,-11.843],[-62.11,-11.842],[-62.102,-11.845],[-62.092,-11.84],[-62.084,-11.876],[-62.072,-11.877],[-62.062,-11.868],[-62.052,-11.867],[-62.05,-11.867],[-62.031,-11.864],[-62.028,-11.86],[-62.019,-11.857],[-62.007,-11.868],[-61.994,-11.869],[-61.979,-11.864],[-61.971,-11.868],[-61.966,-11.863],[-61.961,-11.869],[-61.952,-11.864],[-61.94,-11.863],[-61.932,-11.862],[-61.929,-11.866],[-61.921,-11.866],[-61.923,-11.877],[-61.918,-11.89],[-61.905,-11.892],[-61.9,-11.892],[-61.895,-11.904],[-61.89,-11.906],[-61.886,-11.908],[-61.887,-11.927],[-61.888,-11.965],[-61.901,-11.965],[-61.913,-11.976],[-61.917,-11.976],[-61.924,-11.972],[-61.93,-11.973],[-61.935,-11.982],[-61.929,-11.985],[-61.929,-12.087],[-61.968,-12.087],[-61.968,-12.132],[-61.968,-12.134],[-61.992,-12.133],[-62.008,-12.133],[-62.007,-12.269],[-62.0,-12.27],[-62.0,-12.271],[-62.0,-12.456],[-62.0,-12.5],[-62.0,-12.61],[-62.0,-12.792],[-62.019,-12.82],[-62.025,-12.848],[-62.023,-12.872],[-62.03,-12.894],[-62.039,-12.907],[-62.071,-12.907],[-62.092,-12.914],[-62.091,-12.923],[-62.098,-12.928],[-62.104,-12.948],[-62.109,-12.954],[-62.113,-12.953],[-62.123,-12.965],[-62.13,-12.962],[-62.141,-12.97],[-62.144,-12.969],[-62.151,-12.977],[-62.16,-12.98],[-62.165,-13.0],[-62.165,-13.004],[-62.171,-13.007],[-62.173,-13.015],[-62.179,-13.02],[-62.183,-13.02],[-62.193,-13.028],[-62.206,-13.027],[-62.212,-13.03],[-62.216,-13.039],[-62.241,-13.048],[-62.242,-13.055],[-62.249,-13.06],[-62.245,-13.066],[-62.251,-13.078],[-62.274,-13.085],[-62.282,-13.087],[-62.292,-13.084],[-62.295,-13.078],[-62.298,-13.095],[-62.305,-13.094],[-62.309,-13.096],[-62.31,-13.106],[-62.316,-13.109],[-62.32,-13.102],[-62.319,-13.08],[-62.326,-13.076],[-62.336,-13.079],[-62.345,-13.057],[-62.353,-13.058],[-62.356,-13.07],[-62.353,-13.078],[-62.356,-13.083],[-62.363,-13.085],[-62.363,-13.077],[-62.368,-13.08],[-62.371,-13.092],[-62.383,-13.104],[-62.387,-13.106],[-62.403,-13.105],[-62.41,-13.107],[-62.417,-13.119],[-62.434,-13.102],[-62.433,-13.085],[-62.436,-13.08],[-62.442,-13.08],[-62.451,-13.087],[-62.457,-13.086],[-62.459,-13.081],[-62.452,-13.07],[-62.453,-13.064],[-62.46,-13.065],[-62.465,-13.077],[-62.472,-13.078],[-62.473,-13.06],[-62.478,-13.057],[-62.483,-13.062],[-62.483,-13.076],[-62.502,-13.083],[-62.523,-13.065],[-62.534,-13.073],[-62.547,-13.074],[-62.558,-13.065],[-62.612,-13.041],[-62.614,-13.026],[-62.6,-13.016],[-62.606,-13.011],[-62.621,-13.017],[-62.629,-13.016],[-62.632,-13.01],[-62.629,-12.995],[-62.631,-12.99],[-62.638,-12.989],[-62.646,-12.993],[-62.652,-12.989],[-62.645,-12.974],[-62.645,-12.967],[-62.65,-12.965],[-62.66,-12.969],[-62.664,-12.98],[-62.674,-12.991],[-62.694,-12.992],[-62.698,-13.002],[-62.706,-12.999],[-62.713,-13.004],[-62.725,-13.001],[-62.728,-13.008],[-62.729,-13.02],[-62.733,-13.021],[-62.744,-13.008],[-62.743,-13.0],[-62.746,-12.999],[-62.752,-13.002],[-62.756,-13.017],[-62.779,-13.009],[-62.794,-12.995],[-62.806,-12.968],[-62.808,-12.962],[-62.803,-12.945],[-62.805,-12.94],[-62.822,-12.933],[-62.832,-12.937],[-62.838,-12.947],[-62.845,-12.948],[-62.85,-12.941],[-62.843,-12.927],[-62.86,-12.912],[-62.87,-12.91],[-62.88,-12.887],[-62.893,-12.877],[-62.892,-12.858],[-62.881,-12.863],[-62.877,-12.872],[-62.871,-12.878],[-62.865,-12.879],[-62.858,-12.87],[-62.851,-12.87],[-62.842,-12.863],[-62.817,-12.868],[-62.797,-12.864],[-62.801,-12.861],[-62.794,-12.859],[-62.788,-12.861],[-62.788,-12.877],[-62.777,-12.875],[-62.773,-12.882],[-62.767,-12.883],[-62.766,-12.878],[-62.757,-12.877],[-62.762,-12.876],[-62.759,-12.873],[-62.752,-12.873],[-62.754,-12.885],[-62.749,-12.886],[-62.75,-12.883],[-62.744,-12.882],[-62.734,-12.891],[-62.737,-12.894],[-62.737,-12.905],[-62.741,-12.911],[-62.737,-12.915],[-62.734,-12.913],[-62.73,-12.927],[-62.724,-12.927],[-62.716,-12.922],[-62.703,-12.92],[-62.694,-12.902],[-62.665,-12.906],[-62.652,-12.902],[-62.649,-12.899],[-62.644,-12.882],[-62.622,-12.871],[-62.617,-12.865],[-62.616,-12.864],[-62.614,-12.858],[-62.594,-12.838],[-62.59,-12.826],[-62.578,-12.809],[-62.56,-12.81],[-62.547,-12.796],[-62.534,-12.806],[-62.521,-12.809],[-62.517,-12.782],[-62.502,-12.759],[-62.499,-12.754],[-62.488,-12.75],[-62.464,-12.748],[-62.452,-12.727],[-62.424,-12.707],[-62.416,-12.685],[-62.409,-12.68],[-62.404,-12.667],[-62.401,-12.66],[-62.39,-12.659],[-62.385,-12.646],[-62.378,-12.639],[-62.367,-12.621],[-62.361,-12.6],[-62.351,-12.592],[-62.343,-12.58],[-62.326,-12.573],[-62.312,-12.557],[-62.298,-12.548],[-62.289,-12.535],[-62.28,-12.529],[-62.267,-12.509],[-62.27,-12.488],[-62.268,-12.481],[-62.272,-12.48],[-62.275,-12.473],[-62.267,-12.456],[-62.258,-12.451],[-62.262,-12.436],[-62.258,-12.433],[-62.264,-12.427],[-62.252,-12.422],[-62.255,-12.414],[-62.252,-12.409],[-62.255,-12.41],[-62.25,-12.402],[-62.283,-12.334],[-62.291,-12.318],[-62.3,-12.316],[-62.306,-12.321],[-62.328,-12.326],[-62.355,-12.332],[-62.363,-12.338],[-62.373,-12.338],[-62.38,-12.342],[-62.394,-12.343],[-62.406,-12.332],[-62.415,-12.328],[-62.417,-12.324],[-62.438,-12.316],[-62.444,-12.31],[-62.462,-12.301],[-62.468,-12.299],[-62.477,-12.302],[-62.485,-12.302],[-62.489,-12.296],[-62.498,-12.297],[-62.501,-12.293],[-62.513,-12.285],[-62.52,-12.283],[-62.535,-12.285],[-62.556,-12.275],[-62.56,-12.269],[-62.567,-12.272],[-62.576,-12.267],[-62.582,-12.259],[-62.582,-12.252],[-62.592,-12.249],[-62.602,-12.251],[-62.608,-12.256],[-62.609,-12.253],[-62.622,-12.254],[-62.642,-12.237],[-62.634,-12.218],[-62.622,-12.207],[-62.617,-12.209],[-62.612,-12.199],[-62.615,-12.197],[-62.614,-12.188],[-62.62,-12.183],[-62.614,-12.17],[-62.603,-12.158],[-62.602,-12.15],[-62.609,-12.128],[-62.606,-12.126],[-62.613,-12.12],[-62.607,-12.111],[-62.604,-12.111],[-62.609,-12.101],[-62.606,-12.1],[-62.608,-12.096],[-62.606,-12.092],[-62.609,-12.091],[-62.606,-12.089],[-62.61,-12.089],[-62.611,-12.085],[-62.588,-12.069],[-62.581,-12.072],[-62.58,-12.069],[-62.577,-12.07],[-62.564,-12.059],[-62.545,-12.048],[-62.547,-12.039],[-62.544,-12.034],[-62.538,-12.033],[-62.537,-12.029],[-62.523,-12.024],[-62.516,-12.015],[-62.488,-12.004],[-62.483,-11.996],[-62.479,-11.996],[-62.48,-11.988],[-62.475,-11.982],[-62.468,-11.982],[-62.464,-11.973],[-62.454,-11.97],[-62.454,-11.969],[-62.448,-11.961],[-62.441,-11.958],[-62.438,-11.945],[-62.428,-11.937],[-62.428,-11.933],[-62.423,-11.933],[-62.406,-11.923],[-62.407,-11.915],[-62.391,-11.908],[-62.379,-11.904],[-62.374,-11.909],[-62.357,-11.904],[-62.35,-11.904],[-62.347,-11.899],[-62.341,-11.9],[-62.337,-11.895],[-62.33,-11.896],[-62.321,-11.903],[-62.318,-11.901],[-62.315,-11.904],[-62.315,-11.901],[-62.312,-11.903],[-62.311,-11.901],[-62.307,-11.898],[-62.304,-11.9],[-62.299,-11.892],[-62.29,-11.895],[-62.291,-11.899],[-62.288,-11.9],[-62.283,-11.899],[-62.278,-11.904],[-62.273,-11.902],[-62.267,-11.906],[-62.258,-11.901],[-62.257,-11.903],[-62.246,-11.901],[-62.241,-11.903],[-62.243,-11.905],[-62.241,-11.908],[-62.235,-11.91],[-62.232,-11.908],[-62.226,-11.89],[-62.206,-11.832],[-62.199,-11.827],[-62.189,-11.828],[-62.173,-11.852],[-62.182,-11.867]]]}},{"type":"Feature","properties":{"id":"1100023","nome":"Ariquemes"},"geometry":{"type":"Polygon","coordinates":[[[-62.536,-9.732],[-62.508,-9.754],[-62.507,-9.761],[-62.493,-9.772],[-62.466,-9.778],[-62.455,-9.774],[-62.449,-9.78],[-62.435,-9.78],[-62.428,-9.789],[-62.422,-9.804],[-62.423,-9.805],[-62.438,-9.818],[-62.443,-9.818],[-62.447,-9.822],[-62.455,-9.862],[-62.449,-9.893],[-62.453,-9.898],[-62.453,-9.906],[-62.463,-9.915],[-62.463,-9.93],[-62.488,-9.956],[-62.504,-9.965],[-62.509,-9.995],[-62.524,-10.012],[-62.526,-10.029],[-62.532,-10.04],[-62.534,-10.052],[-62.541,-10.053],[-62.545,-10.05],[-62.559,-10.054],[-62.565,-10.064],[-62.572,-10.067],[-62.576,-10.079],[-62.572,-10.087],[-62.576,-10.093],[-62.568,-10.099],[-62.586,-10.108],[-62.58,-10.119],[-62.58,-10.129],[-62.586,-10.139],[-62.593,-10.166],[-62.592,-10.182],[-62.596,-10.189],[-62.611,-10.197],[-62.617,-10.195],[-62.622,-10.203],[-62.631,-10.219],[-62.669,-10.288],[-62.67,-10.287],[-62.698,-10.266],[-62.701,-10.269],[-62.704,-10.267],[-62.704,-10.263],[-62.726,-10.246],[-62.739,-10.248],[-62.746,-10.234],[-62.757,-10.228],[-62.768,-10.22],[-62.769,-10.216],[-62.779,-10.206],[-62.789,-10.204],[-62.83,-10.174],[-62.832,-10.167],[-62.9,-10.167],[-63.129,-10.167],[-63.209,-10.167],[-63.214,-10.162],[-63.205,-10.154],[-63.214,-10.151],[-63.21,-10.15],[-63.206,-10.143],[-63.199,-10.145],[-63.194,-10.142],[-63.19,-10.133],[-63.186,-10.133],[-63.182,-10.139],[-63.179,-10.139],[-63.172,-10.133],[-63.175,-10.117],[-63.17,-10.113],[-63.158,-10.111],[-63.146,-10.093],[-63.148,-10.08],[-63.145,-10.072],[-63.128,-10.052],[-63.129,-10.043],[-63.126,-10.038],[-63.12,-10.036],[-63.122,-10.029],[-63.114,-10.018],[-63.117,-10.01],[-63.115,-10.002],[-63.113,-10.0],[-63.123,-10.0],[-63.151,-10.0],[-63.355,-10.0],[-63.426,-10.0],[-63.432,-10.0],[-63.5,-10.0],[-63.596,-10.0],[-63.604,-9.989],[-63.603,-9.984],[-63.607,-9.981],[-63.606,-9.972],[-63.616,-9.963],[-63.617,-9.944],[-63.616,-9.929],[-63.601,-9.914],[-63.599,-9.906],[-63.594,-9.902],[-63.59,-9.891],[-63.579,-9.878],[-63.588,-9.86],[-63.587,-9.849],[-63.58,-9.83],[-63.581,-9.808],[-63.58,-9.79],[-63.573,-9.783],[-63.57,-9.757],[-63.564,-9.752],[-63.564,-9.743],[-63.572,-9.716],[-63.499,-9.715],[-63.499,-9.76],[-63.499,-9.761],[-63.499,-9.783],[-63.499,-9.807],[-63.499,-9.833],[-63.318,-9.833],[-63.291,-9.833],[-63.291,-9.822],[-63.287,-9.821],[-63.285,-9.813],[-63.289,-9.803],[-63.288,-9.793],[-63.292,-9.794],[-63.295,-9.787],[-63.264,-9.787],[-63.137,-9.784],[-63.089,-9.781],[-63.095,-9.757],[-63.101,-9.752],[-63.034,-9.751],[-63.029,-9.748],[-63.023,-9.75],[-63.02,-9.746],[-62.996,-9.752],[-62.838,-9.751],[-62.832,-9.759],[-62.807,-9.779],[-62.797,-9.792],[-62.796,-9.8],[-62.784,-9.8],[-62.774,-9.808],[-62.763,-9.809],[-62.748,-9.809],[-62.737,-9.813],[-62.73,-9.822],[-62.712,-9.825],[-62.706,-9.833],[-62.695,-9.835],[-62.68,-9.847],[-62.675,-9.831],[-62.66,-9.811],[-62.654,-9.78],[-62.629,-9.769],[-62.622,-9.751],[-62.61,-9.736],[-62.599,-9.736],[-62.595,-9.73],[-62.582,-9.722],[-62.584,-9.703],[-62.569,-9.698],[-62.565,-9.693],[-62.565,-9.686],[-62.558,-9.679],[-62.558,-9.67],[-62.554,-9.67],[-62.537,-9.717],[-62.536,-9.732]]]}},{"type":"Feature","properties":{"id":"1100031","nome":"Cabixi"},"geometry":{"type":"Polygon","coordinates":[[[-60.399,-13.456],[-60.402,-13.462],[-60.411,-13.461],[-60.43,-13.482],[-60.431,-13.488],[-60.456,-13.493],[-60.465,-13.489],[-60.478,-13.493],[-60.481,-13.496],[-60.486,-13.494],[-60.495,-13.499],[-60.501,-13.498],[-60.53,-13.517],[-60.533,-13.536],[-60.544,-13.536],[-60.548,-13.548],[-60.554,-13.548],[-60.556,-13.553],[-60.577,-13.565],[-60.587,-13.565],[-60.592,-13.571],[-60.6,-13.572],[-60.611,-13.566],[-60.632,-13.571],[-60.635,-13.578],[-60.633,-13.579],[-60.641,-13.585],[-60.638,-13.592],[-60.641,-13.596],[-60.645,-13.592],[-60.655,-13.602],[-60.664,-13.604],[-60.665,-13.611],[-60.669,-13.608],[-60.669,-13.613],[-60.672,-13.612],[-60.674,-13.617],[-60.686,-13.625],[-60.689,-13.633],[-60.686,-13.639],[-60.691,-13.644],[-60.69,-13.649],[-60.693,-13.653],[-60.699,-13.654],[-60.697,-13.657],[-60.702,-13.66],[-60.696,-13.666],[-60.699,-13.67],[-60.709,-13.671],[-60.709,-13.676],[-60.713,-13.676],[-60.713,-13.682],[-60.716,-13.682],[-60.716,-13.685],[-60.709,-13.687],[-60.709,-13.693],[-60.717,-13.693],[-60.739,-13.685],[-60.755,-13.687],[-60.769,-13.684],[-60.77,-13.665],[-60.774,-13.661],[-60.786,-13.656],[-60.81,-13.653],[-60.819,-13.637],[-60.828,-13.629],[-60.841,-13.627],[-60.844,-13.631],[-60.879,-13.617],[-60.887,-13.602],[-60.908,-13.584],[-60.92,-13.569],[-60.924,-13.557],[-60.918,-13.548],[-60.918,-13.553],[-60.893,-13.557],[-60.865,-13.541],[-60.846,-13.516],[-60.832,-13.483],[-60.801,-13.446],[-60.767,-13.393],[-60.718,-13.39],[-60.709,-13.351],[-60.705,-13.324],[-60.561,-13.322],[-60.56,-13.322],[-60.525,-13.321],[-60.524,-13.321],[-60.371,-13.318],[-60.373,-13.324],[-60.366,-13.332],[-60.365,-13.341],[-60.371,-13.348],[-60.37,-13.357],[-60.371,-13.367],[-60.376,-13.368],[-60.376,-13.374],[-60.379,-13.375],[-60.379,-13.39],[-60.371,-13.408],[-60.379,-13.415],[-60.379,-13.422],[-60.384,-13.441],[-60.381,-13.442],[-60.387,-13.454],[-60.399,-13.456]]]}},{"type":"Feature","properties":{"id":"1100049","nome":"Cacoal"},"geometry":{"type":"Polygon","coordinates":[[[-61.001,-11.398],[-61.018,-11.418],[-61.03,-11.42],[-61.037,-11.415],[-61.05,-11.422],[-61.051,-11.422],[-61.058,-11.429],[-61.058,-11.437],[-61.059,-11.442],[-61.066,-11.447],[-61.082,-11.438],[-61.089,-11.448],[-61.101,-11.453],[-61.109,-11.462],[-61.111,-11.473],[-61.117,-11.475],[-61.118,-11.487],[-61.127,-11.493],[-61.139,-11.494],[-61.151,-11.499],[-61.153,-11.498],[-61.156,-11.5],[-61.161,-11.506],[-61.166,-11.506],[-61.172,-11.511],[-61.188,-11.509],[-61.193,-11.52],[-61.208,-11.529],[-61.211,-11.529],[-61.22,-11.518],[-61.226,-11.525],[-61.234,-11.528],[-61.243,-11.525],[-61.249,-11.525],[-61.251,-11.522],[-61.253,-11.524],[-61.252,-11.516],[-61.26,-11.514],[-61.278,-11.506],[-61.28,-11.507],[-61.282,-11.503],[-61.289,-11.504],[-61.287,-11.5],[-61.293,-11.498],[-61.301,-11.503],[-61.307,-11.499],[-61.314,-11.505],[-61.317,-11.508],[-61.327,-11.505],[-61.331,-11.513],[-61.337,-11.507],[-61.344,-11.508],[-61.345,-11.504],[-61.351,-11.505],[-61.356,-11.505],[-61.355,-11.511],[-61.36,-11.514],[-61.365,-11.506],[-61.373,-11.509],[-61.368,-11.528],[-61.367,-11.534],[-61.372,-11.536],[-61.369,-11.551],[-61.362,-11.558],[-61.362,-11.562],[-61.37,-11.578],[-61.365,-11.588],[-61.35,-11.605],[-61.348,-11.611],[-61.352,-11.617],[-61.437,-11.618],[-61.548,-11.619],[-61.553,-11.615],[-61.566,-11.602],[-61.581,-11.597],[-61.582,-11.59],[-61.59,-11.597],[-61.599,-11.591],[-61.595,-11.581],[-61.598,-11.578],[-61.604,-11.581],[-61.609,-11.574],[-61.612,-11.583],[-61.614,-11.583],[-61.615,-11.578],[-61.62,-11.576],[-61.619,-11.569],[-61.628,-11.564],[-61.63,-11.56],[-61.649,-11.561],[-61.663,-11.552],[-61.669,-11.553],[-61.678,-11.547],[-61.683,-11.546],[-61.687,-11.532],[-61.694,-11.536],[-61.697,-11.523],[-61.706,-11.521],[-61.706,-11.515],[-61.71,-11.516],[-61.716,-11.511],[-61.716,-11.494],[-61.713,-11.491],[-61.714,-11.482],[-61.721,-11.475],[-61.716,-11.472],[-61.716,-11.463],[-61.727,-11.466],[-61.729,-11.461],[-61.732,-11.449],[-61.728,-11.44],[-61.738,-11.437],[-61.732,-11.429],[-61.735,-11.42],[-61.738,-11.413],[-61.741,-11.412],[-61.751,-11.414],[-61.79,-11.406],[-61.794,-11.404],[-61.795,-11.397],[-61.783,-11.402],[-61.778,-11.392],[-61.769,-11.388],[-61.766,-11.38],[-61.755,-11.378],[-61.748,-11.356],[-61.744,-11.356],[-61.74,-11.346],[-61.745,-11.34],[-61.742,-11.333],[-61.643,-11.333],[-61.626,-11.333],[-61.59,-11.333],[-61.572,-11.333],[-61.553,-11.333],[-61.501,-11.333],[-61.501,-11.301],[-61.501,-11.248],[-61.5,-11.153],[-61.5,-11.114],[-61.458,-11.114],[-61.426,-11.113],[-61.428,-10.987],[-61.426,-10.987],[-61.0,-10.992],[-61.0,-11.054],[-61.0,-11.253],[-61.0,-11.297],[-61.001,-11.398]]]}},{"type":"Feature","properties":{"id":"1100056","nome":"Cerejeiras"},"geometry":{"type":"Polygon","coordinates":[[[-61.5,-13.004],[-61.479,-13.011],[-61.47,-13.009],[-61.459,-13.012],[-61.434,-13.012],[-61.413,-13.027],[-61.378,-13.044],[-61.359,-13.041],[-61.347,-13.048],[-61.338,-13.048],[-61.332,-13.057],[-61.327,-13.059],[-61.316,-13.055],[-61.298,-13.068],[-61.284,-13.066],[-61.276,-13.071],[-61.271,-13.068],[-61.254,-13.082],[-61.248,-13.08],[-61.242,-13.085],[-61.222,-13.09],[-61.207,-13.087],[-61.202,-13.089],[-61.181,-13.11],[-61.153,-13.111],[-61.14,-13.117],[-61.125,-13.118],[-61.113,-13.115],[-61.104,-13.121],[-61.098,-13.117],[-61.064,-13.123],[-61.043,-13.123],[-61.038,-13.122],[-61.017,-13.115],[-61.0,-13.105],[-60.963,-13.135],[-60.951,-13.134],[-60.932,-13.121],[-60.911,-13.121],[-60.898,-13.113],[-60.885,-13.112],[-60.874,-13.111],[-60.851,-13.096],[-60.839,-13.102],[-60.83,-13.102],[-60.822,-13.107],[-60.821,-13.119],[-60.803,-13.118],[-60.795,-13.123],[-60.787,-13.128],[-60.78,-13.125],[-60.773,-13.131],[-60.762,-13.131],[-60.742,-13.122],[-60.726,-13.14],[-60.738,-13.19],[-60.739,-13.205],[-60.738,-13.218],[-60.726,-13.239],[-60.725,-13.248],[-60.729,-13.263],[-60.721,-13.281],[-60.716,-13.312],[-60.718,-13.315],[-60.741,-13.325],[-60.754,-13.32],[-60.774,-13.33],[-60.789,-13.325],[-60.837,-13.331],[-60.838,-13.325],[-60.95,-13.326],[-60.95,-13.315],[-60.95,-13.279],[-60.95,-13.248],[-61.038,-13.245],[-61.038,-13.316],[-61.039,-13.361],[-61.049,-13.361],[-61.321,-13.363],[-61.353,-13.363],[-61.36,-13.343],[-61.367,-13.294],[-61.361,-13.228],[-61.383,-13.234],[-61.398,-13.234],[-61.413,-13.234],[-61.426,-13.243],[-61.438,-13.262],[-61.449,-13.263],[-61.466,-13.256],[-61.478,-13.257],[-61.486,-13.262],[-61.495,-13.284],[-61.5,-13.283],[-61.504,-13.288],[-61.513,-13.285],[-61.515,-13.285],[-61.524,-13.28],[-61.547,-13.283],[-61.552,-13.289],[-61.56,-13.289],[-61.581,-13.3],[-61.591,-13.303],[-61.608,-13.293],[-61.62,-13.298],[-61.638,-13.292],[-61.642,-13.3],[-61.648,-13.3],[-61.669,-13.294],[-61.685,-13.277],[-61.694,-13.272],[-61.709,-13.268],[-61.714,-13.26],[-61.729,-13.265],[-61.743,-13.264],[-61.747,-13.26],[-61.754,-13.261],[-61.76,-13.276],[-61.771,-13.287],[-61.782,-13.293],[-61.792,-13.292],[-61.801,-13.299],[-61.812,-13.299],[-61.821,-13.295],[-61.84,-13.301],[-61.854,-13.288],[-61.859,-13.293],[-61.869,-13.291],[-61.878,-13.295],[-61.888,-13.293],[-61.898,-13.273],[-61.906,-13.275],[-61.907,-13.27],[-61.903,-13.266],[-61.904,-13.255],[-61.9,-13.256],[-61.897,-13.249],[-61.892,-13.249],[-61.892,-13.246],[-61.883,-13.248],[-61.884,-13.245],[-61.881,-13.245],[-61.881,-13.241],[-61.878,-13.242],[-61.877,-13.238],[-61.868,-13.233],[-61.864,-13.225],[-61.866,-13.222],[-61.856,-13.217],[-61.852,-13.221],[-61.853,-13.215],[-61.849,-13.217],[-61.843,-13.215],[-61.843,-13.208],[-61.833,-13.202],[-61.824,-13.206],[-61.826,-13.2],[-61.818,-13.205],[-61.816,-13.201],[-61.811,-13.202],[-61.811,-13.198],[-61.791,-13.2],[-61.785,-13.197],[-61.778,-13.204],[-61.775,-13.202],[-61.772,-13.205],[-61.766,-13.201],[-61.755,-13.209],[-61.747,-13.21],[-61.743,-13.206],[-61.727,-13.209],[-61.719,-13.208],[-61.7,-13.194],[-61.668,-13.182],[-61.636,-13.151],[-61.624,-13.094],[-61.63,-13.091],[-61.627,-13.085],[-61.635,-13.072],[-61.641,-13.067],[-61.641,-13.059],[-61.625,-13.052],[-61.615,-13.043],[-61.6,-13.04],[-61.591,-13.033],[-61.586,-13.024],[-61.575,-13.023],[-61.562,-13.029],[-61.546,-13.029],[-61.537,-13.039],[-61.525,-13.038],[-61.504,-13.021],[-61.5,-13.004]]]}},{"type":"Feature","properties":{"id":"1100064","nome":"Colorado do Oeste"},"geometry":{"type":"Polygon","coordinates":[[[-60.504,-12.966],[-60.497,-12.979],[-60.473,-12.998],[-60.47,-13.011],[-60.466,-13.011],[-60.458,-13.003],[-60.447,-13.005],[-60.436,-13.002],[-60.42,-13.014],[-60.416,-13.02],[-60.42,-13.021],[-60.417,-13.029],[-60.419,-13.032],[-60.414,-13.04],[-60.415,-13.046],[-60.406,-13.063],[-60.406,-13.069],[-60.399,-13.067],[-60.394,-13.069],[-60.386,-13.083],[-60.379,-13.089],[-60.37,-13.092],[-60.372,-13.098],[-60.369,-13.099],[-60.37,-13.106],[-60.367,-13.113],[-60.354,-13.103],[-60.35,-13.117],[-60.346,-13.122],[-60.345,-13.143],[-60.347,-13.152],[-60.36,-13.162],[-60.36,-13.167],[-60.355,-13.171],[-60.353,-13.191],[-60.356,-13.197],[-60.354,-13.206],[-60.356,-13.209],[-60.349,-13.216],[-60.348,-13.226],[-60.343,-13.232],[-60.348,-13.242],[-60.346,-13.251],[-60.34,-13.257],[-60.336,-13.254],[-60.333,-13.258],[-60.339,-13.272],[-60.351,-13.273],[-60.352,-13.284],[-60.353,-13.294],[-60.36,-13.298],[-60.363,-13.296],[-60.364,-13.3],[-60.361,-13.301],[-60.361,-13.308],[-60.371,-13.318],[-60.524,-13.321],[-60.525,-13.321],[-60.56,-13.322],[-60.561,-13.322],[-60.705,-13.324],[-60.741,-13.325],[-60.718,-13.315],[-60.716,-13.312],[-60.721,-13.281],[-60.729,-13.263],[-60.725,-13.248],[-60.726,-13.239],[-60.738,-13.218],[-60.739,-13.205],[-60.738,-13.19],[-60.726,-13.14],[-60.742,-13.122],[-60.737,-13.097],[-60.728,-13.08],[-60.737,-13.072],[-60.741,-13.062],[-60.737,-13.043],[-60.731,-13.037],[-60.727,-13.032],[-60.71,-13.027],[-60.712,-13.001],[-60.706,-12.996],[-60.698,-12.993],[-60.674,-12.994],[-60.663,-12.988],[-60.651,-12.981],[-60.625,-12.973],[-60.617,-12.989],[-60.612,-12.992],[-60.604,-12.988],[-60.597,-12.974],[-60.589,-12.967],[-60.58,-12.972],[-60.574,-12.989],[-60.559,-12.966],[-60.547,-12.957],[-60.533,-12.966],[-60.524,-12.967],[-60.504,-12.949],[-60.504,-12.966]]]}},{"type":"Feature","properties":{"id":"1100072","nome":"Corumbiara"},"geometry":{"type":"Polygon","coordinates":[[[-61.349,-12.668],[-61.339,-12.681],[-61.344,-12.684],[-61.344,-12.694],[-61.328,-12.703],[-61.32,-12.703],[-61.315,-12.71],[-61.293,-12.722],[-61.287,-12.723],[-61.282,-12.72],[-61.274,-12.726],[-61.269,-12.723],[-61.251,-12.732],[-61.244,-12.729],[-61.234,-12.732],[-61.228,-12.747],[-61.216,-12.75],[-61.21,-12.747],[-61.199,-12.748],[-61.191,-12.763],[-61.195,-12.77],[-61.19,-12.775],[-61.194,-12.784],[-61.193,-12.792],[-61.176,-12.769],[-61.167,-12.753],[-61.17,-12.746],[-61.168,-12.738],[-61.166,-12.731],[-61.14,-12.726],[-61.132,-12.727],[-61.124,-12.727],[-61.105,-12.715],[-61.092,-12.715],[-61.088,-12.708],[-61.078,-12.702],[-61.058,-12.704],[-61.053,-12.717],[-61.045,-12.722],[-61.048,-12.731],[-61.042,-12.748],[-61.03,-12.758],[-61.029,-12.77],[-61.017,-12.767],[-61.006,-12.774],[-61.006,-12.763],[-60.996,-12.759],[-60.989,-12.749],[-60.984,-12.75],[-60.983,-12.761],[-60.965,-12.788],[-60.965,-12.799],[-60.971,-12.809],[-60.968,-12.83],[-60.979,-12.843],[-60.973,-12.855],[-60.977,-12.875],[-60.985,-12.888],[-60.98,-12.889],[-60.978,-12.9],[-60.972,-12.908],[-60.972,-12.932],[-60.97,-12.938],[-60.967,-12.938],[-60.937,-12.916],[-60.931,-12.891],[-60.918,-12.88],[-60.91,-12.867],[-60.907,-12.854],[-60.899,-12.846],[-60.889,-12.845],[-60.873,-12.837],[-60.868,-12.822],[-60.847,-12.823],[-60.839,-12.811],[-60.828,-12.806],[-60.814,-12.82],[-60.813,-12.819],[-60.79,-12.815],[-60.786,-12.843],[-60.782,-12.852],[-60.776,-12.853],[-60.774,-12.845],[-60.76,-12.826],[-60.736,-12.817],[-60.725,-12.805],[-60.72,-12.81],[-60.721,-12.817],[-60.705,-12.832],[-60.688,-12.832],[-60.674,-12.844],[-60.673,-12.849],[-60.665,-12.851],[-60.655,-12.863],[-60.645,-12.901],[-60.649,-12.933],[-60.643,-12.94],[-60.643,-12.947],[-60.652,-12.974],[-60.651,-12.981],[-60.663,-12.988],[-60.674,-12.994],[-60.698,-12.993],[-60.706,-12.996],[-60.712,-13.001],[-60.71,-13.027],[-60.727,-13.032],[-60.731,-13.037],[-60.737,-13.043],[-60.741,-13.062],[-60.737,-13.072],[-60.728,-13.08],[-60.737,-13.097],[-60.742,-13.122],[-60.762,-13.131],[-60.773,-13.131],[-60.78,-13.125],[-60.787,-13.128],[-60.795,-13.123],[-60.803,-13.118],[-60.821,-13.119],[-60.822,-13.107],[-60.83,-13.102],[-60.839,-13.102],[-60.851,-13.096],[-60.874,-13.111],[-60.885,-13.112],[-60.898,-13.113],[-60.911,-13.121],[-60.932,-13.121],[-60.951,-13.134],[-60.963,-13.135],[-61.0,-13.105],[-61.017,-13.115],[-61.038,-13.122],[-61.043,-13.123],[-61.064,-13.123],[-61.098,-13.117],[-61.104,-13.121],[-61.113,-13.115],[-61.125,-13.118],[-61.14,-13.117],[-61.153,-13.111],[-61.181,-13.11],[-61.202,-13.089],[-61.207,-13.087],[-61.222,-13.09],[-61.242,-13.085],[-61.248,-13.08],[-61.254,-13.082],[-61.271,-13.068],[-61.276,-13.071],[-61.284,-13.066],[-61.298,-13.068],[-61.316,-13.055],[-61.327,-13.059],[-61.332,-13.057],[-61.338,-13.048],[-61.347,-13.048],[-61.359,-13.041],[-61.378,-13.044],[-61.413,-13.027],[-61.434,-13.012],[-61.459,-13.012],[-61.47,-13.009],[-61.479,-13.011],[-61.5,-13.004],[-61.515,-12.993],[-61.515,-12.989],[-61.506,-12.977],[-61.507,-12.962],[-61.499,-12.954],[-61.499,-12.948],[-61.495,-12.946],[-61.49,-12.929],[-61.486,-12.926],[-61.486,-12.912],[-61.475,-12.906],[-61.47,-12.896],[-61.469,-12.886],[-61.46,-12.867],[-61.469,-12.843],[-61.459,-12.822],[-61.459,-12.815],[-61.442,-12.799],[-61.439,-12.785],[-61.441,-12.767],[-61.43,-12.747],[-61.427,-12.733],[-61.424,-12.729],[-61.411,-12.73],[-61.383,-12.722],[-61.371,-12.712],[-61.371,-12.708],[-61.377,-12.703],[-61.38,-12.709],[-61.385,-12.708],[-61.388,-12.693],[-61.382,-12.688],[-61.384,-12.684],[-61.392,-12.685],[-61.392,-12.682],[-61.379,-12.666],[-61.366,-12.67],[-61.358,-12.646],[-61.338,-12.626],[-61.331,-12.638],[-61.338,-12.659],[-61.342,-12.666],[-61.349,-12.668]]]}},{"type":"Feature","properties":{"id":"1100080","nome":"Costa Marques"},"geometry":{"type":"Polygon","coordinates":[[[-63.716,-11.649],[-63.706,-11.65],[-63.697,-11.641],[-63.691,-11.642],[-63.688,-11.651],[-63.679,-11.644],[-63.674,-11.656],[-63.658,-11.673],[-63.652,-11.689],[-63.638,-11.689],[-63.623,-11.699],[-63.605,-11.705],[-63.6,-11.703],[-63.589,-11.712],[-63.575,-11.713],[-63.546,-11.727],[-63.544,-11.73],[-63.544,-11.745],[-63.549,-11.757],[-63.559,-11.764],[-63.568,-11.763],[-63.585,-11.773],[-63.587,-11.78],[-63.601,-11.787],[-63.606,-11.8],[-63.581,-11.839],[-63.788,-11.838],[-63.787,-11.833],[-63.818,-11.833],[-63.82,-11.839],[-63.817,-11.853],[-63.825,-11.871],[-63.834,-11.874],[-63.848,-11.872],[-63.861,-11.885],[-63.863,-11.894],[-63.858,-11.92],[-63.873,-11.942],[-63.882,-11.944],[-63.887,-11.956],[-63.9,-11.966],[-63.92,-11.968],[-63.949,-11.983],[-63.956,-11.991],[-63.959,-12.001],[-63.964,-12.011],[-63.991,-12.026],[-63.997,-12.038],[-64.0,-12.06],[-63.993,-12.09],[-64.001,-12.093],[-64.012,-12.119],[-64.023,-12.128],[-64.034,-12.152],[-64.043,-12.158],[-64.044,-12.155],[-64.047,-12.158],[-64.056,-12.157],[-64.059,-12.175],[-64.075,-12.182],[-64.085,-12.183],[-64.085,-12.185],[-64.051,-12.218],[-64.03,-12.224],[-63.995,-12.219],[-63.984,-12.207],[-63.969,-12.215],[-63.937,-12.217],[-63.922,-12.207],[-63.907,-12.187],[-63.881,-12.182],[-63.85,-12.185],[-63.847,-12.192],[-63.798,-12.198],[-63.789,-12.197],[-63.789,-12.191],[-63.775,-12.206],[-63.765,-12.232],[-63.747,-12.244],[-63.749,-12.261],[-63.743,-12.292],[-63.739,-12.301],[-63.729,-12.307],[-63.725,-12.323],[-63.714,-12.334],[-63.648,-12.334],[-63.65,-12.356],[-63.645,-12.362],[-63.644,-12.371],[-63.633,-12.378],[-63.624,-12.399],[-63.627,-12.424],[-63.642,-12.431],[-63.651,-12.445],[-63.684,-12.453],[-63.733,-12.438],[-63.764,-12.442],[-63.786,-12.428],[-63.79,-12.429],[-63.803,-12.447],[-63.818,-12.447],[-63.833,-12.463],[-63.85,-12.46],[-63.873,-12.447],[-63.885,-12.446],[-63.89,-12.454],[-63.889,-12.465],[-63.9,-12.482],[-63.897,-12.499],[-63.9,-12.506],[-63.907,-12.51],[-63.921,-12.511],[-63.94,-12.527],[-63.957,-12.531],[-63.968,-12.526],[-63.995,-12.503],[-64.0,-12.503],[-64.003,-12.513],[-64.009,-12.518],[-64.021,-12.508],[-64.032,-12.515],[-64.04,-12.515],[-64.05,-12.497],[-64.059,-12.491],[-64.065,-12.491],[-64.074,-12.5],[-64.081,-12.501],[-64.088,-12.497],[-64.089,-12.486],[-64.092,-12.484],[-64.098,-12.485],[-64.102,-12.493],[-64.115,-12.504],[-64.122,-12.505],[-64.122,-12.486],[-64.128,-12.478],[-64.135,-12.476],[-64.143,-12.481],[-64.146,-12.501],[-64.151,-12.509],[-64.164,-12.514],[-64.173,-12.507],[-64.172,-12.467],[-64.184,-12.466],[-64.19,-12.472],[-64.196,-12.472],[-64.208,-12.462],[-64.219,-12.462],[-64.231,-12.455],[-64.252,-12.475],[-64.269,-12.488],[-64.279,-12.5],[-64.284,-12.503],[-64.29,-12.501],[-64.298,-12.49],[-64.29,-12.469],[-64.292,-12.459],[-64.323,-12.456],[-64.349,-12.46],[-64.364,-12.456],[-64.4,-12.449],[-64.416,-12.441],[-64.423,-12.432],[-64.447,-12.409],[-64.459,-12.387],[-64.478,-12.379],[-64.5,-12.365],[-64.512,-12.347],[-64.511,-12.34],[-64.5,-12.33],[-64.492,-12.294],[-64.496,-12.263],[-64.506,-12.227],[-64.512,-12.222],[-64.523,-12.225],[-64.547,-12.242],[-64.557,-12.238],[-64.568,-12.219],[-64.575,-12.215],[-64.594,-12.215],[-64.586,-12.185],[-64.578,-12.178],[-64.552,-12.181],[-64.543,-12.191],[-64.543,-12.201],[-64.539,-12.215],[-64.525,-12.211],[-64.517,-12.213],[-64.513,-12.2],[-64.504,-12.195],[-64.498,-12.196],[-64.484,-12.209],[-64.48,-12.203],[-64.469,-12.199],[-64.466,-12.197],[-64.469,-12.189],[-64.474,-12.191],[-64.476,-12.186],[-64.472,-12.182],[-64.453,-12.182],[-64.446,-12.172],[-64.447,-12.163],[-64.443,-12.158],[-64.439,-12.16],[-64.437,-12.157],[-64.448,-12.15],[-64.447,-12.144],[-64.44,-12.14],[-64.432,-12.13],[-64.426,-12.135],[-64.422,-12.127],[-64.425,-12.119],[-64.421,-12.108],[-64.418,-12.114],[-64.411,-12.108],[-64.399,-12.112],[-64.398,-12.105],[-64.387,-12.106],[-64.388,-12.111],[-64.384,-12.111],[-64.379,-12.1],[-64.381,-12.092],[-64.376,-12.089],[-64.378,-12.082],[-64.375,-12.079],[-64.38,-12.079],[-64.376,-12.071],[-64.375,-12.059],[-64.365,-12.052],[-64.353,-12.036],[-64.348,-12.038],[-64.323,-12.01],[-64.316,-12.009],[-64.305,-12.016],[-64.3,-12.016],[-64.301,-12.01],[-64.295,-12.008],[-64.292,-12.01],[-64.287,-12.004],[-64.285,-11.996],[-64.278,-11.995],[-64.277,-11.999],[-64.274,-11.995],[-64.26,-11.992],[-64.254,-11.981],[-64.245,-11.98],[-64.239,-11.973],[-64.245,-11.971],[-64.242,-11.966],[-64.258,-11.96],[-64.257,-11.954],[-64.245,-11.947],[-64.237,-11.935],[-64.225,-11.933],[-64.219,-11.922],[-64.215,-11.925],[-64.216,-11.917],[-64.212,-11.923],[-64.208,-11.916],[-64.202,-11.919],[-64.206,-11.912],[-64.2,-11.908],[-64.175,-11.912],[-64.174,-11.917],[-64.169,-11.912],[-64.169,-11.916],[-64.165,-11.917],[-64.166,-11.911],[-64.163,-11.91],[-64.161,-11.913],[-64.157,-11.91],[-64.155,-11.913],[-64.154,-11.903],[-64.15,-11.903],[-64.144,-11.896],[-64.14,-11.885],[-64.144,-11.883],[-64.13,-11.872],[-64.13,-11.867],[-64.135,-11.864],[-64.131,-11.861],[-64.128,-11.863],[-64.121,-11.848],[-64.121,-11.84],[-64.124,-11.841],[-64.127,-11.836],[-64.127,-11.829],[-64.121,-11.831],[-64.117,-11.827],[-64.107,-11.814],[-64.11,-11.807],[-64.097,-11.793],[-64.103,-11.788],[-64.101,-11.783],[-64.088,-11.783],[-64.078,-11.775],[-64.077,-11.77],[-64.064,-11.771],[-64.053,-11.765],[-64.05,-11.766],[-64.046,-11.758],[-64.04,-11.764],[-64.036,-11.753],[-64.043,-11.751],[-64.042,-11.746],[-64.031,-11.743],[-64.025,-11.745],[-64.024,-11.759],[-64.019,-11.763],[-64.001,-11.752],[-63.994,-11.752],[-63.991,-11.747],[-63.98,-11.747],[-63.974,-11.754],[-63.966,-11.745],[-63.966,-11.74],[-63.966,-11.735],[-63.963,-11.738],[-63.949,-11.729],[-63.935,-11.726],[-63.923,-11.73],[-63.902,-11.718],[-63.896,-11.722],[-63.879,-11.728],[-63.869,-11.709],[-63.859,-11.704],[-63.844,-11.685],[-63.838,-11.68],[-63.832,-11.684],[-63.821,-11.674],[-63.811,-11.671],[-63.806,-11.674],[-63.799,-11.668],[-63.786,-11.667],[-63.776,-11.661],[-63.77,-11.666],[-63.744,-11.662],[-63.741,-11.649],[-63.727,-11.646],[-63.727,-11.64],[-63.723,-11.64],[-63.716,-11.649]]]}},{"type":"Feature","properties":{"id":"1100098","nome":"Espig\u00e3o D'Oeste"},"geometry":{"type":"Polygon","coordinates":[[[-60.52,-11.13],[-60.529,-11.136],[-60.535,-11.136],[-60.531,-11.143],[-60.518,-11.145],[-60.522,-11.158],[-60.519,-11.166],[-60.524,-11.18],[-60.533,-11.185],[-60.532,-11.2],[-60.537,-11.216],[-60.531,-11.22],[-60.528,-11.242],[-60.525,-11.243],[-60.528,-11.254],[-60.523,-11.261],[-60.514,-11.266],[-60.509,-11.274],[-60.51,-11.277],[-60.492,-11.285],[-60.483,-11.292],[-60.492,-11.305],[-60.488,-11.312],[-60.493,-11.318],[-60.494,-11.327],[-60.49,-11.333],[-60.496,-11.344],[-60.484,-11.35],[-60.487,-11.361],[-60.484,-11.368],[-60.475,-11.368],[-60.46,-11.358],[-60.462,-11.37],[-60.458,-11.384],[-60.447,-11.399],[-60.45,-11.401],[-60.447,-11.404],[-60.442,-11.407],[-60.445,-11.414],[-60.44,-11.414],[-60.442,-11.422],[-60.437,-11.424],[-60.44,-11.433],[-60.435,-11.435],[-60.438,-11.446],[-60.451,-11.451],[-60.461,-11.456],[-60.463,-11.464],[-60.473,-11.463],[-60.491,-11.482],[-60.504,-11.477],[-60.511,-11.479],[-60.518,-11.486],[-60.522,-11.5],[-60.525,-11.512],[-60.533,-11.52],[-60.532,-11.532],[-60.539,-11.542],[-60.542,-11.55],[-60.563,-11.56],[-60.577,-11.584],[-60.592,-11.589],[-60.595,-11.6],[-60.59,-11.62],[-60.639,-11.649],[-60.64,-11.66],[-60.646,-11.66],[-60.652,-11.668],[-60.656,-11.669],[-60.655,-11.674],[-60.658,-11.682],[-60.661,-11.681],[-60.664,-11.683],[-60.665,-11.684],[-60.671,-11.695],[-60.679,-11.698],[-60.701,-11.697],[-60.703,-11.699],[-60.706,-11.694],[-60.711,-11.693],[-60.713,-11.698],[-60.733,-11.695],[-60.761,-11.708],[-60.77,-11.709],[-60.783,-11.699],[-60.798,-11.702],[-60.806,-11.696],[-60.813,-11.7],[-60.821,-11.698],[-60.832,-11.706],[-60.837,-11.717],[-60.843,-11.719],[-60.841,-11.725],[-60.849,-11.728],[-60.852,-11.725],[-60.853,-11.729],[-60.857,-11.728],[-60.858,-11.722],[-60.871,-11.723],[-60.874,-11.72],[-60.878,-11.723],[-60.881,-11.72],[-60.884,-11.721],[-60.883,-11.727],[-60.889,-11.731],[-60.891,-11.722],[-60.903,-11.725],[-60.911,-11.722],[-60.918,-11.726],[-60.918,-11.733],[-60.923,-11.737],[-60.924,-11.743],[-60.92,-11.744],[-60.921,-11.749],[-60.925,-11.747],[-61.072,-11.635],[-61.094,-11.618],[-61.11,-11.606],[-61.211,-11.529],[-61.208,-11.529],[-61.193,-11.52],[-61.188,-11.509],[-61.172,-11.511],[-61.166,-11.506],[-61.161,-11.506],[-61.156,-11.5],[-61.153,-11.498],[-61.151,-11.499],[-61.139,-11.494],[-61.127,-11.493],[-61.118,-11.487],[-61.117,-11.475],[-61.111,-11.473],[-61.109,-11.462],[-61.101,-11.453],[-61.089,-11.448],[-61.082,-11.438],[-61.066,-11.447],[-61.059,-11.442],[-61.058,-11.437],[-61.058,-11.429],[-61.051,-11.422],[-61.05,-11.422],[-61.037,-11.415],[-61.03,-11.42],[-61.018,-11.418],[-61.001,-11.398],[-61.0,-11.297],[-61.0,-11.253],[-61.0,-11.054],[-61.0,-10.992],[-61.0,-10.988],[-60.949,-10.988],[-60.948,-10.988],[-60.832,-10.989],[-60.828,-10.989],[-60.806,-10.989],[-60.46,-10.989],[-60.468,-10.995],[-60.464,-11.023],[-60.475,-11.046],[-60.501,-11.064],[-60.512,-11.066],[-60.514,-11.074],[-60.51,-11.083],[-60.514,-11.091],[-60.506,-11.098],[-60.507,-11.101],[-60.515,-11.11],[-60.527,-11.115],[-60.52,-11.13]]]}},{"type":"Feature","properties":{"id":"1100106","nome":"Guajar\u00e1-Mirim"},"geometry":{"type":"Polygon","coordinates":[[[-65.381,-10.429],[-65.36,-10.434],[-65.355,-10.432],[-65.344,-10.445],[-65.338,-10.448],[-65.34,-10.45],[-65.334,-10.467],[-65.337,-10.479],[-65.322,-10.481],[-65.308,-10.497],[-65.307,-10.502],[-65.31,-10.504],[-65.303,-10.502],[-65.297,-10.508],[-65.296,-10.512],[-65.302,-10.514],[-65.308,-10.526],[-65.306,-10.534],[-65.299,-10.534],[-65.298,-10.542],[-65.289,-10.544],[-65.289,-10.547],[-65.286,-10.544],[-65.286,-10.549],[-65.283,-10.551],[-65.262,-10.559],[-65.26,-10.553],[-65.244,-10.555],[-65.235,-10.546],[-65.23,-10.557],[-65.217,-10.553],[-65.205,-10.563],[-65.19,-10.548],[-65.19,-10.543],[-65.183,-10.539],[-65.138,-10.539],[-65.117,-10.528],[-65.11,-10.528],[-65.093,-10.528],[-65.088,-10.525],[-65.074,-10.53],[-65.066,-10.529],[-65.056,-10.523],[-65.033,-10.521],[-65.021,-10.524],[-65.004,-10.522],[-64.99,-10.515],[-64.973,-10.512],[-64.94,-10.518],[-64.934,-10.523],[-64.928,-10.538],[-64.92,-10.54],[-64.901,-10.542],[-64.882,-10.529],[-64.868,-10.523],[-64.841,-10.508],[-64.831,-10.497],[-64.826,-10.5],[-64.824,-10.51],[-64.811,-10.511],[-64.804,-10.492],[-64.79,-10.478],[-64.783,-10.477],[-64.781,-10.477],[-64.773,-10.478],[-64.743,-10.455],[-64.723,-10.528],[-64.707,-10.584],[-64.692,-10.639],[-64.66,-10.766],[-64.645,-10.779],[-64.639,-10.788],[-64.637,-10.786],[-64.633,-10.79],[-64.626,-10.788],[-64.627,-10.792],[-64.615,-10.795],[-64.615,-10.799],[-64.6,-10.8],[-64.593,-10.809],[-64.583,-10.807],[-64.578,-10.81],[-64.562,-10.806],[-64.555,-10.797],[-64.543,-10.792],[-64.539,-10.794],[-64.537,-10.8],[-64.53,-10.803],[-64.524,-10.816],[-64.518,-10.816],[-64.516,-10.813],[-64.509,-10.814],[-64.493,-10.831],[-64.48,-10.833],[-64.472,-10.827],[-64.466,-10.829],[-64.463,-10.827],[-64.455,-10.831],[-64.455,-10.834],[-64.448,-10.832],[-64.448,-10.835],[-64.445,-10.834],[-64.432,-10.827],[-64.409,-10.824],[-64.412,-10.816],[-64.409,-10.806],[-64.412,-10.797],[-64.408,-10.792],[-64.402,-10.795],[-64.396,-10.791],[-64.386,-10.774],[-64.383,-10.774],[-64.382,-10.77],[-64.38,-10.768],[-64.364,-10.775],[-64.356,-10.764],[-64.344,-10.757],[-64.324,-10.759],[-64.318,-10.754],[-64.29,-10.761],[-64.287,-10.757],[-64.272,-10.755],[-64.262,-10.761],[-64.252,-10.753],[-64.243,-10.755],[-64.236,-10.753],[-64.233,-10.763],[-64.221,-10.76],[-64.21,-10.771],[-64.203,-10.776],[-64.204,-10.785],[-64.198,-10.791],[-64.197,-10.798],[-64.19,-10.799],[-64.179,-10.816],[-64.164,-10.826],[-64.16,-10.835],[-64.155,-10.831],[-64.151,-10.841],[-64.134,-10.861],[-64.127,-10.861],[-64.127,-10.858],[-64.124,-10.857],[-64.113,-10.867],[-64.108,-10.862],[-64.083,-10.86],[-64.064,-10.87],[-64.058,-10.867],[-64.048,-10.871],[-64.02,-10.866],[-64.013,-10.861],[-64.008,-10.838],[-64.0,-10.836],[-63.993,-10.839],[-63.985,-10.836],[-63.981,-10.837],[-63.976,-10.848],[-63.969,-10.85],[-63.971,-10.862],[-63.966,-10.868],[-63.951,-10.862],[-63.931,-10.873],[-63.92,-10.87],[-63.919,-10.87],[-63.706,-10.84],[-63.68,-10.832],[-63.624,-10.841],[-63.618,-10.838],[-63.613,-10.829],[-63.594,-10.824],[-63.577,-10.831],[-63.572,-10.84],[-63.571,-10.875],[-63.588,-10.887],[-63.604,-10.886],[-63.607,-10.902],[-63.604,-10.907],[-63.608,-10.913],[-63.607,-10.93],[-63.601,-10.941],[-63.604,-10.956],[-63.595,-10.955],[-63.591,-10.958],[-63.582,-10.972],[-63.583,-10.979],[-63.579,-10.986],[-63.577,-10.994],[-63.587,-11.003],[-63.614,-11.001],[-63.626,-11.005],[-63.63,-11.005],[-63.623,-11.012],[-63.617,-11.015],[-63.594,-11.018],[-63.58,-11.031],[-63.585,-11.045],[-63.581,-11.054],[-63.585,-11.059],[-63.582,-11.069],[-63.593,-11.08],[-63.593,-11.095],[-63.602,-11.139],[-63.596,-11.149],[-63.597,-11.163],[-63.587,-11.183],[-63.587,-11.209],[-63.582,-11.212],[-63.577,-11.225],[-63.584,-11.227],[-63.59,-11.239],[-63.585,-11.247],[-63.59,-11.248],[-63.593,-11.254],[-63.593,-11.26],[-63.588,-11.26],[-63.59,-11.265],[-63.586,-11.273],[-63.588,-11.283],[-63.575,-11.282],[-63.552,-11.307],[-63.541,-11.306],[-63.537,-11.308],[-63.537,-11.316],[-63.543,-11.326],[-63.529,-11.338],[-63.521,-11.358],[-63.521,-11.369],[-63.519,-11.371],[-63.54,-11.38],[-63.539,-11.388],[-63.544,-11.391],[-63.548,-11.388],[-63.548,-11.392],[-63.552,-11.393],[-63.557,-11.403],[-63.548,-11.413],[-63.553,-11.417],[-63.558,-11.418],[-63.565,-11.412],[-63.58,-11.416],[-63.582,-11.411],[-63.593,-11.416],[-63.598,-11.412],[-63.601,-11.413],[-63.595,-11.424],[-63.599,-11.437],[-63.591,-11.445],[-63.598,-11.442],[-63.605,-11.457],[-63.603,-11.467],[-63.607,-11.471],[-63.607,-11.481],[-63.614,-11.482],[-63.617,-11.489],[-63.606,-11.491],[-63.594,-11.504],[-63.603,-11.506],[-63.612,-11.52],[-63.61,-11.529],[-63.616,-11.531],[-63.612,-11.537],[-63.623,-11.538],[-63.621,-11.542],[-63.616,-11.542],[-63.613,-11.549],[-63.615,-11.554],[-63.608,-11.556],[-63.604,-11.563],[-63.608,-11.57],[-63.604,-11.584],[-63.598,-11.593],[-63.604,-11.602],[-63.617,-11.599],[-63.62,-11.605],[-63.636,-11.607],[-63.646,-11.626],[-63.659,-11.608],[-63.666,-11.619],[-63.666,-11.63],[-63.679,-11.624],[-63.675,-11.64],[-63.679,-11.644],[-63.688,-11.651],[-63.691,-11.642],[-63.697,-11.641],[-63.706,-11.65],[-63.716,-11.649],[-63.723,-11.64],[-63.727,-11.64],[-63.727,-11.646],[-63.741,-11.649],[-63.744,-11.662],[-63.77,-11.666],[-63.776,-11.661],[-63.786,-11.667],[-63.799,-11.668],[-63.806,-11.674],[-63.811,-11.671],[-63.821,-11.674],[-63.832,-11.684],[-63.838,-11.68],[-63.844,-11.685],[-63.859,-11.704],[-63.869,-11.709],[-63.879,-11.728],[-63.896,-11.722],[-63.902,-11.718],[-63.923,-11.73],[-63.935,-11.726],[-63.949,-11.729],[-63.963,-11.738],[-63.966,-11.735],[-63.966,-11.74],[-63.966,-11.745],[-63.974,-11.754],[-63.98,-11.747],[-63.991,-11.747],[-63.994,-11.752],[-64.001,-11.752],[-64.019,-11.763],[-64.024,-11.759],[-64.025,-11.745],[-64.031,-11.743],[-64.042,-11.746],[-64.043,-11.751],[-64.036,-11.753],[-64.04,-11.764],[-64.046,-11.758],[-64.05,-11.766],[-64.053,-11.765],[-64.064,-11.771],[-64.077,-11.77],[-64.078,-11.775],[-64.088,-11.783],[-64.101,-11.783],[-64.103,-11.788],[-64.097,-11.793],[-64.11,-11.807],[-64.107,-11.814],[-64.117,-11.827],[-64.121,-11.831],[-64.127,-11.829],[-64.127,-11.836],[-64.124,-11.841],[-64.121,-11.84],[-64.121,-11.848],[-64.128,-11.863],[-64.131,-11.861],[-64.135,-11.864],[-64.13,-11.867],[-64.13,-11.872],[-64.144,-11.883],[-64.14,-11.885],[-64.144,-11.896],[-64.15,-11.903],[-64.154,-11.903],[-64.155,-11.913],[-64.157,-11.91],[-64.161,-11.913],[-64.163,-11.91],[-64.166,-11.911],[-64.165,-11.917],[-64.169,-11.916],[-64.169,-11.912],[-64.174,-11.917],[-64.175,-11.912],[-64.2,-11.908],[-64.206,-11.912],[-64.202,-11.919],[-64.208,-11.916],[-64.212,-11.923],[-64.216,-11.917],[-64.215,-11.925],[-64.219,-11.922],[-64.225,-11.933],[-64.237,-11.935],[-64.245,-11.947],[-64.257,-11.954],[-64.258,-11.96],[-64.242,-11.966],[-64.245,-11.971],[-64.239,-11.973],[-64.245,-11.98],[-64.254,-11.981],[-64.26,-11.992],[-64.274,-11.995],[-64.277,-11.999],[-64.278,-11.995],[-64.285,-11.996],[-64.287,-12.004],[-64.292,-12.01],[-64.295,-12.008],[-64.301,-12.01],[-64.3,-12.016],[-64.305,-12.016],[-64.316,-12.009],[-64.323,-12.01],[-64.348,-12.038],[-64.353,-12.036],[-64.365,-12.052],[-64.375,-12.059],[-64.376,-12.071],[-64.38,-12.079],[-64.375,-12.079],[-64.378,-12.082],[-64.376,-12.089],[-64.381,-12.092],[-64.379,-12.1],[-64.384,-12.111],[-64.388,-12.111],[-64.387,-12.106],[-64.398,-12.105],[-64.399,-12.112],[-64.411,-12.108],[-64.418,-12.114],[-64.421,-12.108],[-64.425,-12.119],[-64.422,-12.127],[-64.426,-12.135],[-64.432,-12.13],[-64.44,-12.14],[-64.447,-12.144],[-64.448,-12.15],[-64.437,-12.157],[-64.439,-12.16],[-64.443,-12.158],[-64.447,-12.163],[-64.446,-12.172],[-64.453,-12.182],[-64.472,-12.182],[-64.476,-12.186],[-64.474,-12.191],[-64.469,-12.189],[-64.466,-12.197],[-64.469,-12.199],[-64.48,-12.203],[-64.484,-12.209],[-64.498,-12.196],[-64.504,-12.195],[-64.513,-12.2],[-64.517,-12.213],[-64.525,-12.211],[-64.539,-12.215],[-64.543,-12.201],[-64.543,-12.191],[-64.552,-12.181],[-64.578,-12.178],[-64.586,-12.185],[-64.594,-12.215],[-64.616,-12.214],[-64.671,-12.192],[-64.698,-12.187],[-64.712,-12.173],[-64.717,-12.142],[-64.713,-12.123],[-64.698,-12.103],[-64.697,-12.096],[-64.712,-12.086],[-64.721,-12.088],[-64.738,-12.099],[-64.733,-12.118],[-64.736,-12.14],[-64.741,-12.151],[-64.749,-12.157],[-64.762,-12.154],[-64.769,-12.143],[-64.757,-12.112],[-64.759,-12.102],[-64.765,-12.096],[-64.788,-12.085],[-64.803,-12.087],[-64.821,-12.118],[-64.832,-12.121],[-64.842,-12.105],[-64.842,-12.094],[-64.832,-12.081],[-64.811,-12.068],[-64.809,-12.059],[-64.812,-12.044],[-64.828,-12.018],[-64.839,-12.01],[-64.848,-12.009],[-64.856,-12.012],[-64.883,-12.013],[-64.916,-12.028],[-64.929,-12.02],[-64.941,-11.998],[-64.948,-11.993],[-64.964,-11.999],[-64.97,-12.016],[-64.976,-12.018],[-64.984,-12.014],[-65.0,-11.993],[-65.008,-11.993],[-65.022,-11.999],[-65.03,-11.996],[-65.035,-11.988],[-65.025,-11.97],[-65.032,-11.966],[-65.039,-11.97],[-65.041,-11.961],[-65.027,-11.945],[-65.014,-11.901],[-65.018,-11.892],[-65.032,-11.887],[-65.057,-11.884],[-65.07,-11.869],[-65.07,-11.856],[-65.061,-11.824],[-65.059,-11.79],[-65.079,-11.736],[-65.08,-11.72],[-65.088,-11.709],[-65.099,-11.706],[-65.128,-11.72],[-65.182,-11.721],[-65.186,-11.728],[-65.176,-11.741],[-65.173,-11.752],[-65.181,-11.756],[-65.204,-11.749],[-65.244,-11.726],[-65.255,-11.715],[-65.26,-11.706],[-65.259,-11.699],[-65.231,-11.673],[-65.217,-11.652],[-65.218,-11.641],[-65.231,-11.618],[-65.226,-11.607],[-65.225,-11.596],[-65.234,-11.582],[-65.234,-11.57],[-65.213,-11.547],[-65.211,-11.532],[-65.214,-11.523],[-65.224,-11.516],[-65.257,-11.514],[-65.298,-11.504],[-65.304,-11.501],[-65.309,-11.493],[-65.324,-11.416],[-65.327,-11.384],[-65.335,-11.355],[-65.329,-11.34],[-65.297,-11.335],[-65.291,-11.331],[-65.291,-11.324],[-65.298,-11.316],[-65.337,-11.313],[-65.345,-11.305],[-65.361,-11.251],[-65.36,-11.223],[-65.348,-11.211],[-65.323,-11.21],[-65.318,-11.199],[-65.324,-11.187],[-65.33,-11.185],[-65.343,-11.19],[-65.35,-11.186],[-65.363,-11.147],[-65.362,-11.137],[-65.348,-11.118],[-65.328,-11.105],[-65.286,-11.092],[-65.279,-11.079],[-65.28,-11.063],[-65.3,-11.039],[-65.301,-11.032],[-65.269,-11.0],[-65.252,-10.993],[-65.25,-10.984],[-65.266,-10.964],[-65.274,-10.944],[-65.285,-10.927],[-65.283,-10.919],[-65.266,-10.921],[-65.275,-10.871],[-65.32,-10.822],[-65.339,-10.808],[-65.354,-10.805],[-65.366,-10.796],[-65.365,-10.78],[-65.351,-10.781],[-65.348,-10.778],[-65.345,-10.759],[-65.349,-10.743],[-65.343,-10.716],[-65.344,-10.69],[-65.348,-10.672],[-65.358,-10.657],[-65.36,-10.655],[-65.375,-10.646],[-65.397,-10.645],[-65.404,-10.642],[-65.405,-10.633],[-65.41,-10.63],[-65.416,-10.618],[-65.409,-10.614],[-65.41,-10.601],[-65.402,-10.592],[-65.397,-10.589],[-65.398,-10.579],[-65.404,-10.553],[-65.42,-10.534],[-65.41,-10.508],[-65.424,-10.493],[-65.429,-10.481],[-65.423,-10.464],[-65.402,-10.462],[-65.39,-10.447],[-65.381,-10.429]]]}},{"type":"Feature","properties":{"id":"1100114","nome":"Jaru"},"geometry":{"type":"Polygon","coordinates":[[[-62.134,-10.224],[-62.137,-10.235],[-62.14,-10.26],[-62.145,-10.265],[-62.142,-10.273],[-62.133,-10.274],[-62.139,-10.29],[-62.141,-10.304],[-62.138,-10.315],[-62.135,-10.321],[-62.14,-10.327],[-62.135,-10.339],[-62.121,-10.355],[-62.131,-10.363],[-62.259,-10.476],[-62.293,-10.506],[-62.328,-10.537],[-62.354,-10.56],[-62.368,-10.572],[-62.385,-10.587],[-62.413,-10.611],[-62.447,-10.641],[-62.474,-10.665],[-62.488,-10.677],[-62.499,-10.687],[-62.525,-10.709],[-62.554,-10.735],[-62.582,-10.76],[-62.613,-10.786],[-62.639,-10.809],[-62.664,-10.831],[-62.69,-10.854],[-62.707,-10.869],[-62.717,-10.878],[-62.74,-10.899],[-62.747,-10.904],[-62.776,-10.93],[-62.798,-10.95],[-62.802,-10.953],[-62.83,-10.978],[-62.855,-10.999],[-62.891,-11.03],[-62.897,-11.029],[-62.9,-11.031],[-62.905,-11.028],[-62.911,-11.034],[-62.923,-11.031],[-62.931,-11.033],[-62.948,-11.03],[-62.954,-11.036],[-62.969,-11.03],[-62.98,-11.034],[-62.984,-11.031],[-62.99,-11.036],[-63.006,-11.04],[-63.041,-11.037],[-63.052,-11.051],[-63.066,-11.059],[-63.075,-11.059],[-63.092,-11.053],[-63.117,-11.07],[-63.133,-11.074],[-63.142,-11.071],[-63.145,-11.047],[-63.138,-11.02],[-63.13,-11.012],[-63.12,-11.009],[-63.116,-10.998],[-63.103,-10.995],[-63.097,-10.99],[-63.093,-10.972],[-63.083,-10.976],[-63.068,-10.971],[-63.062,-10.969],[-63.063,-10.964],[-63.053,-10.964],[-63.047,-10.949],[-63.029,-10.952],[-63.023,-10.947],[-63.003,-10.942],[-63.0,-10.938],[-63.0,-10.912],[-62.979,-10.9],[-62.977,-10.891],[-62.965,-10.887],[-62.962,-10.883],[-62.953,-10.882],[-62.951,-10.876],[-62.943,-10.877],[-62.932,-10.871],[-62.935,-10.863],[-62.931,-10.858],[-62.932,-10.853],[-62.922,-10.848],[-62.923,-10.844],[-62.918,-10.841],[-62.919,-10.838],[-62.914,-10.835],[-62.916,-10.831],[-62.907,-10.825],[-62.898,-10.822],[-62.889,-10.834],[-62.875,-10.837],[-62.865,-10.836],[-62.863,-10.838],[-62.858,-10.83],[-62.845,-10.827],[-62.844,-10.82],[-62.837,-10.822],[-62.831,-10.814],[-62.827,-10.813],[-62.822,-10.8],[-62.817,-10.8],[-62.814,-10.794],[-62.812,-10.797],[-62.808,-10.793],[-62.8,-10.796],[-62.793,-10.791],[-62.799,-10.783],[-62.79,-10.777],[-62.791,-10.768],[-62.788,-10.766],[-62.787,-10.758],[-62.795,-10.734],[-62.789,-10.723],[-62.783,-10.726],[-62.779,-10.719],[-62.768,-10.717],[-62.766,-10.711],[-62.761,-10.712],[-62.761,-10.705],[-62.762,-10.702],[-62.754,-10.705],[-62.736,-10.7],[-62.73,-10.687],[-62.722,-10.685],[-62.723,-10.68],[-62.72,-10.681],[-62.715,-10.677],[-62.713,-10.671],[-62.706,-10.673],[-62.705,-10.678],[-62.699,-10.678],[-62.696,-10.672],[-62.686,-10.675],[-62.678,-10.67],[-62.671,-10.671],[-62.671,-10.661],[-62.667,-10.659],[-62.667,-10.655],[-62.655,-10.656],[-62.654,-10.653],[-62.65,-10.652],[-62.653,-10.641],[-62.648,-10.632],[-62.643,-10.63],[-62.649,-10.61],[-62.643,-10.604],[-62.636,-10.605],[-62.625,-10.594],[-62.631,-10.586],[-62.62,-10.573],[-62.62,-10.57],[-62.625,-10.569],[-62.626,-10.561],[-62.618,-10.555],[-62.613,-10.56],[-62.612,-10.555],[-62.581,-10.546],[-62.58,-10.542],[-62.571,-10.528],[-62.571,-10.517],[-62.574,-10.51],[-62.577,-10.511],[-62.588,-10.498],[-62.6,-10.511],[-62.614,-10.519],[-62.629,-10.517],[-62.637,-10.523],[-62.645,-10.523],[-62.654,-10.531],[-62.665,-10.533],[-62.672,-10.531],[-62.682,-10.532],[-62.699,-10.523],[-62.717,-10.528],[-62.718,-10.527],[-62.722,-10.525],[-62.734,-10.529],[-62.742,-10.524],[-62.741,-10.517],[-62.747,-10.519],[-62.75,-10.514],[-62.754,-10.507],[-62.761,-10.511],[-62.771,-10.507],[-62.777,-10.504],[-62.788,-10.492],[-62.763,-10.447],[-62.752,-10.428],[-62.692,-10.326],[-62.67,-10.287],[-62.669,-10.288],[-62.585,-10.35],[-62.584,-10.351],[-62.557,-10.372],[-62.467,-10.282],[-62.459,-10.299],[-62.422,-10.298],[-62.404,-10.313],[-62.39,-10.308],[-62.383,-10.309],[-62.385,-10.312],[-62.379,-10.318],[-62.372,-10.316],[-62.371,-10.322],[-62.368,-10.324],[-62.359,-10.324],[-62.353,-10.32],[-62.352,-10.325],[-62.346,-10.316],[-62.338,-10.311],[-62.339,-10.306],[-62.333,-10.298],[-62.316,-10.291],[-62.31,-10.281],[-62.291,-10.274],[-62.29,-10.279],[-62.282,-10.264],[-62.269,-10.266],[-62.263,-10.263],[-62.262,-10.259],[-62.256,-10.256],[-62.256,-10.252],[-62.252,-10.252],[-62.252,-10.247],[-62.249,-10.25],[-62.237,-10.246],[-62.231,-10.252],[-62.226,-10.245],[-62.202,-10.241],[-62.198,-10.23],[-62.176,-10.223],[-62.176,-10.226],[-62.17,-10.222],[-62.134,-10.224]]]}},{"type":"Feature","properties":{"id":"1100122","nome":"Ji-Paran\u00e1"},"geometry":{"type":"Polygon","coordinates":[[[-61.574,-9.717],[-61.572,-9.724],[-61.566,-9.729],[-61.555,-9.729],[-61.531,-9.74],[-61.532,-9.758],[-61.547,-9.787],[-61.538,-9.793],[-61.524,-9.795],[-61.525,-9.807],[-61.532,-9.819],[-61.518,-9.823],[-61.515,-9.843],[-61.507,-9.861],[-61.508,-9.873],[-61.511,-9.895],[-61.524,-9.906],[-61.523,-9.928],[-61.528,-9.934],[-61.523,-9.941],[-61.523,-9.948],[-61.532,-9.952],[-61.539,-9.964],[-61.527,-9.97],[-61.531,-9.989],[-61.541,-9.995],[-61.54,-9.999],[-61.54,-10.001],[-61.555,-10.039],[-61.571,-10.046],[-61.584,-10.059],[-61.578,-10.079],[-61.583,-10.082],[-61.583,-10.095],[-61.591,-10.111],[-61.59,-10.121],[-61.601,-10.156],[-61.599,-10.159],[-61.596,-10.162],[-61.578,-10.163],[-61.558,-10.176],[-61.559,-10.193],[-61.551,-10.197],[-61.573,-10.209],[-61.573,-10.219],[-61.577,-10.226],[-61.576,-10.248],[-61.562,-10.272],[-61.554,-10.279],[-61.544,-10.301],[-61.553,-10.307],[-61.548,-10.316],[-61.54,-10.32],[-61.533,-10.331],[-61.521,-10.33],[-61.516,-10.334],[-61.511,-10.35],[-61.501,-10.353],[-61.503,-10.376],[-61.497,-10.389],[-61.489,-10.39],[-61.484,-10.4],[-61.471,-10.405],[-61.476,-10.41],[-61.476,-10.418],[-61.469,-10.415],[-61.464,-10.416],[-61.461,-10.42],[-61.467,-10.448],[-61.476,-10.454],[-61.47,-10.461],[-61.48,-10.487],[-61.479,-10.529],[-61.466,-10.541],[-61.47,-10.556],[-61.479,-10.569],[-61.477,-10.589],[-61.481,-10.596],[-61.476,-10.607],[-61.489,-10.629],[-61.478,-10.643],[-61.482,-10.653],[-61.481,-10.669],[-61.484,-10.673],[-61.492,-10.675],[-61.495,-10.683],[-61.498,-10.7],[-61.48,-10.714],[-61.472,-10.715],[-61.476,-10.722],[-61.486,-10.727],[-61.488,-10.736],[-61.48,-10.744],[-61.481,-10.76],[-61.476,-10.767],[-61.48,-10.785],[-61.473,-10.797],[-61.486,-10.8],[-61.491,-10.795],[-61.495,-10.782],[-61.505,-10.784],[-61.505,-10.789],[-61.511,-10.794],[-61.507,-10.796],[-61.503,-10.808],[-61.512,-10.822],[-61.509,-10.83],[-61.51,-10.837],[-61.521,-10.842],[-61.525,-10.855],[-61.523,-10.881],[-61.526,-10.885],[-61.519,-10.894],[-61.524,-10.904],[-61.514,-10.907],[-61.518,-10.917],[-61.523,-10.94],[-61.519,-10.949],[-61.524,-10.954],[-61.527,-10.957],[-61.53,-10.979],[-61.538,-10.975],[-61.546,-10.977],[-61.55,-10.981],[-61.55,-10.986],[-61.631,-10.986],[-61.747,-10.986],[-61.821,-10.986],[-61.841,-10.986],[-61.942,-10.986],[-61.951,-10.996],[-61.957,-11.011],[-61.946,-11.049],[-61.944,-11.058],[-61.948,-11.082],[-61.956,-11.089],[-61.976,-11.091],[-61.976,-11.103],[-61.996,-11.119],[-62.003,-11.121],[-62.005,-11.125],[-62.014,-11.128],[-62.026,-11.144],[-62.023,-11.159],[-62.025,-11.164],[-62.02,-11.174],[-62.026,-11.185],[-62.029,-11.193],[-62.028,-11.208],[-62.038,-11.213],[-62.041,-11.21],[-62.041,-11.198],[-62.045,-11.194],[-62.047,-11.182],[-62.044,-11.175],[-62.05,-11.165],[-62.043,-11.151],[-62.047,-11.146],[-62.041,-11.132],[-62.056,-11.12],[-62.055,-11.108],[-62.061,-11.104],[-62.061,-11.096],[-62.065,-11.095],[-62.079,-11.075],[-62.076,-11.068],[-62.096,-11.045],[-62.097,-11.03],[-62.091,-11.024],[-62.089,-11.018],[-62.093,-11.015],[-62.093,-11.011],[-62.089,-11.01],[-62.103,-11.001],[-62.108,-11.004],[-62.114,-11.0],[-62.118,-11.003],[-62.122,-11.015],[-62.126,-11.015],[-62.132,-11.024],[-62.144,-11.03],[-62.155,-11.026],[-62.158,-11.018],[-62.164,-11.014],[-62.162,-11.003],[-62.15,-10.969],[-62.137,-10.935],[-62.124,-10.903],[-62.122,-10.899],[-62.11,-10.869],[-62.095,-10.833],[-62.081,-10.798],[-62.072,-10.777],[-62.066,-10.762],[-62.054,-10.731],[-62.033,-10.68],[-62.019,-10.646],[-61.96,-10.498],[-61.936,-10.49],[-61.926,-10.484],[-61.926,-10.476],[-61.916,-10.466],[-61.912,-10.454],[-61.916,-10.445],[-61.914,-10.425],[-61.908,-10.418],[-61.907,-10.405],[-61.904,-10.406],[-61.908,-10.394],[-61.899,-10.386],[-61.898,-10.381],[-61.906,-10.369],[-61.904,-10.339],[-61.909,-10.331],[-61.893,-10.32],[-61.886,-10.321],[-61.855,-10.304],[-61.843,-10.305],[-61.84,-10.309],[-61.832,-10.305],[-61.829,-10.307],[-61.828,-10.304],[-61.828,-10.296],[-61.842,-10.27],[-61.845,-10.255],[-61.855,-10.239],[-61.863,-10.221],[-61.865,-10.206],[-61.876,-10.197],[-61.89,-10.193],[-61.913,-10.171],[-61.916,-10.166],[-61.909,-10.151],[-61.912,-10.133],[-61.91,-10.117],[-61.91,-10.116],[-61.923,-10.095],[-61.938,-10.083],[-61.952,-10.079],[-61.968,-10.078],[-61.972,-10.067],[-61.97,-10.059],[-61.972,-10.049],[-61.982,-10.032],[-61.993,-10.022],[-61.994,-10.014],[-61.993,-10.009],[-61.981,-10.005],[-61.964,-9.986],[-61.954,-9.949],[-61.95,-9.955],[-61.942,-9.948],[-61.937,-9.947],[-61.925,-9.97],[-61.911,-9.985],[-61.909,-9.989],[-61.899,-9.978],[-61.874,-9.988],[-61.865,-9.988],[-61.86,-9.982],[-61.858,-9.972],[-61.861,-9.95],[-61.877,-9.907],[-61.86,-9.883],[-61.85,-9.878],[-61.839,-9.86],[-61.837,-9.849],[-61.844,-9.833],[-61.841,-9.815],[-61.836,-9.809],[-61.806,-9.799],[-61.807,-9.779],[-61.8,-9.772],[-61.794,-9.759],[-61.795,-9.743],[-61.798,-9.738],[-61.792,-9.719],[-61.774,-9.717],[-61.76,-9.728],[-61.733,-9.725],[-61.711,-9.731],[-61.69,-9.719],[-61.685,-9.72],[-61.662,-9.712],[-61.656,-9.708],[-61.644,-9.706],[-61.632,-9.696],[-61.61,-9.684],[-61.605,-9.685],[-61.603,-9.693],[-61.574,-9.717]]]}},{"type":"Feature","properties":{"id":"1100130","nome":"Machadinho D'Oeste"},"geometry":{"type":"Polygon","coordinates":[[[-62.228,-8.59],[-62.203,-8.595],[-62.188,-8.59],[-62.174,-8.628],[-62.176,-8.637],[-62.195,-8.636],[-62.2,-8.644],[-62.181,-8.657],[-62.175,-8.664],[-62.165,-8.679],[-62.171,-8.695],[-62.167,-8.703],[-62.154,-8.71],[-62.148,-8.718],[-62.157,-8.732],[-62.124,-8.801],[-62.109,-8.805],[-62.097,-8.809],[-62.074,-8.798],[-62.05,-8.796],[-62.031,-8.799],[-62.021,-8.823],[-62.002,-8.832],[-61.994,-8.848],[-61.99,-8.872],[-61.985,-8.878],[-61.979,-8.873],[-61.93,-8.88],[-61.905,-8.874],[-61.902,-8.863],[-61.879,-8.862],[-61.86,-8.853],[-61.863,-8.831],[-61.862,-8.823],[-61.856,-8.818],[-61.861,-8.803],[-61.855,-8.789],[-61.843,-8.779],[-61.844,-8.747],[-61.836,-8.732],[-61.828,-8.732],[-61.806,-8.747],[-61.802,-8.747],[-61.789,-8.745],[-61.774,-8.748],[-61.762,-8.737],[-61.763,-8.728],[-61.748,-8.723],[-61.74,-8.709],[-61.744,-8.702],[-61.741,-8.695],[-61.725,-8.693],[-61.713,-8.687],[-61.705,-8.707],[-61.697,-8.709],[-61.673,-8.705],[-61.65,-8.713],[-61.646,-8.72],[-61.63,-8.722],[-61.626,-8.728],[-61.629,-8.753],[-61.623,-8.758],[-61.606,-8.794],[-61.59,-8.794],[-61.583,-8.798],[-61.58,-8.802],[-61.568,-8.801],[-61.543,-8.819],[-61.523,-8.818],[-61.513,-8.837],[-61.511,-8.863],[-61.492,-8.884],[-61.484,-8.906],[-61.468,-8.917],[-61.493,-8.942],[-61.52,-9.0],[-61.527,-9.019],[-61.53,-9.042],[-61.541,-9.054],[-61.555,-9.092],[-61.558,-9.117],[-61.555,-9.131],[-61.538,-9.153],[-61.531,-9.171],[-61.523,-9.179],[-61.52,-9.191],[-61.528,-9.231],[-61.524,-9.242],[-61.532,-9.249],[-61.539,-9.244],[-61.551,-9.243],[-61.575,-9.237],[-61.589,-9.243],[-61.599,-9.256],[-61.628,-9.257],[-61.633,-9.27],[-61.63,-9.279],[-61.626,-9.284],[-61.615,-9.278],[-61.612,-9.279],[-61.615,-9.306],[-61.611,-9.315],[-61.616,-9.326],[-61.624,-9.328],[-61.633,-9.329],[-61.658,-9.39],[-61.683,-9.386],[-61.68,-9.406],[-61.683,-9.437],[-61.68,-9.446],[-61.682,-9.452],[-61.69,-9.451],[-61.706,-9.429],[-61.71,-9.428],[-61.713,-9.44],[-61.703,-9.467],[-61.697,-9.469],[-61.698,-9.474],[-61.718,-9.481],[-61.732,-9.5],[-61.752,-9.5],[-61.829,-9.5],[-61.85,-9.545],[-61.859,-9.567],[-61.918,-9.553],[-61.946,-9.66],[-61.92,-9.69],[-61.962,-9.765],[-61.974,-9.786],[-61.999,-9.787],[-62.014,-9.776],[-62.01,-9.759],[-62.013,-9.746],[-62.007,-9.744],[-61.992,-9.759],[-61.991,-9.752],[-61.999,-9.734],[-61.989,-9.725],[-61.988,-9.721],[-61.993,-9.716],[-62.003,-9.72],[-62.006,-9.707],[-62.021,-9.703],[-62.024,-9.687],[-62.017,-9.671],[-62.013,-9.67],[-61.994,-9.677],[-61.985,-9.673],[-61.987,-9.665],[-61.981,-9.658],[-61.981,-9.625],[-61.999,-9.614],[-62.005,-9.601],[-62.003,-9.59],[-62.006,-9.574],[-62.013,-9.563],[-62.013,-9.557],[-62.017,-9.541],[-62.01,-9.532],[-62.015,-9.531],[-62.021,-9.53],[-62.027,-9.536],[-62.046,-9.543],[-62.047,-9.551],[-62.052,-9.557],[-62.049,-9.566],[-62.058,-9.576],[-62.058,-9.581],[-62.065,-9.586],[-62.064,-9.592],[-62.068,-9.604],[-62.079,-9.606],[-62.084,-9.612],[-62.099,-9.619],[-62.105,-9.633],[-62.116,-9.644],[-62.118,-9.657],[-62.114,-9.661],[-62.122,-9.667],[-62.124,-9.68],[-62.147,-9.699],[-62.149,-9.705],[-62.166,-9.706],[-62.167,-9.71],[-62.181,-9.707],[-62.19,-9.709],[-62.19,-9.712],[-62.202,-9.74],[-62.206,-9.742],[-62.218,-9.74],[-62.223,-9.748],[-62.231,-9.75],[-62.241,-9.753],[-62.246,-9.758],[-62.253,-9.753],[-62.261,-9.749],[-62.263,-9.745],[-62.286,-9.742],[-62.295,-9.734],[-62.302,-9.737],[-62.316,-9.736],[-62.342,-9.757],[-62.367,-9.76],[-62.383,-9.772],[-62.392,-9.787],[-62.411,-9.793],[-62.409,-9.796],[-62.414,-9.797],[-62.417,-9.803],[-62.422,-9.804],[-62.428,-9.789],[-62.435,-9.78],[-62.449,-9.78],[-62.455,-9.774],[-62.466,-9.778],[-62.493,-9.772],[-62.507,-9.761],[-62.508,-9.754],[-62.536,-9.732],[-62.537,-9.717],[-62.554,-9.67],[-62.537,-9.674],[-62.512,-9.67],[-62.506,-9.662],[-62.514,-9.658],[-62.505,-9.648],[-62.503,-9.639],[-62.5,-9.628],[-62.493,-9.626],[-62.488,-9.618],[-62.478,-9.615],[-62.459,-9.597],[-62.455,-9.582],[-62.459,-9.57],[-62.444,-9.563],[-62.434,-9.554],[-62.425,-9.54],[-62.422,-9.526],[-62.422,-9.525],[-62.428,-9.513],[-62.417,-9.498],[-62.426,-9.492],[-62.416,-9.48],[-62.421,-9.472],[-62.412,-9.443],[-62.409,-9.417],[-62.393,-9.401],[-62.391,-9.4],[-62.385,-9.393],[-62.389,-9.383],[-62.388,-9.369],[-62.374,-9.376],[-62.372,-9.366],[-62.371,-9.364],[-62.361,-9.349],[-62.354,-9.348],[-62.349,-9.353],[-62.34,-9.349],[-62.335,-9.351],[-62.326,-9.341],[-62.324,-9.33],[-62.307,-9.309],[-62.308,-9.303],[-62.315,-9.298],[-62.316,-9.29],[-62.327,-9.259],[-62.335,-9.216],[-62.333,-9.204],[-62.327,-9.154],[-62.327,-9.112],[-62.337,-9.071],[-62.328,-9.05],[-62.333,-9.045],[-62.337,-9.019],[-62.341,-9.018],[-62.343,-9.01],[-62.346,-9.011],[-62.348,-9.0],[-62.349,-8.992],[-62.341,-8.987],[-62.33,-8.977],[-62.324,-8.95],[-62.324,-8.944],[-62.345,-8.932],[-62.344,-8.923],[-62.333,-8.907],[-62.328,-8.905],[-62.329,-8.889],[-62.333,-8.881],[-62.327,-8.879],[-62.322,-8.871],[-62.314,-8.87],[-62.308,-8.86],[-62.296,-8.854],[-62.291,-8.846],[-62.293,-8.838],[-62.289,-8.829],[-62.298,-8.828],[-62.297,-8.822],[-62.311,-8.81],[-62.311,-8.803],[-62.326,-8.799],[-62.333,-8.79],[-62.339,-8.791],[-62.343,-8.785],[-62.339,-8.765],[-62.344,-8.763],[-62.343,-8.757],[-62.366,-8.751],[-62.368,-8.743],[-62.369,-8.743],[-62.37,-8.74],[-62.366,-8.737],[-62.375,-8.732],[-62.37,-8.728],[-62.377,-8.728],[-62.369,-8.718],[-62.373,-8.713],[-62.362,-8.703],[-62.367,-8.688],[-62.361,-8.684],[-62.367,-8.674],[-62.365,-8.672],[-62.345,-8.679],[-62.345,-8.7],[-62.333,-8.709],[-62.292,-8.7],[-62.274,-8.702],[-62.258,-8.69],[-62.244,-8.689],[-62.245,-8.678],[-62.237,-8.663],[-62.244,-8.651],[-62.24,-8.64],[-62.243,-8.628],[-62.238,-8.622],[-62.242,-8.612],[-62.241,-8.604],[-62.245,-8.593],[-62.256,-8.591],[-62.268,-8.575],[-62.242,-8.58],[-62.228,-8.59]]]}},{"type":"Feature","properties":{"id":"1100148","nome":"Nova Brasil\u00e2ndia D'Oeste"},"geometry":{"type":"Polygon","coordinates":[[[-61.956,-11.292],[-61.957,-11.302],[-61.964,-11.303],[-61.967,-11.31],[-61.977,-11.318],[-61.978,-11.324],[-61.99,-11.327],[-61.997,-11.347],[-62.004,-11.349],[-62.009,-11.357],[-62.008,-11.366],[-62.02,-11.372],[-62.019,-11.381],[-62.024,-11.381],[-62.025,-11.388],[-62.021,-11.396],[-62.028,-11.406],[-62.026,-11.412],[-62.031,-11.425],[-62.039,-11.427],[-62.04,-11.431],[-62.062,-11.442],[-62.061,-11.448],[-62.079,-11.46],[-62.079,-11.468],[-62.086,-11.476],[-62.082,-11.496],[-62.086,-11.5],[-62.091,-11.504],[-62.099,-11.51],[-62.1,-11.508],[-62.108,-11.509],[-62.11,-11.516],[-62.116,-11.52],[-62.12,-11.527],[-62.127,-11.524],[-62.14,-11.522],[-62.153,-11.528],[-62.163,-11.539],[-62.172,-11.547],[-62.164,-11.567],[-62.173,-11.575],[-62.175,-11.586],[-62.171,-11.613],[-62.184,-11.625],[-62.19,-11.648],[-62.203,-11.666],[-62.197,-11.672],[-62.199,-11.677],[-62.194,-11.679],[-62.193,-11.684],[-62.197,-11.686],[-62.197,-11.691],[-62.212,-11.712],[-62.209,-11.725],[-62.204,-11.728],[-62.204,-11.744],[-62.196,-11.752],[-62.194,-11.769],[-62.189,-11.775],[-62.196,-11.79],[-62.191,-11.792],[-62.188,-11.812],[-62.206,-11.832],[-62.21,-11.825],[-62.207,-11.818],[-62.207,-11.807],[-62.222,-11.808],[-62.226,-11.805],[-62.223,-11.798],[-62.228,-11.788],[-62.243,-11.787],[-62.248,-11.796],[-62.274,-11.804],[-62.283,-11.805],[-62.301,-11.791],[-62.308,-11.775],[-62.32,-11.779],[-62.323,-11.772],[-62.33,-11.771],[-62.333,-11.773],[-62.341,-11.771],[-62.341,-11.765],[-62.348,-11.763],[-62.356,-11.771],[-62.362,-11.771],[-62.37,-11.764],[-62.391,-11.767],[-62.394,-11.747],[-62.401,-11.747],[-62.409,-11.751],[-62.41,-11.743],[-62.414,-11.734],[-62.404,-11.726],[-62.401,-11.702],[-62.407,-11.696],[-62.405,-11.668],[-62.415,-11.666],[-62.418,-11.647],[-62.427,-11.643],[-62.431,-11.636],[-62.439,-11.634],[-62.443,-11.625],[-62.439,-11.615],[-62.425,-11.597],[-62.42,-11.574],[-62.41,-11.566],[-62.385,-11.564],[-62.381,-11.561],[-62.371,-11.548],[-62.369,-11.537],[-62.351,-11.529],[-62.339,-11.509],[-62.34,-11.506],[-62.331,-11.502],[-62.33,-11.499],[-62.321,-11.497],[-62.318,-11.492],[-62.315,-11.489],[-62.306,-11.477],[-62.306,-11.468],[-62.295,-11.462],[-62.29,-11.448],[-62.283,-11.441],[-62.278,-11.444],[-62.275,-11.438],[-62.271,-11.436],[-62.261,-11.436],[-62.259,-11.43],[-62.252,-11.434],[-62.24,-11.429],[-62.237,-11.434],[-62.231,-11.432],[-62.217,-11.435],[-62.198,-11.425],[-62.187,-11.43],[-62.179,-11.431],[-62.173,-11.418],[-62.163,-11.412],[-62.162,-11.408],[-62.157,-11.407],[-62.15,-11.396],[-62.151,-11.394],[-62.14,-11.392],[-62.138,-11.383],[-62.128,-11.382],[-62.127,-11.372],[-62.12,-11.368],[-62.121,-11.362],[-62.113,-11.342],[-62.114,-11.335],[-62.106,-11.327],[-62.105,-11.304],[-62.102,-11.298],[-62.094,-11.3],[-62.093,-11.295],[-62.09,-11.297],[-62.081,-11.291],[-62.071,-11.294],[-62.068,-11.3],[-62.064,-11.299],[-62.056,-11.306],[-62.051,-11.302],[-62.042,-11.301],[-62.042,-11.297],[-62.022,-11.305],[-62.001,-11.288],[-61.992,-11.291],[-61.987,-11.297],[-61.978,-11.296],[-61.971,-11.301],[-61.967,-11.296],[-61.96,-11.296],[-61.961,-11.292],[-61.954,-11.288],[-61.952,-11.29],[-61.956,-11.292]]]}},{"type":"Feature","properties":{"id":"1100155","nome":"Ouro Preto do Oeste"},"geometry":{"type":"Polygon","coordinates":[[[-61.828,-10.304],[-61.829,-10.307],[-61.832,-10.305],[-61.84,-10.309],[-61.843,-10.305],[-61.855,-10.304],[-61.886,-10.321],[-61.893,-10.32],[-61.909,-10.331],[-61.904,-10.339],[-61.906,-10.369],[-61.898,-10.381],[-61.899,-10.386],[-61.908,-10.394],[-61.904,-10.406],[-61.907,-10.405],[-61.908,-10.418],[-61.914,-10.425],[-61.916,-10.445],[-61.912,-10.454],[-61.916,-10.466],[-61.926,-10.476],[-61.926,-10.484],[-61.936,-10.49],[-61.96,-10.498],[-62.019,-10.646],[-62.033,-10.68],[-62.054,-10.731],[-62.066,-10.762],[-62.072,-10.777],[-62.081,-10.798],[-62.095,-10.833],[-62.11,-10.869],[-62.122,-10.899],[-62.225,-10.862],[-62.305,-10.834],[-62.306,-10.836],[-62.33,-10.866],[-62.331,-10.867],[-62.352,-10.894],[-62.525,-10.709],[-62.499,-10.687],[-62.488,-10.677],[-62.474,-10.665],[-62.447,-10.641],[-62.413,-10.611],[-62.385,-10.587],[-62.368,-10.572],[-62.354,-10.56],[-62.328,-10.537],[-62.293,-10.506],[-62.259,-10.476],[-62.235,-10.501],[-62.234,-10.507],[-62.214,-10.521],[-62.241,-10.611],[-62.24,-10.615],[-62.206,-10.626],[-62.188,-10.631],[-62.17,-10.637],[-62.137,-10.648],[-62.1,-10.659],[-62.039,-10.449],[-62.016,-10.367],[-61.957,-10.165],[-61.91,-10.117],[-61.912,-10.133],[-61.909,-10.151],[-61.916,-10.166],[-61.913,-10.171],[-61.89,-10.193],[-61.876,-10.197],[-61.865,-10.206],[-61.863,-10.221],[-61.855,-10.239],[-61.845,-10.255],[-61.842,-10.27],[-61.828,-10.296],[-61.828,-10.304]]]}},{"type":"Feature","properties":{"id":"1100189","nome":"Pimenta Bueno"},"geometry":{"type":"Polygon","coordinates":[[[-60.472,-11.483],[-60.455,-11.491],[-60.455,-11.494],[-60.446,-11.497],[-60.439,-11.496],[-60.438,-11.5],[-60.44,-11.507],[-60.446,-11.511],[-60.44,-11.519],[-60.445,-11.53],[-60.441,-11.531],[-60.441,-11.539],[-60.451,-11.562],[-60.446,-11.562],[-60.443,-11.566],[-60.435,-11.565],[-60.441,-11.573],[-60.435,-11.591],[-60.439,-11.603],[-60.437,-11.611],[-60.444,-11.614],[-60.446,-11.622],[-60.454,-11.627],[-60.454,-11.654],[-60.457,-11.651],[-60.461,-11.661],[-60.447,-11.667],[-60.447,-11.675],[-60.45,-11.691],[-60.457,-11.696],[-60.459,-11.701],[-60.453,-11.704],[-60.445,-11.697],[-60.439,-11.703],[-60.441,-11.711],[-60.432,-11.71],[-60.425,-11.715],[-60.429,-11.718],[-60.44,-11.717],[-60.441,-11.727],[-60.431,-11.729],[-60.436,-11.735],[-60.444,-11.73],[-60.452,-11.746],[-60.456,-11.745],[-60.458,-11.755],[-60.454,-11.764],[-60.461,-11.77],[-60.461,-11.779],[-60.463,-11.782],[-60.45,-11.789],[-60.444,-11.801],[-60.441,-11.799],[-60.437,-11.803],[-60.438,-11.807],[-60.433,-11.81],[-60.429,-11.807],[-60.429,-11.811],[-60.426,-11.811],[-60.433,-11.823],[-60.426,-11.827],[-60.421,-11.825],[-60.413,-11.833],[-60.399,-11.844],[-60.403,-11.848],[-60.394,-11.853],[-60.395,-11.859],[-60.392,-11.86],[-60.387,-11.854],[-60.377,-11.863],[-60.384,-11.865],[-60.386,-11.872],[-60.374,-11.89],[-60.376,-11.901],[-60.37,-11.902],[-60.373,-11.91],[-60.376,-11.915],[-60.37,-11.922],[-60.374,-11.933],[-60.365,-11.938],[-60.362,-11.943],[-60.353,-11.947],[-60.353,-11.954],[-60.347,-11.954],[-60.363,-11.964],[-60.368,-11.977],[-60.377,-11.979],[-60.387,-11.988],[-60.383,-12.003],[-60.377,-12.008],[-60.379,-12.02],[-60.374,-12.024],[-60.377,-12.027],[-60.373,-12.035],[-60.374,-12.05],[-60.36,-12.063],[-60.364,-12.071],[-60.357,-12.079],[-60.351,-12.08],[-60.344,-12.092],[-60.334,-12.1],[-60.325,-12.122],[-60.324,-12.135],[-60.311,-12.152],[-60.314,-12.155],[-60.315,-12.167],[-60.311,-12.18],[-60.312,-12.187],[-60.305,-12.197],[-60.308,-12.223],[-60.303,-12.231],[-60.303,-12.237],[-60.308,-12.243],[-60.3,-12.253],[-60.302,-12.258],[-60.565,-12.26],[-60.566,-12.26],[-60.645,-12.261],[-60.649,-12.261],[-60.672,-12.253],[-60.682,-12.236],[-60.686,-12.227],[-60.708,-12.185],[-60.712,-12.166],[-61.13,-12.167],[-61.18,-12.167],[-61.183,-12.163],[-61.177,-12.156],[-61.182,-12.145],[-61.168,-12.146],[-61.163,-12.14],[-61.16,-12.139],[-61.161,-12.137],[-61.154,-12.13],[-61.151,-12.119],[-61.153,-12.114],[-61.143,-12.099],[-61.146,-12.086],[-61.142,-12.075],[-61.145,-12.065],[-61.148,-12.061],[-61.149,-12.033],[-61.162,-12.032],[-61.178,-12.001],[-61.19,-12.0],[-61.197,-11.999],[-61.202,-11.992],[-61.21,-11.992],[-61.207,-11.988],[-61.209,-11.968],[-61.216,-11.958],[-61.22,-11.954],[-61.218,-11.944],[-61.223,-11.929],[-61.224,-11.916],[-61.226,-11.907],[-61.234,-11.906],[-61.241,-11.899],[-61.244,-11.885],[-61.24,-11.878],[-61.24,-11.854],[-61.236,-11.837],[-61.225,-11.826],[-61.221,-11.818],[-61.218,-11.799],[-61.212,-11.786],[-61.194,-11.771],[-61.19,-11.757],[-61.193,-11.746],[-61.269,-11.747],[-61.264,-11.729],[-61.424,-11.73],[-61.414,-11.744],[-61.534,-11.743],[-61.533,-11.74],[-61.537,-11.738],[-61.535,-11.731],[-61.547,-11.725],[-61.546,-11.717],[-61.543,-11.717],[-61.547,-11.707],[-61.544,-11.7],[-61.548,-11.698],[-61.557,-11.701],[-61.562,-11.696],[-61.568,-11.675],[-61.575,-11.669],[-61.574,-11.665],[-61.559,-11.656],[-61.555,-11.643],[-61.558,-11.634],[-61.548,-11.619],[-61.437,-11.618],[-61.352,-11.617],[-61.348,-11.611],[-61.35,-11.605],[-61.365,-11.588],[-61.37,-11.578],[-61.362,-11.562],[-61.362,-11.558],[-61.369,-11.551],[-61.372,-11.536],[-61.367,-11.534],[-61.368,-11.528],[-61.373,-11.509],[-61.365,-11.506],[-61.36,-11.514],[-61.355,-11.511],[-61.356,-11.505],[-61.351,-11.505],[-61.345,-11.504],[-61.344,-11.508],[-61.337,-11.507],[-61.331,-11.513],[-61.327,-11.505],[-61.317,-11.508],[-61.314,-11.505],[-61.307,-11.499],[-61.301,-11.503],[-61.293,-11.498],[-61.287,-11.5],[-61.289,-11.504],[-61.282,-11.503],[-61.28,-11.507],[-61.278,-11.506],[-61.26,-11.514],[-61.252,-11.516],[-61.253,-11.524],[-61.251,-11.522],[-61.249,-11.525],[-61.243,-11.525],[-61.234,-11.528],[-61.226,-11.525],[-61.22,-11.518],[-61.211,-11.529],[-61.11,-11.606],[-61.094,-11.618],[-61.072,-11.635],[-60.925,-11.747],[-60.921,-11.749],[-60.92,-11.744],[-60.924,-11.743],[-60.923,-11.737],[-60.918,-11.733],[-60.918,-11.726],[-60.911,-11.722],[-60.903,-11.725],[-60.891,-11.722],[-60.889,-11.731],[-60.883,-11.727],[-60.884,-11.721],[-60.881,-11.72],[-60.878,-11.723],[-60.874,-11.72],[-60.871,-11.723],[-60.858,-11.722],[-60.857,-11.728],[-60.853,-11.729],[-60.852,-11.725],[-60.849,-11.728],[-60.841,-11.725],[-60.843,-11.719],[-60.837,-11.717],[-60.832,-11.706],[-60.821,-11.698],[-60.813,-11.7],[-60.806,-11.696],[-60.798,-11.702],[-60.783,-11.699],[-60.77,-11.709],[-60.761,-11.708],[-60.733,-11.695],[-60.713,-11.698],[-60.711,-11.693],[-60.706,-11.694],[-60.703,-11.699],[-60.701,-11.697],[-60.679,-11.698],[-60.671,-11.695],[-60.665,-11.684],[-60.664,-11.683],[-60.661,-11.681],[-60.658,-11.682],[-60.655,-11.674],[-60.656,-11.669],[-60.652,-11.668],[-60.646,-11.66],[-60.64,-11.66],[-60.639,-11.649],[-60.59,-11.62],[-60.595,-11.6],[-60.592,-11.589],[-60.577,-11.584],[-60.563,-11.56],[-60.542,-11.55],[-60.539,-11.542],[-60.532,-11.532],[-60.533,-11.52],[-60.525,-11.512],[-60.522,-11.5],[-60.518,-11.486],[-60.511,-11.479],[-60.504,-11.477],[-60.491,-11.482],[-60.473,-11.463],[-60.463,-11.464],[-60.468,-11.481],[-60.472,-11.483]]]}},{"type":"Feature","properties":{"id":"1100205","nome":"Porto Velho"},"geometry":{"type":"Polygon","coordinates":[[[-62.866,-7.975],[-62.853,-7.987],[-62.845,-7.986],[-62.841,-7.995],[-62.832,-7.994],[-62.82,-8.014],[-62.809,-8.025],[-62.786,-8.026],[-62.743,-8.045],[-62.724,-8.069],[-62.706,-8.085],[-62.692,-8.093],[-62.69,-8.101],[-62.679,-8.111],[-62.685,-8.116],[-62.674,-8.137],[-62.673,-8.145],[-62.679,-8.16],[-62.685,-8.165],[-62.686,-8.173],[-62.673,-8.192],[-62.659,-8.199],[-62.65,-8.222],[-62.654,-8.229],[-62.649,-8.237],[-62.61,-8.259],[-62.6,-8.272],[-62.592,-8.275],[-62.585,-8.271],[-62.581,-8.278],[-62.574,-8.28],[-62.569,-8.287],[-62.561,-8.284],[-62.556,-8.304],[-62.561,-8.313],[-62.555,-8.319],[-62.555,-8.327],[-62.549,-8.342],[-62.551,-8.358],[-62.539,-8.358],[-62.531,-8.371],[-62.525,-8.375],[-62.526,-8.383],[-62.518,-8.384],[-62.5,-8.366],[-62.486,-8.359],[-62.478,-8.345],[-62.472,-8.34],[-62.465,-8.339],[-62.453,-8.349],[-62.445,-8.362],[-62.432,-8.372],[-62.416,-8.376],[-62.399,-8.374],[-62.384,-8.377],[-62.365,-8.391],[-62.359,-8.407],[-62.361,-8.423],[-62.369,-8.446],[-62.363,-8.478],[-62.366,-8.493],[-62.36,-8.506],[-62.353,-8.511],[-62.337,-8.516],[-62.333,-8.527],[-62.334,-8.546],[-62.325,-8.563],[-62.327,-8.572],[-62.341,-8.594],[-62.341,-8.602],[-62.335,-8.609],[-62.289,-8.639],[-62.281,-8.638],[-62.279,-8.629],[-62.294,-8.605],[-62.289,-8.589],[-62.274,-8.583],[-62.268,-8.575],[-62.256,-8.591],[-62.245,-8.593],[-62.241,-8.604],[-62.242,-8.612],[-62.238,-8.622],[-62.243,-8.628],[-62.24,-8.64],[-62.244,-8.651],[-62.237,-8.663],[-62.245,-8.678],[-62.244,-8.689],[-62.258,-8.69],[-62.274,-8.702],[-62.292,-8.7],[-62.333,-8.709],[-62.345,-8.7],[-62.345,-8.679],[-62.365,-8.672],[-62.367,-8.674],[-62.361,-8.684],[-62.367,-8.688],[-62.362,-8.703],[-62.373,-8.713],[-62.369,-8.718],[-62.377,-8.728],[-62.37,-8.728],[-62.375,-8.732],[-62.366,-8.737],[-62.37,-8.74],[-62.369,-8.743],[-62.375,-8.746],[-62.394,-8.74],[-62.408,-8.747],[-62.416,-8.736],[-62.435,-8.737],[-62.448,-8.754],[-62.448,-8.768],[-62.471,-8.771],[-62.485,-8.758],[-62.484,-8.742],[-62.488,-8.73],[-62.498,-8.73],[-62.508,-8.735],[-62.536,-8.751],[-62.552,-8.751],[-62.559,-8.74],[-62.573,-8.746],[-62.58,-8.745],[-62.588,-8.755],[-62.588,-8.763],[-62.599,-8.751],[-62.606,-8.75],[-62.618,-8.757],[-62.625,-8.757],[-62.629,-8.776],[-62.651,-8.776],[-62.655,-8.776],[-62.662,-8.786],[-62.664,-8.798],[-62.677,-8.8],[-62.703,-8.813],[-62.715,-8.811],[-62.726,-8.8],[-62.738,-8.802],[-62.764,-8.798],[-62.755,-8.78],[-62.761,-8.779],[-62.759,-8.775],[-62.764,-8.772],[-62.767,-8.76],[-62.751,-8.75],[-62.756,-8.748],[-62.759,-8.734],[-62.767,-8.733],[-62.77,-8.722],[-62.777,-8.719],[-62.78,-8.714],[-62.774,-8.707],[-62.764,-8.708],[-62.76,-8.713],[-62.763,-8.715],[-62.772,-8.714],[-62.773,-8.717],[-62.765,-8.718],[-62.761,-8.726],[-62.757,-8.724],[-62.752,-8.703],[-62.762,-8.69],[-62.755,-8.684],[-62.75,-8.689],[-62.745,-8.688],[-62.747,-8.679],[-62.735,-8.675],[-62.733,-8.659],[-62.728,-8.655],[-62.722,-8.659],[-62.716,-8.654],[-62.725,-8.649],[-62.736,-8.651],[-62.739,-8.64],[-62.726,-8.642],[-62.727,-8.639],[-62.745,-8.628],[-62.753,-8.629],[-62.756,-8.624],[-62.754,-8.615],[-62.744,-8.613],[-62.741,-8.607],[-62.749,-8.606],[-62.769,-8.591],[-62.774,-8.604],[-62.783,-8.596],[-62.784,-8.594],[-62.774,-8.589],[-62.772,-8.58],[-62.764,-8.575],[-62.777,-8.572],[-62.781,-8.566],[-62.772,-8.568],[-62.768,-8.564],[-62.781,-8.557],[-62.787,-8.571],[-62.793,-8.574],[-62.795,-8.578],[-62.804,-8.572],[-62.804,-8.559],[-62.812,-8.564],[-62.816,-8.554],[-62.82,-8.543],[-62.813,-8.542],[-62.813,-8.539],[-62.823,-8.537],[-62.832,-8.521],[-62.842,-8.52],[-62.843,-8.507],[-62.822,-8.5],[-62.982,-8.5],[-63.194,-8.5],[-63.204,-8.5],[-63.374,-8.5],[-63.377,-8.5],[-63.448,-8.5],[-63.452,-8.514],[-63.465,-8.528],[-63.466,-8.545],[-63.475,-8.551],[-63.483,-8.562],[-63.478,-8.568],[-63.472,-8.57],[-63.446,-8.571],[-63.445,-8.585],[-63.459,-8.596],[-63.512,-8.608],[-63.516,-8.62],[-63.524,-8.624],[-63.521,-8.637],[-63.53,-8.645],[-63.544,-8.632],[-63.548,-8.636],[-63.555,-8.629],[-63.564,-8.627],[-63.567,-8.636],[-63.565,-8.652],[-63.56,-8.658],[-63.562,-8.678],[-63.572,-8.669],[-63.581,-8.669],[-63.576,-8.66],[-63.585,-8.657],[-63.59,-8.662],[-63.586,-8.672],[-63.591,-8.684],[-63.612,-8.702],[-63.612,-8.697],[-63.616,-8.694],[-63.636,-8.709],[-63.628,-8.717],[-63.627,-8.725],[-63.645,-8.722],[-63.647,-8.729],[-63.653,-8.733],[-63.655,-8.725],[-63.65,-8.717],[-63.64,-8.715],[-63.65,-8.706],[-63.66,-8.706],[-63.667,-8.715],[-63.671,-8.714],[-63.667,-8.707],[-63.668,-8.697],[-63.68,-8.701],[-63.683,-8.713],[-63.695,-8.709],[-63.694,-8.701],[-63.696,-8.699],[-63.698,-8.706],[-63.711,-8.717],[-63.696,-8.716],[-63.686,-8.731],[-63.7,-8.74],[-63.703,-8.736],[-63.707,-8.737],[-63.704,-8.762],[-63.713,-8.772],[-63.714,-8.761],[-63.718,-8.757],[-63.724,-8.768],[-63.72,-8.776],[-63.704,-8.776],[-63.705,-8.79],[-63.71,-8.794],[-63.712,-8.79],[-63.719,-8.791],[-63.718,-8.8],[-63.702,-8.803],[-63.699,-8.806],[-63.703,-8.814],[-63.709,-8.823],[-63.719,-8.821],[-63.728,-8.828],[-63.728,-8.835],[-63.737,-8.824],[-63.742,-8.823],[-63.744,-8.834],[-63.749,-8.839],[-63.743,-8.845],[-63.739,-8.839],[-63.729,-8.843],[-63.749,-8.851],[-63.746,-8.857],[-63.739,-8.86],[-63.747,-8.863],[-63.751,-8.872],[-63.74,-8.881],[-63.738,-8.874],[-63.722,-8.887],[-63.726,-8.889],[-63.736,-8.887],[-63.737,-8.891],[-63.745,-8.888],[-63.744,-8.895],[-63.736,-8.901],[-63.742,-8.91],[-63.739,-8.919],[-63.728,-8.919],[-63.723,-8.924],[-63.744,-8.925],[-63.74,-8.933],[-63.754,-8.934],[-63.752,-8.94],[-63.746,-8.936],[-63.744,-8.946],[-63.737,-8.957],[-63.732,-8.952],[-63.729,-8.955],[-63.735,-8.963],[-63.741,-8.957],[-63.748,-8.957],[-63.743,-8.967],[-63.751,-8.969],[-63.755,-8.982],[-63.761,-8.982],[-63.762,-8.971],[-63.767,-8.97],[-63.763,-8.986],[-63.774,-8.996],[-63.783,-8.996],[-63.78,-9.003],[-63.769,-9.003],[-63.771,-9.015],[-63.774,-9.015],[-63.781,-9.009],[-63.787,-9.012],[-63.785,-9.015],[-63.783,-9.02],[-63.79,-9.021],[-63.792,-9.028],[-63.784,-9.035],[-63.785,-9.042],[-63.788,-9.044],[-63.79,-9.041],[-63.796,-9.049],[-63.793,-9.057],[-63.776,-9.062],[-63.774,-9.069],[-63.777,-9.071],[-63.783,-9.069],[-63.781,-9.072],[-63.787,-9.082],[-63.784,-9.088],[-63.789,-9.093],[-63.792,-9.106],[-63.786,-9.111],[-63.776,-9.111],[-63.776,-9.116],[-63.792,-9.123],[-63.794,-9.128],[-63.787,-9.135],[-63.777,-9.139],[-63.77,-9.152],[-63.779,-9.159],[-63.784,-9.158],[-63.781,-9.166],[-63.785,-9.179],[-63.781,-9.191],[-63.77,-9.186],[-63.762,-9.187],[-63.775,-9.194],[-63.778,-9.2],[-63.771,-9.203],[-63.776,-9.215],[-63.77,-9.229],[-63.78,-9.23],[-63.782,-9.236],[-63.778,-9.24],[-63.779,-9.246],[-63.788,-9.251],[-63.785,-9.257],[-63.778,-9.254],[-63.779,-9.26],[-63.773,-9.265],[-63.77,-9.257],[-63.764,-9.257],[-63.764,-9.261],[-63.77,-9.263],[-63.761,-9.279],[-63.771,-9.28],[-63.779,-9.285],[-63.779,-9.292],[-63.783,-9.293],[-63.773,-9.294],[-63.778,-9.306],[-63.781,-9.306],[-63.783,-9.325],[-63.786,-9.331],[-63.79,-9.33],[-63.79,-9.334],[-63.784,-9.334],[-63.773,-9.34],[-63.782,-9.351],[-63.777,-9.358],[-63.779,-9.366],[-63.772,-9.36],[-63.767,-9.362],[-63.773,-9.371],[-63.784,-9.37],[-63.786,-9.374],[-63.775,-9.377],[-63.765,-9.37],[-63.771,-9.381],[-63.759,-9.384],[-63.763,-9.393],[-63.757,-9.395],[-63.756,-9.395],[-63.747,-9.398],[-63.753,-9.41],[-63.746,-9.407],[-63.734,-9.417],[-63.739,-9.417],[-63.745,-9.423],[-63.735,-9.431],[-63.735,-9.445],[-63.732,-9.447],[-63.722,-9.443],[-63.711,-9.448],[-63.709,-9.457],[-63.704,-9.453],[-63.706,-9.443],[-63.702,-9.434],[-63.69,-9.437],[-63.686,-9.418],[-63.677,-9.414],[-63.678,-9.422],[-63.663,-9.427],[-63.671,-9.433],[-63.674,-9.438],[-63.67,-9.442],[-63.66,-9.441],[-63.659,-9.434],[-63.656,-9.437],[-63.646,-9.431],[-63.64,-9.435],[-63.642,-9.421],[-63.628,-9.437],[-63.62,-9.437],[-63.62,-9.432],[-63.624,-9.429],[-63.62,-9.422],[-63.611,-9.418],[-63.607,-9.424],[-63.599,-9.422],[-63.597,-9.425],[-63.595,-9.415],[-63.582,-9.41],[-63.582,-9.419],[-63.575,-9.428],[-63.577,-9.435],[-63.583,-9.44],[-63.581,-9.444],[-63.576,-9.438],[-63.565,-9.432],[-63.555,-9.438],[-63.554,-9.442],[-63.566,-9.445],[-63.561,-9.449],[-63.561,-9.456],[-63.554,-9.467],[-63.559,-9.472],[-63.553,-9.474],[-63.553,-9.482],[-63.555,-9.489],[-63.565,-9.489],[-63.568,-9.495],[-63.547,-9.506],[-63.551,-9.511],[-63.557,-9.512],[-63.561,-9.517],[-63.562,-9.528],[-63.559,-9.532],[-63.55,-9.533],[-63.548,-9.55],[-63.557,-9.554],[-63.557,-9.546],[-63.561,-9.545],[-63.56,-9.559],[-63.566,-9.564],[-63.562,-9.57],[-63.563,-9.572],[-63.567,-9.57],[-63.573,-9.579],[-63.587,-9.582],[-63.591,-9.596],[-63.608,-9.605],[-63.608,-9.61],[-63.614,-9.615],[-63.611,-9.621],[-63.625,-9.624],[-63.616,-9.638],[-63.618,-9.64],[-63.626,-9.638],[-63.625,-9.647],[-63.623,-9.651],[-63.618,-9.652],[-63.63,-9.668],[-63.641,-9.67],[-63.639,-9.688],[-63.654,-9.704],[-63.654,-9.715],[-63.662,-9.717],[-63.662,-9.732],[-63.672,-9.743],[-63.671,-9.747],[-63.662,-9.756],[-63.665,-9.761],[-63.68,-9.768],[-63.68,-9.781],[-63.671,-9.784],[-63.675,-9.793],[-63.689,-9.802],[-63.686,-9.809],[-63.679,-9.811],[-63.685,-9.82],[-63.685,-9.833],[-63.745,-9.833],[-63.838,-9.833],[-63.944,-9.833],[-63.967,-9.833],[-64.082,-9.833],[-64.085,-9.833],[-64.135,-9.833],[-64.138,-9.829],[-64.158,-9.822],[-64.184,-9.841],[-64.201,-9.834],[-64.218,-9.838],[-64.226,-9.847],[-64.26,-9.831],[-64.266,-9.84],[-64.275,-9.842],[-64.288,-9.83],[-64.296,-9.817],[-64.304,-9.819],[-64.308,-9.816],[-64.311,-9.812],[-64.308,-9.823],[-64.301,-9.832],[-64.303,-9.836],[-64.297,-9.843],[-64.312,-9.851],[-64.318,-9.86],[-64.316,-9.865],[-64.323,-9.868],[-64.32,-9.877],[-64.327,-9.883],[-64.323,-9.895],[-64.319,-9.896],[-64.323,-9.926],[-64.327,-9.931],[-64.331,-9.931],[-64.333,-9.953],[-64.341,-9.956],[-64.346,-9.967],[-64.343,-9.975],[-64.347,-9.982],[-64.343,-9.984],[-64.346,-9.987],[-64.344,-9.99],[-64.339,-9.991],[-64.343,-9.996],[-64.341,-10.0],[-64.573,-10.0],[-64.595,-10.0],[-64.705,-10.0],[-64.907,-10.0],[-64.945,-10.0],[-64.999,-10.0],[-65.166,-10.0],[-65.171,-9.986],[-65.181,-9.98],[-65.185,-9.969],[-65.194,-9.962],[-65.212,-9.962],[-65.227,-9.969],[-65.251,-9.961],[-65.275,-9.963],[-65.282,-9.961],[-65.284,-9.954],[-65.291,-9.954],[-65.317,-9.937],[-65.321,-9.937],[-65.325,-9.944],[-65.332,-9.944],[-65.331,-9.93],[-65.321,-9.906],[-65.291,-9.871],[-65.286,-9.845],[-65.292,-9.833],[-65.32,-9.814],[-65.328,-9.78],[-65.343,-9.753],[-65.354,-9.723],[-65.363,-9.711],[-65.394,-9.685],[-65.443,-9.669],[-65.446,-9.669],[-65.446,-9.675],[-65.442,-9.679],[-65.441,-9.686],[-65.447,-9.697],[-65.471,-9.713],[-65.481,-9.714],[-65.486,-9.707],[-65.489,-9.715],[-65.482,-9.727],[-65.5,-9.729],[-65.504,-9.767],[-65.498,-9.778],[-65.502,-9.785],[-65.513,-9.793],[-65.518,-9.79],[-65.532,-9.781],[-65.539,-9.802],[-65.553,-9.804],[-65.559,-9.81],[-65.564,-9.81],[-65.564,-9.819],[-65.552,-9.835],[-65.554,-9.842],[-65.56,-9.844],[-65.569,-9.838],[-65.596,-9.842],[-65.597,-9.827],[-65.601,-9.824],[-65.618,-9.832],[-65.625,-9.837],[-65.63,-9.834],[-65.635,-9.805],[-65.64,-9.806],[-65.647,-9.815],[-65.65,-9.815],[-65.653,-9.807],[-65.644,-9.794],[-65.647,-9.791],[-65.66,-9.793],[-65.668,-9.781],[-65.689,-9.799],[-65.689,-9.812],[-65.71,-9.807],[-65.699,-9.788],[-65.709,-9.772],[-65.708,-9.766],[-65.704,-9.763],[-65.689,-9.768],[-65.681,-9.767],[-65.679,-9.76],[-65.686,-9.761],[-65.684,-9.749],[-65.695,-9.749],[-65.706,-9.757],[-65.718,-9.756],[-65.729,-9.759],[-65.735,-9.766],[-65.737,-9.779],[-65.744,-9.782],[-65.756,-9.766],[-65.772,-9.758],[-65.768,-9.743],[-65.767,-9.735],[-65.777,-9.736],[-65.779,-9.749],[-65.775,-9.766],[-65.78,-9.772],[-65.783,-9.786],[-65.794,-9.791],[-65.797,-9.786],[-65.801,-9.789],[-65.805,-9.788],[-65.813,-9.772],[-65.801,-9.765],[-65.799,-9.756],[-65.807,-9.762],[-65.815,-9.755],[-65.819,-9.755],[-65.82,-9.766],[-65.83,-9.767],[-65.834,-9.776],[-65.843,-9.783],[-65.841,-9.789],[-65.86,-9.795],[-65.872,-9.789],[-65.868,-9.781],[-65.868,-9.773],[-65.861,-9.767],[-65.868,-9.762],[-65.871,-9.753],[-65.885,-9.752],[-65.899,-9.76],[-65.903,-9.766],[-65.915,-9.762],[-65.915,-9.753],[-65.923,-9.754],[-65.925,-9.759],[-65.922,-9.763],[-65.926,-9.762],[-65.933,-9.769],[-65.937,-9.768],[-65.939,-9.762],[-65.943,-9.76],[-65.953,-9.768],[-65.967,-9.77],[-65.972,-9.775],[-65.974,-9.798],[-65.964,-9.801],[-65.964,-9.804],[-65.98,-9.801],[-65.981,-9.808],[-65.989,-9.801],[-65.992,-9.804],[-65.998,-9.802],[-65.999,-9.794],[-66.018,-9.81],[-66.024,-9.812],[-66.034,-9.787],[-66.071,-9.784],[-66.087,-9.79],[-66.078,-9.796],[-66.084,-9.8],[-66.093,-9.814],[-66.1,-9.807],[-66.097,-9.791],[-66.1,-9.784],[-66.105,-9.783],[-66.11,-9.785],[-66.109,-9.789],[-66.122,-9.791],[-66.127,-9.786],[-66.13,-9.79],[-66.14,-9.788],[-66.144,-9.791],[-66.151,-9.785],[-66.172,-9.793],[-66.176,-9.803],[-66.195,-9.806],[-66.196,-9.814],[-66.185,-9.822],[-66.189,-9.824],[-66.194,-9.819],[-66.197,-9.824],[-66.194,-9.828],[-66.203,-9.834],[-66.213,-9.834],[-66.219,-9.828],[-66.237,-9.814],[-66.241,-9.827],[-66.248,-9.821],[-66.249,-9.827],[-66.255,-9.833],[-66.263,-9.83],[-66.274,-9.834],[-66.275,-9.827],[-66.279,-9.828],[-66.283,-9.833],[-66.282,-9.841],[-66.286,-9.844],[-66.304,-9.835],[-66.308,-9.84],[-66.315,-9.831],[-66.319,-9.837],[-66.35,-9.84],[-66.351,-9.847],[-66.355,-9.848],[-66.359,-9.866],[-66.382,-9.867],[-66.403,-9.863],[-66.402,-9.868],[-66.411,-9.875],[-66.412,-9.882],[-66.417,-9.882],[-66.423,-9.891],[-66.421,-9.895],[-66.412,-9.894],[-66.426,-9.899],[-66.432,-9.892],[-66.424,-9.873],[-66.435,-9.866],[-66.445,-9.871],[-66.46,-9.874],[-66.454,-9.877],[-66.456,-9.879],[-66.47,-9.869],[-66.48,-9.868],[-66.489,-9.87],[-66.491,-9.882],[-66.494,-9.884],[-66.501,-9.882],[-66.5,-9.875],[-66.513,-9.876],[-66.516,-9.883],[-66.528,-9.886],[-66.543,-9.877],[-66.548,-9.888],[-66.559,-9.881],[-66.564,-9.883],[-66.565,-9.886],[-66.562,-9.889],[-66.567,-9.894],[-66.574,-9.89],[-66.578,-9.894],[-66.582,-9.905],[-66.587,-9.9],[-66.619,-9.894],[-66.644,-9.883],[-66.806,-9.814],[-66.78,-9.791],[-66.777,-9.768],[-66.778,-9.766],[-66.782,-9.758],[-66.775,-9.753],[-66.758,-9.76],[-66.725,-9.756],[-66.701,-9.743],[-66.691,-9.734],[-66.684,-9.714],[-66.624,-9.68],[-66.609,-9.665],[-66.586,-9.673],[-66.579,-9.668],[-66.551,-9.658],[-66.536,-9.643],[-66.5,-9.633],[-66.496,-9.614],[-66.494,-9.601],[-66.467,-9.582],[-66.456,-9.569],[-66.438,-9.554],[-66.423,-9.525],[-66.392,-9.5],[-66.39,-9.455],[-66.396,-9.437],[-66.414,-9.422],[-66.414,-9.413],[-66.408,-9.407],[-66.374,-9.426],[-66.366,-9.425],[-66.353,-9.416],[-66.345,-9.42],[-66.341,-9.427],[-66.333,-9.427],[-66.318,-9.42],[-66.313,-9.426],[-66.314,-9.433],[-66.307,-9.436],[-66.284,-9.432],[-66.29,-9.412],[-66.259,-9.411],[-66.243,-9.429],[-66.235,-9.43],[-66.22,-9.425],[-66.204,-9.426],[-66.173,-9.434],[-66.158,-9.426],[-66.154,-9.42],[-66.129,-9.41],[-66.116,-9.409],[-66.101,-9.414],[-66.059,-9.418],[-66.046,-9.409],[-66.042,-9.402],[-66.021,-9.401],[-66.002,-9.404],[-65.986,-9.413],[-65.97,-9.413],[-65.967,-9.42],[-65.953,-9.428],[-65.951,-9.436],[-65.931,-9.447],[-65.922,-9.471],[-65.912,-9.483],[-65.897,-9.489],[-65.88,-9.487],[-65.86,-9.51],[-65.852,-9.51],[-65.846,-9.516],[-65.848,-9.532],[-65.84,-9.534],[-65.825,-9.53],[-65.817,-9.562],[-65.81,-9.564],[-65.805,-9.57],[-65.799,-9.585],[-65.791,-9.585],[-65.777,-9.577],[-65.77,-9.565],[-65.756,-9.569],[-65.75,-9.553],[-65.742,-9.553],[-65.729,-9.563],[-65.723,-9.559],[-65.696,-9.507],[-65.68,-9.5],[-65.679,-9.451],[-65.672,-9.446],[-65.657,-9.449],[-65.649,-9.447],[-65.641,-9.433],[-65.634,-9.429],[-65.618,-9.426],[-65.596,-9.413],[-65.588,-9.413],[-65.548,-9.426],[-65.522,-9.447],[-65.514,-9.449],[-65.506,-9.447],[-65.503,-9.457],[-65.503,-9.47],[-65.492,-9.473],[-65.476,-9.472],[-65.467,-9.459],[-65.456,-9.47],[-65.452,-9.469],[-65.442,-9.464],[-65.434,-9.466],[-65.432,-9.458],[-65.443,-9.42],[-65.454,-9.408],[-65.456,-9.401],[-65.446,-9.37],[-65.447,-9.345],[-65.443,-9.33],[-65.449,-9.324],[-65.446,-9.316],[-65.44,-9.311],[-65.416,-9.319],[-65.409,-9.322],[-65.393,-9.339],[-65.385,-9.338],[-65.379,-9.332],[-65.377,-9.324],[-65.351,-9.323],[-65.342,-9.309],[-65.3,-9.287],[-65.284,-9.27],[-65.246,-9.257],[-65.24,-9.261],[-65.211,-9.279],[-65.207,-9.285],[-65.207,-9.293],[-65.21,-9.301],[-65.208,-9.309],[-65.188,-9.344],[-65.196,-9.367],[-65.196,-9.375],[-65.173,-9.385],[-65.174,-9.393],[-65.186,-9.415],[-65.184,-9.427],[-65.177,-9.426],[-65.155,-9.437],[-65.142,-9.446],[-65.13,-9.442],[-65.113,-9.432],[-65.097,-9.432],[-65.088,-9.425],[-65.092,-9.409],[-65.084,-9.404],[-65.077,-9.401],[-65.053,-9.402],[-65.047,-9.396],[-65.046,-9.387],[-65.035,-9.374],[-65.039,-9.359],[-65.029,-9.356],[-65.024,-9.354],[-65.021,-9.346],[-65.005,-9.343],[-65.012,-9.328],[-65.001,-9.318],[-65.0,-9.304],[-64.986,-9.292],[-64.962,-9.292],[-64.953,-9.279],[-64.953,-9.271],[-64.94,-9.262],[-64.932,-9.24],[-64.921,-9.228],[-64.919,-9.22],[-64.926,-9.205],[-64.923,-9.198],[-64.931,-9.185],[-64.928,-9.177],[-64.933,-9.154],[-64.939,-9.148],[-64.939,-9.124],[-64.933,-9.12],[-64.915,-9.074],[-64.919,-9.05],[-64.917,-9.043],[-64.901,-9.046],[-64.894,-9.043],[-64.887,-9.029],[-64.878,-9.022],[-64.869,-9.012],[-64.839,-8.994],[-64.807,-8.985],[-64.783,-8.989],[-64.761,-9.02],[-64.744,-9.018],[-64.73,-9.012],[-64.706,-8.989],[-64.689,-8.99],[-64.683,-8.993],[-64.671,-9.014],[-64.657,-9.008],[-64.641,-9.006],[-64.611,-9.016],[-64.6,-9.012],[-64.587,-9.009],[-64.579,-9.001],[-64.578,-8.988],[-64.568,-8.991],[-64.564,-8.985],[-64.55,-8.978],[-64.533,-8.976],[-64.496,-8.979],[-64.471,-8.973],[-64.455,-8.977],[-64.446,-8.976],[-64.433,-8.968],[-64.408,-8.96],[-64.379,-8.946],[-64.323,-8.928],[-64.315,-8.929],[-64.312,-8.931],[-64.309,-8.934],[-64.313,-8.95],[-64.326,-8.979],[-64.325,-8.988],[-64.311,-8.996],[-64.297,-8.996],[-64.265,-8.988],[-64.233,-8.992],[-64.174,-8.96],[-64.149,-8.959],[-64.143,-8.953],[-64.143,-8.933],[-64.151,-8.897],[-64.148,-8.873],[-64.155,-8.848],[-64.158,-8.843],[-64.155,-8.835],[-64.135,-8.82],[-64.129,-8.805],[-64.144,-8.776],[-64.143,-8.743],[-64.124,-8.716],[-64.111,-8.725],[-64.094,-8.728],[-64.075,-8.713],[-64.067,-8.71],[-64.027,-8.715],[-64.035,-8.693],[-64.016,-8.667],[-64.019,-8.66],[-64.016,-8.652],[-64.005,-8.641],[-64.004,-8.626],[-63.995,-8.62],[-63.991,-8.617],[-63.986,-8.585],[-63.98,-8.58],[-63.972,-8.582],[-63.967,-8.587],[-63.965,-8.596],[-63.954,-8.607],[-63.945,-8.609],[-63.935,-8.592],[-63.922,-8.567],[-63.923,-8.559],[-63.933,-8.557],[-63.945,-8.55],[-63.943,-8.526],[-63.958,-8.51],[-63.97,-8.499],[-63.974,-8.487],[-63.973,-8.478],[-63.94,-8.452],[-63.939,-8.441],[-63.953,-8.428],[-63.977,-8.42],[-63.976,-8.409],[-63.945,-8.387],[-63.944,-8.331],[-63.932,-8.324],[-63.91,-8.328],[-63.904,-8.322],[-63.894,-8.302],[-63.881,-8.291],[-63.867,-8.289],[-63.847,-8.295],[-63.825,-8.306],[-63.791,-8.333],[-63.781,-8.329],[-63.765,-8.307],[-63.746,-8.27],[-63.722,-8.249],[-63.748,-8.207],[-63.747,-8.198],[-63.73,-8.18],[-63.693,-8.158],[-63.676,-8.127],[-63.669,-8.121],[-63.662,-8.101],[-63.668,-8.092],[-63.666,-8.081],[-63.65,-8.066],[-63.638,-8.047],[-63.626,-8.041],[-63.621,-8.029],[-63.626,-8.016],[-63.62,-7.969],[-63.534,-7.974],[-63.442,-7.976],[-63.385,-7.976],[-63.321,-7.976],[-62.867,-7.975],[-62.866,-7.975]]]}},{"type":"Feature","properties":{"id":"1100254","nome":"Presidente M\u00e9dici"},"geometry":{"type":"Polygon","coordinates":[[[-61.666,-11.207],[-61.666,-11.258],[-61.67,-11.255],[-61.675,-11.254],[-61.679,-11.261],[-61.701,-11.267],[-61.707,-11.278],[-61.707,-11.295],[-61.709,-11.298],[-61.713,-11.297],[-61.72,-11.306],[-61.723,-11.303],[-61.726,-11.301],[-61.73,-11.303],[-61.731,-11.31],[-61.741,-11.318],[-61.744,-11.323],[-61.742,-11.333],[-61.745,-11.34],[-61.74,-11.346],[-61.744,-11.356],[-61.748,-11.356],[-61.755,-11.378],[-61.766,-11.38],[-61.769,-11.388],[-61.778,-11.392],[-61.783,-11.402],[-61.795,-11.397],[-61.796,-11.39],[-61.801,-11.388],[-61.822,-11.381],[-61.834,-11.384],[-61.86,-11.368],[-61.878,-11.339],[-61.883,-11.332],[-61.899,-11.324],[-61.918,-11.292],[-61.923,-11.291],[-61.927,-11.298],[-61.941,-11.296],[-61.952,-11.29],[-61.954,-11.288],[-61.961,-11.292],[-61.96,-11.296],[-61.967,-11.296],[-61.971,-11.301],[-61.978,-11.296],[-61.987,-11.297],[-61.992,-11.291],[-62.001,-11.288],[-62.022,-11.305],[-62.042,-11.297],[-62.042,-11.301],[-62.051,-11.302],[-62.056,-11.306],[-62.064,-11.299],[-62.068,-11.3],[-62.071,-11.294],[-62.081,-11.291],[-62.09,-11.297],[-62.093,-11.295],[-62.099,-11.291],[-62.1,-11.283],[-62.11,-11.282],[-62.12,-11.294],[-62.136,-11.298],[-62.144,-11.285],[-62.143,-11.28],[-62.157,-11.277],[-62.164,-11.282],[-62.176,-11.28],[-62.179,-11.283],[-62.182,-11.283],[-62.182,-11.279],[-62.182,-11.26],[-62.178,-11.26],[-62.173,-11.259],[-62.166,-11.24],[-62.151,-11.232],[-62.145,-11.222],[-62.139,-11.207],[-62.12,-11.198],[-62.117,-11.191],[-62.119,-11.185],[-62.13,-11.185],[-62.133,-11.171],[-62.147,-11.158],[-62.149,-11.151],[-62.148,-11.13],[-62.147,-11.112],[-62.157,-11.104],[-62.158,-11.1],[-62.166,-11.096],[-62.167,-11.092],[-62.16,-11.089],[-62.158,-11.078],[-62.153,-11.074],[-62.159,-11.067],[-62.157,-11.061],[-62.166,-11.057],[-62.163,-11.053],[-62.163,-11.058],[-62.159,-11.055],[-62.169,-11.036],[-62.154,-11.045],[-62.144,-11.038],[-62.144,-11.03],[-62.132,-11.024],[-62.126,-11.015],[-62.122,-11.015],[-62.118,-11.003],[-62.114,-11.0],[-62.108,-11.004],[-62.103,-11.001],[-62.089,-11.01],[-62.093,-11.011],[-62.093,-11.015],[-62.089,-11.018],[-62.091,-11.024],[-62.097,-11.03],[-62.096,-11.045],[-62.076,-11.068],[-62.079,-11.075],[-62.065,-11.095],[-62.061,-11.096],[-62.061,-11.104],[-62.055,-11.108],[-62.056,-11.12],[-62.041,-11.132],[-62.047,-11.146],[-62.043,-11.151],[-62.05,-11.165],[-62.044,-11.175],[-62.047,-11.182],[-62.045,-11.194],[-62.041,-11.198],[-62.041,-11.21],[-62.038,-11.213],[-62.028,-11.208],[-62.029,-11.193],[-62.026,-11.185],[-62.02,-11.174],[-62.025,-11.164],[-62.023,-11.159],[-62.026,-11.144],[-62.014,-11.128],[-62.005,-11.125],[-62.003,-11.121],[-61.996,-11.119],[-61.976,-11.103],[-61.976,-11.091],[-61.956,-11.089],[-61.948,-11.082],[-61.944,-11.058],[-61.946,-11.049],[-61.957,-11.011],[-61.951,-10.996],[-61.942,-10.986],[-61.841,-10.986],[-61.821,-10.986],[-61.747,-10.986],[-61.631,-10.986],[-61.631,-11.065],[-61.632,-11.092],[-61.632,-11.097],[-61.632,-11.118],[-61.658,-11.118],[-61.667,-11.118],[-61.666,-11.135],[-61.666,-11.207]]]}},{"type":"Feature","properties":{"id":"1100262","nome":"Rio Crespo"},"geometry":{"type":"Polygon","coordinates":[[[-62.512,-9.67],[-62.537,-9.674],[-62.554,-9.67],[-62.558,-9.67],[-62.558,-9.679],[-62.565,-9.686],[-62.565,-9.693],[-62.569,-9.698],[-62.584,-9.703],[-62.582,-9.722],[-62.595,-9.73],[-62.599,-9.736],[-62.61,-9.736],[-62.622,-9.751],[-62.629,-9.769],[-62.654,-9.78],[-62.66,-9.811],[-62.675,-9.831],[-62.68,-9.847],[-62.695,-9.835],[-62.706,-9.833],[-62.712,-9.825],[-62.73,-9.822],[-62.737,-9.813],[-62.748,-9.809],[-62.763,-9.809],[-62.774,-9.808],[-62.784,-9.8],[-62.796,-9.8],[-62.797,-9.792],[-62.807,-9.779],[-62.832,-9.759],[-62.838,-9.751],[-62.996,-9.752],[-63.02,-9.746],[-63.023,-9.75],[-63.029,-9.748],[-63.034,-9.751],[-63.101,-9.752],[-63.109,-9.753],[-63.112,-9.75],[-63.113,-9.73],[-63.12,-9.722],[-63.109,-9.703],[-63.105,-9.685],[-63.098,-9.668],[-63.079,-9.656],[-63.075,-9.649],[-63.072,-9.595],[-63.076,-9.525],[-62.754,-9.526],[-62.645,-9.525],[-62.6,-9.525],[-62.49,-9.525],[-62.422,-9.525],[-62.422,-9.526],[-62.425,-9.54],[-62.434,-9.554],[-62.444,-9.563],[-62.459,-9.57],[-62.455,-9.582],[-62.459,-9.597],[-62.478,-9.615],[-62.488,-9.618],[-62.493,-9.626],[-62.5,-9.628],[-62.503,-9.639],[-62.505,-9.648],[-62.514,-9.658],[-62.506,-9.662],[-62.512,-9.67]]]}},{"type":"Feature","properties":{"id":"1100288","nome":"Rolim de Moura"},"geometry":{"type":"Polygon","coordinates":[[[-61.609,-11.574],[-61.604,-11.581],[-61.598,-11.578],[-61.595,-11.581],[-61.599,-11.591],[-61.59,-11.597],[-61.582,-11.59],[-61.581,-11.597],[-61.566,-11.602],[-61.553,-11.615],[-61.548,-11.619],[-61.558,-11.634],[-61.555,-11.643],[-61.559,-11.656],[-61.574,-11.665],[-61.575,-11.669],[-61.568,-11.675],[-61.562,-11.696],[-61.557,-11.701],[-61.548,-11.698],[-61.544,-11.7],[-61.547,-11.707],[-61.543,-11.717],[-61.546,-11.717],[-61.547,-11.725],[-61.535,-11.731],[-61.537,-11.738],[-61.533,-11.74],[-61.534,-11.743],[-61.535,-11.746],[-61.54,-11.747],[-61.54,-11.751],[-61.529,-11.753],[-61.521,-11.759],[-61.528,-11.77],[-61.525,-11.784],[-61.525,-11.786],[-61.538,-11.788],[-61.532,-11.796],[-61.539,-11.808],[-61.538,-11.815],[-61.55,-11.832],[-61.553,-11.841],[-61.557,-11.85],[-61.561,-11.848],[-61.564,-11.856],[-61.573,-11.856],[-61.61,-11.856],[-61.611,-11.856],[-61.65,-11.856],[-61.688,-11.856],[-61.725,-11.856],[-61.742,-11.856],[-61.761,-11.856],[-61.796,-11.857],[-61.797,-11.857],[-61.832,-11.857],[-61.838,-11.868],[-61.85,-11.869],[-61.856,-11.875],[-61.863,-11.874],[-61.866,-11.882],[-61.871,-11.884],[-61.883,-11.885],[-61.886,-11.895],[-61.89,-11.906],[-61.895,-11.904],[-61.9,-11.892],[-61.905,-11.892],[-61.918,-11.89],[-61.923,-11.877],[-61.921,-11.866],[-61.929,-11.866],[-61.932,-11.862],[-61.94,-11.863],[-61.952,-11.864],[-61.961,-11.869],[-61.966,-11.863],[-61.971,-11.868],[-61.979,-11.864],[-61.994,-11.869],[-62.007,-11.868],[-62.019,-11.857],[-62.028,-11.86],[-62.031,-11.864],[-62.05,-11.867],[-62.036,-11.846],[-62.037,-11.825],[-62.026,-11.819],[-62.02,-11.809],[-62.018,-11.796],[-61.995,-11.77],[-61.989,-11.752],[-61.977,-11.744],[-61.974,-11.742],[-61.958,-11.735],[-61.96,-11.731],[-61.972,-11.729],[-61.975,-11.724],[-61.979,-11.711],[-61.977,-11.703],[-61.972,-11.688],[-61.975,-11.687],[-61.98,-11.675],[-61.978,-11.671],[-61.969,-11.667],[-61.968,-11.663],[-61.957,-11.656],[-61.964,-11.643],[-61.962,-11.631],[-61.951,-11.626],[-61.94,-11.627],[-61.94,-11.62],[-61.935,-11.616],[-61.926,-11.616],[-61.922,-11.604],[-61.919,-11.604],[-61.916,-11.6],[-61.917,-11.598],[-61.914,-11.598],[-61.911,-11.588],[-61.913,-11.585],[-61.907,-11.585],[-61.903,-11.585],[-61.869,-11.584],[-61.842,-11.584],[-61.833,-11.584],[-61.795,-11.584],[-61.794,-11.584],[-61.759,-11.584],[-61.758,-11.584],[-61.722,-11.584],[-61.686,-11.584],[-61.648,-11.584],[-61.614,-11.583],[-61.612,-11.583],[-61.609,-11.574]]]}},{"type":"Feature","properties":{"id":"1100296","nome":"Santa Luzia D'Oeste"},"geometry":{"type":"Polygon","coordinates":[[[-61.532,-11.856],[-61.53,-11.906],[-61.53,-11.985],[-61.53,-12.089],[-61.571,-12.089],[-61.661,-12.089],[-61.678,-12.089],[-61.678,-12.178],[-61.675,-12.429],[-61.686,-12.419],[-61.691,-12.406],[-61.69,-12.399],[-61.702,-12.388],[-61.716,-12.381],[-61.717,-12.369],[-61.727,-12.356],[-61.724,-12.347],[-61.729,-12.339],[-61.725,-12.331],[-61.731,-12.315],[-61.752,-12.281],[-61.751,-12.268],[-61.744,-12.261],[-61.74,-12.251],[-61.744,-12.238],[-61.747,-12.199],[-61.759,-12.178],[-61.762,-12.172],[-61.773,-12.158],[-61.776,-12.148],[-61.796,-12.126],[-61.799,-12.119],[-61.798,-12.11],[-61.803,-12.099],[-61.815,-12.095],[-61.816,-12.087],[-61.825,-12.083],[-61.825,-12.079],[-61.835,-12.07],[-61.834,-12.058],[-61.837,-12.052],[-61.832,-12.041],[-61.834,-12.035],[-61.831,-12.027],[-61.832,-12.021],[-61.837,-12.017],[-61.842,-12.002],[-61.85,-11.994],[-61.844,-11.993],[-61.843,-11.986],[-61.86,-11.976],[-61.867,-11.983],[-61.873,-11.984],[-61.875,-11.976],[-61.888,-11.965],[-61.887,-11.927],[-61.886,-11.908],[-61.89,-11.906],[-61.886,-11.895],[-61.883,-11.885],[-61.871,-11.884],[-61.866,-11.882],[-61.863,-11.874],[-61.856,-11.875],[-61.85,-11.869],[-61.838,-11.868],[-61.832,-11.857],[-61.797,-11.857],[-61.796,-11.857],[-61.761,-11.856],[-61.742,-11.856],[-61.725,-11.856],[-61.688,-11.856],[-61.65,-11.856],[-61.611,-11.856],[-61.61,-11.856],[-61.573,-11.856],[-61.564,-11.856],[-61.532,-11.856]]]}},{"type":"Feature","properties":{"id":"1100304","nome":"Vilhena"},"geometry":{"type":"Polygon","coordinates":[[[-60.45,-11.008],[-60.441,-11.016],[-60.437,-11.016],[-60.446,-11.042],[-60.435,-11.041],[-60.429,-11.037],[-60.414,-11.043],[-60.411,-11.046],[-60.414,-11.067],[-60.408,-11.071],[-60.404,-11.069],[-60.395,-11.08],[-60.391,-11.093],[-60.383,-11.096],[-60.373,-11.094],[-60.37,-11.099],[-60.347,-11.109],[-60.344,-11.104],[-60.346,-11.099],[-60.341,-11.082],[-60.348,-11.074],[-60.334,-11.082],[-60.317,-11.065],[-60.309,-11.064],[-60.301,-11.057],[-60.291,-11.065],[-60.282,-11.064],[-60.278,-11.079],[-60.28,-11.091],[-60.27,-11.098],[-60.265,-11.093],[-60.248,-11.096],[-60.238,-11.095],[-60.227,-11.105],[-60.21,-11.106],[-60.207,-11.111],[-60.198,-11.114],[-60.187,-11.111],[-60.188,-11.108],[-60.177,-11.099],[-60.159,-11.095],[-60.152,-11.1],[-60.148,-11.099],[-60.142,-11.105],[-60.13,-11.1],[-60.12,-11.106],[-60.112,-11.102],[-60.104,-11.109],[-60.096,-11.11],[-60.089,-11.109],[-60.089,-11.1],[-60.084,-11.096],[-60.075,-11.105],[-60.066,-11.125],[-60.044,-11.124],[-60.037,-11.117],[-60.03,-11.128],[-60.019,-11.129],[-60.015,-11.116],[-60.013,-11.122],[-59.995,-11.125],[-59.991,-11.123],[-59.986,-11.114],[-59.983,-11.116],[-59.976,-11.122],[-59.979,-11.139],[-59.989,-11.138],[-59.984,-11.147],[-59.995,-11.148],[-59.997,-11.151],[-59.995,-11.157],[-59.988,-11.161],[-59.987,-11.171],[-59.98,-11.179],[-59.971,-11.18],[-59.969,-11.185],[-59.964,-11.189],[-59.967,-11.197],[-59.975,-11.198],[-59.976,-11.203],[-59.981,-11.203],[-59.984,-11.215],[-59.982,-11.233],[-59.967,-11.253],[-59.968,-11.266],[-59.96,-11.277],[-59.959,-11.294],[-59.95,-11.304],[-59.927,-11.31],[-59.917,-11.338],[-59.917,-11.346],[-59.924,-11.352],[-59.922,-11.355],[-59.925,-11.361],[-59.919,-11.381],[-59.922,-11.394],[-59.92,-11.398],[-59.927,-11.412],[-59.925,-11.415],[-59.934,-11.423],[-59.942,-11.422],[-59.944,-11.432],[-59.952,-11.436],[-59.976,-11.439],[-59.985,-11.469],[-60.002,-11.478],[-60.007,-11.486],[-60.015,-11.488],[-60.017,-11.496],[-60.027,-11.496],[-60.031,-11.493],[-60.031,-11.497],[-60.031,-11.503],[-60.026,-11.505],[-60.041,-11.516],[-60.053,-11.533],[-60.057,-11.542],[-60.079,-11.552],[-60.078,-11.556],[-60.086,-11.561],[-60.09,-11.554],[-60.094,-11.562],[-60.087,-11.568],[-60.098,-11.567],[-60.099,-11.57],[-60.091,-11.576],[-60.101,-11.577],[-60.094,-11.585],[-60.11,-11.582],[-60.114,-11.591],[-60.11,-11.595],[-60.114,-11.603],[-60.109,-11.615],[-60.115,-11.619],[-60.111,-11.62],[-60.114,-11.635],[-60.111,-11.643],[-60.117,-11.643],[-60.115,-11.669],[-60.118,-11.672],[-60.118,-11.68],[-60.122,-11.682],[-60.117,-11.689],[-60.118,-11.702],[-60.116,-11.706],[-60.121,-11.712],[-60.112,-11.722],[-60.116,-11.729],[-60.111,-11.748],[-60.107,-11.749],[-60.112,-11.759],[-60.111,-11.763],[-60.105,-11.763],[-60.107,-11.77],[-60.102,-11.772],[-60.108,-11.775],[-60.109,-11.78],[-60.104,-11.778],[-60.101,-11.78],[-60.105,-11.782],[-60.102,-11.79],[-60.108,-11.793],[-60.096,-11.795],[-60.096,-11.801],[-60.1,-11.798],[-60.104,-11.802],[-60.098,-11.803],[-60.101,-11.814],[-60.095,-11.818],[-60.103,-11.819],[-60.099,-11.83],[-60.102,-11.832],[-60.108,-11.839],[-60.101,-11.835],[-60.097,-11.839],[-60.098,-11.845],[-60.093,-11.849],[-60.096,-11.858],[-60.092,-11.853],[-60.089,-11.855],[-60.091,-11.861],[-60.088,-11.862],[-60.083,-11.858],[-60.079,-11.862],[-60.085,-11.867],[-60.078,-11.87],[-60.074,-11.879],[-60.076,-11.885],[-60.073,-11.884],[-60.06,-11.895],[-60.047,-11.897],[-60.042,-11.892],[-60.033,-11.898],[-60.029,-11.895],[-60.024,-11.897],[-60.012,-11.893],[-60.006,-11.894],[-59.995,-11.909],[-59.985,-11.912],[-59.983,-11.92],[-59.988,-11.929],[-59.98,-11.946],[-59.986,-11.96],[-59.971,-11.97],[-59.974,-11.976],[-59.969,-11.982],[-59.97,-11.989],[-59.979,-11.991],[-59.97,-11.997],[-59.966,-12.007],[-59.974,-12.015],[-59.979,-12.029],[-59.969,-12.032],[-59.965,-12.046],[-59.961,-12.05],[-59.961,-12.056],[-59.956,-12.056],[-59.951,-12.065],[-59.947,-12.065],[-59.929,-12.078],[-59.923,-12.093],[-59.915,-12.098],[-59.899,-12.117],[-59.9,-12.17],[-59.91,-12.186],[-59.908,-12.194],[-59.901,-12.215],[-59.901,-12.223],[-59.893,-12.232],[-59.892,-12.245],[-59.886,-12.245],[-59.774,-12.341],[-59.792,-12.345],[-59.802,-12.357],[-59.805,-12.368],[-59.819,-12.378],[-59.818,-12.389],[-59.823,-12.39],[-59.832,-12.401],[-59.835,-12.413],[-59.842,-12.424],[-59.841,-12.459],[-59.844,-12.467],[-59.855,-12.478],[-59.868,-12.482],[-59.887,-12.475],[-59.896,-12.476],[-59.897,-12.471],[-59.904,-12.472],[-59.907,-12.48],[-59.913,-12.479],[-59.925,-12.481],[-59.935,-12.487],[-59.936,-12.495],[-59.957,-12.502],[-59.973,-12.53],[-60.0,-12.536],[-60.006,-12.545],[-60.026,-12.561],[-60.028,-12.579],[-60.034,-12.595],[-60.063,-12.607],[-60.068,-12.616],[-60.063,-12.628],[-60.063,-12.641],[-60.078,-12.664],[-60.076,-12.688],[-60.087,-12.716],[-60.09,-12.736],[-60.074,-12.773],[-60.077,-12.804],[-60.084,-12.837],[-60.079,-12.881],[-60.088,-12.902],[-60.105,-12.919],[-60.117,-12.959],[-60.13,-12.961],[-60.139,-12.97],[-60.15,-12.964],[-60.156,-12.968],[-60.167,-12.97],[-60.183,-12.967],[-60.189,-12.971],[-60.192,-12.982],[-60.201,-12.988],[-60.204,-12.995],[-60.213,-13.007],[-60.215,-13.027],[-60.22,-13.027],[-60.224,-13.033],[-60.237,-13.034],[-60.241,-13.038],[-60.248,-13.055],[-60.253,-13.056],[-60.267,-13.077],[-60.282,-13.08],[-60.282,-13.093],[-60.284,-13.098],[-60.279,-13.102],[-60.282,-13.106],[-60.277,-13.112],[-60.28,-13.12],[-60.276,-13.126],[-60.28,-13.135],[-60.268,-13.145],[-60.296,-13.177],[-60.299,-13.175],[-60.304,-13.179],[-60.309,-13.192],[-60.308,-13.199],[-60.32,-13.216],[-60.324,-13.229],[-60.328,-13.23],[-60.329,-13.235],[-60.324,-13.25],[-60.326,-13.255],[-60.333,-13.258],[-60.336,-13.254],[-60.34,-13.257],[-60.346,-13.251],[-60.348,-13.242],[-60.343,-13.232],[-60.348,-13.226],[-60.349,-13.216],[-60.356,-13.209],[-60.354,-13.206],[-60.356,-13.197],[-60.353,-13.191],[-60.355,-13.171],[-60.36,-13.167],[-60.36,-13.162],[-60.347,-13.152],[-60.345,-13.143],[-60.346,-13.122],[-60.35,-13.117],[-60.354,-13.103],[-60.367,-13.113],[-60.37,-13.106],[-60.369,-13.099],[-60.372,-13.098],[-60.37,-13.092],[-60.379,-13.089],[-60.386,-13.083],[-60.394,-13.069],[-60.399,-13.067],[-60.406,-13.069],[-60.406,-13.063],[-60.415,-13.046],[-60.414,-13.04],[-60.419,-13.032],[-60.417,-13.029],[-60.42,-13.021],[-60.416,-13.02],[-60.42,-13.014],[-60.436,-13.002],[-60.447,-13.005],[-60.458,-13.003],[-60.466,-13.011],[-60.47,-13.011],[-60.473,-12.998],[-60.497,-12.979],[-60.504,-12.966],[-60.504,-12.949],[-60.524,-12.967],[-60.533,-12.966],[-60.547,-12.957],[-60.559,-12.966],[-60.574,-12.989],[-60.58,-12.972],[-60.589,-12.967],[-60.597,-12.974],[-60.604,-12.988],[-60.612,-12.992],[-60.599,-12.946],[-60.589,-12.935],[-60.589,-12.924],[-60.596,-12.914],[-60.592,-12.897],[-60.585,-12.885],[-60.581,-12.865],[-60.585,-12.849],[-60.575,-12.829],[-60.577,-12.826],[-60.575,-12.821],[-60.576,-12.805],[-60.571,-12.8],[-60.572,-12.789],[-60.562,-12.774],[-60.562,-12.767],[-60.548,-12.784],[-60.539,-12.781],[-60.534,-12.793],[-60.517,-12.792],[-60.511,-12.797],[-60.5,-12.799],[-60.495,-12.808],[-60.475,-12.817],[-60.474,-12.823],[-60.465,-12.83],[-60.443,-12.839],[-60.446,-12.538],[-60.446,-12.536],[-60.639,-12.538],[-60.628,-12.444],[-60.808,-12.447],[-60.809,-12.401],[-60.809,-12.375],[-60.799,-12.375],[-60.788,-12.37],[-60.772,-12.354],[-60.76,-12.352],[-60.755,-12.343],[-60.731,-12.334],[-60.721,-12.334],[-60.705,-12.324],[-60.699,-12.324],[-60.695,-12.309],[-60.684,-12.296],[-60.685,-12.29],[-60.68,-12.275],[-60.685,-12.261],[-60.649,-12.261],[-60.645,-12.261],[-60.566,-12.26],[-60.565,-12.26],[-60.302,-12.258],[-60.3,-12.253],[-60.308,-12.243],[-60.303,-12.237],[-60.303,-12.231],[-60.308,-12.223],[-60.305,-12.197],[-60.312,-12.187],[-60.311,-12.18],[-60.315,-12.167],[-60.314,-12.155],[-60.311,-12.152],[-60.324,-12.135],[-60.325,-12.122],[-60.334,-12.1],[-60.344,-12.092],[-60.351,-12.08],[-60.357,-12.079],[-60.364,-12.071],[-60.36,-12.063],[-60.374,-12.05],[-60.373,-12.035],[-60.377,-12.027],[-60.374,-12.024],[-60.379,-12.02],[-60.377,-12.008],[-60.383,-12.003],[-60.387,-11.988],[-60.377,-11.979],[-60.368,-11.977],[-60.363,-11.964],[-60.347,-11.954],[-60.353,-11.954],[-60.353,-11.947],[-60.362,-11.943],[-60.365,-11.938],[-60.374,-11.933],[-60.37,-11.922],[-60.376,-11.915],[-60.373,-11.91],[-60.37,-11.902],[-60.376,-11.901],[-60.374,-11.89],[-60.386,-11.872],[-60.384,-11.865],[-60.377,-11.863],[-60.387,-11.854],[-60.392,-11.86],[-60.395,-11.859],[-60.394,-11.853],[-60.403,-11.848],[-60.399,-11.844],[-60.413,-11.833],[-60.421,-11.825],[-60.426,-11.827],[-60.433,-11.823],[-60.426,-11.811],[-60.429,-11.811],[-60.429,-11.807],[-60.433,-11.81],[-60.438,-11.807],[-60.437,-11.803],[-60.441,-11.799],[-60.444,-11.801],[-60.45,-11.789],[-60.463,-11.782],[-60.461,-11.779],[-60.461,-11.77],[-60.454,-11.764],[-60.458,-11.755],[-60.456,-11.745],[-60.452,-11.746],[-60.444,-11.73],[-60.436,-11.735],[-60.431,-11.729],[-60.441,-11.727],[-60.44,-11.717],[-60.429,-11.718],[-60.425,-11.715],[-60.432,-11.71],[-60.441,-11.711],[-60.439,-11.703],[-60.445,-11.697],[-60.453,-11.704],[-60.459,-11.701],[-60.457,-11.696],[-60.45,-11.691],[-60.447,-11.675],[-60.447,-11.667],[-60.461,-11.661],[-60.457,-11.651],[-60.454,-11.654],[-60.454,-11.627],[-60.446,-11.622],[-60.444,-11.614],[-60.437,-11.611],[-60.439,-11.603],[-60.435,-11.591],[-60.441,-11.573],[-60.435,-11.565],[-60.443,-11.566],[-60.446,-11.562],[-60.451,-11.562],[-60.441,-11.539],[-60.441,-11.531],[-60.445,-11.53],[-60.44,-11.519],[-60.446,-11.511],[-60.44,-11.507],[-60.438,-11.5],[-60.439,-11.496],[-60.446,-11.497],[-60.455,-11.494],[-60.455,-11.491],[-60.472,-11.483],[-60.468,-11.481],[-60.463,-11.464],[-60.461,-11.456],[-60.451,-11.451],[-60.438,-11.446],[-60.435,-11.435],[-60.44,-11.433],[-60.437,-11.424],[-60.442,-11.422],[-60.44,-11.414],[-60.445,-11.414],[-60.442,-11.407],[-60.447,-11.404],[-60.45,-11.401],[-60.447,-11.399],[-60.458,-11.384],[-60.462,-11.37],[-60.46,-11.358],[-60.475,-11.368],[-60.484,-11.368],[-60.487,-11.361],[-60.484,-11.35],[-60.496,-11.344],[-60.49,-11.333],[-60.494,-11.327],[-60.493,-11.318],[-60.488,-11.312],[-60.492,-11.305],[-60.483,-11.292],[-60.492,-11.285],[-60.51,-11.277],[-60.509,-11.274],[-60.514,-11.266],[-60.523,-11.261],[-60.528,-11.254],[-60.525,-11.243],[-60.528,-11.242],[-60.531,-11.22],[-60.537,-11.216],[-60.532,-11.2],[-60.533,-11.185],[-60.524,-11.18],[-60.519,-11.166],[-60.522,-11.158],[-60.518,-11.145],[-60.531,-11.143],[-60.535,-11.136],[-60.529,-11.136],[-60.52,-11.13],[-60.527,-11.115],[-60.515,-11.11],[-60.507,-11.101],[-60.506,-11.098],[-60.514,-11.091],[-60.51,-11.083],[-60.514,-11.074],[-60.512,-11.066],[-60.501,-11.064],[-60.475,-11.046],[-60.464,-11.023],[-60.468,-10.995],[-60.46,-10.989],[-60.452,-10.993],[-60.45,-11.008]]]}},{"type":"Feature","properties":{"id":"1100320","nome":"S\u00e3o Miguel do Guapor\u00e9"},"geometry":{"type":"Polygon","coordinates":[[[-63.569,-11.022],[-63.566,-11.034],[-63.557,-11.031],[-63.553,-11.039],[-63.542,-11.034],[-63.528,-11.045],[-63.5,-11.042],[-63.481,-11.027],[-63.466,-11.031],[-63.433,-11.03],[-63.419,-11.039],[-63.413,-11.049],[-63.402,-11.049],[-63.384,-11.057],[-63.383,-11.072],[-63.377,-11.075],[-63.364,-11.074],[-63.353,-11.066],[-63.341,-11.063],[-63.327,-11.076],[-63.335,-11.089],[-63.331,-11.1],[-63.319,-11.109],[-63.32,-11.115],[-63.304,-11.128],[-63.302,-11.132],[-63.304,-11.137],[-63.304,-11.142],[-63.288,-11.153],[-63.254,-11.152],[-63.245,-11.147],[-63.233,-11.127],[-63.22,-11.121],[-63.205,-11.105],[-63.195,-11.103],[-63.176,-11.11],[-63.173,-11.116],[-63.149,-11.114],[-63.139,-11.129],[-63.149,-11.16],[-63.149,-11.175],[-63.139,-11.186],[-63.141,-11.196],[-63.121,-11.206],[-63.111,-11.218],[-63.111,-11.239],[-63.118,-11.257],[-63.103,-11.279],[-63.096,-11.303],[-63.095,-11.312],[-63.101,-11.333],[-63.097,-11.339],[-63.087,-11.356],[-63.045,-11.338],[-63.029,-11.336],[-63.014,-11.34],[-63.009,-11.345],[-63.001,-11.339],[-62.992,-11.346],[-62.972,-11.345],[-62.959,-11.357],[-62.951,-11.358],[-62.94,-11.355],[-62.908,-11.325],[-62.893,-11.316],[-62.87,-11.309],[-62.863,-11.312],[-62.837,-11.303],[-62.83,-11.312],[-62.829,-11.329],[-62.824,-11.334],[-62.802,-11.337],[-62.798,-11.355],[-62.785,-11.365],[-62.775,-11.386],[-62.77,-11.39],[-62.757,-11.389],[-62.747,-11.392],[-62.732,-11.394],[-62.727,-11.402],[-62.728,-11.411],[-62.731,-11.418],[-62.754,-11.44],[-62.752,-11.444],[-62.745,-11.448],[-62.735,-11.446],[-62.728,-11.449],[-62.723,-11.445],[-62.719,-11.448],[-62.694,-11.432],[-62.679,-11.432],[-62.669,-11.434],[-62.65,-11.449],[-62.64,-11.443],[-62.625,-11.457],[-62.625,-11.462],[-62.609,-11.473],[-62.605,-11.48],[-62.585,-11.491],[-62.577,-11.478],[-62.565,-11.476],[-62.555,-11.468],[-62.541,-11.477],[-62.534,-11.475],[-62.527,-11.477],[-62.52,-11.485],[-62.519,-11.492],[-62.508,-11.5],[-62.508,-11.509],[-62.505,-11.519],[-62.487,-11.539],[-62.486,-11.551],[-62.491,-11.551],[-62.489,-11.558],[-62.486,-11.558],[-62.477,-11.575],[-62.467,-11.58],[-62.461,-11.589],[-62.463,-11.602],[-62.442,-11.604],[-62.439,-11.615],[-62.443,-11.625],[-62.439,-11.634],[-62.431,-11.636],[-62.427,-11.643],[-62.418,-11.647],[-62.415,-11.666],[-62.405,-11.668],[-62.407,-11.696],[-62.401,-11.702],[-62.404,-11.726],[-62.414,-11.734],[-62.41,-11.743],[-62.409,-11.751],[-62.401,-11.747],[-62.394,-11.747],[-62.391,-11.767],[-62.37,-11.764],[-62.362,-11.771],[-62.356,-11.771],[-62.348,-11.763],[-62.341,-11.765],[-62.341,-11.771],[-62.333,-11.773],[-62.33,-11.771],[-62.323,-11.772],[-62.32,-11.779],[-62.308,-11.775],[-62.301,-11.791],[-62.283,-11.805],[-62.274,-11.804],[-62.248,-11.796],[-62.243,-11.787],[-62.228,-11.788],[-62.223,-11.798],[-62.226,-11.805],[-62.222,-11.808],[-62.207,-11.807],[-62.207,-11.818],[-62.21,-11.825],[-62.206,-11.832],[-62.226,-11.89],[-62.232,-11.908],[-62.235,-11.91],[-62.241,-11.908],[-62.243,-11.905],[-62.241,-11.903],[-62.246,-11.901],[-62.257,-11.903],[-62.258,-11.901],[-62.267,-11.906],[-62.273,-11.902],[-62.278,-11.904],[-62.283,-11.899],[-62.288,-11.9],[-62.291,-11.899],[-62.29,-11.895],[-62.299,-11.892],[-62.304,-11.9],[-62.307,-11.898],[-62.311,-11.901],[-62.312,-11.903],[-62.315,-11.901],[-62.315,-11.904],[-62.318,-11.901],[-62.321,-11.903],[-62.33,-11.896],[-62.337,-11.895],[-62.341,-11.9],[-62.347,-11.899],[-62.35,-11.904],[-62.357,-11.904],[-62.374,-11.909],[-62.379,-11.904],[-62.391,-11.908],[-62.407,-11.915],[-62.406,-11.923],[-62.423,-11.933],[-62.428,-11.933],[-62.428,-11.937],[-62.438,-11.945],[-62.441,-11.958],[-62.448,-11.961],[-62.454,-11.969],[-62.454,-11.97],[-62.464,-11.973],[-62.468,-11.982],[-62.475,-11.982],[-62.48,-11.988],[-62.479,-11.996],[-62.483,-11.996],[-62.488,-12.004],[-62.516,-12.015],[-62.523,-12.024],[-62.537,-12.029],[-62.538,-12.033],[-62.544,-12.034],[-62.547,-12.039],[-62.545,-12.048],[-62.564,-12.059],[-62.577,-12.07],[-62.58,-12.069],[-62.581,-12.072],[-62.588,-12.069],[-62.611,-12.085],[-62.61,-12.089],[-62.606,-12.089],[-62.609,-12.091],[-62.606,-12.092],[-62.608,-12.096],[-62.606,-12.1],[-62.609,-12.101],[-62.604,-12.111],[-62.607,-12.111],[-62.613,-12.12],[-62.606,-12.126],[-62.609,-12.128],[-62.602,-12.15],[-62.603,-12.158],[-62.614,-12.17],[-62.62,-12.183],[-62.614,-12.188],[-62.615,-12.197],[-62.612,-12.199],[-62.617,-12.209],[-62.622,-12.207],[-62.634,-12.218],[-62.642,-12.237],[-62.644,-12.233],[-62.731,-12.109],[-62.733,-12.125],[-62.747,-12.131],[-62.757,-12.142],[-62.766,-12.174],[-62.778,-12.183],[-62.798,-12.186],[-62.813,-12.202],[-62.828,-12.203],[-62.855,-12.194],[-62.885,-12.195],[-62.893,-12.199],[-62.915,-12.197],[-62.936,-12.204],[-62.957,-12.206],[-62.984,-12.202],[-63.03,-12.195],[-63.057,-12.199],[-63.079,-12.198],[-63.111,-12.205],[-63.12,-12.201],[-63.128,-12.202],[-63.129,-12.194],[-63.119,-12.183],[-63.121,-12.18],[-63.118,-12.176],[-63.117,-12.161],[-63.112,-12.155],[-63.119,-12.149],[-63.122,-12.14],[-63.116,-12.134],[-63.118,-12.129],[-63.121,-12.131],[-63.124,-12.129],[-63.12,-12.124],[-63.122,-12.118],[-63.127,-12.118],[-63.124,-12.115],[-63.126,-12.108],[-63.117,-12.103],[-63.118,-12.094],[-63.122,-12.092],[-63.121,-12.083],[-63.111,-12.079],[-63.112,-12.072],[-63.108,-12.074],[-63.097,-12.068],[-63.099,-12.06],[-63.103,-12.06],[-63.101,-12.052],[-63.093,-12.052],[-63.088,-12.046],[-63.083,-12.045],[-63.085,-12.04],[-63.08,-12.035],[-63.076,-12.037],[-63.064,-12.031],[-63.062,-12.032],[-63.058,-12.027],[-63.048,-12.027],[-63.046,-12.022],[-63.049,-12.018],[-63.045,-12.019],[-63.043,-12.015],[-63.041,-12.018],[-63.036,-12.011],[-63.038,-12.005],[-63.034,-12.008],[-63.028,-12.005],[-63.029,-12.0],[-63.02,-11.997],[-63.021,-11.994],[-63.013,-11.989],[-63.013,-11.98],[-63.017,-11.981],[-63.016,-11.977],[-63.007,-11.97],[-62.993,-11.967],[-62.989,-11.961],[-62.959,-11.955],[-62.956,-11.946],[-62.951,-11.947],[-62.943,-11.948],[-62.93,-11.943],[-62.924,-11.947],[-62.921,-11.945],[-62.915,-11.95],[-62.907,-11.943],[-62.898,-11.94],[-62.89,-11.945],[-62.894,-11.947],[-62.89,-11.953],[-62.881,-11.948],[-62.88,-11.945],[-62.875,-11.947],[-62.873,-11.935],[-62.865,-11.932],[-62.866,-11.927],[-62.85,-11.909],[-62.85,-11.898],[-62.84,-11.891],[-62.837,-11.88],[-62.846,-11.873],[-62.845,-11.866],[-62.853,-11.855],[-62.86,-11.815],[-62.87,-11.809],[-62.881,-11.819],[-62.886,-11.818],[-62.895,-11.812],[-62.912,-11.81],[-62.92,-11.801],[-62.933,-11.774],[-62.946,-11.77],[-62.957,-11.761],[-62.969,-11.75],[-62.987,-11.752],[-62.991,-11.748],[-62.99,-11.717],[-62.998,-11.67],[-62.989,-11.638],[-62.97,-11.621],[-62.968,-11.605],[-62.979,-11.595],[-62.997,-11.558],[-63.003,-11.552],[-63.047,-11.561],[-63.047,-11.552],[-63.056,-11.547],[-63.054,-11.536],[-63.069,-11.528],[-63.086,-11.537],[-63.09,-11.542],[-63.101,-11.538],[-63.119,-11.546],[-63.121,-11.543],[-63.116,-11.53],[-63.122,-11.509],[-63.133,-11.507],[-63.138,-11.494],[-63.145,-11.496],[-63.155,-11.492],[-63.159,-11.487],[-63.167,-11.486],[-63.17,-11.482],[-63.179,-11.489],[-63.178,-11.472],[-63.178,-11.463],[-63.179,-11.476],[-63.185,-11.486],[-63.22,-11.489],[-63.233,-11.485],[-63.272,-11.498],[-63.284,-11.517],[-63.317,-11.528],[-63.335,-11.533],[-63.371,-11.532],[-63.372,-11.534],[-63.382,-11.535],[-63.397,-11.544],[-63.403,-11.542],[-63.408,-11.548],[-63.419,-11.55],[-63.422,-11.555],[-63.43,-11.554],[-63.434,-11.558],[-63.446,-11.559],[-63.463,-11.556],[-63.477,-11.537],[-63.486,-11.542],[-63.492,-11.54],[-63.508,-11.564],[-63.511,-11.564],[-63.519,-11.58],[-63.524,-11.579],[-63.536,-11.587],[-63.544,-11.598],[-63.545,-11.594],[-63.552,-11.594],[-63.562,-11.6],[-63.563,-11.604],[-63.569,-11.603],[-63.575,-11.608],[-63.581,-11.605],[-63.59,-11.608],[-63.604,-11.602],[-63.598,-11.593],[-63.604,-11.584],[-63.608,-11.57],[-63.604,-11.563],[-63.608,-11.556],[-63.615,-11.554],[-63.613,-11.549],[-63.616,-11.542],[-63.621,-11.542],[-63.623,-11.538],[-63.612,-11.537],[-63.616,-11.531],[-63.61,-11.529],[-63.612,-11.52],[-63.603,-11.506],[-63.594,-11.504],[-63.606,-11.491],[-63.617,-11.489],[-63.614,-11.482],[-63.607,-11.481],[-63.607,-11.471],[-63.603,-11.467],[-63.605,-11.457],[-63.598,-11.442],[-63.591,-11.445],[-63.599,-11.437],[-63.595,-11.424],[-63.601,-11.413],[-63.598,-11.412],[-63.593,-11.416],[-63.582,-11.411],[-63.58,-11.416],[-63.565,-11.412],[-63.558,-11.418],[-63.553,-11.417],[-63.548,-11.413],[-63.557,-11.403],[-63.552,-11.393],[-63.548,-11.392],[-63.548,-11.388],[-63.544,-11.391],[-63.539,-11.388],[-63.54,-11.38],[-63.519,-11.371],[-63.521,-11.369],[-63.521,-11.358],[-63.529,-11.338],[-63.543,-11.326],[-63.537,-11.316],[-63.537,-11.308],[-63.541,-11.306],[-63.552,-11.307],[-63.575,-11.282],[-63.588,-11.283],[-63.586,-11.273],[-63.59,-11.265],[-63.588,-11.26],[-63.593,-11.26],[-63.593,-11.254],[-63.59,-11.248],[-63.585,-11.247],[-63.59,-11.239],[-63.584,-11.227],[-63.577,-11.225],[-63.582,-11.212],[-63.587,-11.209],[-63.587,-11.183],[-63.597,-11.163],[-63.596,-11.149],[-63.602,-11.139],[-63.593,-11.095],[-63.593,-11.08],[-63.582,-11.069],[-63.585,-11.059],[-63.581,-11.054],[-63.585,-11.045],[-63.58,-11.031],[-63.594,-11.018],[-63.617,-11.015],[-63.623,-11.012],[-63.63,-11.005],[-63.626,-11.005],[-63.582,-11.01],[-63.569,-11.022]]]}},{"type":"Feature","properties":{"id":"1100338","nome":"Nova Mamor\u00e9"},"geometry":{"type":"Polygon","coordinates":[[[-65.282,-9.961],[-65.275,-9.963],[-65.251,-9.961],[-65.227,-9.969],[-65.212,-9.962],[-65.194,-9.962],[-65.185,-9.969],[-65.181,-9.98],[-65.171,-9.986],[-65.166,-10.0],[-64.999,-10.0],[-64.945,-10.0],[-64.907,-10.0],[-64.705,-10.0],[-64.595,-10.0],[-64.573,-10.0],[-64.341,-10.0],[-64.338,-10.0],[-64.264,-10.0],[-64.258,-10.017],[-64.256,-10.036],[-64.248,-10.04],[-64.249,-10.044],[-64.243,-10.049],[-64.242,-10.058],[-64.246,-10.06],[-64.244,-10.068],[-64.231,-10.081],[-64.242,-10.097],[-64.241,-10.113],[-64.241,-10.119],[-64.229,-10.132],[-64.232,-10.142],[-64.228,-10.15],[-64.235,-10.165],[-64.229,-10.174],[-64.228,-10.179],[-64.209,-10.196],[-64.212,-10.218],[-64.204,-10.216],[-64.202,-10.218],[-64.201,-10.235],[-64.205,-10.241],[-64.202,-10.242],[-64.202,-10.239],[-64.197,-10.245],[-64.191,-10.271],[-64.205,-10.301],[-64.22,-10.307],[-64.224,-10.317],[-64.218,-10.333],[-64.222,-10.348],[-64.213,-10.358],[-64.205,-10.359],[-64.197,-10.373],[-64.194,-10.373],[-64.195,-10.377],[-64.183,-10.393],[-64.185,-10.401],[-64.173,-10.402],[-64.165,-10.411],[-64.158,-10.409],[-64.154,-10.421],[-64.146,-10.425],[-64.145,-10.433],[-64.136,-10.434],[-64.139,-10.44],[-64.13,-10.443],[-64.126,-10.444],[-64.125,-10.436],[-64.118,-10.443],[-64.109,-10.444],[-64.107,-10.449],[-64.1,-10.448],[-64.093,-10.462],[-64.086,-10.463],[-64.087,-10.466],[-64.079,-10.463],[-64.074,-10.469],[-64.062,-10.473],[-64.056,-10.466],[-64.046,-10.471],[-64.026,-10.463],[-64.021,-10.47],[-64.018,-10.469],[-64.008,-10.474],[-64.007,-10.49],[-63.992,-10.499],[-63.989,-10.51],[-63.976,-10.513],[-63.969,-10.521],[-63.971,-10.526],[-63.976,-10.522],[-63.982,-10.524],[-63.988,-10.533],[-63.979,-10.536],[-63.984,-10.537],[-64.0,-10.549],[-64.008,-10.544],[-64.007,-10.557],[-64.015,-10.565],[-64.016,-10.586],[-64.003,-10.602],[-63.989,-10.608],[-63.992,-10.612],[-63.985,-10.62],[-63.987,-10.632],[-63.983,-10.633],[-63.98,-10.626],[-63.977,-10.624],[-63.978,-10.618],[-63.955,-10.624],[-63.956,-10.629],[-63.935,-10.631],[-63.929,-10.639],[-63.93,-10.647],[-63.927,-10.648],[-63.932,-10.66],[-63.92,-10.674],[-63.915,-10.677],[-63.912,-10.688],[-63.905,-10.69],[-63.902,-10.699],[-63.903,-10.713],[-63.896,-10.729],[-63.899,-10.732],[-63.896,-10.737],[-63.899,-10.739],[-63.898,-10.751],[-63.882,-10.755],[-63.882,-10.764],[-63.877,-10.769],[-63.863,-10.773],[-63.863,-10.769],[-63.86,-10.769],[-63.851,-10.784],[-63.848,-10.78],[-63.838,-10.781],[-63.837,-10.79],[-63.812,-10.801],[-63.799,-10.794],[-63.786,-10.796],[-63.767,-10.817],[-63.749,-10.814],[-63.742,-10.826],[-63.719,-10.831],[-63.706,-10.84],[-63.919,-10.87],[-63.92,-10.87],[-63.931,-10.873],[-63.951,-10.862],[-63.966,-10.868],[-63.971,-10.862],[-63.969,-10.85],[-63.976,-10.848],[-63.981,-10.837],[-63.985,-10.836],[-63.993,-10.839],[-64.0,-10.836],[-64.008,-10.838],[-64.013,-10.861],[-64.02,-10.866],[-64.048,-10.871],[-64.058,-10.867],[-64.064,-10.87],[-64.083,-10.86],[-64.108,-10.862],[-64.113,-10.867],[-64.124,-10.857],[-64.127,-10.858],[-64.127,-10.861],[-64.134,-10.861],[-64.151,-10.841],[-64.155,-10.831],[-64.16,-10.835],[-64.164,-10.826],[-64.179,-10.816],[-64.19,-10.799],[-64.197,-10.798],[-64.198,-10.791],[-64.204,-10.785],[-64.203,-10.776],[-64.21,-10.771],[-64.221,-10.76],[-64.233,-10.763],[-64.236,-10.753],[-64.243,-10.755],[-64.252,-10.753],[-64.262,-10.761],[-64.272,-10.755],[-64.287,-10.757],[-64.29,-10.761],[-64.318,-10.754],[-64.324,-10.759],[-64.344,-10.757],[-64.356,-10.764],[-64.364,-10.775],[-64.38,-10.768],[-64.382,-10.77],[-64.383,-10.774],[-64.386,-10.774],[-64.396,-10.791],[-64.402,-10.795],[-64.408,-10.792],[-64.412,-10.797],[-64.409,-10.806],[-64.412,-10.816],[-64.409,-10.824],[-64.432,-10.827],[-64.445,-10.834],[-64.448,-10.835],[-64.448,-10.832],[-64.455,-10.834],[-64.455,-10.831],[-64.463,-10.827],[-64.466,-10.829],[-64.472,-10.827],[-64.48,-10.833],[-64.493,-10.831],[-64.509,-10.814],[-64.516,-10.813],[-64.518,-10.816],[-64.524,-10.816],[-64.53,-10.803],[-64.537,-10.8],[-64.539,-10.794],[-64.543,-10.792],[-64.555,-10.797],[-64.562,-10.806],[-64.578,-10.81],[-64.583,-10.807],[-64.593,-10.809],[-64.6,-10.8],[-64.615,-10.799],[-64.615,-10.795],[-64.627,-10.792],[-64.626,-10.788],[-64.633,-10.79],[-64.637,-10.786],[-64.639,-10.788],[-64.645,-10.779],[-64.66,-10.766],[-64.692,-10.639],[-64.707,-10.584],[-64.723,-10.528],[-64.743,-10.455],[-64.773,-10.478],[-64.781,-10.477],[-64.783,-10.477],[-64.79,-10.478],[-64.804,-10.492],[-64.811,-10.511],[-64.824,-10.51],[-64.826,-10.5],[-64.831,-10.497],[-64.841,-10.508],[-64.868,-10.523],[-64.882,-10.529],[-64.901,-10.542],[-64.92,-10.54],[-64.928,-10.538],[-64.934,-10.523],[-64.94,-10.518],[-64.973,-10.512],[-64.99,-10.515],[-65.004,-10.522],[-65.021,-10.524],[-65.033,-10.521],[-65.056,-10.523],[-65.066,-10.529],[-65.074,-10.53],[-65.088,-10.525],[-65.093,-10.528],[-65.11,-10.528],[-65.117,-10.528],[-65.138,-10.539],[-65.183,-10.539],[-65.19,-10.543],[-65.19,-10.548],[-65.205,-10.563],[-65.217,-10.553],[-65.23,-10.557],[-65.235,-10.546],[-65.244,-10.555],[-65.26,-10.553],[-65.262,-10.559],[-65.283,-10.551],[-65.286,-10.549],[-65.286,-10.544],[-65.289,-10.547],[-65.289,-10.544],[-65.298,-10.542],[-65.299,-10.534],[-65.306,-10.534],[-65.308,-10.526],[-65.302,-10.514],[-65.296,-10.512],[-65.297,-10.508],[-65.303,-10.502],[-65.31,-10.504],[-65.307,-10.502],[-65.308,-10.497],[-65.322,-10.481],[-65.337,-10.479],[-65.334,-10.467],[-65.34,-10.45],[-65.338,-10.448],[-65.344,-10.445],[-65.355,-10.432],[-65.36,-10.434],[-65.381,-10.429],[-65.38,-10.401],[-65.391,-10.374],[-65.375,-10.352],[-65.363,-10.343],[-65.347,-10.321],[-65.324,-10.301],[-65.31,-10.258],[-65.306,-10.249],[-65.294,-10.239],[-65.293,-10.227],[-65.288,-10.219],[-65.289,-10.21],[-65.301,-10.186],[-65.306,-10.165],[-65.3,-10.139],[-65.301,-10.098],[-65.316,-10.085],[-65.327,-10.062],[-65.329,-10.046],[-65.32,-10.001],[-65.322,-9.977],[-65.333,-9.965],[-65.332,-9.944],[-65.325,-9.944],[-65.321,-9.937],[-65.317,-9.937],[-65.291,-9.954],[-65.284,-9.954],[-65.282,-9.961]]]}},{"type":"Feature","properties":{"id":"1100346","nome":"Alvorada D'Oeste"},"geometry":{"type":"Polygon","coordinates":[[[-62.185,-11.063],[-62.186,-11.071],[-62.18,-11.066],[-62.171,-11.066],[-62.175,-11.075],[-62.171,-11.071],[-62.169,-11.073],[-62.159,-11.067],[-62.153,-11.074],[-62.158,-11.078],[-62.16,-11.089],[-62.167,-11.092],[-62.166,-11.096],[-62.158,-11.1],[-62.157,-11.104],[-62.147,-11.112],[-62.148,-11.13],[-62.149,-11.151],[-62.147,-11.158],[-62.133,-11.171],[-62.13,-11.185],[-62.119,-11.185],[-62.117,-11.191],[-62.12,-11.198],[-62.139,-11.207],[-62.145,-11.222],[-62.151,-11.232],[-62.166,-11.24],[-62.173,-11.259],[-62.178,-11.26],[-62.182,-11.26],[-62.182,-11.279],[-62.182,-11.283],[-62.179,-11.283],[-62.176,-11.28],[-62.164,-11.282],[-62.157,-11.277],[-62.143,-11.28],[-62.144,-11.285],[-62.136,-11.298],[-62.12,-11.294],[-62.11,-11.282],[-62.1,-11.283],[-62.099,-11.291],[-62.093,-11.295],[-62.094,-11.3],[-62.102,-11.298],[-62.105,-11.304],[-62.106,-11.327],[-62.114,-11.335],[-62.113,-11.342],[-62.121,-11.362],[-62.12,-11.368],[-62.127,-11.372],[-62.128,-11.382],[-62.138,-11.383],[-62.14,-11.392],[-62.151,-11.394],[-62.15,-11.396],[-62.157,-11.407],[-62.162,-11.408],[-62.163,-11.412],[-62.173,-11.418],[-62.179,-11.431],[-62.187,-11.43],[-62.198,-11.425],[-62.217,-11.435],[-62.231,-11.432],[-62.237,-11.434],[-62.24,-11.429],[-62.252,-11.434],[-62.259,-11.43],[-62.261,-11.436],[-62.271,-11.436],[-62.275,-11.438],[-62.278,-11.444],[-62.283,-11.441],[-62.29,-11.448],[-62.295,-11.462],[-62.306,-11.468],[-62.306,-11.477],[-62.315,-11.489],[-62.318,-11.492],[-62.321,-11.497],[-62.33,-11.499],[-62.331,-11.502],[-62.34,-11.506],[-62.339,-11.509],[-62.351,-11.529],[-62.369,-11.537],[-62.371,-11.548],[-62.381,-11.561],[-62.385,-11.564],[-62.41,-11.566],[-62.42,-11.574],[-62.425,-11.597],[-62.439,-11.615],[-62.442,-11.604],[-62.463,-11.602],[-62.461,-11.589],[-62.467,-11.58],[-62.477,-11.575],[-62.486,-11.558],[-62.489,-11.558],[-62.491,-11.551],[-62.486,-11.551],[-62.487,-11.539],[-62.505,-11.519],[-62.508,-11.509],[-62.508,-11.5],[-62.519,-11.492],[-62.52,-11.485],[-62.527,-11.477],[-62.534,-11.475],[-62.541,-11.477],[-62.555,-11.468],[-62.565,-11.476],[-62.577,-11.478],[-62.585,-11.491],[-62.605,-11.48],[-62.609,-11.473],[-62.625,-11.462],[-62.625,-11.457],[-62.64,-11.443],[-62.65,-11.449],[-62.669,-11.434],[-62.679,-11.432],[-62.694,-11.432],[-62.719,-11.448],[-62.723,-11.445],[-62.728,-11.449],[-62.735,-11.446],[-62.745,-11.448],[-62.752,-11.444],[-62.754,-11.44],[-62.731,-11.418],[-62.728,-11.411],[-62.727,-11.402],[-62.732,-11.394],[-62.747,-11.392],[-62.757,-11.389],[-62.77,-11.39],[-62.775,-11.386],[-62.785,-11.365],[-62.798,-11.355],[-62.802,-11.337],[-62.824,-11.334],[-62.829,-11.329],[-62.83,-11.312],[-62.837,-11.303],[-62.863,-11.312],[-62.87,-11.309],[-62.893,-11.316],[-62.908,-11.325],[-62.94,-11.355],[-62.951,-11.358],[-62.959,-11.357],[-62.972,-11.345],[-62.992,-11.346],[-63.001,-11.339],[-63.009,-11.345],[-63.014,-11.34],[-63.029,-11.336],[-63.045,-11.338],[-63.087,-11.356],[-63.097,-11.339],[-63.101,-11.333],[-63.095,-11.312],[-63.096,-11.303],[-63.103,-11.279],[-63.118,-11.257],[-63.111,-11.239],[-63.111,-11.218],[-63.121,-11.206],[-63.141,-11.196],[-63.139,-11.186],[-63.149,-11.175],[-63.149,-11.16],[-63.139,-11.129],[-63.149,-11.114],[-63.173,-11.116],[-63.176,-11.11],[-63.195,-11.103],[-63.189,-11.091],[-63.196,-11.082],[-63.19,-11.08],[-63.183,-11.083],[-63.174,-11.08],[-63.153,-11.088],[-63.152,-11.101],[-63.142,-11.11],[-63.129,-11.145],[-63.112,-11.166],[-63.116,-11.172],[-63.112,-11.194],[-63.1,-11.193],[-63.089,-11.185],[-63.082,-11.188],[-63.057,-11.18],[-63.038,-11.189],[-63.029,-11.184],[-63.018,-11.183],[-63.0,-11.201],[-62.994,-11.2],[-62.99,-11.203],[-62.982,-11.2],[-62.968,-11.199],[-62.954,-11.205],[-62.942,-11.204],[-62.938,-11.208],[-62.924,-11.204],[-62.916,-11.206],[-62.909,-11.202],[-62.902,-11.209],[-62.898,-11.208],[-62.892,-11.212],[-62.887,-11.211],[-62.882,-11.201],[-62.87,-11.203],[-62.866,-11.198],[-62.862,-11.198],[-62.863,-11.194],[-62.859,-11.195],[-62.855,-11.191],[-62.856,-11.195],[-62.85,-11.196],[-62.847,-11.2],[-62.841,-11.197],[-62.83,-11.202],[-62.829,-11.198],[-62.824,-11.199],[-62.825,-11.195],[-62.813,-11.187],[-62.8,-11.193],[-62.797,-11.191],[-62.796,-11.196],[-62.787,-11.193],[-62.786,-11.19],[-62.779,-11.193],[-62.774,-11.19],[-62.768,-11.196],[-62.764,-11.183],[-62.755,-11.178],[-62.753,-11.183],[-62.746,-11.176],[-62.736,-11.183],[-62.734,-11.181],[-62.736,-11.177],[-62.729,-11.178],[-62.729,-11.174],[-62.737,-11.169],[-62.735,-11.165],[-62.727,-11.164],[-62.728,-11.158],[-62.734,-11.156],[-62.728,-11.148],[-62.724,-11.15],[-62.726,-11.145],[-62.722,-11.141],[-62.714,-11.142],[-62.713,-11.138],[-62.708,-11.141],[-62.71,-11.135],[-62.7,-11.132],[-62.698,-11.128],[-62.697,-11.128],[-62.691,-11.129],[-62.584,-11.224],[-62.489,-11.192],[-62.476,-11.187],[-62.475,-11.187],[-62.462,-11.182],[-62.445,-11.176],[-62.406,-11.175],[-62.336,-11.174],[-62.332,-11.174],[-62.264,-11.172],[-62.262,-11.159],[-62.256,-11.151],[-62.252,-11.14],[-62.258,-11.134],[-62.255,-11.13],[-62.244,-11.127],[-62.243,-11.123],[-62.237,-11.106],[-62.23,-11.107],[-62.224,-11.103],[-62.221,-11.106],[-62.214,-11.11],[-62.217,-11.097],[-62.213,-11.087],[-62.217,-11.076],[-62.214,-11.073],[-62.211,-11.076],[-62.202,-11.073],[-62.203,-11.069],[-62.2,-11.064],[-62.195,-11.063],[-62.194,-11.057],[-62.188,-11.053],[-62.189,-11.06],[-62.185,-11.063]]]}},{"type":"Feature","properties":{"id":"1100379","nome":"Alto Alegre dos Parecis"},"geometry":{"type":"Polygon","coordinates":[[[-61.875,-11.976],[-61.873,-11.984],[-61.867,-11.983],[-61.86,-11.976],[-61.843,-11.986],[-61.844,-11.993],[-61.85,-11.994],[-61.842,-12.002],[-61.837,-12.017],[-61.832,-12.021],[-61.831,-12.027],[-61.834,-12.035],[-61.832,-12.041],[-61.837,-12.052],[-61.834,-12.058],[-61.835,-12.07],[-61.825,-12.079],[-61.825,-12.083],[-61.816,-12.087],[-61.815,-12.095],[-61.803,-12.099],[-61.798,-12.11],[-61.799,-12.119],[-61.796,-12.126],[-61.776,-12.148],[-61.773,-12.158],[-61.762,-12.172],[-61.759,-12.178],[-61.747,-12.199],[-61.744,-12.238],[-61.74,-12.251],[-61.744,-12.261],[-61.751,-12.268],[-61.752,-12.281],[-61.731,-12.315],[-61.725,-12.331],[-61.729,-12.339],[-61.724,-12.347],[-61.727,-12.356],[-61.717,-12.369],[-61.716,-12.381],[-61.702,-12.388],[-61.69,-12.399],[-61.691,-12.406],[-61.686,-12.419],[-61.675,-12.429],[-61.664,-12.438],[-61.654,-12.44],[-61.639,-12.448],[-61.631,-12.461],[-61.625,-12.464],[-61.611,-12.46],[-61.607,-12.46],[-61.604,-12.466],[-61.594,-12.466],[-61.584,-12.472],[-61.571,-12.473],[-61.566,-12.467],[-61.553,-12.48],[-61.554,-12.495],[-61.549,-12.507],[-61.54,-12.516],[-61.533,-12.517],[-61.527,-12.537],[-61.534,-12.568],[-61.525,-12.575],[-61.524,-12.58],[-61.532,-12.593],[-61.532,-12.604],[-61.53,-12.611],[-61.525,-12.612],[-61.541,-12.647],[-61.537,-12.661],[-61.556,-12.682],[-61.562,-12.693],[-61.591,-12.704],[-61.604,-12.705],[-61.618,-12.721],[-61.635,-12.729],[-61.68,-12.744],[-61.687,-12.752],[-61.713,-12.767],[-61.718,-12.775],[-61.733,-12.78],[-61.754,-12.795],[-61.766,-12.81],[-61.801,-12.818],[-61.814,-12.827],[-61.828,-12.849],[-61.855,-12.862],[-61.865,-12.856],[-61.87,-12.86],[-61.881,-12.859],[-61.894,-12.874],[-61.896,-12.883],[-61.893,-12.907],[-61.901,-12.917],[-61.9,-12.93],[-61.905,-12.932],[-61.915,-12.941],[-61.915,-12.969],[-61.932,-12.985],[-61.938,-12.985],[-61.956,-12.994],[-61.969,-13.01],[-62.011,-13.081],[-62.015,-13.099],[-62.03,-13.126],[-62.035,-13.131],[-62.036,-13.139],[-62.052,-13.137],[-62.058,-13.15],[-62.065,-13.155],[-62.072,-13.153],[-62.084,-13.158],[-62.106,-13.182],[-62.115,-13.163],[-62.119,-13.153],[-62.128,-13.148],[-62.134,-13.149],[-62.142,-13.161],[-62.149,-13.163],[-62.151,-13.151],[-62.16,-13.146],[-62.169,-13.134],[-62.166,-13.119],[-62.17,-13.114],[-62.181,-13.117],[-62.183,-13.127],[-62.177,-13.137],[-62.178,-13.143],[-62.19,-13.153],[-62.2,-13.15],[-62.201,-13.124],[-62.214,-13.111],[-62.223,-13.113],[-62.229,-13.121],[-62.235,-13.117],[-62.243,-13.117],[-62.245,-13.145],[-62.264,-13.146],[-62.265,-13.148],[-62.261,-13.15],[-62.264,-13.153],[-62.276,-13.146],[-62.272,-13.155],[-62.278,-13.155],[-62.287,-13.14],[-62.295,-13.15],[-62.299,-13.15],[-62.305,-13.139],[-62.316,-13.134],[-62.321,-13.152],[-62.326,-13.149],[-62.33,-13.14],[-62.34,-13.15],[-62.342,-13.145],[-62.337,-13.14],[-62.345,-13.137],[-62.351,-13.143],[-62.363,-13.139],[-62.372,-13.14],[-62.382,-13.13],[-62.392,-13.134],[-62.397,-13.13],[-62.396,-13.114],[-62.399,-13.113],[-62.413,-13.128],[-62.417,-13.119],[-62.41,-13.107],[-62.403,-13.105],[-62.387,-13.106],[-62.383,-13.104],[-62.371,-13.092],[-62.368,-13.08],[-62.363,-13.077],[-62.363,-13.085],[-62.356,-13.083],[-62.353,-13.078],[-62.356,-13.07],[-62.353,-13.058],[-62.345,-13.057],[-62.336,-13.079],[-62.326,-13.076],[-62.319,-13.08],[-62.32,-13.102],[-62.316,-13.109],[-62.31,-13.106],[-62.309,-13.096],[-62.305,-13.094],[-62.298,-13.095],[-62.295,-13.078],[-62.292,-13.084],[-62.282,-13.087],[-62.274,-13.085],[-62.251,-13.078],[-62.245,-13.066],[-62.249,-13.06],[-62.242,-13.055],[-62.241,-13.048],[-62.216,-13.039],[-62.212,-13.03],[-62.206,-13.027],[-62.193,-13.028],[-62.183,-13.02],[-62.179,-13.02],[-62.173,-13.015],[-62.171,-13.007],[-62.165,-13.004],[-62.165,-13.0],[-62.16,-12.98],[-62.151,-12.977],[-62.144,-12.969],[-62.141,-12.97],[-62.13,-12.962],[-62.123,-12.965],[-62.113,-12.953],[-62.109,-12.954],[-62.104,-12.948],[-62.098,-12.928],[-62.091,-12.923],[-62.092,-12.914],[-62.071,-12.907],[-62.039,-12.907],[-62.03,-12.894],[-62.023,-12.872],[-62.025,-12.848],[-62.019,-12.82],[-62.0,-12.792],[-62.0,-12.61],[-62.0,-12.5],[-62.0,-12.456],[-62.0,-12.271],[-62.0,-12.27],[-62.007,-12.269],[-62.008,-12.133],[-61.992,-12.133],[-61.968,-12.134],[-61.968,-12.132],[-61.968,-12.087],[-61.929,-12.087],[-61.929,-11.985],[-61.935,-11.982],[-61.93,-11.973],[-61.924,-11.972],[-61.917,-11.976],[-61.913,-11.976],[-61.901,-11.965],[-61.888,-11.965],[-61.875,-11.976]]]}},{"type":"Feature","properties":{"id":"1100403","nome":"Alto Para\u00edso"},"geometry":{"type":"Polygon","coordinates":[[[-63.756,-9.395],[-63.497,-9.414],[-63.407,-9.422],[-63.325,-9.428],[-63.326,-9.433],[-63.324,-9.433],[-63.125,-9.45],[-63.101,-9.452],[-63.102,-9.478],[-63.099,-9.48],[-63.084,-9.5],[-63.078,-9.508],[-63.076,-9.525],[-63.072,-9.595],[-63.075,-9.649],[-63.079,-9.656],[-63.098,-9.668],[-63.105,-9.685],[-63.109,-9.703],[-63.12,-9.722],[-63.113,-9.73],[-63.112,-9.75],[-63.109,-9.753],[-63.101,-9.752],[-63.095,-9.757],[-63.089,-9.781],[-63.137,-9.784],[-63.264,-9.787],[-63.295,-9.787],[-63.292,-9.794],[-63.288,-9.793],[-63.289,-9.803],[-63.285,-9.813],[-63.287,-9.821],[-63.291,-9.822],[-63.291,-9.833],[-63.318,-9.833],[-63.499,-9.833],[-63.499,-9.807],[-63.499,-9.783],[-63.499,-9.761],[-63.499,-9.76],[-63.499,-9.715],[-63.572,-9.716],[-63.564,-9.743],[-63.564,-9.752],[-63.57,-9.757],[-63.573,-9.783],[-63.58,-9.79],[-63.581,-9.808],[-63.58,-9.83],[-63.587,-9.849],[-63.588,-9.86],[-63.579,-9.878],[-63.59,-9.891],[-63.594,-9.902],[-63.599,-9.906],[-63.601,-9.914],[-63.616,-9.929],[-63.617,-9.944],[-63.616,-9.963],[-63.606,-9.972],[-63.607,-9.981],[-63.603,-9.984],[-63.604,-9.989],[-63.596,-10.0],[-63.762,-10.0],[-63.765,-10.0],[-63.758,-9.994],[-63.763,-9.991],[-63.764,-9.987],[-63.761,-9.987],[-63.759,-9.98],[-63.75,-9.975],[-63.745,-9.966],[-63.738,-9.965],[-63.733,-9.959],[-63.727,-9.948],[-63.731,-9.94],[-63.728,-9.938],[-63.728,-9.931],[-63.718,-9.931],[-63.723,-9.921],[-63.716,-9.919],[-63.717,-9.908],[-63.708,-9.884],[-63.693,-9.881],[-63.697,-9.875],[-63.701,-9.858],[-63.685,-9.853],[-63.691,-9.843],[-63.686,-9.84],[-63.685,-9.833],[-63.685,-9.82],[-63.679,-9.811],[-63.686,-9.809],[-63.689,-9.802],[-63.675,-9.793],[-63.671,-9.784],[-63.68,-9.781],[-63.68,-9.768],[-63.665,-9.761],[-63.662,-9.756],[-63.671,-9.747],[-63.672,-9.743],[-63.662,-9.732],[-63.662,-9.717],[-63.654,-9.715],[-63.654,-9.704],[-63.639,-9.688],[-63.641,-9.67],[-63.63,-9.668],[-63.618,-9.652],[-63.623,-9.651],[-63.625,-9.647],[-63.626,-9.638],[-63.618,-9.64],[-63.616,-9.638],[-63.625,-9.624],[-63.611,-9.621],[-63.614,-9.615],[-63.608,-9.61],[-63.608,-9.605],[-63.591,-9.596],[-63.587,-9.582],[-63.573,-9.579],[-63.567,-9.57],[-63.563,-9.572],[-63.562,-9.57],[-63.566,-9.564],[-63.56,-9.559],[-63.561,-9.545],[-63.557,-9.546],[-63.557,-9.554],[-63.548,-9.55],[-63.55,-9.533],[-63.559,-9.532],[-63.562,-9.528],[-63.561,-9.517],[-63.557,-9.512],[-63.551,-9.511],[-63.547,-9.506],[-63.568,-9.495],[-63.565,-9.489],[-63.555,-9.489],[-63.553,-9.482],[-63.553,-9.474],[-63.559,-9.472],[-63.554,-9.467],[-63.561,-9.456],[-63.561,-9.449],[-63.566,-9.445],[-63.554,-9.442],[-63.555,-9.438],[-63.565,-9.432],[-63.576,-9.438],[-63.581,-9.444],[-63.583,-9.44],[-63.577,-9.435],[-63.575,-9.428],[-63.582,-9.419],[-63.582,-9.41],[-63.595,-9.415],[-63.597,-9.425],[-63.599,-9.422],[-63.607,-9.424],[-63.611,-9.418],[-63.62,-9.422],[-63.624,-9.429],[-63.62,-9.432],[-63.62,-9.437],[-63.628,-9.437],[-63.642,-9.421],[-63.64,-9.435],[-63.646,-9.431],[-63.656,-9.437],[-63.659,-9.434],[-63.66,-9.441],[-63.67,-9.442],[-63.674,-9.438],[-63.671,-9.433],[-63.663,-9.427],[-63.678,-9.422],[-63.677,-9.414],[-63.686,-9.418],[-63.69,-9.437],[-63.702,-9.434],[-63.706,-9.443],[-63.704,-9.453],[-63.709,-9.457],[-63.711,-9.448],[-63.722,-9.443],[-63.732,-9.447],[-63.735,-9.445],[-63.735,-9.431],[-63.745,-9.423],[-63.739,-9.417],[-63.734,-9.417],[-63.746,-9.407],[-63.753,-9.41],[-63.747,-9.398],[-63.756,-9.395]]]}},{"type":"Feature","properties":{"id":"1100452","nome":"Buritis"},"geometry":{"type":"Polygon","coordinates":[[[-64.308,-9.816],[-64.304,-9.819],[-64.296,-9.817],[-64.288,-9.83],[-64.275,-9.842],[-64.266,-9.84],[-64.26,-9.831],[-64.226,-9.847],[-64.218,-9.838],[-64.201,-9.834],[-64.184,-9.841],[-64.158,-9.822],[-64.138,-9.829],[-64.135,-9.833],[-64.085,-9.833],[-64.082,-9.833],[-63.967,-9.833],[-63.944,-9.833],[-63.838,-9.833],[-63.745,-9.833],[-63.685,-9.833],[-63.686,-9.84],[-63.691,-9.843],[-63.685,-9.853],[-63.701,-9.858],[-63.697,-9.875],[-63.693,-9.881],[-63.708,-9.884],[-63.717,-9.908],[-63.716,-9.919],[-63.723,-9.921],[-63.718,-9.931],[-63.728,-9.931],[-63.728,-9.938],[-63.731,-9.94],[-63.727,-9.948],[-63.733,-9.959],[-63.738,-9.965],[-63.745,-9.966],[-63.75,-9.975],[-63.759,-9.98],[-63.761,-9.987],[-63.764,-9.987],[-63.763,-9.991],[-63.758,-9.994],[-63.765,-10.0],[-63.762,-10.0],[-63.596,-10.0],[-63.583,-10.03],[-63.587,-10.041],[-63.586,-10.054],[-63.589,-10.058],[-63.585,-10.075],[-63.587,-10.099],[-63.576,-10.116],[-63.581,-10.126],[-63.58,-10.142],[-63.585,-10.16],[-63.581,-10.169],[-63.585,-10.182],[-63.582,-10.193],[-63.589,-10.208],[-63.574,-10.217],[-63.565,-10.241],[-63.55,-10.245],[-63.538,-10.238],[-63.524,-10.249],[-63.696,-10.249],[-63.7,-10.245],[-63.714,-10.246],[-63.715,-10.25],[-63.728,-10.245],[-63.732,-10.266],[-63.73,-10.282],[-63.739,-10.286],[-63.747,-10.291],[-63.756,-10.29],[-63.762,-10.296],[-63.762,-10.326],[-63.771,-10.326],[-63.779,-10.33],[-63.796,-10.324],[-63.811,-10.329],[-63.814,-10.339],[-63.823,-10.351],[-63.839,-10.355],[-63.845,-10.362],[-63.853,-10.356],[-63.9,-10.361],[-63.895,-10.346],[-63.897,-10.334],[-63.898,-10.328],[-63.897,-10.32],[-63.901,-10.313],[-63.895,-10.306],[-63.894,-10.297],[-63.905,-10.295],[-63.91,-10.287],[-63.931,-10.277],[-63.93,-10.26],[-63.936,-10.25],[-63.947,-10.244],[-63.95,-10.237],[-63.954,-10.232],[-63.963,-10.233],[-63.984,-10.204],[-64.002,-10.193],[-64.006,-10.18],[-64.003,-10.174],[-64.005,-10.169],[-64.027,-10.154],[-64.037,-10.179],[-64.041,-10.194],[-64.052,-10.219],[-64.061,-10.25],[-64.091,-10.251],[-64.096,-10.242],[-64.11,-10.243],[-64.114,-10.24],[-64.137,-10.209],[-64.153,-10.215],[-64.156,-10.207],[-64.164,-10.204],[-64.19,-10.204],[-64.195,-10.199],[-64.209,-10.196],[-64.228,-10.179],[-64.229,-10.174],[-64.235,-10.165],[-64.228,-10.15],[-64.232,-10.142],[-64.229,-10.132],[-64.241,-10.119],[-64.241,-10.113],[-64.242,-10.097],[-64.231,-10.081],[-64.244,-10.068],[-64.246,-10.06],[-64.242,-10.058],[-64.243,-10.049],[-64.249,-10.044],[-64.248,-10.04],[-64.256,-10.036],[-64.258,-10.017],[-64.264,-10.0],[-64.338,-10.0],[-64.341,-10.0],[-64.343,-9.996],[-64.339,-9.991],[-64.344,-9.99],[-64.346,-9.987],[-64.343,-9.984],[-64.347,-9.982],[-64.343,-9.975],[-64.346,-9.967],[-64.341,-9.956],[-64.333,-9.953],[-64.331,-9.931],[-64.327,-9.931],[-64.323,-9.926],[-64.319,-9.896],[-64.323,-9.895],[-64.327,-9.883],[-64.32,-9.877],[-64.323,-9.868],[-64.316,-9.865],[-64.318,-9.86],[-64.312,-9.851],[-64.297,-9.843],[-64.303,-9.836],[-64.301,-9.832],[-64.308,-9.823],[-64.311,-9.812],[-64.308,-9.816]]]}},{"type":"Feature","properties":{"id":"1100502","nome":"Novo Horizonte do Oeste"},"geometry":{"type":"Polygon","coordinates":[[[-62.0,-11.5],[-62.001,-11.585],[-61.98,-11.585],[-61.913,-11.585],[-61.911,-11.588],[-61.914,-11.598],[-61.917,-11.598],[-61.916,-11.6],[-61.919,-11.604],[-61.922,-11.604],[-61.926,-11.616],[-61.935,-11.616],[-61.94,-11.62],[-61.94,-11.627],[-61.951,-11.626],[-61.962,-11.631],[-61.964,-11.643],[-61.957,-11.656],[-61.968,-11.663],[-61.969,-11.667],[-61.978,-11.671],[-61.98,-11.675],[-61.975,-11.687],[-61.972,-11.688],[-61.977,-11.703],[-61.979,-11.711],[-61.975,-11.724],[-61.972,-11.729],[-61.96,-11.731],[-61.958,-11.735],[-61.974,-11.742],[-61.977,-11.744],[-61.989,-11.752],[-61.995,-11.77],[-62.018,-11.796],[-62.02,-11.809],[-62.026,-11.819],[-62.037,-11.825],[-62.036,-11.846],[-62.05,-11.867],[-62.052,-11.867],[-62.062,-11.868],[-62.072,-11.877],[-62.084,-11.876],[-62.092,-11.84],[-62.102,-11.845],[-62.11,-11.842],[-62.12,-11.843],[-62.124,-11.846],[-62.127,-11.845],[-62.14,-11.852],[-62.157,-11.87],[-62.162,-11.871],[-62.182,-11.867],[-62.173,-11.852],[-62.189,-11.828],[-62.199,-11.827],[-62.206,-11.832],[-62.188,-11.812],[-62.191,-11.792],[-62.196,-11.79],[-62.189,-11.775],[-62.194,-11.769],[-62.196,-11.752],[-62.204,-11.744],[-62.204,-11.728],[-62.209,-11.725],[-62.212,-11.712],[-62.197,-11.691],[-62.197,-11.686],[-62.193,-11.684],[-62.194,-11.679],[-62.199,-11.677],[-62.197,-11.672],[-62.203,-11.666],[-62.19,-11.648],[-62.184,-11.625],[-62.171,-11.613],[-62.175,-11.586],[-62.173,-11.575],[-62.164,-11.567],[-62.172,-11.547],[-62.163,-11.539],[-62.153,-11.528],[-62.14,-11.522],[-62.127,-11.524],[-62.12,-11.527],[-62.116,-11.52],[-62.11,-11.516],[-62.108,-11.509],[-62.1,-11.508],[-62.099,-11.51],[-62.091,-11.504],[-62.086,-11.5],[-62.053,-11.5],[-62.035,-11.5],[-62.016,-11.5],[-62.0,-11.5]]]}},{"type":"Feature","properties":{"id":"1100601","nome":"Cacaul\u00e2ndia"},"geometry":{"type":"Polygon","coordinates":[[[-62.779,-10.206],[-62.769,-10.216],[-62.768,-10.22],[-62.757,-10.228],[-62.746,-10.234],[-62.739,-10.248],[-62.726,-10.246],[-62.704,-10.263],[-62.704,-10.267],[-62.701,-10.269],[-62.698,-10.266],[-62.67,-10.287],[-62.692,-10.326],[-62.752,-10.428],[-62.763,-10.447],[-62.788,-10.492],[-62.869,-10.492],[-62.895,-10.492],[-62.999,-10.491],[-63.075,-10.491],[-63.164,-10.492],[-63.19,-10.492],[-63.213,-10.492],[-63.217,-10.488],[-63.227,-10.489],[-63.235,-10.483],[-63.233,-10.477],[-63.235,-10.472],[-63.232,-10.465],[-63.239,-10.464],[-63.241,-10.452],[-63.232,-10.449],[-63.231,-10.442],[-63.24,-10.43],[-63.253,-10.423],[-63.247,-10.417],[-63.247,-10.407],[-63.243,-10.403],[-63.246,-10.4],[-63.255,-10.401],[-63.259,-10.394],[-63.259,-10.393],[-63.251,-10.382],[-63.25,-10.376],[-63.262,-10.37],[-63.257,-10.364],[-63.259,-10.361],[-63.259,-10.338],[-63.258,-10.335],[-63.254,-10.338],[-63.252,-10.335],[-63.243,-10.336],[-63.236,-10.302],[-63.242,-10.292],[-63.244,-10.286],[-63.241,-10.285],[-63.23,-10.283],[-63.23,-10.276],[-63.237,-10.271],[-63.238,-10.266],[-63.23,-10.251],[-63.234,-10.241],[-63.231,-10.237],[-63.234,-10.231],[-63.231,-10.223],[-63.217,-10.21],[-63.223,-10.203],[-63.222,-10.195],[-63.208,-10.196],[-63.215,-10.187],[-63.212,-10.171],[-63.209,-10.167],[-63.129,-10.167],[-62.9,-10.167],[-62.832,-10.167],[-62.83,-10.174],[-62.789,-10.204],[-62.779,-10.206]]]}},{"type":"Feature","properties":{"id":"1100700","nome":"Campo Novo de Rond\u00f4nia"},"geometry":{"type":"Polygon","coordinates":[[[-63.984,-10.204],[-63.963,-10.233],[-63.954,-10.232],[-63.95,-10.237],[-63.947,-10.244],[-63.936,-10.25],[-63.93,-10.26],[-63.931,-10.277],[-63.91,-10.287],[-63.905,-10.295],[-63.894,-10.297],[-63.895,-10.306],[-63.901,-10.313],[-63.897,-10.32],[-63.898,-10.328],[-63.897,-10.334],[-63.895,-10.346],[-63.9,-10.361],[-63.853,-10.356],[-63.845,-10.362],[-63.839,-10.355],[-63.823,-10.351],[-63.814,-10.339],[-63.811,-10.329],[-63.796,-10.324],[-63.779,-10.33],[-63.771,-10.326],[-63.762,-10.326],[-63.762,-10.296],[-63.756,-10.29],[-63.747,-10.291],[-63.739,-10.286],[-63.73,-10.282],[-63.732,-10.266],[-63.728,-10.245],[-63.715,-10.25],[-63.714,-10.246],[-63.7,-10.245],[-63.696,-10.249],[-63.524,-10.249],[-63.512,-10.258],[-63.499,-10.261],[-63.485,-10.27],[-63.472,-10.268],[-63.469,-10.274],[-63.473,-10.282],[-63.471,-10.289],[-63.46,-10.308],[-63.463,-10.321],[-63.471,-10.322],[-63.477,-10.337],[-63.471,-10.34],[-63.469,-10.345],[-63.473,-10.353],[-63.47,-10.356],[-63.462,-10.373],[-63.445,-10.376],[-63.446,-10.386],[-63.443,-10.391],[-63.444,-10.403],[-63.454,-10.404],[-63.459,-10.397],[-63.466,-10.399],[-63.474,-10.404],[-63.491,-10.401],[-63.486,-10.408],[-63.494,-10.415],[-63.497,-10.43],[-63.5,-10.433],[-63.513,-10.43],[-63.507,-10.444],[-63.504,-10.446],[-63.497,-10.444],[-63.486,-10.458],[-63.491,-10.473],[-63.494,-10.474],[-63.501,-10.463],[-63.506,-10.466],[-63.516,-10.46],[-63.532,-10.465],[-63.529,-10.476],[-63.529,-10.492],[-63.54,-10.506],[-63.532,-10.528],[-63.556,-10.532],[-63.553,-10.537],[-63.547,-10.544],[-63.558,-10.554],[-63.548,-10.57],[-63.546,-10.581],[-63.537,-10.589],[-63.529,-10.59],[-63.538,-10.602],[-63.536,-10.61],[-63.548,-10.613],[-63.544,-10.628],[-63.561,-10.642],[-63.559,-10.65],[-63.562,-10.66],[-63.555,-10.671],[-63.558,-10.68],[-63.55,-10.7],[-63.551,-10.706],[-63.557,-10.709],[-63.555,-10.719],[-63.552,-10.725],[-63.553,-10.729],[-63.567,-10.737],[-63.58,-10.731],[-63.58,-10.762],[-63.586,-10.769],[-63.582,-10.781],[-63.574,-10.789],[-63.573,-10.798],[-63.566,-10.801],[-63.577,-10.82],[-63.577,-10.831],[-63.594,-10.824],[-63.613,-10.829],[-63.618,-10.838],[-63.624,-10.841],[-63.68,-10.832],[-63.706,-10.84],[-63.719,-10.831],[-63.742,-10.826],[-63.749,-10.814],[-63.767,-10.817],[-63.786,-10.796],[-63.799,-10.794],[-63.812,-10.801],[-63.837,-10.79],[-63.838,-10.781],[-63.848,-10.78],[-63.851,-10.784],[-63.86,-10.769],[-63.863,-10.769],[-63.863,-10.773],[-63.877,-10.769],[-63.882,-10.764],[-63.882,-10.755],[-63.898,-10.751],[-63.899,-10.739],[-63.896,-10.737],[-63.899,-10.732],[-63.896,-10.729],[-63.903,-10.713],[-63.902,-10.699],[-63.905,-10.69],[-63.912,-10.688],[-63.915,-10.677],[-63.92,-10.674],[-63.932,-10.66],[-63.927,-10.648],[-63.93,-10.647],[-63.929,-10.639],[-63.935,-10.631],[-63.956,-10.629],[-63.955,-10.624],[-63.978,-10.618],[-63.977,-10.624],[-63.98,-10.626],[-63.983,-10.633],[-63.987,-10.632],[-63.985,-10.62],[-63.992,-10.612],[-63.989,-10.608],[-64.003,-10.602],[-64.016,-10.586],[-64.015,-10.565],[-64.007,-10.557],[-64.008,-10.544],[-64.0,-10.549],[-63.984,-10.537],[-63.979,-10.536],[-63.988,-10.533],[-63.982,-10.524],[-63.976,-10.522],[-63.971,-10.526],[-63.969,-10.521],[-63.976,-10.513],[-63.989,-10.51],[-63.992,-10.499],[-64.007,-10.49],[-64.008,-10.474],[-64.018,-10.469],[-64.021,-10.47],[-64.026,-10.463],[-64.046,-10.471],[-64.056,-10.466],[-64.062,-10.473],[-64.074,-10.469],[-64.079,-10.463],[-64.087,-10.466],[-64.086,-10.463],[-64.093,-10.462],[-64.1,-10.448],[-64.107,-10.449],[-64.109,-10.444],[-64.118,-10.443],[-64.125,-10.436],[-64.126,-10.444],[-64.13,-10.443],[-64.139,-10.44],[-64.136,-10.434],[-64.145,-10.433],[-64.146,-10.425],[-64.154,-10.421],[-64.158,-10.409],[-64.165,-10.411],[-64.173,-10.402],[-64.185,-10.401],[-64.183,-10.393],[-64.195,-10.377],[-64.194,-10.373],[-64.197,-10.373],[-64.205,-10.359],[-64.213,-10.358],[-64.222,-10.348],[-64.218,-10.333],[-64.224,-10.317],[-64.22,-10.307],[-64.205,-10.301],[-64.191,-10.271],[-64.197,-10.245],[-64.202,-10.239],[-64.202,-10.242],[-64.205,-10.241],[-64.201,-10.235],[-64.202,-10.218],[-64.204,-10.216],[-64.212,-10.218],[-64.209,-10.196],[-64.195,-10.199],[-64.19,-10.204],[-64.164,-10.204],[-64.156,-10.207],[-64.153,-10.215],[-64.137,-10.209],[-64.114,-10.24],[-64.11,-10.243],[-64.096,-10.242],[-64.091,-10.251],[-64.061,-10.25],[-64.052,-10.219],[-64.041,-10.194],[-64.037,-10.179],[-64.027,-10.154],[-64.005,-10.169],[-64.003,-10.174],[-64.006,-10.18],[-64.002,-10.193],[-63.984,-10.204]]]}},{"type":"Feature","properties":{"id":"1100809","nome":"Candeias do Jamari"},"geometry":{"type":"Polygon","coordinates":[[[-62.816,-8.554],[-62.812,-8.564],[-62.804,-8.559],[-62.804,-8.572],[-62.795,-8.578],[-62.793,-8.574],[-62.787,-8.571],[-62.781,-8.557],[-62.768,-8.564],[-62.772,-8.568],[-62.781,-8.566],[-62.777,-8.572],[-62.764,-8.575],[-62.772,-8.58],[-62.774,-8.589],[-62.784,-8.594],[-62.783,-8.596],[-62.774,-8.604],[-62.769,-8.591],[-62.749,-8.606],[-62.741,-8.607],[-62.744,-8.613],[-62.754,-8.615],[-62.756,-8.624],[-62.753,-8.629],[-62.745,-8.628],[-62.727,-8.639],[-62.726,-8.642],[-62.739,-8.64],[-62.736,-8.651],[-62.725,-8.649],[-62.716,-8.654],[-62.722,-8.659],[-62.728,-8.655],[-62.733,-8.659],[-62.735,-8.675],[-62.747,-8.679],[-62.745,-8.688],[-62.75,-8.689],[-62.755,-8.684],[-62.762,-8.69],[-62.752,-8.703],[-62.757,-8.724],[-62.761,-8.726],[-62.765,-8.718],[-62.773,-8.717],[-62.772,-8.714],[-62.763,-8.715],[-62.76,-8.713],[-62.764,-8.708],[-62.774,-8.707],[-62.78,-8.714],[-62.777,-8.719],[-62.77,-8.722],[-62.767,-8.733],[-62.759,-8.734],[-62.756,-8.748],[-62.751,-8.75],[-62.767,-8.76],[-62.764,-8.772],[-62.759,-8.775],[-62.761,-8.779],[-62.755,-8.78],[-62.764,-8.798],[-62.77,-8.794],[-62.77,-8.789],[-62.774,-8.784],[-62.778,-8.787],[-62.776,-8.793],[-62.785,-8.795],[-62.791,-8.791],[-62.79,-8.804],[-62.783,-8.8],[-62.782,-8.802],[-62.79,-8.812],[-62.802,-8.817],[-62.79,-8.825],[-62.8,-8.832],[-62.804,-8.84],[-62.808,-8.839],[-62.812,-8.841],[-62.812,-8.856],[-62.815,-8.86],[-62.815,-8.864],[-62.808,-8.859],[-62.808,-8.865],[-62.814,-8.867],[-62.812,-8.874],[-62.822,-8.88],[-62.822,-8.893],[-62.833,-8.896],[-62.834,-8.908],[-62.829,-8.913],[-62.841,-8.904],[-62.843,-8.909],[-62.849,-8.909],[-62.853,-8.914],[-62.849,-8.917],[-62.854,-8.921],[-62.859,-8.92],[-62.856,-8.927],[-62.861,-8.926],[-62.863,-8.919],[-62.869,-8.926],[-62.864,-8.931],[-62.877,-8.93],[-62.879,-8.924],[-62.888,-8.921],[-62.901,-8.931],[-62.93,-8.92],[-62.934,-8.948],[-62.94,-8.95],[-62.952,-8.969],[-62.968,-8.981],[-62.983,-8.983],[-62.99,-9.0],[-63.157,-9.0],[-63.209,-9.0],[-63.211,-8.996],[-63.205,-8.993],[-63.201,-8.985],[-63.211,-8.967],[-63.216,-8.968],[-63.219,-8.961],[-63.222,-8.962],[-63.227,-8.957],[-63.231,-8.957],[-63.241,-8.946],[-63.244,-8.939],[-63.248,-8.936],[-63.252,-8.94],[-63.253,-8.933],[-63.258,-8.934],[-63.265,-8.926],[-63.268,-8.92],[-63.262,-8.904],[-63.262,-8.898],[-63.265,-8.9],[-63.266,-8.898],[-63.268,-8.893],[-63.282,-8.885],[-63.285,-8.876],[-63.29,-8.874],[-63.29,-8.863],[-63.3,-8.859],[-63.298,-8.852],[-63.302,-8.848],[-63.308,-8.854],[-63.315,-8.853],[-63.318,-8.849],[-63.317,-8.857],[-63.305,-8.859],[-63.298,-8.865],[-63.299,-8.872],[-63.317,-8.867],[-63.319,-8.872],[-63.318,-8.88],[-63.312,-8.883],[-63.318,-8.895],[-63.302,-8.91],[-63.295,-8.925],[-63.29,-8.929],[-63.3,-8.928],[-63.314,-8.926],[-63.325,-8.933],[-63.331,-8.937],[-63.327,-8.944],[-63.33,-8.952],[-63.326,-8.96],[-63.331,-8.969],[-63.325,-8.982],[-63.324,-8.991],[-63.331,-8.996],[-63.342,-8.998],[-63.339,-9.011],[-63.351,-9.017],[-63.354,-9.023],[-63.351,-9.026],[-63.361,-9.045],[-63.355,-9.064],[-63.361,-9.069],[-63.365,-9.079],[-63.37,-9.081],[-63.375,-9.078],[-63.378,-9.081],[-63.385,-9.09],[-63.395,-9.094],[-63.402,-9.093],[-63.414,-9.094],[-63.429,-9.086],[-63.445,-9.089],[-63.427,-9.058],[-63.44,-9.024],[-63.443,-9.011],[-63.45,-9.005],[-63.467,-9.012],[-63.48,-9.023],[-63.481,-9.029],[-63.494,-9.041],[-63.502,-9.057],[-63.509,-9.059],[-63.512,-9.069],[-63.527,-9.063],[-63.534,-9.063],[-63.527,-9.07],[-63.531,-9.074],[-63.527,-9.077],[-63.529,-9.081],[-63.525,-9.083],[-63.531,-9.097],[-63.526,-9.104],[-63.523,-9.098],[-63.515,-9.097],[-63.519,-9.105],[-63.516,-9.106],[-63.513,-9.116],[-63.509,-9.119],[-63.513,-9.122],[-63.513,-9.134],[-63.508,-9.137],[-63.513,-9.138],[-63.508,-9.144],[-63.512,-9.152],[-63.501,-9.155],[-63.498,-9.146],[-63.493,-9.147],[-63.493,-9.141],[-63.497,-9.141],[-63.494,-9.137],[-63.486,-9.136],[-63.48,-9.145],[-63.476,-9.142],[-63.468,-9.145],[-63.466,-9.15],[-63.465,-9.147],[-63.455,-9.151],[-63.451,-9.156],[-63.453,-9.166],[-63.446,-9.173],[-63.449,-9.175],[-63.455,-9.172],[-63.456,-9.178],[-63.46,-9.18],[-63.455,-9.185],[-63.458,-9.191],[-63.452,-9.198],[-63.453,-9.202],[-63.439,-9.198],[-63.433,-9.19],[-63.418,-9.189],[-63.417,-9.184],[-63.409,-9.193],[-63.393,-9.189],[-63.398,-9.195],[-63.394,-9.197],[-63.394,-9.208],[-63.402,-9.218],[-63.4,-9.223],[-63.406,-9.228],[-63.399,-9.231],[-63.393,-9.229],[-63.389,-9.233],[-63.398,-9.241],[-63.404,-9.253],[-63.402,-9.267],[-63.395,-9.275],[-63.39,-9.272],[-63.391,-9.278],[-63.383,-9.28],[-63.375,-9.274],[-63.354,-9.272],[-63.352,-9.264],[-63.348,-9.263],[-63.344,-9.279],[-63.333,-9.28],[-63.328,-9.288],[-63.32,-9.29],[-63.32,-9.299],[-63.312,-9.295],[-63.313,-9.29],[-63.304,-9.289],[-63.303,-9.296],[-63.312,-9.31],[-63.307,-9.33],[-63.311,-9.333],[-63.309,-9.343],[-63.298,-9.345],[-63.301,-9.354],[-63.291,-9.361],[-63.293,-9.368],[-63.307,-9.371],[-63.311,-9.376],[-63.311,-9.387],[-63.306,-9.402],[-63.316,-9.42],[-63.325,-9.428],[-63.407,-9.422],[-63.497,-9.414],[-63.756,-9.395],[-63.757,-9.395],[-63.763,-9.393],[-63.759,-9.384],[-63.771,-9.381],[-63.765,-9.37],[-63.775,-9.377],[-63.786,-9.374],[-63.784,-9.37],[-63.773,-9.371],[-63.767,-9.362],[-63.772,-9.36],[-63.779,-9.366],[-63.777,-9.358],[-63.782,-9.351],[-63.773,-9.34],[-63.784,-9.334],[-63.79,-9.334],[-63.79,-9.33],[-63.786,-9.331],[-63.783,-9.325],[-63.781,-9.306],[-63.778,-9.306],[-63.773,-9.294],[-63.783,-9.293],[-63.779,-9.292],[-63.779,-9.285],[-63.771,-9.28],[-63.761,-9.279],[-63.77,-9.263],[-63.764,-9.261],[-63.764,-9.257],[-63.77,-9.257],[-63.773,-9.265],[-63.779,-9.26],[-63.778,-9.254],[-63.785,-9.257],[-63.788,-9.251],[-63.779,-9.246],[-63.778,-9.24],[-63.782,-9.236],[-63.78,-9.23],[-63.77,-9.229],[-63.776,-9.215],[-63.771,-9.203],[-63.778,-9.2],[-63.775,-9.194],[-63.762,-9.187],[-63.77,-9.186],[-63.781,-9.191],[-63.785,-9.179],[-63.781,-9.166],[-63.784,-9.158],[-63.779,-9.159],[-63.77,-9.152],[-63.777,-9.139],[-63.787,-9.135],[-63.794,-9.128],[-63.792,-9.123],[-63.776,-9.116],[-63.776,-9.111],[-63.786,-9.111],[-63.792,-9.106],[-63.789,-9.093],[-63.784,-9.088],[-63.787,-9.082],[-63.781,-9.072],[-63.783,-9.069],[-63.777,-9.071],[-63.774,-9.069],[-63.776,-9.062],[-63.793,-9.057],[-63.796,-9.049],[-63.79,-9.041],[-63.788,-9.044],[-63.785,-9.042],[-63.784,-9.035],[-63.792,-9.028],[-63.79,-9.021],[-63.783,-9.02],[-63.785,-9.015],[-63.787,-9.012],[-63.781,-9.009],[-63.774,-9.015],[-63.771,-9.015],[-63.769,-9.003],[-63.78,-9.003],[-63.783,-8.996],[-63.774,-8.996],[-63.763,-8.986],[-63.767,-8.97],[-63.762,-8.971],[-63.761,-8.982],[-63.755,-8.982],[-63.751,-8.969],[-63.743,-8.967],[-63.748,-8.957],[-63.741,-8.957],[-63.735,-8.963],[-63.729,-8.955],[-63.732,-8.952],[-63.737,-8.957],[-63.744,-8.946],[-63.746,-8.936],[-63.752,-8.94],[-63.754,-8.934],[-63.74,-8.933],[-63.744,-8.925],[-63.723,-8.924],[-63.728,-8.919],[-63.739,-8.919],[-63.742,-8.91],[-63.736,-8.901],[-63.744,-8.895],[-63.745,-8.888],[-63.737,-8.891],[-63.736,-8.887],[-63.726,-8.889],[-63.722,-8.887],[-63.738,-8.874],[-63.74,-8.881],[-63.751,-8.872],[-63.747,-8.863],[-63.739,-8.86],[-63.746,-8.857],[-63.749,-8.851],[-63.729,-8.843],[-63.739,-8.839],[-63.743,-8.845],[-63.749,-8.839],[-63.744,-8.834],[-63.742,-8.823],[-63.737,-8.824],[-63.728,-8.835],[-63.728,-8.828],[-63.719,-8.821],[-63.709,-8.823],[-63.703,-8.814],[-63.699,-8.806],[-63.702,-8.803],[-63.718,-8.8],[-63.719,-8.791],[-63.712,-8.79],[-63.71,-8.794],[-63.705,-8.79],[-63.704,-8.776],[-63.72,-8.776],[-63.724,-8.768],[-63.718,-8.757],[-63.714,-8.761],[-63.713,-8.772],[-63.704,-8.762],[-63.707,-8.737],[-63.703,-8.736],[-63.7,-8.74],[-63.686,-8.731],[-63.696,-8.716],[-63.711,-8.717],[-63.698,-8.706],[-63.696,-8.699],[-63.694,-8.701],[-63.695,-8.709],[-63.683,-8.713],[-63.68,-8.701],[-63.668,-8.697],[-63.667,-8.707],[-63.671,-8.714],[-63.667,-8.715],[-63.66,-8.706],[-63.65,-8.706],[-63.64,-8.715],[-63.65,-8.717],[-63.655,-8.725],[-63.653,-8.733],[-63.647,-8.729],[-63.645,-8.722],[-63.627,-8.725],[-63.628,-8.717],[-63.636,-8.709],[-63.616,-8.694],[-63.612,-8.697],[-63.612,-8.702],[-63.591,-8.684],[-63.586,-8.672],[-63.59,-8.662],[-63.585,-8.657],[-63.576,-8.66],[-63.581,-8.669],[-63.572,-8.669],[-63.562,-8.678],[-63.56,-8.658],[-63.565,-8.652],[-63.567,-8.636],[-63.564,-8.627],[-63.555,-8.629],[-63.548,-8.636],[-63.544,-8.632],[-63.53,-8.645],[-63.521,-8.637],[-63.524,-8.624],[-63.516,-8.62],[-63.512,-8.608],[-63.459,-8.596],[-63.445,-8.585],[-63.446,-8.571],[-63.472,-8.57],[-63.478,-8.568],[-63.483,-8.562],[-63.475,-8.551],[-63.466,-8.545],[-63.465,-8.528],[-63.452,-8.514],[-63.448,-8.5],[-63.377,-8.5],[-63.374,-8.5],[-63.204,-8.5],[-63.194,-8.5],[-62.982,-8.5],[-62.822,-8.5],[-62.843,-8.507],[-62.842,-8.52],[-62.832,-8.521],[-62.823,-8.537],[-62.813,-8.539],[-62.813,-8.542],[-62.82,-8.543],[-62.816,-8.554]]]}},{"type":"Feature","properties":{"id":"1100908","nome":"Castanheiras"},"geometry":{"type":"Polygon","coordinates":[[[-61.941,-11.296],[-61.927,-11.298],[-61.923,-11.291],[-61.918,-11.292],[-61.899,-11.324],[-61.883,-11.332],[-61.878,-11.339],[-61.86,-11.368],[-61.834,-11.384],[-61.822,-11.381],[-61.801,-11.388],[-61.796,-11.39],[-61.795,-11.397],[-61.794,-11.404],[-61.79,-11.406],[-61.751,-11.414],[-61.741,-11.412],[-61.738,-11.413],[-61.735,-11.42],[-61.732,-11.429],[-61.738,-11.437],[-61.728,-11.44],[-61.732,-11.449],[-61.729,-11.461],[-61.727,-11.466],[-61.716,-11.463],[-61.716,-11.472],[-61.721,-11.475],[-61.714,-11.482],[-61.713,-11.491],[-61.716,-11.494],[-61.716,-11.511],[-61.71,-11.516],[-61.706,-11.515],[-61.706,-11.521],[-61.697,-11.523],[-61.694,-11.536],[-61.687,-11.532],[-61.683,-11.546],[-61.678,-11.547],[-61.669,-11.553],[-61.663,-11.552],[-61.649,-11.561],[-61.63,-11.56],[-61.628,-11.564],[-61.619,-11.569],[-61.62,-11.576],[-61.615,-11.578],[-61.614,-11.583],[-61.648,-11.584],[-61.686,-11.584],[-61.722,-11.584],[-61.758,-11.584],[-61.759,-11.584],[-61.794,-11.584],[-61.795,-11.584],[-61.833,-11.584],[-61.842,-11.584],[-61.869,-11.584],[-61.903,-11.585],[-61.907,-11.585],[-61.913,-11.585],[-61.98,-11.585],[-62.001,-11.585],[-62.0,-11.5],[-62.016,-11.5],[-62.035,-11.5],[-62.053,-11.5],[-62.086,-11.5],[-62.082,-11.496],[-62.086,-11.476],[-62.079,-11.468],[-62.079,-11.46],[-62.061,-11.448],[-62.062,-11.442],[-62.04,-11.431],[-62.039,-11.427],[-62.031,-11.425],[-62.026,-11.412],[-62.028,-11.406],[-62.021,-11.396],[-62.025,-11.388],[-62.024,-11.381],[-62.019,-11.381],[-62.02,-11.372],[-62.008,-11.366],[-62.009,-11.357],[-62.004,-11.349],[-61.997,-11.347],[-61.99,-11.327],[-61.978,-11.324],[-61.977,-11.318],[-61.967,-11.31],[-61.964,-11.303],[-61.957,-11.302],[-61.956,-11.292],[-61.952,-11.29],[-61.941,-11.296]]]}},{"type":"Feature","properties":{"id":"1100924","nome":"Chupinguaia"},"geometry":{"type":"Polygon","coordinates":[[[-60.705,-12.324],[-60.721,-12.334],[-60.731,-12.334],[-60.755,-12.343],[-60.76,-12.352],[-60.772,-12.354],[-60.788,-12.37],[-60.799,-12.375],[-60.809,-12.375],[-60.809,-12.401],[-60.808,-12.447],[-60.628,-12.444],[-60.639,-12.538],[-60.446,-12.536],[-60.446,-12.538],[-60.443,-12.839],[-60.465,-12.83],[-60.474,-12.823],[-60.475,-12.817],[-60.495,-12.808],[-60.5,-12.799],[-60.511,-12.797],[-60.517,-12.792],[-60.534,-12.793],[-60.539,-12.781],[-60.548,-12.784],[-60.562,-12.767],[-60.562,-12.774],[-60.572,-12.789],[-60.571,-12.8],[-60.576,-12.805],[-60.575,-12.821],[-60.577,-12.826],[-60.575,-12.829],[-60.585,-12.849],[-60.581,-12.865],[-60.585,-12.885],[-60.592,-12.897],[-60.596,-12.914],[-60.589,-12.924],[-60.589,-12.935],[-60.599,-12.946],[-60.612,-12.992],[-60.617,-12.989],[-60.625,-12.973],[-60.651,-12.981],[-60.652,-12.974],[-60.643,-12.947],[-60.643,-12.94],[-60.649,-12.933],[-60.645,-12.901],[-60.655,-12.863],[-60.665,-12.851],[-60.673,-12.849],[-60.674,-12.844],[-60.688,-12.832],[-60.705,-12.832],[-60.721,-12.817],[-60.72,-12.81],[-60.725,-12.805],[-60.736,-12.817],[-60.76,-12.826],[-60.774,-12.845],[-60.776,-12.853],[-60.782,-12.852],[-60.786,-12.843],[-60.79,-12.815],[-60.813,-12.819],[-60.814,-12.82],[-60.828,-12.806],[-60.839,-12.811],[-60.847,-12.823],[-60.868,-12.822],[-60.873,-12.837],[-60.889,-12.845],[-60.899,-12.846],[-60.907,-12.854],[-60.91,-12.867],[-60.918,-12.88],[-60.931,-12.891],[-60.937,-12.916],[-60.967,-12.938],[-60.97,-12.938],[-60.972,-12.932],[-60.972,-12.908],[-60.978,-12.9],[-60.98,-12.889],[-60.985,-12.888],[-60.977,-12.875],[-60.973,-12.855],[-60.979,-12.843],[-60.968,-12.83],[-60.971,-12.809],[-60.965,-12.799],[-60.965,-12.788],[-60.983,-12.761],[-60.984,-12.75],[-60.989,-12.749],[-60.996,-12.759],[-61.006,-12.763],[-61.006,-12.774],[-61.017,-12.767],[-61.029,-12.77],[-61.03,-12.758],[-61.042,-12.748],[-61.048,-12.731],[-61.045,-12.722],[-61.053,-12.717],[-61.058,-12.704],[-61.078,-12.702],[-61.088,-12.708],[-61.092,-12.715],[-61.105,-12.715],[-61.124,-12.727],[-61.132,-12.727],[-61.14,-12.726],[-61.166,-12.731],[-61.168,-12.738],[-61.17,-12.746],[-61.167,-12.753],[-61.176,-12.769],[-61.193,-12.792],[-61.194,-12.784],[-61.19,-12.775],[-61.195,-12.77],[-61.191,-12.763],[-61.199,-12.748],[-61.21,-12.747],[-61.216,-12.75],[-61.228,-12.747],[-61.234,-12.732],[-61.244,-12.729],[-61.251,-12.732],[-61.269,-12.723],[-61.274,-12.726],[-61.282,-12.72],[-61.287,-12.723],[-61.293,-12.722],[-61.315,-12.71],[-61.32,-12.703],[-61.328,-12.703],[-61.344,-12.694],[-61.344,-12.684],[-61.339,-12.681],[-61.349,-12.668],[-61.342,-12.666],[-61.338,-12.659],[-61.331,-12.638],[-61.338,-12.626],[-61.341,-12.626],[-61.34,-12.617],[-61.333,-12.61],[-61.328,-12.58],[-61.316,-12.566],[-61.316,-12.554],[-61.31,-12.543],[-61.308,-12.531],[-61.294,-12.52],[-61.287,-12.499],[-61.27,-12.464],[-61.258,-12.455],[-61.26,-12.449],[-61.253,-12.442],[-61.235,-12.398],[-61.225,-12.386],[-61.218,-12.38],[-61.214,-12.359],[-61.21,-12.355],[-61.206,-12.355],[-61.201,-12.347],[-61.193,-12.344],[-61.196,-12.338],[-61.187,-12.329],[-61.18,-12.313],[-61.185,-12.306],[-61.18,-12.303],[-61.184,-12.299],[-61.18,-12.295],[-61.187,-12.293],[-61.189,-12.286],[-61.185,-12.273],[-61.189,-12.267],[-61.194,-12.247],[-61.194,-12.224],[-61.198,-12.223],[-61.198,-12.219],[-61.194,-12.207],[-61.191,-12.207],[-61.193,-12.202],[-61.188,-12.193],[-61.19,-12.183],[-61.185,-12.176],[-61.174,-12.172],[-61.18,-12.167],[-61.13,-12.167],[-60.712,-12.166],[-60.708,-12.185],[-60.686,-12.227],[-60.682,-12.236],[-60.672,-12.253],[-60.649,-12.261],[-60.685,-12.261],[-60.68,-12.275],[-60.685,-12.29],[-60.684,-12.296],[-60.695,-12.309],[-60.699,-12.324],[-60.705,-12.324]]]}},{"type":"Feature","properties":{"id":"1100940","nome":"Cujubim"},"geometry":{"type":"Polygon","coordinates":[[[-62.484,-8.742],[-62.485,-8.758],[-62.471,-8.771],[-62.448,-8.768],[-62.448,-8.754],[-62.435,-8.737],[-62.416,-8.736],[-62.408,-8.747],[-62.394,-8.74],[-62.375,-8.746],[-62.369,-8.743],[-62.368,-8.743],[-62.366,-8.751],[-62.343,-8.757],[-62.344,-8.763],[-62.339,-8.765],[-62.343,-8.785],[-62.339,-8.791],[-62.333,-8.79],[-62.326,-8.799],[-62.311,-8.803],[-62.311,-8.81],[-62.297,-8.822],[-62.298,-8.828],[-62.289,-8.829],[-62.293,-8.838],[-62.291,-8.846],[-62.296,-8.854],[-62.308,-8.86],[-62.314,-8.87],[-62.322,-8.871],[-62.327,-8.879],[-62.333,-8.881],[-62.329,-8.889],[-62.328,-8.905],[-62.333,-8.907],[-62.344,-8.923],[-62.345,-8.932],[-62.324,-8.944],[-62.324,-8.95],[-62.33,-8.977],[-62.341,-8.987],[-62.349,-8.992],[-62.348,-9.0],[-62.346,-9.011],[-62.343,-9.01],[-62.341,-9.018],[-62.337,-9.019],[-62.333,-9.045],[-62.328,-9.05],[-62.337,-9.071],[-62.327,-9.112],[-62.327,-9.154],[-62.333,-9.204],[-62.335,-9.216],[-62.327,-9.259],[-62.316,-9.29],[-62.315,-9.298],[-62.308,-9.303],[-62.307,-9.309],[-62.324,-9.33],[-62.326,-9.341],[-62.335,-9.351],[-62.34,-9.349],[-62.349,-9.353],[-62.354,-9.348],[-62.361,-9.349],[-62.371,-9.364],[-62.372,-9.366],[-62.374,-9.376],[-62.388,-9.369],[-62.389,-9.383],[-62.385,-9.393],[-62.391,-9.4],[-62.393,-9.401],[-62.409,-9.417],[-62.412,-9.443],[-62.421,-9.472],[-62.416,-9.48],[-62.426,-9.492],[-62.417,-9.498],[-62.428,-9.513],[-62.422,-9.525],[-62.49,-9.525],[-62.6,-9.525],[-62.645,-9.525],[-62.754,-9.526],[-63.076,-9.525],[-63.078,-9.508],[-63.084,-9.5],[-63.099,-9.48],[-63.061,-9.471],[-63.06,-9.471],[-62.889,-9.428],[-62.733,-9.389],[-62.734,-9.219],[-62.735,-9.0],[-62.627,-9.0],[-62.636,-8.992],[-62.637,-8.977],[-62.634,-8.976],[-62.637,-8.974],[-62.634,-8.974],[-62.641,-8.961],[-62.638,-8.952],[-62.641,-8.943],[-62.637,-8.934],[-62.65,-8.931],[-62.653,-8.926],[-62.662,-8.923],[-62.661,-8.915],[-62.656,-8.911],[-62.66,-8.911],[-62.662,-8.906],[-62.665,-8.909],[-62.672,-8.905],[-62.671,-8.901],[-62.662,-8.898],[-62.662,-8.892],[-62.665,-8.893],[-62.666,-8.888],[-62.681,-8.885],[-62.682,-8.877],[-62.679,-8.876],[-62.678,-8.87],[-62.686,-8.865],[-62.685,-8.86],[-62.688,-8.856],[-62.7,-8.854],[-62.702,-8.849],[-62.698,-8.849],[-62.699,-8.844],[-62.705,-8.845],[-62.707,-8.853],[-62.715,-8.853],[-62.714,-8.847],[-62.729,-8.82],[-62.733,-8.819],[-62.729,-8.827],[-62.738,-8.826],[-62.737,-8.822],[-62.745,-8.82],[-62.745,-8.815],[-62.753,-8.817],[-62.757,-8.814],[-62.748,-8.805],[-62.762,-8.804],[-62.764,-8.798],[-62.738,-8.802],[-62.726,-8.8],[-62.715,-8.811],[-62.703,-8.813],[-62.677,-8.8],[-62.664,-8.798],[-62.662,-8.786],[-62.655,-8.776],[-62.651,-8.776],[-62.629,-8.776],[-62.625,-8.757],[-62.618,-8.757],[-62.606,-8.75],[-62.599,-8.751],[-62.588,-8.763],[-62.588,-8.755],[-62.58,-8.745],[-62.573,-8.746],[-62.559,-8.74],[-62.552,-8.751],[-62.536,-8.751],[-62.508,-8.735],[-62.498,-8.73],[-62.488,-8.73],[-62.484,-8.742]]]}},{"type":"Feature","properties":{"id":"1101005","nome":"Governador Jorge Teixeira"},"geometry":{"type":"Polygon","coordinates":[[[-62.771,-10.507],[-62.761,-10.511],[-62.754,-10.507],[-62.75,-10.514],[-62.747,-10.519],[-62.741,-10.517],[-62.742,-10.524],[-62.734,-10.529],[-62.722,-10.525],[-62.718,-10.527],[-62.717,-10.528],[-62.699,-10.523],[-62.682,-10.532],[-62.672,-10.531],[-62.665,-10.533],[-62.654,-10.531],[-62.645,-10.523],[-62.637,-10.523],[-62.629,-10.517],[-62.614,-10.519],[-62.6,-10.511],[-62.588,-10.498],[-62.577,-10.511],[-62.574,-10.51],[-62.571,-10.517],[-62.571,-10.528],[-62.58,-10.542],[-62.581,-10.546],[-62.612,-10.555],[-62.613,-10.56],[-62.618,-10.555],[-62.626,-10.561],[-62.625,-10.569],[-62.62,-10.57],[-62.62,-10.573],[-62.631,-10.586],[-62.625,-10.594],[-62.636,-10.605],[-62.643,-10.604],[-62.649,-10.61],[-62.643,-10.63],[-62.648,-10.632],[-62.653,-10.641],[-62.65,-10.652],[-62.654,-10.653],[-62.655,-10.656],[-62.667,-10.655],[-62.667,-10.659],[-62.671,-10.661],[-62.671,-10.671],[-62.678,-10.67],[-62.686,-10.675],[-62.696,-10.672],[-62.699,-10.678],[-62.705,-10.678],[-62.706,-10.673],[-62.713,-10.671],[-62.715,-10.677],[-62.72,-10.681],[-62.723,-10.68],[-62.722,-10.685],[-62.73,-10.687],[-62.736,-10.7],[-62.754,-10.705],[-62.762,-10.702],[-62.761,-10.705],[-62.761,-10.712],[-62.766,-10.711],[-62.768,-10.717],[-62.779,-10.719],[-62.783,-10.726],[-62.789,-10.723],[-62.795,-10.734],[-62.787,-10.758],[-62.788,-10.766],[-62.791,-10.768],[-62.79,-10.777],[-62.799,-10.783],[-62.793,-10.791],[-62.8,-10.796],[-62.808,-10.793],[-62.812,-10.797],[-62.814,-10.794],[-62.817,-10.8],[-62.822,-10.8],[-62.827,-10.813],[-62.831,-10.814],[-62.837,-10.822],[-62.844,-10.82],[-62.845,-10.827],[-62.858,-10.83],[-62.863,-10.838],[-62.865,-10.836],[-62.875,-10.837],[-62.889,-10.834],[-62.898,-10.822],[-62.907,-10.825],[-62.916,-10.831],[-62.914,-10.835],[-62.919,-10.838],[-62.918,-10.841],[-62.923,-10.844],[-62.922,-10.848],[-62.932,-10.853],[-62.931,-10.858],[-62.935,-10.863],[-62.932,-10.871],[-62.943,-10.877],[-62.951,-10.876],[-62.953,-10.882],[-62.962,-10.883],[-62.965,-10.887],[-62.977,-10.891],[-62.979,-10.9],[-63.0,-10.912],[-63.0,-10.938],[-63.003,-10.942],[-63.023,-10.947],[-63.029,-10.952],[-63.047,-10.949],[-63.053,-10.964],[-63.063,-10.964],[-63.062,-10.969],[-63.068,-10.971],[-63.083,-10.976],[-63.093,-10.972],[-63.097,-10.99],[-63.103,-10.995],[-63.116,-10.998],[-63.12,-11.009],[-63.13,-11.012],[-63.138,-11.02],[-63.145,-11.047],[-63.142,-11.071],[-63.148,-11.074],[-63.164,-11.067],[-63.182,-11.066],[-63.196,-11.082],[-63.189,-11.091],[-63.195,-11.103],[-63.205,-11.105],[-63.22,-11.121],[-63.233,-11.127],[-63.245,-11.147],[-63.254,-11.152],[-63.288,-11.153],[-63.304,-11.142],[-63.304,-11.137],[-63.302,-11.132],[-63.304,-11.128],[-63.32,-11.115],[-63.319,-11.109],[-63.331,-11.1],[-63.335,-11.089],[-63.327,-11.076],[-63.341,-11.063],[-63.353,-11.066],[-63.364,-11.074],[-63.377,-11.075],[-63.383,-11.072],[-63.384,-11.057],[-63.402,-11.049],[-63.413,-11.049],[-63.419,-11.039],[-63.433,-11.03],[-63.466,-11.031],[-63.481,-11.027],[-63.5,-11.042],[-63.528,-11.045],[-63.542,-11.034],[-63.553,-11.039],[-63.557,-11.031],[-63.566,-11.034],[-63.569,-11.022],[-63.582,-11.01],[-63.626,-11.005],[-63.614,-11.001],[-63.587,-11.003],[-63.577,-10.994],[-63.579,-10.986],[-63.583,-10.979],[-63.582,-10.972],[-63.591,-10.958],[-63.595,-10.955],[-63.604,-10.956],[-63.601,-10.941],[-63.607,-10.93],[-63.608,-10.913],[-63.604,-10.907],[-63.607,-10.902],[-63.604,-10.886],[-63.588,-10.887],[-63.571,-10.875],[-63.572,-10.84],[-63.577,-10.831],[-63.577,-10.82],[-63.566,-10.801],[-63.573,-10.798],[-63.574,-10.789],[-63.582,-10.781],[-63.586,-10.769],[-63.58,-10.762],[-63.58,-10.731],[-63.567,-10.737],[-63.553,-10.729],[-63.552,-10.725],[-63.555,-10.719],[-63.557,-10.709],[-63.551,-10.706],[-63.55,-10.7],[-63.558,-10.68],[-63.555,-10.671],[-63.562,-10.66],[-63.559,-10.65],[-63.561,-10.642],[-63.544,-10.628],[-63.548,-10.613],[-63.536,-10.61],[-63.538,-10.602],[-63.529,-10.59],[-63.537,-10.589],[-63.546,-10.581],[-63.548,-10.57],[-63.558,-10.554],[-63.547,-10.544],[-63.553,-10.537],[-63.556,-10.532],[-63.532,-10.528],[-63.54,-10.506],[-63.529,-10.492],[-63.467,-10.492],[-63.454,-10.492],[-63.384,-10.492],[-63.287,-10.492],[-63.214,-10.492],[-63.213,-10.492],[-63.19,-10.492],[-63.164,-10.492],[-63.075,-10.491],[-62.999,-10.491],[-62.895,-10.492],[-62.869,-10.492],[-62.788,-10.492],[-62.777,-10.504],[-62.771,-10.507]]]}},{"type":"Feature","properties":{"id":"1101104","nome":"Itapu\u00e3 do Oeste"},"geometry":{"type":"Polygon","coordinates":[[[-62.77,-8.794],[-62.764,-8.798],[-62.762,-8.804],[-62.748,-8.805],[-62.757,-8.814],[-62.753,-8.817],[-62.745,-8.815],[-62.745,-8.82],[-62.737,-8.822],[-62.738,-8.826],[-62.729,-8.827],[-62.733,-8.819],[-62.729,-8.82],[-62.714,-8.847],[-62.715,-8.853],[-62.707,-8.853],[-62.705,-8.845],[-62.699,-8.844],[-62.698,-8.849],[-62.702,-8.849],[-62.7,-8.854],[-62.688,-8.856],[-62.685,-8.86],[-62.686,-8.865],[-62.678,-8.87],[-62.679,-8.876],[-62.682,-8.877],[-62.681,-8.885],[-62.666,-8.888],[-62.665,-8.893],[-62.662,-8.892],[-62.662,-8.898],[-62.671,-8.901],[-62.672,-8.905],[-62.665,-8.909],[-62.662,-8.906],[-62.66,-8.911],[-62.656,-8.911],[-62.661,-8.915],[-62.662,-8.923],[-62.653,-8.926],[-62.65,-8.931],[-62.637,-8.934],[-62.641,-8.943],[-62.638,-8.952],[-62.641,-8.961],[-62.634,-8.974],[-62.637,-8.974],[-62.634,-8.976],[-62.637,-8.977],[-62.636,-8.992],[-62.627,-9.0],[-62.735,-9.0],[-62.734,-9.219],[-62.733,-9.389],[-62.889,-9.428],[-63.06,-9.471],[-63.061,-9.471],[-63.099,-9.48],[-63.102,-9.478],[-63.101,-9.452],[-63.125,-9.45],[-63.324,-9.433],[-63.326,-9.433],[-63.325,-9.428],[-63.316,-9.42],[-63.306,-9.402],[-63.311,-9.387],[-63.311,-9.376],[-63.307,-9.371],[-63.293,-9.368],[-63.291,-9.361],[-63.301,-9.354],[-63.298,-9.345],[-63.309,-9.343],[-63.311,-9.333],[-63.307,-9.33],[-63.312,-9.31],[-63.303,-9.296],[-63.304,-9.289],[-63.313,-9.29],[-63.312,-9.295],[-63.32,-9.299],[-63.32,-9.29],[-63.328,-9.288],[-63.333,-9.28],[-63.344,-9.279],[-63.348,-9.263],[-63.352,-9.264],[-63.354,-9.272],[-63.375,-9.274],[-63.383,-9.28],[-63.391,-9.278],[-63.39,-9.272],[-63.395,-9.275],[-63.402,-9.267],[-63.404,-9.253],[-63.398,-9.241],[-63.389,-9.233],[-63.393,-9.229],[-63.399,-9.231],[-63.406,-9.228],[-63.4,-9.223],[-63.402,-9.218],[-63.394,-9.208],[-63.394,-9.197],[-63.398,-9.195],[-63.393,-9.189],[-63.409,-9.193],[-63.417,-9.184],[-63.418,-9.189],[-63.433,-9.19],[-63.439,-9.198],[-63.453,-9.202],[-63.452,-9.198],[-63.458,-9.191],[-63.455,-9.185],[-63.46,-9.18],[-63.456,-9.178],[-63.455,-9.172],[-63.449,-9.175],[-63.446,-9.173],[-63.453,-9.166],[-63.451,-9.156],[-63.455,-9.151],[-63.465,-9.147],[-63.466,-9.15],[-63.468,-9.145],[-63.476,-9.142],[-63.48,-9.145],[-63.486,-9.136],[-63.494,-9.137],[-63.497,-9.141],[-63.493,-9.141],[-63.493,-9.147],[-63.498,-9.146],[-63.501,-9.155],[-63.512,-9.152],[-63.508,-9.144],[-63.513,-9.138],[-63.508,-9.137],[-63.513,-9.134],[-63.513,-9.122],[-63.509,-9.119],[-63.513,-9.116],[-63.516,-9.106],[-63.519,-9.105],[-63.515,-9.097],[-63.523,-9.098],[-63.526,-9.104],[-63.531,-9.097],[-63.525,-9.083],[-63.529,-9.081],[-63.527,-9.077],[-63.531,-9.074],[-63.527,-9.07],[-63.534,-9.063],[-63.527,-9.063],[-63.512,-9.069],[-63.509,-9.059],[-63.502,-9.057],[-63.494,-9.041],[-63.481,-9.029],[-63.48,-9.023],[-63.467,-9.012],[-63.45,-9.005],[-63.443,-9.011],[-63.44,-9.024],[-63.427,-9.058],[-63.445,-9.089],[-63.429,-9.086],[-63.414,-9.094],[-63.402,-9.093],[-63.395,-9.094],[-63.385,-9.09],[-63.378,-9.081],[-63.375,-9.078],[-63.37,-9.081],[-63.365,-9.079],[-63.361,-9.069],[-63.355,-9.064],[-63.361,-9.045],[-63.351,-9.026],[-63.354,-9.023],[-63.351,-9.017],[-63.339,-9.011],[-63.342,-8.998],[-63.331,-8.996],[-63.324,-8.991],[-63.325,-8.982],[-63.331,-8.969],[-63.326,-8.96],[-63.33,-8.952],[-63.327,-8.944],[-63.331,-8.937],[-63.325,-8.933],[-63.314,-8.926],[-63.3,-8.928],[-63.29,-8.929],[-63.295,-8.925],[-63.302,-8.91],[-63.318,-8.895],[-63.312,-8.883],[-63.318,-8.88],[-63.319,-8.872],[-63.317,-8.867],[-63.299,-8.872],[-63.298,-8.865],[-63.305,-8.859],[-63.317,-8.857],[-63.318,-8.849],[-63.315,-8.853],[-63.308,-8.854],[-63.302,-8.848],[-63.298,-8.852],[-63.3,-8.859],[-63.29,-8.863],[-63.29,-8.874],[-63.285,-8.876],[-63.282,-8.885],[-63.268,-8.893],[-63.266,-8.898],[-63.265,-8.9],[-63.262,-8.898],[-63.262,-8.904],[-63.268,-8.92],[-63.265,-8.926],[-63.258,-8.934],[-63.253,-8.933],[-63.252,-8.94],[-63.248,-8.936],[-63.244,-8.939],[-63.241,-8.946],[-63.231,-8.957],[-63.227,-8.957],[-63.222,-8.962],[-63.219,-8.961],[-63.216,-8.968],[-63.211,-8.967],[-63.201,-8.985],[-63.205,-8.993],[-63.211,-8.996],[-63.209,-9.0],[-63.157,-9.0],[-62.99,-9.0],[-62.983,-8.983],[-62.968,-8.981],[-62.952,-8.969],[-62.94,-8.95],[-62.934,-8.948],[-62.93,-8.92],[-62.901,-8.931],[-62.888,-8.921],[-62.879,-8.924],[-62.877,-8.93],[-62.864,-8.931],[-62.869,-8.926],[-62.863,-8.919],[-62.861,-8.926],[-62.856,-8.927],[-62.859,-8.92],[-62.854,-8.921],[-62.849,-8.917],[-62.853,-8.914],[-62.849,-8.909],[-62.843,-8.909],[-62.841,-8.904],[-62.829,-8.913],[-62.834,-8.908],[-62.833,-8.896],[-62.822,-8.893],[-62.822,-8.88],[-62.812,-8.874],[-62.814,-8.867],[-62.808,-8.865],[-62.808,-8.859],[-62.815,-8.864],[-62.815,-8.86],[-62.812,-8.856],[-62.812,-8.841],[-62.808,-8.839],[-62.804,-8.84],[-62.8,-8.832],[-62.79,-8.825],[-62.802,-8.817],[-62.79,-8.812],[-62.782,-8.802],[-62.783,-8.8],[-62.79,-8.804],[-62.791,-8.791],[-62.785,-8.795],[-62.776,-8.793],[-62.778,-8.787],[-62.774,-8.784],[-62.77,-8.789],[-62.77,-8.794]]]}},{"type":"Feature","properties":{"id":"1101203","nome":"Ministro Andreazza"},"geometry":{"type":"Polygon","coordinates":[[[-61.501,-11.248],[-61.501,-11.301],[-61.501,-11.333],[-61.553,-11.333],[-61.572,-11.333],[-61.59,-11.333],[-61.626,-11.333],[-61.643,-11.333],[-61.742,-11.333],[-61.744,-11.323],[-61.741,-11.318],[-61.731,-11.31],[-61.73,-11.303],[-61.726,-11.301],[-61.723,-11.303],[-61.72,-11.306],[-61.713,-11.297],[-61.709,-11.298],[-61.707,-11.295],[-61.707,-11.278],[-61.701,-11.267],[-61.679,-11.261],[-61.675,-11.254],[-61.67,-11.255],[-61.666,-11.258],[-61.666,-11.207],[-61.666,-11.135],[-61.667,-11.118],[-61.658,-11.118],[-61.632,-11.118],[-61.632,-11.097],[-61.632,-11.092],[-61.631,-11.065],[-61.631,-10.986],[-61.55,-10.986],[-61.514,-10.986],[-61.483,-10.986],[-61.428,-10.987],[-61.426,-11.113],[-61.458,-11.114],[-61.5,-11.114],[-61.5,-11.153],[-61.501,-11.248]]]}},{"type":"Feature","properties":{"id":"1101302","nome":"Mirante da Serra"},"geometry":{"type":"Polygon","coordinates":[[[-62.616,-10.986],[-62.549,-11.066],[-62.57,-11.083],[-62.572,-11.084],[-62.587,-11.062],[-62.597,-11.072],[-62.602,-11.069],[-62.603,-11.079],[-62.611,-11.078],[-62.61,-11.083],[-62.618,-11.089],[-62.627,-11.09],[-62.63,-11.087],[-62.628,-11.077],[-62.625,-11.075],[-62.63,-11.068],[-62.633,-11.076],[-62.643,-11.075],[-62.645,-11.078],[-62.648,-11.082],[-62.663,-11.078],[-62.668,-11.105],[-62.662,-11.109],[-62.676,-11.117],[-62.687,-11.112],[-62.684,-11.115],[-62.685,-11.121],[-62.691,-11.123],[-62.688,-11.126],[-62.691,-11.129],[-62.697,-11.128],[-62.698,-11.128],[-62.7,-11.132],[-62.71,-11.135],[-62.708,-11.141],[-62.713,-11.138],[-62.714,-11.142],[-62.722,-11.141],[-62.726,-11.145],[-62.724,-11.15],[-62.728,-11.148],[-62.734,-11.156],[-62.728,-11.158],[-62.727,-11.164],[-62.735,-11.165],[-62.737,-11.169],[-62.729,-11.174],[-62.729,-11.178],[-62.736,-11.177],[-62.734,-11.181],[-62.736,-11.183],[-62.746,-11.176],[-62.753,-11.183],[-62.755,-11.178],[-62.764,-11.183],[-62.768,-11.196],[-62.774,-11.19],[-62.779,-11.193],[-62.786,-11.19],[-62.787,-11.193],[-62.796,-11.196],[-62.797,-11.191],[-62.8,-11.193],[-62.813,-11.187],[-62.825,-11.195],[-62.824,-11.199],[-62.829,-11.198],[-62.83,-11.202],[-62.841,-11.197],[-62.847,-11.2],[-62.85,-11.196],[-62.856,-11.195],[-62.855,-11.191],[-62.859,-11.195],[-62.863,-11.194],[-62.862,-11.198],[-62.866,-11.198],[-62.87,-11.203],[-62.882,-11.201],[-62.887,-11.211],[-62.892,-11.212],[-62.898,-11.208],[-62.902,-11.209],[-62.909,-11.202],[-62.916,-11.206],[-62.924,-11.204],[-62.938,-11.208],[-62.942,-11.204],[-62.954,-11.205],[-62.968,-11.199],[-62.982,-11.2],[-62.99,-11.203],[-62.994,-11.2],[-63.0,-11.201],[-63.018,-11.183],[-63.029,-11.184],[-63.038,-11.189],[-63.057,-11.18],[-63.082,-11.188],[-63.089,-11.185],[-63.1,-11.193],[-63.112,-11.194],[-63.116,-11.172],[-63.112,-11.166],[-63.129,-11.145],[-63.142,-11.11],[-63.152,-11.101],[-63.153,-11.088],[-63.174,-11.08],[-63.183,-11.083],[-63.19,-11.08],[-63.196,-11.082],[-63.182,-11.066],[-63.164,-11.067],[-63.148,-11.074],[-63.142,-11.071],[-63.133,-11.074],[-63.117,-11.07],[-63.092,-11.053],[-63.075,-11.059],[-63.066,-11.059],[-63.052,-11.051],[-63.041,-11.037],[-63.006,-11.04],[-62.99,-11.036],[-62.984,-11.031],[-62.98,-11.034],[-62.969,-11.03],[-62.954,-11.036],[-62.948,-11.03],[-62.931,-11.033],[-62.923,-11.031],[-62.911,-11.034],[-62.905,-11.028],[-62.9,-11.031],[-62.897,-11.029],[-62.891,-11.03],[-62.855,-10.999],[-62.83,-10.978],[-62.802,-10.953],[-62.798,-10.95],[-62.776,-10.93],[-62.747,-10.904],[-62.74,-10.899],[-62.717,-10.878],[-62.64,-10.96],[-62.616,-10.986]]]}},{"type":"Feature","properties":{"id":"1101401","nome":"Monte Negro"},"geometry":{"type":"Polygon","coordinates":[[[-63.175,-10.117],[-63.172,-10.133],[-63.179,-10.139],[-63.182,-10.139],[-63.186,-10.133],[-63.19,-10.133],[-63.194,-10.142],[-63.199,-10.145],[-63.206,-10.143],[-63.21,-10.15],[-63.214,-10.151],[-63.205,-10.154],[-63.214,-10.162],[-63.209,-10.167],[-63.212,-10.171],[-63.215,-10.187],[-63.208,-10.196],[-63.222,-10.195],[-63.223,-10.203],[-63.217,-10.21],[-63.231,-10.223],[-63.234,-10.231],[-63.231,-10.237],[-63.234,-10.241],[-63.23,-10.251],[-63.238,-10.266],[-63.237,-10.271],[-63.23,-10.276],[-63.23,-10.283],[-63.241,-10.285],[-63.244,-10.286],[-63.242,-10.292],[-63.236,-10.302],[-63.243,-10.336],[-63.252,-10.335],[-63.254,-10.338],[-63.258,-10.335],[-63.259,-10.338],[-63.259,-10.361],[-63.257,-10.364],[-63.262,-10.37],[-63.25,-10.376],[-63.251,-10.382],[-63.259,-10.393],[-63.259,-10.394],[-63.255,-10.401],[-63.246,-10.4],[-63.243,-10.403],[-63.247,-10.407],[-63.247,-10.417],[-63.253,-10.423],[-63.24,-10.43],[-63.231,-10.442],[-63.232,-10.449],[-63.241,-10.452],[-63.239,-10.464],[-63.232,-10.465],[-63.235,-10.472],[-63.233,-10.477],[-63.235,-10.483],[-63.227,-10.489],[-63.217,-10.488],[-63.213,-10.492],[-63.214,-10.492],[-63.287,-10.492],[-63.384,-10.492],[-63.454,-10.492],[-63.467,-10.492],[-63.529,-10.492],[-63.529,-10.476],[-63.532,-10.465],[-63.516,-10.46],[-63.506,-10.466],[-63.501,-10.463],[-63.494,-10.474],[-63.491,-10.473],[-63.486,-10.458],[-63.497,-10.444],[-63.504,-10.446],[-63.507,-10.444],[-63.513,-10.43],[-63.5,-10.433],[-63.497,-10.43],[-63.494,-10.415],[-63.486,-10.408],[-63.491,-10.401],[-63.474,-10.404],[-63.466,-10.399],[-63.459,-10.397],[-63.454,-10.404],[-63.444,-10.403],[-63.443,-10.391],[-63.446,-10.386],[-63.445,-10.376],[-63.462,-10.373],[-63.47,-10.356],[-63.473,-10.353],[-63.469,-10.345],[-63.471,-10.34],[-63.477,-10.337],[-63.471,-10.322],[-63.463,-10.321],[-63.46,-10.308],[-63.471,-10.289],[-63.473,-10.282],[-63.469,-10.274],[-63.472,-10.268],[-63.485,-10.27],[-63.499,-10.261],[-63.512,-10.258],[-63.524,-10.249],[-63.538,-10.238],[-63.55,-10.245],[-63.565,-10.241],[-63.574,-10.217],[-63.589,-10.208],[-63.582,-10.193],[-63.585,-10.182],[-63.581,-10.169],[-63.585,-10.16],[-63.58,-10.142],[-63.581,-10.126],[-63.576,-10.116],[-63.587,-10.099],[-63.585,-10.075],[-63.589,-10.058],[-63.586,-10.054],[-63.587,-10.041],[-63.583,-10.03],[-63.596,-10.0],[-63.5,-10.0],[-63.432,-10.0],[-63.426,-10.0],[-63.355,-10.0],[-63.151,-10.0],[-63.123,-10.0],[-63.113,-10.0],[-63.115,-10.002],[-63.117,-10.01],[-63.114,-10.018],[-63.122,-10.029],[-63.12,-10.036],[-63.126,-10.038],[-63.129,-10.043],[-63.128,-10.052],[-63.145,-10.072],[-63.148,-10.08],[-63.146,-10.093],[-63.158,-10.111],[-63.17,-10.113],[-63.175,-10.117]]]}},{"type":"Feature","properties":{"id":"1101435","nome":"Nova Uni\u00e3o"},"geometry":{"type":"Polygon","coordinates":[[[-62.524,-11.05],[-62.543,-11.073],[-62.549,-11.066],[-62.616,-10.986],[-62.64,-10.96],[-62.717,-10.878],[-62.707,-10.869],[-62.69,-10.854],[-62.664,-10.831],[-62.639,-10.809],[-62.613,-10.786],[-62.582,-10.76],[-62.554,-10.735],[-62.525,-10.709],[-62.352,-10.894],[-62.354,-10.896],[-62.376,-10.924],[-62.378,-10.927],[-62.399,-10.949],[-62.407,-10.956],[-62.484,-11.019],[-62.494,-11.026],[-62.524,-11.05]]]}},{"type":"Feature","properties":{"id":"1101450","nome":"Parecis"},"geometry":{"type":"Polygon","coordinates":[[[-61.149,-12.033],[-61.148,-12.061],[-61.145,-12.065],[-61.142,-12.075],[-61.146,-12.086],[-61.143,-12.099],[-61.153,-12.114],[-61.151,-12.119],[-61.154,-12.13],[-61.161,-12.137],[-61.16,-12.139],[-61.163,-12.14],[-61.168,-12.146],[-61.182,-12.145],[-61.177,-12.156],[-61.183,-12.163],[-61.18,-12.167],[-61.174,-12.172],[-61.185,-12.176],[-61.19,-12.183],[-61.188,-12.193],[-61.193,-12.202],[-61.191,-12.207],[-61.194,-12.207],[-61.198,-12.219],[-61.198,-12.223],[-61.194,-12.224],[-61.194,-12.247],[-61.189,-12.267],[-61.185,-12.273],[-61.189,-12.286],[-61.187,-12.293],[-61.18,-12.295],[-61.184,-12.299],[-61.18,-12.303],[-61.185,-12.306],[-61.18,-12.313],[-61.187,-12.329],[-61.196,-12.338],[-61.193,-12.344],[-61.201,-12.347],[-61.206,-12.355],[-61.21,-12.355],[-61.214,-12.359],[-61.218,-12.38],[-61.225,-12.386],[-61.235,-12.398],[-61.253,-12.442],[-61.26,-12.449],[-61.258,-12.455],[-61.27,-12.464],[-61.287,-12.499],[-61.294,-12.52],[-61.308,-12.531],[-61.31,-12.543],[-61.316,-12.554],[-61.316,-12.566],[-61.328,-12.58],[-61.333,-12.61],[-61.34,-12.617],[-61.341,-12.626],[-61.347,-12.623],[-61.35,-12.609],[-61.35,-12.6],[-61.355,-12.596],[-61.355,-12.574],[-61.37,-12.566],[-61.366,-12.55],[-61.367,-12.535],[-61.381,-12.523],[-61.381,-12.502],[-61.386,-12.487],[-61.4,-12.487],[-61.419,-12.507],[-61.435,-12.508],[-61.437,-12.5],[-61.45,-12.485],[-61.467,-12.473],[-61.476,-12.464],[-61.513,-12.465],[-61.526,-12.469],[-61.553,-12.465],[-61.563,-12.465],[-61.566,-12.467],[-61.571,-12.473],[-61.584,-12.472],[-61.594,-12.466],[-61.604,-12.466],[-61.607,-12.46],[-61.611,-12.46],[-61.625,-12.464],[-61.631,-12.461],[-61.639,-12.448],[-61.654,-12.44],[-61.664,-12.438],[-61.675,-12.429],[-61.678,-12.178],[-61.678,-12.089],[-61.661,-12.089],[-61.571,-12.089],[-61.53,-12.089],[-61.508,-12.088],[-61.472,-12.087],[-61.472,-12.082],[-61.459,-12.082],[-61.451,-12.077],[-61.445,-12.079],[-61.439,-12.073],[-61.435,-12.08],[-61.436,-12.088],[-61.427,-12.09],[-61.425,-12.085],[-61.417,-12.086],[-61.4,-12.049],[-61.398,-12.052],[-61.387,-12.051],[-61.382,-12.041],[-61.366,-12.036],[-61.36,-12.025],[-61.351,-12.022],[-61.349,-12.009],[-61.336,-12.006],[-61.331,-12.0],[-61.32,-12.0],[-61.19,-12.0],[-61.178,-12.001],[-61.162,-12.032],[-61.149,-12.033]]]}},{"type":"Feature","properties":{"id":"1101468","nome":"Pimenteiras do Oeste"},"geometry":{"type":"Polygon","coordinates":[[[-61.476,-12.464],[-61.467,-12.473],[-61.45,-12.485],[-61.437,-12.5],[-61.435,-12.508],[-61.419,-12.507],[-61.4,-12.487],[-61.386,-12.487],[-61.381,-12.502],[-61.381,-12.523],[-61.367,-12.535],[-61.366,-12.55],[-61.37,-12.566],[-61.355,-12.574],[-61.355,-12.596],[-61.35,-12.6],[-61.35,-12.609],[-61.347,-12.623],[-61.341,-12.626],[-61.338,-12.626],[-61.358,-12.646],[-61.366,-12.67],[-61.379,-12.666],[-61.392,-12.682],[-61.392,-12.685],[-61.384,-12.684],[-61.382,-12.688],[-61.388,-12.693],[-61.385,-12.708],[-61.38,-12.709],[-61.377,-12.703],[-61.371,-12.708],[-61.371,-12.712],[-61.383,-12.722],[-61.411,-12.73],[-61.424,-12.729],[-61.427,-12.733],[-61.43,-12.747],[-61.441,-12.767],[-61.439,-12.785],[-61.442,-12.799],[-61.459,-12.815],[-61.459,-12.822],[-61.469,-12.843],[-61.46,-12.867],[-61.469,-12.886],[-61.47,-12.896],[-61.475,-12.906],[-61.486,-12.912],[-61.486,-12.926],[-61.49,-12.929],[-61.495,-12.946],[-61.499,-12.948],[-61.499,-12.954],[-61.507,-12.962],[-61.506,-12.977],[-61.515,-12.989],[-61.515,-12.993],[-61.5,-13.004],[-61.504,-13.021],[-61.525,-13.038],[-61.537,-13.039],[-61.546,-13.029],[-61.562,-13.029],[-61.575,-13.023],[-61.586,-13.024],[-61.591,-13.033],[-61.6,-13.04],[-61.615,-13.043],[-61.625,-13.052],[-61.641,-13.059],[-61.641,-13.067],[-61.635,-13.072],[-61.627,-13.085],[-61.63,-13.091],[-61.624,-13.094],[-61.636,-13.151],[-61.668,-13.182],[-61.7,-13.194],[-61.719,-13.208],[-61.727,-13.209],[-61.743,-13.206],[-61.747,-13.21],[-61.755,-13.209],[-61.766,-13.201],[-61.772,-13.205],[-61.775,-13.202],[-61.778,-13.204],[-61.785,-13.197],[-61.791,-13.2],[-61.811,-13.198],[-61.811,-13.202],[-61.816,-13.201],[-61.818,-13.205],[-61.826,-13.2],[-61.824,-13.206],[-61.833,-13.202],[-61.843,-13.208],[-61.843,-13.215],[-61.849,-13.217],[-61.853,-13.215],[-61.852,-13.221],[-61.856,-13.217],[-61.866,-13.222],[-61.864,-13.225],[-61.868,-13.233],[-61.877,-13.238],[-61.878,-13.242],[-61.881,-13.241],[-61.881,-13.245],[-61.884,-13.245],[-61.883,-13.248],[-61.892,-13.246],[-61.892,-13.249],[-61.897,-13.249],[-61.9,-13.256],[-61.904,-13.255],[-61.903,-13.266],[-61.907,-13.27],[-61.906,-13.275],[-61.898,-13.273],[-61.888,-13.293],[-61.878,-13.295],[-61.869,-13.291],[-61.859,-13.293],[-61.854,-13.288],[-61.84,-13.301],[-61.821,-13.295],[-61.812,-13.299],[-61.801,-13.299],[-61.792,-13.292],[-61.782,-13.293],[-61.771,-13.287],[-61.76,-13.276],[-61.754,-13.261],[-61.747,-13.26],[-61.743,-13.264],[-61.729,-13.265],[-61.714,-13.26],[-61.709,-13.268],[-61.694,-13.272],[-61.685,-13.277],[-61.669,-13.294],[-61.648,-13.3],[-61.642,-13.3],[-61.638,-13.292],[-61.62,-13.298],[-61.608,-13.293],[-61.591,-13.303],[-61.581,-13.3],[-61.56,-13.289],[-61.552,-13.289],[-61.547,-13.283],[-61.524,-13.28],[-61.515,-13.285],[-61.513,-13.285],[-61.504,-13.288],[-61.5,-13.283],[-61.495,-13.284],[-61.486,-13.262],[-61.478,-13.257],[-61.466,-13.256],[-61.449,-13.263],[-61.438,-13.262],[-61.426,-13.243],[-61.413,-13.234],[-61.398,-13.234],[-61.383,-13.234],[-61.361,-13.228],[-61.367,-13.294],[-61.36,-13.343],[-61.353,-13.363],[-61.321,-13.363],[-61.049,-13.361],[-61.039,-13.361],[-61.038,-13.316],[-61.038,-13.245],[-60.95,-13.248],[-60.95,-13.279],[-60.95,-13.315],[-60.95,-13.326],[-60.838,-13.325],[-60.837,-13.331],[-60.789,-13.325],[-60.774,-13.33],[-60.754,-13.32],[-60.741,-13.325],[-60.705,-13.324],[-60.709,-13.351],[-60.718,-13.39],[-60.767,-13.393],[-60.801,-13.446],[-60.832,-13.483],[-60.846,-13.516],[-60.865,-13.541],[-60.893,-13.557],[-60.918,-13.553],[-60.918,-13.548],[-60.916,-13.546],[-60.923,-13.54],[-60.933,-13.54],[-60.951,-13.551],[-60.958,-13.548],[-60.967,-13.536],[-60.972,-13.537],[-60.978,-13.54],[-60.986,-13.538],[-60.987,-13.548],[-61.005,-13.55],[-61.012,-13.528],[-61.008,-13.523],[-61.0,-13.531],[-60.997,-13.527],[-61.006,-13.518],[-61.008,-13.506],[-60.999,-13.5],[-60.993,-13.505],[-60.988,-13.5],[-61.014,-13.487],[-61.025,-13.49],[-61.041,-13.485],[-61.046,-13.484],[-61.05,-13.488],[-61.05,-13.495],[-61.035,-13.497],[-61.035,-13.501],[-61.041,-13.507],[-61.054,-13.511],[-61.06,-13.511],[-61.066,-13.5],[-61.075,-13.499],[-61.09,-13.492],[-61.097,-13.495],[-61.094,-13.506],[-61.103,-13.515],[-61.1,-13.528],[-61.106,-13.531],[-61.125,-13.519],[-61.139,-13.529],[-61.138,-13.512],[-61.144,-13.513],[-61.147,-13.519],[-61.144,-13.528],[-61.146,-13.532],[-61.153,-13.527],[-61.156,-13.517],[-61.171,-13.51],[-61.182,-13.514],[-61.18,-13.508],[-61.184,-13.507],[-61.187,-13.516],[-61.182,-13.527],[-61.194,-13.536],[-61.207,-13.525],[-61.221,-13.53],[-61.233,-13.525],[-61.237,-13.517],[-61.243,-13.512],[-61.241,-13.501],[-61.248,-13.496],[-61.262,-13.497],[-61.275,-13.506],[-61.28,-13.505],[-61.285,-13.502],[-61.288,-13.482],[-61.296,-13.477],[-61.305,-13.482],[-61.301,-13.498],[-61.308,-13.504],[-61.336,-13.505],[-61.342,-13.518],[-61.35,-13.521],[-61.389,-13.519],[-61.404,-13.528],[-61.402,-13.537],[-61.404,-13.539],[-61.413,-13.537],[-61.429,-13.545],[-61.469,-13.555],[-61.491,-13.546],[-61.508,-13.548],[-61.521,-13.535],[-61.532,-13.533],[-61.535,-13.527],[-61.556,-13.518],[-61.563,-13.521],[-61.572,-13.518],[-61.578,-13.509],[-61.573,-13.494],[-61.576,-13.488],[-61.584,-13.49],[-61.585,-13.5],[-61.599,-13.501],[-61.607,-13.511],[-61.615,-13.511],[-61.618,-13.499],[-61.623,-13.496],[-61.626,-13.499],[-61.622,-13.514],[-61.628,-13.515],[-61.645,-13.506],[-61.645,-13.516],[-61.651,-13.518],[-61.668,-13.509],[-61.668,-13.505],[-61.686,-13.509],[-61.693,-13.5],[-61.695,-13.5],[-61.693,-13.508],[-61.704,-13.511],[-61.703,-13.515],[-61.725,-13.522],[-61.734,-13.518],[-61.73,-13.526],[-61.737,-13.527],[-61.751,-13.52],[-61.757,-13.524],[-61.753,-13.531],[-61.754,-13.537],[-61.757,-13.54],[-61.764,-13.539],[-61.769,-13.519],[-61.776,-13.517],[-61.778,-13.533],[-61.784,-13.537],[-61.789,-13.537],[-61.817,-13.527],[-61.811,-13.54],[-61.818,-13.539],[-61.821,-13.533],[-61.833,-13.539],[-61.841,-13.549],[-61.843,-13.541],[-61.838,-13.534],[-61.84,-13.527],[-61.847,-13.527],[-61.852,-13.538],[-61.866,-13.531],[-61.872,-13.513],[-61.883,-13.497],[-61.881,-13.479],[-61.883,-13.456],[-61.892,-13.431],[-61.899,-13.426],[-61.907,-13.434],[-61.914,-13.433],[-61.928,-13.425],[-61.93,-13.417],[-61.94,-13.407],[-61.947,-13.415],[-61.956,-13.408],[-61.97,-13.406],[-61.962,-13.391],[-61.967,-13.386],[-61.977,-13.388],[-61.971,-13.374],[-61.98,-13.365],[-61.997,-13.363],[-61.999,-13.365],[-61.994,-13.37],[-61.996,-13.374],[-62.0,-13.371],[-62.014,-13.352],[-62.013,-13.33],[-62.017,-13.327],[-62.025,-13.327],[-62.032,-13.333],[-62.046,-13.316],[-62.056,-13.311],[-62.056,-13.288],[-62.071,-13.296],[-62.074,-13.292],[-62.084,-13.29],[-62.085,-13.282],[-62.092,-13.281],[-62.098,-13.272],[-62.113,-13.261],[-62.109,-13.234],[-62.109,-13.219],[-62.113,-13.211],[-62.117,-13.177],[-62.115,-13.163],[-62.106,-13.182],[-62.084,-13.158],[-62.072,-13.153],[-62.065,-13.155],[-62.058,-13.15],[-62.052,-13.137],[-62.036,-13.139],[-62.035,-13.131],[-62.03,-13.126],[-62.015,-13.099],[-62.011,-13.081],[-61.969,-13.01],[-61.956,-12.994],[-61.938,-12.985],[-61.932,-12.985],[-61.915,-12.969],[-61.915,-12.941],[-61.905,-12.932],[-61.9,-12.93],[-61.901,-12.917],[-61.893,-12.907],[-61.896,-12.883],[-61.894,-12.874],[-61.881,-12.859],[-61.87,-12.86],[-61.865,-12.856],[-61.855,-12.862],[-61.828,-12.849],[-61.814,-12.827],[-61.801,-12.818],[-61.766,-12.81],[-61.754,-12.795],[-61.733,-12.78],[-61.718,-12.775],[-61.713,-12.767],[-61.687,-12.752],[-61.68,-12.744],[-61.635,-12.729],[-61.618,-12.721],[-61.604,-12.705],[-61.591,-12.704],[-61.562,-12.693],[-61.556,-12.682],[-61.537,-12.661],[-61.541,-12.647],[-61.525,-12.612],[-61.53,-12.611],[-61.532,-12.604],[-61.532,-12.593],[-61.524,-12.58],[-61.525,-12.575],[-61.534,-12.568],[-61.527,-12.537],[-61.533,-12.517],[-61.54,-12.516],[-61.549,-12.507],[-61.554,-12.495],[-61.553,-12.48],[-61.566,-12.467],[-61.563,-12.465],[-61.553,-12.465],[-61.526,-12.469],[-61.513,-12.465],[-61.476,-12.464]]]}},{"type":"Feature","properties":{"id":"1101476","nome":"Primavera de Rond\u00f4nia"},"geometry":{"type":"Polygon","coordinates":[[[-61.264,-11.729],[-61.269,-11.747],[-61.193,-11.746],[-61.19,-11.757],[-61.194,-11.771],[-61.212,-11.786],[-61.218,-11.799],[-61.221,-11.818],[-61.225,-11.826],[-61.236,-11.837],[-61.24,-11.854],[-61.24,-11.878],[-61.244,-11.885],[-61.241,-11.899],[-61.234,-11.906],[-61.226,-11.907],[-61.224,-11.916],[-61.223,-11.929],[-61.218,-11.944],[-61.22,-11.954],[-61.216,-11.958],[-61.209,-11.968],[-61.207,-11.988],[-61.21,-11.992],[-61.202,-11.992],[-61.197,-11.999],[-61.19,-12.0],[-61.32,-12.0],[-61.331,-12.0],[-61.336,-12.006],[-61.349,-12.009],[-61.351,-12.022],[-61.36,-12.025],[-61.366,-12.036],[-61.382,-12.041],[-61.387,-12.051],[-61.398,-12.052],[-61.4,-12.049],[-61.417,-12.086],[-61.417,-11.943],[-61.409,-11.927],[-61.399,-11.922],[-61.381,-11.927],[-61.378,-11.906],[-61.363,-11.889],[-61.391,-11.888],[-61.391,-11.87],[-61.391,-11.852],[-61.391,-11.834],[-61.391,-11.798],[-61.391,-11.78],[-61.391,-11.744],[-61.414,-11.744],[-61.424,-11.73],[-61.264,-11.729]]]}},{"type":"Feature","properties":{"id":"1101484","nome":"S\u00e3o Felipe D'Oeste"},"geometry":{"type":"Polygon","coordinates":[[[-61.391,-11.852],[-61.391,-11.87],[-61.391,-11.888],[-61.363,-11.889],[-61.378,-11.906],[-61.381,-11.927],[-61.399,-11.922],[-61.409,-11.927],[-61.417,-11.943],[-61.417,-12.086],[-61.425,-12.085],[-61.427,-12.09],[-61.436,-12.088],[-61.435,-12.08],[-61.439,-12.073],[-61.445,-12.079],[-61.451,-12.077],[-61.459,-12.082],[-61.472,-12.082],[-61.472,-12.087],[-61.508,-12.088],[-61.53,-12.089],[-61.53,-11.985],[-61.53,-11.906],[-61.532,-11.856],[-61.564,-11.856],[-61.561,-11.848],[-61.557,-11.85],[-61.553,-11.841],[-61.55,-11.832],[-61.538,-11.815],[-61.539,-11.808],[-61.532,-11.796],[-61.538,-11.788],[-61.525,-11.786],[-61.525,-11.784],[-61.528,-11.77],[-61.521,-11.759],[-61.529,-11.753],[-61.54,-11.751],[-61.54,-11.747],[-61.535,-11.746],[-61.534,-11.743],[-61.414,-11.744],[-61.391,-11.744],[-61.391,-11.78],[-61.391,-11.798],[-61.391,-11.834],[-61.391,-11.852]]]}},{"type":"Feature","properties":{"id":"1101492","nome":"S\u00e3o Francisco do Guapor\u00e9"},"geometry":{"type":"Polygon","coordinates":[[[-63.366,-11.839],[-63.385,-11.862],[-63.383,-11.871],[-63.377,-11.886],[-63.364,-11.898],[-63.359,-11.911],[-63.352,-11.913],[-63.341,-11.93],[-63.331,-11.936],[-63.311,-11.946],[-63.302,-11.943],[-63.292,-11.946],[-63.277,-11.957],[-63.27,-11.968],[-63.269,-11.977],[-63.271,-11.979],[-63.268,-11.986],[-63.27,-11.99],[-63.266,-11.999],[-63.265,-12.0],[-63.255,-12.014],[-63.255,-12.017],[-63.258,-12.017],[-63.255,-12.024],[-63.259,-12.034],[-63.262,-12.034],[-63.266,-12.052],[-63.286,-12.065],[-63.288,-12.074],[-63.285,-12.081],[-63.288,-12.094],[-63.293,-12.106],[-63.295,-12.139],[-63.308,-12.15],[-63.304,-12.159],[-63.308,-12.166],[-63.311,-12.179],[-63.315,-12.184],[-63.323,-12.186],[-63.318,-12.202],[-63.323,-12.214],[-63.329,-12.218],[-63.329,-12.252],[-63.337,-12.269],[-63.328,-12.286],[-63.334,-12.294],[-63.328,-12.3],[-63.321,-12.294],[-63.322,-12.29],[-63.318,-12.289],[-63.309,-12.294],[-63.308,-12.3],[-63.303,-12.298],[-63.303,-12.303],[-63.298,-12.309],[-63.289,-12.297],[-63.289,-12.285],[-63.281,-12.29],[-63.276,-12.281],[-63.266,-12.286],[-63.267,-12.293],[-63.26,-12.288],[-63.259,-12.293],[-63.252,-12.29],[-63.248,-12.298],[-63.242,-12.299],[-63.237,-12.286],[-63.239,-12.285],[-63.238,-12.281],[-63.233,-12.28],[-63.229,-12.275],[-63.235,-12.263],[-63.235,-12.252],[-63.209,-12.24],[-63.208,-12.232],[-63.202,-12.229],[-63.199,-12.236],[-63.194,-12.23],[-63.191,-12.236],[-63.176,-12.234],[-63.172,-12.241],[-63.164,-12.233],[-63.158,-12.236],[-63.154,-12.218],[-63.143,-12.217],[-63.143,-12.224],[-63.135,-12.211],[-63.137,-12.209],[-63.133,-12.203],[-63.128,-12.202],[-63.12,-12.201],[-63.111,-12.205],[-63.079,-12.198],[-63.057,-12.199],[-63.03,-12.195],[-62.984,-12.202],[-62.957,-12.206],[-62.936,-12.204],[-62.915,-12.197],[-62.893,-12.199],[-62.885,-12.195],[-62.855,-12.194],[-62.828,-12.203],[-62.813,-12.202],[-62.798,-12.186],[-62.778,-12.183],[-62.766,-12.174],[-62.757,-12.142],[-62.747,-12.131],[-62.733,-12.125],[-62.731,-12.109],[-62.644,-12.233],[-62.642,-12.237],[-62.622,-12.254],[-62.609,-12.253],[-62.608,-12.256],[-62.602,-12.251],[-62.592,-12.249],[-62.582,-12.252],[-62.582,-12.259],[-62.576,-12.267],[-62.567,-12.272],[-62.56,-12.269],[-62.556,-12.275],[-62.535,-12.285],[-62.52,-12.283],[-62.513,-12.285],[-62.501,-12.293],[-62.498,-12.297],[-62.489,-12.296],[-62.485,-12.302],[-62.477,-12.302],[-62.468,-12.299],[-62.462,-12.301],[-62.444,-12.31],[-62.438,-12.316],[-62.417,-12.324],[-62.415,-12.328],[-62.406,-12.332],[-62.394,-12.343],[-62.38,-12.342],[-62.373,-12.338],[-62.363,-12.338],[-62.355,-12.332],[-62.328,-12.326],[-62.306,-12.321],[-62.3,-12.316],[-62.291,-12.318],[-62.283,-12.334],[-62.25,-12.402],[-62.255,-12.41],[-62.252,-12.409],[-62.255,-12.414],[-62.252,-12.422],[-62.264,-12.427],[-62.258,-12.433],[-62.262,-12.436],[-62.258,-12.451],[-62.267,-12.456],[-62.275,-12.473],[-62.272,-12.48],[-62.268,-12.481],[-62.27,-12.488],[-62.267,-12.509],[-62.28,-12.529],[-62.289,-12.535],[-62.298,-12.548],[-62.312,-12.557],[-62.326,-12.573],[-62.343,-12.58],[-62.351,-12.592],[-62.361,-12.6],[-62.367,-12.621],[-62.378,-12.639],[-62.385,-12.646],[-62.39,-12.659],[-62.401,-12.66],[-62.404,-12.667],[-62.409,-12.68],[-62.416,-12.685],[-62.424,-12.707],[-62.452,-12.727],[-62.464,-12.748],[-62.488,-12.75],[-62.499,-12.754],[-62.502,-12.759],[-62.517,-12.782],[-62.521,-12.809],[-62.534,-12.806],[-62.547,-12.796],[-62.56,-12.81],[-62.578,-12.809],[-62.59,-12.826],[-62.594,-12.838],[-62.614,-12.858],[-62.616,-12.864],[-62.617,-12.865],[-62.622,-12.871],[-62.644,-12.882],[-62.649,-12.899],[-62.652,-12.902],[-62.665,-12.906],[-62.694,-12.902],[-62.703,-12.92],[-62.716,-12.922],[-62.724,-12.927],[-62.73,-12.927],[-62.734,-12.913],[-62.737,-12.915],[-62.741,-12.911],[-62.737,-12.905],[-62.737,-12.894],[-62.734,-12.891],[-62.744,-12.882],[-62.75,-12.883],[-62.749,-12.886],[-62.754,-12.885],[-62.752,-12.873],[-62.759,-12.873],[-62.762,-12.876],[-62.757,-12.877],[-62.766,-12.878],[-62.767,-12.883],[-62.773,-12.882],[-62.777,-12.875],[-62.788,-12.877],[-62.788,-12.861],[-62.794,-12.859],[-62.801,-12.861],[-62.797,-12.864],[-62.817,-12.868],[-62.842,-12.863],[-62.851,-12.87],[-62.858,-12.87],[-62.865,-12.879],[-62.871,-12.878],[-62.877,-12.872],[-62.881,-12.863],[-62.892,-12.858],[-62.91,-12.85],[-62.921,-12.84],[-62.931,-12.842],[-62.941,-12.847],[-62.942,-12.854],[-62.947,-12.858],[-62.951,-12.85],[-62.959,-12.847],[-62.963,-12.847],[-62.97,-12.859],[-62.976,-12.859],[-62.982,-12.853],[-62.983,-12.844],[-63.009,-12.837],[-63.013,-12.829],[-63.008,-12.81],[-63.021,-12.805],[-63.02,-12.79],[-63.033,-12.78],[-63.047,-12.74],[-63.06,-12.727],[-63.07,-12.731],[-63.078,-12.728],[-63.082,-12.72],[-63.08,-12.703],[-63.061,-12.693],[-63.061,-12.686],[-63.067,-12.682],[-63.077,-12.685],[-63.095,-12.683],[-63.098,-12.677],[-63.091,-12.668],[-63.093,-12.658],[-63.102,-12.655],[-63.115,-12.659],[-63.121,-12.655],[-63.127,-12.645],[-63.136,-12.648],[-63.14,-12.645],[-63.137,-12.639],[-63.151,-12.633],[-63.153,-12.619],[-63.158,-12.614],[-63.164,-12.615],[-63.167,-12.621],[-63.161,-12.635],[-63.167,-12.642],[-63.173,-12.641],[-63.185,-12.625],[-63.194,-12.624],[-63.197,-12.63],[-63.189,-12.647],[-63.196,-12.654],[-63.218,-12.655],[-63.229,-12.664],[-63.245,-12.662],[-63.239,-12.677],[-63.231,-12.682],[-63.238,-12.691],[-63.262,-12.683],[-63.295,-12.681],[-63.326,-12.671],[-63.35,-12.656],[-63.357,-12.657],[-63.369,-12.659],[-63.385,-12.65],[-63.4,-12.636],[-63.412,-12.609],[-63.422,-12.606],[-63.433,-12.609],[-63.44,-12.606],[-63.441,-12.601],[-63.425,-12.596],[-63.437,-12.584],[-63.434,-12.565],[-63.473,-12.561],[-63.501,-12.567],[-63.53,-12.541],[-63.552,-12.507],[-63.576,-12.501],[-63.593,-12.489],[-63.613,-12.485],[-63.622,-12.472],[-63.656,-12.461],[-63.673,-12.463],[-63.684,-12.453],[-63.651,-12.445],[-63.642,-12.431],[-63.627,-12.424],[-63.624,-12.399],[-63.633,-12.378],[-63.644,-12.371],[-63.645,-12.362],[-63.65,-12.356],[-63.648,-12.334],[-63.714,-12.334],[-63.725,-12.323],[-63.729,-12.307],[-63.739,-12.301],[-63.743,-12.292],[-63.749,-12.261],[-63.747,-12.244],[-63.765,-12.232],[-63.775,-12.206],[-63.789,-12.191],[-63.789,-12.197],[-63.798,-12.198],[-63.847,-12.192],[-63.85,-12.185],[-63.881,-12.182],[-63.907,-12.187],[-63.922,-12.207],[-63.937,-12.217],[-63.969,-12.215],[-63.984,-12.207],[-63.995,-12.219],[-64.03,-12.224],[-64.051,-12.218],[-64.085,-12.185],[-64.085,-12.183],[-64.075,-12.182],[-64.059,-12.175],[-64.056,-12.157],[-64.047,-12.158],[-64.044,-12.155],[-64.043,-12.158],[-64.034,-12.152],[-64.023,-12.128],[-64.012,-12.119],[-64.001,-12.093],[-63.993,-12.09],[-64.0,-12.06],[-63.997,-12.038],[-63.991,-12.026],[-63.964,-12.011],[-63.959,-12.001],[-63.956,-11.991],[-63.949,-11.983],[-63.92,-11.968],[-63.9,-11.966],[-63.887,-11.956],[-63.882,-11.944],[-63.873,-11.942],[-63.858,-11.92],[-63.863,-11.894],[-63.861,-11.885],[-63.848,-11.872],[-63.834,-11.874],[-63.825,-11.871],[-63.817,-11.853],[-63.82,-11.839],[-63.818,-11.833],[-63.787,-11.833],[-63.788,-11.838],[-63.581,-11.839],[-63.366,-11.839]]]}},{"type":"Feature","properties":{"id":"1101500","nome":"Seringueiras"},"geometry":{"type":"Polygon","coordinates":[[[-63.178,-11.472],[-63.179,-11.489],[-63.17,-11.482],[-63.167,-11.486],[-63.159,-11.487],[-63.155,-11.492],[-63.145,-11.496],[-63.138,-11.494],[-63.133,-11.507],[-63.122,-11.509],[-63.116,-11.53],[-63.121,-11.543],[-63.119,-11.546],[-63.101,-11.538],[-63.09,-11.542],[-63.086,-11.537],[-63.069,-11.528],[-63.054,-11.536],[-63.056,-11.547],[-63.047,-11.552],[-63.047,-11.561],[-63.003,-11.552],[-62.997,-11.558],[-62.979,-11.595],[-62.968,-11.605],[-62.97,-11.621],[-62.989,-11.638],[-62.998,-11.67],[-62.99,-11.717],[-62.991,-11.748],[-62.987,-11.752],[-62.969,-11.75],[-62.957,-11.761],[-62.946,-11.77],[-62.933,-11.774],[-62.92,-11.801],[-62.912,-11.81],[-62.895,-11.812],[-62.886,-11.818],[-62.881,-11.819],[-62.87,-11.809],[-62.86,-11.815],[-62.853,-11.855],[-62.845,-11.866],[-62.846,-11.873],[-62.837,-11.88],[-62.84,-11.891],[-62.85,-11.898],[-62.85,-11.909],[-62.866,-11.927],[-62.865,-11.932],[-62.873,-11.935],[-62.875,-11.947],[-62.88,-11.945],[-62.881,-11.948],[-62.89,-11.953],[-62.894,-11.947],[-62.89,-11.945],[-62.898,-11.94],[-62.907,-11.943],[-62.915,-11.95],[-62.921,-11.945],[-62.924,-11.947],[-62.93,-11.943],[-62.943,-11.948],[-62.951,-11.947],[-62.956,-11.946],[-62.959,-11.955],[-62.989,-11.961],[-62.993,-11.967],[-63.007,-11.97],[-63.016,-11.977],[-63.017,-11.981],[-63.013,-11.98],[-63.013,-11.989],[-63.021,-11.994],[-63.02,-11.997],[-63.029,-12.0],[-63.028,-12.005],[-63.034,-12.008],[-63.038,-12.005],[-63.036,-12.011],[-63.041,-12.018],[-63.043,-12.015],[-63.045,-12.019],[-63.049,-12.018],[-63.046,-12.022],[-63.048,-12.027],[-63.058,-12.027],[-63.062,-12.032],[-63.064,-12.031],[-63.076,-12.037],[-63.08,-12.035],[-63.085,-12.04],[-63.083,-12.045],[-63.088,-12.046],[-63.093,-12.052],[-63.101,-12.052],[-63.103,-12.06],[-63.099,-12.06],[-63.097,-12.068],[-63.108,-12.074],[-63.112,-12.072],[-63.111,-12.079],[-63.121,-12.083],[-63.122,-12.092],[-63.118,-12.094],[-63.117,-12.103],[-63.126,-12.108],[-63.124,-12.115],[-63.127,-12.118],[-63.122,-12.118],[-63.12,-12.124],[-63.124,-12.129],[-63.121,-12.131],[-63.118,-12.129],[-63.116,-12.134],[-63.122,-12.14],[-63.119,-12.149],[-63.112,-12.155],[-63.117,-12.161],[-63.118,-12.176],[-63.121,-12.18],[-63.119,-12.183],[-63.129,-12.194],[-63.128,-12.202],[-63.133,-12.203],[-63.137,-12.209],[-63.135,-12.211],[-63.143,-12.224],[-63.143,-12.217],[-63.154,-12.218],[-63.158,-12.236],[-63.164,-12.233],[-63.172,-12.241],[-63.176,-12.234],[-63.191,-12.236],[-63.194,-12.23],[-63.199,-12.236],[-63.202,-12.229],[-63.208,-12.232],[-63.209,-12.24],[-63.235,-12.252],[-63.235,-12.263],[-63.229,-12.275],[-63.233,-12.28],[-63.238,-12.281],[-63.239,-12.285],[-63.237,-12.286],[-63.242,-12.299],[-63.248,-12.298],[-63.252,-12.29],[-63.259,-12.293],[-63.26,-12.288],[-63.267,-12.293],[-63.266,-12.286],[-63.276,-12.281],[-63.281,-12.29],[-63.289,-12.285],[-63.289,-12.297],[-63.298,-12.309],[-63.303,-12.303],[-63.303,-12.298],[-63.308,-12.3],[-63.309,-12.294],[-63.318,-12.289],[-63.322,-12.29],[-63.321,-12.294],[-63.328,-12.3],[-63.334,-12.294],[-63.328,-12.286],[-63.337,-12.269],[-63.329,-12.252],[-63.329,-12.218],[-63.323,-12.214],[-63.318,-12.202],[-63.323,-12.186],[-63.315,-12.184],[-63.311,-12.179],[-63.308,-12.166],[-63.304,-12.159],[-63.308,-12.15],[-63.295,-12.139],[-63.293,-12.106],[-63.288,-12.094],[-63.285,-12.081],[-63.288,-12.074],[-63.286,-12.065],[-63.266,-12.052],[-63.262,-12.034],[-63.259,-12.034],[-63.255,-12.024],[-63.258,-12.017],[-63.255,-12.017],[-63.255,-12.014],[-63.265,-12.0],[-63.266,-11.999],[-63.27,-11.99],[-63.268,-11.986],[-63.271,-11.979],[-63.269,-11.977],[-63.27,-11.968],[-63.277,-11.957],[-63.292,-11.946],[-63.302,-11.943],[-63.311,-11.946],[-63.331,-11.936],[-63.341,-11.93],[-63.352,-11.913],[-63.359,-11.911],[-63.364,-11.898],[-63.377,-11.886],[-63.383,-11.871],[-63.385,-11.862],[-63.366,-11.839],[-63.581,-11.839],[-63.606,-11.8],[-63.601,-11.787],[-63.587,-11.78],[-63.585,-11.773],[-63.568,-11.763],[-63.559,-11.764],[-63.549,-11.757],[-63.544,-11.745],[-63.544,-11.73],[-63.546,-11.727],[-63.575,-11.713],[-63.589,-11.712],[-63.6,-11.703],[-63.605,-11.705],[-63.623,-11.699],[-63.638,-11.689],[-63.652,-11.689],[-63.658,-11.673],[-63.674,-11.656],[-63.679,-11.644],[-63.675,-11.64],[-63.679,-11.624],[-63.666,-11.63],[-63.666,-11.619],[-63.659,-11.608],[-63.646,-11.626],[-63.636,-11.607],[-63.62,-11.605],[-63.617,-11.599],[-63.604,-11.602],[-63.59,-11.608],[-63.581,-11.605],[-63.575,-11.608],[-63.569,-11.603],[-63.563,-11.604],[-63.562,-11.6],[-63.552,-11.594],[-63.545,-11.594],[-63.544,-11.598],[-63.536,-11.587],[-63.524,-11.579],[-63.519,-11.58],[-63.511,-11.564],[-63.508,-11.564],[-63.492,-11.54],[-63.486,-11.542],[-63.477,-11.537],[-63.463,-11.556],[-63.446,-11.559],[-63.434,-11.558],[-63.43,-11.554],[-63.422,-11.555],[-63.419,-11.55],[-63.408,-11.548],[-63.403,-11.542],[-63.397,-11.544],[-63.382,-11.535],[-63.372,-11.534],[-63.371,-11.532],[-63.335,-11.533],[-63.317,-11.528],[-63.284,-11.517],[-63.272,-11.498],[-63.233,-11.485],[-63.22,-11.489],[-63.185,-11.486],[-63.179,-11.476],[-63.178,-11.463],[-63.178,-11.472]]]}},{"type":"Feature","properties":{"id":"1101559","nome":"Teixeir\u00f3polis"},"geometry":{"type":"Polygon","coordinates":[[[-62.162,-11.003],[-62.164,-11.014],[-62.158,-11.018],[-62.155,-11.026],[-62.165,-11.024],[-62.211,-11.005],[-62.259,-11.007],[-62.349,-11.011],[-62.408,-11.015],[-62.456,-11.023],[-62.486,-11.029],[-62.494,-11.026],[-62.484,-11.019],[-62.407,-10.956],[-62.399,-10.949],[-62.378,-10.927],[-62.376,-10.924],[-62.354,-10.896],[-62.352,-10.894],[-62.331,-10.867],[-62.33,-10.866],[-62.306,-10.836],[-62.305,-10.834],[-62.225,-10.862],[-62.122,-10.899],[-62.124,-10.903],[-62.137,-10.935],[-62.15,-10.969],[-62.162,-11.003]]]}},{"type":"Feature","properties":{"id":"1101609","nome":"Theobroma"},"geometry":{"type":"Polygon","coordinates":[[[-62.423,-9.805],[-62.43,-9.827],[-62.421,-9.833],[-62.414,-9.855],[-62.405,-9.862],[-62.405,-9.875],[-62.4,-9.888],[-62.402,-9.898],[-62.398,-9.912],[-62.386,-9.92],[-62.378,-9.908],[-62.357,-9.905],[-62.346,-9.912],[-62.331,-9.912],[-62.317,-9.922],[-62.3,-9.925],[-62.292,-9.93],[-62.289,-9.935],[-62.287,-9.939],[-62.282,-9.938],[-62.269,-9.949],[-62.258,-9.952],[-62.261,-9.961],[-62.249,-9.972],[-62.244,-10.0],[-62.236,-10.004],[-62.218,-10.02],[-62.209,-10.033],[-62.196,-10.036],[-62.188,-10.044],[-62.187,-10.044],[-62.163,-10.054],[-62.148,-10.054],[-62.136,-10.05],[-62.12,-10.038],[-62.107,-10.042],[-62.101,-10.039],[-62.096,-10.033],[-62.097,-10.028],[-62.093,-10.028],[-62.093,-10.018],[-62.086,-10.016],[-62.087,-10.009],[-62.078,-9.998],[-62.071,-9.996],[-62.067,-9.988],[-62.061,-9.99],[-62.05,-9.981],[-62.027,-9.972],[-62.024,-9.958],[-62.021,-9.958],[-62.015,-9.948],[-61.956,-9.949],[-61.954,-9.949],[-61.964,-9.986],[-61.981,-10.005],[-61.993,-10.009],[-61.994,-10.014],[-61.993,-10.022],[-61.982,-10.032],[-61.972,-10.049],[-61.97,-10.059],[-61.972,-10.067],[-61.983,-10.066],[-61.978,-10.093],[-61.985,-10.092],[-61.987,-10.088],[-61.989,-10.098],[-61.998,-10.105],[-61.99,-10.118],[-61.993,-10.121],[-61.989,-10.13],[-61.994,-10.133],[-62.005,-10.132],[-62.02,-10.122],[-62.028,-10.133],[-62.025,-10.136],[-62.03,-10.147],[-62.038,-10.153],[-62.052,-10.156],[-62.061,-10.173],[-62.078,-10.178],[-62.083,-10.183],[-62.091,-10.179],[-62.096,-10.184],[-62.105,-10.178],[-62.11,-10.194],[-62.114,-10.196],[-62.126,-10.191],[-62.121,-10.209],[-62.132,-10.22],[-62.134,-10.224],[-62.17,-10.222],[-62.176,-10.226],[-62.176,-10.223],[-62.198,-10.23],[-62.202,-10.241],[-62.226,-10.245],[-62.231,-10.252],[-62.237,-10.246],[-62.249,-10.25],[-62.252,-10.247],[-62.252,-10.252],[-62.256,-10.252],[-62.256,-10.256],[-62.262,-10.259],[-62.263,-10.263],[-62.269,-10.266],[-62.282,-10.264],[-62.29,-10.279],[-62.291,-10.274],[-62.31,-10.281],[-62.316,-10.291],[-62.333,-10.298],[-62.339,-10.306],[-62.338,-10.311],[-62.346,-10.316],[-62.352,-10.325],[-62.353,-10.32],[-62.359,-10.324],[-62.368,-10.324],[-62.371,-10.322],[-62.372,-10.316],[-62.379,-10.318],[-62.385,-10.312],[-62.383,-10.309],[-62.39,-10.308],[-62.404,-10.313],[-62.422,-10.298],[-62.459,-10.299],[-62.467,-10.282],[-62.557,-10.372],[-62.584,-10.351],[-62.585,-10.35],[-62.669,-10.288],[-62.631,-10.219],[-62.622,-10.203],[-62.617,-10.195],[-62.611,-10.197],[-62.596,-10.189],[-62.592,-10.182],[-62.593,-10.166],[-62.586,-10.139],[-62.58,-10.129],[-62.58,-10.119],[-62.586,-10.108],[-62.568,-10.099],[-62.576,-10.093],[-62.572,-10.087],[-62.576,-10.079],[-62.572,-10.067],[-62.565,-10.064],[-62.559,-10.054],[-62.545,-10.05],[-62.541,-10.053],[-62.534,-10.052],[-62.532,-10.04],[-62.526,-10.029],[-62.524,-10.012],[-62.509,-9.995],[-62.504,-9.965],[-62.488,-9.956],[-62.463,-9.93],[-62.463,-9.915],[-62.453,-9.906],[-62.453,-9.898],[-62.449,-9.893],[-62.455,-9.862],[-62.447,-9.822],[-62.443,-9.818],[-62.438,-9.818],[-62.423,-9.805]]]}},{"type":"Feature","properties":{"id":"1101708","nome":"Urup\u00e1"},"geometry":{"type":"Polygon","coordinates":[[[-62.144,-11.03],[-62.144,-11.038],[-62.154,-11.045],[-62.169,-11.036],[-62.159,-11.055],[-62.163,-11.058],[-62.163,-11.053],[-62.166,-11.057],[-62.157,-11.061],[-62.159,-11.067],[-62.169,-11.073],[-62.171,-11.071],[-62.175,-11.075],[-62.171,-11.066],[-62.18,-11.066],[-62.186,-11.071],[-62.185,-11.063],[-62.189,-11.06],[-62.188,-11.053],[-62.194,-11.057],[-62.195,-11.063],[-62.2,-11.064],[-62.203,-11.069],[-62.202,-11.073],[-62.211,-11.076],[-62.214,-11.073],[-62.217,-11.076],[-62.213,-11.087],[-62.217,-11.097],[-62.214,-11.11],[-62.221,-11.106],[-62.224,-11.103],[-62.23,-11.107],[-62.237,-11.106],[-62.243,-11.123],[-62.244,-11.127],[-62.255,-11.13],[-62.258,-11.134],[-62.252,-11.14],[-62.256,-11.151],[-62.262,-11.159],[-62.264,-11.172],[-62.332,-11.174],[-62.336,-11.174],[-62.406,-11.175],[-62.445,-11.176],[-62.462,-11.182],[-62.475,-11.187],[-62.476,-11.187],[-62.489,-11.192],[-62.584,-11.224],[-62.691,-11.129],[-62.688,-11.126],[-62.691,-11.123],[-62.685,-11.121],[-62.684,-11.115],[-62.687,-11.112],[-62.676,-11.117],[-62.662,-11.109],[-62.668,-11.105],[-62.663,-11.078],[-62.648,-11.082],[-62.645,-11.078],[-62.643,-11.075],[-62.633,-11.076],[-62.63,-11.068],[-62.625,-11.075],[-62.628,-11.077],[-62.63,-11.087],[-62.627,-11.09],[-62.618,-11.089],[-62.61,-11.083],[-62.611,-11.078],[-62.603,-11.079],[-62.602,-11.069],[-62.597,-11.072],[-62.587,-11.062],[-62.572,-11.084],[-62.57,-11.083],[-62.549,-11.066],[-62.543,-11.073],[-62.524,-11.05],[-62.494,-11.026],[-62.486,-11.029],[-62.456,-11.023],[-62.408,-11.015],[-62.349,-11.011],[-62.259,-11.007],[-62.211,-11.005],[-62.165,-11.024],[-62.155,-11.026],[-62.144,-11.03]]]}},{"type":"Feature","properties":{"id":"1101757","nome":"Vale do Anari"},"geometry":{"type":"Polygon","coordinates":[[[-61.627,-9.351],[-61.625,-9.363],[-61.612,-9.356],[-61.61,-9.362],[-61.594,-9.368],[-61.573,-9.37],[-61.552,-9.388],[-61.559,-9.393],[-61.561,-9.4],[-61.55,-9.417],[-61.555,-9.421],[-61.556,-9.435],[-61.564,-9.438],[-61.581,-9.459],[-61.572,-9.463],[-61.578,-9.469],[-61.576,-9.474],[-61.569,-9.476],[-61.562,-9.485],[-61.525,-9.501],[-61.547,-9.511],[-61.549,-9.515],[-61.527,-9.533],[-61.513,-9.528],[-61.514,-9.539],[-61.508,-9.54],[-61.51,-9.565],[-61.504,-9.568],[-61.503,-9.573],[-61.496,-9.574],[-61.495,-9.584],[-61.502,-9.615],[-61.495,-9.624],[-61.487,-9.626],[-61.48,-9.623],[-61.476,-9.628],[-61.494,-9.659],[-61.506,-9.662],[-61.502,-9.679],[-61.505,-9.691],[-61.519,-9.697],[-61.532,-9.711],[-61.546,-9.715],[-61.553,-9.707],[-61.574,-9.717],[-61.603,-9.693],[-61.605,-9.685],[-61.61,-9.684],[-61.632,-9.696],[-61.644,-9.706],[-61.656,-9.708],[-61.662,-9.712],[-61.685,-9.72],[-61.69,-9.719],[-61.711,-9.731],[-61.733,-9.725],[-61.76,-9.728],[-61.774,-9.717],[-61.792,-9.719],[-61.798,-9.738],[-61.795,-9.743],[-61.794,-9.759],[-61.8,-9.772],[-61.807,-9.779],[-61.806,-9.799],[-61.836,-9.809],[-61.841,-9.815],[-61.844,-9.833],[-61.837,-9.849],[-61.839,-9.86],[-61.85,-9.878],[-61.86,-9.883],[-61.877,-9.907],[-61.861,-9.95],[-61.858,-9.972],[-61.86,-9.982],[-61.865,-9.988],[-61.874,-9.988],[-61.899,-9.978],[-61.909,-9.989],[-61.911,-9.985],[-61.925,-9.97],[-61.937,-9.947],[-61.942,-9.948],[-61.95,-9.955],[-61.954,-9.949],[-61.956,-9.949],[-62.015,-9.948],[-62.021,-9.958],[-62.024,-9.958],[-62.027,-9.972],[-62.05,-9.981],[-62.061,-9.99],[-62.067,-9.988],[-62.071,-9.996],[-62.078,-9.998],[-62.087,-10.009],[-62.086,-10.016],[-62.093,-10.018],[-62.093,-10.028],[-62.097,-10.028],[-62.096,-10.033],[-62.101,-10.039],[-62.107,-10.042],[-62.12,-10.038],[-62.136,-10.05],[-62.148,-10.054],[-62.163,-10.054],[-62.187,-10.044],[-62.188,-10.044],[-62.196,-10.036],[-62.209,-10.033],[-62.218,-10.02],[-62.236,-10.004],[-62.244,-10.0],[-62.249,-9.972],[-62.261,-9.961],[-62.258,-9.952],[-62.269,-9.949],[-62.282,-9.938],[-62.287,-9.939],[-62.289,-9.935],[-62.292,-9.93],[-62.3,-9.925],[-62.317,-9.922],[-62.331,-9.912],[-62.346,-9.912],[-62.357,-9.905],[-62.378,-9.908],[-62.386,-9.92],[-62.398,-9.912],[-62.402,-9.898],[-62.4,-9.888],[-62.405,-9.875],[-62.405,-9.862],[-62.414,-9.855],[-62.421,-9.833],[-62.43,-9.827],[-62.423,-9.805],[-62.422,-9.804],[-62.417,-9.803],[-62.414,-9.797],[-62.409,-9.796],[-62.411,-9.793],[-62.392,-9.787],[-62.383,-9.772],[-62.367,-9.76],[-62.342,-9.757],[-62.316,-9.736],[-62.302,-9.737],[-62.295,-9.734],[-62.286,-9.742],[-62.263,-9.745],[-62.261,-9.749],[-62.253,-9.753],[-62.246,-9.758],[-62.241,-9.753],[-62.231,-9.75],[-62.223,-9.748],[-62.218,-9.74],[-62.206,-9.742],[-62.202,-9.74],[-62.19,-9.712],[-62.19,-9.709],[-62.181,-9.707],[-62.167,-9.71],[-62.166,-9.706],[-62.149,-9.705],[-62.147,-9.699],[-62.124,-9.68],[-62.122,-9.667],[-62.114,-9.661],[-62.118,-9.657],[-62.116,-9.644],[-62.105,-9.633],[-62.099,-9.619],[-62.084,-9.612],[-62.079,-9.606],[-62.068,-9.604],[-62.064,-9.592],[-62.065,-9.586],[-62.058,-9.581],[-62.058,-9.576],[-62.049,-9.566],[-62.052,-9.557],[-62.047,-9.551],[-62.046,-9.543],[-62.027,-9.536],[-62.021,-9.53],[-62.015,-9.531],[-62.01,-9.532],[-62.017,-9.541],[-62.013,-9.557],[-62.013,-9.563],[-62.006,-9.574],[-62.003,-9.59],[-62.005,-9.601],[-61.999,-9.614],[-61.981,-9.625],[-61.981,-9.658],[-61.987,-9.665],[-61.985,-9.673],[-61.994,-9.677],[-62.013,-9.67],[-62.017,-9.671],[-62.024,-9.687],[-62.021,-9.703],[-62.006,-9.707],[-62.003,-9.72],[-61.993,-9.716],[-61.988,-9.721],[-61.989,-9.725],[-61.999,-9.734],[-61.991,-9.752],[-61.992,-9.759],[-62.007,-9.744],[-62.013,-9.746],[-62.01,-9.759],[-62.014,-9.776],[-61.999,-9.787],[-61.974,-9.786],[-61.962,-9.765],[-61.92,-9.69],[-61.946,-9.66],[-61.918,-9.553],[-61.859,-9.567],[-61.85,-9.545],[-61.829,-9.5],[-61.752,-9.5],[-61.732,-9.5],[-61.718,-9.481],[-61.698,-9.474],[-61.697,-9.469],[-61.703,-9.467],[-61.713,-9.44],[-61.71,-9.428],[-61.706,-9.429],[-61.69,-9.451],[-61.682,-9.452],[-61.68,-9.446],[-61.683,-9.437],[-61.68,-9.406],[-61.683,-9.386],[-61.658,-9.39],[-61.633,-9.329],[-61.624,-9.328],[-61.616,-9.326],[-61.624,-9.336],[-61.627,-9.351]]]}},{"type":"Feature","properties":{"id":"1101807","nome":"Vale do Para\u00edso"},"geometry":{"type":"Polygon","coordinates":[[[-61.938,-10.083],[-61.923,-10.095],[-61.91,-10.116],[-61.91,-10.117],[-61.957,-10.165],[-62.016,-10.367],[-62.039,-10.449],[-62.1,-10.659],[-62.137,-10.648],[-62.17,-10.637],[-62.188,-10.631],[-62.206,-10.626],[-62.24,-10.615],[-62.241,-10.611],[-62.214,-10.521],[-62.234,-10.507],[-62.235,-10.501],[-62.259,-10.476],[-62.131,-10.363],[-62.121,-10.355],[-62.135,-10.339],[-62.14,-10.327],[-62.135,-10.321],[-62.138,-10.315],[-62.141,-10.304],[-62.139,-10.29],[-62.133,-10.274],[-62.142,-10.273],[-62.145,-10.265],[-62.14,-10.26],[-62.137,-10.235],[-62.134,-10.224],[-62.132,-10.22],[-62.121,-10.209],[-62.126,-10.191],[-62.114,-10.196],[-62.11,-10.194],[-62.105,-10.178],[-62.096,-10.184],[-62.091,-10.179],[-62.083,-10.183],[-62.078,-10.178],[-62.061,-10.173],[-62.052,-10.156],[-62.038,-10.153],[-62.03,-10.147],[-62.025,-10.136],[-62.028,-10.133],[-62.02,-10.122],[-62.005,-10.132],[-61.994,-10.133],[-61.989,-10.13],[-61.993,-10.121],[-61.99,-10.118],[-61.998,-10.105],[-61.989,-10.098],[-61.987,-10.088],[-61.985,-10.092],[-61.978,-10.093],[-61.983,-10.066],[-61.972,-10.067],[-61.968,-10.078],[-61.952,-10.079],[-61.938,-10.083]]]}}]}