{"type":"FeatureCollection","features":[{"type":"Feature","properties":{"id":"1400027","nome":"Amajari"},"geometry":{"type":"Polygon","coordinates":[[[-64.592,4.114],[-64.56,4.102],[-64.544,4.114],[-64.521,4.117],[-64.5,4.111],[-64.5,4.113],[-64.452,4.124],[-64.431,4.135],[-64.403,4.132],[-64.386,4.137],[-64.335,4.129],[-64.306,4.132],[-64.289,4.144],[-64.274,4.143],[-64.266,4.127],[-64.25,4.13],[-64.232,4.124],[-64.218,4.116],[-64.19,4.117],[-64.171,4.129],[-64.164,4.127],[-64.147,4.11],[-64.133,4.106],[-64.112,4.092],[-64.096,4.054],[-64.094,4.043],[-64.099,4.035],[-64.097,4.026],[-64.075,4.0],[-64.05,3.95],[-64.039,3.946],[-64.036,3.944],[-64.035,3.935],[-64.001,3.933],[-63.997,3.904],[-63.986,3.897],[-63.978,3.901],[-63.964,3.868],[-63.961,3.87],[-63.959,3.888],[-63.956,3.89],[-63.949,3.887],[-63.946,3.901],[-63.937,3.902],[-63.937,3.915],[-63.928,3.925],[-63.914,3.926],[-63.901,3.934],[-63.891,3.931],[-63.87,3.938],[-63.859,3.948],[-63.854,3.945],[-63.851,3.948],[-63.85,3.95],[-63.845,3.948],[-63.839,3.946],[-63.835,3.94],[-63.828,3.94],[-63.812,3.939],[-63.796,3.933],[-63.772,3.939],[-63.767,3.936],[-63.755,3.941],[-63.737,3.929],[-63.743,3.921],[-63.738,3.915],[-63.723,3.914],[-63.718,3.908],[-63.711,3.904],[-63.711,3.913],[-63.705,3.914],[-63.682,3.908],[-63.663,3.922],[-63.675,3.923],[-63.673,3.927],[-63.678,3.929],[-63.682,3.936],[-63.693,3.936],[-63.7,3.945],[-63.7,3.95],[-63.694,3.957],[-63.696,3.967],[-63.691,3.986],[-63.686,3.992],[-63.689,3.999],[-63.685,4.009],[-63.689,4.016],[-63.676,4.019],[-63.675,4.016],[-63.66,4.01],[-63.652,4.002],[-63.643,3.979],[-63.627,3.97],[-63.612,3.951],[-63.592,3.929],[-63.587,3.918],[-63.593,3.906],[-63.584,3.896],[-63.591,3.891],[-63.591,3.886],[-63.571,3.884],[-63.554,3.891],[-63.555,3.875],[-63.551,3.865],[-63.548,3.863],[-63.539,3.866],[-63.532,3.857],[-63.523,3.856],[-63.512,3.848],[-63.503,3.85],[-63.497,3.84],[-63.494,3.851],[-63.502,3.868],[-63.499,3.87],[-63.493,3.867],[-63.489,3.874],[-63.473,3.869],[-63.469,3.862],[-63.461,3.863],[-63.452,3.859],[-63.434,3.865],[-63.433,3.876],[-63.438,3.884],[-63.417,3.901],[-63.411,3.912],[-63.42,3.924],[-63.416,3.93],[-63.417,3.935],[-63.432,3.935],[-63.439,3.937],[-63.442,3.94],[-63.439,3.949],[-63.448,3.953],[-63.452,3.956],[-63.428,3.977],[-63.413,3.976],[-63.393,3.981],[-63.351,3.96],[-63.338,3.957],[-63.324,3.964],[-63.312,3.961],[-63.314,3.969],[-63.311,3.982],[-63.298,3.977],[-63.292,3.971],[-63.286,3.973],[-63.28,3.956],[-63.254,3.962],[-63.247,3.955],[-63.204,3.952],[-63.222,3.899],[-63.233,3.882],[-63.232,3.851],[-63.228,3.846],[-63.226,3.836],[-63.204,3.812],[-63.195,3.815],[-63.179,3.813],[-63.164,3.805],[-63.151,3.806],[-63.135,3.803],[-63.123,3.805],[-63.103,3.794],[-63.086,3.779],[-63.082,3.767],[-63.069,3.753],[-63.06,3.752],[-63.059,3.748],[-63.059,3.741],[-63.063,3.734],[-63.063,3.705],[-63.07,3.697],[-63.081,3.694],[-63.072,3.686],[-63.032,3.666],[-63.026,3.651],[-63.015,3.646],[-63.003,3.625],[-62.99,3.612],[-62.984,3.61],[-62.965,3.611],[-62.96,3.608],[-62.952,3.612],[-62.929,3.64],[-62.922,3.653],[-62.919,3.673],[-62.908,3.671],[-62.886,3.684],[-62.872,3.699],[-62.852,3.712],[-62.835,3.739],[-62.819,3.732],[-62.81,3.733],[-62.804,3.73],[-62.797,3.721],[-62.789,3.718],[-62.784,3.7],[-62.776,3.697],[-62.77,3.689],[-62.748,3.673],[-62.743,3.674],[-62.744,3.684],[-62.736,3.689],[-62.736,3.699],[-62.731,3.708],[-62.734,3.72],[-62.734,3.738],[-62.739,3.757],[-62.735,3.779],[-62.743,3.787],[-62.731,3.797],[-62.729,3.805],[-62.743,3.809],[-62.749,3.818],[-62.771,3.834],[-62.771,3.84],[-62.753,3.85],[-62.758,3.855],[-62.757,3.86],[-62.769,3.867],[-62.776,3.876],[-62.776,3.882],[-62.788,3.894],[-62.787,3.915],[-62.783,3.917],[-62.782,3.922],[-62.786,3.93],[-62.782,3.935],[-62.761,3.942],[-62.752,3.96],[-62.743,3.975],[-62.762,3.984],[-62.768,4.007],[-62.766,4.013],[-62.749,4.021],[-62.753,4.032],[-62.748,4.035],[-62.736,4.04],[-62.701,4.031],[-62.689,4.033],[-62.678,4.039],[-62.659,4.035],[-62.656,4.042],[-62.646,4.047],[-62.628,4.04],[-62.609,4.044],[-62.601,4.037],[-62.588,4.033],[-62.581,4.025],[-62.581,4.019],[-62.572,4.015],[-62.555,4.019],[-62.56,4.025],[-62.562,4.037],[-62.548,4.046],[-62.537,4.044],[-62.533,4.046],[-62.534,4.052],[-62.543,4.062],[-62.541,4.079],[-62.549,4.077],[-62.558,4.081],[-62.554,4.082],[-62.549,4.096],[-62.544,4.098],[-62.552,4.109],[-62.542,4.11],[-62.523,4.118],[-62.522,4.124],[-62.531,4.133],[-62.531,4.137],[-62.508,4.127],[-62.508,4.137],[-62.498,4.143],[-62.492,4.142],[-62.488,4.135],[-62.478,4.131],[-62.471,4.139],[-62.465,4.139],[-62.46,4.143],[-62.462,4.152],[-62.455,4.156],[-62.462,4.163],[-62.47,4.163],[-62.464,4.173],[-62.465,4.175],[-62.462,4.178],[-62.451,4.173],[-62.447,4.18],[-62.437,4.183],[-62.422,4.182],[-62.417,4.185],[-62.413,4.18],[-62.406,4.18],[-62.398,4.174],[-62.392,4.174],[-62.389,4.178],[-62.37,4.163],[-62.365,4.163],[-62.361,4.167],[-62.353,4.165],[-62.35,4.151],[-62.341,4.147],[-62.329,4.135],[-62.322,4.141],[-62.317,4.141],[-62.314,4.137],[-62.302,4.137],[-62.292,4.142],[-62.279,4.13],[-62.252,4.13],[-62.244,4.117],[-62.234,4.119],[-62.227,4.112],[-62.215,4.109],[-62.197,4.113],[-62.193,4.11],[-62.193,4.099],[-62.177,4.091],[-62.164,4.091],[-62.161,4.086],[-62.148,4.079],[-62.146,4.074],[-62.142,4.082],[-62.135,4.087],[-62.114,4.088],[-62.112,4.093],[-62.115,4.099],[-62.112,4.102],[-62.117,4.105],[-62.117,4.118],[-62.105,4.115],[-62.098,4.119],[-62.099,4.125],[-62.097,4.128],[-62.091,4.129],[-62.089,4.124],[-62.078,4.12],[-62.071,4.126],[-62.071,4.131],[-62.077,4.136],[-62.081,4.145],[-62.076,4.154],[-62.064,4.159],[-62.048,4.151],[-62.041,4.156],[-62.032,4.158],[-62.033,4.154],[-62.029,4.15],[-62.021,4.157],[-62.011,4.156],[-62.006,4.165],[-62.0,4.164],[-61.993,4.175],[-61.982,4.181],[-61.98,4.179],[-61.982,4.172],[-61.981,4.162],[-61.975,4.151],[-61.95,4.126],[-61.945,4.111],[-61.93,4.104],[-61.927,4.108],[-61.931,4.116],[-61.926,4.121],[-61.92,4.151],[-61.923,4.156],[-61.906,4.157],[-61.899,4.161],[-61.889,4.155],[-61.88,4.155],[-61.873,4.152],[-61.869,4.159],[-61.874,4.17],[-61.869,4.173],[-61.861,4.171],[-61.851,4.174],[-61.846,4.165],[-61.836,4.16],[-61.824,4.164],[-61.818,4.168],[-61.815,4.189],[-61.821,4.2],[-61.808,4.203],[-61.807,4.214],[-61.801,4.219],[-61.802,4.229],[-61.787,4.232],[-61.785,4.224],[-61.782,4.224],[-61.764,4.232],[-61.774,4.25],[-61.769,4.249],[-61.739,4.256],[-61.736,4.264],[-61.724,4.27],[-61.723,4.26],[-61.731,4.253],[-61.725,4.245],[-61.72,4.245],[-61.703,4.255],[-61.691,4.254],[-61.684,4.257],[-61.68,4.254],[-61.67,4.263],[-61.658,4.262],[-61.655,4.256],[-61.645,4.251],[-61.642,4.238],[-61.636,4.238],[-61.631,4.241],[-61.627,4.254],[-61.621,4.25],[-61.608,4.261],[-61.601,4.25],[-61.59,4.244],[-61.572,4.251],[-61.56,4.252],[-61.554,4.258],[-61.553,4.266],[-61.541,4.273],[-61.532,4.285],[-61.523,4.289],[-61.526,4.296],[-61.513,4.31],[-61.508,4.322],[-61.348,4.326],[-61.337,4.312],[-61.324,4.312],[-61.321,4.307],[-61.302,4.297],[-61.299,4.29],[-61.303,4.28],[-61.3,4.274],[-61.29,4.271],[-61.29,4.265],[-61.274,4.251],[-61.272,4.244],[-61.264,4.241],[-61.263,4.237],[-61.257,4.236],[-61.257,4.221],[-61.247,4.212],[-61.245,4.201],[-61.251,4.194],[-61.248,4.189],[-61.251,4.179],[-61.256,4.176],[-61.259,4.165],[-61.254,4.164],[-61.242,4.152],[-61.239,4.131],[-61.242,4.124],[-61.24,4.118],[-61.251,4.098],[-61.245,4.096],[-61.244,4.091],[-61.239,4.088],[-61.24,4.083],[-61.234,4.081],[-61.229,4.071],[-61.225,4.073],[-61.222,4.069],[-61.206,4.066],[-61.193,4.047],[-61.184,4.048],[-61.184,4.043],[-61.174,4.036],[-61.15,4.025],[-61.144,4.025],[-61.14,4.021],[-61.135,4.023],[-61.11,4.019],[-61.109,4.014],[-61.073,4.012],[-61.058,4.003],[-61.055,4.008],[-61.048,4.009],[-61.049,4.012],[-61.054,4.013],[-61.049,4.021],[-61.042,4.023],[-61.035,4.02],[-61.04,4.026],[-61.031,4.032],[-61.032,4.035],[-61.028,4.038],[-61.02,4.035],[-61.017,4.044],[-61.013,4.038],[-61.005,4.043],[-61.004,4.037],[-61.0,4.036],[-60.996,4.04],[-60.988,4.032],[-60.979,4.037],[-60.973,4.032],[-60.97,4.033],[-60.969,4.025],[-60.963,4.025],[-60.962,4.022],[-60.961,4.026],[-60.956,4.022],[-60.946,4.002],[-60.942,4.002],[-60.929,3.987],[-60.927,3.977],[-60.931,3.951],[-60.932,3.935],[-60.923,3.933],[-60.921,3.927],[-60.914,3.923],[-60.917,3.919],[-60.909,3.909],[-60.904,3.883],[-60.896,3.873],[-60.898,3.867],[-60.887,3.858],[-60.884,3.848],[-60.878,3.845],[-60.877,3.835],[-60.874,3.831],[-60.87,3.807],[-60.873,3.8],[-60.872,3.788],[-60.878,3.78],[-60.875,3.774],[-60.879,3.769],[-60.878,3.76],[-60.883,3.758],[-60.883,3.749],[-60.889,3.739],[-60.885,3.723],[-60.881,3.72],[-60.883,3.715],[-60.873,3.701],[-60.868,3.673],[-60.862,3.667],[-60.867,3.652],[-60.867,3.646],[-60.857,3.637],[-60.85,3.632],[-60.842,3.633],[-60.84,3.628],[-60.832,3.629],[-60.831,3.624],[-60.823,3.618],[-60.817,3.622],[-60.804,3.614],[-60.812,3.595],[-60.798,3.594],[-60.798,3.581],[-60.777,3.576],[-60.767,3.566],[-60.758,3.569],[-60.752,3.575],[-60.745,3.575],[-60.737,3.573],[-60.732,3.564],[-60.725,3.56],[-60.71,3.553],[-60.705,3.561],[-60.697,3.564],[-60.685,3.555],[-60.682,3.546],[-60.672,3.549],[-60.667,3.54],[-60.657,3.534],[-60.641,3.529],[-60.632,3.53],[-60.62,3.514],[-60.617,3.504],[-60.609,3.502],[-60.621,3.485],[-60.622,3.47],[-60.606,3.449],[-60.6,3.433],[-60.601,3.411],[-60.594,3.402],[-60.602,3.402],[-60.612,3.411],[-60.621,3.424],[-60.654,3.437],[-60.666,3.455],[-60.676,3.46],[-60.695,3.474],[-60.723,3.479],[-60.743,3.499],[-60.772,3.499],[-60.788,3.496],[-60.801,3.485],[-60.837,3.484],[-60.85,3.478],[-60.864,3.483],[-60.887,3.479],[-60.909,3.464],[-60.91,3.464],[-60.918,3.467],[-60.928,3.48],[-60.946,3.48],[-60.986,3.461],[-60.991,3.453],[-61.0,3.448],[-61.019,3.439],[-61.056,3.442],[-61.066,3.438],[-61.082,3.438],[-61.128,3.434],[-61.135,3.435],[-61.153,3.45],[-61.164,3.453],[-61.187,3.449],[-61.218,3.45],[-61.236,3.443],[-61.273,3.396],[-61.309,3.369],[-61.316,3.357],[-61.321,3.356],[-61.33,3.36],[-61.349,3.354],[-61.379,3.366],[-61.405,3.351],[-61.432,3.351],[-61.444,3.349],[-61.46,3.347],[-61.475,3.338],[-61.486,3.341],[-61.504,3.324],[-61.507,3.315],[-61.519,3.307],[-61.524,3.308],[-61.527,3.312],[-61.532,3.311],[-61.537,3.302],[-61.542,3.303],[-61.551,3.313],[-61.556,3.314],[-61.564,3.307],[-61.572,3.313],[-61.587,3.314],[-61.594,3.309],[-61.614,3.331],[-61.617,3.342],[-61.625,3.35],[-61.626,3.357],[-61.661,3.331],[-61.681,3.322],[-61.691,3.321],[-61.694,3.329],[-61.711,3.336],[-61.714,3.335],[-61.711,3.329],[-61.713,3.327],[-61.724,3.321],[-61.75,3.319],[-61.773,3.328],[-61.797,3.331],[-61.806,3.329],[-61.809,3.324],[-61.81,3.327],[-61.822,3.323],[-61.831,3.309],[-61.827,3.303],[-61.839,3.298],[-61.838,3.294],[-61.842,3.29],[-61.84,3.282],[-61.845,3.275],[-61.844,3.27],[-61.849,3.264],[-61.853,3.264],[-61.868,3.269],[-61.871,3.277],[-61.887,3.282],[-61.893,3.292],[-61.912,3.29],[-61.924,3.281],[-61.928,3.282],[-61.928,3.289],[-61.932,3.289],[-61.939,3.279],[-61.944,3.279],[-61.942,3.27],[-61.949,3.264],[-61.947,3.257],[-61.952,3.257],[-61.957,3.251],[-61.962,3.253],[-61.969,3.262],[-61.992,3.258],[-62.008,3.249],[-62.017,3.249],[-62.033,3.258],[-62.046,3.259],[-62.046,3.263],[-62.051,3.265],[-62.06,3.264],[-62.072,3.252],[-62.077,3.252],[-62.082,3.248],[-62.089,3.251],[-62.092,3.246],[-62.111,3.241],[-62.125,3.234],[-62.13,3.235],[-62.142,3.22],[-62.164,3.208],[-62.166,3.201],[-62.18,3.194],[-62.184,3.187],[-62.197,3.186],[-62.201,3.176],[-62.211,3.171],[-62.214,3.162],[-62.227,3.159],[-62.232,3.161],[-62.241,3.154],[-62.241,3.145],[-62.247,3.139],[-62.267,3.141],[-62.273,3.149],[-62.287,3.152],[-62.295,3.147],[-62.304,3.149],[-62.31,3.146],[-62.323,3.155],[-62.34,3.152],[-62.35,3.156],[-62.375,3.14],[-62.387,3.141],[-62.391,3.133],[-62.405,3.127],[-62.416,3.13],[-62.432,3.125],[-62.447,3.133],[-62.452,3.149],[-62.448,3.16],[-62.455,3.175],[-62.453,3.181],[-62.456,3.186],[-62.468,3.19],[-62.474,3.203],[-62.5,3.207],[-62.524,3.216],[-62.554,3.233],[-62.566,3.232],[-62.569,3.229],[-62.598,3.232],[-62.619,3.244],[-62.63,3.24],[-62.636,3.249],[-62.646,3.234],[-62.649,3.236],[-62.649,3.241],[-62.659,3.235],[-62.659,3.234],[-62.694,3.22],[-62.737,3.239],[-62.761,3.241],[-62.775,3.237],[-62.793,3.238],[-62.81,3.249],[-62.825,3.248],[-62.842,3.267],[-62.86,3.271],[-62.869,3.278],[-62.878,3.285],[-62.902,3.294],[-62.919,3.308],[-62.959,3.317],[-62.975,3.343],[-63.0,3.345],[-63.009,3.352],[-63.01,3.359],[-63.011,3.368],[-63.024,3.38],[-63.024,3.388],[-63.037,3.404],[-63.055,3.42],[-63.065,3.417],[-63.069,3.423],[-63.069,3.427],[-63.103,3.443],[-63.116,3.465],[-63.133,3.468],[-63.148,3.478],[-63.144,3.481],[-63.152,3.5],[-63.164,3.509],[-63.173,3.522],[-63.176,3.54],[-63.166,3.551],[-63.168,3.562],[-63.158,3.587],[-63.159,3.597],[-63.149,3.603],[-63.155,3.613],[-63.155,3.623],[-63.164,3.633],[-63.182,3.644],[-63.18,3.658],[-63.186,3.674],[-63.194,3.676],[-63.201,3.683],[-63.218,3.676],[-63.225,3.682],[-63.234,3.681],[-63.249,3.68],[-63.266,3.689],[-63.275,3.686],[-63.276,3.67],[-63.272,3.645],[-63.28,3.622],[-63.275,3.611],[-63.284,3.598],[-63.298,3.59],[-63.305,3.582],[-63.322,3.575],[-63.347,3.589],[-63.348,3.601],[-63.342,3.61],[-63.35,3.624],[-63.358,3.623],[-63.366,3.614],[-63.379,3.617],[-63.394,3.616],[-63.42,3.628],[-63.448,3.648],[-63.457,3.663],[-63.483,3.666],[-63.494,3.671],[-63.506,3.679],[-63.51,3.687],[-63.528,3.681],[-63.551,3.684],[-63.555,3.691],[-63.573,3.704],[-63.567,3.717],[-63.569,3.729],[-63.588,3.738],[-63.61,3.737],[-63.632,3.742],[-63.641,3.739],[-63.648,3.727],[-63.677,3.715],[-63.696,3.715],[-63.7,3.707],[-63.711,3.7],[-63.711,3.687],[-63.718,3.68],[-63.716,3.672],[-63.717,3.657],[-63.731,3.626],[-63.742,3.586],[-63.739,3.572],[-63.749,3.564],[-63.766,3.561],[-63.77,3.551],[-63.786,3.545],[-63.789,3.54],[-63.787,3.529],[-63.804,3.541],[-63.811,3.523],[-63.806,3.523],[-63.809,3.519],[-63.822,3.519],[-63.825,3.509],[-63.834,3.501],[-63.83,3.496],[-63.832,3.493],[-63.839,3.485],[-63.837,3.479],[-63.842,3.474],[-63.84,3.468],[-63.845,3.456],[-63.851,3.454],[-63.852,3.448],[-63.859,3.446],[-63.861,3.441],[-63.872,3.436],[-63.871,3.429],[-63.876,3.425],[-63.886,3.426],[-63.887,3.419],[-63.896,3.422],[-63.901,3.421],[-63.906,3.426],[-63.914,3.427],[-63.919,3.434],[-63.928,3.437],[-63.926,3.439],[-63.934,3.446],[-63.939,3.442],[-63.947,3.446],[-63.954,3.445],[-63.955,3.448],[-63.961,3.443],[-63.965,3.445],[-63.969,3.434],[-63.979,3.435],[-63.982,3.436],[-63.981,3.439],[-63.986,3.434],[-64.0,3.434],[-64.007,3.438],[-64.017,3.452],[-64.03,3.454],[-64.034,3.461],[-64.042,3.46],[-64.072,3.481],[-64.091,3.482],[-64.107,3.476],[-64.119,3.477],[-64.141,3.474],[-64.184,3.49],[-64.186,3.5],[-64.183,3.538],[-64.185,3.56],[-64.206,3.591],[-64.244,3.625],[-64.257,3.648],[-64.275,3.662],[-64.281,3.67],[-64.289,3.7],[-64.327,3.721],[-64.342,3.735],[-64.389,3.76],[-64.409,3.766],[-64.428,3.78],[-64.447,3.784],[-64.472,3.782],[-64.485,3.788],[-64.505,3.81],[-64.524,3.842],[-64.552,3.864],[-64.568,3.882],[-64.58,3.929],[-64.597,3.939],[-64.619,3.952],[-64.633,3.975],[-64.65,3.992],[-64.673,4.005],[-64.675,4.013],[-64.68,4.017],[-64.683,4.041],[-64.708,4.067],[-64.723,4.105],[-64.732,4.121],[-64.753,4.137],[-64.783,4.153],[-64.81,4.175],[-64.821,4.212],[-64.825,4.239],[-64.821,4.259],[-64.799,4.284],[-64.78,4.287],[-64.699,4.25],[-64.684,4.24],[-64.658,4.212],[-64.641,4.166],[-64.631,4.144],[-64.623,4.135],[-64.592,4.114]]]}},{"type":"Feature","properties":{"id":"1400050","nome":"Alto Alegre"},"geometry":{"type":"Polygon","coordinates":[[[-63.632,3.742],[-63.61,3.737],[-63.588,3.738],[-63.569,3.729],[-63.567,3.717],[-63.573,3.704],[-63.555,3.691],[-63.551,3.684],[-63.528,3.681],[-63.51,3.687],[-63.506,3.679],[-63.494,3.671],[-63.483,3.666],[-63.457,3.663],[-63.448,3.648],[-63.42,3.628],[-63.394,3.616],[-63.379,3.617],[-63.366,3.614],[-63.358,3.623],[-63.35,3.624],[-63.342,3.61],[-63.348,3.601],[-63.347,3.589],[-63.322,3.575],[-63.305,3.582],[-63.298,3.59],[-63.284,3.598],[-63.275,3.611],[-63.28,3.622],[-63.272,3.645],[-63.276,3.67],[-63.275,3.686],[-63.266,3.689],[-63.249,3.68],[-63.234,3.681],[-63.225,3.682],[-63.218,3.676],[-63.201,3.683],[-63.194,3.676],[-63.186,3.674],[-63.18,3.658],[-63.182,3.644],[-63.164,3.633],[-63.155,3.623],[-63.155,3.613],[-63.149,3.603],[-63.159,3.597],[-63.158,3.587],[-63.168,3.562],[-63.166,3.551],[-63.176,3.54],[-63.173,3.522],[-63.164,3.509],[-63.152,3.5],[-63.144,3.481],[-63.148,3.478],[-63.133,3.468],[-63.116,3.465],[-63.103,3.443],[-63.069,3.427],[-63.069,3.423],[-63.065,3.417],[-63.055,3.42],[-63.037,3.404],[-63.024,3.388],[-63.024,3.38],[-63.011,3.368],[-63.01,3.359],[-63.009,3.352],[-63.0,3.345],[-62.975,3.343],[-62.959,3.317],[-62.919,3.308],[-62.902,3.294],[-62.878,3.285],[-62.869,3.278],[-62.86,3.271],[-62.842,3.267],[-62.825,3.248],[-62.81,3.249],[-62.793,3.238],[-62.775,3.237],[-62.761,3.241],[-62.737,3.239],[-62.694,3.22],[-62.659,3.234],[-62.659,3.235],[-62.649,3.241],[-62.649,3.236],[-62.646,3.234],[-62.636,3.249],[-62.63,3.24],[-62.619,3.244],[-62.598,3.232],[-62.569,3.229],[-62.566,3.232],[-62.554,3.233],[-62.524,3.216],[-62.5,3.207],[-62.474,3.203],[-62.468,3.19],[-62.456,3.186],[-62.453,3.181],[-62.455,3.175],[-62.448,3.16],[-62.452,3.149],[-62.447,3.133],[-62.432,3.125],[-62.416,3.13],[-62.405,3.127],[-62.391,3.133],[-62.387,3.141],[-62.375,3.14],[-62.35,3.156],[-62.34,3.152],[-62.323,3.155],[-62.31,3.146],[-62.304,3.149],[-62.295,3.147],[-62.287,3.152],[-62.273,3.149],[-62.267,3.141],[-62.247,3.139],[-62.241,3.145],[-62.241,3.154],[-62.232,3.161],[-62.227,3.159],[-62.214,3.162],[-62.211,3.171],[-62.201,3.176],[-62.197,3.186],[-62.184,3.187],[-62.18,3.194],[-62.166,3.201],[-62.164,3.208],[-62.142,3.22],[-62.13,3.235],[-62.125,3.234],[-62.111,3.241],[-62.092,3.246],[-62.089,3.251],[-62.082,3.248],[-62.077,3.252],[-62.072,3.252],[-62.06,3.264],[-62.051,3.265],[-62.046,3.263],[-62.046,3.259],[-62.033,3.258],[-62.017,3.249],[-62.008,3.249],[-61.992,3.258],[-61.969,3.262],[-61.962,3.253],[-61.957,3.251],[-61.952,3.257],[-61.947,3.257],[-61.949,3.264],[-61.942,3.27],[-61.944,3.279],[-61.939,3.279],[-61.932,3.289],[-61.928,3.289],[-61.928,3.282],[-61.924,3.281],[-61.912,3.29],[-61.893,3.292],[-61.887,3.282],[-61.871,3.277],[-61.868,3.269],[-61.853,3.264],[-61.849,3.264],[-61.844,3.27],[-61.845,3.275],[-61.84,3.282],[-61.842,3.29],[-61.838,3.294],[-61.839,3.298],[-61.827,3.303],[-61.831,3.309],[-61.822,3.323],[-61.81,3.327],[-61.809,3.324],[-61.806,3.329],[-61.797,3.331],[-61.773,3.328],[-61.75,3.319],[-61.724,3.321],[-61.713,3.327],[-61.711,3.329],[-61.714,3.335],[-61.711,3.336],[-61.694,3.329],[-61.691,3.321],[-61.681,3.322],[-61.661,3.331],[-61.626,3.357],[-61.625,3.35],[-61.617,3.342],[-61.614,3.331],[-61.594,3.309],[-61.587,3.314],[-61.572,3.313],[-61.564,3.307],[-61.556,3.314],[-61.551,3.313],[-61.542,3.303],[-61.537,3.302],[-61.532,3.311],[-61.527,3.312],[-61.524,3.308],[-61.519,3.307],[-61.507,3.315],[-61.504,3.324],[-61.486,3.341],[-61.475,3.338],[-61.46,3.347],[-61.444,3.349],[-61.432,3.351],[-61.405,3.351],[-61.379,3.366],[-61.349,3.354],[-61.33,3.36],[-61.321,3.356],[-61.316,3.357],[-61.309,3.369],[-61.273,3.396],[-61.236,3.443],[-61.218,3.45],[-61.187,3.449],[-61.164,3.453],[-61.153,3.45],[-61.135,3.435],[-61.128,3.434],[-61.082,3.438],[-61.066,3.438],[-61.056,3.442],[-61.019,3.439],[-61.0,3.448],[-61.0,3.304],[-61.0,3.292],[-61.0,3.278],[-61.0,3.219],[-61.0,3.208],[-61.0,2.921],[-61.0,2.915],[-61.0,2.865],[-61.0,2.682],[-61.019,2.683],[-61.03,2.697],[-61.034,2.678],[-61.039,2.674],[-61.045,2.675],[-61.056,2.686],[-61.074,2.691],[-61.081,2.702],[-61.095,2.708],[-61.102,2.695],[-61.126,2.698],[-61.129,2.716],[-61.134,2.72],[-61.134,2.705],[-61.139,2.699],[-61.183,2.677],[-61.196,2.688],[-61.2,2.682],[-61.214,2.682],[-61.215,2.664],[-61.222,2.657],[-61.237,2.651],[-61.242,2.652],[-61.253,2.668],[-61.266,2.671],[-61.277,2.67],[-61.286,2.659],[-61.291,2.659],[-61.294,2.676],[-61.302,2.692],[-61.296,2.701],[-61.296,2.706],[-61.314,2.719],[-61.307,2.726],[-61.326,2.73],[-61.325,2.745],[-61.331,2.749],[-61.334,2.762],[-61.344,2.758],[-61.347,2.768],[-61.356,2.771],[-61.359,2.792],[-61.367,2.809],[-61.379,2.816],[-61.369,2.829],[-61.371,2.84],[-61.381,2.839],[-61.406,2.862],[-61.42,2.864],[-61.428,2.87],[-61.437,2.87],[-61.445,2.877],[-61.45,2.896],[-61.456,2.894],[-61.457,2.886],[-61.47,2.893],[-61.478,2.889],[-61.484,2.892],[-61.496,2.887],[-61.53,2.9],[-61.534,2.904],[-61.536,2.912],[-61.543,2.911],[-61.546,2.914],[-61.548,2.926],[-61.557,2.929],[-61.564,2.94],[-61.569,2.941],[-61.578,2.948],[-61.595,2.941],[-61.605,2.94],[-61.617,2.932],[-61.627,2.933],[-61.646,2.906],[-61.657,2.9],[-61.694,2.864],[-61.704,2.85],[-61.707,2.837],[-61.721,2.812],[-61.709,2.8],[-61.698,2.804],[-61.693,2.795],[-61.698,2.79],[-61.725,2.784],[-61.734,2.768],[-61.741,2.765],[-61.747,2.743],[-61.742,2.738],[-61.74,2.744],[-61.736,2.743],[-61.732,2.732],[-61.734,2.716],[-61.752,2.712],[-61.763,2.715],[-61.769,2.712],[-61.773,2.72],[-61.789,2.706],[-61.803,2.704],[-61.817,2.697],[-61.817,2.689],[-61.831,2.697],[-61.849,2.688],[-61.859,2.684],[-61.87,2.684],[-61.876,2.694],[-61.883,2.697],[-61.889,2.69],[-61.9,2.694],[-61.913,2.692],[-61.92,2.705],[-61.923,2.706],[-61.932,2.703],[-61.936,2.691],[-61.941,2.685],[-61.946,2.684],[-61.972,2.688],[-61.977,2.7],[-61.974,2.712],[-61.977,2.717],[-61.996,2.717],[-62.006,2.734],[-62.033,2.73],[-62.043,2.734],[-62.059,2.734],[-62.065,2.738],[-62.077,2.741],[-62.083,2.746],[-62.094,2.747],[-62.131,2.745],[-62.138,2.748],[-62.195,2.748],[-62.205,2.757],[-62.201,2.762],[-62.211,2.765],[-62.218,2.757],[-62.224,2.756],[-62.274,2.757],[-62.283,2.762],[-62.293,2.76],[-62.314,2.763],[-62.345,2.776],[-62.349,2.773],[-62.374,2.776],[-62.407,2.783],[-62.434,2.775],[-62.436,2.781],[-62.442,2.782],[-62.454,2.774],[-62.464,2.774],[-62.466,2.769],[-62.485,2.77],[-62.5,2.762],[-62.516,2.751],[-62.528,2.746],[-62.586,2.734],[-62.598,2.742],[-62.605,2.741],[-62.607,2.737],[-62.615,2.74],[-62.619,2.736],[-62.617,2.73],[-62.635,2.723],[-62.639,2.716],[-62.652,2.715],[-62.652,2.71],[-62.657,2.707],[-62.686,2.709],[-62.685,2.699],[-62.698,2.697],[-62.712,2.716],[-62.733,2.725],[-62.749,2.726],[-62.756,2.733],[-62.795,2.728],[-62.797,2.737],[-62.824,2.76],[-62.831,2.758],[-62.835,2.768],[-62.843,2.771],[-62.846,2.785],[-62.85,2.785],[-62.855,2.774],[-62.86,2.761],[-62.864,2.759],[-62.877,2.767],[-62.882,2.762],[-62.892,2.767],[-62.899,2.764],[-62.901,2.768],[-62.91,2.768],[-62.917,2.764],[-62.922,2.772],[-62.948,2.775],[-62.954,2.777],[-62.955,2.783],[-62.967,2.786],[-62.973,2.795],[-62.97,2.803],[-62.982,2.806],[-63.03,2.812],[-63.053,2.807],[-63.067,2.812],[-63.092,2.799],[-63.116,2.804],[-63.136,2.802],[-63.146,2.81],[-63.173,2.81],[-63.198,2.818],[-63.212,2.83],[-63.218,2.829],[-63.24,2.823],[-63.255,2.83],[-63.277,2.825],[-63.294,2.815],[-63.317,2.792],[-63.33,2.789],[-63.37,2.788],[-63.382,2.784],[-63.387,2.78],[-63.388,2.77],[-63.393,2.769],[-63.41,2.774],[-63.421,2.782],[-63.431,2.78],[-63.436,2.785],[-63.464,2.791],[-63.474,2.788],[-63.487,2.772],[-63.492,2.759],[-63.491,2.752],[-63.498,2.721],[-63.499,2.7],[-63.494,2.683],[-63.496,2.678],[-63.509,2.671],[-63.506,2.629],[-63.528,2.6],[-63.536,2.594],[-63.552,2.59],[-63.586,2.603],[-63.611,2.606],[-63.626,2.603],[-63.649,2.606],[-63.664,2.595],[-63.669,2.598],[-63.705,2.582],[-63.812,2.535],[-63.824,2.53],[-63.913,2.491],[-63.957,2.471],[-63.962,2.474],[-63.978,2.468],[-63.988,2.465],[-64.0,2.479],[-64.005,2.478],[-64.012,2.47],[-64.02,2.467],[-64.024,2.472],[-64.032,2.473],[-64.03,2.482],[-64.037,2.487],[-64.038,2.494],[-64.056,2.498],[-64.058,2.503],[-64.057,2.513],[-64.045,2.533],[-64.048,2.549],[-64.044,2.559],[-64.044,2.574],[-64.039,2.579],[-64.033,2.575],[-64.029,2.576],[-64.024,2.591],[-64.009,2.609],[-64.009,2.621],[-63.991,2.637],[-63.985,2.646],[-63.984,2.66],[-63.991,2.67],[-63.987,2.675],[-63.985,2.686],[-64.001,2.7],[-64.003,2.707],[-63.989,2.717],[-63.984,2.716],[-63.982,2.724],[-63.986,2.725],[-63.986,2.731],[-63.999,2.739],[-63.999,2.76],[-63.993,2.768],[-64.009,2.779],[-64.009,2.787],[-64.014,2.796],[-64.014,2.807],[-64.01,2.812],[-64.013,2.819],[-64.047,2.837],[-64.057,2.851],[-64.066,2.88],[-64.071,2.938],[-64.102,2.952],[-64.111,2.961],[-64.124,2.981],[-64.13,3.005],[-64.16,3.033],[-64.173,3.058],[-64.22,3.096],[-64.235,3.115],[-64.233,3.13],[-64.219,3.153],[-64.21,3.172],[-64.208,3.189],[-64.213,3.224],[-64.213,3.247],[-64.241,3.315],[-64.234,3.384],[-64.249,3.399],[-64.255,3.411],[-64.251,3.428],[-64.239,3.443],[-64.202,3.477],[-64.189,3.495],[-64.184,3.49],[-64.141,3.474],[-64.119,3.477],[-64.107,3.476],[-64.091,3.482],[-64.072,3.481],[-64.042,3.46],[-64.034,3.461],[-64.03,3.454],[-64.017,3.452],[-64.007,3.438],[-64.0,3.434],[-63.986,3.434],[-63.981,3.439],[-63.982,3.436],[-63.979,3.435],[-63.969,3.434],[-63.965,3.445],[-63.961,3.443],[-63.955,3.448],[-63.954,3.445],[-63.947,3.446],[-63.939,3.442],[-63.934,3.446],[-63.926,3.439],[-63.928,3.437],[-63.919,3.434],[-63.914,3.427],[-63.906,3.426],[-63.901,3.421],[-63.896,3.422],[-63.887,3.419],[-63.886,3.426],[-63.876,3.425],[-63.871,3.429],[-63.872,3.436],[-63.861,3.441],[-63.859,3.446],[-63.852,3.448],[-63.851,3.454],[-63.845,3.456],[-63.84,3.468],[-63.842,3.474],[-63.837,3.479],[-63.839,3.485],[-63.832,3.493],[-63.83,3.496],[-63.834,3.501],[-63.825,3.509],[-63.822,3.519],[-63.809,3.519],[-63.806,3.523],[-63.811,3.523],[-63.804,3.541],[-63.787,3.529],[-63.789,3.54],[-63.786,3.545],[-63.77,3.551],[-63.766,3.561],[-63.749,3.564],[-63.739,3.572],[-63.742,3.586],[-63.731,3.626],[-63.717,3.657],[-63.716,3.672],[-63.718,3.68],[-63.711,3.687],[-63.711,3.7],[-63.7,3.707],[-63.696,3.715],[-63.677,3.715],[-63.648,3.727],[-63.641,3.739],[-63.632,3.742]]]}},{"type":"Feature","properties":{"id":"1400100","nome":"Boa Vista"},"geometry":{"type":"Polygon","coordinates":[[[-60.453,3.59],[-60.45,3.58],[-60.442,3.582],[-60.436,3.578],[-60.437,3.583],[-60.428,3.587],[-60.418,3.582],[-60.417,3.577],[-60.41,3.58],[-60.41,3.572],[-60.406,3.568],[-60.395,3.573],[-60.378,3.566],[-60.376,3.563],[-60.381,3.556],[-60.372,3.548],[-60.357,3.542],[-60.352,3.552],[-60.337,3.546],[-60.322,3.53],[-60.321,3.521],[-60.33,3.52],[-60.329,3.515],[-60.321,3.507],[-60.31,3.509],[-60.31,3.495],[-60.299,3.487],[-60.301,3.476],[-60.286,3.46],[-60.287,3.447],[-60.299,3.439],[-60.297,3.429],[-60.318,3.418],[-60.322,3.414],[-60.325,3.396],[-60.321,3.369],[-60.343,3.344],[-60.345,3.337],[-60.343,3.323],[-60.348,3.316],[-60.396,3.301],[-60.406,3.29],[-60.411,3.275],[-60.408,3.256],[-60.384,3.211],[-60.385,3.182],[-60.374,3.171],[-60.373,3.165],[-60.393,3.147],[-60.417,3.102],[-60.439,3.075],[-60.448,3.046],[-60.478,3.028],[-60.487,3.019],[-60.497,3.002],[-60.504,2.974],[-60.526,2.947],[-60.541,2.916],[-60.568,2.885],[-60.57,2.884],[-60.603,2.857],[-60.634,2.846],[-60.649,2.835],[-60.666,2.808],[-60.672,2.796],[-60.674,2.777],[-60.694,2.729],[-60.714,2.713],[-60.763,2.659],[-60.775,2.644],[-60.821,2.554],[-60.824,2.547],[-60.822,2.519],[-60.827,2.456],[-60.836,2.438],[-60.848,2.429],[-60.868,2.435],[-60.857,2.442],[-60.857,2.449],[-60.869,2.462],[-60.892,2.476],[-60.902,2.475],[-60.906,2.466],[-60.912,2.468],[-60.913,2.474],[-60.894,2.492],[-60.893,2.503],[-60.895,2.511],[-60.921,2.52],[-60.943,2.521],[-60.927,2.553],[-60.927,2.564],[-60.917,2.564],[-60.914,2.568],[-60.917,2.574],[-60.912,2.597],[-60.917,2.628],[-60.942,2.652],[-60.948,2.652],[-60.957,2.646],[-60.961,2.647],[-60.969,2.664],[-60.981,2.667],[-60.984,2.674],[-61.0,2.682],[-61.0,2.865],[-61.0,2.915],[-61.0,2.921],[-61.0,3.208],[-61.0,3.219],[-61.0,3.278],[-61.0,3.292],[-61.0,3.304],[-61.0,3.448],[-60.991,3.453],[-60.986,3.461],[-60.946,3.48],[-60.928,3.48],[-60.918,3.467],[-60.91,3.464],[-60.909,3.464],[-60.887,3.479],[-60.864,3.483],[-60.85,3.478],[-60.837,3.484],[-60.801,3.485],[-60.788,3.496],[-60.772,3.499],[-60.743,3.499],[-60.723,3.479],[-60.695,3.474],[-60.676,3.46],[-60.666,3.455],[-60.654,3.437],[-60.621,3.424],[-60.612,3.411],[-60.602,3.402],[-60.594,3.402],[-60.601,3.411],[-60.6,3.433],[-60.606,3.449],[-60.602,3.457],[-60.578,3.47],[-60.578,3.479],[-60.552,3.481],[-60.546,3.502],[-60.554,3.509],[-60.552,3.519],[-60.538,3.526],[-60.528,3.555],[-60.514,3.543],[-60.513,3.551],[-60.516,3.555],[-60.513,3.567],[-60.49,3.584],[-60.483,3.606],[-60.471,3.605],[-60.461,3.592],[-60.453,3.59]]]}},{"type":"Feature","properties":{"id":"1400159","nome":"Bonfim"},"geometry":{"type":"Polygon","coordinates":[[[-59.892,3.576],[-59.885,3.564],[-59.876,3.566],[-59.871,3.564],[-59.866,3.558],[-59.842,3.553],[-59.842,3.541],[-59.838,3.53],[-59.83,3.524],[-59.818,3.521],[-59.804,3.507],[-59.801,3.492],[-59.806,3.489],[-59.824,3.484],[-59.825,3.478],[-59.813,3.477],[-59.811,3.469],[-59.819,3.472],[-59.824,3.469],[-59.828,3.456],[-59.839,3.444],[-59.84,3.435],[-59.841,3.425],[-59.834,3.423],[-59.821,3.429],[-59.814,3.428],[-59.82,3.411],[-59.81,3.377],[-59.804,3.371],[-59.803,3.362],[-59.807,3.353],[-59.824,3.357],[-59.833,3.354],[-59.827,3.335],[-59.832,3.327],[-59.842,3.319],[-59.842,3.309],[-59.852,3.304],[-59.859,3.279],[-59.872,3.277],[-59.881,3.26],[-59.879,3.246],[-59.888,3.242],[-59.874,3.229],[-59.875,3.224],[-59.887,3.217],[-59.903,3.217],[-59.907,3.212],[-59.912,3.188],[-59.899,3.154],[-59.904,3.149],[-59.921,3.149],[-59.918,3.144],[-59.912,3.147],[-59.908,3.144],[-59.907,3.14],[-59.915,3.138],[-59.919,3.132],[-59.917,3.126],[-59.909,3.124],[-59.907,3.114],[-59.91,3.111],[-59.915,3.111],[-59.917,3.118],[-59.921,3.121],[-59.924,3.109],[-59.929,3.11],[-59.938,3.1],[-59.939,3.088],[-59.956,3.081],[-59.956,3.074],[-59.95,3.056],[-59.951,3.042],[-59.959,3.028],[-59.961,3.015],[-59.947,3.003],[-59.947,3.0],[-59.963,2.963],[-59.958,2.954],[-59.982,2.931],[-59.985,2.91],[-59.977,2.904],[-59.976,2.897],[-59.988,2.882],[-59.981,2.87],[-59.986,2.864],[-59.983,2.853],[-59.987,2.846],[-59.99,2.839],[-59.986,2.803],[-59.992,2.786],[-59.986,2.748],[-59.991,2.734],[-59.989,2.725],[-59.988,2.719],[-59.99,2.686],[-59.973,2.668],[-59.971,2.659],[-59.976,2.645],[-59.974,2.638],[-59.962,2.626],[-59.963,2.617],[-59.956,2.611],[-59.966,2.609],[-59.97,2.594],[-59.958,2.592],[-59.939,2.583],[-59.927,2.571],[-59.934,2.558],[-59.936,2.553],[-59.916,2.527],[-59.919,2.521],[-59.917,2.508],[-59.912,2.505],[-59.91,2.495],[-59.895,2.482],[-59.898,2.472],[-59.892,2.465],[-59.892,2.454],[-59.899,2.439],[-59.889,2.425],[-59.895,2.424],[-59.894,2.406],[-59.897,2.401],[-59.904,2.397],[-59.907,2.389],[-59.896,2.363],[-59.879,2.353],[-59.87,2.361],[-59.867,2.35],[-59.853,2.339],[-59.851,2.331],[-59.842,2.329],[-59.842,2.321],[-59.835,2.321],[-59.827,2.329],[-59.824,2.321],[-59.805,2.308],[-59.802,2.298],[-59.796,2.295],[-59.785,2.284],[-59.779,2.286],[-59.77,2.294],[-59.749,2.288],[-59.738,2.292],[-59.737,2.287],[-59.722,2.277],[-59.727,2.264],[-59.719,2.249],[-59.719,2.238],[-59.727,2.23],[-59.724,2.205],[-59.731,2.204],[-59.726,2.2],[-59.733,2.188],[-59.733,2.183],[-59.737,2.179],[-59.735,2.174],[-59.74,2.163],[-59.736,2.157],[-59.737,2.147],[-59.726,2.136],[-59.724,2.131],[-59.727,2.125],[-59.723,2.123],[-59.72,2.115],[-59.722,2.098],[-59.734,2.091],[-59.741,2.074],[-59.736,2.05],[-59.731,2.047],[-59.731,2.038],[-59.726,2.035],[-59.729,2.031],[-59.72,2.028],[-59.721,2.024],[-59.732,2.019],[-59.735,2.013],[-59.731,2.012],[-59.73,2.008],[-59.733,2.0],[-59.929,2.0],[-59.987,2.0],[-60.156,2.0],[-60.156,2.007],[-60.16,2.01],[-60.159,2.027],[-60.165,2.037],[-60.175,2.044],[-60.187,2.047],[-60.197,2.046],[-60.204,2.051],[-60.214,2.051],[-60.22,2.045],[-60.225,2.047],[-60.232,2.042],[-60.242,2.032],[-60.243,2.027],[-60.25,2.025],[-60.258,2.031],[-60.263,2.043],[-60.291,2.058],[-60.285,2.066],[-60.27,2.072],[-60.254,2.101],[-60.244,2.108],[-60.218,2.15],[-60.2,2.153],[-60.194,2.147],[-60.19,2.151],[-60.185,2.148],[-60.179,2.149],[-60.176,2.145],[-60.157,2.159],[-60.154,2.172],[-60.149,2.178],[-60.15,2.193],[-60.158,2.183],[-60.162,2.185],[-60.16,2.224],[-60.165,2.241],[-60.173,2.239],[-60.18,2.237],[-60.185,2.246],[-60.191,2.248],[-60.196,2.239],[-60.205,2.245],[-60.203,2.269],[-60.205,2.295],[-60.209,2.306],[-60.197,2.304],[-60.177,2.343],[-60.169,2.343],[-60.167,2.357],[-60.176,2.364],[-60.177,2.384],[-60.185,2.389],[-60.191,2.389],[-60.199,2.398],[-60.194,2.412],[-60.201,2.437],[-60.194,2.447],[-60.194,2.469],[-60.195,2.482],[-60.2,2.488],[-60.198,2.505],[-60.201,2.51],[-60.197,2.52],[-60.2,2.529],[-60.195,2.541],[-60.203,2.544],[-60.214,2.557],[-60.223,2.562],[-60.228,2.575],[-60.225,2.587],[-60.219,2.59],[-60.221,2.594],[-60.235,2.603],[-60.247,2.603],[-60.248,2.607],[-60.26,2.602],[-60.266,2.609],[-60.27,2.608],[-60.282,2.623],[-60.29,2.629],[-60.298,2.63],[-60.298,2.635],[-60.305,2.64],[-60.31,2.639],[-60.312,2.647],[-60.323,2.646],[-60.335,2.639],[-60.335,2.643],[-60.356,2.645],[-60.369,2.64],[-60.376,2.643],[-60.386,2.638],[-60.401,2.64],[-60.409,2.638],[-60.41,2.643],[-60.405,2.649],[-60.396,2.65],[-60.393,2.659],[-60.375,2.681],[-60.356,2.689],[-60.352,2.695],[-60.346,2.705],[-60.348,2.721],[-60.341,2.739],[-60.33,2.749],[-60.329,2.754],[-60.331,2.761],[-60.335,2.759],[-60.339,2.762],[-60.344,2.779],[-60.355,2.786],[-60.357,2.793],[-60.373,2.797],[-60.396,2.807],[-60.417,2.807],[-60.447,2.825],[-60.462,2.823],[-60.475,2.83],[-60.476,2.83],[-60.492,2.837],[-60.509,2.838],[-60.558,2.862],[-60.561,2.873],[-60.559,2.876],[-60.564,2.885],[-60.568,2.885],[-60.541,2.916],[-60.526,2.947],[-60.504,2.974],[-60.497,3.002],[-60.487,3.019],[-60.478,3.028],[-60.448,3.046],[-60.439,3.075],[-60.417,3.102],[-60.393,3.147],[-60.373,3.165],[-60.374,3.171],[-60.385,3.182],[-60.384,3.211],[-60.408,3.256],[-60.411,3.275],[-60.406,3.29],[-60.396,3.301],[-60.348,3.316],[-60.343,3.323],[-60.345,3.337],[-60.343,3.344],[-60.321,3.369],[-60.295,3.387],[-60.242,3.394],[-60.19,3.411],[-60.173,3.447],[-60.156,3.463],[-60.139,3.461],[-60.114,3.481],[-60.083,3.494],[-60.077,3.503],[-60.056,3.525],[-60.036,3.528],[-60.027,3.54],[-59.997,3.553],[-59.978,3.556],[-59.956,3.574],[-59.948,3.57],[-59.943,3.561],[-59.937,3.559],[-59.922,3.579],[-59.905,3.587],[-59.892,3.576]]]}},{"type":"Feature","properties":{"id":"1400175","nome":"Cant\u00e1"},"geometry":{"type":"Polygon","coordinates":[[[-60.475,2.83],[-60.462,2.823],[-60.447,2.825],[-60.417,2.807],[-60.396,2.807],[-60.373,2.797],[-60.357,2.793],[-60.355,2.786],[-60.344,2.779],[-60.339,2.762],[-60.335,2.759],[-60.331,2.761],[-60.329,2.754],[-60.33,2.749],[-60.341,2.739],[-60.348,2.721],[-60.346,2.705],[-60.352,2.695],[-60.356,2.689],[-60.375,2.681],[-60.393,2.659],[-60.396,2.65],[-60.405,2.649],[-60.41,2.643],[-60.409,2.638],[-60.401,2.64],[-60.386,2.638],[-60.376,2.643],[-60.369,2.64],[-60.356,2.645],[-60.335,2.643],[-60.335,2.639],[-60.323,2.646],[-60.312,2.647],[-60.31,2.639],[-60.305,2.64],[-60.298,2.635],[-60.298,2.63],[-60.29,2.629],[-60.282,2.623],[-60.27,2.608],[-60.266,2.609],[-60.26,2.602],[-60.248,2.607],[-60.247,2.603],[-60.235,2.603],[-60.221,2.594],[-60.219,2.59],[-60.225,2.587],[-60.228,2.575],[-60.223,2.562],[-60.214,2.557],[-60.203,2.544],[-60.195,2.541],[-60.2,2.529],[-60.197,2.52],[-60.201,2.51],[-60.198,2.505],[-60.2,2.488],[-60.195,2.482],[-60.194,2.469],[-60.194,2.447],[-60.201,2.437],[-60.194,2.412],[-60.199,2.398],[-60.191,2.389],[-60.185,2.389],[-60.177,2.384],[-60.176,2.364],[-60.167,2.357],[-60.169,2.343],[-60.177,2.343],[-60.197,2.304],[-60.209,2.306],[-60.205,2.295],[-60.203,2.269],[-60.205,2.245],[-60.196,2.239],[-60.191,2.248],[-60.185,2.246],[-60.18,2.237],[-60.173,2.239],[-60.165,2.241],[-60.16,2.224],[-60.162,2.185],[-60.158,2.183],[-60.15,2.193],[-60.149,2.178],[-60.154,2.172],[-60.157,2.159],[-60.176,2.145],[-60.179,2.149],[-60.185,2.148],[-60.19,2.151],[-60.194,2.147],[-60.2,2.153],[-60.218,2.15],[-60.244,2.108],[-60.254,2.101],[-60.27,2.072],[-60.285,2.066],[-60.291,2.058],[-60.263,2.043],[-60.258,2.031],[-60.25,2.025],[-60.243,2.027],[-60.242,2.032],[-60.232,2.042],[-60.225,2.047],[-60.22,2.045],[-60.214,2.051],[-60.204,2.051],[-60.197,2.046],[-60.187,2.047],[-60.175,2.044],[-60.165,2.037],[-60.159,2.027],[-60.16,2.01],[-60.156,2.007],[-60.156,2.0],[-60.167,1.967],[-60.166,1.958],[-60.197,1.927],[-60.197,1.923],[-60.206,1.913],[-60.222,1.904],[-60.223,1.892],[-60.23,1.884],[-60.236,1.883],[-60.238,1.876],[-60.256,1.867],[-60.27,1.85],[-60.275,1.848],[-60.28,1.838],[-60.302,1.828],[-60.321,1.803],[-60.331,1.798],[-60.332,1.789],[-60.339,1.787],[-60.343,1.777],[-60.348,1.779],[-60.358,1.777],[-60.368,1.762],[-60.376,1.759],[-60.378,1.748],[-60.383,1.748],[-60.389,1.737],[-60.4,1.74],[-60.405,1.747],[-60.416,1.747],[-60.429,1.742],[-60.437,1.743],[-60.465,1.732],[-60.484,1.73],[-60.491,1.722],[-60.493,1.71],[-60.522,1.72],[-60.526,1.725],[-60.53,1.718],[-60.533,1.718],[-60.536,1.709],[-60.564,1.713],[-60.578,1.707],[-60.583,1.71],[-60.579,1.712],[-60.581,1.715],[-60.577,1.722],[-60.573,1.72],[-60.563,1.733],[-60.555,1.737],[-60.545,1.753],[-60.547,1.761],[-60.557,1.771],[-60.559,1.779],[-60.569,1.781],[-60.575,1.791],[-60.578,1.811],[-60.575,1.823],[-60.577,1.834],[-60.589,1.852],[-60.616,1.864],[-60.625,1.864],[-60.638,1.871],[-60.655,1.898],[-60.669,1.896],[-60.706,1.903],[-60.724,1.897],[-60.739,1.898],[-60.75,1.906],[-60.76,1.936],[-60.76,1.958],[-60.748,1.978],[-60.742,1.999],[-60.743,2.0],[-60.788,2.0],[-60.793,1.993],[-60.804,1.995],[-60.83,1.984],[-60.843,1.984],[-60.87,1.982],[-60.874,1.985],[-60.898,1.98],[-60.913,1.985],[-60.926,1.985],[-60.935,1.976],[-60.938,1.967],[-60.955,1.964],[-60.967,1.957],[-60.978,1.946],[-60.982,1.949],[-60.997,1.958],[-61.018,1.978],[-61.022,2.0],[-61.032,2.009],[-61.037,2.025],[-61.051,2.051],[-61.052,2.063],[-61.048,2.084],[-61.015,2.145],[-60.957,2.195],[-60.938,2.216],[-60.909,2.236],[-60.89,2.284],[-60.853,2.305],[-60.845,2.314],[-60.837,2.348],[-60.836,2.369],[-60.847,2.382],[-60.845,2.404],[-60.835,2.423],[-60.835,2.427],[-60.836,2.438],[-60.827,2.456],[-60.822,2.519],[-60.824,2.547],[-60.821,2.554],[-60.775,2.644],[-60.763,2.659],[-60.714,2.713],[-60.694,2.729],[-60.674,2.777],[-60.672,2.796],[-60.666,2.808],[-60.649,2.835],[-60.634,2.846],[-60.603,2.857],[-60.57,2.884],[-60.568,2.885],[-60.564,2.885],[-60.559,2.876],[-60.561,2.873],[-60.558,2.862],[-60.509,2.838],[-60.492,2.837],[-60.476,2.83],[-60.475,2.83]]]}},{"type":"Feature","properties":{"id":"1400209","nome":"Caracara\u00ed"},"geometry":{"type":"Polygon","coordinates":[[[-61.414,2.026],[-61.382,2.007],[-61.369,2.002],[-61.366,1.997],[-61.332,1.994],[-61.265,1.974],[-61.22,1.971],[-61.188,1.974],[-61.18,1.977],[-61.142,1.978],[-61.098,1.985],[-61.068,1.995],[-61.022,2.0],[-61.018,1.978],[-60.997,1.958],[-60.982,1.949],[-60.978,1.946],[-60.967,1.957],[-60.955,1.964],[-60.938,1.967],[-60.935,1.976],[-60.926,1.985],[-60.913,1.985],[-60.898,1.98],[-60.874,1.985],[-60.87,1.982],[-60.843,1.984],[-60.83,1.984],[-60.804,1.995],[-60.793,1.993],[-60.788,2.0],[-60.743,2.0],[-60.742,1.999],[-60.748,1.978],[-60.76,1.958],[-60.76,1.936],[-60.75,1.906],[-60.739,1.898],[-60.724,1.897],[-60.706,1.903],[-60.669,1.896],[-60.655,1.898],[-60.638,1.871],[-60.625,1.864],[-60.616,1.864],[-60.589,1.852],[-60.577,1.834],[-60.575,1.823],[-60.578,1.811],[-60.575,1.791],[-60.569,1.781],[-60.559,1.779],[-60.557,1.771],[-60.547,1.761],[-60.545,1.753],[-60.555,1.737],[-60.563,1.733],[-60.573,1.72],[-60.577,1.722],[-60.581,1.715],[-60.579,1.712],[-60.583,1.71],[-60.578,1.707],[-60.564,1.713],[-60.536,1.709],[-60.533,1.718],[-60.53,1.718],[-60.526,1.725],[-60.522,1.72],[-60.493,1.71],[-60.491,1.722],[-60.484,1.73],[-60.465,1.732],[-60.437,1.743],[-60.429,1.742],[-60.416,1.747],[-60.405,1.747],[-60.4,1.74],[-60.389,1.737],[-60.383,1.748],[-60.378,1.748],[-60.376,1.759],[-60.368,1.762],[-60.358,1.777],[-60.348,1.779],[-60.343,1.777],[-60.339,1.787],[-60.332,1.789],[-60.331,1.798],[-60.321,1.803],[-60.302,1.828],[-60.28,1.838],[-60.275,1.848],[-60.27,1.85],[-60.256,1.867],[-60.238,1.876],[-60.236,1.883],[-60.23,1.884],[-60.223,1.892],[-60.222,1.904],[-60.206,1.913],[-60.197,1.923],[-60.197,1.927],[-60.166,1.958],[-60.167,1.967],[-60.156,2.0],[-59.987,2.0],[-59.929,2.0],[-59.733,2.0],[-59.732,1.984],[-59.736,1.984],[-59.741,1.972],[-59.736,1.967],[-59.74,1.957],[-59.738,1.956],[-59.746,1.941],[-59.745,1.929],[-59.756,1.922],[-59.754,1.912],[-59.759,1.901],[-59.746,1.879],[-59.753,1.867],[-59.751,1.859],[-59.746,1.852],[-59.735,1.852],[-59.735,1.849],[-59.733,1.852],[-59.72,1.85],[-59.71,1.855],[-59.691,1.854],[-59.68,1.846],[-59.677,1.839],[-59.665,1.849],[-59.669,1.861],[-59.663,1.871],[-59.662,1.863],[-59.649,1.844],[-59.658,1.825],[-59.654,1.817],[-59.66,1.811],[-59.664,1.814],[-59.673,1.808],[-59.678,1.807],[-59.681,1.797],[-59.678,1.791],[-59.685,1.79],[-59.688,1.779],[-59.685,1.774],[-59.688,1.767],[-59.69,1.757],[-59.666,1.755],[-59.662,1.737],[-59.653,1.743],[-59.632,1.741],[-59.629,1.728],[-59.617,1.716],[-59.607,1.723],[-59.587,1.727],[-59.584,1.732],[-59.566,1.736],[-59.556,1.724],[-59.55,1.729],[-59.545,1.722],[-59.539,1.723],[-59.533,1.717],[-59.534,1.709],[-59.526,1.703],[-59.526,1.692],[-59.513,1.681],[-59.511,1.669],[-59.507,1.668],[-59.507,1.675],[-59.5,1.677],[-59.493,1.674],[-59.494,1.646],[-59.489,1.642],[-59.483,1.627],[-59.465,1.618],[-59.447,1.62],[-59.437,1.594],[-59.427,1.587],[-59.431,1.567],[-59.422,1.556],[-59.412,1.552],[-59.443,1.547],[-59.447,1.546],[-59.454,1.552],[-59.456,1.558],[-59.466,1.56],[-59.465,1.572],[-59.487,1.597],[-59.506,1.591],[-59.523,1.591],[-59.536,1.598],[-59.572,1.604],[-59.588,1.612],[-59.595,1.609],[-59.611,1.621],[-59.615,1.627],[-59.63,1.624],[-59.641,1.615],[-59.645,1.614],[-59.644,1.609],[-59.647,1.608],[-59.662,1.61],[-59.664,1.614],[-59.659,1.622],[-59.67,1.625],[-59.679,1.617],[-59.695,1.614],[-59.708,1.605],[-59.719,1.611],[-59.764,1.607],[-59.776,1.592],[-59.774,1.586],[-59.765,1.58],[-59.769,1.572],[-59.767,1.564],[-59.776,1.563],[-59.781,1.559],[-59.79,1.559],[-59.797,1.535],[-59.805,1.528],[-59.808,1.533],[-59.814,1.532],[-59.815,1.529],[-59.803,1.511],[-59.819,1.49],[-59.821,1.48],[-59.815,1.474],[-59.819,1.463],[-59.817,1.452],[-59.802,1.437],[-59.792,1.432],[-59.794,1.412],[-59.787,1.414],[-59.786,1.409],[-59.781,1.407],[-59.78,1.394],[-59.774,1.389],[-59.778,1.381],[-59.775,1.382],[-59.776,1.378],[-59.772,1.377],[-59.776,1.373],[-59.772,1.367],[-59.78,1.363],[-59.782,1.356],[-59.779,1.356],[-59.783,1.355],[-59.783,1.35],[-59.79,1.339],[-59.786,1.334],[-59.793,1.33],[-59.791,1.324],[-59.785,1.322],[-59.786,1.319],[-59.781,1.319],[-59.779,1.314],[-59.782,1.314],[-59.779,1.306],[-59.785,1.296],[-59.786,1.284],[-59.785,1.279],[-59.781,1.282],[-59.779,1.276],[-59.785,1.266],[-59.807,1.263],[-59.805,1.255],[-59.816,1.254],[-59.824,1.257],[-59.826,1.244],[-59.835,1.225],[-59.834,1.216],[-59.842,1.209],[-59.841,1.201],[-59.849,1.2],[-59.856,1.19],[-59.867,1.188],[-59.878,1.213],[-59.88,1.203],[-59.89,1.197],[-59.896,1.203],[-59.909,1.2],[-59.913,1.191],[-59.92,1.193],[-59.926,1.194],[-59.932,1.189],[-59.94,1.192],[-59.942,1.187],[-59.951,1.184],[-59.946,1.176],[-59.961,1.178],[-59.969,1.166],[-59.968,1.159],[-59.974,1.14],[-59.982,1.136],[-59.987,1.131],[-59.992,1.125],[-60.002,1.124],[-60.012,1.118],[-60.014,1.124],[-60.027,1.125],[-60.045,1.12],[-60.056,1.111],[-60.063,1.112],[-60.081,1.103],[-60.115,1.104],[-60.122,1.096],[-60.131,1.103],[-60.214,1.129],[-60.223,1.13],[-60.239,1.13],[-60.243,1.121],[-60.245,1.124],[-60.252,1.122],[-60.267,1.128],[-60.278,1.131],[-60.291,1.116],[-60.299,1.122],[-60.295,1.131],[-60.3,1.137],[-60.313,1.132],[-60.32,1.144],[-60.32,1.148],[-60.324,1.148],[-60.324,1.138],[-60.331,1.136],[-60.338,1.138],[-60.344,1.133],[-60.352,1.144],[-60.354,1.142],[-60.349,1.138],[-60.357,1.13],[-60.362,1.136],[-60.376,1.14],[-60.378,1.136],[-60.401,1.13],[-60.413,1.124],[-60.418,1.117],[-60.414,1.107],[-60.417,1.102],[-60.423,1.1],[-60.426,1.106],[-60.433,1.107],[-60.444,1.098],[-60.451,1.098],[-60.452,1.081],[-60.467,1.082],[-60.464,1.07],[-60.48,1.059],[-60.482,1.046],[-60.497,1.04],[-60.509,1.026],[-60.513,0.991],[-60.522,0.986],[-60.536,0.993],[-60.537,0.988],[-60.541,0.986],[-60.538,0.975],[-60.545,0.97],[-60.542,0.966],[-60.546,0.967],[-60.561,0.956],[-60.554,0.957],[-60.557,0.945],[-60.561,0.939],[-60.573,0.944],[-60.574,0.942],[-60.568,0.936],[-60.583,0.933],[-60.593,0.924],[-60.602,0.933],[-60.602,0.925],[-60.597,0.921],[-60.604,0.91],[-60.602,0.905],[-60.611,0.904],[-60.619,0.897],[-60.631,0.901],[-60.635,0.896],[-60.65,0.903],[-60.654,0.891],[-60.661,0.892],[-60.669,0.879],[-60.677,0.886],[-60.682,0.877],[-60.684,0.884],[-60.685,0.877],[-60.681,0.875],[-60.688,0.873],[-60.691,0.884],[-60.694,0.877],[-60.706,0.871],[-60.71,0.88],[-60.714,0.88],[-60.712,0.869],[-60.718,0.868],[-60.724,0.882],[-60.731,0.883],[-60.734,0.899],[-60.74,0.9],[-60.741,0.903],[-60.738,0.907],[-60.732,0.907],[-60.732,0.913],[-60.726,0.921],[-60.729,0.935],[-60.756,0.94],[-60.767,0.936],[-60.779,0.946],[-60.779,0.959],[-60.786,0.967],[-60.79,0.967],[-60.79,0.972],[-60.81,0.982],[-60.81,0.987],[-60.822,1.004],[-60.817,1.019],[-60.816,1.031],[-60.821,1.04],[-60.818,1.049],[-60.821,1.054],[-60.819,1.063],[-60.832,1.069],[-60.834,1.075],[-60.84,1.076],[-60.842,1.091],[-60.859,1.108],[-60.883,1.129],[-60.901,1.124],[-60.906,1.118],[-60.905,1.109],[-60.911,1.101],[-60.906,1.095],[-60.912,1.094],[-60.924,1.074],[-60.943,1.072],[-60.948,1.083],[-60.961,1.089],[-60.974,1.085],[-60.985,1.093],[-60.991,1.083],[-61.003,1.09],[-61.011,1.085],[-61.012,1.098],[-61.016,1.103],[-61.018,1.104],[-61.022,1.095],[-61.022,1.084],[-61.04,1.088],[-61.044,1.083],[-61.036,1.073],[-61.049,1.061],[-61.046,1.046],[-61.065,1.036],[-61.064,1.031],[-61.057,1.027],[-61.069,1.02],[-61.063,1.012],[-61.067,1.01],[-61.081,1.016],[-61.091,1.007],[-61.086,1.003],[-61.088,0.998],[-61.096,0.994],[-61.1,0.986],[-61.106,0.991],[-61.114,0.983],[-61.11,0.976],[-61.115,0.969],[-61.108,0.963],[-61.129,0.964],[-61.127,0.958],[-61.119,0.957],[-61.127,0.944],[-61.143,0.952],[-61.145,0.941],[-61.149,0.936],[-61.156,0.941],[-61.154,0.948],[-61.156,0.954],[-61.162,0.958],[-61.174,0.954],[-61.172,0.961],[-61.176,0.963],[-61.187,0.96],[-61.187,0.95],[-61.192,0.95],[-61.202,0.978],[-61.218,1.0],[-61.226,1.002],[-61.232,1.001],[-61.242,0.991],[-61.25,0.972],[-61.256,0.967],[-61.263,0.967],[-61.264,0.979],[-61.274,0.977],[-61.288,0.979],[-61.306,0.986],[-61.317,0.996],[-61.345,0.98],[-61.355,0.969],[-61.364,0.959],[-61.369,0.938],[-61.375,0.926],[-61.424,0.87],[-61.432,0.833],[-61.453,0.786],[-61.5,0.724],[-61.527,0.706],[-61.559,0.68],[-61.57,0.666],[-61.592,0.629],[-61.615,0.607],[-61.636,0.533],[-61.65,0.516],[-61.675,0.497],[-61.687,0.483],[-61.711,0.436],[-61.723,0.392],[-61.735,0.353],[-61.758,0.31],[-61.772,0.234],[-61.777,0.168],[-61.769,0.098],[-61.773,0.059],[-61.781,0.036],[-61.802,0.0],[-61.805,-0.016],[-61.815,-0.032],[-61.813,-0.054],[-61.791,-0.091],[-61.789,-0.101],[-61.795,-0.121],[-61.806,-0.139],[-61.809,-0.167],[-61.818,-0.201],[-61.834,-0.245],[-61.837,-0.271],[-61.834,-0.294],[-61.829,-0.317],[-61.84,-0.35],[-61.846,-0.363],[-61.844,-0.388],[-61.84,-0.396],[-61.83,-0.414],[-61.805,-0.441],[-61.8,-0.456],[-61.8,-0.469],[-61.818,-0.504],[-61.824,-0.526],[-61.823,-0.539],[-61.811,-0.563],[-61.81,-0.608],[-61.841,-0.671],[-61.856,-0.694],[-61.867,-0.724],[-61.861,-0.765],[-61.848,-0.798],[-61.848,-0.821],[-61.854,-0.84],[-61.874,-0.86],[-61.882,-0.878],[-61.883,-0.896],[-61.872,-0.918],[-61.869,-0.931],[-61.889,-1.0],[-61.858,-1.057],[-61.861,-1.081],[-61.874,-1.098],[-61.881,-1.126],[-61.878,-1.138],[-61.863,-1.164],[-61.849,-1.198],[-61.842,-1.249],[-61.839,-1.258],[-61.842,-1.27],[-61.872,-1.33],[-61.864,-1.368],[-61.854,-1.388],[-61.842,-1.398],[-61.84,-1.4],[-61.869,-1.401],[-61.896,-1.395],[-61.905,-1.379],[-61.905,-1.371],[-61.909,-1.348],[-61.927,-1.32],[-61.945,-1.304],[-61.949,-1.297],[-61.956,-1.266],[-61.966,-1.243],[-61.987,-1.216],[-61.989,-1.201],[-62.017,-1.141],[-62.062,-1.099],[-62.071,-1.097],[-62.087,-1.1],[-62.099,-1.096],[-62.105,-1.086],[-62.114,-1.083],[-62.118,-1.076],[-62.111,-1.06],[-62.125,-1.037],[-62.142,-1.037],[-62.145,-1.028],[-62.154,-1.026],[-62.168,-1.014],[-62.171,-1.006],[-62.199,-1.0],[-62.203,-0.983],[-62.213,-0.983],[-62.227,-0.973],[-62.259,-0.976],[-62.272,-0.952],[-62.286,-0.944],[-62.293,-0.948],[-62.298,-0.941],[-62.312,-0.93],[-62.317,-0.914],[-62.328,-0.915],[-62.34,-0.904],[-62.356,-0.875],[-62.364,-0.877],[-62.366,-0.869],[-62.376,-0.866],[-62.369,-0.859],[-62.373,-0.848],[-62.38,-0.843],[-62.376,-0.836],[-62.394,-0.829],[-62.395,-0.82],[-62.428,-0.812],[-62.433,-0.804],[-62.442,-0.802],[-62.448,-0.81],[-62.453,-0.804],[-62.461,-0.801],[-62.465,-0.789],[-62.48,-0.795],[-62.501,-0.781],[-62.504,-0.765],[-62.51,-0.759],[-62.494,-0.75],[-62.498,-0.734],[-62.506,-0.731],[-62.508,-0.714],[-62.495,-0.704],[-62.492,-0.687],[-62.486,-0.681],[-62.469,-0.694],[-62.463,-0.688],[-62.455,-0.692],[-62.428,-0.693],[-62.425,-0.7],[-62.416,-0.703],[-62.41,-0.71],[-62.406,-0.727],[-62.392,-0.719],[-62.39,-0.709],[-62.382,-0.706],[-62.367,-0.71],[-62.358,-0.707],[-62.361,-0.699],[-62.369,-0.695],[-62.372,-0.686],[-62.37,-0.676],[-62.353,-0.677],[-62.348,-0.67],[-62.341,-0.676],[-62.333,-0.67],[-62.331,-0.662],[-62.326,-0.656],[-62.318,-0.661],[-62.309,-0.66],[-62.304,-0.654],[-62.296,-0.652],[-62.287,-0.638],[-62.293,-0.622],[-62.301,-0.619],[-62.3,-0.61],[-62.291,-0.61],[-62.29,-0.602],[-62.302,-0.587],[-62.309,-0.583],[-62.308,-0.567],[-62.318,-0.552],[-62.309,-0.546],[-62.311,-0.537],[-62.303,-0.534],[-62.309,-0.514],[-62.302,-0.508],[-62.294,-0.507],[-62.286,-0.493],[-62.29,-0.484],[-62.284,-0.477],[-62.275,-0.478],[-62.27,-0.47],[-62.278,-0.465],[-62.273,-0.454],[-62.248,-0.439],[-62.243,-0.432],[-62.227,-0.425],[-62.221,-0.409],[-62.212,-0.408],[-62.217,-0.399],[-62.202,-0.393],[-62.206,-0.377],[-62.203,-0.368],[-62.195,-0.364],[-62.193,-0.338],[-62.188,-0.33],[-62.219,-0.311],[-62.226,-0.317],[-62.235,-0.317],[-62.239,-0.308],[-62.248,-0.302],[-62.245,-0.294],[-62.254,-0.279],[-62.253,-0.271],[-62.241,-0.26],[-62.238,-0.252],[-62.246,-0.252],[-62.253,-0.236],[-62.253,-0.219],[-62.245,-0.211],[-62.246,-0.19],[-62.241,-0.181],[-62.245,-0.174],[-62.258,-0.165],[-62.268,-0.164],[-62.29,-0.139],[-62.293,-0.128],[-62.319,-0.102],[-62.317,-0.084],[-62.322,-0.07],[-62.33,-0.069],[-62.332,-0.06],[-62.323,-0.062],[-62.323,-0.061],[-62.321,-0.038],[-62.326,-0.031],[-62.322,-0.024],[-62.346,0.03],[-62.361,0.041],[-62.37,0.054],[-62.39,0.06],[-62.414,0.075],[-62.424,0.092],[-62.428,0.119],[-62.424,0.136],[-62.424,0.14],[-62.423,0.145],[-62.424,0.15],[-62.424,0.154],[-62.428,0.174],[-62.438,0.195],[-62.452,0.208],[-62.454,0.244],[-62.468,0.276],[-62.458,0.314],[-62.466,0.333],[-62.461,0.353],[-62.451,0.366],[-62.452,0.374],[-62.446,0.379],[-62.456,0.393],[-62.458,0.418],[-62.467,0.426],[-62.485,0.454],[-62.509,0.44],[-62.518,0.444],[-62.522,0.486],[-62.532,0.509],[-62.527,0.547],[-62.518,0.584],[-62.538,0.676],[-62.535,0.691],[-62.53,0.706],[-62.528,0.711],[-62.5,0.748],[-62.487,0.759],[-62.463,0.777],[-62.457,0.786],[-62.466,0.829],[-62.481,0.843],[-62.486,0.867],[-62.471,0.917],[-62.448,0.944],[-62.442,0.959],[-62.443,0.968],[-62.443,0.969],[-62.449,0.984],[-62.461,0.995],[-62.474,1.017],[-62.477,1.028],[-62.474,1.041],[-62.479,1.048],[-62.478,1.057],[-62.47,1.078],[-62.471,1.087],[-62.48,1.089],[-62.489,1.085],[-62.521,1.084],[-62.529,1.089],[-62.545,1.124],[-62.547,1.13],[-62.554,1.175],[-62.581,1.241],[-62.589,1.267],[-62.599,1.309],[-62.602,1.326],[-62.61,1.353],[-62.62,1.363],[-62.626,1.386],[-62.62,1.395],[-62.62,1.404],[-62.639,1.439],[-62.656,1.449],[-62.676,1.455],[-62.698,1.476],[-62.72,1.489],[-62.73,1.5],[-62.736,1.53],[-62.685,1.531],[-62.668,1.536],[-62.589,1.602],[-62.55,1.609],[-62.516,1.635],[-62.482,1.645],[-62.466,1.649],[-62.398,1.684],[-62.375,1.702],[-62.361,1.715],[-62.286,1.76],[-62.276,1.761],[-62.263,1.771],[-62.242,1.776],[-62.209,1.795],[-62.157,1.821],[-62.142,1.832],[-62.107,1.845],[-62.08,1.864],[-62.061,1.873],[-62.053,1.875],[-62.036,1.884],[-62.013,1.888],[-61.972,1.905],[-61.958,1.915],[-61.931,1.916],[-61.91,1.924],[-61.896,1.923],[-61.875,1.936],[-61.845,1.937],[-61.813,1.934],[-61.808,1.938],[-61.801,1.937],[-61.781,1.947],[-61.765,1.951],[-61.749,1.941],[-61.722,1.938],[-61.718,1.94],[-61.673,1.941],[-61.616,1.939],[-61.59,1.95],[-61.589,1.958],[-61.583,1.963],[-61.555,1.969],[-61.534,1.99],[-61.515,1.996],[-61.488,2.011],[-61.478,2.013],[-61.448,2.01],[-61.432,2.021],[-61.414,2.026]]]}},{"type":"Feature","properties":{"id":"1400233","nome":"Caroebe"},"geometry":{"type":"Polygon","coordinates":[[[-59.611,1.621],[-59.595,1.609],[-59.588,1.612],[-59.572,1.604],[-59.536,1.598],[-59.523,1.591],[-59.506,1.591],[-59.487,1.597],[-59.465,1.572],[-59.466,1.56],[-59.456,1.558],[-59.454,1.552],[-59.447,1.546],[-59.443,1.547],[-59.412,1.552],[-59.399,1.557],[-59.396,1.556],[-59.394,1.537],[-59.384,1.529],[-59.384,1.523],[-59.378,1.521],[-59.381,1.507],[-59.373,1.507],[-59.364,1.51],[-59.362,1.504],[-59.358,1.511],[-59.358,1.518],[-59.339,1.519],[-59.329,1.514],[-59.332,1.506],[-59.321,1.482],[-59.327,1.474],[-59.327,1.464],[-59.314,1.461],[-59.31,1.466],[-59.302,1.466],[-59.287,1.453],[-59.284,1.45],[-59.288,1.445],[-59.288,1.439],[-59.284,1.437],[-59.274,1.418],[-59.282,1.411],[-59.272,1.407],[-59.269,1.401],[-59.259,1.397],[-59.253,1.389],[-59.233,1.387],[-59.226,1.378],[-59.207,1.372],[-59.204,1.377],[-59.196,1.379],[-59.187,1.375],[-59.171,1.357],[-59.161,1.359],[-59.152,1.349],[-59.146,1.347],[-59.131,1.353],[-59.118,1.343],[-59.102,1.349],[-59.096,1.345],[-59.089,1.347],[-59.087,1.339],[-59.076,1.331],[-59.07,1.33],[-59.066,1.336],[-59.057,1.335],[-59.052,1.325],[-59.048,1.323],[-59.023,1.331],[-59.013,1.324],[-59.0,1.324],[-58.993,1.327],[-58.989,1.325],[-58.982,1.308],[-58.978,1.302],[-58.972,1.31],[-58.966,1.313],[-58.918,1.317],[-58.915,1.314],[-58.915,1.306],[-58.923,1.294],[-58.922,1.29],[-58.918,1.285],[-58.898,1.28],[-58.886,1.261],[-58.904,1.251],[-58.904,1.242],[-58.912,1.239],[-58.895,1.228],[-58.895,0.905],[-58.895,0.592],[-58.895,0.264],[-59.192,0.264],[-59.433,0.264],[-59.437,0.291],[-59.445,0.3],[-59.449,0.312],[-59.458,0.318],[-59.464,0.337],[-59.471,0.346],[-59.465,0.36],[-59.466,0.366],[-59.459,0.372],[-59.459,0.383],[-59.453,0.385],[-59.453,0.402],[-59.466,0.43],[-59.472,0.429],[-59.48,0.433],[-59.494,0.435],[-59.495,0.437],[-59.504,0.437],[-59.507,0.457],[-59.517,0.463],[-59.522,0.49],[-59.534,0.499],[-59.535,0.507],[-59.539,0.51],[-59.545,0.522],[-59.553,0.525],[-59.559,0.523],[-59.566,0.526],[-59.588,0.545],[-59.594,0.564],[-59.603,0.564],[-59.614,0.571],[-59.641,0.571],[-59.65,0.571],[-59.686,0.541],[-59.705,0.548],[-59.743,0.543],[-59.768,0.575],[-59.797,0.602],[-59.798,0.608],[-59.801,0.607],[-59.806,0.615],[-59.814,0.619],[-59.812,0.631],[-59.784,0.794],[-59.779,0.82],[-59.776,0.828],[-59.769,0.83],[-59.762,0.838],[-59.771,0.852],[-59.76,0.905],[-59.755,0.92],[-59.759,0.924],[-59.752,1.001],[-59.739,1.076],[-59.743,1.11],[-59.747,1.146],[-59.752,1.19],[-59.776,1.277],[-59.779,1.276],[-59.781,1.282],[-59.785,1.279],[-59.786,1.284],[-59.785,1.296],[-59.779,1.306],[-59.782,1.314],[-59.779,1.314],[-59.781,1.319],[-59.786,1.319],[-59.785,1.322],[-59.791,1.324],[-59.793,1.33],[-59.786,1.334],[-59.79,1.339],[-59.783,1.35],[-59.783,1.355],[-59.779,1.356],[-59.782,1.356],[-59.78,1.363],[-59.772,1.367],[-59.776,1.373],[-59.772,1.377],[-59.776,1.378],[-59.775,1.382],[-59.778,1.381],[-59.774,1.389],[-59.78,1.394],[-59.781,1.407],[-59.786,1.409],[-59.787,1.414],[-59.794,1.412],[-59.792,1.432],[-59.802,1.437],[-59.817,1.452],[-59.819,1.463],[-59.815,1.474],[-59.821,1.48],[-59.819,1.49],[-59.803,1.511],[-59.815,1.529],[-59.814,1.532],[-59.808,1.533],[-59.805,1.528],[-59.797,1.535],[-59.79,1.559],[-59.781,1.559],[-59.776,1.563],[-59.767,1.564],[-59.769,1.572],[-59.765,1.58],[-59.774,1.586],[-59.776,1.592],[-59.764,1.607],[-59.719,1.611],[-59.708,1.605],[-59.695,1.614],[-59.679,1.617],[-59.67,1.625],[-59.659,1.622],[-59.664,1.614],[-59.662,1.61],[-59.647,1.608],[-59.644,1.609],[-59.645,1.614],[-59.641,1.615],[-59.63,1.624],[-59.615,1.627],[-59.611,1.621]]]}},{"type":"Feature","properties":{"id":"1400282","nome":"Iracema"},"geometry":{"type":"Polygon","coordinates":[[[-63.212,2.83],[-63.198,2.818],[-63.173,2.81],[-63.146,2.81],[-63.136,2.802],[-63.116,2.804],[-63.092,2.799],[-63.067,2.812],[-63.053,2.807],[-63.03,2.812],[-62.982,2.806],[-62.97,2.803],[-62.973,2.795],[-62.967,2.786],[-62.955,2.783],[-62.954,2.777],[-62.948,2.775],[-62.922,2.772],[-62.917,2.764],[-62.926,2.743],[-62.924,2.729],[-62.928,2.723],[-62.971,2.7],[-62.981,2.7],[-63.005,2.684],[-63.026,2.684],[-63.036,2.678],[-63.045,2.663],[-63.051,2.64],[-63.085,2.605],[-63.093,2.593],[-63.096,2.576],[-63.074,2.554],[-63.071,2.54],[-63.073,2.506],[-63.056,2.45],[-63.06,2.406],[-63.056,2.394],[-63.049,2.393],[-63.033,2.388],[-63.012,2.392],[-62.977,2.39],[-62.962,2.375],[-62.956,2.361],[-62.937,2.353],[-62.932,2.348],[-62.915,2.354],[-62.913,2.352],[-62.881,2.326],[-62.85,2.307],[-62.839,2.286],[-62.818,2.276],[-62.797,2.27],[-62.771,2.27],[-62.755,2.264],[-62.678,2.268],[-62.635,2.263],[-62.623,2.259],[-62.618,2.248],[-62.606,2.241],[-62.603,2.231],[-62.609,2.217],[-62.607,2.209],[-62.606,2.199],[-62.594,2.173],[-62.583,2.159],[-62.559,2.143],[-62.561,2.133],[-62.558,2.125],[-62.537,2.123],[-62.525,2.136],[-62.516,2.135],[-62.51,2.129],[-62.496,2.126],[-62.488,2.13],[-62.44,2.127],[-62.434,2.134],[-62.356,2.184],[-62.344,2.195],[-62.327,2.201],[-62.307,2.215],[-62.289,2.215],[-62.252,2.222],[-62.222,2.232],[-62.18,2.237],[-62.171,2.243],[-62.161,2.248],[-62.153,2.244],[-62.127,2.219],[-62.11,2.181],[-62.106,2.184],[-62.027,2.252],[-62.002,2.264],[-61.972,2.268],[-61.939,2.278],[-61.876,2.308],[-61.846,2.316],[-61.754,2.318],[-61.731,2.327],[-61.72,2.338],[-61.709,2.357],[-61.672,2.386],[-61.656,2.391],[-61.614,2.413],[-61.596,2.417],[-61.568,2.411],[-61.565,2.407],[-61.561,2.398],[-61.554,2.37],[-61.533,2.337],[-61.508,2.326],[-61.454,2.317],[-61.426,2.304],[-61.371,2.273],[-61.346,2.266],[-61.328,2.275],[-61.305,2.279],[-61.276,2.269],[-61.265,2.271],[-61.252,2.28],[-61.226,2.28],[-61.203,2.257],[-61.196,2.255],[-61.073,2.289],[-61.051,2.298],[-60.983,2.25],[-60.954,2.238],[-60.938,2.216],[-60.957,2.195],[-61.015,2.145],[-61.048,2.084],[-61.052,2.063],[-61.051,2.051],[-61.037,2.025],[-61.032,2.009],[-61.022,2.0],[-61.068,1.995],[-61.098,1.985],[-61.142,1.978],[-61.18,1.977],[-61.188,1.974],[-61.22,1.971],[-61.265,1.974],[-61.332,1.994],[-61.366,1.997],[-61.369,2.002],[-61.382,2.007],[-61.414,2.026],[-61.432,2.021],[-61.448,2.01],[-61.478,2.013],[-61.488,2.011],[-61.515,1.996],[-61.534,1.99],[-61.555,1.969],[-61.583,1.963],[-61.589,1.958],[-61.59,1.95],[-61.616,1.939],[-61.673,1.941],[-61.718,1.94],[-61.722,1.938],[-61.749,1.941],[-61.765,1.951],[-61.781,1.947],[-61.801,1.937],[-61.808,1.938],[-61.813,1.934],[-61.845,1.937],[-61.875,1.936],[-61.896,1.923],[-61.91,1.924],[-61.931,1.916],[-61.958,1.915],[-61.972,1.905],[-62.013,1.888],[-62.036,1.884],[-62.053,1.875],[-62.061,1.873],[-62.08,1.864],[-62.107,1.845],[-62.142,1.832],[-62.157,1.821],[-62.209,1.795],[-62.242,1.776],[-62.263,1.771],[-62.276,1.761],[-62.286,1.76],[-62.361,1.715],[-62.375,1.702],[-62.398,1.684],[-62.466,1.649],[-62.482,1.645],[-62.516,1.635],[-62.55,1.609],[-62.589,1.602],[-62.668,1.536],[-62.685,1.531],[-62.736,1.53],[-62.739,1.532],[-62.749,1.536],[-62.756,1.548],[-62.781,1.573],[-62.801,1.587],[-62.805,1.592],[-62.806,1.604],[-62.796,1.631],[-62.773,1.657],[-62.765,1.672],[-62.756,1.676],[-62.733,1.695],[-62.723,1.713],[-62.731,1.819],[-62.704,1.874],[-62.698,1.912],[-62.705,1.937],[-62.71,1.944],[-62.719,1.954],[-62.742,1.967],[-62.812,1.992],[-62.813,1.992],[-62.828,2.014],[-62.838,2.017],[-62.919,2.025],[-62.948,2.031],[-62.98,2.018],[-63.023,2.015],[-63.053,2.029],[-63.063,2.036],[-63.07,2.04],[-63.072,2.043],[-63.077,2.046],[-63.085,2.062],[-63.107,2.08],[-63.119,2.097],[-63.136,2.135],[-63.136,2.138],[-63.138,2.143],[-63.137,2.161],[-63.141,2.173],[-63.158,2.175],[-63.165,2.181],[-63.194,2.182],[-63.273,2.156],[-63.282,2.154],[-63.31,2.165],[-63.359,2.197],[-63.372,2.212],[-63.401,2.246],[-63.402,2.253],[-63.397,2.275],[-63.401,2.297],[-63.425,2.365],[-63.422,2.379],[-63.394,2.407],[-63.395,2.426],[-63.406,2.436],[-63.445,2.443],[-63.499,2.436],[-63.59,2.415],[-63.655,2.394],[-63.703,2.387],[-63.751,2.387],[-63.78,2.392],[-63.834,2.408],[-63.867,2.425],[-63.961,2.455],[-63.978,2.468],[-63.962,2.474],[-63.957,2.471],[-63.913,2.491],[-63.824,2.53],[-63.812,2.535],[-63.705,2.582],[-63.669,2.598],[-63.664,2.595],[-63.649,2.606],[-63.626,2.603],[-63.611,2.606],[-63.586,2.603],[-63.552,2.59],[-63.536,2.594],[-63.528,2.6],[-63.506,2.629],[-63.509,2.671],[-63.496,2.678],[-63.494,2.683],[-63.499,2.7],[-63.498,2.721],[-63.491,2.752],[-63.492,2.759],[-63.487,2.772],[-63.474,2.788],[-63.464,2.791],[-63.436,2.785],[-63.431,2.78],[-63.421,2.782],[-63.41,2.774],[-63.393,2.769],[-63.388,2.77],[-63.387,2.78],[-63.382,2.784],[-63.37,2.788],[-63.33,2.789],[-63.317,2.792],[-63.294,2.815],[-63.277,2.825],[-63.255,2.83],[-63.24,2.823],[-63.218,2.829],[-63.212,2.83]]]}},{"type":"Feature","properties":{"id":"1400308","nome":"Mucaja\u00ed"},"geometry":{"type":"Polygon","coordinates":[[[-61.564,2.94],[-61.557,2.929],[-61.548,2.926],[-61.546,2.914],[-61.543,2.911],[-61.536,2.912],[-61.534,2.904],[-61.53,2.9],[-61.496,2.887],[-61.484,2.892],[-61.478,2.889],[-61.47,2.893],[-61.457,2.886],[-61.456,2.894],[-61.45,2.896],[-61.445,2.877],[-61.437,2.87],[-61.428,2.87],[-61.42,2.864],[-61.406,2.862],[-61.381,2.839],[-61.371,2.84],[-61.369,2.829],[-61.379,2.816],[-61.367,2.809],[-61.359,2.792],[-61.356,2.771],[-61.347,2.768],[-61.344,2.758],[-61.334,2.762],[-61.331,2.749],[-61.325,2.745],[-61.326,2.73],[-61.307,2.726],[-61.314,2.719],[-61.296,2.706],[-61.296,2.701],[-61.302,2.692],[-61.294,2.676],[-61.291,2.659],[-61.286,2.659],[-61.277,2.67],[-61.266,2.671],[-61.253,2.668],[-61.242,2.652],[-61.237,2.651],[-61.222,2.657],[-61.215,2.664],[-61.214,2.682],[-61.2,2.682],[-61.196,2.688],[-61.183,2.677],[-61.139,2.699],[-61.134,2.705],[-61.134,2.72],[-61.129,2.716],[-61.126,2.698],[-61.102,2.695],[-61.095,2.708],[-61.081,2.702],[-61.074,2.691],[-61.056,2.686],[-61.045,2.675],[-61.039,2.674],[-61.034,2.678],[-61.03,2.697],[-61.019,2.683],[-61.0,2.682],[-60.984,2.674],[-60.981,2.667],[-60.969,2.664],[-60.961,2.647],[-60.957,2.646],[-60.948,2.652],[-60.942,2.652],[-60.917,2.628],[-60.912,2.597],[-60.917,2.574],[-60.914,2.568],[-60.917,2.564],[-60.927,2.564],[-60.927,2.553],[-60.943,2.521],[-60.921,2.52],[-60.895,2.511],[-60.893,2.503],[-60.894,2.492],[-60.913,2.474],[-60.912,2.468],[-60.906,2.466],[-60.902,2.475],[-60.892,2.476],[-60.869,2.462],[-60.857,2.449],[-60.857,2.442],[-60.868,2.435],[-60.848,2.429],[-60.836,2.438],[-60.835,2.427],[-60.835,2.423],[-60.845,2.404],[-60.847,2.382],[-60.836,2.369],[-60.837,2.348],[-60.845,2.314],[-60.853,2.305],[-60.89,2.284],[-60.909,2.236],[-60.938,2.216],[-60.954,2.238],[-60.983,2.25],[-61.051,2.298],[-61.073,2.289],[-61.196,2.255],[-61.203,2.257],[-61.226,2.28],[-61.252,2.28],[-61.265,2.271],[-61.276,2.269],[-61.305,2.279],[-61.328,2.275],[-61.346,2.266],[-61.371,2.273],[-61.426,2.304],[-61.454,2.317],[-61.508,2.326],[-61.533,2.337],[-61.554,2.37],[-61.561,2.398],[-61.565,2.407],[-61.568,2.411],[-61.596,2.417],[-61.614,2.413],[-61.656,2.391],[-61.672,2.386],[-61.709,2.357],[-61.72,2.338],[-61.731,2.327],[-61.754,2.318],[-61.846,2.316],[-61.876,2.308],[-61.939,2.278],[-61.972,2.268],[-62.002,2.264],[-62.027,2.252],[-62.106,2.184],[-62.11,2.181],[-62.127,2.219],[-62.153,2.244],[-62.161,2.248],[-62.171,2.243],[-62.18,2.237],[-62.222,2.232],[-62.252,2.222],[-62.289,2.215],[-62.307,2.215],[-62.327,2.201],[-62.344,2.195],[-62.356,2.184],[-62.434,2.134],[-62.44,2.127],[-62.488,2.13],[-62.496,2.126],[-62.51,2.129],[-62.516,2.135],[-62.525,2.136],[-62.537,2.123],[-62.558,2.125],[-62.561,2.133],[-62.559,2.143],[-62.583,2.159],[-62.594,2.173],[-62.606,2.199],[-62.607,2.209],[-62.609,2.217],[-62.603,2.231],[-62.606,2.241],[-62.618,2.248],[-62.623,2.259],[-62.635,2.263],[-62.678,2.268],[-62.755,2.264],[-62.771,2.27],[-62.797,2.27],[-62.818,2.276],[-62.839,2.286],[-62.85,2.307],[-62.881,2.326],[-62.913,2.352],[-62.915,2.354],[-62.932,2.348],[-62.937,2.353],[-62.956,2.361],[-62.962,2.375],[-62.977,2.39],[-63.012,2.392],[-63.033,2.388],[-63.049,2.393],[-63.056,2.394],[-63.06,2.406],[-63.056,2.45],[-63.073,2.506],[-63.071,2.54],[-63.074,2.554],[-63.096,2.576],[-63.093,2.593],[-63.085,2.605],[-63.051,2.64],[-63.045,2.663],[-63.036,2.678],[-63.026,2.684],[-63.005,2.684],[-62.981,2.7],[-62.971,2.7],[-62.928,2.723],[-62.924,2.729],[-62.926,2.743],[-62.917,2.764],[-62.91,2.768],[-62.901,2.768],[-62.899,2.764],[-62.892,2.767],[-62.882,2.762],[-62.877,2.767],[-62.864,2.759],[-62.86,2.761],[-62.855,2.774],[-62.85,2.785],[-62.846,2.785],[-62.843,2.771],[-62.835,2.768],[-62.831,2.758],[-62.824,2.76],[-62.797,2.737],[-62.795,2.728],[-62.756,2.733],[-62.749,2.726],[-62.733,2.725],[-62.712,2.716],[-62.698,2.697],[-62.685,2.699],[-62.686,2.709],[-62.657,2.707],[-62.652,2.71],[-62.652,2.715],[-62.639,2.716],[-62.635,2.723],[-62.617,2.73],[-62.619,2.736],[-62.615,2.74],[-62.607,2.737],[-62.605,2.741],[-62.598,2.742],[-62.586,2.734],[-62.528,2.746],[-62.516,2.751],[-62.5,2.762],[-62.485,2.77],[-62.466,2.769],[-62.464,2.774],[-62.454,2.774],[-62.442,2.782],[-62.436,2.781],[-62.434,2.775],[-62.407,2.783],[-62.374,2.776],[-62.349,2.773],[-62.345,2.776],[-62.314,2.763],[-62.293,2.76],[-62.283,2.762],[-62.274,2.757],[-62.224,2.756],[-62.218,2.757],[-62.211,2.765],[-62.201,2.762],[-62.205,2.757],[-62.195,2.748],[-62.138,2.748],[-62.131,2.745],[-62.094,2.747],[-62.083,2.746],[-62.077,2.741],[-62.065,2.738],[-62.059,2.734],[-62.043,2.734],[-62.033,2.73],[-62.006,2.734],[-61.996,2.717],[-61.977,2.717],[-61.974,2.712],[-61.977,2.7],[-61.972,2.688],[-61.946,2.684],[-61.941,2.685],[-61.936,2.691],[-61.932,2.703],[-61.923,2.706],[-61.92,2.705],[-61.913,2.692],[-61.9,2.694],[-61.889,2.69],[-61.883,2.697],[-61.876,2.694],[-61.87,2.684],[-61.859,2.684],[-61.849,2.688],[-61.831,2.697],[-61.817,2.689],[-61.817,2.697],[-61.803,2.704],[-61.789,2.706],[-61.773,2.72],[-61.769,2.712],[-61.763,2.715],[-61.752,2.712],[-61.734,2.716],[-61.732,2.732],[-61.736,2.743],[-61.74,2.744],[-61.742,2.738],[-61.747,2.743],[-61.741,2.765],[-61.734,2.768],[-61.725,2.784],[-61.698,2.79],[-61.693,2.795],[-61.698,2.804],[-61.709,2.8],[-61.721,2.812],[-61.707,2.837],[-61.704,2.85],[-61.694,2.864],[-61.657,2.9],[-61.646,2.906],[-61.627,2.933],[-61.617,2.932],[-61.605,2.94],[-61.595,2.941],[-61.578,2.948],[-61.569,2.941],[-61.564,2.94]]]}},{"type":"Feature","properties":{"id":"1400407","nome":"Normandia"},"geometry":{"type":"Polygon","coordinates":[[[-60.002,4.282],[-59.996,4.281],[-59.982,4.281],[-59.934,4.243],[-59.885,4.224],[-59.814,4.214],[-59.766,4.212],[-59.765,4.209],[-59.793,4.187],[-59.795,4.18],[-59.774,4.173],[-59.768,4.177],[-59.756,4.169],[-59.734,4.167],[-59.7,4.161],[-59.68,4.147],[-59.642,4.146],[-59.616,4.133],[-59.621,4.118],[-59.629,4.111],[-59.649,4.071],[-59.639,4.068],[-59.628,4.054],[-59.614,4.054],[-59.617,4.05],[-59.614,4.039],[-59.597,4.03],[-59.596,4.018],[-59.6,4.016],[-59.608,4.02],[-59.609,4.017],[-59.599,4.009],[-59.59,4.02],[-59.587,4.012],[-59.593,4.0],[-59.587,3.994],[-59.577,4.004],[-59.574,4.002],[-59.579,3.997],[-59.573,3.988],[-59.586,3.977],[-59.584,3.968],[-59.571,3.969],[-59.567,3.965],[-59.558,3.979],[-59.546,3.979],[-59.544,3.973],[-59.526,3.967],[-59.52,3.955],[-59.522,3.952],[-59.516,3.944],[-59.527,3.938],[-59.524,3.933],[-59.528,3.924],[-59.535,3.927],[-59.539,3.932],[-59.543,3.93],[-59.541,3.923],[-59.548,3.92],[-59.564,3.92],[-59.568,3.891],[-59.577,3.902],[-59.576,3.89],[-59.592,3.888],[-59.594,3.884],[-59.591,3.868],[-59.593,3.862],[-59.584,3.857],[-59.59,3.852],[-59.587,3.836],[-59.578,3.832],[-59.579,3.817],[-59.585,3.823],[-59.591,3.816],[-59.598,3.815],[-59.594,3.807],[-59.596,3.796],[-59.598,3.794],[-59.608,3.804],[-59.613,3.803],[-59.616,3.795],[-59.629,3.785],[-59.633,3.788],[-59.627,3.794],[-59.628,3.799],[-59.633,3.797],[-59.64,3.785],[-59.648,3.788],[-59.664,3.782],[-59.671,3.769],[-59.669,3.765],[-59.68,3.76],[-59.679,3.755],[-59.672,3.753],[-59.674,3.745],[-59.669,3.742],[-59.664,3.734],[-59.671,3.729],[-59.663,3.716],[-59.668,3.703],[-59.68,3.696],[-59.689,3.699],[-59.694,3.689],[-59.704,3.689],[-59.71,3.679],[-59.719,3.674],[-59.72,3.666],[-59.724,3.663],[-59.743,3.66],[-59.752,3.652],[-59.76,3.632],[-59.769,3.633],[-59.764,3.626],[-59.774,3.626],[-59.791,3.617],[-59.798,3.619],[-59.807,3.617],[-59.815,3.62],[-59.817,3.62],[-59.816,3.611],[-59.822,3.614],[-59.838,3.606],[-59.85,3.605],[-59.85,3.596],[-59.857,3.582],[-59.866,3.578],[-59.859,3.574],[-59.858,3.571],[-59.871,3.564],[-59.876,3.566],[-59.885,3.564],[-59.892,3.576],[-59.905,3.587],[-59.922,3.579],[-59.937,3.559],[-59.943,3.561],[-59.948,3.57],[-59.956,3.574],[-59.978,3.556],[-59.997,3.553],[-60.027,3.54],[-60.036,3.528],[-60.056,3.525],[-60.077,3.503],[-60.083,3.494],[-60.114,3.481],[-60.139,3.461],[-60.156,3.463],[-60.173,3.447],[-60.19,3.411],[-60.242,3.394],[-60.295,3.387],[-60.321,3.369],[-60.325,3.396],[-60.322,3.414],[-60.318,3.418],[-60.297,3.429],[-60.299,3.439],[-60.287,3.447],[-60.286,3.46],[-60.301,3.476],[-60.299,3.487],[-60.31,3.495],[-60.31,3.509],[-60.321,3.507],[-60.329,3.515],[-60.33,3.52],[-60.321,3.521],[-60.322,3.53],[-60.337,3.546],[-60.352,3.552],[-60.357,3.542],[-60.372,3.548],[-60.381,3.556],[-60.376,3.563],[-60.378,3.566],[-60.395,3.573],[-60.406,3.568],[-60.41,3.572],[-60.41,3.58],[-60.418,3.595],[-60.422,3.612],[-60.431,3.612],[-60.425,3.621],[-60.438,3.627],[-60.432,3.649],[-60.437,3.65],[-60.443,3.663],[-60.452,3.664],[-60.457,3.673],[-60.454,3.683],[-60.461,3.691],[-60.461,3.697],[-60.466,3.698],[-60.471,3.695],[-60.475,3.701],[-60.47,3.718],[-60.473,3.725],[-60.481,3.731],[-60.484,3.742],[-60.488,3.743],[-60.504,3.733],[-60.506,3.735],[-60.489,3.751],[-60.487,3.759],[-60.493,3.773],[-60.485,3.771],[-60.48,3.775],[-60.48,3.782],[-60.488,3.789],[-60.491,3.801],[-60.488,3.805],[-60.485,3.799],[-60.482,3.799],[-60.486,3.828],[-60.478,3.833],[-60.477,3.84],[-60.481,3.854],[-60.487,3.857],[-60.491,3.867],[-60.499,3.874],[-60.489,3.886],[-60.491,3.891],[-60.487,3.9],[-60.501,3.913],[-60.488,3.924],[-60.493,3.939],[-60.484,3.955],[-60.471,3.957],[-60.461,3.952],[-60.458,3.955],[-60.457,3.969],[-60.462,3.981],[-60.459,3.993],[-60.451,3.998],[-60.448,4.015],[-60.444,4.016],[-60.438,4.029],[-60.439,4.036],[-60.445,4.041],[-60.449,4.051],[-60.446,4.082],[-60.457,4.091],[-60.465,4.107],[-60.464,4.111],[-60.474,4.115],[-60.471,4.127],[-60.482,4.132],[-60.487,4.143],[-60.491,4.143],[-60.501,4.133],[-60.506,4.136],[-60.499,4.147],[-60.51,4.155],[-60.515,4.167],[-60.52,4.17],[-60.536,4.167],[-60.539,4.173],[-60.536,4.181],[-60.542,4.203],[-60.539,4.211],[-60.516,4.201],[-60.504,4.21],[-60.494,4.209],[-60.486,4.215],[-60.469,4.206],[-60.451,4.202],[-60.406,4.195],[-60.39,4.198],[-60.362,4.178],[-60.34,4.172],[-60.335,4.164],[-60.328,4.161],[-60.299,4.174],[-60.293,4.169],[-60.28,4.17],[-60.273,4.167],[-60.272,4.168],[-60.264,4.174],[-60.259,4.183],[-60.248,4.188],[-60.238,4.189],[-60.231,4.197],[-60.222,4.197],[-60.224,4.183],[-60.212,4.184],[-60.208,4.18],[-60.175,4.194],[-60.168,4.206],[-60.16,4.204],[-60.159,4.209],[-60.14,4.222],[-60.137,4.23],[-60.143,4.234],[-60.133,4.247],[-60.13,4.26],[-60.096,4.259],[-60.09,4.263],[-60.08,4.261],[-60.07,4.273],[-60.069,4.285],[-60.045,4.304],[-60.033,4.301],[-60.002,4.282]]]}},{"type":"Feature","properties":{"id":"1400456","nome":"Pacaraima"},"geometry":{"type":"Polygon","coordinates":[[[-60.62,4.836],[-60.623,4.82],[-60.628,4.822],[-60.636,4.811],[-60.642,4.792],[-60.639,4.788],[-60.642,4.785],[-60.636,4.776],[-60.64,4.762],[-60.638,4.754],[-60.649,4.731],[-60.647,4.726],[-60.65,4.726],[-60.643,4.721],[-60.638,4.719],[-60.643,4.709],[-60.641,4.705],[-60.645,4.702],[-60.644,4.671],[-60.626,4.654],[-60.631,4.652],[-60.629,4.647],[-60.631,4.641],[-60.625,4.629],[-60.628,4.623],[-60.64,4.617],[-60.635,4.605],[-60.611,4.546],[-60.628,4.521],[-60.629,4.502],[-60.639,4.494],[-60.643,4.485],[-60.636,4.478],[-60.641,4.466],[-60.638,4.465],[-60.648,4.443],[-60.648,4.436],[-60.65,4.437],[-60.656,4.425],[-60.653,4.41],[-60.639,4.406],[-60.643,4.399],[-60.642,4.392],[-60.626,4.396],[-60.622,4.392],[-60.597,4.389],[-60.581,4.362],[-60.574,4.356],[-60.572,4.344],[-60.557,4.333],[-60.564,4.325],[-60.561,4.32],[-60.556,4.309],[-60.548,4.311],[-60.544,4.305],[-60.542,4.3],[-60.564,4.286],[-60.567,4.276],[-60.562,4.273],[-60.56,4.263],[-60.532,4.255],[-60.514,4.244],[-60.509,4.234],[-60.518,4.23],[-60.515,4.227],[-60.517,4.223],[-60.525,4.223],[-60.537,4.214],[-60.539,4.211],[-60.542,4.203],[-60.536,4.181],[-60.539,4.173],[-60.536,4.167],[-60.52,4.17],[-60.515,4.167],[-60.51,4.155],[-60.499,4.147],[-60.506,4.136],[-60.501,4.133],[-60.491,4.143],[-60.487,4.143],[-60.482,4.132],[-60.471,4.127],[-60.474,4.115],[-60.464,4.111],[-60.465,4.107],[-60.457,4.091],[-60.446,4.082],[-60.449,4.051],[-60.445,4.041],[-60.439,4.036],[-60.438,4.029],[-60.444,4.016],[-60.448,4.015],[-60.451,3.998],[-60.459,3.993],[-60.462,3.981],[-60.457,3.969],[-60.458,3.955],[-60.461,3.952],[-60.471,3.957],[-60.484,3.955],[-60.493,3.939],[-60.488,3.924],[-60.501,3.913],[-60.487,3.9],[-60.491,3.891],[-60.489,3.886],[-60.499,3.874],[-60.491,3.867],[-60.487,3.857],[-60.481,3.854],[-60.477,3.84],[-60.478,3.833],[-60.486,3.828],[-60.482,3.799],[-60.485,3.799],[-60.488,3.805],[-60.491,3.801],[-60.488,3.789],[-60.48,3.782],[-60.48,3.775],[-60.485,3.771],[-60.493,3.773],[-60.487,3.759],[-60.489,3.751],[-60.506,3.735],[-60.504,3.733],[-60.488,3.743],[-60.484,3.742],[-60.481,3.731],[-60.473,3.725],[-60.47,3.718],[-60.475,3.701],[-60.471,3.695],[-60.466,3.698],[-60.461,3.697],[-60.461,3.691],[-60.454,3.683],[-60.457,3.673],[-60.452,3.664],[-60.443,3.663],[-60.437,3.65],[-60.432,3.649],[-60.438,3.627],[-60.425,3.621],[-60.431,3.612],[-60.422,3.612],[-60.418,3.595],[-60.41,3.58],[-60.417,3.577],[-60.418,3.582],[-60.428,3.587],[-60.437,3.583],[-60.436,3.578],[-60.442,3.582],[-60.45,3.58],[-60.453,3.59],[-60.461,3.592],[-60.471,3.605],[-60.483,3.606],[-60.49,3.584],[-60.513,3.567],[-60.516,3.555],[-60.513,3.551],[-60.514,3.543],[-60.528,3.555],[-60.538,3.526],[-60.552,3.519],[-60.554,3.509],[-60.546,3.502],[-60.552,3.481],[-60.578,3.479],[-60.578,3.47],[-60.602,3.457],[-60.606,3.449],[-60.622,3.47],[-60.621,3.485],[-60.609,3.502],[-60.617,3.504],[-60.62,3.514],[-60.632,3.53],[-60.641,3.529],[-60.657,3.534],[-60.667,3.54],[-60.672,3.549],[-60.682,3.546],[-60.685,3.555],[-60.697,3.564],[-60.705,3.561],[-60.71,3.553],[-60.725,3.56],[-60.732,3.564],[-60.737,3.573],[-60.745,3.575],[-60.752,3.575],[-60.758,3.569],[-60.767,3.566],[-60.777,3.576],[-60.798,3.581],[-60.798,3.594],[-60.812,3.595],[-60.804,3.614],[-60.817,3.622],[-60.823,3.618],[-60.831,3.624],[-60.832,3.629],[-60.84,3.628],[-60.842,3.633],[-60.85,3.632],[-60.857,3.637],[-60.867,3.646],[-60.867,3.652],[-60.862,3.667],[-60.868,3.673],[-60.873,3.701],[-60.883,3.715],[-60.881,3.72],[-60.885,3.723],[-60.889,3.739],[-60.883,3.749],[-60.883,3.758],[-60.878,3.76],[-60.879,3.769],[-60.875,3.774],[-60.878,3.78],[-60.872,3.788],[-60.873,3.8],[-60.87,3.807],[-60.874,3.831],[-60.877,3.835],[-60.878,3.845],[-60.884,3.848],[-60.887,3.858],[-60.898,3.867],[-60.896,3.873],[-60.904,3.883],[-60.909,3.909],[-60.917,3.919],[-60.914,3.923],[-60.921,3.927],[-60.923,3.933],[-60.932,3.935],[-60.931,3.951],[-60.927,3.977],[-60.929,3.987],[-60.942,4.002],[-60.946,4.002],[-60.956,4.022],[-60.961,4.026],[-60.962,4.022],[-60.963,4.025],[-60.969,4.025],[-60.97,4.033],[-60.973,4.032],[-60.979,4.037],[-60.988,4.032],[-60.996,4.04],[-61.0,4.036],[-61.004,4.037],[-61.005,4.043],[-61.013,4.038],[-61.017,4.044],[-61.02,4.035],[-61.028,4.038],[-61.032,4.035],[-61.031,4.032],[-61.04,4.026],[-61.035,4.02],[-61.042,4.023],[-61.049,4.021],[-61.054,4.013],[-61.049,4.012],[-61.048,4.009],[-61.055,4.008],[-61.058,4.003],[-61.073,4.012],[-61.109,4.014],[-61.11,4.019],[-61.135,4.023],[-61.14,4.021],[-61.144,4.025],[-61.15,4.025],[-61.174,4.036],[-61.184,4.043],[-61.184,4.048],[-61.193,4.047],[-61.206,4.066],[-61.222,4.069],[-61.225,4.073],[-61.229,4.071],[-61.234,4.081],[-61.24,4.083],[-61.239,4.088],[-61.244,4.091],[-61.245,4.096],[-61.251,4.098],[-61.24,4.118],[-61.242,4.124],[-61.239,4.131],[-61.242,4.152],[-61.254,4.164],[-61.259,4.165],[-61.256,4.176],[-61.251,4.179],[-61.248,4.189],[-61.251,4.194],[-61.245,4.201],[-61.247,4.212],[-61.257,4.221],[-61.257,4.236],[-61.263,4.237],[-61.264,4.241],[-61.272,4.244],[-61.274,4.251],[-61.29,4.265],[-61.29,4.271],[-61.3,4.274],[-61.303,4.28],[-61.299,4.29],[-61.302,4.297],[-61.321,4.307],[-61.324,4.312],[-61.337,4.312],[-61.348,4.326],[-61.508,4.322],[-61.521,4.326],[-61.521,4.333],[-61.527,4.342],[-61.525,4.348],[-61.516,4.35],[-61.521,4.374],[-61.52,4.386],[-61.515,4.392],[-61.518,4.399],[-61.513,4.406],[-61.486,4.411],[-61.472,4.425],[-61.465,4.425],[-61.462,4.437],[-61.448,4.439],[-61.445,4.435],[-61.439,4.436],[-61.435,4.433],[-61.442,4.427],[-61.441,4.425],[-61.428,4.426],[-61.427,4.432],[-61.422,4.434],[-61.408,4.431],[-61.404,4.425],[-61.372,4.427],[-61.351,4.419],[-61.338,4.421],[-61.336,4.429],[-61.319,4.43],[-61.325,4.443],[-61.314,4.451],[-61.313,4.458],[-61.288,4.458],[-61.288,4.464],[-61.28,4.468],[-61.278,4.478],[-61.295,4.481],[-61.297,4.494],[-61.303,4.494],[-61.311,4.504],[-61.322,4.504],[-61.322,4.511],[-61.329,4.516],[-61.323,4.535],[-61.307,4.537],[-61.305,4.541],[-61.3,4.536],[-61.285,4.538],[-61.276,4.528],[-61.27,4.533],[-61.269,4.54],[-61.257,4.536],[-61.252,4.523],[-61.25,4.53],[-61.244,4.534],[-61.22,4.523],[-61.219,4.535],[-61.217,4.536],[-61.201,4.517],[-61.197,4.521],[-61.188,4.521],[-61.176,4.512],[-61.171,4.503],[-61.164,4.502],[-61.162,4.496],[-61.152,4.496],[-61.146,4.482],[-61.132,4.499],[-61.127,4.5],[-61.125,4.506],[-61.107,4.511],[-61.103,4.516],[-61.096,4.518],[-61.095,4.522],[-61.077,4.518],[-61.065,4.524],[-61.023,4.521],[-61.017,4.516],[-60.994,4.519],[-60.995,4.526],[-60.983,4.543],[-60.964,4.544],[-60.958,4.551],[-60.954,4.563],[-60.956,4.584],[-60.939,4.58],[-60.932,4.587],[-60.936,4.597],[-60.942,4.6],[-60.932,4.617],[-60.938,4.624],[-60.939,4.634],[-60.951,4.642],[-60.949,4.653],[-60.948,4.656],[-60.934,4.657],[-60.93,4.662],[-60.917,4.665],[-60.909,4.686],[-60.911,4.704],[-60.899,4.717],[-60.875,4.715],[-60.87,4.709],[-60.852,4.704],[-60.831,4.728],[-60.82,4.727],[-60.812,4.732],[-60.813,4.738],[-60.806,4.749],[-60.789,4.749],[-60.788,4.753],[-60.764,4.759],[-60.751,4.756],[-60.743,4.762],[-60.738,4.772],[-60.726,4.774],[-60.721,4.779],[-60.726,4.781],[-60.723,4.786],[-60.726,4.792],[-60.719,4.8],[-60.705,4.81],[-60.696,4.811],[-60.687,4.82],[-60.686,4.827],[-60.676,4.832],[-60.672,4.841],[-60.659,4.849],[-60.656,4.865],[-60.648,4.869],[-60.653,4.882],[-60.652,4.885],[-60.637,4.878],[-60.631,4.869],[-60.63,4.862],[-60.624,4.859],[-60.613,4.843],[-60.62,4.836]]]}},{"type":"Feature","properties":{"id":"1400472","nome":"Rorain\u00f3polis"},"geometry":{"type":"Polygon","coordinates":[[[-60.32,1.144],[-60.313,1.132],[-60.3,1.137],[-60.295,1.131],[-60.299,1.122],[-60.291,1.116],[-60.278,1.131],[-60.267,1.128],[-60.266,1.115],[-60.279,1.115],[-60.279,1.095],[-60.272,1.094],[-60.271,1.078],[-60.286,1.079],[-60.306,1.041],[-60.402,1.003],[-60.326,0.987],[-60.277,0.976],[-60.257,0.968],[-60.273,0.955],[-60.201,0.88],[-60.295,0.776],[-60.281,0.761],[-60.263,0.743],[-60.25,0.742],[-60.263,0.717],[-60.253,0.693],[-60.255,0.669],[-60.248,0.665],[-60.244,0.663],[-60.237,0.646],[-60.228,0.641],[-60.223,0.629],[-60.227,0.627],[-60.238,0.605],[-60.231,0.589],[-60.213,0.596],[-60.218,0.582],[-60.227,0.575],[-60.226,0.568],[-60.209,0.566],[-60.189,0.571],[-60.184,0.564],[-60.18,0.567],[-60.174,0.563],[-60.164,0.567],[-60.155,0.561],[-60.152,0.564],[-60.138,0.545],[-60.131,0.526],[-60.124,0.524],[-60.132,0.505],[-60.125,0.484],[-60.118,0.48],[-60.118,0.458],[-60.095,0.435],[-60.094,0.418],[-60.076,0.403],[-60.082,0.401],[-60.086,0.389],[-60.094,0.383],[-60.095,0.373],[-60.104,0.358],[-60.102,0.349],[-60.099,0.345],[-60.081,0.341],[-60.075,0.333],[-60.058,0.329],[-60.036,0.315],[-60.026,0.318],[-60.013,0.309],[-60.01,0.312],[-60.003,0.31],[-60.004,0.305],[-60.013,0.302],[-60.018,0.29],[-60.039,0.272],[-60.037,0.264],[-60.046,0.232],[-60.059,0.163],[-60.073,0.15],[-60.086,0.143],[-60.116,0.134],[-60.12,0.124],[-60.137,0.103],[-60.136,0.093],[-60.127,0.089],[-60.123,0.081],[-60.136,0.066],[-60.134,0.054],[-60.14,0.048],[-60.143,0.038],[-60.138,0.029],[-60.16,0.017],[-60.171,0.001],[-60.185,0.0],[-60.181,-0.01],[-60.203,-0.033],[-60.206,-0.061],[-60.222,-0.083],[-60.228,-0.101],[-60.23,-0.11],[-60.225,-0.119],[-60.227,-0.128],[-60.22,-0.135],[-60.224,-0.143],[-60.232,-0.146],[-60.249,-0.167],[-60.249,-0.175],[-60.258,-0.173],[-60.266,-0.178],[-60.264,-0.189],[-60.276,-0.202],[-60.285,-0.21],[-60.293,-0.205],[-60.299,-0.211],[-60.291,-0.229],[-60.299,-0.256],[-60.304,-0.264],[-60.302,-0.272],[-60.299,-0.274],[-60.295,-0.282],[-60.295,-0.285],[-60.289,-0.293],[-60.302,-0.304],[-60.302,-0.328],[-60.318,-0.33],[-60.321,-0.337],[-60.317,-0.358],[-60.322,-0.368],[-60.322,-0.377],[-60.336,-0.385],[-60.343,-0.401],[-60.349,-0.407],[-60.344,-0.413],[-60.345,-0.42],[-60.341,-0.43],[-60.344,-0.44],[-60.382,-0.47],[-60.383,-0.479],[-60.391,-0.494],[-60.391,-0.503],[-60.399,-0.51],[-60.397,-0.546],[-60.394,-0.553],[-60.382,-0.557],[-60.379,-0.576],[-60.388,-0.581],[-60.383,-0.59],[-60.365,-0.588],[-60.365,-0.597],[-60.357,-0.605],[-60.351,-0.622],[-60.34,-0.625],[-60.327,-0.64],[-60.319,-0.637],[-60.313,-0.641],[-60.314,-0.66],[-60.303,-0.674],[-60.308,-0.689],[-60.302,-0.693],[-60.304,-0.701],[-60.303,-0.707],[-60.303,-0.711],[-60.309,-0.724],[-60.317,-0.723],[-60.341,-0.739],[-60.346,-0.746],[-60.353,-0.742],[-60.377,-0.743],[-60.383,-0.759],[-60.401,-0.757],[-60.419,-0.764],[-60.421,-0.773],[-60.427,-0.778],[-60.434,-0.772],[-60.457,-0.774],[-60.467,-0.769],[-60.479,-0.771],[-60.494,-0.782],[-60.497,-0.789],[-60.492,-0.796],[-60.495,-0.804],[-60.493,-0.812],[-60.498,-0.822],[-60.506,-0.821],[-60.519,-0.833],[-60.503,-0.841],[-60.504,-0.849],[-60.531,-0.875],[-60.541,-0.875],[-60.547,-0.869],[-60.557,-0.869],[-60.557,-0.86],[-60.591,-0.853],[-60.594,-0.872],[-60.609,-0.864],[-60.62,-0.863],[-60.624,-0.871],[-60.633,-0.868],[-60.636,-0.876],[-60.654,-0.883],[-60.667,-0.894],[-60.672,-0.888],[-60.669,-0.878],[-60.675,-0.873],[-60.707,-0.865],[-60.717,-0.87],[-60.732,-0.858],[-60.752,-0.861],[-60.751,-0.85],[-60.754,-0.842],[-60.759,-0.828],[-60.753,-0.819],[-60.759,-0.809],[-60.756,-0.795],[-60.773,-0.791],[-60.773,-0.782],[-60.766,-0.778],[-60.761,-0.761],[-60.768,-0.754],[-60.777,-0.756],[-60.781,-0.748],[-60.788,-0.744],[-60.797,-0.744],[-60.799,-0.736],[-60.793,-0.728],[-60.795,-0.715],[-60.797,-0.711],[-60.797,-0.701],[-60.812,-0.692],[-60.843,-0.69],[-60.851,-0.674],[-60.847,-0.664],[-60.849,-0.654],[-60.854,-0.648],[-60.861,-0.642],[-60.882,-0.649],[-60.908,-0.624],[-60.908,-0.616],[-60.916,-0.61],[-60.916,-0.589],[-60.912,-0.581],[-60.92,-0.555],[-60.93,-0.554],[-60.935,-0.56],[-60.946,-0.559],[-60.953,-0.554],[-60.958,-0.56],[-60.975,-0.562],[-61.0,-0.559],[-61.025,-0.544],[-61.033,-0.549],[-61.046,-0.546],[-61.055,-0.538],[-61.063,-0.513],[-61.087,-0.5],[-61.096,-0.499],[-61.112,-0.507],[-61.119,-0.499],[-61.129,-0.497],[-61.148,-0.499],[-61.155,-0.505],[-61.157,-0.515],[-61.164,-0.512],[-61.173,-0.508],[-61.198,-0.506],[-61.208,-0.498],[-61.216,-0.5],[-61.223,-0.505],[-61.223,-0.519],[-61.216,-0.533],[-61.224,-0.539],[-61.224,-0.559],[-61.231,-0.564],[-61.275,-0.576],[-61.283,-0.574],[-61.285,-0.574],[-61.298,-0.576],[-61.326,-0.598],[-61.347,-0.595],[-61.356,-0.598],[-61.366,-0.607],[-61.39,-0.617],[-61.407,-0.631],[-61.428,-0.634],[-61.43,-0.643],[-61.426,-0.653],[-61.435,-0.658],[-61.456,-0.657],[-61.464,-0.664],[-61.472,-0.683],[-61.474,-0.702],[-61.484,-0.72],[-61.516,-0.745],[-61.532,-0.751],[-61.535,-0.754],[-61.538,-0.756],[-61.54,-0.761],[-61.542,-0.763],[-61.546,-0.781],[-61.552,-0.801],[-61.551,-0.806],[-61.552,-0.811],[-61.549,-0.839],[-61.543,-0.843],[-61.543,-0.852],[-61.558,-0.864],[-61.558,-0.893],[-61.578,-0.91],[-61.58,-0.93],[-61.585,-0.937],[-61.579,-0.956],[-61.583,-0.982],[-61.576,-0.988],[-61.56,-0.988],[-61.562,-1.0],[-61.56,-1.01],[-61.547,-1.023],[-61.543,-1.035],[-61.544,-1.062],[-61.546,-1.071],[-61.567,-1.074],[-61.576,-1.079],[-61.578,-1.088],[-61.566,-1.099],[-61.574,-1.104],[-61.577,-1.113],[-61.571,-1.12],[-61.566,-1.132],[-61.569,-1.14],[-61.578,-1.151],[-61.582,-1.164],[-61.573,-1.184],[-61.582,-1.189],[-61.588,-1.197],[-61.595,-1.223],[-61.606,-1.244],[-61.607,-1.278],[-61.626,-1.294],[-61.628,-1.301],[-61.611,-1.308],[-61.605,-1.315],[-61.585,-1.338],[-61.582,-1.353],[-61.587,-1.361],[-61.599,-1.367],[-61.619,-1.394],[-61.614,-1.402],[-61.602,-1.407],[-61.594,-1.405],[-61.581,-1.409],[-61.573,-1.428],[-61.547,-1.429],[-61.538,-1.433],[-61.539,-1.444],[-61.533,-1.465],[-61.516,-1.502],[-61.481,-1.517],[-61.473,-1.527],[-61.469,-1.538],[-61.47,-1.546],[-61.475,-1.553],[-61.474,-1.579],[-61.482,-1.58],[-61.491,-1.574],[-61.544,-1.525],[-61.559,-1.495],[-61.572,-1.478],[-61.604,-1.448],[-61.635,-1.434],[-61.674,-1.424],[-61.687,-1.42],[-61.723,-1.405],[-61.74,-1.392],[-61.769,-1.383],[-61.79,-1.379],[-61.797,-1.38],[-61.817,-1.399],[-61.84,-1.4],[-61.842,-1.398],[-61.854,-1.388],[-61.864,-1.368],[-61.872,-1.33],[-61.842,-1.27],[-61.839,-1.258],[-61.842,-1.249],[-61.849,-1.198],[-61.863,-1.164],[-61.878,-1.138],[-61.881,-1.126],[-61.874,-1.098],[-61.861,-1.081],[-61.858,-1.057],[-61.889,-1.0],[-61.869,-0.931],[-61.872,-0.918],[-61.883,-0.896],[-61.882,-0.878],[-61.874,-0.86],[-61.854,-0.84],[-61.848,-0.821],[-61.848,-0.798],[-61.861,-0.765],[-61.867,-0.724],[-61.856,-0.694],[-61.841,-0.671],[-61.81,-0.608],[-61.811,-0.563],[-61.823,-0.539],[-61.824,-0.526],[-61.818,-0.504],[-61.8,-0.469],[-61.8,-0.456],[-61.805,-0.441],[-61.83,-0.414],[-61.84,-0.396],[-61.844,-0.388],[-61.846,-0.363],[-61.84,-0.35],[-61.829,-0.317],[-61.834,-0.294],[-61.837,-0.271],[-61.834,-0.245],[-61.818,-0.201],[-61.809,-0.167],[-61.806,-0.139],[-61.795,-0.121],[-61.789,-0.101],[-61.791,-0.091],[-61.813,-0.054],[-61.815,-0.032],[-61.805,-0.016],[-61.802,0.0],[-61.781,0.036],[-61.773,0.059],[-61.769,0.098],[-61.777,0.168],[-61.772,0.234],[-61.758,0.31],[-61.735,0.353],[-61.723,0.392],[-61.711,0.436],[-61.687,0.483],[-61.675,0.497],[-61.65,0.516],[-61.636,0.533],[-61.615,0.607],[-61.592,0.629],[-61.57,0.666],[-61.559,0.68],[-61.527,0.706],[-61.5,0.724],[-61.453,0.786],[-61.432,0.833],[-61.424,0.87],[-61.375,0.926],[-61.369,0.938],[-61.364,0.959],[-61.355,0.969],[-61.345,0.98],[-61.317,0.996],[-61.306,0.986],[-61.288,0.979],[-61.274,0.977],[-61.264,0.979],[-61.263,0.967],[-61.256,0.967],[-61.25,0.972],[-61.242,0.991],[-61.232,1.001],[-61.226,1.002],[-61.218,1.0],[-61.202,0.978],[-61.192,0.95],[-61.187,0.95],[-61.187,0.96],[-61.176,0.963],[-61.172,0.961],[-61.174,0.954],[-61.162,0.958],[-61.156,0.954],[-61.154,0.948],[-61.156,0.941],[-61.149,0.936],[-61.145,0.941],[-61.143,0.952],[-61.127,0.944],[-61.119,0.957],[-61.127,0.958],[-61.129,0.964],[-61.108,0.963],[-61.115,0.969],[-61.11,0.976],[-61.114,0.983],[-61.106,0.991],[-61.1,0.986],[-61.096,0.994],[-61.088,0.998],[-61.086,1.003],[-61.091,1.007],[-61.081,1.016],[-61.067,1.01],[-61.063,1.012],[-61.069,1.02],[-61.057,1.027],[-61.064,1.031],[-61.065,1.036],[-61.046,1.046],[-61.049,1.061],[-61.036,1.073],[-61.044,1.083],[-61.04,1.088],[-61.022,1.084],[-61.022,1.095],[-61.018,1.104],[-61.016,1.103],[-61.012,1.098],[-61.011,1.085],[-61.003,1.09],[-60.991,1.083],[-60.985,1.093],[-60.974,1.085],[-60.961,1.089],[-60.948,1.083],[-60.943,1.072],[-60.924,1.074],[-60.912,1.094],[-60.906,1.095],[-60.911,1.101],[-60.905,1.109],[-60.906,1.118],[-60.901,1.124],[-60.883,1.129],[-60.859,1.108],[-60.842,1.091],[-60.84,1.076],[-60.834,1.075],[-60.832,1.069],[-60.819,1.063],[-60.821,1.054],[-60.818,1.049],[-60.821,1.04],[-60.816,1.031],[-60.817,1.019],[-60.822,1.004],[-60.81,0.987],[-60.81,0.982],[-60.79,0.972],[-60.79,0.967],[-60.786,0.967],[-60.779,0.959],[-60.779,0.946],[-60.767,0.936],[-60.756,0.94],[-60.729,0.935],[-60.726,0.921],[-60.732,0.913],[-60.732,0.907],[-60.738,0.907],[-60.741,0.903],[-60.74,0.9],[-60.734,0.899],[-60.731,0.883],[-60.724,0.882],[-60.718,0.868],[-60.712,0.869],[-60.714,0.88],[-60.71,0.88],[-60.706,0.871],[-60.694,0.877],[-60.691,0.884],[-60.688,0.873],[-60.681,0.875],[-60.685,0.877],[-60.684,0.884],[-60.682,0.877],[-60.677,0.886],[-60.669,0.879],[-60.661,0.892],[-60.654,0.891],[-60.65,0.903],[-60.635,0.896],[-60.631,0.901],[-60.619,0.897],[-60.611,0.904],[-60.602,0.905],[-60.604,0.91],[-60.597,0.921],[-60.602,0.925],[-60.602,0.933],[-60.593,0.924],[-60.583,0.933],[-60.568,0.936],[-60.574,0.942],[-60.573,0.944],[-60.561,0.939],[-60.557,0.945],[-60.554,0.957],[-60.561,0.956],[-60.546,0.967],[-60.542,0.966],[-60.545,0.97],[-60.538,0.975],[-60.541,0.986],[-60.537,0.988],[-60.536,0.993],[-60.522,0.986],[-60.513,0.991],[-60.509,1.026],[-60.497,1.04],[-60.482,1.046],[-60.48,1.059],[-60.464,1.07],[-60.467,1.082],[-60.452,1.081],[-60.451,1.098],[-60.444,1.098],[-60.433,1.107],[-60.426,1.106],[-60.423,1.1],[-60.417,1.102],[-60.414,1.107],[-60.418,1.117],[-60.413,1.124],[-60.401,1.13],[-60.378,1.136],[-60.376,1.14],[-60.362,1.136],[-60.357,1.13],[-60.349,1.138],[-60.354,1.142],[-60.352,1.144],[-60.344,1.133],[-60.338,1.138],[-60.331,1.136],[-60.324,1.138],[-60.324,1.148],[-60.32,1.148],[-60.32,1.144]]]}},{"type":"Feature","properties":{"id":"1400506","nome":"S\u00e3o Jo\u00e3o da Baliza"},"geometry":{"type":"Polygon","coordinates":[[[-59.776,1.277],[-59.752,1.19],[-59.747,1.146],[-59.743,1.11],[-59.739,1.076],[-59.752,1.001],[-59.759,0.924],[-59.755,0.92],[-59.76,0.905],[-59.771,0.852],[-59.762,0.838],[-59.769,0.83],[-59.776,0.828],[-59.779,0.82],[-59.784,0.794],[-59.812,0.631],[-59.814,0.619],[-59.806,0.615],[-59.801,0.607],[-59.798,0.608],[-59.797,0.602],[-59.768,0.575],[-59.743,0.543],[-59.705,0.548],[-59.686,0.541],[-59.65,0.571],[-59.641,0.571],[-59.614,0.571],[-59.603,0.564],[-59.594,0.564],[-59.588,0.545],[-59.566,0.526],[-59.559,0.523],[-59.553,0.525],[-59.545,0.522],[-59.539,0.51],[-59.535,0.507],[-59.534,0.499],[-59.522,0.49],[-59.517,0.463],[-59.507,0.457],[-59.504,0.437],[-59.495,0.437],[-59.494,0.435],[-59.48,0.433],[-59.472,0.429],[-59.466,0.43],[-59.453,0.402],[-59.453,0.385],[-59.459,0.383],[-59.459,0.372],[-59.466,0.366],[-59.465,0.36],[-59.471,0.346],[-59.464,0.337],[-59.458,0.318],[-59.449,0.312],[-59.445,0.3],[-59.437,0.291],[-59.433,0.264],[-59.952,0.264],[-60.037,0.264],[-60.039,0.272],[-60.018,0.29],[-60.013,0.302],[-60.004,0.305],[-60.003,0.31],[-60.01,0.312],[-60.013,0.309],[-60.026,0.318],[-60.036,0.315],[-60.058,0.329],[-60.075,0.333],[-60.081,0.341],[-60.099,0.345],[-60.102,0.349],[-60.104,0.358],[-60.095,0.373],[-60.094,0.383],[-60.086,0.389],[-60.082,0.401],[-60.076,0.403],[-60.094,0.418],[-60.095,0.435],[-60.118,0.458],[-60.118,0.48],[-60.125,0.484],[-60.132,0.505],[-60.124,0.524],[-60.131,0.526],[-60.138,0.545],[-60.152,0.564],[-60.148,0.577],[-60.141,0.576],[-60.122,0.582],[-60.121,0.59],[-60.112,0.588],[-60.108,0.595],[-60.103,0.596],[-60.093,0.604],[-60.081,0.601],[-60.077,0.608],[-60.072,0.608],[-60.069,0.612],[-60.071,0.644],[-60.08,0.674],[-60.064,0.683],[-60.066,0.695],[-60.055,0.741],[-60.061,0.748],[-60.061,0.753],[-60.051,0.774],[-60.054,0.779],[-60.046,0.795],[-60.048,0.8],[-60.05,0.802],[-60.054,0.808],[-60.055,0.833],[-60.062,0.838],[-60.059,0.842],[-60.052,0.862],[-60.056,0.871],[-60.05,0.882],[-60.05,0.9],[-60.039,0.906],[-60.035,0.915],[-60.029,0.916],[-60.018,0.94],[-60.021,0.956],[-59.986,0.968],[-59.982,0.971],[-59.981,0.979],[-59.98,0.981],[-59.975,0.989],[-59.981,1.0],[-59.982,1.094],[-59.982,1.136],[-59.974,1.14],[-59.968,1.159],[-59.969,1.166],[-59.961,1.178],[-59.946,1.176],[-59.951,1.184],[-59.942,1.187],[-59.94,1.192],[-59.932,1.189],[-59.926,1.194],[-59.92,1.193],[-59.913,1.191],[-59.909,1.2],[-59.896,1.203],[-59.89,1.197],[-59.88,1.203],[-59.878,1.213],[-59.867,1.188],[-59.856,1.19],[-59.849,1.2],[-59.841,1.201],[-59.842,1.209],[-59.834,1.216],[-59.835,1.225],[-59.826,1.244],[-59.824,1.257],[-59.816,1.254],[-59.805,1.255],[-59.807,1.263],[-59.785,1.266],[-59.779,1.276],[-59.776,1.277]]]}},{"type":"Feature","properties":{"id":"1400605","nome":"S\u00e3o Luiz"},"geometry":{"type":"Polygon","coordinates":[[[-59.982,1.136],[-59.982,1.094],[-59.981,1.0],[-59.975,0.989],[-59.98,0.981],[-59.981,0.979],[-59.982,0.971],[-59.986,0.968],[-60.021,0.956],[-60.018,0.94],[-60.029,0.916],[-60.035,0.915],[-60.039,0.906],[-60.05,0.9],[-60.05,0.882],[-60.056,0.871],[-60.052,0.862],[-60.059,0.842],[-60.062,0.838],[-60.055,0.833],[-60.054,0.808],[-60.05,0.802],[-60.048,0.8],[-60.046,0.795],[-60.054,0.779],[-60.051,0.774],[-60.061,0.753],[-60.061,0.748],[-60.055,0.741],[-60.066,0.695],[-60.064,0.683],[-60.08,0.674],[-60.071,0.644],[-60.069,0.612],[-60.072,0.608],[-60.077,0.608],[-60.081,0.601],[-60.093,0.604],[-60.103,0.596],[-60.108,0.595],[-60.112,0.588],[-60.121,0.59],[-60.122,0.582],[-60.141,0.576],[-60.148,0.577],[-60.152,0.564],[-60.155,0.561],[-60.164,0.567],[-60.174,0.563],[-60.18,0.567],[-60.184,0.564],[-60.189,0.571],[-60.209,0.566],[-60.226,0.568],[-60.227,0.575],[-60.218,0.582],[-60.213,0.596],[-60.231,0.589],[-60.238,0.605],[-60.227,0.627],[-60.223,0.629],[-60.228,0.641],[-60.237,0.646],[-60.244,0.663],[-60.248,0.665],[-60.255,0.669],[-60.253,0.693],[-60.263,0.717],[-60.25,0.742],[-60.263,0.743],[-60.281,0.761],[-60.295,0.776],[-60.201,0.88],[-60.273,0.955],[-60.257,0.968],[-60.277,0.976],[-60.326,0.987],[-60.402,1.003],[-60.306,1.041],[-60.286,1.079],[-60.271,1.078],[-60.272,1.094],[-60.279,1.095],[-60.279,1.115],[-60.266,1.115],[-60.267,1.128],[-60.252,1.122],[-60.245,1.124],[-60.243,1.121],[-60.239,1.13],[-60.223,1.13],[-60.214,1.129],[-60.131,1.103],[-60.122,1.096],[-60.115,1.104],[-60.081,1.103],[-60.063,1.112],[-60.056,1.111],[-60.045,1.12],[-60.027,1.125],[-60.014,1.124],[-60.012,1.118],[-60.002,1.124],[-59.992,1.125],[-59.987,1.131],[-59.982,1.136]]]}},{"type":"Feature","properties":{"id":"1400704","nome":"Uiramut\u00e3"},"geometry":{"type":"Polygon","coordinates":[[[-60.195,5.239],[-60.172,5.227],[-60.158,5.232],[-60.135,5.249],[-60.132,5.225],[-60.106,5.194],[-60.096,5.143],[-60.094,5.14],[-60.073,5.139],[-60.067,5.134],[-60.066,5.128],[-60.06,5.127],[-60.06,5.121],[-60.052,5.111],[-60.047,5.112],[-60.026,5.097],[-60.026,5.093],[-60.009,5.087],[-60.002,5.089],[-59.996,5.085],[-60.003,5.073],[-59.997,5.067],[-60.008,5.059],[-59.995,5.049],[-59.995,5.044],[-60.003,5.035],[-59.999,5.03],[-60.004,5.024],[-60.002,5.013],[-59.99,4.989],[-59.992,4.979],[-59.989,4.971],[-59.996,4.961],[-59.991,4.949],[-59.995,4.946],[-59.994,4.932],[-60.007,4.908],[-60.017,4.842],[-60.019,4.835],[-60.029,4.825],[-60.033,4.811],[-60.028,4.805],[-60.036,4.799],[-60.039,4.784],[-60.027,4.773],[-60.031,4.759],[-60.029,4.739],[-60.043,4.717],[-60.031,4.707],[-60.03,4.701],[-60.063,4.669],[-60.078,4.649],[-60.08,4.641],[-60.075,4.633],[-60.079,4.622],[-60.075,4.609],[-60.102,4.595],[-60.109,4.601],[-60.117,4.595],[-60.126,4.597],[-60.135,4.588],[-60.127,4.569],[-60.142,4.571],[-60.144,4.567],[-60.14,4.556],[-60.149,4.558],[-60.153,4.565],[-60.16,4.563],[-60.164,4.549],[-60.158,4.539],[-60.161,4.529],[-60.163,4.507],[-60.155,4.503],[-60.138,4.505],[-60.133,4.502],[-60.104,4.501],[-60.102,4.507],[-60.108,4.518],[-60.091,4.524],[-60.087,4.517],[-60.089,4.509],[-60.076,4.517],[-60.068,4.512],[-60.071,4.504],[-60.071,4.494],[-60.064,4.497],[-60.045,4.495],[-60.034,4.491],[-60.024,4.495],[-60.018,4.49],[-60.009,4.497],[-60.004,4.496],[-59.992,4.483],[-59.984,4.48],[-59.977,4.482],[-59.972,4.477],[-59.97,4.478],[-59.972,4.485],[-59.969,4.503],[-59.962,4.504],[-59.96,4.499],[-59.941,4.491],[-59.934,4.494],[-59.932,4.488],[-59.922,4.485],[-59.927,4.479],[-59.926,4.476],[-59.909,4.473],[-59.912,4.463],[-59.904,4.455],[-59.895,4.472],[-59.882,4.471],[-59.877,4.474],[-59.874,4.482],[-59.87,4.483],[-59.872,4.474],[-59.86,4.467],[-59.866,4.464],[-59.868,4.455],[-59.858,4.449],[-59.85,4.452],[-59.84,4.449],[-59.831,4.455],[-59.828,4.448],[-59.812,4.445],[-59.804,4.451],[-59.803,4.464],[-59.796,4.465],[-59.793,4.462],[-59.795,4.447],[-59.779,4.446],[-59.779,4.438],[-59.766,4.437],[-59.752,4.42],[-59.735,4.42],[-59.72,4.405],[-59.719,4.395],[-59.696,4.379],[-59.693,4.378],[-59.684,4.383],[-59.672,4.374],[-59.682,4.363],[-59.676,4.345],[-59.69,4.334],[-59.702,4.319],[-59.703,4.304],[-59.709,4.306],[-59.716,4.304],[-59.722,4.291],[-59.731,4.285],[-59.727,4.279],[-59.729,4.272],[-59.715,4.274],[-59.707,4.268],[-59.735,4.236],[-59.731,4.225],[-59.732,4.209],[-59.726,4.195],[-59.721,4.19],[-59.725,4.184],[-59.722,4.178],[-59.71,4.165],[-59.7,4.161],[-59.734,4.167],[-59.756,4.169],[-59.768,4.177],[-59.774,4.173],[-59.795,4.18],[-59.793,4.187],[-59.765,4.209],[-59.766,4.212],[-59.814,4.214],[-59.885,4.224],[-59.934,4.243],[-59.982,4.281],[-59.996,4.281],[-60.002,4.282],[-60.033,4.301],[-60.045,4.304],[-60.069,4.285],[-60.07,4.273],[-60.08,4.261],[-60.09,4.263],[-60.096,4.259],[-60.13,4.26],[-60.133,4.247],[-60.143,4.234],[-60.137,4.23],[-60.14,4.222],[-60.159,4.209],[-60.16,4.204],[-60.168,4.206],[-60.175,4.194],[-60.208,4.18],[-60.212,4.184],[-60.224,4.183],[-60.222,4.197],[-60.231,4.197],[-60.238,4.189],[-60.248,4.188],[-60.259,4.183],[-60.264,4.174],[-60.272,4.168],[-60.273,4.167],[-60.28,4.17],[-60.293,4.169],[-60.299,4.174],[-60.328,4.161],[-60.335,4.164],[-60.34,4.172],[-60.362,4.178],[-60.39,4.198],[-60.406,4.195],[-60.451,4.202],[-60.469,4.206],[-60.486,4.215],[-60.494,4.209],[-60.504,4.21],[-60.516,4.201],[-60.539,4.211],[-60.537,4.214],[-60.525,4.223],[-60.517,4.223],[-60.515,4.227],[-60.518,4.23],[-60.509,4.234],[-60.514,4.244],[-60.532,4.255],[-60.56,4.263],[-60.562,4.273],[-60.567,4.276],[-60.564,4.286],[-60.542,4.3],[-60.544,4.305],[-60.548,4.311],[-60.556,4.309],[-60.561,4.32],[-60.564,4.325],[-60.557,4.333],[-60.572,4.344],[-60.574,4.356],[-60.581,4.362],[-60.597,4.389],[-60.622,4.392],[-60.626,4.396],[-60.642,4.392],[-60.643,4.399],[-60.639,4.406],[-60.653,4.41],[-60.656,4.425],[-60.65,4.437],[-60.648,4.436],[-60.648,4.443],[-60.638,4.465],[-60.641,4.466],[-60.636,4.478],[-60.643,4.485],[-60.639,4.494],[-60.629,4.502],[-60.628,4.521],[-60.611,4.546],[-60.635,4.605],[-60.64,4.617],[-60.628,4.623],[-60.625,4.629],[-60.631,4.641],[-60.629,4.647],[-60.631,4.652],[-60.626,4.654],[-60.644,4.671],[-60.645,4.702],[-60.641,4.705],[-60.643,4.709],[-60.638,4.719],[-60.643,4.721],[-60.65,4.726],[-60.647,4.726],[-60.649,4.731],[-60.638,4.754],[-60.64,4.762],[-60.636,4.776],[-60.642,4.785],[-60.639,4.788],[-60.642,4.792],[-60.636,4.811],[-60.628,4.822],[-60.623,4.82],[-60.62,4.836],[-60.613,4.843],[-60.624,4.859],[-60.63,4.862],[-60.631,4.869],[-60.637,4.878],[-60.652,4.885],[-60.628,4.889],[-60.625,4.904],[-60.616,4.918],[-60.608,4.924],[-60.591,4.927],[-60.584,4.956],[-60.592,4.971],[-60.599,5.0],[-60.612,5.007],[-60.611,5.015],[-60.623,5.027],[-60.631,5.05],[-60.644,5.057],[-60.64,5.082],[-60.645,5.096],[-60.64,5.11],[-60.642,5.118],[-60.648,5.119],[-60.654,5.113],[-60.656,5.115],[-60.658,5.134],[-60.655,5.149],[-60.661,5.164],[-60.679,5.177],[-60.68,5.189],[-60.686,5.195],[-60.694,5.197],[-60.701,5.195],[-60.718,5.196],[-60.728,5.201],[-60.735,5.201],[-60.723,5.22],[-60.709,5.219],[-60.697,5.229],[-60.682,5.232],[-60.659,5.227],[-60.652,5.231],[-60.638,5.22],[-60.624,5.215],[-60.614,5.219],[-60.603,5.215],[-60.597,5.221],[-60.592,5.218],[-60.59,5.208],[-60.569,5.196],[-60.545,5.194],[-60.539,5.203],[-60.527,5.208],[-60.5,5.203],[-60.474,5.201],[-60.469,5.203],[-60.463,5.199],[-60.451,5.203],[-60.446,5.184],[-60.434,5.182],[-60.418,5.194],[-60.417,5.206],[-60.413,5.214],[-60.405,5.211],[-60.384,5.222],[-60.371,5.215],[-60.371,5.208],[-60.367,5.205],[-60.356,5.21],[-60.345,5.205],[-60.336,5.208],[-60.328,5.206],[-60.319,5.208],[-60.313,5.211],[-60.304,5.227],[-60.283,5.229],[-60.277,5.234],[-60.271,5.235],[-60.269,5.244],[-60.264,5.251],[-60.246,5.252],[-60.235,5.263],[-60.226,5.264],[-60.212,5.272],[-60.202,5.267],[-60.192,5.252],[-60.195,5.239]]]}}]}