{"type":"FeatureCollection","features":[{"type":"Feature","properties":{"id":"4200051","nome":"Abdon Batista"},"geometry":{"type":"Polygon","coordinates":[[[-51.038,-27.504],[-51.031,-27.52],[-51.018,-27.531],[-50.99,-27.533],[-50.986,-27.53],[-50.969,-27.535],[-50.965,-27.539],[-50.969,-27.549],[-50.961,-27.554],[-50.96,-27.558],[-50.941,-27.564],[-50.935,-27.57],[-50.934,-27.58],[-50.952,-27.569],[-50.969,-27.571],[-50.972,-27.577],[-50.959,-27.586],[-50.956,-27.598],[-50.989,-27.605],[-50.994,-27.611],[-50.991,-27.621],[-50.978,-27.629],[-50.961,-27.645],[-50.964,-27.654],[-50.972,-27.658],[-50.992,-27.658],[-51.003,-27.665],[-51.004,-27.659],[-50.995,-27.641],[-51.019,-27.641],[-51.043,-27.641],[-51.051,-27.643],[-51.042,-27.65],[-51.044,-27.653],[-51.07,-27.647],[-51.081,-27.656],[-51.089,-27.654],[-51.08,-27.634],[-51.084,-27.629],[-51.093,-27.632],[-51.102,-27.634],[-51.117,-27.621],[-51.127,-27.622],[-51.133,-27.622],[-51.141,-27.612],[-51.162,-27.627],[-51.183,-27.618],[-51.185,-27.61],[-51.177,-27.601],[-51.178,-27.594],[-51.172,-27.593],[-51.174,-27.591],[-51.169,-27.584],[-51.158,-27.586],[-51.143,-27.58],[-51.133,-27.56],[-51.135,-27.551],[-51.132,-27.543],[-51.124,-27.539],[-51.118,-27.529],[-51.106,-27.53],[-51.095,-27.524],[-51.086,-27.52],[-51.085,-27.511],[-51.079,-27.509],[-51.072,-27.51],[-51.038,-27.504]]]}},{"type":"Feature","properties":{"id":"4200101","nome":"Abelardo Luz"},"geometry":{"type":"Polygon","coordinates":[[[-52.398,-26.428],[-52.376,-26.44],[-52.367,-26.432],[-52.353,-26.441],[-52.341,-26.434],[-52.336,-26.442],[-52.331,-26.44],[-52.328,-26.443],[-52.323,-26.44],[-52.305,-26.44],[-52.282,-26.463],[-52.272,-26.461],[-52.263,-26.454],[-52.254,-26.455],[-52.248,-26.455],[-52.242,-26.463],[-52.232,-26.464],[-52.22,-26.465],[-52.204,-26.46],[-52.19,-26.446],[-52.185,-26.445],[-52.157,-26.471],[-52.144,-26.473],[-52.134,-26.47],[-52.13,-26.475],[-52.119,-26.478],[-52.112,-26.476],[-52.1,-26.481],[-52.096,-26.487],[-52.098,-26.502],[-52.093,-26.513],[-52.088,-26.509],[-52.081,-26.523],[-52.078,-26.526],[-52.065,-26.523],[-52.06,-26.53],[-52.055,-26.528],[-52.047,-26.535],[-52.031,-26.543],[-52.03,-26.546],[-52.033,-26.554],[-52.028,-26.56],[-52.027,-26.578],[-52.027,-26.582],[-52.034,-26.589],[-52.028,-26.595],[-52.041,-26.6],[-52.045,-26.607],[-52.052,-26.628],[-52.055,-26.645],[-52.061,-26.658],[-52.069,-26.66],[-52.068,-26.663],[-52.066,-26.669],[-52.06,-26.671],[-52.066,-26.673],[-52.067,-26.679],[-52.071,-26.678],[-52.086,-26.687],[-52.086,-26.678],[-52.096,-26.678],[-52.086,-26.672],[-52.09,-26.669],[-52.101,-26.675],[-52.1,-26.681],[-52.108,-26.68],[-52.11,-26.689],[-52.117,-26.689],[-52.117,-26.681],[-52.122,-26.683],[-52.132,-26.687],[-52.133,-26.679],[-52.144,-26.672],[-52.149,-26.677],[-52.144,-26.684],[-52.144,-26.693],[-52.132,-26.705],[-52.131,-26.723],[-52.123,-26.725],[-52.133,-26.727],[-52.139,-26.722],[-52.152,-26.727],[-52.166,-26.726],[-52.185,-26.713],[-52.179,-26.7],[-52.186,-26.697],[-52.186,-26.685],[-52.18,-26.682],[-52.18,-26.678],[-52.186,-26.67],[-52.198,-26.664],[-52.209,-26.665],[-52.217,-26.668],[-52.218,-26.674],[-52.232,-26.681],[-52.254,-26.675],[-52.262,-26.666],[-52.281,-26.643],[-52.31,-26.655],[-52.327,-26.661],[-52.338,-26.667],[-52.35,-26.665],[-52.356,-26.66],[-52.368,-26.667],[-52.368,-26.672],[-52.38,-26.673],[-52.382,-26.68],[-52.393,-26.684],[-52.4,-26.671],[-52.407,-26.67],[-52.41,-26.666],[-52.411,-26.655],[-52.408,-26.651],[-52.399,-26.644],[-52.394,-26.645],[-52.392,-26.638],[-52.414,-26.614],[-52.418,-26.586],[-52.427,-26.581],[-52.444,-26.587],[-52.458,-26.585],[-52.462,-26.575],[-52.463,-26.558],[-52.476,-26.544],[-52.48,-26.531],[-52.475,-26.523],[-52.475,-26.516],[-52.467,-26.511],[-52.473,-26.507],[-52.475,-26.494],[-52.481,-26.489],[-52.478,-26.482],[-52.481,-26.47],[-52.474,-26.458],[-52.452,-26.45],[-52.442,-26.438],[-52.435,-26.44],[-52.419,-26.437],[-52.403,-26.428],[-52.401,-26.423],[-52.398,-26.428]]]}},{"type":"Feature","properties":{"id":"4200200","nome":"Agrol\u00e2ndia"},"geometry":{"type":"Polygon","coordinates":[[[-49.834,-27.347],[-49.824,-27.356],[-49.815,-27.355],[-49.808,-27.354],[-49.787,-27.362],[-49.778,-27.37],[-49.767,-27.374],[-49.755,-27.382],[-49.75,-27.395],[-49.763,-27.404],[-49.782,-27.414],[-49.802,-27.442],[-49.811,-27.448],[-49.808,-27.454],[-49.813,-27.466],[-49.817,-27.473],[-49.815,-27.479],[-49.81,-27.484],[-49.801,-27.486],[-49.794,-27.477],[-49.774,-27.469],[-49.772,-27.466],[-49.763,-27.468],[-49.777,-27.477],[-49.777,-27.485],[-49.783,-27.482],[-49.78,-27.494],[-49.787,-27.496],[-49.769,-27.51],[-49.754,-27.52],[-49.758,-27.523],[-49.766,-27.55],[-49.763,-27.555],[-49.77,-27.564],[-49.764,-27.581],[-49.776,-27.586],[-49.783,-27.582],[-49.789,-27.571],[-49.824,-27.549],[-49.829,-27.54],[-49.834,-27.539],[-49.832,-27.529],[-49.839,-27.524],[-49.838,-27.52],[-49.845,-27.515],[-49.851,-27.504],[-49.849,-27.493],[-49.866,-27.498],[-49.881,-27.493],[-49.891,-27.497],[-49.893,-27.489],[-49.888,-27.483],[-49.895,-27.482],[-49.889,-27.466],[-49.894,-27.461],[-49.892,-27.457],[-49.896,-27.459],[-49.9,-27.455],[-49.9,-27.447],[-49.906,-27.441],[-49.911,-27.441],[-49.907,-27.432],[-49.9,-27.424],[-49.889,-27.421],[-49.885,-27.412],[-49.876,-27.41],[-49.87,-27.396],[-49.861,-27.389],[-49.864,-27.378],[-49.842,-27.348],[-49.834,-27.347]]]}},{"type":"Feature","properties":{"id":"4200309","nome":"Agron\u00f4mica"},"geometry":{"type":"Polygon","coordinates":[[[-49.754,-27.244],[-49.736,-27.262],[-49.709,-27.248],[-49.695,-27.245],[-49.693,-27.244],[-49.691,-27.244],[-49.699,-27.25],[-49.697,-27.255],[-49.695,-27.257],[-49.694,-27.26],[-49.692,-27.269],[-49.696,-27.283],[-49.69,-27.289],[-49.68,-27.29],[-49.692,-27.304],[-49.686,-27.31],[-49.69,-27.316],[-49.688,-27.317],[-49.68,-27.316],[-49.675,-27.323],[-49.678,-27.335],[-49.667,-27.338],[-49.665,-27.357],[-49.659,-27.387],[-49.661,-27.391],[-49.683,-27.393],[-49.693,-27.389],[-49.702,-27.385],[-49.704,-27.387],[-49.71,-27.392],[-49.727,-27.387],[-49.742,-27.397],[-49.75,-27.395],[-49.755,-27.382],[-49.767,-27.374],[-49.762,-27.364],[-49.765,-27.347],[-49.771,-27.341],[-49.762,-27.328],[-49.759,-27.312],[-49.761,-27.296],[-49.758,-27.293],[-49.762,-27.288],[-49.76,-27.282],[-49.755,-27.279],[-49.753,-27.281],[-49.753,-27.278],[-49.754,-27.277],[-49.758,-27.269],[-49.768,-27.268],[-49.779,-27.261],[-49.778,-27.251],[-49.754,-27.244]]]}},{"type":"Feature","properties":{"id":"4200408","nome":"\u00c1gua Doce"},"geometry":{"type":"Polygon","coordinates":[[[-51.646,-26.575],[-51.633,-26.588],[-51.615,-26.59],[-51.597,-26.586],[-51.584,-26.59],[-51.573,-26.591],[-51.57,-26.591],[-51.53,-26.592],[-51.511,-26.583],[-51.499,-26.585],[-51.494,-26.589],[-51.49,-26.605],[-51.484,-26.612],[-51.487,-26.623],[-51.475,-26.619],[-51.468,-26.621],[-51.464,-26.627],[-51.454,-26.64],[-51.455,-26.654],[-51.439,-26.667],[-51.435,-26.688],[-51.407,-26.7],[-51.411,-26.717],[-51.411,-26.72],[-51.448,-26.772],[-51.457,-26.773],[-51.461,-26.782],[-51.473,-26.79],[-51.47,-26.797],[-51.472,-26.808],[-51.464,-26.808],[-51.463,-26.813],[-51.452,-26.814],[-51.433,-26.824],[-51.433,-26.83],[-51.427,-26.833],[-51.431,-26.838],[-51.427,-26.842],[-51.433,-26.852],[-51.438,-26.854],[-51.449,-26.851],[-51.51,-26.838],[-51.524,-26.868],[-51.528,-26.877],[-51.532,-26.892],[-51.54,-26.939],[-51.525,-26.956],[-51.515,-26.962],[-51.507,-26.961],[-51.505,-26.972],[-51.5,-26.978],[-51.472,-27.013],[-51.465,-27.015],[-51.459,-27.011],[-51.455,-27.012],[-51.451,-27.019],[-51.462,-27.027],[-51.46,-27.055],[-51.45,-27.067],[-51.457,-27.07],[-51.465,-27.058],[-51.473,-27.061],[-51.466,-27.051],[-51.476,-27.054],[-51.483,-27.046],[-51.48,-27.052],[-51.492,-27.062],[-51.496,-27.055],[-51.49,-27.049],[-51.498,-27.049],[-51.503,-27.059],[-51.506,-27.05],[-51.514,-27.05],[-51.519,-27.046],[-51.522,-27.05],[-51.524,-27.047],[-51.531,-27.052],[-51.542,-27.057],[-51.574,-27.048],[-51.583,-27.048],[-51.587,-27.052],[-51.601,-27.052],[-51.606,-27.044],[-51.618,-27.041],[-51.615,-27.034],[-51.618,-27.027],[-51.612,-27.015],[-51.615,-27.004],[-51.613,-26.999],[-51.617,-26.992],[-51.609,-26.98],[-51.63,-26.979],[-51.636,-26.962],[-51.632,-26.943],[-51.622,-26.935],[-51.628,-26.935],[-51.653,-26.932],[-51.666,-26.927],[-51.673,-26.932],[-51.691,-26.931],[-51.686,-26.914],[-51.674,-26.913],[-51.672,-26.904],[-51.674,-26.901],[-51.674,-26.885],[-51.69,-26.887],[-51.695,-26.877],[-51.69,-26.858],[-51.696,-26.852],[-51.704,-26.857],[-51.708,-26.853],[-51.723,-26.853],[-51.723,-26.848],[-51.728,-26.846],[-51.717,-26.841],[-51.71,-26.825],[-51.679,-26.818],[-51.692,-26.802],[-51.704,-26.791],[-51.723,-26.787],[-51.737,-26.788],[-51.753,-26.774],[-51.768,-26.788],[-51.777,-26.782],[-51.778,-26.769],[-51.784,-26.771],[-51.781,-26.76],[-51.785,-26.76],[-51.775,-26.75],[-51.774,-26.745],[-51.76,-26.736],[-51.77,-26.728],[-51.779,-26.709],[-51.81,-26.694],[-51.814,-26.7],[-51.821,-26.695],[-51.825,-26.697],[-51.825,-26.702],[-51.844,-26.7],[-51.845,-26.709],[-51.853,-26.71],[-51.856,-26.707],[-51.856,-26.695],[-51.853,-26.689],[-51.847,-26.689],[-51.848,-26.682],[-51.87,-26.692],[-51.871,-26.687],[-51.879,-26.684],[-51.883,-26.677],[-51.862,-26.676],[-51.854,-26.671],[-51.855,-26.668],[-51.848,-26.66],[-51.852,-26.651],[-51.847,-26.647],[-51.848,-26.639],[-51.833,-26.625],[-51.833,-26.612],[-51.83,-26.607],[-51.833,-26.603],[-51.821,-26.594],[-51.823,-26.582],[-51.819,-26.579],[-51.807,-26.585],[-51.786,-26.59],[-51.748,-26.577],[-51.734,-26.575],[-51.704,-26.581],[-51.695,-26.583],[-51.665,-26.566],[-51.646,-26.575]]]}},{"type":"Feature","properties":{"id":"4200507","nome":"\u00c1guas de Chapec\u00f3"},"geometry":{"type":"Polygon","coordinates":[[[-52.9,-27.031],[-52.899,-27.066],[-52.899,-27.085],[-52.906,-27.08],[-52.913,-27.082],[-52.919,-27.088],[-52.931,-27.084],[-52.934,-27.091],[-52.942,-27.088],[-52.943,-27.095],[-52.95,-27.098],[-52.95,-27.101],[-52.955,-27.098],[-52.958,-27.1],[-52.963,-27.109],[-52.959,-27.113],[-52.962,-27.117],[-52.971,-27.123],[-52.971,-27.129],[-52.981,-27.127],[-52.983,-27.124],[-52.989,-27.133],[-52.981,-27.135],[-52.982,-27.138],[-52.993,-27.138],[-53.003,-27.133],[-53.02,-27.151],[-53.026,-27.157],[-53.031,-27.157],[-53.038,-27.154],[-53.043,-27.146],[-53.042,-27.128],[-53.024,-27.105],[-53.018,-27.09],[-52.993,-27.096],[-52.99,-27.093],[-52.989,-27.082],[-52.992,-27.065],[-52.99,-27.062],[-52.97,-27.066],[-52.983,-27.04],[-52.982,-27.035],[-52.973,-27.036],[-52.956,-27.039],[-52.949,-27.039],[-52.947,-27.035],[-52.957,-27.028],[-52.968,-27.024],[-52.969,-27.019],[-52.951,-27.001],[-52.958,-26.996],[-52.97,-26.993],[-52.979,-26.986],[-52.98,-26.98],[-52.965,-26.961],[-52.954,-26.951],[-52.95,-26.949],[-52.948,-26.948],[-52.934,-26.947],[-52.943,-26.962],[-52.921,-26.964],[-52.905,-26.972],[-52.902,-27.008],[-52.901,-27.024],[-52.9,-27.031]]]}},{"type":"Feature","properties":{"id":"4200556","nome":"\u00c1guas Frias"},"geometry":{"type":"Polygon","coordinates":[[[-52.842,-26.824],[-52.834,-26.836],[-52.818,-26.833],[-52.806,-26.83],[-52.806,-26.838],[-52.8,-26.851],[-52.787,-26.855],[-52.791,-26.858],[-52.786,-26.871],[-52.795,-26.874],[-52.809,-26.865],[-52.815,-26.864],[-52.818,-26.87],[-52.809,-26.879],[-52.786,-26.884],[-52.787,-26.888],[-52.796,-26.89],[-52.801,-26.896],[-52.806,-26.896],[-52.826,-26.887],[-52.822,-26.88],[-52.83,-26.878],[-52.841,-26.88],[-52.846,-26.891],[-52.853,-26.887],[-52.854,-26.895],[-52.876,-26.893],[-52.872,-26.888],[-52.879,-26.877],[-52.893,-26.875],[-52.884,-26.866],[-52.876,-26.863],[-52.883,-26.86],[-52.89,-26.849],[-52.897,-26.854],[-52.896,-26.864],[-52.904,-26.865],[-52.906,-26.861],[-52.901,-26.856],[-52.903,-26.85],[-52.907,-26.85],[-52.911,-26.854],[-52.919,-26.845],[-52.917,-26.839],[-52.908,-26.834],[-52.906,-26.827],[-52.902,-26.827],[-52.895,-26.823],[-52.891,-26.807],[-52.883,-26.804],[-52.877,-26.797],[-52.869,-26.801],[-52.865,-26.807],[-52.854,-26.81],[-52.847,-26.823],[-52.842,-26.824]]]}},{"type":"Feature","properties":{"id":"4200606","nome":"\u00c1guas Mornas"},"geometry":{"type":"Polygon","coordinates":[[[-48.951,-27.627],[-48.851,-27.625],[-48.845,-27.624],[-48.839,-27.632],[-48.844,-27.64],[-48.855,-27.646],[-48.862,-27.655],[-48.862,-27.662],[-48.857,-27.664],[-48.85,-27.676],[-48.841,-27.679],[-48.839,-27.688],[-48.837,-27.692],[-48.814,-27.692],[-48.812,-27.703],[-48.805,-27.705],[-48.814,-27.71],[-48.825,-27.711],[-48.827,-27.716],[-48.832,-27.713],[-48.833,-27.719],[-48.848,-27.709],[-48.868,-27.715],[-48.868,-27.718],[-48.863,-27.729],[-48.866,-27.738],[-48.86,-27.755],[-48.875,-27.766],[-48.874,-27.772],[-48.882,-27.782],[-48.882,-27.796],[-48.879,-27.801],[-48.873,-27.801],[-48.88,-27.805],[-48.877,-27.813],[-48.885,-27.815],[-48.887,-27.81],[-48.901,-27.813],[-48.905,-27.808],[-48.915,-27.808],[-48.923,-27.82],[-48.947,-27.815],[-48.951,-27.817],[-48.956,-27.827],[-48.968,-27.829],[-48.988,-27.843],[-48.988,-27.846],[-49.003,-27.86],[-49.015,-27.862],[-49.017,-27.866],[-49.024,-27.863],[-49.02,-27.853],[-49.019,-27.838],[-49.031,-27.83],[-49.036,-27.824],[-49.032,-27.811],[-49.034,-27.801],[-49.03,-27.785],[-49.031,-27.774],[-49.015,-27.735],[-49.016,-27.728],[-49.006,-27.722],[-49.01,-27.71],[-49.006,-27.701],[-49.003,-27.696],[-48.993,-27.698],[-48.989,-27.689],[-48.984,-27.689],[-48.975,-27.669],[-48.97,-27.668],[-48.964,-27.657],[-48.963,-27.653],[-48.97,-27.651],[-48.97,-27.635],[-48.963,-27.633],[-48.955,-27.626],[-48.951,-27.627]]]}},{"type":"Feature","properties":{"id":"4200705","nome":"Alfredo Wagner"},"geometry":{"type":"Polygon","coordinates":[[[-49.38,-27.558],[-49.369,-27.564],[-49.355,-27.562],[-49.336,-27.574],[-49.329,-27.582],[-49.325,-27.582],[-49.322,-27.589],[-49.312,-27.589],[-49.304,-27.583],[-49.301,-27.584],[-49.304,-27.602],[-49.301,-27.615],[-49.287,-27.623],[-49.286,-27.633],[-49.283,-27.642],[-49.269,-27.65],[-49.254,-27.655],[-49.245,-27.653],[-49.236,-27.651],[-49.213,-27.654],[-49.202,-27.645],[-49.177,-27.661],[-49.157,-27.672],[-49.148,-27.688],[-49.149,-27.696],[-49.158,-27.706],[-49.152,-27.712],[-49.159,-27.733],[-49.158,-27.744],[-49.165,-27.761],[-49.19,-27.782],[-49.194,-27.787],[-49.187,-27.795],[-49.19,-27.805],[-49.195,-27.813],[-49.211,-27.818],[-49.213,-27.829],[-49.219,-27.83],[-49.234,-27.83],[-49.244,-27.847],[-49.247,-27.845],[-49.271,-27.854],[-49.281,-27.873],[-49.296,-27.874],[-49.308,-27.853],[-49.31,-27.837],[-49.319,-27.829],[-49.339,-27.835],[-49.348,-27.823],[-49.355,-27.82],[-49.357,-27.812],[-49.367,-27.817],[-49.381,-27.814],[-49.39,-27.802],[-49.408,-27.789],[-49.413,-27.79],[-49.424,-27.786],[-49.429,-27.788],[-49.421,-27.78],[-49.43,-27.774],[-49.424,-27.766],[-49.43,-27.761],[-49.433,-27.759],[-49.458,-27.76],[-49.46,-27.752],[-49.468,-27.75],[-49.472,-27.73],[-49.468,-27.722],[-49.463,-27.719],[-49.463,-27.715],[-49.458,-27.711],[-49.461,-27.706],[-49.468,-27.686],[-49.478,-27.681],[-49.48,-27.672],[-49.497,-27.654],[-49.504,-27.653],[-49.506,-27.647],[-49.506,-27.638],[-49.51,-27.634],[-49.51,-27.626],[-49.506,-27.621],[-49.508,-27.617],[-49.505,-27.613],[-49.507,-27.6],[-49.496,-27.592],[-49.496,-27.585],[-49.488,-27.582],[-49.472,-27.566],[-49.443,-27.581],[-49.436,-27.584],[-49.422,-27.578],[-49.412,-27.562],[-49.403,-27.561],[-49.402,-27.561],[-49.399,-27.564],[-49.389,-27.563],[-49.386,-27.558],[-49.38,-27.558]]]}},{"type":"Feature","properties":{"id":"4200754","nome":"Alto Bela Vista"},"geometry":{"type":"Polygon","coordinates":[[[-51.923,-27.35],[-51.922,-27.361],[-51.916,-27.381],[-51.918,-27.383],[-51.914,-27.39],[-51.9,-27.389],[-51.905,-27.394],[-51.894,-27.399],[-51.897,-27.4],[-51.89,-27.407],[-51.894,-27.41],[-51.891,-27.415],[-51.883,-27.425],[-51.885,-27.428],[-51.878,-27.435],[-51.88,-27.456],[-51.87,-27.45],[-51.865,-27.458],[-51.857,-27.469],[-51.857,-27.475],[-51.867,-27.476],[-51.878,-27.485],[-51.88,-27.494],[-51.873,-27.513],[-51.879,-27.521],[-51.889,-27.52],[-51.893,-27.516],[-51.897,-27.506],[-51.902,-27.496],[-51.9,-27.465],[-51.9,-27.463],[-51.911,-27.458],[-51.928,-27.463],[-51.933,-27.466],[-51.952,-27.474],[-51.962,-27.47],[-51.962,-27.462],[-51.935,-27.441],[-51.932,-27.434],[-51.937,-27.427],[-51.955,-27.414],[-51.974,-27.41],[-52.002,-27.408],[-52.008,-27.4],[-52.0,-27.392],[-51.991,-27.39],[-51.954,-27.394],[-51.949,-27.392],[-51.951,-27.381],[-51.961,-27.374],[-51.985,-27.374],[-51.995,-27.364],[-51.986,-27.366],[-51.983,-27.362],[-51.972,-27.362],[-51.97,-27.354],[-51.958,-27.362],[-51.964,-27.346],[-51.963,-27.342],[-51.959,-27.346],[-51.951,-27.352],[-51.945,-27.349],[-51.954,-27.339],[-51.947,-27.332],[-51.939,-27.335],[-51.923,-27.35]]]}},{"type":"Feature","properties":{"id":"4200804","nome":"Anchieta"},"geometry":{"type":"Polygon","coordinates":[[[-53.256,-26.444],[-53.25,-26.448],[-53.244,-26.447],[-53.239,-26.456],[-53.233,-26.462],[-53.229,-26.481],[-53.234,-26.495],[-53.242,-26.5],[-53.244,-26.513],[-53.247,-26.514],[-53.244,-26.518],[-53.238,-26.521],[-53.248,-26.527],[-53.246,-26.533],[-53.239,-26.532],[-53.239,-26.543],[-53.257,-26.554],[-53.256,-26.557],[-53.277,-26.551],[-53.274,-26.577],[-53.287,-26.579],[-53.311,-26.585],[-53.334,-26.59],[-53.345,-26.584],[-53.391,-26.619],[-53.397,-26.615],[-53.403,-26.608],[-53.4,-26.589],[-53.408,-26.585],[-53.416,-26.583],[-53.426,-26.605],[-53.428,-26.613],[-53.436,-26.609],[-53.432,-26.594],[-53.427,-26.589],[-53.43,-26.582],[-53.437,-26.585],[-53.44,-26.592],[-53.454,-26.586],[-53.455,-26.583],[-53.445,-26.586],[-53.431,-26.575],[-53.446,-26.563],[-53.459,-26.565],[-53.451,-26.555],[-53.461,-26.553],[-53.458,-26.548],[-53.446,-26.545],[-53.438,-26.551],[-53.425,-26.544],[-53.447,-26.536],[-53.446,-26.529],[-53.432,-26.534],[-53.429,-26.532],[-53.424,-26.519],[-53.427,-26.512],[-53.416,-26.515],[-53.418,-26.522],[-53.405,-26.526],[-53.406,-26.519],[-53.4,-26.524],[-53.399,-26.512],[-53.392,-26.515],[-53.385,-26.513],[-53.376,-26.515],[-53.374,-26.511],[-53.356,-26.503],[-53.35,-26.504],[-53.361,-26.497],[-53.356,-26.495],[-53.361,-26.489],[-53.357,-26.487],[-53.352,-26.489],[-53.348,-26.486],[-53.349,-26.478],[-53.339,-26.481],[-53.339,-26.477],[-53.331,-26.474],[-53.332,-26.468],[-53.329,-26.464],[-53.325,-26.47],[-53.321,-26.468],[-53.322,-26.463],[-53.312,-26.457],[-53.316,-26.462],[-53.312,-26.468],[-53.306,-26.469],[-53.302,-26.467],[-53.304,-26.465],[-53.302,-26.457],[-53.294,-26.456],[-53.289,-26.46],[-53.289,-26.455],[-53.282,-26.452],[-53.265,-26.451],[-53.264,-26.447],[-53.258,-26.449],[-53.256,-26.444]]]}},{"type":"Feature","properties":{"id":"4200903","nome":"Angelina"},"geometry":{"type":"Polygon","coordinates":[[[-49.045,-27.447],[-49.049,-27.456],[-49.043,-27.458],[-49.041,-27.468],[-49.033,-27.476],[-49.033,-27.483],[-49.024,-27.48],[-49.019,-27.482],[-49.01,-27.473],[-49.01,-27.467],[-48.99,-27.45],[-48.985,-27.449],[-48.972,-27.454],[-48.967,-27.45],[-48.955,-27.448],[-48.954,-27.452],[-48.92,-27.461],[-48.921,-27.465],[-48.915,-27.467],[-48.906,-27.466],[-48.905,-27.474],[-48.896,-27.482],[-48.916,-27.533],[-48.924,-27.54],[-48.919,-27.547],[-48.922,-27.554],[-48.92,-27.557],[-48.926,-27.569],[-48.923,-27.573],[-48.93,-27.584],[-48.936,-27.585],[-48.934,-27.592],[-48.938,-27.596],[-48.946,-27.598],[-48.958,-27.612],[-48.957,-27.619],[-48.95,-27.619],[-48.951,-27.627],[-48.955,-27.626],[-48.963,-27.633],[-48.97,-27.635],[-48.978,-27.627],[-48.989,-27.632],[-49.002,-27.625],[-49.009,-27.63],[-49.011,-27.622],[-49.065,-27.648],[-49.081,-27.623],[-49.084,-27.607],[-49.089,-27.585],[-49.128,-27.6],[-49.135,-27.594],[-49.138,-27.582],[-49.143,-27.592],[-49.163,-27.589],[-49.178,-27.595],[-49.185,-27.591],[-49.205,-27.602],[-49.208,-27.611],[-49.206,-27.621],[-49.211,-27.628],[-49.214,-27.627],[-49.228,-27.618],[-49.235,-27.601],[-49.24,-27.602],[-49.245,-27.598],[-49.253,-27.588],[-49.25,-27.578],[-49.255,-27.579],[-49.259,-27.578],[-49.262,-27.57],[-49.256,-27.557],[-49.259,-27.551],[-49.257,-27.536],[-49.248,-27.528],[-49.246,-27.518],[-49.246,-27.516],[-49.242,-27.506],[-49.244,-27.502],[-49.237,-27.501],[-49.225,-27.492],[-49.211,-27.499],[-49.193,-27.497],[-49.181,-27.502],[-49.172,-27.491],[-49.15,-27.49],[-49.139,-27.5],[-49.128,-27.502],[-49.122,-27.501],[-49.114,-27.487],[-49.098,-27.485],[-49.095,-27.471],[-49.088,-27.47],[-49.083,-27.455],[-49.074,-27.454],[-49.069,-27.447],[-49.058,-27.451],[-49.047,-27.444],[-49.045,-27.447]]]}},{"type":"Feature","properties":{"id":"4201000","nome":"Anita Garibaldi"},"geometry":{"type":"Polygon","coordinates":[[[-51.183,-27.618],[-51.162,-27.627],[-51.141,-27.612],[-51.133,-27.622],[-51.127,-27.622],[-51.117,-27.621],[-51.102,-27.634],[-51.093,-27.632],[-51.084,-27.629],[-51.08,-27.634],[-51.089,-27.654],[-51.081,-27.656],[-51.07,-27.647],[-51.044,-27.653],[-51.042,-27.65],[-51.051,-27.643],[-51.043,-27.641],[-51.019,-27.641],[-50.995,-27.641],[-51.004,-27.659],[-51.003,-27.665],[-50.992,-27.658],[-50.972,-27.658],[-50.964,-27.654],[-50.961,-27.645],[-50.957,-27.645],[-50.955,-27.65],[-50.947,-27.647],[-50.94,-27.655],[-50.946,-27.664],[-50.946,-27.672],[-50.936,-27.673],[-50.929,-27.668],[-50.925,-27.68],[-50.919,-27.673],[-50.909,-27.681],[-50.908,-27.678],[-50.906,-27.68],[-50.914,-27.694],[-50.918,-27.705],[-50.915,-27.715],[-50.923,-27.737],[-50.942,-27.755],[-50.954,-27.758],[-50.959,-27.75],[-50.966,-27.75],[-50.959,-27.763],[-50.959,-27.782],[-50.934,-27.818],[-50.95,-27.816],[-50.958,-27.822],[-50.966,-27.823],[-50.971,-27.819],[-50.982,-27.822],[-50.989,-27.819],[-50.993,-27.823],[-50.999,-27.824],[-50.999,-27.826],[-51.004,-27.825],[-51.007,-27.833],[-51.01,-27.831],[-51.016,-27.837],[-51.02,-27.837],[-51.018,-27.84],[-51.024,-27.848],[-51.028,-27.848],[-51.03,-27.855],[-51.038,-27.86],[-51.034,-27.864],[-51.04,-27.863],[-51.041,-27.871],[-51.051,-27.866],[-51.051,-27.87],[-51.059,-27.865],[-51.073,-27.864],[-51.08,-27.859],[-51.077,-27.841],[-51.087,-27.831],[-51.103,-27.827],[-51.124,-27.832],[-51.125,-27.833],[-51.131,-27.83],[-51.133,-27.806],[-51.134,-27.804],[-51.154,-27.803],[-51.17,-27.792],[-51.171,-27.792],[-51.188,-27.777],[-51.209,-27.776],[-51.222,-27.769],[-51.228,-27.773],[-51.235,-27.779],[-51.243,-27.775],[-51.247,-27.759],[-51.273,-27.749],[-51.273,-27.735],[-51.263,-27.739],[-51.252,-27.731],[-51.243,-27.729],[-51.234,-27.72],[-51.226,-27.719],[-51.222,-27.723],[-51.21,-27.685],[-51.209,-27.67],[-51.192,-27.655],[-51.197,-27.647],[-51.194,-27.644],[-51.198,-27.636],[-51.207,-27.634],[-51.205,-27.627],[-51.209,-27.623],[-51.212,-27.626],[-51.212,-27.619],[-51.203,-27.616],[-51.2,-27.613],[-51.198,-27.597],[-51.187,-27.592],[-51.178,-27.594],[-51.177,-27.601],[-51.185,-27.61],[-51.183,-27.618]]]}},{"type":"Feature","properties":{"id":"4201109","nome":"Anit\u00e1polis"},"geometry":{"type":"Polygon","coordinates":[[[-49.029,-27.751],[-49.031,-27.774],[-49.03,-27.785],[-49.034,-27.801],[-49.032,-27.811],[-49.036,-27.824],[-49.031,-27.83],[-49.019,-27.838],[-49.02,-27.853],[-49.024,-27.863],[-49.017,-27.866],[-49.007,-27.879],[-49.017,-27.883],[-49.019,-27.897],[-49.015,-27.898],[-49.016,-27.908],[-49.037,-27.924],[-49.041,-27.935],[-49.044,-27.945],[-49.034,-27.951],[-49.033,-27.956],[-49.039,-27.959],[-49.04,-27.968],[-49.048,-27.973],[-49.049,-27.988],[-49.051,-27.99],[-49.104,-28.007],[-49.114,-28.004],[-49.116,-28.006],[-49.124,-28.001],[-49.128,-28.004],[-49.136,-28.001],[-49.147,-28.006],[-49.149,-28.001],[-49.145,-27.998],[-49.146,-27.991],[-49.151,-27.981],[-49.156,-27.967],[-49.169,-27.973],[-49.176,-27.981],[-49.184,-27.981],[-49.193,-27.97],[-49.218,-27.961],[-49.225,-27.962],[-49.242,-27.951],[-49.265,-27.95],[-49.286,-27.936],[-49.308,-27.94],[-49.31,-27.933],[-49.305,-27.915],[-49.301,-27.909],[-49.3,-27.901],[-49.284,-27.883],[-49.281,-27.873],[-49.271,-27.854],[-49.247,-27.845],[-49.244,-27.847],[-49.234,-27.83],[-49.219,-27.83],[-49.213,-27.829],[-49.211,-27.818],[-49.195,-27.813],[-49.19,-27.805],[-49.187,-27.795],[-49.194,-27.787],[-49.19,-27.782],[-49.165,-27.761],[-49.158,-27.744],[-49.148,-27.744],[-49.144,-27.741],[-49.128,-27.746],[-49.126,-27.76],[-49.116,-27.768],[-49.107,-27.769],[-49.093,-27.752],[-49.088,-27.756],[-49.076,-27.751],[-49.078,-27.755],[-49.073,-27.764],[-49.064,-27.757],[-49.061,-27.767],[-49.053,-27.772],[-49.042,-27.757],[-49.036,-27.734],[-49.03,-27.741],[-49.029,-27.751]]]}},{"type":"Feature","properties":{"id":"4201208","nome":"Ant\u00f4nio Carlos"},"geometry":{"type":"Polygon","coordinates":[[[-48.836,-27.396],[-48.809,-27.403],[-48.801,-27.402],[-48.803,-27.432],[-48.799,-27.438],[-48.801,-27.445],[-48.795,-27.451],[-48.781,-27.464],[-48.772,-27.459],[-48.765,-27.46],[-48.755,-27.469],[-48.745,-27.477],[-48.754,-27.487],[-48.756,-27.496],[-48.739,-27.503],[-48.739,-27.508],[-48.746,-27.517],[-48.749,-27.522],[-48.747,-27.536],[-48.732,-27.534],[-48.723,-27.536],[-48.727,-27.553],[-48.763,-27.555],[-48.769,-27.557],[-48.777,-27.545],[-48.789,-27.549],[-48.797,-27.546],[-48.799,-27.551],[-48.802,-27.55],[-48.818,-27.55],[-48.826,-27.564],[-48.837,-27.563],[-48.854,-27.575],[-48.856,-27.57],[-48.864,-27.57],[-48.882,-27.563],[-48.895,-27.568],[-48.909,-27.566],[-48.92,-27.557],[-48.922,-27.554],[-48.919,-27.547],[-48.924,-27.54],[-48.916,-27.533],[-48.896,-27.482],[-48.905,-27.474],[-48.906,-27.466],[-48.915,-27.467],[-48.921,-27.465],[-48.92,-27.461],[-48.919,-27.457],[-48.911,-27.455],[-48.907,-27.449],[-48.896,-27.444],[-48.882,-27.432],[-48.869,-27.435],[-48.843,-27.408],[-48.836,-27.396]]]}},{"type":"Feature","properties":{"id":"4201257","nome":"Api\u00fana"},"geometry":{"type":"Polygon","coordinates":[[[-49.335,-27.013],[-49.327,-27.015],[-49.327,-27.019],[-49.317,-27.021],[-49.312,-27.034],[-49.297,-27.038],[-49.3,-27.042],[-49.297,-27.045],[-49.298,-27.054],[-49.293,-27.058],[-49.283,-27.058],[-49.275,-27.053],[-49.267,-27.055],[-49.264,-27.065],[-49.271,-27.079],[-49.256,-27.083],[-49.256,-27.098],[-49.248,-27.114],[-49.247,-27.128],[-49.242,-27.133],[-49.242,-27.137],[-49.238,-27.137],[-49.231,-27.155],[-49.22,-27.163],[-49.226,-27.166],[-49.226,-27.171],[-49.234,-27.172],[-49.243,-27.179],[-49.248,-27.196],[-49.249,-27.198],[-49.263,-27.211],[-49.27,-27.208],[-49.285,-27.21],[-49.294,-27.215],[-49.303,-27.211],[-49.309,-27.215],[-49.309,-27.216],[-49.321,-27.23],[-49.342,-27.237],[-49.373,-27.228],[-49.398,-27.236],[-49.403,-27.231],[-49.41,-27.236],[-49.417,-27.239],[-49.42,-27.249],[-49.427,-27.253],[-49.446,-27.255],[-49.451,-27.249],[-49.449,-27.245],[-49.463,-27.227],[-49.458,-27.211],[-49.46,-27.21],[-49.457,-27.207],[-49.455,-27.198],[-49.437,-27.185],[-49.464,-27.171],[-49.456,-27.157],[-49.461,-27.147],[-49.467,-27.125],[-49.466,-27.114],[-49.471,-27.106],[-49.466,-27.105],[-49.477,-27.095],[-49.493,-27.087],[-49.491,-27.083],[-49.495,-27.079],[-49.482,-27.083],[-49.461,-27.099],[-49.458,-27.099],[-49.459,-27.088],[-49.456,-27.083],[-49.471,-27.066],[-49.465,-27.058],[-49.473,-27.044],[-49.468,-27.044],[-49.467,-27.041],[-49.47,-27.039],[-49.468,-27.037],[-49.466,-27.036],[-49.467,-27.024],[-49.467,-27.004],[-49.459,-27.007],[-49.457,-27.008],[-49.452,-27.01],[-49.449,-27.011],[-49.441,-27.014],[-49.436,-27.01],[-49.41,-27.008],[-49.388,-27.01],[-49.38,-27.015],[-49.376,-27.013],[-49.377,-27.0],[-49.384,-26.988],[-49.375,-26.982],[-49.372,-26.988],[-49.367,-26.989],[-49.359,-26.992],[-49.35,-27.002],[-49.34,-27.005],[-49.335,-27.013]]]}},{"type":"Feature","properties":{"id":"4201273","nome":"Arabut\u00e3"},"geometry":{"type":"Polygon","coordinates":[[[-52.2,-27.094],[-52.181,-27.097],[-52.179,-27.094],[-52.174,-27.103],[-52.166,-27.1],[-52.16,-27.102],[-52.158,-27.097],[-52.154,-27.104],[-52.149,-27.102],[-52.145,-27.101],[-52.137,-27.105],[-52.122,-27.131],[-52.119,-27.123],[-52.109,-27.142],[-52.101,-27.152],[-52.091,-27.157],[-52.086,-27.16],[-52.086,-27.166],[-52.084,-27.169],[-52.087,-27.17],[-52.1,-27.163],[-52.105,-27.17],[-52.116,-27.168],[-52.118,-27.172],[-52.115,-27.184],[-52.127,-27.185],[-52.128,-27.181],[-52.133,-27.187],[-52.143,-27.179],[-52.149,-27.188],[-52.155,-27.185],[-52.163,-27.192],[-52.165,-27.195],[-52.17,-27.192],[-52.178,-27.201],[-52.187,-27.193],[-52.192,-27.2],[-52.207,-27.189],[-52.215,-27.181],[-52.227,-27.184],[-52.232,-27.181],[-52.236,-27.172],[-52.231,-27.17],[-52.235,-27.163],[-52.232,-27.156],[-52.238,-27.151],[-52.239,-27.144],[-52.249,-27.14],[-52.244,-27.138],[-52.247,-27.133],[-52.251,-27.13],[-52.248,-27.124],[-52.248,-27.108],[-52.243,-27.088],[-52.227,-27.068],[-52.224,-27.071],[-52.216,-27.083],[-52.207,-27.086],[-52.2,-27.094]]]}},{"type":"Feature","properties":{"id":"4201307","nome":"Araquari"},"geometry":{"type":"Polygon","coordinates":[[[-48.701,-26.344],[-48.677,-26.355],[-48.662,-26.36],[-48.669,-26.368],[-48.688,-26.37],[-48.679,-26.38],[-48.672,-26.385],[-48.667,-26.409],[-48.675,-26.408],[-48.694,-26.416],[-48.704,-26.423],[-48.706,-26.428],[-48.712,-26.426],[-48.681,-26.482],[-48.679,-26.485],[-48.654,-26.536],[-48.651,-26.547],[-48.659,-26.57],[-48.664,-26.574],[-48.666,-26.577],[-48.669,-26.579],[-48.675,-26.577],[-48.689,-26.572],[-48.695,-26.578],[-48.696,-26.582],[-48.706,-26.596],[-48.724,-26.597],[-48.725,-26.596],[-48.729,-26.579],[-48.73,-26.571],[-48.739,-26.562],[-48.741,-26.559],[-48.742,-26.557],[-48.753,-26.538],[-48.789,-26.522],[-48.791,-26.516],[-48.795,-26.515],[-48.797,-26.519],[-48.803,-26.519],[-48.806,-26.514],[-48.814,-26.514],[-48.815,-26.518],[-48.826,-26.516],[-48.833,-26.524],[-48.829,-26.528],[-48.832,-26.53],[-48.839,-26.526],[-48.845,-26.532],[-48.849,-26.527],[-48.858,-26.54],[-48.861,-26.534],[-48.864,-26.539],[-48.867,-26.535],[-48.871,-26.536],[-48.884,-26.523],[-48.887,-26.514],[-48.898,-26.514],[-48.9,-26.504],[-48.908,-26.497],[-48.897,-26.496],[-48.901,-26.493],[-48.897,-26.492],[-48.899,-26.489],[-48.905,-26.49],[-48.896,-26.477],[-48.88,-26.477],[-48.881,-26.457],[-48.876,-26.461],[-48.868,-26.458],[-48.875,-26.451],[-48.875,-26.45],[-48.868,-26.447],[-48.866,-26.449],[-48.865,-26.444],[-48.857,-26.448],[-48.858,-26.443],[-48.853,-26.44],[-48.847,-26.445],[-48.839,-26.44],[-48.836,-26.446],[-48.83,-26.449],[-48.829,-26.447],[-48.822,-26.443],[-48.823,-26.438],[-48.813,-26.429],[-48.804,-26.42],[-48.803,-26.415],[-48.823,-26.411],[-48.824,-26.398],[-48.814,-26.395],[-48.808,-26.39],[-48.806,-26.373],[-48.794,-26.365],[-48.765,-26.352],[-48.756,-26.361],[-48.752,-26.358],[-48.748,-26.361],[-48.746,-26.359],[-48.749,-26.356],[-48.74,-26.352],[-48.736,-26.354],[-48.724,-26.34],[-48.736,-26.317],[-48.748,-26.307],[-48.758,-26.295],[-48.74,-26.286],[-48.721,-26.305],[-48.722,-26.322],[-48.719,-26.327],[-48.708,-26.333],[-48.701,-26.344]]]}},{"type":"Feature","properties":{"id":"4201406","nome":"Ararangu\u00e1"},"geometry":{"type":"Polygon","coordinates":[[[-49.315,-28.903],[-49.33,-28.916],[-49.377,-28.956],[-49.387,-28.946],[-49.389,-28.945],[-49.409,-28.941],[-49.409,-28.942],[-49.414,-28.949],[-49.438,-28.964],[-49.481,-28.995],[-49.482,-29.003],[-49.508,-29.017],[-49.512,-29.02],[-49.533,-29.028],[-49.549,-29.041],[-49.554,-29.052],[-49.566,-29.058],[-49.604,-29.03],[-49.623,-29.017],[-49.619,-29.013],[-49.592,-28.99],[-49.583,-28.982],[-49.6,-28.975],[-49.607,-28.951],[-49.605,-28.943],[-49.59,-28.935],[-49.584,-28.938],[-49.58,-28.93],[-49.575,-28.936],[-49.571,-28.934],[-49.568,-28.929],[-49.576,-28.929],[-49.572,-28.923],[-49.557,-28.925],[-49.547,-28.925],[-49.535,-28.917],[-49.526,-28.912],[-49.516,-28.916],[-49.517,-28.911],[-49.51,-28.908],[-49.514,-28.893],[-49.505,-28.892],[-49.503,-28.887],[-49.494,-28.883],[-49.472,-28.884],[-49.466,-28.888],[-49.461,-28.901],[-49.449,-28.902],[-49.443,-28.909],[-49.432,-28.909],[-49.423,-28.882],[-49.421,-28.878],[-49.399,-28.833],[-49.351,-28.855],[-49.351,-28.856],[-49.343,-28.859],[-49.331,-28.865],[-49.301,-28.878],[-49.291,-28.883],[-49.298,-28.889],[-49.315,-28.903]]]}},{"type":"Feature","properties":{"id":"4201505","nome":"Armaz\u00e9m"},"geometry":{"type":"Polygon","coordinates":[[[-49.01,-28.156],[-49.013,-28.164],[-49.008,-28.164],[-49.006,-28.167],[-48.998,-28.163],[-48.998,-28.173],[-48.993,-28.171],[-48.987,-28.181],[-48.982,-28.181],[-48.978,-28.187],[-48.974,-28.181],[-48.971,-28.189],[-48.975,-28.191],[-48.975,-28.195],[-48.98,-28.199],[-48.971,-28.204],[-48.977,-28.209],[-48.974,-28.217],[-48.963,-28.222],[-48.965,-28.23],[-48.97,-28.23],[-48.965,-28.238],[-48.946,-28.24],[-48.921,-28.235],[-48.922,-28.25],[-48.941,-28.252],[-48.946,-28.262],[-48.956,-28.27],[-48.95,-28.289],[-48.959,-28.297],[-48.956,-28.297],[-48.951,-28.301],[-48.954,-28.317],[-48.966,-28.319],[-48.975,-28.307],[-48.986,-28.305],[-48.993,-28.298],[-48.998,-28.302],[-48.999,-28.302],[-49.016,-28.304],[-49.02,-28.301],[-49.023,-28.298],[-49.039,-28.303],[-49.047,-28.298],[-49.044,-28.29],[-49.047,-28.287],[-49.056,-28.294],[-49.062,-28.293],[-49.076,-28.291],[-49.079,-28.274],[-49.083,-28.255],[-49.079,-28.25],[-49.082,-28.244],[-49.078,-28.236],[-49.07,-28.231],[-49.071,-28.226],[-49.073,-28.226],[-49.067,-28.2],[-49.074,-28.193],[-49.08,-28.188],[-49.061,-28.166],[-49.048,-28.158],[-49.039,-28.16],[-49.031,-28.151],[-49.019,-28.148],[-49.014,-28.151],[-49.01,-28.156]]]}},{"type":"Feature","properties":{"id":"4201604","nome":"Arroio Trinta"},"geometry":{"type":"Polygon","coordinates":[[[-51.297,-26.874],[-51.291,-26.881],[-51.284,-26.877],[-51.28,-26.878],[-51.286,-26.887],[-51.278,-26.884],[-51.276,-26.888],[-51.288,-26.894],[-51.277,-26.899],[-51.277,-26.906],[-51.269,-26.914],[-51.274,-26.918],[-51.281,-26.918],[-51.283,-26.921],[-51.285,-26.923],[-51.307,-26.942],[-51.352,-26.981],[-51.366,-26.98],[-51.37,-26.984],[-51.382,-26.978],[-51.377,-26.974],[-51.381,-26.969],[-51.386,-26.973],[-51.396,-26.97],[-51.402,-26.953],[-51.408,-26.954],[-51.407,-26.943],[-51.382,-26.941],[-51.365,-26.939],[-51.37,-26.928],[-51.366,-26.928],[-51.368,-26.923],[-51.365,-26.92],[-51.368,-26.919],[-51.372,-26.91],[-51.364,-26.908],[-51.37,-26.905],[-51.366,-26.902],[-51.363,-26.896],[-51.368,-26.896],[-51.368,-26.893],[-51.362,-26.887],[-51.368,-26.889],[-51.373,-26.885],[-51.371,-26.876],[-51.375,-26.876],[-51.376,-26.871],[-51.374,-26.869],[-51.37,-26.871],[-51.369,-26.869],[-51.339,-26.875],[-51.323,-26.866],[-51.297,-26.874]]]}},{"type":"Feature","properties":{"id":"4201653","nome":"Arvoredo"},"geometry":{"type":"Polygon","coordinates":[[[-52.442,-26.992],[-52.428,-27.013],[-52.419,-27.006],[-52.414,-27.008],[-52.414,-27.019],[-52.413,-27.036],[-52.402,-27.036],[-52.401,-27.074],[-52.4,-27.091],[-52.39,-27.09],[-52.392,-27.097],[-52.403,-27.104],[-52.4,-27.108],[-52.405,-27.11],[-52.397,-27.112],[-52.403,-27.119],[-52.404,-27.119],[-52.432,-27.114],[-52.443,-27.125],[-52.468,-27.131],[-52.488,-27.114],[-52.48,-27.111],[-52.508,-27.094],[-52.509,-27.093],[-52.5,-27.089],[-52.488,-27.09],[-52.485,-27.078],[-52.479,-27.074],[-52.474,-27.073],[-52.469,-27.079],[-52.459,-27.078],[-52.461,-27.075],[-52.473,-27.05],[-52.479,-27.048],[-52.472,-27.041],[-52.459,-27.044],[-52.452,-27.058],[-52.449,-27.056],[-52.444,-27.053],[-52.449,-27.037],[-52.436,-27.031],[-52.447,-27.025],[-52.449,-27.03],[-52.463,-27.025],[-52.466,-27.014],[-52.464,-27.006],[-52.453,-26.995],[-52.442,-26.992]]]}},{"type":"Feature","properties":{"id":"4201703","nome":"Ascurra"},"geometry":{"type":"Polygon","coordinates":[[[-49.434,-26.915],[-49.407,-26.933],[-49.39,-26.93],[-49.381,-26.936],[-49.379,-26.943],[-49.367,-26.943],[-49.352,-26.958],[-49.338,-26.966],[-49.318,-26.963],[-49.315,-26.959],[-49.312,-26.96],[-49.312,-26.969],[-49.313,-26.977],[-49.305,-26.982],[-49.3,-26.993],[-49.309,-27.003],[-49.311,-27.014],[-49.317,-27.021],[-49.327,-27.019],[-49.327,-27.015],[-49.335,-27.013],[-49.34,-27.005],[-49.35,-27.002],[-49.359,-26.992],[-49.367,-26.989],[-49.372,-26.988],[-49.375,-26.982],[-49.384,-26.988],[-49.377,-27.0],[-49.376,-27.013],[-49.38,-27.015],[-49.388,-27.01],[-49.41,-27.008],[-49.436,-27.01],[-49.441,-27.014],[-49.449,-27.011],[-49.452,-27.01],[-49.457,-27.008],[-49.459,-27.007],[-49.467,-27.004],[-49.46,-26.983],[-49.462,-26.972],[-49.46,-26.96],[-49.465,-26.94],[-49.46,-26.933],[-49.458,-26.935],[-49.452,-26.934],[-49.446,-26.921],[-49.434,-26.915]]]}},{"type":"Feature","properties":{"id":"4201802","nome":"Atalanta"},"geometry":{"type":"Polygon","coordinates":[[[-49.693,-27.389],[-49.684,-27.422],[-49.679,-27.444],[-49.675,-27.458],[-49.681,-27.459],[-49.738,-27.474],[-49.755,-27.474],[-49.763,-27.468],[-49.772,-27.466],[-49.774,-27.469],[-49.794,-27.477],[-49.801,-27.486],[-49.81,-27.484],[-49.815,-27.479],[-49.817,-27.473],[-49.813,-27.466],[-49.808,-27.454],[-49.811,-27.448],[-49.802,-27.442],[-49.782,-27.414],[-49.763,-27.404],[-49.75,-27.395],[-49.742,-27.397],[-49.727,-27.387],[-49.71,-27.392],[-49.704,-27.387],[-49.702,-27.385],[-49.693,-27.389]]]}},{"type":"Feature","properties":{"id":"4201901","nome":"Aurora"},"geometry":{"type":"Polygon","coordinates":[[[-49.558,-27.276],[-49.538,-27.276],[-49.527,-27.272],[-49.51,-27.277],[-49.51,-27.283],[-49.497,-27.298],[-49.489,-27.298],[-49.483,-27.304],[-49.48,-27.304],[-49.495,-27.317],[-49.502,-27.341],[-49.51,-27.349],[-49.522,-27.357],[-49.536,-27.373],[-49.54,-27.373],[-49.539,-27.377],[-49.546,-27.383],[-49.55,-27.383],[-49.565,-27.398],[-49.571,-27.399],[-49.583,-27.392],[-49.59,-27.396],[-49.598,-27.391],[-49.602,-27.391],[-49.604,-27.392],[-49.609,-27.387],[-49.62,-27.393],[-49.642,-27.394],[-49.648,-27.394],[-49.65,-27.388],[-49.659,-27.387],[-49.665,-27.357],[-49.667,-27.338],[-49.678,-27.335],[-49.675,-27.323],[-49.68,-27.316],[-49.688,-27.317],[-49.69,-27.316],[-49.686,-27.31],[-49.692,-27.304],[-49.68,-27.29],[-49.66,-27.283],[-49.659,-27.278],[-49.651,-27.276],[-49.646,-27.275],[-49.641,-27.274],[-49.625,-27.283],[-49.62,-27.283],[-49.615,-27.279],[-49.604,-27.277],[-49.585,-27.264],[-49.577,-27.259],[-49.566,-27.274],[-49.558,-27.276]]]}},{"type":"Feature","properties":{"id":"4201950","nome":"Balne\u00e1rio Arroio do Silva"},"geometry":{"type":"Polygon","coordinates":[[[-49.421,-28.996],[-49.514,-29.092],[-49.525,-29.085],[-49.531,-29.081],[-49.566,-29.058],[-49.554,-29.052],[-49.549,-29.041],[-49.533,-29.028],[-49.512,-29.02],[-49.508,-29.017],[-49.482,-29.003],[-49.481,-28.995],[-49.438,-28.964],[-49.414,-28.949],[-49.409,-28.942],[-49.409,-28.941],[-49.389,-28.945],[-49.387,-28.946],[-49.377,-28.956],[-49.421,-28.996]]]}},{"type":"Feature","properties":{"id":"4202008","nome":"Balne\u00e1rio Cambori\u00fa"},"geometry":{"type":"Polygon","coordinates":[[[-48.627,-26.965],[-48.626,-26.971],[-48.633,-26.972],[-48.634,-26.978],[-48.621,-26.999],[-48.609,-27.004],[-48.6,-27.003],[-48.602,-26.995],[-48.597,-26.993],[-48.589,-26.997],[-48.587,-26.992],[-48.58,-26.994],[-48.582,-26.999],[-48.577,-27.009],[-48.567,-27.007],[-48.573,-27.017],[-48.571,-27.024],[-48.579,-27.025],[-48.578,-27.039],[-48.585,-27.045],[-48.587,-27.061],[-48.602,-27.054],[-48.611,-27.049],[-48.616,-27.038],[-48.615,-27.031],[-48.624,-27.031],[-48.627,-27.013],[-48.633,-27.016],[-48.644,-27.012],[-48.641,-27.01],[-48.646,-27.01],[-48.645,-27.004],[-48.644,-27.0],[-48.661,-26.993],[-48.669,-26.983],[-48.681,-26.979],[-48.683,-26.973],[-48.664,-26.962],[-48.66,-26.968],[-48.641,-26.955],[-48.627,-26.959],[-48.623,-26.961],[-48.627,-26.965]]]}},{"type":"Feature","properties":{"id":"4202057","nome":"Balne\u00e1rio Barra do Sul"},"geometry":{"type":"Polygon","coordinates":[[[-48.618,-26.404],[-48.626,-26.429],[-48.623,-26.442],[-48.607,-26.454],[-48.597,-26.453],[-48.596,-26.45],[-48.593,-26.453],[-48.614,-26.478],[-48.632,-26.51],[-48.651,-26.547],[-48.654,-26.536],[-48.679,-26.485],[-48.681,-26.482],[-48.712,-26.426],[-48.706,-26.428],[-48.704,-26.423],[-48.694,-26.416],[-48.675,-26.408],[-48.667,-26.409],[-48.672,-26.385],[-48.679,-26.38],[-48.688,-26.37],[-48.669,-26.368],[-48.662,-26.36],[-48.661,-26.361],[-48.633,-26.37],[-48.618,-26.404]]]}},{"type":"Feature","properties":{"id":"4202073","nome":"Balne\u00e1rio Gaivota"},"geometry":{"type":"Polygon","coordinates":[[[-49.514,-29.092],[-49.644,-29.239],[-49.654,-29.232],[-49.66,-29.24],[-49.666,-29.237],[-49.668,-29.235],[-49.692,-29.22],[-49.711,-29.206],[-49.7,-29.192],[-49.687,-29.166],[-49.663,-29.153],[-49.655,-29.143],[-49.647,-29.137],[-49.631,-29.134],[-49.622,-29.125],[-49.606,-29.11],[-49.597,-29.085],[-49.595,-29.078],[-49.58,-29.072],[-49.566,-29.058],[-49.531,-29.081],[-49.525,-29.085],[-49.514,-29.092]]]}},{"type":"Feature","properties":{"id":"4202081","nome":"Bandeirante"},"geometry":{"type":"Polygon","coordinates":[[[-53.607,-26.688],[-53.605,-26.691],[-53.601,-26.685],[-53.595,-26.687],[-53.59,-26.744],[-53.585,-26.772],[-53.575,-26.781],[-53.578,-26.787],[-53.582,-26.787],[-53.578,-26.792],[-53.574,-26.791],[-53.575,-26.794],[-53.585,-26.795],[-53.583,-26.8],[-53.587,-26.802],[-53.594,-26.803],[-53.593,-26.808],[-53.604,-26.805],[-53.606,-26.818],[-53.617,-26.811],[-53.616,-26.818],[-53.62,-26.819],[-53.626,-26.816],[-53.626,-26.812],[-53.636,-26.816],[-53.639,-26.81],[-53.642,-26.812],[-53.651,-26.809],[-53.652,-26.817],[-53.662,-26.818],[-53.662,-26.823],[-53.655,-26.829],[-53.666,-26.833],[-53.661,-26.841],[-53.676,-26.843],[-53.694,-26.846],[-53.693,-26.841],[-53.687,-26.836],[-53.695,-26.831],[-53.7,-26.818],[-53.71,-26.812],[-53.708,-26.809],[-53.704,-26.814],[-53.698,-26.813],[-53.699,-26.797],[-53.708,-26.797],[-53.715,-26.787],[-53.715,-26.779],[-53.699,-26.771],[-53.699,-26.767],[-53.713,-26.766],[-53.715,-26.772],[-53.729,-26.773],[-53.743,-26.762],[-53.73,-26.765],[-53.724,-26.763],[-53.717,-26.758],[-53.714,-26.749],[-53.706,-26.746],[-53.703,-26.738],[-53.695,-26.738],[-53.692,-26.727],[-53.687,-26.721],[-53.663,-26.716],[-53.653,-26.72],[-53.652,-26.728],[-53.66,-26.725],[-53.662,-26.729],[-53.651,-26.733],[-53.648,-26.731],[-53.642,-26.734],[-53.644,-26.71],[-53.64,-26.711],[-53.641,-26.716],[-53.628,-26.715],[-53.625,-26.714],[-53.629,-26.711],[-53.628,-26.705],[-53.624,-26.701],[-53.62,-26.704],[-53.619,-26.698],[-53.623,-26.694],[-53.62,-26.69],[-53.615,-26.696],[-53.613,-26.691],[-53.617,-26.689],[-53.611,-26.688],[-53.611,-26.684],[-53.603,-26.683],[-53.607,-26.688]]]}},{"type":"Feature","properties":{"id":"4202099","nome":"Barra Bonita"},"geometry":{"type":"Polygon","coordinates":[[[-53.388,-26.643],[-53.391,-26.657],[-53.391,-26.662],[-53.383,-26.666],[-53.39,-26.675],[-53.391,-26.68],[-53.394,-26.675],[-53.4,-26.677],[-53.396,-26.677],[-53.396,-26.679],[-53.409,-26.686],[-53.41,-26.694],[-53.399,-26.694],[-53.397,-26.69],[-53.391,-26.694],[-53.391,-26.7],[-53.386,-26.715],[-53.391,-26.711],[-53.398,-26.71],[-53.403,-26.715],[-53.397,-26.728],[-53.391,-26.729],[-53.386,-26.728],[-53.38,-26.716],[-53.367,-26.725],[-53.367,-26.734],[-53.382,-26.737],[-53.384,-26.744],[-53.391,-26.742],[-53.394,-26.743],[-53.415,-26.734],[-53.423,-26.727],[-53.428,-26.711],[-53.437,-26.71],[-53.442,-26.71],[-53.444,-26.705],[-53.484,-26.671],[-53.495,-26.661],[-53.477,-26.645],[-53.474,-26.648],[-53.463,-26.638],[-53.447,-26.634],[-53.446,-26.628],[-53.427,-26.626],[-53.431,-26.62],[-53.412,-26.606],[-53.426,-26.605],[-53.416,-26.583],[-53.408,-26.585],[-53.4,-26.589],[-53.403,-26.608],[-53.397,-26.615],[-53.391,-26.619],[-53.391,-26.623],[-53.387,-26.631],[-53.388,-26.643]]]}},{"type":"Feature","properties":{"id":"4202107","nome":"Barra Velha"},"geometry":{"type":"Polygon","coordinates":[[[-48.725,-26.596],[-48.724,-26.597],[-48.706,-26.596],[-48.696,-26.582],[-48.695,-26.578],[-48.689,-26.572],[-48.675,-26.577],[-48.669,-26.579],[-48.666,-26.577],[-48.664,-26.574],[-48.676,-26.613],[-48.687,-26.669],[-48.686,-26.688],[-48.678,-26.698],[-48.681,-26.718],[-48.706,-26.725],[-48.708,-26.725],[-48.718,-26.729],[-48.732,-26.73],[-48.741,-26.737],[-48.756,-26.74],[-48.762,-26.737],[-48.762,-26.728],[-48.775,-26.706],[-48.79,-26.705],[-48.801,-26.712],[-48.806,-26.697],[-48.804,-26.682],[-48.8,-26.679],[-48.796,-26.673],[-48.786,-26.671],[-48.787,-26.667],[-48.783,-26.665],[-48.785,-26.66],[-48.78,-26.661],[-48.772,-26.67],[-48.76,-26.661],[-48.755,-26.664],[-48.754,-26.66],[-48.755,-26.651],[-48.759,-26.647],[-48.757,-26.638],[-48.751,-26.634],[-48.752,-26.631],[-48.743,-26.63],[-48.743,-26.612],[-48.745,-26.591],[-48.74,-26.581],[-48.743,-26.579],[-48.743,-26.572],[-48.741,-26.559],[-48.739,-26.562],[-48.73,-26.571],[-48.729,-26.579],[-48.725,-26.596]]]}},{"type":"Feature","properties":{"id":"4202131","nome":"Bela Vista do Toldo"},"geometry":{"type":"Polygon","coordinates":[[[-50.401,-26.569],[-50.418,-26.579],[-50.43,-26.574],[-50.44,-26.576],[-50.443,-26.591],[-50.431,-26.6],[-50.413,-26.6],[-50.413,-26.607],[-50.427,-26.605],[-50.437,-26.615],[-50.45,-26.614],[-50.463,-26.624],[-50.463,-26.627],[-50.484,-26.633],[-50.492,-26.642],[-50.496,-26.643],[-50.508,-26.635],[-50.508,-26.638],[-50.515,-26.64],[-50.518,-26.634],[-50.527,-26.624],[-50.523,-26.618],[-50.53,-26.612],[-50.53,-26.608],[-50.526,-26.607],[-50.515,-26.586],[-50.517,-26.565],[-50.53,-26.549],[-50.538,-26.521],[-50.552,-26.506],[-50.554,-26.496],[-50.547,-26.486],[-50.539,-26.485],[-50.53,-26.476],[-50.538,-26.469],[-50.549,-26.464],[-50.555,-26.447],[-50.563,-26.441],[-50.57,-26.441],[-50.574,-26.432],[-50.574,-26.417],[-50.564,-26.408],[-50.563,-26.402],[-50.565,-26.396],[-50.576,-26.388],[-50.578,-26.379],[-50.586,-26.37],[-50.584,-26.366],[-50.57,-26.357],[-50.578,-26.351],[-50.571,-26.344],[-50.571,-26.337],[-50.556,-26.325],[-50.554,-26.316],[-50.572,-26.295],[-50.56,-26.287],[-50.562,-26.284],[-50.556,-26.282],[-50.547,-26.271],[-50.537,-26.254],[-50.503,-26.247],[-50.498,-26.244],[-50.494,-26.241],[-50.463,-26.228],[-50.435,-26.237],[-50.436,-26.241],[-50.424,-26.25],[-50.43,-26.26],[-50.425,-26.267],[-50.419,-26.269],[-50.421,-26.275],[-50.416,-26.282],[-50.407,-26.282],[-50.404,-26.286],[-50.405,-26.292],[-50.41,-26.311],[-50.396,-26.323],[-50.403,-26.347],[-50.412,-26.354],[-50.411,-26.365],[-50.419,-26.367],[-50.426,-26.379],[-50.418,-26.392],[-50.417,-26.41],[-50.431,-26.425],[-50.435,-26.432],[-50.432,-26.439],[-50.435,-26.447],[-50.451,-26.461],[-50.444,-26.477],[-50.454,-26.494],[-50.454,-26.5],[-50.449,-26.513],[-50.432,-26.523],[-50.423,-26.545],[-50.406,-26.556],[-50.401,-26.569]]]}},{"type":"Feature","properties":{"id":"4202156","nome":"Belmonte"},"geometry":{"type":"Polygon","coordinates":[[[-53.651,-26.809],[-53.642,-26.812],[-53.639,-26.81],[-53.636,-26.816],[-53.626,-26.812],[-53.626,-26.816],[-53.62,-26.819],[-53.616,-26.818],[-53.617,-26.811],[-53.606,-26.818],[-53.555,-26.831],[-53.545,-26.834],[-53.548,-26.841],[-53.552,-26.839],[-53.555,-26.843],[-53.551,-26.847],[-53.553,-26.854],[-53.557,-26.855],[-53.554,-26.859],[-53.557,-26.861],[-53.564,-26.855],[-53.565,-26.86],[-53.563,-26.864],[-53.557,-26.863],[-53.557,-26.874],[-53.55,-26.872],[-53.552,-26.878],[-53.556,-26.88],[-53.556,-26.883],[-53.553,-26.884],[-53.555,-26.888],[-53.55,-26.889],[-53.575,-26.896],[-53.601,-26.885],[-53.619,-26.892],[-53.625,-26.884],[-53.633,-26.886],[-53.671,-26.893],[-53.695,-26.886],[-53.69,-26.876],[-53.679,-26.869],[-53.693,-26.863],[-53.695,-26.858],[-53.663,-26.864],[-53.659,-26.861],[-53.66,-26.856],[-53.67,-26.852],[-53.676,-26.843],[-53.661,-26.841],[-53.666,-26.833],[-53.655,-26.829],[-53.662,-26.823],[-53.662,-26.818],[-53.652,-26.817],[-53.651,-26.809]]]}},{"type":"Feature","properties":{"id":"4202206","nome":"Benedito Novo"},"geometry":{"type":"Polygon","coordinates":[[[-49.475,-26.647],[-49.465,-26.651],[-49.449,-26.647],[-49.442,-26.656],[-49.418,-26.66],[-49.411,-26.668],[-49.406,-26.666],[-49.404,-26.669],[-49.394,-26.676],[-49.395,-26.681],[-49.386,-26.683],[-49.378,-26.694],[-49.368,-26.694],[-49.364,-26.705],[-49.355,-26.709],[-49.353,-26.722],[-49.341,-26.723],[-49.341,-26.727],[-49.333,-26.735],[-49.329,-26.737],[-49.334,-26.74],[-49.335,-26.745],[-49.334,-26.752],[-49.339,-26.756],[-49.333,-26.764],[-49.328,-26.772],[-49.333,-26.777],[-49.328,-26.785],[-49.334,-26.797],[-49.33,-26.807],[-49.343,-26.818],[-49.345,-26.819],[-49.348,-26.82],[-49.359,-26.822],[-49.357,-26.832],[-49.371,-26.842],[-49.372,-26.852],[-49.377,-26.853],[-49.383,-26.864],[-49.401,-26.867],[-49.403,-26.874],[-49.412,-26.9],[-49.424,-26.905],[-49.427,-26.916],[-49.434,-26.915],[-49.446,-26.921],[-49.452,-26.934],[-49.458,-26.935],[-49.46,-26.933],[-49.465,-26.94],[-49.484,-26.937],[-49.488,-26.935],[-49.507,-26.92],[-49.51,-26.909],[-49.543,-26.891],[-49.547,-26.89],[-49.55,-26.875],[-49.553,-26.868],[-49.55,-26.856],[-49.539,-26.854],[-49.534,-26.849],[-49.53,-26.845],[-49.533,-26.841],[-49.533,-26.829],[-49.521,-26.823],[-49.524,-26.815],[-49.516,-26.809],[-49.519,-26.798],[-49.506,-26.789],[-49.493,-26.791],[-49.486,-26.779],[-49.471,-26.773],[-49.469,-26.767],[-49.453,-26.765],[-49.449,-26.761],[-49.446,-26.758],[-49.451,-26.757],[-49.45,-26.751],[-49.45,-26.749],[-49.449,-26.73],[-49.452,-26.723],[-49.449,-26.714],[-49.456,-26.708],[-49.465,-26.706],[-49.474,-26.697],[-49.471,-26.677],[-49.481,-26.673],[-49.488,-26.661],[-49.483,-26.649],[-49.475,-26.647]]]}},{"type":"Feature","properties":{"id":"4202305","nome":"Bigua\u00e7u"},"geometry":{"type":"Polygon","coordinates":[[[-48.655,-27.32],[-48.638,-27.327],[-48.627,-27.324],[-48.628,-27.339],[-48.633,-27.345],[-48.634,-27.371],[-48.633,-27.372],[-48.631,-27.38],[-48.632,-27.392],[-48.623,-27.391],[-48.61,-27.399],[-48.598,-27.401],[-48.604,-27.408],[-48.602,-27.422],[-48.606,-27.424],[-48.608,-27.431],[-48.605,-27.441],[-48.587,-27.454],[-48.581,-27.466],[-48.59,-27.485],[-48.588,-27.493],[-48.574,-27.517],[-48.631,-27.529],[-48.635,-27.535],[-48.65,-27.541],[-48.654,-27.544],[-48.656,-27.537],[-48.665,-27.531],[-48.668,-27.538],[-48.673,-27.54],[-48.68,-27.53],[-48.68,-27.522],[-48.691,-27.519],[-48.693,-27.522],[-48.705,-27.525],[-48.717,-27.528],[-48.723,-27.536],[-48.732,-27.534],[-48.747,-27.536],[-48.749,-27.522],[-48.746,-27.517],[-48.739,-27.508],[-48.739,-27.503],[-48.756,-27.496],[-48.754,-27.487],[-48.745,-27.477],[-48.755,-27.469],[-48.765,-27.46],[-48.772,-27.459],[-48.781,-27.464],[-48.795,-27.451],[-48.801,-27.445],[-48.799,-27.438],[-48.803,-27.432],[-48.801,-27.402],[-48.809,-27.403],[-48.836,-27.396],[-48.833,-27.393],[-48.827,-27.388],[-48.82,-27.387],[-48.811,-27.369],[-48.801,-27.359],[-48.793,-27.351],[-48.774,-27.346],[-48.768,-27.35],[-48.763,-27.343],[-48.75,-27.345],[-48.731,-27.34],[-48.717,-27.348],[-48.711,-27.348],[-48.707,-27.354],[-48.7,-27.35],[-48.695,-27.35],[-48.688,-27.341],[-48.684,-27.342],[-48.674,-27.34],[-48.672,-27.347],[-48.664,-27.346],[-48.658,-27.335],[-48.662,-27.326],[-48.655,-27.32]]]}},{"type":"Feature","properties":{"id":"4202404","nome":"Blumenau"},"geometry":{"type":"Polygon","coordinates":[[[-49.107,-26.658],[-49.102,-26.659],[-49.099,-26.656],[-49.074,-26.654],[-49.07,-26.648],[-49.068,-26.653],[-49.056,-26.656],[-49.047,-26.649],[-49.036,-26.66],[-49.032,-26.661],[-49.018,-26.684],[-49.025,-26.685],[-49.033,-26.697],[-49.049,-26.708],[-49.044,-26.714],[-49.045,-26.724],[-49.039,-26.728],[-49.04,-26.733],[-49.05,-26.744],[-49.045,-26.752],[-49.035,-26.773],[-49.03,-26.778],[-49.046,-26.776],[-49.054,-26.782],[-49.05,-26.788],[-49.053,-26.8],[-49.045,-26.814],[-49.048,-26.825],[-49.039,-26.827],[-49.038,-26.831],[-49.039,-26.832],[-49.042,-26.855],[-49.04,-26.856],[-49.04,-26.858],[-49.042,-26.86],[-49.04,-26.862],[-49.044,-26.871],[-49.042,-26.879],[-49.028,-26.89],[-49.017,-26.899],[-49.013,-26.902],[-49.012,-26.907],[-49.016,-26.909],[-49.019,-26.918],[-49.029,-26.922],[-49.031,-26.929],[-49.028,-26.935],[-49.032,-26.936],[-49.049,-26.944],[-49.054,-26.949],[-49.056,-26.954],[-49.05,-26.961],[-49.042,-26.978],[-49.042,-26.985],[-49.046,-26.989],[-49.056,-26.993],[-49.055,-27.001],[-49.054,-27.001],[-49.055,-27.01],[-49.06,-27.016],[-49.054,-27.027],[-49.055,-27.034],[-49.066,-27.041],[-49.064,-27.055],[-49.058,-27.061],[-49.057,-27.064],[-49.061,-27.07],[-49.059,-27.098],[-49.067,-27.101],[-49.067,-27.109],[-49.079,-27.12],[-49.087,-27.121],[-49.096,-27.114],[-49.104,-27.115],[-49.11,-27.121],[-49.13,-27.122],[-49.135,-27.131],[-49.139,-27.132],[-49.155,-27.118],[-49.156,-27.097],[-49.149,-27.09],[-49.142,-27.092],[-49.138,-27.073],[-49.132,-27.067],[-49.131,-27.057],[-49.137,-27.046],[-49.128,-27.032],[-49.136,-27.024],[-49.137,-27.014],[-49.151,-27.011],[-49.162,-26.992],[-49.162,-26.988],[-49.162,-26.978],[-49.157,-26.971],[-49.164,-26.955],[-49.157,-26.952],[-49.163,-26.947],[-49.165,-26.942],[-49.159,-26.935],[-49.169,-26.93],[-49.177,-26.914],[-49.172,-26.904],[-49.164,-26.904],[-49.165,-26.897],[-49.162,-26.894],[-49.152,-26.895],[-49.161,-26.884],[-49.18,-26.877],[-49.185,-26.879],[-49.185,-26.875],[-49.175,-26.869],[-49.19,-26.858],[-49.195,-26.853],[-49.192,-26.847],[-49.2,-26.84],[-49.199,-26.837],[-49.189,-26.839],[-49.182,-26.835],[-49.17,-26.834],[-49.163,-26.838],[-49.139,-26.834],[-49.138,-26.834],[-49.128,-26.832],[-49.123,-26.822],[-49.128,-26.807],[-49.119,-26.792],[-49.124,-26.777],[-49.123,-26.761],[-49.127,-26.759],[-49.127,-26.752],[-49.118,-26.745],[-49.106,-26.743],[-49.106,-26.74],[-49.114,-26.734],[-49.11,-26.722],[-49.119,-26.722],[-49.12,-26.716],[-49.12,-26.71],[-49.131,-26.708],[-49.132,-26.694],[-49.124,-26.688],[-49.123,-26.682],[-49.127,-26.68],[-49.133,-26.652],[-49.13,-26.635],[-49.132,-26.63],[-49.129,-26.621],[-49.123,-26.621],[-49.114,-26.612],[-49.114,-26.624],[-49.11,-26.631],[-49.114,-26.638],[-49.111,-26.65],[-49.106,-26.651],[-49.107,-26.658]]]}},{"type":"Feature","properties":{"id":"4202438","nome":"Bocaina do Sul"},"geometry":{"type":"Polygon","coordinates":[[[-50.002,-27.623],[-49.994,-27.625],[-49.985,-27.619],[-49.972,-27.634],[-49.985,-27.632],[-49.991,-27.641],[-49.976,-27.643],[-49.97,-27.657],[-49.963,-27.66],[-49.953,-27.656],[-49.955,-27.64],[-49.945,-27.636],[-49.949,-27.645],[-49.945,-27.647],[-49.936,-27.647],[-49.919,-27.667],[-49.909,-27.671],[-49.905,-27.667],[-49.909,-27.66],[-49.92,-27.656],[-49.917,-27.65],[-49.911,-27.654],[-49.901,-27.652],[-49.899,-27.659],[-49.893,-27.662],[-49.887,-27.648],[-49.885,-27.665],[-49.872,-27.676],[-49.873,-27.685],[-49.864,-27.691],[-49.862,-27.676],[-49.854,-27.669],[-49.837,-27.67],[-49.834,-27.675],[-49.839,-27.677],[-49.847,-27.679],[-49.842,-27.684],[-49.843,-27.697],[-49.839,-27.701],[-49.822,-27.7],[-49.815,-27.706],[-49.812,-27.701],[-49.805,-27.706],[-49.799,-27.715],[-49.798,-27.736],[-49.787,-27.738],[-49.775,-27.733],[-49.774,-27.746],[-49.761,-27.75],[-49.762,-27.758],[-49.771,-27.753],[-49.781,-27.765],[-49.772,-27.768],[-49.767,-27.783],[-49.754,-27.79],[-49.76,-27.805],[-49.764,-27.813],[-49.768,-27.808],[-49.763,-27.797],[-49.774,-27.797],[-49.778,-27.802],[-49.778,-27.803],[-49.779,-27.809],[-49.805,-27.85],[-49.808,-27.867],[-49.823,-27.871],[-49.832,-27.878],[-49.836,-27.886],[-49.849,-27.885],[-49.869,-27.901],[-49.878,-27.897],[-49.877,-27.887],[-49.886,-27.884],[-49.889,-27.876],[-49.9,-27.865],[-49.899,-27.857],[-49.911,-27.855],[-49.909,-27.849],[-49.904,-27.844],[-49.922,-27.841],[-49.938,-27.845],[-49.948,-27.845],[-49.952,-27.848],[-49.961,-27.847],[-49.969,-27.849],[-49.968,-27.848],[-49.964,-27.845],[-49.965,-27.837],[-49.971,-27.833],[-49.976,-27.836],[-49.98,-27.829],[-49.991,-27.825],[-49.986,-27.817],[-49.998,-27.807],[-49.994,-27.798],[-49.996,-27.791],[-50.003,-27.792],[-50.017,-27.806],[-50.025,-27.808],[-50.028,-27.815],[-50.035,-27.811],[-50.04,-27.816],[-50.047,-27.809],[-50.058,-27.809],[-50.061,-27.813],[-50.069,-27.81],[-50.079,-27.801],[-50.076,-27.787],[-50.075,-27.782],[-50.062,-27.774],[-50.043,-27.772],[-50.041,-27.761],[-50.028,-27.753],[-50.03,-27.748],[-50.024,-27.73],[-50.029,-27.726],[-50.032,-27.724],[-50.029,-27.72],[-50.032,-27.714],[-50.024,-27.707],[-50.029,-27.7],[-50.024,-27.695],[-50.027,-27.692],[-50.012,-27.672],[-50.002,-27.673],[-50.004,-27.664],[-50.0,-27.66],[-49.999,-27.649],[-50.002,-27.649],[-50.001,-27.64],[-49.996,-27.639],[-49.996,-27.635],[-50.004,-27.629],[-50.01,-27.618],[-50.006,-27.617],[-50.002,-27.623]]]}},{"type":"Feature","properties":{"id":"4202453","nome":"Bombinhas"},"geometry":{"type":"Polygon","coordinates":[[[-48.501,-27.145],[-48.484,-27.149],[-48.478,-27.143],[-48.481,-27.138],[-48.479,-27.135],[-48.475,-27.146],[-48.465,-27.145],[-48.476,-27.155],[-48.483,-27.155],[-48.486,-27.164],[-48.496,-27.165],[-48.498,-27.169],[-48.499,-27.192],[-48.491,-27.202],[-48.485,-27.199],[-48.477,-27.2],[-48.479,-27.206],[-48.487,-27.211],[-48.489,-27.209],[-48.498,-27.217],[-48.503,-27.215],[-48.517,-27.22],[-48.517,-27.216],[-48.503,-27.207],[-48.5,-27.201],[-48.515,-27.185],[-48.53,-27.181],[-48.54,-27.182],[-48.558,-27.198],[-48.572,-27.203],[-48.579,-27.211],[-48.578,-27.208],[-48.584,-27.199],[-48.584,-27.194],[-48.574,-27.185],[-48.563,-27.184],[-48.554,-27.173],[-48.542,-27.173],[-48.529,-27.163],[-48.523,-27.136],[-48.507,-27.111],[-48.503,-27.115],[-48.512,-27.132],[-48.501,-27.145]]]}},{"type":"Feature","properties":{"id":"4202503","nome":"Bom Jardim da Serra"},"geometry":{"type":"Polygon","coordinates":[[[-49.551,-28.117],[-49.543,-28.125],[-49.533,-28.123],[-49.509,-28.127],[-49.5,-28.124],[-49.495,-28.125],[-49.494,-28.12],[-49.479,-28.118],[-49.474,-28.125],[-49.488,-28.127],[-49.493,-28.134],[-49.492,-28.145],[-49.5,-28.147],[-49.501,-28.151],[-49.51,-28.155],[-49.508,-28.156],[-49.511,-28.159],[-49.506,-28.16],[-49.515,-28.17],[-49.511,-28.173],[-49.53,-28.187],[-49.528,-28.193],[-49.532,-28.198],[-49.529,-28.2],[-49.532,-28.207],[-49.526,-28.209],[-49.528,-28.214],[-49.535,-28.218],[-49.53,-28.226],[-49.55,-28.239],[-49.534,-28.241],[-49.541,-28.247],[-49.534,-28.247],[-49.536,-28.25],[-49.531,-28.253],[-49.538,-28.259],[-49.543,-28.258],[-49.547,-28.273],[-49.542,-28.27],[-49.542,-28.273],[-49.537,-28.272],[-49.534,-28.266],[-49.522,-28.271],[-49.516,-28.262],[-49.521,-28.275],[-49.525,-28.276],[-49.528,-28.286],[-49.522,-28.298],[-49.526,-28.306],[-49.523,-28.308],[-49.532,-28.306],[-49.535,-28.314],[-49.532,-28.316],[-49.535,-28.332],[-49.545,-28.344],[-49.532,-28.342],[-49.532,-28.351],[-49.551,-28.352],[-49.551,-28.367],[-49.56,-28.372],[-49.553,-28.377],[-49.551,-28.384],[-49.543,-28.383],[-49.552,-28.4],[-49.545,-28.402],[-49.567,-28.414],[-49.557,-28.424],[-49.56,-28.435],[-49.549,-28.436],[-49.55,-28.441],[-49.538,-28.435],[-49.536,-28.428],[-49.534,-28.435],[-49.543,-28.44],[-49.549,-28.449],[-49.547,-28.453],[-49.551,-28.451],[-49.555,-28.46],[-49.56,-28.46],[-49.559,-28.465],[-49.562,-28.467],[-49.555,-28.474],[-49.552,-28.484],[-49.549,-28.484],[-49.555,-28.494],[-49.562,-28.494],[-49.567,-28.498],[-49.568,-28.504],[-49.59,-28.501],[-49.589,-28.506],[-49.593,-28.503],[-49.6,-28.514],[-49.595,-28.516],[-49.598,-28.522],[-49.605,-28.52],[-49.617,-28.531],[-49.647,-28.543],[-49.656,-28.566],[-49.649,-28.568],[-49.647,-28.582],[-49.644,-28.584],[-49.652,-28.593],[-49.647,-28.598],[-49.654,-28.602],[-49.667,-28.602],[-49.671,-28.606],[-49.667,-28.612],[-49.685,-28.621],[-49.693,-28.625],[-49.691,-28.618],[-49.698,-28.606],[-49.709,-28.604],[-49.712,-28.594],[-49.708,-28.583],[-49.711,-28.573],[-49.719,-28.576],[-49.725,-28.569],[-49.73,-28.552],[-49.748,-28.545],[-49.746,-28.536],[-49.727,-28.519],[-49.729,-28.514],[-49.736,-28.512],[-49.737,-28.51],[-49.744,-28.506],[-49.739,-28.5],[-49.745,-28.493],[-49.762,-28.502],[-49.771,-28.492],[-49.765,-28.482],[-49.764,-28.46],[-49.768,-28.459],[-49.773,-28.467],[-49.781,-28.472],[-49.778,-28.475],[-49.786,-28.488],[-49.781,-28.494],[-49.783,-28.496],[-49.791,-28.495],[-49.802,-28.483],[-49.81,-28.467],[-49.816,-28.469],[-49.817,-28.462],[-49.81,-28.463],[-49.803,-28.455],[-49.81,-28.452],[-49.812,-28.444],[-49.807,-28.429],[-49.813,-28.428],[-49.815,-28.438],[-49.831,-28.425],[-49.822,-28.421],[-49.811,-28.421],[-49.809,-28.416],[-49.803,-28.415],[-49.805,-28.427],[-49.801,-28.433],[-49.799,-28.424],[-49.788,-28.427],[-49.787,-28.422],[-49.783,-28.421],[-49.782,-28.429],[-49.753,-28.418],[-49.77,-28.414],[-49.762,-28.406],[-49.771,-28.404],[-49.772,-28.392],[-49.783,-28.392],[-49.786,-28.385],[-49.808,-28.384],[-49.808,-28.366],[-49.805,-28.365],[-49.797,-28.372],[-49.795,-28.368],[-49.783,-28.365],[-49.771,-28.374],[-49.772,-28.361],[-49.777,-28.354],[-49.765,-28.35],[-49.764,-28.341],[-49.767,-28.339],[-49.766,-28.331],[-49.771,-28.333],[-49.774,-28.331],[-49.77,-28.325],[-49.769,-28.319],[-49.772,-28.318],[-49.767,-28.311],[-49.771,-28.307],[-49.766,-28.298],[-49.771,-28.296],[-49.773,-28.278],[-49.762,-28.264],[-49.762,-28.262],[-49.751,-28.244],[-49.731,-28.239],[-49.721,-28.222],[-49.715,-28.225],[-49.709,-28.22],[-49.701,-28.228],[-49.69,-28.227],[-49.677,-28.233],[-49.672,-28.23],[-49.666,-28.214],[-49.669,-28.184],[-49.659,-28.185],[-49.657,-28.178],[-49.644,-28.17],[-49.644,-28.164],[-49.615,-28.158],[-49.609,-28.163],[-49.605,-28.159],[-49.596,-28.159],[-49.585,-28.149],[-49.577,-28.149],[-49.573,-28.135],[-49.577,-28.132],[-49.565,-28.126],[-49.563,-28.115],[-49.551,-28.117]]]}},{"type":"Feature","properties":{"id":"4202537","nome":"Bom Jesus"},"geometry":{"type":"Polygon","coordinates":[[[-52.359,-26.706],[-52.364,-26.713],[-52.353,-26.724],[-52.368,-26.742],[-52.369,-26.751],[-52.362,-26.759],[-52.366,-26.766],[-52.36,-26.767],[-52.36,-26.776],[-52.355,-26.785],[-52.363,-26.786],[-52.37,-26.794],[-52.391,-26.784],[-52.408,-26.783],[-52.409,-26.79],[-52.416,-26.794],[-52.421,-26.793],[-52.421,-26.781],[-52.428,-26.78],[-52.44,-26.771],[-52.429,-26.767],[-52.418,-26.759],[-52.422,-26.749],[-52.406,-26.747],[-52.413,-26.73],[-52.423,-26.723],[-52.426,-26.716],[-52.425,-26.707],[-52.416,-26.699],[-52.388,-26.708],[-52.386,-26.695],[-52.393,-26.684],[-52.382,-26.68],[-52.38,-26.673],[-52.368,-26.672],[-52.359,-26.706]]]}},{"type":"Feature","properties":{"id":"4202578","nome":"Bom Jesus do Oeste"},"geometry":{"type":"Polygon","coordinates":[[[-53.098,-26.627],[-53.087,-26.638],[-53.079,-26.633],[-53.067,-26.632],[-53.06,-26.64],[-53.062,-26.643],[-53.076,-26.668],[-53.068,-26.673],[-53.067,-26.677],[-53.073,-26.68],[-53.071,-26.686],[-53.06,-26.696],[-53.058,-26.714],[-53.065,-26.724],[-53.061,-26.725],[-53.066,-26.729],[-53.064,-26.731],[-53.07,-26.731],[-53.069,-26.737],[-53.086,-26.737],[-53.109,-26.74],[-53.105,-26.736],[-53.106,-26.729],[-53.109,-26.726],[-53.124,-26.729],[-53.123,-26.722],[-53.128,-26.72],[-53.13,-26.711],[-53.124,-26.705],[-53.117,-26.681],[-53.112,-26.679],[-53.119,-26.674],[-53.126,-26.668],[-53.125,-26.656],[-53.134,-26.647],[-53.136,-26.639],[-53.129,-26.638],[-53.122,-26.631],[-53.114,-26.629],[-53.098,-26.627]]]}},{"type":"Feature","properties":{"id":"4202602","nome":"Bom Retiro"},"geometry":{"type":"Polygon","coordinates":[[[-49.51,-27.626],[-49.51,-27.634],[-49.506,-27.638],[-49.506,-27.647],[-49.504,-27.653],[-49.497,-27.654],[-49.48,-27.672],[-49.478,-27.681],[-49.468,-27.686],[-49.461,-27.706],[-49.458,-27.711],[-49.463,-27.715],[-49.463,-27.719],[-49.468,-27.722],[-49.472,-27.73],[-49.468,-27.75],[-49.46,-27.752],[-49.458,-27.76],[-49.433,-27.759],[-49.43,-27.761],[-49.424,-27.766],[-49.43,-27.774],[-49.421,-27.78],[-49.429,-27.788],[-49.424,-27.786],[-49.413,-27.79],[-49.408,-27.789],[-49.39,-27.802],[-49.381,-27.814],[-49.367,-27.817],[-49.357,-27.812],[-49.355,-27.82],[-49.348,-27.823],[-49.339,-27.835],[-49.319,-27.829],[-49.31,-27.837],[-49.308,-27.853],[-49.296,-27.874],[-49.281,-27.873],[-49.284,-27.883],[-49.3,-27.901],[-49.301,-27.9],[-49.318,-27.903],[-49.326,-27.911],[-49.323,-27.918],[-49.328,-27.923],[-49.348,-27.927],[-49.36,-27.923],[-49.368,-27.932],[-49.377,-27.935],[-49.38,-27.942],[-49.389,-27.945],[-49.417,-27.952],[-49.423,-27.947],[-49.422,-27.941],[-49.426,-27.935],[-49.434,-27.937],[-49.44,-27.943],[-49.447,-27.934],[-49.456,-27.931],[-49.461,-27.932],[-49.464,-27.928],[-49.493,-27.931],[-49.518,-27.914],[-49.555,-27.911],[-49.582,-27.899],[-49.583,-27.899],[-49.589,-27.899],[-49.593,-27.904],[-49.605,-27.904],[-49.607,-27.901],[-49.609,-27.894],[-49.619,-27.893],[-49.635,-27.882],[-49.645,-27.879],[-49.656,-27.859],[-49.666,-27.85],[-49.685,-27.838],[-49.687,-27.833],[-49.703,-27.841],[-49.718,-27.838],[-49.73,-27.845],[-49.734,-27.846],[-49.735,-27.851],[-49.74,-27.852],[-49.74,-27.847],[-49.752,-27.854],[-49.753,-27.837],[-49.76,-27.839],[-49.759,-27.831],[-49.754,-27.827],[-49.742,-27.838],[-49.739,-27.837],[-49.732,-27.822],[-49.748,-27.826],[-49.759,-27.815],[-49.771,-27.831],[-49.784,-27.83],[-49.783,-27.826],[-49.782,-27.824],[-49.776,-27.816],[-49.778,-27.803],[-49.778,-27.802],[-49.774,-27.797],[-49.763,-27.797],[-49.768,-27.808],[-49.764,-27.813],[-49.76,-27.805],[-49.754,-27.79],[-49.767,-27.783],[-49.772,-27.768],[-49.781,-27.765],[-49.771,-27.753],[-49.762,-27.758],[-49.761,-27.75],[-49.774,-27.746],[-49.775,-27.733],[-49.787,-27.738],[-49.798,-27.736],[-49.799,-27.715],[-49.805,-27.706],[-49.812,-27.701],[-49.815,-27.706],[-49.822,-27.7],[-49.839,-27.701],[-49.843,-27.697],[-49.842,-27.684],[-49.847,-27.679],[-49.839,-27.677],[-49.834,-27.686],[-49.826,-27.687],[-49.821,-27.684],[-49.822,-27.69],[-49.819,-27.686],[-49.813,-27.686],[-49.813,-27.681],[-49.809,-27.684],[-49.809,-27.679],[-49.801,-27.677],[-49.804,-27.674],[-49.8,-27.675],[-49.795,-27.664],[-49.787,-27.671],[-49.786,-27.667],[-49.783,-27.668],[-49.774,-27.66],[-49.764,-27.657],[-49.759,-27.668],[-49.747,-27.666],[-49.745,-27.668],[-49.745,-27.665],[-49.741,-27.668],[-49.738,-27.662],[-49.734,-27.663],[-49.73,-27.654],[-49.722,-27.655],[-49.719,-27.648],[-49.711,-27.643],[-49.685,-27.653],[-49.675,-27.647],[-49.664,-27.649],[-49.648,-27.638],[-49.629,-27.618],[-49.624,-27.617],[-49.618,-27.619],[-49.64,-27.647],[-49.637,-27.659],[-49.631,-27.662],[-49.62,-27.66],[-49.609,-27.65],[-49.587,-27.643],[-49.58,-27.629],[-49.572,-27.631],[-49.564,-27.622],[-49.549,-27.616],[-49.547,-27.612],[-49.507,-27.6],[-49.505,-27.613],[-49.508,-27.617],[-49.506,-27.621],[-49.51,-27.626]]]}},{"type":"Feature","properties":{"id":"4202701","nome":"Botuver\u00e1"},"geometry":{"type":"Polygon","coordinates":[[[-49.139,-27.132],[-49.139,-27.14],[-49.105,-27.138],[-49.097,-27.166],[-49.093,-27.17],[-49.08,-27.174],[-49.073,-27.171],[-49.066,-27.172],[-49.06,-27.166],[-49.045,-27.175],[-49.027,-27.201],[-49.031,-27.195],[-49.025,-27.183],[-49.025,-27.174],[-49.015,-27.175],[-49.009,-27.171],[-49.017,-27.164],[-49.007,-27.164],[-49.005,-27.157],[-48.989,-27.153],[-48.975,-27.162],[-48.987,-27.182],[-49.008,-27.201],[-49.008,-27.232],[-49.023,-27.242],[-49.021,-27.256],[-49.026,-27.261],[-49.037,-27.271],[-49.05,-27.272],[-49.065,-27.277],[-49.074,-27.276],[-49.075,-27.275],[-49.075,-27.27],[-49.087,-27.275],[-49.091,-27.276],[-49.101,-27.276],[-49.108,-27.275],[-49.111,-27.279],[-49.124,-27.277],[-49.128,-27.281],[-49.134,-27.28],[-49.138,-27.282],[-49.142,-27.283],[-49.154,-27.29],[-49.17,-27.293],[-49.175,-27.293],[-49.179,-27.291],[-49.205,-27.294],[-49.225,-27.312],[-49.248,-27.307],[-49.261,-27.296],[-49.263,-27.294],[-49.259,-27.294],[-49.26,-27.289],[-49.252,-27.284],[-49.235,-27.265],[-49.235,-27.253],[-49.221,-27.237],[-49.222,-27.231],[-49.219,-27.228],[-49.214,-27.229],[-49.21,-27.214],[-49.206,-27.212],[-49.203,-27.214],[-49.201,-27.208],[-49.198,-27.207],[-49.188,-27.204],[-49.189,-27.2],[-49.196,-27.198],[-49.201,-27.195],[-49.197,-27.188],[-49.198,-27.177],[-49.204,-27.163],[-49.211,-27.158],[-49.198,-27.158],[-49.193,-27.155],[-49.193,-27.139],[-49.185,-27.14],[-49.169,-27.13],[-49.162,-27.124],[-49.162,-27.12],[-49.155,-27.118],[-49.139,-27.132]]]}},{"type":"Feature","properties":{"id":"4202800","nome":"Bra\u00e7o do Norte"},"geometry":{"type":"Polygon","coordinates":[[[-49.164,-28.151],[-49.162,-28.158],[-49.155,-28.157],[-49.152,-28.159],[-49.149,-28.171],[-49.146,-28.171],[-49.141,-28.163],[-49.136,-28.165],[-49.129,-28.162],[-49.125,-28.164],[-49.118,-28.172],[-49.099,-28.17],[-49.095,-28.176],[-49.081,-28.173],[-49.08,-28.188],[-49.074,-28.193],[-49.067,-28.2],[-49.073,-28.226],[-49.071,-28.226],[-49.07,-28.231],[-49.078,-28.236],[-49.082,-28.244],[-49.079,-28.25],[-49.083,-28.255],[-49.079,-28.274],[-49.091,-28.3],[-49.089,-28.311],[-49.083,-28.319],[-49.084,-28.326],[-49.101,-28.336],[-49.105,-28.358],[-49.115,-28.355],[-49.112,-28.35],[-49.113,-28.338],[-49.125,-28.331],[-49.125,-28.319],[-49.131,-28.318],[-49.139,-28.319],[-49.147,-28.314],[-49.15,-28.316],[-49.152,-28.316],[-49.156,-28.318],[-49.15,-28.307],[-49.158,-28.299],[-49.164,-28.302],[-49.169,-28.298],[-49.175,-28.303],[-49.184,-28.302],[-49.202,-28.287],[-49.205,-28.273],[-49.218,-28.268],[-49.233,-28.256],[-49.275,-28.248],[-49.275,-28.247],[-49.267,-28.243],[-49.262,-28.245],[-49.257,-28.24],[-49.252,-28.243],[-49.224,-28.236],[-49.221,-28.239],[-49.209,-28.24],[-49.194,-28.254],[-49.183,-28.251],[-49.183,-28.256],[-49.182,-28.264],[-49.175,-28.262],[-49.175,-28.254],[-49.199,-28.227],[-49.194,-28.204],[-49.201,-28.197],[-49.19,-28.18],[-49.192,-28.164],[-49.2,-28.154],[-49.175,-28.141],[-49.17,-28.15],[-49.164,-28.151]]]}},{"type":"Feature","properties":{"id":"4202859","nome":"Bra\u00e7o do Trombudo"},"geometry":{"type":"Polygon","coordinates":[[[-49.856,-27.32],[-49.852,-27.323],[-49.848,-27.327],[-49.871,-27.352],[-49.864,-27.378],[-49.861,-27.389],[-49.87,-27.396],[-49.876,-27.41],[-49.885,-27.412],[-49.889,-27.421],[-49.9,-27.424],[-49.907,-27.432],[-49.914,-27.433],[-49.918,-27.431],[-49.919,-27.423],[-49.925,-27.423],[-49.923,-27.419],[-49.93,-27.413],[-49.929,-27.419],[-49.944,-27.424],[-49.947,-27.421],[-49.941,-27.415],[-49.951,-27.416],[-49.946,-27.406],[-49.949,-27.41],[-49.954,-27.404],[-49.956,-27.402],[-49.954,-27.397],[-49.953,-27.391],[-49.949,-27.39],[-49.951,-27.381],[-49.949,-27.381],[-49.947,-27.381],[-49.933,-27.375],[-49.93,-27.368],[-49.934,-27.364],[-49.931,-27.352],[-49.937,-27.35],[-49.94,-27.335],[-49.93,-27.321],[-49.921,-27.322],[-49.909,-27.315],[-49.897,-27.307],[-49.884,-27.305],[-49.869,-27.31],[-49.863,-27.315],[-49.862,-27.319],[-49.856,-27.32]]]}},{"type":"Feature","properties":{"id":"4202875","nome":"Brun\u00f3polis"},"geometry":{"type":"Polygon","coordinates":[[[-50.834,-27.225],[-50.831,-27.236],[-50.833,-27.241],[-50.829,-27.243],[-50.819,-27.241],[-50.821,-27.229],[-50.809,-27.229],[-50.811,-27.237],[-50.797,-27.24],[-50.797,-27.246],[-50.787,-27.251],[-50.789,-27.254],[-50.799,-27.259],[-50.799,-27.262],[-50.794,-27.267],[-50.777,-27.268],[-50.781,-27.278],[-50.775,-27.287],[-50.78,-27.293],[-50.773,-27.298],[-50.772,-27.305],[-50.767,-27.306],[-50.765,-27.315],[-50.759,-27.318],[-50.751,-27.321],[-50.752,-27.331],[-50.761,-27.339],[-50.765,-27.345],[-50.763,-27.35],[-50.737,-27.351],[-50.752,-27.363],[-50.759,-27.365],[-50.757,-27.372],[-50.757,-27.39],[-50.77,-27.403],[-50.756,-27.415],[-50.754,-27.422],[-50.762,-27.427],[-50.765,-27.436],[-50.768,-27.441],[-50.776,-27.442],[-50.782,-27.43],[-50.789,-27.428],[-50.795,-27.435],[-50.781,-27.449],[-50.784,-27.458],[-50.805,-27.455],[-50.81,-27.469],[-50.819,-27.453],[-50.823,-27.451],[-50.82,-27.438],[-50.827,-27.433],[-50.832,-27.435],[-50.837,-27.429],[-50.842,-27.432],[-50.836,-27.441],[-50.841,-27.445],[-50.851,-27.436],[-50.851,-27.427],[-50.872,-27.434],[-50.882,-27.422],[-50.888,-27.428],[-50.892,-27.426],[-50.892,-27.417],[-50.902,-27.414],[-50.898,-27.4],[-50.908,-27.392],[-50.904,-27.385],[-50.906,-27.379],[-50.92,-27.381],[-50.931,-27.378],[-50.943,-27.388],[-50.959,-27.383],[-50.962,-27.379],[-50.968,-27.352],[-50.977,-27.348],[-50.973,-27.344],[-50.97,-27.339],[-50.943,-27.33],[-50.927,-27.33],[-50.944,-27.317],[-50.933,-27.309],[-50.931,-27.291],[-50.896,-27.271],[-50.876,-27.273],[-50.871,-27.267],[-50.851,-27.247],[-50.847,-27.249],[-50.844,-27.245],[-50.845,-27.235],[-50.85,-27.234],[-50.851,-27.228],[-50.845,-27.23],[-50.834,-27.225]]]}},{"type":"Feature","properties":{"id":"4202909","nome":"Brusque"},"geometry":{"type":"Polygon","coordinates":[[[-48.866,-27.003],[-48.869,-27.012],[-48.855,-27.025],[-48.855,-27.031],[-48.865,-27.033],[-48.865,-27.038],[-48.863,-27.043],[-48.857,-27.045],[-48.856,-27.046],[-48.845,-27.067],[-48.837,-27.073],[-48.824,-27.073],[-48.808,-27.089],[-48.79,-27.096],[-48.798,-27.104],[-48.794,-27.11],[-48.806,-27.12],[-48.803,-27.127],[-48.812,-27.135],[-48.821,-27.138],[-48.842,-27.156],[-48.864,-27.163],[-48.867,-27.166],[-48.864,-27.168],[-48.872,-27.175],[-48.873,-27.174],[-48.879,-27.177],[-48.882,-27.183],[-48.894,-27.182],[-48.898,-27.19],[-48.906,-27.189],[-48.914,-27.197],[-48.931,-27.201],[-48.934,-27.203],[-48.932,-27.205],[-48.934,-27.212],[-48.935,-27.212],[-48.958,-27.223],[-48.971,-27.237],[-48.986,-27.247],[-48.996,-27.247],[-49.004,-27.253],[-49.021,-27.256],[-49.023,-27.242],[-49.008,-27.232],[-49.008,-27.201],[-48.987,-27.182],[-48.975,-27.162],[-48.989,-27.153],[-49.005,-27.157],[-49.007,-27.164],[-49.017,-27.164],[-49.023,-27.154],[-49.019,-27.155],[-49.015,-27.15],[-49.02,-27.144],[-49.01,-27.142],[-48.999,-27.147],[-48.991,-27.146],[-48.984,-27.139],[-48.978,-27.145],[-48.977,-27.135],[-48.982,-27.121],[-48.971,-27.117],[-48.958,-27.111],[-48.953,-27.103],[-48.95,-27.096],[-48.952,-27.087],[-48.946,-27.083],[-48.952,-27.075],[-48.95,-27.069],[-48.945,-27.066],[-48.936,-27.06],[-48.939,-27.054],[-48.935,-27.049],[-48.93,-27.05],[-48.925,-27.046],[-48.935,-27.033],[-48.935,-27.028],[-48.926,-27.019],[-48.918,-27.02],[-48.913,-27.02],[-48.909,-27.011],[-48.895,-27.011],[-48.888,-27.002],[-48.883,-27.001],[-48.88,-26.998],[-48.871,-26.999],[-48.866,-27.003]]]}},{"type":"Feature","properties":{"id":"4203006","nome":"Ca\u00e7ador"},"geometry":{"type":"Polygon","coordinates":[[[-51.236,-26.633],[-51.238,-26.645],[-51.231,-26.649],[-51.233,-26.665],[-51.227,-26.675],[-51.219,-26.678],[-51.203,-26.676],[-51.192,-26.67],[-51.186,-26.68],[-51.18,-26.684],[-51.173,-26.679],[-51.171,-26.678],[-51.164,-26.685],[-51.154,-26.686],[-51.143,-26.702],[-51.131,-26.704],[-51.131,-26.709],[-51.128,-26.709],[-51.116,-26.707],[-51.114,-26.704],[-51.102,-26.704],[-51.097,-26.696],[-51.07,-26.696],[-51.052,-26.7],[-51.043,-26.692],[-51.041,-26.687],[-51.028,-26.682],[-51.023,-26.671],[-50.995,-26.653],[-50.988,-26.649],[-50.957,-26.658],[-50.952,-26.667],[-50.937,-26.674],[-50.931,-26.672],[-50.922,-26.68],[-50.93,-26.689],[-50.906,-26.701],[-50.901,-26.712],[-50.893,-26.714],[-50.886,-26.712],[-50.87,-26.727],[-50.855,-26.732],[-50.852,-26.745],[-50.83,-26.75],[-50.824,-26.759],[-50.805,-26.765],[-50.802,-26.772],[-50.801,-26.781],[-50.82,-26.799],[-50.823,-26.819],[-50.832,-26.821],[-50.832,-26.83],[-50.84,-26.834],[-50.85,-26.85],[-50.854,-26.853],[-50.847,-26.872],[-50.852,-26.871],[-50.861,-26.876],[-50.874,-26.877],[-50.881,-26.887],[-50.887,-26.884],[-50.896,-26.887],[-50.904,-26.885],[-50.91,-26.895],[-50.922,-26.894],[-50.926,-26.903],[-50.935,-26.899],[-50.943,-26.884],[-50.958,-26.892],[-50.964,-26.891],[-50.97,-26.897],[-50.974,-26.892],[-50.975,-26.887],[-50.972,-26.886],[-50.967,-26.882],[-50.977,-26.882],[-50.976,-26.877],[-50.987,-26.88],[-50.991,-26.875],[-50.983,-26.87],[-50.995,-26.862],[-51.006,-26.871],[-51.008,-26.864],[-51.016,-26.863],[-51.021,-26.857],[-51.025,-26.864],[-51.035,-26.861],[-51.04,-26.867],[-51.041,-26.86],[-51.044,-26.851],[-51.053,-26.858],[-51.058,-26.851],[-51.052,-26.849],[-51.05,-26.842],[-51.065,-26.84],[-51.096,-26.838],[-51.104,-26.832],[-51.113,-26.835],[-51.125,-26.842],[-51.129,-26.836],[-51.14,-26.838],[-51.181,-26.833],[-51.189,-26.852],[-51.199,-26.849],[-51.216,-26.856],[-51.22,-26.866],[-51.226,-26.867],[-51.228,-26.874],[-51.24,-26.876],[-51.246,-26.885],[-51.286,-26.873],[-51.279,-26.868],[-51.272,-26.868],[-51.273,-26.859],[-51.283,-26.862],[-51.277,-26.849],[-51.269,-26.847],[-51.26,-26.838],[-51.244,-26.833],[-51.248,-26.832],[-51.245,-26.826],[-51.237,-26.825],[-51.245,-26.816],[-51.237,-26.813],[-51.238,-26.802],[-51.249,-26.794],[-51.25,-26.788],[-51.254,-26.788],[-51.256,-26.773],[-51.291,-26.766],[-51.297,-26.758],[-51.31,-26.746],[-51.322,-26.745],[-51.336,-26.735],[-51.365,-26.735],[-51.372,-26.739],[-51.383,-26.732],[-51.392,-26.733],[-51.398,-26.725],[-51.411,-26.72],[-51.411,-26.717],[-51.398,-26.71],[-51.393,-26.698],[-51.392,-26.685],[-51.405,-26.676],[-51.391,-26.663],[-51.381,-26.659],[-51.365,-26.658],[-51.353,-26.652],[-51.347,-26.649],[-51.336,-26.649],[-51.331,-26.647],[-51.326,-26.65],[-51.325,-26.651],[-51.323,-26.656],[-51.311,-26.651],[-51.305,-26.655],[-51.283,-26.654],[-51.281,-26.65],[-51.282,-26.642],[-51.274,-26.642],[-51.277,-26.636],[-51.267,-26.638],[-51.258,-26.625],[-51.239,-26.628],[-51.237,-26.63],[-51.236,-26.633]]]}},{"type":"Feature","properties":{"id":"4203105","nome":"Caibi"},"geometry":{"type":"Polygon","coordinates":[[[-53.247,-26.923],[-53.25,-26.934],[-53.239,-26.936],[-53.227,-26.933],[-53.228,-26.938],[-53.209,-26.938],[-53.205,-26.947],[-53.204,-26.947],[-53.191,-26.951],[-53.193,-26.968],[-53.204,-26.966],[-53.21,-26.987],[-53.205,-26.988],[-53.221,-27.033],[-53.221,-27.045],[-53.225,-27.045],[-53.229,-27.046],[-53.224,-27.057],[-53.216,-27.055],[-53.217,-27.066],[-53.23,-27.066],[-53.234,-27.07],[-53.233,-27.077],[-53.232,-27.083],[-53.243,-27.085],[-53.243,-27.09],[-53.248,-27.087],[-53.254,-27.089],[-53.25,-27.101],[-53.257,-27.105],[-53.265,-27.101],[-53.264,-27.106],[-53.271,-27.109],[-53.265,-27.112],[-53.272,-27.114],[-53.271,-27.12],[-53.28,-27.118],[-53.278,-27.126],[-53.281,-27.129],[-53.274,-27.132],[-53.278,-27.14],[-53.284,-27.133],[-53.293,-27.134],[-53.298,-27.127],[-53.31,-27.118],[-53.33,-27.118],[-53.34,-27.119],[-53.348,-27.117],[-53.353,-27.112],[-53.343,-27.103],[-53.335,-27.11],[-53.334,-27.094],[-53.324,-27.097],[-53.33,-27.088],[-53.323,-27.09],[-53.317,-27.084],[-53.324,-27.076],[-53.323,-27.075],[-53.316,-27.071],[-53.313,-27.075],[-53.305,-27.071],[-53.312,-27.069],[-53.312,-27.067],[-53.31,-27.059],[-53.296,-27.06],[-53.292,-27.063],[-53.29,-27.061],[-53.295,-27.045],[-53.286,-27.043],[-53.292,-27.036],[-53.3,-27.035],[-53.301,-27.032],[-53.285,-27.029],[-53.284,-27.024],[-53.294,-27.023],[-53.296,-27.012],[-53.288,-27.014],[-53.284,-27.007],[-53.294,-27.002],[-53.289,-27.001],[-53.286,-26.996],[-53.28,-26.996],[-53.288,-26.988],[-53.294,-26.995],[-53.302,-26.988],[-53.287,-26.982],[-53.286,-26.974],[-53.284,-26.968],[-53.291,-26.967],[-53.294,-26.959],[-53.281,-26.95],[-53.295,-26.943],[-53.281,-26.936],[-53.29,-26.934],[-53.292,-26.927],[-53.284,-26.93],[-53.284,-26.922],[-53.263,-26.917],[-53.247,-26.923]]]}},{"type":"Feature","properties":{"id":"4203154","nome":"Calmon"},"geometry":{"type":"Polygon","coordinates":[[[-51.011,-26.496],[-50.995,-26.507],[-50.985,-26.51],[-50.969,-26.529],[-50.962,-26.522],[-50.956,-26.536],[-50.94,-26.55],[-50.923,-26.551],[-50.917,-26.544],[-50.907,-26.548],[-50.901,-26.556],[-50.872,-26.557],[-50.857,-26.559],[-50.809,-26.653],[-50.808,-26.654],[-50.808,-26.665],[-50.824,-26.684],[-50.832,-26.708],[-50.828,-26.722],[-50.815,-26.732],[-50.811,-26.741],[-50.783,-26.757],[-50.786,-26.763],[-50.805,-26.765],[-50.824,-26.759],[-50.83,-26.75],[-50.852,-26.745],[-50.855,-26.732],[-50.87,-26.727],[-50.886,-26.712],[-50.893,-26.714],[-50.901,-26.712],[-50.906,-26.701],[-50.93,-26.689],[-50.922,-26.68],[-50.931,-26.672],[-50.937,-26.674],[-50.952,-26.667],[-50.957,-26.658],[-50.988,-26.649],[-50.995,-26.653],[-51.023,-26.671],[-51.028,-26.682],[-51.041,-26.687],[-51.043,-26.692],[-51.052,-26.7],[-51.07,-26.696],[-51.097,-26.696],[-51.102,-26.704],[-51.114,-26.704],[-51.116,-26.707],[-51.128,-26.709],[-51.131,-26.709],[-51.131,-26.704],[-51.143,-26.702],[-51.154,-26.686],[-51.164,-26.685],[-51.171,-26.678],[-51.173,-26.679],[-51.18,-26.684],[-51.186,-26.68],[-51.192,-26.67],[-51.203,-26.676],[-51.219,-26.678],[-51.227,-26.675],[-51.233,-26.665],[-51.231,-26.649],[-51.238,-26.645],[-51.236,-26.633],[-51.237,-26.63],[-51.239,-26.628],[-51.237,-26.619],[-51.233,-26.614],[-51.229,-26.616],[-51.237,-26.604],[-51.224,-26.593],[-51.201,-26.598],[-51.195,-26.608],[-51.186,-26.596],[-51.184,-26.592],[-51.173,-26.601],[-51.159,-26.6],[-51.146,-26.603],[-51.134,-26.588],[-51.136,-26.567],[-51.126,-26.558],[-51.12,-26.558],[-51.107,-26.562],[-51.105,-26.558],[-51.111,-26.549],[-51.103,-26.546],[-51.085,-26.531],[-51.075,-26.515],[-51.052,-26.507],[-51.047,-26.513],[-51.025,-26.498],[-51.02,-26.499],[-51.011,-26.496]]]}},{"type":"Feature","properties":{"id":"4203204","nome":"Cambori\u00fa"},"geometry":{"type":"Polygon","coordinates":[[[-48.645,-27.004],[-48.646,-27.01],[-48.641,-27.01],[-48.644,-27.012],[-48.633,-27.016],[-48.627,-27.013],[-48.624,-27.031],[-48.615,-27.031],[-48.616,-27.038],[-48.611,-27.049],[-48.617,-27.06],[-48.614,-27.069],[-48.621,-27.071],[-48.644,-27.085],[-48.659,-27.08],[-48.668,-27.093],[-48.676,-27.098],[-48.673,-27.112],[-48.665,-27.114],[-48.66,-27.124],[-48.686,-27.136],[-48.689,-27.142],[-48.691,-27.14],[-48.698,-27.138],[-48.716,-27.145],[-48.721,-27.143],[-48.736,-27.149],[-48.749,-27.149],[-48.754,-27.135],[-48.772,-27.134],[-48.774,-27.136],[-48.772,-27.145],[-48.781,-27.151],[-48.799,-27.155],[-48.802,-27.145],[-48.812,-27.135],[-48.803,-27.127],[-48.806,-27.12],[-48.794,-27.11],[-48.798,-27.104],[-48.79,-27.096],[-48.786,-27.095],[-48.784,-27.084],[-48.779,-27.079],[-48.777,-27.077],[-48.777,-27.057],[-48.767,-27.055],[-48.763,-27.05],[-48.765,-27.046],[-48.753,-27.037],[-48.754,-27.03],[-48.747,-27.023],[-48.721,-27.015],[-48.711,-27.002],[-48.712,-26.995],[-48.688,-26.974],[-48.688,-26.973],[-48.685,-26.971],[-48.683,-26.973],[-48.681,-26.979],[-48.669,-26.983],[-48.661,-26.993],[-48.644,-27.0],[-48.645,-27.004]]]}},{"type":"Feature","properties":{"id":"4203253","nome":"Cap\u00e3o Alto"},"geometry":{"type":"Polygon","coordinates":[[[-50.567,-27.846],[-50.558,-27.859],[-50.552,-27.856],[-50.545,-27.869],[-50.535,-27.874],[-50.52,-27.874],[-50.48,-27.863],[-50.469,-27.856],[-50.461,-27.856],[-50.458,-27.858],[-50.463,-27.864],[-50.455,-27.867],[-50.442,-27.862],[-50.437,-27.872],[-50.429,-27.863],[-50.424,-27.869],[-50.414,-27.863],[-50.416,-27.868],[-50.404,-27.875],[-50.394,-27.875],[-50.389,-27.882],[-50.383,-27.88],[-50.378,-27.884],[-50.38,-27.892],[-50.372,-27.898],[-50.371,-27.907],[-50.358,-27.925],[-50.373,-27.94],[-50.37,-27.946],[-50.371,-27.964],[-50.402,-27.977],[-50.402,-27.989],[-50.41,-27.999],[-50.402,-28.006],[-50.402,-28.009],[-50.389,-28.023],[-50.391,-28.03],[-50.392,-28.037],[-50.401,-28.047],[-50.428,-28.059],[-50.448,-28.082],[-50.461,-28.086],[-50.464,-28.08],[-50.472,-28.083],[-50.475,-28.089],[-50.49,-28.098],[-50.49,-28.109],[-50.493,-28.113],[-50.5,-28.114],[-50.513,-28.126],[-50.52,-28.127],[-50.52,-28.133],[-50.519,-28.144],[-50.523,-28.157],[-50.517,-28.164],[-50.517,-28.177],[-50.508,-28.181],[-50.508,-28.191],[-50.504,-28.194],[-50.512,-28.2],[-50.509,-28.204],[-50.517,-28.206],[-50.512,-28.211],[-50.516,-28.215],[-50.518,-28.219],[-50.527,-28.217],[-50.539,-28.223],[-50.535,-28.234],[-50.546,-28.236],[-50.541,-28.243],[-50.544,-28.25],[-50.562,-28.252],[-50.563,-28.26],[-50.574,-28.255],[-50.577,-28.259],[-50.572,-28.26],[-50.573,-28.266],[-50.583,-28.276],[-50.588,-28.265],[-50.597,-28.274],[-50.6,-28.268],[-50.601,-28.276],[-50.612,-28.278],[-50.616,-28.284],[-50.623,-28.283],[-50.622,-28.288],[-50.629,-28.285],[-50.63,-28.296],[-50.643,-28.289],[-50.657,-28.292],[-50.659,-28.284],[-50.666,-28.287],[-50.673,-28.284],[-50.664,-28.272],[-50.668,-28.265],[-50.666,-28.254],[-50.673,-28.255],[-50.686,-28.27],[-50.695,-28.27],[-50.698,-28.266],[-50.711,-28.265],[-50.741,-28.249],[-50.749,-28.248],[-50.753,-28.243],[-50.752,-28.233],[-50.758,-28.209],[-50.76,-28.205],[-50.761,-28.192],[-50.766,-28.188],[-50.777,-28.2],[-50.788,-28.198],[-50.788,-28.189],[-50.782,-28.176],[-50.792,-28.16],[-50.784,-28.145],[-50.789,-28.139],[-50.818,-28.14],[-50.828,-28.119],[-50.836,-28.118],[-50.86,-28.139],[-50.867,-28.139],[-50.874,-28.131],[-50.868,-28.109],[-50.876,-28.094],[-50.881,-28.09],[-50.898,-28.089],[-50.903,-28.086],[-50.9,-28.078],[-50.881,-28.068],[-50.875,-28.055],[-50.874,-28.041],[-50.862,-28.041],[-50.855,-28.045],[-50.848,-28.041],[-50.839,-28.043],[-50.833,-28.051],[-50.829,-28.044],[-50.822,-28.04],[-50.817,-28.047],[-50.805,-28.046],[-50.808,-28.04],[-50.81,-28.034],[-50.801,-28.031],[-50.8,-28.018],[-50.794,-28.014],[-50.789,-28.021],[-50.778,-28.021],[-50.778,-28.027],[-50.767,-28.028],[-50.761,-28.035],[-50.754,-28.032],[-50.748,-28.038],[-50.744,-28.042],[-50.743,-28.038],[-50.729,-28.031],[-50.734,-28.026],[-50.741,-28.03],[-50.748,-28.014],[-50.734,-28.015],[-50.729,-28.007],[-50.722,-28.013],[-50.723,-28.007],[-50.712,-28.003],[-50.71,-27.996],[-50.701,-28.001],[-50.695,-27.994],[-50.688,-27.999],[-50.685,-28.001],[-50.681,-27.991],[-50.674,-27.996],[-50.67,-27.991],[-50.664,-27.993],[-50.667,-27.988],[-50.655,-27.986],[-50.652,-27.981],[-50.638,-27.963],[-50.645,-27.957],[-50.635,-27.954],[-50.629,-27.945],[-50.626,-27.93],[-50.633,-27.922],[-50.649,-27.919],[-50.647,-27.913],[-50.65,-27.907],[-50.643,-27.894],[-50.634,-27.887],[-50.628,-27.874],[-50.621,-27.869],[-50.623,-27.861],[-50.618,-27.858],[-50.618,-27.847],[-50.608,-27.841],[-50.605,-27.833],[-50.588,-27.835],[-50.567,-27.846]]]}},{"type":"Feature","properties":{"id":"4203303","nome":"Campo Alegre"},"geometry":{"type":"Polygon","coordinates":[[[-48.961,-25.99],[-48.956,-25.993],[-48.95,-25.99],[-48.959,-25.996],[-48.956,-25.998],[-48.962,-26.004],[-48.956,-26.019],[-48.976,-26.025],[-48.99,-26.024],[-48.997,-26.027],[-49.01,-26.018],[-49.023,-26.016],[-49.03,-26.009],[-49.038,-26.01],[-49.045,-26.023],[-49.052,-26.027],[-49.052,-26.042],[-49.058,-26.047],[-49.054,-26.053],[-49.057,-26.075],[-49.073,-26.073],[-49.074,-26.077],[-49.089,-26.089],[-49.1,-26.088],[-49.116,-26.099],[-49.132,-26.1],[-49.135,-26.108],[-49.14,-26.109],[-49.139,-26.116],[-49.151,-26.111],[-49.158,-26.113],[-49.161,-26.132],[-49.175,-26.137],[-49.178,-26.141],[-49.185,-26.14],[-49.191,-26.15],[-49.183,-26.151],[-49.179,-26.156],[-49.177,-26.16],[-49.184,-26.165],[-49.177,-26.17],[-49.177,-26.176],[-49.171,-26.178],[-49.171,-26.185],[-49.164,-26.188],[-49.157,-26.199],[-49.169,-26.199],[-49.176,-26.207],[-49.181,-26.201],[-49.192,-26.2],[-49.198,-26.206],[-49.201,-26.221],[-49.204,-26.229],[-49.21,-26.231],[-49.221,-26.23],[-49.226,-26.235],[-49.232,-26.259],[-49.24,-26.266],[-49.252,-26.268],[-49.279,-26.253],[-49.317,-26.229],[-49.326,-26.221],[-49.326,-26.217],[-49.326,-26.214],[-49.326,-26.211],[-49.326,-26.2],[-49.342,-26.192],[-49.362,-26.191],[-49.367,-26.191],[-49.374,-26.201],[-49.387,-26.196],[-49.396,-26.193],[-49.408,-26.183],[-49.413,-26.185],[-49.415,-26.19],[-49.419,-26.188],[-49.418,-26.183],[-49.423,-26.182],[-49.428,-26.168],[-49.421,-26.166],[-49.42,-26.164],[-49.417,-26.165],[-49.416,-26.153],[-49.406,-26.161],[-49.4,-26.15],[-49.395,-26.151],[-49.391,-26.158],[-49.39,-26.16],[-49.387,-26.155],[-49.383,-26.156],[-49.372,-26.153],[-49.37,-26.155],[-49.371,-26.148],[-49.368,-26.149],[-49.368,-26.145],[-49.365,-26.147],[-49.366,-26.143],[-49.36,-26.14],[-49.361,-26.137],[-49.357,-26.138],[-49.358,-26.137],[-49.353,-26.136],[-49.355,-26.133],[-49.35,-26.133],[-49.347,-26.128],[-49.342,-26.129],[-49.334,-26.124],[-49.334,-26.12],[-49.326,-26.116],[-49.321,-26.11],[-49.304,-26.11],[-49.303,-26.113],[-49.298,-26.109],[-49.3,-26.104],[-49.289,-26.102],[-49.292,-26.096],[-49.295,-26.098],[-49.291,-26.093],[-49.294,-26.093],[-49.296,-26.086],[-49.287,-26.078],[-49.28,-26.079],[-49.277,-26.083],[-49.274,-26.081],[-49.275,-26.078],[-49.269,-26.081],[-49.265,-26.079],[-49.268,-26.076],[-49.265,-26.072],[-49.266,-26.067],[-49.26,-26.069],[-49.255,-26.067],[-49.257,-26.064],[-49.253,-26.063],[-49.255,-26.056],[-49.252,-26.047],[-49.242,-26.044],[-49.236,-26.037],[-49.238,-26.031],[-49.234,-26.03],[-49.225,-26.031],[-49.217,-26.024],[-49.211,-26.025],[-49.207,-26.017],[-49.195,-26.015],[-49.191,-26.013],[-49.191,-26.008],[-49.181,-26.009],[-49.175,-26.001],[-49.167,-26.001],[-49.162,-26.007],[-49.151,-26.009],[-49.148,-26.013],[-49.146,-26.009],[-49.142,-26.011],[-49.141,-26.015],[-49.131,-26.007],[-49.128,-26.003],[-49.132,-25.999],[-49.125,-25.996],[-49.112,-26.005],[-49.107,-25.999],[-49.104,-26.004],[-49.103,-26.008],[-49.093,-26.01],[-49.09,-26.003],[-49.078,-26.006],[-49.071,-25.999],[-49.068,-26.009],[-49.055,-26.02],[-49.051,-26.017],[-49.046,-26.019],[-49.04,-26.004],[-49.029,-26.003],[-49.02,-26.015],[-49.007,-26.015],[-49.003,-26.011],[-48.998,-26.011],[-48.984,-26.004],[-48.986,-26.0],[-48.98,-25.997],[-48.978,-25.988],[-48.968,-25.986],[-48.962,-25.984],[-48.961,-25.99]]]}},{"type":"Feature","properties":{"id":"4203402","nome":"Campo Belo do Sul"},"geometry":{"type":"Polygon","coordinates":[[[-50.839,-27.604],[-50.816,-27.618],[-50.812,-27.606],[-50.801,-27.599],[-50.801,-27.613],[-50.787,-27.615],[-50.792,-27.626],[-50.781,-27.634],[-50.775,-27.633],[-50.758,-27.62],[-50.755,-27.644],[-50.743,-27.647],[-50.746,-27.635],[-50.742,-27.631],[-50.735,-27.646],[-50.729,-27.649],[-50.725,-27.646],[-50.721,-27.647],[-50.727,-27.665],[-50.724,-27.673],[-50.723,-27.673],[-50.716,-27.676],[-50.709,-27.669],[-50.701,-27.668],[-50.697,-27.67],[-50.706,-27.685],[-50.705,-27.69],[-50.687,-27.701],[-50.677,-27.715],[-50.669,-27.708],[-50.665,-27.709],[-50.653,-27.726],[-50.651,-27.717],[-50.641,-27.714],[-50.645,-27.725],[-50.639,-27.732],[-50.632,-27.729],[-50.629,-27.733],[-50.635,-27.737],[-50.634,-27.749],[-50.64,-27.759],[-50.622,-27.758],[-50.614,-27.754],[-50.627,-27.764],[-50.614,-27.772],[-50.619,-27.776],[-50.627,-27.774],[-50.63,-27.785],[-50.61,-27.792],[-50.608,-27.797],[-50.62,-27.808],[-50.61,-27.811],[-50.607,-27.817],[-50.611,-27.823],[-50.605,-27.833],[-50.608,-27.841],[-50.618,-27.847],[-50.618,-27.858],[-50.623,-27.861],[-50.621,-27.869],[-50.628,-27.874],[-50.634,-27.887],[-50.643,-27.894],[-50.65,-27.907],[-50.647,-27.913],[-50.649,-27.919],[-50.633,-27.922],[-50.626,-27.93],[-50.629,-27.945],[-50.635,-27.954],[-50.645,-27.957],[-50.638,-27.963],[-50.652,-27.981],[-50.655,-27.986],[-50.667,-27.988],[-50.664,-27.993],[-50.67,-27.991],[-50.674,-27.996],[-50.681,-27.991],[-50.685,-28.001],[-50.688,-27.999],[-50.695,-27.994],[-50.701,-28.001],[-50.71,-27.996],[-50.712,-28.003],[-50.723,-28.007],[-50.722,-28.013],[-50.729,-28.007],[-50.734,-28.015],[-50.748,-28.014],[-50.741,-28.03],[-50.734,-28.026],[-50.729,-28.031],[-50.743,-28.038],[-50.744,-28.042],[-50.748,-28.038],[-50.754,-28.032],[-50.761,-28.035],[-50.767,-28.028],[-50.778,-28.027],[-50.778,-28.021],[-50.789,-28.021],[-50.794,-28.014],[-50.8,-28.018],[-50.801,-28.031],[-50.81,-28.034],[-50.808,-28.04],[-50.805,-28.046],[-50.817,-28.047],[-50.822,-28.04],[-50.829,-28.044],[-50.833,-28.051],[-50.839,-28.043],[-50.848,-28.041],[-50.855,-28.045],[-50.862,-28.041],[-50.874,-28.041],[-50.877,-28.037],[-50.893,-28.02],[-50.903,-28.016],[-50.922,-28.011],[-50.92,-28.0],[-50.929,-27.99],[-50.924,-27.98],[-50.928,-27.969],[-50.945,-27.969],[-50.977,-27.952],[-50.979,-27.948],[-50.972,-27.944],[-50.96,-27.945],[-50.963,-27.935],[-50.956,-27.932],[-50.937,-27.93],[-50.936,-27.927],[-50.929,-27.93],[-50.93,-27.923],[-50.923,-27.92],[-50.929,-27.906],[-50.917,-27.897],[-50.892,-27.896],[-50.89,-27.881],[-50.881,-27.87],[-50.877,-27.841],[-50.872,-27.837],[-50.871,-27.824],[-50.866,-27.818],[-50.857,-27.816],[-50.864,-27.808],[-50.858,-27.799],[-50.862,-27.795],[-50.862,-27.794],[-50.856,-27.786],[-50.86,-27.781],[-50.857,-27.773],[-50.843,-27.763],[-50.84,-27.756],[-50.849,-27.748],[-50.854,-27.732],[-50.849,-27.708],[-50.847,-27.697],[-50.86,-27.654],[-50.862,-27.636],[-50.857,-27.622],[-50.863,-27.614],[-50.863,-27.605],[-50.875,-27.601],[-50.872,-27.597],[-50.843,-27.593],[-50.844,-27.599],[-50.853,-27.603],[-50.839,-27.604]]]}},{"type":"Feature","properties":{"id":"4203501","nome":"Campo Er\u00ea"},"geometry":{"type":"Polygon","coordinates":[[[-53.132,-26.367],[-53.124,-26.374],[-53.109,-26.376],[-53.107,-26.381],[-53.1,-26.384],[-53.094,-26.383],[-53.09,-26.39],[-53.081,-26.388],[-53.08,-26.388],[-53.058,-26.384],[-53.046,-26.38],[-53.027,-26.369],[-52.988,-26.346],[-52.984,-26.347],[-52.95,-26.362],[-52.937,-26.362],[-52.941,-26.371],[-52.952,-26.379],[-52.955,-26.395],[-52.963,-26.407],[-52.963,-26.417],[-52.964,-26.423],[-52.97,-26.426],[-52.968,-26.431],[-52.966,-26.439],[-52.981,-26.434],[-53.018,-26.408],[-53.026,-26.408],[-53.028,-26.424],[-53.032,-26.425],[-53.03,-26.428],[-53.033,-26.431],[-53.03,-26.436],[-53.034,-26.44],[-53.043,-26.445],[-53.062,-26.479],[-53.064,-26.484],[-53.06,-26.495],[-53.05,-26.503],[-53.045,-26.511],[-53.039,-26.507],[-53.031,-26.51],[-53.027,-26.521],[-53.019,-26.531],[-53.045,-26.541],[-53.042,-26.545],[-53.059,-26.549],[-53.071,-26.551],[-53.082,-26.559],[-53.11,-26.565],[-53.111,-26.568],[-53.123,-26.573],[-53.126,-26.573],[-53.127,-26.564],[-53.145,-26.554],[-53.145,-26.545],[-53.142,-26.544],[-53.145,-26.53],[-53.161,-26.526],[-53.157,-26.531],[-53.164,-26.535],[-53.181,-26.532],[-53.184,-26.535],[-53.193,-26.533],[-53.195,-26.541],[-53.199,-26.54],[-53.201,-26.544],[-53.206,-26.544],[-53.207,-26.556],[-53.212,-26.56],[-53.209,-26.562],[-53.208,-26.565],[-53.217,-26.564],[-53.213,-26.578],[-53.221,-26.573],[-53.222,-26.579],[-53.229,-26.576],[-53.227,-26.571],[-53.23,-26.567],[-53.222,-26.567],[-53.223,-26.561],[-53.234,-26.557],[-53.234,-26.551],[-53.241,-26.549],[-53.239,-26.543],[-53.239,-26.532],[-53.246,-26.533],[-53.248,-26.527],[-53.238,-26.521],[-53.244,-26.518],[-53.247,-26.514],[-53.244,-26.513],[-53.242,-26.5],[-53.234,-26.495],[-53.229,-26.481],[-53.233,-26.462],[-53.239,-26.456],[-53.244,-26.447],[-53.25,-26.448],[-53.256,-26.444],[-53.258,-26.449],[-53.264,-26.447],[-53.265,-26.451],[-53.282,-26.452],[-53.281,-26.447],[-53.286,-26.444],[-53.28,-26.439],[-53.287,-26.438],[-53.29,-26.433],[-53.289,-26.431],[-53.284,-26.433],[-53.283,-26.423],[-53.287,-26.419],[-53.284,-26.417],[-53.28,-26.42],[-53.275,-26.417],[-53.284,-26.41],[-53.282,-26.407],[-53.278,-26.408],[-53.273,-26.412],[-53.265,-26.41],[-53.273,-26.409],[-53.275,-26.397],[-53.263,-26.404],[-53.261,-26.391],[-53.262,-26.389],[-53.255,-26.386],[-53.256,-26.382],[-53.251,-26.378],[-53.248,-26.379],[-53.237,-26.372],[-53.229,-26.37],[-53.219,-26.374],[-53.199,-26.367],[-53.191,-26.369],[-53.17,-26.361],[-53.159,-26.35],[-53.153,-26.344],[-53.145,-26.345],[-53.14,-26.357],[-53.135,-26.359],[-53.132,-26.367]]]}},{"type":"Feature","properties":{"id":"4203600","nome":"Campos Novos"},"geometry":{"type":"Polygon","coordinates":[[[-51.27,-27.222],[-51.258,-27.233],[-51.242,-27.232],[-51.229,-27.233],[-51.226,-27.238],[-51.218,-27.239],[-51.212,-27.244],[-51.217,-27.248],[-51.21,-27.26],[-51.182,-27.277],[-51.166,-27.28],[-51.161,-27.287],[-51.146,-27.273],[-51.145,-27.261],[-51.14,-27.259],[-51.135,-27.264],[-51.129,-27.253],[-51.119,-27.251],[-51.113,-27.239],[-51.112,-27.239],[-51.103,-27.245],[-51.09,-27.251],[-51.066,-27.252],[-51.062,-27.244],[-51.054,-27.245],[-51.046,-27.237],[-51.038,-27.236],[-51.038,-27.233],[-51.022,-27.238],[-51.024,-27.242],[-51.018,-27.244],[-51.016,-27.253],[-51.021,-27.258],[-51.01,-27.263],[-51.0,-27.275],[-50.983,-27.271],[-50.989,-27.248],[-50.975,-27.243],[-50.97,-27.237],[-50.957,-27.24],[-50.953,-27.236],[-50.911,-27.207],[-50.909,-27.209],[-50.9,-27.206],[-50.895,-27.208],[-50.896,-27.221],[-50.89,-27.223],[-50.887,-27.228],[-50.894,-27.233],[-50.883,-27.232],[-50.878,-27.228],[-50.869,-27.241],[-50.86,-27.238],[-50.856,-27.247],[-50.851,-27.247],[-50.871,-27.267],[-50.876,-27.273],[-50.896,-27.271],[-50.931,-27.291],[-50.933,-27.309],[-50.944,-27.317],[-50.927,-27.33],[-50.943,-27.33],[-50.97,-27.339],[-50.973,-27.344],[-50.977,-27.348],[-50.968,-27.352],[-50.962,-27.379],[-50.972,-27.381],[-50.979,-27.398],[-50.992,-27.402],[-51.0,-27.394],[-51.018,-27.396],[-51.026,-27.389],[-51.043,-27.393],[-51.046,-27.391],[-51.048,-27.395],[-51.052,-27.401],[-51.069,-27.405],[-51.081,-27.414],[-51.08,-27.418],[-51.091,-27.415],[-51.098,-27.423],[-51.104,-27.423],[-51.098,-27.433],[-51.086,-27.44],[-51.071,-27.443],[-51.066,-27.44],[-51.066,-27.455],[-51.055,-27.463],[-51.057,-27.47],[-51.048,-27.493],[-51.072,-27.51],[-51.079,-27.509],[-51.085,-27.511],[-51.086,-27.52],[-51.095,-27.524],[-51.106,-27.53],[-51.118,-27.529],[-51.124,-27.539],[-51.132,-27.543],[-51.135,-27.551],[-51.133,-27.56],[-51.143,-27.58],[-51.158,-27.586],[-51.169,-27.584],[-51.174,-27.591],[-51.172,-27.593],[-51.178,-27.594],[-51.187,-27.592],[-51.198,-27.597],[-51.2,-27.613],[-51.203,-27.616],[-51.212,-27.619],[-51.218,-27.606],[-51.226,-27.599],[-51.247,-27.612],[-51.253,-27.631],[-51.278,-27.633],[-51.312,-27.615],[-51.312,-27.604],[-51.316,-27.601],[-51.332,-27.604],[-51.346,-27.593],[-51.352,-27.598],[-51.355,-27.609],[-51.364,-27.614],[-51.374,-27.61],[-51.377,-27.598],[-51.4,-27.596],[-51.401,-27.596],[-51.408,-27.594],[-51.414,-27.573],[-51.422,-27.567],[-51.431,-27.58],[-51.443,-27.589],[-51.448,-27.601],[-51.457,-27.607],[-51.47,-27.603],[-51.475,-27.6],[-51.477,-27.57],[-51.49,-27.559],[-51.508,-27.556],[-51.536,-27.563],[-51.549,-27.56],[-51.537,-27.545],[-51.533,-27.546],[-51.534,-27.538],[-51.527,-27.539],[-51.522,-27.535],[-51.522,-27.526],[-51.507,-27.53],[-51.506,-27.51],[-51.501,-27.51],[-51.501,-27.499],[-51.493,-27.497],[-51.497,-27.493],[-51.498,-27.484],[-51.468,-27.482],[-51.466,-27.473],[-51.46,-27.465],[-51.447,-27.464],[-51.44,-27.437],[-51.449,-27.427],[-51.446,-27.421],[-51.461,-27.427],[-51.463,-27.434],[-51.47,-27.43],[-51.472,-27.423],[-51.468,-27.42],[-51.469,-27.406],[-51.462,-27.4],[-51.468,-27.389],[-51.479,-27.398],[-51.496,-27.392],[-51.531,-27.389],[-51.534,-27.394],[-51.544,-27.394],[-51.553,-27.4],[-51.554,-27.383],[-51.532,-27.377],[-51.534,-27.371],[-51.543,-27.367],[-51.546,-27.355],[-51.552,-27.338],[-51.565,-27.329],[-51.573,-27.332],[-51.58,-27.328],[-51.592,-27.331],[-51.596,-27.327],[-51.603,-27.328],[-51.61,-27.329],[-51.609,-27.321],[-51.598,-27.31],[-51.595,-27.297],[-51.588,-27.291],[-51.583,-27.293],[-51.578,-27.314],[-51.571,-27.3],[-51.561,-27.295],[-51.565,-27.274],[-51.557,-27.275],[-51.545,-27.282],[-51.537,-27.282],[-51.529,-27.294],[-51.532,-27.3],[-51.522,-27.302],[-51.533,-27.315],[-51.514,-27.316],[-51.51,-27.309],[-51.501,-27.312],[-51.498,-27.306],[-51.487,-27.309],[-51.487,-27.32],[-51.484,-27.323],[-51.486,-27.328],[-51.468,-27.333],[-51.459,-27.343],[-51.444,-27.32],[-51.441,-27.322],[-51.442,-27.326],[-51.438,-27.327],[-51.434,-27.323],[-51.437,-27.315],[-51.425,-27.319],[-51.425,-27.312],[-51.421,-27.312],[-51.414,-27.315],[-51.417,-27.322],[-51.411,-27.329],[-51.406,-27.325],[-51.398,-27.329],[-51.393,-27.328],[-51.389,-27.332],[-51.389,-27.315],[-51.383,-27.319],[-51.385,-27.325],[-51.371,-27.323],[-51.376,-27.327],[-51.376,-27.331],[-51.367,-27.333],[-51.374,-27.34],[-51.373,-27.343],[-51.366,-27.337],[-51.356,-27.34],[-51.361,-27.334],[-51.356,-27.33],[-51.355,-27.324],[-51.343,-27.332],[-51.339,-27.326],[-51.325,-27.33],[-51.324,-27.334],[-51.333,-27.336],[-51.325,-27.346],[-51.319,-27.346],[-51.323,-27.337],[-51.308,-27.341],[-51.312,-27.33],[-51.299,-27.331],[-51.288,-27.323],[-51.296,-27.318],[-51.298,-27.325],[-51.316,-27.315],[-51.304,-27.307],[-51.306,-27.297],[-51.3,-27.291],[-51.309,-27.281],[-51.31,-27.272],[-51.327,-27.26],[-51.321,-27.252],[-51.315,-27.252],[-51.312,-27.252],[-51.311,-27.247],[-51.316,-27.24],[-51.297,-27.23],[-51.291,-27.215],[-51.282,-27.213],[-51.281,-27.213],[-51.279,-27.22],[-51.27,-27.222]]]}},{"type":"Feature","properties":{"id":"4203709","nome":"Canelinha"},"geometry":{"type":"Polygon","coordinates":[[[-48.793,-27.162],[-48.803,-27.173],[-48.809,-27.174],[-48.799,-27.177],[-48.799,-27.181],[-48.804,-27.186],[-48.804,-27.192],[-48.794,-27.197],[-48.789,-27.206],[-48.773,-27.211],[-48.764,-27.229],[-48.756,-27.227],[-48.754,-27.232],[-48.748,-27.231],[-48.744,-27.238],[-48.744,-27.251],[-48.744,-27.257],[-48.749,-27.261],[-48.747,-27.264],[-48.741,-27.265],[-48.741,-27.271],[-48.731,-27.263],[-48.717,-27.266],[-48.72,-27.261],[-48.716,-27.26],[-48.716,-27.263],[-48.712,-27.261],[-48.704,-27.268],[-48.705,-27.264],[-48.701,-27.265],[-48.702,-27.27],[-48.708,-27.276],[-48.717,-27.277],[-48.719,-27.279],[-48.723,-27.282],[-48.742,-27.29],[-48.741,-27.302],[-48.763,-27.321],[-48.793,-27.351],[-48.801,-27.359],[-48.803,-27.356],[-48.797,-27.346],[-48.801,-27.333],[-48.795,-27.322],[-48.801,-27.307],[-48.794,-27.285],[-48.789,-27.28],[-48.786,-27.278],[-48.787,-27.275],[-48.795,-27.273],[-48.8,-27.279],[-48.803,-27.274],[-48.81,-27.274],[-48.813,-27.271],[-48.814,-27.265],[-48.815,-27.263],[-48.816,-27.259],[-48.813,-27.251],[-48.816,-27.248],[-48.823,-27.249],[-48.829,-27.239],[-48.837,-27.23],[-48.855,-27.223],[-48.862,-27.224],[-48.866,-27.22],[-48.886,-27.214],[-48.895,-27.216],[-48.895,-27.21],[-48.882,-27.183],[-48.879,-27.177],[-48.873,-27.174],[-48.872,-27.175],[-48.864,-27.168],[-48.867,-27.166],[-48.864,-27.163],[-48.842,-27.156],[-48.821,-27.138],[-48.812,-27.135],[-48.802,-27.145],[-48.799,-27.155],[-48.793,-27.162]]]}},{"type":"Feature","properties":{"id":"4203808","nome":"Canoinhas"},"geometry":{"type":"Polygon","coordinates":[[[-50.551,-26.038],[-50.547,-26.04],[-50.528,-26.034],[-50.521,-26.03],[-50.513,-26.026],[-50.504,-26.032],[-50.501,-26.023],[-50.494,-26.027],[-50.49,-26.025],[-50.48,-26.026],[-50.482,-26.031],[-50.476,-26.034],[-50.477,-26.024],[-50.471,-26.021],[-50.468,-26.027],[-50.459,-26.027],[-50.459,-26.037],[-50.454,-26.031],[-50.445,-26.034],[-50.442,-26.037],[-50.449,-26.039],[-50.45,-26.043],[-50.439,-26.051],[-50.434,-26.061],[-50.418,-26.061],[-50.412,-26.066],[-50.407,-26.065],[-50.408,-26.059],[-50.403,-26.057],[-50.399,-26.063],[-50.371,-26.08],[-50.361,-26.094],[-50.364,-26.106],[-50.37,-26.11],[-50.366,-26.112],[-50.357,-26.121],[-50.359,-26.125],[-50.364,-26.126],[-50.361,-26.122],[-50.37,-26.12],[-50.372,-26.116],[-50.377,-26.117],[-50.376,-26.122],[-50.379,-26.122],[-50.385,-26.14],[-50.385,-26.141],[-50.387,-26.153],[-50.385,-26.156],[-50.387,-26.159],[-50.383,-26.158],[-50.38,-26.162],[-50.383,-26.159],[-50.39,-26.163],[-50.386,-26.169],[-50.378,-26.161],[-50.376,-26.155],[-50.361,-26.159],[-50.349,-26.153],[-50.35,-26.157],[-50.358,-26.169],[-50.356,-26.173],[-50.353,-26.182],[-50.355,-26.188],[-50.354,-26.204],[-50.346,-26.206],[-50.34,-26.203],[-50.334,-26.208],[-50.324,-26.207],[-50.326,-26.224],[-50.331,-26.233],[-50.336,-26.236],[-50.323,-26.24],[-50.325,-26.253],[-50.32,-26.254],[-50.322,-26.256],[-50.319,-26.258],[-50.322,-26.259],[-50.317,-26.266],[-50.307,-26.26],[-50.302,-26.258],[-50.302,-26.263],[-50.299,-26.261],[-50.296,-26.264],[-50.3,-26.265],[-50.298,-26.27],[-50.3,-26.274],[-50.295,-26.277],[-50.299,-26.28],[-50.293,-26.281],[-50.296,-26.286],[-50.3,-26.295],[-50.31,-26.293],[-50.315,-26.295],[-50.317,-26.293],[-50.331,-26.304],[-50.334,-26.307],[-50.339,-26.306],[-50.347,-26.317],[-50.358,-26.322],[-50.368,-26.331],[-50.378,-26.331],[-50.383,-26.338],[-50.403,-26.347],[-50.396,-26.323],[-50.41,-26.311],[-50.405,-26.292],[-50.404,-26.286],[-50.407,-26.282],[-50.416,-26.282],[-50.421,-26.275],[-50.419,-26.269],[-50.425,-26.267],[-50.43,-26.26],[-50.424,-26.25],[-50.436,-26.241],[-50.435,-26.237],[-50.463,-26.228],[-50.494,-26.241],[-50.498,-26.244],[-50.503,-26.247],[-50.537,-26.254],[-50.547,-26.271],[-50.556,-26.282],[-50.562,-26.284],[-50.56,-26.287],[-50.572,-26.295],[-50.554,-26.316],[-50.556,-26.325],[-50.571,-26.337],[-50.571,-26.344],[-50.578,-26.351],[-50.57,-26.357],[-50.584,-26.366],[-50.586,-26.37],[-50.578,-26.379],[-50.576,-26.388],[-50.565,-26.396],[-50.563,-26.402],[-50.564,-26.408],[-50.574,-26.417],[-50.574,-26.432],[-50.57,-26.441],[-50.563,-26.441],[-50.555,-26.447],[-50.549,-26.464],[-50.538,-26.469],[-50.53,-26.476],[-50.539,-26.485],[-50.547,-26.486],[-50.554,-26.496],[-50.552,-26.506],[-50.538,-26.521],[-50.53,-26.549],[-50.517,-26.565],[-50.515,-26.586],[-50.526,-26.607],[-50.53,-26.608],[-50.541,-26.604],[-50.564,-26.609],[-50.566,-26.602],[-50.579,-26.603],[-50.57,-26.598],[-50.563,-26.599],[-50.561,-26.594],[-50.573,-26.584],[-50.581,-26.583],[-50.579,-26.572],[-50.598,-26.568],[-50.595,-26.566],[-50.601,-26.558],[-50.605,-26.542],[-50.621,-26.539],[-50.625,-26.535],[-50.631,-26.533],[-50.631,-26.524],[-50.636,-26.522],[-50.641,-26.513],[-50.655,-26.513],[-50.653,-26.509],[-50.668,-26.499],[-50.699,-26.499],[-50.677,-26.46],[-50.666,-26.44],[-50.658,-26.425],[-50.652,-26.413],[-50.637,-26.378],[-50.655,-26.371],[-50.657,-26.356],[-50.65,-26.351],[-50.647,-26.335],[-50.658,-26.315],[-50.659,-26.306],[-50.669,-26.299],[-50.672,-26.287],[-50.68,-26.284],[-50.68,-26.276],[-50.674,-26.271],[-50.67,-26.262],[-50.675,-26.258],[-50.673,-26.254],[-50.678,-26.252],[-50.682,-26.226],[-50.688,-26.22],[-50.682,-26.211],[-50.696,-26.21],[-50.693,-26.2],[-50.703,-26.196],[-50.704,-26.188],[-50.697,-26.181],[-50.687,-26.164],[-50.677,-26.145],[-50.672,-26.143],[-50.652,-26.133],[-50.647,-26.124],[-50.657,-26.103],[-50.645,-26.09],[-50.641,-26.078],[-50.628,-26.063],[-50.594,-26.071],[-50.586,-26.069],[-50.571,-26.067],[-50.558,-26.061],[-50.551,-26.053],[-50.551,-26.044],[-50.555,-26.041],[-50.567,-26.041],[-50.581,-26.048],[-50.592,-26.042],[-50.593,-26.025],[-50.591,-26.022],[-50.572,-26.003],[-50.563,-26.006],[-50.555,-26.02],[-50.551,-26.038]]]}},{"type":"Feature","properties":{"id":"4203907","nome":"Capinzal"},"geometry":{"type":"Polygon","coordinates":[[[-51.58,-27.328],[-51.573,-27.332],[-51.565,-27.329],[-51.552,-27.338],[-51.546,-27.355],[-51.543,-27.367],[-51.534,-27.371],[-51.532,-27.377],[-51.554,-27.383],[-51.553,-27.4],[-51.552,-27.43],[-51.558,-27.437],[-51.555,-27.444],[-51.557,-27.453],[-51.557,-27.454],[-51.564,-27.462],[-51.573,-27.463],[-51.582,-27.476],[-51.591,-27.474],[-51.6,-27.487],[-51.61,-27.489],[-51.613,-27.482],[-51.617,-27.484],[-51.619,-27.479],[-51.626,-27.48],[-51.628,-27.478],[-51.634,-27.481],[-51.632,-27.488],[-51.642,-27.491],[-51.646,-27.513],[-51.651,-27.519],[-51.659,-27.519],[-51.669,-27.514],[-51.676,-27.506],[-51.672,-27.493],[-51.677,-27.483],[-51.684,-27.479],[-51.692,-27.478],[-51.699,-27.479],[-51.702,-27.475],[-51.693,-27.46],[-51.687,-27.432],[-51.688,-27.432],[-51.706,-27.426],[-51.714,-27.408],[-51.727,-27.4],[-51.732,-27.392],[-51.73,-27.387],[-51.729,-27.373],[-51.736,-27.358],[-51.734,-27.355],[-51.729,-27.356],[-51.725,-27.358],[-51.711,-27.367],[-51.692,-27.369],[-51.687,-27.365],[-51.686,-27.358],[-51.687,-27.352],[-51.679,-27.357],[-51.673,-27.357],[-51.669,-27.353],[-51.671,-27.344],[-51.665,-27.339],[-51.657,-27.34],[-51.649,-27.35],[-51.641,-27.349],[-51.635,-27.345],[-51.625,-27.352],[-51.62,-27.35],[-51.617,-27.344],[-51.603,-27.334],[-51.597,-27.334],[-51.592,-27.331],[-51.58,-27.328]]]}},{"type":"Feature","properties":{"id":"4203956","nome":"Capivari de Baixo"},"geometry":{"type":"Polygon","coordinates":[[[-48.922,-28.451],[-48.916,-28.459],[-48.914,-28.47],[-48.924,-28.488],[-48.925,-28.493],[-48.914,-28.497],[-48.908,-28.511],[-48.896,-28.514],[-48.895,-28.524],[-48.907,-28.521],[-48.912,-28.512],[-48.922,-28.513],[-48.938,-28.508],[-48.941,-28.501],[-48.948,-28.502],[-48.947,-28.495],[-48.952,-28.487],[-48.97,-28.473],[-48.975,-28.472],[-48.975,-28.467],[-48.976,-28.462],[-48.985,-28.464],[-48.988,-28.462],[-48.984,-28.462],[-48.985,-28.458],[-48.979,-28.455],[-48.975,-28.457],[-48.973,-28.45],[-48.968,-28.441],[-48.968,-28.432],[-48.98,-28.422],[-48.952,-28.396],[-48.938,-28.383],[-48.935,-28.391],[-48.934,-28.397],[-48.94,-28.411],[-48.936,-28.422],[-48.933,-28.425],[-48.924,-28.436],[-48.922,-28.451]]]}},{"type":"Feature","properties":{"id":"4204004","nome":"Catanduvas"},"geometry":{"type":"Polygon","coordinates":[[[-51.615,-27.004],[-51.612,-27.015],[-51.618,-27.027],[-51.615,-27.034],[-51.618,-27.041],[-51.626,-27.052],[-51.625,-27.061],[-51.634,-27.067],[-51.636,-27.077],[-51.644,-27.085],[-51.642,-27.093],[-51.649,-27.099],[-51.649,-27.1],[-51.659,-27.107],[-51.662,-27.114],[-51.676,-27.117],[-51.678,-27.116],[-51.7,-27.105],[-51.725,-27.112],[-51.737,-27.108],[-51.748,-27.109],[-51.761,-27.098],[-51.758,-27.095],[-51.762,-27.092],[-51.758,-27.088],[-51.758,-27.08],[-51.766,-27.084],[-51.772,-27.08],[-51.775,-27.072],[-51.783,-27.079],[-51.781,-27.087],[-51.79,-27.087],[-51.791,-27.083],[-51.794,-27.087],[-51.8,-27.086],[-51.803,-27.096],[-51.811,-27.087],[-51.807,-27.081],[-51.818,-27.085],[-51.814,-27.091],[-51.82,-27.099],[-51.824,-27.098],[-51.823,-27.093],[-51.83,-27.086],[-51.831,-27.066],[-51.821,-27.061],[-51.817,-27.05],[-51.81,-27.049],[-51.801,-27.04],[-51.792,-27.045],[-51.793,-27.05],[-51.758,-27.051],[-51.764,-27.043],[-51.757,-27.042],[-51.749,-27.046],[-51.74,-27.039],[-51.733,-27.04],[-51.725,-27.029],[-51.724,-27.028],[-51.701,-27.005],[-51.684,-27.008],[-51.684,-26.998],[-51.697,-26.986],[-51.68,-26.958],[-51.654,-26.955],[-51.649,-26.945],[-51.632,-26.943],[-51.636,-26.962],[-51.63,-26.979],[-51.609,-26.98],[-51.617,-26.992],[-51.613,-26.999],[-51.615,-27.004]]]}},{"type":"Feature","properties":{"id":"4204103","nome":"Caxambu do Sul"},"geometry":{"type":"Polygon","coordinates":[[[-52.899,-27.085],[-52.881,-27.091],[-52.88,-27.091],[-52.861,-27.101],[-52.852,-27.111],[-52.85,-27.122],[-52.858,-27.122],[-52.858,-27.128],[-52.856,-27.131],[-52.853,-27.13],[-52.849,-27.136],[-52.846,-27.133],[-52.843,-27.136],[-52.836,-27.135],[-52.837,-27.145],[-52.842,-27.144],[-52.844,-27.147],[-52.837,-27.152],[-52.837,-27.156],[-52.845,-27.155],[-52.85,-27.168],[-52.858,-27.167],[-52.872,-27.174],[-52.879,-27.178],[-52.89,-27.186],[-52.904,-27.198],[-52.924,-27.202],[-52.937,-27.197],[-52.936,-27.176],[-52.937,-27.171],[-52.946,-27.163],[-52.959,-27.163],[-52.965,-27.18],[-52.971,-27.217],[-52.977,-27.221],[-52.989,-27.218],[-53.0,-27.207],[-53.002,-27.19],[-52.998,-27.181],[-52.984,-27.167],[-52.982,-27.156],[-52.985,-27.149],[-52.993,-27.138],[-52.982,-27.138],[-52.981,-27.135],[-52.989,-27.133],[-52.983,-27.124],[-52.981,-27.127],[-52.971,-27.129],[-52.971,-27.123],[-52.962,-27.117],[-52.959,-27.113],[-52.963,-27.109],[-52.958,-27.1],[-52.955,-27.098],[-52.95,-27.101],[-52.95,-27.098],[-52.943,-27.095],[-52.942,-27.088],[-52.934,-27.091],[-52.931,-27.084],[-52.919,-27.088],[-52.913,-27.082],[-52.906,-27.08],[-52.899,-27.085]]]}},{"type":"Feature","properties":{"id":"4204152","nome":"Celso Ramos"},"geometry":{"type":"Polygon","coordinates":[[[-51.374,-27.61],[-51.364,-27.614],[-51.355,-27.609],[-51.352,-27.598],[-51.346,-27.593],[-51.332,-27.604],[-51.316,-27.601],[-51.312,-27.604],[-51.312,-27.615],[-51.278,-27.633],[-51.253,-27.631],[-51.247,-27.612],[-51.226,-27.599],[-51.218,-27.606],[-51.212,-27.619],[-51.212,-27.626],[-51.209,-27.623],[-51.205,-27.627],[-51.207,-27.634],[-51.198,-27.636],[-51.194,-27.644],[-51.197,-27.647],[-51.192,-27.655],[-51.209,-27.67],[-51.21,-27.685],[-51.222,-27.723],[-51.226,-27.719],[-51.234,-27.72],[-51.243,-27.729],[-51.252,-27.731],[-51.263,-27.739],[-51.273,-27.735],[-51.272,-27.73],[-51.276,-27.724],[-51.293,-27.725],[-51.308,-27.719],[-51.309,-27.712],[-51.302,-27.702],[-51.311,-27.695],[-51.312,-27.683],[-51.313,-27.677],[-51.318,-27.673],[-51.331,-27.671],[-51.352,-27.68],[-51.369,-27.672],[-51.377,-27.662],[-51.37,-27.636],[-51.381,-27.625],[-51.387,-27.623],[-51.405,-27.633],[-51.411,-27.645],[-51.412,-27.649],[-51.42,-27.654],[-51.434,-27.655],[-51.437,-27.651],[-51.435,-27.633],[-51.44,-27.624],[-51.457,-27.607],[-51.448,-27.601],[-51.443,-27.589],[-51.431,-27.58],[-51.422,-27.567],[-51.414,-27.573],[-51.408,-27.594],[-51.401,-27.596],[-51.4,-27.596],[-51.377,-27.598],[-51.374,-27.61]]]}},{"type":"Feature","properties":{"id":"4204178","nome":"Cerro Negro"},"geometry":{"type":"Polygon","coordinates":[[[-50.934,-27.58],[-50.927,-27.581],[-50.914,-27.573],[-50.899,-27.574],[-50.897,-27.587],[-50.891,-27.59],[-50.885,-27.585],[-50.881,-27.587],[-50.888,-27.596],[-50.886,-27.608],[-50.882,-27.609],[-50.875,-27.601],[-50.863,-27.605],[-50.863,-27.614],[-50.857,-27.622],[-50.862,-27.636],[-50.86,-27.654],[-50.847,-27.697],[-50.849,-27.708],[-50.854,-27.732],[-50.849,-27.748],[-50.84,-27.756],[-50.843,-27.763],[-50.857,-27.773],[-50.86,-27.781],[-50.856,-27.786],[-50.862,-27.794],[-50.862,-27.795],[-50.858,-27.799],[-50.864,-27.808],[-50.857,-27.816],[-50.866,-27.818],[-50.871,-27.824],[-50.872,-27.837],[-50.877,-27.841],[-50.881,-27.87],[-50.89,-27.881],[-50.892,-27.896],[-50.917,-27.897],[-50.929,-27.906],[-50.923,-27.92],[-50.93,-27.923],[-50.929,-27.93],[-50.936,-27.927],[-50.937,-27.93],[-50.956,-27.932],[-50.963,-27.935],[-50.96,-27.945],[-50.972,-27.944],[-50.979,-27.948],[-50.98,-27.945],[-50.986,-27.941],[-50.993,-27.945],[-51.001,-27.963],[-51.007,-27.965],[-51.019,-27.956],[-51.02,-27.944],[-51.016,-27.928],[-51.018,-27.924],[-51.05,-27.908],[-51.057,-27.9],[-51.055,-27.887],[-51.051,-27.87],[-51.051,-27.866],[-51.041,-27.871],[-51.04,-27.863],[-51.034,-27.864],[-51.038,-27.86],[-51.03,-27.855],[-51.028,-27.848],[-51.024,-27.848],[-51.018,-27.84],[-51.02,-27.837],[-51.016,-27.837],[-51.01,-27.831],[-51.007,-27.833],[-51.004,-27.825],[-50.999,-27.826],[-50.999,-27.824],[-50.993,-27.823],[-50.989,-27.819],[-50.982,-27.822],[-50.971,-27.819],[-50.966,-27.823],[-50.958,-27.822],[-50.95,-27.816],[-50.934,-27.818],[-50.959,-27.782],[-50.959,-27.763],[-50.966,-27.75],[-50.959,-27.75],[-50.954,-27.758],[-50.942,-27.755],[-50.923,-27.737],[-50.915,-27.715],[-50.918,-27.705],[-50.914,-27.694],[-50.906,-27.68],[-50.908,-27.678],[-50.909,-27.681],[-50.919,-27.673],[-50.925,-27.68],[-50.929,-27.668],[-50.936,-27.673],[-50.946,-27.672],[-50.946,-27.664],[-50.94,-27.655],[-50.947,-27.647],[-50.955,-27.65],[-50.957,-27.645],[-50.961,-27.645],[-50.978,-27.629],[-50.991,-27.621],[-50.994,-27.611],[-50.989,-27.605],[-50.956,-27.598],[-50.959,-27.586],[-50.972,-27.577],[-50.969,-27.571],[-50.952,-27.569],[-50.934,-27.58]]]}},{"type":"Feature","properties":{"id":"4204194","nome":"Chapad\u00e3o do Lageado"},"geometry":{"type":"Polygon","coordinates":[[[-49.564,-27.622],[-49.572,-27.631],[-49.58,-27.629],[-49.587,-27.643],[-49.609,-27.65],[-49.62,-27.66],[-49.631,-27.662],[-49.637,-27.659],[-49.64,-27.647],[-49.618,-27.619],[-49.624,-27.617],[-49.614,-27.585],[-49.589,-27.573],[-49.591,-27.571],[-49.587,-27.556],[-49.578,-27.552],[-49.557,-27.52],[-49.541,-27.511],[-49.515,-27.524],[-49.505,-27.526],[-49.493,-27.535],[-49.484,-27.555],[-49.475,-27.555],[-49.472,-27.566],[-49.488,-27.582],[-49.496,-27.585],[-49.496,-27.592],[-49.507,-27.6],[-49.547,-27.612],[-49.549,-27.616],[-49.564,-27.622]]]}},{"type":"Feature","properties":{"id":"4204202","nome":"Chapec\u00f3"},"geometry":{"type":"Polygon","coordinates":[[[-52.755,-26.938],[-52.749,-26.943],[-52.746,-26.939],[-52.739,-26.941],[-52.736,-26.949],[-52.73,-26.951],[-52.726,-26.955],[-52.719,-26.96],[-52.722,-26.967],[-52.718,-26.973],[-52.715,-26.984],[-52.691,-26.991],[-52.687,-26.988],[-52.675,-26.994],[-52.647,-26.993],[-52.643,-26.994],[-52.639,-26.999],[-52.611,-27.035],[-52.589,-27.028],[-52.586,-27.034],[-52.572,-27.041],[-52.572,-27.048],[-52.572,-27.051],[-52.56,-27.052],[-52.555,-27.059],[-52.563,-27.059],[-52.553,-27.07],[-52.545,-27.069],[-52.541,-27.076],[-52.539,-27.078],[-52.537,-27.073],[-52.532,-27.08],[-52.525,-27.08],[-52.514,-27.084],[-52.518,-27.088],[-52.516,-27.094],[-52.509,-27.093],[-52.508,-27.094],[-52.48,-27.111],[-52.488,-27.114],[-52.5,-27.112],[-52.506,-27.117],[-52.503,-27.121],[-52.501,-27.128],[-52.488,-27.134],[-52.488,-27.14],[-52.501,-27.144],[-52.508,-27.14],[-52.509,-27.143],[-52.51,-27.146],[-52.518,-27.149],[-52.507,-27.155],[-52.507,-27.159],[-52.516,-27.165],[-52.523,-27.165],[-52.519,-27.178],[-52.527,-27.178],[-52.525,-27.182],[-52.519,-27.191],[-52.513,-27.19],[-52.52,-27.195],[-52.524,-27.208],[-52.533,-27.21],[-52.535,-27.217],[-52.543,-27.219],[-52.536,-27.232],[-52.544,-27.234],[-52.545,-27.24],[-52.55,-27.238],[-52.563,-27.248],[-52.59,-27.248],[-52.597,-27.254],[-52.61,-27.263],[-52.629,-27.265],[-52.645,-27.26],[-52.659,-27.237],[-52.668,-27.238],[-52.676,-27.246],[-52.678,-27.268],[-52.688,-27.283],[-52.691,-27.284],[-52.692,-27.284],[-52.699,-27.282],[-52.706,-27.272],[-52.71,-27.244],[-52.714,-27.236],[-52.72,-27.235],[-52.731,-27.239],[-52.743,-27.257],[-52.753,-27.258],[-52.761,-27.25],[-52.763,-27.243],[-52.757,-27.218],[-52.767,-27.209],[-52.786,-27.205],[-52.785,-27.203],[-52.783,-27.199],[-52.789,-27.192],[-52.777,-27.192],[-52.775,-27.186],[-52.77,-27.187],[-52.755,-27.19],[-52.748,-27.189],[-52.75,-27.183],[-52.747,-27.181],[-52.753,-27.177],[-52.747,-27.171],[-52.748,-27.168],[-52.734,-27.166],[-52.722,-27.152],[-52.723,-27.148],[-52.722,-27.136],[-52.715,-27.131],[-52.716,-27.126],[-52.706,-27.104],[-52.707,-27.096],[-52.732,-27.084],[-52.728,-27.079],[-52.735,-27.074],[-52.734,-27.07],[-52.737,-27.07],[-52.734,-27.059],[-52.723,-27.039],[-52.731,-27.02],[-52.744,-27.012],[-52.752,-27.017],[-52.76,-27.014],[-52.77,-27.036],[-52.78,-27.052],[-52.793,-27.049],[-52.797,-27.051],[-52.805,-27.047],[-52.811,-27.05],[-52.828,-27.042],[-52.834,-27.046],[-52.84,-27.043],[-52.841,-27.033],[-52.841,-27.017],[-52.821,-27.018],[-52.797,-27.007],[-52.796,-27.007],[-52.768,-26.994],[-52.766,-26.981],[-52.762,-26.962],[-52.758,-26.941],[-52.755,-26.938]]]}},{"type":"Feature","properties":{"id":"4204251","nome":"Cocal do Sul"},"geometry":{"type":"Polygon","coordinates":[[[-49.336,-28.564],[-49.335,-28.567],[-49.321,-28.565],[-49.31,-28.566],[-49.304,-28.574],[-49.279,-28.581],[-49.274,-28.586],[-49.26,-28.584],[-49.253,-28.587],[-49.251,-28.591],[-49.245,-28.591],[-49.248,-28.592],[-49.265,-28.597],[-49.287,-28.616],[-49.291,-28.621],[-49.311,-28.621],[-49.316,-28.626],[-49.331,-28.624],[-49.335,-28.634],[-49.34,-28.634],[-49.359,-28.636],[-49.37,-28.635],[-49.376,-28.621],[-49.393,-28.61],[-49.396,-28.603],[-49.402,-28.596],[-49.386,-28.579],[-49.366,-28.574],[-49.352,-28.562],[-49.336,-28.564]]]}},{"type":"Feature","properties":{"id":"4204301","nome":"Conc\u00f3rdia"},"geometry":{"type":"Polygon","coordinates":[[[-51.975,-27.105],[-51.969,-27.109],[-51.957,-27.107],[-51.96,-27.119],[-51.953,-27.114],[-51.95,-27.121],[-51.941,-27.115],[-51.942,-27.118],[-51.935,-27.124],[-51.916,-27.129],[-51.916,-27.135],[-51.912,-27.134],[-51.908,-27.127],[-51.901,-27.128],[-51.9,-27.12],[-51.89,-27.114],[-51.889,-27.123],[-51.874,-27.122],[-51.863,-27.127],[-51.867,-27.131],[-51.86,-27.14],[-51.83,-27.147],[-51.822,-27.146],[-51.821,-27.15],[-51.821,-27.151],[-51.825,-27.16],[-51.824,-27.168],[-51.814,-27.188],[-51.816,-27.206],[-51.813,-27.212],[-51.814,-27.222],[-51.817,-27.22],[-51.821,-27.223],[-51.826,-27.221],[-51.827,-27.227],[-51.833,-27.229],[-51.828,-27.231],[-51.829,-27.235],[-51.843,-27.229],[-51.842,-27.237],[-51.838,-27.239],[-51.841,-27.242],[-51.838,-27.25],[-51.836,-27.248],[-51.831,-27.252],[-51.818,-27.246],[-51.811,-27.252],[-51.806,-27.25],[-51.798,-27.253],[-51.79,-27.26],[-51.788,-27.268],[-51.799,-27.284],[-51.795,-27.293],[-51.807,-27.284],[-51.813,-27.288],[-51.821,-27.297],[-51.835,-27.306],[-51.843,-27.308],[-51.853,-27.319],[-51.866,-27.315],[-51.87,-27.31],[-51.876,-27.309],[-51.877,-27.303],[-51.88,-27.303],[-51.89,-27.301],[-51.896,-27.303],[-51.902,-27.3],[-51.905,-27.306],[-51.91,-27.303],[-51.915,-27.307],[-51.909,-27.312],[-51.914,-27.32],[-51.915,-27.324],[-51.921,-27.322],[-51.927,-27.327],[-51.935,-27.326],[-51.934,-27.332],[-51.939,-27.335],[-51.947,-27.332],[-51.954,-27.339],[-51.945,-27.349],[-51.951,-27.352],[-51.959,-27.346],[-51.963,-27.342],[-51.964,-27.346],[-51.958,-27.362],[-51.97,-27.354],[-51.972,-27.362],[-51.983,-27.362],[-51.986,-27.366],[-51.995,-27.364],[-51.985,-27.374],[-51.993,-27.378],[-51.996,-27.378],[-52.009,-27.371],[-52.019,-27.362],[-52.022,-27.355],[-52.008,-27.343],[-52.009,-27.334],[-52.018,-27.331],[-52.038,-27.344],[-52.048,-27.345],[-52.073,-27.338],[-52.089,-27.345],[-52.098,-27.348],[-52.107,-27.343],[-52.109,-27.339],[-52.107,-27.323],[-52.106,-27.315],[-52.107,-27.309],[-52.119,-27.303],[-52.128,-27.302],[-52.139,-27.305],[-52.161,-27.314],[-52.167,-27.311],[-52.158,-27.283],[-52.16,-27.276],[-52.166,-27.273],[-52.173,-27.272],[-52.18,-27.276],[-52.193,-27.297],[-52.2,-27.316],[-52.203,-27.323],[-52.21,-27.33],[-52.224,-27.33],[-52.239,-27.306],[-52.25,-27.302],[-52.273,-27.304],[-52.277,-27.296],[-52.263,-27.281],[-52.236,-27.272],[-52.235,-27.265],[-52.253,-27.257],[-52.261,-27.259],[-52.26,-27.25],[-52.255,-27.253],[-52.245,-27.247],[-52.234,-27.25],[-52.225,-27.23],[-52.222,-27.234],[-52.208,-27.236],[-52.208,-27.231],[-52.206,-27.224],[-52.208,-27.22],[-52.201,-27.219],[-52.196,-27.223],[-52.187,-27.22],[-52.195,-27.218],[-52.205,-27.21],[-52.201,-27.207],[-52.199,-27.213],[-52.194,-27.212],[-52.192,-27.2],[-52.187,-27.193],[-52.178,-27.201],[-52.17,-27.192],[-52.165,-27.195],[-52.163,-27.192],[-52.155,-27.185],[-52.149,-27.188],[-52.143,-27.179],[-52.133,-27.187],[-52.128,-27.181],[-52.127,-27.185],[-52.115,-27.184],[-52.118,-27.172],[-52.116,-27.168],[-52.105,-27.17],[-52.1,-27.163],[-52.087,-27.17],[-52.084,-27.169],[-52.086,-27.166],[-52.086,-27.16],[-52.091,-27.157],[-52.086,-27.152],[-52.088,-27.147],[-52.079,-27.144],[-52.075,-27.151],[-52.065,-27.154],[-52.063,-27.145],[-52.067,-27.137],[-52.059,-27.131],[-52.054,-27.14],[-52.056,-27.146],[-52.043,-27.149],[-52.042,-27.146],[-52.048,-27.142],[-52.045,-27.14],[-52.038,-27.138],[-52.03,-27.144],[-52.024,-27.138],[-52.017,-27.139],[-52.018,-27.133],[-52.013,-27.126],[-52.009,-27.126],[-52.005,-27.133],[-51.996,-27.135],[-51.991,-27.12],[-51.989,-27.123],[-51.987,-27.12],[-51.986,-27.117],[-51.976,-27.118],[-51.975,-27.105]]]}},{"type":"Feature","properties":{"id":"4204350","nome":"Cordilheira Alta"},"geometry":{"type":"Polygon","coordinates":[[[-52.665,-26.922],[-52.632,-26.95],[-52.615,-26.933],[-52.598,-26.957],[-52.591,-26.962],[-52.593,-26.981],[-52.585,-26.973],[-52.589,-27.028],[-52.611,-27.035],[-52.639,-26.999],[-52.643,-26.994],[-52.647,-26.993],[-52.675,-26.994],[-52.687,-26.988],[-52.691,-26.991],[-52.715,-26.984],[-52.718,-26.973],[-52.685,-26.941],[-52.684,-26.94],[-52.665,-26.922]]]}},{"type":"Feature","properties":{"id":"4204400","nome":"Coronel Freitas"},"geometry":{"type":"Polygon","coordinates":[[[-52.783,-26.788],[-52.777,-26.803],[-52.767,-26.81],[-52.763,-26.82],[-52.743,-26.84],[-52.744,-26.822],[-52.734,-26.816],[-52.729,-26.817],[-52.728,-26.817],[-52.719,-26.821],[-52.712,-26.819],[-52.717,-26.803],[-52.656,-26.853],[-52.621,-26.865],[-52.623,-26.873],[-52.636,-26.879],[-52.626,-26.888],[-52.63,-26.896],[-52.618,-26.908],[-52.632,-26.921],[-52.621,-26.925],[-52.615,-26.933],[-52.632,-26.95],[-52.665,-26.922],[-52.684,-26.94],[-52.685,-26.941],[-52.718,-26.973],[-52.722,-26.967],[-52.719,-26.96],[-52.726,-26.955],[-52.73,-26.951],[-52.736,-26.949],[-52.739,-26.941],[-52.746,-26.939],[-52.749,-26.943],[-52.755,-26.938],[-52.758,-26.941],[-52.761,-26.938],[-52.761,-26.942],[-52.763,-26.938],[-52.777,-26.928],[-52.784,-26.928],[-52.79,-26.915],[-52.794,-26.915],[-52.803,-26.905],[-52.801,-26.902],[-52.813,-26.901],[-52.815,-26.901],[-52.822,-26.904],[-52.826,-26.911],[-52.831,-26.909],[-52.834,-26.914],[-52.84,-26.911],[-52.843,-26.915],[-52.849,-26.912],[-52.856,-26.916],[-52.86,-26.907],[-52.846,-26.891],[-52.841,-26.88],[-52.83,-26.878],[-52.822,-26.88],[-52.826,-26.887],[-52.806,-26.896],[-52.801,-26.896],[-52.796,-26.89],[-52.787,-26.888],[-52.786,-26.884],[-52.809,-26.879],[-52.818,-26.87],[-52.815,-26.864],[-52.809,-26.865],[-52.795,-26.874],[-52.786,-26.871],[-52.791,-26.858],[-52.787,-26.855],[-52.8,-26.851],[-52.806,-26.838],[-52.806,-26.83],[-52.801,-26.818],[-52.806,-26.81],[-52.805,-26.795],[-52.794,-26.795],[-52.791,-26.789],[-52.783,-26.788]]]}},{"type":"Feature","properties":{"id":"4204459","nome":"Coronel Martins"},"geometry":{"type":"Polygon","coordinates":[[[-52.649,-26.494],[-52.632,-26.5],[-52.622,-26.493],[-52.61,-26.491],[-52.608,-26.509],[-52.616,-26.512],[-52.611,-26.52],[-52.608,-26.526],[-52.608,-26.543],[-52.614,-26.551],[-52.619,-26.551],[-52.626,-26.557],[-52.637,-26.561],[-52.636,-26.564],[-52.646,-26.567],[-52.645,-26.57],[-52.649,-26.569],[-52.649,-26.575],[-52.65,-26.583],[-52.653,-26.584],[-52.649,-26.587],[-52.661,-26.59],[-52.659,-26.593],[-52.671,-26.601],[-52.673,-26.599],[-52.678,-26.6],[-52.697,-26.587],[-52.704,-26.588],[-52.707,-26.583],[-52.689,-26.583],[-52.691,-26.579],[-52.697,-26.581],[-52.699,-26.576],[-52.691,-26.571],[-52.706,-26.565],[-52.704,-26.561],[-52.71,-26.556],[-52.713,-26.561],[-52.722,-26.551],[-52.72,-26.547],[-52.727,-26.546],[-52.73,-26.542],[-52.728,-26.533],[-52.735,-26.53],[-52.746,-26.514],[-52.755,-26.51],[-52.752,-26.506],[-52.745,-26.51],[-52.745,-26.504],[-52.718,-26.502],[-52.685,-26.5],[-52.691,-26.498],[-52.688,-26.494],[-52.694,-26.492],[-52.678,-26.484],[-52.661,-26.484],[-52.649,-26.49],[-52.649,-26.494]]]}},{"type":"Feature","properties":{"id":"4204509","nome":"Corup\u00e1"},"geometry":{"type":"Polygon","coordinates":[[[-49.158,-26.359],[-49.169,-26.378],[-49.18,-26.382],[-49.188,-26.389],[-49.186,-26.429],[-49.186,-26.434],[-49.195,-26.433],[-49.207,-26.44],[-49.199,-26.444],[-49.201,-26.447],[-49.201,-26.448],[-49.212,-26.458],[-49.212,-26.485],[-49.221,-26.491],[-49.228,-26.497],[-49.232,-26.495],[-49.247,-26.501],[-49.26,-26.514],[-49.27,-26.533],[-49.281,-26.537],[-49.291,-26.547],[-49.293,-26.542],[-49.298,-26.539],[-49.321,-26.542],[-49.332,-26.537],[-49.34,-26.524],[-49.354,-26.516],[-49.354,-26.503],[-49.365,-26.492],[-49.366,-26.491],[-49.375,-26.488],[-49.378,-26.492],[-49.391,-26.495],[-49.416,-26.51],[-49.425,-26.495],[-49.433,-26.494],[-49.439,-26.489],[-49.467,-26.472],[-49.465,-26.467],[-49.47,-26.464],[-49.471,-26.452],[-49.475,-26.453],[-49.487,-26.44],[-49.493,-26.439],[-49.492,-26.43],[-49.496,-26.426],[-49.487,-26.425],[-49.482,-26.419],[-49.475,-26.425],[-49.468,-26.422],[-49.464,-26.425],[-49.461,-26.421],[-49.455,-26.426],[-49.445,-26.426],[-49.44,-26.42],[-49.439,-26.411],[-49.444,-26.4],[-49.44,-26.394],[-49.443,-26.39],[-49.436,-26.371],[-49.423,-26.366],[-49.414,-26.353],[-49.411,-26.355],[-49.404,-26.352],[-49.402,-26.348],[-49.39,-26.353],[-49.367,-26.362],[-49.363,-26.36],[-49.357,-26.367],[-49.361,-26.373],[-49.353,-26.377],[-49.33,-26.382],[-49.324,-26.387],[-49.322,-26.383],[-49.323,-26.373],[-49.316,-26.37],[-49.301,-26.368],[-49.299,-26.374],[-49.29,-26.37],[-49.286,-26.378],[-49.281,-26.376],[-49.273,-26.383],[-49.275,-26.388],[-49.268,-26.386],[-49.231,-26.396],[-49.226,-26.394],[-49.219,-26.386],[-49.201,-26.382],[-49.197,-26.372],[-49.189,-26.369],[-49.186,-26.371],[-49.175,-26.365],[-49.185,-26.349],[-49.186,-26.333],[-49.177,-26.318],[-49.179,-26.311],[-49.168,-26.308],[-49.171,-26.315],[-49.168,-26.328],[-49.166,-26.355],[-49.158,-26.359]]]}},{"type":"Feature","properties":{"id":"4204558","nome":"Correia Pinto"},"geometry":{"type":"Polygon","coordinates":[[[-50.505,-27.466],[-50.497,-27.465],[-50.487,-27.458],[-50.486,-27.463],[-50.472,-27.47],[-50.47,-27.475],[-50.473,-27.479],[-50.492,-27.481],[-50.493,-27.489],[-50.477,-27.484],[-50.451,-27.499],[-50.453,-27.485],[-50.447,-27.477],[-50.439,-27.48],[-50.435,-27.475],[-50.431,-27.475],[-50.424,-27.483],[-50.419,-27.477],[-50.404,-27.474],[-50.398,-27.478],[-50.385,-27.493],[-50.386,-27.498],[-50.377,-27.5],[-50.381,-27.515],[-50.393,-27.526],[-50.39,-27.536],[-50.397,-27.547],[-50.412,-27.547],[-50.393,-27.556],[-50.384,-27.552],[-50.384,-27.56],[-50.377,-27.561],[-50.368,-27.551],[-50.374,-27.545],[-50.371,-27.538],[-50.367,-27.535],[-50.359,-27.539],[-50.326,-27.526],[-50.315,-27.528],[-50.299,-27.522],[-50.288,-27.524],[-50.271,-27.536],[-50.263,-27.537],[-50.263,-27.533],[-50.271,-27.524],[-50.259,-27.518],[-50.25,-27.522],[-50.251,-27.517],[-50.244,-27.525],[-50.241,-27.517],[-50.226,-27.513],[-50.235,-27.519],[-50.235,-27.526],[-50.225,-27.531],[-50.224,-27.542],[-50.212,-27.552],[-50.216,-27.558],[-50.207,-27.563],[-50.205,-27.566],[-50.21,-27.568],[-50.208,-27.576],[-50.199,-27.583],[-50.203,-27.586],[-50.192,-27.595],[-50.195,-27.605],[-50.19,-27.611],[-50.195,-27.617],[-50.193,-27.627],[-50.197,-27.632],[-50.205,-27.636],[-50.273,-27.675],[-50.292,-27.677],[-50.311,-27.678],[-50.312,-27.681],[-50.309,-27.692],[-50.298,-27.705],[-50.306,-27.724],[-50.304,-27.729],[-50.31,-27.748],[-50.328,-27.749],[-50.329,-27.746],[-50.336,-27.746],[-50.344,-27.74],[-50.353,-27.747],[-50.358,-27.736],[-50.36,-27.745],[-50.369,-27.747],[-50.379,-27.739],[-50.378,-27.731],[-50.383,-27.734],[-50.392,-27.729],[-50.411,-27.706],[-50.419,-27.711],[-50.429,-27.713],[-50.427,-27.705],[-50.437,-27.695],[-50.427,-27.685],[-50.431,-27.676],[-50.437,-27.673],[-50.453,-27.673],[-50.458,-27.667],[-50.468,-27.664],[-50.471,-27.658],[-50.484,-27.653],[-50.491,-27.646],[-50.486,-27.635],[-50.495,-27.628],[-50.502,-27.63],[-50.507,-27.628],[-50.518,-27.634],[-50.523,-27.632],[-50.506,-27.62],[-50.507,-27.611],[-50.513,-27.605],[-50.511,-27.596],[-50.517,-27.595],[-50.537,-27.606],[-50.54,-27.597],[-50.525,-27.583],[-50.525,-27.568],[-50.53,-27.56],[-50.537,-27.56],[-50.538,-27.554],[-50.545,-27.544],[-50.549,-27.528],[-50.562,-27.511],[-50.561,-27.503],[-50.569,-27.504],[-50.543,-27.485],[-50.533,-27.485],[-50.528,-27.491],[-50.525,-27.49],[-50.524,-27.474],[-50.534,-27.472],[-50.533,-27.467],[-50.513,-27.456],[-50.507,-27.458],[-50.508,-27.464],[-50.505,-27.466]]]}},{"type":"Feature","properties":{"id":"4204608","nome":"Crici\u00fama"},"geometry":{"type":"Polygon","coordinates":[[[-49.411,-28.636],[-49.403,-28.637],[-49.399,-28.636],[-49.37,-28.635],[-49.359,-28.636],[-49.359,-28.639],[-49.337,-28.645],[-49.333,-28.639],[-49.328,-28.638],[-49.32,-28.642],[-49.313,-28.64],[-49.309,-28.643],[-49.304,-28.641],[-49.303,-28.64],[-49.291,-28.638],[-49.282,-28.647],[-49.265,-28.654],[-49.254,-28.666],[-49.253,-28.666],[-49.244,-28.673],[-49.244,-28.674],[-49.262,-28.673],[-49.283,-28.68],[-49.306,-28.676],[-49.333,-28.679],[-49.333,-28.697],[-49.33,-28.717],[-49.332,-28.727],[-49.333,-28.734],[-49.333,-28.736],[-49.336,-28.753],[-49.336,-28.754],[-49.357,-28.756],[-49.355,-28.79],[-49.354,-28.799],[-49.354,-28.8],[-49.351,-28.855],[-49.399,-28.833],[-49.403,-28.83],[-49.406,-28.827],[-49.408,-28.826],[-49.409,-28.826],[-49.425,-28.814],[-49.422,-28.809],[-49.421,-28.8],[-49.417,-28.793],[-49.423,-28.793],[-49.42,-28.786],[-49.429,-28.782],[-49.428,-28.776],[-49.436,-28.768],[-49.43,-28.76],[-49.434,-28.757],[-49.431,-28.756],[-49.433,-28.754],[-49.427,-28.755],[-49.428,-28.753],[-49.423,-28.754],[-49.425,-28.749],[-49.421,-28.751],[-49.414,-28.749],[-49.412,-28.742],[-49.409,-28.743],[-49.41,-28.74],[-49.407,-28.736],[-49.412,-28.733],[-49.41,-28.728],[-49.421,-28.719],[-49.421,-28.714],[-49.423,-28.713],[-49.454,-28.713],[-49.456,-28.713],[-49.476,-28.713],[-49.478,-28.709],[-49.475,-28.708],[-49.476,-28.705],[-49.475,-28.701],[-49.471,-28.691],[-49.463,-28.687],[-49.462,-28.676],[-49.465,-28.674],[-49.456,-28.662],[-49.455,-28.655],[-49.451,-28.634],[-49.411,-28.636]]]}},{"type":"Feature","properties":{"id":"4204707","nome":"Cunha Por\u00e3"},"geometry":{"type":"Polygon","coordinates":[[[-53.156,-26.8],[-53.131,-26.81],[-53.12,-26.809],[-53.116,-26.815],[-53.124,-26.826],[-53.131,-26.824],[-53.131,-26.828],[-53.125,-26.847],[-53.115,-26.85],[-53.125,-26.857],[-53.125,-26.861],[-53.116,-26.867],[-53.121,-26.872],[-53.117,-26.887],[-53.103,-26.89],[-53.111,-26.902],[-53.111,-26.923],[-53.119,-26.942],[-53.138,-26.941],[-53.143,-26.943],[-53.166,-26.955],[-53.171,-26.953],[-53.173,-26.951],[-53.191,-26.951],[-53.204,-26.947],[-53.205,-26.947],[-53.209,-26.938],[-53.228,-26.938],[-53.227,-26.933],[-53.239,-26.936],[-53.25,-26.934],[-53.247,-26.923],[-53.263,-26.917],[-53.284,-26.922],[-53.288,-26.916],[-53.281,-26.915],[-53.28,-26.912],[-53.286,-26.908],[-53.287,-26.902],[-53.296,-26.896],[-53.286,-26.894],[-53.287,-26.884],[-53.278,-26.889],[-53.277,-26.884],[-53.276,-26.88],[-53.285,-26.868],[-53.273,-26.871],[-53.277,-26.866],[-53.27,-26.863],[-53.271,-26.859],[-53.268,-26.857],[-53.264,-26.853],[-53.261,-26.854],[-53.262,-26.858],[-53.253,-26.855],[-53.253,-26.851],[-53.26,-26.849],[-53.25,-26.844],[-53.251,-26.838],[-53.246,-26.845],[-53.245,-26.838],[-53.236,-26.839],[-53.242,-26.833],[-53.242,-26.832],[-53.247,-26.825],[-53.239,-26.823],[-53.241,-26.813],[-53.234,-26.814],[-53.226,-26.808],[-53.216,-26.809],[-53.217,-26.802],[-53.21,-26.805],[-53.207,-26.803],[-53.205,-26.806],[-53.202,-26.802],[-53.195,-26.801],[-53.181,-26.805],[-53.178,-26.805],[-53.166,-26.805],[-53.156,-26.8]]]}},{"type":"Feature","properties":{"id":"4204756","nome":"Cunhata\u00ed"},"geometry":{"type":"Polygon","coordinates":[[[-53.103,-26.938],[-53.086,-26.943],[-53.088,-26.947],[-53.063,-26.954],[-53.049,-26.954],[-53.053,-26.964],[-53.047,-26.964],[-53.047,-26.968],[-53.065,-26.983],[-53.069,-26.982],[-53.07,-26.991],[-53.09,-26.991],[-53.096,-27.028],[-53.106,-27.028],[-53.107,-27.029],[-53.111,-27.025],[-53.115,-27.026],[-53.117,-27.018],[-53.13,-27.012],[-53.125,-27.009],[-53.125,-27.001],[-53.131,-27.001],[-53.13,-26.994],[-53.135,-26.991],[-53.128,-26.988],[-53.134,-26.982],[-53.128,-26.983],[-53.125,-26.979],[-53.128,-26.971],[-53.129,-26.971],[-53.137,-26.963],[-53.134,-26.955],[-53.143,-26.943],[-53.138,-26.941],[-53.119,-26.942],[-53.111,-26.923],[-53.098,-26.926],[-53.103,-26.934],[-53.103,-26.938]]]}},{"type":"Feature","properties":{"id":"4204806","nome":"Curitibanos"},"geometry":{"type":"Polygon","coordinates":[[[-50.598,-27.051],[-50.589,-27.055],[-50.58,-27.051],[-50.564,-27.057],[-50.562,-27.071],[-50.555,-27.076],[-50.558,-27.082],[-50.554,-27.086],[-50.543,-27.072],[-50.541,-27.078],[-50.535,-27.08],[-50.537,-27.083],[-50.53,-27.088],[-50.525,-27.117],[-50.528,-27.133],[-50.538,-27.134],[-50.548,-27.13],[-50.553,-27.133],[-50.537,-27.142],[-50.537,-27.145],[-50.546,-27.142],[-50.558,-27.143],[-50.562,-27.151],[-50.566,-27.147],[-50.562,-27.139],[-50.57,-27.132],[-50.572,-27.141],[-50.579,-27.142],[-50.573,-27.156],[-50.581,-27.156],[-50.587,-27.143],[-50.585,-27.14],[-50.592,-27.14],[-50.598,-27.148],[-50.607,-27.145],[-50.612,-27.153],[-50.627,-27.151],[-50.628,-27.157],[-50.617,-27.159],[-50.608,-27.167],[-50.606,-27.176],[-50.614,-27.18],[-50.604,-27.198],[-50.59,-27.201],[-50.581,-27.193],[-50.57,-27.193],[-50.57,-27.2],[-50.562,-27.202],[-50.552,-27.215],[-50.544,-27.209],[-50.535,-27.21],[-50.536,-27.207],[-50.532,-27.206],[-50.523,-27.212],[-50.508,-27.212],[-50.501,-27.218],[-50.496,-27.246],[-50.504,-27.25],[-50.504,-27.256],[-50.509,-27.257],[-50.503,-27.271],[-50.493,-27.304],[-50.499,-27.306],[-50.483,-27.308],[-50.47,-27.316],[-50.464,-27.332],[-50.463,-27.345],[-50.467,-27.357],[-50.463,-27.365],[-50.463,-27.368],[-50.468,-27.37],[-50.476,-27.381],[-50.475,-27.385],[-50.48,-27.387],[-50.481,-27.393],[-50.49,-27.401],[-50.488,-27.405],[-50.483,-27.401],[-50.481,-27.415],[-50.477,-27.417],[-50.482,-27.43],[-50.485,-27.429],[-50.488,-27.434],[-50.48,-27.438],[-50.477,-27.444],[-50.482,-27.445],[-50.487,-27.458],[-50.497,-27.465],[-50.505,-27.466],[-50.508,-27.464],[-50.507,-27.458],[-50.513,-27.456],[-50.533,-27.467],[-50.534,-27.472],[-50.524,-27.474],[-50.525,-27.49],[-50.528,-27.491],[-50.533,-27.485],[-50.543,-27.485],[-50.569,-27.504],[-50.576,-27.504],[-50.573,-27.491],[-50.576,-27.485],[-50.565,-27.476],[-50.564,-27.467],[-50.575,-27.464],[-50.585,-27.468],[-50.595,-27.459],[-50.603,-27.469],[-50.615,-27.461],[-50.634,-27.453],[-50.639,-27.459],[-50.634,-27.465],[-50.638,-27.468],[-50.646,-27.463],[-50.646,-27.455],[-50.65,-27.452],[-50.656,-27.462],[-50.672,-27.469],[-50.678,-27.464],[-50.67,-27.454],[-50.675,-27.446],[-50.675,-27.438],[-50.68,-27.436],[-50.69,-27.442],[-50.688,-27.434],[-50.691,-27.426],[-50.701,-27.429],[-50.702,-27.442],[-50.707,-27.433],[-50.718,-27.425],[-50.72,-27.436],[-50.712,-27.445],[-50.715,-27.45],[-50.726,-27.449],[-50.736,-27.437],[-50.749,-27.449],[-50.753,-27.431],[-50.742,-27.426],[-50.747,-27.421],[-50.754,-27.422],[-50.756,-27.415],[-50.77,-27.403],[-50.757,-27.39],[-50.757,-27.372],[-50.759,-27.365],[-50.752,-27.363],[-50.737,-27.351],[-50.763,-27.35],[-50.765,-27.345],[-50.761,-27.339],[-50.752,-27.331],[-50.751,-27.321],[-50.759,-27.318],[-50.765,-27.315],[-50.767,-27.306],[-50.769,-27.281],[-50.76,-27.277],[-50.743,-27.286],[-50.732,-27.277],[-50.738,-27.27],[-50.755,-27.27],[-50.759,-27.263],[-50.759,-27.257],[-50.749,-27.248],[-50.728,-27.254],[-50.738,-27.23],[-50.742,-27.225],[-50.736,-27.224],[-50.723,-27.221],[-50.73,-27.201],[-50.716,-27.189],[-50.706,-27.186],[-50.702,-27.189],[-50.681,-27.156],[-50.699,-27.153],[-50.71,-27.146],[-50.699,-27.136],[-50.696,-27.131],[-50.71,-27.134],[-50.716,-27.132],[-50.707,-27.123],[-50.707,-27.116],[-50.719,-27.108],[-50.717,-27.103],[-50.708,-27.1],[-50.698,-27.091],[-50.688,-27.093],[-50.69,-27.083],[-50.674,-27.079],[-50.671,-27.085],[-50.66,-27.087],[-50.658,-27.085],[-50.652,-27.079],[-50.656,-27.072],[-50.641,-27.07],[-50.647,-27.061],[-50.641,-27.057],[-50.623,-27.052],[-50.627,-27.055],[-50.627,-27.061],[-50.611,-27.064],[-50.604,-27.057],[-50.598,-27.051]]]}},{"type":"Feature","properties":{"id":"4204905","nome":"Descanso"},"geometry":{"type":"Polygon","coordinates":[[[-53.389,-26.77],[-53.384,-26.784],[-53.378,-26.779],[-53.375,-26.781],[-53.378,-26.792],[-53.391,-26.786],[-53.397,-26.794],[-53.395,-26.806],[-53.409,-26.808],[-53.416,-26.803],[-53.419,-26.806],[-53.404,-26.822],[-53.383,-26.82],[-53.378,-26.823],[-53.386,-26.837],[-53.383,-26.848],[-53.407,-26.848],[-53.412,-26.855],[-53.415,-26.864],[-53.402,-26.874],[-53.406,-26.881],[-53.408,-26.888],[-53.423,-26.888],[-53.421,-26.893],[-53.405,-26.902],[-53.41,-26.925],[-53.398,-26.928],[-53.39,-26.934],[-53.395,-26.941],[-53.409,-26.941],[-53.41,-26.95],[-53.418,-26.947],[-53.425,-26.945],[-53.423,-26.939],[-53.432,-26.939],[-53.48,-26.942],[-53.499,-26.936],[-53.513,-26.936],[-53.531,-26.944],[-53.535,-26.944],[-53.54,-26.935],[-53.552,-26.93],[-53.555,-26.924],[-53.561,-26.925],[-53.561,-26.919],[-53.576,-26.897],[-53.575,-26.896],[-53.55,-26.889],[-53.555,-26.888],[-53.553,-26.884],[-53.556,-26.883],[-53.556,-26.88],[-53.552,-26.878],[-53.55,-26.872],[-53.557,-26.874],[-53.557,-26.863],[-53.563,-26.864],[-53.565,-26.86],[-53.564,-26.855],[-53.557,-26.861],[-53.554,-26.859],[-53.557,-26.855],[-53.553,-26.854],[-53.551,-26.847],[-53.555,-26.843],[-53.552,-26.839],[-53.548,-26.841],[-53.545,-26.834],[-53.555,-26.831],[-53.606,-26.818],[-53.604,-26.805],[-53.593,-26.808],[-53.594,-26.803],[-53.587,-26.802],[-53.552,-26.801],[-53.511,-26.801],[-53.506,-26.8],[-53.508,-26.792],[-53.504,-26.784],[-53.504,-26.781],[-53.505,-26.776],[-53.505,-26.775],[-53.43,-26.772],[-53.389,-26.77]]]}},{"type":"Feature","properties":{"id":"4205001","nome":"Dion\u00edsio Cerqueira"},"geometry":{"type":"Polygon","coordinates":[[[-53.375,-26.242],[-53.364,-26.251],[-53.356,-26.249],[-53.35,-26.255],[-53.345,-26.246],[-53.34,-26.255],[-53.342,-26.267],[-53.342,-26.278],[-53.343,-26.286],[-53.342,-26.296],[-53.351,-26.301],[-53.35,-26.303],[-53.349,-26.307],[-53.354,-26.306],[-53.358,-26.31],[-53.358,-26.317],[-53.365,-26.317],[-53.363,-26.326],[-53.372,-26.332],[-53.366,-26.334],[-53.367,-26.337],[-53.369,-26.339],[-53.375,-26.336],[-53.375,-26.34],[-53.369,-26.341],[-53.372,-26.345],[-53.378,-26.345],[-53.38,-26.352],[-53.385,-26.352],[-53.386,-26.355],[-53.39,-26.353],[-53.393,-26.359],[-53.395,-26.365],[-53.437,-26.368],[-53.475,-26.37],[-53.508,-26.372],[-53.529,-26.373],[-53.562,-26.377],[-53.562,-26.38],[-53.565,-26.379],[-53.561,-26.384],[-53.564,-26.385],[-53.566,-26.394],[-53.575,-26.393],[-53.573,-26.402],[-53.58,-26.402],[-53.575,-26.409],[-53.585,-26.409],[-53.582,-26.413],[-53.582,-26.416],[-53.586,-26.414],[-53.591,-26.406],[-53.601,-26.376],[-53.618,-26.376],[-53.632,-26.396],[-53.637,-26.398],[-53.645,-26.405],[-53.648,-26.41],[-53.652,-26.407],[-53.657,-26.408],[-53.654,-26.41],[-53.657,-26.419],[-53.665,-26.412],[-53.67,-26.414],[-53.665,-26.418],[-53.666,-26.425],[-53.68,-26.415],[-53.682,-26.428],[-53.687,-26.428],[-53.692,-26.43],[-53.697,-26.415],[-53.705,-26.414],[-53.705,-26.409],[-53.7,-26.409],[-53.696,-26.402],[-53.706,-26.395],[-53.709,-26.387],[-53.7,-26.387],[-53.697,-26.379],[-53.7,-26.373],[-53.699,-26.363],[-53.689,-26.359],[-53.695,-26.355],[-53.689,-26.354],[-53.684,-26.336],[-53.676,-26.335],[-53.677,-26.331],[-53.67,-26.33],[-53.673,-26.324],[-53.669,-26.325],[-53.669,-26.319],[-53.665,-26.317],[-53.656,-26.297],[-53.644,-26.283],[-53.641,-26.26],[-53.643,-26.253],[-53.625,-26.26],[-53.62,-26.257],[-53.604,-26.259],[-53.586,-26.256],[-53.58,-26.274],[-53.57,-26.275],[-53.554,-26.287],[-53.55,-26.293],[-53.543,-26.291],[-53.522,-26.292],[-53.497,-26.302],[-53.481,-26.296],[-53.477,-26.292],[-53.474,-26.289],[-53.464,-26.294],[-53.461,-26.295],[-53.445,-26.285],[-53.441,-26.281],[-53.431,-26.279],[-53.422,-26.276],[-53.385,-26.246],[-53.38,-26.249],[-53.375,-26.242]]]}},{"type":"Feature","properties":{"id":"4205100","nome":"Dona Emma"},"geometry":{"type":"Polygon","coordinates":[[[-49.681,-26.953],[-49.681,-26.965],[-49.685,-26.968],[-49.682,-26.978],[-49.686,-26.986],[-49.677,-26.987],[-49.675,-26.998],[-49.681,-27.002],[-49.692,-26.993],[-49.707,-27.021],[-49.703,-27.025],[-49.686,-27.017],[-49.665,-27.018],[-49.661,-27.025],[-49.666,-27.027],[-49.665,-27.034],[-49.671,-27.033],[-49.675,-27.035],[-49.682,-27.03],[-49.689,-27.032],[-49.695,-27.041],[-49.711,-27.041],[-49.72,-27.037],[-49.722,-27.031],[-49.728,-27.039],[-49.736,-27.029],[-49.74,-27.034],[-49.737,-27.034],[-49.731,-27.051],[-49.722,-27.057],[-49.727,-27.059],[-49.752,-27.049],[-49.752,-27.045],[-49.755,-27.046],[-49.762,-27.038],[-49.763,-27.031],[-49.769,-27.032],[-49.773,-27.02],[-49.777,-27.025],[-49.803,-27.015],[-49.808,-27.017],[-49.82,-27.014],[-49.826,-27.013],[-49.847,-27.012],[-49.846,-27.023],[-49.868,-27.025],[-49.876,-27.022],[-49.871,-27.001],[-49.896,-26.997],[-49.898,-26.993],[-49.915,-26.994],[-49.91,-26.986],[-49.912,-26.969],[-49.91,-26.962],[-49.908,-26.965],[-49.903,-26.961],[-49.9,-26.969],[-49.898,-26.961],[-49.892,-26.961],[-49.887,-26.972],[-49.89,-26.977],[-49.88,-26.984],[-49.885,-26.96],[-49.882,-26.953],[-49.88,-26.956],[-49.872,-26.949],[-49.87,-26.951],[-49.867,-26.967],[-49.861,-26.973],[-49.86,-26.948],[-49.855,-26.951],[-49.847,-26.947],[-49.844,-26.953],[-49.847,-26.959],[-49.839,-26.96],[-49.838,-26.946],[-49.832,-26.948],[-49.828,-26.943],[-49.824,-26.946],[-49.814,-26.943],[-49.817,-26.951],[-49.822,-26.953],[-49.802,-26.959],[-49.803,-26.952],[-49.791,-26.94],[-49.787,-26.942],[-49.794,-26.955],[-49.791,-26.954],[-49.789,-26.957],[-49.783,-26.96],[-49.771,-26.952],[-49.77,-26.958],[-49.775,-26.962],[-49.764,-26.966],[-49.757,-26.958],[-49.753,-26.96],[-49.746,-26.956],[-49.741,-26.959],[-49.729,-26.959],[-49.722,-26.947],[-49.714,-26.938],[-49.709,-26.918],[-49.682,-26.912],[-49.688,-26.922],[-49.691,-26.925],[-49.696,-26.929],[-49.689,-26.935],[-49.689,-26.946],[-49.681,-26.953]]]}},{"type":"Feature","properties":{"id":"4205159","nome":"Doutor Pedrinho"},"geometry":{"type":"Polygon","coordinates":[[[-49.503,-26.652],[-49.496,-26.661],[-49.489,-26.66],[-49.488,-26.661],[-49.481,-26.673],[-49.471,-26.677],[-49.474,-26.697],[-49.465,-26.706],[-49.456,-26.708],[-49.449,-26.714],[-49.452,-26.723],[-49.449,-26.73],[-49.45,-26.749],[-49.45,-26.751],[-49.451,-26.757],[-49.446,-26.758],[-49.449,-26.761],[-49.453,-26.765],[-49.469,-26.767],[-49.471,-26.773],[-49.486,-26.779],[-49.493,-26.791],[-49.506,-26.789],[-49.519,-26.798],[-49.516,-26.809],[-49.524,-26.815],[-49.521,-26.823],[-49.533,-26.829],[-49.533,-26.841],[-49.53,-26.845],[-49.534,-26.849],[-49.539,-26.854],[-49.55,-26.856],[-49.552,-26.853],[-49.554,-26.841],[-49.562,-26.824],[-49.56,-26.814],[-49.565,-26.802],[-49.563,-26.785],[-49.571,-26.781],[-49.578,-26.776],[-49.607,-26.784],[-49.62,-26.784],[-49.621,-26.778],[-49.644,-26.779],[-49.645,-26.769],[-49.652,-26.762],[-49.656,-26.752],[-49.659,-26.748],[-49.658,-26.741],[-49.665,-26.741],[-49.67,-26.736],[-49.681,-26.702],[-49.674,-26.7],[-49.665,-26.692],[-49.653,-26.692],[-49.652,-26.689],[-49.645,-26.693],[-49.641,-26.691],[-49.623,-26.703],[-49.616,-26.7],[-49.616,-26.679],[-49.623,-26.663],[-49.621,-26.65],[-49.616,-26.638],[-49.604,-26.635],[-49.594,-26.627],[-49.586,-26.623],[-49.585,-26.608],[-49.579,-26.595],[-49.582,-26.582],[-49.565,-26.565],[-49.536,-26.564],[-49.527,-26.566],[-49.522,-26.572],[-49.509,-26.577],[-49.509,-26.591],[-49.506,-26.599],[-49.495,-26.605],[-49.485,-26.611],[-49.496,-26.625],[-49.499,-26.639],[-49.496,-26.643],[-49.503,-26.652]]]}},{"type":"Feature","properties":{"id":"4205175","nome":"Entre Rios"},"geometry":{"type":"Polygon","coordinates":[[[-52.58,-26.669],[-52.579,-26.679],[-52.563,-26.672],[-52.559,-26.68],[-52.553,-26.687],[-52.546,-26.703],[-52.534,-26.711],[-52.534,-26.728],[-52.534,-26.73],[-52.534,-26.808],[-52.551,-26.801],[-52.55,-26.795],[-52.565,-26.792],[-52.573,-26.798],[-52.58,-26.795],[-52.585,-26.801],[-52.591,-26.798],[-52.602,-26.79],[-52.612,-26.772],[-52.611,-26.769],[-52.603,-26.768],[-52.602,-26.763],[-52.623,-26.771],[-52.639,-26.764],[-52.63,-26.754],[-52.64,-26.754],[-52.647,-26.749],[-52.644,-26.744],[-52.628,-26.742],[-52.637,-26.729],[-52.625,-26.731],[-52.62,-26.726],[-52.615,-26.723],[-52.596,-26.723],[-52.599,-26.708],[-52.601,-26.701],[-52.611,-26.704],[-52.618,-26.7],[-52.608,-26.688],[-52.607,-26.675],[-52.606,-26.67],[-52.602,-26.666],[-52.595,-26.669],[-52.591,-26.679],[-52.585,-26.669],[-52.585,-26.664],[-52.581,-26.666],[-52.58,-26.669]]]}},{"type":"Feature","properties":{"id":"4205191","nome":"Ermo"},"geometry":{"type":"Polygon","coordinates":[[[-49.627,-28.955],[-49.62,-28.955],[-49.614,-28.95],[-49.607,-28.951],[-49.6,-28.975],[-49.583,-28.982],[-49.592,-28.99],[-49.619,-29.013],[-49.623,-29.017],[-49.688,-29.02],[-49.693,-29.02],[-49.698,-29.02],[-49.717,-29.005],[-49.725,-29.003],[-49.708,-28.971],[-49.706,-28.968],[-49.697,-28.965],[-49.671,-28.98],[-49.66,-28.981],[-49.654,-28.982],[-49.649,-28.972],[-49.639,-28.972],[-49.648,-28.959],[-49.635,-28.948],[-49.627,-28.955]]]}},{"type":"Feature","properties":{"id":"4205209","nome":"Erval Velho"},"geometry":{"type":"Polygon","coordinates":[[[-51.458,-27.224],[-51.452,-27.237],[-51.434,-27.242],[-51.424,-27.239],[-51.417,-27.232],[-51.407,-27.233],[-51.397,-27.243],[-51.364,-27.247],[-51.342,-27.257],[-51.34,-27.261],[-51.335,-27.264],[-51.327,-27.26],[-51.31,-27.272],[-51.309,-27.281],[-51.3,-27.291],[-51.306,-27.297],[-51.304,-27.307],[-51.316,-27.315],[-51.298,-27.325],[-51.296,-27.318],[-51.288,-27.323],[-51.299,-27.331],[-51.312,-27.33],[-51.308,-27.341],[-51.323,-27.337],[-51.319,-27.346],[-51.325,-27.346],[-51.333,-27.336],[-51.324,-27.334],[-51.325,-27.33],[-51.339,-27.326],[-51.343,-27.332],[-51.355,-27.324],[-51.356,-27.33],[-51.361,-27.334],[-51.356,-27.34],[-51.366,-27.337],[-51.373,-27.343],[-51.374,-27.34],[-51.367,-27.333],[-51.376,-27.331],[-51.376,-27.327],[-51.371,-27.323],[-51.385,-27.325],[-51.383,-27.319],[-51.389,-27.315],[-51.389,-27.332],[-51.393,-27.328],[-51.398,-27.329],[-51.406,-27.325],[-51.411,-27.329],[-51.417,-27.322],[-51.414,-27.315],[-51.421,-27.312],[-51.425,-27.312],[-51.425,-27.319],[-51.437,-27.315],[-51.434,-27.323],[-51.438,-27.327],[-51.442,-27.326],[-51.441,-27.322],[-51.444,-27.32],[-51.459,-27.343],[-51.468,-27.333],[-51.486,-27.328],[-51.484,-27.323],[-51.487,-27.32],[-51.487,-27.309],[-51.498,-27.306],[-51.501,-27.312],[-51.51,-27.309],[-51.514,-27.316],[-51.533,-27.315],[-51.522,-27.302],[-51.532,-27.3],[-51.529,-27.294],[-51.537,-27.282],[-51.527,-27.281],[-51.523,-27.278],[-51.523,-27.271],[-51.528,-27.27],[-51.553,-27.268],[-51.553,-27.262],[-51.546,-27.264],[-51.541,-27.265],[-51.538,-27.258],[-51.528,-27.252],[-51.531,-27.244],[-51.516,-27.237],[-51.496,-27.233],[-51.487,-27.233],[-51.477,-27.237],[-51.476,-27.232],[-51.475,-27.226],[-51.465,-27.221],[-51.458,-27.224]]]}},{"type":"Feature","properties":{"id":"4205308","nome":"Faxinal dos Guedes"},"geometry":{"type":"Polygon","coordinates":[[[-52.166,-26.726],[-52.152,-26.727],[-52.139,-26.722],[-52.133,-26.727],[-52.123,-26.725],[-52.146,-26.761],[-52.153,-26.783],[-52.158,-26.782],[-52.168,-26.778],[-52.181,-26.79],[-52.178,-26.792],[-52.199,-26.794],[-52.196,-26.799],[-52.19,-26.81],[-52.189,-26.824],[-52.184,-26.827],[-52.198,-26.843],[-52.195,-26.846],[-52.205,-26.867],[-52.193,-26.877],[-52.181,-26.881],[-52.163,-26.895],[-52.159,-26.918],[-52.154,-26.926],[-52.156,-26.942],[-52.153,-26.949],[-52.164,-26.95],[-52.171,-26.946],[-52.176,-26.957],[-52.182,-26.95],[-52.185,-26.95],[-52.185,-26.957],[-52.189,-26.96],[-52.203,-26.954],[-52.209,-26.957],[-52.213,-26.949],[-52.221,-26.959],[-52.22,-26.947],[-52.234,-26.948],[-52.242,-26.954],[-52.243,-26.946],[-52.25,-26.942],[-52.254,-26.939],[-52.261,-26.94],[-52.265,-26.945],[-52.26,-26.947],[-52.266,-26.96],[-52.281,-26.947],[-52.287,-26.95],[-52.286,-26.959],[-52.297,-26.962],[-52.3,-26.96],[-52.299,-26.956],[-52.309,-26.954],[-52.313,-26.96],[-52.312,-26.975],[-52.315,-26.976],[-52.33,-26.965],[-52.34,-26.965],[-52.34,-26.957],[-52.336,-26.952],[-52.338,-26.945],[-52.328,-26.946],[-52.321,-26.943],[-52.314,-26.932],[-52.316,-26.921],[-52.31,-26.912],[-52.308,-26.901],[-52.294,-26.887],[-52.311,-26.87],[-52.314,-26.866],[-52.307,-26.846],[-52.322,-26.833],[-52.327,-26.82],[-52.325,-26.817],[-52.329,-26.815],[-52.326,-26.812],[-52.33,-26.809],[-52.337,-26.809],[-52.339,-26.795],[-52.345,-26.789],[-52.354,-26.787],[-52.355,-26.785],[-52.36,-26.776],[-52.36,-26.767],[-52.366,-26.766],[-52.362,-26.759],[-52.354,-26.762],[-52.349,-26.756],[-52.343,-26.758],[-52.335,-26.762],[-52.329,-26.756],[-52.315,-26.754],[-52.318,-26.773],[-52.309,-26.78],[-52.304,-26.773],[-52.305,-26.764],[-52.299,-26.763],[-52.292,-26.764],[-52.29,-26.769],[-52.281,-26.774],[-52.276,-26.774],[-52.273,-26.77],[-52.278,-26.759],[-52.266,-26.76],[-52.266,-26.754],[-52.263,-26.752],[-52.257,-26.755],[-52.257,-26.762],[-52.254,-26.764],[-52.234,-26.76],[-52.229,-26.761],[-52.226,-26.769],[-52.23,-26.773],[-52.227,-26.778],[-52.221,-26.767],[-52.214,-26.769],[-52.206,-26.763],[-52.21,-26.742],[-52.19,-26.73],[-52.185,-26.713],[-52.166,-26.726]]]}},{"type":"Feature","properties":{"id":"4205357","nome":"Flor do Sert\u00e3o"},"geometry":{"type":"Polygon","coordinates":[[[-53.304,-26.719],[-53.303,-26.73],[-53.295,-26.726],[-53.285,-26.734],[-53.292,-26.737],[-53.291,-26.742],[-53.288,-26.745],[-53.292,-26.75],[-53.298,-26.748],[-53.297,-26.754],[-53.305,-26.765],[-53.297,-26.768],[-53.295,-26.783],[-53.31,-26.787],[-53.32,-26.793],[-53.337,-26.786],[-53.337,-26.788],[-53.336,-26.793],[-53.344,-26.798],[-53.378,-26.801],[-53.39,-26.808],[-53.395,-26.806],[-53.397,-26.794],[-53.391,-26.786],[-53.378,-26.792],[-53.375,-26.781],[-53.378,-26.779],[-53.384,-26.784],[-53.389,-26.77],[-53.387,-26.764],[-53.371,-26.766],[-53.364,-26.764],[-53.362,-26.765],[-53.358,-26.761],[-53.365,-26.748],[-53.349,-26.753],[-53.354,-26.746],[-53.352,-26.729],[-53.349,-26.736],[-53.338,-26.738],[-53.327,-26.745],[-53.334,-26.735],[-53.324,-26.733],[-53.343,-26.721],[-53.343,-26.718],[-53.335,-26.711],[-53.338,-26.718],[-53.331,-26.72],[-53.325,-26.701],[-53.316,-26.709],[-53.317,-26.716],[-53.304,-26.719]]]}},{"type":"Feature","properties":{"id":"4205407","nome":"Florian\u00f3polis"},"geometry":{"type":"Polygon","coordinates":[[[-48.389,-27.437],[-48.371,-27.445],[-48.365,-27.433],[-48.358,-27.441],[-48.359,-27.448],[-48.37,-27.451],[-48.375,-27.466],[-48.375,-27.469],[-48.375,-27.482],[-48.388,-27.488],[-48.416,-27.524],[-48.425,-27.542],[-48.429,-27.565],[-48.427,-27.569],[-48.423,-27.575],[-48.422,-27.573],[-48.42,-27.574],[-48.413,-27.573],[-48.419,-27.583],[-48.419,-27.593],[-48.427,-27.594],[-48.433,-27.604],[-48.435,-27.607],[-48.432,-27.617],[-48.439,-27.618],[-48.445,-27.625],[-48.446,-27.63],[-48.449,-27.63],[-48.464,-27.647],[-48.475,-27.665],[-48.481,-27.691],[-48.501,-27.714],[-48.502,-27.719],[-48.506,-27.737],[-48.506,-27.745],[-48.501,-27.75],[-48.498,-27.747],[-48.5,-27.752],[-48.495,-27.756],[-48.488,-27.754],[-48.485,-27.759],[-48.477,-27.762],[-48.475,-27.769],[-48.482,-27.769],[-48.485,-27.772],[-48.487,-27.778],[-48.483,-27.784],[-48.488,-27.79],[-48.499,-27.794],[-48.507,-27.79],[-48.507,-27.782],[-48.516,-27.781],[-48.526,-27.786],[-48.532,-27.794],[-48.54,-27.82],[-48.544,-27.83],[-48.568,-27.847],[-48.575,-27.842],[-48.578,-27.822],[-48.582,-27.815],[-48.593,-27.807],[-48.591,-27.787],[-48.601,-27.777],[-48.593,-27.768],[-48.596,-27.759],[-48.588,-27.751],[-48.6,-27.726],[-48.599,-27.698],[-48.601,-27.685],[-48.605,-27.673],[-48.601,-27.661],[-48.594,-27.641],[-48.61,-27.627],[-48.613,-27.614],[-48.606,-27.601],[-48.606,-27.588],[-48.6,-27.573],[-48.572,-27.551],[-48.568,-27.545],[-48.577,-27.531],[-48.574,-27.517],[-48.588,-27.493],[-48.59,-27.485],[-48.581,-27.466],[-48.587,-27.454],[-48.585,-27.454],[-48.541,-27.436],[-48.532,-27.427],[-48.526,-27.408],[-48.483,-27.379],[-48.426,-27.381],[-48.421,-27.381],[-48.416,-27.381],[-48.41,-27.385],[-48.411,-27.392],[-48.409,-27.406],[-48.404,-27.406],[-48.402,-27.413],[-48.399,-27.425],[-48.389,-27.437]]]}},{"type":"Feature","properties":{"id":"4205431","nome":"Formosa do Sul"},"geometry":{"type":"Polygon","coordinates":[[[-52.728,-26.629],[-52.727,-26.637],[-52.731,-26.635],[-52.742,-26.638],[-52.744,-26.658],[-52.75,-26.659],[-52.752,-26.671],[-52.757,-26.677],[-52.777,-26.672],[-52.799,-26.684],[-52.804,-26.685],[-52.818,-26.68],[-52.832,-26.681],[-52.842,-26.672],[-52.847,-26.669],[-52.845,-26.668],[-52.854,-26.655],[-52.852,-26.645],[-52.846,-26.639],[-52.848,-26.634],[-52.834,-26.631],[-52.838,-26.621],[-52.85,-26.617],[-52.852,-26.613],[-52.84,-26.606],[-52.839,-26.593],[-52.803,-26.591],[-52.79,-26.59],[-52.755,-26.587],[-52.75,-26.595],[-52.737,-26.615],[-52.735,-26.62],[-52.728,-26.622],[-52.728,-26.629]]]}},{"type":"Feature","properties":{"id":"4205456","nome":"Forquilhinha"},"geometry":{"type":"Polygon","coordinates":[[[-49.421,-28.719],[-49.41,-28.728],[-49.412,-28.733],[-49.407,-28.736],[-49.41,-28.74],[-49.409,-28.743],[-49.412,-28.742],[-49.414,-28.749],[-49.421,-28.751],[-49.425,-28.749],[-49.423,-28.754],[-49.428,-28.753],[-49.427,-28.755],[-49.433,-28.754],[-49.431,-28.756],[-49.434,-28.757],[-49.43,-28.76],[-49.436,-28.768],[-49.428,-28.776],[-49.429,-28.782],[-49.42,-28.786],[-49.423,-28.793],[-49.417,-28.793],[-49.421,-28.8],[-49.422,-28.809],[-49.425,-28.814],[-49.428,-28.819],[-49.432,-28.818],[-49.433,-28.826],[-49.44,-28.825],[-49.448,-28.829],[-49.446,-28.84],[-49.453,-28.843],[-49.456,-28.845],[-49.459,-28.845],[-49.476,-28.843],[-49.484,-28.845],[-49.484,-28.848],[-49.49,-28.844],[-49.489,-28.849],[-49.5,-28.851],[-49.507,-28.848],[-49.508,-28.856],[-49.516,-28.853],[-49.517,-28.858],[-49.519,-28.851],[-49.525,-28.853],[-49.523,-28.851],[-49.526,-28.848],[-49.525,-28.84],[-49.531,-28.842],[-49.531,-28.834],[-49.535,-28.835],[-49.534,-28.831],[-49.545,-28.828],[-49.547,-28.825],[-49.552,-28.822],[-49.552,-28.817],[-49.556,-28.816],[-49.558,-28.818],[-49.56,-28.812],[-49.573,-28.804],[-49.596,-28.802],[-49.595,-28.776],[-49.587,-28.776],[-49.587,-28.763],[-49.572,-28.763],[-49.571,-28.75],[-49.568,-28.751],[-49.527,-28.751],[-49.515,-28.738],[-49.512,-28.722],[-49.507,-28.722],[-49.488,-28.721],[-49.489,-28.718],[-49.481,-28.717],[-49.476,-28.722],[-49.476,-28.713],[-49.456,-28.713],[-49.454,-28.713],[-49.423,-28.713],[-49.421,-28.714],[-49.421,-28.719]]]}},{"type":"Feature","properties":{"id":"4205506","nome":"Fraiburgo"},"geometry":{"type":"Polygon","coordinates":[[[-50.834,-26.965],[-50.822,-26.977],[-50.825,-26.989],[-50.814,-26.99],[-50.814,-26.996],[-50.798,-26.997],[-50.803,-27.008],[-50.802,-27.012],[-50.796,-27.012],[-50.789,-27.007],[-50.791,-27.002],[-50.782,-27.003],[-50.784,-26.998],[-50.777,-26.999],[-50.78,-26.991],[-50.765,-26.997],[-50.765,-26.988],[-50.76,-26.993],[-50.76,-27.002],[-50.751,-26.998],[-50.745,-26.999],[-50.748,-27.005],[-50.75,-27.008],[-50.747,-27.013],[-50.738,-27.016],[-50.733,-27.017],[-50.735,-27.024],[-50.748,-27.026],[-50.75,-27.03],[-50.731,-27.034],[-50.731,-27.046],[-50.724,-27.051],[-50.725,-27.055],[-50.721,-27.059],[-50.723,-27.061],[-50.732,-27.056],[-50.728,-27.062],[-50.733,-27.061],[-50.734,-27.066],[-50.724,-27.079],[-50.713,-27.083],[-50.712,-27.086],[-50.713,-27.09],[-50.722,-27.091],[-50.72,-27.097],[-50.708,-27.1],[-50.717,-27.103],[-50.719,-27.108],[-50.707,-27.116],[-50.707,-27.123],[-50.716,-27.132],[-50.71,-27.134],[-50.696,-27.131],[-50.699,-27.136],[-50.717,-27.137],[-50.724,-27.135],[-50.735,-27.12],[-50.754,-27.123],[-50.762,-27.119],[-50.786,-27.118],[-50.827,-27.159],[-50.824,-27.17],[-50.837,-27.183],[-50.843,-27.183],[-50.841,-27.176],[-50.846,-27.172],[-50.841,-27.169],[-50.844,-27.167],[-50.841,-27.163],[-50.854,-27.153],[-50.865,-27.155],[-50.873,-27.149],[-50.875,-27.132],[-50.881,-27.126],[-50.901,-27.125],[-50.923,-27.119],[-50.928,-27.12],[-50.931,-27.118],[-50.932,-27.118],[-50.945,-27.121],[-50.958,-27.132],[-50.986,-27.131],[-50.998,-27.137],[-51.002,-27.124],[-51.009,-27.118],[-51.013,-27.113],[-50.993,-27.108],[-50.996,-27.102],[-50.993,-27.098],[-50.987,-27.1],[-50.984,-27.097],[-50.987,-27.094],[-50.984,-27.089],[-50.978,-27.089],[-50.977,-27.086],[-50.971,-27.077],[-50.972,-27.062],[-50.969,-27.053],[-50.97,-27.041],[-50.978,-27.035],[-51.004,-27.036],[-51.016,-27.013],[-51.015,-27.004],[-51.017,-27.003],[-51.019,-27.0],[-51.026,-26.997],[-51.028,-26.991],[-51.035,-26.989],[-51.042,-26.991],[-51.046,-26.988],[-51.05,-26.981],[-51.038,-26.98],[-51.036,-26.972],[-51.031,-26.972],[-51.026,-26.979],[-51.003,-26.982],[-51.005,-26.978],[-50.985,-26.979],[-50.981,-26.972],[-50.991,-26.961],[-50.986,-26.959],[-50.847,-26.872],[-50.84,-26.875],[-50.843,-26.895],[-50.839,-26.905],[-50.848,-26.92],[-50.846,-26.925],[-50.846,-26.926],[-50.844,-26.934],[-50.834,-26.94],[-50.834,-26.965]]]}},{"type":"Feature","properties":{"id":"4205555","nome":"Frei Rog\u00e9rio"},"geometry":{"type":"Polygon","coordinates":[[[-50.762,-27.119],[-50.754,-27.123],[-50.735,-27.12],[-50.724,-27.135],[-50.717,-27.137],[-50.699,-27.136],[-50.71,-27.146],[-50.699,-27.153],[-50.681,-27.156],[-50.702,-27.189],[-50.706,-27.186],[-50.716,-27.189],[-50.73,-27.201],[-50.723,-27.221],[-50.736,-27.224],[-50.742,-27.225],[-50.738,-27.23],[-50.728,-27.254],[-50.749,-27.248],[-50.759,-27.257],[-50.759,-27.263],[-50.755,-27.27],[-50.738,-27.27],[-50.732,-27.277],[-50.743,-27.286],[-50.76,-27.277],[-50.769,-27.281],[-50.767,-27.306],[-50.772,-27.305],[-50.773,-27.298],[-50.78,-27.293],[-50.775,-27.287],[-50.781,-27.278],[-50.777,-27.268],[-50.794,-27.267],[-50.799,-27.262],[-50.799,-27.259],[-50.789,-27.254],[-50.787,-27.251],[-50.797,-27.246],[-50.797,-27.24],[-50.811,-27.237],[-50.809,-27.229],[-50.821,-27.229],[-50.822,-27.217],[-50.818,-27.214],[-50.818,-27.206],[-50.826,-27.2],[-50.826,-27.191],[-50.834,-27.188],[-50.837,-27.183],[-50.824,-27.17],[-50.827,-27.159],[-50.786,-27.118],[-50.762,-27.119]]]}},{"type":"Feature","properties":{"id":"4205605","nome":"Galv\u00e3o"},"geometry":{"type":"Polygon","coordinates":[[[-52.611,-26.411],[-52.602,-26.415],[-52.612,-26.428],[-52.608,-26.45],[-52.603,-26.454],[-52.603,-26.462],[-52.611,-26.469],[-52.61,-26.474],[-52.612,-26.478],[-52.606,-26.485],[-52.61,-26.491],[-52.622,-26.493],[-52.632,-26.5],[-52.649,-26.494],[-52.649,-26.49],[-52.661,-26.484],[-52.678,-26.484],[-52.694,-26.492],[-52.688,-26.494],[-52.691,-26.498],[-52.685,-26.5],[-52.718,-26.502],[-52.745,-26.504],[-52.756,-26.498],[-52.746,-26.499],[-52.747,-26.491],[-52.737,-26.489],[-52.738,-26.487],[-52.745,-26.485],[-52.74,-26.479],[-52.746,-26.479],[-52.739,-26.469],[-52.743,-26.464],[-52.74,-26.462],[-52.729,-26.46],[-52.724,-26.454],[-52.729,-26.44],[-52.715,-26.435],[-52.706,-26.423],[-52.7,-26.42],[-52.691,-26.423],[-52.688,-26.422],[-52.693,-26.415],[-52.687,-26.409],[-52.672,-26.412],[-52.665,-26.402],[-52.667,-26.395],[-52.644,-26.38],[-52.635,-26.385],[-52.633,-26.391],[-52.621,-26.395],[-52.619,-26.401],[-52.616,-26.407],[-52.611,-26.411]]]}},{"type":"Feature","properties":{"id":"4205704","nome":"Garopaba"},"geometry":{"type":"Polygon","coordinates":[[[-48.619,-27.962],[-48.624,-27.972],[-48.631,-27.994],[-48.63,-28.011],[-48.617,-28.023],[-48.609,-28.016],[-48.598,-28.03],[-48.6,-28.035],[-48.605,-28.034],[-48.61,-28.04],[-48.607,-28.052],[-48.61,-28.062],[-48.617,-28.066],[-48.62,-28.074],[-48.627,-28.075],[-48.628,-28.082],[-48.631,-28.083],[-48.63,-28.09],[-48.637,-28.104],[-48.636,-28.107],[-48.63,-28.108],[-48.634,-28.113],[-48.635,-28.11],[-48.639,-28.114],[-48.667,-28.117],[-48.678,-28.105],[-48.684,-28.104],[-48.701,-28.102],[-48.701,-28.095],[-48.707,-28.092],[-48.702,-28.088],[-48.707,-28.086],[-48.707,-28.083],[-48.704,-28.077],[-48.707,-28.065],[-48.712,-28.06],[-48.722,-28.06],[-48.724,-28.055],[-48.719,-28.053],[-48.719,-28.046],[-48.707,-28.026],[-48.698,-28.021],[-48.696,-28.012],[-48.692,-28.018],[-48.689,-28.019],[-48.682,-28.006],[-48.673,-28.007],[-48.657,-27.988],[-48.66,-27.982],[-48.655,-27.973],[-48.652,-27.969],[-48.65,-27.967],[-48.646,-27.966],[-48.643,-27.968],[-48.636,-27.955],[-48.62,-27.944],[-48.624,-27.958],[-48.619,-27.962]]]}},{"type":"Feature","properties":{"id":"4205803","nome":"Garuva"},"geometry":{"type":"Polygon","coordinates":[[[-48.71,-25.983],[-48.709,-25.983],[-48.68,-25.981],[-48.684,-25.99],[-48.695,-25.998],[-48.701,-25.996],[-48.705,-26.004],[-48.713,-26.007],[-48.711,-26.012],[-48.715,-26.015],[-48.71,-26.022],[-48.719,-26.029],[-48.716,-26.035],[-48.718,-26.044],[-48.708,-26.048],[-48.704,-26.054],[-48.709,-26.069],[-48.696,-26.082],[-48.702,-26.09],[-48.715,-26.093],[-48.725,-26.106],[-48.731,-26.107],[-48.745,-26.116],[-48.743,-26.128],[-48.75,-26.131],[-48.762,-26.139],[-48.768,-26.138],[-48.775,-26.147],[-48.785,-26.146],[-48.786,-26.145],[-48.796,-26.131],[-48.816,-26.128],[-48.822,-26.12],[-48.828,-26.123],[-48.867,-26.123],[-48.883,-26.124],[-48.884,-26.124],[-48.975,-26.125],[-49.016,-26.118],[-49.043,-26.113],[-49.047,-26.109],[-49.046,-26.088],[-49.057,-26.075],[-49.054,-26.053],[-49.058,-26.047],[-49.052,-26.042],[-49.052,-26.027],[-49.045,-26.023],[-49.038,-26.01],[-49.03,-26.009],[-49.023,-26.016],[-49.01,-26.018],[-48.997,-26.027],[-48.99,-26.024],[-48.976,-26.025],[-48.956,-26.019],[-48.962,-26.004],[-48.956,-25.998],[-48.959,-25.996],[-48.95,-25.99],[-48.96,-25.981],[-48.891,-25.981],[-48.89,-25.981],[-48.882,-25.981],[-48.878,-25.981],[-48.871,-25.981],[-48.819,-25.982],[-48.71,-25.983]]]}},{"type":"Feature","properties":{"id":"4205902","nome":"Gaspar"},"geometry":{"type":"Polygon","coordinates":[[[-49.021,-26.788],[-49.014,-26.789],[-49.006,-26.783],[-49.003,-26.784],[-48.999,-26.787],[-49.001,-26.792],[-49.0,-26.802],[-48.996,-26.806],[-48.986,-26.807],[-48.988,-26.814],[-48.978,-26.82],[-48.984,-26.824],[-48.968,-26.837],[-48.956,-26.835],[-48.946,-26.841],[-48.936,-26.842],[-48.925,-26.858],[-48.914,-26.864],[-48.911,-26.869],[-48.911,-26.873],[-48.902,-26.877],[-48.891,-26.891],[-48.887,-26.894],[-48.883,-26.892],[-48.871,-26.897],[-48.865,-26.901],[-48.865,-26.908],[-48.846,-26.906],[-48.846,-26.909],[-48.851,-26.91],[-48.854,-26.915],[-48.851,-26.93],[-48.844,-26.965],[-48.85,-26.977],[-48.855,-26.991],[-48.866,-27.003],[-48.871,-26.999],[-48.88,-26.998],[-48.883,-27.001],[-48.888,-27.002],[-48.895,-27.011],[-48.909,-27.011],[-48.913,-27.02],[-48.918,-27.02],[-48.926,-27.019],[-48.935,-27.028],[-48.946,-27.028],[-48.958,-27.022],[-48.963,-27.02],[-48.973,-27.029],[-48.986,-27.03],[-48.99,-27.038],[-49.002,-27.034],[-49.018,-27.045],[-49.025,-27.049],[-49.039,-27.044],[-49.058,-27.061],[-49.064,-27.055],[-49.066,-27.041],[-49.055,-27.034],[-49.054,-27.027],[-49.06,-27.016],[-49.055,-27.01],[-49.054,-27.001],[-49.055,-27.001],[-49.056,-26.993],[-49.046,-26.989],[-49.042,-26.985],[-49.042,-26.978],[-49.05,-26.961],[-49.056,-26.954],[-49.054,-26.949],[-49.049,-26.944],[-49.032,-26.936],[-49.028,-26.935],[-49.031,-26.929],[-49.029,-26.922],[-49.019,-26.918],[-49.016,-26.909],[-49.012,-26.907],[-49.013,-26.902],[-49.017,-26.899],[-49.028,-26.89],[-49.042,-26.879],[-49.044,-26.871],[-49.04,-26.862],[-49.042,-26.86],[-49.04,-26.858],[-49.04,-26.856],[-49.042,-26.855],[-49.039,-26.832],[-49.038,-26.831],[-49.039,-26.827],[-49.048,-26.825],[-49.045,-26.814],[-49.053,-26.8],[-49.05,-26.788],[-49.054,-26.782],[-49.046,-26.776],[-49.03,-26.778],[-49.021,-26.788]]]}},{"type":"Feature","properties":{"id":"4206009","nome":"Governador Celso Ramos"},"geometry":{"type":"Polygon","coordinates":[[[-48.54,-27.298],[-48.538,-27.324],[-48.532,-27.333],[-48.524,-27.334],[-48.528,-27.34],[-48.526,-27.343],[-48.534,-27.348],[-48.533,-27.355],[-48.537,-27.357],[-48.531,-27.374],[-48.526,-27.376],[-48.534,-27.383],[-48.532,-27.399],[-48.541,-27.4],[-48.549,-27.411],[-48.542,-27.42],[-48.552,-27.433],[-48.566,-27.443],[-48.575,-27.443],[-48.58,-27.448],[-48.604,-27.441],[-48.606,-27.424],[-48.602,-27.422],[-48.604,-27.408],[-48.598,-27.401],[-48.61,-27.399],[-48.623,-27.391],[-48.632,-27.392],[-48.631,-27.38],[-48.633,-27.372],[-48.634,-27.371],[-48.633,-27.345],[-48.628,-27.339],[-48.627,-27.324],[-48.596,-27.316],[-48.586,-27.32],[-48.581,-27.312],[-48.573,-27.314],[-48.569,-27.308],[-48.565,-27.308],[-48.564,-27.314],[-48.559,-27.312],[-48.554,-27.313],[-48.553,-27.304],[-48.548,-27.305],[-48.544,-27.298],[-48.54,-27.298]]]}},{"type":"Feature","properties":{"id":"4206108","nome":"Gr\u00e3o Par\u00e1"},"geometry":{"type":"Polygon","coordinates":[[[-49.324,-27.983],[-49.33,-27.994],[-49.33,-27.998],[-49.334,-27.994],[-49.341,-28.007],[-49.341,-28.026],[-49.332,-28.034],[-49.326,-28.045],[-49.308,-28.056],[-49.3,-28.091],[-49.297,-28.103],[-49.291,-28.109],[-49.277,-28.11],[-49.269,-28.111],[-49.255,-28.127],[-49.252,-28.136],[-49.249,-28.137],[-49.251,-28.149],[-49.247,-28.153],[-49.243,-28.158],[-49.235,-28.156],[-49.225,-28.16],[-49.217,-28.163],[-49.2,-28.154],[-49.192,-28.164],[-49.19,-28.18],[-49.201,-28.197],[-49.194,-28.204],[-49.199,-28.227],[-49.175,-28.254],[-49.175,-28.262],[-49.182,-28.264],[-49.183,-28.256],[-49.183,-28.251],[-49.194,-28.254],[-49.209,-28.24],[-49.221,-28.239],[-49.224,-28.236],[-49.252,-28.243],[-49.257,-28.24],[-49.262,-28.245],[-49.267,-28.243],[-49.275,-28.247],[-49.275,-28.248],[-49.278,-28.245],[-49.295,-28.253],[-49.304,-28.251],[-49.31,-28.245],[-49.327,-28.239],[-49.348,-28.239],[-49.354,-28.232],[-49.356,-28.226],[-49.367,-28.225],[-49.369,-28.218],[-49.392,-28.195],[-49.395,-28.195],[-49.398,-28.189],[-49.398,-28.18],[-49.393,-28.175],[-49.398,-28.158],[-49.405,-28.153],[-49.417,-28.148],[-49.43,-28.15],[-49.433,-28.144],[-49.434,-28.136],[-49.441,-28.132],[-49.442,-28.127],[-49.433,-28.114],[-49.428,-28.118],[-49.414,-28.113],[-49.394,-28.111],[-49.395,-28.106],[-49.389,-28.1],[-49.399,-28.098],[-49.4,-28.087],[-49.405,-28.088],[-49.404,-28.08],[-49.398,-28.08],[-49.398,-28.073],[-49.394,-28.073],[-49.395,-28.07],[-49.393,-28.067],[-49.389,-28.071],[-49.368,-28.061],[-49.367,-28.053],[-49.372,-28.045],[-49.355,-28.028],[-49.358,-28.02],[-49.348,-28.005],[-49.35,-27.998],[-49.34,-27.987],[-49.324,-27.983]]]}},{"type":"Feature","properties":{"id":"4206207","nome":"Gravatal"},"geometry":{"type":"Polygon","coordinates":[[[-49.062,-28.293],[-49.056,-28.294],[-49.047,-28.287],[-49.044,-28.29],[-49.047,-28.298],[-49.039,-28.303],[-49.023,-28.298],[-49.02,-28.301],[-49.016,-28.304],[-48.999,-28.302],[-48.998,-28.302],[-48.993,-28.298],[-48.986,-28.305],[-48.975,-28.307],[-48.966,-28.319],[-48.954,-28.317],[-48.954,-28.321],[-48.949,-28.341],[-48.944,-28.343],[-48.949,-28.35],[-48.949,-28.36],[-48.936,-28.366],[-48.938,-28.373],[-48.934,-28.381],[-48.938,-28.383],[-48.952,-28.396],[-48.98,-28.422],[-48.987,-28.423],[-49.013,-28.425],[-49.018,-28.421],[-49.024,-28.416],[-49.02,-28.413],[-49.024,-28.404],[-49.023,-28.398],[-49.052,-28.403],[-49.058,-28.401],[-49.06,-28.393],[-49.068,-28.392],[-49.072,-28.397],[-49.075,-28.392],[-49.077,-28.384],[-49.082,-28.383],[-49.082,-28.379],[-49.101,-28.362],[-49.105,-28.359],[-49.105,-28.358],[-49.101,-28.336],[-49.084,-28.326],[-49.083,-28.319],[-49.089,-28.311],[-49.091,-28.3],[-49.079,-28.274],[-49.076,-28.291],[-49.062,-28.293]]]}},{"type":"Feature","properties":{"id":"4206306","nome":"Guabiruba"},"geometry":{"type":"Polygon","coordinates":[[[-48.958,-27.022],[-48.946,-27.028],[-48.935,-27.028],[-48.935,-27.033],[-48.925,-27.046],[-48.93,-27.05],[-48.935,-27.049],[-48.939,-27.054],[-48.936,-27.06],[-48.945,-27.066],[-48.95,-27.069],[-48.952,-27.075],[-48.946,-27.083],[-48.952,-27.087],[-48.95,-27.096],[-48.953,-27.103],[-48.958,-27.111],[-48.971,-27.117],[-48.982,-27.121],[-48.977,-27.135],[-48.978,-27.145],[-48.984,-27.139],[-48.991,-27.146],[-48.999,-27.147],[-49.01,-27.142],[-49.02,-27.144],[-49.015,-27.15],[-49.019,-27.155],[-49.023,-27.154],[-49.017,-27.164],[-49.009,-27.171],[-49.015,-27.175],[-49.025,-27.174],[-49.025,-27.183],[-49.031,-27.195],[-49.027,-27.201],[-49.045,-27.175],[-49.06,-27.166],[-49.066,-27.172],[-49.073,-27.171],[-49.08,-27.174],[-49.093,-27.17],[-49.097,-27.166],[-49.105,-27.138],[-49.139,-27.14],[-49.139,-27.132],[-49.135,-27.131],[-49.13,-27.122],[-49.11,-27.121],[-49.104,-27.115],[-49.096,-27.114],[-49.087,-27.121],[-49.079,-27.12],[-49.067,-27.109],[-49.067,-27.101],[-49.059,-27.098],[-49.061,-27.07],[-49.057,-27.064],[-49.058,-27.061],[-49.039,-27.044],[-49.025,-27.049],[-49.018,-27.045],[-49.002,-27.034],[-48.99,-27.038],[-48.986,-27.03],[-48.973,-27.029],[-48.963,-27.02],[-48.958,-27.022]]]}},{"type":"Feature","properties":{"id":"4206405","nome":"Guaraciaba"},"geometry":{"type":"Polygon","coordinates":[[[-53.682,-26.505],[-53.673,-26.511],[-53.67,-26.505],[-53.656,-26.513],[-53.637,-26.516],[-53.637,-26.525],[-53.619,-26.525],[-53.617,-26.521],[-53.607,-26.52],[-53.607,-26.516],[-53.58,-26.517],[-53.579,-26.521],[-53.583,-26.522],[-53.58,-26.525],[-53.573,-26.524],[-53.563,-26.529],[-53.536,-26.521],[-53.525,-26.523],[-53.516,-26.52],[-53.515,-26.517],[-53.494,-26.517],[-53.471,-26.546],[-53.458,-26.548],[-53.461,-26.553],[-53.451,-26.555],[-53.459,-26.565],[-53.446,-26.563],[-53.431,-26.575],[-53.445,-26.586],[-53.455,-26.583],[-53.454,-26.586],[-53.44,-26.592],[-53.437,-26.585],[-53.43,-26.582],[-53.427,-26.589],[-53.432,-26.594],[-53.436,-26.609],[-53.428,-26.613],[-53.426,-26.605],[-53.412,-26.606],[-53.431,-26.62],[-53.427,-26.626],[-53.446,-26.628],[-53.447,-26.634],[-53.463,-26.638],[-53.474,-26.648],[-53.477,-26.645],[-53.495,-26.661],[-53.499,-26.654],[-53.516,-26.654],[-53.536,-26.646],[-53.552,-26.645],[-53.561,-26.645],[-53.569,-26.655],[-53.578,-26.652],[-53.584,-26.65],[-53.583,-26.652],[-53.588,-26.651],[-53.59,-26.655],[-53.596,-26.654],[-53.597,-26.658],[-53.601,-26.654],[-53.608,-26.658],[-53.615,-26.647],[-53.614,-26.644],[-53.631,-26.629],[-53.629,-26.619],[-53.623,-26.615],[-53.631,-26.612],[-53.641,-26.604],[-53.632,-26.592],[-53.638,-26.588],[-53.646,-26.582],[-53.652,-26.589],[-53.674,-26.579],[-53.685,-26.579],[-53.687,-26.582],[-53.689,-26.586],[-53.7,-26.581],[-53.697,-26.59],[-53.701,-26.59],[-53.713,-26.595],[-53.71,-26.598],[-53.707,-26.595],[-53.704,-26.598],[-53.71,-26.599],[-53.71,-26.606],[-53.716,-26.601],[-53.72,-26.603],[-53.72,-26.597],[-53.726,-26.603],[-53.729,-26.602],[-53.727,-26.593],[-53.731,-26.586],[-53.723,-26.588],[-53.721,-26.562],[-53.708,-26.562],[-53.706,-26.559],[-53.709,-26.556],[-53.718,-26.557],[-53.729,-26.565],[-53.735,-26.566],[-53.735,-26.56],[-53.724,-26.559],[-53.724,-26.554],[-53.726,-26.55],[-53.74,-26.545],[-53.729,-26.539],[-53.723,-26.542],[-53.719,-26.537],[-53.717,-26.535],[-53.717,-26.54],[-53.705,-26.544],[-53.713,-26.531],[-53.71,-26.524],[-53.704,-26.536],[-53.703,-26.53],[-53.7,-26.524],[-53.705,-26.52],[-53.706,-26.513],[-53.697,-26.512],[-53.695,-26.52],[-53.691,-26.516],[-53.693,-26.512],[-53.686,-26.512],[-53.689,-26.506],[-53.686,-26.5],[-53.681,-26.501],[-53.682,-26.505]]]}},{"type":"Feature","properties":{"id":"4206504","nome":"Guaramirim"},"geometry":{"type":"Polygon","coordinates":[[[-48.854,-26.414],[-48.853,-26.423],[-48.839,-26.44],[-48.847,-26.445],[-48.853,-26.44],[-48.858,-26.443],[-48.857,-26.448],[-48.865,-26.444],[-48.866,-26.449],[-48.868,-26.447],[-48.875,-26.45],[-48.875,-26.451],[-48.868,-26.458],[-48.876,-26.461],[-48.881,-26.457],[-48.88,-26.477],[-48.896,-26.477],[-48.905,-26.49],[-48.899,-26.489],[-48.897,-26.492],[-48.901,-26.493],[-48.897,-26.496],[-48.908,-26.497],[-48.9,-26.504],[-48.898,-26.514],[-48.887,-26.514],[-48.884,-26.523],[-48.871,-26.536],[-48.867,-26.535],[-48.864,-26.539],[-48.861,-26.534],[-48.858,-26.54],[-48.849,-26.527],[-48.845,-26.532],[-48.839,-26.526],[-48.832,-26.53],[-48.834,-26.546],[-48.848,-26.543],[-48.855,-26.548],[-48.86,-26.562],[-48.878,-26.563],[-48.88,-26.551],[-48.889,-26.554],[-48.899,-26.542],[-48.923,-26.542],[-48.928,-26.54],[-48.932,-26.544],[-48.942,-26.545],[-48.948,-26.555],[-48.974,-26.57],[-48.977,-26.572],[-48.979,-26.573],[-48.98,-26.573],[-49.003,-26.569],[-49.011,-26.572],[-49.012,-26.572],[-49.016,-26.546],[-49.021,-26.541],[-49.019,-26.533],[-49.045,-26.535],[-49.05,-26.527],[-49.05,-26.515],[-49.04,-26.516],[-49.036,-26.519],[-49.026,-26.515],[-49.023,-26.516],[-49.017,-26.507],[-49.02,-26.501],[-49.022,-26.5],[-49.029,-26.492],[-49.028,-26.488],[-49.015,-26.483],[-49.015,-26.48],[-49.027,-26.478],[-49.036,-26.471],[-49.028,-26.457],[-49.025,-26.455],[-49.023,-26.455],[-49.0,-26.453],[-48.984,-26.456],[-48.986,-26.451],[-48.979,-26.443],[-48.984,-26.438],[-49.009,-26.438],[-49.019,-26.417],[-49.007,-26.399],[-49.003,-26.398],[-49.003,-26.388],[-48.975,-26.394],[-48.959,-26.404],[-48.949,-26.407],[-48.949,-26.412],[-48.938,-26.418],[-48.929,-26.421],[-48.924,-26.415],[-48.919,-26.391],[-48.922,-26.379],[-48.907,-26.373],[-48.889,-26.378],[-48.876,-26.381],[-48.874,-26.392],[-48.854,-26.414]]]}},{"type":"Feature","properties":{"id":"4206603","nome":"Guaruj\u00e1 do Sul"},"geometry":{"type":"Polygon","coordinates":[[[-53.404,-26.379],[-53.395,-26.385],[-53.399,-26.385],[-53.398,-26.39],[-53.402,-26.389],[-53.402,-26.393],[-53.407,-26.39],[-53.405,-26.397],[-53.401,-26.398],[-53.401,-26.407],[-53.406,-26.406],[-53.406,-26.412],[-53.412,-26.412],[-53.412,-26.424],[-53.402,-26.427],[-53.401,-26.431],[-53.412,-26.43],[-53.424,-26.435],[-53.453,-26.422],[-53.456,-26.412],[-53.465,-26.404],[-53.468,-26.422],[-53.471,-26.422],[-53.487,-26.423],[-53.486,-26.427],[-53.49,-26.429],[-53.519,-26.427],[-53.525,-26.432],[-53.54,-26.427],[-53.539,-26.425],[-53.582,-26.413],[-53.585,-26.409],[-53.575,-26.409],[-53.58,-26.402],[-53.573,-26.402],[-53.575,-26.393],[-53.566,-26.394],[-53.564,-26.385],[-53.561,-26.384],[-53.565,-26.379],[-53.562,-26.38],[-53.562,-26.377],[-53.529,-26.373],[-53.508,-26.372],[-53.475,-26.37],[-53.437,-26.368],[-53.395,-26.365],[-53.393,-26.371],[-53.4,-26.371],[-53.404,-26.379]]]}},{"type":"Feature","properties":{"id":"4206652","nome":"Guatamb\u00fa"},"geometry":{"type":"Polygon","coordinates":[[[-52.744,-27.012],[-52.731,-27.02],[-52.723,-27.039],[-52.734,-27.059],[-52.737,-27.07],[-52.734,-27.07],[-52.735,-27.074],[-52.728,-27.079],[-52.732,-27.084],[-52.707,-27.096],[-52.706,-27.104],[-52.716,-27.126],[-52.715,-27.131],[-52.722,-27.136],[-52.723,-27.148],[-52.722,-27.152],[-52.734,-27.166],[-52.748,-27.168],[-52.747,-27.171],[-52.753,-27.177],[-52.747,-27.181],[-52.75,-27.183],[-52.748,-27.189],[-52.755,-27.19],[-52.77,-27.187],[-52.775,-27.186],[-52.777,-27.192],[-52.789,-27.192],[-52.783,-27.199],[-52.785,-27.203],[-52.786,-27.205],[-52.8,-27.202],[-52.817,-27.201],[-52.835,-27.21],[-52.84,-27.209],[-52.846,-27.202],[-52.843,-27.178],[-52.85,-27.168],[-52.845,-27.155],[-52.837,-27.156],[-52.837,-27.152],[-52.844,-27.147],[-52.842,-27.144],[-52.837,-27.145],[-52.836,-27.135],[-52.843,-27.136],[-52.846,-27.133],[-52.849,-27.136],[-52.853,-27.13],[-52.856,-27.131],[-52.858,-27.128],[-52.858,-27.122],[-52.85,-27.122],[-52.852,-27.111],[-52.848,-27.107],[-52.835,-27.109],[-52.829,-27.105],[-52.833,-27.095],[-52.837,-27.073],[-52.844,-27.066],[-52.841,-27.059],[-52.844,-27.048],[-52.84,-27.043],[-52.834,-27.046],[-52.828,-27.042],[-52.811,-27.05],[-52.805,-27.047],[-52.797,-27.051],[-52.793,-27.049],[-52.78,-27.052],[-52.77,-27.036],[-52.76,-27.014],[-52.752,-27.017],[-52.744,-27.012]]]}},{"type":"Feature","properties":{"id":"4206702","nome":"Herval d'Oeste"},"geometry":{"type":"Polygon","coordinates":[[[-51.408,-27.121],[-51.404,-27.134],[-51.391,-27.14],[-51.389,-27.146],[-51.376,-27.146],[-51.376,-27.151],[-51.372,-27.151],[-51.363,-27.15],[-51.357,-27.158],[-51.346,-27.158],[-51.346,-27.169],[-51.282,-27.213],[-51.291,-27.215],[-51.297,-27.23],[-51.316,-27.24],[-51.311,-27.247],[-51.312,-27.252],[-51.315,-27.252],[-51.321,-27.252],[-51.327,-27.26],[-51.335,-27.264],[-51.34,-27.261],[-51.342,-27.257],[-51.364,-27.247],[-51.397,-27.243],[-51.407,-27.233],[-51.417,-27.232],[-51.424,-27.239],[-51.434,-27.242],[-51.452,-27.237],[-51.458,-27.224],[-51.465,-27.221],[-51.475,-27.226],[-51.476,-27.232],[-51.477,-27.237],[-51.487,-27.233],[-51.496,-27.233],[-51.516,-27.237],[-51.531,-27.244],[-51.54,-27.238],[-51.53,-27.224],[-51.536,-27.205],[-51.532,-27.201],[-51.514,-27.208],[-51.509,-27.204],[-51.509,-27.198],[-51.509,-27.193],[-51.504,-27.19],[-51.501,-27.174],[-51.49,-27.165],[-51.48,-27.163],[-51.48,-27.145],[-51.475,-27.134],[-51.464,-27.135],[-51.454,-27.131],[-51.446,-27.132],[-51.44,-27.133],[-51.436,-27.13],[-51.431,-27.117],[-51.42,-27.114],[-51.408,-27.121]]]}},{"type":"Feature","properties":{"id":"4206751","nome":"Ibiam"},"geometry":{"type":"Polygon","coordinates":[[[-51.225,-27.149],[-51.229,-27.161],[-51.21,-27.16],[-51.202,-27.171],[-51.193,-27.17],[-51.193,-27.176],[-51.187,-27.178],[-51.186,-27.185],[-51.175,-27.194],[-51.174,-27.205],[-51.167,-27.206],[-51.154,-27.221],[-51.144,-27.215],[-51.135,-27.219],[-51.131,-27.215],[-51.13,-27.221],[-51.125,-27.222],[-51.126,-27.231],[-51.117,-27.23],[-51.113,-27.239],[-51.119,-27.251],[-51.129,-27.253],[-51.135,-27.264],[-51.14,-27.259],[-51.145,-27.261],[-51.146,-27.273],[-51.161,-27.287],[-51.166,-27.28],[-51.182,-27.277],[-51.21,-27.26],[-51.217,-27.248],[-51.212,-27.244],[-51.218,-27.239],[-51.226,-27.238],[-51.229,-27.233],[-51.242,-27.232],[-51.258,-27.233],[-51.27,-27.222],[-51.279,-27.22],[-51.281,-27.213],[-51.278,-27.207],[-51.284,-27.195],[-51.302,-27.178],[-51.312,-27.176],[-51.32,-27.168],[-51.322,-27.151],[-51.305,-27.155],[-51.295,-27.161],[-51.285,-27.153],[-51.277,-27.153],[-51.27,-27.141],[-51.262,-27.138],[-51.247,-27.138],[-51.233,-27.139],[-51.236,-27.143],[-51.225,-27.149]]]}},{"type":"Feature","properties":{"id":"4206801","nome":"Ibicar\u00e9"},"geometry":{"type":"Polygon","coordinates":[[[-51.316,-27.018],[-51.318,-27.044],[-51.3,-27.058],[-51.295,-27.062],[-51.298,-27.067],[-51.311,-27.076],[-51.32,-27.078],[-51.327,-27.109],[-51.338,-27.117],[-51.333,-27.127],[-51.338,-27.132],[-51.332,-27.134],[-51.334,-27.143],[-51.322,-27.151],[-51.32,-27.168],[-51.312,-27.176],[-51.302,-27.178],[-51.284,-27.195],[-51.278,-27.207],[-51.281,-27.213],[-51.282,-27.213],[-51.346,-27.169],[-51.346,-27.158],[-51.357,-27.158],[-51.363,-27.15],[-51.372,-27.151],[-51.376,-27.151],[-51.376,-27.146],[-51.389,-27.146],[-51.391,-27.14],[-51.404,-27.134],[-51.408,-27.121],[-51.42,-27.114],[-51.431,-27.117],[-51.436,-27.116],[-51.437,-27.112],[-51.43,-27.104],[-51.432,-27.095],[-51.427,-27.09],[-51.427,-27.08],[-51.435,-27.081],[-51.429,-27.075],[-51.433,-27.066],[-51.436,-27.065],[-51.434,-27.071],[-51.445,-27.069],[-51.449,-27.073],[-51.459,-27.072],[-51.457,-27.07],[-51.45,-27.067],[-51.46,-27.055],[-51.462,-27.027],[-51.42,-27.039],[-51.389,-27.039],[-51.345,-27.04],[-51.342,-27.036],[-51.348,-27.035],[-51.344,-27.034],[-51.344,-27.03],[-51.334,-27.021],[-51.316,-27.018]]]}},{"type":"Feature","properties":{"id":"4206900","nome":"Ibirama"},"geometry":{"type":"Polygon","coordinates":[[[-49.467,-27.041],[-49.468,-27.044],[-49.473,-27.044],[-49.465,-27.058],[-49.471,-27.066],[-49.456,-27.083],[-49.459,-27.088],[-49.458,-27.099],[-49.461,-27.099],[-49.482,-27.083],[-49.495,-27.079],[-49.51,-27.083],[-49.517,-27.079],[-49.517,-27.085],[-49.499,-27.105],[-49.502,-27.109],[-49.508,-27.106],[-49.513,-27.108],[-49.517,-27.113],[-49.516,-27.123],[-49.516,-27.134],[-49.526,-27.133],[-49.532,-27.12],[-49.54,-27.116],[-49.545,-27.115],[-49.577,-27.127],[-49.593,-27.127],[-49.588,-27.117],[-49.591,-27.114],[-49.595,-27.111],[-49.596,-27.101],[-49.585,-27.086],[-49.577,-27.078],[-49.586,-27.059],[-49.591,-27.048],[-49.592,-27.045],[-49.59,-27.045],[-49.594,-27.036],[-49.594,-27.028],[-49.593,-27.023],[-49.597,-27.017],[-49.601,-27.01],[-49.581,-27.0],[-49.577,-26.991],[-49.576,-26.976],[-49.578,-26.96],[-49.569,-26.938],[-49.544,-26.913],[-49.546,-26.9],[-49.543,-26.891],[-49.51,-26.909],[-49.507,-26.92],[-49.488,-26.935],[-49.484,-26.937],[-49.465,-26.94],[-49.46,-26.96],[-49.462,-26.972],[-49.46,-26.983],[-49.467,-27.004],[-49.467,-27.024],[-49.466,-27.036],[-49.468,-27.037],[-49.47,-27.039],[-49.467,-27.041]]]}},{"type":"Feature","properties":{"id":"4207007","nome":"I\u00e7ara"},"geometry":{"type":"Polygon","coordinates":[[[-49.206,-28.675],[-49.198,-28.683],[-49.175,-28.688],[-49.175,-28.689],[-49.174,-28.691],[-49.174,-28.697],[-49.176,-28.701],[-49.179,-28.71],[-49.178,-28.727],[-49.179,-28.727],[-49.185,-28.727],[-49.189,-28.733],[-49.199,-28.738],[-49.204,-28.748],[-49.196,-28.756],[-49.201,-28.759],[-49.202,-28.756],[-49.207,-28.762],[-49.203,-28.769],[-49.204,-28.774],[-49.207,-28.791],[-49.195,-28.793],[-49.184,-28.8],[-49.291,-28.883],[-49.301,-28.878],[-49.331,-28.865],[-49.343,-28.859],[-49.351,-28.856],[-49.351,-28.855],[-49.354,-28.8],[-49.354,-28.799],[-49.355,-28.79],[-49.357,-28.756],[-49.336,-28.754],[-49.336,-28.753],[-49.333,-28.736],[-49.333,-28.734],[-49.332,-28.727],[-49.33,-28.717],[-49.333,-28.697],[-49.333,-28.679],[-49.306,-28.676],[-49.283,-28.68],[-49.262,-28.673],[-49.244,-28.674],[-49.239,-28.676],[-49.223,-28.67],[-49.213,-28.67],[-49.206,-28.675]]]}},{"type":"Feature","properties":{"id":"4207106","nome":"Ilhota"},"geometry":{"type":"Polygon","coordinates":[[[-48.818,-26.823],[-48.774,-26.832],[-48.769,-26.838],[-48.762,-26.847],[-48.758,-26.855],[-48.762,-26.86],[-48.763,-26.887],[-48.766,-26.89],[-48.787,-26.915],[-48.776,-26.922],[-48.759,-26.935],[-48.756,-26.939],[-48.766,-26.948],[-48.777,-26.954],[-48.786,-26.954],[-48.799,-26.966],[-48.802,-26.968],[-48.814,-26.965],[-48.829,-26.965],[-48.844,-26.965],[-48.851,-26.93],[-48.854,-26.915],[-48.851,-26.91],[-48.846,-26.909],[-48.846,-26.906],[-48.865,-26.908],[-48.865,-26.901],[-48.871,-26.897],[-48.883,-26.892],[-48.887,-26.894],[-48.891,-26.891],[-48.902,-26.877],[-48.911,-26.873],[-48.911,-26.869],[-48.914,-26.864],[-48.925,-26.858],[-48.936,-26.842],[-48.946,-26.841],[-48.956,-26.835],[-48.968,-26.837],[-48.984,-26.824],[-48.978,-26.82],[-48.988,-26.814],[-48.986,-26.807],[-48.979,-26.805],[-48.979,-26.799],[-48.97,-26.789],[-48.939,-26.782],[-48.909,-26.765],[-48.898,-26.762],[-48.865,-26.787],[-48.836,-26.811],[-48.82,-26.823],[-48.818,-26.823]]]}},{"type":"Feature","properties":{"id":"4207205","nome":"Imaru\u00ed"},"geometry":{"type":"Polygon","coordinates":[[[-48.832,-28.071],[-48.824,-28.075],[-48.822,-28.074],[-48.81,-28.079],[-48.808,-28.093],[-48.796,-28.095],[-48.776,-28.089],[-48.77,-28.087],[-48.762,-28.09],[-48.757,-28.099],[-48.759,-28.104],[-48.755,-28.105],[-48.76,-28.109],[-48.754,-28.112],[-48.751,-28.108],[-48.752,-28.113],[-48.747,-28.113],[-48.746,-28.116],[-48.753,-28.115],[-48.754,-28.118],[-48.75,-28.123],[-48.744,-28.12],[-48.74,-28.126],[-48.744,-28.131],[-48.739,-28.132],[-48.739,-28.135],[-48.748,-28.139],[-48.737,-28.145],[-48.743,-28.151],[-48.74,-28.156],[-48.735,-28.154],[-48.731,-28.156],[-48.734,-28.169],[-48.73,-28.175],[-48.738,-28.18],[-48.731,-28.197],[-48.74,-28.199],[-48.742,-28.212],[-48.737,-28.229],[-48.727,-28.237],[-48.724,-28.25],[-48.724,-28.26],[-48.739,-28.285],[-48.755,-28.324],[-48.751,-28.345],[-48.763,-28.356],[-48.776,-28.358],[-48.805,-28.355],[-48.891,-28.361],[-48.892,-28.361],[-48.906,-28.359],[-48.909,-28.352],[-48.916,-28.354],[-48.928,-28.349],[-48.949,-28.36],[-48.949,-28.35],[-48.944,-28.343],[-48.949,-28.341],[-48.954,-28.321],[-48.954,-28.317],[-48.951,-28.301],[-48.956,-28.297],[-48.959,-28.297],[-48.95,-28.289],[-48.956,-28.27],[-48.946,-28.262],[-48.941,-28.252],[-48.922,-28.25],[-48.921,-28.235],[-48.91,-28.234],[-48.91,-28.221],[-48.934,-28.182],[-48.939,-28.175],[-48.926,-28.141],[-48.924,-28.146],[-48.916,-28.142],[-48.909,-28.149],[-48.903,-28.15],[-48.903,-28.153],[-48.901,-28.154],[-48.886,-28.152],[-48.877,-28.117],[-48.876,-28.112],[-48.87,-28.095],[-48.871,-28.091],[-48.872,-28.083],[-48.869,-28.08],[-48.849,-28.073],[-48.832,-28.071]]]}},{"type":"Feature","properties":{"id":"4207304","nome":"Imbituba"},"geometry":{"type":"Polygon","coordinates":[[[-48.678,-28.105],[-48.667,-28.117],[-48.639,-28.114],[-48.635,-28.11],[-48.634,-28.113],[-48.635,-28.117],[-48.63,-28.119],[-48.632,-28.122],[-48.639,-28.122],[-48.643,-28.132],[-48.643,-28.136],[-48.636,-28.139],[-48.646,-28.144],[-48.647,-28.15],[-48.653,-28.155],[-48.663,-28.181],[-48.662,-28.19],[-48.658,-28.191],[-48.657,-28.195],[-48.665,-28.204],[-48.662,-28.208],[-48.667,-28.215],[-48.661,-28.23],[-48.654,-28.233],[-48.65,-28.227],[-48.646,-28.233],[-48.677,-28.257],[-48.699,-28.293],[-48.707,-28.313],[-48.709,-28.331],[-48.706,-28.336],[-48.698,-28.337],[-48.704,-28.342],[-48.706,-28.341],[-48.744,-28.328],[-48.755,-28.324],[-48.739,-28.285],[-48.724,-28.26],[-48.724,-28.25],[-48.727,-28.237],[-48.737,-28.229],[-48.742,-28.212],[-48.74,-28.199],[-48.731,-28.197],[-48.738,-28.18],[-48.73,-28.175],[-48.734,-28.169],[-48.731,-28.156],[-48.735,-28.154],[-48.74,-28.156],[-48.743,-28.151],[-48.737,-28.145],[-48.748,-28.139],[-48.739,-28.135],[-48.739,-28.132],[-48.744,-28.131],[-48.74,-28.126],[-48.744,-28.12],[-48.75,-28.123],[-48.754,-28.118],[-48.753,-28.115],[-48.746,-28.116],[-48.747,-28.113],[-48.752,-28.113],[-48.751,-28.108],[-48.754,-28.112],[-48.76,-28.109],[-48.755,-28.105],[-48.759,-28.104],[-48.757,-28.099],[-48.762,-28.09],[-48.716,-28.084],[-48.707,-28.083],[-48.707,-28.086],[-48.702,-28.088],[-48.707,-28.092],[-48.701,-28.095],[-48.701,-28.102],[-48.684,-28.104],[-48.678,-28.105]]]}},{"type":"Feature","properties":{"id":"4207403","nome":"Imbuia"},"geometry":{"type":"Polygon","coordinates":[[[-49.361,-27.435],[-49.358,-27.449],[-49.349,-27.443],[-49.351,-27.449],[-49.357,-27.461],[-49.355,-27.467],[-49.359,-27.475],[-49.35,-27.47],[-49.352,-27.474],[-49.347,-27.473],[-49.348,-27.479],[-49.343,-27.475],[-49.346,-27.486],[-49.355,-27.49],[-49.358,-27.5],[-49.352,-27.502],[-49.352,-27.509],[-49.359,-27.512],[-49.362,-27.517],[-49.358,-27.536],[-49.362,-27.544],[-49.361,-27.551],[-49.349,-27.558],[-49.335,-27.558],[-49.325,-27.572],[-49.319,-27.572],[-49.313,-27.583],[-49.305,-27.58],[-49.301,-27.584],[-49.304,-27.583],[-49.312,-27.589],[-49.322,-27.589],[-49.325,-27.582],[-49.329,-27.582],[-49.336,-27.574],[-49.355,-27.562],[-49.369,-27.564],[-49.38,-27.558],[-49.386,-27.558],[-49.389,-27.563],[-49.399,-27.564],[-49.402,-27.561],[-49.403,-27.561],[-49.402,-27.556],[-49.413,-27.558],[-49.421,-27.565],[-49.423,-27.558],[-49.412,-27.547],[-49.406,-27.55],[-49.399,-27.545],[-49.399,-27.542],[-49.394,-27.544],[-49.396,-27.536],[-49.388,-27.539],[-49.388,-27.524],[-49.394,-27.525],[-49.407,-27.538],[-49.424,-27.542],[-49.426,-27.536],[-49.414,-27.526],[-49.426,-27.522],[-49.434,-27.515],[-49.432,-27.52],[-49.446,-27.534],[-49.454,-27.537],[-49.468,-27.527],[-49.473,-27.53],[-49.479,-27.523],[-49.473,-27.505],[-49.477,-27.5],[-49.471,-27.497],[-49.471,-27.494],[-49.456,-27.504],[-49.448,-27.501],[-49.449,-27.494],[-49.457,-27.497],[-49.457,-27.489],[-49.467,-27.49],[-49.47,-27.487],[-49.468,-27.484],[-49.473,-27.482],[-49.471,-27.47],[-49.481,-27.473],[-49.467,-27.451],[-49.466,-27.444],[-49.466,-27.443],[-49.459,-27.446],[-49.452,-27.443],[-49.441,-27.445],[-49.43,-27.451],[-49.425,-27.472],[-49.421,-27.459],[-49.405,-27.449],[-49.396,-27.458],[-49.383,-27.449],[-49.384,-27.456],[-49.381,-27.46],[-49.385,-27.465],[-49.382,-27.465],[-49.385,-27.473],[-49.373,-27.462],[-49.372,-27.456],[-49.369,-27.466],[-49.365,-27.462],[-49.368,-27.454],[-49.363,-27.449],[-49.361,-27.435]]]}},{"type":"Feature","properties":{"id":"4207502","nome":"Indaial"},"geometry":{"type":"Polygon","coordinates":[[[-49.19,-26.858],[-49.175,-26.869],[-49.185,-26.875],[-49.185,-26.879],[-49.18,-26.877],[-49.161,-26.884],[-49.152,-26.895],[-49.162,-26.894],[-49.165,-26.897],[-49.164,-26.904],[-49.172,-26.904],[-49.177,-26.914],[-49.169,-26.93],[-49.159,-26.935],[-49.165,-26.942],[-49.163,-26.947],[-49.157,-26.952],[-49.164,-26.955],[-49.157,-26.971],[-49.162,-26.978],[-49.162,-26.988],[-49.162,-26.992],[-49.151,-27.011],[-49.137,-27.014],[-49.136,-27.024],[-49.128,-27.032],[-49.137,-27.046],[-49.131,-27.057],[-49.132,-27.067],[-49.138,-27.073],[-49.142,-27.092],[-49.149,-27.09],[-49.156,-27.097],[-49.155,-27.118],[-49.162,-27.12],[-49.162,-27.124],[-49.169,-27.13],[-49.185,-27.14],[-49.193,-27.139],[-49.193,-27.155],[-49.198,-27.158],[-49.211,-27.158],[-49.211,-27.162],[-49.22,-27.163],[-49.231,-27.155],[-49.238,-27.137],[-49.242,-27.137],[-49.242,-27.133],[-49.247,-27.128],[-49.248,-27.114],[-49.256,-27.098],[-49.256,-27.083],[-49.271,-27.079],[-49.264,-27.065],[-49.267,-27.055],[-49.275,-27.053],[-49.283,-27.058],[-49.293,-27.058],[-49.298,-27.054],[-49.297,-27.045],[-49.3,-27.042],[-49.297,-27.038],[-49.312,-27.034],[-49.317,-27.021],[-49.311,-27.014],[-49.309,-27.003],[-49.3,-26.993],[-49.305,-26.982],[-49.313,-26.977],[-49.312,-26.969],[-49.312,-26.96],[-49.315,-26.959],[-49.324,-26.952],[-49.306,-26.955],[-49.289,-26.951],[-49.299,-26.933],[-49.304,-26.924],[-49.317,-26.9],[-49.315,-26.89],[-49.305,-26.847],[-49.287,-26.876],[-49.284,-26.88],[-49.265,-26.869],[-49.255,-26.87],[-49.238,-26.857],[-49.23,-26.85],[-49.225,-26.846],[-49.206,-26.831],[-49.199,-26.837],[-49.2,-26.84],[-49.192,-26.847],[-49.195,-26.853],[-49.19,-26.858]]]}},{"type":"Feature","properties":{"id":"4207577","nome":"Iomer\u00ea"},"geometry":{"type":"Polygon","coordinates":[[[-51.283,-26.921],[-51.275,-26.928],[-51.267,-26.925],[-51.264,-26.936],[-51.261,-26.941],[-51.264,-26.95],[-51.262,-26.968],[-51.252,-26.969],[-51.253,-26.961],[-51.232,-26.961],[-51.231,-26.954],[-51.216,-26.96],[-51.222,-26.972],[-51.219,-26.975],[-51.211,-26.973],[-51.216,-26.979],[-51.21,-26.983],[-51.215,-26.99],[-51.21,-26.993],[-51.196,-27.014],[-51.199,-27.019],[-51.201,-27.023],[-51.196,-27.029],[-51.2,-27.031],[-51.213,-27.02],[-51.216,-27.022],[-51.213,-27.029],[-51.23,-27.027],[-51.231,-27.033],[-51.248,-27.035],[-51.302,-27.022],[-51.316,-27.018],[-51.334,-27.021],[-51.345,-27.015],[-51.338,-27.004],[-51.352,-27.003],[-51.35,-26.999],[-51.341,-26.997],[-51.353,-26.987],[-51.352,-26.981],[-51.307,-26.942],[-51.285,-26.923],[-51.283,-26.921]]]}},{"type":"Feature","properties":{"id":"4207601","nome":"Ipira"},"geometry":{"type":"Polygon","coordinates":[[[-51.767,-27.278],[-51.765,-27.281],[-51.755,-27.281],[-51.75,-27.285],[-51.758,-27.293],[-51.755,-27.298],[-51.759,-27.307],[-51.741,-27.319],[-51.739,-27.33],[-51.732,-27.332],[-51.727,-27.341],[-51.736,-27.341],[-51.737,-27.35],[-51.734,-27.353],[-51.73,-27.35],[-51.729,-27.356],[-51.734,-27.355],[-51.736,-27.358],[-51.729,-27.373],[-51.73,-27.387],[-51.732,-27.392],[-51.762,-27.39],[-51.758,-27.409],[-51.758,-27.414],[-51.764,-27.416],[-51.776,-27.418],[-51.787,-27.42],[-51.791,-27.424],[-51.779,-27.433],[-51.776,-27.443],[-51.778,-27.445],[-51.787,-27.438],[-51.804,-27.431],[-51.8,-27.421],[-51.82,-27.43],[-51.833,-27.437],[-51.839,-27.454],[-51.842,-27.461],[-51.847,-27.464],[-51.857,-27.443],[-51.87,-27.45],[-51.88,-27.456],[-51.878,-27.435],[-51.885,-27.428],[-51.883,-27.425],[-51.877,-27.426],[-51.882,-27.419],[-51.877,-27.418],[-51.878,-27.413],[-51.874,-27.409],[-51.874,-27.406],[-51.864,-27.401],[-51.836,-27.371],[-51.818,-27.371],[-51.818,-27.366],[-51.819,-27.348],[-51.821,-27.297],[-51.813,-27.288],[-51.807,-27.284],[-51.795,-27.293],[-51.789,-27.289],[-51.783,-27.283],[-51.771,-27.283],[-51.767,-27.278]]]}},{"type":"Feature","properties":{"id":"4207650","nome":"Ipor\u00e3 do Oeste"},"geometry":{"type":"Polygon","coordinates":[[[-53.499,-26.936],[-53.48,-26.942],[-53.432,-26.939],[-53.423,-26.939],[-53.425,-26.945],[-53.418,-26.947],[-53.41,-26.95],[-53.396,-26.952],[-53.398,-26.973],[-53.391,-26.977],[-53.39,-26.979],[-53.397,-26.984],[-53.389,-26.994],[-53.387,-26.996],[-53.379,-26.991],[-53.376,-27.013],[-53.389,-27.012],[-53.396,-27.008],[-53.413,-27.018],[-53.423,-27.015],[-53.448,-27.007],[-53.453,-27.014],[-53.446,-27.024],[-53.448,-27.027],[-53.451,-27.042],[-53.458,-27.044],[-53.476,-27.06],[-53.476,-27.069],[-53.486,-27.074],[-53.489,-27.083],[-53.499,-27.084],[-53.509,-27.078],[-53.519,-27.081],[-53.527,-27.076],[-53.531,-27.09],[-53.54,-27.088],[-53.544,-27.087],[-53.542,-27.074],[-53.547,-27.074],[-53.545,-27.068],[-53.547,-27.053],[-53.542,-27.042],[-53.545,-27.028],[-53.567,-27.026],[-53.571,-27.026],[-53.577,-27.016],[-53.586,-27.01],[-53.586,-27.006],[-53.578,-27.005],[-53.569,-26.995],[-53.559,-26.992],[-53.555,-26.982],[-53.55,-26.98],[-53.553,-26.97],[-53.558,-26.966],[-53.578,-26.959],[-53.588,-26.965],[-53.583,-26.953],[-53.571,-26.952],[-53.568,-26.946],[-53.558,-26.949],[-53.559,-26.946],[-53.552,-26.944],[-53.542,-26.947],[-53.535,-26.944],[-53.531,-26.944],[-53.513,-26.936],[-53.499,-26.936]]]}},{"type":"Feature","properties":{"id":"4207684","nome":"Ipua\u00e7u"},"geometry":{"type":"Polygon","coordinates":[[[-52.466,-26.568],[-52.467,-26.578],[-52.462,-26.575],[-52.458,-26.585],[-52.444,-26.587],[-52.427,-26.581],[-52.418,-26.586],[-52.414,-26.614],[-52.392,-26.638],[-52.394,-26.645],[-52.399,-26.644],[-52.408,-26.651],[-52.411,-26.655],[-52.41,-26.666],[-52.407,-26.67],[-52.4,-26.671],[-52.393,-26.684],[-52.386,-26.695],[-52.388,-26.708],[-52.416,-26.699],[-52.425,-26.707],[-52.426,-26.716],[-52.423,-26.723],[-52.413,-26.73],[-52.406,-26.747],[-52.422,-26.749],[-52.418,-26.759],[-52.429,-26.767],[-52.435,-26.762],[-52.431,-26.752],[-52.442,-26.749],[-52.454,-26.755],[-52.461,-26.751],[-52.464,-26.758],[-52.467,-26.761],[-52.467,-26.766],[-52.478,-26.76],[-52.489,-26.763],[-52.499,-26.754],[-52.492,-26.77],[-52.502,-26.776],[-52.499,-26.789],[-52.503,-26.789],[-52.513,-26.776],[-52.521,-26.775],[-52.522,-26.789],[-52.51,-26.789],[-52.507,-26.795],[-52.534,-26.808],[-52.534,-26.73],[-52.534,-26.728],[-52.534,-26.711],[-52.546,-26.703],[-52.553,-26.687],[-52.559,-26.68],[-52.563,-26.672],[-52.558,-26.669],[-52.563,-26.662],[-52.576,-26.662],[-52.575,-26.65],[-52.543,-26.654],[-52.543,-26.665],[-52.526,-26.661],[-52.536,-26.651],[-52.534,-26.637],[-52.544,-26.627],[-52.542,-26.619],[-52.534,-26.622],[-52.528,-26.633],[-52.514,-26.636],[-52.524,-26.611],[-52.53,-26.613],[-52.541,-26.605],[-52.535,-26.601],[-52.516,-26.606],[-52.512,-26.602],[-52.492,-26.59],[-52.493,-26.601],[-52.49,-26.605],[-52.486,-26.603],[-52.471,-26.589],[-52.489,-26.583],[-52.497,-26.578],[-52.494,-26.575],[-52.48,-26.578],[-52.479,-26.57],[-52.474,-26.567],[-52.466,-26.568]]]}},{"type":"Feature","properties":{"id":"4207700","nome":"Ipumirim"},"geometry":{"type":"Polygon","coordinates":[[[-52.149,-26.93],[-52.14,-26.935],[-52.134,-26.932],[-52.132,-26.944],[-52.126,-26.949],[-52.117,-26.947],[-52.108,-26.949],[-52.109,-26.955],[-52.112,-26.963],[-52.117,-26.97],[-52.112,-26.973],[-52.118,-26.983],[-52.107,-26.997],[-52.128,-27.008],[-52.125,-27.013],[-52.119,-27.014],[-52.123,-27.038],[-52.118,-27.056],[-52.112,-27.053],[-52.101,-27.055],[-52.095,-27.056],[-52.09,-27.075],[-52.084,-27.076],[-52.084,-27.08],[-52.064,-27.08],[-52.064,-27.1],[-52.061,-27.102],[-52.05,-27.096],[-52.046,-27.099],[-52.046,-27.108],[-52.044,-27.11],[-52.053,-27.115],[-52.047,-27.118],[-52.045,-27.14],[-52.048,-27.142],[-52.042,-27.146],[-52.043,-27.149],[-52.056,-27.146],[-52.054,-27.14],[-52.059,-27.131],[-52.067,-27.137],[-52.063,-27.145],[-52.065,-27.154],[-52.075,-27.151],[-52.079,-27.144],[-52.088,-27.147],[-52.086,-27.152],[-52.091,-27.157],[-52.101,-27.152],[-52.109,-27.142],[-52.119,-27.123],[-52.122,-27.131],[-52.137,-27.105],[-52.145,-27.101],[-52.149,-27.102],[-52.154,-27.104],[-52.158,-27.097],[-52.16,-27.102],[-52.166,-27.1],[-52.174,-27.103],[-52.179,-27.094],[-52.181,-27.097],[-52.2,-27.094],[-52.207,-27.086],[-52.216,-27.083],[-52.224,-27.071],[-52.227,-27.068],[-52.226,-27.056],[-52.218,-27.051],[-52.216,-27.046],[-52.22,-27.028],[-52.223,-27.025],[-52.231,-27.027],[-52.249,-27.038],[-52.246,-27.024],[-52.241,-26.99],[-52.234,-26.948],[-52.22,-26.947],[-52.221,-26.959],[-52.213,-26.949],[-52.209,-26.957],[-52.203,-26.954],[-52.189,-26.96],[-52.185,-26.957],[-52.185,-26.95],[-52.182,-26.95],[-52.176,-26.957],[-52.171,-26.946],[-52.164,-26.95],[-52.153,-26.949],[-52.156,-26.942],[-52.154,-26.926],[-52.149,-26.93]]]}},{"type":"Feature","properties":{"id":"4207759","nome":"Iraceminha"},"geometry":{"type":"Polygon","coordinates":[[[-53.277,-26.78],[-53.27,-26.792],[-53.262,-26.789],[-53.259,-26.796],[-53.25,-26.803],[-53.248,-26.798],[-53.241,-26.813],[-53.239,-26.823],[-53.247,-26.825],[-53.242,-26.832],[-53.242,-26.833],[-53.236,-26.839],[-53.245,-26.838],[-53.246,-26.845],[-53.251,-26.838],[-53.25,-26.844],[-53.26,-26.849],[-53.253,-26.851],[-53.253,-26.855],[-53.262,-26.858],[-53.261,-26.854],[-53.264,-26.853],[-53.268,-26.857],[-53.271,-26.859],[-53.27,-26.863],[-53.277,-26.866],[-53.273,-26.871],[-53.285,-26.868],[-53.276,-26.88],[-53.277,-26.884],[-53.278,-26.889],[-53.287,-26.884],[-53.286,-26.894],[-53.296,-26.896],[-53.287,-26.902],[-53.286,-26.908],[-53.28,-26.912],[-53.281,-26.915],[-53.288,-26.916],[-53.284,-26.922],[-53.284,-26.93],[-53.292,-26.927],[-53.301,-26.917],[-53.327,-26.908],[-53.333,-26.898],[-53.353,-26.893],[-53.374,-26.875],[-53.373,-26.885],[-53.377,-26.885],[-53.383,-26.883],[-53.382,-26.885],[-53.39,-26.892],[-53.393,-26.89],[-53.394,-26.893],[-53.4,-26.887],[-53.408,-26.888],[-53.406,-26.881],[-53.402,-26.874],[-53.415,-26.864],[-53.412,-26.855],[-53.407,-26.848],[-53.383,-26.848],[-53.386,-26.837],[-53.378,-26.823],[-53.383,-26.82],[-53.404,-26.822],[-53.419,-26.806],[-53.416,-26.803],[-53.409,-26.808],[-53.395,-26.806],[-53.39,-26.808],[-53.378,-26.801],[-53.344,-26.798],[-53.336,-26.793],[-53.337,-26.788],[-53.337,-26.786],[-53.32,-26.793],[-53.31,-26.787],[-53.295,-26.783],[-53.277,-26.78]]]}},{"type":"Feature","properties":{"id":"4207809","nome":"Irani"},"geometry":{"type":"Polygon","coordinates":[[[-51.827,-26.923],[-51.818,-26.938],[-51.841,-26.965],[-51.853,-26.97],[-51.862,-26.977],[-51.862,-26.984],[-51.849,-26.991],[-51.84,-27.001],[-51.826,-27.015],[-51.821,-27.016],[-51.813,-27.025],[-51.813,-27.032],[-51.805,-27.033],[-51.809,-27.037],[-51.801,-27.04],[-51.81,-27.049],[-51.817,-27.05],[-51.821,-27.061],[-51.831,-27.066],[-51.83,-27.086],[-51.831,-27.091],[-51.837,-27.091],[-51.843,-27.097],[-51.845,-27.092],[-51.84,-27.086],[-51.85,-27.087],[-51.858,-27.101],[-51.875,-27.085],[-51.876,-27.085],[-51.882,-27.088],[-51.878,-27.103],[-51.887,-27.1],[-51.885,-27.107],[-51.888,-27.109],[-51.882,-27.111],[-51.882,-27.117],[-51.875,-27.119],[-51.874,-27.122],[-51.889,-27.123],[-51.89,-27.114],[-51.9,-27.12],[-51.901,-27.128],[-51.908,-27.127],[-51.912,-27.134],[-51.916,-27.135],[-51.916,-27.129],[-51.935,-27.124],[-51.942,-27.118],[-51.941,-27.115],[-51.95,-27.121],[-51.953,-27.114],[-51.96,-27.119],[-51.957,-27.107],[-51.969,-27.109],[-51.975,-27.105],[-51.976,-27.118],[-51.986,-27.117],[-51.987,-27.12],[-51.989,-27.123],[-51.991,-27.12],[-51.994,-27.117],[-51.991,-27.114],[-51.992,-27.103],[-51.998,-27.097],[-51.996,-27.068],[-52.0,-27.058],[-51.995,-27.039],[-52.0,-27.035],[-52.008,-27.035],[-52.006,-27.021],[-52.019,-27.02],[-52.011,-27.004],[-52.004,-27.0],[-52.007,-26.985],[-51.999,-26.983],[-52.006,-26.959],[-52.014,-26.953],[-52.012,-26.949],[-52.005,-26.94],[-52.001,-26.947],[-51.995,-26.948],[-51.995,-26.942],[-51.986,-26.942],[-51.979,-26.937],[-51.968,-26.941],[-51.966,-26.947],[-51.958,-26.947],[-51.95,-26.939],[-51.941,-26.94],[-51.93,-26.932],[-51.93,-26.928],[-51.925,-26.932],[-51.918,-26.929],[-51.911,-26.934],[-51.906,-26.933],[-51.9,-26.939],[-51.895,-26.936],[-51.891,-26.943],[-51.888,-26.941],[-51.885,-26.946],[-51.875,-26.929],[-51.863,-26.933],[-51.862,-26.939],[-51.85,-26.944],[-51.848,-26.949],[-51.837,-26.931],[-51.831,-26.931],[-51.827,-26.923]]]}},{"type":"Feature","properties":{"id":"4207858","nome":"Irati"},"geometry":{"type":"Polygon","coordinates":[[[-52.901,-26.581],[-52.891,-26.589],[-52.882,-26.587],[-52.878,-26.595],[-52.855,-26.594],[-52.839,-26.593],[-52.84,-26.606],[-52.852,-26.613],[-52.85,-26.617],[-52.838,-26.621],[-52.834,-26.631],[-52.848,-26.634],[-52.846,-26.639],[-52.852,-26.645],[-52.854,-26.655],[-52.845,-26.668],[-52.852,-26.669],[-52.915,-26.672],[-52.92,-26.672],[-52.917,-26.665],[-52.908,-26.666],[-52.908,-26.657],[-52.917,-26.655],[-52.923,-26.664],[-52.929,-26.659],[-52.923,-26.651],[-52.933,-26.65],[-52.934,-26.647],[-52.935,-26.621],[-52.941,-26.625],[-52.944,-26.62],[-52.941,-26.613],[-52.934,-26.611],[-52.936,-26.605],[-52.928,-26.606],[-52.925,-26.599],[-52.931,-26.597],[-52.928,-26.588],[-52.936,-26.581],[-52.926,-26.581],[-52.901,-26.581]]]}},{"type":"Feature","properties":{"id":"4207908","nome":"Irine\u00f3polis"},"geometry":{"type":"Polygon","coordinates":[[[-50.682,-26.226],[-50.678,-26.252],[-50.673,-26.254],[-50.675,-26.258],[-50.67,-26.262],[-50.674,-26.271],[-50.68,-26.276],[-50.68,-26.284],[-50.672,-26.287],[-50.669,-26.299],[-50.659,-26.306],[-50.658,-26.315],[-50.647,-26.335],[-50.65,-26.351],[-50.657,-26.356],[-50.655,-26.371],[-50.637,-26.378],[-50.652,-26.413],[-50.658,-26.425],[-50.666,-26.44],[-50.677,-26.46],[-50.699,-26.499],[-50.708,-26.505],[-50.738,-26.525],[-50.753,-26.519],[-50.774,-26.516],[-50.785,-26.507],[-50.796,-26.51],[-50.798,-26.508],[-50.786,-26.502],[-50.787,-26.495],[-50.802,-26.492],[-50.822,-26.467],[-50.821,-26.463],[-50.81,-26.457],[-50.816,-26.44],[-50.845,-26.429],[-50.849,-26.427],[-50.843,-26.411],[-50.841,-26.405],[-50.847,-26.39],[-50.844,-26.383],[-50.849,-26.378],[-50.859,-26.376],[-50.871,-26.385],[-50.879,-26.382],[-50.884,-26.38],[-50.883,-26.358],[-50.895,-26.348],[-50.888,-26.338],[-50.898,-26.332],[-50.884,-26.327],[-50.881,-26.322],[-50.884,-26.316],[-50.891,-26.325],[-50.9,-26.321],[-50.895,-26.312],[-50.902,-26.304],[-50.889,-26.302],[-50.897,-26.294],[-50.899,-26.289],[-50.893,-26.287],[-50.882,-26.278],[-50.879,-26.259],[-50.871,-26.242],[-50.868,-26.241],[-50.863,-26.242],[-50.846,-26.267],[-50.839,-26.271],[-50.832,-26.266],[-50.827,-26.247],[-50.811,-26.238],[-50.802,-26.232],[-50.801,-26.231],[-50.793,-26.227],[-50.758,-26.221],[-50.746,-26.229],[-50.747,-26.244],[-50.743,-26.248],[-50.732,-26.249],[-50.718,-26.244],[-50.715,-26.238],[-50.731,-26.203],[-50.704,-26.188],[-50.703,-26.196],[-50.693,-26.2],[-50.696,-26.21],[-50.682,-26.211],[-50.688,-26.22],[-50.682,-26.226]]]}},{"type":"Feature","properties":{"id":"4208005","nome":"It\u00e1"},"geometry":{"type":"Polygon","coordinates":[[[-52.215,-27.181],[-52.207,-27.189],[-52.192,-27.2],[-52.194,-27.212],[-52.199,-27.213],[-52.201,-27.207],[-52.205,-27.21],[-52.195,-27.218],[-52.187,-27.22],[-52.196,-27.223],[-52.201,-27.219],[-52.208,-27.22],[-52.206,-27.224],[-52.208,-27.231],[-52.208,-27.236],[-52.222,-27.234],[-52.225,-27.23],[-52.234,-27.25],[-52.245,-27.247],[-52.255,-27.253],[-52.26,-27.25],[-52.261,-27.259],[-52.277,-27.262],[-52.293,-27.257],[-52.301,-27.26],[-52.305,-27.275],[-52.291,-27.309],[-52.293,-27.316],[-52.299,-27.318],[-52.305,-27.318],[-52.346,-27.288],[-52.356,-27.292],[-52.365,-27.303],[-52.375,-27.304],[-52.381,-27.294],[-52.383,-27.284],[-52.382,-27.274],[-52.38,-27.264],[-52.382,-27.257],[-52.393,-27.252],[-52.399,-27.258],[-52.393,-27.288],[-52.395,-27.292],[-52.397,-27.292],[-52.401,-27.292],[-52.419,-27.282],[-52.44,-27.262],[-52.442,-27.249],[-52.431,-27.227],[-52.432,-27.218],[-52.427,-27.216],[-52.424,-27.209],[-52.416,-27.207],[-52.416,-27.203],[-52.411,-27.203],[-52.411,-27.199],[-52.4,-27.189],[-52.391,-27.184],[-52.387,-27.192],[-52.382,-27.189],[-52.375,-27.193],[-52.374,-27.198],[-52.37,-27.193],[-52.355,-27.208],[-52.355,-27.22],[-52.357,-27.226],[-52.346,-27.226],[-52.341,-27.23],[-52.344,-27.235],[-52.34,-27.238],[-52.327,-27.237],[-52.321,-27.24],[-52.314,-27.239],[-52.313,-27.233],[-52.278,-27.223],[-52.273,-27.232],[-52.271,-27.23],[-52.266,-27.227],[-52.261,-27.23],[-52.26,-27.22],[-52.248,-27.212],[-52.255,-27.205],[-52.252,-27.201],[-52.246,-27.202],[-52.246,-27.188],[-52.232,-27.19],[-52.235,-27.183],[-52.232,-27.181],[-52.227,-27.184],[-52.215,-27.181]]]}},{"type":"Feature","properties":{"id":"4208104","nome":"Itai\u00f3polis"},"geometry":{"type":"Polygon","coordinates":[[[-49.897,-26.232],[-49.887,-26.25],[-49.88,-26.252],[-49.863,-26.248],[-49.852,-26.239],[-49.845,-26.245],[-49.825,-26.276],[-49.815,-26.291],[-49.808,-26.302],[-49.809,-26.306],[-49.814,-26.307],[-49.812,-26.314],[-49.807,-26.314],[-49.814,-26.325],[-49.808,-26.326],[-49.807,-26.33],[-49.805,-26.335],[-49.799,-26.334],[-49.804,-26.339],[-49.801,-26.343],[-49.804,-26.347],[-49.805,-26.344],[-49.811,-26.344],[-49.813,-26.356],[-49.817,-26.356],[-49.82,-26.367],[-49.79,-26.406],[-49.787,-26.423],[-49.781,-26.428],[-49.814,-26.468],[-49.814,-26.484],[-49.807,-26.488],[-49.802,-26.483],[-49.793,-26.485],[-49.79,-26.481],[-49.783,-26.482],[-49.77,-26.475],[-49.767,-26.47],[-49.764,-26.473],[-49.761,-26.47],[-49.759,-26.473],[-49.762,-26.478],[-49.758,-26.483],[-49.757,-26.494],[-49.736,-26.518],[-49.733,-26.548],[-49.723,-26.558],[-49.702,-26.573],[-49.693,-26.573],[-49.687,-26.585],[-49.686,-26.611],[-49.684,-26.619],[-49.676,-26.622],[-49.682,-26.629],[-49.686,-26.626],[-49.696,-26.635],[-49.7,-26.635],[-49.703,-26.644],[-49.709,-26.649],[-49.706,-26.662],[-49.694,-26.679],[-49.694,-26.686],[-49.687,-26.691],[-49.677,-26.693],[-49.663,-26.687],[-49.653,-26.692],[-49.665,-26.692],[-49.674,-26.7],[-49.681,-26.702],[-49.694,-26.699],[-49.702,-26.704],[-49.71,-26.719],[-49.719,-26.722],[-49.728,-26.745],[-49.725,-26.754],[-49.727,-26.763],[-49.73,-26.766],[-49.742,-26.783],[-49.75,-26.785],[-49.754,-26.776],[-49.772,-26.773],[-49.772,-26.771],[-49.775,-26.76],[-49.781,-26.751],[-49.792,-26.749],[-49.794,-26.739],[-49.804,-26.727],[-49.807,-26.716],[-49.813,-26.711],[-49.825,-26.708],[-49.829,-26.706],[-49.839,-26.69],[-49.838,-26.676],[-49.847,-26.672],[-49.847,-26.666],[-49.857,-26.652],[-49.865,-26.65],[-49.872,-26.653],[-49.875,-26.65],[-49.882,-26.645],[-49.879,-26.628],[-49.884,-26.617],[-49.896,-26.606],[-49.897,-26.601],[-49.911,-26.601],[-49.908,-26.596],[-49.913,-26.584],[-49.932,-26.571],[-49.944,-26.573],[-49.946,-26.569],[-49.955,-26.567],[-49.954,-26.561],[-49.959,-26.553],[-49.956,-26.544],[-49.962,-26.543],[-49.972,-26.53],[-49.97,-26.526],[-49.982,-26.521],[-49.986,-26.513],[-49.99,-26.51],[-49.996,-26.505],[-50.019,-26.503],[-50.033,-26.519],[-50.058,-26.521],[-50.067,-26.519],[-50.079,-26.525],[-50.091,-26.524],[-50.094,-26.516],[-50.086,-26.505],[-50.088,-26.498],[-50.083,-26.473],[-50.069,-26.449],[-50.065,-26.447],[-50.064,-26.442],[-50.072,-26.434],[-50.075,-26.423],[-50.074,-26.405],[-50.082,-26.396],[-50.087,-26.386],[-50.084,-26.363],[-50.089,-26.35],[-50.094,-26.352],[-50.1,-26.347],[-50.106,-26.354],[-50.111,-26.353],[-50.112,-26.339],[-50.117,-26.337],[-50.118,-26.328],[-50.124,-26.325],[-50.123,-26.316],[-50.116,-26.308],[-50.127,-26.292],[-50.121,-26.283],[-50.112,-26.289],[-50.101,-26.278],[-50.104,-26.277],[-50.096,-26.276],[-50.093,-26.279],[-50.093,-26.274],[-50.09,-26.271],[-50.081,-26.273],[-50.074,-26.281],[-50.066,-26.28],[-50.063,-26.275],[-50.043,-26.27],[-50.036,-26.262],[-50.027,-26.267],[-50.018,-26.265],[-50.0,-26.279],[-49.994,-26.278],[-49.984,-26.277],[-49.98,-26.278],[-49.962,-26.257],[-49.941,-26.254],[-49.92,-26.247],[-49.91,-26.247],[-49.901,-26.232],[-49.897,-26.232]]]}},{"type":"Feature","properties":{"id":"4208203","nome":"Itaja\u00ed"},"geometry":{"type":"Polygon","coordinates":[[[-48.718,-26.852],[-48.726,-26.866],[-48.722,-26.875],[-48.713,-26.876],[-48.702,-26.865],[-48.693,-26.863],[-48.688,-26.869],[-48.691,-26.879],[-48.688,-26.885],[-48.666,-26.882],[-48.664,-26.886],[-48.67,-26.892],[-48.668,-26.897],[-48.653,-26.902],[-48.646,-26.914],[-48.64,-26.913],[-48.64,-26.92],[-48.631,-26.928],[-48.621,-26.925],[-48.627,-26.936],[-48.627,-26.959],[-48.641,-26.955],[-48.66,-26.968],[-48.664,-26.962],[-48.683,-26.973],[-48.685,-26.971],[-48.688,-26.973],[-48.688,-26.974],[-48.712,-26.995],[-48.711,-27.002],[-48.721,-27.015],[-48.747,-27.023],[-48.754,-27.03],[-48.753,-27.037],[-48.765,-27.046],[-48.763,-27.05],[-48.767,-27.055],[-48.777,-27.057],[-48.777,-27.077],[-48.779,-27.079],[-48.784,-27.084],[-48.786,-27.095],[-48.79,-27.096],[-48.808,-27.089],[-48.824,-27.073],[-48.837,-27.073],[-48.845,-27.067],[-48.856,-27.046],[-48.857,-27.045],[-48.863,-27.043],[-48.865,-27.038],[-48.865,-27.033],[-48.855,-27.031],[-48.855,-27.025],[-48.869,-27.012],[-48.866,-27.003],[-48.855,-26.991],[-48.85,-26.977],[-48.844,-26.965],[-48.829,-26.965],[-48.814,-26.965],[-48.802,-26.968],[-48.799,-26.966],[-48.786,-26.954],[-48.777,-26.954],[-48.766,-26.948],[-48.756,-26.939],[-48.759,-26.935],[-48.776,-26.922],[-48.787,-26.915],[-48.766,-26.89],[-48.763,-26.887],[-48.762,-26.86],[-48.758,-26.855],[-48.745,-26.857],[-48.739,-26.853],[-48.734,-26.84],[-48.728,-26.837],[-48.722,-26.84],[-48.719,-26.843],[-48.718,-26.852]]]}},{"type":"Feature","properties":{"id":"4208302","nome":"Itapema"},"geometry":{"type":"Polygon","coordinates":[[[-48.587,-27.08],[-48.594,-27.086],[-48.594,-27.091],[-48.597,-27.089],[-48.603,-27.095],[-48.604,-27.092],[-48.608,-27.093],[-48.612,-27.1],[-48.602,-27.125],[-48.584,-27.145],[-48.603,-27.146],[-48.601,-27.14],[-48.61,-27.137],[-48.612,-27.137],[-48.616,-27.143],[-48.635,-27.15],[-48.644,-27.146],[-48.653,-27.151],[-48.68,-27.148],[-48.689,-27.142],[-48.686,-27.136],[-48.66,-27.124],[-48.665,-27.114],[-48.673,-27.112],[-48.676,-27.098],[-48.668,-27.093],[-48.659,-27.08],[-48.644,-27.085],[-48.621,-27.071],[-48.614,-27.069],[-48.617,-27.06],[-48.611,-27.049],[-48.602,-27.054],[-48.587,-27.061],[-48.592,-27.061],[-48.594,-27.072],[-48.591,-27.08],[-48.587,-27.08]]]}},{"type":"Feature","properties":{"id":"4208401","nome":"Itapiranga"},"geometry":{"type":"Polygon","coordinates":[[[-53.7,-27.013],[-53.705,-27.015],[-53.694,-27.038],[-53.689,-27.041],[-53.69,-27.045],[-53.68,-27.044],[-53.684,-27.037],[-53.682,-27.03],[-53.674,-27.028],[-53.668,-27.036],[-53.666,-27.034],[-53.652,-27.035],[-53.644,-27.042],[-53.649,-27.059],[-53.645,-27.06],[-53.642,-27.06],[-53.642,-27.067],[-53.651,-27.067],[-53.652,-27.076],[-53.659,-27.095],[-53.662,-27.108],[-53.648,-27.111],[-53.648,-27.116],[-53.654,-27.119],[-53.637,-27.126],[-53.643,-27.139],[-53.649,-27.142],[-53.641,-27.156],[-53.638,-27.156],[-53.628,-27.156],[-53.622,-27.164],[-53.615,-27.166],[-53.606,-27.163],[-53.603,-27.159],[-53.606,-27.153],[-53.595,-27.148],[-53.598,-27.138],[-53.574,-27.156],[-53.567,-27.159],[-53.547,-27.157],[-53.548,-27.176],[-53.564,-27.173],[-53.59,-27.187],[-53.599,-27.189],[-53.6,-27.189],[-53.611,-27.186],[-53.619,-27.188],[-53.629,-27.213],[-53.635,-27.219],[-53.642,-27.22],[-53.648,-27.218],[-53.65,-27.211],[-53.647,-27.193],[-53.65,-27.176],[-53.666,-27.162],[-53.675,-27.161],[-53.693,-27.167],[-53.698,-27.169],[-53.708,-27.175],[-53.717,-27.182],[-53.728,-27.188],[-53.739,-27.192],[-53.748,-27.19],[-53.762,-27.154],[-53.776,-27.147],[-53.808,-27.172],[-53.819,-27.175],[-53.833,-27.169],[-53.832,-27.164],[-53.836,-27.154],[-53.827,-27.146],[-53.798,-27.144],[-53.799,-27.136],[-53.817,-27.139],[-53.824,-27.13],[-53.823,-27.126],[-53.814,-27.129],[-53.806,-27.125],[-53.805,-27.117],[-53.806,-27.11],[-53.818,-27.102],[-53.815,-27.098],[-53.81,-27.098],[-53.804,-27.106],[-53.795,-27.109],[-53.775,-27.102],[-53.803,-27.082],[-53.804,-27.076],[-53.797,-27.066],[-53.781,-27.077],[-53.771,-27.073],[-53.774,-27.07],[-53.784,-27.07],[-53.796,-27.059],[-53.801,-27.04],[-53.791,-27.042],[-53.778,-27.06],[-53.767,-27.067],[-53.758,-27.061],[-53.764,-27.057],[-53.775,-27.049],[-53.784,-27.026],[-53.776,-27.029],[-53.763,-27.045],[-53.759,-27.034],[-53.746,-27.03],[-53.748,-27.022],[-53.757,-27.017],[-53.761,-27.006],[-53.75,-27.005],[-53.74,-27.014],[-53.731,-27.004],[-53.7,-27.013]]]}},{"type":"Feature","properties":{"id":"4208450","nome":"Itapo\u00e1"},"geometry":{"type":"Polygon","coordinates":[[[-48.633,-25.977],[-48.623,-25.977],[-48.62,-25.974],[-48.62,-25.982],[-48.613,-25.981],[-48.61,-25.984],[-48.611,-25.979],[-48.601,-25.98],[-48.599,-25.977],[-48.594,-25.977],[-48.599,-25.999],[-48.607,-26.056],[-48.606,-26.066],[-48.599,-26.072],[-48.597,-26.124],[-48.581,-26.165],[-48.568,-26.17],[-48.581,-26.185],[-48.61,-26.206],[-48.62,-26.199],[-48.626,-26.184],[-48.742,-26.128],[-48.75,-26.131],[-48.743,-26.128],[-48.745,-26.116],[-48.731,-26.107],[-48.725,-26.106],[-48.715,-26.093],[-48.702,-26.09],[-48.696,-26.082],[-48.709,-26.069],[-48.704,-26.054],[-48.708,-26.048],[-48.718,-26.044],[-48.716,-26.035],[-48.719,-26.029],[-48.71,-26.022],[-48.715,-26.015],[-48.711,-26.012],[-48.713,-26.007],[-48.705,-26.004],[-48.701,-25.996],[-48.695,-25.998],[-48.684,-25.99],[-48.68,-25.981],[-48.676,-25.977],[-48.669,-25.979],[-48.663,-25.974],[-48.662,-25.968],[-48.655,-25.966],[-48.644,-25.956],[-48.637,-25.96],[-48.639,-25.967],[-48.633,-25.97],[-48.633,-25.977]]]}},{"type":"Feature","properties":{"id":"4208500","nome":"Ituporanga"},"geometry":{"type":"Polygon","coordinates":[[[-49.469,-27.365],[-49.466,-27.377],[-49.471,-27.385],[-49.466,-27.387],[-49.466,-27.398],[-49.47,-27.4],[-49.463,-27.406],[-49.466,-27.414],[-49.469,-27.423],[-49.458,-27.429],[-49.465,-27.441],[-49.466,-27.443],[-49.466,-27.444],[-49.467,-27.451],[-49.481,-27.473],[-49.471,-27.47],[-49.473,-27.482],[-49.468,-27.484],[-49.47,-27.487],[-49.467,-27.49],[-49.457,-27.489],[-49.457,-27.497],[-49.449,-27.494],[-49.448,-27.501],[-49.456,-27.504],[-49.471,-27.494],[-49.471,-27.497],[-49.477,-27.5],[-49.473,-27.505],[-49.479,-27.523],[-49.473,-27.53],[-49.468,-27.527],[-49.454,-27.537],[-49.446,-27.534],[-49.432,-27.52],[-49.434,-27.515],[-49.426,-27.522],[-49.414,-27.526],[-49.426,-27.536],[-49.424,-27.542],[-49.407,-27.538],[-49.394,-27.525],[-49.388,-27.524],[-49.388,-27.539],[-49.396,-27.536],[-49.394,-27.544],[-49.399,-27.542],[-49.399,-27.545],[-49.406,-27.55],[-49.412,-27.547],[-49.423,-27.558],[-49.421,-27.565],[-49.413,-27.558],[-49.402,-27.556],[-49.403,-27.561],[-49.412,-27.562],[-49.422,-27.578],[-49.436,-27.584],[-49.443,-27.581],[-49.472,-27.566],[-49.475,-27.555],[-49.484,-27.555],[-49.493,-27.535],[-49.505,-27.526],[-49.515,-27.524],[-49.541,-27.511],[-49.557,-27.52],[-49.578,-27.552],[-49.587,-27.556],[-49.591,-27.571],[-49.608,-27.57],[-49.615,-27.574],[-49.603,-27.566],[-49.603,-27.56],[-49.599,-27.556],[-49.6,-27.549],[-49.615,-27.547],[-49.613,-27.54],[-49.604,-27.536],[-49.606,-27.533],[-49.601,-27.528],[-49.601,-27.519],[-49.589,-27.506],[-49.586,-27.496],[-49.589,-27.486],[-49.585,-27.484],[-49.583,-27.477],[-49.629,-27.455],[-49.637,-27.451],[-49.649,-27.45],[-49.675,-27.458],[-49.679,-27.444],[-49.684,-27.422],[-49.693,-27.389],[-49.683,-27.393],[-49.661,-27.391],[-49.659,-27.387],[-49.65,-27.388],[-49.648,-27.394],[-49.642,-27.394],[-49.62,-27.393],[-49.609,-27.387],[-49.604,-27.392],[-49.602,-27.391],[-49.598,-27.391],[-49.59,-27.396],[-49.583,-27.392],[-49.571,-27.399],[-49.565,-27.398],[-49.55,-27.383],[-49.546,-27.383],[-49.539,-27.377],[-49.54,-27.373],[-49.536,-27.373],[-49.522,-27.357],[-49.51,-27.349],[-49.502,-27.341],[-49.495,-27.317],[-49.48,-27.304],[-49.481,-27.319],[-49.474,-27.326],[-49.473,-27.335],[-49.468,-27.339],[-49.459,-27.357],[-49.469,-27.365]]]}},{"type":"Feature","properties":{"id":"4208609","nome":"Jabor\u00e1"},"geometry":{"type":"Polygon","coordinates":[[[-51.772,-27.08],[-51.766,-27.084],[-51.758,-27.08],[-51.758,-27.088],[-51.762,-27.092],[-51.758,-27.095],[-51.761,-27.098],[-51.748,-27.109],[-51.737,-27.108],[-51.725,-27.112],[-51.7,-27.105],[-51.678,-27.116],[-51.676,-27.117],[-51.687,-27.13],[-51.678,-27.158],[-51.684,-27.168],[-51.679,-27.169],[-51.666,-27.171],[-51.668,-27.178],[-51.648,-27.179],[-51.664,-27.202],[-51.674,-27.197],[-51.685,-27.183],[-51.696,-27.185],[-51.698,-27.19],[-51.725,-27.208],[-51.738,-27.208],[-51.754,-27.204],[-51.771,-27.207],[-51.784,-27.2],[-51.796,-27.199],[-51.803,-27.184],[-51.809,-27.184],[-51.814,-27.188],[-51.824,-27.168],[-51.825,-27.16],[-51.821,-27.151],[-51.821,-27.15],[-51.822,-27.146],[-51.83,-27.147],[-51.86,-27.14],[-51.867,-27.131],[-51.863,-27.127],[-51.874,-27.122],[-51.875,-27.119],[-51.882,-27.117],[-51.882,-27.111],[-51.888,-27.109],[-51.885,-27.107],[-51.887,-27.1],[-51.878,-27.103],[-51.882,-27.088],[-51.876,-27.085],[-51.875,-27.085],[-51.858,-27.101],[-51.85,-27.087],[-51.84,-27.086],[-51.845,-27.092],[-51.843,-27.097],[-51.837,-27.091],[-51.831,-27.091],[-51.83,-27.086],[-51.823,-27.093],[-51.824,-27.098],[-51.82,-27.099],[-51.814,-27.091],[-51.818,-27.085],[-51.807,-27.081],[-51.811,-27.087],[-51.803,-27.096],[-51.8,-27.086],[-51.794,-27.087],[-51.791,-27.083],[-51.79,-27.087],[-51.781,-27.087],[-51.783,-27.079],[-51.775,-27.072],[-51.772,-27.08]]]}},{"type":"Feature","properties":{"id":"4208708","nome":"Jacinto Machado"},"geometry":{"type":"Polygon","coordinates":[[[-49.867,-28.88],[-49.865,-28.886],[-49.857,-28.886],[-49.852,-28.882],[-49.844,-28.881],[-49.83,-28.891],[-49.823,-28.891],[-49.813,-28.887],[-49.807,-28.888],[-49.808,-28.894],[-49.798,-28.901],[-49.792,-28.901],[-49.79,-28.905],[-49.779,-28.905],[-49.773,-28.914],[-49.764,-28.915],[-49.763,-28.921],[-49.762,-28.925],[-49.768,-28.927],[-49.77,-28.939],[-49.764,-28.941],[-49.768,-28.945],[-49.764,-28.947],[-49.748,-28.95],[-49.746,-28.956],[-49.739,-28.957],[-49.742,-28.96],[-49.728,-28.961],[-49.721,-28.962],[-49.719,-28.966],[-49.709,-28.965],[-49.706,-28.968],[-49.708,-28.971],[-49.725,-29.003],[-49.717,-29.005],[-49.698,-29.02],[-49.703,-29.022],[-49.73,-29.034],[-49.741,-29.039],[-49.777,-29.059],[-49.794,-29.069],[-49.807,-29.076],[-49.807,-29.08],[-49.822,-29.087],[-49.833,-29.094],[-49.833,-29.1],[-49.831,-29.121],[-49.851,-29.102],[-49.866,-29.1],[-49.868,-29.097],[-49.878,-29.094],[-49.889,-29.101],[-49.897,-29.099],[-49.916,-29.103],[-49.927,-29.089],[-49.931,-29.085],[-49.956,-29.068],[-49.948,-29.069],[-49.952,-29.063],[-49.942,-29.064],[-49.94,-29.057],[-49.946,-29.055],[-49.956,-29.062],[-49.956,-29.066],[-49.964,-29.064],[-49.968,-29.068],[-49.967,-29.064],[-49.987,-29.069],[-49.985,-29.071],[-49.988,-29.075],[-49.991,-29.07],[-50.007,-29.072],[-49.959,-29.049],[-49.958,-29.043],[-49.953,-29.039],[-49.955,-29.035],[-49.945,-29.033],[-49.947,-29.027],[-49.938,-29.021],[-49.947,-29.018],[-49.949,-29.021],[-49.964,-29.022],[-49.963,-29.02],[-49.955,-29.012],[-49.957,-29.01],[-49.951,-28.999],[-49.946,-28.996],[-49.941,-29.001],[-49.944,-28.985],[-49.938,-28.978],[-49.936,-28.985],[-49.919,-28.978],[-49.934,-28.974],[-49.937,-28.965],[-49.956,-28.961],[-49.955,-28.946],[-49.955,-28.939],[-49.944,-28.941],[-49.947,-28.925],[-49.942,-28.921],[-49.93,-28.921],[-49.92,-28.909],[-49.906,-28.902],[-49.897,-28.892],[-49.88,-28.882],[-49.873,-28.884],[-49.867,-28.88]]]}},{"type":"Feature","properties":{"id":"4208807","nome":"Jaguaruna"},"geometry":{"type":"Polygon","coordinates":[[[-48.999,-28.555],[-48.985,-28.559],[-48.976,-28.558],[-48.974,-28.553],[-48.968,-28.555],[-48.964,-28.563],[-48.971,-28.572],[-48.962,-28.575],[-48.959,-28.581],[-48.944,-28.594],[-48.931,-28.594],[-48.905,-28.603],[-48.874,-28.595],[-48.865,-28.604],[-48.86,-28.608],[-48.855,-28.615],[-48.908,-28.638],[-48.996,-28.685],[-49.081,-28.734],[-49.184,-28.8],[-49.195,-28.793],[-49.207,-28.791],[-49.204,-28.774],[-49.203,-28.769],[-49.207,-28.762],[-49.202,-28.756],[-49.201,-28.759],[-49.196,-28.756],[-49.204,-28.748],[-49.199,-28.738],[-49.189,-28.733],[-49.185,-28.727],[-49.179,-28.727],[-49.178,-28.727],[-49.179,-28.71],[-49.176,-28.701],[-49.174,-28.697],[-49.155,-28.701],[-49.14,-28.693],[-49.114,-28.693],[-49.109,-28.689],[-49.099,-28.686],[-49.076,-28.669],[-49.077,-28.667],[-49.083,-28.662],[-49.085,-28.655],[-49.077,-28.65],[-49.07,-28.644],[-49.078,-28.638],[-49.071,-28.627],[-49.077,-28.621],[-49.093,-28.604],[-49.103,-28.593],[-49.077,-28.577],[-49.03,-28.549],[-49.026,-28.534],[-49.016,-28.534],[-49.002,-28.553],[-48.999,-28.555]]]}},{"type":"Feature","properties":{"id":"4208906","nome":"Jaragu\u00e1 do Sul"},"geometry":{"type":"Polygon","coordinates":[[[-49.186,-26.216],[-49.178,-26.22],[-49.169,-26.218],[-49.171,-26.243],[-49.168,-26.244],[-49.175,-26.262],[-49.171,-26.269],[-49.164,-26.272],[-49.162,-26.283],[-49.156,-26.286],[-49.155,-26.301],[-49.143,-26.303],[-49.145,-26.327],[-49.133,-26.341],[-49.132,-26.342],[-49.111,-26.37],[-49.109,-26.371],[-49.113,-26.381],[-49.115,-26.383],[-49.107,-26.388],[-49.112,-26.392],[-49.111,-26.396],[-49.1,-26.403],[-49.096,-26.401],[-49.094,-26.405],[-49.089,-26.412],[-49.086,-26.41],[-49.085,-26.415],[-49.075,-26.42],[-49.078,-26.425],[-49.073,-26.432],[-49.052,-26.445],[-49.044,-26.447],[-49.043,-26.454],[-49.028,-26.457],[-49.036,-26.471],[-49.027,-26.478],[-49.015,-26.48],[-49.015,-26.483],[-49.028,-26.488],[-49.029,-26.492],[-49.022,-26.5],[-49.02,-26.501],[-49.017,-26.507],[-49.023,-26.516],[-49.026,-26.515],[-49.036,-26.519],[-49.04,-26.516],[-49.05,-26.515],[-49.053,-26.515],[-49.061,-26.533],[-49.06,-26.541],[-49.072,-26.544],[-49.086,-26.548],[-49.089,-26.547],[-49.089,-26.558],[-49.093,-26.563],[-49.09,-26.57],[-49.099,-26.572],[-49.108,-26.582],[-49.107,-26.592],[-49.106,-26.599],[-49.114,-26.612],[-49.123,-26.621],[-49.129,-26.621],[-49.132,-26.63],[-49.13,-26.635],[-49.141,-26.639],[-49.145,-26.638],[-49.148,-26.643],[-49.155,-26.645],[-49.163,-26.648],[-49.166,-26.626],[-49.172,-26.617],[-49.183,-26.613],[-49.2,-26.622],[-49.207,-26.616],[-49.223,-26.62],[-49.22,-26.613],[-49.227,-26.612],[-49.24,-26.615],[-49.241,-26.615],[-49.265,-26.612],[-49.269,-26.614],[-49.276,-26.608],[-49.286,-26.605],[-49.288,-26.598],[-49.288,-26.588],[-49.298,-26.571],[-49.29,-26.56],[-49.291,-26.547],[-49.281,-26.537],[-49.27,-26.533],[-49.26,-26.514],[-49.247,-26.501],[-49.232,-26.495],[-49.228,-26.497],[-49.221,-26.491],[-49.212,-26.485],[-49.212,-26.458],[-49.201,-26.448],[-49.201,-26.447],[-49.199,-26.444],[-49.207,-26.44],[-49.195,-26.433],[-49.186,-26.434],[-49.186,-26.429],[-49.188,-26.389],[-49.18,-26.382],[-49.169,-26.378],[-49.158,-26.359],[-49.166,-26.355],[-49.168,-26.328],[-49.171,-26.315],[-49.168,-26.308],[-49.222,-26.282],[-49.252,-26.268],[-49.24,-26.266],[-49.232,-26.259],[-49.226,-26.235],[-49.221,-26.23],[-49.21,-26.231],[-49.204,-26.229],[-49.201,-26.221],[-49.186,-26.216]]]}},{"type":"Feature","properties":{"id":"4208955","nome":"Jardin\u00f3polis"},"geometry":{"type":"Polygon","coordinates":[[[-52.847,-26.672],[-52.844,-26.686],[-52.837,-26.691],[-52.835,-26.697],[-52.826,-26.699],[-52.817,-26.734],[-52.823,-26.74],[-52.837,-26.743],[-52.846,-26.74],[-52.859,-26.746],[-52.869,-26.738],[-52.874,-26.74],[-52.876,-26.748],[-52.898,-26.769],[-52.912,-26.783],[-52.918,-26.782],[-52.917,-26.779],[-52.925,-26.773],[-52.912,-26.771],[-52.923,-26.76],[-52.909,-26.758],[-52.907,-26.755],[-52.91,-26.749],[-52.915,-26.747],[-52.909,-26.741],[-52.897,-26.74],[-52.904,-26.728],[-52.911,-26.73],[-52.913,-26.716],[-52.902,-26.719],[-52.887,-26.714],[-52.897,-26.712],[-52.903,-26.707],[-52.896,-26.703],[-52.886,-26.705],[-52.897,-26.697],[-52.907,-26.694],[-52.901,-26.691],[-52.901,-26.685],[-52.894,-26.681],[-52.908,-26.679],[-52.917,-26.681],[-52.92,-26.672],[-52.915,-26.672],[-52.852,-26.669],[-52.845,-26.668],[-52.847,-26.669],[-52.847,-26.672]]]}},{"type":"Feature","properties":{"id":"4209003","nome":"Joa\u00e7aba"},"geometry":{"type":"Polygon","coordinates":[[[-51.509,-27.193],[-51.509,-27.198],[-51.509,-27.204],[-51.514,-27.208],[-51.532,-27.201],[-51.536,-27.205],[-51.53,-27.224],[-51.54,-27.238],[-51.547,-27.241],[-51.551,-27.234],[-51.559,-27.236],[-51.56,-27.231],[-51.575,-27.227],[-51.575,-27.223],[-51.582,-27.225],[-51.611,-27.216],[-51.615,-27.211],[-51.638,-27.2],[-51.643,-27.203],[-51.656,-27.202],[-51.664,-27.202],[-51.648,-27.179],[-51.668,-27.178],[-51.666,-27.171],[-51.679,-27.169],[-51.684,-27.168],[-51.678,-27.158],[-51.687,-27.13],[-51.676,-27.117],[-51.662,-27.114],[-51.659,-27.107],[-51.649,-27.1],[-51.649,-27.099],[-51.642,-27.093],[-51.644,-27.085],[-51.636,-27.077],[-51.634,-27.067],[-51.625,-27.061],[-51.626,-27.052],[-51.618,-27.041],[-51.606,-27.044],[-51.601,-27.052],[-51.602,-27.062],[-51.594,-27.077],[-51.588,-27.082],[-51.577,-27.083],[-51.563,-27.092],[-51.558,-27.1],[-51.558,-27.109],[-51.529,-27.124],[-51.511,-27.135],[-51.493,-27.139],[-51.485,-27.143],[-51.48,-27.145],[-51.48,-27.163],[-51.49,-27.165],[-51.501,-27.174],[-51.504,-27.19],[-51.509,-27.193]]]}},{"type":"Feature","properties":{"id":"4209102","nome":"Joinville"},"geometry":{"type":"Polygon","coordinates":[[[-49.057,-26.075],[-49.046,-26.088],[-49.047,-26.109],[-49.043,-26.113],[-49.016,-26.118],[-48.975,-26.125],[-48.884,-26.124],[-48.883,-26.124],[-48.867,-26.123],[-48.828,-26.123],[-48.822,-26.12],[-48.816,-26.128],[-48.796,-26.131],[-48.786,-26.145],[-48.785,-26.146],[-48.776,-26.167],[-48.757,-26.191],[-48.756,-26.2],[-48.763,-26.204],[-48.763,-26.216],[-48.749,-26.251],[-48.745,-26.256],[-48.74,-26.286],[-48.758,-26.295],[-48.748,-26.307],[-48.736,-26.317],[-48.724,-26.34],[-48.736,-26.354],[-48.74,-26.352],[-48.749,-26.356],[-48.746,-26.359],[-48.748,-26.361],[-48.752,-26.358],[-48.756,-26.361],[-48.765,-26.352],[-48.794,-26.365],[-48.806,-26.373],[-48.808,-26.39],[-48.814,-26.395],[-48.824,-26.398],[-48.823,-26.411],[-48.803,-26.415],[-48.804,-26.42],[-48.813,-26.429],[-48.823,-26.438],[-48.822,-26.443],[-48.829,-26.447],[-48.83,-26.449],[-48.836,-26.446],[-48.839,-26.44],[-48.853,-26.423],[-48.854,-26.414],[-48.874,-26.392],[-48.876,-26.381],[-48.889,-26.378],[-48.907,-26.373],[-48.922,-26.379],[-48.919,-26.391],[-48.924,-26.415],[-48.929,-26.421],[-48.938,-26.418],[-48.949,-26.412],[-48.949,-26.407],[-48.959,-26.404],[-48.975,-26.394],[-49.003,-26.388],[-49.004,-26.371],[-49.003,-26.368],[-49.015,-26.36],[-49.02,-26.35],[-49.017,-26.344],[-49.018,-26.338],[-49.011,-26.326],[-48.997,-26.314],[-49.008,-26.307],[-49.018,-26.31],[-49.027,-26.306],[-49.034,-26.313],[-49.039,-26.308],[-49.044,-26.312],[-49.042,-26.308],[-49.047,-26.306],[-49.06,-26.316],[-49.066,-26.315],[-49.06,-26.302],[-49.051,-26.295],[-49.054,-26.292],[-49.05,-26.284],[-49.034,-26.276],[-49.031,-26.269],[-49.034,-26.261],[-49.039,-26.262],[-49.041,-26.268],[-49.048,-26.273],[-49.045,-26.279],[-49.057,-26.279],[-49.062,-26.296],[-49.069,-26.297],[-49.075,-26.293],[-49.082,-26.295],[-49.087,-26.302],[-49.083,-26.31],[-49.088,-26.316],[-49.087,-26.32],[-49.108,-26.342],[-49.109,-26.354],[-49.105,-26.361],[-49.108,-26.363],[-49.111,-26.37],[-49.132,-26.342],[-49.133,-26.341],[-49.145,-26.327],[-49.143,-26.303],[-49.155,-26.301],[-49.156,-26.286],[-49.162,-26.283],[-49.164,-26.272],[-49.171,-26.269],[-49.175,-26.262],[-49.168,-26.244],[-49.171,-26.243],[-49.169,-26.218],[-49.178,-26.22],[-49.186,-26.216],[-49.201,-26.221],[-49.198,-26.206],[-49.192,-26.2],[-49.181,-26.201],[-49.176,-26.207],[-49.169,-26.199],[-49.157,-26.199],[-49.164,-26.188],[-49.171,-26.185],[-49.171,-26.178],[-49.177,-26.176],[-49.177,-26.17],[-49.184,-26.165],[-49.177,-26.16],[-49.179,-26.156],[-49.183,-26.151],[-49.191,-26.15],[-49.185,-26.14],[-49.178,-26.141],[-49.175,-26.137],[-49.161,-26.132],[-49.158,-26.113],[-49.151,-26.111],[-49.139,-26.116],[-49.14,-26.109],[-49.135,-26.108],[-49.132,-26.1],[-49.116,-26.099],[-49.1,-26.088],[-49.089,-26.089],[-49.074,-26.077],[-49.073,-26.073],[-49.057,-26.075]]]}},{"type":"Feature","properties":{"id":"4209151","nome":"Jos\u00e9 Boiteux"},"geometry":{"type":"Polygon","coordinates":[[[-49.645,-26.769],[-49.644,-26.779],[-49.621,-26.778],[-49.62,-26.784],[-49.607,-26.784],[-49.578,-26.776],[-49.571,-26.781],[-49.563,-26.785],[-49.565,-26.802],[-49.56,-26.814],[-49.562,-26.824],[-49.554,-26.841],[-49.552,-26.853],[-49.55,-26.856],[-49.553,-26.868],[-49.55,-26.875],[-49.547,-26.89],[-49.543,-26.891],[-49.546,-26.9],[-49.544,-26.913],[-49.569,-26.938],[-49.578,-26.96],[-49.576,-26.976],[-49.577,-26.991],[-49.581,-27.0],[-49.601,-27.01],[-49.605,-27.003],[-49.632,-26.996],[-49.639,-26.978],[-49.654,-26.965],[-49.655,-26.959],[-49.677,-26.946],[-49.691,-26.925],[-49.688,-26.922],[-49.682,-26.912],[-49.709,-26.918],[-49.723,-26.917],[-49.725,-26.911],[-49.738,-26.912],[-49.76,-26.903],[-49.77,-26.893],[-49.769,-26.889],[-49.746,-26.881],[-49.719,-26.859],[-49.705,-26.868],[-49.705,-26.858],[-49.708,-26.851],[-49.705,-26.847],[-49.714,-26.835],[-49.734,-26.818],[-49.744,-26.799],[-49.754,-26.794],[-49.75,-26.785],[-49.742,-26.783],[-49.73,-26.766],[-49.727,-26.763],[-49.725,-26.754],[-49.728,-26.745],[-49.719,-26.722],[-49.71,-26.719],[-49.702,-26.704],[-49.694,-26.699],[-49.681,-26.702],[-49.67,-26.736],[-49.665,-26.741],[-49.658,-26.741],[-49.659,-26.748],[-49.656,-26.752],[-49.652,-26.762],[-49.645,-26.769]]]}},{"type":"Feature","properties":{"id":"4209177","nome":"Jupi\u00e1"},"geometry":{"type":"Polygon","coordinates":[[[-52.737,-26.342],[-52.725,-26.348],[-52.718,-26.357],[-52.708,-26.355],[-52.703,-26.357],[-52.702,-26.357],[-52.7,-26.358],[-52.692,-26.353],[-52.685,-26.355],[-52.678,-26.352],[-52.663,-26.369],[-52.658,-26.374],[-52.644,-26.38],[-52.667,-26.395],[-52.665,-26.402],[-52.672,-26.412],[-52.687,-26.409],[-52.693,-26.415],[-52.688,-26.422],[-52.691,-26.423],[-52.7,-26.42],[-52.706,-26.423],[-52.715,-26.435],[-52.729,-26.44],[-52.724,-26.454],[-52.729,-26.46],[-52.74,-26.462],[-52.738,-26.461],[-52.742,-26.457],[-52.738,-26.453],[-52.745,-26.445],[-52.747,-26.458],[-52.755,-26.454],[-52.761,-26.457],[-52.768,-26.453],[-52.76,-26.451],[-52.762,-26.443],[-52.748,-26.443],[-52.751,-26.435],[-52.759,-26.436],[-52.758,-26.43],[-52.763,-26.433],[-52.767,-26.429],[-52.76,-26.423],[-52.763,-26.419],[-52.757,-26.413],[-52.761,-26.411],[-52.765,-26.415],[-52.77,-26.408],[-52.763,-26.407],[-52.76,-26.398],[-52.776,-26.38],[-52.759,-26.362],[-52.763,-26.353],[-52.759,-26.353],[-52.756,-26.352],[-52.751,-26.344],[-52.741,-26.345],[-52.737,-26.342]]]}},{"type":"Feature","properties":{"id":"4209201","nome":"Lacerd\u00f3polis"},"geometry":{"type":"Polygon","coordinates":[[[-51.638,-27.2],[-51.615,-27.211],[-51.611,-27.216],[-51.582,-27.225],[-51.575,-27.223],[-51.575,-27.227],[-51.56,-27.231],[-51.559,-27.236],[-51.551,-27.234],[-51.547,-27.241],[-51.54,-27.238],[-51.531,-27.244],[-51.528,-27.252],[-51.538,-27.258],[-51.541,-27.265],[-51.546,-27.264],[-51.553,-27.262],[-51.553,-27.268],[-51.528,-27.27],[-51.523,-27.271],[-51.523,-27.278],[-51.527,-27.281],[-51.537,-27.282],[-51.545,-27.282],[-51.557,-27.275],[-51.565,-27.274],[-51.561,-27.295],[-51.571,-27.3],[-51.578,-27.314],[-51.583,-27.293],[-51.588,-27.291],[-51.595,-27.297],[-51.603,-27.287],[-51.596,-27.27],[-51.627,-27.255],[-51.635,-27.261],[-51.642,-27.247],[-51.648,-27.236],[-51.643,-27.23],[-51.635,-27.23],[-51.632,-27.224],[-51.647,-27.214],[-51.65,-27.219],[-51.656,-27.202],[-51.643,-27.203],[-51.638,-27.2]]]}},{"type":"Feature","properties":{"id":"4209300","nome":"Lages"},"geometry":{"type":"Polygon","coordinates":[[[-50.013,-27.577],[-50.017,-27.585],[-50.026,-27.588],[-50.03,-27.594],[-50.014,-27.605],[-50.014,-27.609],[-50.022,-27.614],[-50.013,-27.624],[-50.022,-27.625],[-50.024,-27.631],[-50.02,-27.633],[-50.008,-27.632],[-50.001,-27.64],[-50.002,-27.649],[-49.999,-27.649],[-50.0,-27.66],[-50.004,-27.664],[-50.002,-27.673],[-50.012,-27.672],[-50.027,-27.692],[-50.024,-27.695],[-50.029,-27.7],[-50.024,-27.707],[-50.032,-27.714],[-50.029,-27.72],[-50.032,-27.724],[-50.029,-27.726],[-50.024,-27.73],[-50.03,-27.748],[-50.028,-27.753],[-50.041,-27.761],[-50.043,-27.772],[-50.062,-27.774],[-50.075,-27.782],[-50.076,-27.787],[-50.079,-27.801],[-50.069,-27.81],[-50.067,-27.824],[-50.072,-27.839],[-50.076,-27.842],[-50.08,-27.84],[-50.091,-27.849],[-50.095,-27.846],[-50.097,-27.855],[-50.108,-27.857],[-50.113,-27.853],[-50.131,-27.858],[-50.142,-27.853],[-50.143,-27.858],[-50.16,-27.86],[-50.17,-27.869],[-50.18,-27.863],[-50.19,-27.866],[-50.201,-27.863],[-50.206,-27.866],[-50.202,-27.869],[-50.214,-27.874],[-50.214,-27.896],[-50.206,-27.909],[-50.193,-27.915],[-50.182,-27.939],[-50.196,-27.966],[-50.197,-27.981],[-50.196,-27.985],[-50.201,-27.993],[-50.191,-28.088],[-50.195,-28.098],[-50.2,-28.11],[-50.194,-28.128],[-50.189,-28.134],[-50.189,-28.14],[-50.176,-28.151],[-50.172,-28.161],[-50.181,-28.164],[-50.187,-28.162],[-50.188,-28.165],[-50.182,-28.171],[-50.182,-28.177],[-50.171,-28.185],[-50.183,-28.192],[-50.171,-28.196],[-50.167,-28.202],[-50.174,-28.201],[-50.18,-28.208],[-50.193,-28.201],[-50.194,-28.205],[-50.187,-28.211],[-50.19,-28.218],[-50.2,-28.215],[-50.201,-28.207],[-50.216,-28.206],[-50.232,-28.219],[-50.23,-28.221],[-50.218,-28.221],[-50.218,-28.235],[-50.226,-28.234],[-50.229,-28.243],[-50.219,-28.247],[-50.217,-28.251],[-50.226,-28.257],[-50.245,-28.257],[-50.249,-28.264],[-50.244,-28.289],[-50.232,-28.295],[-50.232,-28.302],[-50.245,-28.305],[-50.255,-28.304],[-50.249,-28.311],[-50.25,-28.315],[-50.271,-28.309],[-50.277,-28.311],[-50.278,-28.322],[-50.265,-28.329],[-50.271,-28.343],[-50.278,-28.349],[-50.289,-28.346],[-50.309,-28.354],[-50.323,-28.365],[-50.336,-28.368],[-50.332,-28.377],[-50.335,-28.381],[-50.365,-28.381],[-50.369,-28.372],[-50.379,-28.373],[-50.386,-28.387],[-50.405,-28.394],[-50.403,-28.41],[-50.405,-28.423],[-50.417,-28.423],[-50.424,-28.432],[-50.43,-28.432],[-50.448,-28.422],[-50.456,-28.41],[-50.47,-28.414],[-50.498,-28.412],[-50.51,-28.405],[-50.523,-28.403],[-50.531,-28.406],[-50.527,-28.422],[-50.531,-28.428],[-50.544,-28.427],[-50.549,-28.42],[-50.562,-28.414],[-50.576,-28.393],[-50.591,-28.382],[-50.597,-28.38],[-50.612,-28.393],[-50.625,-28.391],[-50.632,-28.379],[-50.628,-28.364],[-50.651,-28.343],[-50.665,-28.337],[-50.659,-28.322],[-50.68,-28.298],[-50.694,-28.288],[-50.695,-28.27],[-50.686,-28.27],[-50.673,-28.255],[-50.666,-28.254],[-50.668,-28.265],[-50.664,-28.272],[-50.673,-28.284],[-50.666,-28.287],[-50.659,-28.284],[-50.657,-28.292],[-50.643,-28.289],[-50.63,-28.296],[-50.629,-28.285],[-50.622,-28.288],[-50.623,-28.283],[-50.616,-28.284],[-50.612,-28.278],[-50.601,-28.276],[-50.6,-28.268],[-50.597,-28.274],[-50.588,-28.265],[-50.583,-28.276],[-50.573,-28.266],[-50.572,-28.26],[-50.577,-28.259],[-50.574,-28.255],[-50.563,-28.26],[-50.562,-28.252],[-50.544,-28.25],[-50.541,-28.243],[-50.546,-28.236],[-50.535,-28.234],[-50.539,-28.223],[-50.527,-28.217],[-50.518,-28.219],[-50.516,-28.215],[-50.512,-28.211],[-50.517,-28.206],[-50.509,-28.204],[-50.512,-28.2],[-50.504,-28.194],[-50.508,-28.191],[-50.508,-28.181],[-50.517,-28.177],[-50.517,-28.164],[-50.523,-28.157],[-50.519,-28.144],[-50.52,-28.133],[-50.52,-28.127],[-50.513,-28.126],[-50.5,-28.114],[-50.493,-28.113],[-50.49,-28.109],[-50.49,-28.098],[-50.475,-28.089],[-50.472,-28.083],[-50.464,-28.08],[-50.461,-28.086],[-50.448,-28.082],[-50.428,-28.059],[-50.401,-28.047],[-50.392,-28.037],[-50.391,-28.03],[-50.389,-28.023],[-50.402,-28.009],[-50.402,-28.006],[-50.41,-27.999],[-50.402,-27.989],[-50.402,-27.977],[-50.371,-27.964],[-50.37,-27.946],[-50.373,-27.94],[-50.358,-27.925],[-50.371,-27.907],[-50.372,-27.898],[-50.38,-27.892],[-50.378,-27.884],[-50.383,-27.88],[-50.389,-27.882],[-50.394,-27.875],[-50.404,-27.875],[-50.416,-27.868],[-50.414,-27.863],[-50.424,-27.869],[-50.429,-27.863],[-50.437,-27.872],[-50.442,-27.862],[-50.455,-27.867],[-50.463,-27.864],[-50.458,-27.858],[-50.461,-27.856],[-50.469,-27.856],[-50.48,-27.863],[-50.52,-27.874],[-50.535,-27.874],[-50.545,-27.869],[-50.552,-27.856],[-50.558,-27.859],[-50.567,-27.846],[-50.588,-27.835],[-50.605,-27.833],[-50.611,-27.823],[-50.607,-27.817],[-50.61,-27.811],[-50.62,-27.808],[-50.608,-27.797],[-50.61,-27.792],[-50.63,-27.785],[-50.627,-27.774],[-50.619,-27.776],[-50.614,-27.772],[-50.627,-27.764],[-50.614,-27.754],[-50.622,-27.758],[-50.64,-27.759],[-50.634,-27.749],[-50.635,-27.737],[-50.629,-27.733],[-50.632,-27.729],[-50.639,-27.732],[-50.645,-27.725],[-50.641,-27.714],[-50.636,-27.714],[-50.631,-27.707],[-50.628,-27.709],[-50.625,-27.718],[-50.605,-27.728],[-50.595,-27.708],[-50.587,-27.714],[-50.582,-27.708],[-50.574,-27.715],[-50.583,-27.728],[-50.58,-27.731],[-50.577,-27.724],[-50.573,-27.724],[-50.568,-27.732],[-50.559,-27.723],[-50.554,-27.724],[-50.552,-27.734],[-50.542,-27.734],[-50.556,-27.752],[-50.552,-27.755],[-50.542,-27.751],[-50.54,-27.757],[-50.545,-27.763],[-50.523,-27.767],[-50.53,-27.776],[-50.52,-27.78],[-50.518,-27.787],[-50.504,-27.783],[-50.498,-27.777],[-50.495,-27.775],[-50.496,-27.769],[-50.481,-27.772],[-50.471,-27.767],[-50.471,-27.774],[-50.452,-27.77],[-50.443,-27.775],[-50.441,-27.77],[-50.435,-27.773],[-50.424,-27.762],[-50.419,-27.762],[-50.408,-27.753],[-50.406,-27.747],[-50.399,-27.75],[-50.393,-27.747],[-50.392,-27.729],[-50.383,-27.734],[-50.378,-27.731],[-50.379,-27.739],[-50.369,-27.747],[-50.36,-27.745],[-50.358,-27.736],[-50.353,-27.747],[-50.344,-27.74],[-50.336,-27.746],[-50.329,-27.746],[-50.328,-27.749],[-50.31,-27.748],[-50.304,-27.729],[-50.306,-27.724],[-50.298,-27.705],[-50.309,-27.692],[-50.312,-27.681],[-50.311,-27.678],[-50.292,-27.677],[-50.273,-27.675],[-50.205,-27.636],[-50.197,-27.632],[-50.194,-27.639],[-50.186,-27.642],[-50.188,-27.652],[-50.164,-27.665],[-50.153,-27.651],[-50.15,-27.655],[-50.139,-27.704],[-50.137,-27.708],[-50.134,-27.694],[-50.105,-27.676],[-50.104,-27.663],[-50.098,-27.663],[-50.099,-27.658],[-50.093,-27.653],[-50.094,-27.649],[-50.091,-27.649],[-50.09,-27.643],[-50.086,-27.64],[-50.085,-27.632],[-50.08,-27.631],[-50.08,-27.626],[-50.073,-27.623],[-50.069,-27.625],[-50.062,-27.618],[-50.056,-27.618],[-50.056,-27.609],[-50.052,-27.598],[-50.054,-27.592],[-50.048,-27.591],[-50.05,-27.579],[-50.047,-27.577],[-50.042,-27.584],[-50.035,-27.584],[-50.025,-27.569],[-50.02,-27.569],[-50.013,-27.577]]]}},{"type":"Feature","properties":{"id":"4209409","nome":"Laguna"},"geometry":{"type":"Polygon","coordinates":[[[-48.706,-28.341],[-48.727,-28.364],[-48.741,-28.386],[-48.748,-28.413],[-48.746,-28.42],[-48.739,-28.423],[-48.748,-28.429],[-48.759,-28.444],[-48.767,-28.475],[-48.764,-28.491],[-48.761,-28.495],[-48.756,-28.494],[-48.746,-28.495],[-48.748,-28.5],[-48.742,-28.503],[-48.743,-28.508],[-48.747,-28.507],[-48.755,-28.516],[-48.758,-28.523],[-48.755,-28.527],[-48.757,-28.538],[-48.762,-28.537],[-48.781,-28.552],[-48.785,-28.559],[-48.781,-28.564],[-48.783,-28.569],[-48.791,-28.568],[-48.813,-28.59],[-48.814,-28.6],[-48.81,-28.601],[-48.809,-28.605],[-48.818,-28.609],[-48.826,-28.607],[-48.834,-28.612],[-48.843,-28.611],[-48.855,-28.615],[-48.86,-28.608],[-48.865,-28.604],[-48.874,-28.595],[-48.905,-28.603],[-48.931,-28.594],[-48.944,-28.594],[-48.934,-28.58],[-48.902,-28.532],[-48.904,-28.529],[-48.922,-28.513],[-48.912,-28.512],[-48.907,-28.521],[-48.895,-28.524],[-48.896,-28.514],[-48.908,-28.511],[-48.914,-28.497],[-48.925,-28.493],[-48.924,-28.488],[-48.914,-28.47],[-48.916,-28.459],[-48.922,-28.451],[-48.924,-28.436],[-48.933,-28.425],[-48.936,-28.422],[-48.94,-28.411],[-48.934,-28.397],[-48.935,-28.391],[-48.938,-28.383],[-48.934,-28.381],[-48.938,-28.373],[-48.936,-28.366],[-48.949,-28.36],[-48.928,-28.349],[-48.916,-28.354],[-48.909,-28.352],[-48.906,-28.359],[-48.892,-28.361],[-48.891,-28.361],[-48.805,-28.355],[-48.776,-28.358],[-48.763,-28.356],[-48.751,-28.345],[-48.755,-28.324],[-48.744,-28.328],[-48.706,-28.341]]]}},{"type":"Feature","properties":{"id":"4209458","nome":"Lajeado Grande"},"geometry":{"type":"Polygon","coordinates":[[[-52.479,-26.845],[-52.473,-26.851],[-52.472,-26.857],[-52.48,-26.856],[-52.505,-26.869],[-52.511,-26.868],[-52.528,-26.878],[-52.534,-26.875],[-52.538,-26.878],[-52.541,-26.874],[-52.553,-26.875],[-52.557,-26.885],[-52.572,-26.889],[-52.578,-26.891],[-52.588,-26.894],[-52.608,-26.885],[-52.621,-26.865],[-52.605,-26.861],[-52.608,-26.853],[-52.603,-26.844],[-52.59,-26.839],[-52.577,-26.842],[-52.573,-26.839],[-52.57,-26.842],[-52.558,-26.846],[-52.553,-26.843],[-52.558,-26.834],[-52.559,-26.811],[-52.551,-26.801],[-52.534,-26.808],[-52.529,-26.824],[-52.528,-26.83],[-52.499,-26.842],[-52.479,-26.845]]]}},{"type":"Feature","properties":{"id":"4209508","nome":"Laurentino"},"geometry":{"type":"Polygon","coordinates":[[[-49.717,-27.143],[-49.711,-27.151],[-49.704,-27.164],[-49.706,-27.172],[-49.702,-27.175],[-49.704,-27.185],[-49.694,-27.189],[-49.683,-27.198],[-49.696,-27.2],[-49.689,-27.209],[-49.698,-27.217],[-49.696,-27.227],[-49.691,-27.229],[-49.688,-27.236],[-49.691,-27.244],[-49.693,-27.244],[-49.695,-27.245],[-49.709,-27.248],[-49.736,-27.262],[-49.754,-27.244],[-49.778,-27.251],[-49.786,-27.247],[-49.792,-27.253],[-49.802,-27.249],[-49.798,-27.244],[-49.802,-27.238],[-49.788,-27.241],[-49.777,-27.229],[-49.777,-27.224],[-49.765,-27.222],[-49.77,-27.214],[-49.768,-27.209],[-49.765,-27.208],[-49.763,-27.208],[-49.757,-27.202],[-49.759,-27.195],[-49.75,-27.174],[-49.76,-27.176],[-49.757,-27.157],[-49.754,-27.152],[-49.741,-27.145],[-49.734,-27.148],[-49.724,-27.144],[-49.719,-27.144],[-49.717,-27.143]]]}},{"type":"Feature","properties":{"id":"4209607","nome":"Lauro Muller"},"geometry":{"type":"Polygon","coordinates":[[[-49.515,-28.304],[-49.504,-28.308],[-49.498,-28.304],[-49.484,-28.304],[-49.473,-28.31],[-49.468,-28.312],[-49.458,-28.321],[-49.448,-28.323],[-49.44,-28.318],[-49.433,-28.316],[-49.42,-28.322],[-49.408,-28.33],[-49.406,-28.336],[-49.398,-28.334],[-49.391,-28.338],[-49.386,-28.336],[-49.378,-28.343],[-49.374,-28.339],[-49.361,-28.341],[-49.358,-28.345],[-49.36,-28.352],[-49.355,-28.354],[-49.359,-28.364],[-49.341,-28.365],[-49.339,-28.401],[-49.333,-28.404],[-49.343,-28.409],[-49.336,-28.417],[-49.339,-28.421],[-49.345,-28.416],[-49.353,-28.418],[-49.363,-28.412],[-49.365,-28.416],[-49.367,-28.436],[-49.373,-28.439],[-49.381,-28.456],[-49.398,-28.464],[-49.401,-28.46],[-49.412,-28.463],[-49.429,-28.459],[-49.446,-28.451],[-49.456,-28.442],[-49.469,-28.437],[-49.486,-28.441],[-49.52,-28.436],[-49.532,-28.438],[-49.534,-28.435],[-49.536,-28.428],[-49.538,-28.435],[-49.55,-28.441],[-49.549,-28.436],[-49.56,-28.435],[-49.557,-28.424],[-49.567,-28.414],[-49.545,-28.402],[-49.552,-28.4],[-49.543,-28.383],[-49.551,-28.384],[-49.553,-28.377],[-49.56,-28.372],[-49.551,-28.367],[-49.551,-28.352],[-49.532,-28.351],[-49.532,-28.342],[-49.545,-28.344],[-49.535,-28.332],[-49.532,-28.316],[-49.535,-28.314],[-49.532,-28.306],[-49.523,-28.308],[-49.515,-28.304]]]}},{"type":"Feature","properties":{"id":"4209706","nome":"Lebon R\u00e9gis"},"geometry":{"type":"Polygon","coordinates":[[[-50.782,-26.683],[-50.756,-26.691],[-50.75,-26.683],[-50.734,-26.689],[-50.729,-26.685],[-50.718,-26.685],[-50.718,-26.676],[-50.703,-26.674],[-50.702,-26.66],[-50.69,-26.658],[-50.681,-26.664],[-50.676,-26.662],[-50.673,-26.671],[-50.659,-26.676],[-50.649,-26.697],[-50.655,-26.708],[-50.652,-26.711],[-50.637,-26.712],[-50.632,-26.719],[-50.624,-26.719],[-50.606,-26.732],[-50.602,-26.739],[-50.589,-26.739],[-50.587,-26.75],[-50.582,-26.755],[-50.57,-26.758],[-50.565,-26.766],[-50.556,-26.771],[-50.547,-26.768],[-50.544,-26.775],[-50.541,-26.772],[-50.527,-26.781],[-50.509,-26.795],[-50.505,-26.808],[-50.488,-26.817],[-50.497,-26.819],[-50.512,-26.824],[-50.519,-26.822],[-50.542,-26.834],[-50.552,-26.828],[-50.563,-26.838],[-50.562,-26.843],[-50.574,-26.844],[-50.576,-26.853],[-50.583,-26.856],[-50.587,-26.865],[-50.583,-26.867],[-50.576,-26.866],[-50.574,-26.869],[-50.588,-26.875],[-50.584,-26.886],[-50.591,-26.892],[-50.594,-26.904],[-50.6,-26.911],[-50.591,-26.922],[-50.595,-26.933],[-50.606,-26.935],[-50.611,-26.941],[-50.608,-26.948],[-50.618,-26.953],[-50.615,-26.965],[-50.609,-26.969],[-50.614,-26.974],[-50.604,-26.974],[-50.605,-26.977],[-50.601,-26.984],[-50.605,-26.992],[-50.613,-26.987],[-50.625,-26.99],[-50.619,-26.997],[-50.619,-27.001],[-50.631,-27.008],[-50.63,-27.018],[-50.638,-27.027],[-50.641,-27.029],[-50.649,-27.025],[-50.657,-27.027],[-50.649,-27.04],[-50.656,-27.047],[-50.654,-27.05],[-50.663,-27.053],[-50.658,-27.064],[-50.665,-27.069],[-50.671,-27.067],[-50.67,-27.076],[-50.658,-27.085],[-50.66,-27.087],[-50.671,-27.085],[-50.674,-27.079],[-50.69,-27.083],[-50.688,-27.093],[-50.698,-27.091],[-50.708,-27.1],[-50.72,-27.097],[-50.722,-27.091],[-50.713,-27.09],[-50.712,-27.086],[-50.713,-27.083],[-50.724,-27.079],[-50.734,-27.066],[-50.733,-27.061],[-50.728,-27.062],[-50.732,-27.056],[-50.723,-27.061],[-50.721,-27.059],[-50.725,-27.055],[-50.724,-27.051],[-50.731,-27.046],[-50.731,-27.034],[-50.75,-27.03],[-50.748,-27.026],[-50.735,-27.024],[-50.733,-27.017],[-50.738,-27.016],[-50.747,-27.013],[-50.75,-27.008],[-50.748,-27.005],[-50.745,-26.999],[-50.751,-26.998],[-50.76,-27.002],[-50.76,-26.993],[-50.765,-26.988],[-50.765,-26.997],[-50.78,-26.991],[-50.777,-26.999],[-50.784,-26.998],[-50.782,-27.003],[-50.791,-27.002],[-50.789,-27.007],[-50.796,-27.012],[-50.802,-27.012],[-50.803,-27.008],[-50.798,-26.997],[-50.814,-26.996],[-50.814,-26.99],[-50.825,-26.989],[-50.822,-26.977],[-50.834,-26.965],[-50.834,-26.94],[-50.844,-26.934],[-50.846,-26.926],[-50.846,-26.925],[-50.848,-26.92],[-50.839,-26.905],[-50.843,-26.895],[-50.84,-26.875],[-50.847,-26.872],[-50.854,-26.853],[-50.85,-26.85],[-50.84,-26.834],[-50.832,-26.83],[-50.832,-26.821],[-50.823,-26.819],[-50.82,-26.799],[-50.801,-26.781],[-50.802,-26.772],[-50.805,-26.765],[-50.786,-26.763],[-50.783,-26.757],[-50.811,-26.741],[-50.815,-26.732],[-50.828,-26.722],[-50.832,-26.708],[-50.824,-26.684],[-50.808,-26.665],[-50.808,-26.654],[-50.782,-26.683]]]}},{"type":"Feature","properties":{"id":"4209805","nome":"Leoberto Leal"},"geometry":{"type":"Polygon","coordinates":[[[-49.225,-27.321],[-49.212,-27.328],[-49.194,-27.33],[-49.185,-27.345],[-49.184,-27.35],[-49.173,-27.357],[-49.162,-27.371],[-49.173,-27.382],[-49.181,-27.384],[-49.182,-27.39],[-49.187,-27.395],[-49.189,-27.407],[-49.203,-27.408],[-49.213,-27.415],[-49.222,-27.421],[-49.215,-27.432],[-49.224,-27.442],[-49.22,-27.447],[-49.221,-27.457],[-49.217,-27.469],[-49.226,-27.475],[-49.223,-27.481],[-49.217,-27.483],[-49.225,-27.492],[-49.237,-27.501],[-49.244,-27.502],[-49.242,-27.506],[-49.246,-27.516],[-49.246,-27.518],[-49.248,-27.528],[-49.257,-27.536],[-49.259,-27.551],[-49.256,-27.557],[-49.262,-27.57],[-49.259,-27.578],[-49.255,-27.579],[-49.25,-27.578],[-49.253,-27.588],[-49.245,-27.598],[-49.24,-27.602],[-49.235,-27.601],[-49.228,-27.618],[-49.214,-27.627],[-49.211,-27.628],[-49.202,-27.645],[-49.213,-27.654],[-49.236,-27.651],[-49.245,-27.653],[-49.254,-27.655],[-49.269,-27.65],[-49.283,-27.642],[-49.286,-27.633],[-49.287,-27.623],[-49.301,-27.615],[-49.304,-27.602],[-49.301,-27.584],[-49.305,-27.58],[-49.313,-27.583],[-49.319,-27.572],[-49.318,-27.567],[-49.326,-27.558],[-49.318,-27.546],[-49.325,-27.533],[-49.323,-27.52],[-49.31,-27.504],[-49.293,-27.471],[-49.299,-27.45],[-49.293,-27.439],[-49.295,-27.43],[-49.296,-27.425],[-49.307,-27.417],[-49.308,-27.406],[-49.309,-27.393],[-49.304,-27.382],[-49.293,-27.373],[-49.295,-27.366],[-49.297,-27.36],[-49.293,-27.356],[-49.278,-27.345],[-49.279,-27.337],[-49.271,-27.332],[-49.246,-27.325],[-49.233,-27.327],[-49.225,-27.321]]]}},{"type":"Feature","properties":{"id":"4209854","nome":"Lind\u00f3ia do Sul"},"geometry":{"type":"Polygon","coordinates":[[[-52.012,-26.949],[-52.014,-26.953],[-52.006,-26.959],[-51.999,-26.983],[-52.007,-26.985],[-52.004,-27.0],[-52.011,-27.004],[-52.019,-27.02],[-52.006,-27.021],[-52.008,-27.035],[-52.0,-27.035],[-51.995,-27.039],[-52.0,-27.058],[-51.996,-27.068],[-51.998,-27.097],[-51.992,-27.103],[-51.991,-27.114],[-51.994,-27.117],[-51.991,-27.12],[-51.996,-27.135],[-52.005,-27.133],[-52.009,-27.126],[-52.013,-27.126],[-52.018,-27.133],[-52.017,-27.139],[-52.024,-27.138],[-52.03,-27.144],[-52.038,-27.138],[-52.045,-27.14],[-52.047,-27.118],[-52.053,-27.115],[-52.044,-27.11],[-52.046,-27.108],[-52.046,-27.099],[-52.05,-27.096],[-52.061,-27.102],[-52.064,-27.1],[-52.064,-27.08],[-52.084,-27.08],[-52.084,-27.076],[-52.09,-27.075],[-52.095,-27.056],[-52.101,-27.055],[-52.112,-27.053],[-52.118,-27.056],[-52.123,-27.038],[-52.119,-27.014],[-52.125,-27.013],[-52.128,-27.008],[-52.107,-26.997],[-52.118,-26.983],[-52.112,-26.973],[-52.117,-26.97],[-52.112,-26.963],[-52.109,-26.955],[-52.102,-26.95],[-52.094,-26.951],[-52.093,-26.946],[-52.082,-26.952],[-52.072,-26.942],[-52.07,-26.953],[-52.067,-26.96],[-52.055,-26.961],[-52.053,-26.959],[-52.055,-26.952],[-52.048,-26.952],[-52.042,-26.957],[-52.039,-26.954],[-52.04,-26.947],[-52.036,-26.948],[-52.031,-26.943],[-52.031,-26.948],[-52.024,-26.95],[-52.014,-26.942],[-52.012,-26.949]]]}},{"type":"Feature","properties":{"id":"4209904","nome":"Lontras"},"geometry":{"type":"Polygon","coordinates":[[[-49.517,-27.079],[-49.51,-27.083],[-49.495,-27.079],[-49.491,-27.083],[-49.493,-27.087],[-49.477,-27.095],[-49.466,-27.105],[-49.471,-27.106],[-49.466,-27.114],[-49.467,-27.125],[-49.461,-27.147],[-49.456,-27.157],[-49.464,-27.171],[-49.437,-27.185],[-49.455,-27.198],[-49.457,-27.207],[-49.46,-27.21],[-49.458,-27.211],[-49.463,-27.227],[-49.449,-27.245],[-49.451,-27.249],[-49.446,-27.255],[-49.453,-27.272],[-49.467,-27.28],[-49.474,-27.289],[-49.485,-27.292],[-49.489,-27.298],[-49.497,-27.298],[-49.51,-27.283],[-49.51,-27.277],[-49.527,-27.272],[-49.536,-27.256],[-49.544,-27.25],[-49.551,-27.235],[-49.551,-27.232],[-49.543,-27.228],[-49.543,-27.218],[-49.555,-27.207],[-49.572,-27.179],[-49.572,-27.178],[-49.574,-27.174],[-49.576,-27.168],[-49.575,-27.162],[-49.572,-27.144],[-49.592,-27.143],[-49.593,-27.127],[-49.577,-27.127],[-49.545,-27.115],[-49.54,-27.116],[-49.532,-27.12],[-49.526,-27.133],[-49.516,-27.134],[-49.516,-27.123],[-49.517,-27.113],[-49.513,-27.108],[-49.508,-27.106],[-49.502,-27.109],[-49.499,-27.105],[-49.517,-27.085],[-49.517,-27.079]]]}},{"type":"Feature","properties":{"id":"4210001","nome":"Luiz Alves"},"geometry":{"type":"Polygon","coordinates":[[[-48.834,-26.63],[-48.832,-26.641],[-48.817,-26.638],[-48.819,-26.646],[-48.815,-26.648],[-48.815,-26.657],[-48.808,-26.658],[-48.8,-26.679],[-48.804,-26.682],[-48.806,-26.697],[-48.801,-26.712],[-48.807,-26.719],[-48.817,-26.74],[-48.822,-26.743],[-48.823,-26.749],[-48.823,-26.761],[-48.811,-26.768],[-48.808,-26.775],[-48.811,-26.789],[-48.802,-26.794],[-48.802,-26.798],[-48.794,-26.804],[-48.807,-26.814],[-48.814,-26.813],[-48.815,-26.817],[-48.811,-26.819],[-48.82,-26.823],[-48.836,-26.811],[-48.865,-26.787],[-48.898,-26.762],[-48.909,-26.765],[-48.939,-26.782],[-48.97,-26.789],[-48.979,-26.799],[-48.979,-26.805],[-48.986,-26.807],[-48.996,-26.806],[-49.0,-26.802],[-49.001,-26.792],[-48.999,-26.787],[-49.003,-26.784],[-49.006,-26.783],[-49.014,-26.789],[-49.021,-26.788],[-49.03,-26.778],[-49.035,-26.773],[-49.026,-26.764],[-49.014,-26.763],[-49.013,-26.746],[-48.998,-26.748],[-48.994,-26.744],[-48.989,-26.737],[-48.978,-26.735],[-48.975,-26.726],[-48.963,-26.72],[-48.953,-26.708],[-48.937,-26.693],[-48.933,-26.673],[-48.924,-26.668],[-48.918,-26.645],[-48.908,-26.65],[-48.901,-26.648],[-48.899,-26.658],[-48.891,-26.657],[-48.885,-26.658],[-48.878,-26.642],[-48.856,-26.634],[-48.853,-26.633],[-48.844,-26.632],[-48.843,-26.627],[-48.834,-26.63]]]}},{"type":"Feature","properties":{"id":"4210035","nome":"Luzerna"},"geometry":{"type":"Polygon","coordinates":[[[-51.519,-27.046],[-51.514,-27.05],[-51.506,-27.05],[-51.503,-27.059],[-51.498,-27.049],[-51.49,-27.049],[-51.496,-27.055],[-51.492,-27.062],[-51.48,-27.052],[-51.483,-27.046],[-51.476,-27.054],[-51.466,-27.051],[-51.473,-27.061],[-51.465,-27.058],[-51.457,-27.07],[-51.459,-27.072],[-51.449,-27.073],[-51.445,-27.069],[-51.434,-27.071],[-51.436,-27.065],[-51.433,-27.066],[-51.429,-27.075],[-51.435,-27.081],[-51.427,-27.08],[-51.427,-27.09],[-51.432,-27.095],[-51.43,-27.104],[-51.437,-27.112],[-51.436,-27.116],[-51.431,-27.117],[-51.436,-27.13],[-51.44,-27.133],[-51.446,-27.132],[-51.454,-27.131],[-51.464,-27.135],[-51.475,-27.134],[-51.48,-27.145],[-51.485,-27.143],[-51.493,-27.139],[-51.511,-27.135],[-51.529,-27.124],[-51.558,-27.109],[-51.558,-27.1],[-51.563,-27.092],[-51.577,-27.083],[-51.588,-27.082],[-51.594,-27.077],[-51.602,-27.062],[-51.601,-27.052],[-51.587,-27.052],[-51.583,-27.048],[-51.574,-27.048],[-51.542,-27.057],[-51.531,-27.052],[-51.524,-27.047],[-51.522,-27.05],[-51.519,-27.046]]]}},{"type":"Feature","properties":{"id":"4210050","nome":"Macieira"},"geometry":{"type":"Polygon","coordinates":[[[-51.398,-26.725],[-51.392,-26.733],[-51.383,-26.732],[-51.372,-26.739],[-51.365,-26.735],[-51.336,-26.735],[-51.322,-26.745],[-51.31,-26.746],[-51.297,-26.758],[-51.291,-26.766],[-51.256,-26.773],[-51.254,-26.788],[-51.25,-26.788],[-51.249,-26.794],[-51.238,-26.802],[-51.237,-26.813],[-51.245,-26.816],[-51.237,-26.825],[-51.245,-26.826],[-51.248,-26.832],[-51.244,-26.833],[-51.26,-26.838],[-51.269,-26.847],[-51.277,-26.849],[-51.283,-26.862],[-51.273,-26.859],[-51.272,-26.868],[-51.279,-26.868],[-51.286,-26.873],[-51.284,-26.877],[-51.291,-26.881],[-51.297,-26.874],[-51.323,-26.866],[-51.339,-26.875],[-51.369,-26.869],[-51.382,-26.866],[-51.438,-26.854],[-51.433,-26.852],[-51.427,-26.842],[-51.431,-26.838],[-51.427,-26.833],[-51.433,-26.83],[-51.433,-26.824],[-51.452,-26.814],[-51.463,-26.813],[-51.464,-26.808],[-51.472,-26.808],[-51.47,-26.797],[-51.473,-26.79],[-51.461,-26.782],[-51.457,-26.773],[-51.448,-26.772],[-51.411,-26.72],[-51.398,-26.725]]]}},{"type":"Feature","properties":{"id":"4210100","nome":"Mafra"},"geometry":{"type":"Polygon","coordinates":[[[-49.94,-26.025],[-49.935,-26.032],[-49.915,-26.025],[-49.904,-26.026],[-49.898,-26.034],[-49.891,-26.029],[-49.865,-26.035],[-49.87,-26.043],[-49.864,-26.046],[-49.862,-26.055],[-49.842,-26.064],[-49.835,-26.052],[-49.831,-26.053],[-49.833,-26.067],[-49.843,-26.072],[-49.84,-26.076],[-49.831,-26.068],[-49.828,-26.073],[-49.83,-26.083],[-49.824,-26.093],[-49.816,-26.094],[-49.808,-26.088],[-49.806,-26.103],[-49.802,-26.11],[-49.789,-26.112],[-49.787,-26.098],[-49.782,-26.114],[-49.776,-26.119],[-49.773,-26.118],[-49.768,-26.11],[-49.778,-26.107],[-49.775,-26.1],[-49.768,-26.104],[-49.764,-26.113],[-49.751,-26.119],[-49.748,-26.14],[-49.74,-26.138],[-49.735,-26.142],[-49.724,-26.143],[-49.737,-26.157],[-49.728,-26.169],[-49.726,-26.171],[-49.71,-26.154],[-49.699,-26.161],[-49.688,-26.176],[-49.676,-26.175],[-49.69,-26.188],[-49.68,-26.186],[-49.674,-26.191],[-49.673,-26.184],[-49.663,-26.191],[-49.66,-26.187],[-49.653,-26.187],[-49.653,-26.193],[-49.648,-26.195],[-49.65,-26.207],[-49.646,-26.209],[-49.634,-26.201],[-49.636,-26.191],[-49.634,-26.189],[-49.63,-26.191],[-49.626,-26.201],[-49.635,-26.208],[-49.621,-26.215],[-49.617,-26.214],[-49.614,-26.207],[-49.612,-26.213],[-49.606,-26.211],[-49.603,-26.227],[-49.606,-26.224],[-49.611,-26.226],[-49.617,-26.234],[-49.612,-26.239],[-49.62,-26.24],[-49.622,-26.243],[-49.617,-26.25],[-49.618,-26.254],[-49.618,-26.255],[-49.62,-26.265],[-49.627,-26.271],[-49.621,-26.279],[-49.632,-26.287],[-49.632,-26.29],[-49.626,-26.288],[-49.617,-26.293],[-49.633,-26.294],[-49.631,-26.297],[-49.634,-26.305],[-49.625,-26.304],[-49.625,-26.311],[-49.619,-26.314],[-49.611,-26.312],[-49.622,-26.319],[-49.612,-26.335],[-49.616,-26.338],[-49.626,-26.33],[-49.629,-26.335],[-49.626,-26.343],[-49.641,-26.34],[-49.653,-26.35],[-49.652,-26.354],[-49.644,-26.354],[-49.651,-26.354],[-49.646,-26.358],[-49.651,-26.365],[-49.636,-26.361],[-49.641,-26.368],[-49.633,-26.371],[-49.634,-26.379],[-49.636,-26.38],[-49.636,-26.375],[-49.639,-26.373],[-49.65,-26.38],[-49.651,-26.376],[-49.665,-26.378],[-49.666,-26.383],[-49.676,-26.392],[-49.685,-26.386],[-49.687,-26.39],[-49.69,-26.387],[-49.693,-26.389],[-49.688,-26.394],[-49.695,-26.395],[-49.698,-26.396],[-49.698,-26.406],[-49.702,-26.401],[-49.703,-26.409],[-49.709,-26.406],[-49.707,-26.41],[-49.712,-26.413],[-49.713,-26.423],[-49.715,-26.412],[-49.721,-26.414],[-49.727,-26.428],[-49.729,-26.422],[-49.726,-26.42],[-49.73,-26.416],[-49.741,-26.433],[-49.747,-26.433],[-49.744,-26.444],[-49.75,-26.447],[-49.751,-26.456],[-49.762,-26.46],[-49.749,-26.469],[-49.761,-26.47],[-49.764,-26.473],[-49.767,-26.47],[-49.77,-26.475],[-49.783,-26.482],[-49.79,-26.481],[-49.793,-26.485],[-49.802,-26.483],[-49.807,-26.488],[-49.814,-26.484],[-49.814,-26.468],[-49.781,-26.428],[-49.787,-26.423],[-49.79,-26.406],[-49.82,-26.367],[-49.817,-26.356],[-49.813,-26.356],[-49.811,-26.344],[-49.805,-26.344],[-49.804,-26.347],[-49.801,-26.343],[-49.804,-26.339],[-49.799,-26.334],[-49.805,-26.335],[-49.807,-26.33],[-49.808,-26.326],[-49.814,-26.325],[-49.807,-26.314],[-49.812,-26.314],[-49.814,-26.307],[-49.809,-26.306],[-49.808,-26.302],[-49.815,-26.291],[-49.825,-26.276],[-49.845,-26.245],[-49.852,-26.239],[-49.863,-26.248],[-49.88,-26.252],[-49.887,-26.25],[-49.897,-26.232],[-49.901,-26.232],[-49.91,-26.247],[-49.92,-26.247],[-49.941,-26.254],[-49.962,-26.257],[-49.98,-26.278],[-49.984,-26.277],[-49.994,-26.278],[-50.0,-26.279],[-50.018,-26.265],[-50.027,-26.267],[-50.036,-26.262],[-50.043,-26.27],[-50.063,-26.275],[-50.066,-26.28],[-50.074,-26.281],[-50.081,-26.273],[-50.09,-26.271],[-50.093,-26.274],[-50.093,-26.279],[-50.096,-26.276],[-50.104,-26.277],[-50.11,-26.274],[-50.114,-26.282],[-50.123,-26.274],[-50.122,-26.269],[-50.114,-26.264],[-50.112,-26.257],[-50.116,-26.254],[-50.122,-26.253],[-50.126,-26.257],[-50.133,-26.249],[-50.135,-26.252],[-50.148,-26.248],[-50.143,-26.238],[-50.14,-26.243],[-50.137,-26.239],[-50.146,-26.227],[-50.14,-26.222],[-50.15,-26.221],[-50.153,-26.21],[-50.153,-26.207],[-50.147,-26.206],[-50.144,-26.2],[-50.13,-26.207],[-50.125,-26.204],[-50.136,-26.174],[-50.133,-26.173],[-50.135,-26.17],[-50.128,-26.169],[-50.128,-26.164],[-50.135,-26.163],[-50.141,-26.168],[-50.144,-26.166],[-50.147,-26.159],[-50.146,-26.152],[-50.152,-26.151],[-50.153,-26.147],[-50.156,-26.149],[-50.161,-26.141],[-50.158,-26.139],[-50.154,-26.137],[-50.159,-26.132],[-50.167,-26.122],[-50.167,-26.116],[-50.171,-26.121],[-50.184,-26.114],[-50.189,-26.091],[-50.196,-26.084],[-50.207,-26.083],[-50.201,-26.074],[-50.193,-26.071],[-50.181,-26.079],[-50.174,-26.064],[-50.171,-26.065],[-50.157,-26.048],[-50.155,-26.042],[-50.163,-26.036],[-50.164,-26.043],[-50.171,-26.042],[-50.176,-26.034],[-50.182,-26.034],[-50.179,-26.028],[-50.171,-26.025],[-50.164,-26.027],[-50.151,-26.023],[-50.142,-26.027],[-50.152,-26.051],[-50.148,-26.06],[-50.144,-26.05],[-50.134,-26.043],[-50.121,-26.064],[-50.118,-26.051],[-50.111,-26.053],[-50.11,-26.059],[-50.105,-26.055],[-50.1,-26.05],[-50.099,-26.05],[-50.092,-26.043],[-50.088,-26.028],[-50.084,-26.023],[-50.081,-26.024],[-50.081,-26.041],[-50.077,-26.047],[-50.072,-26.035],[-50.064,-26.033],[-50.056,-26.036],[-50.04,-26.026],[-50.032,-26.027],[-50.006,-26.045],[-50.003,-26.038],[-50.011,-26.026],[-50.011,-26.014],[-50.008,-26.013],[-49.998,-26.015],[-49.993,-26.011],[-49.983,-26.014],[-49.975,-26.014],[-49.969,-26.017],[-49.963,-26.026],[-49.966,-26.04],[-49.977,-26.053],[-49.972,-26.058],[-49.948,-26.03],[-49.96,-26.02],[-49.953,-26.018],[-49.941,-26.008],[-49.934,-26.018],[-49.94,-26.025]]]}},{"type":"Feature","properties":{"id":"4210209","nome":"Major Gercino"},"geometry":{"type":"Polygon","coordinates":[[[-48.971,-27.341],[-48.967,-27.345],[-48.96,-27.345],[-48.96,-27.349],[-48.953,-27.354],[-48.949,-27.371],[-48.938,-27.37],[-48.938,-27.373],[-48.926,-27.381],[-48.919,-27.375],[-48.912,-27.376],[-48.918,-27.382],[-48.914,-27.394],[-48.916,-27.409],[-48.912,-27.411],[-48.921,-27.422],[-48.909,-27.432],[-48.903,-27.434],[-48.896,-27.444],[-48.907,-27.449],[-48.911,-27.455],[-48.919,-27.457],[-48.92,-27.461],[-48.954,-27.452],[-48.955,-27.448],[-48.967,-27.45],[-48.972,-27.454],[-48.985,-27.449],[-48.99,-27.45],[-49.01,-27.467],[-49.01,-27.473],[-49.019,-27.482],[-49.024,-27.48],[-49.033,-27.483],[-49.033,-27.476],[-49.041,-27.468],[-49.043,-27.458],[-49.049,-27.456],[-49.045,-27.447],[-49.047,-27.444],[-49.058,-27.451],[-49.069,-27.447],[-49.074,-27.454],[-49.083,-27.455],[-49.088,-27.47],[-49.095,-27.471],[-49.098,-27.485],[-49.114,-27.487],[-49.122,-27.501],[-49.128,-27.502],[-49.139,-27.5],[-49.15,-27.49],[-49.172,-27.491],[-49.181,-27.502],[-49.193,-27.497],[-49.211,-27.499],[-49.225,-27.492],[-49.217,-27.483],[-49.223,-27.481],[-49.226,-27.475],[-49.217,-27.469],[-49.221,-27.457],[-49.22,-27.447],[-49.224,-27.442],[-49.215,-27.432],[-49.222,-27.421],[-49.213,-27.415],[-49.203,-27.408],[-49.189,-27.407],[-49.163,-27.42],[-49.146,-27.421],[-49.142,-27.425],[-49.13,-27.42],[-49.122,-27.412],[-49.125,-27.408],[-49.118,-27.396],[-49.097,-27.396],[-49.087,-27.4],[-49.082,-27.404],[-49.08,-27.4],[-49.063,-27.397],[-49.058,-27.387],[-49.046,-27.384],[-49.039,-27.375],[-49.015,-27.371],[-49.008,-27.376],[-49.0,-27.362],[-48.976,-27.35],[-48.971,-27.341]]]}},{"type":"Feature","properties":{"id":"4210308","nome":"Major Vieira"},"geometry":{"type":"Polygon","coordinates":[[[-50.287,-26.291],[-50.289,-26.296],[-50.284,-26.308],[-50.282,-26.319],[-50.278,-26.316],[-50.275,-26.323],[-50.276,-26.328],[-50.285,-26.333],[-50.284,-26.336],[-50.28,-26.335],[-50.281,-26.338],[-50.288,-26.347],[-50.281,-26.35],[-50.286,-26.354],[-50.284,-26.355],[-50.287,-26.357],[-50.285,-26.362],[-50.289,-26.371],[-50.288,-26.372],[-50.28,-26.393],[-50.293,-26.407],[-50.291,-26.414],[-50.285,-26.415],[-50.286,-26.418],[-50.277,-26.416],[-50.277,-26.412],[-50.272,-26.414],[-50.274,-26.411],[-50.271,-26.411],[-50.271,-26.406],[-50.264,-26.407],[-50.27,-26.413],[-50.266,-26.417],[-50.274,-26.422],[-50.267,-26.438],[-50.271,-26.448],[-50.267,-26.447],[-50.271,-26.456],[-50.269,-26.463],[-50.265,-26.464],[-50.269,-26.467],[-50.268,-26.471],[-50.266,-26.469],[-50.261,-26.475],[-50.263,-26.484],[-50.261,-26.491],[-50.25,-26.496],[-50.25,-26.5],[-50.246,-26.496],[-50.24,-26.497],[-50.241,-26.504],[-50.236,-26.505],[-50.232,-26.513],[-50.232,-26.517],[-50.238,-26.519],[-50.233,-26.528],[-50.237,-26.527],[-50.239,-26.534],[-50.245,-26.534],[-50.248,-26.538],[-50.253,-26.538],[-50.258,-26.534],[-50.263,-26.528],[-50.271,-26.53],[-50.273,-26.542],[-50.292,-26.544],[-50.292,-26.554],[-50.298,-26.553],[-50.305,-26.563],[-50.313,-26.556],[-50.318,-26.559],[-50.324,-26.557],[-50.341,-26.571],[-50.354,-26.571],[-50.356,-26.576],[-50.365,-26.575],[-50.366,-26.585],[-50.361,-26.595],[-50.373,-26.606],[-50.375,-26.61],[-50.376,-26.625],[-50.382,-26.63],[-50.388,-26.64],[-50.4,-26.647],[-50.404,-26.646],[-50.414,-26.65],[-50.421,-26.643],[-50.44,-26.653],[-50.426,-26.669],[-50.438,-26.684],[-50.434,-26.7],[-50.43,-26.707],[-50.417,-26.71],[-50.409,-26.725],[-50.416,-26.728],[-50.438,-26.713],[-50.452,-26.711],[-50.461,-26.703],[-50.471,-26.701],[-50.469,-26.663],[-50.48,-26.653],[-50.487,-26.655],[-50.492,-26.648],[-50.488,-26.646],[-50.492,-26.642],[-50.484,-26.633],[-50.463,-26.627],[-50.463,-26.624],[-50.45,-26.614],[-50.437,-26.615],[-50.427,-26.605],[-50.413,-26.607],[-50.413,-26.6],[-50.431,-26.6],[-50.443,-26.591],[-50.44,-26.576],[-50.43,-26.574],[-50.418,-26.579],[-50.401,-26.569],[-50.406,-26.556],[-50.423,-26.545],[-50.432,-26.523],[-50.449,-26.513],[-50.454,-26.5],[-50.454,-26.494],[-50.444,-26.477],[-50.451,-26.461],[-50.435,-26.447],[-50.432,-26.439],[-50.435,-26.432],[-50.431,-26.425],[-50.417,-26.41],[-50.418,-26.392],[-50.426,-26.379],[-50.419,-26.367],[-50.411,-26.365],[-50.412,-26.354],[-50.403,-26.347],[-50.383,-26.338],[-50.378,-26.331],[-50.368,-26.331],[-50.358,-26.322],[-50.347,-26.317],[-50.339,-26.306],[-50.334,-26.307],[-50.331,-26.304],[-50.317,-26.293],[-50.315,-26.295],[-50.31,-26.293],[-50.3,-26.295],[-50.296,-26.286],[-50.287,-26.291]]]}},{"type":"Feature","properties":{"id":"4210407","nome":"Maracaj\u00e1"},"geometry":{"type":"Polygon","coordinates":[[[-49.425,-28.814],[-49.409,-28.826],[-49.408,-28.826],[-49.406,-28.827],[-49.403,-28.83],[-49.399,-28.833],[-49.421,-28.878],[-49.423,-28.882],[-49.432,-28.909],[-49.443,-28.909],[-49.449,-28.902],[-49.461,-28.901],[-49.466,-28.888],[-49.472,-28.884],[-49.494,-28.883],[-49.503,-28.887],[-49.505,-28.892],[-49.514,-28.893],[-49.514,-28.885],[-49.524,-28.872],[-49.522,-28.861],[-49.517,-28.858],[-49.516,-28.853],[-49.508,-28.856],[-49.507,-28.848],[-49.5,-28.851],[-49.489,-28.849],[-49.49,-28.844],[-49.484,-28.848],[-49.484,-28.845],[-49.476,-28.843],[-49.459,-28.845],[-49.456,-28.845],[-49.453,-28.843],[-49.446,-28.84],[-49.448,-28.829],[-49.44,-28.825],[-49.433,-28.826],[-49.432,-28.818],[-49.428,-28.819],[-49.425,-28.814]]]}},{"type":"Feature","properties":{"id":"4210506","nome":"Maravilha"},"geometry":{"type":"Polygon","coordinates":[[[-53.178,-26.704],[-53.164,-26.717],[-53.162,-26.713],[-53.159,-26.72],[-53.138,-26.724],[-53.128,-26.72],[-53.123,-26.722],[-53.124,-26.729],[-53.109,-26.726],[-53.106,-26.729],[-53.105,-26.736],[-53.109,-26.74],[-53.102,-26.743],[-53.104,-26.749],[-53.108,-26.747],[-53.11,-26.749],[-53.101,-26.759],[-53.091,-26.763],[-53.091,-26.766],[-53.096,-26.768],[-53.095,-26.772],[-53.11,-26.774],[-53.116,-26.782],[-53.125,-26.785],[-53.122,-26.795],[-53.125,-26.801],[-53.12,-26.809],[-53.131,-26.81],[-53.156,-26.8],[-53.166,-26.805],[-53.178,-26.805],[-53.181,-26.805],[-53.195,-26.801],[-53.202,-26.802],[-53.205,-26.806],[-53.207,-26.803],[-53.21,-26.805],[-53.217,-26.802],[-53.216,-26.809],[-53.226,-26.808],[-53.234,-26.814],[-53.241,-26.813],[-53.248,-26.798],[-53.25,-26.803],[-53.259,-26.796],[-53.262,-26.789],[-53.27,-26.792],[-53.277,-26.78],[-53.295,-26.783],[-53.297,-26.768],[-53.305,-26.765],[-53.297,-26.754],[-53.298,-26.748],[-53.292,-26.75],[-53.288,-26.745],[-53.291,-26.742],[-53.292,-26.737],[-53.285,-26.734],[-53.284,-26.729],[-53.271,-26.723],[-53.272,-26.718],[-53.259,-26.715],[-53.245,-26.718],[-53.23,-26.718],[-53.221,-26.725],[-53.208,-26.725],[-53.195,-26.71],[-53.195,-26.701],[-53.178,-26.694],[-53.178,-26.704]]]}},{"type":"Feature","properties":{"id":"4210555","nome":"Marema"},"geometry":{"type":"Polygon","coordinates":[[[-52.65,-26.753],[-52.651,-26.764],[-52.637,-26.779],[-52.628,-26.779],[-52.623,-26.771],[-52.602,-26.763],[-52.603,-26.768],[-52.611,-26.769],[-52.612,-26.772],[-52.602,-26.79],[-52.591,-26.798],[-52.585,-26.801],[-52.58,-26.795],[-52.573,-26.798],[-52.565,-26.792],[-52.55,-26.795],[-52.551,-26.801],[-52.559,-26.811],[-52.558,-26.834],[-52.553,-26.843],[-52.558,-26.846],[-52.57,-26.842],[-52.573,-26.839],[-52.577,-26.842],[-52.59,-26.839],[-52.603,-26.844],[-52.608,-26.853],[-52.605,-26.861],[-52.621,-26.865],[-52.656,-26.853],[-52.717,-26.803],[-52.714,-26.799],[-52.7,-26.8],[-52.683,-26.806],[-52.68,-26.802],[-52.668,-26.797],[-52.665,-26.786],[-52.696,-26.769],[-52.696,-26.761],[-52.677,-26.763],[-52.662,-26.755],[-52.65,-26.753]]]}},{"type":"Feature","properties":{"id":"4210605","nome":"Massaranduba"},"geometry":{"type":"Polygon","coordinates":[[[-49.05,-26.527],[-49.045,-26.535],[-49.019,-26.533],[-49.021,-26.541],[-49.016,-26.546],[-49.012,-26.572],[-49.011,-26.572],[-49.003,-26.569],[-48.98,-26.573],[-48.979,-26.573],[-48.977,-26.572],[-48.974,-26.57],[-48.948,-26.555],[-48.942,-26.545],[-48.932,-26.544],[-48.928,-26.54],[-48.923,-26.542],[-48.899,-26.542],[-48.889,-26.554],[-48.88,-26.551],[-48.878,-26.563],[-48.86,-26.562],[-48.857,-26.577],[-48.862,-26.584],[-48.86,-26.586],[-48.853,-26.594],[-48.851,-26.597],[-48.854,-26.599],[-48.853,-26.633],[-48.856,-26.634],[-48.878,-26.642],[-48.885,-26.658],[-48.891,-26.657],[-48.899,-26.658],[-48.901,-26.648],[-48.908,-26.65],[-48.918,-26.645],[-48.924,-26.668],[-48.933,-26.673],[-48.937,-26.693],[-48.953,-26.708],[-48.963,-26.72],[-48.975,-26.726],[-48.978,-26.735],[-48.989,-26.737],[-48.994,-26.744],[-48.998,-26.748],[-49.013,-26.746],[-49.014,-26.763],[-49.026,-26.764],[-49.035,-26.773],[-49.045,-26.752],[-49.05,-26.744],[-49.04,-26.733],[-49.039,-26.728],[-49.045,-26.724],[-49.044,-26.714],[-49.049,-26.708],[-49.033,-26.697],[-49.025,-26.685],[-49.018,-26.684],[-49.032,-26.661],[-49.036,-26.66],[-49.047,-26.649],[-49.056,-26.656],[-49.068,-26.653],[-49.07,-26.648],[-49.074,-26.654],[-49.099,-26.656],[-49.102,-26.659],[-49.107,-26.658],[-49.106,-26.651],[-49.111,-26.65],[-49.114,-26.638],[-49.11,-26.631],[-49.114,-26.624],[-49.114,-26.612],[-49.106,-26.599],[-49.107,-26.592],[-49.108,-26.582],[-49.099,-26.572],[-49.09,-26.57],[-49.093,-26.563],[-49.089,-26.558],[-49.089,-26.547],[-49.086,-26.548],[-49.072,-26.544],[-49.06,-26.541],[-49.061,-26.533],[-49.053,-26.515],[-49.05,-26.515],[-49.05,-26.527]]]}},{"type":"Feature","properties":{"id":"4210704","nome":"Matos Costa"},"geometry":{"type":"Polygon","coordinates":[[[-51.259,-26.401],[-51.232,-26.408],[-51.202,-26.428],[-51.204,-26.439],[-51.196,-26.448],[-51.191,-26.451],[-51.181,-26.445],[-51.157,-26.43],[-51.158,-26.424],[-51.154,-26.419],[-51.138,-26.415],[-51.127,-26.4],[-51.119,-26.4],[-51.117,-26.391],[-51.105,-26.392],[-51.101,-26.395],[-51.099,-26.392],[-51.062,-26.402],[-51.058,-26.395],[-51.053,-26.4],[-51.045,-26.396],[-51.042,-26.395],[-51.025,-26.406],[-50.997,-26.404],[-50.994,-26.408],[-50.986,-26.403],[-50.965,-26.428],[-50.981,-26.428],[-50.977,-26.441],[-50.99,-26.448],[-50.997,-26.447],[-51.0,-26.458],[-51.009,-26.46],[-51.005,-26.465],[-50.999,-26.462],[-50.998,-26.466],[-50.997,-26.485],[-51.005,-26.486],[-51.011,-26.491],[-51.011,-26.496],[-51.02,-26.499],[-51.025,-26.498],[-51.047,-26.513],[-51.052,-26.507],[-51.075,-26.515],[-51.085,-26.531],[-51.103,-26.546],[-51.111,-26.549],[-51.105,-26.558],[-51.107,-26.562],[-51.12,-26.558],[-51.126,-26.558],[-51.136,-26.567],[-51.134,-26.588],[-51.146,-26.603],[-51.159,-26.6],[-51.173,-26.601],[-51.184,-26.592],[-51.186,-26.596],[-51.195,-26.608],[-51.201,-26.598],[-51.224,-26.593],[-51.227,-26.585],[-51.224,-26.576],[-51.215,-26.57],[-51.228,-26.562],[-51.229,-26.555],[-51.223,-26.55],[-51.24,-26.545],[-51.239,-26.539],[-51.247,-26.538],[-51.251,-26.52],[-51.257,-26.52],[-51.265,-26.512],[-51.263,-26.507],[-51.272,-26.505],[-51.269,-26.5],[-51.274,-26.497],[-51.268,-26.49],[-51.261,-26.491],[-51.266,-26.482],[-51.25,-26.474],[-51.26,-26.47],[-51.253,-26.463],[-51.267,-26.46],[-51.271,-26.457],[-51.278,-26.458],[-51.28,-26.454],[-51.274,-26.445],[-51.291,-26.437],[-51.294,-26.426],[-51.297,-26.422],[-51.299,-26.419],[-51.294,-26.417],[-51.287,-26.414],[-51.292,-26.404],[-51.289,-26.4],[-51.275,-26.401],[-51.278,-26.39],[-51.273,-26.388],[-51.27,-26.387],[-51.259,-26.401]]]}},{"type":"Feature","properties":{"id":"4210803","nome":"Meleiro"},"geometry":{"type":"Polygon","coordinates":[[[-49.65,-28.748],[-49.636,-28.76],[-49.63,-28.751],[-49.606,-28.752],[-49.607,-28.757],[-49.595,-28.764],[-49.595,-28.776],[-49.596,-28.802],[-49.573,-28.804],[-49.56,-28.812],[-49.558,-28.818],[-49.556,-28.816],[-49.552,-28.817],[-49.552,-28.822],[-49.547,-28.825],[-49.545,-28.828],[-49.534,-28.831],[-49.535,-28.835],[-49.531,-28.834],[-49.531,-28.842],[-49.525,-28.84],[-49.526,-28.848],[-49.523,-28.851],[-49.525,-28.853],[-49.519,-28.851],[-49.517,-28.858],[-49.522,-28.861],[-49.524,-28.872],[-49.514,-28.885],[-49.514,-28.893],[-49.51,-28.908],[-49.517,-28.911],[-49.516,-28.916],[-49.526,-28.912],[-49.535,-28.917],[-49.54,-28.917],[-49.543,-28.906],[-49.556,-28.9],[-49.562,-28.905],[-49.57,-28.904],[-49.579,-28.91],[-49.582,-28.906],[-49.604,-28.903],[-49.606,-28.907],[-49.609,-28.902],[-49.614,-28.909],[-49.613,-28.905],[-49.62,-28.906],[-49.626,-28.9],[-49.634,-28.899],[-49.64,-28.898],[-49.642,-28.886],[-49.65,-28.885],[-49.656,-28.886],[-49.657,-28.883],[-49.66,-28.885],[-49.67,-28.873],[-49.673,-28.874],[-49.678,-28.871],[-49.676,-28.869],[-49.681,-28.868],[-49.677,-28.862],[-49.671,-28.825],[-49.658,-28.827],[-49.649,-28.82],[-49.663,-28.807],[-49.66,-28.803],[-49.663,-28.801],[-49.663,-28.793],[-49.669,-28.789],[-49.663,-28.772],[-49.666,-28.757],[-49.671,-28.753],[-49.65,-28.748]]]}},{"type":"Feature","properties":{"id":"4210852","nome":"Mirim Doce"},"geometry":{"type":"Polygon","coordinates":[[[-50.315,-27.088],[-50.306,-27.106],[-50.297,-27.112],[-50.288,-27.109],[-50.282,-27.094],[-50.248,-27.1],[-50.246,-27.115],[-50.235,-27.122],[-50.232,-27.131],[-50.231,-27.144],[-50.218,-27.149],[-50.201,-27.155],[-50.188,-27.148],[-50.16,-27.142],[-50.15,-27.133],[-50.138,-27.134],[-50.122,-27.144],[-50.105,-27.147],[-50.091,-27.14],[-50.085,-27.148],[-50.074,-27.145],[-50.061,-27.15],[-50.052,-27.176],[-50.047,-27.174],[-50.05,-27.173],[-50.046,-27.17],[-50.018,-27.174],[-50.008,-27.172],[-49.999,-27.181],[-49.991,-27.19],[-50.002,-27.206],[-50.003,-27.212],[-50.016,-27.21],[-50.026,-27.222],[-50.044,-27.216],[-50.042,-27.212],[-50.05,-27.204],[-50.053,-27.213],[-50.063,-27.218],[-50.064,-27.221],[-50.058,-27.226],[-50.067,-27.237],[-50.091,-27.242],[-50.129,-27.274],[-50.135,-27.275],[-50.144,-27.271],[-50.169,-27.274],[-50.175,-27.27],[-50.189,-27.252],[-50.199,-27.237],[-50.208,-27.245],[-50.22,-27.247],[-50.228,-27.242],[-50.238,-27.242],[-50.244,-27.235],[-50.258,-27.232],[-50.267,-27.226],[-50.261,-27.202],[-50.264,-27.197],[-50.273,-27.21],[-50.277,-27.206],[-50.289,-27.208],[-50.287,-27.183],[-50.293,-27.177],[-50.285,-27.172],[-50.283,-27.166],[-50.298,-27.161],[-50.303,-27.162],[-50.306,-27.168],[-50.304,-27.151],[-50.31,-27.152],[-50.309,-27.146],[-50.318,-27.145],[-50.313,-27.128],[-50.318,-27.126],[-50.32,-27.112],[-50.326,-27.107],[-50.33,-27.113],[-50.332,-27.101],[-50.338,-27.102],[-50.344,-27.098],[-50.349,-27.101],[-50.346,-27.092],[-50.328,-27.074],[-50.315,-27.075],[-50.313,-27.081],[-50.315,-27.088]]]}},{"type":"Feature","properties":{"id":"4210902","nome":"Modelo"},"geometry":{"type":"Polygon","coordinates":[[[-53.047,-26.738],[-53.049,-26.745],[-53.041,-26.744],[-53.027,-26.743],[-53.022,-26.746],[-53.021,-26.752],[-53.023,-26.754],[-53.006,-26.748],[-53.003,-26.74],[-52.994,-26.739],[-52.973,-26.744],[-52.966,-26.745],[-52.964,-26.748],[-52.969,-26.751],[-52.961,-26.754],[-52.963,-26.761],[-52.972,-26.762],[-52.985,-26.772],[-53.005,-26.774],[-53.007,-26.779],[-52.995,-26.793],[-53.001,-26.803],[-53.035,-26.808],[-53.034,-26.813],[-53.042,-26.813],[-53.044,-26.809],[-53.097,-26.806],[-53.104,-26.817],[-53.116,-26.815],[-53.12,-26.809],[-53.125,-26.801],[-53.122,-26.795],[-53.125,-26.785],[-53.116,-26.782],[-53.11,-26.774],[-53.095,-26.772],[-53.096,-26.768],[-53.091,-26.766],[-53.091,-26.763],[-53.101,-26.759],[-53.11,-26.749],[-53.108,-26.747],[-53.104,-26.749],[-53.102,-26.743],[-53.109,-26.74],[-53.086,-26.737],[-53.069,-26.737],[-53.049,-26.732],[-53.047,-26.738]]]}},{"type":"Feature","properties":{"id":"4211009","nome":"Monda\u00ed"},"geometry":{"type":"Polygon","coordinates":[[[-53.423,-27.015],[-53.413,-27.018],[-53.396,-27.008],[-53.389,-27.012],[-53.376,-27.013],[-53.376,-27.022],[-53.379,-27.029],[-53.389,-27.029],[-53.401,-27.026],[-53.398,-27.034],[-53.389,-27.037],[-53.368,-27.036],[-53.366,-27.066],[-53.346,-27.071],[-53.348,-27.076],[-53.33,-27.088],[-53.324,-27.097],[-53.334,-27.094],[-53.335,-27.11],[-53.343,-27.103],[-53.353,-27.112],[-53.363,-27.094],[-53.373,-27.09],[-53.38,-27.094],[-53.393,-27.11],[-53.401,-27.129],[-53.411,-27.141],[-53.418,-27.143],[-53.441,-27.15],[-53.458,-27.156],[-53.464,-27.154],[-53.469,-27.148],[-53.481,-27.134],[-53.491,-27.132],[-53.496,-27.133],[-53.501,-27.134],[-53.508,-27.145],[-53.505,-27.159],[-53.493,-27.175],[-53.488,-27.193],[-53.493,-27.203],[-53.509,-27.203],[-53.516,-27.202],[-53.534,-27.189],[-53.544,-27.179],[-53.548,-27.176],[-53.547,-27.157],[-53.547,-27.149],[-53.538,-27.147],[-53.538,-27.14],[-53.525,-27.13],[-53.526,-27.121],[-53.521,-27.114],[-53.526,-27.092],[-53.519,-27.081],[-53.509,-27.078],[-53.499,-27.084],[-53.489,-27.083],[-53.486,-27.074],[-53.476,-27.069],[-53.476,-27.06],[-53.458,-27.044],[-53.451,-27.042],[-53.448,-27.027],[-53.446,-27.024],[-53.453,-27.014],[-53.448,-27.007],[-53.423,-27.015]]]}},{"type":"Feature","properties":{"id":"4211058","nome":"Monte Carlo"},"geometry":{"type":"Polygon","coordinates":[[[-50.931,-27.118],[-50.928,-27.12],[-50.923,-27.119],[-50.901,-27.125],[-50.881,-27.126],[-50.875,-27.132],[-50.873,-27.149],[-50.865,-27.155],[-50.854,-27.153],[-50.841,-27.163],[-50.844,-27.167],[-50.841,-27.169],[-50.846,-27.172],[-50.841,-27.176],[-50.843,-27.183],[-50.837,-27.183],[-50.834,-27.188],[-50.826,-27.191],[-50.826,-27.2],[-50.818,-27.206],[-50.818,-27.214],[-50.822,-27.217],[-50.821,-27.229],[-50.819,-27.241],[-50.829,-27.243],[-50.833,-27.241],[-50.831,-27.236],[-50.834,-27.225],[-50.845,-27.23],[-50.851,-27.228],[-50.85,-27.234],[-50.845,-27.235],[-50.844,-27.245],[-50.847,-27.249],[-50.851,-27.247],[-50.856,-27.247],[-50.86,-27.238],[-50.869,-27.241],[-50.878,-27.228],[-50.883,-27.232],[-50.894,-27.233],[-50.887,-27.228],[-50.89,-27.223],[-50.896,-27.221],[-50.895,-27.208],[-50.9,-27.206],[-50.909,-27.209],[-50.911,-27.207],[-50.953,-27.236],[-50.957,-27.24],[-50.97,-27.237],[-50.975,-27.243],[-50.989,-27.248],[-50.983,-27.271],[-51.0,-27.275],[-51.01,-27.263],[-51.021,-27.258],[-51.016,-27.253],[-51.018,-27.244],[-51.024,-27.242],[-51.022,-27.238],[-51.038,-27.233],[-51.028,-27.221],[-51.023,-27.202],[-51.026,-27.195],[-51.024,-27.193],[-51.018,-27.192],[-51.011,-27.173],[-50.994,-27.17],[-50.989,-27.164],[-50.979,-27.162],[-50.955,-27.149],[-50.945,-27.137],[-50.943,-27.128],[-50.931,-27.118]]]}},{"type":"Feature","properties":{"id":"4211108","nome":"Monte Castelo"},"geometry":{"type":"Polygon","coordinates":[[[-50.253,-26.445],[-50.247,-26.451],[-50.242,-26.448],[-50.23,-26.45],[-50.224,-26.45],[-50.222,-26.451],[-50.209,-26.445],[-50.196,-26.447],[-50.191,-26.444],[-50.186,-26.444],[-50.186,-26.455],[-50.168,-26.47],[-50.19,-26.479],[-50.19,-26.482],[-50.196,-26.489],[-50.198,-26.508],[-50.207,-26.521],[-50.204,-26.535],[-50.199,-26.54],[-50.202,-26.552],[-50.204,-26.571],[-50.204,-26.583],[-50.199,-26.589],[-50.198,-26.596],[-50.208,-26.613],[-50.208,-26.626],[-50.208,-26.63],[-50.208,-26.646],[-50.223,-26.678],[-50.226,-26.681],[-50.244,-26.698],[-50.246,-26.715],[-50.252,-26.719],[-50.254,-26.727],[-50.247,-26.731],[-50.243,-26.724],[-50.239,-26.729],[-50.238,-26.736],[-50.232,-26.74],[-50.232,-26.745],[-50.238,-26.748],[-50.237,-26.758],[-50.228,-26.764],[-50.22,-26.763],[-50.22,-26.77],[-50.212,-26.773],[-50.22,-26.793],[-50.216,-26.805],[-50.219,-26.813],[-50.231,-26.829],[-50.244,-26.836],[-50.245,-26.852],[-50.255,-26.863],[-50.26,-26.853],[-50.268,-26.852],[-50.28,-26.843],[-50.283,-26.832],[-50.29,-26.831],[-50.303,-26.837],[-50.311,-26.837],[-50.348,-26.828],[-50.337,-26.801],[-50.335,-26.782],[-50.312,-26.773],[-50.325,-26.763],[-50.339,-26.761],[-50.342,-26.758],[-50.353,-26.752],[-50.342,-26.742],[-50.356,-26.737],[-50.389,-26.739],[-50.404,-26.731],[-50.409,-26.725],[-50.417,-26.71],[-50.43,-26.707],[-50.434,-26.7],[-50.438,-26.684],[-50.426,-26.669],[-50.44,-26.653],[-50.421,-26.643],[-50.414,-26.65],[-50.404,-26.646],[-50.4,-26.647],[-50.388,-26.64],[-50.382,-26.63],[-50.376,-26.625],[-50.375,-26.61],[-50.373,-26.606],[-50.361,-26.595],[-50.366,-26.585],[-50.365,-26.575],[-50.356,-26.576],[-50.354,-26.571],[-50.341,-26.571],[-50.324,-26.557],[-50.318,-26.559],[-50.313,-26.556],[-50.305,-26.563],[-50.298,-26.553],[-50.292,-26.554],[-50.292,-26.544],[-50.273,-26.542],[-50.271,-26.53],[-50.263,-26.528],[-50.258,-26.534],[-50.253,-26.538],[-50.248,-26.538],[-50.245,-26.534],[-50.239,-26.534],[-50.237,-26.527],[-50.233,-26.528],[-50.238,-26.519],[-50.232,-26.517],[-50.232,-26.513],[-50.236,-26.505],[-50.241,-26.504],[-50.24,-26.497],[-50.246,-26.496],[-50.25,-26.5],[-50.25,-26.496],[-50.261,-26.491],[-50.263,-26.484],[-50.261,-26.475],[-50.266,-26.469],[-50.268,-26.471],[-50.269,-26.467],[-50.265,-26.464],[-50.269,-26.463],[-50.271,-26.456],[-50.267,-26.447],[-50.253,-26.445]]]}},{"type":"Feature","properties":{"id":"4211207","nome":"Morro da Fuma\u00e7a"},"geometry":{"type":"Polygon","coordinates":[[[-49.214,-28.61],[-49.201,-28.618],[-49.195,-28.635],[-49.187,-28.638],[-49.181,-28.641],[-49.175,-28.646],[-49.176,-28.687],[-49.175,-28.688],[-49.198,-28.683],[-49.206,-28.675],[-49.213,-28.67],[-49.223,-28.67],[-49.239,-28.676],[-49.244,-28.674],[-49.244,-28.673],[-49.253,-28.666],[-49.254,-28.666],[-49.265,-28.654],[-49.282,-28.647],[-49.291,-28.638],[-49.303,-28.64],[-49.304,-28.641],[-49.309,-28.643],[-49.313,-28.64],[-49.32,-28.642],[-49.328,-28.638],[-49.333,-28.639],[-49.337,-28.645],[-49.359,-28.639],[-49.359,-28.636],[-49.34,-28.634],[-49.335,-28.634],[-49.331,-28.624],[-49.316,-28.626],[-49.311,-28.621],[-49.291,-28.621],[-49.287,-28.616],[-49.265,-28.597],[-49.248,-28.592],[-49.245,-28.591],[-49.243,-28.589],[-49.239,-28.592],[-49.221,-28.601],[-49.221,-28.606],[-49.214,-28.61]]]}},{"type":"Feature","properties":{"id":"4211256","nome":"Morro Grande"},"geometry":{"type":"Polygon","coordinates":[[[-49.785,-28.622],[-49.78,-28.63],[-49.772,-28.628],[-49.758,-28.615],[-49.754,-28.628],[-49.728,-28.623],[-49.715,-28.624],[-49.706,-28.627],[-49.707,-28.63],[-49.704,-28.629],[-49.709,-28.638],[-49.707,-28.647],[-49.712,-28.656],[-49.71,-28.666],[-49.708,-28.669],[-49.699,-28.682],[-49.686,-28.686],[-49.677,-28.695],[-49.674,-28.699],[-49.675,-28.708],[-49.673,-28.722],[-49.676,-28.73],[-49.682,-28.735],[-49.681,-28.738],[-49.672,-28.746],[-49.671,-28.753],[-49.666,-28.757],[-49.663,-28.772],[-49.669,-28.789],[-49.663,-28.793],[-49.663,-28.801],[-49.66,-28.803],[-49.663,-28.807],[-49.649,-28.82],[-49.658,-28.827],[-49.671,-28.825],[-49.677,-28.862],[-49.684,-28.86],[-49.696,-28.844],[-49.703,-28.843],[-49.705,-28.841],[-49.727,-28.807],[-49.733,-28.803],[-49.762,-28.785],[-49.776,-28.766],[-49.781,-28.755],[-49.797,-28.75],[-49.798,-28.712],[-49.82,-28.72],[-49.824,-28.716],[-49.839,-28.714],[-49.836,-28.708],[-49.841,-28.707],[-49.839,-28.702],[-49.832,-28.694],[-49.82,-28.693],[-49.823,-28.688],[-49.833,-28.688],[-49.836,-28.685],[-49.835,-28.679],[-49.839,-28.677],[-49.837,-28.667],[-49.829,-28.669],[-49.822,-28.662],[-49.812,-28.658],[-49.809,-28.654],[-49.818,-28.654],[-49.814,-28.649],[-49.817,-28.64],[-49.809,-28.635],[-49.808,-28.629],[-49.802,-28.629],[-49.794,-28.615],[-49.788,-28.613],[-49.782,-28.611],[-49.785,-28.622]]]}},{"type":"Feature","properties":{"id":"4211306","nome":"Navegantes"},"geometry":{"type":"Polygon","coordinates":[[[-48.803,-26.757],[-48.797,-26.763],[-48.789,-26.757],[-48.778,-26.767],[-48.772,-26.763],[-48.766,-26.772],[-48.749,-26.783],[-48.746,-26.787],[-48.746,-26.807],[-48.708,-26.815],[-48.709,-26.833],[-48.709,-26.835],[-48.711,-26.842],[-48.7,-26.846],[-48.691,-26.839],[-48.679,-26.837],[-48.671,-26.841],[-48.664,-26.839],[-48.656,-26.829],[-48.645,-26.831],[-48.64,-26.825],[-48.637,-26.827],[-48.628,-26.819],[-48.626,-26.822],[-48.622,-26.82],[-48.62,-26.826],[-48.628,-26.835],[-48.638,-26.869],[-48.643,-26.901],[-48.64,-26.913],[-48.646,-26.914],[-48.653,-26.902],[-48.668,-26.897],[-48.67,-26.892],[-48.664,-26.886],[-48.666,-26.882],[-48.688,-26.885],[-48.691,-26.879],[-48.688,-26.869],[-48.693,-26.863],[-48.702,-26.865],[-48.713,-26.876],[-48.722,-26.875],[-48.726,-26.866],[-48.718,-26.852],[-48.719,-26.843],[-48.722,-26.84],[-48.728,-26.837],[-48.734,-26.84],[-48.739,-26.853],[-48.745,-26.857],[-48.758,-26.855],[-48.762,-26.847],[-48.769,-26.838],[-48.774,-26.832],[-48.818,-26.823],[-48.82,-26.823],[-48.811,-26.819],[-48.815,-26.817],[-48.814,-26.813],[-48.807,-26.814],[-48.794,-26.804],[-48.802,-26.798],[-48.802,-26.794],[-48.811,-26.789],[-48.808,-26.775],[-48.811,-26.768],[-48.823,-26.761],[-48.823,-26.749],[-48.822,-26.743],[-48.817,-26.74],[-48.803,-26.746],[-48.803,-26.757]]]}},{"type":"Feature","properties":{"id":"4211405","nome":"Nova Erechim"},"geometry":{"type":"Polygon","coordinates":[[[-52.876,-26.863],[-52.884,-26.866],[-52.893,-26.875],[-52.879,-26.877],[-52.872,-26.888],[-52.876,-26.893],[-52.854,-26.895],[-52.853,-26.887],[-52.846,-26.891],[-52.86,-26.907],[-52.856,-26.916],[-52.853,-26.923],[-52.858,-26.925],[-52.885,-26.902],[-52.89,-26.907],[-52.891,-26.909],[-52.888,-26.923],[-52.875,-26.94],[-52.876,-26.943],[-52.89,-26.943],[-52.905,-26.937],[-52.913,-26.917],[-52.918,-26.919],[-52.921,-26.929],[-52.918,-26.938],[-52.895,-26.962],[-52.894,-26.974],[-52.9,-26.975],[-52.905,-26.972],[-52.921,-26.964],[-52.943,-26.962],[-52.934,-26.947],[-52.93,-26.948],[-52.934,-26.933],[-52.929,-26.931],[-52.927,-26.925],[-52.936,-26.919],[-52.942,-26.915],[-52.94,-26.89],[-52.948,-26.881],[-52.95,-26.868],[-52.918,-26.863],[-52.906,-26.861],[-52.904,-26.865],[-52.896,-26.864],[-52.897,-26.854],[-52.89,-26.849],[-52.883,-26.86],[-52.876,-26.863]]]}},{"type":"Feature","properties":{"id":"4211454","nome":"Nova Itaberaba"},"geometry":{"type":"Polygon","coordinates":[[[-52.803,-26.905],[-52.794,-26.915],[-52.79,-26.915],[-52.784,-26.928],[-52.777,-26.928],[-52.763,-26.938],[-52.761,-26.942],[-52.761,-26.938],[-52.758,-26.941],[-52.762,-26.962],[-52.766,-26.981],[-52.768,-26.994],[-52.796,-27.007],[-52.797,-27.007],[-52.821,-27.018],[-52.841,-27.017],[-52.842,-27.01],[-52.847,-27.01],[-52.891,-27.01],[-52.894,-26.974],[-52.895,-26.962],[-52.918,-26.938],[-52.921,-26.929],[-52.918,-26.919],[-52.913,-26.917],[-52.905,-26.937],[-52.89,-26.943],[-52.876,-26.943],[-52.875,-26.94],[-52.888,-26.923],[-52.891,-26.909],[-52.89,-26.907],[-52.885,-26.902],[-52.858,-26.925],[-52.853,-26.923],[-52.856,-26.916],[-52.849,-26.912],[-52.843,-26.915],[-52.84,-26.911],[-52.834,-26.914],[-52.831,-26.909],[-52.826,-26.911],[-52.822,-26.904],[-52.815,-26.901],[-52.813,-26.901],[-52.801,-26.902],[-52.803,-26.905]]]}},{"type":"Feature","properties":{"id":"4211504","nome":"Nova Trento"},"geometry":{"type":"Polygon","coordinates":[[[-48.882,-27.183],[-48.895,-27.21],[-48.895,-27.216],[-48.886,-27.214],[-48.866,-27.22],[-48.87,-27.219],[-48.876,-27.224],[-48.875,-27.235],[-48.881,-27.234],[-48.889,-27.246],[-48.899,-27.249],[-48.893,-27.264],[-48.885,-27.286],[-48.883,-27.306],[-48.899,-27.306],[-48.922,-27.329],[-48.937,-27.329],[-48.943,-27.337],[-48.97,-27.338],[-48.971,-27.341],[-48.976,-27.35],[-49.0,-27.362],[-49.008,-27.376],[-49.015,-27.371],[-49.039,-27.375],[-49.046,-27.384],[-49.058,-27.387],[-49.063,-27.397],[-49.08,-27.4],[-49.082,-27.404],[-49.087,-27.4],[-49.097,-27.396],[-49.118,-27.396],[-49.125,-27.408],[-49.122,-27.412],[-49.13,-27.42],[-49.142,-27.425],[-49.146,-27.421],[-49.163,-27.42],[-49.189,-27.407],[-49.187,-27.395],[-49.182,-27.39],[-49.181,-27.384],[-49.173,-27.382],[-49.162,-27.371],[-49.173,-27.357],[-49.184,-27.35],[-49.185,-27.345],[-49.194,-27.33],[-49.212,-27.328],[-49.225,-27.321],[-49.225,-27.312],[-49.205,-27.294],[-49.179,-27.291],[-49.175,-27.293],[-49.17,-27.293],[-49.154,-27.29],[-49.142,-27.283],[-49.138,-27.282],[-49.134,-27.28],[-49.128,-27.281],[-49.124,-27.277],[-49.111,-27.279],[-49.108,-27.275],[-49.101,-27.276],[-49.091,-27.276],[-49.087,-27.275],[-49.075,-27.27],[-49.075,-27.275],[-49.074,-27.276],[-49.065,-27.277],[-49.05,-27.272],[-49.037,-27.271],[-49.026,-27.261],[-49.021,-27.256],[-49.004,-27.253],[-48.996,-27.247],[-48.986,-27.247],[-48.971,-27.237],[-48.958,-27.223],[-48.935,-27.212],[-48.934,-27.212],[-48.932,-27.205],[-48.934,-27.203],[-48.931,-27.201],[-48.914,-27.197],[-48.906,-27.189],[-48.898,-27.19],[-48.894,-27.182],[-48.882,-27.183]]]}},{"type":"Feature","properties":{"id":"4211603","nome":"Nova Veneza"},"geometry":{"type":"Polygon","coordinates":[[[-49.476,-28.713],[-49.476,-28.722],[-49.481,-28.717],[-49.489,-28.718],[-49.488,-28.721],[-49.507,-28.722],[-49.512,-28.722],[-49.515,-28.738],[-49.527,-28.751],[-49.568,-28.751],[-49.571,-28.75],[-49.572,-28.763],[-49.587,-28.763],[-49.587,-28.776],[-49.595,-28.776],[-49.595,-28.764],[-49.607,-28.757],[-49.606,-28.752],[-49.63,-28.751],[-49.636,-28.76],[-49.65,-28.748],[-49.671,-28.753],[-49.672,-28.746],[-49.681,-28.738],[-49.682,-28.735],[-49.676,-28.73],[-49.673,-28.722],[-49.675,-28.708],[-49.674,-28.699],[-49.677,-28.695],[-49.686,-28.686],[-49.699,-28.682],[-49.708,-28.669],[-49.71,-28.666],[-49.712,-28.656],[-49.707,-28.647],[-49.709,-28.638],[-49.704,-28.629],[-49.703,-28.628],[-49.693,-28.625],[-49.685,-28.621],[-49.667,-28.622],[-49.649,-28.623],[-49.647,-28.623],[-49.551,-28.628],[-49.51,-28.63],[-49.501,-28.631],[-49.496,-28.631],[-49.491,-28.632],[-49.452,-28.634],[-49.451,-28.634],[-49.455,-28.655],[-49.456,-28.662],[-49.465,-28.674],[-49.462,-28.676],[-49.463,-28.687],[-49.471,-28.691],[-49.475,-28.701],[-49.476,-28.705],[-49.475,-28.708],[-49.478,-28.709],[-49.476,-28.713]]]}},{"type":"Feature","properties":{"id":"4211652","nome":"Novo Horizonte"},"geometry":{"type":"Polygon","coordinates":[[[-52.836,-26.41],[-52.807,-26.434],[-52.798,-26.437],[-52.786,-26.449],[-52.777,-26.452],[-52.767,-26.465],[-52.759,-26.461],[-52.755,-26.454],[-52.747,-26.458],[-52.745,-26.445],[-52.738,-26.453],[-52.742,-26.457],[-52.738,-26.461],[-52.74,-26.462],[-52.743,-26.464],[-52.739,-26.469],[-52.746,-26.479],[-52.74,-26.479],[-52.745,-26.485],[-52.738,-26.487],[-52.737,-26.489],[-52.747,-26.491],[-52.746,-26.499],[-52.756,-26.498],[-52.745,-26.504],[-52.745,-26.51],[-52.752,-26.506],[-52.755,-26.51],[-52.746,-26.514],[-52.735,-26.53],[-52.728,-26.533],[-52.73,-26.542],[-52.727,-26.546],[-52.72,-26.547],[-52.722,-26.551],[-52.713,-26.561],[-52.71,-26.556],[-52.704,-26.561],[-52.706,-26.565],[-52.691,-26.571],[-52.699,-26.576],[-52.697,-26.581],[-52.691,-26.579],[-52.689,-26.583],[-52.707,-26.583],[-52.726,-26.58],[-52.75,-26.595],[-52.755,-26.587],[-52.764,-26.582],[-52.773,-26.561],[-52.767,-26.552],[-52.769,-26.547],[-52.783,-26.545],[-52.792,-26.533],[-52.793,-26.521],[-52.776,-26.513],[-52.781,-26.502],[-52.8,-26.497],[-52.8,-26.493],[-52.816,-26.495],[-52.817,-26.495],[-52.842,-26.5],[-52.844,-26.512],[-52.85,-26.513],[-52.851,-26.517],[-52.868,-26.524],[-52.869,-26.508],[-52.882,-26.492],[-52.883,-26.489],[-52.877,-26.488],[-52.879,-26.477],[-52.872,-26.464],[-52.874,-26.456],[-52.869,-26.442],[-52.862,-26.434],[-52.87,-26.429],[-52.871,-26.419],[-52.862,-26.41],[-52.856,-26.413],[-52.853,-26.411],[-52.85,-26.404],[-52.836,-26.41]]]}},{"type":"Feature","properties":{"id":"4211702","nome":"Orleans"},"geometry":{"type":"Polygon","coordinates":[[[-49.461,-28.135],[-49.461,-28.139],[-49.441,-28.132],[-49.434,-28.136],[-49.433,-28.144],[-49.43,-28.15],[-49.417,-28.148],[-49.405,-28.153],[-49.398,-28.158],[-49.393,-28.175],[-49.398,-28.18],[-49.398,-28.189],[-49.395,-28.195],[-49.392,-28.195],[-49.369,-28.218],[-49.367,-28.225],[-49.356,-28.226],[-49.354,-28.232],[-49.348,-28.239],[-49.327,-28.239],[-49.31,-28.245],[-49.304,-28.251],[-49.295,-28.253],[-49.278,-28.245],[-49.275,-28.248],[-49.233,-28.256],[-49.218,-28.268],[-49.205,-28.273],[-49.202,-28.287],[-49.217,-28.29],[-49.225,-28.298],[-49.216,-28.301],[-49.214,-28.315],[-49.213,-28.334],[-49.218,-28.339],[-49.22,-28.343],[-49.215,-28.35],[-49.215,-28.362],[-49.227,-28.368],[-49.222,-28.374],[-49.224,-28.379],[-49.215,-28.388],[-49.2,-28.386],[-49.197,-28.379],[-49.19,-28.389],[-49.212,-28.4],[-49.205,-28.419],[-49.196,-28.424],[-49.204,-28.426],[-49.208,-28.431],[-49.221,-28.433],[-49.222,-28.43],[-49.214,-28.422],[-49.223,-28.423],[-49.224,-28.419],[-49.23,-28.416],[-49.237,-28.419],[-49.24,-28.418],[-49.238,-28.413],[-49.243,-28.413],[-49.246,-28.419],[-49.259,-28.417],[-49.26,-28.421],[-49.287,-28.413],[-49.289,-28.408],[-49.286,-28.403],[-49.291,-28.404],[-49.289,-28.401],[-49.289,-28.395],[-49.293,-28.397],[-49.301,-28.403],[-49.304,-28.399],[-49.31,-28.407],[-49.311,-28.402],[-49.316,-28.406],[-49.322,-28.404],[-49.328,-28.406],[-49.327,-28.411],[-49.336,-28.417],[-49.343,-28.409],[-49.333,-28.404],[-49.339,-28.401],[-49.341,-28.365],[-49.359,-28.364],[-49.355,-28.354],[-49.36,-28.352],[-49.358,-28.345],[-49.361,-28.341],[-49.374,-28.339],[-49.378,-28.343],[-49.386,-28.336],[-49.391,-28.338],[-49.398,-28.334],[-49.406,-28.336],[-49.408,-28.33],[-49.42,-28.322],[-49.433,-28.316],[-49.44,-28.318],[-49.448,-28.323],[-49.458,-28.321],[-49.468,-28.312],[-49.473,-28.31],[-49.484,-28.304],[-49.498,-28.304],[-49.504,-28.308],[-49.515,-28.304],[-49.523,-28.308],[-49.526,-28.306],[-49.522,-28.298],[-49.528,-28.286],[-49.525,-28.276],[-49.521,-28.275],[-49.516,-28.262],[-49.522,-28.271],[-49.534,-28.266],[-49.537,-28.272],[-49.542,-28.273],[-49.542,-28.27],[-49.547,-28.273],[-49.543,-28.258],[-49.538,-28.259],[-49.531,-28.253],[-49.536,-28.25],[-49.534,-28.247],[-49.541,-28.247],[-49.534,-28.241],[-49.55,-28.239],[-49.53,-28.226],[-49.535,-28.218],[-49.528,-28.214],[-49.526,-28.209],[-49.532,-28.207],[-49.529,-28.2],[-49.532,-28.198],[-49.528,-28.193],[-49.53,-28.187],[-49.511,-28.173],[-49.515,-28.17],[-49.506,-28.16],[-49.511,-28.159],[-49.508,-28.156],[-49.51,-28.155],[-49.501,-28.151],[-49.5,-28.147],[-49.492,-28.145],[-49.493,-28.134],[-49.488,-28.127],[-49.474,-28.125],[-49.471,-28.127],[-49.477,-28.132],[-49.461,-28.135]]]}},{"type":"Feature","properties":{"id":"4211751","nome":"Otac\u00edlio Costa"},"geometry":{"type":"Polygon","coordinates":[[[-50.071,-27.304],[-50.072,-27.311],[-50.062,-27.31],[-50.062,-27.312],[-50.06,-27.313],[-50.063,-27.321],[-50.062,-27.325],[-50.059,-27.321],[-50.057,-27.319],[-50.049,-27.32],[-50.053,-27.316],[-50.041,-27.321],[-50.027,-27.325],[-50.019,-27.324],[-50.018,-27.32],[-50.01,-27.32],[-50.019,-27.33],[-50.026,-27.328],[-50.024,-27.335],[-50.028,-27.342],[-50.033,-27.342],[-50.042,-27.334],[-50.048,-27.335],[-50.044,-27.341],[-50.049,-27.356],[-50.043,-27.352],[-50.041,-27.358],[-50.032,-27.357],[-50.03,-27.368],[-50.033,-27.372],[-50.022,-27.373],[-50.015,-27.379],[-50.011,-27.388],[-50.019,-27.388],[-50.015,-27.394],[-50.016,-27.401],[-50.009,-27.406],[-50.011,-27.399],[-50.008,-27.397],[-49.995,-27.414],[-49.991,-27.413],[-49.987,-27.419],[-49.978,-27.417],[-49.988,-27.407],[-49.987,-27.403],[-49.97,-27.412],[-49.969,-27.408],[-49.965,-27.412],[-49.962,-27.405],[-49.956,-27.406],[-49.956,-27.402],[-49.954,-27.404],[-49.949,-27.41],[-49.946,-27.406],[-49.951,-27.416],[-49.941,-27.415],[-49.947,-27.421],[-49.944,-27.424],[-49.929,-27.419],[-49.93,-27.413],[-49.923,-27.419],[-49.925,-27.423],[-49.919,-27.423],[-49.918,-27.431],[-49.914,-27.433],[-49.907,-27.432],[-49.911,-27.441],[-49.906,-27.441],[-49.9,-27.447],[-49.9,-27.455],[-49.896,-27.459],[-49.892,-27.457],[-49.894,-27.461],[-49.889,-27.466],[-49.895,-27.482],[-49.888,-27.483],[-49.893,-27.489],[-49.891,-27.497],[-49.881,-27.493],[-49.866,-27.498],[-49.849,-27.493],[-49.851,-27.504],[-49.845,-27.515],[-49.838,-27.52],[-49.839,-27.524],[-49.832,-27.529],[-49.834,-27.539],[-49.829,-27.54],[-49.824,-27.549],[-49.789,-27.571],[-49.783,-27.582],[-49.776,-27.586],[-49.764,-27.581],[-49.765,-27.586],[-49.756,-27.591],[-49.757,-27.596],[-49.753,-27.597],[-49.75,-27.594],[-49.747,-27.601],[-49.733,-27.619],[-49.737,-27.629],[-49.742,-27.631],[-49.737,-27.648],[-49.73,-27.651],[-49.73,-27.654],[-49.734,-27.663],[-49.738,-27.662],[-49.741,-27.668],[-49.745,-27.665],[-49.745,-27.668],[-49.747,-27.666],[-49.759,-27.668],[-49.764,-27.657],[-49.774,-27.66],[-49.783,-27.668],[-49.786,-27.667],[-49.787,-27.671],[-49.795,-27.664],[-49.8,-27.675],[-49.804,-27.674],[-49.801,-27.677],[-49.809,-27.679],[-49.809,-27.684],[-49.813,-27.681],[-49.813,-27.686],[-49.819,-27.686],[-49.822,-27.69],[-49.821,-27.684],[-49.826,-27.687],[-49.834,-27.686],[-49.839,-27.677],[-49.834,-27.675],[-49.837,-27.67],[-49.854,-27.669],[-49.862,-27.676],[-49.864,-27.691],[-49.873,-27.685],[-49.872,-27.676],[-49.885,-27.665],[-49.887,-27.648],[-49.893,-27.662],[-49.899,-27.659],[-49.901,-27.652],[-49.911,-27.654],[-49.917,-27.65],[-49.92,-27.656],[-49.909,-27.66],[-49.905,-27.667],[-49.909,-27.671],[-49.919,-27.667],[-49.936,-27.647],[-49.945,-27.647],[-49.949,-27.645],[-49.945,-27.636],[-49.955,-27.64],[-49.953,-27.656],[-49.963,-27.66],[-49.97,-27.657],[-49.976,-27.643],[-49.991,-27.641],[-49.985,-27.632],[-49.972,-27.634],[-49.985,-27.619],[-49.994,-27.625],[-50.002,-27.623],[-50.006,-27.617],[-50.01,-27.618],[-50.004,-27.629],[-49.996,-27.635],[-49.996,-27.639],[-50.001,-27.64],[-50.008,-27.632],[-50.02,-27.633],[-50.024,-27.631],[-50.022,-27.625],[-50.013,-27.624],[-50.022,-27.614],[-50.014,-27.609],[-50.014,-27.605],[-50.03,-27.594],[-50.026,-27.588],[-50.017,-27.585],[-50.013,-27.577],[-50.02,-27.569],[-50.025,-27.569],[-50.035,-27.584],[-50.042,-27.584],[-50.047,-27.577],[-50.052,-27.565],[-50.042,-27.561],[-50.046,-27.555],[-50.061,-27.568],[-50.07,-27.564],[-50.074,-27.556],[-50.079,-27.558],[-50.076,-27.566],[-50.087,-27.565],[-50.097,-27.56],[-50.099,-27.555],[-50.092,-27.539],[-50.114,-27.53],[-50.116,-27.535],[-50.127,-27.537],[-50.139,-27.527],[-50.132,-27.516],[-50.141,-27.508],[-50.137,-27.502],[-50.126,-27.498],[-50.126,-27.494],[-50.13,-27.492],[-50.135,-27.498],[-50.152,-27.503],[-50.154,-27.496],[-50.143,-27.491],[-50.147,-27.484],[-50.16,-27.475],[-50.159,-27.463],[-50.179,-27.459],[-50.181,-27.446],[-50.175,-27.45],[-50.175,-27.442],[-50.17,-27.443],[-50.169,-27.437],[-50.168,-27.44],[-50.165,-27.439],[-50.168,-27.431],[-50.162,-27.43],[-50.162,-27.427],[-50.159,-27.428],[-50.157,-27.418],[-50.154,-27.418],[-50.157,-27.415],[-50.154,-27.41],[-50.158,-27.408],[-50.152,-27.406],[-50.152,-27.401],[-50.146,-27.402],[-50.146,-27.378],[-50.14,-27.378],[-50.143,-27.371],[-50.137,-27.367],[-50.138,-27.363],[-50.127,-27.36],[-50.128,-27.349],[-50.113,-27.347],[-50.113,-27.34],[-50.103,-27.339],[-50.1,-27.334],[-50.102,-27.327],[-50.097,-27.325],[-50.091,-27.329],[-50.09,-27.322],[-50.089,-27.308],[-50.075,-27.303],[-50.071,-27.304]]]}},{"type":"Feature","properties":{"id":"4211801","nome":"Ouro"},"geometry":{"type":"Polygon","coordinates":[[[-51.674,-27.197],[-51.664,-27.202],[-51.656,-27.202],[-51.65,-27.219],[-51.647,-27.214],[-51.632,-27.224],[-51.635,-27.23],[-51.643,-27.23],[-51.648,-27.236],[-51.642,-27.247],[-51.635,-27.261],[-51.627,-27.255],[-51.596,-27.27],[-51.603,-27.287],[-51.595,-27.297],[-51.598,-27.31],[-51.609,-27.321],[-51.61,-27.329],[-51.603,-27.328],[-51.596,-27.327],[-51.592,-27.331],[-51.597,-27.334],[-51.603,-27.334],[-51.617,-27.344],[-51.62,-27.35],[-51.625,-27.352],[-51.635,-27.345],[-51.641,-27.349],[-51.649,-27.35],[-51.657,-27.34],[-51.665,-27.339],[-51.671,-27.344],[-51.669,-27.353],[-51.673,-27.357],[-51.679,-27.357],[-51.687,-27.352],[-51.686,-27.358],[-51.687,-27.365],[-51.692,-27.369],[-51.711,-27.367],[-51.725,-27.358],[-51.729,-27.356],[-51.73,-27.35],[-51.734,-27.353],[-51.737,-27.35],[-51.736,-27.341],[-51.727,-27.341],[-51.732,-27.332],[-51.739,-27.33],[-51.741,-27.319],[-51.759,-27.307],[-51.755,-27.298],[-51.758,-27.293],[-51.75,-27.285],[-51.755,-27.281],[-51.764,-27.259],[-51.76,-27.254],[-51.755,-27.258],[-51.751,-27.256],[-51.75,-27.252],[-51.745,-27.25],[-51.744,-27.246],[-51.738,-27.246],[-51.731,-27.232],[-51.72,-27.218],[-51.725,-27.208],[-51.698,-27.19],[-51.696,-27.185],[-51.685,-27.183],[-51.674,-27.197]]]}},{"type":"Feature","properties":{"id":"4211850","nome":"Ouro Verde"},"geometry":{"type":"Polygon","coordinates":[[[-52.262,-26.666],[-52.254,-26.675],[-52.232,-26.681],[-52.218,-26.674],[-52.217,-26.668],[-52.209,-26.665],[-52.198,-26.664],[-52.186,-26.67],[-52.18,-26.678],[-52.18,-26.682],[-52.186,-26.685],[-52.186,-26.697],[-52.179,-26.7],[-52.185,-26.713],[-52.19,-26.73],[-52.21,-26.742],[-52.206,-26.763],[-52.214,-26.769],[-52.221,-26.767],[-52.227,-26.778],[-52.23,-26.773],[-52.226,-26.769],[-52.229,-26.761],[-52.234,-26.76],[-52.254,-26.764],[-52.257,-26.762],[-52.257,-26.755],[-52.263,-26.752],[-52.266,-26.754],[-52.266,-26.76],[-52.278,-26.759],[-52.273,-26.77],[-52.276,-26.774],[-52.281,-26.774],[-52.29,-26.769],[-52.292,-26.764],[-52.299,-26.763],[-52.305,-26.764],[-52.304,-26.773],[-52.309,-26.78],[-52.318,-26.773],[-52.315,-26.754],[-52.329,-26.756],[-52.335,-26.762],[-52.343,-26.758],[-52.349,-26.756],[-52.354,-26.762],[-52.362,-26.759],[-52.369,-26.751],[-52.368,-26.742],[-52.353,-26.724],[-52.364,-26.713],[-52.359,-26.706],[-52.368,-26.672],[-52.368,-26.667],[-52.356,-26.66],[-52.35,-26.665],[-52.338,-26.667],[-52.327,-26.661],[-52.31,-26.655],[-52.281,-26.643],[-52.262,-26.666]]]}},{"type":"Feature","properties":{"id":"4211876","nome":"Paial"},"geometry":{"type":"Polygon","coordinates":[[[-52.447,-27.189],[-52.433,-27.199],[-52.432,-27.19],[-52.438,-27.183],[-52.431,-27.181],[-52.422,-27.193],[-52.411,-27.182],[-52.4,-27.189],[-52.411,-27.199],[-52.411,-27.203],[-52.416,-27.203],[-52.416,-27.207],[-52.424,-27.209],[-52.427,-27.216],[-52.432,-27.218],[-52.44,-27.216],[-52.451,-27.22],[-52.462,-27.228],[-52.477,-27.234],[-52.482,-27.245],[-52.477,-27.262],[-52.479,-27.265],[-52.486,-27.266],[-52.497,-27.265],[-52.504,-27.264],[-52.536,-27.26],[-52.545,-27.24],[-52.544,-27.234],[-52.536,-27.232],[-52.543,-27.219],[-52.535,-27.217],[-52.533,-27.21],[-52.524,-27.208],[-52.52,-27.195],[-52.513,-27.19],[-52.519,-27.191],[-52.525,-27.182],[-52.527,-27.178],[-52.519,-27.178],[-52.523,-27.165],[-52.516,-27.165],[-52.507,-27.159],[-52.496,-27.167],[-52.491,-27.167],[-52.459,-27.173],[-52.447,-27.189]]]}},{"type":"Feature","properties":{"id":"4211892","nome":"Painel"},"geometry":{"type":"Polygon","coordinates":[[[-49.998,-27.807],[-49.986,-27.817],[-49.991,-27.825],[-49.98,-27.829],[-49.976,-27.836],[-49.971,-27.833],[-49.965,-27.837],[-49.964,-27.845],[-49.968,-27.848],[-49.969,-27.849],[-49.961,-27.847],[-49.952,-27.848],[-49.948,-27.845],[-49.938,-27.845],[-49.922,-27.841],[-49.904,-27.844],[-49.909,-27.849],[-49.911,-27.855],[-49.899,-27.857],[-49.9,-27.865],[-49.889,-27.876],[-49.886,-27.884],[-49.877,-27.887],[-49.878,-27.897],[-49.869,-27.901],[-49.867,-27.91],[-49.934,-27.937],[-49.94,-27.945],[-49.943,-27.949],[-49.965,-27.955],[-49.963,-27.96],[-49.966,-27.964],[-49.96,-27.971],[-49.969,-27.977],[-49.969,-27.984],[-49.964,-27.989],[-49.966,-27.995],[-49.981,-27.997],[-49.988,-28.006],[-49.999,-28.003],[-50.002,-28.019],[-49.994,-28.028],[-49.998,-28.032],[-50.012,-28.034],[-50.008,-28.044],[-50.015,-28.043],[-50.018,-28.046],[-50.011,-28.057],[-50.011,-28.061],[-50.018,-28.06],[-50.015,-28.07],[-50.024,-28.071],[-50.029,-28.065],[-50.041,-28.067],[-50.044,-28.076],[-50.053,-28.077],[-50.053,-28.08],[-50.043,-28.088],[-50.055,-28.094],[-50.061,-28.089],[-50.064,-28.097],[-50.073,-28.103],[-50.059,-28.113],[-50.067,-28.111],[-50.074,-28.114],[-50.083,-28.11],[-50.076,-28.122],[-50.089,-28.118],[-50.101,-28.109],[-50.095,-28.122],[-50.105,-28.124],[-50.115,-28.138],[-50.104,-28.16],[-50.106,-28.162],[-50.111,-28.162],[-50.115,-28.157],[-50.13,-28.157],[-50.134,-28.154],[-50.132,-28.147],[-50.141,-28.155],[-50.148,-28.142],[-50.154,-28.144],[-50.159,-28.155],[-50.172,-28.161],[-50.176,-28.151],[-50.189,-28.14],[-50.189,-28.134],[-50.194,-28.128],[-50.2,-28.11],[-50.195,-28.098],[-50.191,-28.088],[-50.201,-27.993],[-50.196,-27.985],[-50.197,-27.981],[-50.196,-27.966],[-50.182,-27.939],[-50.193,-27.915],[-50.206,-27.909],[-50.214,-27.896],[-50.214,-27.874],[-50.202,-27.869],[-50.206,-27.866],[-50.201,-27.863],[-50.19,-27.866],[-50.18,-27.863],[-50.17,-27.869],[-50.16,-27.86],[-50.143,-27.858],[-50.142,-27.853],[-50.131,-27.858],[-50.113,-27.853],[-50.108,-27.857],[-50.097,-27.855],[-50.095,-27.846],[-50.091,-27.849],[-50.08,-27.84],[-50.076,-27.842],[-50.072,-27.839],[-50.067,-27.824],[-50.069,-27.81],[-50.061,-27.813],[-50.058,-27.809],[-50.047,-27.809],[-50.04,-27.816],[-50.035,-27.811],[-50.028,-27.815],[-50.025,-27.808],[-50.017,-27.806],[-50.003,-27.792],[-49.996,-27.791],[-49.994,-27.798],[-49.998,-27.807]]]}},{"type":"Feature","properties":{"id":"4211900","nome":"Palho\u00e7a"},"geometry":{"type":"Polygon","coordinates":[[[-48.666,-27.607],[-48.653,-27.622],[-48.643,-27.627],[-48.642,-27.635],[-48.643,-27.643],[-48.636,-27.651],[-48.622,-27.657],[-48.601,-27.661],[-48.605,-27.673],[-48.601,-27.685],[-48.599,-27.698],[-48.6,-27.726],[-48.588,-27.751],[-48.596,-27.759],[-48.593,-27.768],[-48.601,-27.777],[-48.591,-27.787],[-48.593,-27.807],[-48.582,-27.815],[-48.578,-27.822],[-48.575,-27.842],[-48.579,-27.852],[-48.58,-27.848],[-48.586,-27.847],[-48.597,-27.853],[-48.602,-27.864],[-48.599,-27.878],[-48.591,-27.885],[-48.587,-27.881],[-48.578,-27.882],[-48.574,-27.877],[-48.573,-27.89],[-48.583,-27.905],[-48.59,-27.904],[-48.606,-27.917],[-48.624,-27.91],[-48.637,-27.914],[-48.641,-27.905],[-48.647,-27.911],[-48.644,-27.905],[-48.648,-27.906],[-48.647,-27.902],[-48.652,-27.901],[-48.654,-27.903],[-48.656,-27.91],[-48.681,-27.907],[-48.691,-27.902],[-48.698,-27.903],[-48.703,-27.896],[-48.723,-27.894],[-48.723,-27.887],[-48.727,-27.883],[-48.73,-27.871],[-48.737,-27.862],[-48.736,-27.843],[-48.748,-27.828],[-48.741,-27.825],[-48.745,-27.817],[-48.74,-27.81],[-48.738,-27.798],[-48.735,-27.786],[-48.726,-27.784],[-48.715,-27.774],[-48.707,-27.774],[-48.675,-27.758],[-48.681,-27.758],[-48.685,-27.755],[-48.695,-27.732],[-48.703,-27.714],[-48.701,-27.705],[-48.706,-27.696],[-48.708,-27.693],[-48.715,-27.69],[-48.723,-27.689],[-48.722,-27.685],[-48.72,-27.679],[-48.73,-27.679],[-48.738,-27.655],[-48.743,-27.634],[-48.738,-27.614],[-48.689,-27.612],[-48.671,-27.619],[-48.666,-27.607]]]}},{"type":"Feature","properties":{"id":"4212007","nome":"Palma Sola"},"geometry":{"type":"Polygon","coordinates":[[[-53.273,-26.26],[-53.259,-26.28],[-53.262,-26.288],[-53.254,-26.289],[-53.252,-26.299],[-53.246,-26.297],[-53.241,-26.301],[-53.232,-26.312],[-53.201,-26.331],[-53.197,-26.329],[-53.184,-26.343],[-53.169,-26.348],[-53.162,-26.351],[-53.159,-26.35],[-53.17,-26.361],[-53.191,-26.369],[-53.199,-26.367],[-53.219,-26.374],[-53.229,-26.37],[-53.237,-26.372],[-53.248,-26.379],[-53.251,-26.378],[-53.256,-26.382],[-53.255,-26.386],[-53.262,-26.389],[-53.261,-26.391],[-53.263,-26.404],[-53.275,-26.397],[-53.273,-26.409],[-53.265,-26.41],[-53.273,-26.412],[-53.278,-26.408],[-53.282,-26.407],[-53.284,-26.41],[-53.275,-26.417],[-53.28,-26.42],[-53.284,-26.417],[-53.287,-26.419],[-53.283,-26.423],[-53.284,-26.433],[-53.289,-26.431],[-53.29,-26.433],[-53.287,-26.438],[-53.28,-26.439],[-53.286,-26.444],[-53.281,-26.447],[-53.282,-26.452],[-53.289,-26.455],[-53.289,-26.46],[-53.294,-26.456],[-53.302,-26.457],[-53.304,-26.465],[-53.302,-26.467],[-53.306,-26.469],[-53.312,-26.468],[-53.316,-26.462],[-53.312,-26.457],[-53.322,-26.463],[-53.321,-26.468],[-53.325,-26.47],[-53.329,-26.464],[-53.332,-26.468],[-53.331,-26.474],[-53.339,-26.477],[-53.339,-26.481],[-53.349,-26.478],[-53.348,-26.486],[-53.352,-26.489],[-53.357,-26.487],[-53.361,-26.489],[-53.356,-26.495],[-53.361,-26.497],[-53.35,-26.504],[-53.356,-26.503],[-53.374,-26.511],[-53.376,-26.515],[-53.385,-26.513],[-53.392,-26.515],[-53.399,-26.512],[-53.4,-26.524],[-53.406,-26.519],[-53.418,-26.507],[-53.41,-26.51],[-53.407,-26.508],[-53.416,-26.494],[-53.406,-26.493],[-53.404,-26.49],[-53.414,-26.481],[-53.408,-26.483],[-53.401,-26.48],[-53.409,-26.476],[-53.406,-26.472],[-53.409,-26.461],[-53.405,-26.46],[-53.402,-26.466],[-53.392,-26.463],[-53.391,-26.462],[-53.382,-26.457],[-53.38,-26.449],[-53.37,-26.451],[-53.374,-26.447],[-53.368,-26.446],[-53.368,-26.442],[-53.377,-26.434],[-53.371,-26.43],[-53.363,-26.431],[-53.368,-26.424],[-53.36,-26.421],[-53.392,-26.425],[-53.402,-26.427],[-53.412,-26.424],[-53.412,-26.412],[-53.406,-26.412],[-53.406,-26.406],[-53.401,-26.407],[-53.401,-26.398],[-53.405,-26.397],[-53.407,-26.39],[-53.402,-26.393],[-53.402,-26.389],[-53.398,-26.39],[-53.399,-26.385],[-53.395,-26.385],[-53.404,-26.379],[-53.4,-26.371],[-53.393,-26.371],[-53.395,-26.365],[-53.393,-26.359],[-53.39,-26.353],[-53.386,-26.355],[-53.385,-26.352],[-53.38,-26.352],[-53.378,-26.345],[-53.372,-26.345],[-53.369,-26.341],[-53.375,-26.34],[-53.375,-26.336],[-53.369,-26.339],[-53.367,-26.337],[-53.366,-26.334],[-53.372,-26.332],[-53.363,-26.326],[-53.365,-26.317],[-53.358,-26.317],[-53.358,-26.31],[-53.354,-26.306],[-53.349,-26.307],[-53.35,-26.303],[-53.351,-26.301],[-53.342,-26.296],[-53.343,-26.286],[-53.342,-26.278],[-53.342,-26.267],[-53.34,-26.255],[-53.345,-26.246],[-53.336,-26.249],[-53.335,-26.255],[-53.319,-26.254],[-53.314,-26.257],[-53.308,-26.261],[-53.305,-26.259],[-53.283,-26.245],[-53.278,-26.248],[-53.28,-26.259],[-53.273,-26.26]]]}},{"type":"Feature","properties":{"id":"4212056","nome":"Palmeira"},"geometry":{"type":"Polygon","coordinates":[[[-50.181,-27.446],[-50.179,-27.459],[-50.159,-27.463],[-50.16,-27.475],[-50.147,-27.484],[-50.143,-27.491],[-50.154,-27.496],[-50.152,-27.503],[-50.135,-27.498],[-50.13,-27.492],[-50.126,-27.494],[-50.126,-27.498],[-50.137,-27.502],[-50.141,-27.508],[-50.132,-27.516],[-50.139,-27.527],[-50.127,-27.537],[-50.116,-27.535],[-50.114,-27.53],[-50.092,-27.539],[-50.099,-27.555],[-50.097,-27.56],[-50.087,-27.565],[-50.076,-27.566],[-50.079,-27.558],[-50.074,-27.556],[-50.07,-27.564],[-50.061,-27.568],[-50.046,-27.555],[-50.042,-27.561],[-50.052,-27.565],[-50.047,-27.577],[-50.05,-27.579],[-50.048,-27.591],[-50.054,-27.592],[-50.052,-27.598],[-50.056,-27.609],[-50.056,-27.618],[-50.062,-27.618],[-50.069,-27.625],[-50.073,-27.623],[-50.08,-27.626],[-50.08,-27.631],[-50.085,-27.632],[-50.086,-27.64],[-50.09,-27.643],[-50.091,-27.649],[-50.094,-27.649],[-50.093,-27.653],[-50.099,-27.658],[-50.098,-27.663],[-50.104,-27.663],[-50.105,-27.676],[-50.134,-27.694],[-50.137,-27.708],[-50.139,-27.704],[-50.15,-27.655],[-50.153,-27.651],[-50.164,-27.665],[-50.188,-27.652],[-50.186,-27.642],[-50.194,-27.639],[-50.197,-27.632],[-50.193,-27.627],[-50.195,-27.617],[-50.19,-27.611],[-50.195,-27.605],[-50.192,-27.595],[-50.203,-27.586],[-50.199,-27.583],[-50.208,-27.576],[-50.21,-27.568],[-50.205,-27.566],[-50.207,-27.563],[-50.216,-27.558],[-50.212,-27.552],[-50.224,-27.542],[-50.225,-27.531],[-50.235,-27.526],[-50.235,-27.519],[-50.226,-27.513],[-50.241,-27.517],[-50.244,-27.525],[-50.251,-27.517],[-50.25,-27.522],[-50.259,-27.518],[-50.271,-27.524],[-50.293,-27.515],[-50.301,-27.5],[-50.299,-27.494],[-50.274,-27.494],[-50.283,-27.479],[-50.277,-27.467],[-50.269,-27.46],[-50.266,-27.445],[-50.252,-27.453],[-50.246,-27.475],[-50.228,-27.484],[-50.222,-27.48],[-50.227,-27.47],[-50.213,-27.454],[-50.192,-27.457],[-50.188,-27.44],[-50.181,-27.446]]]}},{"type":"Feature","properties":{"id":"4212106","nome":"Palmitos"},"geometry":{"type":"Polygon","coordinates":[[[-53.143,-26.943],[-53.134,-26.955],[-53.137,-26.963],[-53.129,-26.971],[-53.128,-26.971],[-53.125,-26.979],[-53.128,-26.983],[-53.134,-26.982],[-53.128,-26.988],[-53.135,-26.991],[-53.13,-26.994],[-53.131,-27.001],[-53.125,-27.001],[-53.125,-27.009],[-53.13,-27.012],[-53.117,-27.018],[-53.115,-27.026],[-53.111,-27.025],[-53.107,-27.029],[-53.109,-27.036],[-53.102,-27.037],[-53.102,-27.041],[-53.109,-27.04],[-53.112,-27.044],[-53.1,-27.051],[-53.104,-27.056],[-53.102,-27.059],[-53.106,-27.064],[-53.103,-27.066],[-53.094,-27.062],[-53.092,-27.065],[-53.098,-27.077],[-53.085,-27.078],[-53.074,-27.087],[-53.087,-27.091],[-53.076,-27.103],[-53.08,-27.115],[-53.07,-27.137],[-53.071,-27.157],[-53.072,-27.158],[-53.086,-27.163],[-53.112,-27.17],[-53.127,-27.178],[-53.134,-27.178],[-53.141,-27.17],[-53.149,-27.142],[-53.157,-27.138],[-53.166,-27.141],[-53.172,-27.149],[-53.177,-27.179],[-53.188,-27.191],[-53.196,-27.191],[-53.23,-27.171],[-53.242,-27.17],[-53.248,-27.174],[-53.256,-27.18],[-53.271,-27.187],[-53.292,-27.196],[-53.31,-27.218],[-53.318,-27.216],[-53.32,-27.209],[-53.319,-27.197],[-53.306,-27.176],[-53.299,-27.16],[-53.293,-27.141],[-53.293,-27.134],[-53.284,-27.133],[-53.278,-27.14],[-53.274,-27.132],[-53.281,-27.129],[-53.278,-27.126],[-53.28,-27.118],[-53.271,-27.12],[-53.272,-27.114],[-53.265,-27.112],[-53.271,-27.109],[-53.264,-27.106],[-53.265,-27.101],[-53.257,-27.105],[-53.25,-27.101],[-53.254,-27.089],[-53.248,-27.087],[-53.243,-27.09],[-53.243,-27.085],[-53.232,-27.083],[-53.233,-27.077],[-53.234,-27.07],[-53.23,-27.066],[-53.217,-27.066],[-53.216,-27.055],[-53.224,-27.057],[-53.229,-27.046],[-53.225,-27.045],[-53.221,-27.045],[-53.221,-27.033],[-53.205,-26.988],[-53.21,-26.987],[-53.204,-26.966],[-53.193,-26.968],[-53.191,-26.951],[-53.173,-26.951],[-53.171,-26.953],[-53.166,-26.955],[-53.143,-26.943]]]}},{"type":"Feature","properties":{"id":"4212205","nome":"Papanduva"},"geometry":{"type":"Polygon","coordinates":[[[-50.153,-26.21],[-50.15,-26.221],[-50.14,-26.222],[-50.146,-26.227],[-50.137,-26.239],[-50.14,-26.243],[-50.143,-26.238],[-50.148,-26.248],[-50.135,-26.252],[-50.133,-26.249],[-50.126,-26.257],[-50.122,-26.253],[-50.116,-26.254],[-50.112,-26.257],[-50.114,-26.264],[-50.122,-26.269],[-50.123,-26.274],[-50.114,-26.282],[-50.11,-26.274],[-50.104,-26.277],[-50.101,-26.278],[-50.112,-26.289],[-50.121,-26.283],[-50.127,-26.292],[-50.116,-26.308],[-50.123,-26.316],[-50.124,-26.325],[-50.118,-26.328],[-50.117,-26.337],[-50.112,-26.339],[-50.111,-26.353],[-50.106,-26.354],[-50.1,-26.347],[-50.094,-26.352],[-50.089,-26.35],[-50.084,-26.363],[-50.087,-26.386],[-50.082,-26.396],[-50.074,-26.405],[-50.075,-26.423],[-50.072,-26.434],[-50.064,-26.442],[-50.065,-26.447],[-50.069,-26.449],[-50.083,-26.473],[-50.088,-26.498],[-50.086,-26.505],[-50.094,-26.516],[-50.091,-26.524],[-50.105,-26.516],[-50.111,-26.519],[-50.115,-26.517],[-50.121,-26.523],[-50.126,-26.524],[-50.125,-26.54],[-50.132,-26.55],[-50.123,-26.557],[-50.129,-26.562],[-50.121,-26.562],[-50.119,-26.565],[-50.125,-26.576],[-50.132,-26.577],[-50.125,-26.584],[-50.132,-26.586],[-50.133,-26.591],[-50.128,-26.589],[-50.128,-26.592],[-50.132,-26.595],[-50.13,-26.601],[-50.12,-26.604],[-50.129,-26.607],[-50.119,-26.612],[-50.125,-26.615],[-50.113,-26.616],[-50.111,-26.623],[-50.116,-26.626],[-50.111,-26.633],[-50.118,-26.635],[-50.117,-26.631],[-50.121,-26.629],[-50.127,-26.643],[-50.132,-26.64],[-50.137,-26.642],[-50.138,-26.646],[-50.13,-26.65],[-50.135,-26.665],[-50.132,-26.678],[-50.124,-26.687],[-50.119,-26.692],[-50.116,-26.704],[-50.114,-26.71],[-50.121,-26.737],[-50.107,-26.756],[-50.106,-26.793],[-50.099,-26.802],[-50.085,-26.809],[-50.102,-26.816],[-50.125,-26.801],[-50.137,-26.8],[-50.143,-26.794],[-50.155,-26.797],[-50.17,-26.791],[-50.197,-26.813],[-50.219,-26.813],[-50.216,-26.805],[-50.22,-26.793],[-50.212,-26.773],[-50.22,-26.77],[-50.22,-26.763],[-50.228,-26.764],[-50.237,-26.758],[-50.238,-26.748],[-50.232,-26.745],[-50.232,-26.74],[-50.238,-26.736],[-50.239,-26.729],[-50.243,-26.724],[-50.247,-26.731],[-50.254,-26.727],[-50.252,-26.719],[-50.246,-26.715],[-50.244,-26.698],[-50.226,-26.681],[-50.223,-26.678],[-50.208,-26.646],[-50.208,-26.63],[-50.208,-26.626],[-50.208,-26.613],[-50.198,-26.596],[-50.199,-26.589],[-50.204,-26.583],[-50.204,-26.571],[-50.202,-26.552],[-50.199,-26.54],[-50.204,-26.535],[-50.207,-26.521],[-50.198,-26.508],[-50.196,-26.489],[-50.19,-26.482],[-50.19,-26.479],[-50.168,-26.47],[-50.186,-26.455],[-50.186,-26.444],[-50.191,-26.444],[-50.196,-26.447],[-50.209,-26.445],[-50.222,-26.451],[-50.224,-26.45],[-50.23,-26.45],[-50.242,-26.448],[-50.247,-26.451],[-50.253,-26.445],[-50.267,-26.447],[-50.271,-26.448],[-50.267,-26.438],[-50.274,-26.422],[-50.266,-26.417],[-50.27,-26.413],[-50.264,-26.407],[-50.271,-26.406],[-50.271,-26.411],[-50.274,-26.411],[-50.272,-26.414],[-50.277,-26.412],[-50.277,-26.416],[-50.286,-26.418],[-50.285,-26.415],[-50.291,-26.414],[-50.293,-26.407],[-50.28,-26.393],[-50.288,-26.372],[-50.289,-26.371],[-50.285,-26.362],[-50.287,-26.357],[-50.284,-26.355],[-50.286,-26.354],[-50.281,-26.35],[-50.288,-26.347],[-50.281,-26.338],[-50.28,-26.335],[-50.284,-26.336],[-50.285,-26.333],[-50.276,-26.328],[-50.275,-26.323],[-50.278,-26.316],[-50.282,-26.319],[-50.284,-26.308],[-50.224,-26.29],[-50.207,-26.285],[-50.203,-26.276],[-50.188,-26.273],[-50.183,-26.226],[-50.189,-26.22],[-50.188,-26.216],[-50.181,-26.217],[-50.175,-26.211],[-50.162,-26.214],[-50.153,-26.21]]]}},{"type":"Feature","properties":{"id":"4212239","nome":"Para\u00edso"},"geometry":{"type":"Polygon","coordinates":[[[-53.674,-26.579],[-53.652,-26.589],[-53.646,-26.582],[-53.638,-26.588],[-53.632,-26.592],[-53.641,-26.604],[-53.631,-26.612],[-53.623,-26.615],[-53.629,-26.619],[-53.631,-26.629],[-53.614,-26.644],[-53.615,-26.647],[-53.608,-26.658],[-53.601,-26.654],[-53.597,-26.658],[-53.588,-26.669],[-53.591,-26.676],[-53.599,-26.68],[-53.595,-26.687],[-53.601,-26.685],[-53.605,-26.691],[-53.607,-26.688],[-53.603,-26.683],[-53.611,-26.684],[-53.611,-26.688],[-53.617,-26.689],[-53.613,-26.691],[-53.615,-26.696],[-53.62,-26.69],[-53.623,-26.694],[-53.619,-26.698],[-53.62,-26.704],[-53.624,-26.701],[-53.628,-26.705],[-53.629,-26.711],[-53.625,-26.714],[-53.628,-26.715],[-53.641,-26.716],[-53.64,-26.711],[-53.644,-26.71],[-53.642,-26.734],[-53.648,-26.731],[-53.651,-26.733],[-53.662,-26.729],[-53.66,-26.725],[-53.652,-26.728],[-53.653,-26.72],[-53.663,-26.716],[-53.687,-26.721],[-53.692,-26.727],[-53.695,-26.738],[-53.703,-26.738],[-53.706,-26.746],[-53.714,-26.749],[-53.724,-26.742],[-53.731,-26.73],[-53.736,-26.741],[-53.749,-26.74],[-53.742,-26.73],[-53.757,-26.719],[-53.753,-26.709],[-53.747,-26.719],[-53.733,-26.716],[-53.731,-26.7],[-53.741,-26.689],[-53.743,-26.681],[-53.736,-26.682],[-53.729,-26.691],[-53.715,-26.682],[-53.718,-26.679],[-53.73,-26.676],[-53.726,-26.673],[-53.726,-26.667],[-53.718,-26.666],[-53.72,-26.652],[-53.724,-26.647],[-53.722,-26.657],[-53.725,-26.658],[-53.733,-26.652],[-53.733,-26.645],[-53.742,-26.647],[-53.758,-26.641],[-53.75,-26.635],[-53.739,-26.643],[-53.74,-26.63],[-53.732,-26.629],[-53.728,-26.617],[-53.734,-26.608],[-53.728,-26.607],[-53.729,-26.602],[-53.726,-26.603],[-53.72,-26.597],[-53.72,-26.603],[-53.716,-26.601],[-53.71,-26.606],[-53.71,-26.599],[-53.704,-26.598],[-53.707,-26.595],[-53.71,-26.598],[-53.713,-26.595],[-53.701,-26.59],[-53.697,-26.59],[-53.7,-26.581],[-53.689,-26.586],[-53.687,-26.582],[-53.685,-26.579],[-53.674,-26.579]]]}},{"type":"Feature","properties":{"id":"4212254","nome":"Passo de Torres"},"geometry":{"type":"Polygon","coordinates":[[[-49.666,-29.237],[-49.66,-29.24],[-49.654,-29.232],[-49.644,-29.239],[-49.687,-29.291],[-49.711,-29.325],[-49.729,-29.329],[-49.736,-29.325],[-49.744,-29.328],[-49.746,-29.324],[-49.743,-29.32],[-49.73,-29.317],[-49.736,-29.31],[-49.738,-29.315],[-49.743,-29.311],[-49.742,-29.302],[-49.738,-29.301],[-49.75,-29.297],[-49.762,-29.3],[-49.773,-29.298],[-49.786,-29.288],[-49.791,-29.285],[-49.778,-29.237],[-49.752,-29.252],[-49.753,-29.261],[-49.745,-29.256],[-49.739,-29.248],[-49.731,-29.23],[-49.711,-29.206],[-49.692,-29.22],[-49.668,-29.235],[-49.666,-29.237]]]}},{"type":"Feature","properties":{"id":"4212270","nome":"Passos Maia"},"geometry":{"type":"Polygon","coordinates":[[[-52.015,-26.557],[-52.011,-26.566],[-52.01,-26.566],[-51.985,-26.565],[-51.981,-26.569],[-51.971,-26.568],[-51.959,-26.574],[-51.947,-26.569],[-51.928,-26.584],[-51.901,-26.58],[-51.884,-26.586],[-51.879,-26.597],[-51.874,-26.6],[-51.861,-26.597],[-51.855,-26.592],[-51.843,-26.595],[-51.823,-26.582],[-51.821,-26.594],[-51.833,-26.603],[-51.83,-26.607],[-51.833,-26.612],[-51.833,-26.625],[-51.848,-26.639],[-51.847,-26.647],[-51.852,-26.651],[-51.848,-26.66],[-51.855,-26.668],[-51.854,-26.671],[-51.862,-26.676],[-51.883,-26.677],[-51.879,-26.684],[-51.871,-26.687],[-51.87,-26.692],[-51.848,-26.682],[-51.847,-26.689],[-51.853,-26.689],[-51.856,-26.695],[-51.856,-26.707],[-51.853,-26.71],[-51.845,-26.709],[-51.844,-26.7],[-51.825,-26.702],[-51.825,-26.697],[-51.821,-26.695],[-51.814,-26.7],[-51.81,-26.694],[-51.779,-26.709],[-51.77,-26.728],[-51.76,-26.736],[-51.774,-26.745],[-51.775,-26.75],[-51.785,-26.76],[-51.794,-26.759],[-51.801,-26.769],[-51.805,-26.762],[-51.808,-26.761],[-51.81,-26.765],[-51.818,-26.762],[-51.827,-26.754],[-51.826,-26.766],[-51.831,-26.767],[-51.837,-26.767],[-51.841,-26.763],[-51.847,-26.765],[-51.846,-26.771],[-51.858,-26.769],[-51.875,-26.776],[-51.875,-26.773],[-51.881,-26.775],[-51.884,-26.771],[-51.885,-26.776],[-51.888,-26.776],[-51.89,-26.776],[-51.892,-26.779],[-51.897,-26.774],[-51.897,-26.778],[-51.901,-26.778],[-51.903,-26.781],[-51.901,-26.787],[-51.908,-26.787],[-51.908,-26.784],[-51.913,-26.782],[-51.919,-26.781],[-51.923,-26.786],[-51.931,-26.785],[-51.928,-26.776],[-51.934,-26.781],[-51.94,-26.781],[-51.939,-26.784],[-51.963,-26.78],[-51.967,-26.783],[-51.971,-26.782],[-51.971,-26.777],[-51.979,-26.778],[-51.982,-26.784],[-51.978,-26.789],[-51.983,-26.794],[-51.981,-26.8],[-51.998,-26.816],[-52.013,-26.846],[-52.042,-26.837],[-52.053,-26.846],[-52.056,-26.857],[-52.061,-26.855],[-52.068,-26.853],[-52.084,-26.855],[-52.105,-26.854],[-52.115,-26.86],[-52.135,-26.853],[-52.136,-26.84],[-52.14,-26.84],[-52.142,-26.831],[-52.139,-26.822],[-52.14,-26.806],[-52.148,-26.803],[-52.134,-26.791],[-52.119,-26.788],[-52.109,-26.79],[-52.106,-26.782],[-52.102,-26.777],[-52.096,-26.781],[-52.086,-26.777],[-52.075,-26.783],[-52.069,-26.779],[-52.054,-26.776],[-52.053,-26.773],[-52.04,-26.775],[-52.038,-26.771],[-52.047,-26.765],[-52.044,-26.763],[-52.043,-26.755],[-52.048,-26.752],[-52.051,-26.735],[-52.058,-26.731],[-52.061,-26.72],[-52.052,-26.71],[-52.047,-26.695],[-52.058,-26.692],[-52.05,-26.686],[-52.07,-26.686],[-52.067,-26.679],[-52.066,-26.673],[-52.06,-26.671],[-52.066,-26.669],[-52.068,-26.663],[-52.069,-26.66],[-52.061,-26.658],[-52.055,-26.645],[-52.052,-26.628],[-52.045,-26.607],[-52.041,-26.6],[-52.028,-26.595],[-52.034,-26.589],[-52.027,-26.582],[-52.027,-26.578],[-52.028,-26.56],[-52.033,-26.554],[-52.03,-26.546],[-52.021,-26.548],[-52.02,-26.555],[-52.015,-26.557]]]}},{"type":"Feature","properties":{"id":"4212304","nome":"Paulo Lopes"},"geometry":{"type":"Polygon","coordinates":[[[-48.738,-27.798],[-48.74,-27.81],[-48.745,-27.817],[-48.741,-27.825],[-48.748,-27.828],[-48.736,-27.843],[-48.737,-27.862],[-48.73,-27.871],[-48.727,-27.883],[-48.723,-27.887],[-48.723,-27.894],[-48.703,-27.896],[-48.698,-27.903],[-48.691,-27.902],[-48.681,-27.907],[-48.656,-27.91],[-48.654,-27.903],[-48.652,-27.901],[-48.647,-27.902],[-48.648,-27.906],[-48.644,-27.905],[-48.647,-27.911],[-48.641,-27.905],[-48.637,-27.914],[-48.624,-27.91],[-48.606,-27.917],[-48.59,-27.904],[-48.583,-27.905],[-48.586,-27.905],[-48.599,-27.916],[-48.62,-27.944],[-48.636,-27.955],[-48.643,-27.968],[-48.646,-27.966],[-48.65,-27.967],[-48.652,-27.969],[-48.655,-27.973],[-48.66,-27.982],[-48.657,-27.988],[-48.673,-28.007],[-48.682,-28.006],[-48.689,-28.019],[-48.692,-28.018],[-48.696,-28.012],[-48.698,-28.021],[-48.707,-28.026],[-48.719,-28.046],[-48.719,-28.053],[-48.724,-28.055],[-48.722,-28.06],[-48.712,-28.06],[-48.707,-28.065],[-48.704,-28.077],[-48.707,-28.083],[-48.716,-28.084],[-48.762,-28.09],[-48.77,-28.087],[-48.776,-28.089],[-48.796,-28.095],[-48.808,-28.093],[-48.81,-28.079],[-48.822,-28.074],[-48.824,-28.075],[-48.832,-28.071],[-48.849,-28.073],[-48.869,-28.08],[-48.868,-28.077],[-48.873,-28.077],[-48.874,-28.072],[-48.889,-28.082],[-48.894,-28.08],[-48.889,-28.076],[-48.882,-28.051],[-48.861,-28.043],[-48.854,-28.034],[-48.854,-28.023],[-48.844,-28.007],[-48.844,-27.996],[-48.838,-27.98],[-48.838,-27.964],[-48.85,-27.951],[-48.846,-27.945],[-48.84,-27.942],[-48.843,-27.937],[-48.837,-27.933],[-48.843,-27.93],[-48.847,-27.922],[-48.845,-27.906],[-48.842,-27.901],[-48.834,-27.908],[-48.826,-27.905],[-48.824,-27.894],[-48.828,-27.889],[-48.837,-27.89],[-48.847,-27.866],[-48.843,-27.861],[-48.827,-27.844],[-48.82,-27.825],[-48.816,-27.83],[-48.8,-27.829],[-48.788,-27.835],[-48.782,-27.831],[-48.776,-27.835],[-48.772,-27.833],[-48.766,-27.841],[-48.756,-27.84],[-48.765,-27.829],[-48.759,-27.823],[-48.759,-27.812],[-48.75,-27.81],[-48.748,-27.803],[-48.743,-27.804],[-48.738,-27.798]]]}},{"type":"Feature","properties":{"id":"4212403","nome":"Pedras Grandes"},"geometry":{"type":"Polygon","coordinates":[[[-49.191,-28.407],[-49.182,-28.414],[-49.162,-28.406],[-49.16,-28.402],[-49.156,-28.401],[-49.146,-28.412],[-49.138,-28.414],[-49.132,-28.418],[-49.125,-28.42],[-49.118,-28.431],[-49.116,-28.436],[-49.113,-28.444],[-49.122,-28.449],[-49.125,-28.455],[-49.122,-28.46],[-49.123,-28.475],[-49.139,-28.472],[-49.184,-28.499],[-49.192,-28.511],[-49.203,-28.528],[-49.243,-28.589],[-49.245,-28.591],[-49.251,-28.591],[-49.253,-28.587],[-49.259,-28.58],[-49.259,-28.571],[-49.264,-28.563],[-49.276,-28.558],[-49.282,-28.551],[-49.283,-28.543],[-49.29,-28.538],[-49.295,-28.525],[-49.292,-28.519],[-49.286,-28.514],[-49.29,-28.503],[-49.282,-28.493],[-49.281,-28.486],[-49.259,-28.475],[-49.258,-28.47],[-49.257,-28.463],[-49.245,-28.459],[-49.243,-28.455],[-49.235,-28.456],[-49.235,-28.448],[-49.227,-28.439],[-49.227,-28.435],[-49.221,-28.433],[-49.208,-28.431],[-49.204,-28.426],[-49.196,-28.424],[-49.205,-28.419],[-49.212,-28.4],[-49.19,-28.389],[-49.191,-28.407]]]}},{"type":"Feature","properties":{"id":"4212502","nome":"Penha"},"geometry":{"type":"Polygon","coordinates":[[[-48.64,-26.765],[-48.632,-26.78],[-48.62,-26.789],[-48.606,-26.788],[-48.599,-26.771],[-48.595,-26.783],[-48.585,-26.783],[-48.587,-26.79],[-48.584,-26.795],[-48.591,-26.796],[-48.595,-26.802],[-48.602,-26.827],[-48.62,-26.826],[-48.622,-26.82],[-48.626,-26.822],[-48.628,-26.819],[-48.637,-26.827],[-48.64,-26.825],[-48.645,-26.831],[-48.656,-26.829],[-48.664,-26.839],[-48.671,-26.841],[-48.679,-26.837],[-48.691,-26.839],[-48.7,-26.846],[-48.711,-26.842],[-48.709,-26.835],[-48.709,-26.833],[-48.708,-26.815],[-48.685,-26.799],[-48.679,-26.796],[-48.661,-26.77],[-48.652,-26.771],[-48.647,-26.761],[-48.64,-26.765]]]}},{"type":"Feature","properties":{"id":"4212601","nome":"Peritiba"},"geometry":{"type":"Polygon","coordinates":[[[-51.821,-27.297],[-51.819,-27.348],[-51.818,-27.366],[-51.818,-27.371],[-51.836,-27.371],[-51.864,-27.401],[-51.874,-27.406],[-51.874,-27.409],[-51.878,-27.413],[-51.877,-27.418],[-51.882,-27.419],[-51.877,-27.426],[-51.883,-27.425],[-51.891,-27.415],[-51.894,-27.41],[-51.89,-27.407],[-51.897,-27.4],[-51.894,-27.399],[-51.905,-27.394],[-51.9,-27.389],[-51.914,-27.39],[-51.918,-27.383],[-51.916,-27.381],[-51.922,-27.361],[-51.923,-27.35],[-51.939,-27.335],[-51.934,-27.332],[-51.935,-27.326],[-51.927,-27.327],[-51.921,-27.322],[-51.915,-27.324],[-51.914,-27.32],[-51.909,-27.312],[-51.915,-27.307],[-51.91,-27.303],[-51.905,-27.306],[-51.902,-27.3],[-51.896,-27.303],[-51.89,-27.301],[-51.88,-27.303],[-51.877,-27.303],[-51.876,-27.309],[-51.87,-27.31],[-51.866,-27.315],[-51.853,-27.319],[-51.843,-27.308],[-51.835,-27.306],[-51.821,-27.297]]]}},{"type":"Feature","properties":{"id":"4212700","nome":"Petrol\u00e2ndia"},"geometry":{"type":"Polygon","coordinates":[[[-49.629,-27.455],[-49.583,-27.477],[-49.585,-27.484],[-49.589,-27.486],[-49.586,-27.496],[-49.589,-27.506],[-49.601,-27.519],[-49.601,-27.528],[-49.606,-27.533],[-49.604,-27.536],[-49.613,-27.54],[-49.615,-27.547],[-49.6,-27.549],[-49.599,-27.556],[-49.603,-27.56],[-49.603,-27.566],[-49.615,-27.574],[-49.608,-27.57],[-49.591,-27.571],[-49.589,-27.573],[-49.614,-27.585],[-49.624,-27.617],[-49.629,-27.618],[-49.648,-27.638],[-49.664,-27.649],[-49.675,-27.647],[-49.685,-27.653],[-49.711,-27.643],[-49.719,-27.648],[-49.722,-27.655],[-49.73,-27.654],[-49.73,-27.651],[-49.737,-27.648],[-49.742,-27.631],[-49.737,-27.629],[-49.733,-27.619],[-49.747,-27.601],[-49.75,-27.594],[-49.753,-27.597],[-49.757,-27.596],[-49.756,-27.591],[-49.765,-27.586],[-49.764,-27.581],[-49.77,-27.564],[-49.763,-27.555],[-49.766,-27.55],[-49.758,-27.523],[-49.754,-27.52],[-49.769,-27.51],[-49.787,-27.496],[-49.78,-27.494],[-49.783,-27.482],[-49.777,-27.485],[-49.777,-27.477],[-49.763,-27.468],[-49.755,-27.474],[-49.738,-27.474],[-49.681,-27.459],[-49.675,-27.458],[-49.649,-27.45],[-49.637,-27.451],[-49.629,-27.455]]]}},{"type":"Feature","properties":{"id":"4212809","nome":"Balne\u00e1rio Pi\u00e7arras"},"geometry":{"type":"Polygon","coordinates":[[[-48.762,-26.737],[-48.756,-26.74],[-48.741,-26.737],[-48.732,-26.73],[-48.718,-26.729],[-48.708,-26.725],[-48.706,-26.725],[-48.681,-26.718],[-48.676,-26.75],[-48.671,-26.762],[-48.661,-26.77],[-48.679,-26.796],[-48.685,-26.799],[-48.708,-26.815],[-48.746,-26.807],[-48.746,-26.787],[-48.749,-26.783],[-48.766,-26.772],[-48.772,-26.763],[-48.778,-26.767],[-48.789,-26.757],[-48.797,-26.763],[-48.803,-26.757],[-48.803,-26.746],[-48.817,-26.74],[-48.807,-26.719],[-48.801,-26.712],[-48.79,-26.705],[-48.775,-26.706],[-48.762,-26.728],[-48.762,-26.737]]]}},{"type":"Feature","properties":{"id":"4212908","nome":"Pinhalzinho"},"geometry":{"type":"Polygon","coordinates":[[[-52.954,-26.761],[-52.943,-26.769],[-52.939,-26.767],[-52.935,-26.773],[-52.929,-26.771],[-52.932,-26.777],[-52.94,-26.775],[-52.942,-26.779],[-52.927,-26.786],[-52.928,-26.796],[-52.94,-26.793],[-52.943,-26.796],[-52.932,-26.802],[-52.918,-26.801],[-52.918,-26.814],[-52.915,-26.82],[-52.908,-26.811],[-52.904,-26.811],[-52.911,-26.822],[-52.929,-26.832],[-52.922,-26.837],[-52.919,-26.845],[-52.911,-26.854],[-52.907,-26.85],[-52.903,-26.85],[-52.901,-26.856],[-52.906,-26.861],[-52.918,-26.863],[-52.95,-26.868],[-52.948,-26.881],[-52.965,-26.884],[-52.979,-26.886],[-52.978,-26.884],[-52.992,-26.884],[-52.993,-26.886],[-53.007,-26.886],[-53.006,-26.875],[-53.012,-26.873],[-53.027,-26.875],[-53.035,-26.875],[-53.038,-26.871],[-53.036,-26.867],[-53.044,-26.861],[-53.038,-26.855],[-53.045,-26.854],[-53.045,-26.849],[-53.052,-26.845],[-53.052,-26.838],[-53.042,-26.839],[-53.048,-26.833],[-53.046,-26.829],[-53.035,-26.828],[-53.032,-26.826],[-53.033,-26.819],[-53.038,-26.821],[-53.042,-26.813],[-53.034,-26.813],[-53.035,-26.808],[-53.001,-26.803],[-52.995,-26.793],[-53.007,-26.779],[-53.005,-26.774],[-52.985,-26.772],[-52.972,-26.762],[-52.963,-26.761],[-52.961,-26.754],[-52.954,-26.752],[-52.951,-26.758],[-52.954,-26.761]]]}},{"type":"Feature","properties":{"id":"4213005","nome":"Pinheiro Preto"},"geometry":{"type":"Polygon","coordinates":[[[-51.302,-27.022],[-51.248,-27.035],[-51.231,-27.033],[-51.23,-27.027],[-51.213,-27.029],[-51.216,-27.022],[-51.213,-27.02],[-51.2,-27.031],[-51.196,-27.029],[-51.195,-27.026],[-51.183,-27.033],[-51.148,-27.078],[-51.155,-27.087],[-51.159,-27.088],[-51.163,-27.084],[-51.172,-27.088],[-51.174,-27.082],[-51.203,-27.079],[-51.203,-27.074],[-51.214,-27.074],[-51.213,-27.068],[-51.244,-27.065],[-51.247,-27.069],[-51.252,-27.062],[-51.271,-27.067],[-51.284,-27.06],[-51.284,-27.051],[-51.289,-27.051],[-51.289,-27.047],[-51.3,-27.058],[-51.318,-27.044],[-51.316,-27.018],[-51.302,-27.022]]]}},{"type":"Feature","properties":{"id":"4213104","nome":"Piratuba"},"geometry":{"type":"Polygon","coordinates":[[[-51.687,-27.432],[-51.693,-27.46],[-51.702,-27.475],[-51.699,-27.479],[-51.706,-27.485],[-51.715,-27.504],[-51.716,-27.51],[-51.725,-27.514],[-51.742,-27.497],[-51.749,-27.49],[-51.753,-27.487],[-51.782,-27.491],[-51.798,-27.491],[-51.802,-27.499],[-51.802,-27.504],[-51.79,-27.515],[-51.785,-27.528],[-51.797,-27.53],[-51.822,-27.512],[-51.829,-27.514],[-51.836,-27.522],[-51.843,-27.525],[-51.849,-27.525],[-51.854,-27.518],[-51.853,-27.514],[-51.842,-27.486],[-51.844,-27.481],[-51.857,-27.475],[-51.857,-27.469],[-51.865,-27.458],[-51.87,-27.45],[-51.857,-27.443],[-51.847,-27.464],[-51.842,-27.461],[-51.839,-27.454],[-51.833,-27.437],[-51.82,-27.43],[-51.8,-27.421],[-51.804,-27.431],[-51.787,-27.438],[-51.778,-27.445],[-51.776,-27.443],[-51.779,-27.433],[-51.791,-27.424],[-51.787,-27.42],[-51.776,-27.418],[-51.764,-27.416],[-51.758,-27.414],[-51.758,-27.409],[-51.762,-27.39],[-51.732,-27.392],[-51.727,-27.4],[-51.714,-27.408],[-51.706,-27.426],[-51.688,-27.432],[-51.687,-27.432]]]}},{"type":"Feature","properties":{"id":"4213153","nome":"Planalto Alegre"},"geometry":{"type":"Polygon","coordinates":[[[-52.905,-26.972],[-52.9,-26.975],[-52.894,-26.974],[-52.891,-27.01],[-52.847,-27.01],[-52.842,-27.01],[-52.841,-27.017],[-52.841,-27.033],[-52.84,-27.043],[-52.844,-27.048],[-52.841,-27.059],[-52.844,-27.066],[-52.837,-27.073],[-52.833,-27.095],[-52.829,-27.105],[-52.835,-27.109],[-52.848,-27.107],[-52.852,-27.111],[-52.861,-27.101],[-52.88,-27.091],[-52.881,-27.091],[-52.899,-27.085],[-52.899,-27.066],[-52.9,-27.031],[-52.901,-27.024],[-52.902,-27.008],[-52.905,-26.972]]]}},{"type":"Feature","properties":{"id":"4213203","nome":"Pomerode"},"geometry":{"type":"Polygon","coordinates":[[[-49.172,-26.617],[-49.166,-26.626],[-49.163,-26.648],[-49.155,-26.645],[-49.148,-26.643],[-49.145,-26.638],[-49.141,-26.639],[-49.13,-26.635],[-49.133,-26.652],[-49.127,-26.68],[-49.123,-26.682],[-49.124,-26.688],[-49.132,-26.694],[-49.131,-26.708],[-49.12,-26.71],[-49.12,-26.716],[-49.119,-26.722],[-49.11,-26.722],[-49.114,-26.734],[-49.106,-26.74],[-49.106,-26.743],[-49.118,-26.745],[-49.127,-26.752],[-49.127,-26.759],[-49.123,-26.761],[-49.124,-26.777],[-49.119,-26.792],[-49.128,-26.807],[-49.123,-26.822],[-49.128,-26.832],[-49.138,-26.834],[-49.139,-26.834],[-49.163,-26.838],[-49.17,-26.834],[-49.182,-26.835],[-49.189,-26.839],[-49.199,-26.837],[-49.206,-26.831],[-49.201,-26.819],[-49.208,-26.812],[-49.21,-26.804],[-49.199,-26.786],[-49.208,-26.771],[-49.205,-26.758],[-49.214,-26.755],[-49.218,-26.754],[-49.223,-26.752],[-49.227,-26.751],[-49.235,-26.751],[-49.233,-26.741],[-49.236,-26.728],[-49.23,-26.705],[-49.234,-26.69],[-49.226,-26.683],[-49.223,-26.673],[-49.223,-26.667],[-49.216,-26.666],[-49.215,-26.655],[-49.221,-26.647],[-49.221,-26.633],[-49.216,-26.622],[-49.223,-26.62],[-49.207,-26.616],[-49.2,-26.622],[-49.183,-26.613],[-49.172,-26.617]]]}},{"type":"Feature","properties":{"id":"4213302","nome":"Ponte Alta"},"geometry":{"type":"Polygon","coordinates":[[[-50.175,-27.27],[-50.169,-27.274],[-50.144,-27.271],[-50.135,-27.275],[-50.129,-27.274],[-50.103,-27.292],[-50.1,-27.298],[-50.088,-27.296],[-50.089,-27.301],[-50.075,-27.303],[-50.089,-27.308],[-50.09,-27.322],[-50.091,-27.329],[-50.097,-27.325],[-50.102,-27.327],[-50.1,-27.334],[-50.103,-27.339],[-50.113,-27.34],[-50.113,-27.347],[-50.128,-27.349],[-50.127,-27.36],[-50.138,-27.363],[-50.137,-27.367],[-50.143,-27.371],[-50.14,-27.378],[-50.146,-27.378],[-50.146,-27.402],[-50.152,-27.401],[-50.152,-27.406],[-50.158,-27.408],[-50.154,-27.41],[-50.157,-27.415],[-50.154,-27.418],[-50.157,-27.418],[-50.159,-27.428],[-50.162,-27.427],[-50.162,-27.43],[-50.168,-27.431],[-50.165,-27.439],[-50.168,-27.44],[-50.169,-27.437],[-50.17,-27.443],[-50.175,-27.442],[-50.175,-27.45],[-50.181,-27.446],[-50.188,-27.44],[-50.192,-27.457],[-50.213,-27.454],[-50.227,-27.47],[-50.222,-27.48],[-50.228,-27.484],[-50.246,-27.475],[-50.252,-27.453],[-50.266,-27.445],[-50.269,-27.46],[-50.277,-27.467],[-50.283,-27.479],[-50.274,-27.494],[-50.299,-27.494],[-50.301,-27.5],[-50.293,-27.515],[-50.271,-27.524],[-50.263,-27.533],[-50.263,-27.537],[-50.271,-27.536],[-50.288,-27.524],[-50.299,-27.522],[-50.315,-27.528],[-50.326,-27.526],[-50.359,-27.539],[-50.367,-27.535],[-50.371,-27.538],[-50.374,-27.545],[-50.368,-27.551],[-50.377,-27.561],[-50.384,-27.56],[-50.384,-27.552],[-50.393,-27.556],[-50.412,-27.547],[-50.397,-27.547],[-50.39,-27.536],[-50.393,-27.526],[-50.381,-27.515],[-50.377,-27.5],[-50.386,-27.498],[-50.385,-27.493],[-50.398,-27.478],[-50.404,-27.474],[-50.419,-27.477],[-50.424,-27.483],[-50.431,-27.475],[-50.435,-27.475],[-50.439,-27.48],[-50.447,-27.477],[-50.453,-27.485],[-50.451,-27.499],[-50.477,-27.484],[-50.493,-27.489],[-50.492,-27.481],[-50.473,-27.479],[-50.47,-27.475],[-50.472,-27.47],[-50.486,-27.463],[-50.487,-27.458],[-50.482,-27.445],[-50.477,-27.444],[-50.48,-27.438],[-50.488,-27.434],[-50.485,-27.429],[-50.482,-27.43],[-50.477,-27.417],[-50.481,-27.415],[-50.483,-27.401],[-50.488,-27.405],[-50.49,-27.401],[-50.481,-27.393],[-50.48,-27.387],[-50.475,-27.385],[-50.476,-27.381],[-50.468,-27.37],[-50.463,-27.368],[-50.45,-27.366],[-50.443,-27.359],[-50.434,-27.361],[-50.429,-27.365],[-50.4,-27.361],[-50.384,-27.349],[-50.375,-27.351],[-50.371,-27.345],[-50.317,-27.348],[-50.235,-27.353],[-50.225,-27.348],[-50.216,-27.348],[-50.203,-27.342],[-50.201,-27.328],[-50.196,-27.325],[-50.189,-27.32],[-50.182,-27.308],[-50.189,-27.275],[-50.175,-27.27]]]}},{"type":"Feature","properties":{"id":"4213351","nome":"Ponte Alta do Norte"},"geometry":{"type":"Polygon","coordinates":[[[-50.346,-27.092],[-50.349,-27.101],[-50.344,-27.098],[-50.338,-27.102],[-50.332,-27.101],[-50.33,-27.113],[-50.326,-27.107],[-50.32,-27.112],[-50.318,-27.126],[-50.313,-27.128],[-50.318,-27.145],[-50.309,-27.146],[-50.31,-27.152],[-50.304,-27.151],[-50.306,-27.168],[-50.303,-27.162],[-50.298,-27.161],[-50.283,-27.166],[-50.285,-27.172],[-50.293,-27.177],[-50.287,-27.183],[-50.289,-27.208],[-50.277,-27.206],[-50.273,-27.21],[-50.264,-27.197],[-50.261,-27.202],[-50.267,-27.226],[-50.258,-27.232],[-50.244,-27.235],[-50.244,-27.24],[-50.257,-27.255],[-50.258,-27.264],[-50.268,-27.269],[-50.28,-27.265],[-50.297,-27.25],[-50.304,-27.252],[-50.31,-27.258],[-50.309,-27.264],[-50.319,-27.269],[-50.332,-27.262],[-50.34,-27.267],[-50.358,-27.264],[-50.357,-27.257],[-50.361,-27.258],[-50.366,-27.251],[-50.357,-27.253],[-50.358,-27.244],[-50.35,-27.238],[-50.362,-27.236],[-50.367,-27.242],[-50.372,-27.228],[-50.379,-27.222],[-50.38,-27.23],[-50.377,-27.233],[-50.382,-27.239],[-50.377,-27.247],[-50.39,-27.249],[-50.393,-27.256],[-50.395,-27.262],[-50.401,-27.261],[-50.403,-27.255],[-50.414,-27.249],[-50.408,-27.24],[-50.421,-27.234],[-50.43,-27.236],[-50.44,-27.233],[-50.444,-27.228],[-50.455,-27.231],[-50.458,-27.22],[-50.466,-27.216],[-50.471,-27.216],[-50.478,-27.229],[-50.493,-27.218],[-50.501,-27.218],[-50.508,-27.212],[-50.523,-27.212],[-50.532,-27.206],[-50.536,-27.207],[-50.535,-27.21],[-50.544,-27.209],[-50.552,-27.215],[-50.562,-27.202],[-50.57,-27.2],[-50.57,-27.193],[-50.581,-27.193],[-50.59,-27.201],[-50.604,-27.198],[-50.614,-27.18],[-50.606,-27.176],[-50.608,-27.167],[-50.617,-27.159],[-50.628,-27.157],[-50.627,-27.151],[-50.612,-27.153],[-50.607,-27.145],[-50.598,-27.148],[-50.592,-27.14],[-50.585,-27.14],[-50.587,-27.143],[-50.581,-27.156],[-50.573,-27.156],[-50.579,-27.142],[-50.572,-27.141],[-50.57,-27.132],[-50.562,-27.139],[-50.566,-27.147],[-50.562,-27.151],[-50.558,-27.143],[-50.546,-27.142],[-50.537,-27.145],[-50.537,-27.142],[-50.553,-27.133],[-50.548,-27.13],[-50.538,-27.134],[-50.528,-27.133],[-50.525,-27.117],[-50.516,-27.121],[-50.457,-27.112],[-50.445,-27.113],[-50.439,-27.108],[-50.437,-27.112],[-50.428,-27.11],[-50.43,-27.099],[-50.422,-27.095],[-50.425,-27.107],[-50.419,-27.11],[-50.405,-27.109],[-50.381,-27.118],[-50.378,-27.107],[-50.373,-27.103],[-50.346,-27.092]]]}},{"type":"Feature","properties":{"id":"4213401","nome":"Ponte Serrada"},"geometry":{"type":"Polygon","coordinates":[[[-51.818,-26.762],[-51.81,-26.765],[-51.808,-26.761],[-51.805,-26.762],[-51.801,-26.769],[-51.794,-26.759],[-51.785,-26.76],[-51.781,-26.76],[-51.784,-26.771],[-51.778,-26.769],[-51.777,-26.782],[-51.768,-26.788],[-51.753,-26.774],[-51.737,-26.788],[-51.723,-26.787],[-51.704,-26.791],[-51.692,-26.802],[-51.679,-26.818],[-51.71,-26.825],[-51.717,-26.841],[-51.728,-26.846],[-51.728,-26.852],[-51.732,-26.85],[-51.731,-26.852],[-51.739,-26.852],[-51.739,-26.847],[-51.743,-26.848],[-51.749,-26.842],[-51.75,-26.847],[-51.758,-26.844],[-51.754,-26.841],[-51.758,-26.839],[-51.765,-26.844],[-51.768,-26.839],[-51.772,-26.843],[-51.771,-26.853],[-51.78,-26.857],[-51.782,-26.853],[-51.794,-26.854],[-51.795,-26.86],[-51.802,-26.859],[-51.803,-26.865],[-51.809,-26.856],[-51.807,-26.852],[-51.813,-26.854],[-51.813,-26.871],[-51.821,-26.884],[-51.82,-26.902],[-51.826,-26.907],[-51.824,-26.912],[-51.827,-26.923],[-51.831,-26.931],[-51.837,-26.931],[-51.848,-26.949],[-51.85,-26.944],[-51.862,-26.939],[-51.863,-26.933],[-51.875,-26.929],[-51.885,-26.946],[-51.888,-26.941],[-51.891,-26.943],[-51.895,-26.936],[-51.9,-26.939],[-51.906,-26.933],[-51.911,-26.934],[-51.918,-26.929],[-51.925,-26.932],[-51.93,-26.928],[-51.93,-26.932],[-51.941,-26.94],[-51.95,-26.939],[-51.958,-26.947],[-51.966,-26.947],[-51.968,-26.941],[-51.979,-26.937],[-51.986,-26.942],[-51.995,-26.942],[-51.995,-26.948],[-52.001,-26.947],[-52.005,-26.94],[-52.012,-26.949],[-52.014,-26.942],[-52.024,-26.95],[-52.031,-26.948],[-52.031,-26.943],[-52.036,-26.948],[-52.04,-26.947],[-52.039,-26.954],[-52.042,-26.957],[-52.048,-26.952],[-52.055,-26.952],[-52.053,-26.959],[-52.055,-26.961],[-52.067,-26.96],[-52.07,-26.953],[-52.072,-26.942],[-52.082,-26.952],[-52.093,-26.946],[-52.094,-26.951],[-52.102,-26.95],[-52.109,-26.955],[-52.108,-26.949],[-52.117,-26.947],[-52.126,-26.949],[-52.132,-26.944],[-52.134,-26.932],[-52.14,-26.935],[-52.149,-26.93],[-52.145,-26.929],[-52.14,-26.919],[-52.144,-26.911],[-52.139,-26.906],[-52.141,-26.9],[-52.164,-26.886],[-52.115,-26.86],[-52.105,-26.854],[-52.084,-26.855],[-52.068,-26.853],[-52.061,-26.855],[-52.056,-26.857],[-52.053,-26.846],[-52.042,-26.837],[-52.013,-26.846],[-51.998,-26.816],[-51.981,-26.8],[-51.983,-26.794],[-51.978,-26.789],[-51.982,-26.784],[-51.979,-26.778],[-51.971,-26.777],[-51.971,-26.782],[-51.967,-26.783],[-51.963,-26.78],[-51.939,-26.784],[-51.94,-26.781],[-51.934,-26.781],[-51.928,-26.776],[-51.931,-26.785],[-51.923,-26.786],[-51.919,-26.781],[-51.913,-26.782],[-51.908,-26.784],[-51.908,-26.787],[-51.901,-26.787],[-51.903,-26.781],[-51.901,-26.778],[-51.897,-26.778],[-51.897,-26.774],[-51.892,-26.779],[-51.89,-26.776],[-51.888,-26.776],[-51.885,-26.776],[-51.884,-26.771],[-51.881,-26.775],[-51.875,-26.773],[-51.875,-26.776],[-51.858,-26.769],[-51.846,-26.771],[-51.847,-26.765],[-51.841,-26.763],[-51.837,-26.767],[-51.831,-26.767],[-51.826,-26.766],[-51.827,-26.754],[-51.818,-26.762]]]}},{"type":"Feature","properties":{"id":"4213500","nome":"Porto Belo"},"geometry":{"type":"Polygon","coordinates":[[[-48.507,-27.111],[-48.523,-27.136],[-48.529,-27.163],[-48.542,-27.173],[-48.554,-27.173],[-48.563,-27.184],[-48.574,-27.185],[-48.584,-27.194],[-48.584,-27.199],[-48.578,-27.208],[-48.579,-27.211],[-48.583,-27.21],[-48.598,-27.218],[-48.603,-27.22],[-48.603,-27.218],[-48.608,-27.21],[-48.621,-27.211],[-48.637,-27.212],[-48.66,-27.216],[-48.673,-27.207],[-48.675,-27.198],[-48.684,-27.195],[-48.69,-27.18],[-48.686,-27.172],[-48.688,-27.169],[-48.692,-27.17],[-48.685,-27.167],[-48.677,-27.169],[-48.684,-27.158],[-48.683,-27.154],[-48.691,-27.15],[-48.689,-27.142],[-48.68,-27.148],[-48.653,-27.151],[-48.644,-27.146],[-48.635,-27.15],[-48.616,-27.143],[-48.612,-27.137],[-48.61,-27.137],[-48.601,-27.14],[-48.603,-27.146],[-48.584,-27.145],[-48.566,-27.155],[-48.559,-27.153],[-48.554,-27.158],[-48.549,-27.157],[-48.533,-27.148],[-48.537,-27.143],[-48.525,-27.129],[-48.526,-27.126],[-48.53,-27.129],[-48.528,-27.124],[-48.521,-27.118],[-48.516,-27.122],[-48.507,-27.111]]]}},{"type":"Feature","properties":{"id":"4213609","nome":"Porto Uni\u00e3o"},"geometry":{"type":"Polygon","coordinates":[[[-51.062,-26.243],[-51.055,-26.245],[-51.016,-26.234],[-51.0,-26.23],[-50.991,-26.234],[-50.973,-26.247],[-50.97,-26.264],[-50.953,-26.269],[-50.944,-26.282],[-50.937,-26.279],[-50.931,-26.268],[-50.944,-26.24],[-50.942,-26.235],[-50.935,-26.233],[-50.908,-26.251],[-50.909,-26.284],[-50.901,-26.289],[-50.899,-26.289],[-50.897,-26.294],[-50.889,-26.302],[-50.902,-26.304],[-50.895,-26.312],[-50.9,-26.321],[-50.891,-26.325],[-50.884,-26.316],[-50.881,-26.322],[-50.884,-26.327],[-50.898,-26.332],[-50.888,-26.338],[-50.895,-26.348],[-50.883,-26.358],[-50.884,-26.38],[-50.879,-26.382],[-50.871,-26.385],[-50.859,-26.376],[-50.849,-26.378],[-50.844,-26.383],[-50.847,-26.39],[-50.841,-26.405],[-50.843,-26.411],[-50.849,-26.427],[-50.845,-26.429],[-50.816,-26.44],[-50.81,-26.457],[-50.821,-26.463],[-50.822,-26.467],[-50.802,-26.492],[-50.787,-26.495],[-50.786,-26.502],[-50.798,-26.508],[-50.801,-26.507],[-50.803,-26.518],[-50.818,-26.53],[-50.824,-26.546],[-50.857,-26.559],[-50.872,-26.557],[-50.901,-26.556],[-50.907,-26.548],[-50.917,-26.544],[-50.923,-26.551],[-50.94,-26.55],[-50.956,-26.536],[-50.962,-26.522],[-50.969,-26.529],[-50.985,-26.51],[-50.995,-26.507],[-51.011,-26.496],[-51.011,-26.491],[-51.005,-26.486],[-50.997,-26.485],[-50.998,-26.466],[-50.999,-26.462],[-51.005,-26.465],[-51.009,-26.46],[-51.0,-26.458],[-50.997,-26.447],[-50.99,-26.448],[-50.977,-26.441],[-50.981,-26.428],[-50.965,-26.428],[-50.986,-26.403],[-50.994,-26.408],[-50.997,-26.404],[-51.025,-26.406],[-51.042,-26.395],[-51.045,-26.396],[-51.053,-26.4],[-51.058,-26.395],[-51.062,-26.402],[-51.099,-26.392],[-51.101,-26.395],[-51.105,-26.392],[-51.117,-26.391],[-51.119,-26.4],[-51.127,-26.4],[-51.138,-26.415],[-51.154,-26.419],[-51.158,-26.424],[-51.157,-26.43],[-51.181,-26.445],[-51.191,-26.451],[-51.196,-26.448],[-51.204,-26.439],[-51.202,-26.428],[-51.232,-26.408],[-51.259,-26.401],[-51.27,-26.387],[-51.26,-26.379],[-51.258,-26.379],[-51.252,-26.376],[-51.255,-26.374],[-51.259,-26.369],[-51.26,-26.358],[-51.254,-26.35],[-51.251,-26.348],[-51.255,-26.345],[-51.256,-26.34],[-51.251,-26.332],[-51.245,-26.33],[-51.243,-26.324],[-51.226,-26.322],[-51.222,-26.316],[-51.217,-26.315],[-51.207,-26.296],[-51.203,-26.298],[-51.193,-26.302],[-51.181,-26.299],[-51.169,-26.291],[-51.163,-26.291],[-51.163,-26.283],[-51.156,-26.28],[-51.149,-26.279],[-51.143,-26.285],[-51.138,-26.286],[-51.136,-26.279],[-51.122,-26.279],[-51.107,-26.273],[-51.104,-26.275],[-51.104,-26.272],[-51.101,-26.265],[-51.093,-26.259],[-51.094,-26.249],[-51.088,-26.247],[-51.085,-26.23],[-51.08,-26.228],[-51.07,-26.239],[-51.062,-26.243]]]}},{"type":"Feature","properties":{"id":"4213708","nome":"Pouso Redondo"},"geometry":{"type":"Polygon","coordinates":[[[-49.916,-27.193],[-49.913,-27.218],[-49.873,-27.228],[-49.845,-27.233],[-49.821,-27.266],[-49.829,-27.264],[-49.846,-27.275],[-49.846,-27.276],[-49.857,-27.278],[-49.862,-27.288],[-49.884,-27.305],[-49.897,-27.307],[-49.909,-27.315],[-49.921,-27.322],[-49.93,-27.321],[-49.94,-27.335],[-49.937,-27.35],[-49.931,-27.352],[-49.934,-27.364],[-49.93,-27.368],[-49.933,-27.375],[-49.947,-27.381],[-49.949,-27.381],[-49.951,-27.381],[-49.949,-27.39],[-49.953,-27.391],[-49.954,-27.397],[-49.956,-27.402],[-49.956,-27.406],[-49.962,-27.405],[-49.965,-27.412],[-49.969,-27.408],[-49.97,-27.412],[-49.987,-27.403],[-49.988,-27.407],[-49.978,-27.417],[-49.987,-27.419],[-49.991,-27.413],[-49.995,-27.414],[-50.008,-27.397],[-50.011,-27.399],[-50.009,-27.406],[-50.016,-27.401],[-50.015,-27.394],[-50.019,-27.388],[-50.011,-27.388],[-50.015,-27.379],[-50.022,-27.373],[-50.033,-27.372],[-50.03,-27.368],[-50.032,-27.357],[-50.041,-27.358],[-50.043,-27.352],[-50.049,-27.356],[-50.044,-27.341],[-50.048,-27.335],[-50.042,-27.334],[-50.033,-27.342],[-50.028,-27.342],[-50.024,-27.335],[-50.026,-27.328],[-50.019,-27.33],[-50.01,-27.32],[-50.018,-27.32],[-50.019,-27.324],[-50.027,-27.325],[-50.041,-27.321],[-50.053,-27.316],[-50.049,-27.32],[-50.057,-27.319],[-50.059,-27.321],[-50.062,-27.325],[-50.063,-27.321],[-50.06,-27.313],[-50.062,-27.312],[-50.062,-27.31],[-50.072,-27.311],[-50.071,-27.304],[-50.075,-27.303],[-50.089,-27.301],[-50.088,-27.296],[-50.1,-27.298],[-50.103,-27.292],[-50.129,-27.274],[-50.091,-27.242],[-50.067,-27.237],[-50.058,-27.226],[-50.064,-27.221],[-50.063,-27.218],[-50.053,-27.213],[-50.05,-27.204],[-50.042,-27.212],[-50.044,-27.216],[-50.026,-27.222],[-50.016,-27.21],[-50.003,-27.212],[-49.996,-27.214],[-49.989,-27.205],[-49.976,-27.199],[-49.97,-27.199],[-49.966,-27.196],[-49.961,-27.198],[-49.957,-27.201],[-49.957,-27.202],[-49.941,-27.214],[-49.932,-27.189],[-49.919,-27.188],[-49.916,-27.193]]]}},{"type":"Feature","properties":{"id":"4213807","nome":"Praia Grande"},"geometry":{"type":"Polygon","coordinates":[[[-49.956,-29.068],[-49.931,-29.085],[-49.927,-29.089],[-49.916,-29.103],[-49.897,-29.099],[-49.889,-29.101],[-49.878,-29.094],[-49.868,-29.097],[-49.866,-29.1],[-49.851,-29.102],[-49.831,-29.121],[-49.828,-29.14],[-49.817,-29.151],[-49.829,-29.15],[-49.828,-29.156],[-49.838,-29.154],[-49.837,-29.159],[-49.832,-29.16],[-49.838,-29.162],[-49.84,-29.16],[-49.849,-29.166],[-49.858,-29.165],[-49.864,-29.171],[-49.878,-29.169],[-49.885,-29.171],[-49.886,-29.174],[-49.892,-29.176],[-49.902,-29.19],[-49.911,-29.192],[-49.911,-29.195],[-49.922,-29.194],[-49.923,-29.197],[-49.937,-29.198],[-49.94,-29.201],[-49.954,-29.199],[-49.962,-29.199],[-49.969,-29.203],[-49.97,-29.209],[-49.973,-29.213],[-49.981,-29.219],[-49.99,-29.224],[-49.996,-29.227],[-50.0,-29.227],[-50.007,-29.225],[-50.034,-29.233],[-50.042,-29.24],[-50.064,-29.243],[-50.065,-29.249],[-50.069,-29.246],[-50.089,-29.254],[-50.106,-29.254],[-50.108,-29.258],[-50.114,-29.259],[-50.108,-29.28],[-50.102,-29.283],[-50.092,-29.296],[-50.073,-29.309],[-50.063,-29.312],[-50.033,-29.349],[-50.037,-29.351],[-50.049,-29.339],[-50.065,-29.341],[-50.059,-29.336],[-50.057,-29.327],[-50.073,-29.327],[-50.064,-29.321],[-50.071,-29.323],[-50.072,-29.32],[-50.078,-29.32],[-50.086,-29.323],[-50.084,-29.316],[-50.089,-29.31],[-50.101,-29.31],[-50.11,-29.304],[-50.105,-29.301],[-50.106,-29.298],[-50.118,-29.297],[-50.116,-29.292],[-50.121,-29.288],[-50.123,-29.281],[-50.13,-29.286],[-50.127,-29.298],[-50.128,-29.303],[-50.136,-29.299],[-50.138,-29.292],[-50.142,-29.292],[-50.141,-29.288],[-50.147,-29.288],[-50.145,-29.283],[-50.15,-29.284],[-50.15,-29.282],[-50.145,-29.276],[-50.147,-29.264],[-50.146,-29.258],[-50.138,-29.255],[-50.15,-29.258],[-50.15,-29.249],[-50.157,-29.252],[-50.161,-29.249],[-50.174,-29.249],[-50.141,-29.238],[-50.142,-29.231],[-50.15,-29.23],[-50.145,-29.226],[-50.147,-29.22],[-50.133,-29.216],[-50.133,-29.208],[-50.14,-29.201],[-50.151,-29.204],[-50.152,-29.201],[-50.139,-29.192],[-50.137,-29.199],[-50.123,-29.198],[-50.129,-29.201],[-50.116,-29.205],[-50.115,-29.209],[-50.093,-29.213],[-50.101,-29.225],[-50.11,-29.222],[-50.113,-29.225],[-50.108,-29.23],[-50.112,-29.24],[-50.093,-29.223],[-50.098,-29.236],[-50.094,-29.237],[-50.083,-29.228],[-50.088,-29.222],[-50.085,-29.215],[-50.093,-29.221],[-50.085,-29.199],[-50.092,-29.199],[-50.085,-29.193],[-50.093,-29.195],[-50.088,-29.184],[-50.091,-29.18],[-50.097,-29.18],[-50.093,-29.176],[-50.098,-29.172],[-50.096,-29.166],[-50.099,-29.163],[-50.082,-29.16],[-50.08,-29.155],[-50.067,-29.159],[-50.078,-29.157],[-50.077,-29.161],[-50.092,-29.167],[-50.09,-29.175],[-50.079,-29.175],[-50.086,-29.178],[-50.076,-29.183],[-50.079,-29.185],[-50.076,-29.19],[-50.06,-29.176],[-50.065,-29.191],[-50.055,-29.183],[-50.051,-29.186],[-50.042,-29.184],[-50.034,-29.177],[-50.03,-29.18],[-50.014,-29.181],[-50.021,-29.178],[-50.019,-29.174],[-50.028,-29.171],[-50.024,-29.166],[-50.027,-29.164],[-50.02,-29.167],[-50.018,-29.164],[-50.019,-29.154],[-50.009,-29.157],[-50.01,-29.151],[-50.005,-29.15],[-50.005,-29.134],[-50.014,-29.128],[-49.997,-29.133],[-49.99,-29.128],[-49.991,-29.135],[-49.986,-29.136],[-49.984,-29.133],[-49.992,-29.118],[-49.983,-29.117],[-49.982,-29.12],[-49.968,-29.116],[-49.969,-29.12],[-49.962,-29.117],[-49.964,-29.114],[-49.967,-29.115],[-49.969,-29.104],[-49.969,-29.101],[-49.962,-29.1],[-49.967,-29.095],[-49.967,-29.083],[-49.954,-29.085],[-49.954,-29.076],[-49.96,-29.071],[-49.956,-29.068]]]}},{"type":"Feature","properties":{"id":"4213906","nome":"Presidente Castello Branco"},"geometry":{"type":"Polygon","coordinates":[[[-51.784,-27.2],[-51.771,-27.207],[-51.754,-27.204],[-51.738,-27.208],[-51.725,-27.208],[-51.72,-27.218],[-51.731,-27.232],[-51.738,-27.246],[-51.744,-27.246],[-51.745,-27.25],[-51.75,-27.252],[-51.751,-27.256],[-51.755,-27.258],[-51.76,-27.254],[-51.764,-27.259],[-51.755,-27.281],[-51.765,-27.281],[-51.767,-27.278],[-51.771,-27.283],[-51.783,-27.283],[-51.789,-27.289],[-51.795,-27.293],[-51.799,-27.284],[-51.788,-27.268],[-51.79,-27.26],[-51.798,-27.253],[-51.806,-27.25],[-51.811,-27.252],[-51.818,-27.246],[-51.831,-27.252],[-51.836,-27.248],[-51.838,-27.25],[-51.841,-27.242],[-51.838,-27.239],[-51.842,-27.237],[-51.843,-27.229],[-51.829,-27.235],[-51.828,-27.231],[-51.833,-27.229],[-51.827,-27.227],[-51.826,-27.221],[-51.821,-27.223],[-51.817,-27.22],[-51.814,-27.222],[-51.813,-27.212],[-51.816,-27.206],[-51.814,-27.188],[-51.809,-27.184],[-51.803,-27.184],[-51.796,-27.199],[-51.784,-27.2]]]}},{"type":"Feature","properties":{"id":"4214003","nome":"Presidente Get\u00falio"},"geometry":{"type":"Polygon","coordinates":[[[-49.632,-26.996],[-49.605,-27.003],[-49.601,-27.01],[-49.597,-27.017],[-49.593,-27.023],[-49.594,-27.028],[-49.594,-27.036],[-49.59,-27.045],[-49.592,-27.045],[-49.591,-27.048],[-49.586,-27.059],[-49.577,-27.078],[-49.585,-27.086],[-49.599,-27.086],[-49.601,-27.082],[-49.613,-27.08],[-49.625,-27.088],[-49.633,-27.099],[-49.635,-27.108],[-49.656,-27.103],[-49.664,-27.109],[-49.667,-27.117],[-49.696,-27.123],[-49.699,-27.13],[-49.708,-27.132],[-49.717,-27.143],[-49.719,-27.144],[-49.724,-27.144],[-49.734,-27.148],[-49.741,-27.145],[-49.746,-27.135],[-49.764,-27.132],[-49.773,-27.138],[-49.782,-27.136],[-49.784,-27.134],[-49.785,-27.13],[-49.802,-27.127],[-49.806,-27.116],[-49.823,-27.113],[-49.833,-27.113],[-49.836,-27.081],[-49.844,-27.069],[-49.846,-27.061],[-49.84,-27.047],[-49.84,-27.032],[-49.846,-27.023],[-49.847,-27.012],[-49.826,-27.013],[-49.82,-27.014],[-49.808,-27.017],[-49.803,-27.015],[-49.777,-27.025],[-49.773,-27.02],[-49.769,-27.032],[-49.763,-27.031],[-49.762,-27.038],[-49.755,-27.046],[-49.752,-27.045],[-49.752,-27.049],[-49.727,-27.059],[-49.722,-27.057],[-49.731,-27.051],[-49.737,-27.034],[-49.74,-27.034],[-49.736,-27.029],[-49.728,-27.039],[-49.722,-27.031],[-49.72,-27.037],[-49.711,-27.041],[-49.695,-27.041],[-49.689,-27.032],[-49.682,-27.03],[-49.675,-27.035],[-49.671,-27.033],[-49.665,-27.034],[-49.666,-27.027],[-49.661,-27.025],[-49.665,-27.018],[-49.686,-27.017],[-49.703,-27.025],[-49.707,-27.021],[-49.692,-26.993],[-49.681,-27.002],[-49.675,-26.998],[-49.677,-26.987],[-49.686,-26.986],[-49.682,-26.978],[-49.685,-26.968],[-49.681,-26.965],[-49.681,-26.953],[-49.689,-26.946],[-49.689,-26.935],[-49.696,-26.929],[-49.691,-26.925],[-49.677,-26.946],[-49.655,-26.959],[-49.654,-26.965],[-49.639,-26.978],[-49.632,-26.996]]]}},{"type":"Feature","properties":{"id":"4214102","nome":"Presidente Nereu"},"geometry":{"type":"Polygon","coordinates":[[[-49.201,-27.208],[-49.203,-27.214],[-49.206,-27.212],[-49.21,-27.214],[-49.214,-27.229],[-49.219,-27.228],[-49.222,-27.231],[-49.231,-27.23],[-49.252,-27.237],[-49.252,-27.243],[-49.254,-27.244],[-49.268,-27.249],[-49.269,-27.245],[-49.275,-27.245],[-49.274,-27.251],[-49.284,-27.258],[-49.284,-27.259],[-49.285,-27.261],[-49.301,-27.256],[-49.304,-27.258],[-49.299,-27.268],[-49.304,-27.268],[-49.303,-27.272],[-49.309,-27.272],[-49.31,-27.282],[-49.316,-27.285],[-49.311,-27.289],[-49.312,-27.298],[-49.319,-27.307],[-49.313,-27.314],[-49.317,-27.312],[-49.322,-27.322],[-49.328,-27.315],[-49.347,-27.313],[-49.371,-27.325],[-49.392,-27.326],[-49.4,-27.331],[-49.4,-27.342],[-49.41,-27.346],[-49.41,-27.352],[-49.414,-27.351],[-49.438,-27.348],[-49.454,-27.352],[-49.459,-27.357],[-49.468,-27.339],[-49.473,-27.335],[-49.474,-27.326],[-49.481,-27.319],[-49.48,-27.304],[-49.483,-27.304],[-49.489,-27.298],[-49.485,-27.292],[-49.474,-27.289],[-49.467,-27.28],[-49.453,-27.272],[-49.446,-27.255],[-49.427,-27.253],[-49.42,-27.249],[-49.417,-27.239],[-49.41,-27.236],[-49.403,-27.231],[-49.398,-27.236],[-49.373,-27.228],[-49.342,-27.237],[-49.321,-27.23],[-49.309,-27.216],[-49.309,-27.215],[-49.303,-27.211],[-49.294,-27.215],[-49.285,-27.21],[-49.27,-27.208],[-49.263,-27.211],[-49.249,-27.198],[-49.248,-27.196],[-49.243,-27.179],[-49.234,-27.172],[-49.226,-27.171],[-49.226,-27.166],[-49.22,-27.163],[-49.211,-27.162],[-49.211,-27.158],[-49.204,-27.163],[-49.198,-27.177],[-49.197,-27.188],[-49.201,-27.195],[-49.196,-27.198],[-49.189,-27.2],[-49.188,-27.204],[-49.198,-27.207],[-49.201,-27.208]]]}},{"type":"Feature","properties":{"id":"4214151","nome":"Princesa"},"geometry":{"type":"Polygon","coordinates":[[[-53.591,-26.406],[-53.586,-26.414],[-53.582,-26.416],[-53.582,-26.413],[-53.539,-26.425],[-53.54,-26.427],[-53.543,-26.426],[-53.549,-26.437],[-53.556,-26.442],[-53.558,-26.45],[-53.556,-26.45],[-53.558,-26.469],[-53.567,-26.464],[-53.57,-26.467],[-53.568,-26.47],[-53.576,-26.479],[-53.581,-26.476],[-53.624,-26.472],[-53.63,-26.467],[-53.632,-26.47],[-53.639,-26.465],[-53.637,-26.45],[-53.665,-26.444],[-53.688,-26.443],[-53.687,-26.428],[-53.682,-26.428],[-53.68,-26.415],[-53.666,-26.425],[-53.665,-26.418],[-53.67,-26.414],[-53.665,-26.412],[-53.657,-26.419],[-53.654,-26.41],[-53.657,-26.408],[-53.652,-26.407],[-53.648,-26.41],[-53.645,-26.405],[-53.637,-26.398],[-53.632,-26.396],[-53.618,-26.376],[-53.601,-26.376],[-53.591,-26.406]]]}},{"type":"Feature","properties":{"id":"4214201","nome":"Quilombo"},"geometry":{"type":"Polygon","coordinates":[[[-52.626,-26.645],[-52.626,-26.655],[-52.615,-26.654],[-52.612,-26.65],[-52.609,-26.653],[-52.608,-26.663],[-52.618,-26.671],[-52.607,-26.675],[-52.608,-26.688],[-52.618,-26.7],[-52.611,-26.704],[-52.601,-26.701],[-52.599,-26.708],[-52.596,-26.723],[-52.615,-26.723],[-52.62,-26.726],[-52.625,-26.731],[-52.637,-26.729],[-52.628,-26.742],[-52.644,-26.744],[-52.647,-26.749],[-52.64,-26.754],[-52.63,-26.754],[-52.639,-26.764],[-52.623,-26.771],[-52.628,-26.779],[-52.637,-26.779],[-52.651,-26.764],[-52.65,-26.753],[-52.662,-26.755],[-52.677,-26.763],[-52.696,-26.761],[-52.696,-26.769],[-52.665,-26.786],[-52.668,-26.797],[-52.68,-26.802],[-52.683,-26.806],[-52.7,-26.8],[-52.714,-26.799],[-52.717,-26.803],[-52.712,-26.819],[-52.719,-26.821],[-52.728,-26.817],[-52.729,-26.817],[-52.734,-26.816],[-52.744,-26.822],[-52.743,-26.84],[-52.763,-26.82],[-52.767,-26.81],[-52.777,-26.803],[-52.783,-26.788],[-52.791,-26.789],[-52.802,-26.776],[-52.801,-26.771],[-52.803,-26.751],[-52.81,-26.747],[-52.817,-26.734],[-52.826,-26.699],[-52.835,-26.697],[-52.837,-26.691],[-52.844,-26.686],[-52.847,-26.672],[-52.847,-26.669],[-52.842,-26.672],[-52.832,-26.681],[-52.818,-26.68],[-52.804,-26.685],[-52.799,-26.684],[-52.777,-26.672],[-52.757,-26.677],[-52.752,-26.671],[-52.75,-26.659],[-52.744,-26.658],[-52.728,-26.666],[-52.721,-26.671],[-52.722,-26.673],[-52.699,-26.674],[-52.694,-26.671],[-52.678,-26.673],[-52.677,-26.67],[-52.664,-26.663],[-52.658,-26.652],[-52.645,-26.65],[-52.632,-26.641],[-52.626,-26.645]]]}},{"type":"Feature","properties":{"id":"4214300","nome":"Rancho Queimado"},"geometry":{"type":"Polygon","coordinates":[[[-49.138,-27.582],[-49.135,-27.594],[-49.128,-27.6],[-49.089,-27.585],[-49.084,-27.607],[-49.081,-27.623],[-49.065,-27.648],[-49.011,-27.622],[-49.009,-27.63],[-49.002,-27.625],[-48.989,-27.632],[-48.978,-27.627],[-48.97,-27.635],[-48.97,-27.651],[-48.963,-27.653],[-48.964,-27.657],[-48.97,-27.668],[-48.975,-27.669],[-48.984,-27.689],[-48.989,-27.689],[-48.993,-27.698],[-49.003,-27.696],[-49.006,-27.701],[-49.01,-27.71],[-49.006,-27.722],[-49.016,-27.728],[-49.015,-27.735],[-49.031,-27.774],[-49.029,-27.751],[-49.03,-27.741],[-49.036,-27.734],[-49.042,-27.757],[-49.053,-27.772],[-49.061,-27.767],[-49.064,-27.757],[-49.073,-27.764],[-49.078,-27.755],[-49.076,-27.751],[-49.088,-27.756],[-49.093,-27.752],[-49.107,-27.769],[-49.116,-27.768],[-49.126,-27.76],[-49.128,-27.746],[-49.144,-27.741],[-49.148,-27.744],[-49.158,-27.744],[-49.159,-27.733],[-49.152,-27.712],[-49.158,-27.706],[-49.149,-27.696],[-49.148,-27.688],[-49.157,-27.672],[-49.177,-27.661],[-49.202,-27.645],[-49.211,-27.628],[-49.206,-27.621],[-49.208,-27.611],[-49.205,-27.602],[-49.185,-27.591],[-49.178,-27.595],[-49.163,-27.589],[-49.143,-27.592],[-49.138,-27.582]]]}},{"type":"Feature","properties":{"id":"4214409","nome":"Rio das Antas"},"geometry":{"type":"Polygon","coordinates":[[[-51.181,-26.833],[-51.14,-26.838],[-51.129,-26.836],[-51.125,-26.842],[-51.113,-26.835],[-51.104,-26.832],[-51.096,-26.838],[-51.065,-26.84],[-51.05,-26.842],[-51.052,-26.849],[-51.058,-26.851],[-51.053,-26.858],[-51.044,-26.851],[-51.041,-26.86],[-51.04,-26.867],[-51.035,-26.861],[-51.025,-26.864],[-51.021,-26.857],[-51.016,-26.863],[-51.008,-26.864],[-51.006,-26.871],[-50.995,-26.862],[-50.983,-26.87],[-50.991,-26.875],[-50.987,-26.88],[-50.976,-26.877],[-50.977,-26.882],[-50.967,-26.882],[-50.972,-26.886],[-50.975,-26.887],[-50.974,-26.892],[-50.97,-26.897],[-50.964,-26.891],[-50.958,-26.892],[-50.943,-26.884],[-50.935,-26.899],[-50.926,-26.903],[-50.922,-26.894],[-50.91,-26.895],[-50.904,-26.885],[-50.896,-26.887],[-50.887,-26.884],[-50.881,-26.887],[-50.874,-26.877],[-50.861,-26.876],[-50.852,-26.871],[-50.847,-26.872],[-50.986,-26.959],[-50.991,-26.961],[-50.981,-26.972],[-50.985,-26.979],[-51.005,-26.978],[-51.003,-26.982],[-51.026,-26.979],[-51.031,-26.972],[-51.036,-26.972],[-51.038,-26.98],[-51.05,-26.981],[-51.046,-26.988],[-51.051,-26.991],[-51.063,-26.988],[-51.063,-26.984],[-51.071,-26.981],[-51.117,-26.984],[-51.122,-26.98],[-51.128,-26.961],[-51.139,-26.963],[-51.137,-26.958],[-51.144,-26.951],[-51.154,-26.958],[-51.161,-26.954],[-51.166,-26.935],[-51.164,-26.927],[-51.18,-26.915],[-51.177,-26.907],[-51.183,-26.9],[-51.18,-26.896],[-51.184,-26.886],[-51.18,-26.881],[-51.178,-26.87],[-51.182,-26.864],[-51.193,-26.858],[-51.189,-26.852],[-51.181,-26.833]]]}},{"type":"Feature","properties":{"id":"4214508","nome":"Rio do Campo"},"geometry":{"type":"Polygon","coordinates":[[[-50.17,-26.791],[-50.155,-26.797],[-50.143,-26.794],[-50.137,-26.8],[-50.125,-26.801],[-50.102,-26.816],[-50.085,-26.809],[-50.068,-26.806],[-50.066,-26.808],[-50.071,-26.838],[-50.06,-26.838],[-50.063,-26.832],[-50.056,-26.821],[-50.045,-26.813],[-50.036,-26.813],[-50.033,-26.814],[-49.994,-26.805],[-49.995,-26.802],[-49.991,-26.803],[-49.986,-26.797],[-49.98,-26.794],[-49.976,-26.797],[-49.968,-26.803],[-49.952,-26.801],[-49.949,-26.808],[-49.947,-26.815],[-49.952,-26.822],[-49.953,-26.844],[-49.956,-26.846],[-49.958,-26.859],[-49.968,-26.868],[-49.973,-26.868],[-50.004,-26.879],[-50.021,-26.9],[-50.015,-26.909],[-50.023,-26.914],[-50.025,-26.921],[-50.05,-26.933],[-50.062,-26.949],[-50.065,-26.953],[-50.073,-26.968],[-50.086,-26.974],[-50.092,-26.987],[-50.07,-27.032],[-50.088,-27.026],[-50.095,-27.02],[-50.098,-27.026],[-50.107,-27.018],[-50.119,-27.016],[-50.108,-27.008],[-50.115,-27.004],[-50.105,-26.997],[-50.115,-26.986],[-50.157,-26.986],[-50.167,-26.984],[-50.168,-26.984],[-50.234,-26.986],[-50.291,-26.968],[-50.279,-26.947],[-50.285,-26.931],[-50.273,-26.93],[-50.275,-26.917],[-50.261,-26.89],[-50.263,-26.88],[-50.278,-26.881],[-50.283,-26.875],[-50.255,-26.863],[-50.245,-26.852],[-50.244,-26.836],[-50.231,-26.829],[-50.219,-26.813],[-50.197,-26.813],[-50.17,-26.791]]]}},{"type":"Feature","properties":{"id":"4214607","nome":"Rio do Oeste"},"geometry":{"type":"Polygon","coordinates":[[[-49.876,-27.022],[-49.868,-27.025],[-49.846,-27.023],[-49.84,-27.032],[-49.84,-27.047],[-49.846,-27.061],[-49.844,-27.069],[-49.836,-27.081],[-49.833,-27.113],[-49.823,-27.113],[-49.806,-27.116],[-49.802,-27.127],[-49.785,-27.13],[-49.784,-27.134],[-49.782,-27.136],[-49.773,-27.138],[-49.764,-27.132],[-49.746,-27.135],[-49.741,-27.145],[-49.754,-27.152],[-49.757,-27.157],[-49.76,-27.176],[-49.75,-27.174],[-49.759,-27.195],[-49.757,-27.202],[-49.763,-27.208],[-49.765,-27.208],[-49.768,-27.209],[-49.77,-27.214],[-49.765,-27.222],[-49.777,-27.224],[-49.777,-27.229],[-49.788,-27.241],[-49.802,-27.238],[-49.798,-27.244],[-49.802,-27.249],[-49.809,-27.263],[-49.821,-27.266],[-49.845,-27.233],[-49.873,-27.228],[-49.913,-27.218],[-49.916,-27.193],[-49.919,-27.188],[-49.932,-27.189],[-49.916,-27.157],[-49.914,-27.144],[-49.908,-27.15],[-49.91,-27.146],[-49.908,-27.14],[-49.901,-27.136],[-49.902,-27.15],[-49.896,-27.147],[-49.891,-27.148],[-49.888,-27.143],[-49.895,-27.107],[-49.895,-27.106],[-49.898,-27.102],[-49.876,-27.022]]]}},{"type":"Feature","properties":{"id":"4214706","nome":"Rio dos Cedros"},"geometry":{"type":"Polygon","coordinates":[[[-49.425,-26.495],[-49.416,-26.51],[-49.391,-26.495],[-49.378,-26.492],[-49.375,-26.488],[-49.366,-26.491],[-49.365,-26.492],[-49.354,-26.503],[-49.354,-26.516],[-49.34,-26.524],[-49.332,-26.537],[-49.321,-26.542],[-49.298,-26.539],[-49.293,-26.542],[-49.291,-26.547],[-49.29,-26.56],[-49.298,-26.571],[-49.288,-26.588],[-49.288,-26.598],[-49.286,-26.605],[-49.276,-26.608],[-49.269,-26.614],[-49.265,-26.612],[-49.241,-26.615],[-49.24,-26.615],[-49.227,-26.612],[-49.22,-26.613],[-49.223,-26.62],[-49.216,-26.622],[-49.221,-26.633],[-49.221,-26.647],[-49.215,-26.655],[-49.216,-26.666],[-49.223,-26.667],[-49.223,-26.673],[-49.226,-26.683],[-49.234,-26.69],[-49.23,-26.705],[-49.236,-26.728],[-49.233,-26.741],[-49.235,-26.751],[-49.227,-26.751],[-49.223,-26.752],[-49.218,-26.754],[-49.214,-26.755],[-49.223,-26.772],[-49.238,-26.77],[-49.267,-26.765],[-49.272,-26.764],[-49.277,-26.763],[-49.335,-26.745],[-49.334,-26.74],[-49.329,-26.737],[-49.333,-26.735],[-49.341,-26.727],[-49.341,-26.723],[-49.353,-26.722],[-49.355,-26.709],[-49.364,-26.705],[-49.368,-26.694],[-49.378,-26.694],[-49.386,-26.683],[-49.395,-26.681],[-49.394,-26.676],[-49.404,-26.669],[-49.406,-26.666],[-49.411,-26.668],[-49.418,-26.66],[-49.442,-26.656],[-49.449,-26.647],[-49.465,-26.651],[-49.475,-26.647],[-49.483,-26.649],[-49.488,-26.661],[-49.489,-26.66],[-49.496,-26.661],[-49.503,-26.652],[-49.496,-26.643],[-49.499,-26.639],[-49.496,-26.625],[-49.485,-26.611],[-49.495,-26.605],[-49.506,-26.599],[-49.509,-26.591],[-49.509,-26.577],[-49.522,-26.572],[-49.527,-26.566],[-49.536,-26.564],[-49.565,-26.565],[-49.565,-26.557],[-49.55,-26.535],[-49.549,-26.524],[-49.542,-26.526],[-49.538,-26.521],[-49.527,-26.525],[-49.511,-26.521],[-49.491,-26.509],[-49.478,-26.511],[-49.452,-26.499],[-49.443,-26.489],[-49.439,-26.489],[-49.433,-26.494],[-49.425,-26.495]]]}},{"type":"Feature","properties":{"id":"4214805","nome":"Rio do Sul"},"geometry":{"type":"Polygon","coordinates":[[[-49.596,-27.101],[-49.595,-27.111],[-49.591,-27.114],[-49.588,-27.117],[-49.593,-27.127],[-49.592,-27.143],[-49.572,-27.144],[-49.575,-27.162],[-49.576,-27.168],[-49.574,-27.174],[-49.572,-27.178],[-49.572,-27.179],[-49.555,-27.207],[-49.543,-27.218],[-49.543,-27.228],[-49.551,-27.232],[-49.551,-27.235],[-49.544,-27.25],[-49.536,-27.256],[-49.527,-27.272],[-49.538,-27.276],[-49.558,-27.276],[-49.566,-27.274],[-49.577,-27.259],[-49.585,-27.264],[-49.604,-27.277],[-49.615,-27.279],[-49.62,-27.283],[-49.625,-27.283],[-49.641,-27.274],[-49.646,-27.275],[-49.651,-27.276],[-49.659,-27.278],[-49.66,-27.283],[-49.68,-27.29],[-49.69,-27.289],[-49.696,-27.283],[-49.692,-27.269],[-49.694,-27.26],[-49.695,-27.257],[-49.697,-27.255],[-49.699,-27.25],[-49.691,-27.244],[-49.688,-27.236],[-49.691,-27.229],[-49.696,-27.227],[-49.698,-27.217],[-49.689,-27.209],[-49.696,-27.2],[-49.683,-27.198],[-49.694,-27.189],[-49.704,-27.185],[-49.702,-27.175],[-49.706,-27.172],[-49.704,-27.164],[-49.711,-27.151],[-49.717,-27.143],[-49.708,-27.132],[-49.699,-27.13],[-49.696,-27.123],[-49.667,-27.117],[-49.664,-27.109],[-49.656,-27.103],[-49.635,-27.108],[-49.633,-27.099],[-49.625,-27.088],[-49.613,-27.08],[-49.601,-27.082],[-49.599,-27.086],[-49.585,-27.086],[-49.596,-27.101]]]}},{"type":"Feature","properties":{"id":"4214904","nome":"Rio Fortuna"},"geometry":{"type":"Polygon","coordinates":[[[-49.29,-27.996],[-49.291,-28.004],[-49.282,-28.021],[-49.27,-28.029],[-49.264,-28.029],[-49.252,-28.02],[-49.245,-28.021],[-49.238,-28.017],[-49.233,-28.023],[-49.222,-28.022],[-49.219,-28.027],[-49.221,-28.034],[-49.214,-28.036],[-49.216,-28.041],[-49.208,-28.046],[-49.205,-28.045],[-49.193,-28.06],[-49.184,-28.065],[-49.189,-28.067],[-49.191,-28.073],[-49.186,-28.069],[-49.159,-28.086],[-49.155,-28.089],[-49.083,-28.046],[-49.071,-28.052],[-49.063,-28.06],[-49.066,-28.067],[-49.062,-28.105],[-49.065,-28.11],[-49.059,-28.127],[-49.053,-28.142],[-49.041,-28.15],[-49.036,-28.148],[-49.031,-28.151],[-49.039,-28.16],[-49.048,-28.158],[-49.061,-28.166],[-49.08,-28.188],[-49.081,-28.173],[-49.095,-28.176],[-49.099,-28.17],[-49.118,-28.172],[-49.125,-28.164],[-49.129,-28.162],[-49.136,-28.165],[-49.141,-28.163],[-49.146,-28.171],[-49.149,-28.171],[-49.152,-28.159],[-49.155,-28.157],[-49.162,-28.158],[-49.164,-28.151],[-49.17,-28.15],[-49.175,-28.141],[-49.2,-28.154],[-49.217,-28.163],[-49.225,-28.16],[-49.235,-28.156],[-49.243,-28.158],[-49.247,-28.153],[-49.251,-28.149],[-49.249,-28.137],[-49.252,-28.136],[-49.255,-28.127],[-49.269,-28.111],[-49.277,-28.11],[-49.291,-28.109],[-49.297,-28.103],[-49.3,-28.091],[-49.308,-28.056],[-49.326,-28.045],[-49.332,-28.034],[-49.341,-28.026],[-49.341,-28.007],[-49.334,-27.994],[-49.33,-27.998],[-49.33,-27.994],[-49.324,-27.983],[-49.318,-27.983],[-49.311,-27.97],[-49.302,-27.985],[-49.293,-27.99],[-49.29,-27.996]]]}},{"type":"Feature","properties":{"id":"4215000","nome":"Rio Negrinho"},"geometry":{"type":"Polygon","coordinates":[[[-49.483,-26.197],[-49.483,-26.211],[-49.478,-26.217],[-49.478,-26.227],[-49.47,-26.241],[-49.47,-26.246],[-49.469,-26.281],[-49.473,-26.283],[-49.478,-26.279],[-49.48,-26.287],[-49.471,-26.293],[-49.476,-26.302],[-49.469,-26.305],[-49.468,-26.303],[-49.468,-26.3],[-49.466,-26.307],[-49.469,-26.324],[-49.463,-26.339],[-49.467,-26.346],[-49.465,-26.358],[-49.47,-26.361],[-49.465,-26.363],[-49.452,-26.389],[-49.462,-26.398],[-49.471,-26.418],[-49.474,-26.421],[-49.482,-26.419],[-49.487,-26.425],[-49.496,-26.426],[-49.492,-26.43],[-49.493,-26.439],[-49.487,-26.44],[-49.475,-26.453],[-49.471,-26.452],[-49.47,-26.464],[-49.465,-26.467],[-49.467,-26.472],[-49.439,-26.489],[-49.443,-26.489],[-49.452,-26.499],[-49.478,-26.511],[-49.491,-26.509],[-49.511,-26.521],[-49.527,-26.525],[-49.538,-26.521],[-49.542,-26.526],[-49.549,-26.524],[-49.55,-26.535],[-49.565,-26.557],[-49.565,-26.565],[-49.582,-26.582],[-49.579,-26.595],[-49.585,-26.608],[-49.586,-26.623],[-49.594,-26.627],[-49.604,-26.635],[-49.616,-26.638],[-49.621,-26.65],[-49.623,-26.663],[-49.616,-26.679],[-49.616,-26.7],[-49.623,-26.703],[-49.641,-26.691],[-49.645,-26.693],[-49.652,-26.689],[-49.653,-26.692],[-49.663,-26.687],[-49.677,-26.693],[-49.687,-26.691],[-49.694,-26.686],[-49.694,-26.679],[-49.706,-26.662],[-49.709,-26.649],[-49.703,-26.644],[-49.7,-26.635],[-49.696,-26.635],[-49.686,-26.626],[-49.682,-26.629],[-49.676,-26.622],[-49.684,-26.619],[-49.686,-26.611],[-49.687,-26.585],[-49.693,-26.573],[-49.702,-26.573],[-49.723,-26.558],[-49.733,-26.548],[-49.736,-26.518],[-49.757,-26.494],[-49.758,-26.483],[-49.762,-26.478],[-49.759,-26.473],[-49.761,-26.47],[-49.749,-26.469],[-49.762,-26.46],[-49.751,-26.456],[-49.75,-26.447],[-49.744,-26.444],[-49.747,-26.433],[-49.741,-26.433],[-49.73,-26.416],[-49.726,-26.42],[-49.729,-26.422],[-49.727,-26.428],[-49.721,-26.414],[-49.715,-26.412],[-49.713,-26.423],[-49.712,-26.413],[-49.707,-26.41],[-49.709,-26.406],[-49.703,-26.409],[-49.702,-26.401],[-49.698,-26.406],[-49.698,-26.396],[-49.695,-26.395],[-49.688,-26.394],[-49.693,-26.389],[-49.69,-26.387],[-49.687,-26.39],[-49.685,-26.386],[-49.676,-26.392],[-49.666,-26.383],[-49.665,-26.378],[-49.651,-26.376],[-49.65,-26.38],[-49.639,-26.373],[-49.636,-26.375],[-49.636,-26.38],[-49.634,-26.379],[-49.633,-26.371],[-49.641,-26.368],[-49.636,-26.361],[-49.651,-26.365],[-49.646,-26.358],[-49.651,-26.354],[-49.644,-26.354],[-49.652,-26.354],[-49.653,-26.35],[-49.641,-26.34],[-49.626,-26.343],[-49.629,-26.335],[-49.626,-26.33],[-49.616,-26.338],[-49.612,-26.335],[-49.622,-26.319],[-49.611,-26.312],[-49.619,-26.314],[-49.625,-26.311],[-49.625,-26.304],[-49.634,-26.305],[-49.631,-26.297],[-49.633,-26.294],[-49.617,-26.293],[-49.626,-26.288],[-49.632,-26.29],[-49.632,-26.287],[-49.621,-26.279],[-49.627,-26.271],[-49.62,-26.265],[-49.618,-26.255],[-49.618,-26.254],[-49.617,-26.25],[-49.622,-26.243],[-49.62,-26.24],[-49.612,-26.239],[-49.617,-26.234],[-49.611,-26.226],[-49.606,-26.224],[-49.603,-26.227],[-49.6,-26.228],[-49.598,-26.221],[-49.592,-26.223],[-49.587,-26.217],[-49.591,-26.23],[-49.583,-26.23],[-49.578,-26.227],[-49.577,-26.214],[-49.567,-26.233],[-49.56,-26.236],[-49.555,-26.237],[-49.547,-26.23],[-49.552,-26.225],[-49.545,-26.225],[-49.538,-26.23],[-49.536,-26.225],[-49.542,-26.223],[-49.54,-26.213],[-49.534,-26.215],[-49.529,-26.224],[-49.528,-26.217],[-49.52,-26.224],[-49.519,-26.227],[-49.511,-26.221],[-49.504,-26.226],[-49.503,-26.222],[-49.496,-26.221],[-49.498,-26.218],[-49.49,-26.214],[-49.491,-26.21],[-49.494,-26.211],[-49.499,-26.203],[-49.493,-26.203],[-49.486,-26.194],[-49.483,-26.197]]]}},{"type":"Feature","properties":{"id":"4215059","nome":"Rio Rufino"},"geometry":{"type":"Polygon","coordinates":[[[-49.784,-27.83],[-49.771,-27.831],[-49.759,-27.815],[-49.748,-27.826],[-49.732,-27.822],[-49.739,-27.837],[-49.742,-27.838],[-49.754,-27.827],[-49.759,-27.831],[-49.76,-27.839],[-49.753,-27.837],[-49.752,-27.854],[-49.74,-27.847],[-49.74,-27.852],[-49.735,-27.851],[-49.734,-27.846],[-49.73,-27.845],[-49.718,-27.838],[-49.703,-27.841],[-49.687,-27.833],[-49.685,-27.838],[-49.666,-27.85],[-49.656,-27.859],[-49.645,-27.879],[-49.635,-27.882],[-49.619,-27.893],[-49.609,-27.894],[-49.607,-27.901],[-49.612,-27.9],[-49.622,-27.907],[-49.624,-27.905],[-49.652,-27.906],[-49.687,-27.917],[-49.7,-27.917],[-49.705,-27.924],[-49.712,-27.941],[-49.716,-27.951],[-49.713,-27.954],[-49.714,-27.976],[-49.711,-28.005],[-49.713,-28.01],[-49.716,-28.028],[-49.725,-28.024],[-49.733,-28.03],[-49.74,-28.028],[-49.745,-28.031],[-49.754,-28.026],[-49.764,-28.012],[-49.774,-27.997],[-49.786,-27.997],[-49.793,-27.993],[-49.794,-27.982],[-49.804,-27.977],[-49.808,-27.964],[-49.812,-27.964],[-49.821,-27.971],[-49.842,-27.96],[-49.851,-27.951],[-49.855,-27.95],[-49.842,-27.936],[-49.851,-27.93],[-49.856,-27.917],[-49.867,-27.91],[-49.869,-27.901],[-49.849,-27.885],[-49.836,-27.886],[-49.832,-27.878],[-49.823,-27.871],[-49.808,-27.867],[-49.805,-27.85],[-49.779,-27.809],[-49.778,-27.803],[-49.776,-27.816],[-49.782,-27.824],[-49.783,-27.826],[-49.784,-27.83]]]}},{"type":"Feature","properties":{"id":"4215075","nome":"Riqueza"},"geometry":{"type":"Polygon","coordinates":[[[-53.374,-26.875],[-53.353,-26.893],[-53.333,-26.898],[-53.327,-26.908],[-53.301,-26.917],[-53.292,-26.927],[-53.29,-26.934],[-53.281,-26.936],[-53.295,-26.943],[-53.281,-26.95],[-53.294,-26.959],[-53.291,-26.967],[-53.284,-26.968],[-53.286,-26.974],[-53.287,-26.982],[-53.302,-26.988],[-53.294,-26.995],[-53.288,-26.988],[-53.28,-26.996],[-53.286,-26.996],[-53.289,-27.001],[-53.294,-27.002],[-53.284,-27.007],[-53.288,-27.014],[-53.296,-27.012],[-53.294,-27.023],[-53.284,-27.024],[-53.285,-27.029],[-53.301,-27.032],[-53.3,-27.035],[-53.292,-27.036],[-53.286,-27.043],[-53.295,-27.045],[-53.29,-27.061],[-53.292,-27.063],[-53.296,-27.06],[-53.31,-27.059],[-53.312,-27.067],[-53.312,-27.069],[-53.305,-27.071],[-53.313,-27.075],[-53.316,-27.071],[-53.323,-27.075],[-53.324,-27.076],[-53.317,-27.084],[-53.323,-27.09],[-53.33,-27.088],[-53.348,-27.076],[-53.346,-27.071],[-53.366,-27.066],[-53.368,-27.036],[-53.389,-27.037],[-53.398,-27.034],[-53.401,-27.026],[-53.389,-27.029],[-53.379,-27.029],[-53.376,-27.022],[-53.376,-27.013],[-53.379,-26.991],[-53.387,-26.996],[-53.389,-26.994],[-53.397,-26.984],[-53.39,-26.979],[-53.391,-26.977],[-53.398,-26.973],[-53.396,-26.952],[-53.41,-26.95],[-53.409,-26.941],[-53.395,-26.941],[-53.39,-26.934],[-53.398,-26.928],[-53.41,-26.925],[-53.405,-26.902],[-53.421,-26.893],[-53.423,-26.888],[-53.408,-26.888],[-53.4,-26.887],[-53.394,-26.893],[-53.393,-26.89],[-53.39,-26.892],[-53.382,-26.885],[-53.383,-26.883],[-53.377,-26.885],[-53.373,-26.885],[-53.374,-26.875]]]}},{"type":"Feature","properties":{"id":"4215109","nome":"Rodeio"},"geometry":{"type":"Polygon","coordinates":[[[-49.318,-26.823],[-49.316,-26.829],[-49.311,-26.826],[-49.31,-26.829],[-49.307,-26.838],[-49.305,-26.847],[-49.315,-26.89],[-49.317,-26.9],[-49.304,-26.924],[-49.299,-26.933],[-49.289,-26.951],[-49.306,-26.955],[-49.324,-26.952],[-49.315,-26.959],[-49.318,-26.963],[-49.338,-26.966],[-49.352,-26.958],[-49.367,-26.943],[-49.379,-26.943],[-49.381,-26.936],[-49.39,-26.93],[-49.407,-26.933],[-49.434,-26.915],[-49.427,-26.916],[-49.424,-26.905],[-49.412,-26.9],[-49.403,-26.874],[-49.401,-26.867],[-49.383,-26.864],[-49.377,-26.853],[-49.372,-26.852],[-49.371,-26.842],[-49.357,-26.832],[-49.359,-26.822],[-49.348,-26.82],[-49.345,-26.819],[-49.343,-26.818],[-49.33,-26.807],[-49.321,-26.822],[-49.318,-26.823]]]}},{"type":"Feature","properties":{"id":"4215208","nome":"Romel\u00e2ndia"},"geometry":{"type":"Polygon","coordinates":[[[-53.234,-26.557],[-53.223,-26.561],[-53.222,-26.567],[-53.23,-26.567],[-53.227,-26.571],[-53.229,-26.576],[-53.222,-26.579],[-53.231,-26.582],[-53.228,-26.587],[-53.221,-26.585],[-53.222,-26.59],[-53.236,-26.587],[-53.242,-26.59],[-53.23,-26.6],[-53.236,-26.607],[-53.235,-26.611],[-53.234,-26.616],[-53.231,-26.619],[-53.234,-26.626],[-53.227,-26.63],[-53.231,-26.633],[-53.226,-26.639],[-53.227,-26.646],[-53.237,-26.642],[-53.237,-26.646],[-53.23,-26.65],[-53.231,-26.655],[-53.252,-26.645],[-53.25,-26.65],[-53.256,-26.655],[-53.245,-26.661],[-53.254,-26.667],[-53.26,-26.664],[-53.258,-26.672],[-53.257,-26.674],[-53.256,-26.678],[-53.275,-26.677],[-53.277,-26.685],[-53.282,-26.678],[-53.285,-26.68],[-53.291,-26.691],[-53.283,-26.694],[-53.293,-26.697],[-53.283,-26.704],[-53.292,-26.707],[-53.302,-26.704],[-53.303,-26.697],[-53.309,-26.696],[-53.312,-26.708],[-53.305,-26.714],[-53.304,-26.719],[-53.317,-26.716],[-53.316,-26.709],[-53.325,-26.701],[-53.331,-26.72],[-53.338,-26.718],[-53.335,-26.711],[-53.343,-26.718],[-53.343,-26.721],[-53.324,-26.733],[-53.334,-26.735],[-53.327,-26.745],[-53.338,-26.738],[-53.349,-26.736],[-53.352,-26.729],[-53.354,-26.746],[-53.349,-26.753],[-53.365,-26.748],[-53.358,-26.761],[-53.362,-26.765],[-53.364,-26.764],[-53.362,-26.759],[-53.366,-26.753],[-53.371,-26.758],[-53.378,-26.752],[-53.391,-26.749],[-53.394,-26.743],[-53.391,-26.742],[-53.384,-26.744],[-53.382,-26.737],[-53.367,-26.734],[-53.367,-26.725],[-53.38,-26.716],[-53.386,-26.728],[-53.391,-26.729],[-53.397,-26.728],[-53.403,-26.715],[-53.398,-26.71],[-53.391,-26.711],[-53.386,-26.715],[-53.391,-26.7],[-53.391,-26.694],[-53.397,-26.69],[-53.399,-26.694],[-53.41,-26.694],[-53.409,-26.686],[-53.396,-26.679],[-53.396,-26.677],[-53.4,-26.677],[-53.394,-26.675],[-53.391,-26.68],[-53.39,-26.675],[-53.383,-26.666],[-53.391,-26.662],[-53.391,-26.657],[-53.388,-26.643],[-53.387,-26.631],[-53.391,-26.623],[-53.391,-26.619],[-53.345,-26.584],[-53.334,-26.59],[-53.311,-26.585],[-53.287,-26.579],[-53.274,-26.577],[-53.277,-26.551],[-53.256,-26.557],[-53.257,-26.554],[-53.239,-26.543],[-53.241,-26.549],[-53.234,-26.551],[-53.234,-26.557]]]}},{"type":"Feature","properties":{"id":"4215307","nome":"Salete"},"geometry":{"type":"Polygon","coordinates":[[[-49.962,-26.901],[-49.958,-26.906],[-49.954,-26.901],[-49.95,-26.905],[-49.958,-26.919],[-49.949,-26.928],[-49.955,-26.931],[-49.957,-26.942],[-49.955,-26.946],[-49.959,-26.96],[-49.946,-26.988],[-49.946,-26.996],[-49.948,-27.002],[-49.96,-27.002],[-49.96,-27.011],[-49.976,-27.011],[-49.976,-27.046],[-49.991,-27.046],[-50.035,-27.047],[-50.048,-27.047],[-50.047,-27.041],[-50.053,-27.031],[-50.056,-27.029],[-50.063,-27.034],[-50.07,-27.032],[-50.092,-26.987],[-50.086,-26.974],[-50.073,-26.968],[-50.065,-26.953],[-50.062,-26.949],[-50.05,-26.933],[-50.025,-26.921],[-50.023,-26.914],[-50.015,-26.909],[-50.021,-26.9],[-50.004,-26.879],[-49.973,-26.868],[-49.968,-26.868],[-49.963,-26.878],[-49.958,-26.896],[-49.962,-26.901]]]}},{"type":"Feature","properties":{"id":"4215356","nome":"Saltinho"},"geometry":{"type":"Polygon","coordinates":[[[-53.019,-26.54],[-53.017,-26.545],[-53.005,-26.541],[-52.991,-26.547],[-52.986,-26.54],[-52.982,-26.533],[-52.977,-26.534],[-52.973,-26.544],[-52.946,-26.568],[-52.927,-26.573],[-52.926,-26.581],[-52.936,-26.581],[-52.928,-26.588],[-52.931,-26.597],[-52.925,-26.599],[-52.928,-26.606],[-52.936,-26.605],[-52.934,-26.611],[-52.941,-26.613],[-52.998,-26.635],[-53.044,-26.641],[-53.062,-26.643],[-53.06,-26.64],[-53.067,-26.632],[-53.079,-26.633],[-53.087,-26.638],[-53.098,-26.627],[-53.114,-26.629],[-53.105,-26.616],[-53.094,-26.604],[-53.097,-26.598],[-53.092,-26.594],[-53.123,-26.573],[-53.111,-26.568],[-53.11,-26.565],[-53.082,-26.559],[-53.071,-26.551],[-53.059,-26.549],[-53.042,-26.545],[-53.045,-26.541],[-53.019,-26.531],[-53.019,-26.54]]]}},{"type":"Feature","properties":{"id":"4215406","nome":"Salto Veloso"},"geometry":{"type":"Polygon","coordinates":[[[-51.382,-26.866],[-51.369,-26.869],[-51.37,-26.871],[-51.374,-26.869],[-51.376,-26.871],[-51.375,-26.876],[-51.371,-26.876],[-51.373,-26.885],[-51.368,-26.889],[-51.362,-26.887],[-51.368,-26.893],[-51.368,-26.896],[-51.363,-26.896],[-51.366,-26.902],[-51.37,-26.905],[-51.364,-26.908],[-51.372,-26.91],[-51.368,-26.919],[-51.365,-26.92],[-51.368,-26.923],[-51.366,-26.928],[-51.37,-26.928],[-51.365,-26.939],[-51.382,-26.941],[-51.407,-26.943],[-51.409,-26.942],[-51.411,-26.947],[-51.414,-26.941],[-51.417,-26.945],[-51.437,-26.94],[-51.44,-26.929],[-51.446,-26.936],[-51.449,-26.933],[-51.451,-26.929],[-51.465,-26.932],[-51.479,-26.924],[-51.479,-26.898],[-51.486,-26.892],[-51.487,-26.877],[-51.494,-26.866],[-51.488,-26.859],[-51.495,-26.845],[-51.508,-26.843],[-51.51,-26.838],[-51.449,-26.851],[-51.438,-26.854],[-51.382,-26.866]]]}},{"type":"Feature","properties":{"id":"4215455","nome":"Sang\u00e3o"},"geometry":{"type":"Polygon","coordinates":[[[-49.109,-28.689],[-49.114,-28.693],[-49.14,-28.693],[-49.155,-28.701],[-49.174,-28.697],[-49.174,-28.691],[-49.175,-28.689],[-49.175,-28.688],[-49.176,-28.687],[-49.175,-28.646],[-49.181,-28.641],[-49.156,-28.625],[-49.141,-28.616],[-49.103,-28.593],[-49.093,-28.604],[-49.077,-28.621],[-49.071,-28.627],[-49.078,-28.638],[-49.07,-28.644],[-49.077,-28.65],[-49.085,-28.655],[-49.083,-28.662],[-49.077,-28.667],[-49.076,-28.669],[-49.099,-28.686],[-49.109,-28.689]]]}},{"type":"Feature","properties":{"id":"4215505","nome":"Santa Cec\u00edlia"},"geometry":{"type":"Polygon","coordinates":[[[-50.492,-26.648],[-50.487,-26.655],[-50.48,-26.653],[-50.469,-26.663],[-50.471,-26.701],[-50.461,-26.703],[-50.452,-26.711],[-50.438,-26.713],[-50.416,-26.728],[-50.409,-26.725],[-50.404,-26.731],[-50.389,-26.739],[-50.356,-26.737],[-50.342,-26.742],[-50.353,-26.752],[-50.342,-26.758],[-50.339,-26.761],[-50.325,-26.763],[-50.312,-26.773],[-50.335,-26.782],[-50.337,-26.801],[-50.348,-26.828],[-50.311,-26.837],[-50.303,-26.837],[-50.29,-26.831],[-50.283,-26.832],[-50.28,-26.843],[-50.268,-26.852],[-50.26,-26.853],[-50.255,-26.863],[-50.283,-26.875],[-50.278,-26.881],[-50.263,-26.88],[-50.261,-26.89],[-50.275,-26.917],[-50.273,-26.93],[-50.285,-26.931],[-50.279,-26.947],[-50.291,-26.968],[-50.298,-26.971],[-50.295,-26.982],[-50.293,-26.991],[-50.306,-26.992],[-50.314,-27.003],[-50.309,-27.01],[-50.319,-27.019],[-50.316,-27.024],[-50.319,-27.03],[-50.315,-27.036],[-50.324,-27.045],[-50.319,-27.049],[-50.318,-27.055],[-50.334,-27.06],[-50.324,-27.064],[-50.311,-27.064],[-50.315,-27.075],[-50.328,-27.074],[-50.346,-27.092],[-50.373,-27.103],[-50.378,-27.107],[-50.381,-27.118],[-50.405,-27.109],[-50.419,-27.11],[-50.425,-27.107],[-50.422,-27.095],[-50.43,-27.099],[-50.428,-27.11],[-50.437,-27.112],[-50.439,-27.108],[-50.445,-27.113],[-50.457,-27.112],[-50.516,-27.121],[-50.525,-27.117],[-50.53,-27.088],[-50.537,-27.083],[-50.535,-27.08],[-50.541,-27.078],[-50.543,-27.072],[-50.554,-27.086],[-50.558,-27.082],[-50.555,-27.076],[-50.562,-27.071],[-50.564,-27.057],[-50.58,-27.051],[-50.589,-27.055],[-50.598,-27.051],[-50.604,-27.057],[-50.611,-27.064],[-50.627,-27.061],[-50.627,-27.055],[-50.623,-27.052],[-50.641,-27.057],[-50.647,-27.061],[-50.641,-27.07],[-50.656,-27.072],[-50.652,-27.079],[-50.658,-27.085],[-50.67,-27.076],[-50.671,-27.067],[-50.665,-27.069],[-50.658,-27.064],[-50.663,-27.053],[-50.654,-27.05],[-50.656,-27.047],[-50.649,-27.04],[-50.657,-27.027],[-50.649,-27.025],[-50.641,-27.029],[-50.638,-27.027],[-50.63,-27.018],[-50.631,-27.008],[-50.619,-27.001],[-50.619,-26.997],[-50.625,-26.99],[-50.613,-26.987],[-50.605,-26.992],[-50.601,-26.984],[-50.605,-26.977],[-50.604,-26.974],[-50.614,-26.974],[-50.609,-26.969],[-50.615,-26.965],[-50.618,-26.953],[-50.608,-26.948],[-50.611,-26.941],[-50.606,-26.935],[-50.595,-26.933],[-50.591,-26.922],[-50.6,-26.911],[-50.594,-26.904],[-50.591,-26.892],[-50.584,-26.886],[-50.588,-26.875],[-50.574,-26.869],[-50.576,-26.866],[-50.583,-26.867],[-50.587,-26.865],[-50.583,-26.856],[-50.576,-26.853],[-50.574,-26.844],[-50.562,-26.843],[-50.563,-26.838],[-50.552,-26.828],[-50.542,-26.834],[-50.519,-26.822],[-50.512,-26.824],[-50.497,-26.819],[-50.488,-26.817],[-50.505,-26.808],[-50.509,-26.795],[-50.527,-26.781],[-50.524,-26.775],[-50.52,-26.777],[-50.515,-26.772],[-50.5,-26.77],[-50.496,-26.762],[-50.516,-26.715],[-50.51,-26.694],[-50.514,-26.686],[-50.492,-26.648]]]}},{"type":"Feature","properties":{"id":"4215554","nome":"Santa Helena"},"geometry":{"type":"Polygon","coordinates":[[[-53.625,-26.884],[-53.619,-26.892],[-53.601,-26.885],[-53.575,-26.896],[-53.576,-26.897],[-53.561,-26.919],[-53.561,-26.925],[-53.555,-26.924],[-53.552,-26.93],[-53.54,-26.935],[-53.535,-26.944],[-53.542,-26.947],[-53.552,-26.944],[-53.559,-26.946],[-53.558,-26.949],[-53.568,-26.946],[-53.571,-26.952],[-53.583,-26.953],[-53.628,-26.95],[-53.637,-26.952],[-53.67,-26.942],[-53.68,-26.938],[-53.696,-26.928],[-53.681,-26.915],[-53.672,-26.913],[-53.679,-26.907],[-53.671,-26.893],[-53.633,-26.886],[-53.625,-26.884]]]}},{"type":"Feature","properties":{"id":"4215604","nome":"Santa Rosa de Lima"},"geometry":{"type":"Polygon","coordinates":[[[-49.242,-27.951],[-49.225,-27.962],[-49.218,-27.961],[-49.193,-27.97],[-49.184,-27.981],[-49.176,-27.981],[-49.169,-27.973],[-49.156,-27.967],[-49.151,-27.981],[-49.146,-27.991],[-49.145,-27.998],[-49.149,-28.001],[-49.147,-28.006],[-49.136,-28.001],[-49.128,-28.004],[-49.124,-28.001],[-49.116,-28.006],[-49.114,-28.004],[-49.104,-28.007],[-49.051,-27.99],[-49.048,-27.998],[-49.05,-28.006],[-49.043,-28.019],[-49.047,-28.021],[-49.047,-28.028],[-49.053,-28.031],[-49.053,-28.034],[-49.06,-28.034],[-49.064,-28.04],[-49.055,-28.052],[-49.058,-28.058],[-49.063,-28.06],[-49.071,-28.052],[-49.083,-28.046],[-49.155,-28.089],[-49.159,-28.086],[-49.186,-28.069],[-49.191,-28.073],[-49.189,-28.067],[-49.184,-28.065],[-49.193,-28.06],[-49.205,-28.045],[-49.208,-28.046],[-49.216,-28.041],[-49.214,-28.036],[-49.221,-28.034],[-49.219,-28.027],[-49.222,-28.022],[-49.233,-28.023],[-49.238,-28.017],[-49.245,-28.021],[-49.252,-28.02],[-49.264,-28.029],[-49.27,-28.029],[-49.282,-28.021],[-49.291,-28.004],[-49.29,-27.996],[-49.293,-27.99],[-49.302,-27.985],[-49.311,-27.97],[-49.308,-27.965],[-49.313,-27.956],[-49.308,-27.94],[-49.286,-27.936],[-49.265,-27.95],[-49.242,-27.951]]]}},{"type":"Feature","properties":{"id":"4215653","nome":"Santa Rosa do Sul"},"geometry":{"type":"Polygon","coordinates":[[[-49.7,-29.097],[-49.695,-29.114],[-49.69,-29.113],[-49.682,-29.121],[-49.674,-29.124],[-49.672,-29.125],[-49.664,-29.137],[-49.655,-29.143],[-49.663,-29.153],[-49.687,-29.166],[-49.7,-29.192],[-49.711,-29.206],[-49.752,-29.177],[-49.758,-29.173],[-49.768,-29.164],[-49.791,-29.141],[-49.833,-29.1],[-49.833,-29.094],[-49.822,-29.087],[-49.807,-29.08],[-49.807,-29.076],[-49.794,-29.069],[-49.777,-29.059],[-49.741,-29.039],[-49.73,-29.044],[-49.745,-29.056],[-49.741,-29.065],[-49.738,-29.072],[-49.717,-29.072],[-49.704,-29.081],[-49.701,-29.096],[-49.7,-29.097]]]}},{"type":"Feature","properties":{"id":"4215679","nome":"Santa Terezinha"},"geometry":{"type":"Polygon","coordinates":[[[-49.986,-26.513],[-49.982,-26.521],[-49.97,-26.526],[-49.972,-26.53],[-49.962,-26.543],[-49.956,-26.544],[-49.959,-26.553],[-49.954,-26.561],[-49.955,-26.567],[-49.946,-26.569],[-49.944,-26.573],[-49.932,-26.571],[-49.913,-26.584],[-49.908,-26.596],[-49.911,-26.601],[-49.897,-26.601],[-49.896,-26.606],[-49.884,-26.617],[-49.879,-26.628],[-49.882,-26.645],[-49.875,-26.65],[-49.872,-26.653],[-49.865,-26.65],[-49.857,-26.652],[-49.847,-26.666],[-49.847,-26.672],[-49.838,-26.676],[-49.839,-26.69],[-49.829,-26.706],[-49.835,-26.704],[-49.847,-26.711],[-49.875,-26.732],[-49.88,-26.732],[-49.886,-26.743],[-49.89,-26.741],[-49.89,-26.754],[-49.903,-26.773],[-49.901,-26.776],[-49.906,-26.779],[-49.907,-26.787],[-49.913,-26.783],[-49.917,-26.791],[-49.922,-26.788],[-49.929,-26.789],[-49.929,-26.797],[-49.936,-26.796],[-49.946,-26.806],[-49.949,-26.808],[-49.952,-26.801],[-49.968,-26.803],[-49.976,-26.797],[-49.98,-26.794],[-49.986,-26.797],[-49.991,-26.803],[-49.995,-26.802],[-49.994,-26.805],[-50.033,-26.814],[-50.036,-26.813],[-50.045,-26.813],[-50.056,-26.821],[-50.063,-26.832],[-50.06,-26.838],[-50.071,-26.838],[-50.066,-26.808],[-50.068,-26.806],[-50.085,-26.809],[-50.099,-26.802],[-50.106,-26.793],[-50.107,-26.756],[-50.121,-26.737],[-50.114,-26.71],[-50.116,-26.704],[-50.119,-26.692],[-50.124,-26.687],[-50.132,-26.678],[-50.135,-26.665],[-50.13,-26.65],[-50.138,-26.646],[-50.137,-26.642],[-50.132,-26.64],[-50.127,-26.643],[-50.121,-26.629],[-50.117,-26.631],[-50.118,-26.635],[-50.111,-26.633],[-50.116,-26.626],[-50.111,-26.623],[-50.113,-26.616],[-50.125,-26.615],[-50.119,-26.612],[-50.129,-26.607],[-50.12,-26.604],[-50.13,-26.601],[-50.132,-26.595],[-50.128,-26.592],[-50.128,-26.589],[-50.133,-26.591],[-50.132,-26.586],[-50.125,-26.584],[-50.132,-26.577],[-50.125,-26.576],[-50.119,-26.565],[-50.121,-26.562],[-50.129,-26.562],[-50.123,-26.557],[-50.132,-26.55],[-50.125,-26.54],[-50.126,-26.524],[-50.121,-26.523],[-50.115,-26.517],[-50.111,-26.519],[-50.105,-26.516],[-50.091,-26.524],[-50.079,-26.525],[-50.067,-26.519],[-50.058,-26.521],[-50.033,-26.519],[-50.019,-26.503],[-49.996,-26.505],[-49.99,-26.51],[-49.986,-26.513]]]}},{"type":"Feature","properties":{"id":"4215687","nome":"Santa Terezinha do Progresso"},"geometry":{"type":"Polygon","coordinates":[[[-53.145,-26.53],[-53.142,-26.544],[-53.145,-26.545],[-53.145,-26.554],[-53.127,-26.564],[-53.126,-26.573],[-53.123,-26.573],[-53.092,-26.594],[-53.097,-26.598],[-53.094,-26.604],[-53.105,-26.616],[-53.114,-26.629],[-53.122,-26.631],[-53.129,-26.638],[-53.136,-26.639],[-53.138,-26.636],[-53.147,-26.639],[-53.15,-26.634],[-53.158,-26.637],[-53.162,-26.63],[-53.165,-26.634],[-53.171,-26.637],[-53.174,-26.632],[-53.18,-26.637],[-53.182,-26.635],[-53.198,-26.64],[-53.201,-26.633],[-53.201,-26.639],[-53.205,-26.642],[-53.22,-26.642],[-53.226,-26.639],[-53.231,-26.633],[-53.227,-26.63],[-53.234,-26.626],[-53.231,-26.619],[-53.234,-26.616],[-53.235,-26.611],[-53.236,-26.607],[-53.23,-26.6],[-53.242,-26.59],[-53.236,-26.587],[-53.222,-26.59],[-53.221,-26.585],[-53.228,-26.587],[-53.231,-26.582],[-53.222,-26.579],[-53.221,-26.573],[-53.213,-26.578],[-53.217,-26.564],[-53.208,-26.565],[-53.209,-26.562],[-53.212,-26.56],[-53.207,-26.556],[-53.206,-26.544],[-53.201,-26.544],[-53.199,-26.54],[-53.195,-26.541],[-53.193,-26.533],[-53.184,-26.535],[-53.181,-26.532],[-53.164,-26.535],[-53.157,-26.531],[-53.161,-26.526],[-53.145,-26.53]]]}},{"type":"Feature","properties":{"id":"4215695","nome":"Santiago do Sul"},"geometry":{"type":"Polygon","coordinates":[[[-52.707,-26.583],[-52.704,-26.588],[-52.697,-26.587],[-52.678,-26.6],[-52.673,-26.599],[-52.671,-26.601],[-52.669,-26.612],[-52.666,-26.612],[-52.675,-26.617],[-52.673,-26.621],[-52.662,-26.618],[-52.661,-26.63],[-52.652,-26.633],[-52.648,-26.625],[-52.643,-26.634],[-52.639,-26.631],[-52.64,-26.621],[-52.632,-26.627],[-52.632,-26.636],[-52.619,-26.637],[-52.618,-26.641],[-52.626,-26.645],[-52.632,-26.641],[-52.645,-26.65],[-52.658,-26.652],[-52.664,-26.663],[-52.677,-26.67],[-52.678,-26.673],[-52.694,-26.671],[-52.699,-26.674],[-52.722,-26.673],[-52.721,-26.671],[-52.728,-26.666],[-52.744,-26.658],[-52.742,-26.638],[-52.731,-26.635],[-52.727,-26.637],[-52.728,-26.629],[-52.728,-26.622],[-52.735,-26.62],[-52.737,-26.615],[-52.75,-26.595],[-52.726,-26.58],[-52.707,-26.583]]]}},{"type":"Feature","properties":{"id":"4215703","nome":"Santo Amaro da Imperatriz"},"geometry":{"type":"Polygon","coordinates":[[[-48.701,-27.705],[-48.703,-27.714],[-48.695,-27.732],[-48.685,-27.755],[-48.681,-27.758],[-48.675,-27.758],[-48.707,-27.774],[-48.715,-27.774],[-48.726,-27.784],[-48.735,-27.786],[-48.738,-27.798],[-48.743,-27.804],[-48.748,-27.803],[-48.75,-27.81],[-48.759,-27.812],[-48.759,-27.823],[-48.765,-27.829],[-48.756,-27.84],[-48.766,-27.841],[-48.772,-27.833],[-48.776,-27.835],[-48.782,-27.831],[-48.788,-27.835],[-48.8,-27.829],[-48.816,-27.83],[-48.82,-27.825],[-48.827,-27.844],[-48.843,-27.861],[-48.85,-27.862],[-48.852,-27.866],[-48.873,-27.875],[-48.878,-27.87],[-48.878,-27.86],[-48.885,-27.86],[-48.889,-27.855],[-48.896,-27.857],[-48.9,-27.842],[-48.913,-27.842],[-48.901,-27.819],[-48.896,-27.821],[-48.885,-27.815],[-48.877,-27.813],[-48.88,-27.805],[-48.873,-27.801],[-48.879,-27.801],[-48.882,-27.796],[-48.882,-27.782],[-48.874,-27.772],[-48.875,-27.766],[-48.86,-27.755],[-48.866,-27.738],[-48.863,-27.729],[-48.868,-27.718],[-48.868,-27.715],[-48.848,-27.709],[-48.833,-27.719],[-48.832,-27.713],[-48.827,-27.716],[-48.825,-27.711],[-48.814,-27.71],[-48.805,-27.705],[-48.812,-27.703],[-48.814,-27.692],[-48.837,-27.692],[-48.839,-27.688],[-48.841,-27.679],[-48.85,-27.676],[-48.857,-27.664],[-48.862,-27.662],[-48.862,-27.655],[-48.855,-27.646],[-48.844,-27.64],[-48.839,-27.632],[-48.845,-27.624],[-48.81,-27.621],[-48.746,-27.615],[-48.738,-27.614],[-48.743,-27.634],[-48.738,-27.655],[-48.73,-27.679],[-48.72,-27.679],[-48.722,-27.685],[-48.723,-27.689],[-48.715,-27.69],[-48.708,-27.693],[-48.706,-27.696],[-48.701,-27.705]]]}},{"type":"Feature","properties":{"id":"4215752","nome":"S\u00e3o Bernardino"},"geometry":{"type":"Polygon","coordinates":[[[-52.966,-26.439],[-52.967,-26.442],[-52.961,-26.44],[-52.959,-26.444],[-52.937,-26.442],[-52.937,-26.449],[-52.931,-26.45],[-52.935,-26.487],[-52.926,-26.509],[-52.923,-26.519],[-52.927,-26.517],[-52.93,-26.512],[-52.934,-26.524],[-52.94,-26.523],[-52.939,-26.527],[-52.943,-26.524],[-52.946,-26.525],[-52.935,-26.536],[-52.929,-26.536],[-52.925,-26.541],[-52.931,-26.544],[-52.931,-26.55],[-52.927,-26.553],[-52.926,-26.559],[-52.922,-26.558],[-52.922,-26.561],[-52.945,-26.565],[-52.946,-26.568],[-52.973,-26.544],[-52.977,-26.534],[-52.982,-26.533],[-52.986,-26.54],[-52.991,-26.547],[-53.005,-26.541],[-53.017,-26.545],[-53.019,-26.54],[-53.019,-26.531],[-53.027,-26.521],[-53.031,-26.51],[-53.039,-26.507],[-53.045,-26.511],[-53.05,-26.503],[-53.06,-26.495],[-53.064,-26.484],[-53.062,-26.479],[-53.043,-26.445],[-53.034,-26.44],[-53.03,-26.436],[-53.033,-26.431],[-53.03,-26.428],[-53.032,-26.425],[-53.028,-26.424],[-53.026,-26.408],[-53.018,-26.408],[-52.981,-26.434],[-52.966,-26.439]]]}},{"type":"Feature","properties":{"id":"4215802","nome":"S\u00e3o Bento do Sul"},"geometry":{"type":"Polygon","coordinates":[[[-49.438,-26.164],[-49.436,-26.172],[-49.429,-26.17],[-49.428,-26.168],[-49.423,-26.182],[-49.418,-26.183],[-49.419,-26.188],[-49.415,-26.19],[-49.413,-26.185],[-49.408,-26.183],[-49.396,-26.193],[-49.387,-26.196],[-49.374,-26.201],[-49.367,-26.191],[-49.362,-26.191],[-49.342,-26.192],[-49.326,-26.2],[-49.326,-26.211],[-49.326,-26.214],[-49.326,-26.217],[-49.326,-26.221],[-49.317,-26.229],[-49.279,-26.253],[-49.252,-26.268],[-49.222,-26.282],[-49.168,-26.308],[-49.179,-26.311],[-49.177,-26.318],[-49.186,-26.333],[-49.185,-26.349],[-49.175,-26.365],[-49.186,-26.371],[-49.189,-26.369],[-49.197,-26.372],[-49.201,-26.382],[-49.219,-26.386],[-49.226,-26.394],[-49.231,-26.396],[-49.268,-26.386],[-49.275,-26.388],[-49.273,-26.383],[-49.281,-26.376],[-49.286,-26.378],[-49.29,-26.37],[-49.299,-26.374],[-49.301,-26.368],[-49.316,-26.37],[-49.323,-26.373],[-49.322,-26.383],[-49.324,-26.387],[-49.33,-26.382],[-49.353,-26.377],[-49.361,-26.373],[-49.357,-26.367],[-49.363,-26.36],[-49.367,-26.362],[-49.39,-26.353],[-49.402,-26.348],[-49.404,-26.352],[-49.411,-26.355],[-49.414,-26.353],[-49.423,-26.366],[-49.436,-26.371],[-49.443,-26.39],[-49.44,-26.394],[-49.444,-26.4],[-49.439,-26.411],[-49.44,-26.42],[-49.445,-26.426],[-49.455,-26.426],[-49.461,-26.421],[-49.464,-26.425],[-49.468,-26.422],[-49.475,-26.425],[-49.482,-26.419],[-49.474,-26.421],[-49.471,-26.418],[-49.462,-26.398],[-49.452,-26.389],[-49.465,-26.363],[-49.47,-26.361],[-49.465,-26.358],[-49.467,-26.346],[-49.463,-26.339],[-49.469,-26.324],[-49.466,-26.307],[-49.468,-26.3],[-49.468,-26.303],[-49.469,-26.305],[-49.476,-26.302],[-49.471,-26.293],[-49.48,-26.287],[-49.478,-26.279],[-49.473,-26.283],[-49.469,-26.281],[-49.47,-26.246],[-49.47,-26.241],[-49.478,-26.227],[-49.478,-26.217],[-49.483,-26.211],[-49.483,-26.197],[-49.486,-26.194],[-49.489,-26.191],[-49.485,-26.185],[-49.486,-26.18],[-49.479,-26.185],[-49.464,-26.173],[-49.459,-26.162],[-49.451,-26.162],[-49.438,-26.164]]]}},{"type":"Feature","properties":{"id":"4215901","nome":"S\u00e3o Bonif\u00e1cio"},"geometry":{"type":"Polygon","coordinates":[[[-48.905,-27.808],[-48.901,-27.813],[-48.887,-27.81],[-48.885,-27.815],[-48.896,-27.821],[-48.901,-27.819],[-48.913,-27.842],[-48.9,-27.842],[-48.896,-27.857],[-48.889,-27.855],[-48.885,-27.86],[-48.878,-27.86],[-48.878,-27.87],[-48.873,-27.875],[-48.852,-27.866],[-48.85,-27.862],[-48.843,-27.861],[-48.847,-27.866],[-48.837,-27.89],[-48.828,-27.889],[-48.824,-27.894],[-48.826,-27.905],[-48.834,-27.908],[-48.842,-27.901],[-48.845,-27.906],[-48.847,-27.922],[-48.843,-27.93],[-48.837,-27.933],[-48.843,-27.937],[-48.84,-27.942],[-48.846,-27.945],[-48.85,-27.951],[-48.838,-27.964],[-48.838,-27.98],[-48.844,-27.996],[-48.844,-28.007],[-48.854,-28.023],[-48.854,-28.034],[-48.861,-28.043],[-48.882,-28.051],[-48.889,-28.076],[-48.894,-28.08],[-48.901,-28.061],[-48.917,-28.066],[-48.932,-28.072],[-48.942,-28.083],[-48.938,-28.09],[-48.943,-28.089],[-48.947,-28.097],[-48.952,-28.097],[-48.951,-28.107],[-48.97,-28.108],[-48.973,-28.102],[-48.969,-28.098],[-48.973,-28.085],[-48.968,-28.084],[-48.975,-28.079],[-48.98,-28.074],[-48.984,-28.076],[-48.992,-28.067],[-48.997,-28.066],[-49.005,-28.054],[-49.012,-28.054],[-49.022,-28.049],[-49.023,-28.042],[-49.034,-28.035],[-49.039,-28.023],[-49.036,-28.01],[-49.045,-28.003],[-49.045,-27.994],[-49.051,-27.99],[-49.049,-27.988],[-49.048,-27.973],[-49.04,-27.968],[-49.039,-27.959],[-49.033,-27.956],[-49.034,-27.951],[-49.044,-27.945],[-49.041,-27.935],[-49.037,-27.924],[-49.016,-27.908],[-49.015,-27.898],[-49.019,-27.897],[-49.017,-27.883],[-49.007,-27.879],[-49.017,-27.866],[-49.015,-27.862],[-49.003,-27.86],[-48.988,-27.846],[-48.988,-27.843],[-48.968,-27.829],[-48.956,-27.827],[-48.951,-27.817],[-48.947,-27.815],[-48.923,-27.82],[-48.915,-27.808],[-48.905,-27.808]]]}},{"type":"Feature","properties":{"id":"4216008","nome":"S\u00e3o Carlos"},"geometry":{"type":"Polygon","coordinates":[[[-52.965,-26.961],[-52.98,-26.98],[-52.979,-26.986],[-52.97,-26.993],[-52.958,-26.996],[-52.951,-27.001],[-52.969,-27.019],[-52.968,-27.024],[-52.957,-27.028],[-52.947,-27.035],[-52.949,-27.039],[-52.956,-27.039],[-52.973,-27.036],[-52.982,-27.035],[-52.983,-27.04],[-52.97,-27.066],[-52.99,-27.062],[-52.992,-27.065],[-52.989,-27.082],[-52.99,-27.093],[-52.993,-27.096],[-53.018,-27.09],[-53.022,-27.083],[-53.028,-27.08],[-53.058,-27.086],[-53.076,-27.103],[-53.087,-27.091],[-53.074,-27.087],[-53.085,-27.078],[-53.098,-27.077],[-53.092,-27.065],[-53.094,-27.062],[-53.103,-27.066],[-53.106,-27.064],[-53.102,-27.059],[-53.104,-27.056],[-53.1,-27.051],[-53.112,-27.044],[-53.109,-27.04],[-53.102,-27.041],[-53.102,-27.037],[-53.109,-27.036],[-53.107,-27.029],[-53.106,-27.028],[-53.096,-27.028],[-53.09,-26.991],[-53.07,-26.991],[-53.069,-26.982],[-53.065,-26.983],[-53.047,-26.968],[-53.02,-26.967],[-52.993,-26.967],[-52.982,-26.954],[-52.974,-26.955],[-52.972,-26.961],[-52.965,-26.961]]]}},{"type":"Feature","properties":{"id":"4216057","nome":"S\u00e3o Cristov\u00e3o do Sul"},"geometry":{"type":"Polygon","coordinates":[[[-50.458,-27.22],[-50.455,-27.231],[-50.444,-27.228],[-50.44,-27.233],[-50.43,-27.236],[-50.421,-27.234],[-50.408,-27.24],[-50.414,-27.249],[-50.403,-27.255],[-50.401,-27.261],[-50.395,-27.262],[-50.393,-27.256],[-50.39,-27.249],[-50.377,-27.247],[-50.382,-27.239],[-50.377,-27.233],[-50.38,-27.23],[-50.379,-27.222],[-50.372,-27.228],[-50.367,-27.242],[-50.362,-27.236],[-50.35,-27.238],[-50.358,-27.244],[-50.357,-27.253],[-50.366,-27.251],[-50.361,-27.258],[-50.357,-27.257],[-50.358,-27.264],[-50.34,-27.267],[-50.332,-27.262],[-50.319,-27.269],[-50.309,-27.264],[-50.31,-27.258],[-50.304,-27.252],[-50.297,-27.25],[-50.28,-27.265],[-50.268,-27.269],[-50.258,-27.264],[-50.257,-27.255],[-50.244,-27.24],[-50.244,-27.235],[-50.238,-27.242],[-50.228,-27.242],[-50.22,-27.247],[-50.208,-27.245],[-50.199,-27.237],[-50.189,-27.252],[-50.175,-27.27],[-50.189,-27.275],[-50.182,-27.308],[-50.189,-27.32],[-50.196,-27.325],[-50.201,-27.328],[-50.203,-27.342],[-50.216,-27.348],[-50.225,-27.348],[-50.235,-27.353],[-50.317,-27.348],[-50.371,-27.345],[-50.375,-27.351],[-50.384,-27.349],[-50.4,-27.361],[-50.429,-27.365],[-50.434,-27.361],[-50.443,-27.359],[-50.45,-27.366],[-50.463,-27.368],[-50.463,-27.365],[-50.467,-27.357],[-50.463,-27.345],[-50.464,-27.332],[-50.47,-27.316],[-50.483,-27.308],[-50.499,-27.306],[-50.493,-27.304],[-50.503,-27.271],[-50.509,-27.257],[-50.504,-27.256],[-50.504,-27.25],[-50.496,-27.246],[-50.501,-27.218],[-50.493,-27.218],[-50.478,-27.229],[-50.471,-27.216],[-50.466,-27.216],[-50.458,-27.22]]]}},{"type":"Feature","properties":{"id":"4216107","nome":"S\u00e3o Domingos"},"geometry":{"type":"Polygon","coordinates":[[[-52.523,-26.399],[-52.495,-26.42],[-52.476,-26.421],[-52.465,-26.437],[-52.459,-26.441],[-52.449,-26.441],[-52.442,-26.438],[-52.452,-26.45],[-52.474,-26.458],[-52.481,-26.47],[-52.478,-26.482],[-52.481,-26.489],[-52.475,-26.494],[-52.473,-26.507],[-52.467,-26.511],[-52.475,-26.516],[-52.475,-26.523],[-52.48,-26.531],[-52.476,-26.544],[-52.463,-26.558],[-52.462,-26.575],[-52.467,-26.578],[-52.466,-26.568],[-52.474,-26.567],[-52.479,-26.57],[-52.48,-26.578],[-52.494,-26.575],[-52.497,-26.578],[-52.489,-26.583],[-52.471,-26.589],[-52.486,-26.603],[-52.49,-26.605],[-52.493,-26.601],[-52.492,-26.59],[-52.512,-26.602],[-52.516,-26.606],[-52.535,-26.601],[-52.541,-26.605],[-52.53,-26.613],[-52.524,-26.611],[-52.514,-26.636],[-52.528,-26.633],[-52.534,-26.622],[-52.542,-26.619],[-52.544,-26.627],[-52.534,-26.637],[-52.536,-26.651],[-52.526,-26.661],[-52.543,-26.665],[-52.543,-26.654],[-52.575,-26.65],[-52.576,-26.662],[-52.563,-26.662],[-52.558,-26.669],[-52.563,-26.672],[-52.579,-26.679],[-52.58,-26.669],[-52.581,-26.666],[-52.585,-26.664],[-52.585,-26.669],[-52.591,-26.679],[-52.595,-26.669],[-52.602,-26.666],[-52.606,-26.67],[-52.607,-26.675],[-52.618,-26.671],[-52.608,-26.663],[-52.609,-26.653],[-52.612,-26.65],[-52.615,-26.654],[-52.626,-26.655],[-52.626,-26.645],[-52.618,-26.641],[-52.619,-26.637],[-52.632,-26.636],[-52.632,-26.627],[-52.64,-26.621],[-52.639,-26.631],[-52.643,-26.634],[-52.648,-26.625],[-52.652,-26.633],[-52.661,-26.63],[-52.662,-26.618],[-52.673,-26.621],[-52.675,-26.617],[-52.666,-26.612],[-52.669,-26.612],[-52.671,-26.601],[-52.659,-26.593],[-52.661,-26.59],[-52.649,-26.587],[-52.653,-26.584],[-52.65,-26.583],[-52.649,-26.575],[-52.649,-26.569],[-52.645,-26.57],[-52.646,-26.567],[-52.636,-26.564],[-52.637,-26.561],[-52.626,-26.557],[-52.619,-26.551],[-52.614,-26.551],[-52.608,-26.543],[-52.608,-26.526],[-52.611,-26.52],[-52.616,-26.512],[-52.608,-26.509],[-52.61,-26.491],[-52.606,-26.485],[-52.612,-26.478],[-52.61,-26.474],[-52.611,-26.469],[-52.603,-26.462],[-52.603,-26.454],[-52.608,-26.45],[-52.612,-26.428],[-52.602,-26.415],[-52.594,-26.415],[-52.579,-26.408],[-52.565,-26.41],[-52.559,-26.407],[-52.556,-26.412],[-52.539,-26.404],[-52.523,-26.399]]]}},{"type":"Feature","properties":{"id":"4216206","nome":"S\u00e3o Francisco do Sul"},"geometry":{"type":"Polygon","coordinates":[[[-48.742,-26.128],[-48.626,-26.184],[-48.62,-26.199],[-48.61,-26.206],[-48.581,-26.185],[-48.568,-26.17],[-48.563,-26.17],[-48.538,-26.17],[-48.531,-26.164],[-48.526,-26.165],[-48.522,-26.17],[-48.526,-26.192],[-48.521,-26.214],[-48.516,-26.223],[-48.508,-26.226],[-48.501,-26.225],[-48.501,-26.22],[-48.496,-26.217],[-48.492,-26.219],[-48.498,-26.233],[-48.505,-26.239],[-48.537,-26.291],[-48.553,-26.326],[-48.565,-26.361],[-48.592,-26.406],[-48.598,-26.43],[-48.596,-26.45],[-48.597,-26.453],[-48.607,-26.454],[-48.623,-26.442],[-48.626,-26.429],[-48.618,-26.404],[-48.633,-26.37],[-48.661,-26.361],[-48.662,-26.36],[-48.677,-26.355],[-48.701,-26.344],[-48.708,-26.333],[-48.719,-26.327],[-48.722,-26.322],[-48.721,-26.305],[-48.74,-26.286],[-48.745,-26.256],[-48.749,-26.251],[-48.763,-26.216],[-48.763,-26.204],[-48.756,-26.2],[-48.757,-26.191],[-48.776,-26.167],[-48.785,-26.146],[-48.775,-26.147],[-48.768,-26.138],[-48.762,-26.139],[-48.75,-26.131],[-48.742,-26.128]]]}},{"type":"Feature","properties":{"id":"4216255","nome":"S\u00e3o Jo\u00e3o do Oeste"},"geometry":{"type":"Polygon","coordinates":[[[-53.586,-27.01],[-53.577,-27.016],[-53.571,-27.026],[-53.567,-27.026],[-53.545,-27.028],[-53.542,-27.042],[-53.547,-27.053],[-53.545,-27.068],[-53.547,-27.074],[-53.542,-27.074],[-53.544,-27.087],[-53.54,-27.088],[-53.531,-27.09],[-53.527,-27.076],[-53.519,-27.081],[-53.526,-27.092],[-53.521,-27.114],[-53.526,-27.121],[-53.525,-27.13],[-53.538,-27.14],[-53.538,-27.147],[-53.547,-27.149],[-53.547,-27.157],[-53.567,-27.159],[-53.574,-27.156],[-53.598,-27.138],[-53.595,-27.148],[-53.606,-27.153],[-53.603,-27.159],[-53.606,-27.163],[-53.615,-27.166],[-53.622,-27.164],[-53.628,-27.156],[-53.638,-27.156],[-53.641,-27.156],[-53.649,-27.142],[-53.643,-27.139],[-53.637,-27.126],[-53.654,-27.119],[-53.648,-27.116],[-53.648,-27.111],[-53.662,-27.108],[-53.659,-27.095],[-53.652,-27.076],[-53.651,-27.067],[-53.642,-27.067],[-53.642,-27.06],[-53.645,-27.06],[-53.649,-27.059],[-53.644,-27.042],[-53.642,-27.039],[-53.637,-27.043],[-53.622,-27.033],[-53.622,-27.018],[-53.619,-27.018],[-53.619,-27.023],[-53.61,-27.025],[-53.604,-27.015],[-53.597,-27.016],[-53.597,-27.011],[-53.586,-27.01]]]}},{"type":"Feature","properties":{"id":"4216305","nome":"S\u00e3o Jo\u00e3o Batista"},"geometry":{"type":"Polygon","coordinates":[[[-48.866,-27.22],[-48.862,-27.224],[-48.855,-27.223],[-48.837,-27.23],[-48.829,-27.239],[-48.823,-27.249],[-48.816,-27.248],[-48.813,-27.251],[-48.816,-27.259],[-48.815,-27.263],[-48.814,-27.265],[-48.813,-27.271],[-48.81,-27.274],[-48.803,-27.274],[-48.8,-27.279],[-48.795,-27.273],[-48.787,-27.275],[-48.786,-27.278],[-48.789,-27.28],[-48.794,-27.285],[-48.801,-27.307],[-48.795,-27.322],[-48.801,-27.333],[-48.797,-27.346],[-48.803,-27.356],[-48.801,-27.359],[-48.811,-27.369],[-48.82,-27.387],[-48.827,-27.388],[-48.833,-27.393],[-48.836,-27.396],[-48.843,-27.408],[-48.869,-27.435],[-48.882,-27.432],[-48.896,-27.444],[-48.903,-27.434],[-48.909,-27.432],[-48.921,-27.422],[-48.912,-27.411],[-48.916,-27.409],[-48.914,-27.394],[-48.918,-27.382],[-48.912,-27.376],[-48.919,-27.375],[-48.926,-27.381],[-48.938,-27.373],[-48.938,-27.37],[-48.949,-27.371],[-48.953,-27.354],[-48.96,-27.349],[-48.96,-27.345],[-48.967,-27.345],[-48.971,-27.341],[-48.97,-27.338],[-48.943,-27.337],[-48.937,-27.329],[-48.922,-27.329],[-48.899,-27.306],[-48.883,-27.306],[-48.885,-27.286],[-48.893,-27.264],[-48.899,-27.249],[-48.889,-27.246],[-48.881,-27.234],[-48.875,-27.235],[-48.876,-27.224],[-48.87,-27.219],[-48.866,-27.22]]]}},{"type":"Feature","properties":{"id":"4216354","nome":"S\u00e3o Jo\u00e3o do Itaperi\u00fa"},"geometry":{"type":"Polygon","coordinates":[[[-48.806,-26.514],[-48.803,-26.519],[-48.797,-26.519],[-48.795,-26.515],[-48.791,-26.516],[-48.789,-26.522],[-48.753,-26.538],[-48.742,-26.557],[-48.741,-26.559],[-48.743,-26.572],[-48.743,-26.579],[-48.74,-26.581],[-48.745,-26.591],[-48.743,-26.612],[-48.743,-26.63],[-48.752,-26.631],[-48.751,-26.634],[-48.757,-26.638],[-48.759,-26.647],[-48.755,-26.651],[-48.754,-26.66],[-48.755,-26.664],[-48.76,-26.661],[-48.772,-26.67],[-48.78,-26.661],[-48.785,-26.66],[-48.783,-26.665],[-48.787,-26.667],[-48.786,-26.671],[-48.796,-26.673],[-48.8,-26.679],[-48.808,-26.658],[-48.815,-26.657],[-48.815,-26.648],[-48.819,-26.646],[-48.817,-26.638],[-48.832,-26.641],[-48.834,-26.63],[-48.843,-26.627],[-48.844,-26.632],[-48.853,-26.633],[-48.854,-26.599],[-48.851,-26.597],[-48.853,-26.594],[-48.86,-26.586],[-48.862,-26.584],[-48.857,-26.577],[-48.86,-26.562],[-48.855,-26.548],[-48.848,-26.543],[-48.834,-26.546],[-48.832,-26.53],[-48.829,-26.528],[-48.833,-26.524],[-48.826,-26.516],[-48.815,-26.518],[-48.814,-26.514],[-48.806,-26.514]]]}},{"type":"Feature","properties":{"id":"4216404","nome":"S\u00e3o Jo\u00e3o do Sul"},"geometry":{"type":"Polygon","coordinates":[[[-49.791,-29.141],[-49.768,-29.164],[-49.758,-29.173],[-49.752,-29.177],[-49.711,-29.206],[-49.731,-29.23],[-49.739,-29.248],[-49.745,-29.256],[-49.753,-29.261],[-49.752,-29.252],[-49.778,-29.237],[-49.791,-29.285],[-49.795,-29.289],[-49.809,-29.287],[-49.811,-29.283],[-49.817,-29.286],[-49.821,-29.283],[-49.824,-29.278],[-49.836,-29.275],[-49.838,-29.279],[-49.847,-29.273],[-49.843,-29.271],[-49.842,-29.26],[-49.854,-29.257],[-49.852,-29.249],[-49.848,-29.247],[-49.854,-29.245],[-49.857,-29.244],[-49.858,-29.241],[-49.86,-29.231],[-49.869,-29.224],[-49.876,-29.224],[-49.88,-29.22],[-49.901,-29.215],[-49.913,-29.207],[-49.935,-29.208],[-49.945,-29.201],[-49.958,-29.2],[-49.954,-29.199],[-49.94,-29.201],[-49.937,-29.198],[-49.923,-29.197],[-49.922,-29.194],[-49.911,-29.195],[-49.911,-29.192],[-49.902,-29.19],[-49.892,-29.176],[-49.886,-29.174],[-49.885,-29.171],[-49.878,-29.169],[-49.864,-29.171],[-49.858,-29.165],[-49.849,-29.166],[-49.84,-29.16],[-49.838,-29.162],[-49.832,-29.16],[-49.837,-29.159],[-49.838,-29.154],[-49.828,-29.156],[-49.829,-29.15],[-49.817,-29.151],[-49.828,-29.14],[-49.831,-29.121],[-49.833,-29.1],[-49.791,-29.141]]]}},{"type":"Feature","properties":{"id":"4216503","nome":"S\u00e3o Joaquim"},"geometry":{"type":"Polygon","coordinates":[[[-50.013,-28.099],[-50.012,-28.102],[-50.008,-28.104],[-50.001,-28.098],[-49.991,-28.103],[-49.99,-28.104],[-49.986,-28.102],[-49.984,-28.095],[-49.98,-28.096],[-49.974,-28.11],[-49.968,-28.098],[-49.954,-28.098],[-49.947,-28.109],[-49.942,-28.111],[-49.941,-28.099],[-49.931,-28.103],[-49.928,-28.099],[-49.926,-28.097],[-49.92,-28.099],[-49.916,-28.109],[-49.905,-28.111],[-49.904,-28.108],[-49.909,-28.104],[-49.903,-28.104],[-49.904,-28.097],[-49.895,-28.094],[-49.886,-28.098],[-49.881,-28.111],[-49.874,-28.11],[-49.878,-28.103],[-49.87,-28.097],[-49.863,-28.102],[-49.849,-28.103],[-49.853,-28.11],[-49.826,-28.11],[-49.828,-28.119],[-49.82,-28.115],[-49.803,-28.119],[-49.801,-28.11],[-49.793,-28.111],[-49.794,-28.126],[-49.79,-28.13],[-49.785,-28.128],[-49.777,-28.145],[-49.76,-28.152],[-49.757,-28.158],[-49.752,-28.164],[-49.747,-28.166],[-49.742,-28.176],[-49.735,-28.181],[-49.73,-28.181],[-49.727,-28.185],[-49.721,-28.183],[-49.717,-28.191],[-49.702,-28.2],[-49.697,-28.21],[-49.685,-28.212],[-49.682,-28.219],[-49.672,-28.23],[-49.677,-28.233],[-49.69,-28.227],[-49.701,-28.228],[-49.709,-28.22],[-49.715,-28.225],[-49.721,-28.222],[-49.731,-28.239],[-49.751,-28.244],[-49.762,-28.262],[-49.762,-28.264],[-49.773,-28.278],[-49.771,-28.296],[-49.766,-28.298],[-49.771,-28.307],[-49.767,-28.311],[-49.772,-28.318],[-49.769,-28.319],[-49.77,-28.325],[-49.774,-28.331],[-49.771,-28.333],[-49.766,-28.331],[-49.767,-28.339],[-49.764,-28.341],[-49.765,-28.35],[-49.777,-28.354],[-49.772,-28.361],[-49.771,-28.374],[-49.783,-28.365],[-49.795,-28.368],[-49.797,-28.372],[-49.805,-28.365],[-49.808,-28.366],[-49.808,-28.384],[-49.786,-28.385],[-49.783,-28.392],[-49.772,-28.392],[-49.771,-28.404],[-49.762,-28.406],[-49.77,-28.414],[-49.753,-28.418],[-49.782,-28.429],[-49.783,-28.421],[-49.787,-28.422],[-49.788,-28.427],[-49.799,-28.424],[-49.801,-28.433],[-49.805,-28.427],[-49.803,-28.415],[-49.809,-28.416],[-49.811,-28.421],[-49.822,-28.421],[-49.831,-28.425],[-49.815,-28.438],[-49.813,-28.428],[-49.807,-28.429],[-49.812,-28.444],[-49.81,-28.452],[-49.803,-28.455],[-49.81,-28.463],[-49.817,-28.462],[-49.816,-28.469],[-49.816,-28.478],[-49.811,-28.483],[-49.825,-28.478],[-49.839,-28.496],[-49.845,-28.493],[-49.841,-28.484],[-49.866,-28.487],[-49.869,-28.48],[-49.863,-28.473],[-49.863,-28.462],[-49.877,-28.454],[-49.872,-28.45],[-49.858,-28.449],[-49.854,-28.444],[-49.859,-28.442],[-49.871,-28.441],[-49.883,-28.447],[-49.887,-28.441],[-49.893,-28.44],[-49.897,-28.445],[-49.888,-28.458],[-49.9,-28.464],[-49.914,-28.459],[-49.928,-28.451],[-49.938,-28.458],[-49.93,-28.463],[-49.928,-28.47],[-49.944,-28.482],[-49.951,-28.466],[-49.952,-28.45],[-49.958,-28.449],[-49.966,-28.455],[-49.971,-28.439],[-49.988,-28.444],[-49.987,-28.455],[-50.002,-28.457],[-50.012,-28.45],[-50.016,-28.45],[-50.019,-28.451],[-50.025,-28.471],[-50.036,-28.477],[-50.06,-28.475],[-50.068,-28.479],[-50.072,-28.48],[-50.086,-28.472],[-50.099,-28.485],[-50.107,-28.473],[-50.121,-28.476],[-50.126,-28.473],[-50.126,-28.463],[-50.116,-28.455],[-50.111,-28.445],[-50.115,-28.437],[-50.126,-28.429],[-50.13,-28.431],[-50.126,-28.437],[-50.145,-28.446],[-50.147,-28.459],[-50.157,-28.458],[-50.16,-28.46],[-50.145,-28.476],[-50.139,-28.494],[-50.157,-28.497],[-50.161,-28.495],[-50.166,-28.467],[-50.178,-28.451],[-50.188,-28.452],[-50.2,-28.444],[-50.204,-28.445],[-50.214,-28.459],[-50.223,-28.462],[-50.234,-28.457],[-50.241,-28.432],[-50.247,-28.428],[-50.263,-28.442],[-50.262,-28.445],[-50.251,-28.449],[-50.271,-28.456],[-50.291,-28.451],[-50.292,-28.451],[-50.292,-28.45],[-50.3,-28.44],[-50.328,-28.434],[-50.339,-28.44],[-50.336,-28.458],[-50.345,-28.463],[-50.351,-28.455],[-50.348,-28.428],[-50.357,-28.42],[-50.368,-28.422],[-50.375,-28.434],[-50.376,-28.444],[-50.378,-28.446],[-50.388,-28.444],[-50.396,-28.433],[-50.424,-28.432],[-50.417,-28.423],[-50.405,-28.423],[-50.403,-28.41],[-50.405,-28.394],[-50.386,-28.387],[-50.379,-28.373],[-50.369,-28.372],[-50.365,-28.381],[-50.335,-28.381],[-50.332,-28.377],[-50.336,-28.368],[-50.323,-28.365],[-50.309,-28.354],[-50.289,-28.346],[-50.278,-28.349],[-50.271,-28.343],[-50.265,-28.329],[-50.278,-28.322],[-50.277,-28.311],[-50.271,-28.309],[-50.25,-28.315],[-50.249,-28.311],[-50.255,-28.304],[-50.245,-28.305],[-50.232,-28.302],[-50.232,-28.295],[-50.244,-28.289],[-50.249,-28.264],[-50.245,-28.257],[-50.226,-28.257],[-50.217,-28.251],[-50.219,-28.247],[-50.229,-28.243],[-50.226,-28.234],[-50.218,-28.235],[-50.218,-28.221],[-50.23,-28.221],[-50.232,-28.219],[-50.216,-28.206],[-50.201,-28.207],[-50.2,-28.215],[-50.19,-28.218],[-50.187,-28.211],[-50.194,-28.205],[-50.193,-28.201],[-50.18,-28.208],[-50.174,-28.201],[-50.167,-28.202],[-50.171,-28.196],[-50.183,-28.192],[-50.171,-28.185],[-50.182,-28.177],[-50.182,-28.171],[-50.188,-28.165],[-50.187,-28.162],[-50.181,-28.164],[-50.172,-28.161],[-50.159,-28.155],[-50.154,-28.144],[-50.148,-28.142],[-50.141,-28.155],[-50.132,-28.147],[-50.134,-28.154],[-50.13,-28.157],[-50.115,-28.157],[-50.111,-28.162],[-50.106,-28.162],[-50.104,-28.16],[-50.115,-28.138],[-50.105,-28.124],[-50.095,-28.122],[-50.101,-28.109],[-50.089,-28.118],[-50.076,-28.122],[-50.083,-28.11],[-50.074,-28.114],[-50.067,-28.111],[-50.059,-28.113],[-50.073,-28.103],[-50.064,-28.097],[-50.061,-28.089],[-50.055,-28.094],[-50.049,-28.098],[-50.04,-28.098],[-50.037,-28.103],[-50.034,-28.103],[-50.033,-28.097],[-50.024,-28.102],[-50.019,-28.092],[-50.008,-28.087],[-50.002,-28.091],[-50.004,-28.095],[-50.013,-28.099]]]}},{"type":"Feature","properties":{"id":"4216602","nome":"S\u00e3o Jos\u00e9"},"geometry":{"type":"Polygon","coordinates":[[[-48.68,-27.53],[-48.673,-27.54],[-48.668,-27.538],[-48.665,-27.531],[-48.656,-27.537],[-48.654,-27.544],[-48.65,-27.541],[-48.635,-27.535],[-48.631,-27.529],[-48.574,-27.517],[-48.577,-27.531],[-48.568,-27.545],[-48.572,-27.551],[-48.6,-27.573],[-48.606,-27.588],[-48.606,-27.601],[-48.613,-27.614],[-48.61,-27.627],[-48.594,-27.641],[-48.601,-27.661],[-48.622,-27.657],[-48.636,-27.651],[-48.643,-27.643],[-48.642,-27.635],[-48.643,-27.627],[-48.653,-27.622],[-48.666,-27.607],[-48.671,-27.619],[-48.689,-27.612],[-48.738,-27.614],[-48.746,-27.615],[-48.745,-27.595],[-48.735,-27.591],[-48.731,-27.583],[-48.735,-27.581],[-48.73,-27.575],[-48.732,-27.567],[-48.727,-27.553],[-48.723,-27.536],[-48.717,-27.528],[-48.705,-27.525],[-48.693,-27.522],[-48.691,-27.519],[-48.68,-27.522],[-48.68,-27.53]]]}},{"type":"Feature","properties":{"id":"4216701","nome":"S\u00e3o Jos\u00e9 do Cedro"},"geometry":{"type":"Polygon","coordinates":[[[-53.453,-26.422],[-53.424,-26.435],[-53.412,-26.43],[-53.401,-26.431],[-53.402,-26.427],[-53.392,-26.425],[-53.36,-26.421],[-53.368,-26.424],[-53.363,-26.431],[-53.371,-26.43],[-53.377,-26.434],[-53.368,-26.442],[-53.368,-26.446],[-53.374,-26.447],[-53.37,-26.451],[-53.38,-26.449],[-53.382,-26.457],[-53.391,-26.462],[-53.392,-26.463],[-53.402,-26.466],[-53.405,-26.46],[-53.409,-26.461],[-53.406,-26.472],[-53.409,-26.476],[-53.401,-26.48],[-53.408,-26.483],[-53.414,-26.481],[-53.404,-26.49],[-53.406,-26.493],[-53.416,-26.494],[-53.407,-26.508],[-53.41,-26.51],[-53.418,-26.507],[-53.406,-26.519],[-53.405,-26.526],[-53.418,-26.522],[-53.416,-26.515],[-53.427,-26.512],[-53.424,-26.519],[-53.429,-26.532],[-53.432,-26.534],[-53.446,-26.529],[-53.447,-26.536],[-53.425,-26.544],[-53.438,-26.551],[-53.446,-26.545],[-53.458,-26.548],[-53.471,-26.546],[-53.494,-26.517],[-53.515,-26.517],[-53.516,-26.52],[-53.525,-26.523],[-53.536,-26.521],[-53.563,-26.529],[-53.573,-26.524],[-53.58,-26.525],[-53.583,-26.522],[-53.579,-26.521],[-53.58,-26.517],[-53.607,-26.516],[-53.607,-26.52],[-53.617,-26.521],[-53.619,-26.525],[-53.637,-26.525],[-53.637,-26.516],[-53.656,-26.513],[-53.67,-26.505],[-53.673,-26.511],[-53.682,-26.505],[-53.681,-26.501],[-53.686,-26.5],[-53.689,-26.506],[-53.686,-26.512],[-53.693,-26.512],[-53.691,-26.516],[-53.695,-26.52],[-53.697,-26.512],[-53.706,-26.513],[-53.705,-26.52],[-53.7,-26.524],[-53.703,-26.53],[-53.704,-26.536],[-53.71,-26.524],[-53.713,-26.531],[-53.705,-26.544],[-53.717,-26.54],[-53.717,-26.535],[-53.719,-26.537],[-53.724,-26.534],[-53.716,-26.526],[-53.726,-26.525],[-53.729,-26.503],[-53.725,-26.5],[-53.718,-26.507],[-53.713,-26.503],[-53.703,-26.508],[-53.707,-26.5],[-53.702,-26.49],[-53.694,-26.49],[-53.699,-26.478],[-53.695,-26.475],[-53.701,-26.473],[-53.706,-26.481],[-53.708,-26.474],[-53.714,-26.47],[-53.703,-26.463],[-53.697,-26.468],[-53.696,-26.455],[-53.701,-26.45],[-53.703,-26.441],[-53.696,-26.44],[-53.696,-26.445],[-53.688,-26.443],[-53.665,-26.444],[-53.637,-26.45],[-53.639,-26.465],[-53.632,-26.47],[-53.63,-26.467],[-53.624,-26.472],[-53.581,-26.476],[-53.576,-26.479],[-53.568,-26.47],[-53.57,-26.467],[-53.567,-26.464],[-53.558,-26.469],[-53.556,-26.45],[-53.558,-26.45],[-53.556,-26.442],[-53.549,-26.437],[-53.543,-26.426],[-53.54,-26.427],[-53.525,-26.432],[-53.519,-26.427],[-53.49,-26.429],[-53.486,-26.427],[-53.487,-26.423],[-53.471,-26.422],[-53.468,-26.422],[-53.465,-26.404],[-53.456,-26.412],[-53.453,-26.422]]]}},{"type":"Feature","properties":{"id":"4216800","nome":"S\u00e3o Jos\u00e9 do Cerrito"},"geometry":{"type":"Polygon","coordinates":[[[-50.753,-27.431],[-50.749,-27.449],[-50.736,-27.437],[-50.726,-27.449],[-50.715,-27.45],[-50.712,-27.445],[-50.72,-27.436],[-50.718,-27.425],[-50.707,-27.433],[-50.702,-27.442],[-50.701,-27.429],[-50.691,-27.426],[-50.688,-27.434],[-50.69,-27.442],[-50.68,-27.436],[-50.675,-27.438],[-50.675,-27.446],[-50.67,-27.454],[-50.678,-27.464],[-50.672,-27.469],[-50.656,-27.462],[-50.65,-27.452],[-50.646,-27.455],[-50.646,-27.463],[-50.638,-27.468],[-50.634,-27.465],[-50.639,-27.459],[-50.634,-27.453],[-50.615,-27.461],[-50.603,-27.469],[-50.595,-27.459],[-50.585,-27.468],[-50.575,-27.464],[-50.564,-27.467],[-50.565,-27.476],[-50.576,-27.485],[-50.573,-27.491],[-50.576,-27.504],[-50.569,-27.504],[-50.561,-27.503],[-50.562,-27.511],[-50.549,-27.528],[-50.545,-27.544],[-50.538,-27.554],[-50.537,-27.56],[-50.53,-27.56],[-50.525,-27.568],[-50.525,-27.583],[-50.54,-27.597],[-50.537,-27.606],[-50.517,-27.595],[-50.511,-27.596],[-50.513,-27.605],[-50.507,-27.611],[-50.506,-27.62],[-50.523,-27.632],[-50.518,-27.634],[-50.507,-27.628],[-50.502,-27.63],[-50.495,-27.628],[-50.486,-27.635],[-50.491,-27.646],[-50.484,-27.653],[-50.471,-27.658],[-50.468,-27.664],[-50.458,-27.667],[-50.453,-27.673],[-50.437,-27.673],[-50.431,-27.676],[-50.427,-27.685],[-50.437,-27.695],[-50.427,-27.705],[-50.429,-27.713],[-50.419,-27.711],[-50.411,-27.706],[-50.392,-27.729],[-50.393,-27.747],[-50.399,-27.75],[-50.406,-27.747],[-50.408,-27.753],[-50.419,-27.762],[-50.424,-27.762],[-50.435,-27.773],[-50.441,-27.77],[-50.443,-27.775],[-50.452,-27.77],[-50.471,-27.774],[-50.471,-27.767],[-50.481,-27.772],[-50.496,-27.769],[-50.495,-27.775],[-50.498,-27.777],[-50.504,-27.783],[-50.518,-27.787],[-50.52,-27.78],[-50.53,-27.776],[-50.523,-27.767],[-50.545,-27.763],[-50.54,-27.757],[-50.542,-27.751],[-50.552,-27.755],[-50.556,-27.752],[-50.542,-27.734],[-50.552,-27.734],[-50.554,-27.724],[-50.559,-27.723],[-50.568,-27.732],[-50.573,-27.724],[-50.577,-27.724],[-50.58,-27.731],[-50.583,-27.728],[-50.574,-27.715],[-50.582,-27.708],[-50.587,-27.714],[-50.595,-27.708],[-50.605,-27.728],[-50.625,-27.718],[-50.628,-27.709],[-50.631,-27.707],[-50.636,-27.714],[-50.641,-27.714],[-50.651,-27.717],[-50.653,-27.726],[-50.665,-27.709],[-50.669,-27.708],[-50.677,-27.715],[-50.687,-27.701],[-50.705,-27.69],[-50.706,-27.685],[-50.697,-27.67],[-50.701,-27.668],[-50.709,-27.669],[-50.716,-27.676],[-50.723,-27.673],[-50.724,-27.673],[-50.727,-27.665],[-50.721,-27.647],[-50.725,-27.646],[-50.729,-27.649],[-50.735,-27.646],[-50.742,-27.631],[-50.746,-27.635],[-50.743,-27.647],[-50.755,-27.644],[-50.758,-27.62],[-50.775,-27.633],[-50.781,-27.634],[-50.792,-27.626],[-50.787,-27.615],[-50.801,-27.613],[-50.801,-27.599],[-50.812,-27.606],[-50.816,-27.618],[-50.839,-27.604],[-50.853,-27.603],[-50.844,-27.599],[-50.843,-27.593],[-50.872,-27.597],[-50.875,-27.601],[-50.882,-27.609],[-50.886,-27.608],[-50.888,-27.596],[-50.881,-27.587],[-50.885,-27.585],[-50.891,-27.59],[-50.897,-27.587],[-50.899,-27.574],[-50.914,-27.573],[-50.927,-27.581],[-50.934,-27.58],[-50.935,-27.57],[-50.941,-27.564],[-50.96,-27.558],[-50.961,-27.554],[-50.948,-27.551],[-50.927,-27.559],[-50.916,-27.56],[-50.913,-27.556],[-50.914,-27.537],[-50.907,-27.533],[-50.903,-27.538],[-50.904,-27.552],[-50.898,-27.561],[-50.888,-27.547],[-50.886,-27.535],[-50.872,-27.543],[-50.864,-27.542],[-50.862,-27.538],[-50.866,-27.53],[-50.853,-27.519],[-50.85,-27.509],[-50.833,-27.516],[-50.826,-27.503],[-50.809,-27.497],[-50.802,-27.493],[-50.805,-27.483],[-50.827,-27.479],[-50.834,-27.474],[-50.833,-27.464],[-50.823,-27.451],[-50.819,-27.453],[-50.81,-27.469],[-50.805,-27.455],[-50.784,-27.458],[-50.781,-27.449],[-50.795,-27.435],[-50.789,-27.428],[-50.782,-27.43],[-50.776,-27.442],[-50.768,-27.441],[-50.765,-27.436],[-50.762,-27.427],[-50.754,-27.422],[-50.747,-27.421],[-50.742,-27.426],[-50.753,-27.431]]]}},{"type":"Feature","properties":{"id":"4216909","nome":"S\u00e3o Louren\u00e7o do Oeste"},"geometry":{"type":"Polygon","coordinates":[[[-52.845,-26.345],[-52.842,-26.348],[-52.836,-26.346],[-52.835,-26.345],[-52.814,-26.344],[-52.797,-26.348],[-52.791,-26.352],[-52.775,-26.347],[-52.763,-26.353],[-52.759,-26.362],[-52.776,-26.38],[-52.76,-26.398],[-52.763,-26.407],[-52.77,-26.408],[-52.765,-26.415],[-52.761,-26.411],[-52.757,-26.413],[-52.763,-26.419],[-52.76,-26.423],[-52.767,-26.429],[-52.763,-26.433],[-52.758,-26.43],[-52.759,-26.436],[-52.751,-26.435],[-52.748,-26.443],[-52.762,-26.443],[-52.76,-26.451],[-52.768,-26.453],[-52.761,-26.457],[-52.755,-26.454],[-52.759,-26.461],[-52.767,-26.465],[-52.777,-26.452],[-52.786,-26.449],[-52.798,-26.437],[-52.807,-26.434],[-52.836,-26.41],[-52.85,-26.404],[-52.853,-26.411],[-52.856,-26.413],[-52.862,-26.41],[-52.871,-26.419],[-52.87,-26.429],[-52.862,-26.434],[-52.869,-26.442],[-52.874,-26.456],[-52.872,-26.464],[-52.879,-26.477],[-52.877,-26.488],[-52.883,-26.489],[-52.882,-26.492],[-52.869,-26.508],[-52.868,-26.524],[-52.851,-26.517],[-52.85,-26.513],[-52.844,-26.512],[-52.842,-26.5],[-52.817,-26.495],[-52.816,-26.495],[-52.8,-26.493],[-52.8,-26.497],[-52.781,-26.502],[-52.776,-26.513],[-52.793,-26.521],[-52.792,-26.533],[-52.783,-26.545],[-52.769,-26.547],[-52.767,-26.552],[-52.773,-26.561],[-52.764,-26.582],[-52.755,-26.587],[-52.79,-26.59],[-52.803,-26.591],[-52.839,-26.593],[-52.855,-26.594],[-52.878,-26.595],[-52.882,-26.587],[-52.891,-26.589],[-52.901,-26.581],[-52.926,-26.581],[-52.927,-26.573],[-52.946,-26.568],[-52.945,-26.565],[-52.922,-26.561],[-52.922,-26.558],[-52.926,-26.559],[-52.927,-26.553],[-52.931,-26.55],[-52.931,-26.544],[-52.925,-26.541],[-52.929,-26.536],[-52.935,-26.536],[-52.946,-26.525],[-52.943,-26.524],[-52.939,-26.527],[-52.94,-26.523],[-52.934,-26.524],[-52.93,-26.512],[-52.927,-26.517],[-52.923,-26.519],[-52.926,-26.509],[-52.935,-26.487],[-52.931,-26.45],[-52.937,-26.449],[-52.937,-26.442],[-52.959,-26.444],[-52.961,-26.44],[-52.967,-26.442],[-52.966,-26.439],[-52.968,-26.431],[-52.97,-26.426],[-52.964,-26.423],[-52.963,-26.417],[-52.963,-26.407],[-52.955,-26.395],[-52.952,-26.379],[-52.941,-26.371],[-52.937,-26.362],[-52.925,-26.36],[-52.916,-26.355],[-52.908,-26.359],[-52.877,-26.36],[-52.872,-26.359],[-52.847,-26.344],[-52.845,-26.345]]]}},{"type":"Feature","properties":{"id":"4217006","nome":"S\u00e3o Ludgero"},"geometry":{"type":"Polygon","coordinates":[[[-49.184,-28.302],[-49.175,-28.303],[-49.169,-28.298],[-49.164,-28.302],[-49.158,-28.299],[-49.15,-28.307],[-49.156,-28.318],[-49.152,-28.316],[-49.15,-28.316],[-49.147,-28.314],[-49.139,-28.319],[-49.131,-28.318],[-49.125,-28.319],[-49.125,-28.331],[-49.113,-28.338],[-49.112,-28.35],[-49.115,-28.355],[-49.105,-28.358],[-49.105,-28.359],[-49.101,-28.362],[-49.138,-28.409],[-49.138,-28.414],[-49.146,-28.412],[-49.156,-28.401],[-49.16,-28.402],[-49.162,-28.406],[-49.182,-28.414],[-49.191,-28.407],[-49.19,-28.389],[-49.197,-28.379],[-49.2,-28.386],[-49.215,-28.388],[-49.224,-28.379],[-49.222,-28.374],[-49.227,-28.368],[-49.215,-28.362],[-49.215,-28.35],[-49.22,-28.343],[-49.218,-28.339],[-49.213,-28.334],[-49.214,-28.315],[-49.216,-28.301],[-49.225,-28.298],[-49.217,-28.29],[-49.202,-28.287],[-49.184,-28.302]]]}},{"type":"Feature","properties":{"id":"4217105","nome":"S\u00e3o Martinho"},"geometry":{"type":"Polygon","coordinates":[[[-49.039,-28.023],[-49.034,-28.035],[-49.023,-28.042],[-49.022,-28.049],[-49.012,-28.054],[-49.005,-28.054],[-48.997,-28.066],[-48.992,-28.067],[-48.984,-28.076],[-48.98,-28.074],[-48.975,-28.079],[-48.968,-28.084],[-48.973,-28.085],[-48.969,-28.098],[-48.973,-28.102],[-48.97,-28.108],[-48.951,-28.107],[-48.952,-28.097],[-48.947,-28.097],[-48.943,-28.089],[-48.938,-28.09],[-48.942,-28.083],[-48.932,-28.072],[-48.917,-28.066],[-48.901,-28.061],[-48.894,-28.08],[-48.889,-28.082],[-48.874,-28.072],[-48.873,-28.077],[-48.868,-28.077],[-48.869,-28.08],[-48.872,-28.083],[-48.871,-28.091],[-48.87,-28.095],[-48.876,-28.112],[-48.877,-28.117],[-48.886,-28.152],[-48.901,-28.154],[-48.903,-28.153],[-48.903,-28.15],[-48.909,-28.149],[-48.916,-28.142],[-48.924,-28.146],[-48.926,-28.141],[-48.939,-28.175],[-48.934,-28.182],[-48.91,-28.221],[-48.91,-28.234],[-48.921,-28.235],[-48.946,-28.24],[-48.965,-28.238],[-48.97,-28.23],[-48.965,-28.23],[-48.963,-28.222],[-48.974,-28.217],[-48.977,-28.209],[-48.971,-28.204],[-48.98,-28.199],[-48.975,-28.195],[-48.975,-28.191],[-48.971,-28.189],[-48.974,-28.181],[-48.978,-28.187],[-48.982,-28.181],[-48.987,-28.181],[-48.993,-28.171],[-48.998,-28.173],[-48.998,-28.163],[-49.006,-28.167],[-49.008,-28.164],[-49.013,-28.164],[-49.01,-28.156],[-49.014,-28.151],[-49.019,-28.148],[-49.031,-28.151],[-49.036,-28.148],[-49.041,-28.15],[-49.053,-28.142],[-49.059,-28.127],[-49.065,-28.11],[-49.062,-28.105],[-49.066,-28.067],[-49.063,-28.06],[-49.058,-28.058],[-49.055,-28.052],[-49.064,-28.04],[-49.06,-28.034],[-49.053,-28.034],[-49.053,-28.031],[-49.047,-28.028],[-49.047,-28.021],[-49.043,-28.019],[-49.05,-28.006],[-49.048,-27.998],[-49.051,-27.99],[-49.045,-27.994],[-49.045,-28.003],[-49.036,-28.01],[-49.039,-28.023]]]}},{"type":"Feature","properties":{"id":"4217154","nome":"S\u00e3o Miguel da Boa Vista"},"geometry":{"type":"Polygon","coordinates":[[[-53.226,-26.639],[-53.22,-26.642],[-53.205,-26.642],[-53.195,-26.659],[-53.19,-26.657],[-53.186,-26.669],[-53.187,-26.674],[-53.189,-26.679],[-53.195,-26.701],[-53.195,-26.71],[-53.208,-26.725],[-53.221,-26.725],[-53.23,-26.718],[-53.245,-26.718],[-53.259,-26.715],[-53.272,-26.718],[-53.271,-26.723],[-53.284,-26.729],[-53.285,-26.734],[-53.295,-26.726],[-53.303,-26.73],[-53.304,-26.719],[-53.305,-26.714],[-53.312,-26.708],[-53.309,-26.696],[-53.303,-26.697],[-53.302,-26.704],[-53.292,-26.707],[-53.283,-26.704],[-53.293,-26.697],[-53.283,-26.694],[-53.291,-26.691],[-53.285,-26.68],[-53.282,-26.678],[-53.277,-26.685],[-53.275,-26.677],[-53.256,-26.678],[-53.257,-26.674],[-53.258,-26.672],[-53.26,-26.664],[-53.254,-26.667],[-53.245,-26.661],[-53.256,-26.655],[-53.25,-26.65],[-53.252,-26.645],[-53.231,-26.655],[-53.23,-26.65],[-53.237,-26.646],[-53.237,-26.642],[-53.227,-26.646],[-53.226,-26.639]]]}},{"type":"Feature","properties":{"id":"4217204","nome":"S\u00e3o Miguel do Oeste"},"geometry":{"type":"Polygon","coordinates":[[[-53.536,-26.646],[-53.516,-26.654],[-53.499,-26.654],[-53.495,-26.661],[-53.484,-26.671],[-53.444,-26.705],[-53.442,-26.71],[-53.437,-26.71],[-53.428,-26.711],[-53.423,-26.727],[-53.415,-26.734],[-53.394,-26.743],[-53.391,-26.749],[-53.378,-26.752],[-53.371,-26.758],[-53.366,-26.753],[-53.362,-26.759],[-53.364,-26.764],[-53.371,-26.766],[-53.387,-26.764],[-53.389,-26.77],[-53.43,-26.772],[-53.505,-26.775],[-53.505,-26.776],[-53.504,-26.781],[-53.504,-26.784],[-53.508,-26.792],[-53.506,-26.8],[-53.511,-26.801],[-53.552,-26.801],[-53.587,-26.802],[-53.583,-26.8],[-53.585,-26.795],[-53.575,-26.794],[-53.574,-26.791],[-53.578,-26.792],[-53.582,-26.787],[-53.578,-26.787],[-53.575,-26.781],[-53.585,-26.772],[-53.59,-26.744],[-53.595,-26.687],[-53.599,-26.68],[-53.591,-26.676],[-53.588,-26.669],[-53.597,-26.658],[-53.596,-26.654],[-53.59,-26.655],[-53.588,-26.651],[-53.583,-26.652],[-53.584,-26.65],[-53.578,-26.652],[-53.569,-26.655],[-53.561,-26.645],[-53.552,-26.645],[-53.536,-26.646]]]}},{"type":"Feature","properties":{"id":"4217253","nome":"S\u00e3o Pedro de Alc\u00e2ntara"},"geometry":{"type":"Polygon","coordinates":[[[-48.797,-27.546],[-48.789,-27.549],[-48.777,-27.545],[-48.769,-27.557],[-48.763,-27.555],[-48.727,-27.553],[-48.732,-27.567],[-48.73,-27.575],[-48.735,-27.581],[-48.731,-27.583],[-48.735,-27.591],[-48.745,-27.595],[-48.746,-27.615],[-48.81,-27.621],[-48.845,-27.624],[-48.851,-27.625],[-48.951,-27.627],[-48.95,-27.619],[-48.957,-27.619],[-48.958,-27.612],[-48.946,-27.598],[-48.938,-27.596],[-48.934,-27.592],[-48.936,-27.585],[-48.93,-27.584],[-48.923,-27.573],[-48.926,-27.569],[-48.92,-27.557],[-48.909,-27.566],[-48.895,-27.568],[-48.882,-27.563],[-48.864,-27.57],[-48.856,-27.57],[-48.854,-27.575],[-48.837,-27.563],[-48.826,-27.564],[-48.818,-27.55],[-48.802,-27.55],[-48.799,-27.551],[-48.797,-27.546]]]}},{"type":"Feature","properties":{"id":"4217303","nome":"Saudades"},"geometry":{"type":"Polygon","coordinates":[[[-53.042,-26.813],[-53.038,-26.821],[-53.033,-26.819],[-53.032,-26.826],[-53.035,-26.828],[-53.046,-26.829],[-53.048,-26.833],[-53.042,-26.839],[-53.052,-26.838],[-53.052,-26.845],[-53.045,-26.849],[-53.045,-26.854],[-53.038,-26.855],[-53.044,-26.861],[-53.036,-26.867],[-53.038,-26.871],[-53.035,-26.875],[-53.027,-26.875],[-53.012,-26.873],[-53.006,-26.875],[-53.007,-26.886],[-52.993,-26.886],[-52.992,-26.884],[-52.978,-26.884],[-52.979,-26.886],[-52.965,-26.884],[-52.948,-26.881],[-52.94,-26.89],[-52.942,-26.915],[-52.936,-26.919],[-52.927,-26.925],[-52.929,-26.931],[-52.934,-26.933],[-52.93,-26.948],[-52.934,-26.947],[-52.948,-26.948],[-52.95,-26.949],[-52.954,-26.951],[-52.965,-26.961],[-52.972,-26.961],[-52.974,-26.955],[-52.982,-26.954],[-52.993,-26.967],[-53.02,-26.967],[-53.047,-26.968],[-53.047,-26.964],[-53.053,-26.964],[-53.049,-26.954],[-53.063,-26.954],[-53.088,-26.947],[-53.086,-26.943],[-53.103,-26.938],[-53.103,-26.934],[-53.098,-26.926],[-53.111,-26.923],[-53.111,-26.902],[-53.103,-26.89],[-53.117,-26.887],[-53.121,-26.872],[-53.116,-26.867],[-53.125,-26.861],[-53.125,-26.857],[-53.115,-26.85],[-53.125,-26.847],[-53.131,-26.828],[-53.131,-26.824],[-53.124,-26.826],[-53.116,-26.815],[-53.104,-26.817],[-53.097,-26.806],[-53.044,-26.809],[-53.042,-26.813]]]}},{"type":"Feature","properties":{"id":"4217402","nome":"Schroeder"},"geometry":{"type":"Polygon","coordinates":[[[-49.034,-26.276],[-49.05,-26.284],[-49.054,-26.292],[-49.051,-26.295],[-49.06,-26.302],[-49.066,-26.315],[-49.06,-26.316],[-49.047,-26.306],[-49.042,-26.308],[-49.044,-26.312],[-49.039,-26.308],[-49.034,-26.313],[-49.027,-26.306],[-49.018,-26.31],[-49.008,-26.307],[-48.997,-26.314],[-49.011,-26.326],[-49.018,-26.338],[-49.017,-26.344],[-49.02,-26.35],[-49.015,-26.36],[-49.003,-26.368],[-49.004,-26.371],[-49.003,-26.388],[-49.003,-26.398],[-49.007,-26.399],[-49.019,-26.417],[-49.009,-26.438],[-48.984,-26.438],[-48.979,-26.443],[-48.986,-26.451],[-48.984,-26.456],[-49.0,-26.453],[-49.023,-26.455],[-49.025,-26.455],[-49.028,-26.457],[-49.043,-26.454],[-49.044,-26.447],[-49.052,-26.445],[-49.073,-26.432],[-49.078,-26.425],[-49.075,-26.42],[-49.085,-26.415],[-49.086,-26.41],[-49.089,-26.412],[-49.094,-26.405],[-49.096,-26.401],[-49.1,-26.403],[-49.111,-26.396],[-49.112,-26.392],[-49.107,-26.388],[-49.115,-26.383],[-49.113,-26.381],[-49.109,-26.371],[-49.111,-26.37],[-49.108,-26.363],[-49.105,-26.361],[-49.109,-26.354],[-49.108,-26.342],[-49.087,-26.32],[-49.088,-26.316],[-49.083,-26.31],[-49.087,-26.302],[-49.082,-26.295],[-49.075,-26.293],[-49.069,-26.297],[-49.062,-26.296],[-49.057,-26.279],[-49.045,-26.279],[-49.048,-26.273],[-49.041,-26.268],[-49.039,-26.262],[-49.034,-26.261],[-49.031,-26.269],[-49.034,-26.276]]]}},{"type":"Feature","properties":{"id":"4217501","nome":"Seara"},"geometry":{"type":"Polygon","coordinates":[[[-52.226,-27.056],[-52.227,-27.068],[-52.243,-27.088],[-52.248,-27.108],[-52.248,-27.124],[-52.251,-27.13],[-52.247,-27.133],[-52.244,-27.138],[-52.249,-27.14],[-52.239,-27.144],[-52.238,-27.151],[-52.232,-27.156],[-52.235,-27.163],[-52.231,-27.17],[-52.236,-27.172],[-52.232,-27.181],[-52.235,-27.183],[-52.232,-27.19],[-52.246,-27.188],[-52.246,-27.202],[-52.252,-27.201],[-52.255,-27.205],[-52.248,-27.212],[-52.26,-27.22],[-52.261,-27.23],[-52.266,-27.227],[-52.271,-27.23],[-52.273,-27.232],[-52.278,-27.223],[-52.313,-27.233],[-52.314,-27.239],[-52.321,-27.24],[-52.327,-27.237],[-52.34,-27.238],[-52.344,-27.235],[-52.341,-27.23],[-52.346,-27.226],[-52.357,-27.226],[-52.355,-27.22],[-52.355,-27.208],[-52.37,-27.193],[-52.374,-27.198],[-52.375,-27.193],[-52.382,-27.189],[-52.387,-27.192],[-52.391,-27.184],[-52.4,-27.189],[-52.411,-27.182],[-52.422,-27.193],[-52.431,-27.181],[-52.438,-27.183],[-52.432,-27.19],[-52.433,-27.199],[-52.447,-27.189],[-52.459,-27.173],[-52.491,-27.167],[-52.496,-27.167],[-52.507,-27.159],[-52.507,-27.155],[-52.518,-27.149],[-52.51,-27.146],[-52.509,-27.143],[-52.508,-27.14],[-52.501,-27.144],[-52.488,-27.14],[-52.488,-27.134],[-52.501,-27.128],[-52.503,-27.121],[-52.506,-27.117],[-52.5,-27.112],[-52.488,-27.114],[-52.468,-27.131],[-52.443,-27.125],[-52.432,-27.114],[-52.404,-27.119],[-52.403,-27.119],[-52.397,-27.112],[-52.405,-27.11],[-52.4,-27.108],[-52.403,-27.104],[-52.392,-27.097],[-52.39,-27.09],[-52.379,-27.089],[-52.379,-27.085],[-52.33,-27.089],[-52.329,-27.09],[-52.308,-27.092],[-52.308,-27.087],[-52.295,-27.087],[-52.295,-27.078],[-52.27,-27.078],[-52.258,-27.076],[-52.258,-27.069],[-52.251,-27.069],[-52.249,-27.038],[-52.231,-27.027],[-52.223,-27.025],[-52.22,-27.028],[-52.216,-27.046],[-52.218,-27.051],[-52.226,-27.056]]]}},{"type":"Feature","properties":{"id":"4217550","nome":"Serra Alta"},"geometry":{"type":"Polygon","coordinates":[[[-52.985,-26.657],[-52.986,-26.661],[-52.988,-26.66],[-52.994,-26.665],[-52.986,-26.67],[-52.986,-26.673],[-52.986,-26.675],[-52.99,-26.673],[-52.994,-26.678],[-52.988,-26.679],[-52.991,-26.683],[-52.984,-26.687],[-52.982,-26.692],[-52.986,-26.696],[-52.979,-26.699],[-52.982,-26.702],[-52.993,-26.702],[-52.987,-26.71],[-52.984,-26.72],[-52.989,-26.723],[-52.98,-26.731],[-52.981,-26.739],[-52.973,-26.733],[-52.969,-26.736],[-52.973,-26.744],[-52.994,-26.739],[-53.003,-26.74],[-53.006,-26.748],[-53.023,-26.754],[-53.021,-26.752],[-53.022,-26.746],[-53.027,-26.743],[-53.041,-26.744],[-53.049,-26.745],[-53.047,-26.738],[-53.049,-26.732],[-53.069,-26.737],[-53.07,-26.731],[-53.064,-26.731],[-53.066,-26.729],[-53.061,-26.725],[-53.065,-26.724],[-53.058,-26.714],[-53.06,-26.696],[-53.071,-26.686],[-53.073,-26.68],[-53.067,-26.677],[-53.068,-26.673],[-53.076,-26.668],[-53.062,-26.643],[-53.044,-26.641],[-52.998,-26.635],[-52.995,-26.637],[-53.0,-26.639],[-52.998,-26.645],[-52.994,-26.647],[-52.995,-26.654],[-52.985,-26.657]]]}},{"type":"Feature","properties":{"id":"4217600","nome":"Sider\u00f3polis"},"geometry":{"type":"Polygon","coordinates":[[[-49.568,-28.504],[-49.569,-28.512],[-49.56,-28.514],[-49.556,-28.516],[-49.549,-28.523],[-49.549,-28.53],[-49.534,-28.535],[-49.528,-28.551],[-49.488,-28.552],[-49.49,-28.56],[-49.482,-28.57],[-49.485,-28.581],[-49.481,-28.583],[-49.473,-28.574],[-49.474,-28.571],[-49.466,-28.57],[-49.468,-28.565],[-49.465,-28.558],[-49.457,-28.564],[-49.447,-28.564],[-49.437,-28.549],[-49.422,-28.537],[-49.422,-28.541],[-49.41,-28.541],[-49.408,-28.525],[-49.402,-28.524],[-49.401,-28.546],[-49.39,-28.556],[-49.389,-28.567],[-49.386,-28.579],[-49.402,-28.596],[-49.396,-28.603],[-49.393,-28.61],[-49.376,-28.621],[-49.37,-28.635],[-49.399,-28.636],[-49.403,-28.637],[-49.411,-28.636],[-49.451,-28.634],[-49.452,-28.634],[-49.491,-28.632],[-49.496,-28.631],[-49.501,-28.631],[-49.51,-28.63],[-49.551,-28.628],[-49.647,-28.623],[-49.649,-28.623],[-49.667,-28.622],[-49.685,-28.621],[-49.667,-28.612],[-49.671,-28.606],[-49.667,-28.602],[-49.654,-28.602],[-49.647,-28.598],[-49.652,-28.593],[-49.644,-28.584],[-49.647,-28.582],[-49.649,-28.568],[-49.656,-28.566],[-49.647,-28.543],[-49.617,-28.531],[-49.605,-28.52],[-49.598,-28.522],[-49.595,-28.516],[-49.6,-28.514],[-49.593,-28.503],[-49.589,-28.506],[-49.59,-28.501],[-49.568,-28.504]]]}},{"type":"Feature","properties":{"id":"4217709","nome":"Sombrio"},"geometry":{"type":"Polygon","coordinates":[[[-49.606,-29.11],[-49.622,-29.125],[-49.631,-29.134],[-49.647,-29.137],[-49.655,-29.143],[-49.664,-29.137],[-49.672,-29.125],[-49.674,-29.124],[-49.682,-29.121],[-49.69,-29.113],[-49.695,-29.114],[-49.7,-29.097],[-49.701,-29.096],[-49.704,-29.081],[-49.717,-29.072],[-49.738,-29.072],[-49.741,-29.065],[-49.745,-29.056],[-49.73,-29.044],[-49.741,-29.039],[-49.73,-29.034],[-49.703,-29.022],[-49.698,-29.02],[-49.693,-29.02],[-49.688,-29.02],[-49.623,-29.017],[-49.604,-29.03],[-49.566,-29.058],[-49.58,-29.072],[-49.595,-29.078],[-49.597,-29.085],[-49.606,-29.11]]]}},{"type":"Feature","properties":{"id":"4217758","nome":"Sul Brasil"},"geometry":{"type":"Polygon","coordinates":[[[-52.944,-26.62],[-52.941,-26.625],[-52.935,-26.621],[-52.934,-26.647],[-52.933,-26.65],[-52.923,-26.651],[-52.929,-26.659],[-52.923,-26.664],[-52.917,-26.655],[-52.908,-26.657],[-52.908,-26.666],[-52.917,-26.665],[-52.92,-26.672],[-52.917,-26.681],[-52.908,-26.679],[-52.894,-26.681],[-52.901,-26.685],[-52.901,-26.691],[-52.907,-26.694],[-52.897,-26.697],[-52.886,-26.705],[-52.896,-26.703],[-52.903,-26.707],[-52.897,-26.712],[-52.887,-26.714],[-52.902,-26.719],[-52.913,-26.716],[-52.911,-26.73],[-52.904,-26.728],[-52.897,-26.74],[-52.909,-26.741],[-52.915,-26.747],[-52.91,-26.749],[-52.907,-26.755],[-52.909,-26.758],[-52.923,-26.76],[-52.912,-26.771],[-52.925,-26.773],[-52.917,-26.779],[-52.918,-26.782],[-52.932,-26.777],[-52.929,-26.771],[-52.935,-26.773],[-52.939,-26.767],[-52.943,-26.769],[-52.954,-26.761],[-52.951,-26.758],[-52.954,-26.752],[-52.961,-26.754],[-52.969,-26.751],[-52.964,-26.748],[-52.966,-26.745],[-52.973,-26.744],[-52.969,-26.736],[-52.973,-26.733],[-52.981,-26.739],[-52.98,-26.731],[-52.989,-26.723],[-52.984,-26.72],[-52.987,-26.71],[-52.993,-26.702],[-52.982,-26.702],[-52.979,-26.699],[-52.986,-26.696],[-52.982,-26.692],[-52.984,-26.687],[-52.991,-26.683],[-52.988,-26.679],[-52.994,-26.678],[-52.99,-26.673],[-52.986,-26.675],[-52.986,-26.673],[-52.986,-26.67],[-52.994,-26.665],[-52.988,-26.66],[-52.986,-26.661],[-52.985,-26.657],[-52.995,-26.654],[-52.994,-26.647],[-52.998,-26.645],[-53.0,-26.639],[-52.995,-26.637],[-52.998,-26.635],[-52.941,-26.613],[-52.944,-26.62]]]}},{"type":"Feature","properties":{"id":"4217808","nome":"Tai\u00f3"},"geometry":{"type":"Polygon","coordinates":[[[-50.291,-26.968],[-50.234,-26.986],[-50.168,-26.984],[-50.167,-26.984],[-50.157,-26.986],[-50.115,-26.986],[-50.105,-26.997],[-50.115,-27.004],[-50.108,-27.008],[-50.119,-27.016],[-50.107,-27.018],[-50.098,-27.026],[-50.095,-27.02],[-50.088,-27.026],[-50.07,-27.032],[-50.063,-27.034],[-50.056,-27.029],[-50.053,-27.031],[-50.047,-27.041],[-50.048,-27.047],[-50.035,-27.047],[-49.991,-27.046],[-49.976,-27.046],[-49.976,-27.011],[-49.96,-27.011],[-49.96,-27.002],[-49.948,-27.002],[-49.946,-26.996],[-49.915,-27.0],[-49.897,-26.999],[-49.896,-26.997],[-49.871,-27.001],[-49.876,-27.022],[-49.898,-27.102],[-49.895,-27.106],[-49.895,-27.107],[-49.888,-27.143],[-49.891,-27.148],[-49.896,-27.147],[-49.902,-27.15],[-49.901,-27.136],[-49.908,-27.14],[-49.91,-27.146],[-49.908,-27.15],[-49.914,-27.144],[-49.916,-27.157],[-49.932,-27.189],[-49.941,-27.214],[-49.957,-27.202],[-49.957,-27.201],[-49.961,-27.198],[-49.966,-27.196],[-49.97,-27.199],[-49.976,-27.199],[-49.989,-27.205],[-49.996,-27.214],[-50.003,-27.212],[-50.002,-27.206],[-49.991,-27.19],[-49.999,-27.181],[-50.008,-27.172],[-50.018,-27.174],[-50.046,-27.17],[-50.05,-27.173],[-50.047,-27.174],[-50.052,-27.176],[-50.061,-27.15],[-50.074,-27.145],[-50.085,-27.148],[-50.091,-27.14],[-50.105,-27.147],[-50.122,-27.144],[-50.138,-27.134],[-50.15,-27.133],[-50.16,-27.142],[-50.188,-27.148],[-50.201,-27.155],[-50.218,-27.149],[-50.231,-27.144],[-50.232,-27.131],[-50.235,-27.122],[-50.246,-27.115],[-50.248,-27.1],[-50.282,-27.094],[-50.288,-27.109],[-50.297,-27.112],[-50.306,-27.106],[-50.315,-27.088],[-50.313,-27.081],[-50.315,-27.075],[-50.311,-27.064],[-50.324,-27.064],[-50.334,-27.06],[-50.318,-27.055],[-50.319,-27.049],[-50.324,-27.045],[-50.315,-27.036],[-50.319,-27.03],[-50.316,-27.024],[-50.319,-27.019],[-50.309,-27.01],[-50.314,-27.003],[-50.306,-26.992],[-50.293,-26.991],[-50.295,-26.982],[-50.298,-26.971],[-50.291,-26.968]]]}},{"type":"Feature","properties":{"id":"4217907","nome":"Tangar\u00e1"},"geometry":{"type":"Polygon","coordinates":[[[-51.289,-27.047],[-51.289,-27.051],[-51.284,-27.051],[-51.284,-27.06],[-51.271,-27.067],[-51.252,-27.062],[-51.247,-27.069],[-51.244,-27.065],[-51.213,-27.068],[-51.214,-27.074],[-51.203,-27.074],[-51.203,-27.079],[-51.174,-27.082],[-51.172,-27.088],[-51.163,-27.084],[-51.159,-27.088],[-51.155,-27.087],[-51.142,-27.099],[-51.14,-27.106],[-51.142,-27.112],[-51.13,-27.113],[-51.129,-27.111],[-51.134,-27.109],[-51.129,-27.106],[-51.129,-27.098],[-51.121,-27.104],[-51.112,-27.097],[-51.106,-27.102],[-51.102,-27.101],[-51.086,-27.096],[-51.091,-27.105],[-51.099,-27.111],[-51.089,-27.115],[-51.083,-27.124],[-51.078,-27.123],[-51.069,-27.124],[-51.069,-27.119],[-51.077,-27.119],[-51.076,-27.111],[-51.07,-27.113],[-51.069,-27.116],[-51.063,-27.117],[-51.067,-27.107],[-51.057,-27.104],[-51.055,-27.096],[-51.05,-27.099],[-51.051,-27.106],[-51.039,-27.105],[-51.033,-27.109],[-51.043,-27.115],[-51.042,-27.12],[-51.033,-27.117],[-51.023,-27.126],[-51.018,-27.119],[-51.009,-27.118],[-51.002,-27.124],[-50.998,-27.137],[-50.986,-27.131],[-50.958,-27.132],[-50.945,-27.121],[-50.932,-27.118],[-50.931,-27.118],[-50.943,-27.128],[-50.945,-27.137],[-50.955,-27.149],[-50.979,-27.162],[-50.989,-27.164],[-50.994,-27.17],[-51.011,-27.173],[-51.018,-27.192],[-51.024,-27.193],[-51.026,-27.195],[-51.023,-27.202],[-51.028,-27.221],[-51.038,-27.233],[-51.038,-27.236],[-51.046,-27.237],[-51.054,-27.245],[-51.062,-27.244],[-51.066,-27.252],[-51.09,-27.251],[-51.103,-27.245],[-51.112,-27.239],[-51.113,-27.239],[-51.117,-27.23],[-51.126,-27.231],[-51.125,-27.222],[-51.13,-27.221],[-51.131,-27.215],[-51.135,-27.219],[-51.144,-27.215],[-51.154,-27.221],[-51.167,-27.206],[-51.174,-27.205],[-51.175,-27.194],[-51.186,-27.185],[-51.187,-27.178],[-51.193,-27.176],[-51.193,-27.17],[-51.202,-27.171],[-51.21,-27.16],[-51.229,-27.161],[-51.225,-27.149],[-51.236,-27.143],[-51.233,-27.139],[-51.247,-27.138],[-51.262,-27.138],[-51.27,-27.141],[-51.277,-27.153],[-51.285,-27.153],[-51.295,-27.161],[-51.305,-27.155],[-51.322,-27.151],[-51.334,-27.143],[-51.332,-27.134],[-51.338,-27.132],[-51.333,-27.127],[-51.338,-27.117],[-51.327,-27.109],[-51.32,-27.078],[-51.311,-27.076],[-51.298,-27.067],[-51.295,-27.062],[-51.3,-27.058],[-51.289,-27.047]]]}},{"type":"Feature","properties":{"id":"4217956","nome":"Tigrinhos"},"geometry":{"type":"Polygon","coordinates":[[[-53.162,-26.63],[-53.158,-26.637],[-53.15,-26.634],[-53.147,-26.639],[-53.138,-26.636],[-53.136,-26.639],[-53.134,-26.647],[-53.125,-26.656],[-53.126,-26.668],[-53.119,-26.674],[-53.112,-26.679],[-53.117,-26.681],[-53.124,-26.705],[-53.13,-26.711],[-53.128,-26.72],[-53.138,-26.724],[-53.159,-26.72],[-53.162,-26.713],[-53.164,-26.717],[-53.178,-26.704],[-53.178,-26.694],[-53.195,-26.701],[-53.189,-26.679],[-53.187,-26.674],[-53.186,-26.669],[-53.19,-26.657],[-53.195,-26.659],[-53.205,-26.642],[-53.201,-26.639],[-53.201,-26.633],[-53.198,-26.64],[-53.182,-26.635],[-53.18,-26.637],[-53.174,-26.632],[-53.171,-26.637],[-53.165,-26.634],[-53.162,-26.63]]]}},{"type":"Feature","properties":{"id":"4218004","nome":"Tijucas"},"geometry":{"type":"Polygon","coordinates":[[[-48.749,-27.149],[-48.736,-27.149],[-48.721,-27.143],[-48.716,-27.145],[-48.698,-27.138],[-48.691,-27.14],[-48.689,-27.142],[-48.691,-27.15],[-48.683,-27.154],[-48.684,-27.158],[-48.677,-27.169],[-48.685,-27.167],[-48.692,-27.17],[-48.688,-27.169],[-48.686,-27.172],[-48.69,-27.18],[-48.684,-27.195],[-48.675,-27.198],[-48.673,-27.207],[-48.66,-27.216],[-48.637,-27.212],[-48.621,-27.211],[-48.608,-27.21],[-48.603,-27.218],[-48.61,-27.226],[-48.613,-27.248],[-48.616,-27.251],[-48.615,-27.274],[-48.596,-27.316],[-48.627,-27.324],[-48.638,-27.327],[-48.655,-27.32],[-48.662,-27.326],[-48.658,-27.335],[-48.664,-27.346],[-48.672,-27.347],[-48.674,-27.34],[-48.684,-27.342],[-48.688,-27.341],[-48.695,-27.35],[-48.7,-27.35],[-48.707,-27.354],[-48.711,-27.348],[-48.717,-27.348],[-48.731,-27.34],[-48.75,-27.345],[-48.763,-27.343],[-48.768,-27.35],[-48.774,-27.346],[-48.793,-27.351],[-48.763,-27.321],[-48.741,-27.302],[-48.742,-27.29],[-48.723,-27.282],[-48.719,-27.279],[-48.717,-27.277],[-48.708,-27.276],[-48.702,-27.27],[-48.701,-27.265],[-48.705,-27.264],[-48.704,-27.268],[-48.712,-27.261],[-48.716,-27.263],[-48.716,-27.26],[-48.72,-27.261],[-48.717,-27.266],[-48.731,-27.263],[-48.741,-27.271],[-48.741,-27.265],[-48.747,-27.264],[-48.749,-27.261],[-48.744,-27.257],[-48.744,-27.251],[-48.744,-27.238],[-48.748,-27.231],[-48.754,-27.232],[-48.756,-27.227],[-48.764,-27.229],[-48.773,-27.211],[-48.789,-27.206],[-48.794,-27.197],[-48.804,-27.192],[-48.804,-27.186],[-48.799,-27.181],[-48.799,-27.177],[-48.809,-27.174],[-48.803,-27.173],[-48.793,-27.162],[-48.799,-27.155],[-48.781,-27.151],[-48.772,-27.145],[-48.774,-27.136],[-48.772,-27.134],[-48.754,-27.135],[-48.749,-27.149]]]}},{"type":"Feature","properties":{"id":"4218103","nome":"Timb\u00e9 do Sul"},"geometry":{"type":"Polygon","coordinates":[[[-49.863,-28.703],[-49.846,-28.705],[-49.843,-28.713],[-49.84,-28.714],[-49.839,-28.714],[-49.824,-28.716],[-49.82,-28.72],[-49.798,-28.712],[-49.797,-28.75],[-49.781,-28.755],[-49.776,-28.766],[-49.762,-28.785],[-49.733,-28.803],[-49.746,-28.816],[-49.749,-28.83],[-49.772,-28.843],[-49.788,-28.852],[-49.791,-28.854],[-49.867,-28.88],[-49.873,-28.884],[-49.88,-28.882],[-49.897,-28.892],[-49.906,-28.902],[-49.92,-28.909],[-49.93,-28.921],[-49.942,-28.921],[-49.947,-28.925],[-49.944,-28.941],[-49.955,-28.939],[-49.955,-28.946],[-49.964,-28.927],[-49.971,-28.924],[-49.966,-28.916],[-49.959,-28.895],[-49.958,-28.883],[-49.955,-28.875],[-49.969,-28.881],[-49.972,-28.88],[-49.964,-28.859],[-49.961,-28.832],[-49.969,-28.829],[-49.969,-28.823],[-49.962,-28.809],[-49.962,-28.801],[-49.946,-28.806],[-49.947,-28.798],[-49.953,-28.797],[-49.956,-28.791],[-49.952,-28.784],[-49.959,-28.779],[-49.954,-28.776],[-49.956,-28.771],[-49.951,-28.768],[-49.947,-28.77],[-49.946,-28.765],[-49.95,-28.755],[-49.936,-28.759],[-49.928,-28.756],[-49.928,-28.751],[-49.922,-28.746],[-49.931,-28.74],[-49.935,-28.728],[-49.925,-28.718],[-49.914,-28.715],[-49.905,-28.707],[-49.908,-28.715],[-49.914,-28.724],[-49.904,-28.72],[-49.894,-28.724],[-49.885,-28.718],[-49.881,-28.721],[-49.885,-28.729],[-49.891,-28.739],[-49.887,-28.74],[-49.888,-28.746],[-49.875,-28.744],[-49.88,-28.736],[-49.866,-28.721],[-49.87,-28.721],[-49.866,-28.715],[-49.87,-28.714],[-49.867,-28.71],[-49.868,-28.704],[-49.871,-28.704],[-49.86,-28.7],[-49.863,-28.703]]]}},{"type":"Feature","properties":{"id":"4218202","nome":"Timb\u00f3"},"geometry":{"type":"Polygon","coordinates":[[[-49.238,-26.77],[-49.223,-26.772],[-49.214,-26.755],[-49.205,-26.758],[-49.208,-26.771],[-49.199,-26.786],[-49.21,-26.804],[-49.208,-26.812],[-49.201,-26.819],[-49.206,-26.831],[-49.225,-26.846],[-49.23,-26.85],[-49.238,-26.857],[-49.255,-26.87],[-49.265,-26.869],[-49.284,-26.88],[-49.287,-26.876],[-49.305,-26.847],[-49.307,-26.838],[-49.31,-26.829],[-49.311,-26.826],[-49.316,-26.829],[-49.318,-26.823],[-49.321,-26.822],[-49.33,-26.807],[-49.334,-26.797],[-49.328,-26.785],[-49.333,-26.777],[-49.328,-26.772],[-49.333,-26.764],[-49.339,-26.756],[-49.334,-26.752],[-49.335,-26.745],[-49.277,-26.763],[-49.272,-26.764],[-49.267,-26.765],[-49.238,-26.77]]]}},{"type":"Feature","properties":{"id":"4218251","nome":"Timb\u00f3 Grande"},"geometry":{"type":"Polygon","coordinates":[[[-50.636,-26.522],[-50.631,-26.524],[-50.631,-26.533],[-50.625,-26.535],[-50.621,-26.539],[-50.605,-26.542],[-50.601,-26.558],[-50.595,-26.566],[-50.598,-26.568],[-50.579,-26.572],[-50.581,-26.583],[-50.573,-26.584],[-50.561,-26.594],[-50.563,-26.599],[-50.57,-26.598],[-50.579,-26.603],[-50.566,-26.602],[-50.564,-26.609],[-50.541,-26.604],[-50.53,-26.608],[-50.53,-26.612],[-50.523,-26.618],[-50.527,-26.624],[-50.518,-26.634],[-50.515,-26.64],[-50.508,-26.638],[-50.508,-26.635],[-50.496,-26.643],[-50.492,-26.642],[-50.488,-26.646],[-50.492,-26.648],[-50.514,-26.686],[-50.51,-26.694],[-50.516,-26.715],[-50.496,-26.762],[-50.5,-26.77],[-50.515,-26.772],[-50.52,-26.777],[-50.524,-26.775],[-50.527,-26.781],[-50.541,-26.772],[-50.544,-26.775],[-50.547,-26.768],[-50.556,-26.771],[-50.565,-26.766],[-50.57,-26.758],[-50.582,-26.755],[-50.587,-26.75],[-50.589,-26.739],[-50.602,-26.739],[-50.606,-26.732],[-50.624,-26.719],[-50.632,-26.719],[-50.637,-26.712],[-50.652,-26.711],[-50.655,-26.708],[-50.649,-26.697],[-50.659,-26.676],[-50.673,-26.671],[-50.676,-26.662],[-50.681,-26.664],[-50.69,-26.658],[-50.702,-26.66],[-50.703,-26.674],[-50.718,-26.676],[-50.718,-26.685],[-50.729,-26.685],[-50.734,-26.689],[-50.75,-26.683],[-50.756,-26.691],[-50.782,-26.683],[-50.808,-26.654],[-50.809,-26.653],[-50.857,-26.559],[-50.824,-26.546],[-50.818,-26.53],[-50.803,-26.518],[-50.801,-26.507],[-50.798,-26.508],[-50.796,-26.51],[-50.785,-26.507],[-50.774,-26.516],[-50.753,-26.519],[-50.738,-26.525],[-50.708,-26.505],[-50.699,-26.499],[-50.668,-26.499],[-50.653,-26.509],[-50.655,-26.513],[-50.641,-26.513],[-50.636,-26.522]]]}},{"type":"Feature","properties":{"id":"4218301","nome":"Tr\u00eas Barras"},"geometry":{"type":"Polygon","coordinates":[[[-50.234,-26.047],[-50.224,-26.06],[-50.218,-26.056],[-50.209,-26.057],[-50.208,-26.061],[-50.194,-26.065],[-50.193,-26.071],[-50.201,-26.074],[-50.207,-26.083],[-50.196,-26.084],[-50.189,-26.091],[-50.184,-26.114],[-50.171,-26.121],[-50.167,-26.116],[-50.167,-26.122],[-50.159,-26.132],[-50.154,-26.137],[-50.158,-26.139],[-50.161,-26.141],[-50.156,-26.149],[-50.153,-26.147],[-50.152,-26.151],[-50.146,-26.152],[-50.147,-26.159],[-50.144,-26.166],[-50.141,-26.168],[-50.135,-26.163],[-50.128,-26.164],[-50.128,-26.169],[-50.135,-26.17],[-50.133,-26.173],[-50.136,-26.174],[-50.125,-26.204],[-50.13,-26.207],[-50.144,-26.2],[-50.147,-26.206],[-50.153,-26.207],[-50.153,-26.21],[-50.162,-26.214],[-50.175,-26.211],[-50.181,-26.217],[-50.188,-26.216],[-50.189,-26.22],[-50.183,-26.226],[-50.188,-26.273],[-50.203,-26.276],[-50.207,-26.285],[-50.224,-26.29],[-50.284,-26.308],[-50.289,-26.296],[-50.287,-26.291],[-50.296,-26.286],[-50.293,-26.281],[-50.299,-26.28],[-50.295,-26.277],[-50.3,-26.274],[-50.298,-26.27],[-50.3,-26.265],[-50.296,-26.264],[-50.299,-26.261],[-50.302,-26.263],[-50.302,-26.258],[-50.307,-26.26],[-50.317,-26.266],[-50.322,-26.259],[-50.319,-26.258],[-50.322,-26.256],[-50.32,-26.254],[-50.325,-26.253],[-50.323,-26.24],[-50.336,-26.236],[-50.331,-26.233],[-50.326,-26.224],[-50.324,-26.207],[-50.334,-26.208],[-50.34,-26.203],[-50.346,-26.206],[-50.354,-26.204],[-50.355,-26.188],[-50.353,-26.182],[-50.356,-26.173],[-50.358,-26.169],[-50.35,-26.157],[-50.349,-26.153],[-50.361,-26.159],[-50.376,-26.155],[-50.378,-26.161],[-50.386,-26.169],[-50.39,-26.163],[-50.383,-26.159],[-50.38,-26.162],[-50.383,-26.158],[-50.387,-26.159],[-50.385,-26.156],[-50.387,-26.153],[-50.385,-26.141],[-50.385,-26.14],[-50.379,-26.122],[-50.376,-26.122],[-50.377,-26.117],[-50.372,-26.116],[-50.37,-26.12],[-50.361,-26.122],[-50.364,-26.126],[-50.359,-26.125],[-50.357,-26.121],[-50.366,-26.112],[-50.361,-26.11],[-50.359,-26.117],[-50.352,-26.119],[-50.34,-26.13],[-50.332,-26.134],[-50.328,-26.129],[-50.323,-26.134],[-50.322,-26.125],[-50.334,-26.125],[-50.333,-26.122],[-50.325,-26.123],[-50.326,-26.115],[-50.332,-26.108],[-50.329,-26.098],[-50.325,-26.098],[-50.332,-26.083],[-50.322,-26.08],[-50.318,-26.068],[-50.298,-26.055],[-50.276,-26.051],[-50.268,-26.042],[-50.252,-26.051],[-50.255,-26.037],[-50.251,-26.03],[-50.235,-26.036],[-50.234,-26.047]]]}},{"type":"Feature","properties":{"id":"4218350","nome":"Treviso"},"geometry":{"type":"Polygon","coordinates":[[[-49.534,-28.435],[-49.532,-28.438],[-49.52,-28.436],[-49.486,-28.441],[-49.469,-28.437],[-49.456,-28.442],[-49.446,-28.451],[-49.429,-28.459],[-49.427,-28.48],[-49.426,-28.49],[-49.426,-28.509],[-49.421,-28.509],[-49.421,-28.521],[-49.422,-28.529],[-49.422,-28.537],[-49.437,-28.549],[-49.447,-28.564],[-49.457,-28.564],[-49.465,-28.558],[-49.468,-28.565],[-49.466,-28.57],[-49.474,-28.571],[-49.473,-28.574],[-49.481,-28.583],[-49.485,-28.581],[-49.482,-28.57],[-49.49,-28.56],[-49.488,-28.552],[-49.528,-28.551],[-49.534,-28.535],[-49.549,-28.53],[-49.549,-28.523],[-49.556,-28.516],[-49.56,-28.514],[-49.569,-28.512],[-49.568,-28.504],[-49.567,-28.498],[-49.562,-28.494],[-49.555,-28.494],[-49.549,-28.484],[-49.552,-28.484],[-49.555,-28.474],[-49.562,-28.467],[-49.559,-28.465],[-49.56,-28.46],[-49.555,-28.46],[-49.551,-28.451],[-49.547,-28.453],[-49.549,-28.449],[-49.543,-28.44],[-49.534,-28.435]]]}},{"type":"Feature","properties":{"id":"4218400","nome":"Treze de Maio"},"geometry":{"type":"Polygon","coordinates":[[[-49.182,-28.508],[-49.176,-28.513],[-49.167,-28.506],[-49.166,-28.501],[-49.15,-28.502],[-49.143,-28.498],[-49.134,-28.498],[-49.133,-28.503],[-49.125,-28.508],[-49.108,-28.521],[-49.098,-28.528],[-49.068,-28.552],[-49.055,-28.556],[-49.045,-28.556],[-49.03,-28.549],[-49.077,-28.577],[-49.103,-28.593],[-49.141,-28.616],[-49.156,-28.625],[-49.181,-28.641],[-49.187,-28.638],[-49.195,-28.635],[-49.201,-28.618],[-49.214,-28.61],[-49.221,-28.606],[-49.221,-28.601],[-49.239,-28.592],[-49.243,-28.589],[-49.203,-28.528],[-49.192,-28.511],[-49.184,-28.499],[-49.182,-28.508]]]}},{"type":"Feature","properties":{"id":"4218509","nome":"Treze T\u00edlias"},"geometry":{"type":"Polygon","coordinates":[[[-51.479,-26.924],[-51.465,-26.932],[-51.451,-26.929],[-51.449,-26.933],[-51.446,-26.936],[-51.44,-26.929],[-51.437,-26.94],[-51.417,-26.945],[-51.414,-26.941],[-51.411,-26.947],[-51.409,-26.942],[-51.407,-26.943],[-51.408,-26.954],[-51.402,-26.953],[-51.396,-26.97],[-51.386,-26.973],[-51.381,-26.969],[-51.377,-26.974],[-51.382,-26.978],[-51.37,-26.984],[-51.366,-26.98],[-51.352,-26.981],[-51.353,-26.987],[-51.341,-26.997],[-51.35,-26.999],[-51.352,-27.003],[-51.338,-27.004],[-51.345,-27.015],[-51.334,-27.021],[-51.344,-27.03],[-51.344,-27.034],[-51.348,-27.035],[-51.342,-27.036],[-51.345,-27.04],[-51.389,-27.039],[-51.42,-27.039],[-51.462,-27.027],[-51.451,-27.019],[-51.455,-27.012],[-51.459,-27.011],[-51.465,-27.015],[-51.472,-27.013],[-51.5,-26.978],[-51.505,-26.972],[-51.507,-26.961],[-51.515,-26.962],[-51.525,-26.956],[-51.54,-26.939],[-51.532,-26.892],[-51.528,-26.877],[-51.524,-26.868],[-51.51,-26.838],[-51.508,-26.843],[-51.495,-26.845],[-51.488,-26.859],[-51.494,-26.866],[-51.487,-26.877],[-51.486,-26.892],[-51.479,-26.898],[-51.479,-26.924]]]}},{"type":"Feature","properties":{"id":"4218608","nome":"Trombudo Central"},"geometry":{"type":"Polygon","coordinates":[[[-49.778,-27.251],[-49.779,-27.261],[-49.768,-27.268],[-49.758,-27.269],[-49.754,-27.277],[-49.753,-27.278],[-49.753,-27.281],[-49.755,-27.279],[-49.76,-27.282],[-49.762,-27.288],[-49.758,-27.293],[-49.761,-27.296],[-49.759,-27.312],[-49.762,-27.328],[-49.771,-27.341],[-49.765,-27.347],[-49.762,-27.364],[-49.767,-27.374],[-49.778,-27.37],[-49.787,-27.362],[-49.808,-27.354],[-49.815,-27.355],[-49.824,-27.356],[-49.834,-27.347],[-49.842,-27.348],[-49.864,-27.378],[-49.871,-27.352],[-49.848,-27.327],[-49.852,-27.323],[-49.856,-27.32],[-49.862,-27.319],[-49.863,-27.315],[-49.869,-27.31],[-49.884,-27.305],[-49.862,-27.288],[-49.857,-27.278],[-49.846,-27.276],[-49.846,-27.275],[-49.829,-27.264],[-49.821,-27.266],[-49.809,-27.263],[-49.802,-27.249],[-49.792,-27.253],[-49.786,-27.247],[-49.778,-27.251]]]}},{"type":"Feature","properties":{"id":"4218707","nome":"Tubar\u00e3o"},"geometry":{"type":"Polygon","coordinates":[[[-49.075,-28.392],[-49.072,-28.397],[-49.068,-28.392],[-49.06,-28.393],[-49.058,-28.401],[-49.052,-28.403],[-49.023,-28.398],[-49.024,-28.404],[-49.02,-28.413],[-49.024,-28.416],[-49.018,-28.421],[-49.013,-28.425],[-48.987,-28.423],[-48.98,-28.422],[-48.968,-28.432],[-48.968,-28.441],[-48.973,-28.45],[-48.975,-28.457],[-48.979,-28.455],[-48.985,-28.458],[-48.984,-28.462],[-48.988,-28.462],[-48.985,-28.464],[-48.976,-28.462],[-48.975,-28.467],[-48.975,-28.472],[-48.97,-28.473],[-48.952,-28.487],[-48.947,-28.495],[-48.948,-28.502],[-48.941,-28.501],[-48.938,-28.508],[-48.922,-28.513],[-48.904,-28.529],[-48.902,-28.532],[-48.934,-28.58],[-48.944,-28.594],[-48.959,-28.581],[-48.962,-28.575],[-48.971,-28.572],[-48.964,-28.563],[-48.968,-28.555],[-48.974,-28.553],[-48.976,-28.558],[-48.985,-28.559],[-48.999,-28.555],[-49.002,-28.553],[-49.016,-28.534],[-49.026,-28.534],[-49.03,-28.549],[-49.045,-28.556],[-49.055,-28.556],[-49.068,-28.552],[-49.098,-28.528],[-49.108,-28.521],[-49.125,-28.508],[-49.133,-28.503],[-49.134,-28.498],[-49.143,-28.498],[-49.15,-28.502],[-49.166,-28.501],[-49.167,-28.506],[-49.176,-28.513],[-49.182,-28.508],[-49.184,-28.499],[-49.139,-28.472],[-49.123,-28.475],[-49.122,-28.46],[-49.125,-28.455],[-49.122,-28.449],[-49.113,-28.444],[-49.116,-28.436],[-49.118,-28.431],[-49.125,-28.42],[-49.132,-28.418],[-49.138,-28.414],[-49.138,-28.409],[-49.101,-28.362],[-49.082,-28.379],[-49.082,-28.383],[-49.077,-28.384],[-49.075,-28.392]]]}},{"type":"Feature","properties":{"id":"4218756","nome":"Tun\u00e1polis"},"geometry":{"type":"Polygon","coordinates":[[[-53.678,-26.944],[-53.673,-26.945],[-53.67,-26.942],[-53.637,-26.952],[-53.628,-26.95],[-53.583,-26.953],[-53.588,-26.965],[-53.578,-26.959],[-53.558,-26.966],[-53.553,-26.97],[-53.55,-26.98],[-53.555,-26.982],[-53.559,-26.992],[-53.569,-26.995],[-53.578,-27.005],[-53.586,-27.006],[-53.586,-27.01],[-53.597,-27.011],[-53.597,-27.016],[-53.604,-27.015],[-53.61,-27.025],[-53.619,-27.023],[-53.619,-27.018],[-53.622,-27.018],[-53.622,-27.033],[-53.637,-27.043],[-53.642,-27.039],[-53.644,-27.042],[-53.652,-27.035],[-53.666,-27.034],[-53.668,-27.036],[-53.674,-27.028],[-53.682,-27.03],[-53.684,-27.037],[-53.68,-27.044],[-53.69,-27.045],[-53.689,-27.041],[-53.694,-27.038],[-53.705,-27.015],[-53.7,-27.013],[-53.731,-27.004],[-53.742,-26.991],[-53.724,-26.993],[-53.716,-26.988],[-53.717,-26.984],[-53.736,-26.974],[-53.729,-26.971],[-53.725,-26.958],[-53.712,-26.964],[-53.704,-26.959],[-53.7,-26.952],[-53.709,-26.938],[-53.707,-26.932],[-53.678,-26.944]]]}},{"type":"Feature","properties":{"id":"4218806","nome":"Turvo"},"geometry":{"type":"Polygon","coordinates":[[[-49.678,-28.871],[-49.673,-28.874],[-49.67,-28.873],[-49.66,-28.885],[-49.657,-28.883],[-49.656,-28.886],[-49.65,-28.885],[-49.642,-28.886],[-49.64,-28.898],[-49.634,-28.899],[-49.626,-28.9],[-49.62,-28.906],[-49.613,-28.905],[-49.614,-28.909],[-49.609,-28.902],[-49.606,-28.907],[-49.604,-28.903],[-49.582,-28.906],[-49.579,-28.91],[-49.57,-28.904],[-49.562,-28.905],[-49.556,-28.9],[-49.543,-28.906],[-49.54,-28.917],[-49.535,-28.917],[-49.547,-28.925],[-49.557,-28.925],[-49.572,-28.923],[-49.576,-28.929],[-49.568,-28.929],[-49.571,-28.934],[-49.575,-28.936],[-49.58,-28.93],[-49.584,-28.938],[-49.59,-28.935],[-49.605,-28.943],[-49.607,-28.951],[-49.614,-28.95],[-49.62,-28.955],[-49.627,-28.955],[-49.635,-28.948],[-49.648,-28.959],[-49.639,-28.972],[-49.649,-28.972],[-49.654,-28.982],[-49.66,-28.981],[-49.671,-28.98],[-49.697,-28.965],[-49.706,-28.968],[-49.709,-28.965],[-49.719,-28.966],[-49.721,-28.962],[-49.728,-28.961],[-49.742,-28.96],[-49.739,-28.957],[-49.746,-28.956],[-49.748,-28.95],[-49.764,-28.947],[-49.768,-28.945],[-49.764,-28.941],[-49.77,-28.939],[-49.768,-28.927],[-49.762,-28.925],[-49.763,-28.921],[-49.764,-28.915],[-49.773,-28.914],[-49.779,-28.905],[-49.79,-28.905],[-49.792,-28.901],[-49.798,-28.901],[-49.808,-28.894],[-49.807,-28.888],[-49.813,-28.887],[-49.823,-28.891],[-49.83,-28.891],[-49.844,-28.881],[-49.852,-28.882],[-49.857,-28.886],[-49.865,-28.886],[-49.867,-28.88],[-49.791,-28.854],[-49.788,-28.852],[-49.772,-28.843],[-49.749,-28.83],[-49.746,-28.816],[-49.733,-28.803],[-49.727,-28.807],[-49.705,-28.841],[-49.703,-28.843],[-49.696,-28.844],[-49.684,-28.86],[-49.677,-28.862],[-49.681,-28.868],[-49.676,-28.869],[-49.678,-28.871]]]}},{"type":"Feature","properties":{"id":"4218855","nome":"Uni\u00e3o do Oeste"},"geometry":{"type":"Polygon","coordinates":[[[-52.817,-26.734],[-52.81,-26.747],[-52.803,-26.751],[-52.801,-26.771],[-52.802,-26.776],[-52.791,-26.789],[-52.794,-26.795],[-52.805,-26.795],[-52.806,-26.81],[-52.801,-26.818],[-52.806,-26.83],[-52.818,-26.833],[-52.834,-26.836],[-52.842,-26.824],[-52.847,-26.823],[-52.854,-26.81],[-52.865,-26.807],[-52.869,-26.801],[-52.877,-26.797],[-52.883,-26.804],[-52.891,-26.807],[-52.895,-26.823],[-52.902,-26.827],[-52.906,-26.827],[-52.908,-26.834],[-52.917,-26.839],[-52.919,-26.845],[-52.922,-26.837],[-52.929,-26.832],[-52.911,-26.822],[-52.904,-26.811],[-52.908,-26.811],[-52.915,-26.82],[-52.918,-26.814],[-52.918,-26.801],[-52.932,-26.802],[-52.943,-26.796],[-52.94,-26.793],[-52.928,-26.796],[-52.927,-26.786],[-52.942,-26.779],[-52.94,-26.775],[-52.932,-26.777],[-52.918,-26.782],[-52.912,-26.783],[-52.898,-26.769],[-52.876,-26.748],[-52.874,-26.74],[-52.869,-26.738],[-52.859,-26.746],[-52.846,-26.74],[-52.837,-26.743],[-52.823,-26.74],[-52.817,-26.734]]]}},{"type":"Feature","properties":{"id":"4218905","nome":"Urubici"},"geometry":{"type":"Polygon","coordinates":[[[-49.589,-27.899],[-49.583,-27.899],[-49.582,-27.899],[-49.555,-27.911],[-49.518,-27.914],[-49.493,-27.931],[-49.464,-27.928],[-49.461,-27.932],[-49.456,-27.931],[-49.447,-27.934],[-49.44,-27.943],[-49.434,-27.937],[-49.426,-27.935],[-49.422,-27.941],[-49.423,-27.947],[-49.417,-27.952],[-49.389,-27.945],[-49.38,-27.942],[-49.377,-27.935],[-49.368,-27.932],[-49.36,-27.923],[-49.348,-27.927],[-49.328,-27.923],[-49.323,-27.918],[-49.326,-27.911],[-49.318,-27.903],[-49.301,-27.9],[-49.3,-27.901],[-49.301,-27.909],[-49.305,-27.915],[-49.31,-27.933],[-49.308,-27.94],[-49.313,-27.956],[-49.308,-27.965],[-49.311,-27.97],[-49.318,-27.983],[-49.324,-27.983],[-49.34,-27.987],[-49.35,-27.998],[-49.348,-28.005],[-49.358,-28.02],[-49.355,-28.028],[-49.372,-28.045],[-49.367,-28.053],[-49.368,-28.061],[-49.389,-28.071],[-49.393,-28.067],[-49.395,-28.07],[-49.394,-28.073],[-49.398,-28.073],[-49.398,-28.08],[-49.404,-28.08],[-49.405,-28.088],[-49.4,-28.087],[-49.399,-28.098],[-49.389,-28.1],[-49.395,-28.106],[-49.394,-28.111],[-49.414,-28.113],[-49.428,-28.118],[-49.433,-28.114],[-49.442,-28.127],[-49.441,-28.132],[-49.461,-28.139],[-49.461,-28.135],[-49.477,-28.132],[-49.471,-28.127],[-49.474,-28.125],[-49.479,-28.118],[-49.494,-28.12],[-49.495,-28.125],[-49.5,-28.124],[-49.509,-28.127],[-49.533,-28.123],[-49.543,-28.125],[-49.551,-28.117],[-49.563,-28.115],[-49.565,-28.126],[-49.577,-28.132],[-49.573,-28.135],[-49.577,-28.149],[-49.585,-28.149],[-49.596,-28.159],[-49.605,-28.159],[-49.609,-28.163],[-49.615,-28.158],[-49.644,-28.164],[-49.644,-28.17],[-49.657,-28.178],[-49.659,-28.185],[-49.669,-28.184],[-49.666,-28.214],[-49.672,-28.23],[-49.682,-28.219],[-49.685,-28.212],[-49.697,-28.21],[-49.702,-28.2],[-49.717,-28.191],[-49.721,-28.183],[-49.727,-28.185],[-49.73,-28.181],[-49.735,-28.181],[-49.742,-28.176],[-49.747,-28.166],[-49.752,-28.164],[-49.757,-28.158],[-49.76,-28.152],[-49.777,-28.145],[-49.785,-28.128],[-49.79,-28.13],[-49.794,-28.126],[-49.793,-28.111],[-49.801,-28.11],[-49.803,-28.119],[-49.82,-28.115],[-49.828,-28.119],[-49.826,-28.11],[-49.853,-28.11],[-49.849,-28.103],[-49.847,-28.098],[-49.842,-28.097],[-49.838,-28.085],[-49.832,-28.087],[-49.822,-28.079],[-49.81,-28.055],[-49.794,-28.046],[-49.79,-28.047],[-49.785,-28.035],[-49.777,-28.033],[-49.771,-28.024],[-49.754,-28.033],[-49.745,-28.031],[-49.74,-28.028],[-49.733,-28.03],[-49.725,-28.024],[-49.716,-28.028],[-49.713,-28.01],[-49.711,-28.005],[-49.714,-27.976],[-49.713,-27.954],[-49.716,-27.951],[-49.712,-27.941],[-49.705,-27.924],[-49.7,-27.917],[-49.687,-27.917],[-49.652,-27.906],[-49.624,-27.905],[-49.622,-27.907],[-49.612,-27.9],[-49.607,-27.901],[-49.605,-27.904],[-49.593,-27.904],[-49.589,-27.899]]]}},{"type":"Feature","properties":{"id":"4218954","nome":"Urupema"},"geometry":{"type":"Polygon","coordinates":[[[-49.842,-27.96],[-49.821,-27.971],[-49.812,-27.964],[-49.808,-27.964],[-49.804,-27.977],[-49.794,-27.982],[-49.793,-27.993],[-49.786,-27.997],[-49.774,-27.997],[-49.764,-28.012],[-49.754,-28.026],[-49.745,-28.031],[-49.754,-28.033],[-49.771,-28.024],[-49.777,-28.033],[-49.785,-28.035],[-49.79,-28.047],[-49.794,-28.046],[-49.81,-28.055],[-49.822,-28.079],[-49.832,-28.087],[-49.838,-28.085],[-49.842,-28.097],[-49.847,-28.098],[-49.849,-28.103],[-49.863,-28.102],[-49.87,-28.097],[-49.878,-28.103],[-49.874,-28.11],[-49.881,-28.111],[-49.886,-28.098],[-49.895,-28.094],[-49.904,-28.097],[-49.903,-28.104],[-49.909,-28.104],[-49.904,-28.108],[-49.905,-28.111],[-49.916,-28.109],[-49.92,-28.099],[-49.926,-28.097],[-49.928,-28.099],[-49.931,-28.103],[-49.941,-28.099],[-49.942,-28.111],[-49.947,-28.109],[-49.954,-28.098],[-49.968,-28.098],[-49.974,-28.11],[-49.98,-28.096],[-49.984,-28.095],[-49.986,-28.102],[-49.99,-28.104],[-49.991,-28.103],[-50.001,-28.098],[-50.008,-28.104],[-50.012,-28.102],[-50.013,-28.099],[-50.004,-28.095],[-50.002,-28.091],[-50.008,-28.087],[-50.019,-28.092],[-50.024,-28.102],[-50.033,-28.097],[-50.034,-28.103],[-50.037,-28.103],[-50.04,-28.098],[-50.049,-28.098],[-50.055,-28.094],[-50.043,-28.088],[-50.053,-28.08],[-50.053,-28.077],[-50.044,-28.076],[-50.041,-28.067],[-50.029,-28.065],[-50.024,-28.071],[-50.015,-28.07],[-50.018,-28.06],[-50.011,-28.061],[-50.011,-28.057],[-50.018,-28.046],[-50.015,-28.043],[-50.008,-28.044],[-50.012,-28.034],[-49.998,-28.032],[-49.994,-28.028],[-50.002,-28.019],[-49.999,-28.003],[-49.988,-28.006],[-49.981,-27.997],[-49.966,-27.995],[-49.964,-27.989],[-49.969,-27.984],[-49.969,-27.977],[-49.96,-27.971],[-49.966,-27.964],[-49.963,-27.96],[-49.965,-27.955],[-49.943,-27.949],[-49.94,-27.945],[-49.934,-27.937],[-49.867,-27.91],[-49.856,-27.917],[-49.851,-27.93],[-49.842,-27.936],[-49.855,-27.95],[-49.851,-27.951],[-49.842,-27.96]]]}},{"type":"Feature","properties":{"id":"4219002","nome":"Urussanga"},"geometry":{"type":"Polygon","coordinates":[[[-49.289,-28.395],[-49.289,-28.401],[-49.291,-28.404],[-49.286,-28.403],[-49.289,-28.408],[-49.287,-28.413],[-49.26,-28.421],[-49.259,-28.417],[-49.246,-28.419],[-49.243,-28.413],[-49.238,-28.413],[-49.24,-28.418],[-49.237,-28.419],[-49.23,-28.416],[-49.224,-28.419],[-49.223,-28.423],[-49.214,-28.422],[-49.222,-28.43],[-49.221,-28.433],[-49.227,-28.435],[-49.227,-28.439],[-49.235,-28.448],[-49.235,-28.456],[-49.243,-28.455],[-49.245,-28.459],[-49.257,-28.463],[-49.258,-28.47],[-49.259,-28.475],[-49.281,-28.486],[-49.282,-28.493],[-49.29,-28.503],[-49.286,-28.514],[-49.292,-28.519],[-49.295,-28.525],[-49.29,-28.538],[-49.283,-28.543],[-49.282,-28.551],[-49.276,-28.558],[-49.264,-28.563],[-49.259,-28.571],[-49.259,-28.58],[-49.253,-28.587],[-49.26,-28.584],[-49.274,-28.586],[-49.279,-28.581],[-49.304,-28.574],[-49.31,-28.566],[-49.321,-28.565],[-49.335,-28.567],[-49.336,-28.564],[-49.352,-28.562],[-49.366,-28.574],[-49.386,-28.579],[-49.389,-28.567],[-49.39,-28.556],[-49.401,-28.546],[-49.402,-28.524],[-49.408,-28.525],[-49.41,-28.541],[-49.422,-28.541],[-49.422,-28.537],[-49.422,-28.529],[-49.421,-28.521],[-49.421,-28.509],[-49.426,-28.509],[-49.426,-28.49],[-49.427,-28.48],[-49.429,-28.459],[-49.412,-28.463],[-49.401,-28.46],[-49.398,-28.464],[-49.381,-28.456],[-49.373,-28.439],[-49.367,-28.436],[-49.365,-28.416],[-49.363,-28.412],[-49.353,-28.418],[-49.345,-28.416],[-49.339,-28.421],[-49.336,-28.417],[-49.327,-28.411],[-49.328,-28.406],[-49.322,-28.404],[-49.316,-28.406],[-49.311,-28.402],[-49.31,-28.407],[-49.304,-28.399],[-49.301,-28.403],[-49.293,-28.397],[-49.289,-28.395]]]}},{"type":"Feature","properties":{"id":"4219101","nome":"Varge\u00e3o"},"geometry":{"type":"Polygon","coordinates":[[[-52.086,-26.672],[-52.096,-26.678],[-52.086,-26.678],[-52.086,-26.687],[-52.071,-26.678],[-52.067,-26.679],[-52.07,-26.686],[-52.05,-26.686],[-52.058,-26.692],[-52.047,-26.695],[-52.052,-26.71],[-52.061,-26.72],[-52.058,-26.731],[-52.051,-26.735],[-52.048,-26.752],[-52.043,-26.755],[-52.044,-26.763],[-52.047,-26.765],[-52.038,-26.771],[-52.04,-26.775],[-52.053,-26.773],[-52.054,-26.776],[-52.069,-26.779],[-52.075,-26.783],[-52.086,-26.777],[-52.096,-26.781],[-52.102,-26.777],[-52.106,-26.782],[-52.109,-26.79],[-52.119,-26.788],[-52.134,-26.791],[-52.148,-26.803],[-52.14,-26.806],[-52.139,-26.822],[-52.142,-26.831],[-52.14,-26.84],[-52.136,-26.84],[-52.135,-26.853],[-52.115,-26.86],[-52.164,-26.886],[-52.141,-26.9],[-52.139,-26.906],[-52.144,-26.911],[-52.14,-26.919],[-52.145,-26.929],[-52.149,-26.93],[-52.154,-26.926],[-52.159,-26.918],[-52.163,-26.895],[-52.181,-26.881],[-52.193,-26.877],[-52.205,-26.867],[-52.195,-26.846],[-52.198,-26.843],[-52.184,-26.827],[-52.189,-26.824],[-52.19,-26.81],[-52.196,-26.799],[-52.199,-26.794],[-52.178,-26.792],[-52.181,-26.79],[-52.168,-26.778],[-52.158,-26.782],[-52.153,-26.783],[-52.146,-26.761],[-52.123,-26.725],[-52.131,-26.723],[-52.132,-26.705],[-52.144,-26.693],[-52.144,-26.684],[-52.149,-26.677],[-52.144,-26.672],[-52.133,-26.679],[-52.132,-26.687],[-52.122,-26.683],[-52.117,-26.681],[-52.117,-26.689],[-52.11,-26.689],[-52.108,-26.68],[-52.1,-26.681],[-52.101,-26.675],[-52.09,-26.669],[-52.086,-26.672]]]}},{"type":"Feature","properties":{"id":"4219150","nome":"Vargem"},"geometry":{"type":"Polygon","coordinates":[[[-50.931,-27.378],[-50.92,-27.381],[-50.906,-27.379],[-50.904,-27.385],[-50.908,-27.392],[-50.898,-27.4],[-50.902,-27.414],[-50.892,-27.417],[-50.892,-27.426],[-50.888,-27.428],[-50.882,-27.422],[-50.872,-27.434],[-50.851,-27.427],[-50.851,-27.436],[-50.841,-27.445],[-50.836,-27.441],[-50.842,-27.432],[-50.837,-27.429],[-50.832,-27.435],[-50.827,-27.433],[-50.82,-27.438],[-50.823,-27.451],[-50.833,-27.464],[-50.834,-27.474],[-50.827,-27.479],[-50.805,-27.483],[-50.802,-27.493],[-50.809,-27.497],[-50.826,-27.503],[-50.833,-27.516],[-50.85,-27.509],[-50.853,-27.519],[-50.866,-27.53],[-50.862,-27.538],[-50.864,-27.542],[-50.872,-27.543],[-50.886,-27.535],[-50.888,-27.547],[-50.898,-27.561],[-50.904,-27.552],[-50.903,-27.538],[-50.907,-27.533],[-50.914,-27.537],[-50.913,-27.556],[-50.916,-27.56],[-50.927,-27.559],[-50.948,-27.551],[-50.961,-27.554],[-50.969,-27.549],[-50.965,-27.539],[-50.969,-27.535],[-50.986,-27.53],[-50.99,-27.533],[-51.018,-27.531],[-51.031,-27.52],[-51.038,-27.504],[-51.072,-27.51],[-51.048,-27.493],[-51.057,-27.47],[-51.055,-27.463],[-51.066,-27.455],[-51.066,-27.44],[-51.071,-27.443],[-51.086,-27.44],[-51.098,-27.433],[-51.104,-27.423],[-51.098,-27.423],[-51.091,-27.415],[-51.08,-27.418],[-51.081,-27.414],[-51.069,-27.405],[-51.052,-27.401],[-51.048,-27.395],[-51.046,-27.391],[-51.043,-27.393],[-51.026,-27.389],[-51.018,-27.396],[-51.0,-27.394],[-50.992,-27.402],[-50.979,-27.398],[-50.972,-27.381],[-50.962,-27.379],[-50.959,-27.383],[-50.943,-27.388],[-50.931,-27.378]]]}},{"type":"Feature","properties":{"id":"4219176","nome":"Vargem Bonita"},"geometry":{"type":"Polygon","coordinates":[[[-51.768,-26.839],[-51.765,-26.844],[-51.758,-26.839],[-51.754,-26.841],[-51.758,-26.844],[-51.75,-26.847],[-51.749,-26.842],[-51.743,-26.848],[-51.739,-26.847],[-51.739,-26.852],[-51.731,-26.852],[-51.732,-26.85],[-51.728,-26.852],[-51.728,-26.846],[-51.723,-26.848],[-51.723,-26.853],[-51.708,-26.853],[-51.704,-26.857],[-51.696,-26.852],[-51.69,-26.858],[-51.695,-26.877],[-51.69,-26.887],[-51.674,-26.885],[-51.674,-26.901],[-51.672,-26.904],[-51.674,-26.913],[-51.686,-26.914],[-51.691,-26.931],[-51.673,-26.932],[-51.666,-26.927],[-51.653,-26.932],[-51.628,-26.935],[-51.622,-26.935],[-51.632,-26.943],[-51.649,-26.945],[-51.654,-26.955],[-51.68,-26.958],[-51.697,-26.986],[-51.684,-26.998],[-51.684,-27.008],[-51.701,-27.005],[-51.724,-27.028],[-51.725,-27.029],[-51.733,-27.04],[-51.74,-27.039],[-51.749,-27.046],[-51.757,-27.042],[-51.764,-27.043],[-51.758,-27.051],[-51.793,-27.05],[-51.792,-27.045],[-51.801,-27.04],[-51.809,-27.037],[-51.805,-27.033],[-51.813,-27.032],[-51.813,-27.025],[-51.821,-27.016],[-51.826,-27.015],[-51.84,-27.001],[-51.849,-26.991],[-51.862,-26.984],[-51.862,-26.977],[-51.853,-26.97],[-51.841,-26.965],[-51.818,-26.938],[-51.827,-26.923],[-51.824,-26.912],[-51.826,-26.907],[-51.82,-26.902],[-51.821,-26.884],[-51.813,-26.871],[-51.813,-26.854],[-51.807,-26.852],[-51.809,-26.856],[-51.803,-26.865],[-51.802,-26.859],[-51.795,-26.86],[-51.794,-26.854],[-51.782,-26.853],[-51.78,-26.857],[-51.771,-26.853],[-51.772,-26.843],[-51.768,-26.839]]]}},{"type":"Feature","properties":{"id":"4219200","nome":"Vidal Ramos"},"geometry":{"type":"Polygon","coordinates":[[[-49.221,-27.237],[-49.235,-27.253],[-49.235,-27.265],[-49.252,-27.284],[-49.26,-27.289],[-49.259,-27.294],[-49.263,-27.294],[-49.261,-27.296],[-49.248,-27.307],[-49.225,-27.312],[-49.225,-27.321],[-49.233,-27.327],[-49.246,-27.325],[-49.271,-27.332],[-49.279,-27.337],[-49.278,-27.345],[-49.293,-27.356],[-49.297,-27.36],[-49.295,-27.366],[-49.293,-27.373],[-49.304,-27.382],[-49.309,-27.393],[-49.308,-27.406],[-49.307,-27.417],[-49.296,-27.425],[-49.295,-27.43],[-49.293,-27.439],[-49.299,-27.45],[-49.293,-27.471],[-49.31,-27.504],[-49.323,-27.52],[-49.325,-27.533],[-49.318,-27.546],[-49.326,-27.558],[-49.318,-27.567],[-49.319,-27.572],[-49.325,-27.572],[-49.335,-27.558],[-49.349,-27.558],[-49.361,-27.551],[-49.362,-27.544],[-49.358,-27.536],[-49.362,-27.517],[-49.359,-27.512],[-49.352,-27.509],[-49.352,-27.502],[-49.358,-27.5],[-49.355,-27.49],[-49.346,-27.486],[-49.343,-27.475],[-49.348,-27.479],[-49.347,-27.473],[-49.352,-27.474],[-49.35,-27.47],[-49.359,-27.475],[-49.355,-27.467],[-49.357,-27.461],[-49.351,-27.449],[-49.349,-27.443],[-49.358,-27.449],[-49.361,-27.435],[-49.363,-27.449],[-49.368,-27.454],[-49.365,-27.462],[-49.369,-27.466],[-49.372,-27.456],[-49.373,-27.462],[-49.385,-27.473],[-49.382,-27.465],[-49.385,-27.465],[-49.381,-27.46],[-49.384,-27.456],[-49.383,-27.449],[-49.396,-27.458],[-49.405,-27.449],[-49.421,-27.459],[-49.425,-27.472],[-49.43,-27.451],[-49.441,-27.445],[-49.452,-27.443],[-49.459,-27.446],[-49.466,-27.443],[-49.465,-27.441],[-49.458,-27.429],[-49.469,-27.423],[-49.466,-27.414],[-49.463,-27.406],[-49.47,-27.4],[-49.466,-27.398],[-49.466,-27.387],[-49.471,-27.385],[-49.466,-27.377],[-49.469,-27.365],[-49.459,-27.357],[-49.454,-27.352],[-49.438,-27.348],[-49.414,-27.351],[-49.41,-27.352],[-49.41,-27.346],[-49.4,-27.342],[-49.4,-27.331],[-49.392,-27.326],[-49.371,-27.325],[-49.347,-27.313],[-49.328,-27.315],[-49.322,-27.322],[-49.317,-27.312],[-49.313,-27.314],[-49.319,-27.307],[-49.312,-27.298],[-49.311,-27.289],[-49.316,-27.285],[-49.31,-27.282],[-49.309,-27.272],[-49.303,-27.272],[-49.304,-27.268],[-49.299,-27.268],[-49.304,-27.258],[-49.301,-27.256],[-49.285,-27.261],[-49.284,-27.259],[-49.284,-27.258],[-49.274,-27.251],[-49.275,-27.245],[-49.269,-27.245],[-49.268,-27.249],[-49.254,-27.244],[-49.252,-27.243],[-49.252,-27.237],[-49.231,-27.23],[-49.222,-27.231],[-49.221,-27.237]]]}},{"type":"Feature","properties":{"id":"4219309","nome":"Videira"},"geometry":{"type":"Polygon","coordinates":[[[-51.18,-26.881],[-51.184,-26.886],[-51.18,-26.896],[-51.183,-26.9],[-51.177,-26.907],[-51.18,-26.915],[-51.164,-26.927],[-51.166,-26.935],[-51.161,-26.954],[-51.154,-26.958],[-51.144,-26.951],[-51.137,-26.958],[-51.139,-26.963],[-51.128,-26.961],[-51.122,-26.98],[-51.117,-26.984],[-51.071,-26.981],[-51.063,-26.984],[-51.063,-26.988],[-51.051,-26.991],[-51.046,-26.988],[-51.042,-26.991],[-51.035,-26.989],[-51.028,-26.991],[-51.026,-26.997],[-51.019,-27.0],[-51.017,-27.003],[-51.015,-27.004],[-51.016,-27.013],[-51.004,-27.036],[-50.978,-27.035],[-50.97,-27.041],[-50.969,-27.053],[-50.972,-27.062],[-50.971,-27.077],[-50.977,-27.086],[-50.978,-27.089],[-50.984,-27.089],[-50.987,-27.094],[-50.984,-27.097],[-50.987,-27.1],[-50.993,-27.098],[-50.996,-27.102],[-50.993,-27.108],[-51.013,-27.113],[-51.009,-27.118],[-51.018,-27.119],[-51.023,-27.126],[-51.033,-27.117],[-51.042,-27.12],[-51.043,-27.115],[-51.033,-27.109],[-51.039,-27.105],[-51.051,-27.106],[-51.05,-27.099],[-51.055,-27.096],[-51.057,-27.104],[-51.067,-27.107],[-51.063,-27.117],[-51.069,-27.116],[-51.07,-27.113],[-51.076,-27.111],[-51.077,-27.119],[-51.069,-27.119],[-51.069,-27.124],[-51.078,-27.123],[-51.083,-27.124],[-51.089,-27.115],[-51.099,-27.111],[-51.091,-27.105],[-51.086,-27.096],[-51.102,-27.101],[-51.106,-27.102],[-51.112,-27.097],[-51.121,-27.104],[-51.129,-27.098],[-51.129,-27.106],[-51.134,-27.109],[-51.129,-27.111],[-51.13,-27.113],[-51.142,-27.112],[-51.14,-27.106],[-51.142,-27.099],[-51.155,-27.087],[-51.148,-27.078],[-51.183,-27.033],[-51.195,-27.026],[-51.196,-27.029],[-51.201,-27.023],[-51.199,-27.019],[-51.196,-27.014],[-51.21,-26.993],[-51.215,-26.99],[-51.21,-26.983],[-51.216,-26.979],[-51.211,-26.973],[-51.219,-26.975],[-51.222,-26.972],[-51.216,-26.96],[-51.231,-26.954],[-51.232,-26.961],[-51.253,-26.961],[-51.252,-26.969],[-51.262,-26.968],[-51.264,-26.95],[-51.261,-26.941],[-51.264,-26.936],[-51.267,-26.925],[-51.275,-26.928],[-51.283,-26.921],[-51.281,-26.918],[-51.274,-26.918],[-51.269,-26.914],[-51.277,-26.906],[-51.277,-26.899],[-51.288,-26.894],[-51.276,-26.888],[-51.278,-26.884],[-51.286,-26.887],[-51.28,-26.878],[-51.284,-26.877],[-51.286,-26.873],[-51.246,-26.885],[-51.24,-26.876],[-51.228,-26.874],[-51.226,-26.867],[-51.22,-26.866],[-51.216,-26.856],[-51.199,-26.849],[-51.189,-26.852],[-51.193,-26.858],[-51.182,-26.864],[-51.178,-26.87],[-51.18,-26.881]]]}},{"type":"Feature","properties":{"id":"4219358","nome":"Vitor Meireles"},"geometry":{"type":"Polygon","coordinates":[[[-49.794,-26.739],[-49.792,-26.749],[-49.781,-26.751],[-49.775,-26.76],[-49.772,-26.771],[-49.772,-26.773],[-49.754,-26.776],[-49.75,-26.785],[-49.754,-26.794],[-49.744,-26.799],[-49.734,-26.818],[-49.714,-26.835],[-49.705,-26.847],[-49.708,-26.851],[-49.705,-26.858],[-49.705,-26.868],[-49.719,-26.859],[-49.746,-26.881],[-49.769,-26.889],[-49.78,-26.893],[-49.782,-26.885],[-49.789,-26.891],[-49.805,-26.891],[-49.805,-26.897],[-49.811,-26.893],[-49.814,-26.895],[-49.814,-26.892],[-49.817,-26.897],[-49.821,-26.894],[-49.827,-26.899],[-49.832,-26.897],[-49.835,-26.902],[-49.84,-26.9],[-49.843,-26.908],[-49.847,-26.903],[-49.848,-26.907],[-49.861,-26.91],[-49.863,-26.906],[-49.868,-26.906],[-49.87,-26.916],[-49.878,-26.916],[-49.88,-26.909],[-49.887,-26.906],[-49.893,-26.913],[-49.923,-26.912],[-49.933,-26.925],[-49.949,-26.928],[-49.958,-26.919],[-49.95,-26.905],[-49.954,-26.901],[-49.958,-26.906],[-49.962,-26.901],[-49.958,-26.896],[-49.963,-26.878],[-49.968,-26.868],[-49.958,-26.859],[-49.956,-26.846],[-49.953,-26.844],[-49.952,-26.822],[-49.947,-26.815],[-49.949,-26.808],[-49.946,-26.806],[-49.936,-26.796],[-49.929,-26.797],[-49.929,-26.789],[-49.922,-26.788],[-49.917,-26.791],[-49.913,-26.783],[-49.907,-26.787],[-49.906,-26.779],[-49.901,-26.776],[-49.903,-26.773],[-49.89,-26.754],[-49.89,-26.741],[-49.886,-26.743],[-49.88,-26.732],[-49.875,-26.732],[-49.847,-26.711],[-49.835,-26.704],[-49.829,-26.706],[-49.825,-26.708],[-49.813,-26.711],[-49.807,-26.716],[-49.804,-26.727],[-49.794,-26.739]]]}},{"type":"Feature","properties":{"id":"4219408","nome":"Witmarsum"},"geometry":{"type":"Polygon","coordinates":[[[-49.782,-26.885],[-49.78,-26.893],[-49.769,-26.889],[-49.77,-26.893],[-49.76,-26.903],[-49.738,-26.912],[-49.725,-26.911],[-49.723,-26.917],[-49.709,-26.918],[-49.714,-26.938],[-49.722,-26.947],[-49.729,-26.959],[-49.741,-26.959],[-49.746,-26.956],[-49.753,-26.96],[-49.757,-26.958],[-49.764,-26.966],[-49.775,-26.962],[-49.77,-26.958],[-49.771,-26.952],[-49.783,-26.96],[-49.789,-26.957],[-49.791,-26.954],[-49.794,-26.955],[-49.787,-26.942],[-49.791,-26.94],[-49.803,-26.952],[-49.802,-26.959],[-49.822,-26.953],[-49.817,-26.951],[-49.814,-26.943],[-49.824,-26.946],[-49.828,-26.943],[-49.832,-26.948],[-49.838,-26.946],[-49.839,-26.96],[-49.847,-26.959],[-49.844,-26.953],[-49.847,-26.947],[-49.855,-26.951],[-49.86,-26.948],[-49.861,-26.973],[-49.867,-26.967],[-49.87,-26.951],[-49.872,-26.949],[-49.88,-26.956],[-49.882,-26.953],[-49.885,-26.96],[-49.88,-26.984],[-49.89,-26.977],[-49.887,-26.972],[-49.892,-26.961],[-49.898,-26.961],[-49.9,-26.969],[-49.903,-26.961],[-49.908,-26.965],[-49.91,-26.962],[-49.912,-26.969],[-49.91,-26.986],[-49.915,-26.994],[-49.898,-26.993],[-49.896,-26.997],[-49.897,-26.999],[-49.915,-27.0],[-49.946,-26.996],[-49.946,-26.988],[-49.959,-26.96],[-49.955,-26.946],[-49.957,-26.942],[-49.955,-26.931],[-49.949,-26.928],[-49.933,-26.925],[-49.923,-26.912],[-49.893,-26.913],[-49.887,-26.906],[-49.88,-26.909],[-49.878,-26.916],[-49.87,-26.916],[-49.868,-26.906],[-49.863,-26.906],[-49.861,-26.91],[-49.848,-26.907],[-49.847,-26.903],[-49.843,-26.908],[-49.84,-26.9],[-49.835,-26.902],[-49.832,-26.897],[-49.827,-26.899],[-49.821,-26.894],[-49.817,-26.897],[-49.814,-26.892],[-49.814,-26.895],[-49.811,-26.893],[-49.805,-26.897],[-49.805,-26.891],[-49.789,-26.891],[-49.782,-26.885]]]}},{"type":"Feature","properties":{"id":"4219507","nome":"Xanxer\u00ea"},"geometry":{"type":"Polygon","coordinates":[[[-52.431,-26.752],[-52.435,-26.762],[-52.429,-26.767],[-52.44,-26.771],[-52.428,-26.78],[-52.421,-26.781],[-52.421,-26.793],[-52.416,-26.794],[-52.409,-26.79],[-52.408,-26.783],[-52.391,-26.784],[-52.37,-26.794],[-52.363,-26.786],[-52.355,-26.785],[-52.354,-26.787],[-52.345,-26.789],[-52.339,-26.795],[-52.337,-26.809],[-52.33,-26.809],[-52.326,-26.812],[-52.329,-26.815],[-52.325,-26.817],[-52.327,-26.82],[-52.322,-26.833],[-52.307,-26.846],[-52.314,-26.866],[-52.311,-26.87],[-52.294,-26.887],[-52.308,-26.901],[-52.31,-26.912],[-52.316,-26.921],[-52.314,-26.932],[-52.321,-26.943],[-52.328,-26.946],[-52.338,-26.945],[-52.339,-26.943],[-52.35,-26.944],[-52.355,-26.943],[-52.348,-26.951],[-52.351,-26.958],[-52.345,-26.959],[-52.352,-26.97],[-52.367,-26.97],[-52.37,-26.968],[-52.376,-26.973],[-52.375,-26.984],[-52.383,-26.977],[-52.395,-26.988],[-52.394,-26.998],[-52.398,-26.998],[-52.404,-26.989],[-52.419,-27.006],[-52.428,-27.013],[-52.442,-26.992],[-52.453,-26.995],[-52.453,-26.994],[-52.456,-26.975],[-52.453,-26.972],[-52.461,-26.965],[-52.458,-26.954],[-52.468,-26.944],[-52.47,-26.931],[-52.48,-26.922],[-52.479,-26.915],[-52.479,-26.912],[-52.48,-26.899],[-52.476,-26.89],[-52.467,-26.892],[-52.472,-26.857],[-52.473,-26.851],[-52.479,-26.845],[-52.499,-26.842],[-52.528,-26.83],[-52.529,-26.824],[-52.534,-26.808],[-52.507,-26.795],[-52.51,-26.789],[-52.522,-26.789],[-52.521,-26.775],[-52.513,-26.776],[-52.503,-26.789],[-52.499,-26.789],[-52.502,-26.776],[-52.492,-26.77],[-52.499,-26.754],[-52.489,-26.763],[-52.478,-26.76],[-52.467,-26.766],[-52.467,-26.761],[-52.464,-26.758],[-52.461,-26.751],[-52.454,-26.755],[-52.442,-26.749],[-52.431,-26.752]]]}},{"type":"Feature","properties":{"id":"4219606","nome":"Xavantina"},"geometry":{"type":"Polygon","coordinates":[[[-52.243,-26.946],[-52.242,-26.954],[-52.234,-26.948],[-52.241,-26.99],[-52.246,-27.024],[-52.249,-27.038],[-52.251,-27.069],[-52.258,-27.069],[-52.258,-27.076],[-52.27,-27.078],[-52.295,-27.078],[-52.295,-27.087],[-52.308,-27.087],[-52.308,-27.092],[-52.329,-27.09],[-52.33,-27.089],[-52.379,-27.085],[-52.379,-27.089],[-52.39,-27.09],[-52.4,-27.091],[-52.401,-27.074],[-52.402,-27.036],[-52.413,-27.036],[-52.414,-27.019],[-52.414,-27.008],[-52.419,-27.006],[-52.404,-26.989],[-52.398,-26.998],[-52.394,-26.998],[-52.395,-26.988],[-52.383,-26.977],[-52.375,-26.984],[-52.376,-26.973],[-52.37,-26.968],[-52.367,-26.97],[-52.352,-26.97],[-52.345,-26.959],[-52.351,-26.958],[-52.348,-26.951],[-52.355,-26.943],[-52.35,-26.944],[-52.339,-26.943],[-52.338,-26.945],[-52.336,-26.952],[-52.34,-26.957],[-52.34,-26.965],[-52.33,-26.965],[-52.315,-26.976],[-52.312,-26.975],[-52.313,-26.96],[-52.309,-26.954],[-52.299,-26.956],[-52.3,-26.96],[-52.297,-26.962],[-52.286,-26.959],[-52.287,-26.95],[-52.281,-26.947],[-52.266,-26.96],[-52.26,-26.947],[-52.265,-26.945],[-52.261,-26.94],[-52.254,-26.939],[-52.25,-26.942],[-52.243,-26.946]]]}},{"type":"Feature","properties":{"id":"4219705","nome":"Xaxim"},"geometry":{"type":"Polygon","coordinates":[[[-52.472,-26.857],[-52.467,-26.892],[-52.476,-26.89],[-52.48,-26.899],[-52.479,-26.912],[-52.479,-26.915],[-52.48,-26.922],[-52.47,-26.931],[-52.468,-26.944],[-52.458,-26.954],[-52.461,-26.965],[-52.453,-26.972],[-52.456,-26.975],[-52.453,-26.994],[-52.453,-26.995],[-52.464,-27.006],[-52.466,-27.014],[-52.463,-27.025],[-52.449,-27.03],[-52.447,-27.025],[-52.436,-27.031],[-52.449,-27.037],[-52.444,-27.053],[-52.449,-27.056],[-52.452,-27.058],[-52.459,-27.044],[-52.472,-27.041],[-52.479,-27.048],[-52.473,-27.05],[-52.461,-27.075],[-52.459,-27.078],[-52.469,-27.079],[-52.474,-27.073],[-52.479,-27.074],[-52.485,-27.078],[-52.488,-27.09],[-52.5,-27.089],[-52.509,-27.093],[-52.516,-27.094],[-52.518,-27.088],[-52.514,-27.084],[-52.525,-27.08],[-52.532,-27.08],[-52.537,-27.073],[-52.539,-27.078],[-52.541,-27.076],[-52.545,-27.069],[-52.553,-27.07],[-52.563,-27.059],[-52.555,-27.059],[-52.56,-27.052],[-52.572,-27.051],[-52.572,-27.048],[-52.572,-27.041],[-52.586,-27.034],[-52.589,-27.028],[-52.585,-26.973],[-52.593,-26.981],[-52.591,-26.962],[-52.598,-26.957],[-52.615,-26.933],[-52.621,-26.925],[-52.632,-26.921],[-52.618,-26.908],[-52.63,-26.896],[-52.626,-26.888],[-52.636,-26.879],[-52.623,-26.873],[-52.621,-26.865],[-52.608,-26.885],[-52.588,-26.894],[-52.578,-26.891],[-52.572,-26.889],[-52.557,-26.885],[-52.553,-26.875],[-52.541,-26.874],[-52.538,-26.878],[-52.534,-26.875],[-52.528,-26.878],[-52.511,-26.868],[-52.505,-26.869],[-52.48,-26.856],[-52.472,-26.857]]]}},{"type":"Feature","properties":{"id":"4219853","nome":"Zort\u00e9a"},"geometry":{"type":"Polygon","coordinates":[[[-51.496,-27.392],[-51.479,-27.398],[-51.468,-27.389],[-51.462,-27.4],[-51.469,-27.406],[-51.468,-27.42],[-51.472,-27.423],[-51.47,-27.43],[-51.463,-27.434],[-51.461,-27.427],[-51.446,-27.421],[-51.449,-27.427],[-51.44,-27.437],[-51.447,-27.464],[-51.46,-27.465],[-51.466,-27.473],[-51.468,-27.482],[-51.498,-27.484],[-51.497,-27.493],[-51.493,-27.497],[-51.501,-27.499],[-51.501,-27.51],[-51.506,-27.51],[-51.507,-27.53],[-51.522,-27.526],[-51.522,-27.535],[-51.527,-27.539],[-51.534,-27.538],[-51.533,-27.546],[-51.537,-27.545],[-51.549,-27.56],[-51.555,-27.567],[-51.558,-27.581],[-51.56,-27.583],[-51.568,-27.584],[-51.578,-27.577],[-51.585,-27.569],[-51.586,-27.563],[-51.577,-27.53],[-51.582,-27.523],[-51.594,-27.525],[-51.607,-27.541],[-51.618,-27.546],[-51.626,-27.545],[-51.631,-27.531],[-51.619,-27.5],[-51.622,-27.494],[-51.632,-27.488],[-51.634,-27.481],[-51.628,-27.478],[-51.626,-27.48],[-51.619,-27.479],[-51.617,-27.484],[-51.613,-27.482],[-51.61,-27.489],[-51.6,-27.487],[-51.591,-27.474],[-51.582,-27.476],[-51.573,-27.463],[-51.564,-27.462],[-51.557,-27.454],[-51.557,-27.453],[-51.555,-27.444],[-51.558,-27.437],[-51.552,-27.43],[-51.553,-27.4],[-51.544,-27.394],[-51.534,-27.394],[-51.531,-27.389],[-51.496,-27.392]]]}}]}