{"type":"FeatureCollection","features":[{"type":"Feature","properties":{"id":"1700251","nome":"Abreul\u00e2ndia"},"geometry":{"type":"Polygon","coordinates":[[[-49.689,-9.174],[-49.683,-9.183],[-49.68,-9.18],[-49.675,-9.182],[-49.673,-9.189],[-49.662,-9.199],[-49.661,-9.205],[-49.651,-9.211],[-49.639,-9.211],[-49.619,-9.222],[-49.611,-9.231],[-49.599,-9.259],[-49.572,-9.263],[-49.55,-9.274],[-49.54,-9.271],[-49.535,-9.26],[-49.523,-9.257],[-49.499,-9.266],[-49.496,-9.269],[-49.46,-9.278],[-49.451,-9.24],[-49.436,-9.23],[-49.429,-9.213],[-49.4,-9.185],[-49.395,-9.172],[-49.399,-9.165],[-49.394,-9.161],[-49.388,-9.169],[-49.391,-9.174],[-49.383,-9.178],[-49.38,-9.185],[-49.375,-9.187],[-49.377,-9.195],[-49.372,-9.195],[-49.37,-9.198],[-49.372,-9.203],[-49.368,-9.207],[-49.37,-9.209],[-49.367,-9.21],[-49.37,-9.213],[-49.367,-9.223],[-49.362,-9.226],[-49.364,-9.233],[-49.36,-9.235],[-49.36,-9.239],[-49.364,-9.239],[-49.366,-9.243],[-49.363,-9.245],[-49.364,-9.249],[-49.359,-9.253],[-49.352,-9.253],[-49.35,-9.263],[-49.337,-9.265],[-49.336,-9.271],[-49.333,-9.27],[-49.33,-9.276],[-49.332,-9.279],[-49.324,-9.286],[-49.327,-9.289],[-49.327,-9.293],[-49.323,-9.294],[-49.325,-9.297],[-49.318,-9.301],[-49.317,-9.308],[-49.311,-9.309],[-49.309,-9.315],[-49.311,-9.316],[-49.3,-9.316],[-49.29,-9.323],[-49.291,-9.328],[-49.279,-9.333],[-49.268,-9.35],[-49.266,-9.362],[-49.27,-9.364],[-49.267,-9.368],[-49.269,-9.374],[-49.263,-9.385],[-49.264,-9.393],[-49.268,-9.395],[-49.264,-9.403],[-49.265,-9.412],[-49.255,-9.42],[-49.254,-9.433],[-49.248,-9.438],[-49.249,-9.447],[-49.246,-9.451],[-49.25,-9.458],[-49.243,-9.456],[-49.234,-9.462],[-49.232,-9.475],[-49.22,-9.487],[-49.22,-9.49],[-49.225,-9.49],[-49.223,-9.494],[-49.217,-9.495],[-49.216,-9.492],[-49.207,-9.491],[-49.202,-9.493],[-49.198,-9.501],[-49.192,-9.502],[-49.19,-9.51],[-49.182,-9.517],[-49.182,-9.526],[-49.176,-9.543],[-49.159,-9.549],[-49.163,-9.557],[-49.161,-9.56],[-49.149,-9.57],[-49.142,-9.57],[-49.131,-9.563],[-49.12,-9.563],[-49.116,-9.569],[-49.108,-9.565],[-49.101,-9.566],[-49.095,-9.573],[-49.086,-9.565],[-49.077,-9.568],[-49.071,-9.573],[-49.046,-9.574],[-49.035,-9.589],[-49.018,-9.589],[-49.01,-9.583],[-48.996,-9.588],[-48.991,-9.598],[-48.979,-9.596],[-48.971,-9.597],[-48.967,-9.614],[-48.956,-9.624],[-48.957,-9.632],[-48.953,-9.641],[-48.955,-9.647],[-48.95,-9.65],[-48.945,-9.645],[-48.94,-9.646],[-48.938,-9.65],[-48.941,-9.656],[-48.929,-9.661],[-48.926,-9.659],[-48.923,-9.662],[-48.921,-9.653],[-48.915,-9.658],[-48.905,-9.656],[-48.901,-9.661],[-48.907,-9.665],[-48.907,-9.675],[-48.899,-9.678],[-48.885,-9.672],[-48.878,-9.68],[-48.875,-9.68],[-48.878,-9.685],[-48.886,-9.686],[-48.89,-9.698],[-48.889,-9.707],[-48.877,-9.713],[-48.869,-9.733],[-48.868,-9.75],[-48.883,-9.762],[-48.886,-9.772],[-48.909,-9.735],[-48.918,-9.729],[-48.92,-9.733],[-48.925,-9.731],[-48.935,-9.734],[-48.94,-9.718],[-48.967,-9.719],[-48.975,-9.712],[-48.999,-9.717],[-49.003,-9.722],[-49.022,-9.728],[-49.037,-9.728],[-49.046,-9.724],[-49.071,-9.722],[-49.11,-9.727],[-49.12,-9.733],[-49.152,-9.737],[-49.166,-9.743],[-49.171,-9.741],[-49.171,-9.736],[-49.176,-9.73],[-49.182,-9.733],[-49.187,-9.728],[-49.2,-9.728],[-49.212,-9.724],[-49.23,-9.712],[-49.242,-9.713],[-49.25,-9.718],[-49.257,-9.71],[-49.265,-9.709],[-49.269,-9.699],[-49.298,-9.672],[-49.3,-9.657],[-49.309,-9.651],[-49.308,-9.639],[-49.315,-9.623],[-49.319,-9.624],[-49.326,-9.611],[-49.333,-9.61],[-49.337,-9.606],[-49.341,-9.594],[-49.357,-9.58],[-49.356,-9.576],[-49.363,-9.576],[-49.368,-9.568],[-49.382,-9.559],[-49.387,-9.559],[-49.393,-9.548],[-49.4,-9.547],[-49.4,-9.543],[-49.406,-9.54],[-49.408,-9.534],[-49.406,-9.531],[-49.411,-9.522],[-49.416,-9.523],[-49.421,-9.519],[-49.424,-9.516],[-49.425,-9.498],[-49.433,-9.479],[-49.454,-9.458],[-49.463,-9.441],[-49.473,-9.441],[-49.489,-9.426],[-49.498,-9.426],[-49.516,-9.414],[-49.534,-9.414],[-49.539,-9.407],[-49.552,-9.409],[-49.566,-9.401],[-49.564,-9.385],[-49.569,-9.375],[-49.566,-9.364],[-49.572,-9.354],[-49.578,-9.351],[-49.577,-9.345],[-49.586,-9.325],[-49.597,-9.315],[-49.611,-9.314],[-49.623,-9.308],[-49.628,-9.308],[-49.63,-9.314],[-49.64,-9.314],[-49.644,-9.317],[-49.661,-9.315],[-49.671,-9.323],[-49.673,-9.321],[-49.684,-9.323],[-49.686,-9.326],[-49.697,-9.325],[-49.708,-9.341],[-49.715,-9.341],[-49.721,-9.348],[-49.731,-9.348],[-49.724,-9.324],[-49.717,-9.312],[-49.724,-9.311],[-49.723,-9.302],[-49.709,-9.298],[-49.707,-9.294],[-49.722,-9.283],[-49.725,-9.269],[-49.715,-9.261],[-49.713,-9.252],[-49.706,-9.242],[-49.704,-9.232],[-49.712,-9.228],[-49.715,-9.22],[-49.702,-9.211],[-49.701,-9.199],[-49.72,-9.185],[-49.71,-9.174],[-49.704,-9.171],[-49.706,-9.167],[-49.704,-9.163],[-49.7,-9.169],[-49.689,-9.174]]]}},{"type":"Feature","properties":{"id":"1700301","nome":"Aguiarn\u00f3polis"},"geometry":{"type":"Polygon","coordinates":[[[-47.576,-6.414],[-47.542,-6.437],[-47.527,-6.43],[-47.494,-6.434],[-47.466,-6.451],[-47.456,-6.447],[-47.439,-6.427],[-47.431,-6.425],[-47.434,-6.431],[-47.416,-6.483],[-47.425,-6.497],[-47.434,-6.504],[-47.456,-6.538],[-47.458,-6.549],[-47.46,-6.559],[-47.461,-6.562],[-47.464,-6.585],[-47.48,-6.588],[-47.505,-6.572],[-47.507,-6.56],[-47.577,-6.5],[-47.578,-6.499],[-47.6,-6.48],[-47.635,-6.45],[-47.631,-6.443],[-47.622,-6.443],[-47.621,-6.43],[-47.618,-6.434],[-47.604,-6.433],[-47.584,-6.415],[-47.576,-6.414]]]}},{"type":"Feature","properties":{"id":"1700350","nome":"Alian\u00e7a do Tocantins"},"geometry":{"type":"Polygon","coordinates":[[[-48.696,-11.175],[-48.688,-11.19],[-48.674,-11.184],[-48.663,-11.186],[-48.656,-11.182],[-48.645,-11.188],[-48.651,-11.199],[-48.645,-11.215],[-48.647,-11.226],[-48.636,-11.262],[-48.63,-11.267],[-48.629,-11.278],[-48.601,-11.276],[-48.601,-11.283],[-48.597,-11.286],[-48.592,-11.285],[-48.583,-11.303],[-48.57,-11.307],[-48.566,-11.313],[-48.566,-11.326],[-48.548,-11.349],[-48.548,-11.37],[-48.542,-11.383],[-48.568,-11.395],[-48.583,-11.391],[-48.606,-11.378],[-48.608,-11.382],[-48.624,-11.387],[-48.627,-11.391],[-48.635,-11.391],[-48.657,-11.379],[-48.662,-11.385],[-48.686,-11.384],[-48.701,-11.388],[-48.704,-11.378],[-48.728,-11.357],[-48.741,-11.357],[-48.747,-11.354],[-48.766,-11.368],[-48.774,-11.393],[-48.774,-11.405],[-48.784,-11.418],[-48.779,-11.427],[-48.785,-11.436],[-48.786,-11.447],[-48.8,-11.454],[-48.812,-11.461],[-48.83,-11.462],[-48.838,-11.468],[-48.858,-11.469],[-48.867,-11.485],[-48.874,-11.489],[-48.873,-11.493],[-48.882,-11.518],[-48.879,-11.526],[-48.882,-11.542],[-48.892,-11.552],[-48.907,-11.555],[-48.925,-11.534],[-48.934,-11.532],[-48.936,-11.526],[-48.95,-11.518],[-48.994,-11.487],[-48.995,-11.48],[-49.007,-11.471],[-49.012,-11.451],[-49.024,-11.443],[-49.035,-11.44],[-49.045,-11.429],[-49.052,-11.428],[-49.055,-11.415],[-49.064,-11.412],[-49.073,-11.397],[-49.082,-11.399],[-49.093,-11.395],[-49.098,-11.399],[-49.11,-11.399],[-49.116,-11.393],[-49.114,-11.39],[-49.116,-11.384],[-49.113,-11.381],[-49.124,-11.366],[-49.133,-11.349],[-49.138,-11.348],[-49.137,-11.343],[-49.141,-11.336],[-49.149,-11.329],[-49.162,-11.325],[-49.173,-11.333],[-49.18,-11.327],[-49.187,-11.329],[-49.205,-11.346],[-49.215,-11.339],[-49.218,-11.329],[-49.225,-11.325],[-49.233,-11.325],[-49.233,-11.328],[-49.246,-11.336],[-49.249,-11.333],[-49.249,-11.328],[-49.256,-11.322],[-49.261,-11.325],[-49.271,-11.322],[-49.263,-11.306],[-49.275,-11.296],[-49.28,-11.298],[-49.286,-11.295],[-49.296,-11.295],[-49.303,-11.275],[-49.311,-11.273],[-49.315,-11.262],[-49.326,-11.258],[-49.33,-11.251],[-49.323,-11.242],[-49.314,-11.242],[-49.297,-11.231],[-49.281,-11.239],[-49.272,-11.24],[-49.259,-11.233],[-49.241,-11.237],[-49.223,-11.226],[-49.21,-11.233],[-49.205,-11.225],[-49.193,-11.223],[-49.19,-11.21],[-49.183,-11.206],[-49.18,-11.19],[-49.175,-11.188],[-49.174,-11.207],[-49.154,-11.227],[-49.119,-11.238],[-49.093,-11.244],[-49.072,-11.253],[-48.985,-11.244],[-48.963,-11.25],[-48.941,-11.234],[-48.934,-11.235],[-48.928,-11.231],[-48.924,-11.217],[-48.922,-11.217],[-48.912,-11.251],[-48.9,-11.252],[-48.895,-11.256],[-48.878,-11.247],[-48.868,-11.236],[-48.857,-11.233],[-48.839,-11.241],[-48.821,-11.236],[-48.811,-11.227],[-48.801,-11.213],[-48.785,-11.211],[-48.758,-11.198],[-48.739,-11.201],[-48.729,-11.198],[-48.718,-11.177],[-48.717,-11.164],[-48.712,-11.17],[-48.696,-11.175]]]}},{"type":"Feature","properties":{"id":"1700400","nome":"Almas"},"geometry":{"type":"Polygon","coordinates":[[[-47.265,-10.978],[-47.262,-10.988],[-47.259,-10.989],[-47.256,-11.004],[-47.251,-10.995],[-47.246,-10.997],[-47.24,-11.006],[-47.231,-11.009],[-47.221,-11.008],[-47.221,-11.025],[-47.213,-11.023],[-47.2,-11.03],[-47.195,-11.027],[-47.19,-11.037],[-47.193,-11.039],[-47.184,-11.036],[-47.181,-11.04],[-47.174,-11.04],[-47.169,-11.045],[-47.16,-11.044],[-47.155,-11.051],[-47.158,-11.059],[-47.154,-11.06],[-47.15,-11.067],[-47.147,-11.066],[-47.147,-11.073],[-47.142,-11.086],[-47.125,-11.106],[-47.122,-11.104],[-47.107,-11.105],[-47.104,-11.113],[-47.094,-11.118],[-47.091,-11.124],[-47.072,-11.131],[-47.067,-11.138],[-47.064,-11.133],[-47.054,-11.134],[-47.038,-11.154],[-47.021,-11.161],[-47.02,-11.162],[-47.007,-11.155],[-47.001,-11.163],[-46.983,-11.164],[-46.971,-11.153],[-46.963,-11.155],[-46.951,-11.146],[-46.942,-11.144],[-46.939,-11.139],[-46.934,-11.14],[-46.928,-11.132],[-46.921,-11.134],[-46.908,-11.123],[-46.889,-11.119],[-46.882,-11.122],[-46.864,-11.11],[-46.853,-11.112],[-46.844,-11.098],[-46.836,-11.096],[-46.833,-11.091],[-46.812,-11.097],[-46.795,-11.091],[-46.79,-11.098],[-46.782,-11.097],[-46.781,-11.102],[-46.764,-11.099],[-46.758,-11.103],[-46.744,-11.123],[-46.716,-11.123],[-46.703,-11.129],[-46.697,-11.137],[-46.711,-11.201],[-46.72,-11.203],[-46.728,-11.195],[-46.743,-11.196],[-46.757,-11.217],[-46.774,-11.22],[-46.787,-11.216],[-46.793,-11.225],[-46.809,-11.235],[-46.812,-11.256],[-46.817,-11.263],[-46.888,-11.299],[-46.899,-11.317],[-46.902,-11.331],[-46.903,-11.332],[-46.912,-11.337],[-46.922,-11.35],[-46.925,-11.346],[-46.95,-11.344],[-46.96,-11.352],[-46.962,-11.359],[-46.967,-11.36],[-46.964,-11.38],[-46.975,-11.39],[-46.978,-11.397],[-47.01,-11.368],[-47.014,-11.362],[-47.018,-11.361],[-47.019,-11.354],[-47.034,-11.355],[-47.039,-11.353],[-47.047,-11.36],[-47.051,-11.356],[-47.064,-11.357],[-47.076,-11.364],[-47.091,-11.363],[-47.096,-11.368],[-47.11,-11.374],[-47.121,-11.372],[-47.116,-11.384],[-47.103,-11.389],[-47.099,-11.384],[-47.097,-11.386],[-47.086,-11.405],[-47.08,-11.423],[-47.082,-11.429],[-47.089,-11.433],[-47.084,-11.438],[-47.108,-11.445],[-47.119,-11.451],[-47.121,-11.468],[-47.126,-11.473],[-47.113,-11.468],[-47.104,-11.471],[-47.089,-11.495],[-47.091,-11.514],[-47.084,-11.522],[-47.082,-11.533],[-47.145,-11.614],[-47.148,-11.618],[-47.144,-11.62],[-47.144,-11.628],[-47.152,-11.653],[-47.145,-11.67],[-47.151,-11.684],[-47.14,-11.689],[-47.133,-11.705],[-47.146,-11.719],[-47.154,-11.734],[-47.153,-11.748],[-47.156,-11.758],[-47.161,-11.757],[-47.167,-11.761],[-47.178,-11.772],[-47.177,-11.788],[-47.188,-11.793],[-47.18,-11.803],[-47.182,-11.815],[-47.176,-11.821],[-47.188,-11.825],[-47.195,-11.832],[-47.199,-11.831],[-47.209,-11.845],[-47.209,-11.85],[-47.212,-11.846],[-47.223,-11.847],[-47.231,-11.838],[-47.249,-11.852],[-47.251,-11.848],[-47.258,-11.851],[-47.269,-11.848],[-47.281,-11.861],[-47.284,-11.869],[-47.29,-11.87],[-47.297,-11.88],[-47.313,-11.88],[-47.32,-11.884],[-47.329,-11.882],[-47.341,-11.888],[-47.342,-11.898],[-47.347,-11.905],[-47.38,-11.916],[-47.39,-11.941],[-47.412,-11.95],[-47.413,-11.954],[-47.422,-11.954],[-47.422,-11.963],[-47.427,-11.966],[-47.442,-11.969],[-47.449,-11.957],[-47.471,-11.961],[-47.475,-11.964],[-47.484,-11.96],[-47.486,-11.956],[-47.495,-11.954],[-47.495,-11.949],[-47.502,-11.946],[-47.498,-11.938],[-47.504,-11.93],[-47.521,-11.918],[-47.529,-11.916],[-47.535,-11.919],[-47.552,-11.911],[-47.554,-11.903],[-47.547,-11.891],[-47.546,-11.882],[-47.541,-11.879],[-47.541,-11.875],[-47.523,-11.876],[-47.522,-11.87],[-47.526,-11.866],[-47.513,-11.861],[-47.511,-11.846],[-47.501,-11.849],[-47.497,-11.843],[-47.493,-11.844],[-47.491,-11.841],[-47.484,-11.846],[-47.475,-11.842],[-47.464,-11.848],[-47.465,-11.84],[-47.456,-11.837],[-47.456,-11.833],[-47.449,-11.834],[-47.45,-11.828],[-47.442,-11.823],[-47.444,-11.815],[-47.436,-11.804],[-47.439,-11.8],[-47.435,-11.796],[-47.437,-11.791],[-47.433,-11.786],[-47.43,-11.785],[-47.428,-11.789],[-47.423,-11.785],[-47.425,-11.781],[-47.429,-11.771],[-47.437,-11.764],[-47.436,-11.754],[-47.444,-11.742],[-47.446,-11.732],[-47.45,-11.731],[-47.45,-11.722],[-47.458,-11.716],[-47.454,-11.7],[-47.444,-11.701],[-47.448,-11.689],[-47.441,-11.691],[-47.442,-11.669],[-47.433,-11.655],[-47.431,-11.643],[-47.434,-11.636],[-47.441,-11.632],[-47.438,-11.627],[-47.45,-11.618],[-47.448,-11.613],[-47.441,-11.609],[-47.441,-11.603],[-47.433,-11.598],[-47.437,-11.591],[-47.435,-11.583],[-47.429,-11.584],[-47.423,-11.564],[-47.429,-11.563],[-47.43,-11.552],[-47.435,-11.552],[-47.437,-11.546],[-47.447,-11.541],[-47.445,-11.539],[-47.455,-11.539],[-47.458,-11.536],[-47.463,-11.541],[-47.465,-11.533],[-47.46,-11.527],[-47.466,-11.523],[-47.473,-11.523],[-47.478,-11.518],[-47.472,-11.488],[-47.479,-11.479],[-47.483,-11.463],[-47.478,-11.453],[-47.482,-11.443],[-47.475,-11.442],[-47.473,-11.435],[-47.469,-11.434],[-47.472,-11.422],[-47.469,-11.409],[-47.46,-11.405],[-47.465,-11.398],[-47.46,-11.39],[-47.447,-11.369],[-47.439,-11.368],[-47.44,-11.366],[-47.427,-11.353],[-47.421,-11.337],[-47.414,-11.329],[-47.404,-11.31],[-47.406,-11.304],[-47.401,-11.297],[-47.396,-11.274],[-47.409,-11.268],[-47.396,-11.259],[-47.389,-11.26],[-47.382,-11.253],[-47.382,-11.246],[-47.375,-11.244],[-47.374,-11.233],[-47.363,-11.217],[-47.372,-11.211],[-47.356,-11.183],[-47.353,-11.179],[-47.335,-11.176],[-47.333,-11.171],[-47.317,-11.162],[-47.314,-11.157],[-47.313,-11.147],[-47.321,-11.132],[-47.318,-11.12],[-47.326,-11.104],[-47.336,-11.098],[-47.339,-11.088],[-47.327,-11.058],[-47.328,-11.025],[-47.333,-11.005],[-47.327,-10.996],[-47.318,-10.999],[-47.319,-10.989],[-47.316,-10.994],[-47.303,-10.998],[-47.298,-10.989],[-47.283,-10.985],[-47.284,-10.982],[-47.268,-10.983],[-47.265,-10.978]]]}},{"type":"Feature","properties":{"id":"1700707","nome":"Alvorada"},"geometry":{"type":"Polygon","coordinates":[[[-49.019,-12.243],[-49.004,-12.259],[-48.984,-12.267],[-48.973,-12.265],[-48.941,-12.277],[-48.926,-12.293],[-48.921,-12.294],[-48.911,-12.295],[-48.907,-12.312],[-48.902,-12.317],[-48.903,-12.323],[-48.911,-12.332],[-48.926,-12.327],[-48.935,-12.336],[-48.923,-12.346],[-48.922,-12.351],[-48.931,-12.354],[-48.936,-12.363],[-48.943,-12.366],[-48.931,-12.371],[-48.928,-12.382],[-48.931,-12.395],[-48.938,-12.399],[-48.948,-12.398],[-48.957,-12.412],[-48.964,-12.409],[-48.962,-12.406],[-48.967,-12.406],[-48.97,-12.417],[-48.978,-12.424],[-48.984,-12.421],[-48.992,-12.421],[-48.994,-12.424],[-49.004,-12.424],[-49.009,-12.435],[-49.009,-12.44],[-49.002,-12.44],[-48.997,-12.444],[-48.998,-12.454],[-48.992,-12.459],[-48.995,-12.464],[-48.992,-12.473],[-48.983,-12.482],[-48.991,-12.485],[-48.996,-12.482],[-48.998,-12.487],[-48.987,-12.492],[-48.996,-12.494],[-49.026,-12.497],[-49.029,-12.511],[-49.026,-12.525],[-49.033,-12.554],[-49.03,-12.573],[-49.034,-12.587],[-49.045,-12.599],[-49.053,-12.617],[-49.07,-12.625],[-49.077,-12.633],[-49.077,-12.638],[-49.089,-12.642],[-49.116,-12.617],[-49.115,-12.606],[-49.138,-12.583],[-49.144,-12.567],[-49.159,-12.554],[-49.195,-12.559],[-49.206,-12.553],[-49.215,-12.554],[-49.226,-12.561],[-49.234,-12.559],[-49.239,-12.566],[-49.255,-12.567],[-49.262,-12.559],[-49.263,-12.553],[-49.269,-12.55],[-49.28,-12.552],[-49.287,-12.542],[-49.303,-12.543],[-49.308,-12.549],[-49.315,-12.536],[-49.323,-12.536],[-49.329,-12.54],[-49.336,-12.533],[-49.331,-12.509],[-49.326,-12.503],[-49.317,-12.5],[-49.307,-12.487],[-49.3,-12.486],[-49.289,-12.465],[-49.276,-12.452],[-49.27,-12.437],[-49.27,-12.426],[-49.267,-12.425],[-49.264,-12.416],[-49.26,-12.415],[-49.262,-12.409],[-49.254,-12.393],[-49.251,-12.388],[-49.239,-12.383],[-49.231,-12.364],[-49.231,-12.346],[-49.24,-12.324],[-49.237,-12.315],[-49.222,-12.288],[-49.213,-12.283],[-49.196,-12.262],[-49.189,-12.262],[-49.186,-12.256],[-49.195,-12.235],[-49.194,-12.224],[-49.203,-12.216],[-49.21,-12.192],[-49.204,-12.194],[-49.198,-12.202],[-49.192,-12.211],[-49.164,-12.226],[-49.159,-12.236],[-49.158,-12.237],[-49.137,-12.252],[-49.126,-12.254],[-49.107,-12.252],[-49.099,-12.241],[-49.093,-12.214],[-49.084,-12.212],[-49.078,-12.198],[-49.068,-12.19],[-49.061,-12.177],[-49.056,-12.175],[-49.05,-12.192],[-49.039,-12.202],[-49.037,-12.226],[-49.024,-12.232],[-49.019,-12.243]]]}},{"type":"Feature","properties":{"id":"1701002","nome":"Anan\u00e1s"},"geometry":{"type":"Polygon","coordinates":[[[-48.228,-5.993],[-48.236,-6.008],[-48.23,-6.003],[-48.223,-6.005],[-48.224,-6.013],[-48.229,-6.016],[-48.228,-6.021],[-48.223,-6.016],[-48.219,-6.016],[-48.218,-6.02],[-48.224,-6.021],[-48.222,-6.025],[-48.22,-6.023],[-48.215,-6.025],[-48.209,-6.036],[-48.205,-6.035],[-48.205,-6.038],[-48.198,-6.04],[-48.197,-6.047],[-48.207,-6.043],[-48.206,-6.047],[-48.21,-6.05],[-48.205,-6.055],[-48.209,-6.065],[-48.205,-6.067],[-48.206,-6.075],[-48.198,-6.074],[-48.195,-6.08],[-48.205,-6.085],[-48.202,-6.087],[-48.204,-6.094],[-48.195,-6.091],[-48.198,-6.099],[-48.195,-6.102],[-48.186,-6.105],[-48.175,-6.102],[-48.169,-6.111],[-48.153,-6.121],[-48.145,-6.12],[-48.135,-6.113],[-48.133,-6.116],[-48.127,-6.113],[-48.114,-6.119],[-48.109,-6.117],[-48.102,-6.122],[-48.092,-6.122],[-48.087,-6.128],[-48.082,-6.124],[-48.065,-6.128],[-48.06,-6.133],[-48.056,-6.128],[-48.041,-6.13],[-48.038,-6.127],[-48.027,-6.14],[-48.012,-6.146],[-47.998,-6.158],[-47.991,-6.157],[-47.993,-6.162],[-47.988,-6.166],[-47.993,-6.173],[-47.985,-6.183],[-47.972,-6.184],[-47.976,-6.19],[-47.974,-6.196],[-47.98,-6.202],[-47.974,-6.209],[-47.976,-6.212],[-47.97,-6.217],[-47.963,-6.217],[-47.957,-6.226],[-47.955,-6.234],[-47.957,-6.24],[-47.952,-6.243],[-47.953,-6.253],[-47.945,-6.27],[-47.949,-6.272],[-47.945,-6.276],[-47.956,-6.292],[-47.957,-6.308],[-47.968,-6.328],[-47.97,-6.338],[-47.961,-6.364],[-47.977,-6.415],[-48.017,-6.421],[-48.03,-6.438],[-48.054,-6.438],[-48.058,-6.432],[-48.069,-6.431],[-48.072,-6.435],[-48.09,-6.437],[-48.101,-6.442],[-48.116,-6.429],[-48.127,-6.422],[-48.12,-6.417],[-48.13,-6.388],[-48.131,-6.37],[-48.139,-6.358],[-48.153,-6.356],[-48.159,-6.347],[-48.185,-6.347],[-48.19,-6.351],[-48.212,-6.347],[-48.269,-6.357],[-48.28,-6.356],[-48.282,-6.36],[-48.291,-6.373],[-48.302,-6.377],[-48.319,-6.38],[-48.327,-6.375],[-48.335,-6.376],[-48.346,-6.357],[-48.358,-6.356],[-48.375,-6.346],[-48.381,-6.328],[-48.412,-6.306],[-48.417,-6.298],[-48.417,-6.289],[-48.412,-6.281],[-48.419,-6.268],[-48.436,-6.193],[-48.432,-6.177],[-48.408,-6.153],[-48.391,-6.146],[-48.365,-6.147],[-48.324,-6.132],[-48.303,-6.117],[-48.285,-6.091],[-48.283,-6.081],[-48.285,-6.07],[-48.302,-6.047],[-48.332,-6.038],[-48.338,-6.028],[-48.334,-6.004],[-48.314,-5.979],[-48.307,-5.974],[-48.286,-5.967],[-48.252,-5.96],[-48.231,-5.946],[-48.227,-5.955],[-48.236,-5.972],[-48.234,-5.979],[-48.239,-5.988],[-48.237,-5.991],[-48.228,-5.993]]]}},{"type":"Feature","properties":{"id":"1701051","nome":"Angico"},"geometry":{"type":"Polygon","coordinates":[[[-47.94,-6.283],[-47.938,-6.292],[-47.925,-6.286],[-47.918,-6.288],[-47.918,-6.291],[-47.867,-6.338],[-47.856,-6.344],[-47.843,-6.338],[-47.839,-6.336],[-47.827,-6.335],[-47.823,-6.33],[-47.816,-6.339],[-47.815,-6.349],[-47.805,-6.361],[-47.801,-6.373],[-47.816,-6.401],[-47.825,-6.404],[-47.825,-6.429],[-47.858,-6.54],[-47.873,-6.545],[-47.879,-6.543],[-47.898,-6.547],[-47.905,-6.545],[-47.922,-6.551],[-47.927,-6.548],[-47.928,-6.553],[-47.942,-6.55],[-47.947,-6.556],[-47.95,-6.552],[-47.951,-6.555],[-47.958,-6.554],[-47.963,-6.56],[-47.969,-6.556],[-47.981,-6.562],[-47.986,-6.56],[-47.992,-6.563],[-47.992,-6.567],[-48.0,-6.566],[-48.003,-6.569],[-48.006,-6.566],[-48.013,-6.569],[-48.011,-6.556],[-48.025,-6.525],[-48.021,-6.507],[-48.014,-6.481],[-48.006,-6.485],[-47.994,-6.478],[-47.982,-6.477],[-47.975,-6.471],[-47.974,-6.461],[-47.969,-6.452],[-47.97,-6.443],[-47.965,-6.435],[-47.965,-6.426],[-47.977,-6.415],[-47.961,-6.364],[-47.97,-6.338],[-47.968,-6.328],[-47.957,-6.308],[-47.956,-6.292],[-47.945,-6.276],[-47.94,-6.283]]]}},{"type":"Feature","properties":{"id":"1701101","nome":"Aparecida do Rio Negro"},"geometry":{"type":"Polygon","coordinates":[[[-47.895,-9.771],[-47.891,-9.799],[-47.881,-9.817],[-47.88,-9.829],[-47.878,-9.839],[-47.869,-9.856],[-47.852,-9.873],[-47.84,-9.879],[-47.844,-9.895],[-47.842,-9.909],[-47.852,-9.915],[-47.86,-9.931],[-47.853,-9.938],[-47.85,-9.951],[-47.838,-9.956],[-47.834,-9.962],[-47.831,-9.97],[-47.833,-9.994],[-47.83,-10.0],[-47.821,-10.005],[-47.819,-10.019],[-47.82,-10.022],[-47.834,-10.027],[-47.831,-10.03],[-47.835,-10.032],[-47.832,-10.035],[-47.834,-10.035],[-47.834,-10.039],[-47.831,-10.041],[-47.835,-10.045],[-47.831,-10.054],[-47.847,-10.065],[-47.846,-10.078],[-47.855,-10.078],[-47.87,-10.091],[-47.872,-10.088],[-47.872,-10.095],[-47.876,-10.091],[-47.88,-10.096],[-47.882,-10.111],[-47.887,-10.109],[-47.891,-10.111],[-47.896,-10.106],[-47.902,-10.108],[-47.899,-10.112],[-47.906,-10.114],[-47.9,-10.121],[-47.905,-10.123],[-47.9,-10.129],[-47.897,-10.127],[-47.896,-10.137],[-47.902,-10.137],[-47.903,-10.132],[-47.905,-10.136],[-47.909,-10.133],[-47.913,-10.135],[-47.914,-10.144],[-47.928,-10.148],[-47.927,-10.153],[-47.93,-10.151],[-47.94,-10.16],[-47.947,-10.159],[-47.948,-10.155],[-47.954,-10.156],[-47.951,-10.166],[-47.961,-10.162],[-47.964,-10.164],[-47.958,-10.173],[-47.961,-10.177],[-47.97,-10.173],[-47.976,-10.182],[-47.98,-10.182],[-47.98,-10.171],[-47.988,-10.177],[-47.993,-10.168],[-48.013,-10.174],[-48.018,-10.162],[-48.019,-10.147],[-48.018,-10.14],[-48.011,-10.132],[-48.013,-10.123],[-48.021,-10.119],[-48.042,-10.114],[-48.047,-10.12],[-48.051,-10.117],[-48.066,-10.121],[-48.076,-10.115],[-48.091,-10.117],[-48.109,-10.115],[-48.128,-10.108],[-48.14,-10.126],[-48.15,-10.134],[-48.16,-10.131],[-48.17,-10.134],[-48.178,-10.122],[-48.179,-10.12],[-48.183,-10.112],[-48.17,-10.107],[-48.17,-10.084],[-48.162,-10.067],[-48.162,-10.061],[-48.168,-10.055],[-48.174,-10.038],[-48.184,-10.034],[-48.201,-10.016],[-48.206,-10.004],[-48.203,-9.988],[-48.209,-9.978],[-48.216,-9.975],[-48.222,-9.959],[-48.226,-9.949],[-48.21,-9.94],[-48.183,-9.932],[-48.169,-9.939],[-48.158,-9.94],[-48.158,-9.942],[-48.149,-9.936],[-48.132,-9.932],[-48.101,-9.907],[-48.101,-9.891],[-47.955,-9.795],[-47.947,-9.799],[-47.932,-9.798],[-47.917,-9.783],[-47.905,-9.779],[-47.9,-9.772],[-47.895,-9.771]]]}},{"type":"Feature","properties":{"id":"1701309","nome":"Aragominas"},"geometry":{"type":"Polygon","coordinates":[[[-48.663,-6.752],[-48.664,-6.757],[-48.658,-6.764],[-48.65,-6.766],[-48.648,-6.778],[-48.652,-6.785],[-48.642,-6.798],[-48.642,-6.803],[-48.645,-6.803],[-48.646,-6.807],[-48.639,-6.808],[-48.633,-6.814],[-48.632,-6.827],[-48.643,-6.836],[-48.64,-6.85],[-48.638,-6.847],[-48.632,-6.849],[-48.611,-6.834],[-48.601,-6.833],[-48.594,-6.84],[-48.595,-6.85],[-48.592,-6.853],[-48.564,-6.857],[-48.555,-6.849],[-48.551,-6.859],[-48.555,-6.867],[-48.548,-6.88],[-48.553,-6.887],[-48.552,-6.895],[-48.559,-6.9],[-48.556,-6.911],[-48.559,-6.92],[-48.554,-6.93],[-48.555,-6.937],[-48.563,-6.943],[-48.564,-6.95],[-48.557,-6.954],[-48.546,-6.95],[-48.516,-6.971],[-48.511,-6.981],[-48.498,-6.984],[-48.48,-6.975],[-48.477,-6.959],[-48.472,-6.952],[-48.471,-6.938],[-48.467,-6.935],[-48.46,-6.958],[-48.439,-6.972],[-48.424,-6.977],[-48.429,-6.988],[-48.429,-6.996],[-48.435,-7.0],[-48.438,-7.01],[-48.447,-7.021],[-48.452,-7.022],[-48.451,-7.025],[-48.459,-7.026],[-48.442,-7.044],[-48.451,-7.051],[-48.461,-7.051],[-48.461,-7.061],[-48.469,-7.079],[-48.468,-7.082],[-48.456,-7.093],[-48.453,-7.102],[-48.457,-7.127],[-48.452,-7.129],[-48.44,-7.147],[-48.426,-7.151],[-48.43,-7.159],[-48.438,-7.161],[-48.44,-7.175],[-48.442,-7.178],[-48.454,-7.19],[-48.462,-7.19],[-48.468,-7.197],[-48.468,-7.207],[-48.479,-7.211],[-48.483,-7.206],[-48.487,-7.207],[-48.48,-7.235],[-48.487,-7.246],[-48.484,-7.257],[-48.492,-7.272],[-48.502,-7.28],[-48.503,-7.289],[-48.515,-7.3],[-48.546,-7.315],[-48.554,-7.292],[-48.562,-7.289],[-48.56,-7.282],[-48.554,-7.263],[-48.554,-7.244],[-48.55,-7.237],[-48.556,-7.22],[-48.563,-7.22],[-48.56,-7.202],[-48.564,-7.19],[-48.552,-7.156],[-48.554,-7.152],[-48.56,-7.126],[-48.558,-7.113],[-48.564,-7.097],[-48.564,-7.08],[-48.588,-7.066],[-48.595,-7.065],[-48.6,-7.064],[-48.6,-7.052],[-48.605,-7.055],[-48.609,-7.027],[-48.621,-7.023],[-48.621,-7.016],[-48.616,-7.011],[-48.624,-7.011],[-48.621,-6.987],[-48.626,-6.968],[-48.63,-6.975],[-48.639,-6.973],[-48.637,-6.968],[-48.63,-6.967],[-48.629,-6.962],[-48.631,-6.949],[-48.643,-6.946],[-48.649,-6.951],[-48.656,-6.951],[-48.662,-6.96],[-48.67,-6.965],[-48.673,-6.97],[-48.674,-6.979],[-48.67,-6.986],[-48.673,-6.99],[-48.724,-6.956],[-48.87,-6.855],[-48.861,-6.822],[-48.871,-6.813],[-48.87,-6.798],[-48.865,-6.785],[-48.855,-6.775],[-48.854,-6.76],[-48.839,-6.75],[-48.832,-6.754],[-48.778,-6.736],[-48.769,-6.73],[-48.756,-6.717],[-48.736,-6.692],[-48.682,-6.678],[-48.664,-6.662],[-48.661,-6.675],[-48.657,-6.676],[-48.659,-6.682],[-48.655,-6.684],[-48.659,-6.687],[-48.654,-6.705],[-48.659,-6.707],[-48.651,-6.709],[-48.652,-6.711],[-48.645,-6.717],[-48.646,-6.722],[-48.642,-6.724],[-48.646,-6.734],[-48.652,-6.737],[-48.649,-6.738],[-48.65,-6.743],[-48.663,-6.752]]]}},{"type":"Feature","properties":{"id":"1701903","nome":"Araguacema"},"geometry":{"type":"Polygon","coordinates":[[[-49.391,-8.541],[-49.387,-8.548],[-49.383,-8.546],[-49.384,-8.542],[-49.376,-8.545],[-49.362,-8.543],[-49.355,-8.544],[-49.354,-8.551],[-49.353,-8.549],[-49.35,-8.555],[-49.342,-8.555],[-49.336,-8.569],[-49.338,-8.57],[-49.335,-8.572],[-49.338,-8.576],[-49.334,-8.582],[-49.332,-8.58],[-49.323,-8.584],[-49.325,-8.585],[-49.323,-8.6],[-49.318,-8.602],[-49.32,-8.605],[-49.316,-8.605],[-49.315,-8.612],[-49.308,-8.613],[-49.307,-8.616],[-49.31,-8.617],[-49.308,-8.621],[-49.304,-8.621],[-49.303,-8.617],[-49.298,-8.625],[-49.295,-8.622],[-49.294,-8.632],[-49.289,-8.635],[-49.288,-8.642],[-49.275,-8.654],[-49.264,-8.677],[-49.245,-8.697],[-49.247,-8.703],[-49.243,-8.713],[-49.234,-8.723],[-49.227,-8.752],[-49.228,-8.758],[-49.223,-8.769],[-49.227,-8.796],[-49.243,-8.812],[-49.246,-8.829],[-49.244,-8.837],[-49.255,-8.85],[-49.269,-8.86],[-49.255,-8.875],[-49.251,-8.888],[-49.227,-8.893],[-49.228,-8.907],[-49.22,-8.926],[-49.222,-8.942],[-49.232,-8.949],[-49.238,-8.947],[-49.253,-8.954],[-49.257,-8.949],[-49.27,-8.946],[-49.297,-8.951],[-49.315,-8.937],[-49.329,-8.936],[-49.336,-8.931],[-49.359,-8.925],[-49.366,-8.918],[-49.371,-8.919],[-49.397,-8.899],[-49.398,-8.895],[-49.403,-8.893],[-49.402,-8.898],[-49.407,-8.901],[-49.403,-8.906],[-49.406,-8.908],[-49.4,-8.909],[-49.402,-8.91],[-49.398,-8.916],[-49.404,-8.924],[-49.4,-8.933],[-49.394,-8.931],[-49.392,-8.939],[-49.387,-8.939],[-49.385,-8.945],[-49.379,-8.947],[-49.375,-8.942],[-49.373,-8.948],[-49.373,-8.953],[-49.378,-8.956],[-49.375,-8.968],[-49.378,-8.969],[-49.378,-8.976],[-49.382,-8.98],[-49.378,-8.984],[-49.384,-8.985],[-49.38,-8.989],[-49.381,-9.019],[-49.375,-9.024],[-49.381,-9.033],[-49.379,-9.038],[-49.386,-9.045],[-49.38,-9.045],[-49.38,-9.05],[-49.387,-9.06],[-49.38,-9.069],[-49.385,-9.07],[-49.383,-9.08],[-49.387,-9.082],[-49.388,-9.086],[-49.385,-9.087],[-49.391,-9.095],[-49.389,-9.104],[-49.392,-9.106],[-49.386,-9.109],[-49.393,-9.114],[-49.389,-9.116],[-49.396,-9.119],[-49.396,-9.132],[-49.392,-9.141],[-49.395,-9.146],[-49.392,-9.147],[-49.393,-9.154],[-49.391,-9.159],[-49.394,-9.161],[-49.399,-9.165],[-49.395,-9.172],[-49.4,-9.185],[-49.429,-9.213],[-49.436,-9.23],[-49.451,-9.24],[-49.46,-9.278],[-49.496,-9.269],[-49.499,-9.266],[-49.523,-9.257],[-49.535,-9.26],[-49.54,-9.271],[-49.55,-9.274],[-49.572,-9.263],[-49.599,-9.259],[-49.611,-9.231],[-49.619,-9.222],[-49.639,-9.211],[-49.651,-9.211],[-49.661,-9.205],[-49.662,-9.199],[-49.673,-9.189],[-49.675,-9.182],[-49.68,-9.18],[-49.683,-9.183],[-49.689,-9.174],[-49.7,-9.169],[-49.704,-9.163],[-49.706,-9.167],[-49.704,-9.171],[-49.71,-9.174],[-49.85,-9.058],[-49.85,-9.046],[-49.842,-9.027],[-49.793,-8.979],[-49.781,-8.962],[-49.77,-8.938],[-49.754,-8.922],[-49.745,-8.906],[-49.729,-8.899],[-49.684,-8.856],[-49.641,-8.846],[-49.612,-8.846],[-49.592,-8.839],[-49.584,-8.823],[-49.571,-8.808],[-49.565,-8.801],[-49.543,-8.761],[-49.489,-8.692],[-49.481,-8.673],[-49.471,-8.648],[-49.463,-8.639],[-49.451,-8.612],[-49.409,-8.58],[-49.402,-8.563],[-49.399,-8.547],[-49.392,-8.547],[-49.393,-8.542],[-49.391,-8.541]]]}},{"type":"Feature","properties":{"id":"1702000","nome":"Aragua\u00e7u"},"geometry":{"type":"Polygon","coordinates":[[[-49.536,-12.434],[-49.529,-12.435],[-49.519,-12.43],[-49.523,-12.44],[-49.513,-12.444],[-49.509,-12.451],[-49.516,-12.461],[-49.495,-12.46],[-49.507,-12.475],[-49.494,-12.487],[-49.488,-12.487],[-49.486,-12.475],[-49.479,-12.48],[-49.476,-12.471],[-49.468,-12.467],[-49.46,-12.484],[-49.43,-12.485],[-49.426,-12.495],[-49.427,-12.516],[-49.422,-12.516],[-49.41,-12.508],[-49.404,-12.512],[-49.395,-12.511],[-49.392,-12.512],[-49.391,-12.519],[-49.376,-12.531],[-49.362,-12.533],[-49.364,-12.537],[-49.356,-12.545],[-49.359,-12.553],[-49.355,-12.556],[-49.36,-12.562],[-49.357,-12.567],[-49.358,-12.572],[-49.348,-12.587],[-49.348,-12.605],[-49.342,-12.612],[-49.336,-12.625],[-49.33,-12.628],[-49.329,-12.632],[-49.332,-12.633],[-49.33,-12.637],[-49.335,-12.65],[-49.332,-12.67],[-49.339,-12.673],[-49.342,-12.69],[-49.35,-12.691],[-49.345,-12.703],[-49.35,-12.726],[-49.346,-12.735],[-49.351,-12.746],[-49.349,-12.754],[-49.354,-12.757],[-49.352,-12.767],[-49.347,-12.768],[-49.344,-12.779],[-49.346,-12.792],[-49.339,-12.798],[-49.336,-12.795],[-49.321,-12.804],[-49.323,-12.815],[-49.317,-12.82],[-49.315,-12.815],[-49.292,-12.814],[-49.279,-12.836],[-49.263,-12.84],[-49.256,-12.85],[-49.252,-12.86],[-49.255,-12.867],[-49.254,-12.874],[-49.248,-12.871],[-49.243,-12.88],[-49.237,-12.884],[-49.235,-12.893],[-49.249,-12.902],[-49.246,-12.916],[-49.252,-12.931],[-49.257,-12.935],[-49.257,-12.941],[-49.263,-12.94],[-49.267,-12.944],[-49.279,-12.969],[-49.279,-12.976],[-49.275,-12.98],[-49.278,-12.989],[-49.283,-12.991],[-49.3,-13.023],[-49.322,-13.052],[-49.337,-13.066],[-49.354,-13.103],[-49.354,-13.11],[-49.344,-13.117],[-49.342,-13.127],[-49.352,-13.144],[-49.354,-13.153],[-49.344,-13.177],[-49.348,-13.189],[-49.344,-13.203],[-49.348,-13.213],[-49.339,-13.234],[-49.34,-13.253],[-49.369,-13.274],[-49.431,-13.241],[-49.529,-13.187],[-49.797,-13.036],[-49.897,-12.98],[-49.909,-12.974],[-49.911,-12.966],[-49.939,-12.956],[-49.952,-12.959],[-49.979,-12.939],[-49.989,-12.946],[-50.003,-12.933],[-50.018,-12.929],[-50.038,-12.935],[-50.044,-12.933],[-50.05,-12.922],[-50.071,-12.918],[-50.078,-12.906],[-50.103,-12.908],[-50.109,-12.911],[-50.127,-12.905],[-50.149,-12.903],[-50.16,-12.893],[-50.173,-12.897],[-50.176,-12.892],[-50.181,-12.892],[-50.183,-12.896],[-50.195,-12.89],[-50.2,-12.884],[-50.204,-12.885],[-50.211,-12.876],[-50.213,-12.878],[-50.225,-12.874],[-50.225,-12.861],[-50.231,-12.858],[-50.231,-12.854],[-50.236,-12.857],[-50.242,-12.852],[-50.25,-12.853],[-50.251,-12.849],[-50.263,-12.847],[-50.262,-12.844],[-50.271,-12.841],[-50.275,-12.844],[-50.283,-12.84],[-50.284,-12.843],[-50.287,-12.837],[-50.292,-12.839],[-50.295,-12.829],[-50.302,-12.824],[-50.301,-12.82],[-50.304,-12.822],[-50.307,-12.819],[-50.305,-12.805],[-50.311,-12.798],[-50.309,-12.789],[-50.304,-12.786],[-50.306,-12.767],[-50.295,-12.753],[-50.302,-12.745],[-50.296,-12.742],[-50.298,-12.739],[-50.288,-12.735],[-50.284,-12.718],[-50.297,-12.711],[-50.299,-12.706],[-50.295,-12.705],[-50.294,-12.695],[-50.297,-12.691],[-50.3,-12.682],[-50.295,-12.676],[-50.292,-12.688],[-50.29,-12.683],[-50.286,-12.682],[-50.281,-12.689],[-50.278,-12.678],[-50.272,-12.683],[-50.266,-12.682],[-50.27,-12.677],[-50.264,-12.663],[-50.269,-12.654],[-50.259,-12.645],[-50.262,-12.637],[-50.257,-12.635],[-50.255,-12.625],[-50.248,-12.631],[-50.237,-12.624],[-50.245,-12.597],[-50.238,-12.579],[-50.235,-12.577],[-50.231,-12.585],[-50.227,-12.586],[-50.208,-12.573],[-50.204,-12.564],[-50.193,-12.564],[-50.187,-12.585],[-50.17,-12.608],[-50.154,-12.613],[-50.14,-12.623],[-50.11,-12.611],[-50.103,-12.611],[-50.074,-12.623],[-50.055,-12.638],[-50.038,-12.66],[-49.999,-12.644],[-49.986,-12.646],[-49.983,-12.644],[-49.985,-12.641],[-49.948,-12.648],[-49.947,-12.652],[-49.94,-12.653],[-49.926,-12.664],[-49.912,-12.668],[-49.906,-12.668],[-49.895,-12.66],[-49.885,-12.666],[-49.876,-12.667],[-49.87,-12.674],[-49.85,-12.677],[-49.838,-12.687],[-49.828,-12.684],[-49.819,-12.688],[-49.812,-12.684],[-49.804,-12.686],[-49.797,-12.697],[-49.794,-12.696],[-49.796,-12.718],[-49.789,-12.706],[-49.77,-12.706],[-49.747,-12.693],[-49.716,-12.643],[-49.704,-12.632],[-49.665,-12.615],[-49.658,-12.62],[-49.64,-12.61],[-49.615,-12.612],[-49.614,-12.603],[-49.607,-12.596],[-49.591,-12.591],[-49.585,-12.581],[-49.574,-12.571],[-49.566,-12.57],[-49.555,-12.553],[-49.547,-12.551],[-49.547,-12.544],[-49.526,-12.533],[-49.517,-12.522],[-49.517,-12.514],[-49.52,-12.509],[-49.533,-12.507],[-49.538,-12.497],[-49.546,-12.491],[-49.544,-12.474],[-49.554,-12.472],[-49.557,-12.467],[-49.553,-12.461],[-49.542,-12.457],[-49.544,-12.452],[-49.552,-12.453],[-49.556,-12.448],[-49.557,-12.441],[-49.551,-12.422],[-49.558,-12.419],[-49.553,-12.406],[-49.538,-12.418],[-49.538,-12.432],[-49.536,-12.434]]]}},{"type":"Feature","properties":{"id":"1702109","nome":"Aragua\u00edna"},"geometry":{"type":"Polygon","coordinates":[[[-48.279,-6.978],[-48.275,-6.978],[-48.273,-6.975],[-48.268,-6.979],[-48.257,-6.991],[-48.242,-6.991],[-48.237,-6.987],[-48.226,-6.989],[-48.21,-7.001],[-48.206,-7.008],[-48.189,-7.011],[-48.183,-7.015],[-48.194,-7.045],[-48.189,-7.056],[-48.197,-7.066],[-48.195,-7.076],[-48.19,-7.081],[-48.193,-7.107],[-48.183,-7.126],[-48.197,-7.146],[-48.174,-7.138],[-48.134,-7.123],[-48.132,-7.131],[-48.107,-7.153],[-48.102,-7.163],[-48.093,-7.164],[-48.083,-7.158],[-48.077,-7.159],[-48.078,-7.17],[-48.087,-7.185],[-48.086,-7.197],[-48.094,-7.202],[-48.096,-7.209],[-48.091,-7.213],[-48.084,-7.213],[-48.073,-7.222],[-48.08,-7.256],[-48.077,-7.269],[-48.082,-7.288],[-48.064,-7.321],[-48.06,-7.324],[-48.06,-7.335],[-48.055,-7.346],[-48.052,-7.353],[-48.057,-7.355],[-48.058,-7.366],[-48.055,-7.382],[-48.061,-7.394],[-48.06,-7.402],[-48.065,-7.42],[-48.069,-7.425],[-48.077,-7.426],[-48.077,-7.448],[-48.083,-7.456],[-48.089,-7.457],[-48.095,-7.469],[-48.105,-7.48],[-48.106,-7.487],[-48.098,-7.493],[-48.1,-7.497],[-48.094,-7.503],[-48.09,-7.515],[-48.093,-7.524],[-48.083,-7.537],[-48.084,-7.55],[-48.087,-7.547],[-48.099,-7.55],[-48.129,-7.531],[-48.152,-7.527],[-48.155,-7.524],[-48.184,-7.524],[-48.193,-7.508],[-48.209,-7.499],[-48.221,-7.498],[-48.237,-7.491],[-48.244,-7.487],[-48.257,-7.49],[-48.269,-7.487],[-48.283,-7.48],[-48.279,-7.47],[-48.288,-7.462],[-48.293,-7.451],[-48.322,-7.449],[-48.332,-7.444],[-48.338,-7.447],[-48.34,-7.458],[-48.366,-7.464],[-48.375,-7.473],[-48.378,-7.486],[-48.389,-7.499],[-48.404,-7.501],[-48.42,-7.495],[-48.433,-7.505],[-48.441,-7.499],[-48.446,-7.499],[-48.453,-7.49],[-48.475,-7.478],[-48.478,-7.468],[-48.485,-7.465],[-48.483,-7.458],[-48.48,-7.459],[-48.484,-7.444],[-48.488,-7.447],[-48.491,-7.444],[-48.507,-7.438],[-48.511,-7.443],[-48.515,-7.439],[-48.524,-7.442],[-48.528,-7.44],[-48.529,-7.445],[-48.539,-7.443],[-48.539,-7.446],[-48.55,-7.449],[-48.555,-7.446],[-48.556,-7.453],[-48.559,-7.447],[-48.564,-7.45],[-48.571,-7.445],[-48.577,-7.454],[-48.583,-7.452],[-48.581,-7.445],[-48.59,-7.444],[-48.588,-7.462],[-48.591,-7.463],[-48.586,-7.499],[-48.594,-7.518],[-48.6,-7.522],[-48.6,-7.528],[-48.597,-7.537],[-48.6,-7.544],[-48.592,-7.562],[-48.611,-7.558],[-48.609,-7.545],[-48.615,-7.54],[-48.633,-7.539],[-48.624,-7.523],[-48.614,-7.518],[-48.615,-7.511],[-48.624,-7.501],[-48.636,-7.502],[-48.644,-7.508],[-48.651,-7.509],[-48.671,-7.489],[-48.681,-7.484],[-48.726,-7.499],[-48.731,-7.497],[-48.735,-7.486],[-48.738,-7.486],[-48.757,-7.484],[-48.764,-7.49],[-48.768,-7.484],[-48.782,-7.486],[-48.788,-7.484],[-48.789,-7.481],[-48.785,-7.469],[-48.795,-7.463],[-48.795,-7.454],[-48.809,-7.441],[-48.82,-7.441],[-48.822,-7.449],[-48.83,-7.455],[-48.851,-7.453],[-48.858,-7.448],[-48.861,-7.452],[-48.865,-7.451],[-48.867,-7.446],[-48.875,-7.443],[-48.883,-7.443],[-48.894,-7.455],[-48.909,-7.461],[-48.913,-7.476],[-48.924,-7.484],[-48.928,-7.481],[-48.93,-7.471],[-48.94,-7.462],[-48.938,-7.446],[-48.944,-7.432],[-48.951,-7.439],[-48.959,-7.44],[-48.961,-7.445],[-48.968,-7.446],[-48.986,-7.465],[-48.992,-7.462],[-48.995,-7.469],[-49.005,-7.477],[-49.008,-7.492],[-49.016,-7.503],[-49.047,-7.502],[-49.104,-7.501],[-49.123,-7.496],[-49.18,-7.494],[-49.196,-7.499],[-49.211,-7.495],[-49.216,-7.49],[-49.237,-7.488],[-49.239,-7.453],[-49.26,-7.417],[-49.254,-7.393],[-49.255,-7.382],[-49.265,-7.367],[-49.254,-7.349],[-49.231,-7.325],[-49.215,-7.297],[-49.206,-7.27],[-49.185,-7.235],[-49.183,-7.214],[-49.187,-7.192],[-49.173,-7.2],[-49.168,-7.198],[-49.116,-7.212],[-49.107,-7.216],[-49.106,-7.223],[-49.098,-7.221],[-49.07,-7.229],[-49.061,-7.237],[-49.044,-7.245],[-49.036,-7.243],[-49.033,-7.25],[-49.024,-7.252],[-49.016,-7.261],[-49.009,-7.251],[-48.997,-7.251],[-48.99,-7.241],[-48.965,-7.23],[-48.954,-7.235],[-48.932,-7.231],[-48.91,-7.242],[-48.901,-7.242],[-48.885,-7.249],[-48.884,-7.255],[-48.881,-7.26],[-48.869,-7.244],[-48.863,-7.244],[-48.854,-7.258],[-48.841,-7.263],[-48.811,-7.263],[-48.779,-7.269],[-48.759,-7.269],[-48.754,-7.264],[-48.749,-7.265],[-48.729,-7.275],[-48.71,-7.272],[-48.685,-7.277],[-48.683,-7.28],[-48.674,-7.279],[-48.668,-7.269],[-48.666,-7.285],[-48.618,-7.284],[-48.56,-7.282],[-48.562,-7.289],[-48.554,-7.292],[-48.546,-7.315],[-48.515,-7.3],[-48.503,-7.289],[-48.502,-7.28],[-48.492,-7.272],[-48.484,-7.257],[-48.487,-7.246],[-48.48,-7.235],[-48.487,-7.207],[-48.483,-7.206],[-48.479,-7.211],[-48.468,-7.207],[-48.468,-7.197],[-48.462,-7.19],[-48.454,-7.19],[-48.442,-7.178],[-48.44,-7.175],[-48.438,-7.161],[-48.43,-7.159],[-48.426,-7.151],[-48.423,-7.149],[-48.418,-7.151],[-48.415,-7.147],[-48.405,-7.146],[-48.397,-7.139],[-48.38,-7.139],[-48.373,-7.135],[-48.365,-7.142],[-48.359,-7.139],[-48.352,-7.14],[-48.345,-7.134],[-48.335,-7.138],[-48.307,-7.121],[-48.306,-7.113],[-48.316,-7.106],[-48.31,-7.101],[-48.307,-7.106],[-48.304,-7.104],[-48.305,-7.072],[-48.309,-7.072],[-48.309,-7.069],[-48.305,-7.064],[-48.302,-7.063],[-48.296,-7.047],[-48.297,-7.04],[-48.308,-7.031],[-48.304,-7.022],[-48.31,-7.001],[-48.31,-6.987],[-48.305,-6.986],[-48.303,-6.968],[-48.297,-6.96],[-48.299,-6.945],[-48.292,-6.942],[-48.285,-6.956],[-48.29,-6.963],[-48.289,-6.969],[-48.279,-6.978]]]}},{"type":"Feature","properties":{"id":"1702158","nome":"Araguan\u00e3"},"geometry":{"type":"Polygon","coordinates":[[[-48.629,-6.546],[-48.634,-6.551],[-48.638,-6.548],[-48.641,-6.556],[-48.634,-6.566],[-48.632,-6.559],[-48.627,-6.559],[-48.626,-6.569],[-48.633,-6.57],[-48.635,-6.575],[-48.636,-6.581],[-48.605,-6.582],[-48.601,-6.589],[-48.601,-6.599],[-48.592,-6.595],[-48.594,-6.602],[-48.586,-6.607],[-48.589,-6.615],[-48.586,-6.626],[-48.57,-6.626],[-48.573,-6.637],[-48.557,-6.637],[-48.547,-6.643],[-48.541,-6.653],[-48.525,-6.66],[-48.524,-6.665],[-48.515,-6.668],[-48.508,-6.665],[-48.501,-6.667],[-48.5,-6.657],[-48.492,-6.652],[-48.487,-6.661],[-48.476,-6.662],[-48.467,-6.676],[-48.466,-6.671],[-48.463,-6.671],[-48.464,-6.685],[-48.46,-6.686],[-48.456,-6.693],[-48.458,-6.705],[-48.455,-6.711],[-48.449,-6.712],[-48.456,-6.715],[-48.458,-6.72],[-48.456,-6.727],[-48.466,-6.732],[-48.461,-6.738],[-48.466,-6.751],[-48.471,-6.753],[-48.476,-6.749],[-48.479,-6.75],[-48.474,-6.758],[-48.465,-6.761],[-48.471,-6.763],[-48.464,-6.77],[-48.47,-6.769],[-48.459,-6.785],[-48.46,-6.806],[-48.465,-6.806],[-48.463,-6.823],[-48.456,-6.82],[-48.456,-6.813],[-48.448,-6.81],[-48.441,-6.819],[-48.442,-6.824],[-48.427,-6.838],[-48.423,-6.836],[-48.425,-6.829],[-48.423,-6.827],[-48.416,-6.833],[-48.416,-6.841],[-48.406,-6.842],[-48.401,-6.84],[-48.387,-6.851],[-48.373,-6.856],[-48.37,-6.861],[-48.359,-6.863],[-48.352,-6.875],[-48.355,-6.875],[-48.361,-6.885],[-48.341,-6.885],[-48.342,-6.897],[-48.33,-6.893],[-48.323,-6.898],[-48.322,-6.895],[-48.313,-6.899],[-48.317,-6.914],[-48.314,-6.92],[-48.317,-6.925],[-48.333,-6.923],[-48.338,-6.933],[-48.355,-6.94],[-48.362,-6.939],[-48.374,-6.947],[-48.385,-6.949],[-48.402,-6.962],[-48.412,-6.964],[-48.415,-6.972],[-48.421,-6.973],[-48.424,-6.977],[-48.439,-6.972],[-48.46,-6.958],[-48.467,-6.935],[-48.471,-6.938],[-48.472,-6.952],[-48.477,-6.959],[-48.48,-6.975],[-48.498,-6.984],[-48.511,-6.981],[-48.516,-6.971],[-48.546,-6.95],[-48.557,-6.954],[-48.564,-6.95],[-48.563,-6.943],[-48.555,-6.937],[-48.554,-6.93],[-48.559,-6.92],[-48.556,-6.911],[-48.559,-6.9],[-48.552,-6.895],[-48.553,-6.887],[-48.548,-6.88],[-48.555,-6.867],[-48.551,-6.859],[-48.555,-6.849],[-48.564,-6.857],[-48.592,-6.853],[-48.595,-6.85],[-48.594,-6.84],[-48.601,-6.833],[-48.611,-6.834],[-48.632,-6.849],[-48.638,-6.847],[-48.64,-6.85],[-48.643,-6.836],[-48.632,-6.827],[-48.633,-6.814],[-48.639,-6.808],[-48.646,-6.807],[-48.645,-6.803],[-48.642,-6.803],[-48.642,-6.798],[-48.652,-6.785],[-48.648,-6.778],[-48.65,-6.766],[-48.658,-6.764],[-48.664,-6.757],[-48.663,-6.752],[-48.65,-6.743],[-48.649,-6.738],[-48.652,-6.737],[-48.646,-6.734],[-48.642,-6.724],[-48.646,-6.722],[-48.645,-6.717],[-48.652,-6.711],[-48.651,-6.709],[-48.659,-6.707],[-48.654,-6.705],[-48.659,-6.687],[-48.655,-6.684],[-48.659,-6.682],[-48.657,-6.676],[-48.661,-6.675],[-48.664,-6.662],[-48.655,-6.65],[-48.652,-6.64],[-48.652,-6.612],[-48.664,-6.57],[-48.664,-6.562],[-48.658,-6.539],[-48.646,-6.523],[-48.645,-6.507],[-48.631,-6.487],[-48.626,-6.493],[-48.633,-6.533],[-48.629,-6.546]]]}},{"type":"Feature","properties":{"id":"1702208","nome":"Araguatins"},"geometry":{"type":"Polygon","coordinates":[[[-48.329,-5.281],[-48.322,-5.296],[-48.293,-5.305],[-48.287,-5.302],[-48.276,-5.304],[-48.275,-5.309],[-48.258,-5.31],[-48.25,-5.318],[-48.228,-5.321],[-48.223,-5.324],[-48.22,-5.323],[-48.219,-5.33],[-48.236,-5.337],[-48.238,-5.348],[-48.226,-5.347],[-48.22,-5.359],[-48.209,-5.363],[-48.207,-5.38],[-48.2,-5.374],[-48.192,-5.372],[-48.188,-5.375],[-48.187,-5.384],[-48.17,-5.389],[-48.162,-5.388],[-48.162,-5.392],[-48.139,-5.4],[-48.123,-5.428],[-48.114,-5.429],[-48.109,-5.421],[-48.094,-5.42],[-48.09,-5.43],[-48.076,-5.44],[-48.071,-5.444],[-48.048,-5.445],[-48.046,-5.463],[-48.037,-5.462],[-48.029,-5.469],[-48.021,-5.466],[-48.022,-5.477],[-48.013,-5.483],[-48.013,-5.496],[-48.005,-5.51],[-48.001,-5.511],[-47.998,-5.517],[-47.986,-5.524],[-47.979,-5.541],[-47.969,-5.548],[-47.972,-5.566],[-47.954,-5.561],[-47.937,-5.567],[-47.929,-5.58],[-47.931,-5.59],[-47.917,-5.595],[-47.908,-5.616],[-47.897,-5.609],[-47.886,-5.609],[-47.887,-5.621],[-47.881,-5.627],[-47.887,-5.631],[-47.883,-5.635],[-47.881,-5.645],[-47.875,-5.649],[-47.877,-5.657],[-47.869,-5.664],[-47.844,-5.663],[-47.839,-5.649],[-47.833,-5.649],[-47.833,-5.659],[-47.824,-5.666],[-47.814,-5.664],[-47.81,-5.666],[-47.798,-5.673],[-47.79,-5.684],[-47.787,-5.692],[-47.779,-5.7],[-47.78,-5.707],[-47.768,-5.72],[-47.771,-5.733],[-47.765,-5.741],[-47.77,-5.749],[-47.781,-5.752],[-47.779,-5.756],[-47.793,-5.765],[-47.81,-5.763],[-47.819,-5.75],[-47.83,-5.75],[-47.844,-5.756],[-47.865,-5.753],[-47.866,-5.763],[-47.859,-5.767],[-47.863,-5.773],[-47.851,-5.868],[-47.861,-5.876],[-47.869,-5.875],[-47.874,-5.881],[-47.881,-5.877],[-47.885,-5.88],[-47.88,-5.944],[-47.904,-5.964],[-47.929,-5.969],[-47.932,-5.973],[-47.938,-5.969],[-47.944,-5.957],[-47.961,-5.946],[-47.966,-5.937],[-47.977,-5.937],[-47.992,-5.928],[-47.999,-5.932],[-48.004,-5.918],[-47.999,-5.915],[-48.001,-5.908],[-48.017,-5.901],[-48.015,-5.896],[-48.017,-5.892],[-48.023,-5.894],[-48.028,-5.896],[-48.036,-5.89],[-48.046,-5.889],[-48.048,-5.881],[-48.054,-5.878],[-48.062,-5.883],[-48.067,-5.882],[-48.062,-5.878],[-48.067,-5.877],[-48.077,-5.881],[-48.082,-5.908],[-48.091,-5.923],[-48.087,-5.936],[-48.074,-5.945],[-48.069,-5.953],[-48.075,-5.965],[-48.091,-5.965],[-48.104,-5.973],[-48.119,-5.974],[-48.137,-5.987],[-48.146,-6.001],[-48.154,-6.002],[-48.163,-6.009],[-48.178,-6.008],[-48.193,-5.999],[-48.206,-6.004],[-48.216,-5.998],[-48.223,-6.005],[-48.23,-6.003],[-48.236,-6.008],[-48.228,-5.993],[-48.237,-5.991],[-48.239,-5.988],[-48.234,-5.979],[-48.236,-5.972],[-48.227,-5.955],[-48.231,-5.946],[-48.229,-5.93],[-48.233,-5.914],[-48.245,-5.896],[-48.279,-5.861],[-48.29,-5.839],[-48.295,-5.821],[-48.299,-5.784],[-48.293,-5.751],[-48.289,-5.742],[-48.279,-5.729],[-48.272,-5.725],[-48.22,-5.728],[-48.194,-5.72],[-48.173,-5.71],[-48.139,-5.647],[-48.135,-5.637],[-48.132,-5.618],[-48.138,-5.602],[-48.182,-5.573],[-48.212,-5.554],[-48.228,-5.551],[-48.238,-5.552],[-48.261,-5.548],[-48.278,-5.54],[-48.291,-5.53],[-48.3,-5.523],[-48.319,-5.5],[-48.325,-5.493],[-48.328,-5.496],[-48.327,-5.487],[-48.341,-5.467],[-48.343,-5.444],[-48.351,-5.427],[-48.367,-5.415],[-48.373,-5.402],[-48.381,-5.396],[-48.393,-5.394],[-48.401,-5.403],[-48.419,-5.401],[-48.441,-5.408],[-48.446,-5.387],[-48.44,-5.379],[-48.443,-5.357],[-48.452,-5.346],[-48.45,-5.337],[-48.44,-5.32],[-48.424,-5.32],[-48.408,-5.314],[-48.407,-5.287],[-48.407,-5.285],[-48.39,-5.28],[-48.373,-5.285],[-48.369,-5.279],[-48.364,-5.281],[-48.353,-5.275],[-48.347,-5.28],[-48.329,-5.281]]]}},{"type":"Feature","properties":{"id":"1702307","nome":"Arapoema"},"geometry":{"type":"Polygon","coordinates":[[[-48.795,-7.573],[-48.794,-7.581],[-48.789,-7.58],[-48.781,-7.586],[-48.778,-7.601],[-48.767,-7.605],[-48.765,-7.602],[-48.758,-7.603],[-48.754,-7.612],[-48.755,-7.622],[-48.748,-7.631],[-48.749,-7.639],[-48.742,-7.642],[-48.742,-7.65],[-48.78,-7.796],[-48.787,-7.8],[-48.786,-7.816],[-48.796,-7.837],[-48.804,-7.847],[-48.806,-7.866],[-48.829,-7.882],[-48.847,-7.888],[-48.855,-7.88],[-48.861,-7.883],[-48.868,-7.88],[-48.873,-7.874],[-48.881,-7.876],[-48.888,-7.872],[-48.888,-7.868],[-48.896,-7.866],[-48.896,-7.86],[-48.907,-7.848],[-48.912,-7.848],[-48.912,-7.853],[-48.92,-7.85],[-48.931,-7.857],[-48.941,-7.852],[-48.945,-7.86],[-48.952,-7.864],[-48.951,-7.867],[-48.961,-7.868],[-48.961,-7.87],[-48.968,-7.869],[-48.976,-7.873],[-48.984,-7.872],[-49.0,-7.877],[-49.002,-7.88],[-49.011,-7.873],[-49.033,-7.869],[-49.037,-7.87],[-49.033,-7.874],[-49.042,-7.881],[-49.047,-7.879],[-49.047,-7.882],[-49.057,-7.882],[-49.061,-7.877],[-49.082,-7.874],[-49.084,-7.872],[-49.089,-7.882],[-49.092,-7.889],[-49.095,-7.885],[-49.093,-7.882],[-49.118,-7.872],[-49.121,-7.866],[-49.127,-7.871],[-49.133,-7.871],[-49.133,-7.867],[-49.138,-7.871],[-49.147,-7.87],[-49.151,-7.866],[-49.148,-7.865],[-49.149,-7.858],[-49.16,-7.858],[-49.166,-7.849],[-49.164,-7.832],[-49.158,-7.824],[-49.148,-7.807],[-49.15,-7.802],[-49.157,-7.793],[-49.203,-7.774],[-49.221,-7.761],[-49.24,-7.74],[-49.264,-7.723],[-49.296,-7.696],[-49.328,-7.677],[-49.337,-7.665],[-49.341,-7.657],[-49.316,-7.647],[-49.308,-7.653],[-49.294,-7.639],[-49.284,-7.638],[-49.281,-7.64],[-49.28,-7.636],[-49.266,-7.633],[-49.261,-7.621],[-49.251,-7.625],[-49.243,-7.619],[-49.245,-7.613],[-49.227,-7.607],[-49.218,-7.607],[-49.217,-7.612],[-49.213,-7.61],[-49.212,-7.616],[-49.209,-7.617],[-49.198,-7.607],[-49.187,-7.608],[-49.182,-7.613],[-49.172,-7.612],[-49.157,-7.605],[-49.15,-7.614],[-49.147,-7.609],[-49.14,-7.608],[-49.14,-7.603],[-49.128,-7.598],[-49.096,-7.604],[-49.082,-7.613],[-49.067,-7.608],[-49.049,-7.615],[-49.045,-7.614],[-49.045,-7.619],[-49.035,-7.62],[-49.027,-7.617],[-49.029,-7.612],[-49.026,-7.609],[-49.014,-7.611],[-49.006,-7.604],[-48.995,-7.604],[-48.995,-7.597],[-48.984,-7.602],[-48.98,-7.605],[-48.966,-7.595],[-48.952,-7.603],[-48.945,-7.588],[-48.935,-7.591],[-48.932,-7.587],[-48.928,-7.589],[-48.921,-7.584],[-48.904,-7.586],[-48.892,-7.58],[-48.87,-7.577],[-48.844,-7.584],[-48.838,-7.581],[-48.826,-7.581],[-48.816,-7.572],[-48.804,-7.57],[-48.795,-7.573]]]}},{"type":"Feature","properties":{"id":"1702406","nome":"Arraias"},"geometry":{"type":"Polygon","coordinates":[[[-47.074,-12.36],[-47.059,-12.361],[-47.044,-12.37],[-47.036,-12.37],[-47.032,-12.367],[-47.012,-12.372],[-46.992,-12.362],[-46.979,-12.367],[-46.977,-12.371],[-46.969,-12.371],[-46.966,-12.378],[-46.96,-12.374],[-46.946,-12.377],[-46.936,-12.383],[-46.932,-12.39],[-46.9,-12.404],[-46.9,-12.418],[-46.903,-12.421],[-46.897,-12.422],[-46.898,-12.43],[-46.89,-12.44],[-46.896,-12.452],[-46.894,-12.462],[-46.886,-12.464],[-46.884,-12.46],[-46.87,-12.458],[-46.857,-12.478],[-46.853,-12.473],[-46.84,-12.479],[-46.836,-12.485],[-46.823,-12.484],[-46.818,-12.491],[-46.807,-12.495],[-46.807,-12.507],[-46.8,-12.508],[-46.795,-12.516],[-46.786,-12.524],[-46.779,-12.538],[-46.767,-12.541],[-46.761,-12.548],[-46.75,-12.549],[-46.748,-12.562],[-46.742,-12.573],[-46.736,-12.575],[-46.734,-12.57],[-46.73,-12.57],[-46.727,-12.576],[-46.717,-12.575],[-46.714,-12.588],[-46.706,-12.585],[-46.702,-12.592],[-46.704,-12.595],[-46.695,-12.595],[-46.687,-12.603],[-46.687,-12.61],[-46.678,-12.611],[-46.682,-12.616],[-46.679,-12.623],[-46.681,-12.627],[-46.689,-12.629],[-46.682,-12.632],[-46.682,-12.643],[-46.673,-12.647],[-46.665,-12.642],[-46.665,-12.638],[-46.662,-12.639],[-46.654,-12.654],[-46.647,-12.658],[-46.638,-12.655],[-46.632,-12.659],[-46.63,-12.664],[-46.625,-12.664],[-46.623,-12.67],[-46.625,-12.675],[-46.619,-12.676],[-46.617,-12.682],[-46.622,-12.685],[-46.615,-12.69],[-46.61,-12.704],[-46.611,-12.711],[-46.606,-12.714],[-46.611,-12.725],[-46.606,-12.732],[-46.593,-12.759],[-46.595,-12.764],[-46.593,-12.772],[-46.601,-12.785],[-46.593,-12.804],[-46.6,-12.814],[-46.601,-12.825],[-46.606,-12.826],[-46.612,-12.837],[-46.617,-12.837],[-46.616,-12.846],[-46.622,-12.847],[-46.625,-12.854],[-46.624,-12.871],[-46.618,-12.873],[-46.615,-12.879],[-46.624,-12.887],[-46.626,-12.921],[-46.629,-12.927],[-46.627,-12.934],[-46.634,-12.942],[-46.633,-12.97],[-46.636,-12.97],[-46.707,-12.969],[-46.75,-12.969],[-46.819,-13.002],[-46.823,-13.008],[-46.818,-13.014],[-46.829,-13.018],[-46.834,-13.033],[-46.84,-13.034],[-46.847,-13.045],[-46.844,-13.049],[-46.847,-13.053],[-46.848,-13.05],[-46.855,-13.055],[-46.854,-13.067],[-46.868,-13.068],[-46.871,-13.063],[-46.871,-13.06],[-46.876,-13.062],[-46.88,-13.059],[-46.879,-13.048],[-46.892,-13.053],[-46.902,-13.067],[-46.91,-13.069],[-46.928,-13.083],[-46.929,-13.092],[-46.946,-13.099],[-46.954,-13.111],[-46.963,-13.112],[-46.978,-13.121],[-46.978,-13.131],[-46.988,-13.128],[-46.987,-13.121],[-46.992,-13.124],[-47.001,-13.121],[-47.005,-13.125],[-47.005,-13.132],[-47.009,-13.14],[-47.019,-13.145],[-47.022,-13.142],[-47.035,-13.148],[-47.035,-13.15],[-47.041,-13.148],[-47.047,-13.157],[-47.051,-13.155],[-47.062,-13.161],[-47.069,-13.155],[-47.072,-13.16],[-47.077,-13.161],[-47.08,-13.162],[-47.08,-13.166],[-47.084,-13.17],[-47.08,-13.178],[-47.087,-13.182],[-47.09,-13.174],[-47.097,-13.171],[-47.102,-13.174],[-47.105,-13.181],[-47.108,-13.181],[-47.109,-13.171],[-47.118,-13.177],[-47.132,-13.178],[-47.14,-13.187],[-47.133,-13.189],[-47.135,-13.203],[-47.153,-13.209],[-47.162,-13.205],[-47.167,-13.211],[-47.172,-13.206],[-47.183,-13.205],[-47.184,-13.203],[-47.175,-13.195],[-47.182,-13.188],[-47.196,-13.193],[-47.211,-13.192],[-47.217,-13.196],[-47.225,-13.193],[-47.232,-13.199],[-47.232,-13.204],[-47.251,-13.212],[-47.248,-13.23],[-47.252,-13.235],[-47.267,-13.238],[-47.267,-13.248],[-47.275,-13.25],[-47.282,-13.264],[-47.289,-13.262],[-47.285,-13.256],[-47.293,-13.256],[-47.294,-13.248],[-47.309,-13.249],[-47.323,-13.258],[-47.337,-13.246],[-47.352,-13.248],[-47.368,-13.236],[-47.371,-13.228],[-47.379,-13.231],[-47.383,-13.241],[-47.388,-13.24],[-47.393,-13.245],[-47.392,-13.262],[-47.397,-13.261],[-47.416,-13.27],[-47.425,-13.289],[-47.432,-13.288],[-47.437,-13.279],[-47.434,-13.268],[-47.455,-13.249],[-47.448,-13.24],[-47.431,-13.238],[-47.435,-13.227],[-47.443,-13.222],[-47.461,-13.227],[-47.485,-13.222],[-47.487,-13.208],[-47.478,-13.187],[-47.484,-13.182],[-47.509,-13.189],[-47.523,-13.182],[-47.533,-13.183],[-47.541,-13.192],[-47.563,-13.184],[-47.568,-13.149],[-47.561,-13.124],[-47.571,-13.116],[-47.563,-13.11],[-47.555,-13.111],[-47.534,-13.128],[-47.515,-13.132],[-47.505,-13.128],[-47.499,-13.114],[-47.493,-13.111],[-47.473,-13.112],[-47.47,-13.115],[-47.46,-13.111],[-47.41,-13.118],[-47.406,-13.121],[-47.4,-13.118],[-47.4,-13.108],[-47.405,-13.101],[-47.397,-13.094],[-47.395,-13.075],[-47.41,-13.062],[-47.412,-13.054],[-47.409,-13.043],[-47.414,-13.035],[-47.42,-13.028],[-47.438,-13.024],[-47.44,-13.002],[-47.438,-12.98],[-47.445,-12.968],[-47.462,-12.959],[-47.459,-12.956],[-47.441,-12.931],[-47.427,-12.932],[-47.415,-12.928],[-47.405,-12.937],[-47.388,-12.934],[-47.384,-12.929],[-47.377,-12.93],[-47.366,-12.924],[-47.359,-12.926],[-47.357,-12.916],[-47.352,-12.919],[-47.346,-12.917],[-47.318,-12.885],[-47.315,-12.859],[-47.298,-12.852],[-47.276,-12.841],[-47.255,-12.84],[-47.218,-12.825],[-47.249,-12.81],[-47.281,-12.812],[-47.293,-12.787],[-47.306,-12.782],[-47.329,-12.761],[-47.337,-12.761],[-47.344,-12.756],[-47.35,-12.751],[-47.368,-12.714],[-47.371,-12.701],[-47.361,-12.697],[-47.36,-12.696],[-47.352,-12.697],[-47.34,-12.687],[-47.335,-12.686],[-47.321,-12.689],[-47.291,-12.687],[-47.285,-12.678],[-47.265,-12.667],[-47.259,-12.656],[-47.241,-12.64],[-47.242,-12.637],[-47.228,-12.634],[-47.224,-12.628],[-47.224,-12.619],[-47.206,-12.61],[-47.227,-12.581],[-47.236,-12.571],[-47.243,-12.573],[-47.252,-12.57],[-47.241,-12.551],[-47.241,-12.542],[-47.236,-12.539],[-47.229,-12.518],[-47.236,-12.51],[-47.234,-12.498],[-47.239,-12.492],[-47.257,-12.482],[-47.263,-12.457],[-47.284,-12.448],[-47.291,-12.443],[-47.29,-12.44],[-47.282,-12.427],[-47.27,-12.421],[-47.25,-12.426],[-47.239,-12.433],[-47.197,-12.419],[-47.19,-12.407],[-47.164,-12.396],[-47.162,-12.39],[-47.15,-12.379],[-47.15,-12.375],[-47.144,-12.368],[-47.136,-12.364],[-47.127,-12.367],[-47.119,-12.363],[-47.109,-12.36],[-47.104,-12.361],[-47.092,-12.352],[-47.082,-12.351],[-47.074,-12.36]]]}},{"type":"Feature","properties":{"id":"1702554","nome":"Augustin\u00f3polis"},"geometry":{"type":"Polygon","coordinates":[[[-47.978,-5.423],[-47.928,-5.448],[-47.925,-5.44],[-47.926,-5.427],[-47.936,-5.417],[-47.933,-5.402],[-47.94,-5.393],[-47.937,-5.384],[-47.913,-5.405],[-47.869,-5.417],[-47.827,-5.386],[-47.829,-5.392],[-47.826,-5.406],[-47.83,-5.417],[-47.825,-5.438],[-47.83,-5.444],[-47.843,-5.443],[-47.853,-5.449],[-47.852,-5.474],[-47.866,-5.486],[-47.859,-5.494],[-47.865,-5.511],[-47.856,-5.525],[-47.857,-5.538],[-47.862,-5.543],[-47.859,-5.558],[-47.859,-5.57],[-47.838,-5.59],[-47.838,-5.599],[-47.836,-5.612],[-47.84,-5.621],[-47.836,-5.627],[-47.835,-5.636],[-47.839,-5.647],[-47.839,-5.649],[-47.844,-5.663],[-47.869,-5.664],[-47.877,-5.657],[-47.875,-5.649],[-47.881,-5.645],[-47.883,-5.635],[-47.887,-5.631],[-47.881,-5.627],[-47.887,-5.621],[-47.886,-5.609],[-47.897,-5.609],[-47.908,-5.616],[-47.917,-5.595],[-47.931,-5.59],[-47.929,-5.58],[-47.937,-5.567],[-47.954,-5.561],[-47.972,-5.566],[-47.969,-5.548],[-47.979,-5.541],[-47.986,-5.524],[-47.998,-5.517],[-48.001,-5.511],[-48.005,-5.51],[-48.013,-5.496],[-48.013,-5.483],[-48.022,-5.477],[-48.021,-5.466],[-48.029,-5.469],[-48.037,-5.462],[-48.046,-5.463],[-48.048,-5.445],[-48.071,-5.444],[-48.076,-5.44],[-48.074,-5.417],[-48.066,-5.408],[-48.064,-5.379],[-48.057,-5.383],[-48.044,-5.389],[-48.01,-5.406],[-48.001,-5.411],[-47.978,-5.423]]]}},{"type":"Feature","properties":{"id":"1702703","nome":"Aurora do Tocantins"},"geometry":{"type":"Polygon","coordinates":[[[-46.152,-12.513],[-46.16,-12.528],[-46.201,-12.53],[-46.227,-12.536],[-46.246,-12.546],[-46.256,-12.547],[-46.261,-12.549],[-46.266,-12.572],[-46.28,-12.584],[-46.273,-12.594],[-46.29,-12.633],[-46.273,-12.638],[-46.271,-12.643],[-46.261,-12.646],[-46.256,-12.655],[-46.265,-12.668],[-46.284,-12.679],[-46.293,-12.692],[-46.286,-12.698],[-46.286,-12.705],[-46.276,-12.705],[-46.264,-12.717],[-46.267,-12.739],[-46.28,-12.75],[-46.276,-12.759],[-46.283,-12.765],[-46.295,-12.769],[-46.311,-12.757],[-46.35,-12.754],[-46.353,-12.759],[-46.348,-12.768],[-46.363,-12.77],[-46.374,-12.762],[-46.38,-12.75],[-46.393,-12.745],[-46.442,-12.771],[-46.455,-12.766],[-46.472,-12.743],[-46.488,-12.73],[-46.49,-12.718],[-46.487,-12.711],[-46.491,-12.702],[-46.484,-12.694],[-46.479,-12.693],[-46.479,-12.68],[-46.489,-12.681],[-46.497,-12.688],[-46.517,-12.695],[-46.538,-12.69],[-46.542,-12.683],[-46.565,-12.676],[-46.581,-12.663],[-46.59,-12.664],[-46.617,-12.655],[-46.625,-12.664],[-46.63,-12.664],[-46.632,-12.659],[-46.638,-12.655],[-46.647,-12.658],[-46.654,-12.654],[-46.662,-12.639],[-46.665,-12.638],[-46.665,-12.642],[-46.673,-12.647],[-46.682,-12.643],[-46.682,-12.632],[-46.689,-12.629],[-46.681,-12.627],[-46.679,-12.623],[-46.682,-12.616],[-46.678,-12.611],[-46.687,-12.61],[-46.687,-12.603],[-46.695,-12.595],[-46.704,-12.595],[-46.702,-12.592],[-46.706,-12.585],[-46.7,-12.577],[-46.698,-12.579],[-46.694,-12.576],[-46.693,-12.579],[-46.684,-12.572],[-46.677,-12.578],[-46.672,-12.578],[-46.677,-12.584],[-46.674,-12.582],[-46.663,-12.595],[-46.655,-12.594],[-46.636,-12.599],[-46.626,-12.594],[-46.617,-12.596],[-46.612,-12.585],[-46.607,-12.589],[-46.593,-12.582],[-46.579,-12.594],[-46.563,-12.595],[-46.563,-12.591],[-46.552,-12.583],[-46.546,-12.581],[-46.546,-12.585],[-46.536,-12.577],[-46.518,-12.58],[-46.5,-12.573],[-46.499,-12.575],[-46.491,-12.566],[-46.481,-12.565],[-46.47,-12.57],[-46.465,-12.565],[-46.457,-12.566],[-46.455,-12.572],[-46.435,-12.582],[-46.419,-12.579],[-46.418,-12.582],[-46.417,-12.579],[-46.408,-12.58],[-46.407,-12.576],[-46.405,-12.578],[-46.403,-12.578],[-46.401,-12.576],[-46.395,-12.579],[-46.391,-12.574],[-46.382,-12.574],[-46.381,-12.564],[-46.377,-12.562],[-46.372,-12.566],[-46.361,-12.561],[-46.356,-12.556],[-46.355,-12.549],[-46.343,-12.55],[-46.339,-12.546],[-46.339,-12.54],[-46.328,-12.538],[-46.327,-12.535],[-46.306,-12.533],[-46.283,-12.526],[-46.267,-12.528],[-46.223,-12.514],[-46.214,-12.506],[-46.182,-12.5],[-46.153,-12.483],[-46.162,-12.495],[-46.152,-12.513]]]}},{"type":"Feature","properties":{"id":"1702901","nome":"Axix\u00e1 do Tocantins"},"geometry":{"type":"Polygon","coordinates":[[[-47.728,-5.657],[-47.728,-5.67],[-47.733,-5.677],[-47.738,-5.698],[-47.742,-5.704],[-47.751,-5.715],[-47.757,-5.729],[-47.751,-5.755],[-47.752,-5.765],[-47.756,-5.764],[-47.758,-5.75],[-47.765,-5.741],[-47.771,-5.733],[-47.768,-5.72],[-47.78,-5.707],[-47.779,-5.7],[-47.787,-5.692],[-47.79,-5.684],[-47.798,-5.673],[-47.81,-5.666],[-47.814,-5.664],[-47.824,-5.666],[-47.833,-5.659],[-47.833,-5.649],[-47.839,-5.649],[-47.839,-5.647],[-47.835,-5.636],[-47.836,-5.627],[-47.84,-5.621],[-47.836,-5.612],[-47.838,-5.599],[-47.748,-5.597],[-47.737,-5.597],[-47.679,-5.595],[-47.689,-5.615],[-47.693,-5.635],[-47.711,-5.638],[-47.715,-5.65],[-47.728,-5.657]]]}},{"type":"Feature","properties":{"id":"1703008","nome":"Baba\u00e7ul\u00e2ndia"},"geometry":{"type":"Polygon","coordinates":[[[-47.641,-6.985],[-47.631,-6.99],[-47.627,-6.984],[-47.617,-6.984],[-47.617,-6.987],[-47.603,-6.994],[-47.601,-6.991],[-47.583,-6.997],[-47.572,-6.995],[-47.571,-7.0],[-47.575,-7.004],[-47.565,-7.006],[-47.548,-7.0],[-47.535,-6.987],[-47.545,-7.012],[-47.557,-7.031],[-47.574,-7.05],[-47.594,-7.062],[-47.618,-7.091],[-47.626,-7.118],[-47.644,-7.143],[-47.66,-7.151],[-47.675,-7.147],[-47.694,-7.137],[-47.704,-7.135],[-47.738,-7.156],[-47.747,-7.167],[-47.75,-7.189],[-47.743,-7.208],[-47.736,-7.218],[-47.735,-7.219],[-47.691,-7.238],[-47.674,-7.259],[-47.683,-7.262],[-47.682,-7.267],[-47.696,-7.27],[-47.695,-7.274],[-47.7,-7.28],[-47.697,-7.281],[-47.698,-7.285],[-47.709,-7.288],[-47.714,-7.294],[-47.722,-7.296],[-47.722,-7.307],[-47.733,-7.317],[-47.734,-7.322],[-47.739,-7.325],[-47.749,-7.323],[-47.748,-7.331],[-47.753,-7.334],[-47.751,-7.345],[-47.758,-7.343],[-47.763,-7.353],[-47.78,-7.356],[-47.784,-7.36],[-47.79,-7.352],[-47.797,-7.362],[-47.822,-7.368],[-47.839,-7.365],[-47.845,-7.381],[-47.848,-7.384],[-47.857,-7.379],[-47.866,-7.382],[-47.874,-7.372],[-47.883,-7.383],[-47.893,-7.381],[-47.898,-7.393],[-47.917,-7.383],[-47.929,-7.39],[-47.931,-7.396],[-47.937,-7.39],[-47.952,-7.393],[-47.963,-7.414],[-47.973,-7.419],[-47.976,-7.419],[-47.979,-7.411],[-47.997,-7.398],[-48.01,-7.399],[-48.014,-7.396],[-48.014,-7.387],[-48.027,-7.381],[-48.031,-7.372],[-48.036,-7.372],[-48.044,-7.357],[-48.052,-7.353],[-48.055,-7.346],[-48.06,-7.335],[-48.06,-7.324],[-48.064,-7.321],[-48.082,-7.288],[-48.077,-7.269],[-48.08,-7.256],[-48.073,-7.222],[-48.084,-7.213],[-48.091,-7.213],[-48.096,-7.209],[-48.094,-7.202],[-48.086,-7.197],[-48.087,-7.185],[-48.078,-7.17],[-48.077,-7.159],[-48.083,-7.158],[-48.093,-7.164],[-48.102,-7.163],[-48.107,-7.153],[-48.132,-7.131],[-48.134,-7.123],[-48.087,-7.105],[-48.022,-7.081],[-47.869,-7.028],[-47.734,-6.983],[-47.756,-6.905],[-47.743,-6.905],[-47.707,-6.91],[-47.7,-6.922],[-47.698,-6.935],[-47.677,-6.944],[-47.671,-6.954],[-47.659,-6.959],[-47.653,-6.974],[-47.641,-6.985]]]}},{"type":"Feature","properties":{"id":"1703057","nome":"Bandeirantes do Tocantins"},"geometry":{"type":"Polygon","coordinates":[[[-48.708,-7.58],[-48.696,-7.585],[-48.688,-7.584],[-48.66,-7.624],[-48.652,-7.622],[-48.613,-7.624],[-48.602,-7.636],[-48.605,-7.65],[-48.6,-7.663],[-48.568,-7.676],[-48.558,-7.697],[-48.555,-7.697],[-48.556,-7.703],[-48.552,-7.71],[-48.539,-7.72],[-48.534,-7.729],[-48.536,-7.734],[-48.53,-7.738],[-48.516,-7.737],[-48.518,-7.75],[-48.51,-7.766],[-48.507,-7.79],[-48.513,-7.801],[-48.507,-7.803],[-48.5,-7.809],[-48.496,-7.822],[-48.497,-7.85],[-48.499,-7.853],[-48.506,-7.856],[-48.508,-7.879],[-48.515,-7.884],[-48.525,-7.88],[-48.534,-7.888],[-48.545,-7.89],[-48.55,-7.895],[-48.546,-7.901],[-48.553,-7.908],[-48.557,-7.911],[-48.575,-7.925],[-48.587,-7.927],[-48.592,-7.936],[-48.612,-7.939],[-48.615,-7.943],[-48.614,-7.956],[-48.629,-7.965],[-48.63,-7.97],[-48.623,-7.974],[-48.62,-7.985],[-48.63,-8.017],[-48.637,-8.022],[-48.648,-8.023],[-48.656,-8.03],[-48.656,-8.037],[-48.661,-8.046],[-48.656,-8.052],[-48.644,-8.049],[-48.629,-8.054],[-48.627,-8.077],[-48.633,-8.081],[-48.636,-8.094],[-48.652,-8.119],[-48.638,-8.121],[-48.63,-8.131],[-48.617,-8.13],[-48.615,-8.137],[-48.621,-8.146],[-48.616,-8.161],[-48.628,-8.176],[-48.623,-8.185],[-48.623,-8.197],[-48.614,-8.205],[-48.624,-8.216],[-48.636,-8.221],[-48.638,-8.235],[-48.631,-8.239],[-48.632,-8.246],[-48.629,-8.255],[-48.616,-8.257],[-48.61,-8.268],[-48.613,-8.275],[-48.62,-8.27],[-48.626,-8.27],[-48.635,-8.273],[-48.635,-8.276],[-48.633,-8.285],[-48.619,-8.289],[-48.615,-8.295],[-48.619,-8.3],[-48.627,-8.321],[-48.617,-8.327],[-48.623,-8.334],[-48.63,-8.339],[-48.627,-8.347],[-48.632,-8.353],[-48.62,-8.388],[-48.627,-8.401],[-48.64,-8.397],[-48.632,-8.397],[-48.628,-8.389],[-48.638,-8.369],[-48.638,-8.35],[-48.662,-8.316],[-48.661,-8.298],[-48.666,-8.291],[-48.667,-8.283],[-48.674,-8.277],[-48.684,-8.283],[-48.695,-8.268],[-48.692,-8.264],[-48.696,-8.257],[-48.693,-8.252],[-48.696,-8.245],[-48.692,-8.245],[-48.689,-8.24],[-48.695,-8.232],[-48.697,-8.221],[-48.702,-8.219],[-48.698,-8.21],[-48.705,-8.206],[-48.71,-8.196],[-48.71,-8.189],[-48.706,-8.188],[-48.718,-8.179],[-48.728,-8.183],[-48.734,-8.179],[-48.732,-8.171],[-48.738,-8.167],[-48.744,-8.152],[-48.739,-8.146],[-48.741,-8.147],[-48.743,-8.144],[-48.745,-8.148],[-48.754,-8.148],[-48.752,-8.146],[-48.76,-8.125],[-48.765,-8.127],[-48.766,-8.123],[-48.766,-8.119],[-48.762,-8.119],[-48.763,-8.111],[-48.768,-8.114],[-48.775,-8.11],[-48.773,-8.117],[-48.776,-8.12],[-48.783,-8.11],[-48.784,-8.099],[-48.782,-8.091],[-48.788,-8.091],[-48.791,-8.085],[-48.785,-8.077],[-48.786,-8.072],[-48.793,-8.076],[-48.798,-8.066],[-48.796,-8.056],[-48.788,-8.046],[-48.795,-8.038],[-48.789,-8.029],[-48.796,-8.025],[-48.802,-8.029],[-48.807,-8.004],[-48.799,-7.995],[-48.8,-7.99],[-48.795,-7.987],[-48.799,-7.977],[-48.807,-7.97],[-48.806,-7.965],[-48.809,-7.966],[-48.814,-7.958],[-48.818,-7.94],[-48.81,-7.926],[-48.813,-7.914],[-48.82,-7.91],[-48.821,-7.904],[-48.842,-7.899],[-48.847,-7.888],[-48.829,-7.882],[-48.806,-7.866],[-48.804,-7.847],[-48.796,-7.837],[-48.786,-7.816],[-48.787,-7.8],[-48.78,-7.796],[-48.742,-7.65],[-48.742,-7.642],[-48.749,-7.639],[-48.748,-7.631],[-48.755,-7.622],[-48.754,-7.612],[-48.758,-7.603],[-48.753,-7.603],[-48.752,-7.596],[-48.734,-7.59],[-48.732,-7.58],[-48.728,-7.58],[-48.727,-7.587],[-48.708,-7.58]]]}},{"type":"Feature","properties":{"id":"1703073","nome":"Barra do Ouro"},"geometry":{"type":"Polygon","coordinates":[[[-47.504,-7.436],[-47.499,-7.453],[-47.498,-7.479],[-47.48,-7.492],[-47.48,-7.526],[-47.475,-7.533],[-47.468,-7.531],[-47.461,-7.519],[-47.438,-7.521],[-47.427,-7.525],[-47.424,-7.531],[-47.425,-7.541],[-47.43,-7.548],[-47.441,-7.551],[-47.452,-7.56],[-47.454,-7.575],[-47.458,-7.582],[-47.465,-7.584],[-47.464,-7.588],[-47.469,-7.594],[-47.471,-7.606],[-47.485,-7.615],[-47.494,-7.628],[-47.505,-7.634],[-47.509,-7.662],[-47.527,-7.665],[-47.526,-7.68],[-47.536,-7.697],[-47.545,-7.7],[-47.55,-7.707],[-47.564,-7.715],[-47.568,-7.72],[-47.56,-7.729],[-47.55,-7.729],[-47.54,-7.738],[-47.526,-7.741],[-47.522,-7.756],[-47.509,-7.763],[-47.506,-7.768],[-47.487,-7.766],[-47.477,-7.772],[-47.473,-7.796],[-47.476,-7.801],[-47.475,-7.815],[-47.471,-7.827],[-47.474,-7.832],[-47.487,-7.849],[-47.489,-7.857],[-47.497,-7.858],[-47.501,-7.864],[-47.507,-7.864],[-47.503,-7.875],[-47.504,-7.89],[-47.501,-7.897],[-47.5,-7.914],[-47.491,-7.929],[-47.487,-7.932],[-47.466,-7.933],[-47.457,-7.955],[-47.465,-7.969],[-47.472,-7.965],[-47.497,-7.971],[-47.513,-7.965],[-47.536,-7.989],[-47.548,-7.992],[-47.553,-7.989],[-47.561,-7.979],[-47.571,-7.978],[-47.579,-7.962],[-47.592,-7.97],[-47.595,-7.969],[-47.607,-7.945],[-47.614,-7.945],[-47.613,-7.935],[-47.618,-7.932],[-47.621,-7.921],[-47.65,-7.913],[-47.657,-7.907],[-47.661,-7.898],[-47.665,-7.896],[-47.665,-7.891],[-47.67,-7.888],[-47.666,-7.88],[-47.654,-7.883],[-47.666,-7.869],[-47.666,-7.86],[-47.671,-7.869],[-47.681,-7.869],[-47.686,-7.875],[-47.69,-7.873],[-47.688,-7.864],[-47.694,-7.854],[-47.686,-7.846],[-47.69,-7.84],[-47.682,-7.838],[-47.688,-7.825],[-47.695,-7.826],[-47.697,-7.822],[-47.713,-7.815],[-47.724,-7.8],[-47.72,-7.794],[-47.728,-7.793],[-47.73,-7.79],[-47.723,-7.786],[-47.724,-7.78],[-47.718,-7.781],[-47.725,-7.772],[-47.717,-7.767],[-47.715,-7.771],[-47.711,-7.765],[-47.717,-7.76],[-47.723,-7.763],[-47.724,-7.758],[-47.729,-7.756],[-47.731,-7.745],[-47.739,-7.746],[-47.738,-7.736],[-47.745,-7.734],[-47.739,-7.729],[-47.741,-7.722],[-47.734,-7.724],[-47.729,-7.717],[-47.726,-7.719],[-47.72,-7.716],[-47.72,-7.71],[-47.714,-7.704],[-47.72,-7.697],[-47.705,-7.69],[-47.69,-7.685],[-47.681,-7.681],[-47.651,-7.655],[-47.63,-7.62],[-47.631,-7.59],[-47.631,-7.568],[-47.622,-7.533],[-47.633,-7.501],[-47.626,-7.486],[-47.591,-7.439],[-47.563,-7.45],[-47.55,-7.439],[-47.52,-7.432],[-47.504,-7.436]]]}},{"type":"Feature","properties":{"id":"1703107","nome":"Barrol\u00e2ndia"},"geometry":{"type":"Polygon","coordinates":[[[-48.823,-9.745],[-48.816,-9.751],[-48.813,-9.748],[-48.813,-9.74],[-48.81,-9.739],[-48.808,-9.743],[-48.806,-9.738],[-48.801,-9.736],[-48.798,-9.736],[-48.795,-9.746],[-48.79,-9.747],[-48.786,-9.74],[-48.764,-9.735],[-48.754,-9.738],[-48.746,-9.732],[-48.75,-9.75],[-48.754,-9.751],[-48.75,-9.76],[-48.742,-9.762],[-48.732,-9.759],[-48.717,-9.769],[-48.704,-9.771],[-48.695,-9.737],[-48.681,-9.757],[-48.678,-9.762],[-48.65,-9.758],[-48.654,-9.77],[-48.652,-9.79],[-48.646,-9.799],[-48.642,-9.818],[-48.629,-9.832],[-48.623,-9.864],[-48.641,-9.896],[-48.646,-9.899],[-48.697,-9.893],[-48.723,-9.907],[-48.729,-9.907],[-48.734,-9.931],[-48.739,-9.939],[-48.743,-9.948],[-48.743,-9.969],[-48.805,-10.05],[-48.816,-10.066],[-48.822,-10.066],[-48.824,-10.07],[-48.831,-10.064],[-48.838,-10.068],[-48.843,-10.063],[-48.84,-10.058],[-48.843,-10.05],[-48.859,-10.047],[-48.859,-10.034],[-48.869,-10.032],[-48.875,-10.039],[-48.883,-10.038],[-48.884,-10.058],[-48.888,-10.068],[-48.893,-10.062],[-48.901,-10.048],[-48.904,-10.028],[-48.896,-10.017],[-48.889,-10.016],[-48.881,-10.005],[-48.88,-9.99],[-48.87,-9.975],[-48.873,-9.964],[-48.87,-9.952],[-48.861,-9.948],[-48.858,-9.93],[-48.854,-9.927],[-48.858,-9.905],[-48.851,-9.9],[-48.854,-9.895],[-48.853,-9.886],[-48.865,-9.871],[-48.883,-9.86],[-48.886,-9.84],[-48.905,-9.832],[-48.918,-9.831],[-48.924,-9.837],[-48.928,-9.831],[-48.927,-9.825],[-48.93,-9.823],[-48.945,-9.842],[-48.951,-9.843],[-48.958,-9.839],[-48.964,-9.842],[-48.966,-9.853],[-48.971,-9.841],[-48.961,-9.825],[-48.963,-9.817],[-48.95,-9.802],[-48.943,-9.804],[-48.941,-9.8],[-48.947,-9.788],[-48.94,-9.779],[-48.94,-9.767],[-48.931,-9.759],[-48.929,-9.745],[-48.922,-9.74],[-48.906,-9.768],[-48.886,-9.772],[-48.877,-9.774],[-48.861,-9.758],[-48.864,-9.742],[-48.86,-9.732],[-48.853,-9.73],[-48.85,-9.736],[-48.823,-9.745]]]}},{"type":"Feature","properties":{"id":"1703206","nome":"Bernardo Say\u00e3o"},"geometry":{"type":"Polygon","coordinates":[[[-49.147,-7.87],[-49.138,-7.871],[-49.133,-7.867],[-49.133,-7.871],[-49.127,-7.871],[-49.121,-7.866],[-49.118,-7.872],[-49.093,-7.882],[-49.095,-7.885],[-49.092,-7.889],[-49.089,-7.882],[-49.084,-7.872],[-49.082,-7.874],[-49.061,-7.877],[-49.057,-7.882],[-49.047,-7.882],[-49.047,-7.879],[-49.042,-7.881],[-49.033,-7.874],[-49.037,-7.87],[-49.033,-7.869],[-49.011,-7.873],[-49.002,-7.88],[-49.0,-7.877],[-48.984,-7.872],[-48.976,-7.873],[-48.968,-7.869],[-48.961,-7.87],[-48.961,-7.868],[-48.951,-7.867],[-48.952,-7.864],[-48.945,-7.86],[-48.941,-7.852],[-48.931,-7.857],[-48.92,-7.85],[-48.912,-7.853],[-48.912,-7.848],[-48.907,-7.848],[-48.896,-7.86],[-48.896,-7.866],[-48.888,-7.868],[-48.888,-7.872],[-48.881,-7.876],[-48.873,-7.874],[-48.868,-7.88],[-48.861,-7.883],[-48.855,-7.88],[-48.847,-7.888],[-48.842,-7.899],[-48.821,-7.904],[-48.82,-7.91],[-48.813,-7.914],[-48.81,-7.926],[-48.818,-7.94],[-48.814,-7.958],[-48.809,-7.966],[-48.806,-7.965],[-48.807,-7.97],[-48.799,-7.977],[-48.795,-7.987],[-48.8,-7.99],[-48.799,-7.995],[-48.807,-8.004],[-48.802,-8.029],[-48.796,-8.025],[-48.789,-8.029],[-48.795,-8.038],[-48.788,-8.046],[-48.796,-8.056],[-48.798,-8.066],[-48.793,-8.076],[-48.786,-8.072],[-48.785,-8.077],[-48.791,-8.085],[-48.788,-8.091],[-48.782,-8.091],[-48.784,-8.099],[-48.8,-8.109],[-48.81,-8.123],[-48.814,-8.123],[-48.818,-8.129],[-48.828,-8.126],[-48.843,-8.131],[-48.854,-8.124],[-48.86,-8.112],[-48.873,-8.114],[-48.896,-8.102],[-48.907,-8.112],[-48.923,-8.112],[-48.928,-8.117],[-48.941,-8.102],[-48.974,-8.105],[-48.982,-8.103],[-49.002,-8.084],[-49.009,-8.085],[-49.018,-8.087],[-49.031,-8.084],[-49.043,-8.087],[-49.044,-8.085],[-49.045,-8.087],[-49.052,-8.084],[-49.059,-8.064],[-49.066,-8.056],[-49.076,-8.053],[-49.074,-8.049],[-49.083,-8.032],[-49.092,-8.03],[-49.094,-8.026],[-49.108,-8.025],[-49.113,-8.01],[-49.116,-8.013],[-49.121,-8.008],[-49.129,-8.01],[-49.135,-8.007],[-49.14,-8.012],[-49.145,-8.01],[-49.149,-8.012],[-49.153,-8.01],[-49.152,-8.006],[-49.155,-8.009],[-49.175,-8.009],[-49.182,-7.977],[-49.169,-7.954],[-49.163,-7.921],[-49.162,-7.9],[-49.166,-7.88],[-49.167,-7.854],[-49.166,-7.849],[-49.16,-7.858],[-49.149,-7.858],[-49.148,-7.865],[-49.151,-7.866],[-49.147,-7.87]]]}},{"type":"Feature","properties":{"id":"1703305","nome":"Bom Jesus do Tocantins"},"geometry":{"type":"Polygon","coordinates":[[[-48.124,-8.836],[-48.121,-8.837],[-48.121,-8.829],[-48.116,-8.832],[-48.116,-8.846],[-48.106,-8.851],[-48.105,-8.856],[-48.11,-8.866],[-48.106,-8.868],[-48.095,-8.862],[-48.093,-8.872],[-48.088,-8.873],[-48.087,-8.864],[-48.083,-8.864],[-48.074,-8.866],[-48.074,-8.871],[-48.058,-8.87],[-48.057,-8.875],[-48.051,-8.88],[-48.018,-8.877],[-48.018,-8.883],[-48.011,-8.889],[-48.009,-8.879],[-48.005,-8.886],[-48.0,-8.881],[-47.994,-8.882],[-47.988,-8.872],[-47.989,-8.882],[-47.983,-8.88],[-47.979,-8.881],[-47.98,-8.89],[-47.977,-8.894],[-47.974,-8.893],[-47.974,-8.897],[-47.966,-8.897],[-47.967,-8.901],[-47.959,-8.903],[-47.957,-8.906],[-47.963,-8.911],[-47.956,-8.914],[-47.958,-8.919],[-47.946,-8.918],[-47.943,-8.924],[-47.941,-8.922],[-47.935,-8.932],[-47.931,-8.931],[-47.925,-8.937],[-47.925,-8.943],[-47.919,-8.947],[-47.921,-8.955],[-47.912,-8.959],[-47.904,-8.955],[-47.894,-8.96],[-47.892,-8.955],[-47.882,-8.959],[-47.879,-8.953],[-47.873,-8.951],[-47.871,-8.953],[-47.869,-8.949],[-47.863,-8.952],[-47.859,-8.949],[-47.855,-8.952],[-47.851,-8.949],[-47.841,-8.958],[-47.838,-8.955],[-47.83,-8.956],[-47.828,-8.952],[-47.814,-8.956],[-47.812,-8.949],[-47.806,-8.948],[-47.802,-8.951],[-47.797,-8.946],[-47.774,-8.96],[-47.767,-8.96],[-47.761,-8.965],[-47.747,-8.968],[-47.737,-8.968],[-47.721,-8.955],[-47.714,-8.957],[-47.713,-8.962],[-47.704,-8.966],[-47.7,-8.958],[-47.691,-8.951],[-47.678,-8.957],[-47.676,-8.953],[-47.662,-8.954],[-47.658,-8.96],[-47.654,-8.959],[-47.657,-8.954],[-47.642,-8.953],[-47.639,-8.949],[-47.623,-8.95],[-47.61,-8.94],[-47.588,-8.884],[-47.572,-8.886],[-47.572,-8.901],[-47.566,-8.907],[-47.567,-8.916],[-47.563,-8.918],[-47.559,-8.916],[-47.546,-8.929],[-47.598,-9.02],[-47.609,-9.039],[-47.606,-9.046],[-47.607,-9.053],[-47.619,-9.068],[-47.625,-9.081],[-47.619,-9.093],[-47.621,-9.124],[-47.617,-9.141],[-47.625,-9.146],[-47.626,-9.155],[-47.644,-9.168],[-47.648,-9.167],[-47.65,-9.173],[-47.662,-9.169],[-47.679,-9.177],[-47.682,-9.172],[-47.685,-9.182],[-47.712,-9.169],[-47.72,-9.157],[-47.717,-9.133],[-47.704,-9.119],[-47.706,-9.11],[-47.704,-9.102],[-47.725,-9.088],[-47.723,-9.093],[-47.734,-9.101],[-47.751,-9.107],[-47.774,-9.121],[-47.791,-9.121],[-47.801,-9.113],[-47.839,-9.119],[-47.845,-9.115],[-47.851,-9.118],[-47.859,-9.114],[-47.871,-9.116],[-47.883,-9.125],[-47.891,-9.135],[-47.919,-9.137],[-47.93,-9.137],[-47.934,-9.127],[-47.95,-9.124],[-47.958,-9.115],[-47.974,-9.117],[-47.976,-9.122],[-47.98,-9.118],[-47.984,-9.121],[-47.992,-9.117],[-47.998,-9.123],[-47.995,-9.129],[-48.0,-9.131],[-48.001,-9.126],[-48.006,-9.124],[-48.004,-9.121],[-48.022,-9.115],[-48.026,-9.103],[-48.031,-9.105],[-48.033,-9.097],[-48.037,-9.097],[-48.041,-9.088],[-48.05,-9.086],[-48.051,-9.081],[-48.056,-9.086],[-48.057,-9.081],[-48.063,-9.084],[-48.064,-9.082],[-48.07,-9.082],[-48.074,-9.073],[-48.08,-9.078],[-48.079,-9.074],[-48.084,-9.069],[-48.084,-9.065],[-48.094,-9.065],[-48.095,-9.054],[-48.102,-9.055],[-48.1,-9.06],[-48.103,-9.061],[-48.113,-9.049],[-48.127,-9.021],[-48.139,-9.007],[-48.139,-8.991],[-48.145,-8.984],[-48.154,-8.984],[-48.16,-8.983],[-48.169,-8.968],[-48.178,-8.956],[-48.172,-8.934],[-48.173,-8.907],[-48.167,-8.892],[-48.141,-8.84],[-48.125,-8.821],[-48.124,-8.836]]]}},{"type":"Feature","properties":{"id":"1703602","nome":"Brasil\u00e2ndia do Tocantins"},"geometry":{"type":"Polygon","coordinates":[[[-48.338,-8.133],[-48.323,-8.134],[-48.324,-8.128],[-48.318,-8.133],[-48.313,-8.13],[-48.304,-8.133],[-48.306,-8.137],[-48.3,-8.138],[-48.297,-8.145],[-48.303,-8.15],[-48.304,-8.156],[-48.314,-8.17],[-48.333,-8.239],[-48.355,-8.254],[-48.352,-8.265],[-48.34,-8.267],[-48.334,-8.275],[-48.328,-8.275],[-48.32,-8.281],[-48.289,-8.326],[-48.289,-8.332],[-48.283,-8.333],[-48.282,-8.337],[-48.295,-8.343],[-48.316,-8.339],[-48.32,-8.342],[-48.326,-8.336],[-48.331,-8.338],[-48.338,-8.343],[-48.336,-8.346],[-48.346,-8.361],[-48.351,-8.362],[-48.36,-8.38],[-48.374,-8.386],[-48.378,-8.392],[-48.381,-8.39],[-48.387,-8.394],[-48.399,-8.392],[-48.403,-8.394],[-48.41,-8.391],[-48.429,-8.4],[-48.435,-8.394],[-48.437,-8.399],[-48.447,-8.391],[-48.453,-8.401],[-48.465,-8.403],[-48.482,-8.423],[-48.523,-8.395],[-48.531,-8.399],[-48.533,-8.391],[-48.556,-8.379],[-48.556,-8.371],[-48.561,-8.374],[-48.563,-8.371],[-48.572,-8.373],[-48.569,-8.36],[-48.579,-8.357],[-48.593,-8.359],[-48.601,-8.355],[-48.605,-8.345],[-48.617,-8.34],[-48.623,-8.334],[-48.617,-8.327],[-48.627,-8.321],[-48.619,-8.3],[-48.615,-8.295],[-48.619,-8.289],[-48.633,-8.285],[-48.635,-8.276],[-48.627,-8.28],[-48.619,-8.277],[-48.613,-8.284],[-48.603,-8.287],[-48.595,-8.284],[-48.581,-8.267],[-48.584,-8.256],[-48.578,-8.257],[-48.537,-8.232],[-48.524,-8.234],[-48.515,-8.262],[-48.502,-8.262],[-48.488,-8.256],[-48.486,-8.246],[-48.476,-8.238],[-48.472,-8.219],[-48.434,-8.199],[-48.428,-8.181],[-48.417,-8.181],[-48.395,-8.172],[-48.393,-8.145],[-48.388,-8.139],[-48.378,-8.138],[-48.37,-8.144],[-48.368,-8.138],[-48.361,-8.141],[-48.36,-8.133],[-48.353,-8.135],[-48.348,-8.125],[-48.344,-8.124],[-48.345,-8.126],[-48.338,-8.133]]]}},{"type":"Feature","properties":{"id":"1703701","nome":"Brejinho de Nazar\u00e9"},"geometry":{"type":"Polygon","coordinates":[[[-48.401,-10.758],[-48.397,-10.783],[-48.4,-10.808],[-48.397,-10.822],[-48.402,-10.842],[-48.42,-10.883],[-48.458,-10.928],[-48.513,-10.954],[-48.522,-10.971],[-48.535,-10.998],[-48.553,-11.013],[-48.555,-11.018],[-48.557,-11.038],[-48.553,-11.055],[-48.544,-11.069],[-48.536,-11.104],[-48.52,-11.124],[-48.517,-11.158],[-48.496,-11.206],[-48.484,-11.226],[-48.464,-11.247],[-48.453,-11.263],[-48.451,-11.275],[-48.457,-11.301],[-48.479,-11.363],[-48.501,-11.385],[-48.513,-11.391],[-48.528,-11.39],[-48.542,-11.383],[-48.548,-11.37],[-48.548,-11.349],[-48.566,-11.326],[-48.566,-11.313],[-48.57,-11.307],[-48.583,-11.303],[-48.592,-11.285],[-48.597,-11.286],[-48.601,-11.283],[-48.601,-11.276],[-48.629,-11.278],[-48.63,-11.267],[-48.636,-11.262],[-48.647,-11.226],[-48.645,-11.215],[-48.651,-11.199],[-48.645,-11.188],[-48.656,-11.182],[-48.663,-11.186],[-48.674,-11.184],[-48.688,-11.19],[-48.696,-11.175],[-48.712,-11.17],[-48.717,-11.164],[-48.71,-11.148],[-48.71,-11.132],[-48.715,-11.125],[-48.719,-11.125],[-48.735,-11.147],[-48.741,-11.139],[-48.75,-11.142],[-48.763,-11.124],[-48.768,-11.13],[-48.777,-11.128],[-48.782,-11.13],[-48.783,-11.136],[-48.789,-11.137],[-48.794,-11.132],[-48.799,-11.134],[-48.803,-11.125],[-48.808,-11.13],[-48.812,-11.128],[-48.812,-11.12],[-48.817,-11.12],[-48.816,-11.115],[-48.821,-11.117],[-48.83,-11.108],[-48.839,-11.109],[-48.85,-11.104],[-48.854,-11.108],[-48.857,-11.104],[-48.857,-11.098],[-48.842,-11.079],[-48.83,-11.051],[-48.839,-11.024],[-48.841,-11.006],[-48.854,-10.994],[-48.853,-10.967],[-48.831,-10.959],[-48.809,-10.928],[-48.809,-10.919],[-48.798,-10.893],[-48.8,-10.885],[-48.794,-10.868],[-48.811,-10.845],[-48.794,-10.808],[-48.788,-10.796],[-48.785,-10.805],[-48.772,-10.809],[-48.761,-10.802],[-48.744,-10.812],[-48.725,-10.802],[-48.718,-10.812],[-48.705,-10.818],[-48.694,-10.833],[-48.687,-10.837],[-48.663,-10.835],[-48.652,-10.838],[-48.645,-10.832],[-48.643,-10.844],[-48.635,-10.857],[-48.637,-10.87],[-48.625,-10.867],[-48.606,-10.845],[-48.597,-10.843],[-48.592,-10.867],[-48.58,-10.871],[-48.581,-10.862],[-48.575,-10.855],[-48.567,-10.853],[-48.55,-10.857],[-48.545,-10.854],[-48.543,-10.843],[-48.546,-10.83],[-48.534,-10.828],[-48.532,-10.817],[-48.546,-10.808],[-48.544,-10.796],[-48.514,-10.793],[-48.509,-10.785],[-48.496,-10.781],[-48.472,-10.782],[-48.454,-10.763],[-48.429,-10.758],[-48.422,-10.76],[-48.416,-10.755],[-48.417,-10.744],[-48.415,-10.741],[-48.401,-10.758]]]}},{"type":"Feature","properties":{"id":"1703800","nome":"Buriti do Tocantins"},"geometry":{"type":"Polygon","coordinates":[[[-48.054,-5.319],[-48.061,-5.337],[-48.073,-5.342],[-48.079,-5.352],[-48.093,-5.365],[-48.064,-5.379],[-48.066,-5.408],[-48.074,-5.417],[-48.076,-5.44],[-48.09,-5.43],[-48.094,-5.42],[-48.109,-5.421],[-48.114,-5.429],[-48.123,-5.428],[-48.139,-5.4],[-48.162,-5.392],[-48.162,-5.388],[-48.17,-5.389],[-48.187,-5.384],[-48.188,-5.375],[-48.192,-5.372],[-48.2,-5.374],[-48.207,-5.38],[-48.209,-5.363],[-48.22,-5.359],[-48.226,-5.347],[-48.238,-5.348],[-48.236,-5.337],[-48.219,-5.33],[-48.22,-5.323],[-48.223,-5.324],[-48.228,-5.321],[-48.25,-5.318],[-48.173,-5.268],[-48.178,-5.26],[-48.107,-5.267],[-48.079,-5.275],[-48.069,-5.286],[-48.054,-5.319]]]}},{"type":"Feature","properties":{"id":"1703826","nome":"Cachoeirinha"},"geometry":{"type":"Polygon","coordinates":[[[-47.763,-6.009],[-47.741,-6.016],[-47.727,-6.012],[-47.692,-6.018],[-47.712,-6.034],[-47.72,-6.073],[-47.739,-6.096],[-47.746,-6.097],[-47.748,-6.128],[-47.765,-6.153],[-47.852,-6.148],[-47.868,-6.153],[-47.887,-6.143],[-47.91,-6.15],[-47.916,-6.157],[-47.938,-6.166],[-47.962,-6.184],[-47.972,-6.184],[-47.985,-6.183],[-47.993,-6.173],[-47.988,-6.166],[-47.993,-6.162],[-47.991,-6.157],[-47.972,-6.154],[-47.955,-6.133],[-47.96,-6.108],[-47.955,-6.101],[-47.958,-6.095],[-47.956,-6.09],[-47.97,-6.074],[-47.97,-6.065],[-47.908,-6.072],[-47.906,-6.05],[-47.895,-6.022],[-47.888,-6.018],[-47.878,-6.026],[-47.848,-6.028],[-47.83,-6.021],[-47.79,-6.024],[-47.782,-6.016],[-47.763,-6.009]]]}},{"type":"Feature","properties":{"id":"1703842","nome":"Campos Lindos"},"geometry":{"type":"Polygon","coordinates":[[[-46.59,-7.906],[-46.581,-7.908],[-46.576,-7.916],[-46.572,-7.914],[-46.562,-7.92],[-46.558,-7.926],[-46.557,-7.938],[-46.549,-7.949],[-46.543,-7.948],[-46.518,-7.959],[-46.49,-7.983],[-46.485,-7.995],[-46.486,-8.003],[-46.477,-8.012],[-46.479,-8.042],[-46.477,-8.053],[-46.466,-8.066],[-46.467,-8.074],[-46.47,-8.084],[-46.482,-8.088],[-46.489,-8.097],[-46.492,-8.115],[-46.508,-8.157],[-46.514,-8.166],[-46.514,-8.176],[-46.508,-8.183],[-46.498,-8.185],[-46.487,-8.2],[-46.49,-8.207],[-46.502,-8.22],[-46.509,-8.237],[-46.507,-8.27],[-46.522,-8.293],[-46.533,-8.3],[-46.543,-8.319],[-46.558,-8.325],[-46.577,-8.322],[-46.59,-8.328],[-46.606,-8.328],[-46.615,-8.327],[-46.63,-8.318],[-46.641,-8.321],[-46.659,-8.333],[-46.678,-8.336],[-46.685,-8.344],[-46.706,-8.351],[-46.712,-8.362],[-46.721,-8.368],[-46.726,-8.383],[-46.734,-8.385],[-46.74,-8.377],[-46.752,-8.374],[-46.761,-8.378],[-46.776,-8.368],[-46.782,-8.368],[-46.786,-8.374],[-46.786,-8.382],[-46.791,-8.386],[-46.785,-8.395],[-46.787,-8.399],[-46.795,-8.404],[-46.806,-8.399],[-46.798,-8.412],[-46.799,-8.422],[-46.795,-8.43],[-46.802,-8.444],[-46.796,-8.446],[-46.815,-8.47],[-46.82,-8.465],[-46.823,-8.474],[-46.828,-8.472],[-46.832,-8.465],[-46.835,-8.469],[-46.841,-8.465],[-46.841,-8.473],[-46.851,-8.476],[-46.848,-8.488],[-46.851,-8.489],[-46.847,-8.493],[-46.846,-8.501],[-46.851,-8.503],[-46.847,-8.511],[-46.852,-8.516],[-46.843,-8.522],[-46.85,-8.525],[-46.846,-8.532],[-46.869,-8.526],[-46.885,-8.528],[-46.887,-8.522],[-46.896,-8.516],[-46.902,-8.517],[-46.914,-8.51],[-46.927,-8.508],[-46.937,-8.501],[-46.94,-8.505],[-46.943,-8.501],[-46.949,-8.5],[-46.953,-8.491],[-46.958,-8.499],[-46.981,-8.496],[-46.991,-8.501],[-47.016,-8.495],[-47.031,-8.503],[-47.033,-8.494],[-47.037,-8.498],[-47.04,-8.493],[-47.044,-8.493],[-47.05,-8.485],[-47.048,-8.48],[-47.057,-8.476],[-47.056,-8.471],[-47.061,-8.465],[-47.068,-8.463],[-47.07,-8.47],[-47.08,-8.474],[-47.093,-8.475],[-47.095,-8.471],[-47.105,-8.466],[-47.106,-8.472],[-47.116,-8.459],[-47.122,-8.461],[-47.125,-8.441],[-47.13,-8.432],[-47.149,-8.424],[-47.153,-8.412],[-47.166,-8.393],[-47.171,-8.389],[-47.169,-8.378],[-47.172,-8.374],[-47.17,-8.366],[-47.174,-8.367],[-47.173,-8.358],[-47.153,-8.354],[-47.149,-8.342],[-47.15,-8.323],[-47.137,-8.31],[-47.14,-8.291],[-47.11,-8.28],[-47.105,-8.272],[-47.096,-8.277],[-47.091,-8.272],[-47.086,-8.279],[-47.076,-8.273],[-47.068,-8.273],[-47.061,-8.259],[-47.06,-8.245],[-47.044,-8.23],[-47.047,-8.208],[-47.058,-8.2],[-47.04,-8.183],[-47.035,-8.157],[-47.018,-8.141],[-47.015,-8.122],[-47.006,-8.109],[-47.012,-8.103],[-47.009,-8.099],[-47.014,-8.095],[-47.01,-8.092],[-47.016,-8.083],[-47.013,-8.074],[-47.018,-8.064],[-47.014,-8.057],[-47.008,-8.062],[-47.002,-8.057],[-47.001,-8.066],[-46.997,-8.067],[-46.989,-8.047],[-46.982,-8.05],[-46.98,-8.045],[-46.962,-8.039],[-46.966,-8.034],[-46.954,-8.026],[-46.956,-8.016],[-46.953,-8.006],[-46.949,-8.008],[-46.945,-8.005],[-46.941,-7.996],[-46.923,-7.992],[-46.921,-7.995],[-46.922,-7.985],[-46.918,-7.981],[-46.909,-7.98],[-46.905,-7.987],[-46.896,-7.987],[-46.889,-7.975],[-46.882,-7.973],[-46.882,-7.964],[-46.872,-7.955],[-46.869,-7.956],[-46.871,-7.961],[-46.866,-7.969],[-46.861,-7.961],[-46.85,-7.957],[-46.844,-7.965],[-46.84,-7.965],[-46.838,-7.959],[-46.831,-7.963],[-46.824,-7.959],[-46.809,-7.952],[-46.806,-7.951],[-46.802,-7.95],[-46.8,-7.955],[-46.792,-7.953],[-46.789,-7.947],[-46.786,-7.951],[-46.783,-7.951],[-46.781,-7.945],[-46.773,-7.943],[-46.768,-7.935],[-46.767,-7.938],[-46.763,-7.938],[-46.756,-7.922],[-46.746,-7.926],[-46.742,-7.923],[-46.737,-7.924],[-46.732,-7.919],[-46.726,-7.923],[-46.722,-7.915],[-46.713,-7.914],[-46.708,-7.91],[-46.697,-7.916],[-46.685,-7.912],[-46.673,-7.914],[-46.668,-7.904],[-46.66,-7.9],[-46.656,-7.904],[-46.65,-7.908],[-46.64,-7.906],[-46.631,-7.898],[-46.614,-7.896],[-46.597,-7.899],[-46.59,-7.906]]]}},{"type":"Feature","properties":{"id":"1703867","nome":"Cariri do Tocantins"},"geometry":{"type":"Polygon","coordinates":[[[-49.148,-11.736],[-49.116,-11.75],[-49.111,-11.774],[-49.099,-11.78],[-49.093,-11.793],[-49.081,-11.798],[-49.08,-11.803],[-49.092,-11.831],[-49.091,-11.836],[-49.101,-11.857],[-49.105,-11.865],[-49.12,-11.877],[-49.121,-11.888],[-49.113,-11.89],[-49.1,-11.883],[-49.089,-11.882],[-49.087,-11.888],[-49.094,-11.902],[-49.09,-11.911],[-49.079,-11.905],[-49.062,-11.906],[-49.027,-11.933],[-49.001,-11.962],[-49.006,-11.964],[-49.009,-11.961],[-49.011,-11.964],[-49.01,-11.97],[-49.024,-11.985],[-49.035,-12.01],[-49.055,-12.017],[-49.061,-12.028],[-49.067,-12.072],[-49.073,-12.08],[-49.085,-12.087],[-49.098,-12.088],[-49.119,-12.084],[-49.135,-12.073],[-49.146,-12.07],[-49.156,-12.076],[-49.186,-12.106],[-49.195,-12.113],[-49.22,-12.113],[-49.236,-12.135],[-49.246,-12.141],[-49.264,-12.144],[-49.27,-12.141],[-49.286,-12.154],[-49.321,-12.152],[-49.341,-12.159],[-49.348,-12.158],[-49.356,-12.151],[-49.362,-12.149],[-49.395,-12.154],[-49.407,-12.157],[-49.4,-12.152],[-49.347,-12.125],[-49.347,-12.106],[-49.34,-12.095],[-49.336,-12.077],[-49.325,-12.066],[-49.326,-12.051],[-49.321,-12.038],[-49.305,-12.023],[-49.277,-12.011],[-49.266,-11.996],[-49.271,-11.983],[-49.259,-11.967],[-49.263,-11.953],[-49.272,-11.937],[-49.278,-11.916],[-49.286,-11.905],[-49.301,-11.895],[-49.308,-11.88],[-49.308,-11.874],[-49.3,-11.867],[-49.303,-11.854],[-49.31,-11.852],[-49.325,-11.856],[-49.333,-11.853],[-49.333,-11.846],[-49.34,-11.84],[-49.346,-11.823],[-49.35,-11.813],[-49.36,-11.814],[-49.377,-11.808],[-49.386,-11.782],[-49.397,-11.774],[-49.406,-11.761],[-49.389,-11.76],[-49.383,-11.754],[-49.357,-11.749],[-49.352,-11.752],[-49.339,-11.75],[-49.326,-11.744],[-49.289,-11.753],[-49.276,-11.746],[-49.265,-11.75],[-49.252,-11.745],[-49.24,-11.749],[-49.223,-11.738],[-49.217,-11.743],[-49.168,-11.746],[-49.172,-11.739],[-49.148,-11.736]]]}},{"type":"Feature","properties":{"id":"1703883","nome":"Carmol\u00e2ndia"},"geometry":{"type":"Polygon","coordinates":[[[-48.317,-6.925],[-48.316,-6.929],[-48.304,-6.925],[-48.301,-6.93],[-48.302,-6.933],[-48.292,-6.942],[-48.299,-6.945],[-48.297,-6.96],[-48.303,-6.968],[-48.305,-6.986],[-48.31,-6.987],[-48.31,-7.001],[-48.304,-7.022],[-48.308,-7.031],[-48.297,-7.04],[-48.296,-7.047],[-48.302,-7.063],[-48.305,-7.064],[-48.309,-7.069],[-48.309,-7.072],[-48.305,-7.072],[-48.304,-7.104],[-48.307,-7.106],[-48.31,-7.101],[-48.316,-7.106],[-48.306,-7.113],[-48.307,-7.121],[-48.335,-7.138],[-48.345,-7.134],[-48.352,-7.14],[-48.359,-7.139],[-48.365,-7.142],[-48.373,-7.135],[-48.38,-7.139],[-48.397,-7.139],[-48.405,-7.146],[-48.415,-7.147],[-48.418,-7.151],[-48.423,-7.149],[-48.426,-7.151],[-48.44,-7.147],[-48.452,-7.129],[-48.457,-7.127],[-48.453,-7.102],[-48.456,-7.093],[-48.468,-7.082],[-48.469,-7.079],[-48.461,-7.061],[-48.461,-7.051],[-48.451,-7.051],[-48.442,-7.044],[-48.459,-7.026],[-48.451,-7.025],[-48.452,-7.022],[-48.447,-7.021],[-48.438,-7.01],[-48.435,-7.0],[-48.429,-6.996],[-48.429,-6.988],[-48.424,-6.977],[-48.421,-6.973],[-48.415,-6.972],[-48.412,-6.964],[-48.402,-6.962],[-48.385,-6.949],[-48.374,-6.947],[-48.362,-6.939],[-48.355,-6.94],[-48.338,-6.933],[-48.333,-6.923],[-48.317,-6.925]]]}},{"type":"Feature","properties":{"id":"1703891","nome":"Carrasco Bonito"},"geometry":{"type":"Polygon","coordinates":[[[-48.014,-5.238],[-47.933,-5.353],[-47.936,-5.353],[-47.944,-5.366],[-47.952,-5.391],[-47.96,-5.396],[-47.97,-5.416],[-47.978,-5.423],[-48.001,-5.411],[-48.01,-5.406],[-48.044,-5.389],[-48.057,-5.383],[-48.064,-5.379],[-48.093,-5.365],[-48.079,-5.352],[-48.073,-5.342],[-48.061,-5.337],[-48.054,-5.319],[-48.069,-5.286],[-48.079,-5.275],[-48.052,-5.267],[-48.014,-5.238]]]}},{"type":"Feature","properties":{"id":"1703909","nome":"Caseara"},"geometry":{"type":"Polygon","coordinates":[[[-49.724,-9.324],[-49.731,-9.348],[-49.721,-9.348],[-49.718,-9.356],[-49.709,-9.354],[-49.704,-9.362],[-49.706,-9.367],[-49.723,-9.372],[-49.714,-9.381],[-49.724,-9.387],[-49.722,-9.392],[-49.717,-9.394],[-49.717,-9.4],[-49.729,-9.404],[-49.723,-9.416],[-49.718,-9.419],[-49.726,-9.43],[-49.723,-9.438],[-49.716,-9.432],[-49.704,-9.439],[-49.703,-9.443],[-49.71,-9.45],[-49.705,-9.456],[-49.703,-9.463],[-49.71,-9.467],[-49.709,-9.472],[-49.712,-9.478],[-49.708,-9.483],[-49.71,-9.488],[-49.708,-9.492],[-49.702,-9.488],[-49.699,-9.49],[-49.699,-9.501],[-49.696,-9.507],[-49.692,-9.508],[-49.69,-9.53],[-49.684,-9.533],[-49.684,-9.539],[-49.68,-9.54],[-49.683,-9.55],[-49.679,-9.555],[-49.683,-9.556],[-49.683,-9.56],[-49.692,-9.564],[-49.72,-9.589],[-49.73,-9.591],[-49.748,-9.582],[-49.757,-9.593],[-49.767,-9.597],[-49.77,-9.604],[-49.787,-9.61],[-49.795,-9.63],[-49.803,-9.634],[-49.797,-9.649],[-49.8,-9.667],[-49.823,-9.664],[-49.836,-9.669],[-49.85,-9.681],[-49.874,-9.681],[-49.877,-9.685],[-49.887,-9.681],[-49.893,-9.685],[-49.914,-9.676],[-49.925,-9.682],[-49.947,-9.676],[-49.954,-9.668],[-49.976,-9.675],[-49.981,-9.672],[-49.988,-9.672],[-49.99,-9.676],[-49.994,-9.674],[-49.997,-9.671],[-49.999,-9.658],[-49.995,-9.652],[-49.989,-9.652],[-49.989,-9.637],[-49.999,-9.603],[-49.998,-9.596],[-49.988,-9.589],[-49.988,-9.584],[-49.984,-9.586],[-49.982,-9.582],[-49.984,-9.577],[-49.991,-9.572],[-49.987,-9.567],[-49.98,-9.567],[-49.992,-9.551],[-49.994,-9.536],[-50.001,-9.535],[-49.995,-9.532],[-49.982,-9.504],[-49.986,-9.498],[-49.996,-9.507],[-50.006,-9.503],[-49.995,-9.491],[-49.977,-9.481],[-49.986,-9.464],[-49.981,-9.44],[-49.983,-9.432],[-49.989,-9.428],[-49.988,-9.41],[-50.001,-9.389],[-49.995,-9.382],[-49.978,-9.375],[-49.973,-9.37],[-49.976,-9.354],[-49.971,-9.345],[-49.972,-9.321],[-49.962,-9.304],[-49.963,-9.296],[-49.975,-9.28],[-49.973,-9.271],[-49.962,-9.257],[-49.967,-9.243],[-49.966,-9.23],[-49.943,-9.2],[-49.907,-9.173],[-49.905,-9.165],[-49.91,-9.153],[-49.896,-9.143],[-49.867,-9.097],[-49.862,-9.081],[-49.85,-9.058],[-49.71,-9.174],[-49.72,-9.185],[-49.701,-9.199],[-49.702,-9.211],[-49.715,-9.22],[-49.712,-9.228],[-49.704,-9.232],[-49.706,-9.242],[-49.713,-9.252],[-49.715,-9.261],[-49.725,-9.269],[-49.722,-9.283],[-49.707,-9.294],[-49.709,-9.298],[-49.723,-9.302],[-49.724,-9.311],[-49.717,-9.312],[-49.724,-9.324]]]}},{"type":"Feature","properties":{"id":"1704105","nome":"Centen\u00e1rio"},"geometry":{"type":"Polygon","coordinates":[[[-47.448,-8.813],[-47.438,-8.813],[-47.429,-8.812],[-47.404,-8.797],[-47.393,-8.804],[-47.384,-8.82],[-47.371,-8.851],[-47.362,-8.852],[-47.353,-8.858],[-47.338,-8.856],[-47.336,-8.854],[-47.341,-8.851],[-47.34,-8.846],[-47.333,-8.847],[-47.333,-8.842],[-47.32,-8.84],[-47.312,-8.845],[-47.31,-8.836],[-47.287,-8.828],[-47.275,-8.833],[-47.266,-8.844],[-47.26,-8.845],[-47.258,-8.813],[-47.248,-8.839],[-47.228,-8.849],[-47.218,-8.85],[-47.221,-8.853],[-47.218,-8.857],[-47.219,-8.865],[-47.226,-8.872],[-47.224,-8.877],[-47.228,-8.884],[-47.225,-8.89],[-47.232,-8.894],[-47.229,-8.903],[-47.231,-8.911],[-47.229,-8.914],[-47.232,-8.918],[-47.229,-8.922],[-47.232,-8.936],[-47.23,-8.94],[-47.233,-8.944],[-47.231,-8.951],[-47.236,-8.953],[-47.237,-8.959],[-47.241,-8.97],[-47.235,-8.975],[-47.24,-8.98],[-47.245,-8.977],[-47.248,-8.982],[-47.24,-8.988],[-47.245,-8.996],[-47.246,-9.005],[-47.238,-9.011],[-47.229,-8.994],[-47.226,-8.995],[-47.224,-9.004],[-47.234,-9.007],[-47.232,-9.014],[-47.248,-9.016],[-47.252,-9.022],[-47.251,-9.032],[-47.259,-9.044],[-47.249,-9.052],[-47.253,-9.055],[-47.253,-9.063],[-47.247,-9.065],[-47.252,-9.07],[-47.257,-9.083],[-47.257,-9.089],[-47.251,-9.088],[-47.254,-9.1],[-47.253,-9.109],[-47.26,-9.108],[-47.265,-9.112],[-47.257,-9.115],[-47.26,-9.122],[-47.256,-9.131],[-47.263,-9.136],[-47.259,-9.14],[-47.272,-9.14],[-47.267,-9.151],[-47.26,-9.156],[-47.265,-9.16],[-47.261,-9.182],[-47.267,-9.187],[-47.269,-9.199],[-47.265,-9.204],[-47.283,-9.214],[-47.283,-9.22],[-47.29,-9.229],[-47.276,-9.234],[-47.286,-9.238],[-47.298,-9.252],[-47.332,-9.256],[-47.335,-9.261],[-47.33,-9.268],[-47.34,-9.274],[-47.346,-9.288],[-47.362,-9.286],[-47.357,-9.271],[-47.362,-9.266],[-47.369,-9.267],[-47.375,-9.264],[-47.383,-9.249],[-47.407,-9.238],[-47.425,-9.238],[-47.433,-9.232],[-47.454,-9.249],[-47.462,-9.25],[-47.466,-9.243],[-47.495,-9.259],[-47.497,-9.263],[-47.52,-9.255],[-47.528,-9.261],[-47.529,-9.265],[-47.517,-9.275],[-47.517,-9.286],[-47.532,-9.301],[-47.562,-9.315],[-47.598,-9.302],[-47.605,-9.309],[-47.607,-9.32],[-47.614,-9.326],[-47.62,-9.331],[-47.634,-9.328],[-47.639,-9.33],[-47.642,-9.348],[-47.648,-9.354],[-47.653,-9.355],[-47.668,-9.342],[-47.682,-9.333],[-47.694,-9.331],[-47.71,-9.33],[-47.716,-9.336],[-47.723,-9.336],[-47.727,-9.333],[-47.724,-9.319],[-47.721,-9.312],[-47.699,-9.3],[-47.692,-9.291],[-47.691,-9.281],[-47.686,-9.278],[-47.688,-9.258],[-47.695,-9.249],[-47.69,-9.24],[-47.694,-9.239],[-47.695,-9.23],[-47.691,-9.23],[-47.699,-9.224],[-47.69,-9.218],[-47.692,-9.212],[-47.688,-9.207],[-47.69,-9.202],[-47.694,-9.201],[-47.69,-9.196],[-47.693,-9.193],[-47.689,-9.191],[-47.69,-9.185],[-47.685,-9.182],[-47.682,-9.172],[-47.679,-9.177],[-47.662,-9.169],[-47.65,-9.173],[-47.648,-9.167],[-47.644,-9.168],[-47.626,-9.155],[-47.625,-9.146],[-47.617,-9.141],[-47.621,-9.124],[-47.619,-9.093],[-47.625,-9.081],[-47.619,-9.068],[-47.607,-9.053],[-47.606,-9.046],[-47.609,-9.039],[-47.598,-9.02],[-47.546,-8.929],[-47.544,-8.936],[-47.472,-8.797],[-47.465,-8.797],[-47.448,-8.813]]]}},{"type":"Feature","properties":{"id":"1704600","nome":"Chapada de Areia"},"geometry":{"type":"Polygon","coordinates":[[[-49.298,-10.035],[-49.293,-10.041],[-49.291,-10.037],[-49.282,-10.041],[-49.277,-10.04],[-49.278,-10.048],[-49.261,-10.059],[-49.243,-10.057],[-49.23,-10.066],[-49.221,-10.064],[-49.217,-10.067],[-49.217,-10.073],[-49.214,-10.073],[-49.213,-10.07],[-49.21,-10.074],[-49.211,-10.086],[-49.206,-10.092],[-49.195,-10.094],[-49.191,-10.1],[-49.173,-10.097],[-49.158,-10.108],[-49.151,-10.124],[-49.143,-10.128],[-49.135,-10.137],[-49.137,-10.139],[-49.132,-10.147],[-49.128,-10.148],[-49.128,-10.143],[-49.121,-10.142],[-49.116,-10.149],[-49.109,-10.149],[-49.104,-10.158],[-49.085,-10.171],[-49.08,-10.181],[-49.067,-10.184],[-49.063,-10.191],[-49.064,-10.196],[-49.055,-10.202],[-49.053,-10.208],[-49.039,-10.219],[-49.038,-10.232],[-49.033,-10.232],[-49.032,-10.24],[-49.025,-10.248],[-49.025,-10.253],[-49.019,-10.256],[-49.01,-10.253],[-49.015,-10.269],[-49.01,-10.272],[-49.014,-10.277],[-49.007,-10.28],[-49.008,-10.286],[-49.006,-10.293],[-48.991,-10.288],[-48.987,-10.306],[-48.99,-10.309],[-48.986,-10.323],[-48.989,-10.332],[-48.987,-10.349],[-48.98,-10.358],[-48.998,-10.371],[-49.011,-10.367],[-49.031,-10.371],[-49.038,-10.365],[-49.046,-10.366],[-49.054,-10.36],[-49.057,-10.355],[-49.055,-10.35],[-49.067,-10.342],[-49.069,-10.334],[-49.088,-10.342],[-49.093,-10.338],[-49.103,-10.341],[-49.108,-10.335],[-49.093,-10.326],[-49.09,-10.317],[-49.094,-10.311],[-49.092,-10.3],[-49.081,-10.29],[-49.089,-10.275],[-49.092,-10.273],[-49.1,-10.279],[-49.129,-10.278],[-49.135,-10.28],[-49.141,-10.274],[-49.166,-10.274],[-49.173,-10.27],[-49.176,-10.256],[-49.181,-10.252],[-49.196,-10.253],[-49.204,-10.239],[-49.2,-10.225],[-49.203,-10.204],[-49.233,-10.18],[-49.241,-10.177],[-49.252,-10.166],[-49.263,-10.165],[-49.272,-10.158],[-49.287,-10.16],[-49.303,-10.156],[-49.31,-10.149],[-49.326,-10.147],[-49.335,-10.133],[-49.349,-10.132],[-49.356,-10.128],[-49.357,-10.112],[-49.37,-10.07],[-49.384,-10.055],[-49.389,-10.055],[-49.402,-10.034],[-49.418,-10.029],[-49.434,-10.011],[-49.444,-10.006],[-49.431,-10.002],[-49.426,-9.99],[-49.413,-9.983],[-49.414,-9.978],[-49.409,-9.974],[-49.411,-9.97],[-49.404,-9.969],[-49.403,-9.964],[-49.398,-9.96],[-49.378,-9.97],[-49.37,-9.979],[-49.352,-9.98],[-49.349,-9.985],[-49.318,-10.004],[-49.309,-10.017],[-49.305,-10.034],[-49.298,-10.035]]]}},{"type":"Feature","properties":{"id":"1705102","nome":"Chapada da Natividade"},"geometry":{"type":"Polygon","coordinates":[[[-47.765,-11.272],[-47.743,-11.306],[-47.717,-11.287],[-47.719,-11.3],[-47.686,-11.317],[-47.684,-11.33],[-47.68,-11.333],[-47.67,-11.33],[-47.668,-11.321],[-47.663,-11.318],[-47.652,-11.318],[-47.641,-11.307],[-47.634,-11.305],[-47.634,-11.308],[-47.625,-11.303],[-47.62,-11.306],[-47.619,-11.321],[-47.605,-11.339],[-47.603,-11.35],[-47.601,-11.364],[-47.597,-11.368],[-47.597,-11.382],[-47.622,-11.442],[-47.631,-11.444],[-47.636,-11.442],[-47.667,-11.466],[-47.68,-11.482],[-47.679,-11.498],[-47.694,-11.5],[-47.697,-11.509],[-47.694,-11.521],[-47.688,-11.526],[-47.688,-11.538],[-47.669,-11.544],[-47.663,-11.559],[-47.663,-11.57],[-47.668,-11.571],[-47.678,-11.596],[-47.685,-11.597],[-47.692,-11.608],[-47.696,-11.625],[-47.69,-11.64],[-47.695,-11.653],[-47.715,-11.667],[-47.731,-11.67],[-47.734,-11.676],[-47.779,-11.703],[-47.783,-11.712],[-47.796,-11.72],[-47.797,-11.726],[-47.804,-11.73],[-47.814,-11.73],[-47.827,-11.759],[-47.841,-11.757],[-47.847,-11.753],[-47.887,-11.741],[-47.905,-11.732],[-47.915,-11.733],[-47.922,-11.743],[-47.943,-11.745],[-47.957,-11.738],[-47.962,-11.728],[-47.97,-11.721],[-47.971,-11.716],[-47.99,-11.708],[-47.997,-11.71],[-48.0,-11.72],[-48.006,-11.722],[-48.018,-11.718],[-48.025,-11.719],[-48.034,-11.711],[-48.044,-11.708],[-48.06,-11.719],[-48.078,-11.725],[-48.089,-11.723],[-48.098,-11.716],[-48.116,-11.715],[-48.121,-11.71],[-48.138,-11.709],[-48.154,-11.691],[-48.154,-11.687],[-48.146,-11.675],[-48.145,-11.663],[-48.158,-11.661],[-48.163,-11.656],[-48.162,-11.653],[-48.155,-11.653],[-48.158,-11.635],[-48.164,-11.622],[-48.178,-11.601],[-48.17,-11.604],[-48.168,-11.607],[-48.158,-11.604],[-48.154,-11.607],[-48.153,-11.615],[-48.14,-11.62],[-48.137,-11.602],[-48.128,-11.605],[-48.112,-11.592],[-48.102,-11.599],[-48.103,-11.589],[-48.09,-11.593],[-48.083,-11.589],[-48.081,-11.582],[-48.07,-11.588],[-48.065,-11.598],[-48.059,-11.59],[-48.053,-11.59],[-48.052,-11.594],[-48.05,-11.591],[-48.052,-11.585],[-48.045,-11.589],[-48.04,-11.581],[-48.033,-11.581],[-48.019,-11.601],[-48.016,-11.599],[-48.018,-11.596],[-48.007,-11.591],[-48.0,-11.584],[-47.989,-11.581],[-47.991,-11.572],[-47.988,-11.562],[-47.991,-11.559],[-47.987,-11.558],[-47.978,-11.555],[-47.976,-11.557],[-47.975,-11.545],[-47.968,-11.541],[-47.97,-11.528],[-47.962,-11.51],[-47.951,-11.498],[-47.946,-11.481],[-47.941,-11.481],[-47.93,-11.468],[-47.924,-11.445],[-47.925,-11.421],[-47.917,-11.41],[-47.909,-11.405],[-47.907,-11.395],[-47.884,-11.383],[-47.852,-11.376],[-47.832,-11.365],[-47.804,-11.35],[-47.817,-11.344],[-47.814,-11.336],[-47.816,-11.329],[-47.811,-11.328],[-47.811,-11.321],[-47.804,-11.304],[-47.808,-11.291],[-47.801,-11.287],[-47.795,-11.288],[-47.79,-11.283],[-47.781,-11.28],[-47.768,-11.268],[-47.765,-11.272]]]}},{"type":"Feature","properties":{"id":"1705508","nome":"Colinas do Tocantins"},"geometry":{"type":"Polygon","coordinates":[[[-48.471,-7.846],[-48.46,-7.855],[-48.466,-7.853],[-48.466,-7.858],[-48.453,-7.881],[-48.451,-7.904],[-48.445,-7.908],[-48.442,-7.925],[-48.445,-7.93],[-48.443,-7.948],[-48.446,-7.956],[-48.442,-7.964],[-48.439,-7.994],[-48.447,-8.014],[-48.445,-8.017],[-48.442,-8.016],[-48.441,-8.023],[-48.447,-8.032],[-48.443,-8.046],[-48.452,-8.066],[-48.451,-8.071],[-48.446,-8.072],[-48.443,-8.079],[-48.438,-8.078],[-48.434,-8.085],[-48.429,-8.093],[-48.433,-8.101],[-48.432,-8.113],[-48.429,-8.115],[-48.432,-8.12],[-48.43,-8.123],[-48.428,-8.12],[-48.426,-8.125],[-48.418,-8.129],[-48.41,-8.121],[-48.384,-8.126],[-48.378,-8.138],[-48.388,-8.139],[-48.393,-8.145],[-48.395,-8.172],[-48.417,-8.181],[-48.428,-8.181],[-48.434,-8.199],[-48.472,-8.219],[-48.476,-8.238],[-48.486,-8.246],[-48.488,-8.256],[-48.502,-8.262],[-48.515,-8.262],[-48.524,-8.234],[-48.537,-8.232],[-48.578,-8.257],[-48.584,-8.256],[-48.581,-8.267],[-48.595,-8.284],[-48.603,-8.287],[-48.613,-8.284],[-48.619,-8.277],[-48.627,-8.28],[-48.635,-8.276],[-48.635,-8.273],[-48.626,-8.27],[-48.62,-8.27],[-48.613,-8.275],[-48.61,-8.268],[-48.616,-8.257],[-48.629,-8.255],[-48.632,-8.246],[-48.631,-8.239],[-48.638,-8.235],[-48.636,-8.221],[-48.624,-8.216],[-48.614,-8.205],[-48.623,-8.197],[-48.623,-8.185],[-48.628,-8.176],[-48.616,-8.161],[-48.621,-8.146],[-48.615,-8.137],[-48.617,-8.13],[-48.63,-8.131],[-48.638,-8.121],[-48.652,-8.119],[-48.636,-8.094],[-48.633,-8.081],[-48.627,-8.077],[-48.629,-8.054],[-48.644,-8.049],[-48.656,-8.052],[-48.661,-8.046],[-48.656,-8.037],[-48.656,-8.03],[-48.648,-8.023],[-48.637,-8.022],[-48.63,-8.017],[-48.62,-7.985],[-48.623,-7.974],[-48.63,-7.97],[-48.629,-7.965],[-48.614,-7.956],[-48.615,-7.943],[-48.612,-7.939],[-48.592,-7.936],[-48.587,-7.927],[-48.575,-7.925],[-48.557,-7.911],[-48.553,-7.908],[-48.546,-7.901],[-48.55,-7.895],[-48.545,-7.89],[-48.534,-7.888],[-48.525,-7.88],[-48.515,-7.884],[-48.508,-7.879],[-48.506,-7.856],[-48.499,-7.853],[-48.478,-7.855],[-48.471,-7.846]]]}},{"type":"Feature","properties":{"id":"1705557","nome":"Combinado"},"geometry":{"type":"Polygon","coordinates":[[[-46.547,-12.786],[-46.545,-12.789],[-46.524,-12.785],[-46.511,-12.791],[-46.509,-12.792],[-46.507,-12.799],[-46.487,-12.797],[-46.48,-12.803],[-46.476,-12.801],[-46.471,-12.81],[-46.464,-12.81],[-46.455,-12.822],[-46.453,-12.819],[-46.444,-12.823],[-46.432,-12.819],[-46.431,-12.827],[-46.427,-12.823],[-46.421,-12.828],[-46.421,-12.825],[-46.417,-12.823],[-46.432,-12.93],[-46.437,-12.935],[-46.446,-12.936],[-46.457,-12.929],[-46.465,-12.931],[-46.47,-12.925],[-46.487,-12.923],[-46.495,-12.916],[-46.494,-12.909],[-46.5,-12.901],[-46.53,-12.902],[-46.537,-12.899],[-46.539,-12.89],[-46.545,-12.889],[-46.559,-12.872],[-46.564,-12.872],[-46.564,-12.861],[-46.558,-12.847],[-46.561,-12.835],[-46.558,-12.827],[-46.56,-12.821],[-46.576,-12.813],[-46.585,-12.815],[-46.588,-12.807],[-46.593,-12.804],[-46.601,-12.785],[-46.593,-12.772],[-46.595,-12.764],[-46.593,-12.759],[-46.606,-12.732],[-46.585,-12.741],[-46.586,-12.745],[-46.584,-12.75],[-46.57,-12.756],[-46.568,-12.766],[-46.558,-12.768],[-46.553,-12.783],[-46.542,-12.783],[-46.547,-12.786]]]}},{"type":"Feature","properties":{"id":"1705607","nome":"Concei\u00e7\u00e3o do Tocantins"},"geometry":{"type":"Polygon","coordinates":[[[-47.231,-11.838],[-47.223,-11.847],[-47.212,-11.846],[-47.209,-11.85],[-47.209,-11.845],[-47.199,-11.852],[-47.057,-11.951],[-47.056,-11.951],[-47.066,-11.959],[-47.078,-11.961],[-47.126,-11.94],[-47.136,-11.951],[-47.132,-11.957],[-47.136,-11.959],[-47.135,-11.962],[-47.144,-11.969],[-47.145,-11.975],[-47.138,-11.98],[-47.139,-11.987],[-47.13,-11.996],[-47.128,-12.002],[-47.131,-12.028],[-47.119,-12.039],[-47.116,-12.049],[-47.102,-12.052],[-47.076,-12.077],[-47.071,-12.086],[-47.075,-12.098],[-47.081,-12.102],[-47.085,-12.119],[-47.09,-12.119],[-47.085,-12.127],[-47.085,-12.135],[-47.092,-12.141],[-47.093,-12.15],[-47.099,-12.151],[-47.098,-12.156],[-47.105,-12.164],[-47.101,-12.177],[-47.103,-12.182],[-47.109,-12.186],[-47.11,-12.191],[-47.108,-12.194],[-47.104,-12.2],[-47.108,-12.203],[-47.11,-12.218],[-47.117,-12.227],[-47.118,-12.249],[-47.123,-12.259],[-47.122,-12.264],[-47.117,-12.266],[-47.118,-12.274],[-47.113,-12.276],[-47.11,-12.282],[-47.109,-12.291],[-47.091,-12.303],[-47.089,-12.308],[-47.107,-12.343],[-47.116,-12.344],[-47.119,-12.348],[-47.119,-12.363],[-47.127,-12.367],[-47.136,-12.364],[-47.144,-12.368],[-47.15,-12.375],[-47.15,-12.379],[-47.162,-12.39],[-47.164,-12.396],[-47.19,-12.407],[-47.197,-12.419],[-47.239,-12.433],[-47.25,-12.426],[-47.27,-12.421],[-47.282,-12.427],[-47.29,-12.44],[-47.297,-12.446],[-47.318,-12.449],[-47.333,-12.443],[-47.343,-12.446],[-47.36,-12.439],[-47.366,-12.44],[-47.377,-12.448],[-47.392,-12.446],[-47.403,-12.431],[-47.404,-12.419],[-47.415,-12.408],[-47.428,-12.417],[-47.448,-12.419],[-47.459,-12.439],[-47.475,-12.453],[-47.489,-12.453],[-47.499,-12.447],[-47.506,-12.447],[-47.514,-12.438],[-47.511,-12.414],[-47.517,-12.406],[-47.536,-12.4],[-47.529,-12.397],[-47.525,-12.399],[-47.526,-12.386],[-47.541,-12.38],[-47.547,-12.361],[-47.524,-12.357],[-47.524,-12.326],[-47.531,-12.319],[-47.523,-12.295],[-47.523,-12.277],[-47.518,-12.276],[-47.514,-12.267],[-47.518,-12.249],[-47.522,-12.245],[-47.534,-12.245],[-47.541,-12.237],[-47.545,-12.224],[-47.561,-12.187],[-47.573,-12.189],[-47.554,-12.167],[-47.543,-12.171],[-47.536,-12.169],[-47.521,-12.175],[-47.513,-12.187],[-47.495,-12.186],[-47.49,-12.181],[-47.489,-12.165],[-47.483,-12.166],[-47.486,-12.155],[-47.483,-12.147],[-47.486,-12.144],[-47.485,-12.132],[-47.479,-12.128],[-47.476,-12.118],[-47.475,-12.102],[-47.479,-12.09],[-47.473,-12.084],[-47.472,-12.07],[-47.475,-12.063],[-47.471,-12.059],[-47.461,-12.028],[-47.456,-12.025],[-47.456,-12.016],[-47.446,-12.004],[-47.448,-11.99],[-47.461,-11.982],[-47.475,-11.964],[-47.471,-11.961],[-47.449,-11.957],[-47.442,-11.969],[-47.427,-11.966],[-47.422,-11.963],[-47.422,-11.954],[-47.413,-11.954],[-47.412,-11.95],[-47.39,-11.941],[-47.38,-11.916],[-47.347,-11.905],[-47.342,-11.898],[-47.341,-11.888],[-47.329,-11.882],[-47.32,-11.884],[-47.313,-11.88],[-47.297,-11.88],[-47.29,-11.87],[-47.284,-11.869],[-47.281,-11.861],[-47.269,-11.848],[-47.258,-11.851],[-47.251,-11.848],[-47.249,-11.852],[-47.231,-11.838]]]}},{"type":"Feature","properties":{"id":"1706001","nome":"Couto Magalh\u00e3es"},"geometry":{"type":"Polygon","coordinates":[[[-48.974,-8.22],[-48.969,-8.226],[-48.971,-8.237],[-48.977,-8.245],[-48.971,-8.255],[-48.957,-8.263],[-48.961,-8.281],[-48.959,-8.301],[-48.98,-8.333],[-48.986,-8.334],[-48.993,-8.342],[-48.991,-8.351],[-49.006,-8.366],[-49.006,-8.372],[-48.997,-8.377],[-48.991,-8.388],[-48.988,-8.385],[-48.982,-8.4],[-48.974,-8.402],[-48.973,-8.407],[-48.969,-8.413],[-48.972,-8.416],[-48.972,-8.426],[-48.976,-8.43],[-48.976,-8.446],[-48.977,-8.454],[-48.988,-8.469],[-48.992,-8.483],[-48.989,-8.489],[-48.991,-8.496],[-49.015,-8.503],[-49.036,-8.53],[-49.051,-8.537],[-49.052,-8.546],[-49.119,-8.648],[-49.124,-8.646],[-49.128,-8.65],[-49.126,-8.652],[-49.133,-8.651],[-49.131,-8.655],[-49.136,-8.657],[-49.138,-8.663],[-49.143,-8.663],[-49.147,-8.674],[-49.153,-8.674],[-49.157,-8.676],[-49.158,-8.673],[-49.165,-8.673],[-49.162,-8.675],[-49.166,-8.675],[-49.167,-8.678],[-49.172,-8.675],[-49.174,-8.68],[-49.174,-8.676],[-49.179,-8.675],[-49.18,-8.683],[-49.194,-8.676],[-49.195,-8.67],[-49.199,-8.671],[-49.2,-8.667],[-49.203,-8.668],[-49.207,-8.656],[-49.215,-8.653],[-49.213,-8.649],[-49.223,-8.644],[-49.23,-8.647],[-49.235,-8.645],[-49.237,-8.649],[-49.241,-8.643],[-49.243,-8.645],[-49.246,-8.64],[-49.252,-8.639],[-49.253,-8.643],[-49.263,-8.645],[-49.264,-8.649],[-49.275,-8.644],[-49.279,-8.649],[-49.281,-8.641],[-49.288,-8.642],[-49.289,-8.635],[-49.294,-8.632],[-49.295,-8.622],[-49.298,-8.625],[-49.303,-8.617],[-49.304,-8.621],[-49.308,-8.621],[-49.31,-8.617],[-49.307,-8.616],[-49.308,-8.613],[-49.315,-8.612],[-49.316,-8.605],[-49.32,-8.605],[-49.318,-8.602],[-49.323,-8.6],[-49.325,-8.585],[-49.323,-8.584],[-49.332,-8.58],[-49.334,-8.582],[-49.338,-8.576],[-49.335,-8.572],[-49.338,-8.57],[-49.336,-8.569],[-49.342,-8.555],[-49.35,-8.555],[-49.353,-8.549],[-49.354,-8.551],[-49.355,-8.544],[-49.362,-8.543],[-49.376,-8.545],[-49.384,-8.542],[-49.383,-8.546],[-49.387,-8.548],[-49.391,-8.541],[-49.393,-8.542],[-49.392,-8.547],[-49.399,-8.547],[-49.391,-8.489],[-49.374,-8.451],[-49.349,-8.418],[-49.338,-8.41],[-49.313,-8.402],[-49.29,-8.388],[-49.283,-8.379],[-49.276,-8.363],[-49.27,-8.343],[-49.265,-8.323],[-49.256,-8.287],[-49.248,-8.255],[-49.236,-8.232],[-49.222,-8.205],[-49.222,-8.209],[-49.212,-8.222],[-49.217,-8.232],[-49.21,-8.24],[-49.203,-8.237],[-49.192,-8.241],[-49.19,-8.246],[-49.177,-8.251],[-49.171,-8.256],[-49.145,-8.253],[-49.094,-8.221],[-49.069,-8.226],[-49.06,-8.222],[-49.047,-8.224],[-49.028,-8.22],[-49.013,-8.204],[-48.996,-8.202],[-48.992,-8.196],[-48.975,-8.192],[-48.978,-8.197],[-48.972,-8.204],[-48.974,-8.22]]]}},{"type":"Feature","properties":{"id":"1706100","nome":"Cristal\u00e2ndia"},"geometry":{"type":"Polygon","coordinates":[[[-49.425,-10.439],[-49.405,-10.444],[-49.399,-10.453],[-49.39,-10.451],[-49.366,-10.464],[-49.345,-10.47],[-49.342,-10.491],[-49.338,-10.497],[-49.315,-10.496],[-49.301,-10.507],[-49.284,-10.514],[-49.274,-10.514],[-49.268,-10.52],[-49.247,-10.528],[-49.232,-10.543],[-49.222,-10.545],[-49.216,-10.541],[-49.185,-10.537],[-49.178,-10.533],[-49.161,-10.531],[-49.149,-10.534],[-49.146,-10.54],[-49.14,-10.54],[-49.139,-10.544],[-49.127,-10.549],[-49.121,-10.545],[-49.112,-10.545],[-49.102,-10.539],[-49.097,-10.54],[-49.066,-10.518],[-49.073,-10.532],[-49.065,-10.548],[-49.073,-10.557],[-49.07,-10.578],[-49.072,-10.579],[-49.07,-10.583],[-49.066,-10.581],[-49.064,-10.588],[-49.054,-10.592],[-49.055,-10.597],[-49.059,-10.604],[-49.064,-10.603],[-49.066,-10.61],[-49.064,-10.614],[-49.069,-10.619],[-49.071,-10.626],[-49.077,-10.627],[-49.078,-10.647],[-49.082,-10.648],[-49.076,-10.648],[-49.074,-10.653],[-49.071,-10.652],[-49.068,-10.66],[-49.06,-10.656],[-49.051,-10.661],[-49.048,-10.651],[-49.037,-10.655],[-49.029,-10.661],[-49.027,-10.669],[-49.024,-10.669],[-49.025,-10.678],[-49.018,-10.68],[-49.018,-10.686],[-49.013,-10.688],[-49.002,-10.683],[-48.986,-10.667],[-48.965,-10.667],[-48.965,-10.679],[-48.961,-10.688],[-48.965,-10.711],[-48.961,-10.752],[-48.967,-10.757],[-48.982,-10.764],[-49.008,-10.768],[-49.021,-10.78],[-49.028,-10.779],[-49.035,-10.783],[-49.039,-10.792],[-49.05,-10.794],[-49.062,-10.81],[-49.072,-10.81],[-49.075,-10.816],[-49.085,-10.813],[-49.091,-10.806],[-49.094,-10.81],[-49.104,-10.808],[-49.109,-10.815],[-49.128,-10.813],[-49.133,-10.808],[-49.14,-10.814],[-49.156,-10.793],[-49.165,-10.801],[-49.178,-10.797],[-49.185,-10.805],[-49.206,-10.797],[-49.214,-10.776],[-49.227,-10.762],[-49.234,-10.762],[-49.243,-10.755],[-49.274,-10.759],[-49.281,-10.754],[-49.286,-10.758],[-49.295,-10.749],[-49.3,-10.751],[-49.307,-10.746],[-49.316,-10.748],[-49.32,-10.739],[-49.325,-10.738],[-49.325,-10.741],[-49.339,-10.741],[-49.359,-10.749],[-49.367,-10.76],[-49.375,-10.752],[-49.389,-10.759],[-49.404,-10.777],[-49.42,-10.784],[-49.424,-10.783],[-49.434,-10.797],[-49.443,-10.804],[-49.453,-10.805],[-49.465,-10.816],[-49.484,-10.816],[-49.495,-10.822],[-49.5,-10.822],[-49.502,-10.828],[-49.513,-10.838],[-49.522,-10.834],[-49.527,-10.839],[-49.543,-10.832],[-49.552,-10.835],[-49.555,-10.827],[-49.539,-10.811],[-49.53,-10.811],[-49.525,-10.804],[-49.521,-10.782],[-49.508,-10.764],[-49.474,-10.757],[-49.47,-10.753],[-49.471,-10.744],[-49.467,-10.737],[-49.447,-10.728],[-49.452,-10.712],[-49.459,-10.711],[-49.465,-10.705],[-49.477,-10.705],[-49.49,-10.692],[-49.514,-10.691],[-49.529,-10.679],[-49.547,-10.642],[-49.545,-10.619],[-49.561,-10.602],[-49.565,-10.592],[-49.582,-10.583],[-49.585,-10.57],[-49.596,-10.569],[-49.608,-10.577],[-49.62,-10.575],[-49.637,-10.566],[-49.642,-10.567],[-49.647,-10.561],[-49.645,-10.552],[-49.65,-10.547],[-49.673,-10.55],[-49.677,-10.545],[-49.69,-10.541],[-49.701,-10.543],[-49.713,-10.53],[-49.742,-10.527],[-49.763,-10.514],[-49.758,-10.508],[-49.746,-10.513],[-49.743,-10.508],[-49.735,-10.506],[-49.736,-10.503],[-49.729,-10.506],[-49.726,-10.501],[-49.719,-10.502],[-49.716,-10.51],[-49.714,-10.508],[-49.705,-10.516],[-49.707,-10.519],[-49.699,-10.517],[-49.695,-10.512],[-49.686,-10.516],[-49.684,-10.509],[-49.681,-10.51],[-49.683,-10.512],[-49.677,-10.512],[-49.672,-10.519],[-49.658,-10.515],[-49.649,-10.516],[-49.651,-10.51],[-49.647,-10.508],[-49.635,-10.513],[-49.628,-10.504],[-49.623,-10.508],[-49.616,-10.505],[-49.613,-10.51],[-49.609,-10.505],[-49.597,-10.504],[-49.589,-10.5],[-49.563,-10.476],[-49.558,-10.482],[-49.545,-10.484],[-49.543,-10.487],[-49.528,-10.477],[-49.523,-10.484],[-49.511,-10.488],[-49.511,-10.484],[-49.504,-10.484],[-49.48,-10.462],[-49.473,-10.46],[-49.471,-10.456],[-49.458,-10.449],[-49.437,-10.441],[-49.429,-10.443],[-49.425,-10.439]]]}},{"type":"Feature","properties":{"id":"1706258","nome":"Crix\u00e1s do Tocantins"},"geometry":{"type":"Polygon","coordinates":[[[-49.169,-11.064],[-49.166,-11.081],[-49.15,-11.112],[-49.143,-11.11],[-49.114,-11.117],[-49.089,-11.117],[-49.07,-11.121],[-49.052,-11.132],[-49.047,-11.131],[-49.021,-11.125],[-49.008,-11.128],[-48.998,-11.122],[-48.98,-11.126],[-48.97,-11.125],[-48.954,-11.116],[-48.941,-11.114],[-48.925,-11.096],[-48.91,-11.099],[-48.902,-11.095],[-48.886,-11.096],[-48.882,-11.1],[-48.876,-11.097],[-48.866,-11.101],[-48.864,-11.106],[-48.857,-11.104],[-48.854,-11.108],[-48.85,-11.104],[-48.839,-11.109],[-48.83,-11.108],[-48.821,-11.117],[-48.816,-11.115],[-48.817,-11.12],[-48.812,-11.12],[-48.812,-11.128],[-48.808,-11.13],[-48.803,-11.125],[-48.799,-11.134],[-48.794,-11.132],[-48.789,-11.137],[-48.783,-11.136],[-48.782,-11.13],[-48.777,-11.128],[-48.768,-11.13],[-48.763,-11.124],[-48.75,-11.142],[-48.741,-11.139],[-48.735,-11.147],[-48.719,-11.125],[-48.715,-11.125],[-48.71,-11.132],[-48.71,-11.148],[-48.717,-11.164],[-48.718,-11.177],[-48.729,-11.198],[-48.739,-11.201],[-48.758,-11.198],[-48.785,-11.211],[-48.801,-11.213],[-48.811,-11.227],[-48.821,-11.236],[-48.839,-11.241],[-48.857,-11.233],[-48.868,-11.236],[-48.878,-11.247],[-48.895,-11.256],[-48.9,-11.252],[-48.912,-11.251],[-48.922,-11.217],[-48.924,-11.217],[-48.928,-11.231],[-48.934,-11.235],[-48.941,-11.234],[-48.963,-11.25],[-48.985,-11.244],[-49.072,-11.253],[-49.093,-11.244],[-49.119,-11.238],[-49.154,-11.227],[-49.174,-11.207],[-49.175,-11.188],[-49.18,-11.19],[-49.183,-11.206],[-49.19,-11.21],[-49.193,-11.223],[-49.205,-11.225],[-49.21,-11.233],[-49.223,-11.226],[-49.241,-11.237],[-49.259,-11.233],[-49.272,-11.24],[-49.281,-11.239],[-49.297,-11.231],[-49.314,-11.242],[-49.323,-11.242],[-49.33,-11.251],[-49.333,-11.253],[-49.339,-11.251],[-49.349,-11.231],[-49.357,-11.234],[-49.362,-11.232],[-49.359,-11.225],[-49.364,-11.215],[-49.369,-11.215],[-49.369,-11.206],[-49.377,-11.199],[-49.388,-11.2],[-49.387,-11.195],[-49.392,-11.191],[-49.392,-11.184],[-49.404,-11.179],[-49.426,-11.19],[-49.442,-11.173],[-49.438,-11.168],[-49.426,-11.169],[-49.418,-11.162],[-49.405,-11.142],[-49.394,-11.137],[-49.391,-11.129],[-49.382,-11.126],[-49.375,-11.112],[-49.353,-11.108],[-49.347,-11.11],[-49.338,-11.103],[-49.333,-11.104],[-49.318,-11.096],[-49.297,-11.096],[-49.292,-11.102],[-49.293,-11.118],[-49.287,-11.127],[-49.278,-11.123],[-49.264,-11.123],[-49.239,-11.105],[-49.23,-11.104],[-49.22,-11.112],[-49.215,-11.113],[-49.208,-11.095],[-49.197,-11.09],[-49.199,-11.082],[-49.193,-11.075],[-49.19,-11.063],[-49.181,-11.066],[-49.177,-11.064],[-49.175,-11.057],[-49.169,-11.064]]]}},{"type":"Feature","properties":{"id":"1706506","nome":"Darcin\u00f3polis"},"geometry":{"type":"Polygon","coordinates":[[[-47.858,-6.54],[-47.872,-6.59],[-47.856,-6.58],[-47.844,-6.578],[-47.82,-6.59],[-47.81,-6.605],[-47.792,-6.619],[-47.767,-6.65],[-47.77,-6.667],[-47.775,-6.674],[-47.76,-6.669],[-47.747,-6.679],[-47.747,-6.683],[-47.74,-6.686],[-47.734,-6.687],[-47.732,-6.691],[-47.723,-6.692],[-47.711,-6.702],[-47.709,-6.707],[-47.7,-6.708],[-47.695,-6.704],[-47.69,-6.711],[-47.68,-6.708],[-47.67,-6.712],[-47.667,-6.708],[-47.663,-6.711],[-47.653,-6.709],[-47.649,-6.704],[-47.64,-6.709],[-47.621,-6.701],[-47.616,-6.704],[-47.614,-6.702],[-47.612,-6.707],[-47.607,-6.705],[-47.592,-6.709],[-47.593,-6.711],[-47.586,-6.711],[-47.583,-6.707],[-47.576,-6.708],[-47.568,-6.702],[-47.556,-6.707],[-47.533,-6.705],[-47.533,-6.708],[-47.526,-6.71],[-47.525,-6.715],[-47.52,-6.715],[-47.519,-6.721],[-47.511,-6.721],[-47.496,-6.697],[-47.497,-6.721],[-47.493,-6.751],[-47.516,-6.79],[-47.529,-6.831],[-47.527,-6.837],[-47.52,-6.84],[-47.507,-6.872],[-47.505,-6.893],[-47.507,-6.907],[-47.529,-6.946],[-47.528,-6.973],[-47.535,-6.987],[-47.548,-7.0],[-47.565,-7.006],[-47.575,-7.004],[-47.571,-7.0],[-47.572,-6.995],[-47.583,-6.997],[-47.601,-6.991],[-47.603,-6.994],[-47.617,-6.987],[-47.617,-6.984],[-47.627,-6.984],[-47.631,-6.99],[-47.641,-6.985],[-47.653,-6.974],[-47.659,-6.959],[-47.671,-6.954],[-47.677,-6.944],[-47.698,-6.935],[-47.7,-6.922],[-47.707,-6.91],[-47.743,-6.905],[-47.756,-6.905],[-47.766,-6.901],[-47.793,-6.909],[-47.814,-6.903],[-47.818,-6.906],[-47.836,-6.895],[-47.847,-6.893],[-47.855,-6.88],[-47.858,-6.869],[-47.866,-6.863],[-47.877,-6.864],[-47.883,-6.829],[-47.897,-6.818],[-47.905,-6.805],[-47.898,-6.791],[-47.9,-6.781],[-47.912,-6.778],[-47.916,-6.77],[-47.93,-6.758],[-47.938,-6.76],[-47.943,-6.757],[-47.945,-6.76],[-47.946,-6.752],[-47.961,-6.736],[-47.967,-6.734],[-47.968,-6.738],[-47.971,-6.739],[-47.983,-6.727],[-47.981,-6.714],[-47.995,-6.711],[-47.995,-6.707],[-48.001,-6.703],[-48.007,-6.706],[-48.015,-6.703],[-48.018,-6.691],[-48.04,-6.69],[-48.051,-6.674],[-48.062,-6.669],[-48.062,-6.662],[-48.07,-6.659],[-48.082,-6.66],[-48.088,-6.656],[-48.092,-6.659],[-48.107,-6.653],[-48.11,-6.648],[-48.114,-6.648],[-48.114,-6.638],[-48.125,-6.635],[-48.129,-6.623],[-48.127,-6.612],[-48.123,-6.612],[-48.123,-6.604],[-48.12,-6.601],[-48.12,-6.593],[-48.119,-6.589],[-48.101,-6.588],[-48.095,-6.593],[-48.089,-6.591],[-48.083,-6.595],[-48.078,-6.592],[-48.058,-6.603],[-48.05,-6.6],[-48.041,-6.602],[-48.033,-6.593],[-48.034,-6.591],[-48.023,-6.589],[-48.024,-6.579],[-48.013,-6.569],[-48.006,-6.566],[-48.003,-6.569],[-48.0,-6.566],[-47.992,-6.567],[-47.992,-6.563],[-47.986,-6.56],[-47.981,-6.562],[-47.969,-6.556],[-47.963,-6.56],[-47.958,-6.554],[-47.951,-6.555],[-47.95,-6.552],[-47.947,-6.556],[-47.942,-6.55],[-47.928,-6.553],[-47.927,-6.548],[-47.922,-6.551],[-47.905,-6.545],[-47.898,-6.547],[-47.879,-6.543],[-47.873,-6.545],[-47.858,-6.54]]]}},{"type":"Feature","properties":{"id":"1707009","nome":"Dian\u00f3polis"},"geometry":{"type":"Polygon","coordinates":[[[-46.549,-11.38],[-46.548,-11.408],[-46.543,-11.415],[-46.528,-11.422],[-46.525,-11.432],[-46.526,-11.466],[-46.522,-11.479],[-46.502,-11.499],[-46.486,-11.505],[-46.479,-11.516],[-46.468,-11.518],[-46.458,-11.514],[-46.445,-11.514],[-46.427,-11.526],[-46.417,-11.539],[-46.411,-11.542],[-46.401,-11.541],[-46.392,-11.534],[-46.38,-11.534],[-46.36,-11.535],[-46.346,-11.544],[-46.313,-11.539],[-46.289,-11.551],[-46.27,-11.557],[-46.258,-11.556],[-46.236,-11.565],[-46.226,-11.571],[-46.218,-11.582],[-46.213,-11.595],[-46.202,-11.602],[-46.187,-11.606],[-46.166,-11.599],[-46.158,-11.607],[-46.141,-11.608],[-46.127,-11.604],[-46.095,-11.615],[-46.086,-11.622],[-46.087,-11.625],[-46.129,-11.621],[-46.141,-11.626],[-46.195,-11.621],[-46.214,-11.615],[-46.243,-11.584],[-46.287,-11.581],[-46.301,-11.572],[-46.33,-11.571],[-46.338,-11.573],[-46.34,-11.578],[-46.347,-11.577],[-46.361,-11.589],[-46.368,-11.591],[-46.384,-11.609],[-46.39,-11.609],[-46.396,-11.616],[-46.409,-11.62],[-46.419,-11.629],[-46.429,-11.629],[-46.442,-11.641],[-46.45,-11.641],[-46.46,-11.656],[-46.477,-11.658],[-46.481,-11.655],[-46.49,-11.658],[-46.5,-11.65],[-46.517,-11.651],[-46.521,-11.647],[-46.521,-11.651],[-46.528,-11.653],[-46.53,-11.651],[-46.536,-11.656],[-46.543,-11.653],[-46.545,-11.656],[-46.552,-11.654],[-46.557,-11.656],[-46.562,-11.651],[-46.567,-11.654],[-46.567,-11.651],[-46.575,-11.651],[-46.578,-11.657],[-46.583,-11.655],[-46.59,-11.66],[-46.607,-11.658],[-46.61,-11.659],[-46.61,-11.665],[-46.621,-11.663],[-46.622,-11.66],[-46.627,-11.666],[-46.635,-11.662],[-46.64,-11.668],[-46.646,-11.663],[-46.65,-11.672],[-46.658,-11.67],[-46.657,-11.668],[-46.661,-11.669],[-46.661,-11.674],[-46.668,-11.674],[-46.669,-11.687],[-46.681,-11.691],[-46.688,-11.689],[-46.692,-11.695],[-46.699,-11.689],[-46.704,-11.691],[-46.721,-11.681],[-46.742,-11.705],[-46.744,-11.705],[-46.752,-11.71],[-46.752,-11.736],[-46.761,-11.755],[-46.758,-11.76],[-46.763,-11.762],[-46.762,-11.767],[-46.763,-11.782],[-46.771,-11.788],[-46.767,-11.789],[-46.766,-11.794],[-46.77,-11.798],[-46.775,-11.797],[-46.778,-11.802],[-46.775,-11.807],[-46.778,-11.806],[-46.779,-11.81],[-46.785,-11.81],[-46.782,-11.814],[-46.788,-11.818],[-46.778,-11.831],[-46.782,-11.832],[-46.782,-11.851],[-46.767,-11.857],[-46.771,-11.866],[-46.767,-11.872],[-46.773,-11.882],[-46.77,-11.884],[-46.771,-11.89],[-46.767,-11.89],[-46.766,-11.896],[-46.759,-11.902],[-46.759,-11.912],[-46.754,-11.916],[-46.756,-11.918],[-46.753,-11.927],[-46.758,-11.934],[-46.753,-11.941],[-46.754,-11.958],[-46.747,-11.962],[-46.747,-11.973],[-46.742,-11.977],[-46.736,-11.987],[-46.741,-11.992],[-46.742,-12.005],[-46.741,-12.016],[-46.737,-12.02],[-46.745,-12.027],[-46.743,-12.031],[-46.752,-12.045],[-46.756,-12.062],[-46.768,-12.066],[-46.774,-12.084],[-46.768,-12.088],[-46.769,-12.093],[-46.785,-12.106],[-46.793,-12.135],[-46.8,-12.142],[-46.799,-12.146],[-46.809,-12.153],[-46.819,-12.152],[-46.825,-12.17],[-46.835,-12.177],[-46.84,-12.196],[-46.853,-12.205],[-46.854,-12.213],[-46.862,-12.213],[-46.866,-12.218],[-46.878,-12.22],[-46.88,-12.215],[-46.874,-12.209],[-46.878,-12.205],[-46.874,-12.2],[-46.881,-12.195],[-46.878,-12.186],[-46.869,-12.183],[-46.859,-12.171],[-46.862,-12.153],[-46.869,-12.145],[-46.867,-12.145],[-46.869,-12.14],[-46.865,-12.136],[-46.865,-12.126],[-46.862,-12.122],[-46.866,-12.106],[-46.862,-12.099],[-46.848,-12.099],[-46.841,-12.09],[-46.841,-12.076],[-46.854,-12.022],[-46.86,-12.016],[-46.859,-11.992],[-46.879,-11.981],[-46.889,-11.966],[-46.906,-11.961],[-46.911,-11.958],[-46.933,-11.961],[-46.948,-11.942],[-46.962,-11.937],[-46.972,-11.937],[-46.981,-11.947],[-47.021,-11.943],[-47.039,-11.954],[-47.056,-11.951],[-47.057,-11.951],[-47.199,-11.852],[-47.209,-11.845],[-47.199,-11.831],[-47.195,-11.832],[-47.188,-11.825],[-47.176,-11.821],[-47.182,-11.815],[-47.18,-11.803],[-47.188,-11.793],[-47.177,-11.788],[-47.178,-11.772],[-47.167,-11.761],[-47.161,-11.757],[-47.156,-11.758],[-47.153,-11.748],[-47.145,-11.743],[-47.141,-11.745],[-47.142,-11.754],[-47.135,-11.755],[-47.133,-11.749],[-47.122,-11.747],[-47.117,-11.736],[-47.11,-11.737],[-47.108,-11.732],[-47.1,-11.727],[-47.097,-11.717],[-47.09,-11.711],[-47.093,-11.701],[-47.083,-11.697],[-47.08,-11.701],[-47.08,-11.688],[-47.073,-11.684],[-47.067,-11.661],[-47.06,-11.648],[-47.051,-11.644],[-47.051,-11.638],[-47.041,-11.636],[-47.038,-11.628],[-47.045,-11.621],[-47.044,-11.612],[-47.045,-11.606],[-47.046,-11.587],[-47.044,-11.577],[-47.037,-11.57],[-47.036,-11.529],[-47.029,-11.516],[-47.009,-11.516],[-46.995,-11.545],[-46.982,-11.546],[-46.985,-11.545],[-46.987,-11.536],[-46.983,-11.534],[-46.982,-11.525],[-46.974,-11.526],[-46.972,-11.522],[-46.967,-11.523],[-46.967,-11.515],[-46.957,-11.508],[-46.959,-11.506],[-46.957,-11.498],[-46.96,-11.497],[-46.957,-11.491],[-46.963,-11.484],[-46.958,-11.479],[-46.962,-11.477],[-46.96,-11.468],[-46.955,-11.466],[-46.956,-11.462],[-46.95,-11.461],[-46.952,-11.457],[-46.947,-11.45],[-46.937,-11.454],[-46.936,-11.447],[-46.928,-11.456],[-46.929,-11.464],[-46.922,-11.463],[-46.922,-11.47],[-46.916,-11.465],[-46.927,-11.403],[-46.923,-11.404],[-46.918,-11.399],[-46.912,-11.401],[-46.906,-11.396],[-46.899,-11.4],[-46.897,-11.408],[-46.888,-11.418],[-46.865,-11.433],[-46.852,-11.456],[-46.843,-11.456],[-46.832,-11.471],[-46.823,-11.467],[-46.818,-11.468],[-46.808,-11.472],[-46.794,-11.469],[-46.78,-11.472],[-46.776,-11.468],[-46.749,-11.48],[-46.729,-11.466],[-46.719,-11.465],[-46.713,-11.468],[-46.706,-11.466],[-46.687,-11.451],[-46.667,-11.442],[-46.664,-11.429],[-46.652,-11.418],[-46.644,-11.416],[-46.637,-11.409],[-46.608,-11.392],[-46.595,-11.393],[-46.591,-11.389],[-46.581,-11.388],[-46.561,-11.374],[-46.549,-11.38]]]}},{"type":"Feature","properties":{"id":"1707108","nome":"Divin\u00f3polis do Tocantins"},"geometry":{"type":"Polygon","coordinates":[[[-49.623,-9.308],[-49.611,-9.314],[-49.597,-9.315],[-49.586,-9.325],[-49.577,-9.345],[-49.578,-9.351],[-49.572,-9.354],[-49.566,-9.364],[-49.569,-9.375],[-49.564,-9.385],[-49.566,-9.401],[-49.552,-9.409],[-49.539,-9.407],[-49.534,-9.414],[-49.516,-9.414],[-49.498,-9.426],[-49.489,-9.426],[-49.473,-9.441],[-49.463,-9.441],[-49.454,-9.458],[-49.433,-9.479],[-49.425,-9.498],[-49.424,-9.516],[-49.421,-9.519],[-49.416,-9.523],[-49.411,-9.522],[-49.406,-9.531],[-49.408,-9.534],[-49.406,-9.54],[-49.4,-9.543],[-49.4,-9.547],[-49.393,-9.548],[-49.387,-9.559],[-49.382,-9.559],[-49.368,-9.568],[-49.363,-9.576],[-49.356,-9.576],[-49.357,-9.58],[-49.341,-9.594],[-49.337,-9.606],[-49.333,-9.61],[-49.326,-9.611],[-49.319,-9.624],[-49.315,-9.623],[-49.308,-9.639],[-49.309,-9.651],[-49.3,-9.657],[-49.298,-9.672],[-49.269,-9.699],[-49.265,-9.709],[-49.257,-9.71],[-49.25,-9.718],[-49.242,-9.713],[-49.23,-9.712],[-49.212,-9.724],[-49.2,-9.728],[-49.187,-9.728],[-49.182,-9.733],[-49.176,-9.73],[-49.171,-9.736],[-49.171,-9.741],[-49.166,-9.743],[-49.152,-9.737],[-49.12,-9.733],[-49.11,-9.727],[-49.071,-9.722],[-49.046,-9.724],[-49.037,-9.728],[-49.022,-9.728],[-49.003,-9.722],[-48.999,-9.717],[-48.975,-9.712],[-48.967,-9.719],[-48.94,-9.718],[-48.935,-9.734],[-48.925,-9.731],[-48.92,-9.733],[-48.918,-9.729],[-48.909,-9.735],[-48.886,-9.772],[-48.906,-9.768],[-48.922,-9.74],[-48.929,-9.745],[-48.931,-9.759],[-48.94,-9.767],[-48.94,-9.779],[-48.947,-9.788],[-48.941,-9.8],[-48.943,-9.804],[-48.95,-9.802],[-48.963,-9.817],[-48.961,-9.825],[-48.971,-9.841],[-48.966,-9.853],[-48.977,-9.853],[-48.985,-9.858],[-49.01,-9.857],[-49.019,-9.863],[-49.021,-9.862],[-49.043,-9.869],[-49.056,-9.866],[-49.064,-9.874],[-49.071,-9.877],[-49.063,-9.883],[-49.057,-9.896],[-49.056,-9.924],[-49.05,-9.929],[-49.047,-9.941],[-49.057,-9.959],[-49.067,-9.963],[-49.074,-9.949],[-49.084,-9.954],[-49.093,-9.964],[-49.101,-9.968],[-49.12,-9.972],[-49.143,-9.971],[-49.155,-9.966],[-49.159,-9.957],[-49.165,-9.954],[-49.184,-9.953],[-49.193,-9.956],[-49.22,-9.946],[-49.241,-9.926],[-49.252,-9.926],[-49.279,-9.939],[-49.29,-9.931],[-49.318,-9.938],[-49.331,-9.925],[-49.336,-9.925],[-49.354,-9.934],[-49.364,-9.948],[-49.37,-9.946],[-49.376,-9.949],[-49.376,-9.952],[-49.379,-9.949],[-49.388,-9.951],[-49.398,-9.956],[-49.398,-9.96],[-49.403,-9.964],[-49.402,-9.961],[-49.407,-9.951],[-49.397,-9.937],[-49.398,-9.897],[-49.412,-9.901],[-49.436,-9.895],[-49.442,-9.889],[-49.449,-9.891],[-49.463,-9.884],[-49.47,-9.869],[-49.478,-9.86],[-49.5,-9.855],[-49.514,-9.865],[-49.523,-9.854],[-49.525,-9.843],[-49.504,-9.833],[-49.502,-9.826],[-49.503,-9.819],[-49.517,-9.818],[-49.508,-9.79],[-49.503,-9.78],[-49.495,-9.773],[-49.479,-9.769],[-49.473,-9.748],[-49.468,-9.731],[-49.448,-9.701],[-49.463,-9.695],[-49.47,-9.69],[-49.472,-9.683],[-49.481,-9.679],[-49.5,-9.648],[-49.506,-9.647],[-49.511,-9.639],[-49.534,-9.623],[-49.541,-9.624],[-49.549,-9.617],[-49.557,-9.617],[-49.566,-9.607],[-49.57,-9.586],[-49.58,-9.581],[-49.587,-9.571],[-49.613,-9.563],[-49.624,-9.553],[-49.651,-9.554],[-49.666,-9.543],[-49.665,-9.538],[-49.67,-9.54],[-49.675,-9.536],[-49.68,-9.54],[-49.684,-9.539],[-49.684,-9.533],[-49.69,-9.53],[-49.692,-9.508],[-49.696,-9.507],[-49.699,-9.501],[-49.699,-9.49],[-49.702,-9.488],[-49.708,-9.492],[-49.71,-9.488],[-49.708,-9.483],[-49.712,-9.478],[-49.709,-9.472],[-49.71,-9.467],[-49.703,-9.463],[-49.705,-9.456],[-49.71,-9.45],[-49.703,-9.443],[-49.704,-9.439],[-49.716,-9.432],[-49.723,-9.438],[-49.726,-9.43],[-49.718,-9.419],[-49.723,-9.416],[-49.729,-9.404],[-49.717,-9.4],[-49.717,-9.394],[-49.722,-9.392],[-49.724,-9.387],[-49.714,-9.381],[-49.723,-9.372],[-49.706,-9.367],[-49.704,-9.362],[-49.709,-9.354],[-49.718,-9.356],[-49.721,-9.348],[-49.715,-9.341],[-49.708,-9.341],[-49.697,-9.325],[-49.686,-9.326],[-49.684,-9.323],[-49.673,-9.321],[-49.671,-9.323],[-49.661,-9.315],[-49.644,-9.317],[-49.64,-9.314],[-49.63,-9.314],[-49.628,-9.308],[-49.623,-9.308]]]}},{"type":"Feature","properties":{"id":"1707207","nome":"Dois Irm\u00e3os do Tocantins"},"geometry":{"type":"Polygon","coordinates":[[[-49.397,-8.899],[-49.371,-8.919],[-49.366,-8.918],[-49.359,-8.925],[-49.336,-8.931],[-49.329,-8.936],[-49.315,-8.937],[-49.297,-8.951],[-49.27,-8.946],[-49.257,-8.949],[-49.253,-8.954],[-49.238,-8.947],[-49.232,-8.949],[-49.222,-8.942],[-49.208,-8.942],[-49.193,-8.933],[-49.183,-8.933],[-49.169,-8.945],[-49.148,-8.953],[-49.133,-8.968],[-49.125,-8.969],[-49.122,-8.975],[-49.115,-8.98],[-49.112,-8.991],[-49.114,-8.993],[-49.11,-8.995],[-49.103,-8.992],[-49.094,-8.994],[-49.087,-9.004],[-49.07,-9.008],[-49.061,-9.018],[-49.044,-9.018],[-49.036,-9.022],[-49.028,-9.043],[-49.021,-9.05],[-49.006,-9.049],[-49.003,-9.059],[-48.996,-9.062],[-48.992,-9.058],[-48.973,-9.058],[-48.966,-9.065],[-48.962,-9.065],[-48.936,-9.073],[-48.93,-9.08],[-48.907,-9.067],[-48.876,-9.065],[-48.867,-9.068],[-48.86,-9.066],[-48.85,-9.073],[-48.842,-9.085],[-48.836,-9.083],[-48.833,-9.076],[-48.819,-9.074],[-48.813,-9.078],[-48.81,-9.081],[-48.808,-9.117],[-48.805,-9.119],[-48.796,-9.117],[-48.79,-9.128],[-48.782,-9.132],[-48.778,-9.139],[-48.776,-9.149],[-48.778,-9.166],[-48.783,-9.178],[-48.775,-9.179],[-48.765,-9.194],[-48.752,-9.2],[-48.752,-9.228],[-48.749,-9.231],[-48.752,-9.247],[-48.756,-9.25],[-48.756,-9.256],[-48.772,-9.263],[-48.769,-9.268],[-48.762,-9.28],[-48.764,-9.286],[-48.77,-9.29],[-48.764,-9.303],[-48.769,-9.311],[-48.76,-9.316],[-48.758,-9.321],[-48.76,-9.339],[-48.754,-9.352],[-48.76,-9.375],[-48.75,-9.384],[-48.75,-9.41],[-48.754,-9.411],[-48.755,-9.406],[-48.769,-9.412],[-48.777,-9.407],[-48.786,-9.407],[-48.8,-9.422],[-48.798,-9.441],[-48.815,-9.452],[-48.82,-9.47],[-48.81,-9.484],[-48.824,-9.501],[-48.818,-9.511],[-48.829,-9.519],[-48.83,-9.534],[-48.84,-9.549],[-48.853,-9.552],[-48.864,-9.559],[-48.871,-9.57],[-48.873,-9.583],[-48.864,-9.593],[-48.865,-9.598],[-48.858,-9.603],[-48.856,-9.612],[-48.861,-9.626],[-48.856,-9.63],[-48.862,-9.65],[-48.853,-9.654],[-48.86,-9.678],[-48.869,-9.679],[-48.867,-9.695],[-48.862,-9.7],[-48.869,-9.709],[-48.86,-9.732],[-48.864,-9.742],[-48.861,-9.758],[-48.877,-9.774],[-48.886,-9.772],[-48.883,-9.762],[-48.868,-9.75],[-48.869,-9.733],[-48.877,-9.713],[-48.889,-9.707],[-48.89,-9.698],[-48.886,-9.686],[-48.878,-9.685],[-48.875,-9.68],[-48.878,-9.68],[-48.885,-9.672],[-48.899,-9.678],[-48.907,-9.675],[-48.907,-9.665],[-48.901,-9.661],[-48.905,-9.656],[-48.915,-9.658],[-48.921,-9.653],[-48.923,-9.662],[-48.926,-9.659],[-48.929,-9.661],[-48.941,-9.656],[-48.938,-9.65],[-48.94,-9.646],[-48.945,-9.645],[-48.95,-9.65],[-48.955,-9.647],[-48.953,-9.641],[-48.957,-9.632],[-48.956,-9.624],[-48.967,-9.614],[-48.971,-9.597],[-48.979,-9.596],[-48.991,-9.598],[-48.996,-9.588],[-49.01,-9.583],[-49.018,-9.589],[-49.035,-9.589],[-49.046,-9.574],[-49.071,-9.573],[-49.077,-9.568],[-49.086,-9.565],[-49.095,-9.573],[-49.101,-9.566],[-49.108,-9.565],[-49.116,-9.569],[-49.12,-9.563],[-49.131,-9.563],[-49.142,-9.57],[-49.149,-9.57],[-49.161,-9.56],[-49.163,-9.557],[-49.159,-9.549],[-49.176,-9.543],[-49.182,-9.526],[-49.182,-9.517],[-49.19,-9.51],[-49.192,-9.502],[-49.198,-9.501],[-49.202,-9.493],[-49.207,-9.491],[-49.216,-9.492],[-49.217,-9.495],[-49.223,-9.494],[-49.225,-9.49],[-49.22,-9.49],[-49.22,-9.487],[-49.232,-9.475],[-49.234,-9.462],[-49.243,-9.456],[-49.25,-9.458],[-49.246,-9.451],[-49.249,-9.447],[-49.248,-9.438],[-49.254,-9.433],[-49.255,-9.42],[-49.265,-9.412],[-49.264,-9.403],[-49.268,-9.395],[-49.264,-9.393],[-49.263,-9.385],[-49.269,-9.374],[-49.267,-9.368],[-49.27,-9.364],[-49.266,-9.362],[-49.268,-9.35],[-49.279,-9.333],[-49.291,-9.328],[-49.29,-9.323],[-49.3,-9.316],[-49.311,-9.316],[-49.309,-9.315],[-49.311,-9.309],[-49.317,-9.308],[-49.318,-9.301],[-49.325,-9.297],[-49.323,-9.294],[-49.327,-9.293],[-49.327,-9.289],[-49.324,-9.286],[-49.332,-9.279],[-49.33,-9.276],[-49.333,-9.27],[-49.336,-9.271],[-49.337,-9.265],[-49.35,-9.263],[-49.352,-9.253],[-49.359,-9.253],[-49.364,-9.249],[-49.363,-9.245],[-49.366,-9.243],[-49.364,-9.239],[-49.36,-9.239],[-49.36,-9.235],[-49.364,-9.233],[-49.362,-9.226],[-49.367,-9.223],[-49.37,-9.213],[-49.367,-9.21],[-49.37,-9.209],[-49.368,-9.207],[-49.372,-9.203],[-49.37,-9.198],[-49.372,-9.195],[-49.377,-9.195],[-49.375,-9.187],[-49.38,-9.185],[-49.383,-9.178],[-49.391,-9.174],[-49.388,-9.169],[-49.394,-9.161],[-49.391,-9.159],[-49.393,-9.154],[-49.392,-9.147],[-49.395,-9.146],[-49.392,-9.141],[-49.396,-9.132],[-49.396,-9.119],[-49.389,-9.116],[-49.393,-9.114],[-49.386,-9.109],[-49.392,-9.106],[-49.389,-9.104],[-49.391,-9.095],[-49.385,-9.087],[-49.388,-9.086],[-49.387,-9.082],[-49.383,-9.08],[-49.385,-9.07],[-49.38,-9.069],[-49.387,-9.06],[-49.38,-9.05],[-49.38,-9.045],[-49.386,-9.045],[-49.379,-9.038],[-49.381,-9.033],[-49.375,-9.024],[-49.381,-9.019],[-49.38,-8.989],[-49.384,-8.985],[-49.378,-8.984],[-49.382,-8.98],[-49.378,-8.976],[-49.378,-8.969],[-49.375,-8.968],[-49.378,-8.956],[-49.373,-8.953],[-49.373,-8.948],[-49.375,-8.942],[-49.379,-8.947],[-49.385,-8.945],[-49.387,-8.939],[-49.392,-8.939],[-49.394,-8.931],[-49.4,-8.933],[-49.404,-8.924],[-49.398,-8.916],[-49.402,-8.91],[-49.4,-8.909],[-49.406,-8.908],[-49.403,-8.906],[-49.407,-8.901],[-49.402,-8.898],[-49.403,-8.893],[-49.398,-8.895],[-49.397,-8.899]]]}},{"type":"Feature","properties":{"id":"1707306","nome":"Duer\u00e9"},"geometry":{"type":"Polygon","coordinates":[[[-49.793,-11.005],[-49.793,-11.015],[-49.779,-11.01],[-49.777,-11.006],[-49.77,-11.008],[-49.766,-11.024],[-49.754,-11.025],[-49.75,-11.037],[-49.746,-11.035],[-49.736,-11.036],[-49.741,-11.052],[-49.73,-11.062],[-49.722,-11.06],[-49.71,-11.082],[-49.697,-11.089],[-49.693,-11.1],[-49.664,-11.111],[-49.662,-11.12],[-49.653,-11.125],[-49.639,-11.127],[-49.631,-11.124],[-49.618,-11.132],[-49.619,-11.136],[-49.612,-11.146],[-49.599,-11.153],[-49.597,-11.157],[-49.585,-11.161],[-49.581,-11.153],[-49.573,-11.161],[-49.57,-11.155],[-49.563,-11.161],[-49.555,-11.161],[-49.556,-11.165],[-49.562,-11.165],[-49.561,-11.171],[-49.558,-11.171],[-49.559,-11.176],[-49.548,-11.173],[-49.541,-11.176],[-49.541,-11.183],[-49.54,-11.181],[-49.531,-11.182],[-49.528,-11.178],[-49.519,-11.183],[-49.513,-11.177],[-49.503,-11.188],[-49.496,-11.183],[-49.489,-11.184],[-49.476,-11.175],[-49.459,-11.185],[-49.456,-11.176],[-49.452,-11.176],[-49.455,-11.174],[-49.448,-11.171],[-49.442,-11.173],[-49.426,-11.19],[-49.404,-11.179],[-49.392,-11.184],[-49.392,-11.191],[-49.387,-11.195],[-49.388,-11.2],[-49.377,-11.199],[-49.369,-11.206],[-49.369,-11.215],[-49.364,-11.215],[-49.359,-11.225],[-49.362,-11.232],[-49.357,-11.234],[-49.349,-11.231],[-49.339,-11.251],[-49.333,-11.253],[-49.33,-11.251],[-49.326,-11.258],[-49.315,-11.262],[-49.311,-11.273],[-49.303,-11.275],[-49.296,-11.295],[-49.286,-11.295],[-49.28,-11.298],[-49.275,-11.296],[-49.263,-11.306],[-49.271,-11.322],[-49.261,-11.325],[-49.256,-11.322],[-49.249,-11.328],[-49.249,-11.333],[-49.246,-11.336],[-49.233,-11.328],[-49.233,-11.325],[-49.225,-11.325],[-49.218,-11.329],[-49.215,-11.339],[-49.205,-11.346],[-49.187,-11.329],[-49.18,-11.327],[-49.173,-11.333],[-49.162,-11.325],[-49.149,-11.329],[-49.141,-11.336],[-49.137,-11.343],[-49.138,-11.348],[-49.133,-11.349],[-49.124,-11.366],[-49.113,-11.381],[-49.116,-11.384],[-49.114,-11.39],[-49.116,-11.393],[-49.11,-11.399],[-49.098,-11.399],[-49.093,-11.395],[-49.082,-11.399],[-49.073,-11.397],[-49.064,-11.412],[-49.055,-11.415],[-49.052,-11.428],[-49.045,-11.429],[-49.035,-11.44],[-49.024,-11.443],[-49.012,-11.451],[-49.007,-11.471],[-48.995,-11.48],[-48.994,-11.487],[-48.95,-11.518],[-48.948,-11.534],[-48.987,-11.569],[-48.993,-11.593],[-48.995,-11.598],[-49.002,-11.6],[-49.004,-11.591],[-49.01,-11.589],[-49.028,-11.59],[-49.042,-11.584],[-49.046,-11.605],[-49.059,-11.606],[-49.067,-11.599],[-49.079,-11.596],[-49.087,-11.601],[-49.097,-11.603],[-49.099,-11.616],[-49.102,-11.637],[-49.111,-11.647],[-49.109,-11.655],[-49.126,-11.658],[-49.133,-11.667],[-49.145,-11.663],[-49.162,-11.671],[-49.164,-11.685],[-49.168,-11.689],[-49.167,-11.7],[-49.17,-11.714],[-49.18,-11.727],[-49.172,-11.739],[-49.168,-11.746],[-49.217,-11.743],[-49.223,-11.738],[-49.24,-11.749],[-49.252,-11.745],[-49.265,-11.75],[-49.276,-11.746],[-49.289,-11.753],[-49.326,-11.744],[-49.339,-11.75],[-49.352,-11.752],[-49.357,-11.749],[-49.383,-11.754],[-49.389,-11.76],[-49.406,-11.761],[-49.408,-11.754],[-49.413,-11.75],[-49.428,-11.746],[-49.428,-11.732],[-49.455,-11.721],[-49.459,-11.713],[-49.457,-11.709],[-49.47,-11.7],[-49.471,-11.695],[-49.477,-11.696],[-49.49,-11.691],[-49.494,-11.684],[-49.481,-11.677],[-49.485,-11.671],[-49.485,-11.653],[-49.493,-11.65],[-49.491,-11.639],[-49.497,-11.63],[-49.493,-11.625],[-49.495,-11.61],[-49.499,-11.609],[-49.499,-11.605],[-49.493,-11.604],[-49.495,-11.592],[-49.498,-11.587],[-49.511,-11.58],[-49.516,-11.57],[-49.514,-11.563],[-49.519,-11.549],[-49.525,-11.551],[-49.534,-11.547],[-49.539,-11.54],[-49.538,-11.529],[-49.544,-11.523],[-49.551,-11.522],[-49.549,-11.518],[-49.555,-11.507],[-49.563,-11.506],[-49.562,-11.503],[-49.565,-11.502],[-49.57,-11.505],[-49.574,-11.514],[-49.583,-11.502],[-49.579,-11.49],[-49.572,-11.488],[-49.571,-11.484],[-49.578,-11.477],[-49.575,-11.469],[-49.578,-11.467],[-49.577,-11.462],[-49.582,-11.461],[-49.58,-11.453],[-49.573,-11.448],[-49.577,-11.44],[-49.575,-11.426],[-49.578,-11.428],[-49.585,-11.419],[-49.585,-11.413],[-49.593,-11.411],[-49.596,-11.407],[-49.593,-11.399],[-49.603,-11.396],[-49.607,-11.392],[-49.606,-11.388],[-49.613,-11.39],[-49.617,-11.38],[-49.628,-11.38],[-49.626,-11.383],[-49.632,-11.385],[-49.635,-11.397],[-49.638,-11.396],[-49.643,-11.401],[-49.652,-11.398],[-49.657,-11.403],[-49.67,-11.399],[-49.672,-11.393],[-49.677,-11.39],[-49.681,-11.379],[-49.698,-11.363],[-49.693,-11.358],[-49.698,-11.352],[-49.708,-11.356],[-49.71,-11.354],[-49.703,-11.346],[-49.706,-11.338],[-49.713,-11.335],[-49.72,-11.339],[-49.726,-11.32],[-49.725,-11.315],[-49.735,-11.314],[-49.728,-11.3],[-49.737,-11.294],[-49.735,-11.285],[-49.742,-11.284],[-49.74,-11.272],[-49.745,-11.274],[-49.747,-11.282],[-49.751,-11.282],[-49.749,-11.271],[-49.743,-11.265],[-49.752,-11.263],[-49.751,-11.26],[-49.742,-11.26],[-49.756,-11.251],[-49.763,-11.252],[-49.75,-11.243],[-49.761,-11.239],[-49.751,-11.23],[-49.753,-11.227],[-49.76,-11.227],[-49.761,-11.223],[-49.749,-11.222],[-49.761,-11.208],[-49.765,-11.208],[-49.769,-11.212],[-49.764,-11.2],[-49.756,-11.204],[-49.765,-11.195],[-49.76,-11.19],[-49.758,-11.181],[-49.767,-11.164],[-49.765,-11.162],[-49.759,-11.165],[-49.765,-11.159],[-49.77,-11.14],[-49.777,-11.132],[-49.783,-11.132],[-49.784,-11.118],[-49.792,-11.121],[-49.801,-11.113],[-49.803,-11.102],[-49.822,-11.094],[-49.818,-11.079],[-49.814,-11.076],[-49.817,-11.064],[-49.828,-11.045],[-49.816,-11.043],[-49.816,-11.05],[-49.813,-11.053],[-49.811,-11.051],[-49.811,-11.044],[-49.823,-11.025],[-49.817,-11.011],[-49.807,-11.009],[-49.807,-11.0],[-49.799,-10.997],[-49.793,-11.005]]]}},{"type":"Feature","properties":{"id":"1707405","nome":"Esperantina"},"geometry":{"type":"Polygon","coordinates":[[[-48.461,-5.24],[-48.453,-5.246],[-48.43,-5.238],[-48.426,-5.247],[-48.403,-5.259],[-48.382,-5.259],[-48.382,-5.263],[-48.389,-5.27],[-48.403,-5.273],[-48.407,-5.285],[-48.407,-5.287],[-48.408,-5.314],[-48.424,-5.32],[-48.44,-5.32],[-48.45,-5.337],[-48.452,-5.346],[-48.443,-5.357],[-48.44,-5.379],[-48.446,-5.387],[-48.441,-5.408],[-48.453,-5.41],[-48.464,-5.412],[-48.476,-5.418],[-48.491,-5.426],[-48.513,-5.429],[-48.531,-5.424],[-48.557,-5.416],[-48.596,-5.422],[-48.611,-5.418],[-48.629,-5.41],[-48.65,-5.385],[-48.68,-5.378],[-48.716,-5.377],[-48.72,-5.373],[-48.726,-5.376],[-48.745,-5.369],[-48.756,-5.353],[-48.755,-5.349],[-48.74,-5.352],[-48.73,-5.348],[-48.715,-5.353],[-48.708,-5.351],[-48.704,-5.344],[-48.699,-5.32],[-48.692,-5.311],[-48.679,-5.305],[-48.651,-5.311],[-48.638,-5.32],[-48.63,-5.333],[-48.612,-5.338],[-48.606,-5.336],[-48.584,-5.311],[-48.568,-5.283],[-48.568,-5.262],[-48.561,-5.234],[-48.561,-5.23],[-48.539,-5.205],[-48.523,-5.193],[-48.486,-5.193],[-48.472,-5.21],[-48.461,-5.24]]]}},{"type":"Feature","properties":{"id":"1707553","nome":"F\u00e1tima"},"geometry":{"type":"Polygon","coordinates":[[[-48.775,-10.712],[-48.776,-10.732],[-48.769,-10.749],[-48.774,-10.758],[-48.775,-10.769],[-48.779,-10.773],[-48.788,-10.796],[-48.794,-10.808],[-48.811,-10.845],[-48.794,-10.868],[-48.8,-10.885],[-48.798,-10.893],[-48.809,-10.919],[-48.809,-10.928],[-48.831,-10.959],[-48.853,-10.967],[-48.856,-10.958],[-48.852,-10.939],[-48.858,-10.927],[-48.871,-10.917],[-48.868,-10.89],[-48.879,-10.872],[-48.887,-10.85],[-48.898,-10.844],[-48.98,-10.843],[-48.998,-10.842],[-49.008,-10.812],[-49.012,-10.785],[-49.021,-10.78],[-49.008,-10.768],[-48.982,-10.764],[-48.967,-10.757],[-48.963,-10.762],[-48.95,-10.759],[-48.939,-10.74],[-48.923,-10.732],[-48.908,-10.717],[-48.906,-10.716],[-48.906,-10.73],[-48.899,-10.726],[-48.887,-10.73],[-48.858,-10.726],[-48.836,-10.728],[-48.81,-10.718],[-48.791,-10.689],[-48.783,-10.697],[-48.781,-10.7],[-48.775,-10.712]]]}},{"type":"Feature","properties":{"id":"1707652","nome":"Figueir\u00f3polis"},"geometry":{"type":"Polygon","coordinates":[[[-48.971,-11.953],[-48.969,-11.966],[-48.978,-11.995],[-48.978,-12.016],[-48.963,-12.039],[-48.966,-12.055],[-48.936,-12.09],[-48.929,-12.105],[-48.932,-12.114],[-48.927,-12.124],[-48.937,-12.137],[-48.951,-12.14],[-48.968,-12.164],[-48.975,-12.167],[-48.969,-12.186],[-48.91,-12.194],[-48.914,-12.21],[-48.909,-12.248],[-48.921,-12.279],[-48.921,-12.294],[-48.926,-12.293],[-48.941,-12.277],[-48.973,-12.265],[-48.984,-12.267],[-49.004,-12.259],[-49.019,-12.243],[-49.024,-12.232],[-49.037,-12.226],[-49.039,-12.202],[-49.05,-12.192],[-49.056,-12.175],[-49.061,-12.177],[-49.068,-12.19],[-49.078,-12.198],[-49.084,-12.212],[-49.093,-12.214],[-49.099,-12.241],[-49.107,-12.252],[-49.126,-12.254],[-49.137,-12.252],[-49.158,-12.237],[-49.159,-12.236],[-49.164,-12.226],[-49.192,-12.211],[-49.198,-12.202],[-49.204,-12.194],[-49.21,-12.192],[-49.203,-12.216],[-49.194,-12.224],[-49.195,-12.235],[-49.186,-12.256],[-49.189,-12.262],[-49.196,-12.262],[-49.213,-12.283],[-49.222,-12.288],[-49.237,-12.315],[-49.24,-12.324],[-49.231,-12.346],[-49.231,-12.364],[-49.239,-12.383],[-49.251,-12.388],[-49.254,-12.393],[-49.262,-12.409],[-49.26,-12.415],[-49.264,-12.416],[-49.267,-12.425],[-49.27,-12.426],[-49.27,-12.437],[-49.276,-12.452],[-49.289,-12.465],[-49.3,-12.486],[-49.307,-12.487],[-49.317,-12.5],[-49.326,-12.503],[-49.331,-12.509],[-49.336,-12.533],[-49.34,-12.536],[-49.348,-12.532],[-49.352,-12.535],[-49.357,-12.531],[-49.362,-12.533],[-49.376,-12.531],[-49.391,-12.519],[-49.392,-12.512],[-49.395,-12.511],[-49.404,-12.512],[-49.41,-12.508],[-49.422,-12.516],[-49.427,-12.516],[-49.426,-12.495],[-49.43,-12.485],[-49.46,-12.484],[-49.468,-12.467],[-49.476,-12.471],[-49.479,-12.48],[-49.486,-12.475],[-49.488,-12.487],[-49.494,-12.487],[-49.507,-12.475],[-49.495,-12.46],[-49.516,-12.461],[-49.509,-12.451],[-49.513,-12.444],[-49.523,-12.44],[-49.519,-12.43],[-49.529,-12.435],[-49.536,-12.434],[-49.538,-12.432],[-49.538,-12.418],[-49.553,-12.406],[-49.558,-12.419],[-49.562,-12.423],[-49.567,-12.423],[-49.572,-12.41],[-49.588,-12.419],[-49.585,-12.407],[-49.594,-12.401],[-49.594,-12.392],[-49.576,-12.385],[-49.591,-12.374],[-49.599,-12.356],[-49.61,-12.341],[-49.608,-12.337],[-49.602,-12.337],[-49.597,-12.332],[-49.59,-12.327],[-49.586,-12.329],[-49.578,-12.325],[-49.582,-12.304],[-49.591,-12.303],[-49.598,-12.294],[-49.597,-12.283],[-49.623,-12.268],[-49.643,-12.273],[-49.65,-12.271],[-49.648,-12.248],[-49.644,-12.245],[-49.636,-12.248],[-49.634,-12.239],[-49.643,-12.238],[-49.647,-12.225],[-49.639,-12.233],[-49.623,-12.229],[-49.61,-12.237],[-49.6,-12.23],[-49.587,-12.233],[-49.567,-12.23],[-49.54,-12.238],[-49.531,-12.236],[-49.52,-12.228],[-49.475,-12.229],[-49.456,-12.222],[-49.445,-12.207],[-49.427,-12.193],[-49.427,-12.184],[-49.407,-12.157],[-49.395,-12.154],[-49.362,-12.149],[-49.356,-12.151],[-49.348,-12.158],[-49.341,-12.159],[-49.321,-12.152],[-49.286,-12.154],[-49.27,-12.141],[-49.264,-12.144],[-49.246,-12.141],[-49.236,-12.135],[-49.22,-12.113],[-49.195,-12.113],[-49.186,-12.106],[-49.156,-12.076],[-49.146,-12.07],[-49.135,-12.073],[-49.119,-12.084],[-49.098,-12.088],[-49.085,-12.087],[-49.073,-12.08],[-49.067,-12.072],[-49.061,-12.028],[-49.055,-12.017],[-49.035,-12.01],[-49.024,-11.985],[-49.01,-11.97],[-49.011,-11.964],[-49.009,-11.961],[-49.006,-11.964],[-49.001,-11.962],[-48.992,-11.957],[-48.987,-11.95],[-48.987,-11.941],[-48.978,-11.945],[-48.971,-11.953]]]}},{"type":"Feature","properties":{"id":"1707702","nome":"Filad\u00e9lfia"},"geometry":{"type":"Polygon","coordinates":[[[-47.647,-7.304],[-47.639,-7.305],[-47.634,-7.304],[-47.623,-7.296],[-47.607,-7.272],[-47.6,-7.266],[-47.587,-7.263],[-47.542,-7.265],[-47.531,-7.269],[-47.503,-7.29],[-47.485,-7.317],[-47.482,-7.322],[-47.478,-7.336],[-47.478,-7.346],[-47.48,-7.353],[-47.483,-7.361],[-47.498,-7.378],[-47.509,-7.385],[-47.563,-7.406],[-47.577,-7.416],[-47.591,-7.439],[-47.626,-7.486],[-47.633,-7.501],[-47.622,-7.533],[-47.631,-7.568],[-47.631,-7.59],[-47.63,-7.62],[-47.651,-7.655],[-47.681,-7.681],[-47.69,-7.685],[-47.705,-7.69],[-47.72,-7.697],[-47.775,-7.738],[-47.786,-7.752],[-47.816,-7.759],[-47.829,-7.768],[-47.836,-7.761],[-47.849,-7.76],[-47.84,-7.749],[-47.839,-7.734],[-47.849,-7.735],[-47.855,-7.727],[-47.866,-7.731],[-47.867,-7.727],[-47.872,-7.726],[-47.87,-7.714],[-47.879,-7.71],[-47.879,-7.7],[-47.884,-7.696],[-47.889,-7.68],[-47.894,-7.685],[-47.9,-7.682],[-47.9,-7.676],[-47.908,-7.678],[-47.914,-7.673],[-47.917,-7.66],[-47.929,-7.661],[-47.93,-7.656],[-47.933,-7.658],[-47.939,-7.653],[-47.946,-7.653],[-47.949,-7.65],[-47.947,-7.648],[-47.944,-7.642],[-47.947,-7.642],[-47.955,-7.64],[-47.954,-7.634],[-47.961,-7.634],[-47.965,-7.639],[-47.968,-7.633],[-47.976,-7.631],[-47.974,-7.627],[-47.978,-7.629],[-47.982,-7.627],[-47.985,-7.621],[-47.984,-7.612],[-47.98,-7.611],[-47.984,-7.602],[-48.012,-7.593],[-48.018,-7.597],[-48.022,-7.595],[-48.034,-7.587],[-48.043,-7.574],[-48.046,-7.576],[-48.057,-7.564],[-48.062,-7.565],[-48.084,-7.55],[-48.083,-7.537],[-48.093,-7.524],[-48.09,-7.515],[-48.094,-7.503],[-48.1,-7.497],[-48.098,-7.493],[-48.106,-7.487],[-48.105,-7.48],[-48.095,-7.469],[-48.089,-7.457],[-48.083,-7.456],[-48.077,-7.448],[-48.077,-7.426],[-48.069,-7.425],[-48.065,-7.42],[-48.06,-7.402],[-48.061,-7.394],[-48.055,-7.382],[-48.058,-7.366],[-48.057,-7.355],[-48.052,-7.353],[-48.044,-7.357],[-48.036,-7.372],[-48.031,-7.372],[-48.027,-7.381],[-48.014,-7.387],[-48.014,-7.396],[-48.01,-7.399],[-47.997,-7.398],[-47.979,-7.411],[-47.976,-7.419],[-47.973,-7.419],[-47.963,-7.414],[-47.952,-7.393],[-47.937,-7.39],[-47.931,-7.396],[-47.929,-7.39],[-47.917,-7.383],[-47.898,-7.393],[-47.893,-7.381],[-47.883,-7.383],[-47.874,-7.372],[-47.866,-7.382],[-47.857,-7.379],[-47.848,-7.384],[-47.845,-7.381],[-47.839,-7.365],[-47.822,-7.368],[-47.797,-7.362],[-47.79,-7.352],[-47.784,-7.36],[-47.78,-7.356],[-47.763,-7.353],[-47.758,-7.343],[-47.751,-7.345],[-47.753,-7.334],[-47.748,-7.331],[-47.749,-7.323],[-47.739,-7.325],[-47.734,-7.322],[-47.733,-7.317],[-47.722,-7.307],[-47.722,-7.296],[-47.714,-7.294],[-47.709,-7.288],[-47.698,-7.285],[-47.697,-7.281],[-47.7,-7.28],[-47.695,-7.274],[-47.696,-7.27],[-47.682,-7.267],[-47.683,-7.262],[-47.674,-7.259],[-47.654,-7.298],[-47.647,-7.304]]]}},{"type":"Feature","properties":{"id":"1708205","nome":"Formoso do Araguaia"},"geometry":{"type":"Polygon","coordinates":[[[-49.617,-11.38],[-49.613,-11.39],[-49.606,-11.388],[-49.607,-11.392],[-49.603,-11.396],[-49.593,-11.399],[-49.596,-11.407],[-49.593,-11.411],[-49.585,-11.413],[-49.585,-11.419],[-49.578,-11.428],[-49.575,-11.426],[-49.577,-11.44],[-49.573,-11.448],[-49.58,-11.453],[-49.582,-11.461],[-49.577,-11.462],[-49.578,-11.467],[-49.575,-11.469],[-49.578,-11.477],[-49.571,-11.484],[-49.572,-11.488],[-49.579,-11.49],[-49.583,-11.502],[-49.574,-11.514],[-49.57,-11.505],[-49.565,-11.502],[-49.562,-11.503],[-49.563,-11.506],[-49.555,-11.507],[-49.549,-11.518],[-49.551,-11.522],[-49.544,-11.523],[-49.538,-11.529],[-49.539,-11.54],[-49.534,-11.547],[-49.525,-11.551],[-49.519,-11.549],[-49.514,-11.563],[-49.516,-11.57],[-49.511,-11.58],[-49.498,-11.587],[-49.495,-11.592],[-49.493,-11.604],[-49.499,-11.605],[-49.499,-11.609],[-49.495,-11.61],[-49.493,-11.625],[-49.497,-11.63],[-49.491,-11.639],[-49.493,-11.65],[-49.485,-11.653],[-49.485,-11.671],[-49.481,-11.677],[-49.494,-11.684],[-49.49,-11.691],[-49.477,-11.696],[-49.471,-11.695],[-49.47,-11.7],[-49.457,-11.709],[-49.459,-11.713],[-49.455,-11.721],[-49.428,-11.732],[-49.428,-11.746],[-49.413,-11.75],[-49.408,-11.754],[-49.406,-11.761],[-49.397,-11.774],[-49.386,-11.782],[-49.377,-11.808],[-49.36,-11.814],[-49.35,-11.813],[-49.346,-11.823],[-49.34,-11.84],[-49.333,-11.846],[-49.333,-11.853],[-49.325,-11.856],[-49.31,-11.852],[-49.303,-11.854],[-49.3,-11.867],[-49.308,-11.874],[-49.308,-11.88],[-49.301,-11.895],[-49.286,-11.905],[-49.278,-11.916],[-49.272,-11.937],[-49.263,-11.953],[-49.259,-11.967],[-49.271,-11.983],[-49.266,-11.996],[-49.277,-12.011],[-49.305,-12.023],[-49.321,-12.038],[-49.326,-12.051],[-49.325,-12.066],[-49.336,-12.077],[-49.34,-12.095],[-49.347,-12.106],[-49.347,-12.125],[-49.4,-12.152],[-49.407,-12.157],[-49.427,-12.184],[-49.427,-12.193],[-49.445,-12.207],[-49.456,-12.222],[-49.475,-12.229],[-49.52,-12.228],[-49.531,-12.236],[-49.54,-12.238],[-49.567,-12.23],[-49.587,-12.233],[-49.6,-12.23],[-49.61,-12.237],[-49.623,-12.229],[-49.639,-12.233],[-49.647,-12.225],[-49.656,-12.22],[-49.672,-12.201],[-49.677,-12.181],[-49.69,-12.179],[-49.7,-12.173],[-49.704,-12.18],[-49.71,-12.181],[-49.715,-12.178],[-49.718,-12.169],[-49.718,-12.175],[-49.723,-12.174],[-49.73,-12.16],[-49.735,-12.158],[-49.733,-12.152],[-49.736,-12.151],[-49.734,-12.147],[-49.738,-12.143],[-49.731,-12.138],[-49.739,-12.136],[-49.735,-12.129],[-49.738,-12.126],[-49.741,-12.13],[-49.745,-12.129],[-49.749,-12.121],[-49.939,-12.09],[-49.971,-12.085],[-50.009,-12.079],[-50.015,-12.062],[-50.02,-12.058],[-50.027,-12.064],[-50.023,-12.072],[-50.026,-12.08],[-50.042,-12.084],[-50.049,-12.091],[-50.049,-12.105],[-50.052,-12.107],[-50.063,-12.118],[-50.069,-12.13],[-50.076,-12.125],[-50.097,-12.132],[-50.086,-12.143],[-50.092,-12.171],[-50.086,-12.179],[-50.083,-12.196],[-50.087,-12.201],[-50.099,-12.2],[-50.101,-12.204],[-50.095,-12.217],[-50.104,-12.225],[-50.111,-12.22],[-50.126,-12.221],[-50.131,-12.224],[-50.128,-12.246],[-50.124,-12.251],[-50.131,-12.257],[-50.114,-12.263],[-50.117,-12.271],[-50.112,-12.291],[-50.113,-12.302],[-50.104,-12.315],[-50.105,-12.324],[-50.11,-12.325],[-50.116,-12.322],[-50.127,-12.328],[-50.121,-12.341],[-50.123,-12.355],[-50.117,-12.359],[-50.115,-12.367],[-50.12,-12.374],[-50.136,-12.371],[-50.137,-12.375],[-50.129,-12.382],[-50.13,-12.388],[-50.142,-12.396],[-50.172,-12.408],[-50.171,-12.42],[-50.175,-12.423],[-50.185,-12.423],[-50.188,-12.42],[-50.189,-12.413],[-50.196,-12.413],[-50.198,-12.419],[-50.187,-12.423],[-50.184,-12.431],[-50.198,-12.432],[-50.212,-12.437],[-50.215,-12.441],[-50.208,-12.442],[-50.207,-12.448],[-50.222,-12.446],[-50.23,-12.455],[-50.253,-12.462],[-50.263,-12.478],[-50.274,-12.481],[-50.281,-12.479],[-50.289,-12.488],[-50.307,-12.494],[-50.325,-12.508],[-50.318,-12.509],[-50.312,-12.516],[-50.314,-12.521],[-50.33,-12.515],[-50.334,-12.52],[-50.331,-12.535],[-50.346,-12.533],[-50.346,-12.543],[-50.359,-12.541],[-50.366,-12.548],[-50.358,-12.553],[-50.366,-12.554],[-50.369,-12.56],[-50.366,-12.571],[-50.37,-12.575],[-50.382,-12.577],[-50.387,-12.59],[-50.398,-12.602],[-50.391,-12.606],[-50.392,-12.613],[-50.407,-12.614],[-50.418,-12.624],[-50.411,-12.646],[-50.413,-12.65],[-50.418,-12.651],[-50.427,-12.642],[-50.44,-12.653],[-50.438,-12.658],[-50.432,-12.65],[-50.427,-12.653],[-50.437,-12.661],[-50.432,-12.669],[-50.436,-12.678],[-50.432,-12.69],[-50.439,-12.698],[-50.461,-12.694],[-50.464,-12.703],[-50.478,-12.71],[-50.478,-12.716],[-50.468,-12.721],[-50.466,-12.731],[-50.468,-12.736],[-50.482,-12.739],[-50.486,-12.748],[-50.483,-12.752],[-50.471,-12.752],[-50.468,-12.755],[-50.477,-12.76],[-50.475,-12.772],[-50.484,-12.776],[-50.493,-12.785],[-50.484,-12.812],[-50.491,-12.814],[-50.494,-12.819],[-50.491,-12.828],[-50.495,-12.842],[-50.511,-12.86],[-50.513,-12.844],[-50.52,-12.836],[-50.532,-12.843],[-50.566,-12.843],[-50.597,-12.826],[-50.6,-12.818],[-50.583,-12.809],[-50.579,-12.802],[-50.584,-12.799],[-50.603,-12.8],[-50.613,-12.818],[-50.618,-12.821],[-50.622,-12.819],[-50.626,-12.811],[-50.625,-12.8],[-50.611,-12.775],[-50.614,-12.771],[-50.63,-12.776],[-50.636,-12.771],[-50.627,-12.76],[-50.623,-12.734],[-50.637,-12.719],[-50.63,-12.704],[-50.633,-12.701],[-50.645,-12.702],[-50.654,-12.679],[-50.654,-12.673],[-50.646,-12.663],[-50.646,-12.651],[-50.656,-12.646],[-50.682,-12.647],[-50.699,-12.647],[-50.701,-12.624],[-50.706,-12.613],[-50.704,-12.599],[-50.7,-12.595],[-50.689,-12.593],[-50.673,-12.6],[-50.668,-12.596],[-50.669,-12.58],[-50.686,-12.569],[-50.677,-12.552],[-50.663,-12.537],[-50.659,-12.506],[-50.646,-12.482],[-50.653,-12.46],[-50.642,-12.452],[-50.627,-12.458],[-50.623,-12.455],[-50.618,-12.429],[-50.622,-12.422],[-50.632,-12.417],[-50.626,-12.384],[-50.632,-12.366],[-50.644,-12.347],[-50.637,-12.325],[-50.643,-12.319],[-50.648,-12.299],[-50.629,-12.281],[-50.63,-12.271],[-50.649,-12.249],[-50.643,-12.223],[-50.655,-12.218],[-50.678,-12.218],[-50.686,-12.202],[-50.679,-12.188],[-50.679,-12.155],[-50.67,-12.137],[-50.676,-12.123],[-50.667,-12.081],[-50.667,-12.064],[-50.686,-12.045],[-50.687,-12.035],[-50.677,-12.019],[-50.684,-12.01],[-50.682,-11.99],[-50.656,-11.966],[-50.654,-11.948],[-50.667,-11.927],[-50.659,-11.914],[-50.64,-11.902],[-50.639,-11.884],[-50.665,-11.864],[-50.682,-11.862],[-50.686,-11.859],[-50.688,-11.825],[-50.7,-11.803],[-50.707,-11.768],[-50.714,-11.757],[-50.722,-11.739],[-50.721,-11.731],[-50.692,-11.701],[-50.674,-11.692],[-50.663,-11.677],[-50.662,-11.668],[-50.662,-11.646],[-50.664,-11.626],[-50.658,-11.616],[-50.657,-11.592],[-50.67,-11.581],[-50.668,-11.581],[-50.277,-11.507],[-50.02,-11.457],[-50.019,-11.456],[-49.873,-11.428],[-49.688,-11.392],[-49.677,-11.39],[-49.672,-11.393],[-49.67,-11.399],[-49.657,-11.403],[-49.652,-11.398],[-49.643,-11.401],[-49.638,-11.396],[-49.635,-11.397],[-49.632,-11.385],[-49.626,-11.383],[-49.628,-11.38],[-49.617,-11.38]]]}},{"type":"Feature","properties":{"id":"1708254","nome":"Fortaleza do Taboc\u00e3o"},"geometry":{"type":"Polygon","coordinates":[[[-48.455,-8.932],[-48.395,-8.975],[-48.381,-8.972],[-48.365,-8.976],[-48.359,-9.022],[-48.374,-9.066],[-48.367,-9.074],[-48.381,-9.078],[-48.387,-9.069],[-48.392,-9.068],[-48.4,-9.07],[-48.403,-9.076],[-48.404,-9.073],[-48.408,-9.075],[-48.409,-9.07],[-48.414,-9.07],[-48.41,-9.06],[-48.426,-9.067],[-48.437,-9.064],[-48.438,-9.068],[-48.444,-9.061],[-48.447,-9.065],[-48.454,-9.062],[-48.454,-9.065],[-48.459,-9.064],[-48.466,-9.071],[-48.465,-9.061],[-48.47,-9.064],[-48.469,-9.059],[-48.476,-9.055],[-48.477,-9.05],[-48.491,-9.057],[-48.497,-9.064],[-48.51,-9.117],[-48.524,-9.13],[-48.533,-9.131],[-48.533,-9.169],[-48.537,-9.191],[-48.542,-9.221],[-48.544,-9.22],[-48.55,-9.217],[-48.557,-9.22],[-48.565,-9.215],[-48.574,-9.209],[-48.596,-9.209],[-48.604,-9.205],[-48.607,-9.209],[-48.613,-9.208],[-48.618,-9.205],[-48.62,-9.197],[-48.624,-9.194],[-48.645,-9.188],[-48.646,-9.198],[-48.642,-9.207],[-48.65,-9.216],[-48.65,-9.232],[-48.656,-9.24],[-48.663,-9.236],[-48.668,-9.221],[-48.673,-9.22],[-48.677,-9.213],[-48.683,-9.214],[-48.693,-9.204],[-48.694,-9.193],[-48.708,-9.182],[-48.709,-9.177],[-48.719,-9.175],[-48.732,-9.183],[-48.724,-9.169],[-48.716,-9.171],[-48.693,-9.155],[-48.685,-9.156],[-48.677,-9.132],[-48.665,-9.118],[-48.659,-9.113],[-48.654,-9.081],[-48.66,-9.074],[-48.669,-9.078],[-48.672,-9.076],[-48.661,-9.06],[-48.678,-9.055],[-48.678,-9.052],[-48.671,-9.05],[-48.674,-9.037],[-48.659,-9.023],[-48.65,-9.021],[-48.662,-9.007],[-48.659,-8.997],[-48.651,-9.006],[-48.644,-9.006],[-48.636,-9.001],[-48.63,-9.007],[-48.62,-9.01],[-48.601,-8.995],[-48.572,-8.995],[-48.566,-8.987],[-48.56,-8.987],[-48.56,-8.996],[-48.556,-8.998],[-48.547,-8.986],[-48.549,-8.976],[-48.546,-8.969],[-48.501,-8.952],[-48.46,-8.932],[-48.455,-8.932]]]}},{"type":"Feature","properties":{"id":"1708304","nome":"Goianorte"},"geometry":{"type":"Polygon","coordinates":[[[-49.246,-8.64],[-49.243,-8.645],[-49.241,-8.643],[-49.237,-8.649],[-49.235,-8.645],[-49.23,-8.647],[-49.223,-8.644],[-49.213,-8.649],[-49.215,-8.653],[-49.207,-8.656],[-49.203,-8.668],[-49.2,-8.667],[-49.199,-8.671],[-49.195,-8.67],[-49.194,-8.676],[-49.18,-8.683],[-49.179,-8.675],[-49.174,-8.676],[-49.174,-8.68],[-49.172,-8.675],[-49.167,-8.678],[-49.166,-8.675],[-49.162,-8.675],[-49.165,-8.673],[-49.158,-8.673],[-49.157,-8.676],[-49.153,-8.674],[-49.147,-8.674],[-49.143,-8.663],[-49.138,-8.663],[-49.136,-8.657],[-49.131,-8.655],[-49.133,-8.651],[-49.126,-8.652],[-49.128,-8.65],[-49.124,-8.646],[-49.119,-8.648],[-49.12,-8.651],[-49.115,-8.659],[-49.107,-8.653],[-49.106,-8.646],[-49.098,-8.646],[-49.098,-8.643],[-49.094,-8.644],[-49.094,-8.641],[-49.088,-8.646],[-49.08,-8.643],[-49.08,-8.647],[-49.07,-8.643],[-49.071,-8.647],[-49.066,-8.651],[-49.062,-8.649],[-49.06,-8.654],[-49.058,-8.653],[-49.057,-8.657],[-49.044,-8.659],[-49.042,-8.664],[-49.033,-8.663],[-49.031,-8.669],[-49.021,-8.667],[-49.012,-8.67],[-49.009,-8.667],[-49.005,-8.674],[-48.992,-8.676],[-48.989,-8.685],[-48.973,-8.691],[-48.977,-8.695],[-48.972,-8.697],[-48.973,-8.704],[-48.967,-8.708],[-48.966,-8.704],[-48.96,-8.703],[-48.957,-8.697],[-48.951,-8.698],[-48.946,-8.705],[-48.946,-8.715],[-48.935,-8.712],[-48.926,-8.716],[-48.928,-8.718],[-48.921,-8.727],[-48.915,-8.744],[-48.902,-8.748],[-48.901,-8.754],[-48.89,-8.768],[-48.89,-8.761],[-48.88,-8.766],[-48.887,-8.78],[-48.882,-8.78],[-48.88,-8.789],[-48.875,-8.795],[-48.872,-8.794],[-48.866,-8.791],[-48.871,-8.797],[-48.867,-8.801],[-48.858,-8.798],[-48.852,-8.801],[-48.859,-8.806],[-48.854,-8.811],[-48.845,-8.809],[-48.849,-8.814],[-48.847,-8.822],[-48.851,-8.82],[-48.853,-8.823],[-48.847,-8.831],[-48.835,-8.823],[-48.83,-8.829],[-48.826,-8.842],[-48.835,-8.851],[-48.831,-8.854],[-48.834,-8.861],[-48.826,-8.848],[-48.825,-8.853],[-48.817,-8.849],[-48.812,-8.857],[-48.821,-8.868],[-48.817,-8.869],[-48.818,-8.873],[-48.812,-8.879],[-48.817,-8.898],[-48.815,-8.91],[-48.81,-8.914],[-48.813,-8.921],[-48.814,-8.932],[-48.8,-8.929],[-48.792,-8.946],[-48.788,-8.95],[-48.786,-8.946],[-48.784,-8.952],[-48.78,-8.953],[-48.778,-8.968],[-48.782,-8.97],[-48.776,-8.977],[-48.769,-8.978],[-48.768,-8.983],[-48.776,-8.994],[-48.769,-8.994],[-48.767,-9.01],[-48.761,-9.012],[-48.759,-9.023],[-48.754,-9.027],[-48.751,-9.025],[-48.748,-9.026],[-48.751,-9.035],[-48.747,-9.039],[-48.746,-9.05],[-48.753,-9.055],[-48.753,-9.087],[-48.759,-9.088],[-48.761,-9.099],[-48.76,-9.104],[-48.756,-9.106],[-48.758,-9.111],[-48.755,-9.112],[-48.764,-9.114],[-48.766,-9.125],[-48.762,-9.132],[-48.744,-9.14],[-48.744,-9.148],[-48.748,-9.148],[-48.748,-9.152],[-48.739,-9.151],[-48.746,-9.165],[-48.739,-9.172],[-48.742,-9.185],[-48.734,-9.196],[-48.746,-9.196],[-48.752,-9.2],[-48.765,-9.194],[-48.775,-9.179],[-48.783,-9.178],[-48.778,-9.166],[-48.776,-9.149],[-48.778,-9.139],[-48.782,-9.132],[-48.79,-9.128],[-48.796,-9.117],[-48.805,-9.119],[-48.808,-9.117],[-48.81,-9.081],[-48.813,-9.078],[-48.819,-9.074],[-48.833,-9.076],[-48.836,-9.083],[-48.842,-9.085],[-48.85,-9.073],[-48.86,-9.066],[-48.867,-9.068],[-48.876,-9.065],[-48.907,-9.067],[-48.93,-9.08],[-48.936,-9.073],[-48.962,-9.065],[-48.966,-9.065],[-48.973,-9.058],[-48.992,-9.058],[-48.996,-9.062],[-49.003,-9.059],[-49.006,-9.049],[-49.021,-9.05],[-49.028,-9.043],[-49.036,-9.022],[-49.044,-9.018],[-49.061,-9.018],[-49.07,-9.008],[-49.087,-9.004],[-49.094,-8.994],[-49.103,-8.992],[-49.11,-8.995],[-49.114,-8.993],[-49.112,-8.991],[-49.115,-8.98],[-49.122,-8.975],[-49.125,-8.969],[-49.133,-8.968],[-49.148,-8.953],[-49.169,-8.945],[-49.183,-8.933],[-49.193,-8.933],[-49.208,-8.942],[-49.222,-8.942],[-49.22,-8.926],[-49.228,-8.907],[-49.227,-8.893],[-49.251,-8.888],[-49.255,-8.875],[-49.269,-8.86],[-49.255,-8.85],[-49.244,-8.837],[-49.246,-8.829],[-49.243,-8.812],[-49.227,-8.796],[-49.223,-8.769],[-49.228,-8.758],[-49.227,-8.752],[-49.234,-8.723],[-49.243,-8.713],[-49.247,-8.703],[-49.245,-8.697],[-49.264,-8.677],[-49.275,-8.654],[-49.288,-8.642],[-49.281,-8.641],[-49.279,-8.649],[-49.275,-8.644],[-49.264,-8.649],[-49.263,-8.645],[-49.253,-8.643],[-49.252,-8.639],[-49.246,-8.64]]]}},{"type":"Feature","properties":{"id":"1709005","nome":"Goiatins"},"geometry":{"type":"Polygon","coordinates":[[[-47.381,-7.654],[-47.365,-7.655],[-47.352,-7.646],[-47.353,-7.64],[-47.364,-7.635],[-47.372,-7.625],[-47.372,-7.621],[-47.359,-7.616],[-47.351,-7.621],[-47.348,-7.631],[-47.335,-7.637],[-47.323,-7.655],[-47.314,-7.66],[-47.32,-7.664],[-47.329,-7.663],[-47.337,-7.667],[-47.331,-7.674],[-47.333,-7.678],[-47.331,-7.685],[-47.302,-7.689],[-47.302,-7.702],[-47.306,-7.703],[-47.31,-7.698],[-47.316,-7.701],[-47.314,-7.706],[-47.305,-7.713],[-47.315,-7.717],[-47.312,-7.731],[-47.301,-7.734],[-47.293,-7.728],[-47.282,-7.735],[-47.273,-7.731],[-47.27,-7.734],[-47.273,-7.745],[-47.261,-7.741],[-47.261,-7.751],[-47.266,-7.761],[-47.259,-7.756],[-47.255,-7.759],[-47.246,-7.758],[-47.255,-7.765],[-47.245,-7.781],[-47.247,-7.785],[-47.24,-7.794],[-47.247,-7.801],[-47.235,-7.804],[-47.247,-7.809],[-47.245,-7.815],[-47.239,-7.813],[-47.234,-7.819],[-47.229,-7.816],[-47.234,-7.824],[-47.223,-7.826],[-47.215,-7.835],[-47.206,-7.834],[-47.207,-7.839],[-47.2,-7.84],[-47.201,-7.845],[-47.196,-7.849],[-47.187,-7.843],[-47.187,-7.857],[-47.182,-7.858],[-47.179,-7.855],[-47.174,-7.857],[-47.18,-7.861],[-47.175,-7.871],[-47.163,-7.879],[-47.16,-7.887],[-47.152,-7.895],[-47.142,-7.894],[-47.145,-7.912],[-47.141,-7.925],[-47.131,-7.922],[-47.125,-7.925],[-47.121,-7.922],[-47.116,-7.939],[-47.107,-7.937],[-47.116,-7.952],[-47.112,-7.959],[-47.105,-7.953],[-47.102,-7.954],[-47.104,-7.961],[-47.101,-7.966],[-47.106,-7.969],[-47.097,-7.98],[-47.106,-7.99],[-47.083,-7.988],[-47.072,-7.996],[-47.072,-8.0],[-47.065,-8.002],[-47.06,-8.01],[-47.059,-8.027],[-47.051,-8.035],[-47.053,-8.041],[-47.044,-8.046],[-47.043,-8.053],[-47.024,-8.056],[-47.02,-8.06],[-47.014,-8.057],[-47.018,-8.064],[-47.013,-8.074],[-47.016,-8.083],[-47.01,-8.092],[-47.014,-8.095],[-47.009,-8.099],[-47.012,-8.103],[-47.006,-8.109],[-47.015,-8.122],[-47.018,-8.141],[-47.035,-8.157],[-47.04,-8.183],[-47.058,-8.2],[-47.047,-8.208],[-47.044,-8.23],[-47.06,-8.245],[-47.061,-8.259],[-47.068,-8.273],[-47.076,-8.273],[-47.086,-8.279],[-47.091,-8.272],[-47.096,-8.277],[-47.105,-8.272],[-47.11,-8.28],[-47.14,-8.291],[-47.137,-8.31],[-47.15,-8.323],[-47.149,-8.342],[-47.153,-8.354],[-47.173,-8.358],[-47.174,-8.367],[-47.17,-8.366],[-47.172,-8.374],[-47.169,-8.378],[-47.171,-8.389],[-47.166,-8.393],[-47.18,-8.403],[-47.186,-8.416],[-47.203,-8.421],[-47.197,-8.427],[-47.213,-8.443],[-47.212,-8.447],[-47.207,-8.445],[-47.208,-8.458],[-47.213,-8.457],[-47.221,-8.461],[-47.227,-8.473],[-47.24,-8.474],[-47.238,-8.485],[-47.251,-8.479],[-47.263,-8.467],[-47.296,-8.454],[-47.305,-8.458],[-47.307,-8.471],[-47.318,-8.475],[-47.327,-8.473],[-47.34,-8.479],[-47.348,-8.468],[-47.354,-8.475],[-47.364,-8.476],[-47.367,-8.48],[-47.379,-8.482],[-47.385,-8.479],[-47.392,-8.483],[-47.402,-8.476],[-47.405,-8.483],[-47.413,-8.488],[-47.421,-8.482],[-47.434,-8.484],[-47.438,-8.493],[-47.444,-8.488],[-47.449,-8.491],[-47.457,-8.488],[-47.463,-8.484],[-47.477,-8.484],[-47.477,-8.477],[-47.492,-8.47],[-47.497,-8.461],[-47.495,-8.456],[-47.501,-8.461],[-47.504,-8.458],[-47.518,-8.464],[-47.53,-8.463],[-47.533,-8.479],[-47.542,-8.468],[-47.55,-8.472],[-47.554,-8.467],[-47.563,-8.463],[-47.571,-8.458],[-47.573,-8.45],[-47.587,-8.449],[-47.614,-8.436],[-47.623,-8.44],[-47.626,-8.434],[-47.642,-8.444],[-47.644,-8.449],[-47.653,-8.447],[-47.661,-8.45],[-47.661,-8.454],[-47.674,-8.451],[-47.677,-8.456],[-47.682,-8.452],[-47.697,-8.458],[-47.704,-8.455],[-47.704,-8.452],[-47.714,-8.452],[-47.741,-8.423],[-47.744,-8.409],[-47.764,-8.396],[-47.765,-8.389],[-47.77,-8.386],[-47.776,-8.383],[-47.783,-8.386],[-47.787,-8.389],[-47.794,-8.384],[-47.787,-8.368],[-47.79,-8.365],[-47.785,-8.358],[-47.793,-8.352],[-47.792,-8.345],[-47.796,-8.341],[-47.812,-8.338],[-47.816,-8.342],[-47.821,-8.342],[-47.817,-8.331],[-47.807,-8.324],[-47.82,-8.319],[-47.832,-8.328],[-47.837,-8.325],[-47.839,-8.32],[-47.832,-8.307],[-47.836,-8.302],[-47.833,-8.289],[-47.835,-8.287],[-47.839,-8.291],[-47.85,-8.286],[-47.849,-8.269],[-47.872,-8.246],[-47.871,-8.24],[-47.862,-8.23],[-47.865,-8.222],[-47.872,-8.221],[-47.878,-8.231],[-47.885,-8.225],[-47.893,-8.226],[-47.898,-8.219],[-47.895,-8.209],[-47.889,-8.213],[-47.884,-8.211],[-47.884,-8.201],[-47.895,-8.179],[-47.903,-8.181],[-47.91,-8.176],[-47.901,-8.169],[-47.901,-8.165],[-47.897,-8.153],[-47.901,-8.14],[-47.893,-8.135],[-47.898,-8.125],[-47.89,-8.114],[-47.898,-8.109],[-47.894,-8.101],[-47.898,-8.092],[-47.888,-8.086],[-47.883,-8.075],[-47.884,-8.069],[-47.891,-8.067],[-47.896,-8.06],[-47.886,-8.05],[-47.894,-8.027],[-47.888,-8.023],[-47.888,-8.014],[-47.897,-8.011],[-47.905,-8.014],[-47.907,-8.009],[-47.905,-7.994],[-47.899,-7.983],[-47.911,-7.979],[-47.923,-7.983],[-47.926,-7.968],[-47.937,-7.96],[-47.931,-7.95],[-47.945,-7.947],[-47.945,-7.944],[-47.941,-7.945],[-47.936,-7.932],[-47.953,-7.926],[-47.937,-7.904],[-47.938,-7.873],[-47.919,-7.86],[-47.91,-7.844],[-47.907,-7.81],[-47.9,-7.797],[-47.865,-7.78],[-47.829,-7.768],[-47.816,-7.759],[-47.786,-7.752],[-47.775,-7.738],[-47.72,-7.697],[-47.714,-7.704],[-47.72,-7.71],[-47.72,-7.716],[-47.726,-7.719],[-47.729,-7.717],[-47.734,-7.724],[-47.741,-7.722],[-47.739,-7.729],[-47.745,-7.734],[-47.738,-7.736],[-47.739,-7.746],[-47.731,-7.745],[-47.729,-7.756],[-47.724,-7.758],[-47.723,-7.763],[-47.717,-7.76],[-47.711,-7.765],[-47.715,-7.771],[-47.717,-7.767],[-47.725,-7.772],[-47.718,-7.781],[-47.724,-7.78],[-47.723,-7.786],[-47.73,-7.79],[-47.728,-7.793],[-47.72,-7.794],[-47.724,-7.8],[-47.713,-7.815],[-47.697,-7.822],[-47.695,-7.826],[-47.688,-7.825],[-47.682,-7.838],[-47.69,-7.84],[-47.686,-7.846],[-47.694,-7.854],[-47.688,-7.864],[-47.69,-7.873],[-47.686,-7.875],[-47.681,-7.869],[-47.671,-7.869],[-47.666,-7.86],[-47.666,-7.869],[-47.654,-7.883],[-47.666,-7.88],[-47.67,-7.888],[-47.665,-7.891],[-47.665,-7.896],[-47.661,-7.898],[-47.657,-7.907],[-47.65,-7.913],[-47.621,-7.921],[-47.618,-7.932],[-47.613,-7.935],[-47.614,-7.945],[-47.607,-7.945],[-47.595,-7.969],[-47.592,-7.97],[-47.579,-7.962],[-47.571,-7.978],[-47.561,-7.979],[-47.553,-7.989],[-47.548,-7.992],[-47.536,-7.989],[-47.513,-7.965],[-47.497,-7.971],[-47.472,-7.965],[-47.465,-7.969],[-47.457,-7.955],[-47.466,-7.933],[-47.487,-7.932],[-47.491,-7.929],[-47.5,-7.914],[-47.501,-7.897],[-47.504,-7.89],[-47.503,-7.875],[-47.507,-7.864],[-47.501,-7.864],[-47.497,-7.858],[-47.489,-7.857],[-47.487,-7.849],[-47.474,-7.832],[-47.471,-7.827],[-47.475,-7.815],[-47.476,-7.801],[-47.473,-7.796],[-47.477,-7.772],[-47.487,-7.766],[-47.506,-7.768],[-47.509,-7.763],[-47.522,-7.756],[-47.526,-7.741],[-47.54,-7.738],[-47.55,-7.729],[-47.56,-7.729],[-47.568,-7.72],[-47.564,-7.715],[-47.55,-7.707],[-47.545,-7.7],[-47.536,-7.697],[-47.526,-7.68],[-47.527,-7.665],[-47.509,-7.662],[-47.505,-7.634],[-47.494,-7.628],[-47.485,-7.615],[-47.471,-7.606],[-47.469,-7.594],[-47.464,-7.588],[-47.465,-7.584],[-47.458,-7.582],[-47.454,-7.575],[-47.452,-7.56],[-47.441,-7.551],[-47.43,-7.548],[-47.439,-7.556],[-47.422,-7.562],[-47.405,-7.563],[-47.397,-7.572],[-47.404,-7.587],[-47.382,-7.6],[-47.382,-7.619],[-47.387,-7.635],[-47.381,-7.654]]]}},{"type":"Feature","properties":{"id":"1709302","nome":"Guara\u00ed"},"geometry":{"type":"Polygon","coordinates":[[[-48.565,-8.524],[-48.549,-8.529],[-48.546,-8.527],[-48.547,-8.544],[-48.536,-8.545],[-48.529,-8.551],[-48.525,-8.55],[-48.522,-8.556],[-48.513,-8.551],[-48.51,-8.552],[-48.508,-8.553],[-48.497,-8.562],[-48.489,-8.564],[-48.488,-8.569],[-48.492,-8.578],[-48.49,-8.586],[-48.471,-8.592],[-48.458,-8.596],[-48.454,-8.59],[-48.446,-8.59],[-48.443,-8.581],[-48.434,-8.581],[-48.431,-8.576],[-48.423,-8.573],[-48.419,-8.575],[-48.407,-8.567],[-48.4,-8.569],[-48.391,-8.56],[-48.376,-8.562],[-48.361,-8.556],[-48.356,-8.56],[-48.349,-8.556],[-48.344,-8.542],[-48.34,-8.541],[-48.335,-8.545],[-48.336,-8.538],[-48.327,-8.535],[-48.324,-8.53],[-48.302,-8.526],[-48.299,-8.522],[-48.293,-8.523],[-48.289,-8.521],[-48.285,-8.529],[-48.28,-8.529],[-48.28,-8.536],[-48.277,-8.538],[-48.278,-8.542],[-48.27,-8.552],[-48.254,-8.55],[-48.247,-8.555],[-48.241,-8.552],[-48.235,-8.555],[-48.233,-8.549],[-48.227,-8.548],[-48.221,-8.55],[-48.217,-8.546],[-48.213,-8.552],[-48.213,-8.56],[-48.2,-8.56],[-48.196,-8.574],[-48.187,-8.57],[-48.188,-8.579],[-48.183,-8.577],[-48.18,-8.584],[-48.173,-8.585],[-48.171,-8.582],[-48.164,-8.587],[-48.155,-8.583],[-48.152,-8.573],[-48.147,-8.571],[-48.148,-8.567],[-48.132,-8.545],[-48.135,-8.596],[-48.129,-8.636],[-48.123,-8.671],[-48.129,-8.732],[-48.127,-8.741],[-48.13,-8.744],[-48.131,-8.755],[-48.137,-8.757],[-48.131,-8.769],[-48.133,-8.768],[-48.145,-8.785],[-48.161,-8.782],[-48.162,-8.775],[-48.167,-8.778],[-48.17,-8.772],[-48.176,-8.772],[-48.182,-8.768],[-48.18,-8.77],[-48.184,-8.774],[-48.19,-8.77],[-48.197,-8.772],[-48.207,-8.781],[-48.223,-8.774],[-48.227,-8.78],[-48.233,-8.777],[-48.239,-8.782],[-48.25,-8.777],[-48.254,-8.777],[-48.255,-8.772],[-48.258,-8.774],[-48.262,-8.772],[-48.275,-8.778],[-48.278,-8.783],[-48.274,-8.786],[-48.286,-8.794],[-48.287,-8.798],[-48.29,-8.795],[-48.294,-8.801],[-48.299,-8.805],[-48.295,-8.81],[-48.3,-8.81],[-48.305,-8.817],[-48.303,-8.82],[-48.309,-8.832],[-48.313,-8.841],[-48.317,-8.842],[-48.316,-8.861],[-48.324,-8.867],[-48.327,-8.877],[-48.339,-8.895],[-48.341,-8.906],[-48.355,-8.919],[-48.376,-8.926],[-48.393,-8.943],[-48.395,-8.975],[-48.455,-8.932],[-48.46,-8.932],[-48.501,-8.952],[-48.546,-8.969],[-48.549,-8.976],[-48.547,-8.986],[-48.556,-8.998],[-48.56,-8.996],[-48.56,-8.987],[-48.566,-8.987],[-48.572,-8.995],[-48.601,-8.995],[-48.62,-9.01],[-48.63,-9.007],[-48.636,-9.001],[-48.644,-9.006],[-48.651,-9.006],[-48.659,-8.997],[-48.649,-8.996],[-48.647,-8.981],[-48.645,-8.974],[-48.649,-8.963],[-48.659,-8.945],[-48.672,-8.945],[-48.683,-8.926],[-48.702,-8.926],[-48.708,-8.923],[-48.71,-8.918],[-48.703,-8.91],[-48.693,-8.907],[-48.691,-8.911],[-48.686,-8.907],[-48.676,-8.908],[-48.668,-8.905],[-48.666,-8.9],[-48.677,-8.89],[-48.672,-8.86],[-48.675,-8.855],[-48.682,-8.855],[-48.679,-8.848],[-48.683,-8.835],[-48.679,-8.808],[-48.696,-8.804],[-48.7,-8.799],[-48.697,-8.793],[-48.693,-8.793],[-48.693,-8.775],[-48.685,-8.775],[-48.679,-8.765],[-48.684,-8.753],[-48.68,-8.746],[-48.684,-8.741],[-48.698,-8.729],[-48.707,-8.722],[-48.705,-8.713],[-48.697,-8.71],[-48.689,-8.696],[-48.676,-8.692],[-48.678,-8.686],[-48.662,-8.664],[-48.647,-8.656],[-48.64,-8.636],[-48.628,-8.623],[-48.632,-8.617],[-48.628,-8.603],[-48.635,-8.596],[-48.636,-8.582],[-48.648,-8.548],[-48.652,-8.545],[-48.643,-8.531],[-48.642,-8.521],[-48.569,-8.52],[-48.565,-8.524]]]}},{"type":"Feature","properties":{"id":"1709500","nome":"Gurupi"},"geometry":{"type":"Polygon","coordinates":[[[-48.747,-11.354],[-48.741,-11.357],[-48.728,-11.357],[-48.704,-11.378],[-48.701,-11.388],[-48.686,-11.384],[-48.662,-11.385],[-48.657,-11.379],[-48.635,-11.391],[-48.627,-11.391],[-48.624,-11.387],[-48.608,-11.382],[-48.606,-11.378],[-48.583,-11.391],[-48.568,-11.395],[-48.58,-11.404],[-48.59,-11.42],[-48.591,-11.43],[-48.581,-11.452],[-48.583,-11.469],[-48.591,-11.481],[-48.623,-11.517],[-48.631,-11.521],[-48.633,-11.518],[-48.639,-11.522],[-48.636,-11.518],[-48.639,-11.517],[-48.645,-11.521],[-48.653,-11.508],[-48.659,-11.507],[-48.663,-11.511],[-48.659,-11.511],[-48.662,-11.52],[-48.678,-11.524],[-48.678,-11.526],[-48.673,-11.526],[-48.679,-11.53],[-48.68,-11.537],[-48.685,-11.536],[-48.69,-11.54],[-48.692,-11.55],[-48.697,-11.55],[-48.697,-11.554],[-48.701,-11.552],[-48.701,-11.556],[-48.712,-11.564],[-48.706,-11.574],[-48.719,-11.584],[-48.716,-11.589],[-48.711,-11.588],[-48.713,-11.591],[-48.711,-11.595],[-48.716,-11.605],[-48.713,-11.612],[-48.722,-11.615],[-48.72,-11.622],[-48.725,-11.642],[-48.718,-11.644],[-48.717,-11.651],[-48.71,-11.652],[-48.708,-11.657],[-48.711,-11.661],[-48.717,-11.658],[-48.725,-11.663],[-48.727,-11.67],[-48.73,-11.673],[-48.73,-11.68],[-48.725,-11.682],[-48.737,-11.687],[-48.735,-11.699],[-48.75,-11.705],[-48.748,-11.706],[-48.75,-11.715],[-48.747,-11.714],[-48.748,-11.722],[-48.757,-11.727],[-48.754,-11.734],[-48.765,-11.744],[-48.784,-11.736],[-48.808,-11.744],[-48.81,-11.753],[-48.818,-11.755],[-48.815,-11.757],[-48.815,-11.765],[-48.82,-11.77],[-48.822,-11.767],[-48.825,-11.772],[-48.833,-11.769],[-48.835,-11.776],[-48.843,-11.786],[-48.839,-11.788],[-48.84,-11.804],[-48.836,-11.805],[-48.835,-11.81],[-48.839,-11.819],[-48.836,-11.82],[-48.838,-11.824],[-48.834,-11.826],[-48.837,-11.831],[-48.833,-11.834],[-48.84,-11.837],[-48.843,-11.836],[-48.846,-11.839],[-48.841,-11.848],[-48.847,-11.85],[-48.845,-11.856],[-48.855,-11.856],[-48.858,-11.851],[-48.87,-11.849],[-48.875,-11.852],[-48.876,-11.85],[-48.892,-11.867],[-48.908,-11.857],[-48.923,-11.86],[-48.925,-11.872],[-48.936,-11.883],[-48.935,-11.89],[-48.941,-11.899],[-48.953,-11.903],[-48.951,-11.906],[-48.955,-11.906],[-48.956,-11.91],[-48.961,-11.909],[-48.965,-11.916],[-48.978,-11.918],[-48.988,-11.924],[-48.988,-11.932],[-48.991,-11.936],[-48.987,-11.941],[-48.987,-11.95],[-48.992,-11.957],[-49.001,-11.962],[-49.027,-11.933],[-49.062,-11.906],[-49.079,-11.905],[-49.09,-11.911],[-49.094,-11.902],[-49.087,-11.888],[-49.089,-11.882],[-49.1,-11.883],[-49.113,-11.89],[-49.121,-11.888],[-49.12,-11.877],[-49.105,-11.865],[-49.101,-11.857],[-49.091,-11.836],[-49.092,-11.831],[-49.08,-11.803],[-49.081,-11.798],[-49.093,-11.793],[-49.099,-11.78],[-49.111,-11.774],[-49.116,-11.75],[-49.148,-11.736],[-49.172,-11.739],[-49.18,-11.727],[-49.17,-11.714],[-49.167,-11.7],[-49.168,-11.689],[-49.164,-11.685],[-49.162,-11.671],[-49.145,-11.663],[-49.133,-11.667],[-49.126,-11.658],[-49.109,-11.655],[-49.111,-11.647],[-49.102,-11.637],[-49.099,-11.616],[-49.097,-11.603],[-49.087,-11.601],[-49.079,-11.596],[-49.067,-11.599],[-49.059,-11.606],[-49.046,-11.605],[-49.042,-11.584],[-49.028,-11.59],[-49.01,-11.589],[-49.004,-11.591],[-49.002,-11.6],[-48.995,-11.598],[-48.993,-11.593],[-48.987,-11.569],[-48.948,-11.534],[-48.95,-11.518],[-48.936,-11.526],[-48.934,-11.532],[-48.925,-11.534],[-48.907,-11.555],[-48.892,-11.552],[-48.882,-11.542],[-48.879,-11.526],[-48.882,-11.518],[-48.873,-11.493],[-48.874,-11.489],[-48.867,-11.485],[-48.858,-11.469],[-48.838,-11.468],[-48.83,-11.462],[-48.812,-11.461],[-48.8,-11.454],[-48.786,-11.447],[-48.785,-11.436],[-48.779,-11.427],[-48.784,-11.418],[-48.774,-11.405],[-48.774,-11.393],[-48.766,-11.368],[-48.747,-11.354]]]}},{"type":"Feature","properties":{"id":"1709807","nome":"Ipueiras"},"geometry":{"type":"Polygon","coordinates":[[[-48.409,-11.005],[-48.391,-11.006],[-48.385,-11.002],[-48.361,-11.014],[-48.358,-11.02],[-48.327,-11.041],[-48.326,-11.056],[-48.332,-11.073],[-48.324,-11.079],[-48.328,-11.086],[-48.319,-11.091],[-48.323,-11.104],[-48.318,-11.135],[-48.306,-11.138],[-48.299,-11.153],[-48.29,-11.153],[-48.275,-11.163],[-48.26,-11.194],[-48.247,-11.192],[-48.228,-11.197],[-48.218,-11.211],[-48.221,-11.225],[-48.232,-11.234],[-48.24,-11.266],[-48.248,-11.272],[-48.255,-11.285],[-48.264,-11.288],[-48.277,-11.288],[-48.282,-11.297],[-48.305,-11.295],[-48.31,-11.29],[-48.317,-11.305],[-48.313,-11.305],[-48.318,-11.31],[-48.329,-11.299],[-48.331,-11.293],[-48.338,-11.296],[-48.339,-11.287],[-48.35,-11.288],[-48.36,-11.275],[-48.366,-11.28],[-48.372,-11.272],[-48.378,-11.277],[-48.388,-11.274],[-48.392,-11.28],[-48.399,-11.273],[-48.404,-11.278],[-48.422,-11.274],[-48.433,-11.265],[-48.448,-11.26],[-48.453,-11.263],[-48.464,-11.247],[-48.484,-11.226],[-48.496,-11.206],[-48.517,-11.158],[-48.52,-11.124],[-48.536,-11.104],[-48.544,-11.069],[-48.553,-11.055],[-48.557,-11.038],[-48.555,-11.018],[-48.553,-11.013],[-48.535,-10.998],[-48.522,-10.971],[-48.513,-10.954],[-48.458,-10.928],[-48.463,-10.942],[-48.473,-10.946],[-48.472,-10.957],[-48.46,-10.961],[-48.452,-10.975],[-48.431,-10.986],[-48.426,-10.994],[-48.409,-11.005]]]}},{"type":"Feature","properties":{"id":"1710508","nome":"Itacaj\u00e1"},"geometry":{"type":"Polygon","coordinates":[[[-47.91,-8.176],[-47.903,-8.181],[-47.895,-8.179],[-47.884,-8.201],[-47.884,-8.211],[-47.889,-8.213],[-47.895,-8.209],[-47.898,-8.219],[-47.893,-8.226],[-47.885,-8.225],[-47.878,-8.231],[-47.872,-8.221],[-47.865,-8.222],[-47.862,-8.23],[-47.871,-8.24],[-47.872,-8.246],[-47.849,-8.269],[-47.85,-8.286],[-47.839,-8.291],[-47.835,-8.287],[-47.833,-8.289],[-47.836,-8.302],[-47.832,-8.307],[-47.839,-8.32],[-47.837,-8.325],[-47.832,-8.328],[-47.82,-8.319],[-47.807,-8.324],[-47.817,-8.331],[-47.821,-8.342],[-47.816,-8.342],[-47.812,-8.338],[-47.796,-8.341],[-47.792,-8.345],[-47.793,-8.352],[-47.785,-8.358],[-47.79,-8.365],[-47.787,-8.368],[-47.794,-8.384],[-47.787,-8.389],[-47.783,-8.386],[-47.776,-8.383],[-47.77,-8.386],[-47.765,-8.389],[-47.764,-8.396],[-47.744,-8.409],[-47.741,-8.423],[-47.714,-8.452],[-47.704,-8.452],[-47.704,-8.455],[-47.697,-8.458],[-47.682,-8.452],[-47.677,-8.456],[-47.674,-8.451],[-47.661,-8.454],[-47.661,-8.45],[-47.653,-8.447],[-47.644,-8.449],[-47.642,-8.444],[-47.626,-8.434],[-47.623,-8.44],[-47.614,-8.436],[-47.587,-8.449],[-47.573,-8.45],[-47.571,-8.458],[-47.563,-8.463],[-47.554,-8.467],[-47.55,-8.472],[-47.542,-8.468],[-47.533,-8.479],[-47.53,-8.463],[-47.518,-8.464],[-47.504,-8.458],[-47.501,-8.461],[-47.495,-8.456],[-47.497,-8.461],[-47.492,-8.47],[-47.477,-8.477],[-47.477,-8.484],[-47.463,-8.484],[-47.457,-8.488],[-47.449,-8.491],[-47.444,-8.488],[-47.438,-8.493],[-47.434,-8.484],[-47.421,-8.482],[-47.413,-8.488],[-47.405,-8.483],[-47.402,-8.476],[-47.392,-8.483],[-47.385,-8.479],[-47.379,-8.482],[-47.367,-8.48],[-47.364,-8.476],[-47.354,-8.475],[-47.348,-8.468],[-47.34,-8.479],[-47.327,-8.473],[-47.318,-8.475],[-47.307,-8.471],[-47.305,-8.458],[-47.296,-8.454],[-47.263,-8.467],[-47.251,-8.479],[-47.251,-8.485],[-47.258,-8.484],[-47.255,-8.488],[-47.262,-8.494],[-47.258,-8.501],[-47.261,-8.504],[-47.259,-8.513],[-47.267,-8.512],[-47.265,-8.519],[-47.269,-8.52],[-47.266,-8.527],[-47.272,-8.529],[-47.264,-8.532],[-47.261,-8.53],[-47.261,-8.533],[-47.268,-8.536],[-47.267,-8.539],[-47.271,-8.541],[-47.278,-8.541],[-47.272,-8.547],[-47.273,-8.552],[-47.277,-8.548],[-47.277,-8.551],[-47.281,-8.55],[-47.287,-8.554],[-47.285,-8.563],[-47.296,-8.574],[-47.298,-8.584],[-47.308,-8.591],[-47.305,-8.597],[-47.312,-8.61],[-47.312,-8.617],[-47.316,-8.622],[-47.321,-8.623],[-47.329,-8.637],[-47.324,-8.645],[-47.327,-8.657],[-47.319,-8.663],[-47.319,-8.675],[-47.315,-8.683],[-47.32,-8.695],[-47.316,-8.705],[-47.324,-8.718],[-47.311,-8.732],[-47.303,-8.746],[-47.34,-8.766],[-47.35,-8.766],[-47.361,-8.773],[-47.37,-8.775],[-47.384,-8.772],[-47.388,-8.767],[-47.399,-8.795],[-47.404,-8.797],[-47.429,-8.812],[-47.438,-8.813],[-47.448,-8.813],[-47.465,-8.797],[-47.472,-8.797],[-47.483,-8.802],[-47.498,-8.8],[-47.502,-8.807],[-47.516,-8.812],[-47.527,-8.829],[-47.543,-8.837],[-47.553,-8.838],[-47.562,-8.831],[-47.571,-8.833],[-47.575,-8.825],[-47.584,-8.82],[-47.588,-8.824],[-47.59,-8.82],[-47.597,-8.82],[-47.608,-8.809],[-47.613,-8.812],[-47.624,-8.805],[-47.636,-8.807],[-47.639,-8.805],[-47.643,-8.809],[-47.65,-8.809],[-47.656,-8.8],[-47.661,-8.798],[-47.665,-8.802],[-47.674,-8.802],[-47.684,-8.8],[-47.685,-8.795],[-47.688,-8.794],[-47.688,-8.784],[-47.692,-8.78],[-47.69,-8.775],[-47.696,-8.773],[-47.695,-8.769],[-47.7,-8.763],[-47.701,-8.754],[-47.697,-8.747],[-47.698,-8.736],[-47.692,-8.727],[-47.683,-8.724],[-47.678,-8.715],[-47.681,-8.703],[-47.679,-8.7],[-47.743,-8.729],[-47.75,-8.731],[-47.766,-8.729],[-47.788,-8.744],[-47.809,-8.736],[-47.852,-8.745],[-47.869,-8.742],[-47.878,-8.736],[-47.89,-8.736],[-47.894,-8.739],[-47.915,-8.736],[-47.922,-8.733],[-47.941,-8.687],[-47.953,-8.678],[-47.962,-8.678],[-47.968,-8.673],[-47.978,-8.671],[-47.986,-8.662],[-47.99,-8.664],[-47.99,-8.661],[-48.004,-8.659],[-48.012,-8.647],[-48.016,-8.65],[-48.023,-8.64],[-48.024,-8.621],[-48.002,-8.609],[-47.989,-8.609],[-47.98,-8.603],[-47.971,-8.604],[-47.966,-8.597],[-47.952,-8.589],[-47.943,-8.574],[-47.943,-8.57],[-47.951,-8.567],[-47.955,-8.559],[-47.964,-8.557],[-47.964,-8.552],[-47.969,-8.551],[-47.962,-8.542],[-47.974,-8.531],[-47.993,-8.525],[-47.989,-8.519],[-47.992,-8.518],[-47.984,-8.516],[-47.988,-8.505],[-47.983,-8.503],[-47.982,-8.507],[-47.978,-8.507],[-47.972,-8.507],[-47.971,-8.498],[-47.958,-8.486],[-47.959,-8.463],[-47.953,-8.455],[-47.954,-8.453],[-47.971,-8.421],[-47.977,-8.415],[-47.985,-8.413],[-47.985,-8.401],[-47.992,-8.399],[-47.988,-8.356],[-47.978,-8.345],[-47.964,-8.34],[-47.949,-8.323],[-47.951,-8.314],[-47.958,-8.309],[-47.957,-8.303],[-47.963,-8.299],[-47.96,-8.282],[-47.969,-8.262],[-47.967,-8.243],[-47.974,-8.228],[-47.97,-8.22],[-47.975,-8.204],[-47.969,-8.203],[-47.952,-8.179],[-47.93,-8.185],[-47.924,-8.178],[-47.919,-8.18],[-47.908,-8.165],[-47.901,-8.165],[-47.901,-8.169],[-47.91,-8.176]]]}},{"type":"Feature","properties":{"id":"1710706","nome":"Itaguatins"},"geometry":{"type":"Polygon","coordinates":[[[-47.477,-5.635],[-47.473,-5.662],[-47.481,-5.678],[-47.493,-5.71],[-47.493,-5.73],[-47.483,-5.756],[-47.47,-5.772],[-47.442,-5.83],[-47.437,-5.857],[-47.442,-5.858],[-47.45,-5.872],[-47.469,-5.873],[-47.473,-5.877],[-47.475,-5.879],[-47.484,-5.879],[-47.496,-5.885],[-47.499,-5.881],[-47.519,-5.88],[-47.518,-5.889],[-47.536,-5.908],[-47.553,-5.906],[-47.554,-5.91],[-47.563,-5.91],[-47.565,-5.916],[-47.572,-5.917],[-47.573,-5.923],[-47.587,-5.929],[-47.6,-5.925],[-47.612,-5.932],[-47.618,-5.931],[-47.62,-5.925],[-47.637,-5.926],[-47.673,-5.934],[-47.702,-5.94],[-47.702,-5.939],[-47.706,-5.927],[-47.728,-5.917],[-47.733,-5.91],[-47.722,-5.881],[-47.723,-5.874],[-47.734,-5.862],[-47.736,-5.854],[-47.737,-5.837],[-47.734,-5.823],[-47.744,-5.814],[-47.752,-5.8],[-47.747,-5.783],[-47.748,-5.766],[-47.749,-5.764],[-47.634,-5.699],[-47.601,-5.68],[-47.593,-5.68],[-47.554,-5.678],[-47.541,-5.67],[-47.536,-5.662],[-47.523,-5.653],[-47.517,-5.638],[-47.509,-5.636],[-47.491,-5.643],[-47.477,-5.635]]]}},{"type":"Feature","properties":{"id":"1710904","nome":"Itapiratins"},"geometry":{"type":"Polygon","coordinates":[[[-47.936,-7.932],[-47.941,-7.945],[-47.945,-7.944],[-47.945,-7.947],[-47.931,-7.95],[-47.937,-7.96],[-47.926,-7.968],[-47.923,-7.983],[-47.911,-7.979],[-47.899,-7.983],[-47.905,-7.994],[-47.907,-8.009],[-47.905,-8.014],[-47.897,-8.011],[-47.888,-8.014],[-47.888,-8.023],[-47.894,-8.027],[-47.886,-8.05],[-47.896,-8.06],[-47.891,-8.067],[-47.884,-8.069],[-47.883,-8.075],[-47.888,-8.086],[-47.898,-8.092],[-47.894,-8.101],[-47.898,-8.109],[-47.89,-8.114],[-47.898,-8.125],[-47.893,-8.135],[-47.901,-8.14],[-47.897,-8.153],[-47.901,-8.165],[-47.908,-8.165],[-47.919,-8.18],[-47.924,-8.178],[-47.93,-8.185],[-47.952,-8.179],[-47.969,-8.203],[-47.975,-8.204],[-47.97,-8.22],[-47.974,-8.228],[-47.967,-8.243],[-47.969,-8.262],[-47.96,-8.282],[-47.963,-8.299],[-47.957,-8.303],[-47.958,-8.309],[-47.951,-8.314],[-47.949,-8.323],[-47.964,-8.34],[-47.978,-8.345],[-47.988,-8.356],[-47.992,-8.399],[-47.985,-8.401],[-47.985,-8.413],[-47.977,-8.415],[-47.971,-8.421],[-47.954,-8.453],[-47.953,-8.455],[-47.959,-8.463],[-47.958,-8.486],[-47.971,-8.498],[-47.972,-8.507],[-47.978,-8.507],[-47.982,-8.507],[-47.983,-8.503],[-47.988,-8.505],[-47.984,-8.516],[-47.992,-8.518],[-47.989,-8.519],[-47.993,-8.525],[-47.974,-8.531],[-47.962,-8.542],[-47.969,-8.551],[-47.964,-8.552],[-47.964,-8.557],[-47.955,-8.559],[-47.951,-8.567],[-47.943,-8.57],[-47.943,-8.574],[-47.952,-8.589],[-47.966,-8.597],[-47.971,-8.604],[-47.98,-8.603],[-47.989,-8.609],[-48.002,-8.609],[-48.024,-8.621],[-48.023,-8.64],[-48.016,-8.65],[-48.019,-8.656],[-48.016,-8.657],[-48.025,-8.658],[-48.021,-8.667],[-48.026,-8.665],[-48.03,-8.667],[-48.029,-8.671],[-48.033,-8.668],[-48.038,-8.672],[-48.038,-8.669],[-48.05,-8.668],[-48.058,-8.674],[-48.059,-8.669],[-48.065,-8.664],[-48.072,-8.666],[-48.077,-8.662],[-48.08,-8.667],[-48.081,-8.659],[-48.088,-8.656],[-48.093,-8.662],[-48.095,-8.66],[-48.095,-8.663],[-48.098,-8.657],[-48.102,-8.659],[-48.112,-8.651],[-48.112,-8.645],[-48.119,-8.644],[-48.127,-8.634],[-48.129,-8.636],[-48.135,-8.596],[-48.132,-8.545],[-48.13,-8.527],[-48.108,-8.524],[-48.096,-8.512],[-48.082,-8.457],[-48.081,-8.448],[-48.082,-8.416],[-48.104,-8.395],[-48.115,-8.386],[-48.127,-8.366],[-48.133,-8.311],[-48.132,-8.287],[-48.143,-8.234],[-48.162,-8.196],[-48.16,-8.174],[-48.154,-8.155],[-48.128,-8.107],[-48.11,-8.088],[-48.103,-8.085],[-48.067,-8.09],[-48.041,-8.089],[-48.012,-8.082],[-48.007,-8.078],[-47.999,-8.079],[-47.975,-8.068],[-47.951,-8.056],[-47.944,-8.045],[-47.955,-7.964],[-47.959,-7.941],[-47.953,-7.926],[-47.936,-7.932]]]}},{"type":"Feature","properties":{"id":"1711100","nome":"Itapor\u00e3 do Tocantins"},"geometry":{"type":"Polygon","coordinates":[[[-48.689,-8.24],[-48.692,-8.245],[-48.696,-8.245],[-48.693,-8.252],[-48.696,-8.257],[-48.692,-8.264],[-48.695,-8.268],[-48.684,-8.283],[-48.674,-8.277],[-48.667,-8.283],[-48.666,-8.291],[-48.661,-8.298],[-48.662,-8.316],[-48.638,-8.35],[-48.638,-8.369],[-48.628,-8.389],[-48.632,-8.397],[-48.64,-8.397],[-48.661,-8.401],[-48.653,-8.418],[-48.654,-8.435],[-48.664,-8.461],[-48.67,-8.465],[-48.673,-8.475],[-48.66,-8.491],[-48.651,-8.496],[-48.654,-8.5],[-48.642,-8.521],[-48.643,-8.531],[-48.652,-8.545],[-48.648,-8.548],[-48.636,-8.582],[-48.635,-8.596],[-48.628,-8.603],[-48.632,-8.617],[-48.628,-8.623],[-48.64,-8.636],[-48.647,-8.656],[-48.662,-8.664],[-48.678,-8.686],[-48.679,-8.688],[-48.681,-8.684],[-48.677,-8.668],[-48.683,-8.657],[-48.702,-8.654],[-48.71,-8.63],[-48.718,-8.626],[-48.726,-8.634],[-48.729,-8.631],[-48.736,-8.634],[-48.741,-8.626],[-48.757,-8.625],[-48.755,-8.619],[-48.766,-8.607],[-48.778,-8.609],[-48.799,-8.598],[-48.806,-8.602],[-48.821,-8.591],[-48.824,-8.595],[-48.836,-8.598],[-48.839,-8.603],[-48.842,-8.595],[-48.846,-8.593],[-48.845,-8.599],[-48.857,-8.597],[-48.873,-8.588],[-48.87,-8.585],[-48.872,-8.581],[-48.881,-8.58],[-48.88,-8.576],[-48.885,-8.57],[-48.887,-8.561],[-48.894,-8.561],[-48.894,-8.552],[-48.898,-8.556],[-48.9,-8.55],[-48.903,-8.553],[-48.906,-8.549],[-48.898,-8.539],[-48.909,-8.536],[-48.909,-8.524],[-48.914,-8.517],[-48.912,-8.509],[-48.92,-8.507],[-48.917,-8.495],[-48.891,-8.468],[-48.857,-8.43],[-48.826,-8.355],[-48.825,-8.355],[-48.76,-8.19],[-48.702,-8.219],[-48.697,-8.221],[-48.695,-8.232],[-48.689,-8.24]]]}},{"type":"Feature","properties":{"id":"1711506","nome":"Ja\u00fa do Tocantins"},"geometry":{"type":"Polygon","coordinates":[[[-48.715,-12.397],[-48.715,-12.402],[-48.711,-12.398],[-48.697,-12.406],[-48.679,-12.409],[-48.697,-12.442],[-48.689,-12.451],[-48.672,-12.456],[-48.648,-12.481],[-48.63,-12.488],[-48.624,-12.496],[-48.58,-12.491],[-48.57,-12.48],[-48.568,-12.462],[-48.559,-12.457],[-48.526,-12.449],[-48.515,-12.434],[-48.505,-12.431],[-48.504,-12.419],[-48.479,-12.416],[-48.468,-12.427],[-48.448,-12.439],[-48.452,-12.44],[-48.454,-12.446],[-48.459,-12.448],[-48.456,-12.457],[-48.458,-12.46],[-48.457,-12.474],[-48.46,-12.474],[-48.462,-12.482],[-48.455,-12.489],[-48.454,-12.496],[-48.462,-12.511],[-48.46,-12.518],[-48.464,-12.521],[-48.466,-12.536],[-48.473,-12.542],[-48.465,-12.55],[-48.465,-12.556],[-48.459,-12.557],[-48.46,-12.554],[-48.457,-12.557],[-48.457,-12.573],[-48.46,-12.572],[-48.46,-12.576],[-48.467,-12.576],[-48.474,-12.582],[-48.475,-12.607],[-48.481,-12.605],[-48.492,-12.61],[-48.492,-12.607],[-48.507,-12.61],[-48.51,-12.616],[-48.515,-12.615],[-48.524,-12.632],[-48.519,-12.644],[-48.526,-12.661],[-48.521,-12.672],[-48.525,-12.692],[-48.524,-12.703],[-48.528,-12.708],[-48.538,-12.708],[-48.537,-12.718],[-48.546,-12.731],[-48.545,-12.734],[-48.539,-12.741],[-48.537,-12.751],[-48.54,-12.758],[-48.532,-12.76],[-48.534,-12.765],[-48.529,-12.769],[-48.534,-12.774],[-48.527,-12.776],[-48.526,-12.781],[-48.523,-12.778],[-48.521,-12.781],[-48.518,-12.778],[-48.51,-12.78],[-48.507,-12.777],[-48.501,-12.783],[-48.502,-12.791],[-48.501,-12.798],[-48.513,-12.801],[-48.519,-12.805],[-48.518,-12.809],[-48.526,-12.81],[-48.528,-12.808],[-48.532,-12.814],[-48.52,-12.824],[-48.518,-12.834],[-48.528,-12.844],[-48.541,-12.846],[-48.545,-12.852],[-48.54,-12.856],[-48.555,-12.867],[-48.552,-12.88],[-48.548,-12.88],[-48.546,-12.886],[-48.538,-12.886],[-48.538,-12.893],[-48.547,-12.891],[-48.546,-12.898],[-48.555,-12.909],[-48.55,-12.911],[-48.55,-12.918],[-48.555,-12.919],[-48.558,-12.928],[-48.563,-12.931],[-48.558,-12.948],[-48.542,-12.955],[-48.544,-12.982],[-48.53,-12.976],[-48.514,-12.985],[-48.508,-12.994],[-48.497,-12.995],[-48.5,-13.001],[-48.507,-13.002],[-48.507,-13.009],[-48.513,-13.014],[-48.506,-13.014],[-48.504,-13.019],[-48.521,-13.026],[-48.512,-13.044],[-48.514,-13.06],[-48.504,-13.064],[-48.49,-13.079],[-48.494,-13.096],[-48.498,-13.113],[-48.508,-13.122],[-48.508,-13.128],[-48.522,-13.141],[-48.521,-13.166],[-48.53,-13.184],[-48.53,-13.192],[-48.547,-13.195],[-48.554,-13.205],[-48.553,-13.225],[-48.549,-13.23],[-48.555,-13.238],[-48.555,-13.263],[-48.559,-13.274],[-48.553,-13.28],[-48.553,-13.302],[-48.567,-13.311],[-48.578,-13.314],[-48.586,-13.317],[-48.589,-13.308],[-48.597,-13.302],[-48.6,-13.292],[-48.598,-13.284],[-48.589,-13.263],[-48.591,-13.256],[-48.587,-13.254],[-48.597,-13.246],[-48.6,-13.238],[-48.593,-13.235],[-48.583,-13.222],[-48.583,-13.21],[-48.579,-13.207],[-48.58,-13.191],[-48.577,-13.187],[-48.583,-13.18],[-48.578,-13.172],[-48.587,-13.167],[-48.586,-13.159],[-48.592,-13.158],[-48.596,-13.152],[-48.59,-13.15],[-48.589,-13.145],[-48.582,-13.141],[-48.581,-13.128],[-48.578,-13.127],[-48.577,-13.123],[-48.582,-13.118],[-48.581,-13.114],[-48.585,-13.106],[-48.596,-13.107],[-48.594,-13.101],[-48.588,-13.099],[-48.596,-13.088],[-48.596,-13.078],[-48.602,-13.078],[-48.601,-13.06],[-48.604,-13.058],[-48.61,-13.06],[-48.619,-13.052],[-48.627,-13.052],[-48.637,-13.034],[-48.639,-13.026],[-48.636,-13.021],[-48.64,-13.014],[-48.647,-13.01],[-48.656,-13.012],[-48.657,-13.005],[-48.664,-13.001],[-48.668,-13.003],[-48.675,-12.994],[-48.683,-12.993],[-48.686,-13.002],[-48.69,-13.003],[-48.693,-12.997],[-48.701,-12.998],[-48.708,-13.005],[-48.712,-12.999],[-48.717,-13.002],[-48.725,-12.991],[-48.73,-12.989],[-48.734,-12.975],[-48.73,-12.961],[-48.737,-12.949],[-48.739,-12.946],[-48.733,-12.93],[-48.736,-12.921],[-48.748,-12.917],[-48.754,-12.908],[-48.762,-12.905],[-48.771,-12.894],[-48.786,-12.88],[-48.786,-12.885],[-48.791,-12.884],[-48.794,-12.876],[-48.8,-12.876],[-48.799,-12.873],[-48.806,-12.87],[-48.805,-12.866],[-48.814,-12.864],[-48.811,-12.86],[-48.818,-12.853],[-48.82,-12.844],[-48.825,-12.845],[-48.831,-12.841],[-48.831,-12.844],[-48.842,-12.844],[-48.845,-12.84],[-48.842,-12.83],[-48.847,-12.818],[-48.846,-12.809],[-48.857,-12.805],[-48.862,-12.809],[-48.862,-12.805],[-48.869,-12.804],[-48.858,-12.786],[-48.853,-12.785],[-48.839,-12.79],[-48.824,-12.79],[-48.821,-12.802],[-48.817,-12.8],[-48.811,-12.792],[-48.816,-12.781],[-48.812,-12.779],[-48.813,-12.77],[-48.82,-12.76],[-48.833,-12.751],[-48.836,-12.742],[-48.83,-12.737],[-48.82,-12.737],[-48.811,-12.718],[-48.807,-12.722],[-48.808,-12.727],[-48.802,-12.736],[-48.793,-12.736],[-48.788,-12.741],[-48.773,-12.741],[-48.771,-12.736],[-48.775,-12.732],[-48.771,-12.726],[-48.783,-12.717],[-48.778,-12.711],[-48.78,-12.704],[-48.785,-12.69],[-48.79,-12.686],[-48.79,-12.682],[-48.78,-12.68],[-48.779,-12.675],[-48.79,-12.668],[-48.778,-12.657],[-48.78,-12.655],[-48.787,-12.656],[-48.809,-12.646],[-48.812,-12.638],[-48.808,-12.623],[-48.814,-12.624],[-48.827,-12.642],[-48.834,-12.639],[-48.841,-12.628],[-48.851,-12.596],[-48.85,-12.581],[-48.841,-12.567],[-48.846,-12.558],[-48.845,-12.554],[-48.841,-12.553],[-48.833,-12.561],[-48.808,-12.553],[-48.81,-12.544],[-48.824,-12.549],[-48.825,-12.544],[-48.806,-12.518],[-48.799,-12.515],[-48.796,-12.508],[-48.81,-12.495],[-48.8,-12.491],[-48.797,-12.485],[-48.781,-12.482],[-48.777,-12.47],[-48.782,-12.465],[-48.787,-12.451],[-48.783,-12.438],[-48.771,-12.429],[-48.761,-12.429],[-48.746,-12.422],[-48.735,-12.425],[-48.733,-12.409],[-48.721,-12.398],[-48.715,-12.397]]]}},{"type":"Feature","properties":{"id":"1711803","nome":"Juarina"},"geometry":{"type":"Polygon","coordinates":[[[-49.152,-8.006],[-49.153,-8.01],[-49.149,-8.012],[-49.145,-8.01],[-49.14,-8.012],[-49.135,-8.007],[-49.129,-8.01],[-49.121,-8.008],[-49.116,-8.013],[-49.113,-8.01],[-49.108,-8.025],[-49.094,-8.026],[-49.092,-8.03],[-49.083,-8.032],[-49.074,-8.049],[-49.076,-8.053],[-49.066,-8.056],[-49.059,-8.064],[-49.052,-8.084],[-49.045,-8.087],[-49.044,-8.085],[-49.043,-8.087],[-49.031,-8.084],[-49.018,-8.087],[-49.009,-8.085],[-49.006,-8.093],[-48.988,-8.105],[-48.988,-8.118],[-48.984,-8.121],[-48.987,-8.133],[-48.984,-8.139],[-48.995,-8.148],[-48.998,-8.154],[-48.992,-8.161],[-48.993,-8.178],[-48.986,-8.179],[-48.984,-8.184],[-48.975,-8.192],[-48.992,-8.196],[-48.996,-8.202],[-49.013,-8.204],[-49.028,-8.22],[-49.047,-8.224],[-49.06,-8.222],[-49.069,-8.226],[-49.094,-8.221],[-49.145,-8.253],[-49.171,-8.256],[-49.177,-8.251],[-49.19,-8.246],[-49.192,-8.241],[-49.203,-8.237],[-49.21,-8.24],[-49.217,-8.232],[-49.212,-8.222],[-49.222,-8.209],[-49.222,-8.205],[-49.209,-8.175],[-49.203,-8.14],[-49.207,-8.122],[-49.201,-8.108],[-49.199,-8.087],[-49.193,-8.076],[-49.18,-8.067],[-49.174,-8.05],[-49.173,-8.021],[-49.175,-8.009],[-49.155,-8.009],[-49.152,-8.006]]]}},{"type":"Feature","properties":{"id":"1711902","nome":"Lagoa da Confus\u00e3o"},"geometry":{"type":"Polygon","coordinates":[[[-49.713,-10.53],[-49.701,-10.543],[-49.69,-10.541],[-49.677,-10.545],[-49.673,-10.55],[-49.65,-10.547],[-49.645,-10.552],[-49.647,-10.561],[-49.642,-10.567],[-49.637,-10.566],[-49.62,-10.575],[-49.608,-10.577],[-49.596,-10.569],[-49.585,-10.57],[-49.582,-10.583],[-49.565,-10.592],[-49.561,-10.602],[-49.545,-10.619],[-49.547,-10.642],[-49.529,-10.679],[-49.514,-10.691],[-49.49,-10.692],[-49.477,-10.705],[-49.465,-10.705],[-49.459,-10.711],[-49.452,-10.712],[-49.447,-10.728],[-49.467,-10.737],[-49.471,-10.744],[-49.47,-10.753],[-49.474,-10.757],[-49.508,-10.764],[-49.521,-10.782],[-49.525,-10.804],[-49.53,-10.811],[-49.539,-10.811],[-49.555,-10.827],[-49.562,-10.834],[-49.559,-10.842],[-49.571,-10.851],[-49.569,-10.856],[-49.576,-10.865],[-49.575,-10.883],[-49.584,-10.897],[-49.604,-10.91],[-49.621,-10.911],[-49.631,-10.928],[-49.643,-10.921],[-49.647,-10.923],[-49.665,-10.915],[-49.677,-10.922],[-49.686,-10.918],[-49.692,-10.927],[-49.703,-10.911],[-49.71,-10.909],[-49.713,-10.913],[-49.71,-10.915],[-49.717,-10.917],[-49.718,-10.923],[-49.727,-10.916],[-49.73,-10.907],[-49.758,-10.903],[-49.765,-10.909],[-49.761,-10.918],[-49.783,-10.938],[-49.778,-10.949],[-49.783,-10.953],[-49.789,-10.972],[-49.795,-10.976],[-49.794,-10.989],[-49.799,-10.997],[-49.807,-11.0],[-49.807,-11.009],[-49.817,-11.011],[-49.823,-11.025],[-49.811,-11.044],[-49.811,-11.051],[-49.813,-11.053],[-49.816,-11.05],[-49.816,-11.043],[-49.828,-11.045],[-49.817,-11.064],[-49.814,-11.076],[-49.818,-11.079],[-49.822,-11.094],[-49.803,-11.102],[-49.801,-11.113],[-49.792,-11.121],[-49.784,-11.118],[-49.783,-11.132],[-49.777,-11.132],[-49.77,-11.14],[-49.765,-11.159],[-49.759,-11.165],[-49.765,-11.162],[-49.767,-11.164],[-49.758,-11.181],[-49.76,-11.19],[-49.765,-11.195],[-49.756,-11.204],[-49.764,-11.2],[-49.769,-11.212],[-49.765,-11.208],[-49.761,-11.208],[-49.749,-11.222],[-49.761,-11.223],[-49.76,-11.227],[-49.753,-11.227],[-49.751,-11.23],[-49.761,-11.239],[-49.75,-11.243],[-49.763,-11.252],[-49.756,-11.251],[-49.742,-11.26],[-49.751,-11.26],[-49.752,-11.263],[-49.743,-11.265],[-49.749,-11.271],[-49.751,-11.282],[-49.747,-11.282],[-49.745,-11.274],[-49.74,-11.272],[-49.742,-11.284],[-49.735,-11.285],[-49.737,-11.294],[-49.728,-11.3],[-49.735,-11.314],[-49.725,-11.315],[-49.726,-11.32],[-49.72,-11.339],[-49.713,-11.335],[-49.706,-11.338],[-49.703,-11.346],[-49.71,-11.354],[-49.708,-11.356],[-49.698,-11.352],[-49.693,-11.358],[-49.698,-11.363],[-49.681,-11.379],[-49.677,-11.39],[-49.688,-11.392],[-49.873,-11.428],[-50.019,-11.456],[-50.02,-11.457],[-50.277,-11.507],[-50.668,-11.581],[-50.67,-11.581],[-50.682,-11.583],[-50.716,-11.579],[-50.741,-11.537],[-50.734,-11.511],[-50.739,-11.499],[-50.739,-11.471],[-50.742,-11.46],[-50.739,-11.435],[-50.727,-11.411],[-50.728,-11.382],[-50.712,-11.359],[-50.705,-11.341],[-50.707,-11.328],[-50.698,-11.31],[-50.696,-11.304],[-50.679,-11.295],[-50.67,-11.284],[-50.656,-11.24],[-50.654,-11.218],[-50.661,-11.203],[-50.659,-11.187],[-50.664,-11.154],[-50.658,-11.128],[-50.647,-11.126],[-50.643,-11.123],[-50.637,-11.1],[-50.617,-11.085],[-50.609,-11.067],[-50.611,-11.043],[-50.617,-11.032],[-50.617,-11.002],[-50.624,-10.983],[-50.62,-10.968],[-50.632,-10.936],[-50.622,-10.918],[-50.6,-10.9],[-50.599,-10.884],[-50.604,-10.872],[-50.619,-10.864],[-50.622,-10.839],[-50.611,-10.821],[-50.612,-10.81],[-50.607,-10.804],[-50.597,-10.804],[-50.591,-10.8],[-50.59,-10.786],[-50.57,-10.752],[-50.577,-10.733],[-50.576,-10.719],[-50.585,-10.704],[-50.587,-10.686],[-50.602,-10.673],[-50.603,-10.66],[-50.263,-10.615],[-50.262,-10.615],[-49.959,-10.574],[-49.936,-10.567],[-49.763,-10.514],[-49.742,-10.527],[-49.713,-10.53]]]}},{"type":"Feature","properties":{"id":"1711951","nome":"Lagoa do Tocantins"},"geometry":{"type":"Polygon","coordinates":[[[-47.497,-10.176],[-47.49,-10.184],[-47.481,-10.183],[-47.474,-10.19],[-47.463,-10.186],[-47.463,-10.177],[-47.459,-10.174],[-47.447,-10.161],[-47.434,-10.166],[-47.435,-10.173],[-47.435,-10.176],[-47.428,-10.177],[-47.422,-10.192],[-47.415,-10.199],[-47.408,-10.202],[-47.402,-10.199],[-47.428,-10.236],[-47.422,-10.234],[-47.413,-10.239],[-47.4,-10.237],[-47.396,-10.243],[-47.39,-10.245],[-47.372,-10.239],[-47.367,-10.241],[-47.361,-10.25],[-47.365,-10.254],[-47.36,-10.268],[-47.362,-10.275],[-47.355,-10.274],[-47.351,-10.279],[-47.354,-10.282],[-47.36,-10.281],[-47.361,-10.297],[-47.368,-10.299],[-47.37,-10.308],[-47.373,-10.307],[-47.371,-10.313],[-47.376,-10.315],[-47.371,-10.317],[-47.378,-10.328],[-47.374,-10.327],[-47.37,-10.332],[-47.374,-10.34],[-47.372,-10.345],[-47.368,-10.346],[-47.37,-10.353],[-47.375,-10.353],[-47.377,-10.364],[-47.372,-10.361],[-47.366,-10.367],[-47.362,-10.366],[-47.366,-10.37],[-47.355,-10.382],[-47.338,-10.383],[-47.335,-10.38],[-47.329,-10.384],[-47.324,-10.396],[-47.327,-10.4],[-47.323,-10.424],[-47.316,-10.425],[-47.312,-10.436],[-47.304,-10.439],[-47.399,-10.513],[-47.424,-10.52],[-47.429,-10.526],[-47.435,-10.524],[-47.442,-10.521],[-47.455,-10.536],[-47.463,-10.531],[-47.469,-10.508],[-47.479,-10.505],[-47.48,-10.495],[-47.487,-10.49],[-47.489,-10.471],[-47.496,-10.471],[-47.496,-10.46],[-47.501,-10.457],[-47.507,-10.459],[-47.512,-10.457],[-47.508,-10.451],[-47.51,-10.449],[-47.521,-10.452],[-47.521,-10.441],[-47.531,-10.437],[-47.54,-10.425],[-47.544,-10.428],[-47.548,-10.423],[-47.566,-10.421],[-47.582,-10.408],[-47.587,-10.413],[-47.593,-10.41],[-47.603,-10.411],[-47.604,-10.414],[-47.612,-10.414],[-47.616,-10.418],[-47.621,-10.413],[-47.619,-10.407],[-47.631,-10.4],[-47.632,-10.404],[-47.643,-10.399],[-47.646,-10.405],[-47.656,-10.402],[-47.656,-10.395],[-47.668,-10.394],[-47.669,-10.387],[-47.665,-10.381],[-47.62,-10.349],[-47.621,-10.34],[-47.636,-10.333],[-47.64,-10.327],[-47.634,-10.292],[-47.641,-10.29],[-47.644,-10.283],[-47.644,-10.268],[-47.641,-10.269],[-47.636,-10.264],[-47.633,-10.267],[-47.627,-10.266],[-47.619,-10.256],[-47.608,-10.256],[-47.597,-10.25],[-47.575,-10.251],[-47.572,-10.254],[-47.569,-10.249],[-47.568,-10.247],[-47.567,-10.241],[-47.578,-10.226],[-47.576,-10.215],[-47.58,-10.205],[-47.578,-10.191],[-47.581,-10.185],[-47.576,-10.176],[-47.569,-10.164],[-47.552,-10.17],[-47.549,-10.176],[-47.54,-10.183],[-47.525,-10.153],[-47.514,-10.173],[-47.51,-10.175],[-47.497,-10.176]]]}},{"type":"Feature","properties":{"id":"1712009","nome":"Lajeado"},"geometry":{"type":"Polygon","coordinates":[[[-48.32,-9.735],[-48.297,-9.75],[-48.286,-9.738],[-48.282,-9.74],[-48.277,-9.732],[-48.276,-9.738],[-48.272,-9.738],[-48.272,-9.741],[-48.259,-9.743],[-48.251,-9.755],[-48.253,-9.773],[-48.239,-9.836],[-48.244,-9.843],[-48.248,-9.843],[-48.235,-9.854],[-48.232,-9.865],[-48.23,-9.868],[-48.221,-9.871],[-48.208,-9.883],[-48.204,-9.883],[-48.197,-9.895],[-48.185,-9.906],[-48.226,-9.949],[-48.222,-9.959],[-48.224,-9.963],[-48.231,-9.962],[-48.256,-9.97],[-48.262,-9.976],[-48.262,-9.982],[-48.277,-9.975],[-48.286,-9.966],[-48.282,-9.957],[-48.286,-9.95],[-48.285,-9.93],[-48.289,-9.928],[-48.299,-9.932],[-48.309,-9.941],[-48.309,-9.935],[-48.313,-9.932],[-48.336,-9.933],[-48.371,-9.918],[-48.365,-9.903],[-48.348,-9.896],[-48.338,-9.883],[-48.332,-9.865],[-48.332,-9.829],[-48.338,-9.817],[-48.376,-9.787],[-48.378,-9.775],[-48.374,-9.765],[-48.366,-9.753],[-48.361,-9.747],[-48.359,-9.726],[-48.367,-9.705],[-48.365,-9.695],[-48.343,-9.708],[-48.335,-9.729],[-48.32,-9.735]]]}},{"type":"Feature","properties":{"id":"1712157","nome":"Lavandeira"},"geometry":{"type":"Polygon","coordinates":[[[-46.617,-12.655],[-46.59,-12.664],[-46.581,-12.663],[-46.565,-12.676],[-46.542,-12.683],[-46.538,-12.69],[-46.517,-12.695],[-46.497,-12.688],[-46.489,-12.681],[-46.479,-12.68],[-46.479,-12.693],[-46.484,-12.694],[-46.491,-12.702],[-46.487,-12.711],[-46.49,-12.718],[-46.488,-12.73],[-46.472,-12.743],[-46.455,-12.766],[-46.442,-12.771],[-46.393,-12.745],[-46.38,-12.75],[-46.374,-12.762],[-46.363,-12.77],[-46.348,-12.768],[-46.353,-12.759],[-46.35,-12.754],[-46.311,-12.757],[-46.295,-12.769],[-46.283,-12.765],[-46.276,-12.759],[-46.275,-12.775],[-46.283,-12.783],[-46.278,-12.792],[-46.28,-12.805],[-46.272,-12.812],[-46.27,-12.821],[-46.262,-12.831],[-46.273,-12.847],[-46.287,-12.856],[-46.293,-12.86],[-46.284,-12.878],[-46.286,-12.895],[-46.297,-12.907],[-46.292,-12.919],[-46.304,-12.949],[-46.279,-12.943],[-46.275,-12.935],[-46.266,-12.932],[-46.22,-12.94],[-46.198,-12.925],[-46.184,-12.923],[-46.139,-12.909],[-46.125,-12.91],[-46.113,-12.918],[-46.12,-12.925],[-46.149,-12.937],[-46.161,-12.934],[-46.177,-12.939],[-46.179,-12.947],[-46.187,-12.949],[-46.194,-12.956],[-46.223,-12.957],[-46.277,-12.971],[-46.28,-12.968],[-46.287,-12.974],[-46.29,-12.972],[-46.311,-12.98],[-46.334,-12.98],[-46.335,-12.983],[-46.338,-12.982],[-46.364,-12.991],[-46.373,-12.984],[-46.368,-12.972],[-46.377,-12.963],[-46.371,-12.958],[-46.372,-12.944],[-46.366,-12.939],[-46.364,-12.931],[-46.365,-12.913],[-46.36,-12.908],[-46.368,-12.903],[-46.362,-12.89],[-46.367,-12.887],[-46.364,-12.882],[-46.369,-12.877],[-46.366,-12.864],[-46.374,-12.859],[-46.376,-12.85],[-46.376,-12.853],[-46.383,-12.849],[-46.397,-12.851],[-46.408,-12.845],[-46.406,-12.838],[-46.411,-12.84],[-46.411,-12.828],[-46.417,-12.823],[-46.421,-12.825],[-46.421,-12.828],[-46.427,-12.823],[-46.431,-12.827],[-46.432,-12.819],[-46.444,-12.823],[-46.453,-12.819],[-46.455,-12.822],[-46.464,-12.81],[-46.471,-12.81],[-46.476,-12.801],[-46.48,-12.803],[-46.487,-12.797],[-46.507,-12.799],[-46.509,-12.792],[-46.511,-12.791],[-46.524,-12.785],[-46.545,-12.789],[-46.547,-12.786],[-46.542,-12.783],[-46.553,-12.783],[-46.558,-12.768],[-46.568,-12.766],[-46.57,-12.756],[-46.584,-12.75],[-46.586,-12.745],[-46.585,-12.741],[-46.606,-12.732],[-46.611,-12.725],[-46.606,-12.714],[-46.611,-12.711],[-46.61,-12.704],[-46.615,-12.69],[-46.622,-12.685],[-46.617,-12.682],[-46.619,-12.676],[-46.625,-12.675],[-46.623,-12.67],[-46.625,-12.664],[-46.617,-12.655]]]}},{"type":"Feature","properties":{"id":"1712405","nome":"Lizarda"},"geometry":{"type":"Polygon","coordinates":[[[-47.153,-8.917],[-47.154,-8.924],[-47.14,-8.922],[-47.133,-8.929],[-47.129,-8.938],[-47.121,-8.938],[-47.121,-8.933],[-47.117,-8.931],[-47.097,-8.935],[-47.095,-8.942],[-47.089,-8.944],[-47.079,-8.958],[-47.072,-8.952],[-47.06,-8.955],[-47.049,-8.978],[-47.044,-8.981],[-47.046,-8.989],[-47.038,-9.001],[-47.044,-9.006],[-47.062,-9.007],[-47.068,-9.012],[-47.056,-9.018],[-47.048,-9.015],[-47.048,-9.021],[-47.044,-9.023],[-47.043,-9.026],[-47.054,-9.033],[-47.054,-9.048],[-47.061,-9.048],[-47.057,-9.053],[-47.068,-9.056],[-47.068,-9.063],[-47.048,-9.071],[-47.045,-9.068],[-47.034,-9.069],[-47.023,-9.076],[-47.01,-9.07],[-47.013,-9.078],[-47.007,-9.082],[-47.0,-9.081],[-46.998,-9.076],[-46.985,-9.076],[-46.976,-9.081],[-46.94,-9.063],[-46.923,-9.065],[-46.912,-9.082],[-46.919,-9.087],[-46.929,-9.083],[-46.931,-9.085],[-46.928,-9.092],[-46.93,-9.095],[-46.923,-9.097],[-46.93,-9.106],[-46.926,-9.117],[-46.931,-9.12],[-46.931,-9.128],[-46.926,-9.135],[-46.917,-9.132],[-46.906,-9.135],[-46.898,-9.125],[-46.893,-9.122],[-46.888,-9.128],[-46.891,-9.14],[-46.861,-9.146],[-46.852,-9.154],[-46.847,-9.168],[-46.852,-9.186],[-46.85,-9.191],[-46.839,-9.197],[-46.827,-9.194],[-46.819,-9.209],[-46.826,-9.223],[-46.828,-9.24],[-46.819,-9.26],[-46.822,-9.266],[-46.831,-9.268],[-46.832,-9.279],[-46.844,-9.284],[-46.847,-9.292],[-46.842,-9.304],[-46.835,-9.308],[-46.818,-9.303],[-46.813,-9.304],[-46.808,-9.321],[-46.799,-9.338],[-46.783,-9.351],[-46.779,-9.358],[-46.768,-9.365],[-46.758,-9.381],[-46.766,-9.401],[-46.761,-9.41],[-46.746,-9.414],[-46.741,-9.412],[-46.738,-9.404],[-46.723,-9.396],[-46.696,-9.398],[-46.675,-9.39],[-46.666,-9.392],[-46.651,-9.406],[-46.632,-9.411],[-46.643,-9.419],[-46.648,-9.427],[-46.649,-9.444],[-46.64,-9.457],[-46.627,-9.465],[-46.613,-9.465],[-46.6,-9.47],[-46.594,-9.482],[-46.573,-9.477],[-46.561,-9.484],[-46.559,-9.493],[-46.575,-9.508],[-46.575,-9.517],[-46.558,-9.534],[-46.557,-9.539],[-46.54,-9.55],[-46.536,-9.557],[-46.579,-9.584],[-46.592,-9.587],[-46.592,-9.607],[-46.606,-9.63],[-46.606,-9.651],[-46.613,-9.665],[-46.653,-9.693],[-46.65,-9.704],[-46.645,-9.716],[-46.646,-9.733],[-46.642,-9.742],[-46.632,-9.748],[-46.596,-9.747],[-46.575,-9.758],[-46.569,-9.769],[-46.57,-9.781],[-46.579,-9.796],[-46.577,-9.805],[-46.562,-9.81],[-46.542,-9.81],[-46.512,-9.797],[-46.509,-9.801],[-46.508,-9.809],[-46.493,-9.827],[-46.497,-9.843],[-46.493,-9.849],[-46.48,-9.855],[-46.49,-9.861],[-46.491,-9.87],[-46.472,-9.877],[-46.47,-9.898],[-46.475,-9.906],[-46.489,-9.896],[-46.502,-9.881],[-46.507,-9.866],[-46.554,-9.857],[-46.573,-9.873],[-46.58,-9.875],[-46.596,-9.897],[-46.613,-9.903],[-46.624,-9.914],[-46.636,-9.911],[-46.639,-9.919],[-46.645,-9.915],[-46.653,-9.915],[-46.657,-9.918],[-46.66,-9.914],[-46.658,-9.91],[-46.669,-9.911],[-46.67,-9.916],[-46.681,-9.914],[-46.683,-9.918],[-46.692,-9.912],[-46.706,-9.918],[-46.711,-9.914],[-46.722,-9.914],[-46.723,-9.92],[-46.728,-9.918],[-46.726,-9.923],[-46.731,-9.923],[-46.73,-9.929],[-46.733,-9.931],[-46.737,-9.927],[-46.737,-9.934],[-46.741,-9.936],[-46.746,-9.933],[-46.75,-9.945],[-46.753,-9.941],[-46.759,-9.943],[-46.763,-9.939],[-46.764,-9.947],[-46.78,-9.948],[-46.782,-9.957],[-46.796,-9.962],[-46.798,-9.97],[-46.807,-9.971],[-46.811,-9.976],[-46.815,-9.972],[-46.824,-9.974],[-46.825,-9.971],[-46.833,-9.979],[-46.839,-9.97],[-46.85,-9.967],[-46.854,-9.963],[-46.855,-9.967],[-46.861,-9.966],[-46.863,-9.969],[-46.868,-9.964],[-46.872,-9.973],[-46.878,-9.969],[-46.885,-9.973],[-46.884,-9.977],[-46.895,-9.977],[-46.899,-9.982],[-46.907,-9.972],[-46.92,-9.978],[-46.924,-9.985],[-46.939,-9.98],[-46.942,-9.985],[-46.946,-9.986],[-46.945,-9.994],[-46.943,-9.991],[-46.946,-9.996],[-46.952,-9.987],[-46.959,-9.991],[-46.961,-9.988],[-46.966,-9.989],[-46.967,-9.994],[-46.971,-9.993],[-46.968,-9.99],[-46.973,-9.989],[-46.978,-9.995],[-46.98,-9.991],[-46.977,-9.99],[-46.982,-9.986],[-46.981,-9.99],[-46.985,-9.986],[-46.989,-9.99],[-46.982,-9.991],[-46.983,-9.997],[-46.99,-9.997],[-46.999,-10.003],[-47.001,-9.999],[-47.008,-10.0],[-47.003,-10.003],[-47.007,-10.005],[-47.01,-10.001],[-47.02,-10.01],[-47.025,-10.008],[-47.03,-10.016],[-47.031,-10.013],[-47.037,-10.016],[-47.033,-10.024],[-47.036,-10.026],[-47.04,-10.022],[-47.042,-10.027],[-47.037,-10.032],[-47.047,-10.036],[-47.045,-10.04],[-47.049,-10.04],[-47.046,-10.043],[-47.056,-10.048],[-47.055,-10.053],[-47.073,-10.058],[-47.067,-10.059],[-47.069,-10.067],[-47.074,-10.065],[-47.085,-10.073],[-47.09,-10.07],[-47.095,-10.072],[-47.117,-10.042],[-47.13,-10.039],[-47.149,-10.042],[-47.17,-10.038],[-47.181,-10.022],[-47.185,-10.024],[-47.203,-10.021],[-47.201,-10.01],[-47.21,-10.002],[-47.203,-9.992],[-47.192,-9.989],[-47.206,-9.984],[-47.203,-9.974],[-47.192,-9.971],[-47.2,-9.969],[-47.202,-9.965],[-47.201,-9.956],[-47.188,-9.958],[-47.185,-9.951],[-47.178,-9.955],[-47.171,-9.947],[-47.17,-9.939],[-47.166,-9.933],[-47.151,-9.933],[-47.156,-9.911],[-47.14,-9.915],[-47.139,-9.91],[-47.147,-9.902],[-47.14,-9.902],[-47.134,-9.89],[-47.136,-9.883],[-47.143,-9.876],[-47.139,-9.867],[-47.132,-9.863],[-47.128,-9.865],[-47.123,-9.856],[-47.118,-9.857],[-47.124,-9.848],[-47.121,-9.842],[-47.114,-9.842],[-47.11,-9.838],[-47.111,-9.833],[-47.104,-9.834],[-47.098,-9.828],[-47.094,-9.83],[-47.077,-9.817],[-47.074,-9.812],[-47.077,-9.803],[-47.072,-9.801],[-47.076,-9.794],[-47.07,-9.789],[-47.079,-9.787],[-47.081,-9.78],[-47.086,-9.78],[-47.089,-9.774],[-47.087,-9.772],[-47.09,-9.766],[-47.086,-9.764],[-47.089,-9.759],[-47.08,-9.745],[-47.087,-9.744],[-47.086,-9.721],[-47.098,-9.702],[-47.1,-9.694],[-47.095,-9.689],[-47.086,-9.69],[-47.083,-9.688],[-47.086,-9.667],[-47.084,-9.657],[-47.076,-9.648],[-47.064,-9.645],[-47.061,-9.63],[-47.054,-9.623],[-47.064,-9.622],[-47.07,-9.626],[-47.075,-9.608],[-47.08,-9.591],[-47.083,-9.591],[-47.087,-9.585],[-47.084,-9.578],[-47.089,-9.568],[-47.089,-9.545],[-47.097,-9.515],[-47.093,-9.506],[-47.093,-9.498],[-47.089,-9.491],[-47.081,-9.488],[-47.085,-9.471],[-47.103,-9.481],[-47.103,-9.469],[-47.09,-9.461],[-47.093,-9.456],[-47.096,-9.458],[-47.105,-9.455],[-47.107,-9.45],[-47.116,-9.448],[-47.117,-9.44],[-47.121,-9.443],[-47.142,-9.434],[-47.148,-9.431],[-47.152,-9.423],[-47.167,-9.425],[-47.176,-9.422],[-47.192,-9.411],[-47.198,-9.398],[-47.204,-9.401],[-47.208,-9.397],[-47.225,-9.396],[-47.239,-9.386],[-47.241,-9.382],[-47.238,-9.375],[-47.255,-9.359],[-47.262,-9.338],[-47.282,-9.332],[-47.288,-9.333],[-47.3,-9.327],[-47.31,-9.332],[-47.315,-9.33],[-47.325,-9.322],[-47.325,-9.31],[-47.333,-9.303],[-47.335,-9.289],[-47.346,-9.288],[-47.34,-9.274],[-47.33,-9.268],[-47.335,-9.261],[-47.332,-9.256],[-47.298,-9.252],[-47.286,-9.238],[-47.276,-9.234],[-47.29,-9.229],[-47.283,-9.22],[-47.283,-9.214],[-47.265,-9.204],[-47.269,-9.199],[-47.267,-9.187],[-47.261,-9.182],[-47.265,-9.16],[-47.26,-9.156],[-47.267,-9.151],[-47.272,-9.14],[-47.259,-9.14],[-47.263,-9.136],[-47.256,-9.131],[-47.26,-9.122],[-47.257,-9.115],[-47.265,-9.112],[-47.26,-9.108],[-47.253,-9.109],[-47.254,-9.1],[-47.251,-9.088],[-47.257,-9.089],[-47.257,-9.083],[-47.252,-9.07],[-47.247,-9.065],[-47.253,-9.063],[-47.253,-9.055],[-47.249,-9.052],[-47.259,-9.044],[-47.251,-9.032],[-47.252,-9.022],[-47.248,-9.016],[-47.232,-9.014],[-47.234,-9.007],[-47.224,-9.004],[-47.226,-8.995],[-47.229,-8.994],[-47.238,-9.011],[-47.246,-9.005],[-47.245,-8.996],[-47.24,-8.988],[-47.248,-8.982],[-47.245,-8.977],[-47.24,-8.98],[-47.235,-8.975],[-47.241,-8.97],[-47.237,-8.959],[-47.223,-8.951],[-47.222,-8.946],[-47.217,-8.95],[-47.223,-8.941],[-47.221,-8.938],[-47.209,-8.937],[-47.206,-8.949],[-47.202,-8.948],[-47.198,-8.944],[-47.192,-8.945],[-47.19,-8.938],[-47.179,-8.936],[-47.177,-8.931],[-47.16,-8.931],[-47.164,-8.924],[-47.158,-8.924],[-47.157,-8.918],[-47.153,-8.917]]]}},{"type":"Feature","properties":{"id":"1712454","nome":"Luzin\u00f3polis"},"geometry":{"type":"Polygon","coordinates":[[[-47.887,-6.143],[-47.868,-6.153],[-47.852,-6.148],[-47.765,-6.153],[-47.725,-6.184],[-47.723,-6.282],[-47.737,-6.284],[-47.757,-6.283],[-47.825,-6.257],[-47.843,-6.257],[-47.847,-6.254],[-47.851,-6.256],[-47.853,-6.251],[-47.857,-6.25],[-47.854,-6.242],[-47.866,-6.24],[-47.864,-6.237],[-47.868,-6.228],[-47.871,-6.229],[-47.876,-6.224],[-47.884,-6.227],[-47.883,-6.222],[-47.89,-6.222],[-47.891,-6.219],[-47.916,-6.219],[-47.929,-6.228],[-47.93,-6.237],[-47.938,-6.24],[-47.944,-6.236],[-47.946,-6.23],[-47.952,-6.23],[-47.955,-6.224],[-47.957,-6.226],[-47.963,-6.217],[-47.97,-6.217],[-47.976,-6.212],[-47.974,-6.209],[-47.98,-6.202],[-47.974,-6.196],[-47.976,-6.19],[-47.972,-6.184],[-47.962,-6.184],[-47.938,-6.166],[-47.916,-6.157],[-47.91,-6.15],[-47.887,-6.143]]]}},{"type":"Feature","properties":{"id":"1712504","nome":"Marian\u00f3polis do Tocantins"},"geometry":{"type":"Polygon","coordinates":[[[-49.675,-9.536],[-49.67,-9.54],[-49.665,-9.538],[-49.666,-9.543],[-49.651,-9.554],[-49.624,-9.553],[-49.613,-9.563],[-49.587,-9.571],[-49.58,-9.581],[-49.57,-9.586],[-49.566,-9.607],[-49.557,-9.617],[-49.549,-9.617],[-49.541,-9.624],[-49.534,-9.623],[-49.511,-9.639],[-49.506,-9.647],[-49.5,-9.648],[-49.481,-9.679],[-49.472,-9.683],[-49.47,-9.69],[-49.463,-9.695],[-49.448,-9.701],[-49.468,-9.731],[-49.473,-9.748],[-49.479,-9.769],[-49.495,-9.773],[-49.503,-9.78],[-49.508,-9.79],[-49.517,-9.818],[-49.503,-9.819],[-49.502,-9.826],[-49.504,-9.833],[-49.525,-9.843],[-49.523,-9.854],[-49.514,-9.865],[-49.5,-9.855],[-49.478,-9.86],[-49.47,-9.869],[-49.463,-9.884],[-49.449,-9.891],[-49.442,-9.889],[-49.436,-9.895],[-49.412,-9.901],[-49.398,-9.897],[-49.397,-9.937],[-49.407,-9.951],[-49.402,-9.961],[-49.403,-9.964],[-49.404,-9.969],[-49.411,-9.97],[-49.409,-9.974],[-49.414,-9.978],[-49.413,-9.983],[-49.426,-9.99],[-49.431,-10.002],[-49.444,-10.006],[-49.454,-10.007],[-49.452,-10.003],[-49.466,-9.997],[-49.466,-9.985],[-49.472,-9.98],[-49.481,-9.978],[-49.487,-9.983],[-49.493,-9.979],[-49.495,-9.971],[-49.498,-9.974],[-49.521,-9.976],[-49.534,-9.958],[-49.543,-9.958],[-49.55,-9.949],[-49.564,-9.954],[-49.566,-9.961],[-49.575,-9.958],[-49.584,-9.963],[-49.59,-9.968],[-49.588,-9.973],[-49.597,-9.977],[-49.6,-9.985],[-49.608,-9.983],[-49.621,-9.995],[-49.628,-9.995],[-49.639,-10.001],[-49.645,-9.997],[-49.649,-9.987],[-49.651,-9.989],[-49.656,-9.986],[-49.671,-9.995],[-49.679,-9.987],[-49.682,-9.991],[-49.686,-9.987],[-49.69,-9.99],[-49.698,-9.985],[-49.705,-9.986],[-49.709,-9.979],[-49.714,-9.979],[-49.714,-9.975],[-49.723,-9.979],[-49.733,-9.973],[-49.737,-9.967],[-49.745,-9.968],[-49.747,-9.965],[-49.744,-9.959],[-49.747,-9.955],[-49.763,-9.949],[-49.773,-9.95],[-49.771,-9.941],[-49.78,-9.934],[-49.782,-9.926],[-49.79,-9.924],[-49.788,-9.919],[-49.796,-9.902],[-49.807,-9.898],[-49.816,-9.901],[-49.82,-9.907],[-49.826,-9.903],[-49.836,-9.907],[-49.839,-9.917],[-49.844,-9.92],[-49.842,-9.926],[-49.847,-9.926],[-49.853,-9.92],[-49.87,-9.914],[-49.874,-9.92],[-49.884,-9.916],[-49.897,-9.926],[-49.904,-9.92],[-49.904,-9.905],[-49.91,-9.894],[-49.913,-9.898],[-49.921,-9.89],[-49.924,-9.893],[-49.923,-9.899],[-49.936,-9.893],[-49.932,-9.891],[-49.933,-9.888],[-49.939,-9.888],[-49.944,-9.88],[-49.942,-9.876],[-49.954,-9.865],[-49.965,-9.861],[-49.965,-9.856],[-49.962,-9.855],[-49.972,-9.849],[-49.968,-9.844],[-49.973,-9.843],[-49.975,-9.837],[-49.979,-9.837],[-49.979,-9.834],[-49.975,-9.835],[-49.981,-9.832],[-49.979,-9.83],[-49.982,-9.83],[-49.985,-9.825],[-49.988,-9.826],[-49.987,-9.82],[-49.98,-9.813],[-49.983,-9.805],[-49.988,-9.805],[-49.988,-9.811],[-49.992,-9.811],[-49.992,-9.804],[-49.998,-9.804],[-49.999,-9.798],[-50.011,-9.794],[-50.012,-9.791],[-50.008,-9.789],[-50.013,-9.774],[-50.025,-9.776],[-50.024,-9.765],[-50.033,-9.758],[-50.029,-9.753],[-50.021,-9.755],[-50.022,-9.746],[-50.017,-9.75],[-50.01,-9.751],[-50.006,-9.735],[-50.013,-9.72],[-50.026,-9.71],[-50.029,-9.702],[-50.025,-9.699],[-50.016,-9.701],[-50.013,-9.689],[-50.004,-9.685],[-50.0,-9.687],[-50.002,-9.676],[-49.994,-9.674],[-49.99,-9.676],[-49.988,-9.672],[-49.981,-9.672],[-49.976,-9.675],[-49.954,-9.668],[-49.947,-9.676],[-49.925,-9.682],[-49.914,-9.676],[-49.893,-9.685],[-49.887,-9.681],[-49.877,-9.685],[-49.874,-9.681],[-49.85,-9.681],[-49.836,-9.669],[-49.823,-9.664],[-49.8,-9.667],[-49.797,-9.649],[-49.803,-9.634],[-49.795,-9.63],[-49.787,-9.61],[-49.77,-9.604],[-49.767,-9.597],[-49.757,-9.593],[-49.748,-9.582],[-49.73,-9.591],[-49.72,-9.589],[-49.692,-9.564],[-49.683,-9.56],[-49.683,-9.556],[-49.679,-9.555],[-49.683,-9.55],[-49.68,-9.54],[-49.675,-9.536]]]}},{"type":"Feature","properties":{"id":"1712702","nome":"Mateiros"},"geometry":{"type":"Polygon","coordinates":[[[-46.756,-10.148],[-46.749,-10.153],[-46.742,-10.152],[-46.735,-10.152],[-46.721,-10.159],[-46.713,-10.152],[-46.705,-10.158],[-46.691,-10.16],[-46.69,-10.164],[-46.68,-10.162],[-46.673,-10.173],[-46.668,-10.178],[-46.667,-10.186],[-46.658,-10.186],[-46.655,-10.196],[-46.648,-10.195],[-46.642,-10.205],[-46.645,-10.206],[-46.643,-10.209],[-46.636,-10.211],[-46.632,-10.209],[-46.631,-10.214],[-46.622,-10.217],[-46.618,-10.212],[-46.614,-10.224],[-46.607,-10.225],[-46.605,-10.228],[-46.598,-10.214],[-46.595,-10.218],[-46.584,-10.219],[-46.58,-10.216],[-46.577,-10.217],[-46.574,-10.212],[-46.569,-10.216],[-46.563,-10.215],[-46.563,-10.208],[-46.551,-10.207],[-46.548,-10.202],[-46.546,-10.207],[-46.535,-10.202],[-46.532,-10.205],[-46.525,-10.2],[-46.513,-10.205],[-46.499,-10.204],[-46.494,-10.208],[-46.492,-10.204],[-46.478,-10.204],[-46.472,-10.21],[-46.463,-10.212],[-46.453,-10.209],[-46.443,-10.215],[-46.438,-10.214],[-46.436,-10.217],[-46.426,-10.215],[-46.42,-10.211],[-46.391,-10.212],[-46.369,-10.223],[-46.36,-10.221],[-46.349,-10.21],[-46.33,-10.206],[-46.319,-10.209],[-46.294,-10.23],[-46.283,-10.227],[-46.263,-10.197],[-46.219,-10.195],[-46.212,-10.202],[-46.194,-10.183],[-46.165,-10.213],[-46.14,-10.206],[-46.127,-10.207],[-46.099,-10.212],[-46.05,-10.181],[-46.039,-10.176],[-46.028,-10.176],[-46.023,-10.183],[-46.017,-10.24],[-46.004,-10.261],[-45.995,-10.25],[-45.974,-10.248],[-45.946,-10.258],[-45.925,-10.25],[-45.877,-10.239],[-45.843,-10.259],[-45.793,-10.267],[-45.744,-10.24],[-45.733,-10.228],[-45.726,-10.207],[-45.734,-10.185],[-45.735,-10.172],[-45.726,-10.156],[-45.723,-10.155],[-45.715,-10.166],[-45.699,-10.166],[-45.7,-10.178],[-45.705,-10.188],[-45.698,-10.215],[-45.697,-10.263],[-45.705,-10.27],[-45.714,-10.284],[-45.724,-10.317],[-45.743,-10.346],[-45.753,-10.352],[-45.797,-10.352],[-45.818,-10.36],[-45.827,-10.368],[-45.83,-10.394],[-45.821,-10.405],[-45.82,-10.413],[-45.83,-10.438],[-45.864,-10.438],[-45.887,-10.449],[-45.9,-10.46],[-45.906,-10.473],[-45.962,-10.509],[-45.971,-10.528],[-45.984,-10.53],[-45.994,-10.536],[-46.014,-10.535],[-46.025,-10.542],[-46.027,-10.567],[-46.036,-10.569],[-46.059,-10.574],[-46.059,-10.593],[-46.064,-10.602],[-46.077,-10.607],[-46.095,-10.604],[-46.116,-10.619],[-46.137,-10.622],[-46.156,-10.63],[-46.167,-10.619],[-46.187,-10.626],[-46.189,-10.631],[-46.211,-10.649],[-46.212,-10.654],[-46.188,-10.683],[-46.19,-10.71],[-46.192,-10.719],[-46.217,-10.733],[-46.251,-10.757],[-46.25,-10.762],[-46.227,-10.766],[-46.229,-10.798],[-46.233,-10.804],[-46.246,-10.812],[-46.273,-10.82],[-46.284,-10.832],[-46.297,-10.867],[-46.283,-10.897],[-46.283,-10.906],[-46.317,-10.927],[-46.328,-10.942],[-46.355,-10.957],[-46.378,-10.98],[-46.399,-10.994],[-46.406,-11.019],[-46.421,-11.036],[-46.447,-11.092],[-46.453,-11.156],[-46.472,-11.191],[-46.488,-11.205],[-46.5,-11.207],[-46.582,-11.246],[-46.609,-11.255],[-46.636,-11.229],[-46.643,-11.226],[-46.676,-11.217],[-46.687,-11.207],[-46.691,-11.195],[-46.684,-11.174],[-46.697,-11.137],[-46.703,-11.129],[-46.7,-11.122],[-46.715,-11.102],[-46.71,-11.09],[-46.718,-11.087],[-46.734,-11.066],[-46.766,-11.049],[-46.779,-11.035],[-46.788,-11.038],[-46.802,-11.051],[-46.842,-11.058],[-46.873,-11.041],[-46.868,-11.027],[-46.858,-11.016],[-46.861,-11.011],[-46.853,-11.009],[-46.856,-11.0],[-46.849,-10.992],[-46.842,-10.996],[-46.839,-10.994],[-46.839,-10.981],[-46.833,-10.978],[-46.832,-10.964],[-46.822,-10.97],[-46.83,-10.953],[-46.822,-10.957],[-46.819,-10.957],[-46.819,-10.952],[-46.81,-10.958],[-46.806,-10.954],[-46.81,-10.95],[-46.809,-10.945],[-46.825,-10.945],[-46.825,-10.942],[-46.815,-10.937],[-46.828,-10.93],[-46.842,-10.94],[-46.844,-10.955],[-46.853,-10.961],[-46.855,-10.966],[-46.868,-10.957],[-46.855,-10.954],[-46.854,-10.946],[-46.859,-10.948],[-46.859,-10.942],[-46.85,-10.93],[-46.846,-10.934],[-46.845,-10.928],[-46.84,-10.928],[-46.844,-10.915],[-46.848,-10.912],[-46.844,-10.909],[-46.847,-10.904],[-46.841,-10.896],[-46.85,-10.894],[-46.849,-10.885],[-46.852,-10.882],[-46.858,-10.887],[-46.875,-10.892],[-46.871,-10.903],[-46.88,-10.898],[-46.884,-10.904],[-46.888,-10.902],[-46.885,-10.893],[-46.888,-10.886],[-46.887,-10.869],[-46.892,-10.871],[-46.893,-10.866],[-46.887,-10.859],[-46.889,-10.856],[-46.899,-10.853],[-46.912,-10.858],[-46.915,-10.856],[-46.907,-10.841],[-46.904,-10.842],[-46.903,-10.849],[-46.896,-10.846],[-46.889,-10.848],[-46.891,-10.84],[-46.888,-10.839],[-46.887,-10.83],[-46.882,-10.829],[-46.883,-10.824],[-46.879,-10.83],[-46.875,-10.828],[-46.879,-10.809],[-46.877,-10.802],[-46.89,-10.808],[-46.894,-10.787],[-46.887,-10.779],[-46.889,-10.769],[-46.893,-10.769],[-46.899,-10.781],[-46.902,-10.777],[-46.91,-10.784],[-46.912,-10.781],[-46.914,-10.784],[-46.914,-10.767],[-46.907,-10.763],[-46.909,-10.759],[-46.918,-10.769],[-46.925,-10.769],[-46.919,-10.753],[-46.912,-10.749],[-46.906,-10.753],[-46.901,-10.73],[-46.907,-10.73],[-46.91,-10.716],[-46.905,-10.719],[-46.901,-10.714],[-46.896,-10.72],[-46.892,-10.71],[-46.884,-10.717],[-46.88,-10.716],[-46.879,-10.71],[-46.888,-10.702],[-46.886,-10.698],[-46.889,-10.689],[-46.894,-10.69],[-46.897,-10.696],[-46.898,-10.688],[-46.906,-10.692],[-46.904,-10.683],[-46.906,-10.67],[-46.909,-10.674],[-46.915,-10.673],[-46.915,-10.681],[-46.924,-10.672],[-46.927,-10.68],[-46.931,-10.68],[-46.933,-10.675],[-46.932,-10.669],[-46.927,-10.665],[-46.928,-10.658],[-46.942,-10.664],[-46.948,-10.662],[-46.947,-10.668],[-46.951,-10.666],[-46.954,-10.661],[-46.953,-10.65],[-46.947,-10.653],[-46.946,-10.64],[-46.958,-10.639],[-46.958,-10.621],[-46.963,-10.615],[-46.97,-10.622],[-46.973,-10.619],[-46.96,-10.606],[-46.962,-10.603],[-46.968,-10.606],[-46.969,-10.603],[-46.959,-10.587],[-46.966,-10.575],[-46.969,-10.576],[-46.968,-10.581],[-46.975,-10.584],[-46.985,-10.58],[-46.994,-10.582],[-46.997,-10.588],[-47.002,-10.585],[-46.993,-10.575],[-46.997,-10.569],[-46.993,-10.564],[-46.997,-10.558],[-46.993,-10.551],[-46.999,-10.548],[-46.999,-10.535],[-47.008,-10.531],[-47.004,-10.522],[-47.007,-10.514],[-47.014,-10.508],[-47.018,-10.513],[-47.023,-10.511],[-47.021,-10.518],[-47.032,-10.517],[-47.04,-10.511],[-47.048,-10.513],[-47.053,-10.518],[-47.058,-10.502],[-47.063,-10.507],[-47.073,-10.507],[-47.081,-10.494],[-47.08,-10.49],[-47.074,-10.485],[-47.076,-10.481],[-47.082,-10.479],[-47.08,-10.471],[-47.097,-10.486],[-47.115,-10.484],[-47.117,-10.476],[-47.109,-10.455],[-47.101,-10.454],[-47.093,-10.46],[-47.087,-10.45],[-47.102,-10.448],[-47.101,-10.444],[-47.1,-10.44],[-47.116,-10.45],[-47.126,-10.452],[-47.127,-10.437],[-47.118,-10.425],[-47.11,-10.421],[-47.109,-10.413],[-47.103,-10.407],[-47.105,-10.404],[-47.115,-10.407],[-47.116,-10.405],[-47.107,-10.397],[-47.102,-10.381],[-47.09,-10.38],[-47.092,-10.374],[-47.089,-10.365],[-47.073,-10.359],[-47.065,-10.341],[-47.056,-10.337],[-47.048,-10.317],[-47.045,-10.318],[-47.037,-10.331],[-47.032,-10.331],[-47.029,-10.323],[-47.035,-10.31],[-47.02,-10.307],[-47.023,-10.303],[-47.018,-10.302],[-47.023,-10.291],[-47.023,-10.285],[-47.015,-10.281],[-47.016,-10.275],[-47.013,-10.271],[-47.007,-10.268],[-46.988,-10.275],[-46.987,-10.269],[-46.977,-10.266],[-46.977,-10.257],[-46.989,-10.253],[-46.99,-10.246],[-46.995,-10.245],[-46.979,-10.228],[-46.972,-10.214],[-46.961,-10.205],[-46.955,-10.191],[-46.946,-10.18],[-46.947,-10.176],[-46.937,-10.184],[-46.926,-10.176],[-46.927,-10.18],[-46.916,-10.186],[-46.906,-10.186],[-46.902,-10.194],[-46.894,-10.195],[-46.883,-10.191],[-46.86,-10.193],[-46.855,-10.187],[-46.846,-10.187],[-46.843,-10.183],[-46.838,-10.184],[-46.837,-10.177],[-46.817,-10.16],[-46.8,-10.161],[-46.798,-10.164],[-46.786,-10.163],[-46.784,-10.16],[-46.777,-10.152],[-46.769,-10.158],[-46.756,-10.148]]]}},{"type":"Feature","properties":{"id":"1712801","nome":"Mauril\u00e2ndia do Tocantins"},"geometry":{"type":"Polygon","coordinates":[[[-47.431,-5.869],[-47.432,-5.894],[-47.429,-5.911],[-47.43,-5.935],[-47.448,-5.993],[-47.438,-6.012],[-47.44,-6.016],[-47.448,-6.026],[-47.449,-6.036],[-47.466,-6.054],[-47.476,-6.06],[-47.492,-6.058],[-47.497,-6.068],[-47.503,-6.069],[-47.505,-6.076],[-47.516,-6.078],[-47.527,-6.09],[-47.534,-6.105],[-47.561,-6.129],[-47.602,-6.139],[-47.625,-6.154],[-47.638,-6.155],[-47.641,-6.16],[-47.657,-6.17],[-47.687,-6.16],[-47.696,-6.163],[-47.706,-6.178],[-47.721,-6.182],[-47.725,-6.184],[-47.765,-6.153],[-47.748,-6.128],[-47.746,-6.097],[-47.739,-6.096],[-47.72,-6.073],[-47.712,-6.034],[-47.692,-6.018],[-47.702,-6.015],[-47.708,-6.006],[-47.7,-5.989],[-47.704,-5.959],[-47.7,-5.949],[-47.702,-5.94],[-47.673,-5.934],[-47.637,-5.926],[-47.62,-5.925],[-47.618,-5.931],[-47.612,-5.932],[-47.6,-5.925],[-47.587,-5.929],[-47.573,-5.923],[-47.572,-5.917],[-47.565,-5.916],[-47.563,-5.91],[-47.554,-5.91],[-47.553,-5.906],[-47.536,-5.908],[-47.518,-5.889],[-47.519,-5.88],[-47.499,-5.881],[-47.496,-5.885],[-47.484,-5.879],[-47.475,-5.879],[-47.473,-5.877],[-47.469,-5.873],[-47.45,-5.872],[-47.442,-5.858],[-47.437,-5.857],[-47.431,-5.869]]]}},{"type":"Feature","properties":{"id":"1713205","nome":"Miracema do Tocantins"},"geometry":{"type":"Polygon","coordinates":[[[-48.366,-9.358],[-48.357,-9.391],[-48.377,-9.437],[-48.369,-9.496],[-48.374,-9.531],[-48.38,-9.562],[-48.388,-9.58],[-48.396,-9.594],[-48.402,-9.604],[-48.404,-9.62],[-48.398,-9.643],[-48.397,-9.645],[-48.38,-9.671],[-48.372,-9.675],[-48.365,-9.695],[-48.367,-9.705],[-48.359,-9.726],[-48.361,-9.747],[-48.366,-9.753],[-48.374,-9.765],[-48.378,-9.775],[-48.376,-9.787],[-48.338,-9.817],[-48.332,-9.829],[-48.332,-9.865],[-48.338,-9.883],[-48.348,-9.896],[-48.365,-9.903],[-48.371,-9.918],[-48.374,-9.944],[-48.368,-9.957],[-48.351,-9.973],[-48.339,-9.999],[-48.334,-10.021],[-48.336,-10.035],[-48.347,-10.047],[-48.347,-10.055],[-48.368,-10.063],[-48.366,-10.057],[-48.386,-10.056],[-48.393,-10.048],[-48.397,-10.047],[-48.396,-10.044],[-48.404,-10.051],[-48.402,-10.044],[-48.411,-10.037],[-48.411,-10.032],[-48.418,-10.032],[-48.424,-10.023],[-48.43,-10.026],[-48.435,-10.017],[-48.439,-10.02],[-48.443,-10.018],[-48.446,-10.024],[-48.449,-10.017],[-48.458,-10.02],[-48.465,-10.027],[-48.461,-10.028],[-48.464,-10.033],[-48.483,-10.026],[-48.485,-10.029],[-48.497,-10.032],[-48.497,-10.041],[-48.502,-10.038],[-48.505,-10.042],[-48.513,-10.044],[-48.519,-10.032],[-48.527,-10.039],[-48.539,-10.035],[-48.556,-10.041],[-48.561,-10.04],[-48.57,-10.028],[-48.578,-10.027],[-48.587,-10.045],[-48.595,-10.045],[-48.594,-10.048],[-48.598,-10.052],[-48.598,-10.064],[-48.616,-10.064],[-48.62,-10.068],[-48.625,-10.079],[-48.636,-10.073],[-48.637,-10.082],[-48.649,-10.085],[-48.654,-10.081],[-48.66,-10.087],[-48.665,-10.086],[-48.67,-10.092],[-48.706,-10.082],[-48.708,-10.075],[-48.725,-10.061],[-48.727,-10.044],[-48.738,-10.038],[-48.741,-10.032],[-48.754,-10.036],[-48.764,-10.03],[-48.778,-10.028],[-48.785,-10.035],[-48.793,-10.037],[-48.8,-10.049],[-48.805,-10.05],[-48.743,-9.969],[-48.743,-9.948],[-48.739,-9.939],[-48.734,-9.931],[-48.729,-9.907],[-48.723,-9.907],[-48.697,-9.893],[-48.646,-9.899],[-48.641,-9.896],[-48.623,-9.864],[-48.629,-9.832],[-48.642,-9.818],[-48.646,-9.799],[-48.652,-9.79],[-48.654,-9.77],[-48.65,-9.758],[-48.678,-9.762],[-48.681,-9.757],[-48.695,-9.737],[-48.704,-9.771],[-48.717,-9.769],[-48.732,-9.759],[-48.742,-9.762],[-48.75,-9.76],[-48.754,-9.751],[-48.75,-9.75],[-48.746,-9.732],[-48.754,-9.738],[-48.764,-9.735],[-48.786,-9.74],[-48.79,-9.747],[-48.795,-9.746],[-48.798,-9.736],[-48.801,-9.736],[-48.806,-9.738],[-48.808,-9.743],[-48.81,-9.739],[-48.813,-9.74],[-48.813,-9.748],[-48.816,-9.751],[-48.823,-9.745],[-48.85,-9.736],[-48.853,-9.73],[-48.86,-9.732],[-48.869,-9.709],[-48.862,-9.7],[-48.867,-9.695],[-48.869,-9.679],[-48.86,-9.678],[-48.853,-9.654],[-48.862,-9.65],[-48.856,-9.63],[-48.861,-9.626],[-48.856,-9.612],[-48.858,-9.603],[-48.865,-9.598],[-48.864,-9.593],[-48.873,-9.583],[-48.732,-9.585],[-48.726,-9.583],[-48.708,-9.593],[-48.702,-9.602],[-48.689,-9.608],[-48.688,-9.606],[-48.68,-9.613],[-48.665,-9.613],[-48.657,-9.609],[-48.653,-9.616],[-48.655,-9.604],[-48.648,-9.596],[-48.651,-9.594],[-48.643,-9.59],[-48.641,-9.593],[-48.631,-9.59],[-48.623,-9.593],[-48.588,-9.573],[-48.581,-9.563],[-48.572,-9.559],[-48.564,-9.548],[-48.565,-9.542],[-48.555,-9.546],[-48.529,-9.524],[-48.511,-9.519],[-48.51,-9.516],[-48.517,-9.509],[-48.517,-9.505],[-48.527,-9.501],[-48.527,-9.506],[-48.534,-9.505],[-48.533,-9.498],[-48.541,-9.494],[-48.55,-9.498],[-48.553,-9.493],[-48.55,-9.487],[-48.552,-9.482],[-48.562,-9.477],[-48.563,-9.472],[-48.578,-9.46],[-48.57,-9.42],[-48.548,-9.427],[-48.539,-9.421],[-48.523,-9.428],[-48.517,-9.417],[-48.503,-9.407],[-48.505,-9.399],[-48.495,-9.391],[-48.478,-9.387],[-48.47,-9.377],[-48.449,-9.379],[-48.424,-9.361],[-48.41,-9.357],[-48.408,-9.362],[-48.401,-9.359],[-48.382,-9.364],[-48.377,-9.355],[-48.382,-9.351],[-48.383,-9.342],[-48.378,-9.337],[-48.373,-9.342],[-48.367,-9.343],[-48.366,-9.358]]]}},{"type":"Feature","properties":{"id":"1713304","nome":"Miranorte"},"geometry":{"type":"Polygon","coordinates":[[[-48.694,-9.193],[-48.693,-9.204],[-48.683,-9.214],[-48.677,-9.213],[-48.673,-9.22],[-48.668,-9.221],[-48.663,-9.236],[-48.656,-9.24],[-48.65,-9.232],[-48.65,-9.216],[-48.642,-9.207],[-48.646,-9.198],[-48.645,-9.188],[-48.624,-9.194],[-48.62,-9.197],[-48.618,-9.205],[-48.613,-9.208],[-48.607,-9.209],[-48.604,-9.205],[-48.596,-9.209],[-48.574,-9.209],[-48.565,-9.215],[-48.563,-9.228],[-48.569,-9.238],[-48.571,-9.255],[-48.578,-9.261],[-48.592,-9.284],[-48.586,-9.294],[-48.59,-9.304],[-48.585,-9.314],[-48.574,-9.315],[-48.562,-9.321],[-48.566,-9.326],[-48.571,-9.321],[-48.576,-9.328],[-48.58,-9.325],[-48.581,-9.331],[-48.586,-9.331],[-48.585,-9.338],[-48.575,-9.341],[-48.581,-9.349],[-48.58,-9.361],[-48.587,-9.375],[-48.579,-9.387],[-48.593,-9.412],[-48.572,-9.42],[-48.57,-9.42],[-48.578,-9.46],[-48.563,-9.472],[-48.562,-9.477],[-48.552,-9.482],[-48.55,-9.487],[-48.553,-9.493],[-48.55,-9.498],[-48.541,-9.494],[-48.533,-9.498],[-48.534,-9.505],[-48.527,-9.506],[-48.527,-9.501],[-48.517,-9.505],[-48.517,-9.509],[-48.51,-9.516],[-48.511,-9.519],[-48.529,-9.524],[-48.555,-9.546],[-48.565,-9.542],[-48.564,-9.548],[-48.572,-9.559],[-48.581,-9.563],[-48.588,-9.573],[-48.623,-9.593],[-48.631,-9.59],[-48.641,-9.593],[-48.643,-9.59],[-48.651,-9.594],[-48.648,-9.596],[-48.655,-9.604],[-48.653,-9.616],[-48.657,-9.609],[-48.665,-9.613],[-48.68,-9.613],[-48.688,-9.606],[-48.689,-9.608],[-48.702,-9.602],[-48.708,-9.593],[-48.726,-9.583],[-48.732,-9.585],[-48.873,-9.583],[-48.871,-9.57],[-48.864,-9.559],[-48.853,-9.552],[-48.84,-9.549],[-48.83,-9.534],[-48.829,-9.519],[-48.818,-9.511],[-48.824,-9.501],[-48.81,-9.484],[-48.82,-9.47],[-48.815,-9.452],[-48.798,-9.441],[-48.8,-9.422],[-48.786,-9.407],[-48.777,-9.407],[-48.769,-9.412],[-48.755,-9.406],[-48.754,-9.411],[-48.75,-9.41],[-48.75,-9.384],[-48.76,-9.375],[-48.754,-9.352],[-48.76,-9.339],[-48.758,-9.321],[-48.76,-9.316],[-48.769,-9.311],[-48.764,-9.303],[-48.77,-9.29],[-48.764,-9.286],[-48.762,-9.28],[-48.769,-9.268],[-48.772,-9.263],[-48.756,-9.256],[-48.756,-9.25],[-48.752,-9.247],[-48.749,-9.231],[-48.752,-9.228],[-48.752,-9.2],[-48.746,-9.196],[-48.734,-9.196],[-48.732,-9.183],[-48.719,-9.175],[-48.709,-9.177],[-48.708,-9.182],[-48.694,-9.193]]]}},{"type":"Feature","properties":{"id":"1713601","nome":"Monte do Carmo"},"geometry":{"type":"Polygon","coordinates":[[[-47.906,-10.309],[-47.89,-10.316],[-47.878,-10.316],[-47.871,-10.306],[-47.855,-10.311],[-47.856,-10.322],[-47.868,-10.329],[-47.863,-10.352],[-47.866,-10.372],[-47.86,-10.38],[-47.842,-10.381],[-47.837,-10.395],[-47.843,-10.408],[-47.833,-10.427],[-47.839,-10.438],[-47.83,-10.448],[-47.825,-10.467],[-47.827,-10.476],[-47.82,-10.488],[-47.84,-10.497],[-47.843,-10.505],[-47.84,-10.516],[-47.848,-10.532],[-47.84,-10.547],[-47.846,-10.562],[-47.853,-10.561],[-47.857,-10.564],[-47.846,-10.58],[-47.849,-10.586],[-47.846,-10.594],[-47.837,-10.603],[-47.83,-10.603],[-47.826,-10.608],[-47.831,-10.627],[-47.823,-10.64],[-47.825,-10.646],[-47.82,-10.654],[-47.808,-10.658],[-47.804,-10.666],[-47.811,-10.68],[-47.792,-10.689],[-47.794,-10.702],[-47.785,-10.709],[-47.791,-10.719],[-47.799,-10.714],[-47.798,-10.724],[-47.806,-10.726],[-47.815,-10.741],[-47.823,-10.745],[-47.824,-10.752],[-47.808,-10.761],[-47.807,-10.772],[-47.801,-10.769],[-47.794,-10.776],[-47.789,-10.788],[-47.797,-10.787],[-47.798,-10.791],[-47.79,-10.794],[-47.784,-10.805],[-47.782,-10.822],[-47.775,-10.828],[-47.775,-10.832],[-47.77,-10.832],[-47.767,-10.836],[-47.769,-10.848],[-47.765,-10.849],[-47.757,-10.86],[-47.761,-10.869],[-47.756,-10.871],[-47.753,-10.885],[-47.755,-10.894],[-47.744,-10.9],[-47.743,-10.907],[-47.746,-10.911],[-47.756,-10.912],[-47.758,-10.92],[-47.762,-10.916],[-47.773,-10.928],[-47.782,-10.93],[-47.784,-10.938],[-47.796,-10.95],[-47.82,-10.946],[-47.847,-10.954],[-47.856,-10.959],[-47.86,-10.957],[-47.867,-10.96],[-47.882,-10.972],[-47.885,-10.99],[-47.851,-11.125],[-47.858,-11.115],[-47.872,-11.119],[-47.881,-11.109],[-47.894,-11.115],[-47.898,-11.11],[-47.911,-11.114],[-47.92,-11.112],[-47.93,-11.122],[-47.936,-11.135],[-47.948,-11.154],[-47.97,-11.159],[-47.98,-11.17],[-48.015,-11.176],[-48.038,-11.163],[-48.069,-11.155],[-48.086,-11.131],[-48.113,-11.133],[-48.121,-11.125],[-48.127,-11.108],[-48.155,-11.079],[-48.16,-11.056],[-48.186,-11.029],[-48.2,-11.017],[-48.211,-11.021],[-48.217,-11.012],[-48.221,-10.989],[-48.219,-10.987],[-48.225,-10.971],[-48.237,-10.96],[-48.241,-10.946],[-48.254,-10.94],[-48.233,-10.922],[-48.225,-10.919],[-48.213,-10.922],[-48.2,-10.919],[-48.2,-10.895],[-48.195,-10.885],[-48.189,-10.88],[-48.178,-10.879],[-48.178,-10.867],[-48.205,-10.862],[-48.209,-10.85],[-48.214,-10.851],[-48.243,-10.84],[-48.251,-10.85],[-48.26,-10.845],[-48.269,-10.83],[-48.268,-10.812],[-48.274,-10.803],[-48.268,-10.789],[-48.269,-10.783],[-48.237,-10.739],[-48.217,-10.718],[-48.194,-10.711],[-48.183,-10.704],[-48.17,-10.696],[-48.158,-10.68],[-48.167,-10.669],[-48.17,-10.671],[-48.178,-10.664],[-48.191,-10.66],[-48.2,-10.664],[-48.199,-10.661],[-48.202,-10.654],[-48.21,-10.653],[-48.218,-10.642],[-48.236,-10.628],[-48.258,-10.622],[-48.261,-10.618],[-48.271,-10.618],[-48.276,-10.612],[-48.284,-10.603],[-48.292,-10.602],[-48.3,-10.586],[-48.306,-10.581],[-48.263,-10.529],[-48.283,-10.516],[-48.291,-10.516],[-48.305,-10.499],[-48.282,-10.486],[-48.268,-10.49],[-48.263,-10.501],[-48.255,-10.502],[-48.247,-10.497],[-48.234,-10.497],[-48.221,-10.486],[-48.216,-10.48],[-48.215,-10.473],[-48.21,-10.469],[-48.194,-10.467],[-48.177,-10.453],[-48.157,-10.458],[-48.14,-10.458],[-48.084,-10.46],[-48.065,-10.437],[-48.047,-10.389],[-48.031,-10.395],[-48.021,-10.389],[-48.01,-10.378],[-48.008,-10.368],[-48.001,-10.363],[-47.995,-10.343],[-47.988,-10.339],[-47.984,-10.331],[-47.97,-10.323],[-47.961,-10.322],[-47.945,-10.31],[-47.939,-10.299],[-47.927,-10.295],[-47.915,-10.308],[-47.906,-10.309]]]}},{"type":"Feature","properties":{"id":"1713700","nome":"Monte Santo do Tocantins"},"geometry":{"type":"Polygon","coordinates":[[[-48.928,-9.831],[-48.924,-9.837],[-48.918,-9.831],[-48.905,-9.832],[-48.886,-9.84],[-48.883,-9.86],[-48.865,-9.871],[-48.853,-9.886],[-48.854,-9.895],[-48.851,-9.9],[-48.858,-9.905],[-48.854,-9.927],[-48.858,-9.93],[-48.861,-9.948],[-48.87,-9.952],[-48.873,-9.964],[-48.87,-9.975],[-48.88,-9.99],[-48.881,-10.005],[-48.889,-10.016],[-48.896,-10.017],[-48.904,-10.028],[-48.901,-10.048],[-48.893,-10.062],[-48.897,-10.081],[-48.904,-10.085],[-48.907,-10.092],[-48.914,-10.093],[-48.918,-10.105],[-48.924,-10.108],[-48.931,-10.108],[-48.935,-10.117],[-48.948,-10.129],[-48.95,-10.134],[-48.946,-10.14],[-48.965,-10.139],[-48.968,-10.134],[-48.975,-10.133],[-48.98,-10.135],[-48.982,-10.143],[-48.994,-10.142],[-49.0,-10.139],[-49.0,-10.131],[-49.006,-10.12],[-49.018,-10.131],[-49.024,-10.129],[-49.024,-10.138],[-49.03,-10.137],[-49.029,-10.14],[-49.032,-10.141],[-49.029,-10.149],[-49.042,-10.144],[-49.044,-10.151],[-49.051,-10.151],[-49.053,-10.147],[-49.057,-10.147],[-49.06,-10.141],[-49.064,-10.144],[-49.075,-10.138],[-49.087,-10.142],[-49.1,-10.14],[-49.109,-10.145],[-49.109,-10.149],[-49.116,-10.149],[-49.121,-10.142],[-49.128,-10.143],[-49.128,-10.148],[-49.132,-10.147],[-49.137,-10.139],[-49.135,-10.137],[-49.143,-10.128],[-49.151,-10.124],[-49.158,-10.108],[-49.173,-10.097],[-49.191,-10.1],[-49.195,-10.094],[-49.206,-10.092],[-49.211,-10.086],[-49.21,-10.074],[-49.213,-10.07],[-49.214,-10.073],[-49.217,-10.073],[-49.217,-10.067],[-49.221,-10.064],[-49.23,-10.066],[-49.243,-10.057],[-49.261,-10.059],[-49.278,-10.048],[-49.277,-10.04],[-49.282,-10.041],[-49.291,-10.037],[-49.293,-10.041],[-49.298,-10.035],[-49.305,-10.034],[-49.309,-10.017],[-49.318,-10.004],[-49.349,-9.985],[-49.352,-9.98],[-49.37,-9.979],[-49.378,-9.97],[-49.398,-9.96],[-49.398,-9.956],[-49.388,-9.951],[-49.379,-9.949],[-49.376,-9.952],[-49.376,-9.949],[-49.37,-9.946],[-49.364,-9.948],[-49.354,-9.934],[-49.336,-9.925],[-49.331,-9.925],[-49.318,-9.938],[-49.29,-9.931],[-49.279,-9.939],[-49.252,-9.926],[-49.241,-9.926],[-49.22,-9.946],[-49.193,-9.956],[-49.184,-9.953],[-49.165,-9.954],[-49.159,-9.957],[-49.155,-9.966],[-49.143,-9.971],[-49.12,-9.972],[-49.101,-9.968],[-49.093,-9.964],[-49.084,-9.954],[-49.074,-9.949],[-49.067,-9.963],[-49.057,-9.959],[-49.047,-9.941],[-49.05,-9.929],[-49.056,-9.924],[-49.057,-9.896],[-49.063,-9.883],[-49.071,-9.877],[-49.064,-9.874],[-49.056,-9.866],[-49.043,-9.869],[-49.021,-9.862],[-49.019,-9.863],[-49.01,-9.857],[-48.985,-9.858],[-48.977,-9.853],[-48.966,-9.853],[-48.964,-9.842],[-48.958,-9.839],[-48.951,-9.843],[-48.945,-9.842],[-48.93,-9.823],[-48.927,-9.825],[-48.928,-9.831]]]}},{"type":"Feature","properties":{"id":"1713809","nome":"Palmeiras do Tocantins"},"geometry":{"type":"Polygon","coordinates":[[[-47.635,-6.45],[-47.6,-6.48],[-47.578,-6.499],[-47.577,-6.5],[-47.507,-6.56],[-47.505,-6.572],[-47.48,-6.588],[-47.464,-6.585],[-47.463,-6.607],[-47.498,-6.671],[-47.493,-6.689],[-47.496,-6.697],[-47.511,-6.721],[-47.519,-6.721],[-47.52,-6.715],[-47.525,-6.715],[-47.526,-6.71],[-47.533,-6.708],[-47.533,-6.705],[-47.556,-6.707],[-47.568,-6.702],[-47.576,-6.708],[-47.583,-6.707],[-47.586,-6.711],[-47.593,-6.711],[-47.592,-6.709],[-47.607,-6.705],[-47.612,-6.707],[-47.614,-6.702],[-47.616,-6.704],[-47.621,-6.701],[-47.64,-6.709],[-47.649,-6.704],[-47.653,-6.709],[-47.663,-6.711],[-47.667,-6.708],[-47.67,-6.712],[-47.68,-6.708],[-47.69,-6.711],[-47.695,-6.704],[-47.7,-6.708],[-47.709,-6.707],[-47.711,-6.702],[-47.723,-6.692],[-47.732,-6.691],[-47.734,-6.687],[-47.74,-6.686],[-47.747,-6.683],[-47.747,-6.679],[-47.76,-6.669],[-47.775,-6.674],[-47.77,-6.667],[-47.767,-6.65],[-47.792,-6.619],[-47.81,-6.605],[-47.82,-6.59],[-47.844,-6.578],[-47.856,-6.58],[-47.872,-6.59],[-47.858,-6.54],[-47.824,-6.566],[-47.771,-6.557],[-47.766,-6.546],[-47.768,-6.534],[-47.763,-6.533],[-47.748,-6.508],[-47.746,-6.509],[-47.73,-6.497],[-47.721,-6.499],[-47.721,-6.503],[-47.717,-6.505],[-47.712,-6.5],[-47.709,-6.503],[-47.706,-6.499],[-47.698,-6.501],[-47.696,-6.495],[-47.688,-6.489],[-47.685,-6.48],[-47.676,-6.475],[-47.672,-6.477],[-47.662,-6.469],[-47.649,-6.47],[-47.644,-6.453],[-47.635,-6.45]]]}},{"type":"Feature","properties":{"id":"1713957","nome":"Muricil\u00e2ndia"},"geometry":{"type":"Polygon","coordinates":[[[-48.724,-6.956],[-48.673,-6.99],[-48.67,-6.986],[-48.674,-6.979],[-48.673,-6.97],[-48.67,-6.965],[-48.662,-6.96],[-48.656,-6.951],[-48.649,-6.951],[-48.643,-6.946],[-48.631,-6.949],[-48.629,-6.962],[-48.63,-6.967],[-48.637,-6.968],[-48.639,-6.973],[-48.63,-6.975],[-48.626,-6.968],[-48.621,-6.987],[-48.624,-7.011],[-48.616,-7.011],[-48.621,-7.016],[-48.621,-7.023],[-48.609,-7.027],[-48.605,-7.055],[-48.6,-7.052],[-48.6,-7.064],[-48.595,-7.065],[-48.588,-7.066],[-48.564,-7.08],[-48.564,-7.097],[-48.558,-7.113],[-48.56,-7.126],[-48.554,-7.152],[-48.552,-7.156],[-48.564,-7.19],[-48.56,-7.202],[-48.563,-7.22],[-48.556,-7.22],[-48.55,-7.237],[-48.554,-7.244],[-48.554,-7.263],[-48.56,-7.282],[-48.618,-7.284],[-48.666,-7.285],[-48.668,-7.269],[-48.674,-7.279],[-48.683,-7.28],[-48.68,-7.255],[-48.665,-7.133],[-48.668,-7.119],[-48.677,-7.108],[-48.683,-7.103],[-48.692,-7.104],[-48.706,-7.097],[-48.714,-7.071],[-48.726,-7.066],[-48.732,-7.055],[-48.75,-7.051],[-48.759,-7.043],[-48.763,-7.047],[-48.762,-7.057],[-48.768,-7.085],[-48.774,-7.091],[-48.785,-7.092],[-48.789,-7.106],[-48.865,-7.069],[-48.898,-7.048],[-48.9,-7.04],[-48.895,-7.039],[-48.9,-7.034],[-48.911,-7.032],[-48.915,-7.018],[-48.927,-7.004],[-48.927,-6.997],[-48.939,-6.992],[-48.945,-6.986],[-48.95,-6.988],[-48.956,-6.985],[-48.971,-6.969],[-48.982,-6.971],[-48.988,-6.967],[-48.994,-6.958],[-49.004,-6.952],[-49.01,-6.938],[-49.012,-6.922],[-49.017,-6.917],[-49.015,-6.904],[-49.019,-6.869],[-49.027,-6.86],[-49.02,-6.841],[-49.023,-6.834],[-49.02,-6.826],[-49.032,-6.804],[-49.031,-6.801],[-49.018,-6.784],[-48.963,-6.779],[-48.946,-6.769],[-48.939,-6.766],[-48.913,-6.757],[-48.875,-6.752],[-48.847,-6.748],[-48.839,-6.75],[-48.854,-6.76],[-48.855,-6.775],[-48.865,-6.785],[-48.87,-6.798],[-48.871,-6.813],[-48.861,-6.822],[-48.87,-6.855],[-48.724,-6.956]]]}},{"type":"Feature","properties":{"id":"1714203","nome":"Natividade"},"geometry":{"type":"Polygon","coordinates":[[[-47.447,-11.369],[-47.46,-11.39],[-47.465,-11.398],[-47.46,-11.405],[-47.469,-11.409],[-47.472,-11.422],[-47.469,-11.434],[-47.473,-11.435],[-47.475,-11.442],[-47.482,-11.443],[-47.478,-11.453],[-47.483,-11.463],[-47.479,-11.479],[-47.472,-11.488],[-47.478,-11.518],[-47.473,-11.523],[-47.466,-11.523],[-47.46,-11.527],[-47.465,-11.533],[-47.463,-11.541],[-47.458,-11.536],[-47.455,-11.539],[-47.445,-11.539],[-47.447,-11.541],[-47.437,-11.546],[-47.435,-11.552],[-47.43,-11.552],[-47.429,-11.563],[-47.423,-11.564],[-47.429,-11.584],[-47.435,-11.583],[-47.437,-11.591],[-47.433,-11.598],[-47.441,-11.603],[-47.441,-11.609],[-47.448,-11.613],[-47.45,-11.618],[-47.438,-11.627],[-47.441,-11.632],[-47.434,-11.636],[-47.431,-11.643],[-47.433,-11.655],[-47.442,-11.669],[-47.441,-11.691],[-47.448,-11.689],[-47.444,-11.701],[-47.454,-11.7],[-47.458,-11.716],[-47.45,-11.722],[-47.45,-11.731],[-47.446,-11.732],[-47.444,-11.742],[-47.436,-11.754],[-47.437,-11.764],[-47.429,-11.771],[-47.425,-11.781],[-47.423,-11.785],[-47.428,-11.789],[-47.43,-11.785],[-47.433,-11.786],[-47.437,-11.791],[-47.435,-11.796],[-47.439,-11.8],[-47.436,-11.804],[-47.444,-11.815],[-47.442,-11.823],[-47.45,-11.828],[-47.449,-11.834],[-47.456,-11.833],[-47.456,-11.837],[-47.465,-11.84],[-47.464,-11.848],[-47.475,-11.842],[-47.484,-11.846],[-47.491,-11.841],[-47.493,-11.844],[-47.497,-11.843],[-47.501,-11.849],[-47.511,-11.846],[-47.513,-11.861],[-47.526,-11.866],[-47.522,-11.87],[-47.523,-11.876],[-47.541,-11.875],[-47.541,-11.879],[-47.546,-11.882],[-47.547,-11.891],[-47.554,-11.903],[-47.552,-11.911],[-47.535,-11.919],[-47.529,-11.916],[-47.521,-11.918],[-47.504,-11.93],[-47.498,-11.938],[-47.502,-11.946],[-47.495,-11.949],[-47.495,-11.954],[-47.486,-11.956],[-47.484,-11.96],[-47.475,-11.964],[-47.461,-11.982],[-47.448,-11.99],[-47.446,-12.004],[-47.456,-12.016],[-47.456,-12.025],[-47.461,-12.028],[-47.471,-12.059],[-47.475,-12.063],[-47.472,-12.07],[-47.473,-12.084],[-47.479,-12.09],[-47.475,-12.102],[-47.476,-12.118],[-47.479,-12.128],[-47.485,-12.132],[-47.486,-12.144],[-47.483,-12.147],[-47.486,-12.155],[-47.483,-12.166],[-47.489,-12.165],[-47.49,-12.181],[-47.495,-12.186],[-47.513,-12.187],[-47.521,-12.175],[-47.536,-12.169],[-47.543,-12.171],[-47.554,-12.167],[-47.573,-12.189],[-47.589,-12.208],[-47.605,-12.207],[-47.609,-12.194],[-47.625,-12.186],[-47.631,-12.188],[-47.642,-12.168],[-47.64,-12.163],[-47.642,-12.158],[-47.651,-12.149],[-47.659,-12.129],[-47.665,-12.133],[-47.675,-12.149],[-47.679,-12.138],[-47.688,-12.134],[-47.7,-12.141],[-47.712,-12.144],[-47.722,-12.155],[-47.734,-12.144],[-47.752,-12.138],[-47.768,-12.139],[-47.775,-12.133],[-47.783,-12.135],[-47.799,-12.153],[-47.799,-12.144],[-47.808,-12.134],[-47.806,-12.126],[-47.79,-12.107],[-47.779,-12.1],[-47.776,-12.093],[-47.766,-12.092],[-47.762,-12.082],[-47.76,-12.064],[-47.768,-12.049],[-47.767,-12.041],[-47.776,-12.052],[-47.795,-12.057],[-47.8,-12.062],[-47.814,-12.065],[-47.816,-12.074],[-47.824,-12.073],[-47.832,-12.083],[-47.836,-12.083],[-47.842,-12.078],[-47.857,-12.047],[-47.86,-12.029],[-47.872,-12.022],[-47.87,-12.013],[-47.857,-11.993],[-47.856,-11.97],[-47.845,-11.952],[-47.847,-11.944],[-47.858,-11.939],[-47.852,-11.918],[-47.855,-11.91],[-47.856,-11.903],[-47.865,-11.894],[-47.868,-11.88],[-47.875,-11.872],[-47.893,-11.864],[-47.903,-11.866],[-47.925,-11.859],[-47.948,-11.853],[-47.95,-11.847],[-47.974,-11.832],[-47.985,-11.832],[-47.99,-11.822],[-47.998,-11.819],[-48.0,-11.803],[-48.006,-11.802],[-48.005,-11.793],[-48.013,-11.792],[-48.008,-11.78],[-48.017,-11.78],[-48.02,-11.775],[-48.039,-11.787],[-48.041,-11.786],[-48.039,-11.782],[-48.055,-11.779],[-48.06,-11.772],[-48.069,-11.772],[-48.071,-11.777],[-48.078,-11.774],[-48.082,-11.769],[-48.08,-11.754],[-48.09,-11.745],[-48.1,-11.743],[-48.094,-11.737],[-48.093,-11.727],[-48.089,-11.727],[-48.089,-11.723],[-48.078,-11.725],[-48.06,-11.719],[-48.044,-11.708],[-48.034,-11.711],[-48.025,-11.719],[-48.018,-11.718],[-48.006,-11.722],[-48.0,-11.72],[-47.997,-11.71],[-47.99,-11.708],[-47.971,-11.716],[-47.97,-11.721],[-47.962,-11.728],[-47.957,-11.738],[-47.943,-11.745],[-47.922,-11.743],[-47.915,-11.733],[-47.905,-11.732],[-47.887,-11.741],[-47.847,-11.753],[-47.841,-11.757],[-47.827,-11.759],[-47.814,-11.73],[-47.804,-11.73],[-47.797,-11.726],[-47.796,-11.72],[-47.783,-11.712],[-47.779,-11.703],[-47.734,-11.676],[-47.731,-11.67],[-47.715,-11.667],[-47.695,-11.653],[-47.69,-11.64],[-47.696,-11.625],[-47.692,-11.608],[-47.685,-11.597],[-47.678,-11.596],[-47.668,-11.571],[-47.663,-11.57],[-47.663,-11.559],[-47.669,-11.544],[-47.688,-11.538],[-47.688,-11.526],[-47.694,-11.521],[-47.697,-11.509],[-47.694,-11.5],[-47.679,-11.498],[-47.68,-11.482],[-47.667,-11.466],[-47.636,-11.442],[-47.631,-11.444],[-47.622,-11.442],[-47.617,-11.447],[-47.597,-11.428],[-47.587,-11.398],[-47.588,-11.384],[-47.577,-11.382],[-47.575,-11.369],[-47.568,-11.368],[-47.556,-11.376],[-47.547,-11.37],[-47.533,-11.368],[-47.496,-11.337],[-47.482,-11.318],[-47.481,-11.301],[-47.471,-11.289],[-47.46,-11.257],[-47.46,-11.25],[-47.455,-11.243],[-47.409,-11.268],[-47.396,-11.274],[-47.401,-11.297],[-47.406,-11.304],[-47.404,-11.31],[-47.414,-11.329],[-47.421,-11.337],[-47.427,-11.353],[-47.44,-11.366],[-47.439,-11.368],[-47.447,-11.369]]]}},{"type":"Feature","properties":{"id":"1714302","nome":"Nazar\u00e9"},"geometry":{"type":"Polygon","coordinates":[[[-47.883,-6.222],[-47.884,-6.227],[-47.876,-6.224],[-47.871,-6.229],[-47.868,-6.228],[-47.864,-6.237],[-47.866,-6.24],[-47.854,-6.242],[-47.857,-6.25],[-47.853,-6.251],[-47.851,-6.256],[-47.847,-6.254],[-47.843,-6.257],[-47.825,-6.257],[-47.757,-6.283],[-47.737,-6.284],[-47.723,-6.282],[-47.717,-6.299],[-47.687,-6.309],[-47.686,-6.319],[-47.68,-6.325],[-47.678,-6.332],[-47.661,-6.345],[-47.649,-6.366],[-47.648,-6.38],[-47.641,-6.39],[-47.623,-6.381],[-47.606,-6.379],[-47.593,-6.391],[-47.58,-6.39],[-47.558,-6.405],[-47.559,-6.407],[-47.569,-6.405],[-47.567,-6.409],[-47.576,-6.414],[-47.584,-6.415],[-47.594,-6.414],[-47.595,-6.407],[-47.657,-6.415],[-47.686,-6.403],[-47.731,-6.412],[-47.748,-6.427],[-47.769,-6.411],[-47.8,-6.421],[-47.811,-6.42],[-47.825,-6.429],[-47.825,-6.404],[-47.816,-6.401],[-47.801,-6.373],[-47.805,-6.361],[-47.815,-6.349],[-47.816,-6.339],[-47.823,-6.33],[-47.827,-6.335],[-47.839,-6.336],[-47.843,-6.338],[-47.856,-6.344],[-47.867,-6.338],[-47.918,-6.291],[-47.918,-6.288],[-47.925,-6.286],[-47.938,-6.292],[-47.94,-6.283],[-47.945,-6.276],[-47.949,-6.272],[-47.945,-6.27],[-47.953,-6.253],[-47.952,-6.243],[-47.957,-6.24],[-47.955,-6.234],[-47.957,-6.226],[-47.955,-6.224],[-47.952,-6.23],[-47.946,-6.23],[-47.944,-6.236],[-47.938,-6.24],[-47.93,-6.237],[-47.929,-6.228],[-47.916,-6.219],[-47.891,-6.219],[-47.89,-6.222],[-47.883,-6.222]]]}},{"type":"Feature","properties":{"id":"1714880","nome":"Nova Olinda"},"geometry":{"type":"Polygon","coordinates":[[[-48.507,-7.438],[-48.491,-7.444],[-48.488,-7.447],[-48.484,-7.444],[-48.48,-7.459],[-48.483,-7.458],[-48.485,-7.465],[-48.478,-7.468],[-48.475,-7.478],[-48.453,-7.49],[-48.446,-7.499],[-48.441,-7.499],[-48.433,-7.505],[-48.42,-7.495],[-48.404,-7.501],[-48.389,-7.499],[-48.378,-7.486],[-48.375,-7.473],[-48.366,-7.464],[-48.34,-7.458],[-48.338,-7.447],[-48.332,-7.444],[-48.322,-7.449],[-48.293,-7.451],[-48.288,-7.462],[-48.279,-7.47],[-48.283,-7.48],[-48.269,-7.487],[-48.257,-7.49],[-48.244,-7.487],[-48.237,-7.491],[-48.221,-7.498],[-48.209,-7.499],[-48.193,-7.508],[-48.184,-7.524],[-48.155,-7.524],[-48.152,-7.527],[-48.158,-7.549],[-48.145,-7.577],[-48.151,-7.592],[-48.149,-7.606],[-48.156,-7.63],[-48.165,-7.639],[-48.175,-7.656],[-48.199,-7.664],[-48.204,-7.672],[-48.199,-7.68],[-48.201,-7.697],[-48.195,-7.701],[-48.192,-7.7],[-48.189,-7.706],[-48.191,-7.712],[-48.186,-7.711],[-48.182,-7.718],[-48.178,-7.716],[-48.178,-7.719],[-48.172,-7.72],[-48.168,-7.746],[-48.161,-7.751],[-48.161,-7.755],[-48.157,-7.754],[-48.154,-7.767],[-48.147,-7.766],[-48.139,-7.776],[-48.142,-7.785],[-48.138,-7.789],[-48.138,-7.795],[-48.143,-7.806],[-48.14,-7.812],[-48.148,-7.818],[-48.148,-7.823],[-48.154,-7.822],[-48.151,-7.83],[-48.152,-7.831],[-48.154,-7.834],[-48.16,-7.829],[-48.166,-7.833],[-48.17,-7.828],[-48.173,-7.828],[-48.172,-7.822],[-48.19,-7.816],[-48.199,-7.822],[-48.206,-7.822],[-48.21,-7.828],[-48.214,-7.824],[-48.216,-7.828],[-48.223,-7.828],[-48.224,-7.823],[-48.239,-7.817],[-48.243,-7.819],[-48.264,-7.812],[-48.27,-7.81],[-48.275,-7.797],[-48.283,-7.796],[-48.287,-7.79],[-48.282,-7.788],[-48.311,-7.795],[-48.324,-7.791],[-48.345,-7.8],[-48.357,-7.801],[-48.36,-7.793],[-48.383,-7.786],[-48.395,-7.798],[-48.412,-7.802],[-48.415,-7.811],[-48.418,-7.809],[-48.429,-7.821],[-48.441,-7.84],[-48.437,-7.851],[-48.439,-7.864],[-48.458,-7.856],[-48.46,-7.855],[-48.471,-7.846],[-48.478,-7.855],[-48.499,-7.853],[-48.497,-7.85],[-48.496,-7.822],[-48.5,-7.809],[-48.507,-7.803],[-48.513,-7.801],[-48.507,-7.79],[-48.51,-7.766],[-48.518,-7.75],[-48.516,-7.737],[-48.521,-7.718],[-48.53,-7.704],[-48.535,-7.702],[-48.527,-7.695],[-48.53,-7.685],[-48.521,-7.678],[-48.514,-7.663],[-48.525,-7.633],[-48.524,-7.607],[-48.53,-7.602],[-48.527,-7.595],[-48.529,-7.591],[-48.539,-7.585],[-48.539,-7.576],[-48.564,-7.56],[-48.57,-7.549],[-48.586,-7.546],[-48.587,-7.559],[-48.592,-7.562],[-48.6,-7.544],[-48.597,-7.537],[-48.6,-7.528],[-48.6,-7.522],[-48.594,-7.518],[-48.586,-7.499],[-48.591,-7.463],[-48.588,-7.462],[-48.59,-7.444],[-48.581,-7.445],[-48.583,-7.452],[-48.577,-7.454],[-48.571,-7.445],[-48.564,-7.45],[-48.559,-7.447],[-48.556,-7.453],[-48.555,-7.446],[-48.55,-7.449],[-48.539,-7.446],[-48.539,-7.443],[-48.529,-7.445],[-48.528,-7.44],[-48.524,-7.442],[-48.515,-7.439],[-48.511,-7.443],[-48.507,-7.438]]]}},{"type":"Feature","properties":{"id":"1715002","nome":"Nova Rosal\u00e2ndia"},"geometry":{"type":"Polygon","coordinates":[[[-48.939,-10.519],[-48.933,-10.525],[-48.926,-10.525],[-48.92,-10.533],[-48.905,-10.542],[-48.899,-10.54],[-48.897,-10.544],[-48.887,-10.538],[-48.88,-10.543],[-48.868,-10.531],[-48.86,-10.529],[-48.849,-10.521],[-48.843,-10.511],[-48.823,-10.503],[-48.816,-10.494],[-48.805,-10.489],[-48.809,-10.507],[-48.807,-10.513],[-48.813,-10.53],[-48.809,-10.544],[-48.826,-10.558],[-48.837,-10.569],[-48.856,-10.577],[-48.865,-10.603],[-48.865,-10.615],[-48.871,-10.622],[-48.88,-10.623],[-48.888,-10.628],[-48.897,-10.647],[-48.909,-10.654],[-48.922,-10.645],[-48.927,-10.645],[-48.939,-10.65],[-48.942,-10.656],[-48.96,-10.67],[-48.965,-10.667],[-48.986,-10.667],[-49.002,-10.683],[-49.013,-10.688],[-49.018,-10.686],[-49.018,-10.68],[-49.025,-10.678],[-49.024,-10.669],[-49.027,-10.669],[-49.029,-10.661],[-49.037,-10.655],[-49.048,-10.651],[-49.051,-10.661],[-49.06,-10.656],[-49.068,-10.66],[-49.071,-10.652],[-49.074,-10.653],[-49.076,-10.648],[-49.082,-10.648],[-49.078,-10.647],[-49.077,-10.627],[-49.071,-10.626],[-49.069,-10.619],[-49.064,-10.614],[-49.066,-10.61],[-49.064,-10.603],[-49.059,-10.604],[-49.055,-10.597],[-49.054,-10.592],[-49.064,-10.588],[-49.066,-10.581],[-49.07,-10.583],[-49.072,-10.579],[-49.07,-10.578],[-49.073,-10.557],[-49.065,-10.548],[-49.073,-10.532],[-49.066,-10.518],[-49.071,-10.508],[-49.062,-10.499],[-49.051,-10.467],[-49.065,-10.455],[-49.067,-10.445],[-49.053,-10.423],[-49.033,-10.41],[-49.02,-10.392],[-49.003,-10.39],[-48.996,-10.374],[-48.979,-10.366],[-48.977,-10.373],[-48.982,-10.379],[-48.964,-10.41],[-48.963,-10.424],[-48.982,-10.453],[-48.973,-10.46],[-48.962,-10.463],[-48.954,-10.472],[-48.942,-10.477],[-48.938,-10.493],[-48.942,-10.503],[-48.939,-10.519]]]}},{"type":"Feature","properties":{"id":"1715101","nome":"Novo Acordo"},"geometry":{"type":"Polygon","coordinates":[[[-47.629,-9.988],[-47.616,-9.99],[-47.605,-9.987],[-47.598,-9.979],[-47.591,-9.98],[-47.577,-9.983],[-47.552,-9.981],[-47.531,-9.989],[-47.513,-9.984],[-47.504,-9.989],[-47.493,-9.988],[-47.482,-9.981],[-47.479,-9.992],[-47.448,-10.004],[-47.441,-10.015],[-47.431,-10.017],[-47.422,-10.024],[-47.412,-10.04],[-47.381,-10.048],[-47.37,-10.037],[-47.354,-10.041],[-47.337,-10.038],[-47.324,-10.043],[-47.307,-10.039],[-47.297,-10.049],[-47.289,-10.05],[-47.277,-10.057],[-47.269,-10.056],[-47.263,-10.053],[-47.261,-10.047],[-47.253,-10.039],[-47.236,-10.037],[-47.226,-10.028],[-47.203,-10.021],[-47.185,-10.024],[-47.181,-10.022],[-47.17,-10.038],[-47.149,-10.042],[-47.13,-10.039],[-47.117,-10.042],[-47.095,-10.072],[-47.086,-10.079],[-47.076,-10.081],[-47.064,-10.094],[-47.051,-10.102],[-47.052,-10.109],[-47.046,-10.114],[-47.047,-10.122],[-47.04,-10.125],[-47.034,-10.121],[-47.023,-10.123],[-47.016,-10.132],[-46.993,-10.137],[-46.982,-10.153],[-46.972,-10.156],[-46.97,-10.161],[-46.954,-10.164],[-46.947,-10.176],[-46.946,-10.18],[-46.955,-10.191],[-46.961,-10.205],[-46.972,-10.214],[-46.979,-10.228],[-46.995,-10.245],[-46.99,-10.246],[-46.989,-10.253],[-46.977,-10.257],[-46.977,-10.266],[-46.987,-10.269],[-46.988,-10.275],[-47.007,-10.268],[-47.013,-10.271],[-47.016,-10.275],[-47.015,-10.281],[-47.023,-10.285],[-47.023,-10.291],[-47.018,-10.302],[-47.023,-10.303],[-47.02,-10.307],[-47.035,-10.31],[-47.029,-10.323],[-47.032,-10.331],[-47.037,-10.331],[-47.045,-10.318],[-47.048,-10.317],[-47.056,-10.337],[-47.065,-10.341],[-47.073,-10.359],[-47.089,-10.365],[-47.095,-10.368],[-47.102,-10.341],[-47.11,-10.352],[-47.118,-10.356],[-47.125,-10.382],[-47.147,-10.396],[-47.168,-10.4],[-47.183,-10.399],[-47.211,-10.406],[-47.231,-10.389],[-47.235,-10.394],[-47.252,-10.395],[-47.258,-10.401],[-47.274,-10.406],[-47.289,-10.406],[-47.291,-10.423],[-47.287,-10.426],[-47.304,-10.439],[-47.312,-10.436],[-47.316,-10.425],[-47.323,-10.424],[-47.327,-10.4],[-47.324,-10.396],[-47.329,-10.384],[-47.335,-10.38],[-47.338,-10.383],[-47.355,-10.382],[-47.366,-10.37],[-47.362,-10.366],[-47.366,-10.367],[-47.372,-10.361],[-47.377,-10.364],[-47.375,-10.353],[-47.37,-10.353],[-47.368,-10.346],[-47.372,-10.345],[-47.374,-10.34],[-47.37,-10.332],[-47.374,-10.327],[-47.378,-10.328],[-47.371,-10.317],[-47.376,-10.315],[-47.371,-10.313],[-47.373,-10.307],[-47.37,-10.308],[-47.368,-10.299],[-47.361,-10.297],[-47.36,-10.281],[-47.354,-10.282],[-47.351,-10.279],[-47.355,-10.274],[-47.362,-10.275],[-47.36,-10.268],[-47.365,-10.254],[-47.361,-10.25],[-47.367,-10.241],[-47.372,-10.239],[-47.39,-10.245],[-47.396,-10.243],[-47.4,-10.237],[-47.413,-10.239],[-47.422,-10.234],[-47.428,-10.236],[-47.402,-10.199],[-47.408,-10.202],[-47.415,-10.199],[-47.422,-10.192],[-47.428,-10.177],[-47.435,-10.176],[-47.435,-10.173],[-47.434,-10.166],[-47.447,-10.161],[-47.459,-10.174],[-47.463,-10.177],[-47.463,-10.186],[-47.474,-10.19],[-47.481,-10.183],[-47.49,-10.184],[-47.497,-10.176],[-47.51,-10.175],[-47.514,-10.173],[-47.525,-10.153],[-47.54,-10.183],[-47.549,-10.176],[-47.552,-10.17],[-47.569,-10.164],[-47.576,-10.176],[-47.581,-10.185],[-47.578,-10.191],[-47.58,-10.205],[-47.576,-10.215],[-47.578,-10.226],[-47.567,-10.241],[-47.568,-10.247],[-47.614,-10.238],[-47.614,-10.233],[-47.624,-10.231],[-47.632,-10.217],[-47.638,-10.221],[-47.644,-10.221],[-47.654,-10.214],[-47.66,-10.204],[-47.681,-10.195],[-47.711,-10.193],[-47.712,-10.198],[-47.715,-10.198],[-47.721,-10.192],[-47.733,-10.189],[-47.736,-10.183],[-47.752,-10.185],[-47.755,-10.18],[-47.755,-10.176],[-47.762,-10.174],[-47.761,-10.167],[-47.771,-10.166],[-47.773,-10.162],[-47.794,-10.166],[-47.8,-10.123],[-47.81,-10.099],[-47.808,-10.068],[-47.803,-10.048],[-47.817,-10.036],[-47.819,-10.019],[-47.821,-10.005],[-47.83,-10.0],[-47.833,-9.994],[-47.831,-9.97],[-47.834,-9.962],[-47.838,-9.956],[-47.85,-9.951],[-47.853,-9.938],[-47.86,-9.931],[-47.852,-9.915],[-47.842,-9.909],[-47.844,-9.895],[-47.84,-9.879],[-47.817,-9.887],[-47.808,-9.903],[-47.795,-9.912],[-47.789,-9.923],[-47.752,-9.928],[-47.724,-9.942],[-47.715,-9.953],[-47.7,-9.958],[-47.676,-9.961],[-47.666,-9.965],[-47.664,-9.969],[-47.658,-9.977],[-47.637,-9.981],[-47.629,-9.988]]]}},{"type":"Feature","properties":{"id":"1715150","nome":"Novo Alegre"},"geometry":{"type":"Polygon","coordinates":[[[-46.588,-12.807],[-46.585,-12.815],[-46.576,-12.813],[-46.56,-12.821],[-46.558,-12.827],[-46.561,-12.835],[-46.558,-12.847],[-46.564,-12.861],[-46.564,-12.872],[-46.559,-12.872],[-46.545,-12.889],[-46.539,-12.89],[-46.537,-12.899],[-46.53,-12.902],[-46.5,-12.901],[-46.494,-12.909],[-46.495,-12.916],[-46.487,-12.923],[-46.47,-12.925],[-46.465,-12.931],[-46.457,-12.929],[-46.446,-12.936],[-46.454,-12.971],[-46.55,-12.97],[-46.633,-12.97],[-46.634,-12.942],[-46.627,-12.934],[-46.629,-12.927],[-46.626,-12.921],[-46.624,-12.887],[-46.615,-12.879],[-46.618,-12.873],[-46.624,-12.871],[-46.625,-12.854],[-46.622,-12.847],[-46.616,-12.846],[-46.617,-12.837],[-46.612,-12.837],[-46.606,-12.826],[-46.601,-12.825],[-46.6,-12.814],[-46.593,-12.804],[-46.588,-12.807]]]}},{"type":"Feature","properties":{"id":"1715259","nome":"Novo Jardim"},"geometry":{"type":"Polygon","coordinates":[[[-46.301,-11.572],[-46.287,-11.581],[-46.243,-11.584],[-46.214,-11.615],[-46.195,-11.621],[-46.141,-11.626],[-46.129,-11.621],[-46.087,-11.625],[-46.083,-11.636],[-46.087,-11.642],[-46.131,-11.646],[-46.141,-11.648],[-46.154,-11.657],[-46.172,-11.652],[-46.187,-11.655],[-46.221,-11.644],[-46.256,-11.621],[-46.265,-11.624],[-46.277,-11.623],[-46.291,-11.628],[-46.304,-11.625],[-46.311,-11.627],[-46.316,-11.637],[-46.315,-11.644],[-46.301,-11.661],[-46.294,-11.678],[-46.294,-11.692],[-46.297,-11.698],[-46.309,-11.704],[-46.329,-11.737],[-46.366,-11.745],[-46.373,-11.751],[-46.37,-11.76],[-46.356,-11.759],[-46.347,-11.753],[-46.339,-11.766],[-46.322,-11.77],[-46.324,-11.778],[-46.335,-11.786],[-46.331,-11.803],[-46.337,-11.816],[-46.353,-11.802],[-46.356,-11.796],[-46.354,-11.789],[-46.358,-11.782],[-46.369,-11.777],[-46.383,-11.776],[-46.394,-11.763],[-46.411,-11.767],[-46.424,-11.765],[-46.431,-11.757],[-46.438,-11.755],[-46.444,-11.758],[-46.483,-11.764],[-46.519,-11.789],[-46.53,-11.809],[-46.537,-11.814],[-46.541,-11.844],[-46.533,-11.858],[-46.544,-11.872],[-46.55,-11.878],[-46.563,-11.9],[-46.585,-11.912],[-46.591,-11.922],[-46.589,-11.924],[-46.594,-11.933],[-46.592,-11.936],[-46.6,-11.941],[-46.594,-11.944],[-46.591,-11.959],[-46.596,-11.966],[-46.603,-11.965],[-46.611,-11.959],[-46.622,-11.962],[-46.637,-11.98],[-46.662,-11.99],[-46.671,-11.994],[-46.673,-12.005],[-46.68,-12.006],[-46.678,-12.009],[-46.682,-12.012],[-46.684,-12.023],[-46.706,-12.025],[-46.716,-12.033],[-46.716,-12.037],[-46.738,-12.038],[-46.741,-12.045],[-46.752,-12.045],[-46.743,-12.031],[-46.745,-12.027],[-46.737,-12.02],[-46.741,-12.016],[-46.742,-12.005],[-46.741,-11.992],[-46.736,-11.987],[-46.742,-11.977],[-46.747,-11.973],[-46.747,-11.962],[-46.754,-11.958],[-46.753,-11.941],[-46.758,-11.934],[-46.753,-11.927],[-46.756,-11.918],[-46.754,-11.916],[-46.759,-11.912],[-46.759,-11.902],[-46.766,-11.896],[-46.767,-11.89],[-46.771,-11.89],[-46.77,-11.884],[-46.773,-11.882],[-46.767,-11.872],[-46.771,-11.866],[-46.767,-11.857],[-46.782,-11.851],[-46.782,-11.832],[-46.778,-11.831],[-46.788,-11.818],[-46.782,-11.814],[-46.785,-11.81],[-46.779,-11.81],[-46.778,-11.806],[-46.775,-11.807],[-46.778,-11.802],[-46.775,-11.797],[-46.77,-11.798],[-46.766,-11.794],[-46.767,-11.789],[-46.771,-11.788],[-46.763,-11.782],[-46.762,-11.767],[-46.763,-11.762],[-46.758,-11.76],[-46.761,-11.755],[-46.752,-11.736],[-46.752,-11.71],[-46.744,-11.705],[-46.742,-11.705],[-46.721,-11.681],[-46.704,-11.691],[-46.699,-11.689],[-46.692,-11.695],[-46.688,-11.689],[-46.681,-11.691],[-46.669,-11.687],[-46.668,-11.674],[-46.661,-11.674],[-46.661,-11.669],[-46.657,-11.668],[-46.658,-11.67],[-46.65,-11.672],[-46.646,-11.663],[-46.64,-11.668],[-46.635,-11.662],[-46.627,-11.666],[-46.622,-11.66],[-46.621,-11.663],[-46.61,-11.665],[-46.61,-11.659],[-46.607,-11.658],[-46.59,-11.66],[-46.583,-11.655],[-46.578,-11.657],[-46.575,-11.651],[-46.567,-11.651],[-46.567,-11.654],[-46.562,-11.651],[-46.557,-11.656],[-46.552,-11.654],[-46.545,-11.656],[-46.543,-11.653],[-46.536,-11.656],[-46.53,-11.651],[-46.528,-11.653],[-46.521,-11.651],[-46.521,-11.647],[-46.517,-11.651],[-46.5,-11.65],[-46.49,-11.658],[-46.481,-11.655],[-46.477,-11.658],[-46.46,-11.656],[-46.45,-11.641],[-46.442,-11.641],[-46.429,-11.629],[-46.419,-11.629],[-46.409,-11.62],[-46.396,-11.616],[-46.39,-11.609],[-46.384,-11.609],[-46.368,-11.591],[-46.361,-11.589],[-46.347,-11.577],[-46.34,-11.578],[-46.338,-11.573],[-46.33,-11.571],[-46.301,-11.572]]]}},{"type":"Feature","properties":{"id":"1715507","nome":"Oliveira de F\u00e1tima"},"geometry":{"type":"Polygon","coordinates":[[[-48.81,-10.646],[-48.807,-10.662],[-48.793,-10.674],[-48.791,-10.689],[-48.81,-10.718],[-48.836,-10.728],[-48.858,-10.726],[-48.887,-10.73],[-48.899,-10.726],[-48.906,-10.73],[-48.906,-10.716],[-48.908,-10.717],[-48.923,-10.732],[-48.939,-10.74],[-48.95,-10.759],[-48.963,-10.762],[-48.967,-10.757],[-48.961,-10.752],[-48.965,-10.711],[-48.961,-10.688],[-48.965,-10.679],[-48.965,-10.667],[-48.96,-10.67],[-48.942,-10.656],[-48.939,-10.65],[-48.927,-10.645],[-48.922,-10.645],[-48.909,-10.654],[-48.897,-10.647],[-48.888,-10.628],[-48.88,-10.623],[-48.871,-10.622],[-48.865,-10.615],[-48.865,-10.603],[-48.856,-10.577],[-48.837,-10.569],[-48.826,-10.558],[-48.823,-10.587],[-48.813,-10.599],[-48.825,-10.613],[-48.824,-10.624],[-48.827,-10.634],[-48.81,-10.646]]]}},{"type":"Feature","properties":{"id":"1715705","nome":"Palmeirante"},"geometry":{"type":"Polygon","coordinates":[[[-48.129,-7.531],[-48.099,-7.55],[-48.087,-7.547],[-48.084,-7.55],[-48.062,-7.565],[-48.057,-7.564],[-48.046,-7.576],[-48.043,-7.574],[-48.034,-7.587],[-48.022,-7.595],[-48.018,-7.597],[-48.012,-7.593],[-47.984,-7.602],[-47.98,-7.611],[-47.984,-7.612],[-47.985,-7.621],[-47.982,-7.627],[-47.978,-7.629],[-47.974,-7.627],[-47.976,-7.631],[-47.968,-7.633],[-47.965,-7.639],[-47.961,-7.634],[-47.954,-7.634],[-47.955,-7.64],[-47.947,-7.642],[-47.944,-7.642],[-47.947,-7.648],[-47.949,-7.65],[-47.946,-7.653],[-47.939,-7.653],[-47.933,-7.658],[-47.93,-7.656],[-47.929,-7.661],[-47.917,-7.66],[-47.914,-7.673],[-47.908,-7.678],[-47.9,-7.676],[-47.9,-7.682],[-47.894,-7.685],[-47.889,-7.68],[-47.884,-7.696],[-47.879,-7.7],[-47.879,-7.71],[-47.87,-7.714],[-47.872,-7.726],[-47.867,-7.727],[-47.866,-7.731],[-47.855,-7.727],[-47.849,-7.735],[-47.839,-7.734],[-47.84,-7.749],[-47.849,-7.76],[-47.836,-7.761],[-47.829,-7.768],[-47.865,-7.78],[-47.9,-7.797],[-47.907,-7.81],[-47.91,-7.844],[-47.919,-7.86],[-47.938,-7.873],[-47.937,-7.904],[-47.953,-7.926],[-47.959,-7.941],[-47.955,-7.964],[-47.944,-8.045],[-47.951,-8.056],[-47.975,-8.068],[-47.999,-8.079],[-48.007,-8.078],[-48.012,-8.082],[-48.041,-8.089],[-48.067,-8.09],[-48.103,-8.085],[-48.11,-8.088],[-48.128,-8.107],[-48.154,-8.155],[-48.165,-8.156],[-48.166,-8.163],[-48.185,-8.164],[-48.19,-8.162],[-48.19,-8.151],[-48.196,-8.154],[-48.204,-8.147],[-48.216,-8.141],[-48.229,-8.129],[-48.23,-8.125],[-48.238,-8.124],[-48.239,-8.13],[-48.246,-8.129],[-48.254,-8.137],[-48.26,-8.135],[-48.265,-8.139],[-48.268,-8.135],[-48.271,-8.135],[-48.272,-8.139],[-48.278,-8.138],[-48.279,-8.141],[-48.285,-8.137],[-48.297,-8.145],[-48.3,-8.138],[-48.306,-8.137],[-48.304,-8.133],[-48.313,-8.13],[-48.318,-8.133],[-48.324,-8.128],[-48.323,-8.134],[-48.338,-8.133],[-48.345,-8.126],[-48.344,-8.124],[-48.348,-8.125],[-48.353,-8.135],[-48.36,-8.133],[-48.361,-8.141],[-48.368,-8.138],[-48.37,-8.144],[-48.378,-8.138],[-48.384,-8.126],[-48.41,-8.121],[-48.418,-8.129],[-48.426,-8.125],[-48.428,-8.12],[-48.43,-8.123],[-48.432,-8.12],[-48.429,-8.115],[-48.432,-8.113],[-48.433,-8.101],[-48.429,-8.093],[-48.434,-8.085],[-48.438,-8.078],[-48.443,-8.079],[-48.446,-8.072],[-48.451,-8.071],[-48.452,-8.066],[-48.443,-8.046],[-48.447,-8.032],[-48.441,-8.023],[-48.442,-8.016],[-48.445,-8.017],[-48.447,-8.014],[-48.439,-7.994],[-48.442,-7.964],[-48.446,-7.956],[-48.443,-7.948],[-48.445,-7.93],[-48.442,-7.925],[-48.445,-7.908],[-48.451,-7.904],[-48.453,-7.881],[-48.466,-7.858],[-48.466,-7.853],[-48.46,-7.855],[-48.458,-7.856],[-48.439,-7.864],[-48.437,-7.851],[-48.441,-7.84],[-48.429,-7.821],[-48.418,-7.809],[-48.415,-7.811],[-48.412,-7.802],[-48.395,-7.798],[-48.383,-7.786],[-48.36,-7.793],[-48.357,-7.801],[-48.345,-7.8],[-48.324,-7.791],[-48.311,-7.795],[-48.282,-7.788],[-48.287,-7.79],[-48.283,-7.796],[-48.275,-7.797],[-48.27,-7.81],[-48.264,-7.812],[-48.243,-7.819],[-48.239,-7.817],[-48.224,-7.823],[-48.223,-7.828],[-48.216,-7.828],[-48.214,-7.824],[-48.21,-7.828],[-48.206,-7.822],[-48.199,-7.822],[-48.19,-7.816],[-48.172,-7.822],[-48.173,-7.828],[-48.17,-7.828],[-48.166,-7.833],[-48.16,-7.829],[-48.154,-7.834],[-48.152,-7.831],[-48.151,-7.83],[-48.154,-7.822],[-48.148,-7.823],[-48.148,-7.818],[-48.14,-7.812],[-48.143,-7.806],[-48.138,-7.795],[-48.138,-7.789],[-48.142,-7.785],[-48.139,-7.776],[-48.147,-7.766],[-48.154,-7.767],[-48.157,-7.754],[-48.161,-7.755],[-48.161,-7.751],[-48.168,-7.746],[-48.172,-7.72],[-48.178,-7.719],[-48.178,-7.716],[-48.182,-7.718],[-48.186,-7.711],[-48.191,-7.712],[-48.189,-7.706],[-48.192,-7.7],[-48.195,-7.701],[-48.201,-7.697],[-48.199,-7.68],[-48.204,-7.672],[-48.199,-7.664],[-48.175,-7.656],[-48.165,-7.639],[-48.156,-7.63],[-48.149,-7.606],[-48.151,-7.592],[-48.145,-7.577],[-48.158,-7.549],[-48.152,-7.527],[-48.129,-7.531]]]}},{"type":"Feature","properties":{"id":"1715754","nome":"Palmeir\u00f3polis"},"geometry":{"type":"Polygon","coordinates":[[[-48.493,-12.799],[-48.487,-12.805],[-48.474,-12.8],[-48.469,-12.813],[-48.454,-12.815],[-48.428,-12.844],[-48.415,-12.844],[-48.409,-12.84],[-48.408,-12.828],[-48.396,-12.818],[-48.396,-12.814],[-48.392,-12.813],[-48.393,-12.81],[-48.39,-12.806],[-48.383,-12.812],[-48.354,-12.809],[-48.327,-12.808],[-48.309,-12.818],[-48.289,-12.818],[-48.271,-12.827],[-48.257,-12.826],[-48.242,-12.832],[-48.237,-12.832],[-48.233,-12.828],[-48.228,-12.833],[-48.217,-12.836],[-48.21,-12.841],[-48.202,-12.86],[-48.197,-12.864],[-48.195,-12.874],[-48.189,-12.907],[-48.178,-12.916],[-48.182,-12.925],[-48.181,-12.932],[-48.169,-12.948],[-48.163,-12.962],[-48.159,-12.964],[-48.147,-12.97],[-48.139,-12.988],[-48.149,-13.009],[-48.142,-13.025],[-48.153,-13.052],[-48.15,-13.062],[-48.142,-13.071],[-48.138,-13.087],[-48.128,-13.102],[-48.14,-13.118],[-48.139,-13.136],[-48.146,-13.152],[-48.158,-13.157],[-48.162,-13.154],[-48.165,-13.157],[-48.173,-13.148],[-48.183,-13.155],[-48.19,-13.154],[-48.186,-13.156],[-48.196,-13.163],[-48.193,-13.172],[-48.211,-13.174],[-48.216,-13.168],[-48.225,-13.173],[-48.231,-13.168],[-48.238,-13.18],[-48.245,-13.184],[-48.242,-13.187],[-48.247,-13.192],[-48.25,-13.197],[-48.262,-13.197],[-48.265,-13.205],[-48.268,-13.202],[-48.28,-13.206],[-48.276,-13.199],[-48.28,-13.199],[-48.285,-13.205],[-48.287,-13.204],[-48.288,-13.215],[-48.293,-13.215],[-48.292,-13.219],[-48.309,-13.226],[-48.306,-13.228],[-48.31,-13.232],[-48.306,-13.234],[-48.309,-13.234],[-48.316,-13.234],[-48.317,-13.23],[-48.328,-13.232],[-48.342,-13.228],[-48.34,-13.236],[-48.343,-13.241],[-48.336,-13.247],[-48.342,-13.249],[-48.35,-13.241],[-48.358,-13.243],[-48.371,-13.249],[-48.374,-13.255],[-48.379,-13.255],[-48.385,-13.266],[-48.388,-13.261],[-48.391,-13.268],[-48.401,-13.27],[-48.407,-13.267],[-48.416,-13.274],[-48.429,-13.271],[-48.432,-13.275],[-48.43,-13.28],[-48.436,-13.284],[-48.435,-13.288],[-48.441,-13.292],[-48.446,-13.283],[-48.457,-13.282],[-48.461,-13.274],[-48.461,-13.263],[-48.456,-13.259],[-48.461,-13.258],[-48.46,-13.249],[-48.457,-13.248],[-48.468,-13.244],[-48.47,-13.236],[-48.475,-13.235],[-48.472,-13.223],[-48.475,-13.216],[-48.471,-13.211],[-48.472,-13.202],[-48.477,-13.197],[-48.475,-13.191],[-48.477,-13.178],[-48.472,-13.173],[-48.472,-13.166],[-48.468,-13.162],[-48.469,-13.149],[-48.475,-13.134],[-48.479,-13.133],[-48.48,-13.141],[-48.488,-13.142],[-48.495,-13.136],[-48.506,-13.133],[-48.508,-13.128],[-48.508,-13.122],[-48.498,-13.113],[-48.494,-13.096],[-48.49,-13.079],[-48.504,-13.064],[-48.514,-13.06],[-48.512,-13.044],[-48.521,-13.026],[-48.504,-13.019],[-48.506,-13.014],[-48.513,-13.014],[-48.507,-13.009],[-48.507,-13.002],[-48.5,-13.001],[-48.497,-12.995],[-48.508,-12.994],[-48.514,-12.985],[-48.53,-12.976],[-48.544,-12.982],[-48.542,-12.955],[-48.558,-12.948],[-48.563,-12.931],[-48.558,-12.928],[-48.555,-12.919],[-48.55,-12.918],[-48.55,-12.911],[-48.555,-12.909],[-48.546,-12.898],[-48.547,-12.891],[-48.538,-12.893],[-48.538,-12.886],[-48.546,-12.886],[-48.548,-12.88],[-48.552,-12.88],[-48.555,-12.867],[-48.54,-12.856],[-48.545,-12.852],[-48.541,-12.846],[-48.528,-12.844],[-48.518,-12.834],[-48.52,-12.824],[-48.532,-12.814],[-48.528,-12.808],[-48.526,-12.81],[-48.518,-12.809],[-48.519,-12.805],[-48.513,-12.801],[-48.501,-12.798],[-48.502,-12.791],[-48.494,-12.791],[-48.493,-12.799]]]}},{"type":"Feature","properties":{"id":"1716109","nome":"Para\u00edso do Tocantins"},"geometry":{"type":"Polygon","coordinates":[[[-48.764,-10.03],[-48.754,-10.036],[-48.741,-10.032],[-48.738,-10.038],[-48.727,-10.044],[-48.725,-10.061],[-48.708,-10.075],[-48.706,-10.082],[-48.67,-10.092],[-48.676,-10.122],[-48.691,-10.145],[-48.699,-10.183],[-48.7,-10.19],[-48.695,-10.196],[-48.688,-10.209],[-48.691,-10.224],[-48.682,-10.225],[-48.661,-10.248],[-48.647,-10.248],[-48.642,-10.245],[-48.638,-10.256],[-48.625,-10.26],[-48.619,-10.275],[-48.598,-10.288],[-48.597,-10.292],[-48.604,-10.306],[-48.596,-10.322],[-48.605,-10.331],[-48.614,-10.331],[-48.621,-10.325],[-48.626,-10.33],[-48.623,-10.335],[-48.626,-10.343],[-48.638,-10.348],[-48.647,-10.347],[-48.653,-10.355],[-48.659,-10.354],[-48.662,-10.363],[-48.66,-10.369],[-48.671,-10.372],[-48.674,-10.375],[-48.675,-10.372],[-48.682,-10.371],[-48.68,-10.374],[-48.685,-10.378],[-48.695,-10.383],[-48.697,-10.377],[-48.697,-10.394],[-48.707,-10.392],[-48.706,-10.401],[-48.725,-10.407],[-48.729,-10.394],[-48.735,-10.39],[-48.748,-10.388],[-48.754,-10.392],[-48.759,-10.39],[-48.764,-10.394],[-48.771,-10.391],[-48.79,-10.399],[-48.796,-10.396],[-48.808,-10.401],[-48.811,-10.396],[-48.819,-10.396],[-48.836,-10.391],[-48.84,-10.386],[-48.846,-10.386],[-48.848,-10.376],[-48.852,-10.377],[-48.855,-10.373],[-48.854,-10.359],[-48.859,-10.347],[-48.864,-10.342],[-48.865,-10.335],[-48.868,-10.328],[-48.872,-10.328],[-48.877,-10.318],[-48.887,-10.314],[-48.903,-10.313],[-48.907,-10.3],[-48.916,-10.297],[-48.933,-10.297],[-48.944,-10.304],[-48.961,-10.305],[-48.969,-10.315],[-48.967,-10.336],[-48.975,-10.349],[-48.969,-10.37],[-48.977,-10.373],[-48.979,-10.366],[-48.98,-10.358],[-48.987,-10.349],[-48.989,-10.332],[-48.986,-10.323],[-48.99,-10.309],[-48.987,-10.306],[-48.991,-10.288],[-49.006,-10.293],[-49.008,-10.286],[-49.007,-10.28],[-49.014,-10.277],[-49.01,-10.272],[-49.015,-10.269],[-49.01,-10.253],[-49.019,-10.256],[-49.025,-10.253],[-49.025,-10.248],[-49.032,-10.24],[-49.033,-10.232],[-49.038,-10.232],[-49.039,-10.219],[-49.053,-10.208],[-49.055,-10.202],[-49.064,-10.196],[-49.063,-10.191],[-49.067,-10.184],[-49.08,-10.181],[-49.085,-10.171],[-49.104,-10.158],[-49.109,-10.149],[-49.109,-10.145],[-49.1,-10.14],[-49.087,-10.142],[-49.075,-10.138],[-49.064,-10.144],[-49.06,-10.141],[-49.057,-10.147],[-49.053,-10.147],[-49.051,-10.151],[-49.044,-10.151],[-49.042,-10.144],[-49.029,-10.149],[-49.032,-10.141],[-49.029,-10.14],[-49.03,-10.137],[-49.024,-10.138],[-49.024,-10.129],[-49.018,-10.131],[-49.006,-10.12],[-49.0,-10.131],[-49.0,-10.139],[-48.994,-10.142],[-48.982,-10.143],[-48.98,-10.135],[-48.975,-10.133],[-48.968,-10.134],[-48.965,-10.139],[-48.946,-10.14],[-48.95,-10.134],[-48.948,-10.129],[-48.935,-10.117],[-48.931,-10.108],[-48.924,-10.108],[-48.918,-10.105],[-48.914,-10.093],[-48.907,-10.092],[-48.904,-10.085],[-48.897,-10.081],[-48.893,-10.062],[-48.888,-10.068],[-48.884,-10.058],[-48.883,-10.038],[-48.875,-10.039],[-48.869,-10.032],[-48.859,-10.034],[-48.859,-10.047],[-48.843,-10.05],[-48.84,-10.058],[-48.843,-10.063],[-48.838,-10.068],[-48.831,-10.064],[-48.824,-10.07],[-48.822,-10.066],[-48.816,-10.066],[-48.805,-10.05],[-48.8,-10.049],[-48.793,-10.037],[-48.785,-10.035],[-48.778,-10.028],[-48.764,-10.03]]]}},{"type":"Feature","properties":{"id":"1716208","nome":"Paran\u00e3"},"geometry":{"type":"Polygon","coordinates":[[[-47.996,-12.055],[-47.989,-12.061],[-47.978,-12.053],[-47.952,-12.055],[-47.95,-12.051],[-47.942,-12.05],[-47.93,-12.056],[-47.923,-12.067],[-47.91,-12.066],[-47.908,-12.071],[-47.911,-12.074],[-47.907,-12.08],[-47.903,-12.08],[-47.892,-12.088],[-47.883,-12.088],[-47.88,-12.09],[-47.876,-12.099],[-47.871,-12.1],[-47.868,-12.108],[-47.872,-12.115],[-47.867,-12.12],[-47.852,-12.117],[-47.849,-12.123],[-47.852,-12.125],[-47.853,-12.131],[-47.849,-12.136],[-47.855,-12.155],[-47.841,-12.165],[-47.855,-12.19],[-47.855,-12.206],[-47.881,-12.22],[-47.88,-12.241],[-47.87,-12.242],[-47.869,-12.225],[-47.856,-12.212],[-47.833,-12.218],[-47.822,-12.218],[-47.812,-12.21],[-47.814,-12.199],[-47.811,-12.184],[-47.814,-12.174],[-47.805,-12.155],[-47.799,-12.153],[-47.783,-12.135],[-47.775,-12.133],[-47.768,-12.139],[-47.752,-12.138],[-47.734,-12.144],[-47.722,-12.155],[-47.712,-12.144],[-47.7,-12.141],[-47.688,-12.134],[-47.679,-12.138],[-47.675,-12.149],[-47.665,-12.133],[-47.659,-12.129],[-47.651,-12.149],[-47.642,-12.158],[-47.64,-12.163],[-47.642,-12.168],[-47.631,-12.188],[-47.625,-12.186],[-47.609,-12.194],[-47.605,-12.207],[-47.589,-12.208],[-47.573,-12.189],[-47.561,-12.187],[-47.545,-12.224],[-47.541,-12.237],[-47.534,-12.245],[-47.522,-12.245],[-47.518,-12.249],[-47.514,-12.267],[-47.518,-12.276],[-47.523,-12.277],[-47.523,-12.295],[-47.531,-12.319],[-47.524,-12.326],[-47.524,-12.357],[-47.547,-12.361],[-47.541,-12.38],[-47.526,-12.386],[-47.525,-12.399],[-47.529,-12.397],[-47.536,-12.4],[-47.517,-12.406],[-47.511,-12.414],[-47.514,-12.438],[-47.506,-12.447],[-47.499,-12.447],[-47.489,-12.453],[-47.475,-12.453],[-47.459,-12.439],[-47.448,-12.419],[-47.428,-12.417],[-47.415,-12.408],[-47.404,-12.419],[-47.403,-12.431],[-47.392,-12.446],[-47.377,-12.448],[-47.366,-12.44],[-47.36,-12.439],[-47.343,-12.446],[-47.333,-12.443],[-47.318,-12.449],[-47.297,-12.446],[-47.29,-12.44],[-47.291,-12.443],[-47.284,-12.448],[-47.263,-12.457],[-47.257,-12.482],[-47.239,-12.492],[-47.234,-12.498],[-47.236,-12.51],[-47.229,-12.518],[-47.236,-12.539],[-47.241,-12.542],[-47.241,-12.551],[-47.252,-12.57],[-47.243,-12.573],[-47.236,-12.571],[-47.227,-12.581],[-47.206,-12.61],[-47.224,-12.619],[-47.224,-12.628],[-47.228,-12.634],[-47.242,-12.637],[-47.241,-12.64],[-47.259,-12.656],[-47.265,-12.667],[-47.285,-12.678],[-47.291,-12.687],[-47.321,-12.689],[-47.335,-12.686],[-47.34,-12.687],[-47.352,-12.697],[-47.36,-12.696],[-47.361,-12.697],[-47.371,-12.701],[-47.368,-12.714],[-47.35,-12.751],[-47.344,-12.756],[-47.337,-12.761],[-47.329,-12.761],[-47.306,-12.782],[-47.293,-12.787],[-47.281,-12.812],[-47.249,-12.81],[-47.218,-12.825],[-47.255,-12.84],[-47.276,-12.841],[-47.298,-12.852],[-47.315,-12.859],[-47.318,-12.885],[-47.346,-12.917],[-47.352,-12.919],[-47.357,-12.916],[-47.359,-12.926],[-47.366,-12.924],[-47.377,-12.93],[-47.384,-12.929],[-47.388,-12.934],[-47.405,-12.937],[-47.415,-12.928],[-47.427,-12.932],[-47.441,-12.931],[-47.459,-12.956],[-47.462,-12.959],[-47.445,-12.968],[-47.438,-12.98],[-47.44,-13.002],[-47.438,-13.024],[-47.42,-13.028],[-47.414,-13.035],[-47.409,-13.043],[-47.412,-13.054],[-47.41,-13.062],[-47.395,-13.075],[-47.397,-13.094],[-47.405,-13.101],[-47.4,-13.108],[-47.4,-13.118],[-47.406,-13.121],[-47.41,-13.118],[-47.46,-13.111],[-47.47,-13.115],[-47.473,-13.112],[-47.493,-13.111],[-47.499,-13.114],[-47.505,-13.128],[-47.515,-13.132],[-47.534,-13.128],[-47.555,-13.111],[-47.563,-13.11],[-47.571,-13.116],[-47.592,-13.116],[-47.618,-13.104],[-47.627,-13.11],[-47.634,-13.103],[-47.636,-13.114],[-47.646,-13.12],[-47.645,-13.128],[-47.65,-13.133],[-47.645,-13.138],[-47.649,-13.139],[-47.643,-13.145],[-47.644,-13.149],[-47.651,-13.15],[-47.654,-13.158],[-47.659,-13.159],[-47.67,-13.168],[-47.655,-13.177],[-47.657,-13.192],[-47.665,-13.196],[-47.66,-13.198],[-47.665,-13.203],[-47.661,-13.207],[-47.668,-13.209],[-47.665,-13.214],[-47.666,-13.218],[-47.654,-13.22],[-47.653,-13.229],[-47.657,-13.234],[-47.646,-13.242],[-47.648,-13.25],[-47.64,-13.263],[-47.649,-13.274],[-47.656,-13.276],[-47.659,-13.295],[-47.657,-13.299],[-47.662,-13.303],[-47.654,-13.315],[-47.656,-13.322],[-47.649,-13.342],[-47.65,-13.351],[-47.637,-13.364],[-47.622,-13.367],[-47.627,-13.384],[-47.633,-13.39],[-47.638,-13.391],[-47.643,-13.403],[-47.654,-13.415],[-47.656,-13.427],[-47.662,-13.433],[-47.667,-13.436],[-47.675,-13.449],[-47.679,-13.467],[-47.77,-13.366],[-47.8,-13.333],[-47.801,-13.328],[-47.815,-13.318],[-47.817,-13.317],[-47.824,-13.311],[-47.844,-13.318],[-47.861,-13.314],[-47.866,-13.315],[-47.87,-13.319],[-47.883,-13.32],[-47.888,-13.318],[-47.893,-13.307],[-47.902,-13.311],[-47.903,-13.302],[-47.908,-13.299],[-47.92,-13.298],[-47.924,-13.291],[-47.929,-13.294],[-47.935,-13.29],[-47.943,-13.307],[-47.948,-13.305],[-47.951,-13.31],[-47.956,-13.308],[-47.966,-13.315],[-47.971,-13.311],[-47.972,-13.3],[-47.978,-13.294],[-47.986,-13.276],[-47.999,-13.274],[-48.022,-13.279],[-48.029,-13.271],[-48.032,-13.274],[-48.034,-13.265],[-48.029,-13.264],[-48.033,-13.254],[-48.052,-13.255],[-48.051,-13.251],[-48.056,-13.248],[-48.055,-13.239],[-48.058,-13.24],[-48.062,-13.235],[-48.071,-13.24],[-48.076,-13.238],[-48.079,-13.243],[-48.072,-13.267],[-48.077,-13.266],[-48.078,-13.277],[-48.08,-13.279],[-48.078,-13.282],[-48.083,-13.288],[-48.093,-13.286],[-48.097,-13.291],[-48.106,-13.287],[-48.113,-13.292],[-48.118,-13.29],[-48.121,-13.297],[-48.15,-13.307],[-48.156,-13.303],[-48.157,-13.31],[-48.16,-13.302],[-48.165,-13.305],[-48.169,-13.299],[-48.153,-13.279],[-48.156,-13.25],[-48.168,-13.243],[-48.168,-13.24],[-48.153,-13.219],[-48.162,-13.207],[-48.165,-13.197],[-48.163,-13.183],[-48.155,-13.174],[-48.155,-13.166],[-48.145,-13.154],[-48.146,-13.152],[-48.139,-13.136],[-48.14,-13.118],[-48.128,-13.102],[-48.138,-13.087],[-48.142,-13.071],[-48.15,-13.062],[-48.153,-13.052],[-48.142,-13.025],[-48.149,-13.009],[-48.139,-12.988],[-48.147,-12.97],[-48.159,-12.964],[-48.163,-12.962],[-48.169,-12.948],[-48.181,-12.932],[-48.182,-12.925],[-48.178,-12.916],[-48.189,-12.907],[-48.195,-12.874],[-48.197,-12.864],[-48.202,-12.86],[-48.21,-12.841],[-48.217,-12.836],[-48.228,-12.833],[-48.233,-12.828],[-48.24,-12.806],[-48.24,-12.793],[-48.235,-12.777],[-48.226,-12.763],[-48.224,-12.749],[-48.24,-12.741],[-48.26,-12.747],[-48.27,-12.739],[-48.268,-12.725],[-48.255,-12.718],[-48.242,-12.699],[-48.24,-12.684],[-48.243,-12.679],[-48.246,-12.678],[-48.249,-12.685],[-48.274,-12.683],[-48.285,-12.678],[-48.29,-12.668],[-48.291,-12.657],[-48.288,-12.651],[-48.271,-12.633],[-48.275,-12.601],[-48.269,-12.597],[-48.255,-12.599],[-48.253,-12.594],[-48.255,-12.59],[-48.288,-12.568],[-48.288,-12.56],[-48.253,-12.55],[-48.24,-12.543],[-48.231,-12.533],[-48.229,-12.526],[-48.237,-12.501],[-48.232,-12.494],[-48.212,-12.484],[-48.206,-12.476],[-48.211,-12.466],[-48.223,-12.46],[-48.236,-12.462],[-48.256,-12.459],[-48.267,-12.447],[-48.264,-12.438],[-48.244,-12.42],[-48.231,-12.39],[-48.233,-12.379],[-48.252,-12.364],[-48.256,-12.355],[-48.258,-12.344],[-48.255,-12.32],[-48.262,-12.309],[-48.312,-12.27],[-48.304,-12.27],[-48.304,-12.258],[-48.29,-12.249],[-48.282,-12.225],[-48.289,-12.216],[-48.288,-12.208],[-48.273,-12.21],[-48.264,-12.189],[-48.265,-12.18],[-48.26,-12.173],[-48.254,-12.176],[-48.242,-12.174],[-48.221,-12.161],[-48.221,-12.17],[-48.211,-12.17],[-48.199,-12.176],[-48.196,-12.184],[-48.187,-12.184],[-48.17,-12.186],[-48.17,-12.193],[-48.158,-12.208],[-48.15,-12.197],[-48.156,-12.181],[-48.15,-12.174],[-48.152,-12.16],[-48.143,-12.152],[-48.137,-12.152],[-48.123,-12.136],[-48.113,-12.139],[-48.113,-12.153],[-48.101,-12.129],[-48.119,-12.118],[-48.121,-12.111],[-48.116,-12.105],[-48.114,-12.092],[-48.116,-12.087],[-48.111,-12.086],[-48.111,-12.081],[-48.104,-12.083],[-48.093,-12.074],[-48.088,-12.076],[-48.08,-12.073],[-48.066,-12.054],[-48.058,-12.053],[-48.054,-12.063],[-48.047,-12.064],[-48.045,-12.061],[-48.038,-12.063],[-48.031,-12.051],[-48.031,-12.042],[-48.037,-12.042],[-48.034,-12.038],[-48.022,-12.043],[-48.007,-12.045],[-47.996,-12.051],[-47.996,-12.055]]]}},{"type":"Feature","properties":{"id":"1716307","nome":"Pau D'Arco"},"geometry":{"type":"Polygon","coordinates":[[[-49.211,-7.495],[-49.196,-7.499],[-49.18,-7.494],[-49.123,-7.496],[-49.104,-7.501],[-49.047,-7.502],[-49.016,-7.503],[-49.008,-7.492],[-49.005,-7.477],[-48.995,-7.469],[-48.992,-7.462],[-48.986,-7.465],[-48.968,-7.446],[-48.961,-7.445],[-48.959,-7.44],[-48.951,-7.439],[-48.944,-7.432],[-48.938,-7.446],[-48.94,-7.462],[-48.93,-7.471],[-48.928,-7.481],[-48.924,-7.484],[-48.913,-7.476],[-48.909,-7.461],[-48.894,-7.455],[-48.883,-7.443],[-48.875,-7.443],[-48.867,-7.446],[-48.865,-7.451],[-48.861,-7.452],[-48.858,-7.448],[-48.851,-7.453],[-48.83,-7.455],[-48.822,-7.449],[-48.82,-7.441],[-48.809,-7.441],[-48.795,-7.454],[-48.795,-7.463],[-48.785,-7.469],[-48.789,-7.481],[-48.788,-7.484],[-48.782,-7.486],[-48.768,-7.484],[-48.764,-7.49],[-48.757,-7.484],[-48.738,-7.486],[-48.735,-7.486],[-48.731,-7.497],[-48.726,-7.499],[-48.681,-7.484],[-48.671,-7.489],[-48.651,-7.509],[-48.644,-7.508],[-48.636,-7.502],[-48.624,-7.501],[-48.615,-7.511],[-48.614,-7.518],[-48.624,-7.523],[-48.633,-7.539],[-48.615,-7.54],[-48.609,-7.545],[-48.611,-7.558],[-48.592,-7.562],[-48.587,-7.559],[-48.586,-7.546],[-48.57,-7.549],[-48.564,-7.56],[-48.539,-7.576],[-48.539,-7.585],[-48.529,-7.591],[-48.527,-7.595],[-48.53,-7.602],[-48.524,-7.607],[-48.525,-7.633],[-48.514,-7.663],[-48.521,-7.678],[-48.53,-7.685],[-48.527,-7.695],[-48.535,-7.702],[-48.53,-7.704],[-48.521,-7.718],[-48.516,-7.737],[-48.53,-7.738],[-48.536,-7.734],[-48.534,-7.729],[-48.539,-7.72],[-48.552,-7.71],[-48.556,-7.703],[-48.555,-7.697],[-48.558,-7.697],[-48.568,-7.676],[-48.6,-7.663],[-48.605,-7.65],[-48.602,-7.636],[-48.613,-7.624],[-48.652,-7.622],[-48.66,-7.624],[-48.688,-7.584],[-48.696,-7.585],[-48.708,-7.58],[-48.727,-7.587],[-48.728,-7.58],[-48.732,-7.58],[-48.734,-7.59],[-48.752,-7.596],[-48.753,-7.603],[-48.758,-7.603],[-48.765,-7.602],[-48.767,-7.605],[-48.778,-7.601],[-48.781,-7.586],[-48.789,-7.58],[-48.794,-7.581],[-48.795,-7.573],[-48.804,-7.57],[-48.816,-7.572],[-48.826,-7.581],[-48.838,-7.581],[-48.844,-7.584],[-48.87,-7.577],[-48.892,-7.58],[-48.904,-7.586],[-48.921,-7.584],[-48.928,-7.589],[-48.932,-7.587],[-48.935,-7.591],[-48.945,-7.588],[-48.952,-7.603],[-48.966,-7.595],[-48.98,-7.605],[-48.984,-7.602],[-48.995,-7.597],[-48.995,-7.604],[-49.006,-7.604],[-49.014,-7.611],[-49.026,-7.609],[-49.029,-7.612],[-49.027,-7.617],[-49.035,-7.62],[-49.045,-7.619],[-49.045,-7.614],[-49.049,-7.615],[-49.067,-7.608],[-49.082,-7.613],[-49.096,-7.604],[-49.128,-7.598],[-49.14,-7.603],[-49.14,-7.608],[-49.147,-7.609],[-49.15,-7.614],[-49.157,-7.605],[-49.172,-7.612],[-49.182,-7.613],[-49.187,-7.608],[-49.198,-7.607],[-49.209,-7.617],[-49.212,-7.616],[-49.213,-7.61],[-49.217,-7.612],[-49.218,-7.607],[-49.227,-7.607],[-49.245,-7.613],[-49.243,-7.619],[-49.251,-7.625],[-49.261,-7.621],[-49.266,-7.633],[-49.28,-7.636],[-49.281,-7.64],[-49.284,-7.638],[-49.294,-7.639],[-49.308,-7.653],[-49.316,-7.647],[-49.341,-7.657],[-49.361,-7.615],[-49.382,-7.566],[-49.384,-7.546],[-49.378,-7.497],[-49.347,-7.461],[-49.319,-7.431],[-49.284,-7.388],[-49.265,-7.367],[-49.255,-7.382],[-49.254,-7.393],[-49.26,-7.417],[-49.239,-7.453],[-49.237,-7.488],[-49.216,-7.49],[-49.211,-7.495]]]}},{"type":"Feature","properties":{"id":"1716505","nome":"Pedro Afonso"},"geometry":{"type":"Polygon","coordinates":[[[-48.16,-8.983],[-48.154,-8.984],[-48.145,-8.984],[-48.139,-8.991],[-48.139,-9.007],[-48.127,-9.021],[-48.113,-9.049],[-48.103,-9.061],[-48.1,-9.06],[-48.102,-9.055],[-48.095,-9.054],[-48.094,-9.065],[-48.084,-9.065],[-48.084,-9.069],[-48.079,-9.074],[-48.08,-9.078],[-48.074,-9.073],[-48.07,-9.082],[-48.064,-9.082],[-48.063,-9.084],[-48.057,-9.081],[-48.056,-9.086],[-48.051,-9.081],[-48.05,-9.086],[-48.041,-9.088],[-48.037,-9.097],[-48.033,-9.097],[-48.031,-9.105],[-48.026,-9.103],[-48.022,-9.115],[-48.004,-9.121],[-48.006,-9.124],[-48.001,-9.126],[-48.0,-9.131],[-47.995,-9.129],[-47.998,-9.123],[-47.992,-9.117],[-47.984,-9.121],[-47.98,-9.118],[-47.976,-9.122],[-47.974,-9.117],[-47.958,-9.115],[-47.95,-9.124],[-47.934,-9.127],[-47.93,-9.137],[-47.919,-9.137],[-47.891,-9.135],[-47.883,-9.125],[-47.871,-9.116],[-47.859,-9.114],[-47.851,-9.118],[-47.845,-9.115],[-47.839,-9.119],[-47.801,-9.113],[-47.791,-9.121],[-47.774,-9.121],[-47.751,-9.107],[-47.734,-9.101],[-47.723,-9.093],[-47.725,-9.088],[-47.704,-9.102],[-47.706,-9.11],[-47.704,-9.119],[-47.717,-9.133],[-47.72,-9.157],[-47.712,-9.169],[-47.685,-9.182],[-47.69,-9.185],[-47.689,-9.191],[-47.693,-9.193],[-47.69,-9.196],[-47.694,-9.201],[-47.69,-9.202],[-47.688,-9.207],[-47.692,-9.212],[-47.69,-9.218],[-47.699,-9.224],[-47.691,-9.23],[-47.695,-9.23],[-47.694,-9.239],[-47.69,-9.24],[-47.695,-9.249],[-47.688,-9.258],[-47.686,-9.278],[-47.691,-9.281],[-47.692,-9.291],[-47.699,-9.3],[-47.721,-9.312],[-47.724,-9.319],[-47.725,-9.315],[-47.735,-9.315],[-47.739,-9.333],[-47.742,-9.334],[-47.757,-9.331],[-47.765,-9.321],[-47.788,-9.323],[-47.808,-9.319],[-47.819,-9.31],[-47.816,-9.321],[-47.826,-9.334],[-47.852,-9.353],[-47.862,-9.35],[-47.877,-9.333],[-47.891,-9.34],[-47.902,-9.34],[-47.905,-9.34],[-47.91,-9.323],[-47.925,-9.317],[-47.936,-9.305],[-47.954,-9.328],[-47.963,-9.33],[-47.966,-9.336],[-47.985,-9.349],[-47.988,-9.358],[-47.987,-9.371],[-47.998,-9.386],[-48.037,-9.396],[-48.065,-9.389],[-48.078,-9.376],[-48.078,-9.396],[-48.074,-9.405],[-48.079,-9.419],[-48.095,-9.423],[-48.111,-9.436],[-48.157,-9.449],[-48.163,-9.452],[-48.169,-9.444],[-48.188,-9.437],[-48.194,-9.421],[-48.192,-9.402],[-48.196,-9.382],[-48.2,-9.38],[-48.205,-9.362],[-48.206,-9.351],[-48.217,-9.344],[-48.218,-9.332],[-48.223,-9.334],[-48.227,-9.327],[-48.232,-9.326],[-48.235,-9.329],[-48.241,-9.327],[-48.248,-9.324],[-48.257,-9.328],[-48.258,-9.336],[-48.262,-9.336],[-48.267,-9.343],[-48.273,-9.344],[-48.279,-9.34],[-48.285,-9.33],[-48.291,-9.331],[-48.288,-9.324],[-48.299,-9.324],[-48.306,-9.309],[-48.316,-9.304],[-48.322,-9.305],[-48.324,-9.309],[-48.335,-9.305],[-48.337,-9.298],[-48.348,-9.287],[-48.335,-9.247],[-48.317,-9.221],[-48.312,-9.185],[-48.282,-9.136],[-48.278,-9.123],[-48.253,-9.097],[-48.245,-9.085],[-48.224,-9.06],[-48.197,-9.038],[-48.188,-9.026],[-48.18,-8.995],[-48.18,-8.971],[-48.178,-8.956],[-48.169,-8.968],[-48.16,-8.983]]]}},{"type":"Feature","properties":{"id":"1716604","nome":"Peixe"},"geometry":{"type":"Polygon","coordinates":[[[-48.479,-11.363],[-48.477,-11.367],[-48.472,-11.364],[-48.47,-11.367],[-48.475,-11.371],[-48.482,-11.392],[-48.48,-11.397],[-48.482,-11.409],[-48.476,-11.42],[-48.468,-11.426],[-48.462,-11.458],[-48.469,-11.473],[-48.475,-11.476],[-48.468,-11.489],[-48.458,-11.498],[-48.464,-11.528],[-48.459,-11.529],[-48.457,-11.541],[-48.448,-11.545],[-48.444,-11.554],[-48.426,-11.568],[-48.426,-11.594],[-48.421,-11.6],[-48.418,-11.6],[-48.421,-11.608],[-48.415,-11.617],[-48.404,-11.62],[-48.41,-11.629],[-48.408,-11.634],[-48.403,-11.636],[-48.399,-11.633],[-48.395,-11.64],[-48.382,-11.643],[-48.384,-11.652],[-48.382,-11.653],[-48.382,-11.663],[-48.376,-11.667],[-48.378,-11.67],[-48.376,-11.675],[-48.379,-11.676],[-48.375,-11.681],[-48.379,-11.684],[-48.38,-11.699],[-48.384,-11.706],[-48.378,-11.71],[-48.376,-11.716],[-48.379,-11.719],[-48.374,-11.733],[-48.379,-11.738],[-48.376,-11.745],[-48.38,-11.75],[-48.38,-11.761],[-48.374,-11.777],[-48.375,-11.783],[-48.369,-11.786],[-48.364,-11.798],[-48.366,-11.818],[-48.361,-11.82],[-48.362,-11.825],[-48.358,-11.831],[-48.362,-11.834],[-48.362,-11.839],[-48.357,-11.846],[-48.345,-11.845],[-48.336,-11.855],[-48.342,-11.857],[-48.34,-11.86],[-48.347,-11.866],[-48.348,-11.882],[-48.346,-11.89],[-48.34,-11.896],[-48.342,-11.899],[-48.339,-11.908],[-48.343,-11.91],[-48.337,-11.913],[-48.336,-11.92],[-48.328,-11.925],[-48.319,-11.94],[-48.31,-11.938],[-48.303,-11.943],[-48.304,-11.949],[-48.301,-11.952],[-48.295,-11.953],[-48.292,-11.958],[-48.283,-11.955],[-48.277,-11.965],[-48.259,-11.979],[-48.243,-11.986],[-48.24,-11.988],[-48.231,-11.991],[-48.221,-11.999],[-48.217,-12.008],[-48.22,-12.016],[-48.209,-12.027],[-48.211,-12.029],[-48.208,-12.034],[-48.216,-12.042],[-48.216,-12.05],[-48.211,-12.057],[-48.202,-12.061],[-48.199,-12.057],[-48.189,-12.065],[-48.187,-12.063],[-48.185,-12.066],[-48.18,-12.064],[-48.179,-12.055],[-48.171,-12.048],[-48.158,-12.057],[-48.159,-12.066],[-48.156,-12.063],[-48.147,-12.065],[-48.144,-12.067],[-48.147,-12.07],[-48.116,-12.087],[-48.114,-12.092],[-48.116,-12.105],[-48.121,-12.111],[-48.119,-12.118],[-48.101,-12.129],[-48.113,-12.153],[-48.113,-12.139],[-48.123,-12.136],[-48.137,-12.152],[-48.143,-12.152],[-48.152,-12.16],[-48.15,-12.174],[-48.156,-12.181],[-48.15,-12.197],[-48.158,-12.208],[-48.17,-12.193],[-48.17,-12.186],[-48.187,-12.184],[-48.196,-12.184],[-48.199,-12.176],[-48.211,-12.17],[-48.221,-12.17],[-48.221,-12.161],[-48.242,-12.174],[-48.254,-12.176],[-48.26,-12.173],[-48.265,-12.18],[-48.264,-12.189],[-48.273,-12.21],[-48.288,-12.208],[-48.289,-12.216],[-48.282,-12.225],[-48.29,-12.249],[-48.304,-12.258],[-48.304,-12.27],[-48.312,-12.27],[-48.321,-12.266],[-48.356,-12.241],[-48.392,-12.238],[-48.395,-12.241],[-48.389,-12.243],[-48.397,-12.252],[-48.393,-12.26],[-48.405,-12.269],[-48.402,-12.276],[-48.393,-12.283],[-48.39,-12.293],[-48.395,-12.295],[-48.395,-12.299],[-48.387,-12.304],[-48.388,-12.309],[-48.399,-12.311],[-48.393,-12.316],[-48.393,-12.322],[-48.397,-12.325],[-48.393,-12.333],[-48.395,-12.341],[-48.384,-12.355],[-48.39,-12.369],[-48.387,-12.374],[-48.395,-12.375],[-48.4,-12.381],[-48.394,-12.387],[-48.391,-12.387],[-48.392,-12.392],[-48.396,-12.395],[-48.396,-12.404],[-48.403,-12.409],[-48.408,-12.409],[-48.408,-12.413],[-48.404,-12.415],[-48.408,-12.421],[-48.414,-12.423],[-48.419,-12.418],[-48.427,-12.418],[-48.43,-12.427],[-48.438,-12.426],[-48.442,-12.436],[-48.448,-12.439],[-48.468,-12.427],[-48.479,-12.416],[-48.504,-12.419],[-48.505,-12.431],[-48.515,-12.434],[-48.526,-12.449],[-48.559,-12.457],[-48.568,-12.462],[-48.57,-12.48],[-48.58,-12.491],[-48.624,-12.496],[-48.63,-12.488],[-48.648,-12.481],[-48.672,-12.456],[-48.689,-12.451],[-48.697,-12.442],[-48.679,-12.409],[-48.697,-12.406],[-48.711,-12.398],[-48.712,-12.393],[-48.713,-12.391],[-48.721,-12.393],[-48.749,-12.385],[-48.798,-12.386],[-48.819,-12.394],[-48.841,-12.409],[-48.913,-12.477],[-48.99,-12.497],[-48.996,-12.494],[-48.987,-12.492],[-48.998,-12.487],[-48.996,-12.482],[-48.991,-12.485],[-48.983,-12.482],[-48.992,-12.473],[-48.995,-12.464],[-48.992,-12.459],[-48.998,-12.454],[-48.997,-12.444],[-49.002,-12.44],[-49.009,-12.44],[-49.009,-12.435],[-49.004,-12.424],[-48.994,-12.424],[-48.992,-12.421],[-48.984,-12.421],[-48.978,-12.424],[-48.97,-12.417],[-48.967,-12.406],[-48.962,-12.406],[-48.964,-12.409],[-48.957,-12.412],[-48.948,-12.398],[-48.938,-12.399],[-48.931,-12.395],[-48.928,-12.382],[-48.931,-12.371],[-48.943,-12.366],[-48.936,-12.363],[-48.931,-12.354],[-48.922,-12.351],[-48.923,-12.346],[-48.935,-12.336],[-48.926,-12.327],[-48.911,-12.332],[-48.903,-12.323],[-48.902,-12.317],[-48.907,-12.312],[-48.911,-12.295],[-48.906,-12.292],[-48.9,-12.295],[-48.897,-12.292],[-48.891,-12.294],[-48.884,-12.289],[-48.872,-12.296],[-48.861,-12.29],[-48.86,-12.283],[-48.845,-12.291],[-48.839,-12.29],[-48.835,-12.294],[-48.823,-12.29],[-48.821,-12.295],[-48.813,-12.302],[-48.798,-12.304],[-48.798,-12.311],[-48.781,-12.297],[-48.778,-12.3],[-48.788,-12.313],[-48.762,-12.319],[-48.759,-12.319],[-48.756,-12.311],[-48.747,-12.308],[-48.748,-12.3],[-48.735,-12.272],[-48.729,-12.271],[-48.716,-12.277],[-48.684,-12.251],[-48.683,-12.24],[-48.679,-12.234],[-48.643,-12.231],[-48.627,-12.216],[-48.636,-12.193],[-48.629,-12.174],[-48.643,-12.166],[-48.645,-12.154],[-48.642,-12.141],[-48.652,-12.139],[-48.658,-12.133],[-48.686,-12.145],[-48.721,-12.145],[-48.727,-12.148],[-48.742,-12.139],[-48.75,-12.127],[-48.76,-12.132],[-48.775,-12.134],[-48.77,-12.07],[-48.764,-12.061],[-48.769,-12.052],[-48.762,-12.037],[-48.762,-12.021],[-48.754,-11.998],[-48.762,-11.975],[-48.751,-11.967],[-48.747,-11.949],[-48.739,-11.941],[-48.755,-11.946],[-48.757,-11.955],[-48.764,-11.958],[-48.768,-11.966],[-48.791,-11.97],[-48.799,-11.974],[-48.809,-11.972],[-48.816,-11.963],[-48.829,-11.962],[-48.831,-11.951],[-48.84,-11.935],[-48.855,-11.93],[-48.874,-11.899],[-48.883,-11.893],[-48.885,-11.881],[-48.894,-11.878],[-48.896,-11.87],[-48.892,-11.867],[-48.876,-11.85],[-48.875,-11.852],[-48.87,-11.849],[-48.858,-11.851],[-48.855,-11.856],[-48.845,-11.856],[-48.847,-11.85],[-48.841,-11.848],[-48.846,-11.839],[-48.843,-11.836],[-48.84,-11.837],[-48.833,-11.834],[-48.837,-11.831],[-48.834,-11.826],[-48.838,-11.824],[-48.836,-11.82],[-48.839,-11.819],[-48.835,-11.81],[-48.836,-11.805],[-48.84,-11.804],[-48.839,-11.788],[-48.843,-11.786],[-48.835,-11.776],[-48.833,-11.769],[-48.825,-11.772],[-48.822,-11.767],[-48.82,-11.77],[-48.815,-11.765],[-48.815,-11.757],[-48.818,-11.755],[-48.81,-11.753],[-48.808,-11.744],[-48.784,-11.736],[-48.765,-11.744],[-48.754,-11.734],[-48.757,-11.727],[-48.748,-11.722],[-48.747,-11.714],[-48.75,-11.715],[-48.748,-11.706],[-48.75,-11.705],[-48.735,-11.699],[-48.737,-11.687],[-48.725,-11.682],[-48.73,-11.68],[-48.73,-11.673],[-48.727,-11.67],[-48.725,-11.663],[-48.717,-11.658],[-48.711,-11.661],[-48.708,-11.657],[-48.71,-11.652],[-48.717,-11.651],[-48.718,-11.644],[-48.725,-11.642],[-48.72,-11.622],[-48.722,-11.615],[-48.713,-11.612],[-48.716,-11.605],[-48.711,-11.595],[-48.713,-11.591],[-48.711,-11.588],[-48.716,-11.589],[-48.719,-11.584],[-48.706,-11.574],[-48.712,-11.564],[-48.701,-11.556],[-48.701,-11.552],[-48.697,-11.554],[-48.697,-11.55],[-48.692,-11.55],[-48.69,-11.54],[-48.685,-11.536],[-48.68,-11.537],[-48.679,-11.53],[-48.673,-11.526],[-48.678,-11.526],[-48.678,-11.524],[-48.662,-11.52],[-48.659,-11.511],[-48.663,-11.511],[-48.659,-11.507],[-48.653,-11.508],[-48.645,-11.521],[-48.639,-11.517],[-48.636,-11.518],[-48.639,-11.522],[-48.633,-11.518],[-48.631,-11.521],[-48.623,-11.517],[-48.591,-11.481],[-48.583,-11.469],[-48.581,-11.452],[-48.591,-11.43],[-48.59,-11.42],[-48.58,-11.404],[-48.568,-11.395],[-48.542,-11.383],[-48.528,-11.39],[-48.513,-11.391],[-48.501,-11.385],[-48.479,-11.363]]]}},{"type":"Feature","properties":{"id":"1716653","nome":"Pequizeiro"},"geometry":{"type":"Polygon","coordinates":[[[-48.982,-8.103],[-48.974,-8.105],[-48.941,-8.102],[-48.928,-8.117],[-48.923,-8.112],[-48.907,-8.112],[-48.896,-8.102],[-48.873,-8.114],[-48.86,-8.112],[-48.854,-8.124],[-48.843,-8.131],[-48.828,-8.126],[-48.818,-8.129],[-48.814,-8.123],[-48.81,-8.123],[-48.8,-8.109],[-48.784,-8.099],[-48.783,-8.11],[-48.776,-8.12],[-48.773,-8.117],[-48.775,-8.11],[-48.768,-8.114],[-48.763,-8.111],[-48.762,-8.119],[-48.766,-8.119],[-48.766,-8.123],[-48.765,-8.127],[-48.76,-8.125],[-48.752,-8.146],[-48.754,-8.148],[-48.745,-8.148],[-48.743,-8.144],[-48.741,-8.147],[-48.739,-8.146],[-48.744,-8.152],[-48.738,-8.167],[-48.732,-8.171],[-48.734,-8.179],[-48.728,-8.183],[-48.718,-8.179],[-48.706,-8.188],[-48.71,-8.189],[-48.71,-8.196],[-48.705,-8.206],[-48.698,-8.21],[-48.702,-8.219],[-48.76,-8.19],[-48.825,-8.355],[-48.826,-8.355],[-48.857,-8.43],[-48.891,-8.468],[-48.917,-8.495],[-48.92,-8.507],[-48.912,-8.509],[-48.914,-8.517],[-48.909,-8.524],[-48.909,-8.536],[-48.898,-8.539],[-48.906,-8.549],[-48.903,-8.553],[-48.9,-8.55],[-48.898,-8.556],[-48.894,-8.552],[-48.894,-8.561],[-48.887,-8.561],[-48.885,-8.57],[-48.88,-8.576],[-48.881,-8.58],[-48.872,-8.581],[-48.87,-8.585],[-48.873,-8.588],[-48.857,-8.597],[-48.883,-8.635],[-48.935,-8.712],[-48.946,-8.715],[-48.946,-8.705],[-48.951,-8.698],[-48.957,-8.697],[-48.96,-8.703],[-48.966,-8.704],[-48.967,-8.708],[-48.973,-8.704],[-48.972,-8.697],[-48.977,-8.695],[-48.973,-8.691],[-48.989,-8.685],[-48.992,-8.676],[-49.005,-8.674],[-49.009,-8.667],[-49.012,-8.67],[-49.021,-8.667],[-49.031,-8.669],[-49.033,-8.663],[-49.042,-8.664],[-49.044,-8.659],[-49.057,-8.657],[-49.058,-8.653],[-49.06,-8.654],[-49.062,-8.649],[-49.066,-8.651],[-49.071,-8.647],[-49.07,-8.643],[-49.08,-8.647],[-49.08,-8.643],[-49.088,-8.646],[-49.094,-8.641],[-49.094,-8.644],[-49.098,-8.643],[-49.098,-8.646],[-49.106,-8.646],[-49.107,-8.653],[-49.115,-8.659],[-49.12,-8.651],[-49.119,-8.648],[-49.052,-8.546],[-49.051,-8.537],[-49.036,-8.53],[-49.015,-8.503],[-48.991,-8.496],[-48.989,-8.489],[-48.992,-8.483],[-48.988,-8.469],[-48.977,-8.454],[-48.976,-8.446],[-48.976,-8.43],[-48.972,-8.426],[-48.972,-8.416],[-48.969,-8.413],[-48.973,-8.407],[-48.974,-8.402],[-48.982,-8.4],[-48.988,-8.385],[-48.991,-8.388],[-48.997,-8.377],[-49.006,-8.372],[-49.006,-8.366],[-48.991,-8.351],[-48.993,-8.342],[-48.986,-8.334],[-48.98,-8.333],[-48.959,-8.301],[-48.961,-8.281],[-48.957,-8.263],[-48.971,-8.255],[-48.977,-8.245],[-48.971,-8.237],[-48.969,-8.226],[-48.974,-8.22],[-48.972,-8.204],[-48.978,-8.197],[-48.975,-8.192],[-48.984,-8.184],[-48.986,-8.179],[-48.993,-8.178],[-48.992,-8.161],[-48.998,-8.154],[-48.995,-8.148],[-48.984,-8.139],[-48.987,-8.133],[-48.984,-8.121],[-48.988,-8.118],[-48.988,-8.105],[-49.006,-8.093],[-49.009,-8.085],[-49.002,-8.084],[-48.982,-8.103]]]}},{"type":"Feature","properties":{"id":"1716703","nome":"Colm\u00e9ia"},"geometry":{"type":"Polygon","coordinates":[[[-48.821,-8.591],[-48.806,-8.602],[-48.799,-8.598],[-48.778,-8.609],[-48.766,-8.607],[-48.755,-8.619],[-48.757,-8.625],[-48.741,-8.626],[-48.736,-8.634],[-48.729,-8.631],[-48.726,-8.634],[-48.718,-8.626],[-48.71,-8.63],[-48.702,-8.654],[-48.683,-8.657],[-48.677,-8.668],[-48.681,-8.684],[-48.679,-8.688],[-48.678,-8.686],[-48.676,-8.692],[-48.689,-8.696],[-48.697,-8.71],[-48.705,-8.713],[-48.707,-8.722],[-48.698,-8.729],[-48.684,-8.741],[-48.68,-8.746],[-48.684,-8.753],[-48.679,-8.765],[-48.685,-8.775],[-48.693,-8.775],[-48.693,-8.793],[-48.697,-8.793],[-48.7,-8.799],[-48.696,-8.804],[-48.679,-8.808],[-48.683,-8.835],[-48.679,-8.848],[-48.682,-8.855],[-48.675,-8.855],[-48.672,-8.86],[-48.677,-8.89],[-48.666,-8.9],[-48.668,-8.905],[-48.676,-8.908],[-48.686,-8.907],[-48.691,-8.911],[-48.693,-8.907],[-48.703,-8.91],[-48.71,-8.918],[-48.708,-8.923],[-48.702,-8.926],[-48.683,-8.926],[-48.672,-8.945],[-48.659,-8.945],[-48.649,-8.963],[-48.645,-8.974],[-48.647,-8.981],[-48.649,-8.996],[-48.659,-8.997],[-48.662,-9.007],[-48.65,-9.021],[-48.659,-9.023],[-48.674,-9.037],[-48.671,-9.05],[-48.678,-9.052],[-48.678,-9.055],[-48.661,-9.06],[-48.672,-9.076],[-48.669,-9.078],[-48.66,-9.074],[-48.654,-9.081],[-48.659,-9.113],[-48.665,-9.118],[-48.677,-9.132],[-48.685,-9.156],[-48.693,-9.155],[-48.716,-9.171],[-48.724,-9.169],[-48.732,-9.183],[-48.734,-9.196],[-48.742,-9.185],[-48.739,-9.172],[-48.746,-9.165],[-48.739,-9.151],[-48.748,-9.152],[-48.748,-9.148],[-48.744,-9.148],[-48.744,-9.14],[-48.762,-9.132],[-48.766,-9.125],[-48.764,-9.114],[-48.755,-9.112],[-48.758,-9.111],[-48.756,-9.106],[-48.76,-9.104],[-48.761,-9.099],[-48.759,-9.088],[-48.753,-9.087],[-48.753,-9.055],[-48.746,-9.05],[-48.747,-9.039],[-48.751,-9.035],[-48.748,-9.026],[-48.751,-9.025],[-48.754,-9.027],[-48.759,-9.023],[-48.761,-9.012],[-48.767,-9.01],[-48.769,-8.994],[-48.776,-8.994],[-48.768,-8.983],[-48.769,-8.978],[-48.776,-8.977],[-48.782,-8.97],[-48.778,-8.968],[-48.78,-8.953],[-48.784,-8.952],[-48.786,-8.946],[-48.788,-8.95],[-48.792,-8.946],[-48.8,-8.929],[-48.814,-8.932],[-48.813,-8.921],[-48.81,-8.914],[-48.815,-8.91],[-48.817,-8.898],[-48.812,-8.879],[-48.818,-8.873],[-48.817,-8.869],[-48.821,-8.868],[-48.812,-8.857],[-48.817,-8.849],[-48.825,-8.853],[-48.826,-8.848],[-48.834,-8.861],[-48.831,-8.854],[-48.835,-8.851],[-48.826,-8.842],[-48.83,-8.829],[-48.835,-8.823],[-48.847,-8.831],[-48.853,-8.823],[-48.851,-8.82],[-48.847,-8.822],[-48.849,-8.814],[-48.845,-8.809],[-48.854,-8.811],[-48.859,-8.806],[-48.852,-8.801],[-48.858,-8.798],[-48.867,-8.801],[-48.871,-8.797],[-48.866,-8.791],[-48.872,-8.794],[-48.875,-8.795],[-48.88,-8.789],[-48.882,-8.78],[-48.887,-8.78],[-48.88,-8.766],[-48.89,-8.761],[-48.89,-8.768],[-48.901,-8.754],[-48.902,-8.748],[-48.915,-8.744],[-48.921,-8.727],[-48.928,-8.718],[-48.926,-8.716],[-48.935,-8.712],[-48.883,-8.635],[-48.857,-8.597],[-48.845,-8.599],[-48.846,-8.593],[-48.842,-8.595],[-48.839,-8.603],[-48.836,-8.598],[-48.824,-8.595],[-48.821,-8.591]]]}},{"type":"Feature","properties":{"id":"1717008","nome":"Pindorama do Tocantins"},"geometry":{"type":"Polygon","coordinates":[[[-47.708,-10.95],[-47.701,-10.955],[-47.7,-10.951],[-47.691,-10.946],[-47.685,-10.958],[-47.672,-10.961],[-47.667,-10.959],[-47.662,-10.963],[-47.666,-10.972],[-47.662,-10.978],[-47.654,-10.965],[-47.645,-10.969],[-47.653,-10.972],[-47.649,-10.979],[-47.636,-10.97],[-47.631,-10.973],[-47.63,-10.978],[-47.62,-10.977],[-47.608,-10.991],[-47.605,-11.0],[-47.593,-10.992],[-47.585,-11.001],[-47.587,-10.995],[-47.585,-10.991],[-47.576,-10.998],[-47.574,-10.991],[-47.569,-10.989],[-47.567,-10.995],[-47.57,-11.0],[-47.565,-11.013],[-47.559,-11.014],[-47.554,-11.008],[-47.545,-11.009],[-47.548,-10.998],[-47.544,-10.996],[-47.539,-11.013],[-47.531,-11.009],[-47.531,-10.999],[-47.525,-10.995],[-47.524,-11.012],[-47.517,-11.02],[-47.511,-11.015],[-47.502,-11.019],[-47.477,-11.015],[-47.473,-11.024],[-47.466,-11.027],[-47.46,-11.018],[-47.456,-11.019],[-47.458,-11.025],[-47.455,-11.024],[-47.45,-11.021],[-47.446,-11.025],[-47.435,-11.02],[-47.42,-11.01],[-47.418,-11.005],[-47.414,-11.007],[-47.416,-11.012],[-47.41,-11.012],[-47.402,-11.018],[-47.403,-11.014],[-47.398,-11.014],[-47.395,-11.009],[-47.4,-11.003],[-47.386,-11.007],[-47.38,-11.001],[-47.374,-11.003],[-47.372,-10.999],[-47.368,-11.003],[-47.363,-10.998],[-47.355,-11.009],[-47.35,-11.001],[-47.354,-10.996],[-47.35,-10.998],[-47.349,-10.994],[-47.333,-11.005],[-47.328,-11.025],[-47.327,-11.058],[-47.339,-11.088],[-47.336,-11.098],[-47.326,-11.104],[-47.318,-11.12],[-47.321,-11.132],[-47.313,-11.147],[-47.314,-11.157],[-47.317,-11.162],[-47.333,-11.171],[-47.335,-11.176],[-47.353,-11.179],[-47.356,-11.183],[-47.372,-11.211],[-47.363,-11.217],[-47.374,-11.233],[-47.375,-11.244],[-47.382,-11.246],[-47.382,-11.253],[-47.389,-11.26],[-47.396,-11.259],[-47.409,-11.268],[-47.455,-11.243],[-47.46,-11.25],[-47.46,-11.257],[-47.471,-11.289],[-47.481,-11.301],[-47.482,-11.318],[-47.496,-11.337],[-47.533,-11.368],[-47.547,-11.37],[-47.556,-11.376],[-47.568,-11.368],[-47.575,-11.369],[-47.577,-11.382],[-47.588,-11.384],[-47.587,-11.398],[-47.597,-11.428],[-47.617,-11.447],[-47.622,-11.442],[-47.597,-11.382],[-47.597,-11.368],[-47.601,-11.364],[-47.603,-11.35],[-47.605,-11.339],[-47.619,-11.321],[-47.62,-11.306],[-47.625,-11.303],[-47.634,-11.308],[-47.634,-11.305],[-47.641,-11.307],[-47.652,-11.318],[-47.663,-11.318],[-47.668,-11.321],[-47.67,-11.33],[-47.68,-11.333],[-47.684,-11.33],[-47.686,-11.317],[-47.719,-11.3],[-47.717,-11.287],[-47.743,-11.306],[-47.765,-11.272],[-47.768,-11.268],[-47.773,-11.259],[-47.768,-11.247],[-47.772,-11.236],[-47.776,-11.236],[-47.779,-11.229],[-47.794,-11.223],[-47.794,-11.216],[-47.803,-11.21],[-47.788,-11.184],[-47.78,-11.18],[-47.78,-11.173],[-47.778,-11.174],[-47.773,-11.165],[-47.766,-11.161],[-47.766,-11.157],[-47.762,-11.154],[-47.756,-11.138],[-47.747,-11.13],[-47.744,-11.119],[-47.735,-11.115],[-47.735,-11.11],[-47.691,-11.049],[-47.694,-11.047],[-47.691,-11.041],[-47.696,-11.04],[-47.7,-11.031],[-47.709,-11.032],[-47.713,-11.021],[-47.708,-11.014],[-47.713,-11.009],[-47.712,-10.999],[-47.724,-10.985],[-47.731,-10.983],[-47.724,-10.974],[-47.73,-10.968],[-47.726,-10.951],[-47.721,-10.95],[-47.716,-10.953],[-47.709,-10.944],[-47.708,-10.95]]]}},{"type":"Feature","properties":{"id":"1717206","nome":"Piraqu\u00ea"},"geometry":{"type":"Polygon","coordinates":[[[-48.263,-6.439],[-48.261,-6.446],[-48.246,-6.442],[-48.242,-6.447],[-48.242,-6.457],[-48.231,-6.466],[-48.226,-6.468],[-48.215,-6.451],[-48.205,-6.462],[-48.201,-6.473],[-48.189,-6.479],[-48.19,-6.491],[-48.183,-6.496],[-48.181,-6.505],[-48.161,-6.508],[-48.158,-6.515],[-48.152,-6.517],[-48.152,-6.525],[-48.15,-6.522],[-48.141,-6.527],[-48.137,-6.533],[-48.138,-6.541],[-48.129,-6.546],[-48.126,-6.555],[-48.13,-6.566],[-48.134,-6.568],[-48.133,-6.58],[-48.131,-6.578],[-48.129,-6.585],[-48.125,-6.584],[-48.127,-6.588],[-48.12,-6.593],[-48.12,-6.601],[-48.123,-6.604],[-48.123,-6.612],[-48.127,-6.612],[-48.129,-6.623],[-48.129,-6.783],[-48.129,-6.812],[-48.129,-7.032],[-48.156,-7.025],[-48.172,-7.015],[-48.183,-7.015],[-48.189,-7.011],[-48.206,-7.008],[-48.21,-7.001],[-48.226,-6.989],[-48.237,-6.987],[-48.242,-6.991],[-48.257,-6.991],[-48.268,-6.979],[-48.273,-6.975],[-48.275,-6.978],[-48.279,-6.978],[-48.289,-6.969],[-48.29,-6.963],[-48.285,-6.956],[-48.292,-6.942],[-48.302,-6.933],[-48.301,-6.93],[-48.304,-6.925],[-48.316,-6.929],[-48.317,-6.925],[-48.314,-6.92],[-48.317,-6.914],[-48.313,-6.899],[-48.322,-6.895],[-48.323,-6.898],[-48.33,-6.893],[-48.342,-6.897],[-48.341,-6.885],[-48.361,-6.885],[-48.355,-6.875],[-48.352,-6.875],[-48.359,-6.863],[-48.37,-6.861],[-48.373,-6.856],[-48.387,-6.851],[-48.371,-6.829],[-48.363,-6.823],[-48.358,-6.811],[-48.366,-6.802],[-48.365,-6.794],[-48.369,-6.788],[-48.387,-6.646],[-48.384,-6.636],[-48.373,-6.627],[-48.371,-6.601],[-48.373,-6.587],[-48.363,-6.58],[-48.346,-6.583],[-48.341,-6.576],[-48.328,-6.577],[-48.32,-6.57],[-48.314,-6.574],[-48.313,-6.565],[-48.291,-6.52],[-48.293,-6.511],[-48.281,-6.507],[-48.278,-6.492],[-48.281,-6.487],[-48.284,-6.485],[-48.281,-6.481],[-48.273,-6.466],[-48.276,-6.459],[-48.281,-6.456],[-48.287,-6.45],[-48.281,-6.45],[-48.279,-6.443],[-48.276,-6.441],[-48.274,-6.445],[-48.268,-6.437],[-48.263,-6.439]]]}},{"type":"Feature","properties":{"id":"1717503","nome":"Pium"},"geometry":{"type":"Polygon","coordinates":[[[-50.006,-9.503],[-49.996,-9.507],[-49.986,-9.498],[-49.982,-9.504],[-49.995,-9.532],[-50.001,-9.535],[-49.994,-9.536],[-49.992,-9.551],[-49.98,-9.567],[-49.987,-9.567],[-49.991,-9.572],[-49.984,-9.577],[-49.982,-9.582],[-49.984,-9.586],[-49.988,-9.584],[-49.988,-9.589],[-49.998,-9.596],[-49.999,-9.603],[-49.989,-9.637],[-49.989,-9.652],[-49.995,-9.652],[-49.999,-9.658],[-49.997,-9.671],[-49.994,-9.674],[-50.002,-9.676],[-50.0,-9.687],[-50.004,-9.685],[-50.013,-9.689],[-50.016,-9.701],[-50.025,-9.699],[-50.029,-9.702],[-50.026,-9.71],[-50.013,-9.72],[-50.006,-9.735],[-50.01,-9.751],[-50.017,-9.75],[-50.022,-9.746],[-50.021,-9.755],[-50.029,-9.753],[-50.033,-9.758],[-50.024,-9.765],[-50.025,-9.776],[-50.013,-9.774],[-50.008,-9.789],[-50.012,-9.791],[-50.011,-9.794],[-49.999,-9.798],[-49.998,-9.804],[-49.992,-9.804],[-49.992,-9.811],[-49.988,-9.811],[-49.988,-9.805],[-49.983,-9.805],[-49.98,-9.813],[-49.987,-9.82],[-49.988,-9.826],[-49.985,-9.825],[-49.982,-9.83],[-49.979,-9.83],[-49.981,-9.832],[-49.975,-9.835],[-49.979,-9.834],[-49.979,-9.837],[-49.975,-9.837],[-49.973,-9.843],[-49.968,-9.844],[-49.972,-9.849],[-49.962,-9.855],[-49.965,-9.856],[-49.965,-9.861],[-49.954,-9.865],[-49.942,-9.876],[-49.944,-9.88],[-49.939,-9.888],[-49.933,-9.888],[-49.932,-9.891],[-49.936,-9.893],[-49.923,-9.899],[-49.924,-9.893],[-49.921,-9.89],[-49.913,-9.898],[-49.91,-9.894],[-49.904,-9.905],[-49.904,-9.92],[-49.897,-9.926],[-49.884,-9.916],[-49.874,-9.92],[-49.87,-9.914],[-49.853,-9.92],[-49.847,-9.926],[-49.842,-9.926],[-49.844,-9.92],[-49.839,-9.917],[-49.836,-9.907],[-49.826,-9.903],[-49.82,-9.907],[-49.816,-9.901],[-49.807,-9.898],[-49.796,-9.902],[-49.788,-9.919],[-49.79,-9.924],[-49.782,-9.926],[-49.78,-9.934],[-49.771,-9.941],[-49.773,-9.95],[-49.763,-9.949],[-49.747,-9.955],[-49.744,-9.959],[-49.747,-9.965],[-49.745,-9.968],[-49.737,-9.967],[-49.733,-9.973],[-49.723,-9.979],[-49.714,-9.975],[-49.714,-9.979],[-49.709,-9.979],[-49.705,-9.986],[-49.698,-9.985],[-49.69,-9.99],[-49.686,-9.987],[-49.682,-9.991],[-49.679,-9.987],[-49.671,-9.995],[-49.656,-9.986],[-49.651,-9.989],[-49.649,-9.987],[-49.645,-9.997],[-49.639,-10.001],[-49.628,-9.995],[-49.621,-9.995],[-49.608,-9.983],[-49.6,-9.985],[-49.597,-9.977],[-49.588,-9.973],[-49.59,-9.968],[-49.584,-9.963],[-49.575,-9.958],[-49.566,-9.961],[-49.564,-9.954],[-49.55,-9.949],[-49.543,-9.958],[-49.534,-9.958],[-49.521,-9.976],[-49.498,-9.974],[-49.495,-9.971],[-49.493,-9.979],[-49.487,-9.983],[-49.481,-9.978],[-49.472,-9.98],[-49.466,-9.985],[-49.466,-9.997],[-49.452,-10.003],[-49.454,-10.007],[-49.444,-10.006],[-49.434,-10.011],[-49.418,-10.029],[-49.402,-10.034],[-49.389,-10.055],[-49.384,-10.055],[-49.37,-10.07],[-49.357,-10.112],[-49.356,-10.128],[-49.349,-10.132],[-49.335,-10.133],[-49.326,-10.147],[-49.31,-10.149],[-49.303,-10.156],[-49.287,-10.16],[-49.272,-10.158],[-49.263,-10.165],[-49.252,-10.166],[-49.241,-10.177],[-49.233,-10.18],[-49.203,-10.204],[-49.2,-10.225],[-49.204,-10.239],[-49.196,-10.253],[-49.181,-10.252],[-49.176,-10.256],[-49.173,-10.27],[-49.166,-10.274],[-49.141,-10.274],[-49.135,-10.28],[-49.129,-10.278],[-49.1,-10.279],[-49.092,-10.273],[-49.089,-10.275],[-49.081,-10.29],[-49.092,-10.3],[-49.094,-10.311],[-49.09,-10.317],[-49.093,-10.326],[-49.108,-10.335],[-49.103,-10.341],[-49.093,-10.338],[-49.088,-10.342],[-49.069,-10.334],[-49.067,-10.342],[-49.055,-10.35],[-49.057,-10.355],[-49.054,-10.36],[-49.046,-10.366],[-49.038,-10.365],[-49.031,-10.371],[-49.011,-10.367],[-48.998,-10.371],[-48.98,-10.358],[-48.979,-10.366],[-48.996,-10.374],[-49.003,-10.39],[-49.02,-10.392],[-49.033,-10.41],[-49.053,-10.423],[-49.067,-10.445],[-49.065,-10.455],[-49.051,-10.467],[-49.062,-10.499],[-49.071,-10.508],[-49.066,-10.518],[-49.097,-10.54],[-49.102,-10.539],[-49.112,-10.545],[-49.121,-10.545],[-49.127,-10.549],[-49.139,-10.544],[-49.14,-10.54],[-49.146,-10.54],[-49.149,-10.534],[-49.161,-10.531],[-49.178,-10.533],[-49.185,-10.537],[-49.216,-10.541],[-49.222,-10.545],[-49.232,-10.543],[-49.247,-10.528],[-49.268,-10.52],[-49.274,-10.514],[-49.284,-10.514],[-49.301,-10.507],[-49.315,-10.496],[-49.338,-10.497],[-49.342,-10.491],[-49.345,-10.47],[-49.366,-10.464],[-49.39,-10.451],[-49.399,-10.453],[-49.405,-10.444],[-49.425,-10.439],[-49.429,-10.443],[-49.437,-10.441],[-49.458,-10.449],[-49.471,-10.456],[-49.473,-10.46],[-49.48,-10.462],[-49.504,-10.484],[-49.511,-10.484],[-49.511,-10.488],[-49.523,-10.484],[-49.528,-10.477],[-49.543,-10.487],[-49.545,-10.484],[-49.558,-10.482],[-49.563,-10.476],[-49.589,-10.5],[-49.597,-10.504],[-49.609,-10.505],[-49.613,-10.51],[-49.616,-10.505],[-49.623,-10.508],[-49.628,-10.504],[-49.635,-10.513],[-49.647,-10.508],[-49.651,-10.51],[-49.649,-10.516],[-49.658,-10.515],[-49.672,-10.519],[-49.677,-10.512],[-49.683,-10.512],[-49.681,-10.51],[-49.684,-10.509],[-49.686,-10.516],[-49.695,-10.512],[-49.699,-10.517],[-49.707,-10.519],[-49.705,-10.516],[-49.714,-10.508],[-49.716,-10.51],[-49.719,-10.502],[-49.726,-10.501],[-49.729,-10.506],[-49.736,-10.503],[-49.735,-10.506],[-49.743,-10.508],[-49.746,-10.513],[-49.758,-10.508],[-49.763,-10.514],[-49.936,-10.567],[-49.959,-10.574],[-50.262,-10.615],[-50.263,-10.615],[-50.603,-10.66],[-50.582,-10.644],[-50.577,-10.629],[-50.563,-10.611],[-50.543,-10.609],[-50.537,-10.605],[-50.531,-10.58],[-50.519,-10.562],[-50.523,-10.54],[-50.514,-10.526],[-50.516,-10.505],[-50.503,-10.495],[-50.5,-10.495],[-50.487,-10.494],[-50.482,-10.488],[-50.486,-10.477],[-50.487,-10.468],[-50.486,-10.462],[-50.473,-10.404],[-50.448,-10.391],[-50.441,-10.375],[-50.424,-10.364],[-50.418,-10.356],[-50.424,-10.334],[-50.406,-10.288],[-50.398,-10.254],[-50.383,-10.225],[-50.382,-10.212],[-50.386,-10.187],[-50.389,-10.175],[-50.396,-10.17],[-50.398,-10.164],[-50.392,-10.134],[-50.377,-10.11],[-50.359,-10.094],[-50.354,-10.077],[-50.339,-10.061],[-50.312,-10.045],[-50.302,-10.035],[-50.294,-10.016],[-50.29,-9.99],[-50.277,-9.97],[-50.278,-9.955],[-50.267,-9.934],[-50.264,-9.908],[-50.243,-9.871],[-50.225,-9.854],[-50.227,-9.845],[-50.224,-9.841],[-50.217,-9.834],[-50.214,-9.813],[-50.203,-9.791],[-50.197,-9.758],[-50.161,-9.712],[-50.159,-9.699],[-50.151,-9.695],[-50.15,-9.674],[-50.14,-9.654],[-50.139,-9.627],[-50.125,-9.618],[-50.12,-9.607],[-50.107,-9.594],[-50.107,-9.572],[-50.103,-9.562],[-50.089,-9.545],[-50.094,-9.526],[-50.108,-9.508],[-50.107,-9.504],[-50.101,-9.5],[-50.105,-9.489],[-50.105,-9.475],[-50.09,-9.431],[-50.065,-9.4],[-50.058,-9.379],[-50.053,-9.373],[-50.055,-9.334],[-50.05,-9.313],[-50.048,-9.307],[-50.037,-9.289],[-50.019,-9.281],[-50.005,-9.268],[-49.994,-9.234],[-49.966,-9.23],[-49.967,-9.243],[-49.962,-9.257],[-49.973,-9.271],[-49.975,-9.28],[-49.963,-9.296],[-49.962,-9.304],[-49.972,-9.321],[-49.971,-9.345],[-49.976,-9.354],[-49.973,-9.37],[-49.978,-9.375],[-49.995,-9.382],[-50.001,-9.389],[-49.988,-9.41],[-49.989,-9.428],[-49.983,-9.432],[-49.981,-9.44],[-49.986,-9.464],[-49.977,-9.481],[-49.995,-9.491],[-50.006,-9.503]]]}},{"type":"Feature","properties":{"id":"1717800","nome":"Ponte Alta do Bom Jesus"},"geometry":{"type":"Polygon","coordinates":[[[-46.424,-11.765],[-46.411,-11.767],[-46.394,-11.763],[-46.383,-11.776],[-46.369,-11.777],[-46.358,-11.782],[-46.354,-11.789],[-46.356,-11.796],[-46.353,-11.802],[-46.337,-11.816],[-46.35,-11.822],[-46.347,-11.836],[-46.355,-11.842],[-46.368,-11.834],[-46.373,-11.836],[-46.371,-11.854],[-46.374,-11.868],[-46.365,-11.884],[-46.351,-11.882],[-46.326,-11.896],[-46.318,-11.898],[-46.285,-11.886],[-46.256,-11.898],[-46.238,-11.902],[-46.213,-11.898],[-46.193,-11.884],[-46.181,-11.885],[-46.172,-11.897],[-46.175,-11.91],[-46.192,-11.929],[-46.21,-11.93],[-46.248,-11.947],[-46.295,-11.949],[-46.325,-11.958],[-46.343,-11.975],[-46.356,-11.981],[-46.373,-12.004],[-46.373,-12.015],[-46.395,-12.026],[-46.397,-12.04],[-46.381,-12.053],[-46.378,-12.059],[-46.388,-12.072],[-46.381,-12.082],[-46.385,-12.092],[-46.368,-12.098],[-46.381,-12.106],[-46.4,-12.106],[-46.416,-12.113],[-46.426,-12.109],[-46.433,-12.103],[-46.437,-12.106],[-46.437,-12.104],[-46.444,-12.105],[-46.451,-12.114],[-46.459,-12.112],[-46.465,-12.103],[-46.481,-12.1],[-46.486,-12.098],[-46.501,-12.111],[-46.511,-12.113],[-46.52,-12.121],[-46.527,-12.122],[-46.528,-12.127],[-46.535,-12.129],[-46.538,-12.135],[-46.535,-12.137],[-46.544,-12.144],[-46.555,-12.161],[-46.561,-12.172],[-46.559,-12.179],[-46.569,-12.185],[-46.58,-12.186],[-46.583,-12.191],[-46.596,-12.193],[-46.595,-12.207],[-46.6,-12.214],[-46.608,-12.217],[-46.61,-12.227],[-46.618,-12.23],[-46.63,-12.246],[-46.644,-12.25],[-46.645,-12.251],[-46.644,-12.254],[-46.648,-12.258],[-46.654,-12.259],[-46.658,-12.269],[-46.676,-12.268],[-46.688,-12.277],[-46.698,-12.272],[-46.699,-12.267],[-46.723,-12.261],[-46.734,-12.263],[-46.734,-12.258],[-46.739,-12.259],[-46.745,-12.268],[-46.756,-12.271],[-46.754,-12.274],[-46.761,-12.274],[-46.762,-12.277],[-46.776,-12.275],[-46.778,-12.277],[-46.777,-12.283],[-46.781,-12.287],[-46.78,-12.3],[-46.785,-12.307],[-46.779,-12.31],[-46.78,-12.313],[-46.79,-12.314],[-46.793,-12.31],[-46.8,-12.311],[-46.804,-12.304],[-46.81,-12.301],[-46.812,-12.305],[-46.823,-12.305],[-46.822,-12.31],[-46.826,-12.309],[-46.824,-12.312],[-46.83,-12.31],[-46.834,-12.315],[-46.83,-12.318],[-46.835,-12.32],[-46.833,-12.323],[-46.84,-12.326],[-46.839,-12.333],[-46.849,-12.335],[-46.849,-12.343],[-46.867,-12.349],[-46.869,-12.353],[-46.872,-12.353],[-46.886,-12.338],[-46.892,-12.342],[-46.892,-12.348],[-46.897,-12.346],[-46.897,-12.351],[-46.903,-12.352],[-46.903,-12.349],[-46.909,-12.353],[-46.91,-12.357],[-46.919,-12.358],[-46.924,-12.367],[-46.925,-12.364],[-46.927,-12.366],[-46.925,-12.368],[-46.929,-12.369],[-46.929,-12.375],[-46.936,-12.373],[-46.937,-12.378],[-46.94,-12.375],[-46.946,-12.377],[-46.96,-12.374],[-46.966,-12.378],[-46.969,-12.371],[-46.977,-12.371],[-46.979,-12.367],[-46.961,-12.356],[-46.944,-12.323],[-46.948,-12.318],[-46.945,-12.304],[-46.936,-12.299],[-46.934,-12.292],[-46.918,-12.279],[-46.91,-12.28],[-46.91,-12.276],[-46.904,-12.275],[-46.899,-12.27],[-46.898,-12.263],[-46.894,-12.262],[-46.889,-12.253],[-46.89,-12.247],[-46.881,-12.24],[-46.884,-12.23],[-46.881,-12.226],[-46.878,-12.226],[-46.878,-12.22],[-46.866,-12.218],[-46.862,-12.213],[-46.854,-12.213],[-46.853,-12.205],[-46.84,-12.196],[-46.835,-12.177],[-46.825,-12.17],[-46.819,-12.152],[-46.809,-12.153],[-46.799,-12.146],[-46.8,-12.142],[-46.793,-12.135],[-46.785,-12.106],[-46.769,-12.093],[-46.768,-12.088],[-46.774,-12.084],[-46.768,-12.066],[-46.756,-12.062],[-46.752,-12.045],[-46.741,-12.045],[-46.738,-12.038],[-46.716,-12.037],[-46.716,-12.033],[-46.706,-12.025],[-46.684,-12.023],[-46.682,-12.012],[-46.678,-12.009],[-46.68,-12.006],[-46.673,-12.005],[-46.671,-11.994],[-46.662,-11.99],[-46.637,-11.98],[-46.622,-11.962],[-46.611,-11.959],[-46.603,-11.965],[-46.596,-11.966],[-46.591,-11.959],[-46.594,-11.944],[-46.6,-11.941],[-46.592,-11.936],[-46.594,-11.933],[-46.589,-11.924],[-46.591,-11.922],[-46.585,-11.912],[-46.563,-11.9],[-46.55,-11.878],[-46.544,-11.872],[-46.533,-11.858],[-46.541,-11.844],[-46.537,-11.814],[-46.53,-11.809],[-46.519,-11.789],[-46.483,-11.764],[-46.444,-11.758],[-46.438,-11.755],[-46.431,-11.757],[-46.424,-11.765]]]}},{"type":"Feature","properties":{"id":"1717909","nome":"Ponte Alta do Tocantins"},"geometry":{"type":"Polygon","coordinates":[[[-47.102,-10.341],[-47.095,-10.368],[-47.089,-10.365],[-47.092,-10.374],[-47.09,-10.38],[-47.102,-10.381],[-47.107,-10.397],[-47.116,-10.405],[-47.115,-10.407],[-47.105,-10.404],[-47.103,-10.407],[-47.109,-10.413],[-47.11,-10.421],[-47.118,-10.425],[-47.127,-10.437],[-47.126,-10.452],[-47.116,-10.45],[-47.1,-10.44],[-47.101,-10.444],[-47.102,-10.448],[-47.087,-10.45],[-47.093,-10.46],[-47.101,-10.454],[-47.109,-10.455],[-47.117,-10.476],[-47.115,-10.484],[-47.097,-10.486],[-47.08,-10.471],[-47.082,-10.479],[-47.076,-10.481],[-47.074,-10.485],[-47.08,-10.49],[-47.081,-10.494],[-47.073,-10.507],[-47.063,-10.507],[-47.058,-10.502],[-47.053,-10.518],[-47.048,-10.513],[-47.04,-10.511],[-47.032,-10.517],[-47.021,-10.518],[-47.023,-10.511],[-47.018,-10.513],[-47.014,-10.508],[-47.007,-10.514],[-47.004,-10.522],[-47.008,-10.531],[-46.999,-10.535],[-46.999,-10.548],[-46.993,-10.551],[-46.997,-10.558],[-46.993,-10.564],[-46.997,-10.569],[-46.993,-10.575],[-47.002,-10.585],[-46.997,-10.588],[-46.994,-10.582],[-46.985,-10.58],[-46.975,-10.584],[-46.968,-10.581],[-46.969,-10.576],[-46.966,-10.575],[-46.959,-10.587],[-46.969,-10.603],[-46.968,-10.606],[-46.962,-10.603],[-46.96,-10.606],[-46.973,-10.619],[-46.97,-10.622],[-46.963,-10.615],[-46.958,-10.621],[-46.958,-10.639],[-46.946,-10.64],[-46.947,-10.653],[-46.953,-10.65],[-46.954,-10.661],[-46.951,-10.666],[-46.947,-10.668],[-46.948,-10.662],[-46.942,-10.664],[-46.928,-10.658],[-46.927,-10.665],[-46.932,-10.669],[-46.933,-10.675],[-46.931,-10.68],[-46.927,-10.68],[-46.924,-10.672],[-46.915,-10.681],[-46.915,-10.673],[-46.909,-10.674],[-46.906,-10.67],[-46.904,-10.683],[-46.906,-10.692],[-46.898,-10.688],[-46.897,-10.696],[-46.894,-10.69],[-46.889,-10.689],[-46.886,-10.698],[-46.888,-10.702],[-46.879,-10.71],[-46.88,-10.716],[-46.884,-10.717],[-46.892,-10.71],[-46.896,-10.72],[-46.901,-10.714],[-46.905,-10.719],[-46.91,-10.716],[-46.907,-10.73],[-46.901,-10.73],[-46.906,-10.753],[-46.912,-10.749],[-46.919,-10.753],[-46.925,-10.769],[-46.918,-10.769],[-46.909,-10.759],[-46.907,-10.763],[-46.914,-10.767],[-46.914,-10.784],[-46.912,-10.781],[-46.91,-10.784],[-46.902,-10.777],[-46.899,-10.781],[-46.893,-10.769],[-46.889,-10.769],[-46.887,-10.779],[-46.894,-10.787],[-46.89,-10.808],[-46.877,-10.802],[-46.879,-10.809],[-46.875,-10.828],[-46.879,-10.83],[-46.883,-10.824],[-46.882,-10.829],[-46.887,-10.83],[-46.888,-10.839],[-46.891,-10.84],[-46.889,-10.848],[-46.896,-10.846],[-46.903,-10.849],[-46.904,-10.842],[-46.907,-10.841],[-46.915,-10.856],[-46.912,-10.858],[-46.899,-10.853],[-46.889,-10.856],[-46.887,-10.859],[-46.893,-10.866],[-46.892,-10.871],[-46.887,-10.869],[-46.888,-10.886],[-46.885,-10.893],[-46.888,-10.902],[-46.884,-10.904],[-46.88,-10.898],[-46.871,-10.903],[-46.875,-10.892],[-46.858,-10.887],[-46.852,-10.882],[-46.849,-10.885],[-46.85,-10.894],[-46.841,-10.896],[-46.847,-10.904],[-46.844,-10.909],[-46.848,-10.912],[-46.844,-10.915],[-46.84,-10.928],[-46.845,-10.928],[-46.846,-10.934],[-46.85,-10.93],[-46.859,-10.942],[-46.859,-10.948],[-46.854,-10.946],[-46.855,-10.954],[-46.868,-10.957],[-46.855,-10.966],[-46.853,-10.961],[-46.844,-10.955],[-46.842,-10.94],[-46.828,-10.93],[-46.815,-10.937],[-46.825,-10.942],[-46.825,-10.945],[-46.809,-10.945],[-46.81,-10.95],[-46.806,-10.954],[-46.81,-10.958],[-46.819,-10.952],[-46.819,-10.957],[-46.822,-10.957],[-46.83,-10.953],[-46.822,-10.97],[-46.832,-10.964],[-46.833,-10.978],[-46.839,-10.981],[-46.839,-10.994],[-46.842,-10.996],[-46.849,-10.992],[-46.856,-11.0],[-46.853,-11.009],[-46.861,-11.011],[-46.858,-11.016],[-46.868,-11.027],[-46.873,-11.041],[-46.842,-11.058],[-46.802,-11.051],[-46.788,-11.038],[-46.779,-11.035],[-46.766,-11.049],[-46.734,-11.066],[-46.718,-11.087],[-46.71,-11.09],[-46.715,-11.102],[-46.7,-11.122],[-46.703,-11.129],[-46.716,-11.123],[-46.744,-11.123],[-46.758,-11.103],[-46.764,-11.099],[-46.781,-11.102],[-46.782,-11.097],[-46.79,-11.098],[-46.795,-11.091],[-46.812,-11.097],[-46.833,-11.091],[-46.836,-11.096],[-46.844,-11.098],[-46.853,-11.112],[-46.864,-11.11],[-46.882,-11.122],[-46.889,-11.119],[-46.908,-11.123],[-46.921,-11.134],[-46.928,-11.132],[-46.934,-11.14],[-46.939,-11.139],[-46.942,-11.144],[-46.951,-11.146],[-46.963,-11.155],[-46.971,-11.153],[-46.983,-11.164],[-47.001,-11.163],[-47.007,-11.155],[-47.02,-11.162],[-47.021,-11.161],[-47.038,-11.154],[-47.054,-11.134],[-47.064,-11.133],[-47.067,-11.138],[-47.072,-11.131],[-47.091,-11.124],[-47.094,-11.118],[-47.104,-11.113],[-47.107,-11.105],[-47.122,-11.104],[-47.125,-11.106],[-47.142,-11.086],[-47.147,-11.073],[-47.147,-11.066],[-47.15,-11.067],[-47.154,-11.06],[-47.158,-11.059],[-47.155,-11.051],[-47.16,-11.044],[-47.169,-11.045],[-47.174,-11.04],[-47.181,-11.04],[-47.184,-11.036],[-47.193,-11.039],[-47.19,-11.037],[-47.195,-11.027],[-47.2,-11.03],[-47.213,-11.023],[-47.221,-11.025],[-47.221,-11.008],[-47.231,-11.009],[-47.24,-11.006],[-47.246,-10.997],[-47.251,-10.995],[-47.256,-11.004],[-47.259,-10.989],[-47.262,-10.988],[-47.265,-10.978],[-47.268,-10.983],[-47.284,-10.982],[-47.283,-10.985],[-47.298,-10.989],[-47.303,-10.998],[-47.316,-10.994],[-47.319,-10.989],[-47.318,-10.999],[-47.327,-10.996],[-47.333,-11.005],[-47.349,-10.994],[-47.35,-10.998],[-47.354,-10.996],[-47.35,-11.001],[-47.355,-11.009],[-47.363,-10.998],[-47.368,-11.003],[-47.372,-10.999],[-47.374,-11.003],[-47.38,-11.001],[-47.386,-11.007],[-47.4,-11.003],[-47.395,-11.009],[-47.398,-11.014],[-47.403,-11.014],[-47.402,-11.018],[-47.41,-11.012],[-47.416,-11.012],[-47.414,-11.007],[-47.418,-11.005],[-47.42,-11.01],[-47.435,-11.02],[-47.446,-11.025],[-47.45,-11.021],[-47.455,-11.024],[-47.458,-11.025],[-47.456,-11.019],[-47.46,-11.018],[-47.466,-11.027],[-47.473,-11.024],[-47.477,-11.015],[-47.502,-11.019],[-47.511,-11.015],[-47.517,-11.02],[-47.524,-11.012],[-47.525,-10.995],[-47.531,-10.999],[-47.531,-11.009],[-47.539,-11.013],[-47.544,-10.996],[-47.548,-10.998],[-47.545,-11.009],[-47.554,-11.008],[-47.559,-11.014],[-47.565,-11.013],[-47.57,-11.0],[-47.567,-10.995],[-47.569,-10.989],[-47.574,-10.991],[-47.576,-10.998],[-47.585,-10.991],[-47.587,-10.995],[-47.585,-11.001],[-47.593,-10.992],[-47.605,-11.0],[-47.608,-10.991],[-47.62,-10.977],[-47.63,-10.978],[-47.631,-10.973],[-47.636,-10.97],[-47.649,-10.979],[-47.653,-10.972],[-47.645,-10.969],[-47.654,-10.965],[-47.662,-10.978],[-47.666,-10.972],[-47.662,-10.963],[-47.667,-10.959],[-47.672,-10.961],[-47.685,-10.958],[-47.691,-10.946],[-47.7,-10.951],[-47.701,-10.955],[-47.708,-10.95],[-47.709,-10.944],[-47.716,-10.953],[-47.721,-10.95],[-47.726,-10.951],[-47.737,-10.951],[-47.746,-10.936],[-47.736,-10.92],[-47.743,-10.907],[-47.744,-10.9],[-47.755,-10.894],[-47.753,-10.885],[-47.756,-10.871],[-47.761,-10.869],[-47.757,-10.86],[-47.765,-10.849],[-47.769,-10.848],[-47.767,-10.836],[-47.77,-10.832],[-47.775,-10.832],[-47.775,-10.828],[-47.782,-10.822],[-47.784,-10.805],[-47.79,-10.794],[-47.798,-10.791],[-47.797,-10.787],[-47.789,-10.788],[-47.794,-10.776],[-47.801,-10.769],[-47.807,-10.772],[-47.808,-10.761],[-47.824,-10.752],[-47.823,-10.745],[-47.815,-10.741],[-47.806,-10.726],[-47.798,-10.724],[-47.799,-10.714],[-47.791,-10.719],[-47.785,-10.709],[-47.794,-10.702],[-47.792,-10.689],[-47.811,-10.68],[-47.804,-10.666],[-47.808,-10.658],[-47.82,-10.654],[-47.825,-10.646],[-47.823,-10.64],[-47.831,-10.627],[-47.826,-10.608],[-47.83,-10.603],[-47.837,-10.603],[-47.846,-10.594],[-47.849,-10.586],[-47.846,-10.58],[-47.857,-10.564],[-47.853,-10.561],[-47.846,-10.562],[-47.84,-10.547],[-47.848,-10.532],[-47.84,-10.516],[-47.843,-10.505],[-47.84,-10.497],[-47.82,-10.488],[-47.827,-10.476],[-47.825,-10.467],[-47.83,-10.448],[-47.839,-10.438],[-47.833,-10.427],[-47.843,-10.408],[-47.837,-10.395],[-47.826,-10.4],[-47.823,-10.407],[-47.805,-10.409],[-47.798,-10.404],[-47.788,-10.409],[-47.784,-10.407],[-47.779,-10.411],[-47.776,-10.407],[-47.771,-10.416],[-47.769,-10.411],[-47.763,-10.418],[-47.753,-10.415],[-47.753,-10.421],[-47.746,-10.412],[-47.741,-10.411],[-47.738,-10.415],[-47.737,-10.412],[-47.734,-10.413],[-47.729,-10.409],[-47.723,-10.402],[-47.716,-10.404],[-47.709,-10.399],[-47.695,-10.405],[-47.694,-10.402],[-47.677,-10.4],[-47.677,-10.394],[-47.67,-10.398],[-47.673,-10.393],[-47.668,-10.394],[-47.656,-10.395],[-47.656,-10.402],[-47.646,-10.405],[-47.643,-10.399],[-47.632,-10.404],[-47.631,-10.4],[-47.619,-10.407],[-47.621,-10.413],[-47.616,-10.418],[-47.612,-10.414],[-47.604,-10.414],[-47.603,-10.411],[-47.593,-10.41],[-47.587,-10.413],[-47.582,-10.408],[-47.566,-10.421],[-47.548,-10.423],[-47.544,-10.428],[-47.54,-10.425],[-47.531,-10.437],[-47.521,-10.441],[-47.521,-10.452],[-47.51,-10.449],[-47.508,-10.451],[-47.512,-10.457],[-47.507,-10.459],[-47.501,-10.457],[-47.496,-10.46],[-47.496,-10.471],[-47.489,-10.471],[-47.487,-10.49],[-47.48,-10.495],[-47.479,-10.505],[-47.469,-10.508],[-47.463,-10.531],[-47.455,-10.536],[-47.442,-10.521],[-47.435,-10.524],[-47.429,-10.526],[-47.424,-10.52],[-47.399,-10.513],[-47.304,-10.439],[-47.287,-10.426],[-47.291,-10.423],[-47.289,-10.406],[-47.274,-10.406],[-47.258,-10.401],[-47.252,-10.395],[-47.235,-10.394],[-47.231,-10.389],[-47.211,-10.406],[-47.183,-10.399],[-47.168,-10.4],[-47.147,-10.396],[-47.125,-10.382],[-47.118,-10.356],[-47.11,-10.352],[-47.102,-10.341]]]}},{"type":"Feature","properties":{"id":"1718006","nome":"Porto Alegre do Tocantins"},"geometry":{"type":"Polygon","coordinates":[[[-46.925,-11.39],[-46.927,-11.403],[-46.916,-11.465],[-46.922,-11.47],[-46.922,-11.463],[-46.929,-11.464],[-46.928,-11.456],[-46.936,-11.447],[-46.937,-11.454],[-46.947,-11.45],[-46.952,-11.457],[-46.95,-11.461],[-46.956,-11.462],[-46.955,-11.466],[-46.96,-11.468],[-46.962,-11.477],[-46.958,-11.479],[-46.963,-11.484],[-46.957,-11.491],[-46.96,-11.497],[-46.957,-11.498],[-46.959,-11.506],[-46.957,-11.508],[-46.967,-11.515],[-46.967,-11.523],[-46.972,-11.522],[-46.974,-11.526],[-46.982,-11.525],[-46.983,-11.534],[-46.987,-11.536],[-46.985,-11.545],[-46.982,-11.546],[-46.995,-11.545],[-47.009,-11.516],[-47.029,-11.516],[-47.036,-11.529],[-47.037,-11.57],[-47.044,-11.577],[-47.046,-11.587],[-47.045,-11.606],[-47.044,-11.612],[-47.045,-11.621],[-47.038,-11.628],[-47.041,-11.636],[-47.051,-11.638],[-47.051,-11.644],[-47.06,-11.648],[-47.067,-11.661],[-47.073,-11.684],[-47.08,-11.688],[-47.08,-11.701],[-47.083,-11.697],[-47.093,-11.701],[-47.09,-11.711],[-47.097,-11.717],[-47.1,-11.727],[-47.108,-11.732],[-47.11,-11.737],[-47.117,-11.736],[-47.122,-11.747],[-47.133,-11.749],[-47.135,-11.755],[-47.142,-11.754],[-47.141,-11.745],[-47.145,-11.743],[-47.153,-11.748],[-47.154,-11.734],[-47.146,-11.719],[-47.133,-11.705],[-47.14,-11.689],[-47.151,-11.684],[-47.145,-11.67],[-47.152,-11.653],[-47.144,-11.628],[-47.144,-11.62],[-47.148,-11.618],[-47.145,-11.614],[-47.082,-11.533],[-47.084,-11.522],[-47.091,-11.514],[-47.089,-11.495],[-47.104,-11.471],[-47.113,-11.468],[-47.126,-11.473],[-47.121,-11.468],[-47.119,-11.451],[-47.108,-11.445],[-47.084,-11.438],[-47.089,-11.433],[-47.082,-11.429],[-47.08,-11.423],[-47.086,-11.405],[-47.097,-11.386],[-47.099,-11.384],[-47.103,-11.389],[-47.116,-11.384],[-47.121,-11.372],[-47.11,-11.374],[-47.096,-11.368],[-47.091,-11.363],[-47.076,-11.364],[-47.064,-11.357],[-47.051,-11.356],[-47.047,-11.36],[-47.039,-11.353],[-47.034,-11.355],[-47.019,-11.354],[-47.018,-11.361],[-47.014,-11.362],[-47.01,-11.368],[-46.978,-11.397],[-46.975,-11.39],[-46.964,-11.38],[-46.967,-11.36],[-46.962,-11.359],[-46.96,-11.352],[-46.95,-11.344],[-46.925,-11.346],[-46.922,-11.35],[-46.925,-11.355],[-46.918,-11.366],[-46.925,-11.377],[-46.922,-11.378],[-46.921,-11.389],[-46.925,-11.39]]]}},{"type":"Feature","properties":{"id":"1718204","nome":"Porto Nacional"},"geometry":{"type":"Polygon","coordinates":[[[-48.449,-10.017],[-48.446,-10.024],[-48.443,-10.018],[-48.439,-10.02],[-48.435,-10.017],[-48.43,-10.026],[-48.424,-10.023],[-48.418,-10.032],[-48.411,-10.032],[-48.411,-10.037],[-48.402,-10.044],[-48.404,-10.051],[-48.396,-10.044],[-48.397,-10.047],[-48.393,-10.048],[-48.386,-10.056],[-48.366,-10.057],[-48.368,-10.063],[-48.379,-10.073],[-48.385,-10.081],[-48.393,-10.111],[-48.416,-10.172],[-48.421,-10.192],[-48.423,-10.203],[-48.412,-10.225],[-48.388,-10.232],[-48.382,-10.242],[-48.384,-10.257],[-48.396,-10.276],[-48.403,-10.295],[-48.403,-10.333],[-48.408,-10.359],[-48.401,-10.382],[-48.368,-10.409],[-48.34,-10.409],[-48.321,-10.414],[-48.311,-10.412],[-48.305,-10.417],[-48.295,-10.41],[-48.279,-10.413],[-48.264,-10.411],[-48.257,-10.402],[-48.238,-10.389],[-48.223,-10.384],[-48.22,-10.383],[-48.21,-10.383],[-48.205,-10.377],[-48.194,-10.381],[-48.19,-10.378],[-48.183,-10.385],[-48.176,-10.399],[-48.177,-10.409],[-48.172,-10.422],[-48.154,-10.432],[-48.14,-10.458],[-48.157,-10.458],[-48.177,-10.453],[-48.194,-10.467],[-48.21,-10.469],[-48.215,-10.473],[-48.216,-10.48],[-48.221,-10.486],[-48.234,-10.497],[-48.247,-10.497],[-48.255,-10.502],[-48.263,-10.501],[-48.268,-10.49],[-48.282,-10.486],[-48.305,-10.499],[-48.291,-10.516],[-48.283,-10.516],[-48.263,-10.529],[-48.306,-10.581],[-48.3,-10.586],[-48.292,-10.602],[-48.284,-10.603],[-48.276,-10.612],[-48.271,-10.618],[-48.261,-10.618],[-48.258,-10.622],[-48.236,-10.628],[-48.218,-10.642],[-48.21,-10.653],[-48.202,-10.654],[-48.199,-10.661],[-48.2,-10.664],[-48.191,-10.66],[-48.178,-10.664],[-48.17,-10.671],[-48.167,-10.669],[-48.158,-10.68],[-48.17,-10.696],[-48.183,-10.704],[-48.194,-10.711],[-48.217,-10.718],[-48.237,-10.739],[-48.269,-10.783],[-48.268,-10.789],[-48.274,-10.803],[-48.268,-10.812],[-48.269,-10.83],[-48.26,-10.845],[-48.251,-10.85],[-48.243,-10.84],[-48.214,-10.851],[-48.209,-10.85],[-48.205,-10.862],[-48.178,-10.867],[-48.178,-10.879],[-48.189,-10.88],[-48.195,-10.885],[-48.2,-10.895],[-48.2,-10.919],[-48.213,-10.922],[-48.225,-10.919],[-48.233,-10.922],[-48.254,-10.94],[-48.241,-10.946],[-48.237,-10.96],[-48.225,-10.971],[-48.219,-10.987],[-48.221,-10.989],[-48.247,-11.0],[-48.25,-11.005],[-48.254,-11.006],[-48.261,-11.022],[-48.289,-11.042],[-48.291,-11.05],[-48.314,-11.059],[-48.324,-11.079],[-48.332,-11.073],[-48.326,-11.056],[-48.327,-11.041],[-48.358,-11.02],[-48.361,-11.014],[-48.385,-11.002],[-48.391,-11.006],[-48.409,-11.005],[-48.426,-10.994],[-48.431,-10.986],[-48.452,-10.975],[-48.46,-10.961],[-48.472,-10.957],[-48.473,-10.946],[-48.463,-10.942],[-48.458,-10.928],[-48.42,-10.883],[-48.402,-10.842],[-48.397,-10.822],[-48.4,-10.808],[-48.397,-10.783],[-48.401,-10.758],[-48.415,-10.741],[-48.417,-10.744],[-48.416,-10.755],[-48.422,-10.76],[-48.429,-10.758],[-48.454,-10.763],[-48.472,-10.782],[-48.496,-10.781],[-48.509,-10.785],[-48.514,-10.793],[-48.544,-10.796],[-48.546,-10.808],[-48.532,-10.817],[-48.534,-10.828],[-48.546,-10.83],[-48.543,-10.843],[-48.545,-10.854],[-48.55,-10.857],[-48.567,-10.853],[-48.575,-10.855],[-48.581,-10.862],[-48.58,-10.871],[-48.592,-10.867],[-48.597,-10.843],[-48.606,-10.845],[-48.625,-10.867],[-48.637,-10.87],[-48.635,-10.857],[-48.643,-10.844],[-48.645,-10.832],[-48.652,-10.838],[-48.663,-10.835],[-48.687,-10.837],[-48.694,-10.833],[-48.705,-10.818],[-48.718,-10.812],[-48.725,-10.802],[-48.744,-10.812],[-48.761,-10.802],[-48.772,-10.809],[-48.785,-10.805],[-48.788,-10.796],[-48.779,-10.773],[-48.775,-10.769],[-48.774,-10.758],[-48.769,-10.749],[-48.776,-10.732],[-48.775,-10.712],[-48.781,-10.7],[-48.783,-10.697],[-48.791,-10.689],[-48.793,-10.674],[-48.807,-10.662],[-48.81,-10.646],[-48.827,-10.634],[-48.824,-10.624],[-48.825,-10.613],[-48.813,-10.599],[-48.823,-10.587],[-48.826,-10.558],[-48.809,-10.544],[-48.813,-10.53],[-48.807,-10.513],[-48.809,-10.507],[-48.805,-10.489],[-48.802,-10.487],[-48.809,-10.47],[-48.795,-10.463],[-48.786,-10.467],[-48.778,-10.457],[-48.768,-10.46],[-48.767,-10.452],[-48.758,-10.435],[-48.76,-10.427],[-48.765,-10.424],[-48.759,-10.419],[-48.759,-10.414],[-48.752,-10.412],[-48.748,-10.414],[-48.737,-10.408],[-48.725,-10.407],[-48.706,-10.401],[-48.707,-10.392],[-48.697,-10.394],[-48.697,-10.377],[-48.695,-10.383],[-48.685,-10.378],[-48.68,-10.374],[-48.682,-10.371],[-48.675,-10.372],[-48.674,-10.375],[-48.671,-10.372],[-48.66,-10.369],[-48.662,-10.363],[-48.659,-10.354],[-48.653,-10.355],[-48.647,-10.347],[-48.638,-10.348],[-48.626,-10.343],[-48.623,-10.335],[-48.626,-10.33],[-48.621,-10.325],[-48.614,-10.331],[-48.605,-10.331],[-48.596,-10.322],[-48.604,-10.306],[-48.597,-10.292],[-48.598,-10.288],[-48.619,-10.275],[-48.625,-10.26],[-48.638,-10.256],[-48.642,-10.245],[-48.647,-10.248],[-48.661,-10.248],[-48.682,-10.225],[-48.691,-10.224],[-48.688,-10.209],[-48.695,-10.196],[-48.7,-10.19],[-48.699,-10.183],[-48.691,-10.145],[-48.676,-10.122],[-48.67,-10.092],[-48.665,-10.086],[-48.66,-10.087],[-48.654,-10.081],[-48.649,-10.085],[-48.637,-10.082],[-48.636,-10.073],[-48.625,-10.079],[-48.62,-10.068],[-48.616,-10.064],[-48.598,-10.064],[-48.598,-10.052],[-48.594,-10.048],[-48.595,-10.045],[-48.587,-10.045],[-48.578,-10.027],[-48.57,-10.028],[-48.561,-10.04],[-48.556,-10.041],[-48.539,-10.035],[-48.527,-10.039],[-48.519,-10.032],[-48.513,-10.044],[-48.505,-10.042],[-48.502,-10.038],[-48.497,-10.041],[-48.497,-10.032],[-48.485,-10.029],[-48.483,-10.026],[-48.464,-10.033],[-48.461,-10.028],[-48.465,-10.027],[-48.458,-10.02],[-48.449,-10.017]]]}},{"type":"Feature","properties":{"id":"1718303","nome":"Praia Norte"},"geometry":{"type":"Polygon","coordinates":[[[-47.693,-5.429],[-47.705,-5.449],[-47.703,-5.461],[-47.71,-5.5],[-47.724,-5.514],[-47.73,-5.53],[-47.751,-5.534],[-47.779,-5.545],[-47.782,-5.548],[-47.785,-5.545],[-47.781,-5.539],[-47.787,-5.538],[-47.793,-5.542],[-47.799,-5.557],[-47.807,-5.558],[-47.828,-5.585],[-47.838,-5.599],[-47.838,-5.59],[-47.859,-5.57],[-47.859,-5.558],[-47.862,-5.543],[-47.857,-5.538],[-47.856,-5.525],[-47.865,-5.511],[-47.859,-5.494],[-47.866,-5.486],[-47.852,-5.474],[-47.853,-5.449],[-47.843,-5.443],[-47.83,-5.444],[-47.825,-5.438],[-47.83,-5.417],[-47.826,-5.406],[-47.829,-5.392],[-47.827,-5.386],[-47.793,-5.384],[-47.768,-5.378],[-47.744,-5.38],[-47.736,-5.383],[-47.685,-5.412],[-47.693,-5.425],[-47.693,-5.429]]]}},{"type":"Feature","properties":{"id":"1718402","nome":"Presidente Kennedy"},"geometry":{"type":"Polygon","coordinates":[[[-48.601,-8.355],[-48.593,-8.359],[-48.579,-8.357],[-48.569,-8.36],[-48.572,-8.373],[-48.563,-8.371],[-48.561,-8.374],[-48.556,-8.371],[-48.556,-8.379],[-48.533,-8.391],[-48.531,-8.399],[-48.523,-8.395],[-48.482,-8.423],[-48.465,-8.403],[-48.453,-8.401],[-48.447,-8.391],[-48.437,-8.399],[-48.435,-8.394],[-48.429,-8.4],[-48.41,-8.391],[-48.403,-8.394],[-48.399,-8.392],[-48.387,-8.394],[-48.381,-8.39],[-48.378,-8.392],[-48.374,-8.386],[-48.36,-8.38],[-48.351,-8.362],[-48.346,-8.361],[-48.336,-8.346],[-48.338,-8.343],[-48.331,-8.338],[-48.326,-8.336],[-48.32,-8.342],[-48.316,-8.339],[-48.295,-8.343],[-48.282,-8.337],[-48.274,-8.335],[-48.273,-8.342],[-48.271,-8.34],[-48.266,-8.367],[-48.27,-8.373],[-48.273,-8.398],[-48.295,-8.429],[-48.296,-8.457],[-48.291,-8.46],[-48.277,-8.471],[-48.277,-8.475],[-48.293,-8.496],[-48.298,-8.515],[-48.293,-8.523],[-48.299,-8.522],[-48.302,-8.526],[-48.324,-8.53],[-48.327,-8.535],[-48.336,-8.538],[-48.335,-8.545],[-48.34,-8.541],[-48.344,-8.542],[-48.349,-8.556],[-48.356,-8.56],[-48.361,-8.556],[-48.376,-8.562],[-48.391,-8.56],[-48.4,-8.569],[-48.407,-8.567],[-48.419,-8.575],[-48.423,-8.573],[-48.431,-8.576],[-48.434,-8.581],[-48.443,-8.581],[-48.446,-8.59],[-48.454,-8.59],[-48.458,-8.596],[-48.471,-8.592],[-48.49,-8.586],[-48.492,-8.578],[-48.488,-8.569],[-48.489,-8.564],[-48.497,-8.562],[-48.508,-8.553],[-48.51,-8.552],[-48.513,-8.551],[-48.522,-8.556],[-48.525,-8.55],[-48.529,-8.551],[-48.536,-8.545],[-48.547,-8.544],[-48.546,-8.527],[-48.549,-8.529],[-48.565,-8.524],[-48.569,-8.52],[-48.642,-8.521],[-48.654,-8.5],[-48.651,-8.496],[-48.66,-8.491],[-48.673,-8.475],[-48.67,-8.465],[-48.664,-8.461],[-48.654,-8.435],[-48.653,-8.418],[-48.661,-8.401],[-48.64,-8.397],[-48.627,-8.401],[-48.62,-8.388],[-48.632,-8.353],[-48.627,-8.347],[-48.63,-8.339],[-48.623,-8.334],[-48.617,-8.34],[-48.605,-8.345],[-48.601,-8.355]]]}},{"type":"Feature","properties":{"id":"1718451","nome":"Pugmil"},"geometry":{"type":"Polygon","coordinates":[[[-48.855,-10.373],[-48.852,-10.377],[-48.848,-10.376],[-48.846,-10.386],[-48.84,-10.386],[-48.836,-10.391],[-48.819,-10.396],[-48.811,-10.396],[-48.808,-10.401],[-48.796,-10.396],[-48.79,-10.399],[-48.771,-10.391],[-48.764,-10.394],[-48.759,-10.39],[-48.754,-10.392],[-48.748,-10.388],[-48.735,-10.39],[-48.729,-10.394],[-48.725,-10.407],[-48.737,-10.408],[-48.748,-10.414],[-48.752,-10.412],[-48.759,-10.414],[-48.759,-10.419],[-48.765,-10.424],[-48.76,-10.427],[-48.758,-10.435],[-48.767,-10.452],[-48.768,-10.46],[-48.778,-10.457],[-48.786,-10.467],[-48.795,-10.463],[-48.809,-10.47],[-48.802,-10.487],[-48.805,-10.489],[-48.816,-10.494],[-48.823,-10.503],[-48.843,-10.511],[-48.849,-10.521],[-48.86,-10.529],[-48.868,-10.531],[-48.88,-10.543],[-48.887,-10.538],[-48.897,-10.544],[-48.899,-10.54],[-48.905,-10.542],[-48.92,-10.533],[-48.926,-10.525],[-48.933,-10.525],[-48.939,-10.519],[-48.942,-10.503],[-48.938,-10.493],[-48.942,-10.477],[-48.954,-10.472],[-48.962,-10.463],[-48.973,-10.46],[-48.982,-10.453],[-48.963,-10.424],[-48.964,-10.41],[-48.982,-10.379],[-48.977,-10.373],[-48.969,-10.37],[-48.975,-10.349],[-48.967,-10.336],[-48.969,-10.315],[-48.961,-10.305],[-48.944,-10.304],[-48.933,-10.297],[-48.916,-10.297],[-48.907,-10.3],[-48.903,-10.313],[-48.887,-10.314],[-48.877,-10.318],[-48.872,-10.328],[-48.868,-10.328],[-48.865,-10.335],[-48.864,-10.342],[-48.859,-10.347],[-48.854,-10.359],[-48.855,-10.373]]]}},{"type":"Feature","properties":{"id":"1718501","nome":"Recursol\u00e2ndia"},"geometry":{"type":"Polygon","coordinates":[[[-47.125,-8.441],[-47.122,-8.461],[-47.116,-8.459],[-47.106,-8.472],[-47.105,-8.466],[-47.095,-8.471],[-47.093,-8.475],[-47.08,-8.474],[-47.07,-8.47],[-47.068,-8.463],[-47.061,-8.465],[-47.056,-8.471],[-47.057,-8.476],[-47.048,-8.48],[-47.05,-8.485],[-47.044,-8.493],[-47.04,-8.493],[-47.037,-8.498],[-47.033,-8.494],[-47.031,-8.503],[-47.016,-8.495],[-46.991,-8.501],[-46.981,-8.496],[-46.958,-8.499],[-46.953,-8.491],[-46.949,-8.5],[-46.943,-8.501],[-46.94,-8.505],[-46.937,-8.501],[-46.927,-8.508],[-46.914,-8.51],[-46.902,-8.517],[-46.896,-8.516],[-46.887,-8.522],[-46.885,-8.528],[-46.869,-8.526],[-46.846,-8.532],[-46.846,-8.533],[-46.852,-8.537],[-46.854,-8.545],[-46.86,-8.545],[-46.858,-8.551],[-46.862,-8.559],[-46.875,-8.555],[-46.872,-8.562],[-46.876,-8.563],[-46.874,-8.567],[-46.878,-8.565],[-46.878,-8.572],[-46.883,-8.566],[-46.889,-8.577],[-46.893,-8.57],[-46.893,-8.578],[-46.897,-8.576],[-46.897,-8.583],[-46.902,-8.586],[-46.899,-8.588],[-46.9,-8.592],[-46.906,-8.592],[-46.914,-8.587],[-46.912,-8.591],[-46.916,-8.595],[-46.91,-8.595],[-46.909,-8.598],[-46.906,-8.595],[-46.901,-8.597],[-46.897,-8.601],[-46.903,-8.604],[-46.897,-8.606],[-46.905,-8.608],[-46.901,-8.613],[-46.905,-8.616],[-46.907,-8.614],[-46.907,-8.619],[-46.911,-8.619],[-46.911,-8.626],[-46.917,-8.633],[-46.911,-8.639],[-46.916,-8.648],[-46.906,-8.654],[-46.902,-8.653],[-46.903,-8.661],[-46.895,-8.659],[-46.896,-8.665],[-46.889,-8.669],[-46.887,-8.686],[-46.89,-8.691],[-46.9,-8.694],[-46.914,-8.708],[-46.914,-8.722],[-46.917,-8.726],[-46.922,-8.727],[-46.928,-8.723],[-46.931,-8.726],[-46.924,-8.744],[-46.918,-8.751],[-46.917,-8.762],[-46.909,-8.764],[-46.911,-8.768],[-46.907,-8.771],[-46.904,-8.778],[-46.903,-8.792],[-46.906,-8.796],[-46.902,-8.814],[-46.913,-8.822],[-46.907,-8.828],[-46.909,-8.835],[-46.914,-8.835],[-46.918,-8.839],[-46.918,-8.843],[-46.913,-8.847],[-46.918,-8.857],[-46.941,-8.859],[-46.956,-8.874],[-46.959,-8.875],[-46.965,-8.867],[-46.978,-8.867],[-46.993,-8.88],[-46.986,-8.888],[-46.989,-8.892],[-46.984,-8.894],[-46.986,-8.898],[-46.982,-8.903],[-46.975,-8.903],[-46.97,-8.914],[-46.982,-8.92],[-46.983,-8.931],[-46.997,-8.932],[-46.994,-8.945],[-47.011,-8.946],[-47.013,-8.952],[-47.018,-8.953],[-47.013,-8.966],[-47.015,-8.976],[-47.021,-8.98],[-47.021,-8.988],[-47.031,-8.988],[-47.031,-8.98],[-47.035,-8.979],[-47.032,-8.986],[-47.038,-9.001],[-47.046,-8.989],[-47.044,-8.981],[-47.049,-8.978],[-47.06,-8.955],[-47.072,-8.952],[-47.079,-8.958],[-47.089,-8.944],[-47.095,-8.942],[-47.097,-8.935],[-47.117,-8.931],[-47.121,-8.933],[-47.121,-8.938],[-47.129,-8.938],[-47.133,-8.929],[-47.14,-8.922],[-47.154,-8.924],[-47.153,-8.917],[-47.157,-8.918],[-47.158,-8.924],[-47.164,-8.924],[-47.16,-8.931],[-47.177,-8.931],[-47.179,-8.936],[-47.19,-8.938],[-47.192,-8.945],[-47.198,-8.944],[-47.202,-8.948],[-47.206,-8.949],[-47.209,-8.937],[-47.221,-8.938],[-47.223,-8.941],[-47.217,-8.95],[-47.222,-8.946],[-47.223,-8.951],[-47.237,-8.959],[-47.236,-8.953],[-47.231,-8.951],[-47.233,-8.944],[-47.23,-8.94],[-47.232,-8.936],[-47.229,-8.922],[-47.232,-8.918],[-47.229,-8.914],[-47.231,-8.911],[-47.229,-8.903],[-47.232,-8.894],[-47.225,-8.89],[-47.228,-8.884],[-47.224,-8.877],[-47.226,-8.872],[-47.219,-8.865],[-47.218,-8.857],[-47.221,-8.853],[-47.218,-8.85],[-47.228,-8.849],[-47.248,-8.839],[-47.258,-8.813],[-47.26,-8.845],[-47.266,-8.844],[-47.275,-8.833],[-47.287,-8.828],[-47.31,-8.836],[-47.312,-8.845],[-47.32,-8.84],[-47.333,-8.842],[-47.333,-8.847],[-47.34,-8.846],[-47.341,-8.851],[-47.336,-8.854],[-47.338,-8.856],[-47.353,-8.858],[-47.362,-8.852],[-47.371,-8.851],[-47.384,-8.82],[-47.393,-8.804],[-47.404,-8.797],[-47.399,-8.795],[-47.388,-8.767],[-47.384,-8.772],[-47.37,-8.775],[-47.361,-8.773],[-47.35,-8.766],[-47.34,-8.766],[-47.303,-8.746],[-47.311,-8.732],[-47.324,-8.718],[-47.316,-8.705],[-47.32,-8.695],[-47.315,-8.683],[-47.319,-8.675],[-47.319,-8.663],[-47.327,-8.657],[-47.324,-8.645],[-47.329,-8.637],[-47.321,-8.623],[-47.316,-8.622],[-47.312,-8.617],[-47.312,-8.61],[-47.305,-8.597],[-47.308,-8.591],[-47.298,-8.584],[-47.296,-8.574],[-47.285,-8.563],[-47.287,-8.554],[-47.281,-8.55],[-47.277,-8.551],[-47.277,-8.548],[-47.273,-8.552],[-47.272,-8.547],[-47.278,-8.541],[-47.271,-8.541],[-47.267,-8.539],[-47.268,-8.536],[-47.261,-8.533],[-47.261,-8.53],[-47.264,-8.532],[-47.272,-8.529],[-47.266,-8.527],[-47.269,-8.52],[-47.265,-8.519],[-47.267,-8.512],[-47.259,-8.513],[-47.261,-8.504],[-47.258,-8.501],[-47.262,-8.494],[-47.255,-8.488],[-47.258,-8.484],[-47.251,-8.485],[-47.251,-8.479],[-47.238,-8.485],[-47.24,-8.474],[-47.227,-8.473],[-47.221,-8.461],[-47.213,-8.457],[-47.208,-8.458],[-47.207,-8.445],[-47.212,-8.447],[-47.213,-8.443],[-47.197,-8.427],[-47.203,-8.421],[-47.186,-8.416],[-47.18,-8.403],[-47.166,-8.393],[-47.153,-8.412],[-47.149,-8.424],[-47.13,-8.432],[-47.125,-8.441]]]}},{"type":"Feature","properties":{"id":"1718550","nome":"Riachinho"},"geometry":{"type":"Polygon","coordinates":[[[-48.212,-6.347],[-48.19,-6.351],[-48.185,-6.347],[-48.159,-6.347],[-48.153,-6.356],[-48.139,-6.358],[-48.131,-6.37],[-48.13,-6.388],[-48.12,-6.417],[-48.127,-6.422],[-48.116,-6.429],[-48.101,-6.442],[-48.09,-6.437],[-48.072,-6.435],[-48.069,-6.431],[-48.058,-6.432],[-48.054,-6.438],[-48.03,-6.438],[-48.017,-6.421],[-47.977,-6.415],[-47.965,-6.426],[-47.965,-6.435],[-47.97,-6.443],[-47.969,-6.452],[-47.974,-6.461],[-47.975,-6.471],[-47.982,-6.477],[-47.994,-6.478],[-48.006,-6.485],[-48.014,-6.481],[-48.021,-6.507],[-48.025,-6.525],[-48.011,-6.556],[-48.013,-6.569],[-48.024,-6.579],[-48.023,-6.589],[-48.034,-6.591],[-48.033,-6.593],[-48.041,-6.602],[-48.05,-6.6],[-48.058,-6.603],[-48.078,-6.592],[-48.083,-6.595],[-48.089,-6.591],[-48.095,-6.593],[-48.101,-6.588],[-48.119,-6.589],[-48.12,-6.593],[-48.127,-6.588],[-48.125,-6.584],[-48.129,-6.585],[-48.131,-6.578],[-48.133,-6.58],[-48.134,-6.568],[-48.13,-6.566],[-48.126,-6.555],[-48.129,-6.546],[-48.138,-6.541],[-48.137,-6.533],[-48.141,-6.527],[-48.15,-6.522],[-48.152,-6.525],[-48.152,-6.517],[-48.158,-6.515],[-48.161,-6.508],[-48.181,-6.505],[-48.183,-6.496],[-48.19,-6.491],[-48.189,-6.479],[-48.201,-6.473],[-48.205,-6.462],[-48.215,-6.451],[-48.226,-6.468],[-48.231,-6.466],[-48.242,-6.457],[-48.242,-6.447],[-48.246,-6.442],[-48.261,-6.446],[-48.263,-6.439],[-48.268,-6.437],[-48.274,-6.445],[-48.276,-6.441],[-48.279,-6.443],[-48.281,-6.45],[-48.287,-6.45],[-48.295,-6.446],[-48.294,-6.435],[-48.29,-6.434],[-48.293,-6.432],[-48.289,-6.429],[-48.301,-6.42],[-48.3,-6.412],[-48.305,-6.402],[-48.307,-6.405],[-48.307,-6.402],[-48.311,-6.405],[-48.312,-6.402],[-48.315,-6.408],[-48.32,-6.407],[-48.321,-6.404],[-48.324,-6.405],[-48.325,-6.401],[-48.322,-6.402],[-48.325,-6.396],[-48.329,-6.397],[-48.329,-6.391],[-48.339,-6.396],[-48.34,-6.392],[-48.342,-6.384],[-48.335,-6.376],[-48.327,-6.375],[-48.319,-6.38],[-48.302,-6.377],[-48.291,-6.373],[-48.282,-6.36],[-48.28,-6.356],[-48.269,-6.357],[-48.212,-6.347]]]}},{"type":"Feature","properties":{"id":"1718659","nome":"Rio da Concei\u00e7\u00e3o"},"geometry":{"type":"Polygon","coordinates":[[[-46.691,-11.195],[-46.687,-11.207],[-46.676,-11.217],[-46.643,-11.226],[-46.636,-11.229],[-46.609,-11.255],[-46.599,-11.265],[-46.609,-11.284],[-46.617,-11.289],[-46.616,-11.302],[-46.61,-11.308],[-46.605,-11.321],[-46.601,-11.347],[-46.586,-11.366],[-46.567,-11.372],[-46.561,-11.374],[-46.581,-11.388],[-46.591,-11.389],[-46.595,-11.393],[-46.608,-11.392],[-46.637,-11.409],[-46.644,-11.416],[-46.652,-11.418],[-46.664,-11.429],[-46.667,-11.442],[-46.687,-11.451],[-46.706,-11.466],[-46.713,-11.468],[-46.719,-11.465],[-46.729,-11.466],[-46.749,-11.48],[-46.776,-11.468],[-46.78,-11.472],[-46.794,-11.469],[-46.808,-11.472],[-46.818,-11.468],[-46.823,-11.467],[-46.832,-11.471],[-46.843,-11.456],[-46.852,-11.456],[-46.865,-11.433],[-46.888,-11.418],[-46.897,-11.408],[-46.899,-11.4],[-46.906,-11.396],[-46.912,-11.401],[-46.918,-11.399],[-46.923,-11.404],[-46.927,-11.403],[-46.925,-11.39],[-46.921,-11.389],[-46.922,-11.378],[-46.925,-11.377],[-46.918,-11.366],[-46.925,-11.355],[-46.922,-11.35],[-46.912,-11.337],[-46.903,-11.332],[-46.902,-11.331],[-46.899,-11.317],[-46.888,-11.299],[-46.817,-11.263],[-46.812,-11.256],[-46.809,-11.235],[-46.793,-11.225],[-46.787,-11.216],[-46.774,-11.22],[-46.757,-11.217],[-46.743,-11.196],[-46.728,-11.195],[-46.72,-11.203],[-46.711,-11.201],[-46.697,-11.137],[-46.684,-11.174],[-46.691,-11.195]]]}},{"type":"Feature","properties":{"id":"1718709","nome":"Rio dos Bois"},"geometry":{"type":"Polygon","coordinates":[[[-48.469,-9.059],[-48.47,-9.064],[-48.465,-9.061],[-48.466,-9.071],[-48.459,-9.064],[-48.454,-9.065],[-48.454,-9.062],[-48.447,-9.065],[-48.444,-9.061],[-48.438,-9.068],[-48.437,-9.064],[-48.426,-9.067],[-48.41,-9.06],[-48.414,-9.07],[-48.409,-9.07],[-48.408,-9.075],[-48.404,-9.073],[-48.403,-9.076],[-48.4,-9.07],[-48.392,-9.068],[-48.387,-9.069],[-48.381,-9.078],[-48.367,-9.074],[-48.364,-9.077],[-48.356,-9.075],[-48.351,-9.082],[-48.354,-9.087],[-48.347,-9.095],[-48.35,-9.098],[-48.348,-9.101],[-48.345,-9.1],[-48.345,-9.109],[-48.35,-9.11],[-48.347,-9.119],[-48.34,-9.116],[-48.33,-9.13],[-48.307,-9.128],[-48.299,-9.14],[-48.293,-9.133],[-48.282,-9.136],[-48.312,-9.185],[-48.317,-9.221],[-48.335,-9.247],[-48.348,-9.287],[-48.353,-9.299],[-48.367,-9.343],[-48.373,-9.342],[-48.378,-9.337],[-48.383,-9.342],[-48.382,-9.351],[-48.377,-9.355],[-48.382,-9.364],[-48.401,-9.359],[-48.408,-9.362],[-48.41,-9.357],[-48.424,-9.361],[-48.449,-9.379],[-48.47,-9.377],[-48.478,-9.387],[-48.495,-9.391],[-48.505,-9.399],[-48.503,-9.407],[-48.517,-9.417],[-48.523,-9.428],[-48.539,-9.421],[-48.548,-9.427],[-48.57,-9.42],[-48.572,-9.42],[-48.593,-9.412],[-48.579,-9.387],[-48.587,-9.375],[-48.58,-9.361],[-48.581,-9.349],[-48.575,-9.341],[-48.585,-9.338],[-48.586,-9.331],[-48.581,-9.331],[-48.58,-9.325],[-48.576,-9.328],[-48.571,-9.321],[-48.566,-9.326],[-48.562,-9.321],[-48.574,-9.315],[-48.585,-9.314],[-48.59,-9.304],[-48.586,-9.294],[-48.592,-9.284],[-48.578,-9.261],[-48.571,-9.255],[-48.569,-9.238],[-48.563,-9.228],[-48.565,-9.215],[-48.557,-9.22],[-48.55,-9.217],[-48.544,-9.22],[-48.542,-9.221],[-48.537,-9.191],[-48.533,-9.169],[-48.533,-9.131],[-48.524,-9.13],[-48.51,-9.117],[-48.497,-9.064],[-48.491,-9.057],[-48.477,-9.05],[-48.476,-9.055],[-48.469,-9.059]]]}},{"type":"Feature","properties":{"id":"1718758","nome":"Rio Sono"},"geometry":{"type":"Polygon","coordinates":[[[-47.407,-9.238],[-47.383,-9.249],[-47.375,-9.264],[-47.369,-9.267],[-47.362,-9.266],[-47.357,-9.271],[-47.362,-9.286],[-47.346,-9.288],[-47.335,-9.289],[-47.333,-9.303],[-47.325,-9.31],[-47.325,-9.322],[-47.315,-9.33],[-47.31,-9.332],[-47.3,-9.327],[-47.288,-9.333],[-47.282,-9.332],[-47.262,-9.338],[-47.255,-9.359],[-47.238,-9.375],[-47.241,-9.382],[-47.239,-9.386],[-47.225,-9.396],[-47.208,-9.397],[-47.204,-9.401],[-47.198,-9.398],[-47.192,-9.411],[-47.176,-9.422],[-47.167,-9.425],[-47.152,-9.423],[-47.148,-9.431],[-47.142,-9.434],[-47.121,-9.443],[-47.117,-9.44],[-47.116,-9.448],[-47.107,-9.45],[-47.105,-9.455],[-47.096,-9.458],[-47.093,-9.456],[-47.09,-9.461],[-47.103,-9.469],[-47.103,-9.481],[-47.085,-9.471],[-47.081,-9.488],[-47.089,-9.491],[-47.093,-9.498],[-47.093,-9.506],[-47.097,-9.515],[-47.089,-9.545],[-47.089,-9.568],[-47.084,-9.578],[-47.087,-9.585],[-47.083,-9.591],[-47.08,-9.591],[-47.075,-9.608],[-47.07,-9.626],[-47.064,-9.622],[-47.054,-9.623],[-47.061,-9.63],[-47.064,-9.645],[-47.076,-9.648],[-47.084,-9.657],[-47.086,-9.667],[-47.083,-9.688],[-47.086,-9.69],[-47.095,-9.689],[-47.1,-9.694],[-47.098,-9.702],[-47.086,-9.721],[-47.087,-9.744],[-47.08,-9.745],[-47.089,-9.759],[-47.086,-9.764],[-47.09,-9.766],[-47.087,-9.772],[-47.089,-9.774],[-47.086,-9.78],[-47.081,-9.78],[-47.079,-9.787],[-47.07,-9.789],[-47.076,-9.794],[-47.072,-9.801],[-47.077,-9.803],[-47.074,-9.812],[-47.077,-9.817],[-47.094,-9.83],[-47.098,-9.828],[-47.104,-9.834],[-47.111,-9.833],[-47.11,-9.838],[-47.114,-9.842],[-47.121,-9.842],[-47.124,-9.848],[-47.118,-9.857],[-47.123,-9.856],[-47.128,-9.865],[-47.132,-9.863],[-47.139,-9.867],[-47.143,-9.876],[-47.136,-9.883],[-47.134,-9.89],[-47.14,-9.902],[-47.147,-9.902],[-47.139,-9.91],[-47.14,-9.915],[-47.156,-9.911],[-47.151,-9.933],[-47.166,-9.933],[-47.17,-9.939],[-47.171,-9.947],[-47.178,-9.955],[-47.185,-9.951],[-47.188,-9.958],[-47.201,-9.956],[-47.202,-9.965],[-47.2,-9.969],[-47.192,-9.971],[-47.203,-9.974],[-47.206,-9.984],[-47.192,-9.989],[-47.203,-9.992],[-47.21,-10.002],[-47.201,-10.01],[-47.203,-10.021],[-47.226,-10.028],[-47.236,-10.037],[-47.253,-10.039],[-47.261,-10.047],[-47.263,-10.053],[-47.269,-10.056],[-47.277,-10.057],[-47.289,-10.05],[-47.297,-10.049],[-47.307,-10.039],[-47.324,-10.043],[-47.337,-10.038],[-47.354,-10.041],[-47.37,-10.037],[-47.381,-10.048],[-47.412,-10.04],[-47.422,-10.024],[-47.431,-10.017],[-47.441,-10.015],[-47.448,-10.004],[-47.479,-9.992],[-47.482,-9.981],[-47.493,-9.988],[-47.504,-9.989],[-47.513,-9.984],[-47.531,-9.989],[-47.552,-9.981],[-47.577,-9.983],[-47.591,-9.98],[-47.598,-9.979],[-47.605,-9.987],[-47.616,-9.99],[-47.629,-9.988],[-47.637,-9.981],[-47.658,-9.977],[-47.664,-9.969],[-47.666,-9.965],[-47.676,-9.961],[-47.7,-9.958],[-47.715,-9.953],[-47.724,-9.942],[-47.752,-9.928],[-47.789,-9.923],[-47.795,-9.912],[-47.808,-9.903],[-47.817,-9.887],[-47.84,-9.879],[-47.852,-9.873],[-47.869,-9.856],[-47.878,-9.839],[-47.88,-9.829],[-47.881,-9.817],[-47.891,-9.799],[-47.895,-9.771],[-47.896,-9.743],[-47.902,-9.717],[-47.908,-9.657],[-47.912,-9.649],[-47.914,-9.646],[-47.919,-9.625],[-47.911,-9.608],[-47.922,-9.589],[-47.925,-9.58],[-47.923,-9.558],[-47.934,-9.545],[-47.936,-9.538],[-47.925,-9.517],[-47.927,-9.504],[-47.929,-9.479],[-47.918,-9.454],[-47.9,-9.4],[-47.897,-9.373],[-47.897,-9.361],[-47.899,-9.355],[-47.905,-9.34],[-47.902,-9.34],[-47.891,-9.34],[-47.877,-9.333],[-47.862,-9.35],[-47.852,-9.353],[-47.826,-9.334],[-47.816,-9.321],[-47.819,-9.31],[-47.808,-9.319],[-47.788,-9.323],[-47.765,-9.321],[-47.757,-9.331],[-47.742,-9.334],[-47.739,-9.333],[-47.735,-9.315],[-47.725,-9.315],[-47.724,-9.319],[-47.727,-9.333],[-47.723,-9.336],[-47.716,-9.336],[-47.71,-9.33],[-47.694,-9.331],[-47.682,-9.333],[-47.668,-9.342],[-47.653,-9.355],[-47.648,-9.354],[-47.642,-9.348],[-47.639,-9.33],[-47.634,-9.328],[-47.62,-9.331],[-47.614,-9.326],[-47.607,-9.32],[-47.605,-9.309],[-47.598,-9.302],[-47.562,-9.315],[-47.532,-9.301],[-47.517,-9.286],[-47.517,-9.275],[-47.529,-9.265],[-47.528,-9.261],[-47.52,-9.255],[-47.497,-9.263],[-47.495,-9.259],[-47.466,-9.243],[-47.462,-9.25],[-47.454,-9.249],[-47.433,-9.232],[-47.425,-9.238],[-47.407,-9.238]]]}},{"type":"Feature","properties":{"id":"1718808","nome":"Sampaio"},"geometry":{"type":"Polygon","coordinates":[[[-47.867,-5.342],[-47.843,-5.376],[-47.827,-5.386],[-47.869,-5.417],[-47.913,-5.405],[-47.937,-5.384],[-47.94,-5.393],[-47.933,-5.402],[-47.936,-5.417],[-47.926,-5.427],[-47.925,-5.44],[-47.928,-5.448],[-47.978,-5.423],[-47.97,-5.416],[-47.96,-5.396],[-47.952,-5.391],[-47.944,-5.366],[-47.936,-5.353],[-47.933,-5.353],[-48.014,-5.238],[-48.004,-5.234],[-47.937,-5.239],[-47.885,-5.26],[-47.872,-5.272],[-47.87,-5.28],[-47.866,-5.305],[-47.867,-5.342]]]}},{"type":"Feature","properties":{"id":"1718840","nome":"Sandol\u00e2ndia"},"geometry":{"type":"Polygon","coordinates":[[[-49.749,-12.121],[-49.745,-12.129],[-49.741,-12.13],[-49.738,-12.126],[-49.735,-12.129],[-49.739,-12.136],[-49.731,-12.138],[-49.738,-12.143],[-49.734,-12.147],[-49.736,-12.151],[-49.733,-12.152],[-49.735,-12.158],[-49.73,-12.16],[-49.723,-12.174],[-49.718,-12.175],[-49.718,-12.169],[-49.715,-12.178],[-49.71,-12.181],[-49.704,-12.18],[-49.7,-12.173],[-49.69,-12.179],[-49.677,-12.181],[-49.672,-12.201],[-49.656,-12.22],[-49.647,-12.225],[-49.643,-12.238],[-49.634,-12.239],[-49.636,-12.248],[-49.644,-12.245],[-49.648,-12.248],[-49.65,-12.271],[-49.643,-12.273],[-49.623,-12.268],[-49.597,-12.283],[-49.598,-12.294],[-49.591,-12.303],[-49.582,-12.304],[-49.578,-12.325],[-49.586,-12.329],[-49.59,-12.327],[-49.597,-12.332],[-49.602,-12.337],[-49.608,-12.337],[-49.61,-12.341],[-49.599,-12.356],[-49.591,-12.374],[-49.576,-12.385],[-49.594,-12.392],[-49.594,-12.401],[-49.585,-12.407],[-49.588,-12.419],[-49.572,-12.41],[-49.567,-12.423],[-49.562,-12.423],[-49.558,-12.419],[-49.551,-12.422],[-49.557,-12.441],[-49.556,-12.448],[-49.552,-12.453],[-49.544,-12.452],[-49.542,-12.457],[-49.553,-12.461],[-49.557,-12.467],[-49.554,-12.472],[-49.544,-12.474],[-49.546,-12.491],[-49.538,-12.497],[-49.533,-12.507],[-49.52,-12.509],[-49.517,-12.514],[-49.517,-12.522],[-49.526,-12.533],[-49.547,-12.544],[-49.547,-12.551],[-49.555,-12.553],[-49.566,-12.57],[-49.574,-12.571],[-49.585,-12.581],[-49.591,-12.591],[-49.607,-12.596],[-49.614,-12.603],[-49.615,-12.612],[-49.64,-12.61],[-49.658,-12.62],[-49.665,-12.615],[-49.704,-12.632],[-49.716,-12.643],[-49.747,-12.693],[-49.77,-12.706],[-49.789,-12.706],[-49.796,-12.718],[-49.794,-12.696],[-49.797,-12.697],[-49.804,-12.686],[-49.812,-12.684],[-49.819,-12.688],[-49.828,-12.684],[-49.838,-12.687],[-49.85,-12.677],[-49.87,-12.674],[-49.876,-12.667],[-49.885,-12.666],[-49.895,-12.66],[-49.906,-12.668],[-49.912,-12.668],[-49.926,-12.664],[-49.94,-12.653],[-49.947,-12.652],[-49.948,-12.648],[-49.985,-12.641],[-49.983,-12.644],[-49.986,-12.646],[-49.999,-12.644],[-50.038,-12.66],[-50.055,-12.638],[-50.074,-12.623],[-50.103,-12.611],[-50.11,-12.611],[-50.14,-12.623],[-50.154,-12.613],[-50.17,-12.608],[-50.187,-12.585],[-50.193,-12.564],[-50.197,-12.555],[-50.203,-12.553],[-50.206,-12.554],[-50.206,-12.562],[-50.212,-12.561],[-50.213,-12.548],[-50.223,-12.543],[-50.229,-12.533],[-50.219,-12.517],[-50.217,-12.488],[-50.214,-12.482],[-50.205,-12.477],[-50.205,-12.465],[-50.196,-12.458],[-50.184,-12.455],[-50.179,-12.439],[-50.164,-12.437],[-50.159,-12.431],[-50.158,-12.412],[-50.142,-12.396],[-50.13,-12.388],[-50.129,-12.382],[-50.137,-12.375],[-50.136,-12.371],[-50.12,-12.374],[-50.115,-12.367],[-50.117,-12.359],[-50.123,-12.355],[-50.121,-12.341],[-50.127,-12.328],[-50.116,-12.322],[-50.11,-12.325],[-50.105,-12.324],[-50.104,-12.315],[-50.113,-12.302],[-50.112,-12.291],[-50.117,-12.271],[-50.114,-12.263],[-50.131,-12.257],[-50.124,-12.251],[-50.128,-12.246],[-50.131,-12.224],[-50.126,-12.221],[-50.111,-12.22],[-50.104,-12.225],[-50.095,-12.217],[-50.101,-12.204],[-50.099,-12.2],[-50.087,-12.201],[-50.083,-12.196],[-50.086,-12.179],[-50.092,-12.171],[-50.086,-12.143],[-50.097,-12.132],[-50.076,-12.125],[-50.069,-12.13],[-50.063,-12.118],[-50.052,-12.107],[-50.049,-12.105],[-50.049,-12.091],[-50.042,-12.084],[-50.026,-12.08],[-50.023,-12.072],[-50.027,-12.064],[-50.02,-12.058],[-50.015,-12.062],[-50.009,-12.079],[-49.971,-12.085],[-49.939,-12.09],[-49.749,-12.121]]]}},{"type":"Feature","properties":{"id":"1718865","nome":"Santa F\u00e9 do Araguaia"},"geometry":{"type":"Polygon","coordinates":[[[-48.988,-6.967],[-48.982,-6.971],[-48.971,-6.969],[-48.956,-6.985],[-48.95,-6.988],[-48.945,-6.986],[-48.939,-6.992],[-48.927,-6.997],[-48.927,-7.004],[-48.915,-7.018],[-48.911,-7.032],[-48.9,-7.034],[-48.895,-7.039],[-48.9,-7.04],[-48.898,-7.048],[-48.865,-7.069],[-48.789,-7.106],[-48.785,-7.092],[-48.774,-7.091],[-48.768,-7.085],[-48.762,-7.057],[-48.763,-7.047],[-48.759,-7.043],[-48.75,-7.051],[-48.732,-7.055],[-48.726,-7.066],[-48.714,-7.071],[-48.706,-7.097],[-48.692,-7.104],[-48.683,-7.103],[-48.677,-7.108],[-48.668,-7.119],[-48.665,-7.133],[-48.68,-7.255],[-48.683,-7.28],[-48.685,-7.277],[-48.71,-7.272],[-48.729,-7.275],[-48.749,-7.265],[-48.754,-7.264],[-48.759,-7.269],[-48.779,-7.269],[-48.811,-7.263],[-48.841,-7.263],[-48.854,-7.258],[-48.863,-7.244],[-48.869,-7.244],[-48.881,-7.26],[-48.884,-7.255],[-48.885,-7.249],[-48.901,-7.242],[-48.91,-7.242],[-48.932,-7.231],[-48.954,-7.235],[-48.965,-7.23],[-48.99,-7.241],[-48.997,-7.251],[-49.009,-7.251],[-49.016,-7.261],[-49.024,-7.252],[-49.033,-7.25],[-49.036,-7.243],[-49.044,-7.245],[-49.061,-7.237],[-49.07,-7.229],[-49.098,-7.221],[-49.106,-7.223],[-49.107,-7.216],[-49.116,-7.212],[-49.168,-7.198],[-49.173,-7.2],[-49.187,-7.192],[-49.187,-7.188],[-49.187,-7.187],[-49.193,-7.129],[-49.193,-7.105],[-49.191,-7.075],[-49.193,-7.04],[-49.195,-7.026],[-49.209,-6.983],[-49.215,-6.975],[-49.217,-6.961],[-49.214,-6.938],[-49.209,-6.925],[-49.192,-6.913],[-49.183,-6.907],[-49.179,-6.898],[-49.172,-6.893],[-49.15,-6.888],[-49.115,-6.87],[-49.083,-6.843],[-49.043,-6.815],[-49.031,-6.801],[-49.032,-6.804],[-49.02,-6.826],[-49.023,-6.834],[-49.02,-6.841],[-49.027,-6.86],[-49.019,-6.869],[-49.015,-6.904],[-49.017,-6.917],[-49.012,-6.922],[-49.01,-6.938],[-49.004,-6.952],[-48.994,-6.958],[-48.988,-6.967]]]}},{"type":"Feature","properties":{"id":"1718881","nome":"Santa Maria do Tocantins"},"geometry":{"type":"Polygon","coordinates":[[[-48.112,-8.651],[-48.102,-8.659],[-48.098,-8.657],[-48.095,-8.663],[-48.095,-8.66],[-48.093,-8.662],[-48.088,-8.656],[-48.081,-8.659],[-48.08,-8.667],[-48.077,-8.662],[-48.072,-8.666],[-48.065,-8.664],[-48.059,-8.669],[-48.058,-8.674],[-48.05,-8.668],[-48.038,-8.669],[-48.038,-8.672],[-48.033,-8.668],[-48.029,-8.671],[-48.03,-8.667],[-48.026,-8.665],[-48.021,-8.667],[-48.025,-8.658],[-48.016,-8.657],[-48.019,-8.656],[-48.016,-8.65],[-48.012,-8.647],[-48.004,-8.659],[-47.99,-8.661],[-47.99,-8.664],[-47.986,-8.662],[-47.978,-8.671],[-47.968,-8.673],[-47.962,-8.678],[-47.953,-8.678],[-47.941,-8.687],[-47.922,-8.733],[-47.915,-8.736],[-47.894,-8.739],[-47.89,-8.736],[-47.878,-8.736],[-47.869,-8.742],[-47.852,-8.745],[-47.809,-8.736],[-47.788,-8.744],[-47.766,-8.729],[-47.75,-8.731],[-47.743,-8.729],[-47.679,-8.7],[-47.681,-8.703],[-47.678,-8.715],[-47.683,-8.724],[-47.692,-8.727],[-47.698,-8.736],[-47.697,-8.747],[-47.701,-8.754],[-47.7,-8.763],[-47.695,-8.769],[-47.696,-8.773],[-47.69,-8.775],[-47.692,-8.78],[-47.688,-8.784],[-47.688,-8.794],[-47.685,-8.795],[-47.684,-8.8],[-47.674,-8.802],[-47.665,-8.802],[-47.661,-8.798],[-47.656,-8.8],[-47.65,-8.809],[-47.643,-8.809],[-47.639,-8.805],[-47.636,-8.807],[-47.624,-8.805],[-47.613,-8.812],[-47.608,-8.809],[-47.597,-8.82],[-47.59,-8.82],[-47.588,-8.824],[-47.584,-8.82],[-47.575,-8.825],[-47.571,-8.833],[-47.562,-8.831],[-47.553,-8.838],[-47.543,-8.837],[-47.527,-8.829],[-47.516,-8.812],[-47.502,-8.807],[-47.498,-8.8],[-47.483,-8.802],[-47.472,-8.797],[-47.544,-8.936],[-47.546,-8.929],[-47.559,-8.916],[-47.563,-8.918],[-47.567,-8.916],[-47.566,-8.907],[-47.572,-8.901],[-47.572,-8.886],[-47.588,-8.884],[-47.61,-8.94],[-47.623,-8.95],[-47.639,-8.949],[-47.642,-8.953],[-47.657,-8.954],[-47.654,-8.959],[-47.658,-8.96],[-47.662,-8.954],[-47.676,-8.953],[-47.678,-8.957],[-47.691,-8.951],[-47.7,-8.958],[-47.704,-8.966],[-47.713,-8.962],[-47.714,-8.957],[-47.721,-8.955],[-47.737,-8.968],[-47.747,-8.968],[-47.761,-8.965],[-47.767,-8.96],[-47.774,-8.96],[-47.797,-8.946],[-47.802,-8.951],[-47.806,-8.948],[-47.812,-8.949],[-47.814,-8.956],[-47.828,-8.952],[-47.83,-8.956],[-47.838,-8.955],[-47.841,-8.958],[-47.851,-8.949],[-47.855,-8.952],[-47.859,-8.949],[-47.863,-8.952],[-47.869,-8.949],[-47.871,-8.953],[-47.873,-8.951],[-47.879,-8.953],[-47.882,-8.959],[-47.892,-8.955],[-47.894,-8.96],[-47.904,-8.955],[-47.912,-8.959],[-47.921,-8.955],[-47.919,-8.947],[-47.925,-8.943],[-47.925,-8.937],[-47.931,-8.931],[-47.935,-8.932],[-47.941,-8.922],[-47.943,-8.924],[-47.946,-8.918],[-47.958,-8.919],[-47.956,-8.914],[-47.963,-8.911],[-47.957,-8.906],[-47.959,-8.903],[-47.967,-8.901],[-47.966,-8.897],[-47.974,-8.897],[-47.974,-8.893],[-47.977,-8.894],[-47.98,-8.89],[-47.979,-8.881],[-47.983,-8.88],[-47.989,-8.882],[-47.988,-8.872],[-47.994,-8.882],[-48.0,-8.881],[-48.005,-8.886],[-48.009,-8.879],[-48.011,-8.889],[-48.018,-8.883],[-48.018,-8.877],[-48.051,-8.88],[-48.057,-8.875],[-48.058,-8.87],[-48.074,-8.871],[-48.074,-8.866],[-48.083,-8.864],[-48.087,-8.864],[-48.088,-8.873],[-48.093,-8.872],[-48.095,-8.862],[-48.106,-8.868],[-48.11,-8.866],[-48.105,-8.856],[-48.106,-8.851],[-48.116,-8.846],[-48.116,-8.832],[-48.121,-8.829],[-48.121,-8.837],[-48.124,-8.836],[-48.125,-8.821],[-48.115,-8.799],[-48.11,-8.773],[-48.114,-8.76],[-48.127,-8.741],[-48.129,-8.732],[-48.123,-8.671],[-48.129,-8.636],[-48.127,-8.634],[-48.119,-8.644],[-48.112,-8.645],[-48.112,-8.651]]]}},{"type":"Feature","properties":{"id":"1718899","nome":"Santa Rita do Tocantins"},"geometry":{"type":"Polygon","coordinates":[[[-49.32,-10.739],[-49.316,-10.748],[-49.307,-10.746],[-49.3,-10.751],[-49.295,-10.749],[-49.286,-10.758],[-49.281,-10.754],[-49.274,-10.759],[-49.243,-10.755],[-49.234,-10.762],[-49.227,-10.762],[-49.214,-10.776],[-49.206,-10.797],[-49.185,-10.805],[-49.178,-10.797],[-49.165,-10.801],[-49.156,-10.793],[-49.14,-10.814],[-49.133,-10.808],[-49.128,-10.813],[-49.109,-10.815],[-49.104,-10.808],[-49.094,-10.81],[-49.091,-10.806],[-49.085,-10.813],[-49.075,-10.816],[-49.072,-10.81],[-49.062,-10.81],[-49.05,-10.794],[-49.039,-10.792],[-49.035,-10.783],[-49.028,-10.779],[-49.021,-10.78],[-49.012,-10.785],[-49.008,-10.812],[-48.998,-10.842],[-48.98,-10.843],[-48.898,-10.844],[-48.887,-10.85],[-48.879,-10.872],[-48.868,-10.89],[-48.871,-10.917],[-48.858,-10.927],[-48.852,-10.939],[-48.856,-10.958],[-48.853,-10.967],[-48.854,-10.994],[-48.841,-11.006],[-48.839,-11.024],[-48.83,-11.051],[-48.842,-11.079],[-48.857,-11.098],[-48.857,-11.104],[-48.864,-11.106],[-48.866,-11.101],[-48.876,-11.097],[-48.882,-11.1],[-48.886,-11.096],[-48.902,-11.095],[-48.91,-11.099],[-48.925,-11.096],[-48.941,-11.114],[-48.954,-11.116],[-48.97,-11.125],[-48.98,-11.126],[-48.998,-11.122],[-49.008,-11.128],[-49.021,-11.125],[-49.047,-11.131],[-49.052,-11.132],[-49.07,-11.121],[-49.089,-11.117],[-49.114,-11.117],[-49.143,-11.11],[-49.15,-11.112],[-49.166,-11.081],[-49.169,-11.064],[-49.175,-11.057],[-49.177,-11.064],[-49.181,-11.066],[-49.19,-11.063],[-49.193,-11.075],[-49.199,-11.082],[-49.197,-11.09],[-49.208,-11.095],[-49.215,-11.113],[-49.22,-11.112],[-49.23,-11.104],[-49.239,-11.105],[-49.264,-11.123],[-49.278,-11.123],[-49.287,-11.127],[-49.293,-11.118],[-49.292,-11.102],[-49.297,-11.096],[-49.318,-11.096],[-49.333,-11.104],[-49.338,-11.103],[-49.347,-11.11],[-49.353,-11.108],[-49.375,-11.112],[-49.382,-11.126],[-49.391,-11.129],[-49.394,-11.137],[-49.405,-11.142],[-49.418,-11.162],[-49.426,-11.169],[-49.438,-11.168],[-49.442,-11.173],[-49.448,-11.171],[-49.455,-11.174],[-49.452,-11.176],[-49.456,-11.176],[-49.459,-11.185],[-49.476,-11.175],[-49.489,-11.184],[-49.496,-11.183],[-49.503,-11.188],[-49.513,-11.177],[-49.519,-11.183],[-49.528,-11.178],[-49.531,-11.182],[-49.54,-11.181],[-49.541,-11.183],[-49.541,-11.176],[-49.548,-11.173],[-49.559,-11.176],[-49.558,-11.171],[-49.561,-11.171],[-49.562,-11.165],[-49.556,-11.165],[-49.555,-11.161],[-49.563,-11.161],[-49.57,-11.155],[-49.573,-11.161],[-49.581,-11.153],[-49.585,-11.161],[-49.597,-11.157],[-49.599,-11.153],[-49.612,-11.146],[-49.619,-11.136],[-49.618,-11.132],[-49.631,-11.124],[-49.639,-11.127],[-49.653,-11.125],[-49.662,-11.12],[-49.664,-11.111],[-49.693,-11.1],[-49.697,-11.089],[-49.71,-11.082],[-49.722,-11.06],[-49.73,-11.062],[-49.741,-11.052],[-49.736,-11.036],[-49.746,-11.035],[-49.75,-11.037],[-49.754,-11.025],[-49.766,-11.024],[-49.77,-11.008],[-49.777,-11.006],[-49.779,-11.01],[-49.793,-11.015],[-49.793,-11.005],[-49.799,-10.997],[-49.794,-10.989],[-49.795,-10.976],[-49.789,-10.972],[-49.783,-10.953],[-49.778,-10.949],[-49.783,-10.938],[-49.761,-10.918],[-49.765,-10.909],[-49.758,-10.903],[-49.73,-10.907],[-49.727,-10.916],[-49.718,-10.923],[-49.717,-10.917],[-49.71,-10.915],[-49.713,-10.913],[-49.71,-10.909],[-49.703,-10.911],[-49.692,-10.927],[-49.686,-10.918],[-49.677,-10.922],[-49.665,-10.915],[-49.647,-10.923],[-49.643,-10.921],[-49.631,-10.928],[-49.621,-10.911],[-49.604,-10.91],[-49.584,-10.897],[-49.575,-10.883],[-49.576,-10.865],[-49.569,-10.856],[-49.571,-10.851],[-49.559,-10.842],[-49.562,-10.834],[-49.555,-10.827],[-49.552,-10.835],[-49.543,-10.832],[-49.527,-10.839],[-49.522,-10.834],[-49.513,-10.838],[-49.502,-10.828],[-49.5,-10.822],[-49.495,-10.822],[-49.484,-10.816],[-49.465,-10.816],[-49.453,-10.805],[-49.443,-10.804],[-49.434,-10.797],[-49.424,-10.783],[-49.42,-10.784],[-49.404,-10.777],[-49.389,-10.759],[-49.375,-10.752],[-49.367,-10.76],[-49.359,-10.749],[-49.339,-10.741],[-49.325,-10.741],[-49.325,-10.738],[-49.32,-10.739]]]}},{"type":"Feature","properties":{"id":"1718907","nome":"Santa Rosa do Tocantins"},"geometry":{"type":"Polygon","coordinates":[[[-47.848,-11.221],[-47.832,-11.221],[-47.827,-11.216],[-47.812,-11.216],[-47.807,-11.209],[-47.803,-11.21],[-47.794,-11.216],[-47.794,-11.223],[-47.779,-11.229],[-47.776,-11.236],[-47.772,-11.236],[-47.768,-11.247],[-47.773,-11.259],[-47.768,-11.268],[-47.781,-11.28],[-47.79,-11.283],[-47.795,-11.288],[-47.801,-11.287],[-47.808,-11.291],[-47.804,-11.304],[-47.811,-11.321],[-47.811,-11.328],[-47.816,-11.329],[-47.814,-11.336],[-47.817,-11.344],[-47.804,-11.35],[-47.832,-11.365],[-47.852,-11.376],[-47.884,-11.383],[-47.907,-11.395],[-47.909,-11.405],[-47.917,-11.41],[-47.925,-11.421],[-47.924,-11.445],[-47.93,-11.468],[-47.941,-11.481],[-47.946,-11.481],[-47.951,-11.498],[-47.962,-11.51],[-47.97,-11.528],[-47.968,-11.541],[-47.975,-11.545],[-47.976,-11.557],[-47.978,-11.555],[-47.987,-11.558],[-47.991,-11.559],[-47.988,-11.562],[-47.991,-11.572],[-47.989,-11.581],[-48.0,-11.584],[-48.007,-11.591],[-48.018,-11.596],[-48.016,-11.599],[-48.019,-11.601],[-48.033,-11.581],[-48.04,-11.581],[-48.045,-11.589],[-48.052,-11.585],[-48.05,-11.591],[-48.052,-11.594],[-48.053,-11.59],[-48.059,-11.59],[-48.065,-11.598],[-48.07,-11.588],[-48.081,-11.582],[-48.083,-11.589],[-48.09,-11.593],[-48.103,-11.589],[-48.102,-11.599],[-48.112,-11.592],[-48.128,-11.605],[-48.137,-11.602],[-48.14,-11.62],[-48.153,-11.615],[-48.154,-11.607],[-48.158,-11.604],[-48.168,-11.607],[-48.17,-11.604],[-48.178,-11.601],[-48.179,-11.594],[-48.187,-11.585],[-48.2,-11.578],[-48.212,-11.589],[-48.22,-11.586],[-48.231,-11.574],[-48.24,-11.57],[-48.254,-11.546],[-48.287,-11.533],[-48.289,-11.526],[-48.294,-11.496],[-48.299,-11.489],[-48.306,-11.483],[-48.318,-11.483],[-48.336,-11.473],[-48.339,-11.463],[-48.356,-11.45],[-48.359,-11.442],[-48.341,-11.431],[-48.342,-11.425],[-48.364,-11.408],[-48.367,-11.4],[-48.375,-11.395],[-48.386,-11.366],[-48.399,-11.368],[-48.426,-11.355],[-48.433,-11.349],[-48.451,-11.319],[-48.457,-11.301],[-48.451,-11.275],[-48.453,-11.263],[-48.448,-11.26],[-48.433,-11.265],[-48.422,-11.274],[-48.404,-11.278],[-48.399,-11.273],[-48.392,-11.28],[-48.388,-11.274],[-48.378,-11.277],[-48.372,-11.272],[-48.366,-11.28],[-48.36,-11.275],[-48.35,-11.288],[-48.339,-11.287],[-48.338,-11.296],[-48.331,-11.293],[-48.329,-11.299],[-48.318,-11.31],[-48.313,-11.305],[-48.317,-11.305],[-48.31,-11.29],[-48.305,-11.295],[-48.282,-11.297],[-48.277,-11.288],[-48.264,-11.288],[-48.255,-11.285],[-48.249,-11.288],[-48.239,-11.281],[-48.226,-11.284],[-48.212,-11.281],[-48.206,-11.276],[-48.196,-11.275],[-48.18,-11.273],[-48.17,-11.268],[-48.162,-11.269],[-48.144,-11.287],[-48.141,-11.3],[-48.135,-11.306],[-48.104,-11.317],[-48.098,-11.316],[-48.097,-11.319],[-48.092,-11.317],[-48.089,-11.315],[-48.079,-11.288],[-48.071,-11.282],[-48.052,-11.277],[-48.05,-11.272],[-48.039,-11.268],[-48.02,-11.266],[-48.012,-11.261],[-48.01,-11.256],[-48.005,-11.258],[-47.993,-11.247],[-47.973,-11.256],[-47.952,-11.252],[-47.948,-11.248],[-47.941,-11.251],[-47.93,-11.248],[-47.917,-11.236],[-47.904,-11.235],[-47.872,-11.205],[-47.862,-11.206],[-47.848,-11.221]]]}},{"type":"Feature","properties":{"id":"1719004","nome":"Santa Tereza do Tocantins"},"geometry":{"type":"Polygon","coordinates":[[[-47.755,-10.18],[-47.752,-10.185],[-47.736,-10.183],[-47.733,-10.189],[-47.721,-10.192],[-47.715,-10.198],[-47.712,-10.198],[-47.711,-10.193],[-47.681,-10.195],[-47.66,-10.204],[-47.654,-10.214],[-47.644,-10.221],[-47.638,-10.221],[-47.632,-10.217],[-47.624,-10.231],[-47.614,-10.233],[-47.614,-10.238],[-47.568,-10.247],[-47.569,-10.249],[-47.572,-10.254],[-47.575,-10.251],[-47.597,-10.25],[-47.608,-10.256],[-47.619,-10.256],[-47.627,-10.266],[-47.633,-10.267],[-47.636,-10.264],[-47.641,-10.269],[-47.644,-10.268],[-47.644,-10.283],[-47.641,-10.29],[-47.634,-10.292],[-47.64,-10.327],[-47.636,-10.333],[-47.621,-10.34],[-47.62,-10.349],[-47.665,-10.381],[-47.669,-10.387],[-47.668,-10.394],[-47.673,-10.393],[-47.67,-10.398],[-47.677,-10.394],[-47.677,-10.4],[-47.694,-10.402],[-47.695,-10.405],[-47.709,-10.399],[-47.716,-10.404],[-47.723,-10.402],[-47.729,-10.409],[-47.734,-10.413],[-47.737,-10.412],[-47.738,-10.415],[-47.741,-10.411],[-47.746,-10.412],[-47.753,-10.421],[-47.753,-10.415],[-47.763,-10.418],[-47.769,-10.411],[-47.771,-10.416],[-47.776,-10.407],[-47.779,-10.411],[-47.784,-10.407],[-47.788,-10.409],[-47.798,-10.404],[-47.805,-10.409],[-47.823,-10.407],[-47.826,-10.4],[-47.837,-10.395],[-47.842,-10.381],[-47.86,-10.38],[-47.866,-10.372],[-47.863,-10.352],[-47.868,-10.329],[-47.856,-10.322],[-47.855,-10.311],[-47.858,-10.289],[-47.84,-10.275],[-47.83,-10.262],[-47.826,-10.249],[-47.817,-10.237],[-47.813,-10.219],[-47.815,-10.207],[-47.797,-10.18],[-47.794,-10.166],[-47.773,-10.162],[-47.771,-10.166],[-47.761,-10.167],[-47.762,-10.174],[-47.755,-10.176],[-47.755,-10.18]]]}},{"type":"Feature","properties":{"id":"1720002","nome":"Santa Terezinha do Tocantins"},"geometry":{"type":"Polygon","coordinates":[[[-47.686,-6.403],[-47.657,-6.415],[-47.595,-6.407],[-47.594,-6.414],[-47.584,-6.415],[-47.604,-6.433],[-47.618,-6.434],[-47.621,-6.43],[-47.622,-6.443],[-47.631,-6.443],[-47.635,-6.45],[-47.644,-6.453],[-47.649,-6.47],[-47.662,-6.469],[-47.672,-6.477],[-47.676,-6.475],[-47.685,-6.48],[-47.688,-6.489],[-47.696,-6.495],[-47.698,-6.501],[-47.706,-6.499],[-47.709,-6.503],[-47.712,-6.5],[-47.717,-6.505],[-47.721,-6.503],[-47.721,-6.499],[-47.73,-6.497],[-47.746,-6.509],[-47.748,-6.508],[-47.763,-6.533],[-47.768,-6.534],[-47.766,-6.546],[-47.771,-6.557],[-47.824,-6.566],[-47.858,-6.54],[-47.825,-6.429],[-47.811,-6.42],[-47.8,-6.421],[-47.769,-6.411],[-47.748,-6.427],[-47.731,-6.412],[-47.686,-6.403]]]}},{"type":"Feature","properties":{"id":"1720101","nome":"S\u00e3o Bento do Tocantins"},"geometry":{"type":"Polygon","coordinates":[[[-47.756,-5.764],[-47.752,-5.765],[-47.749,-5.764],[-47.748,-5.766],[-47.747,-5.783],[-47.752,-5.8],[-47.744,-5.814],[-47.734,-5.823],[-47.737,-5.837],[-47.736,-5.854],[-47.734,-5.862],[-47.723,-5.874],[-47.722,-5.881],[-47.733,-5.91],[-47.728,-5.917],[-47.706,-5.927],[-47.702,-5.939],[-47.702,-5.94],[-47.7,-5.949],[-47.704,-5.959],[-47.7,-5.989],[-47.708,-6.006],[-47.702,-6.015],[-47.692,-6.018],[-47.727,-6.012],[-47.741,-6.016],[-47.763,-6.009],[-47.782,-6.016],[-47.79,-6.024],[-47.83,-6.021],[-47.848,-6.028],[-47.878,-6.026],[-47.888,-6.018],[-47.895,-6.022],[-47.906,-6.05],[-47.908,-6.072],[-47.97,-6.065],[-47.97,-6.074],[-47.956,-6.09],[-47.958,-6.095],[-47.955,-6.101],[-47.96,-6.108],[-47.955,-6.133],[-47.972,-6.154],[-47.991,-6.157],[-47.998,-6.158],[-48.012,-6.146],[-48.027,-6.14],[-48.038,-6.127],[-48.041,-6.13],[-48.056,-6.128],[-48.06,-6.133],[-48.065,-6.128],[-48.082,-6.124],[-48.087,-6.128],[-48.092,-6.122],[-48.102,-6.122],[-48.109,-6.117],[-48.114,-6.119],[-48.127,-6.113],[-48.133,-6.116],[-48.135,-6.113],[-48.145,-6.12],[-48.153,-6.121],[-48.169,-6.111],[-48.175,-6.102],[-48.186,-6.105],[-48.195,-6.102],[-48.198,-6.099],[-48.195,-6.091],[-48.204,-6.094],[-48.202,-6.087],[-48.205,-6.085],[-48.195,-6.08],[-48.198,-6.074],[-48.206,-6.075],[-48.205,-6.067],[-48.209,-6.065],[-48.205,-6.055],[-48.21,-6.05],[-48.206,-6.047],[-48.207,-6.043],[-48.197,-6.047],[-48.198,-6.04],[-48.205,-6.038],[-48.205,-6.035],[-48.209,-6.036],[-48.215,-6.025],[-48.22,-6.023],[-48.222,-6.025],[-48.224,-6.021],[-48.218,-6.02],[-48.219,-6.016],[-48.223,-6.016],[-48.228,-6.021],[-48.229,-6.016],[-48.224,-6.013],[-48.223,-6.005],[-48.216,-5.998],[-48.206,-6.004],[-48.193,-5.999],[-48.178,-6.008],[-48.163,-6.009],[-48.154,-6.002],[-48.146,-6.001],[-48.137,-5.987],[-48.119,-5.974],[-48.104,-5.973],[-48.091,-5.965],[-48.075,-5.965],[-48.069,-5.953],[-48.074,-5.945],[-48.087,-5.936],[-48.091,-5.923],[-48.082,-5.908],[-48.077,-5.881],[-48.067,-5.877],[-48.062,-5.878],[-48.067,-5.882],[-48.062,-5.883],[-48.054,-5.878],[-48.048,-5.881],[-48.046,-5.889],[-48.036,-5.89],[-48.028,-5.896],[-48.023,-5.894],[-48.017,-5.892],[-48.015,-5.896],[-48.017,-5.901],[-48.001,-5.908],[-47.999,-5.915],[-48.004,-5.918],[-47.999,-5.932],[-47.992,-5.928],[-47.977,-5.937],[-47.966,-5.937],[-47.961,-5.946],[-47.944,-5.957],[-47.938,-5.969],[-47.932,-5.973],[-47.929,-5.969],[-47.904,-5.964],[-47.88,-5.944],[-47.885,-5.88],[-47.881,-5.877],[-47.874,-5.881],[-47.869,-5.875],[-47.861,-5.876],[-47.851,-5.868],[-47.863,-5.773],[-47.859,-5.767],[-47.866,-5.763],[-47.865,-5.753],[-47.844,-5.756],[-47.83,-5.75],[-47.819,-5.75],[-47.81,-5.763],[-47.793,-5.765],[-47.779,-5.756],[-47.781,-5.752],[-47.77,-5.749],[-47.765,-5.741],[-47.758,-5.75],[-47.756,-5.764]]]}},{"type":"Feature","properties":{"id":"1720150","nome":"S\u00e3o F\u00e9lix do Tocantins"},"geometry":{"type":"Polygon","coordinates":[[[-46.475,-9.906],[-46.478,-9.923],[-46.465,-9.937],[-46.477,-9.952],[-46.471,-9.973],[-46.477,-9.988],[-46.457,-10.018],[-46.457,-10.047],[-46.443,-10.078],[-46.42,-10.08],[-46.384,-10.12],[-46.367,-10.168],[-46.348,-10.173],[-46.327,-10.183],[-46.313,-10.172],[-46.301,-10.178],[-46.273,-10.181],[-46.24,-10.171],[-46.22,-10.17],[-46.21,-10.169],[-46.202,-10.174],[-46.194,-10.183],[-46.212,-10.202],[-46.219,-10.195],[-46.263,-10.197],[-46.283,-10.227],[-46.294,-10.23],[-46.319,-10.209],[-46.33,-10.206],[-46.349,-10.21],[-46.36,-10.221],[-46.369,-10.223],[-46.391,-10.212],[-46.42,-10.211],[-46.426,-10.215],[-46.436,-10.217],[-46.438,-10.214],[-46.443,-10.215],[-46.453,-10.209],[-46.463,-10.212],[-46.472,-10.21],[-46.478,-10.204],[-46.492,-10.204],[-46.494,-10.208],[-46.499,-10.204],[-46.513,-10.205],[-46.525,-10.2],[-46.532,-10.205],[-46.535,-10.202],[-46.546,-10.207],[-46.548,-10.202],[-46.551,-10.207],[-46.563,-10.208],[-46.563,-10.215],[-46.569,-10.216],[-46.574,-10.212],[-46.577,-10.217],[-46.58,-10.216],[-46.584,-10.219],[-46.595,-10.218],[-46.598,-10.214],[-46.605,-10.228],[-46.607,-10.225],[-46.614,-10.224],[-46.618,-10.212],[-46.622,-10.217],[-46.631,-10.214],[-46.632,-10.209],[-46.636,-10.211],[-46.643,-10.209],[-46.645,-10.206],[-46.642,-10.205],[-46.648,-10.195],[-46.655,-10.196],[-46.658,-10.186],[-46.667,-10.186],[-46.668,-10.178],[-46.673,-10.173],[-46.68,-10.162],[-46.69,-10.164],[-46.691,-10.16],[-46.705,-10.158],[-46.713,-10.152],[-46.721,-10.159],[-46.735,-10.152],[-46.742,-10.152],[-46.749,-10.153],[-46.756,-10.148],[-46.769,-10.158],[-46.777,-10.152],[-46.784,-10.16],[-46.786,-10.163],[-46.798,-10.164],[-46.8,-10.161],[-46.817,-10.16],[-46.837,-10.177],[-46.838,-10.184],[-46.843,-10.183],[-46.846,-10.187],[-46.855,-10.187],[-46.86,-10.193],[-46.883,-10.191],[-46.894,-10.195],[-46.902,-10.194],[-46.906,-10.186],[-46.916,-10.186],[-46.927,-10.18],[-46.926,-10.176],[-46.937,-10.184],[-46.947,-10.176],[-46.954,-10.164],[-46.97,-10.161],[-46.972,-10.156],[-46.982,-10.153],[-46.993,-10.137],[-47.016,-10.132],[-47.023,-10.123],[-47.034,-10.121],[-47.04,-10.125],[-47.047,-10.122],[-47.046,-10.114],[-47.052,-10.109],[-47.051,-10.102],[-47.064,-10.094],[-47.076,-10.081],[-47.086,-10.079],[-47.095,-10.072],[-47.09,-10.07],[-47.085,-10.073],[-47.074,-10.065],[-47.069,-10.067],[-47.067,-10.059],[-47.073,-10.058],[-47.055,-10.053],[-47.056,-10.048],[-47.046,-10.043],[-47.049,-10.04],[-47.045,-10.04],[-47.047,-10.036],[-47.037,-10.032],[-47.042,-10.027],[-47.04,-10.022],[-47.036,-10.026],[-47.033,-10.024],[-47.037,-10.016],[-47.031,-10.013],[-47.03,-10.016],[-47.025,-10.008],[-47.02,-10.01],[-47.01,-10.001],[-47.007,-10.005],[-47.003,-10.003],[-47.008,-10.0],[-47.001,-9.999],[-46.999,-10.003],[-46.99,-9.997],[-46.983,-9.997],[-46.982,-9.991],[-46.989,-9.99],[-46.985,-9.986],[-46.981,-9.99],[-46.982,-9.986],[-46.977,-9.99],[-46.98,-9.991],[-46.978,-9.995],[-46.973,-9.989],[-46.968,-9.99],[-46.971,-9.993],[-46.967,-9.994],[-46.966,-9.989],[-46.961,-9.988],[-46.959,-9.991],[-46.952,-9.987],[-46.946,-9.996],[-46.943,-9.991],[-46.945,-9.994],[-46.946,-9.986],[-46.942,-9.985],[-46.939,-9.98],[-46.924,-9.985],[-46.92,-9.978],[-46.907,-9.972],[-46.899,-9.982],[-46.895,-9.977],[-46.884,-9.977],[-46.885,-9.973],[-46.878,-9.969],[-46.872,-9.973],[-46.868,-9.964],[-46.863,-9.969],[-46.861,-9.966],[-46.855,-9.967],[-46.854,-9.963],[-46.85,-9.967],[-46.839,-9.97],[-46.833,-9.979],[-46.825,-9.971],[-46.824,-9.974],[-46.815,-9.972],[-46.811,-9.976],[-46.807,-9.971],[-46.798,-9.97],[-46.796,-9.962],[-46.782,-9.957],[-46.78,-9.948],[-46.764,-9.947],[-46.763,-9.939],[-46.759,-9.943],[-46.753,-9.941],[-46.75,-9.945],[-46.746,-9.933],[-46.741,-9.936],[-46.737,-9.934],[-46.737,-9.927],[-46.733,-9.931],[-46.73,-9.929],[-46.731,-9.923],[-46.726,-9.923],[-46.728,-9.918],[-46.723,-9.92],[-46.722,-9.914],[-46.711,-9.914],[-46.706,-9.918],[-46.692,-9.912],[-46.683,-9.918],[-46.681,-9.914],[-46.67,-9.916],[-46.669,-9.911],[-46.658,-9.91],[-46.66,-9.914],[-46.657,-9.918],[-46.653,-9.915],[-46.645,-9.915],[-46.639,-9.919],[-46.636,-9.911],[-46.624,-9.914],[-46.613,-9.903],[-46.596,-9.897],[-46.58,-9.875],[-46.573,-9.873],[-46.554,-9.857],[-46.507,-9.866],[-46.502,-9.881],[-46.489,-9.896],[-46.475,-9.906]]]}},{"type":"Feature","properties":{"id":"1720200","nome":"S\u00e3o Miguel do Tocantins"},"geometry":{"type":"Polygon","coordinates":[[[-47.602,-5.465],[-47.58,-5.47],[-47.564,-5.463],[-47.555,-5.465],[-47.523,-5.5],[-47.5,-5.525],[-47.494,-5.539],[-47.483,-5.565],[-47.484,-5.595],[-47.479,-5.621],[-47.477,-5.635],[-47.491,-5.643],[-47.509,-5.636],[-47.517,-5.638],[-47.523,-5.653],[-47.536,-5.662],[-47.541,-5.67],[-47.554,-5.678],[-47.593,-5.68],[-47.589,-5.564],[-47.633,-5.548],[-47.636,-5.547],[-47.655,-5.54],[-47.658,-5.54],[-47.66,-5.545],[-47.672,-5.558],[-47.74,-5.558],[-47.739,-5.546],[-47.732,-5.538],[-47.73,-5.53],[-47.724,-5.514],[-47.71,-5.5],[-47.703,-5.461],[-47.705,-5.449],[-47.693,-5.429],[-47.693,-5.425],[-47.685,-5.412],[-47.666,-5.421],[-47.618,-5.459],[-47.602,-5.465]]]}},{"type":"Feature","properties":{"id":"1720259","nome":"S\u00e3o Salvador do Tocantins"},"geometry":{"type":"Polygon","coordinates":[[[-48.233,-12.379],[-48.231,-12.39],[-48.244,-12.42],[-48.264,-12.438],[-48.267,-12.447],[-48.256,-12.459],[-48.236,-12.462],[-48.223,-12.46],[-48.211,-12.466],[-48.206,-12.476],[-48.212,-12.484],[-48.232,-12.494],[-48.237,-12.501],[-48.229,-12.526],[-48.231,-12.533],[-48.24,-12.543],[-48.253,-12.55],[-48.288,-12.56],[-48.288,-12.568],[-48.255,-12.59],[-48.253,-12.594],[-48.255,-12.599],[-48.269,-12.597],[-48.275,-12.601],[-48.271,-12.633],[-48.288,-12.651],[-48.291,-12.657],[-48.29,-12.668],[-48.285,-12.678],[-48.274,-12.683],[-48.249,-12.685],[-48.246,-12.678],[-48.243,-12.679],[-48.24,-12.684],[-48.242,-12.699],[-48.255,-12.718],[-48.268,-12.725],[-48.27,-12.739],[-48.26,-12.747],[-48.24,-12.741],[-48.224,-12.749],[-48.226,-12.763],[-48.235,-12.777],[-48.24,-12.793],[-48.24,-12.806],[-48.233,-12.828],[-48.237,-12.832],[-48.242,-12.832],[-48.257,-12.826],[-48.271,-12.827],[-48.289,-12.818],[-48.309,-12.818],[-48.327,-12.808],[-48.354,-12.809],[-48.383,-12.812],[-48.39,-12.806],[-48.393,-12.81],[-48.392,-12.813],[-48.396,-12.814],[-48.396,-12.818],[-48.408,-12.828],[-48.409,-12.84],[-48.415,-12.844],[-48.428,-12.844],[-48.454,-12.815],[-48.469,-12.813],[-48.474,-12.8],[-48.487,-12.805],[-48.493,-12.799],[-48.494,-12.791],[-48.502,-12.791],[-48.501,-12.783],[-48.507,-12.777],[-48.51,-12.78],[-48.518,-12.778],[-48.521,-12.781],[-48.523,-12.778],[-48.526,-12.781],[-48.527,-12.776],[-48.534,-12.774],[-48.529,-12.769],[-48.534,-12.765],[-48.532,-12.76],[-48.54,-12.758],[-48.537,-12.751],[-48.539,-12.741],[-48.545,-12.734],[-48.546,-12.731],[-48.537,-12.718],[-48.538,-12.708],[-48.528,-12.708],[-48.524,-12.703],[-48.525,-12.692],[-48.521,-12.672],[-48.526,-12.661],[-48.519,-12.644],[-48.524,-12.632],[-48.515,-12.615],[-48.51,-12.616],[-48.507,-12.61],[-48.492,-12.607],[-48.492,-12.61],[-48.481,-12.605],[-48.475,-12.607],[-48.474,-12.582],[-48.467,-12.576],[-48.46,-12.576],[-48.46,-12.572],[-48.457,-12.573],[-48.457,-12.557],[-48.46,-12.554],[-48.459,-12.557],[-48.465,-12.556],[-48.465,-12.55],[-48.473,-12.542],[-48.466,-12.536],[-48.464,-12.521],[-48.46,-12.518],[-48.462,-12.511],[-48.454,-12.496],[-48.455,-12.489],[-48.462,-12.482],[-48.46,-12.474],[-48.457,-12.474],[-48.458,-12.46],[-48.456,-12.457],[-48.459,-12.448],[-48.454,-12.446],[-48.452,-12.44],[-48.448,-12.439],[-48.442,-12.436],[-48.438,-12.426],[-48.43,-12.427],[-48.427,-12.418],[-48.419,-12.418],[-48.414,-12.423],[-48.408,-12.421],[-48.404,-12.415],[-48.408,-12.413],[-48.408,-12.409],[-48.403,-12.409],[-48.396,-12.404],[-48.396,-12.395],[-48.392,-12.392],[-48.391,-12.387],[-48.394,-12.387],[-48.4,-12.381],[-48.395,-12.375],[-48.387,-12.374],[-48.39,-12.369],[-48.384,-12.355],[-48.395,-12.341],[-48.393,-12.333],[-48.397,-12.325],[-48.393,-12.322],[-48.393,-12.316],[-48.399,-12.311],[-48.388,-12.309],[-48.387,-12.304],[-48.395,-12.299],[-48.395,-12.295],[-48.39,-12.293],[-48.393,-12.283],[-48.402,-12.276],[-48.405,-12.269],[-48.393,-12.26],[-48.397,-12.252],[-48.389,-12.243],[-48.395,-12.241],[-48.392,-12.238],[-48.356,-12.241],[-48.321,-12.266],[-48.312,-12.27],[-48.262,-12.309],[-48.255,-12.32],[-48.258,-12.344],[-48.256,-12.355],[-48.252,-12.364],[-48.233,-12.379]]]}},{"type":"Feature","properties":{"id":"1720309","nome":"S\u00e3o Sebasti\u00e3o do Tocantins"},"geometry":{"type":"Polygon","coordinates":[[[-48.225,-5.235],[-48.206,-5.249],[-48.19,-5.253],[-48.178,-5.26],[-48.173,-5.268],[-48.25,-5.318],[-48.258,-5.31],[-48.275,-5.309],[-48.276,-5.304],[-48.287,-5.302],[-48.293,-5.305],[-48.322,-5.296],[-48.329,-5.281],[-48.347,-5.28],[-48.353,-5.275],[-48.364,-5.281],[-48.369,-5.279],[-48.373,-5.285],[-48.39,-5.28],[-48.407,-5.285],[-48.403,-5.273],[-48.389,-5.27],[-48.382,-5.263],[-48.382,-5.259],[-48.403,-5.259],[-48.426,-5.247],[-48.43,-5.238],[-48.453,-5.246],[-48.461,-5.24],[-48.472,-5.21],[-48.486,-5.193],[-48.466,-5.185],[-48.382,-5.172],[-48.363,-5.168],[-48.356,-5.171],[-48.32,-5.201],[-48.293,-5.204],[-48.273,-5.216],[-48.234,-5.228],[-48.225,-5.235]]]}},{"type":"Feature","properties":{"id":"1720499","nome":"S\u00e3o Val\u00e9rio da Natividade"},"geometry":{"type":"Polygon","coordinates":[[[-48.426,-11.355],[-48.399,-11.368],[-48.386,-11.366],[-48.375,-11.395],[-48.367,-11.4],[-48.364,-11.408],[-48.342,-11.425],[-48.341,-11.431],[-48.359,-11.442],[-48.356,-11.45],[-48.339,-11.463],[-48.336,-11.473],[-48.318,-11.483],[-48.306,-11.483],[-48.299,-11.489],[-48.294,-11.496],[-48.289,-11.526],[-48.287,-11.533],[-48.254,-11.546],[-48.24,-11.57],[-48.231,-11.574],[-48.22,-11.586],[-48.212,-11.589],[-48.2,-11.578],[-48.187,-11.585],[-48.179,-11.594],[-48.178,-11.601],[-48.164,-11.622],[-48.158,-11.635],[-48.155,-11.653],[-48.162,-11.653],[-48.163,-11.656],[-48.158,-11.661],[-48.145,-11.663],[-48.146,-11.675],[-48.154,-11.687],[-48.154,-11.691],[-48.138,-11.709],[-48.121,-11.71],[-48.116,-11.715],[-48.098,-11.716],[-48.089,-11.723],[-48.089,-11.727],[-48.093,-11.727],[-48.094,-11.737],[-48.1,-11.743],[-48.09,-11.745],[-48.08,-11.754],[-48.082,-11.769],[-48.078,-11.774],[-48.071,-11.777],[-48.069,-11.772],[-48.06,-11.772],[-48.055,-11.779],[-48.039,-11.782],[-48.041,-11.786],[-48.039,-11.787],[-48.02,-11.775],[-48.017,-11.78],[-48.008,-11.78],[-48.013,-11.792],[-48.005,-11.793],[-48.006,-11.802],[-48.0,-11.803],[-47.998,-11.819],[-47.99,-11.822],[-47.985,-11.832],[-47.974,-11.832],[-47.95,-11.847],[-47.948,-11.853],[-47.925,-11.859],[-47.903,-11.866],[-47.893,-11.864],[-47.875,-11.872],[-47.868,-11.88],[-47.865,-11.894],[-47.856,-11.903],[-47.855,-11.91],[-47.852,-11.918],[-47.858,-11.939],[-47.847,-11.944],[-47.845,-11.952],[-47.856,-11.97],[-47.857,-11.993],[-47.87,-12.013],[-47.872,-12.022],[-47.86,-12.029],[-47.857,-12.047],[-47.842,-12.078],[-47.836,-12.083],[-47.832,-12.083],[-47.824,-12.073],[-47.816,-12.074],[-47.814,-12.065],[-47.8,-12.062],[-47.795,-12.057],[-47.776,-12.052],[-47.767,-12.041],[-47.768,-12.049],[-47.76,-12.064],[-47.762,-12.082],[-47.766,-12.092],[-47.776,-12.093],[-47.779,-12.1],[-47.79,-12.107],[-47.806,-12.126],[-47.808,-12.134],[-47.799,-12.144],[-47.799,-12.153],[-47.805,-12.155],[-47.814,-12.174],[-47.811,-12.184],[-47.814,-12.199],[-47.812,-12.21],[-47.822,-12.218],[-47.833,-12.218],[-47.856,-12.212],[-47.869,-12.225],[-47.87,-12.242],[-47.88,-12.241],[-47.881,-12.22],[-47.855,-12.206],[-47.855,-12.19],[-47.841,-12.165],[-47.855,-12.155],[-47.849,-12.136],[-47.853,-12.131],[-47.852,-12.125],[-47.849,-12.123],[-47.852,-12.117],[-47.867,-12.12],[-47.872,-12.115],[-47.868,-12.108],[-47.871,-12.1],[-47.876,-12.099],[-47.88,-12.09],[-47.883,-12.088],[-47.892,-12.088],[-47.903,-12.08],[-47.907,-12.08],[-47.911,-12.074],[-47.908,-12.071],[-47.91,-12.066],[-47.923,-12.067],[-47.93,-12.056],[-47.942,-12.05],[-47.95,-12.051],[-47.952,-12.055],[-47.978,-12.053],[-47.989,-12.061],[-47.996,-12.055],[-47.996,-12.051],[-48.007,-12.045],[-48.022,-12.043],[-48.034,-12.038],[-48.037,-12.042],[-48.031,-12.042],[-48.031,-12.051],[-48.038,-12.063],[-48.045,-12.061],[-48.047,-12.064],[-48.054,-12.063],[-48.058,-12.053],[-48.066,-12.054],[-48.08,-12.073],[-48.088,-12.076],[-48.093,-12.074],[-48.104,-12.083],[-48.111,-12.081],[-48.111,-12.086],[-48.116,-12.087],[-48.147,-12.07],[-48.144,-12.067],[-48.147,-12.065],[-48.156,-12.063],[-48.159,-12.066],[-48.158,-12.057],[-48.171,-12.048],[-48.179,-12.055],[-48.18,-12.064],[-48.185,-12.066],[-48.187,-12.063],[-48.189,-12.065],[-48.199,-12.057],[-48.202,-12.061],[-48.211,-12.057],[-48.216,-12.05],[-48.216,-12.042],[-48.208,-12.034],[-48.211,-12.029],[-48.209,-12.027],[-48.22,-12.016],[-48.217,-12.008],[-48.221,-11.999],[-48.231,-11.991],[-48.24,-11.988],[-48.243,-11.986],[-48.259,-11.979],[-48.277,-11.965],[-48.283,-11.955],[-48.292,-11.958],[-48.295,-11.953],[-48.301,-11.952],[-48.304,-11.949],[-48.303,-11.943],[-48.31,-11.938],[-48.319,-11.94],[-48.328,-11.925],[-48.336,-11.92],[-48.337,-11.913],[-48.343,-11.91],[-48.339,-11.908],[-48.342,-11.899],[-48.34,-11.896],[-48.346,-11.89],[-48.348,-11.882],[-48.347,-11.866],[-48.34,-11.86],[-48.342,-11.857],[-48.336,-11.855],[-48.345,-11.845],[-48.357,-11.846],[-48.362,-11.839],[-48.362,-11.834],[-48.358,-11.831],[-48.362,-11.825],[-48.361,-11.82],[-48.366,-11.818],[-48.364,-11.798],[-48.369,-11.786],[-48.375,-11.783],[-48.374,-11.777],[-48.38,-11.761],[-48.38,-11.75],[-48.376,-11.745],[-48.379,-11.738],[-48.374,-11.733],[-48.379,-11.719],[-48.376,-11.716],[-48.378,-11.71],[-48.384,-11.706],[-48.38,-11.699],[-48.379,-11.684],[-48.375,-11.681],[-48.379,-11.676],[-48.376,-11.675],[-48.378,-11.67],[-48.376,-11.667],[-48.382,-11.663],[-48.382,-11.653],[-48.384,-11.652],[-48.382,-11.643],[-48.395,-11.64],[-48.399,-11.633],[-48.403,-11.636],[-48.408,-11.634],[-48.41,-11.629],[-48.404,-11.62],[-48.415,-11.617],[-48.421,-11.608],[-48.418,-11.6],[-48.421,-11.6],[-48.426,-11.594],[-48.426,-11.568],[-48.444,-11.554],[-48.448,-11.545],[-48.457,-11.541],[-48.459,-11.529],[-48.464,-11.528],[-48.458,-11.498],[-48.468,-11.489],[-48.475,-11.476],[-48.469,-11.473],[-48.462,-11.458],[-48.468,-11.426],[-48.476,-11.42],[-48.482,-11.409],[-48.48,-11.397],[-48.482,-11.392],[-48.475,-11.371],[-48.47,-11.367],[-48.472,-11.364],[-48.477,-11.367],[-48.479,-11.363],[-48.457,-11.301],[-48.451,-11.319],[-48.433,-11.349],[-48.426,-11.355]]]}},{"type":"Feature","properties":{"id":"1720655","nome":"Silvan\u00f3polis"},"geometry":{"type":"Polygon","coordinates":[[[-47.743,-10.907],[-47.736,-10.92],[-47.746,-10.936],[-47.737,-10.951],[-47.726,-10.951],[-47.73,-10.968],[-47.724,-10.974],[-47.731,-10.983],[-47.724,-10.985],[-47.712,-10.999],[-47.713,-11.009],[-47.708,-11.014],[-47.713,-11.021],[-47.709,-11.032],[-47.7,-11.031],[-47.696,-11.04],[-47.691,-11.041],[-47.694,-11.047],[-47.691,-11.049],[-47.735,-11.11],[-47.735,-11.115],[-47.744,-11.119],[-47.747,-11.13],[-47.756,-11.138],[-47.762,-11.154],[-47.766,-11.157],[-47.766,-11.161],[-47.773,-11.165],[-47.778,-11.174],[-47.78,-11.173],[-47.78,-11.18],[-47.788,-11.184],[-47.803,-11.21],[-47.807,-11.209],[-47.812,-11.216],[-47.827,-11.216],[-47.832,-11.221],[-47.848,-11.221],[-47.862,-11.206],[-47.872,-11.205],[-47.904,-11.235],[-47.917,-11.236],[-47.93,-11.248],[-47.941,-11.251],[-47.948,-11.248],[-47.952,-11.252],[-47.973,-11.256],[-47.993,-11.247],[-48.005,-11.258],[-48.01,-11.256],[-48.012,-11.261],[-48.02,-11.266],[-48.039,-11.268],[-48.05,-11.272],[-48.052,-11.277],[-48.071,-11.282],[-48.079,-11.288],[-48.089,-11.315],[-48.092,-11.317],[-48.097,-11.319],[-48.098,-11.316],[-48.104,-11.317],[-48.135,-11.306],[-48.141,-11.3],[-48.144,-11.287],[-48.162,-11.269],[-48.17,-11.268],[-48.18,-11.273],[-48.196,-11.275],[-48.206,-11.276],[-48.212,-11.281],[-48.226,-11.284],[-48.239,-11.281],[-48.249,-11.288],[-48.255,-11.285],[-48.248,-11.272],[-48.24,-11.266],[-48.232,-11.234],[-48.221,-11.225],[-48.218,-11.211],[-48.228,-11.197],[-48.247,-11.192],[-48.26,-11.194],[-48.275,-11.163],[-48.29,-11.153],[-48.299,-11.153],[-48.306,-11.138],[-48.318,-11.135],[-48.323,-11.104],[-48.319,-11.091],[-48.328,-11.086],[-48.324,-11.079],[-48.314,-11.059],[-48.291,-11.05],[-48.289,-11.042],[-48.261,-11.022],[-48.254,-11.006],[-48.25,-11.005],[-48.247,-11.0],[-48.221,-10.989],[-48.217,-11.012],[-48.211,-11.021],[-48.2,-11.017],[-48.186,-11.029],[-48.16,-11.056],[-48.155,-11.079],[-48.127,-11.108],[-48.121,-11.125],[-48.113,-11.133],[-48.086,-11.131],[-48.069,-11.155],[-48.038,-11.163],[-48.015,-11.176],[-47.98,-11.17],[-47.97,-11.159],[-47.948,-11.154],[-47.936,-11.135],[-47.93,-11.122],[-47.92,-11.112],[-47.911,-11.114],[-47.898,-11.11],[-47.894,-11.115],[-47.881,-11.109],[-47.872,-11.119],[-47.858,-11.115],[-47.851,-11.125],[-47.885,-10.99],[-47.882,-10.972],[-47.867,-10.96],[-47.86,-10.957],[-47.856,-10.959],[-47.847,-10.954],[-47.82,-10.946],[-47.796,-10.95],[-47.784,-10.938],[-47.782,-10.93],[-47.773,-10.928],[-47.762,-10.916],[-47.758,-10.92],[-47.756,-10.912],[-47.746,-10.911],[-47.743,-10.907]]]}},{"type":"Feature","properties":{"id":"1720804","nome":"S\u00edtio Novo do Tocantins"},"geometry":{"type":"Polygon","coordinates":[[[-47.739,-5.546],[-47.74,-5.558],[-47.672,-5.558],[-47.66,-5.545],[-47.658,-5.54],[-47.655,-5.54],[-47.636,-5.547],[-47.633,-5.548],[-47.589,-5.564],[-47.593,-5.68],[-47.601,-5.68],[-47.634,-5.699],[-47.749,-5.764],[-47.752,-5.765],[-47.751,-5.755],[-47.757,-5.729],[-47.751,-5.715],[-47.742,-5.704],[-47.738,-5.698],[-47.733,-5.677],[-47.728,-5.67],[-47.728,-5.657],[-47.715,-5.65],[-47.711,-5.638],[-47.693,-5.635],[-47.689,-5.615],[-47.679,-5.595],[-47.737,-5.597],[-47.748,-5.597],[-47.838,-5.599],[-47.828,-5.585],[-47.807,-5.558],[-47.799,-5.557],[-47.793,-5.542],[-47.787,-5.538],[-47.781,-5.539],[-47.785,-5.545],[-47.782,-5.548],[-47.779,-5.545],[-47.751,-5.534],[-47.73,-5.53],[-47.732,-5.538],[-47.739,-5.546]]]}},{"type":"Feature","properties":{"id":"1720853","nome":"Sucupira"},"geometry":{"type":"Polygon","coordinates":[[[-48.874,-11.899],[-48.855,-11.93],[-48.84,-11.935],[-48.831,-11.951],[-48.829,-11.962],[-48.816,-11.963],[-48.809,-11.972],[-48.799,-11.974],[-48.791,-11.97],[-48.768,-11.966],[-48.764,-11.958],[-48.757,-11.955],[-48.755,-11.946],[-48.739,-11.941],[-48.747,-11.949],[-48.751,-11.967],[-48.762,-11.975],[-48.754,-11.998],[-48.762,-12.021],[-48.762,-12.037],[-48.769,-12.052],[-48.764,-12.061],[-48.77,-12.07],[-48.775,-12.134],[-48.76,-12.132],[-48.75,-12.127],[-48.742,-12.139],[-48.727,-12.148],[-48.721,-12.145],[-48.686,-12.145],[-48.658,-12.133],[-48.652,-12.139],[-48.642,-12.141],[-48.645,-12.154],[-48.643,-12.166],[-48.629,-12.174],[-48.636,-12.193],[-48.627,-12.216],[-48.643,-12.231],[-48.679,-12.234],[-48.683,-12.24],[-48.684,-12.251],[-48.716,-12.277],[-48.729,-12.271],[-48.735,-12.272],[-48.748,-12.3],[-48.747,-12.308],[-48.756,-12.311],[-48.759,-12.319],[-48.762,-12.319],[-48.788,-12.313],[-48.778,-12.3],[-48.781,-12.297],[-48.798,-12.311],[-48.798,-12.304],[-48.813,-12.302],[-48.821,-12.295],[-48.823,-12.29],[-48.835,-12.294],[-48.839,-12.29],[-48.845,-12.291],[-48.86,-12.283],[-48.861,-12.29],[-48.872,-12.296],[-48.884,-12.289],[-48.891,-12.294],[-48.897,-12.292],[-48.9,-12.295],[-48.906,-12.292],[-48.911,-12.295],[-48.921,-12.294],[-48.921,-12.279],[-48.909,-12.248],[-48.914,-12.21],[-48.91,-12.194],[-48.969,-12.186],[-48.975,-12.167],[-48.968,-12.164],[-48.951,-12.14],[-48.937,-12.137],[-48.927,-12.124],[-48.932,-12.114],[-48.929,-12.105],[-48.936,-12.09],[-48.966,-12.055],[-48.963,-12.039],[-48.978,-12.016],[-48.978,-11.995],[-48.969,-11.966],[-48.971,-11.953],[-48.978,-11.945],[-48.987,-11.941],[-48.991,-11.936],[-48.988,-11.932],[-48.988,-11.924],[-48.978,-11.918],[-48.965,-11.916],[-48.961,-11.909],[-48.956,-11.91],[-48.955,-11.906],[-48.951,-11.906],[-48.953,-11.903],[-48.941,-11.899],[-48.935,-11.89],[-48.936,-11.883],[-48.925,-11.872],[-48.923,-11.86],[-48.908,-11.857],[-48.892,-11.867],[-48.896,-11.87],[-48.894,-11.878],[-48.885,-11.881],[-48.883,-11.893],[-48.874,-11.899]]]}},{"type":"Feature","properties":{"id":"1720903","nome":"Taguatinga"},"geometry":{"type":"Polygon","coordinates":[[[-46.459,-12.112],[-46.451,-12.114],[-46.444,-12.105],[-46.437,-12.104],[-46.437,-12.106],[-46.433,-12.103],[-46.426,-12.109],[-46.416,-12.113],[-46.4,-12.106],[-46.381,-12.106],[-46.368,-12.098],[-46.366,-12.111],[-46.371,-12.122],[-46.37,-12.134],[-46.375,-12.153],[-46.379,-12.16],[-46.389,-12.166],[-46.389,-12.17],[-46.383,-12.174],[-46.38,-12.179],[-46.391,-12.193],[-46.368,-12.199],[-46.368,-12.214],[-46.359,-12.224],[-46.366,-12.241],[-46.38,-12.247],[-46.378,-12.254],[-46.366,-12.266],[-46.366,-12.275],[-46.374,-12.289],[-46.35,-12.297],[-46.329,-12.298],[-46.323,-12.303],[-46.325,-12.308],[-46.346,-12.314],[-46.351,-12.32],[-46.349,-12.327],[-46.353,-12.33],[-46.352,-12.337],[-46.34,-12.336],[-46.334,-12.342],[-46.333,-12.344],[-46.332,-12.345],[-46.324,-12.356],[-46.312,-12.356],[-46.296,-12.367],[-46.285,-12.379],[-46.294,-12.384],[-46.296,-12.397],[-46.304,-12.405],[-46.301,-12.415],[-46.292,-12.417],[-46.283,-12.411],[-46.273,-12.414],[-46.265,-12.412],[-46.256,-12.424],[-46.247,-12.439],[-46.247,-12.448],[-46.253,-12.46],[-46.254,-12.494],[-46.227,-12.498],[-46.186,-12.477],[-46.159,-12.474],[-46.153,-12.483],[-46.182,-12.5],[-46.214,-12.506],[-46.223,-12.514],[-46.267,-12.528],[-46.283,-12.526],[-46.306,-12.533],[-46.327,-12.535],[-46.328,-12.538],[-46.339,-12.54],[-46.339,-12.546],[-46.343,-12.55],[-46.355,-12.549],[-46.356,-12.556],[-46.361,-12.561],[-46.372,-12.566],[-46.377,-12.562],[-46.381,-12.564],[-46.382,-12.574],[-46.391,-12.574],[-46.395,-12.579],[-46.401,-12.576],[-46.403,-12.578],[-46.405,-12.578],[-46.407,-12.576],[-46.408,-12.58],[-46.417,-12.579],[-46.418,-12.582],[-46.419,-12.579],[-46.435,-12.582],[-46.455,-12.572],[-46.457,-12.566],[-46.465,-12.565],[-46.47,-12.57],[-46.481,-12.565],[-46.491,-12.566],[-46.499,-12.575],[-46.5,-12.573],[-46.518,-12.58],[-46.536,-12.577],[-46.546,-12.585],[-46.546,-12.581],[-46.552,-12.583],[-46.563,-12.591],[-46.563,-12.595],[-46.579,-12.594],[-46.593,-12.582],[-46.607,-12.589],[-46.612,-12.585],[-46.617,-12.596],[-46.626,-12.594],[-46.636,-12.599],[-46.655,-12.594],[-46.663,-12.595],[-46.674,-12.582],[-46.677,-12.584],[-46.672,-12.578],[-46.677,-12.578],[-46.684,-12.572],[-46.693,-12.579],[-46.694,-12.576],[-46.698,-12.579],[-46.7,-12.577],[-46.706,-12.585],[-46.714,-12.588],[-46.717,-12.575],[-46.727,-12.576],[-46.73,-12.57],[-46.734,-12.57],[-46.736,-12.575],[-46.742,-12.573],[-46.748,-12.562],[-46.75,-12.549],[-46.761,-12.548],[-46.767,-12.541],[-46.779,-12.538],[-46.786,-12.524],[-46.795,-12.516],[-46.8,-12.508],[-46.807,-12.507],[-46.807,-12.495],[-46.818,-12.491],[-46.823,-12.484],[-46.836,-12.485],[-46.84,-12.479],[-46.853,-12.473],[-46.857,-12.478],[-46.87,-12.458],[-46.884,-12.46],[-46.886,-12.464],[-46.894,-12.462],[-46.896,-12.452],[-46.89,-12.44],[-46.898,-12.43],[-46.897,-12.422],[-46.903,-12.421],[-46.9,-12.418],[-46.9,-12.404],[-46.932,-12.39],[-46.936,-12.383],[-46.946,-12.377],[-46.94,-12.375],[-46.937,-12.378],[-46.936,-12.373],[-46.929,-12.375],[-46.929,-12.369],[-46.925,-12.368],[-46.927,-12.366],[-46.925,-12.364],[-46.924,-12.367],[-46.919,-12.358],[-46.91,-12.357],[-46.909,-12.353],[-46.903,-12.349],[-46.903,-12.352],[-46.897,-12.351],[-46.897,-12.346],[-46.892,-12.348],[-46.892,-12.342],[-46.886,-12.338],[-46.872,-12.353],[-46.869,-12.353],[-46.867,-12.349],[-46.849,-12.343],[-46.849,-12.335],[-46.839,-12.333],[-46.84,-12.326],[-46.833,-12.323],[-46.835,-12.32],[-46.83,-12.318],[-46.834,-12.315],[-46.83,-12.31],[-46.824,-12.312],[-46.826,-12.309],[-46.822,-12.31],[-46.823,-12.305],[-46.812,-12.305],[-46.81,-12.301],[-46.804,-12.304],[-46.8,-12.311],[-46.793,-12.31],[-46.79,-12.314],[-46.78,-12.313],[-46.779,-12.31],[-46.785,-12.307],[-46.78,-12.3],[-46.781,-12.287],[-46.777,-12.283],[-46.778,-12.277],[-46.776,-12.275],[-46.762,-12.277],[-46.761,-12.274],[-46.754,-12.274],[-46.756,-12.271],[-46.745,-12.268],[-46.739,-12.259],[-46.734,-12.258],[-46.734,-12.263],[-46.723,-12.261],[-46.699,-12.267],[-46.698,-12.272],[-46.688,-12.277],[-46.676,-12.268],[-46.658,-12.269],[-46.654,-12.259],[-46.648,-12.258],[-46.644,-12.254],[-46.645,-12.251],[-46.644,-12.25],[-46.63,-12.246],[-46.618,-12.23],[-46.61,-12.227],[-46.608,-12.217],[-46.6,-12.214],[-46.595,-12.207],[-46.596,-12.193],[-46.583,-12.191],[-46.58,-12.186],[-46.569,-12.185],[-46.559,-12.179],[-46.561,-12.172],[-46.555,-12.161],[-46.544,-12.144],[-46.535,-12.137],[-46.538,-12.135],[-46.535,-12.129],[-46.528,-12.127],[-46.527,-12.122],[-46.52,-12.121],[-46.511,-12.113],[-46.501,-12.111],[-46.486,-12.098],[-46.481,-12.1],[-46.465,-12.103],[-46.459,-12.112]]]}},{"type":"Feature","properties":{"id":"1720937","nome":"Taipas do Tocantins"},"geometry":{"type":"Polygon","coordinates":[[[-47.126,-11.94],[-47.078,-11.961],[-47.066,-11.959],[-47.056,-11.951],[-47.039,-11.954],[-47.021,-11.943],[-46.981,-11.947],[-46.972,-11.937],[-46.962,-11.937],[-46.948,-11.942],[-46.933,-11.961],[-46.911,-11.958],[-46.906,-11.961],[-46.889,-11.966],[-46.879,-11.981],[-46.859,-11.992],[-46.86,-12.016],[-46.854,-12.022],[-46.841,-12.076],[-46.841,-12.09],[-46.848,-12.099],[-46.862,-12.099],[-46.866,-12.106],[-46.862,-12.122],[-46.865,-12.126],[-46.865,-12.136],[-46.869,-12.14],[-46.867,-12.145],[-46.869,-12.145],[-46.862,-12.153],[-46.859,-12.171],[-46.869,-12.183],[-46.878,-12.186],[-46.881,-12.195],[-46.874,-12.2],[-46.878,-12.205],[-46.874,-12.209],[-46.88,-12.215],[-46.878,-12.22],[-46.878,-12.226],[-46.881,-12.226],[-46.884,-12.23],[-46.881,-12.24],[-46.89,-12.247],[-46.889,-12.253],[-46.894,-12.262],[-46.898,-12.263],[-46.899,-12.27],[-46.904,-12.275],[-46.91,-12.276],[-46.91,-12.28],[-46.918,-12.279],[-46.934,-12.292],[-46.936,-12.299],[-46.945,-12.304],[-46.948,-12.318],[-46.944,-12.323],[-46.961,-12.356],[-46.979,-12.367],[-46.992,-12.362],[-47.012,-12.372],[-47.032,-12.367],[-47.036,-12.37],[-47.044,-12.37],[-47.059,-12.361],[-47.074,-12.36],[-47.082,-12.351],[-47.092,-12.352],[-47.104,-12.361],[-47.109,-12.36],[-47.119,-12.363],[-47.119,-12.348],[-47.116,-12.344],[-47.107,-12.343],[-47.089,-12.308],[-47.091,-12.303],[-47.109,-12.291],[-47.11,-12.282],[-47.113,-12.276],[-47.118,-12.274],[-47.117,-12.266],[-47.122,-12.264],[-47.123,-12.259],[-47.118,-12.249],[-47.117,-12.227],[-47.11,-12.218],[-47.108,-12.203],[-47.104,-12.2],[-47.108,-12.194],[-47.11,-12.191],[-47.109,-12.186],[-47.103,-12.182],[-47.101,-12.177],[-47.105,-12.164],[-47.098,-12.156],[-47.099,-12.151],[-47.093,-12.15],[-47.092,-12.141],[-47.085,-12.135],[-47.085,-12.127],[-47.09,-12.119],[-47.085,-12.119],[-47.081,-12.102],[-47.075,-12.098],[-47.071,-12.086],[-47.076,-12.077],[-47.102,-12.052],[-47.116,-12.049],[-47.119,-12.039],[-47.131,-12.028],[-47.128,-12.002],[-47.13,-11.996],[-47.139,-11.987],[-47.138,-11.98],[-47.145,-11.975],[-47.144,-11.969],[-47.135,-11.962],[-47.136,-11.959],[-47.132,-11.957],[-47.136,-11.951],[-47.126,-11.94]]]}},{"type":"Feature","properties":{"id":"1720978","nome":"Talism\u00e3"},"geometry":{"type":"Polygon","coordinates":[[[-48.749,-12.385],[-48.721,-12.393],[-48.713,-12.391],[-48.712,-12.393],[-48.711,-12.398],[-48.715,-12.402],[-48.715,-12.397],[-48.721,-12.398],[-48.733,-12.409],[-48.735,-12.425],[-48.746,-12.422],[-48.761,-12.429],[-48.771,-12.429],[-48.783,-12.438],[-48.787,-12.451],[-48.782,-12.465],[-48.777,-12.47],[-48.781,-12.482],[-48.797,-12.485],[-48.8,-12.491],[-48.81,-12.495],[-48.796,-12.508],[-48.799,-12.515],[-48.806,-12.518],[-48.825,-12.544],[-48.824,-12.549],[-48.81,-12.544],[-48.808,-12.553],[-48.833,-12.561],[-48.841,-12.553],[-48.845,-12.554],[-48.846,-12.558],[-48.841,-12.567],[-48.85,-12.581],[-48.851,-12.596],[-48.841,-12.628],[-48.834,-12.639],[-48.827,-12.642],[-48.814,-12.624],[-48.808,-12.623],[-48.812,-12.638],[-48.809,-12.646],[-48.787,-12.656],[-48.78,-12.655],[-48.778,-12.657],[-48.79,-12.668],[-48.779,-12.675],[-48.78,-12.68],[-48.79,-12.682],[-48.79,-12.686],[-48.785,-12.69],[-48.78,-12.704],[-48.778,-12.711],[-48.783,-12.717],[-48.771,-12.726],[-48.775,-12.732],[-48.771,-12.736],[-48.773,-12.741],[-48.788,-12.741],[-48.793,-12.736],[-48.802,-12.736],[-48.808,-12.727],[-48.807,-12.722],[-48.811,-12.718],[-48.82,-12.737],[-48.83,-12.737],[-48.836,-12.742],[-48.833,-12.751],[-48.82,-12.76],[-48.813,-12.77],[-48.812,-12.779],[-48.816,-12.781],[-48.811,-12.792],[-48.817,-12.8],[-48.821,-12.802],[-48.824,-12.79],[-48.839,-12.79],[-48.853,-12.785],[-48.858,-12.786],[-48.869,-12.804],[-48.874,-12.807],[-48.868,-12.815],[-48.875,-12.814],[-48.879,-12.817],[-48.975,-12.957],[-48.98,-12.948],[-49.004,-12.932],[-49.009,-12.916],[-49.02,-12.912],[-49.023,-12.907],[-49.033,-12.903],[-49.05,-12.913],[-49.053,-12.908],[-49.077,-12.904],[-49.085,-12.894],[-49.082,-12.892],[-49.087,-12.891],[-49.087,-12.888],[-49.08,-12.884],[-49.085,-12.879],[-49.073,-12.869],[-49.07,-12.859],[-49.072,-12.852],[-49.067,-12.847],[-49.083,-12.845],[-49.096,-12.836],[-49.106,-12.836],[-49.121,-12.79],[-49.136,-12.8],[-49.141,-12.81],[-49.145,-12.82],[-49.151,-12.821],[-49.161,-12.834],[-49.193,-12.857],[-49.196,-12.867],[-49.208,-12.873],[-49.211,-12.878],[-49.222,-12.876],[-49.228,-12.877],[-49.231,-12.883],[-49.237,-12.884],[-49.243,-12.88],[-49.248,-12.871],[-49.254,-12.874],[-49.255,-12.867],[-49.252,-12.86],[-49.256,-12.85],[-49.263,-12.84],[-49.279,-12.836],[-49.292,-12.814],[-49.315,-12.815],[-49.317,-12.82],[-49.323,-12.815],[-49.321,-12.804],[-49.336,-12.795],[-49.339,-12.798],[-49.346,-12.792],[-49.344,-12.779],[-49.347,-12.768],[-49.352,-12.767],[-49.354,-12.757],[-49.349,-12.754],[-49.351,-12.746],[-49.346,-12.735],[-49.35,-12.726],[-49.345,-12.703],[-49.35,-12.691],[-49.342,-12.69],[-49.339,-12.673],[-49.332,-12.67],[-49.335,-12.65],[-49.33,-12.637],[-49.332,-12.633],[-49.329,-12.632],[-49.33,-12.628],[-49.336,-12.625],[-49.342,-12.612],[-49.348,-12.605],[-49.348,-12.587],[-49.358,-12.572],[-49.357,-12.567],[-49.36,-12.562],[-49.355,-12.556],[-49.359,-12.553],[-49.356,-12.545],[-49.364,-12.537],[-49.362,-12.533],[-49.357,-12.531],[-49.352,-12.535],[-49.348,-12.532],[-49.34,-12.536],[-49.336,-12.533],[-49.329,-12.54],[-49.323,-12.536],[-49.315,-12.536],[-49.308,-12.549],[-49.303,-12.543],[-49.287,-12.542],[-49.28,-12.552],[-49.269,-12.55],[-49.263,-12.553],[-49.262,-12.559],[-49.255,-12.567],[-49.239,-12.566],[-49.234,-12.559],[-49.226,-12.561],[-49.215,-12.554],[-49.206,-12.553],[-49.195,-12.559],[-49.159,-12.554],[-49.144,-12.567],[-49.138,-12.583],[-49.115,-12.606],[-49.116,-12.617],[-49.089,-12.642],[-49.077,-12.638],[-49.077,-12.633],[-49.07,-12.625],[-49.053,-12.617],[-49.045,-12.599],[-49.034,-12.587],[-49.03,-12.573],[-49.033,-12.554],[-49.026,-12.525],[-49.029,-12.511],[-49.026,-12.497],[-48.996,-12.494],[-48.99,-12.497],[-48.913,-12.477],[-48.841,-12.409],[-48.819,-12.394],[-48.798,-12.386],[-48.749,-12.385]]]}},{"type":"Feature","properties":{"id":"1721000","nome":"Palmas"},"geometry":{"type":"Polygon","coordinates":[[[-48.371,-9.918],[-48.336,-9.933],[-48.313,-9.932],[-48.309,-9.935],[-48.309,-9.941],[-48.299,-9.932],[-48.289,-9.928],[-48.285,-9.93],[-48.286,-9.95],[-48.282,-9.957],[-48.286,-9.966],[-48.277,-9.975],[-48.262,-9.982],[-48.262,-9.976],[-48.256,-9.97],[-48.231,-9.962],[-48.224,-9.963],[-48.222,-9.959],[-48.216,-9.975],[-48.209,-9.978],[-48.203,-9.988],[-48.206,-10.004],[-48.201,-10.016],[-48.184,-10.034],[-48.174,-10.038],[-48.168,-10.055],[-48.162,-10.061],[-48.162,-10.067],[-48.17,-10.084],[-48.17,-10.107],[-48.183,-10.112],[-48.179,-10.12],[-48.178,-10.122],[-48.17,-10.134],[-48.16,-10.131],[-48.15,-10.134],[-48.14,-10.126],[-48.128,-10.108],[-48.109,-10.115],[-48.091,-10.117],[-48.076,-10.115],[-48.066,-10.121],[-48.051,-10.117],[-48.047,-10.12],[-48.042,-10.114],[-48.021,-10.119],[-48.013,-10.123],[-48.011,-10.132],[-48.018,-10.14],[-48.019,-10.147],[-48.018,-10.162],[-48.013,-10.174],[-47.993,-10.168],[-47.988,-10.177],[-47.98,-10.171],[-47.98,-10.182],[-47.976,-10.182],[-47.97,-10.173],[-47.961,-10.177],[-47.958,-10.173],[-47.964,-10.164],[-47.961,-10.162],[-47.951,-10.166],[-47.954,-10.156],[-47.948,-10.155],[-47.947,-10.159],[-47.94,-10.16],[-47.93,-10.151],[-47.927,-10.153],[-47.928,-10.148],[-47.914,-10.144],[-47.913,-10.135],[-47.909,-10.133],[-47.905,-10.136],[-47.903,-10.132],[-47.902,-10.137],[-47.896,-10.137],[-47.897,-10.127],[-47.9,-10.129],[-47.905,-10.123],[-47.9,-10.121],[-47.906,-10.114],[-47.899,-10.112],[-47.902,-10.108],[-47.896,-10.106],[-47.891,-10.111],[-47.887,-10.109],[-47.882,-10.111],[-47.88,-10.096],[-47.876,-10.091],[-47.872,-10.095],[-47.872,-10.088],[-47.87,-10.091],[-47.855,-10.078],[-47.846,-10.078],[-47.847,-10.065],[-47.831,-10.054],[-47.835,-10.045],[-47.831,-10.041],[-47.834,-10.039],[-47.834,-10.035],[-47.832,-10.035],[-47.835,-10.032],[-47.831,-10.03],[-47.834,-10.027],[-47.82,-10.022],[-47.819,-10.019],[-47.817,-10.036],[-47.803,-10.048],[-47.808,-10.068],[-47.81,-10.099],[-47.8,-10.123],[-47.794,-10.166],[-47.797,-10.18],[-47.815,-10.207],[-47.813,-10.219],[-47.817,-10.237],[-47.826,-10.249],[-47.83,-10.262],[-47.84,-10.275],[-47.858,-10.289],[-47.855,-10.311],[-47.871,-10.306],[-47.878,-10.316],[-47.89,-10.316],[-47.906,-10.309],[-47.915,-10.308],[-47.927,-10.295],[-47.939,-10.299],[-47.945,-10.31],[-47.961,-10.322],[-47.97,-10.323],[-47.984,-10.331],[-47.988,-10.339],[-47.995,-10.343],[-48.001,-10.363],[-48.008,-10.368],[-48.01,-10.378],[-48.021,-10.389],[-48.031,-10.395],[-48.047,-10.389],[-48.065,-10.437],[-48.084,-10.46],[-48.14,-10.458],[-48.154,-10.432],[-48.172,-10.422],[-48.177,-10.409],[-48.176,-10.399],[-48.183,-10.385],[-48.19,-10.378],[-48.194,-10.381],[-48.205,-10.377],[-48.21,-10.383],[-48.22,-10.383],[-48.223,-10.384],[-48.238,-10.389],[-48.257,-10.402],[-48.264,-10.411],[-48.279,-10.413],[-48.295,-10.41],[-48.305,-10.417],[-48.311,-10.412],[-48.321,-10.414],[-48.34,-10.409],[-48.368,-10.409],[-48.401,-10.382],[-48.408,-10.359],[-48.403,-10.333],[-48.403,-10.295],[-48.396,-10.276],[-48.384,-10.257],[-48.382,-10.242],[-48.388,-10.232],[-48.412,-10.225],[-48.423,-10.203],[-48.421,-10.192],[-48.416,-10.172],[-48.393,-10.111],[-48.385,-10.081],[-48.379,-10.073],[-48.368,-10.063],[-48.347,-10.055],[-48.347,-10.047],[-48.336,-10.035],[-48.334,-10.021],[-48.339,-9.999],[-48.351,-9.973],[-48.368,-9.957],[-48.374,-9.944],[-48.371,-9.918]]]}},{"type":"Feature","properties":{"id":"1721109","nome":"Tocant\u00ednia"},"geometry":{"type":"Polygon","coordinates":[[[-48.335,-9.305],[-48.324,-9.309],[-48.322,-9.305],[-48.316,-9.304],[-48.306,-9.309],[-48.299,-9.324],[-48.288,-9.324],[-48.291,-9.331],[-48.285,-9.33],[-48.279,-9.34],[-48.273,-9.344],[-48.267,-9.343],[-48.262,-9.336],[-48.258,-9.336],[-48.257,-9.328],[-48.248,-9.324],[-48.241,-9.327],[-48.235,-9.329],[-48.232,-9.326],[-48.227,-9.327],[-48.223,-9.334],[-48.218,-9.332],[-48.217,-9.344],[-48.206,-9.351],[-48.205,-9.362],[-48.2,-9.38],[-48.196,-9.382],[-48.192,-9.402],[-48.194,-9.421],[-48.188,-9.437],[-48.169,-9.444],[-48.163,-9.452],[-48.157,-9.449],[-48.111,-9.436],[-48.095,-9.423],[-48.079,-9.419],[-48.074,-9.405],[-48.078,-9.396],[-48.078,-9.376],[-48.065,-9.389],[-48.037,-9.396],[-47.998,-9.386],[-47.987,-9.371],[-47.988,-9.358],[-47.985,-9.349],[-47.966,-9.336],[-47.963,-9.33],[-47.954,-9.328],[-47.936,-9.305],[-47.925,-9.317],[-47.91,-9.323],[-47.905,-9.34],[-47.899,-9.355],[-47.897,-9.361],[-47.897,-9.373],[-47.9,-9.4],[-47.918,-9.454],[-47.929,-9.479],[-47.927,-9.504],[-47.925,-9.517],[-47.936,-9.538],[-47.934,-9.545],[-47.923,-9.558],[-47.925,-9.58],[-47.922,-9.589],[-47.911,-9.608],[-47.919,-9.625],[-47.914,-9.646],[-47.912,-9.649],[-47.908,-9.657],[-47.902,-9.717],[-47.896,-9.743],[-47.895,-9.771],[-47.9,-9.772],[-47.905,-9.779],[-47.917,-9.783],[-47.932,-9.798],[-47.947,-9.799],[-47.955,-9.795],[-48.101,-9.891],[-48.101,-9.907],[-48.132,-9.932],[-48.149,-9.936],[-48.158,-9.942],[-48.158,-9.94],[-48.169,-9.939],[-48.183,-9.932],[-48.21,-9.94],[-48.226,-9.949],[-48.185,-9.906],[-48.197,-9.895],[-48.204,-9.883],[-48.208,-9.883],[-48.221,-9.871],[-48.23,-9.868],[-48.232,-9.865],[-48.235,-9.854],[-48.248,-9.843],[-48.244,-9.843],[-48.239,-9.836],[-48.253,-9.773],[-48.251,-9.755],[-48.259,-9.743],[-48.272,-9.741],[-48.272,-9.738],[-48.276,-9.738],[-48.277,-9.732],[-48.282,-9.74],[-48.286,-9.738],[-48.297,-9.75],[-48.32,-9.735],[-48.335,-9.729],[-48.343,-9.708],[-48.365,-9.695],[-48.372,-9.675],[-48.38,-9.671],[-48.397,-9.645],[-48.398,-9.643],[-48.404,-9.62],[-48.402,-9.604],[-48.396,-9.594],[-48.388,-9.58],[-48.38,-9.562],[-48.374,-9.531],[-48.369,-9.496],[-48.377,-9.437],[-48.357,-9.391],[-48.366,-9.358],[-48.367,-9.343],[-48.353,-9.299],[-48.348,-9.287],[-48.337,-9.298],[-48.335,-9.305]]]}},{"type":"Feature","properties":{"id":"1721208","nome":"Tocantin\u00f3polis"},"geometry":{"type":"Polygon","coordinates":[[[-47.428,-6.039],[-47.43,-6.068],[-47.434,-6.093],[-47.433,-6.112],[-47.423,-6.16],[-47.394,-6.219],[-47.385,-6.23],[-47.38,-6.25],[-47.377,-6.266],[-47.403,-6.32],[-47.404,-6.32],[-47.41,-6.334],[-47.411,-6.344],[-47.411,-6.354],[-47.409,-6.366],[-47.412,-6.376],[-47.42,-6.401],[-47.431,-6.425],[-47.439,-6.427],[-47.456,-6.447],[-47.466,-6.451],[-47.494,-6.434],[-47.527,-6.43],[-47.542,-6.437],[-47.576,-6.414],[-47.567,-6.409],[-47.569,-6.405],[-47.559,-6.407],[-47.558,-6.405],[-47.58,-6.39],[-47.593,-6.391],[-47.606,-6.379],[-47.623,-6.381],[-47.641,-6.39],[-47.648,-6.38],[-47.649,-6.366],[-47.661,-6.345],[-47.678,-6.332],[-47.68,-6.325],[-47.686,-6.319],[-47.687,-6.309],[-47.717,-6.299],[-47.723,-6.282],[-47.725,-6.184],[-47.721,-6.182],[-47.706,-6.178],[-47.696,-6.163],[-47.687,-6.16],[-47.657,-6.17],[-47.641,-6.16],[-47.638,-6.155],[-47.625,-6.154],[-47.602,-6.139],[-47.561,-6.129],[-47.534,-6.105],[-47.527,-6.09],[-47.516,-6.078],[-47.505,-6.076],[-47.503,-6.069],[-47.497,-6.068],[-47.492,-6.058],[-47.476,-6.06],[-47.466,-6.054],[-47.449,-6.036],[-47.448,-6.026],[-47.44,-6.016],[-47.438,-6.012],[-47.428,-6.039]]]}},{"type":"Feature","properties":{"id":"1721257","nome":"Tupirama"},"geometry":{"type":"Polygon","coordinates":[[[-48.114,-8.76],[-48.11,-8.773],[-48.115,-8.799],[-48.125,-8.821],[-48.141,-8.84],[-48.167,-8.892],[-48.173,-8.907],[-48.172,-8.934],[-48.178,-8.956],[-48.18,-8.971],[-48.18,-8.995],[-48.188,-9.026],[-48.197,-9.038],[-48.224,-9.06],[-48.245,-9.085],[-48.253,-9.097],[-48.278,-9.123],[-48.282,-9.136],[-48.293,-9.133],[-48.299,-9.14],[-48.307,-9.128],[-48.33,-9.13],[-48.34,-9.116],[-48.347,-9.119],[-48.35,-9.11],[-48.345,-9.109],[-48.345,-9.1],[-48.348,-9.101],[-48.35,-9.098],[-48.347,-9.095],[-48.354,-9.087],[-48.351,-9.082],[-48.356,-9.075],[-48.364,-9.077],[-48.367,-9.074],[-48.374,-9.066],[-48.359,-9.022],[-48.365,-8.976],[-48.381,-8.972],[-48.395,-8.975],[-48.393,-8.943],[-48.376,-8.926],[-48.355,-8.919],[-48.341,-8.906],[-48.339,-8.895],[-48.327,-8.877],[-48.324,-8.867],[-48.316,-8.861],[-48.317,-8.842],[-48.313,-8.841],[-48.309,-8.832],[-48.303,-8.82],[-48.305,-8.817],[-48.3,-8.81],[-48.295,-8.81],[-48.299,-8.805],[-48.294,-8.801],[-48.29,-8.795],[-48.287,-8.798],[-48.286,-8.794],[-48.274,-8.786],[-48.278,-8.783],[-48.275,-8.778],[-48.262,-8.772],[-48.258,-8.774],[-48.255,-8.772],[-48.254,-8.777],[-48.25,-8.777],[-48.239,-8.782],[-48.233,-8.777],[-48.227,-8.78],[-48.223,-8.774],[-48.207,-8.781],[-48.197,-8.772],[-48.19,-8.77],[-48.184,-8.774],[-48.18,-8.77],[-48.182,-8.768],[-48.176,-8.772],[-48.17,-8.772],[-48.167,-8.778],[-48.162,-8.775],[-48.161,-8.782],[-48.145,-8.785],[-48.133,-8.768],[-48.131,-8.769],[-48.137,-8.757],[-48.131,-8.755],[-48.13,-8.744],[-48.127,-8.741],[-48.114,-8.76]]]}},{"type":"Feature","properties":{"id":"1721307","nome":"Tupiratins"},"geometry":{"type":"Polygon","coordinates":[[[-48.229,-8.129],[-48.216,-8.141],[-48.204,-8.147],[-48.196,-8.154],[-48.19,-8.151],[-48.19,-8.162],[-48.185,-8.164],[-48.166,-8.163],[-48.165,-8.156],[-48.154,-8.155],[-48.16,-8.174],[-48.162,-8.196],[-48.143,-8.234],[-48.132,-8.287],[-48.133,-8.311],[-48.127,-8.366],[-48.115,-8.386],[-48.104,-8.395],[-48.082,-8.416],[-48.081,-8.448],[-48.082,-8.457],[-48.096,-8.512],[-48.108,-8.524],[-48.13,-8.527],[-48.132,-8.545],[-48.148,-8.567],[-48.147,-8.571],[-48.152,-8.573],[-48.155,-8.583],[-48.164,-8.587],[-48.171,-8.582],[-48.173,-8.585],[-48.18,-8.584],[-48.183,-8.577],[-48.188,-8.579],[-48.187,-8.57],[-48.196,-8.574],[-48.2,-8.56],[-48.213,-8.56],[-48.213,-8.552],[-48.217,-8.546],[-48.221,-8.55],[-48.227,-8.548],[-48.233,-8.549],[-48.235,-8.555],[-48.241,-8.552],[-48.247,-8.555],[-48.254,-8.55],[-48.27,-8.552],[-48.278,-8.542],[-48.277,-8.538],[-48.28,-8.536],[-48.28,-8.529],[-48.285,-8.529],[-48.289,-8.521],[-48.293,-8.523],[-48.298,-8.515],[-48.293,-8.496],[-48.277,-8.475],[-48.277,-8.471],[-48.291,-8.46],[-48.296,-8.457],[-48.295,-8.429],[-48.273,-8.398],[-48.27,-8.373],[-48.266,-8.367],[-48.271,-8.34],[-48.273,-8.342],[-48.274,-8.335],[-48.282,-8.337],[-48.283,-8.333],[-48.289,-8.332],[-48.289,-8.326],[-48.32,-8.281],[-48.328,-8.275],[-48.334,-8.275],[-48.34,-8.267],[-48.352,-8.265],[-48.355,-8.254],[-48.333,-8.239],[-48.314,-8.17],[-48.304,-8.156],[-48.303,-8.15],[-48.297,-8.145],[-48.285,-8.137],[-48.279,-8.141],[-48.278,-8.138],[-48.272,-8.139],[-48.271,-8.135],[-48.268,-8.135],[-48.265,-8.139],[-48.26,-8.135],[-48.254,-8.137],[-48.246,-8.129],[-48.239,-8.13],[-48.238,-8.124],[-48.23,-8.125],[-48.229,-8.129]]]}},{"type":"Feature","properties":{"id":"1722081","nome":"Wanderl\u00e2ndia"},"geometry":{"type":"Polygon","coordinates":[[[-48.114,-6.638],[-48.114,-6.648],[-48.11,-6.648],[-48.107,-6.653],[-48.092,-6.659],[-48.088,-6.656],[-48.082,-6.66],[-48.07,-6.659],[-48.062,-6.662],[-48.062,-6.669],[-48.051,-6.674],[-48.04,-6.69],[-48.018,-6.691],[-48.015,-6.703],[-48.007,-6.706],[-48.001,-6.703],[-47.995,-6.707],[-47.995,-6.711],[-47.981,-6.714],[-47.983,-6.727],[-47.971,-6.739],[-47.968,-6.738],[-47.967,-6.734],[-47.961,-6.736],[-47.946,-6.752],[-47.945,-6.76],[-47.943,-6.757],[-47.938,-6.76],[-47.93,-6.758],[-47.916,-6.77],[-47.912,-6.778],[-47.9,-6.781],[-47.898,-6.791],[-47.905,-6.805],[-47.897,-6.818],[-47.883,-6.829],[-47.877,-6.864],[-47.866,-6.863],[-47.858,-6.869],[-47.855,-6.88],[-47.847,-6.893],[-47.836,-6.895],[-47.818,-6.906],[-47.814,-6.903],[-47.793,-6.909],[-47.766,-6.901],[-47.756,-6.905],[-47.734,-6.983],[-47.869,-7.028],[-48.022,-7.081],[-48.087,-7.105],[-48.134,-7.123],[-48.174,-7.138],[-48.197,-7.146],[-48.183,-7.126],[-48.193,-7.107],[-48.19,-7.081],[-48.195,-7.076],[-48.197,-7.066],[-48.189,-7.056],[-48.194,-7.045],[-48.183,-7.015],[-48.172,-7.015],[-48.156,-7.025],[-48.129,-7.032],[-48.129,-6.812],[-48.129,-6.783],[-48.129,-6.623],[-48.125,-6.635],[-48.114,-6.638]]]}},{"type":"Feature","properties":{"id":"1722107","nome":"Xambio\u00e1"},"geometry":{"type":"Polygon","coordinates":[[[-48.335,-6.376],[-48.342,-6.384],[-48.34,-6.392],[-48.339,-6.396],[-48.329,-6.391],[-48.329,-6.397],[-48.325,-6.396],[-48.322,-6.402],[-48.325,-6.401],[-48.324,-6.405],[-48.321,-6.404],[-48.32,-6.407],[-48.315,-6.408],[-48.312,-6.402],[-48.311,-6.405],[-48.307,-6.402],[-48.307,-6.405],[-48.305,-6.402],[-48.3,-6.412],[-48.301,-6.42],[-48.289,-6.429],[-48.293,-6.432],[-48.29,-6.434],[-48.294,-6.435],[-48.295,-6.446],[-48.287,-6.45],[-48.281,-6.456],[-48.276,-6.459],[-48.273,-6.466],[-48.281,-6.481],[-48.284,-6.485],[-48.281,-6.487],[-48.278,-6.492],[-48.281,-6.507],[-48.293,-6.511],[-48.291,-6.52],[-48.313,-6.565],[-48.314,-6.574],[-48.32,-6.57],[-48.328,-6.577],[-48.341,-6.576],[-48.346,-6.583],[-48.363,-6.58],[-48.373,-6.587],[-48.371,-6.601],[-48.373,-6.627],[-48.384,-6.636],[-48.387,-6.646],[-48.369,-6.788],[-48.365,-6.794],[-48.366,-6.802],[-48.358,-6.811],[-48.363,-6.823],[-48.371,-6.829],[-48.387,-6.851],[-48.401,-6.84],[-48.406,-6.842],[-48.416,-6.841],[-48.416,-6.833],[-48.423,-6.827],[-48.425,-6.829],[-48.423,-6.836],[-48.427,-6.838],[-48.442,-6.824],[-48.441,-6.819],[-48.448,-6.81],[-48.456,-6.813],[-48.456,-6.82],[-48.463,-6.823],[-48.465,-6.806],[-48.46,-6.806],[-48.459,-6.785],[-48.47,-6.769],[-48.464,-6.77],[-48.471,-6.763],[-48.465,-6.761],[-48.474,-6.758],[-48.479,-6.75],[-48.476,-6.749],[-48.471,-6.753],[-48.466,-6.751],[-48.461,-6.738],[-48.466,-6.732],[-48.456,-6.727],[-48.458,-6.72],[-48.456,-6.715],[-48.449,-6.712],[-48.455,-6.711],[-48.458,-6.705],[-48.456,-6.693],[-48.46,-6.686],[-48.464,-6.685],[-48.463,-6.671],[-48.466,-6.671],[-48.467,-6.676],[-48.476,-6.662],[-48.487,-6.661],[-48.492,-6.652],[-48.5,-6.657],[-48.501,-6.667],[-48.508,-6.665],[-48.515,-6.668],[-48.524,-6.665],[-48.525,-6.66],[-48.541,-6.653],[-48.547,-6.643],[-48.557,-6.637],[-48.573,-6.637],[-48.57,-6.626],[-48.586,-6.626],[-48.589,-6.615],[-48.586,-6.607],[-48.594,-6.602],[-48.592,-6.595],[-48.601,-6.599],[-48.601,-6.589],[-48.605,-6.582],[-48.636,-6.581],[-48.635,-6.575],[-48.633,-6.57],[-48.626,-6.569],[-48.627,-6.559],[-48.632,-6.559],[-48.634,-6.566],[-48.641,-6.556],[-48.638,-6.548],[-48.634,-6.551],[-48.629,-6.546],[-48.633,-6.533],[-48.626,-6.493],[-48.631,-6.487],[-48.626,-6.478],[-48.613,-6.453],[-48.57,-6.42],[-48.565,-6.415],[-48.549,-6.407],[-48.53,-6.389],[-48.511,-6.357],[-48.5,-6.351],[-48.447,-6.351],[-48.424,-6.357],[-48.386,-6.38],[-48.381,-6.375],[-48.375,-6.346],[-48.358,-6.356],[-48.346,-6.357],[-48.335,-6.376]]]}}]}